pair,mode,project,scenario,rep,metric,value,unit,higher_better
1,nvhe,redis,r4-bgsave,1,throughput,93937.72,ops/s,True
1,nvhe,redis,r4-bgsave,1,latency_avg,0.718,ms,False
1,nvhe,redis,r4-bgsave,1,latency_p50,0.735,ms,False
1,nvhe,redis,r4-bgsave,1,latency_p95,0.887,ms,False
1,nvhe,redis,r4-bgsave,1,latency_p99,1.463,ms,False
1,nvhe,redis,r4-bgsave,2,throughput,93937.92,ops/s,True
1,nvhe,redis,r4-bgsave,2,latency_avg,0.718,ms,False
1,nvhe,redis,r4-bgsave,2,latency_p50,0.727,ms,False
1,nvhe,redis,r4-bgsave,2,latency_p95,0.879,ms,False
1,nvhe,redis,r4-bgsave,2,latency_p99,1.463,ms,False
1,nvhe,redis,r4-bgsave,3,throughput,93937.42,ops/s,True
1,nvhe,redis,r4-bgsave,3,latency_avg,0.719,ms,False
1,nvhe,redis,r4-bgsave,3,latency_p50,0.735,ms,False
1,nvhe,redis,r4-bgsave,3,latency_p95,0.887,ms,False
1,nvhe,redis,r4-bgsave,3,latency_p99,1.471,ms,False
1,nvhe,redis,r4-bgsave,4,throughput,93940.39,ops/s,True
1,nvhe,redis,r4-bgsave,4,latency_avg,0.72,ms,False
1,nvhe,redis,r4-bgsave,4,latency_p50,0.735,ms,False
1,nvhe,redis,r4-bgsave,4,latency_p95,0.879,ms,False
1,nvhe,redis,r4-bgsave,4,latency_p99,1.471,ms,False
1,nvhe,redis,r4-bgsave,5,throughput,93940.11,ops/s,True
1,nvhe,redis,r4-bgsave,5,latency_avg,0.717,ms,False
1,nvhe,redis,r4-bgsave,5,latency_p50,0.735,ms,False
1,nvhe,redis,r4-bgsave,5,latency_p95,0.879,ms,False
1,nvhe,redis,r4-bgsave,5,latency_p99,1.463,ms,False
1,nvhe,redis,r1-steady,1,throughput,94003.34,ops/s,True
1,nvhe,redis,r1-steady,1,latency_avg,0.686,ms,False
1,nvhe,redis,r1-steady,1,latency_p50,0.711,ms,False
1,nvhe,redis,r1-steady,1,latency_p95,0.775,ms,False
1,nvhe,redis,r1-steady,1,latency_p99,1.423,ms,False
1,nvhe,redis,r1-steady,2,throughput,94005.25,ops/s,True
1,nvhe,redis,r1-steady,2,latency_avg,0.688,ms,False
1,nvhe,redis,r1-steady,2,latency_p50,0.711,ms,False
1,nvhe,redis,r1-steady,2,latency_p95,0.783,ms,False
1,nvhe,redis,r1-steady,2,latency_p99,1.423,ms,False
1,nvhe,redis,r1-steady,3,throughput,94001.97,ops/s,True
1,nvhe,redis,r1-steady,3,latency_avg,0.685,ms,False
1,nvhe,redis,r1-steady,3,latency_p50,0.711,ms,False
1,nvhe,redis,r1-steady,3,latency_p95,0.775,ms,False
1,nvhe,redis,r1-steady,3,latency_p99,1.415,ms,False
1,nvhe,redis,r1-steady,4,throughput,94005.3,ops/s,True
1,nvhe,redis,r1-steady,4,latency_avg,0.683,ms,False
1,nvhe,redis,r1-steady,4,latency_p50,0.711,ms,False
1,nvhe,redis,r1-steady,4,latency_p95,0.783,ms,False
1,nvhe,redis,r1-steady,4,latency_p99,1.415,ms,False
1,nvhe,redis,r1-steady,5,throughput,94002.46,ops/s,True
1,nvhe,redis,r1-steady,5,latency_avg,0.684,ms,False
1,nvhe,redis,r1-steady,5,latency_p50,0.711,ms,False
1,nvhe,redis,r1-steady,5,latency_p95,0.775,ms,False
1,nvhe,redis,r1-steady,5,latency_p99,1.423,ms,False
1,nvhe,redis,r2-pipeline,1,throughput,631296.34,ops/s,True
1,nvhe,redis,r2-pipeline,1,latency_avg,2.532,ms,False
1,nvhe,redis,r2-pipeline,1,latency_p50,2.079,ms,False
1,nvhe,redis,r2-pipeline,1,latency_p95,3.583,ms,False
1,nvhe,redis,r2-pipeline,1,latency_p99,3.775,ms,False
1,nvhe,redis,r2-pipeline,2,throughput,633948.74,ops/s,True
1,nvhe,redis,r2-pipeline,2,latency_avg,2.522,ms,False
1,nvhe,redis,r2-pipeline,2,latency_p50,2.079,ms,False
1,nvhe,redis,r2-pipeline,2,latency_p95,3.551,ms,False
1,nvhe,redis,r2-pipeline,2,latency_p99,3.743,ms,False
1,nvhe,redis,r2-pipeline,3,throughput,632945.94,ops/s,True
1,nvhe,redis,r2-pipeline,3,latency_avg,2.526,ms,False
1,nvhe,redis,r2-pipeline,3,latency_p50,2.063,ms,False
1,nvhe,redis,r2-pipeline,3,latency_p95,3.583,ms,False
1,nvhe,redis,r2-pipeline,3,latency_p99,3.759,ms,False
1,nvhe,redis,r2-pipeline,4,throughput,634476.5,ops/s,True
1,nvhe,redis,r2-pipeline,4,latency_avg,2.52,ms,False
1,nvhe,redis,r2-pipeline,4,latency_p50,2.063,ms,False
1,nvhe,redis,r2-pipeline,4,latency_p95,3.551,ms,False
1,nvhe,redis,r2-pipeline,4,latency_p99,3.743,ms,False
1,nvhe,redis,r2-pipeline,5,throughput,636003.02,ops/s,True
1,nvhe,redis,r2-pipeline,5,latency_avg,2.514,ms,False
1,nvhe,redis,r2-pipeline,5,latency_p50,2.063,ms,False
1,nvhe,redis,r2-pipeline,5,latency_p95,3.535,ms,False
1,nvhe,redis,r2-pipeline,5,latency_p99,3.727,ms,False
1,nvhe,redis,r3-ttl-eviction,1,throughput,93933.66,ops/s,True
1,nvhe,redis,r3-ttl-eviction,1,latency_avg,0.824,ms,False
1,nvhe,redis,r3-ttl-eviction,1,latency_p50,0.839,ms,False
1,nvhe,redis,r3-ttl-eviction,1,latency_p95,0.975,ms,False
1,nvhe,redis,r3-ttl-eviction,1,latency_p99,1.695,ms,False
1,nvhe,redis,r3-ttl-eviction,2,throughput,93946.76,ops/s,True
1,nvhe,redis,r3-ttl-eviction,2,latency_avg,0.819,ms,False
1,nvhe,redis,r3-ttl-eviction,2,latency_p50,0.831,ms,False
1,nvhe,redis,r3-ttl-eviction,2,latency_p95,0.975,ms,False
1,nvhe,redis,r3-ttl-eviction,2,latency_p99,1.687,ms,False
1,nvhe,redis,r3-ttl-eviction,3,throughput,93932.29,ops/s,True
1,nvhe,redis,r3-ttl-eviction,3,latency_avg,0.825,ms,False
1,nvhe,redis,r3-ttl-eviction,3,latency_p50,0.839,ms,False
1,nvhe,redis,r3-ttl-eviction,3,latency_p95,0.983,ms,False
1,nvhe,redis,r3-ttl-eviction,3,latency_p99,1.695,ms,False
1,nvhe,redis,r3-ttl-eviction,4,throughput,93943.59,ops/s,True
1,nvhe,redis,r3-ttl-eviction,4,latency_avg,0.822,ms,False
1,nvhe,redis,r3-ttl-eviction,4,latency_p50,0.839,ms,False
1,nvhe,redis,r3-ttl-eviction,4,latency_p95,0.975,ms,False
1,nvhe,redis,r3-ttl-eviction,4,latency_p99,1.687,ms,False
1,nvhe,redis,r3-ttl-eviction,5,throughput,93942.7,ops/s,True
1,nvhe,redis,r3-ttl-eviction,5,latency_avg,0.822,ms,False
1,nvhe,redis,r3-ttl-eviction,5,latency_p50,0.831,ms,False
1,nvhe,redis,r3-ttl-eviction,5,latency_p95,0.975,ms,False
1,nvhe,redis,r3-ttl-eviction,5,latency_p99,1.687,ms,False
1,nvhe,rabbitmq,q2-reliable,1,published,51821.0,msg/s,True
1,nvhe,rabbitmq,q2-reliable,1,received,50925.0,msg/s,True
1,nvhe,rabbitmq,q2-reliable,1,consumer_p95,7154073.0,us,False
1,nvhe,rabbitmq,q2-reliable,1,consumer_p99,7254384.0,us,False
1,nvhe,rabbitmq,q2-reliable,1,confirm_p95,159146.0,us,False
1,nvhe,rabbitmq,q2-reliable,1,confirm_p99,199793.0,us,False
1,nvhe,rabbitmq,q2-reliable,2,published,51303.0,msg/s,True
1,nvhe,rabbitmq,q2-reliable,2,received,50931.0,msg/s,True
1,nvhe,rabbitmq,q2-reliable,2,consumer_p95,7827555.0,us,False
1,nvhe,rabbitmq,q2-reliable,2,consumer_p99,7904599.0,us,False
1,nvhe,rabbitmq,q2-reliable,2,confirm_p95,158672.0,us,False
1,nvhe,rabbitmq,q2-reliable,2,confirm_p99,198699.0,us,False
1,nvhe,rabbitmq,q2-reliable,3,published,51166.0,msg/s,True
1,nvhe,rabbitmq,q2-reliable,3,received,50823.0,msg/s,True
1,nvhe,rabbitmq,q2-reliable,3,consumer_p95,7665042.0,us,False
1,nvhe,rabbitmq,q2-reliable,3,consumer_p99,7746321.0,us,False
1,nvhe,rabbitmq,q2-reliable,3,confirm_p95,158622.0,us,False
1,nvhe,rabbitmq,q2-reliable,3,confirm_p99,201103.0,us,False
1,nvhe,rabbitmq,q2-reliable,4,published,51754.0,msg/s,True
1,nvhe,rabbitmq,q2-reliable,4,received,51183.0,msg/s,True
1,nvhe,rabbitmq,q2-reliable,4,consumer_p95,6583426.0,us,False
1,nvhe,rabbitmq,q2-reliable,4,consumer_p99,6654601.0,us,False
1,nvhe,rabbitmq,q2-reliable,4,confirm_p95,157052.0,us,False
1,nvhe,rabbitmq,q2-reliable,4,confirm_p99,200398.0,us,False
1,nvhe,rabbitmq,q2-reliable,5,published,51459.0,msg/s,True
1,nvhe,rabbitmq,q2-reliable,5,received,51454.0,msg/s,True
1,nvhe,rabbitmq,q2-reliable,5,consumer_p95,5628879.0,us,False
1,nvhe,rabbitmq,q2-reliable,5,consumer_p99,5715538.0,us,False
1,nvhe,rabbitmq,q2-reliable,5,confirm_p95,157428.0,us,False
1,nvhe,rabbitmq,q2-reliable,5,confirm_p99,198256.0,us,False
1,nvhe,rabbitmq,q3-rate50,1,published,24400.0,msg/s,True
1,nvhe,rabbitmq,q3-rate50,1,received,24401.0,msg/s,True
1,nvhe,rabbitmq,q3-rate50,1,consumer_p95,822.0,us,False
1,nvhe,rabbitmq,q3-rate50,1,consumer_p99,926.0,us,False
1,nvhe,rabbitmq,q3-rate50,1,confirm_p95,960.0,us,False
1,nvhe,rabbitmq,q3-rate50,1,confirm_p99,1081.0,us,False
1,nvhe,rabbitmq,q3-rate50,2,published,24403.0,msg/s,True
1,nvhe,rabbitmq,q3-rate50,2,received,24406.0,msg/s,True
1,nvhe,rabbitmq,q3-rate50,2,consumer_p95,802.0,us,False
1,nvhe,rabbitmq,q3-rate50,2,consumer_p99,909.0,us,False
1,nvhe,rabbitmq,q3-rate50,2,confirm_p95,937.0,us,False
1,nvhe,rabbitmq,q3-rate50,2,confirm_p99,1054.0,us,False
1,nvhe,rabbitmq,q3-rate50,3,published,24404.0,msg/s,True
1,nvhe,rabbitmq,q3-rate50,3,received,24405.0,msg/s,True
1,nvhe,rabbitmq,q3-rate50,3,consumer_p95,825.0,us,False
1,nvhe,rabbitmq,q3-rate50,3,consumer_p99,934.0,us,False
1,nvhe,rabbitmq,q3-rate50,3,confirm_p95,966.0,us,False
1,nvhe,rabbitmq,q3-rate50,3,confirm_p99,1100.0,us,False
1,nvhe,rabbitmq,q3-rate50,4,published,24401.0,msg/s,True
1,nvhe,rabbitmq,q3-rate50,4,received,24401.0,msg/s,True
1,nvhe,rabbitmq,q3-rate50,4,consumer_p95,813.0,us,False
1,nvhe,rabbitmq,q3-rate50,4,consumer_p99,921.0,us,False
1,nvhe,rabbitmq,q3-rate50,4,confirm_p95,952.0,us,False
1,nvhe,rabbitmq,q3-rate50,4,confirm_p99,1080.0,us,False
1,nvhe,rabbitmq,q3-rate50,5,published,24406.0,msg/s,True
1,nvhe,rabbitmq,q3-rate50,5,received,24407.0,msg/s,True
1,nvhe,rabbitmq,q3-rate50,5,consumer_p95,835.0,us,False
1,nvhe,rabbitmq,q3-rate50,5,consumer_p99,942.0,us,False
1,nvhe,rabbitmq,q3-rate50,5,confirm_p95,975.0,us,False
1,nvhe,rabbitmq,q3-rate50,5,confirm_p99,1114.0,us,False
1,nvhe,rabbitmq,q3-rate70,1,published,34171.0,msg/s,True
1,nvhe,rabbitmq,q3-rate70,1,received,34167.0,msg/s,True
1,nvhe,rabbitmq,q3-rate70,1,consumer_p95,1045.0,us,False
1,nvhe,rabbitmq,q3-rate70,1,consumer_p99,1444.0,us,False
1,nvhe,rabbitmq,q3-rate70,1,confirm_p95,1469.0,us,False
1,nvhe,rabbitmq,q3-rate70,1,confirm_p99,2043.0,us,False
1,nvhe,rabbitmq,q3-rate70,2,published,34173.0,msg/s,True
1,nvhe,rabbitmq,q3-rate70,2,received,34176.0,msg/s,True
1,nvhe,rabbitmq,q3-rate70,2,consumer_p95,1063.0,us,False
1,nvhe,rabbitmq,q3-rate70,2,consumer_p99,1555.0,us,False
1,nvhe,rabbitmq,q3-rate70,2,confirm_p95,1534.0,us,False
1,nvhe,rabbitmq,q3-rate70,2,confirm_p99,2106.0,us,False
1,nvhe,rabbitmq,q3-rate70,3,published,34175.0,msg/s,True
1,nvhe,rabbitmq,q3-rate70,3,received,34172.0,msg/s,True
1,nvhe,rabbitmq,q3-rate70,3,consumer_p95,980.0,us,False
1,nvhe,rabbitmq,q3-rate70,3,consumer_p99,1396.0,us,False
1,nvhe,rabbitmq,q3-rate70,3,confirm_p95,1336.0,us,False
1,nvhe,rabbitmq,q3-rate70,3,confirm_p99,1974.0,us,False
1,nvhe,rabbitmq,q3-rate70,4,published,34173.0,msg/s,True
1,nvhe,rabbitmq,q3-rate70,4,received,34169.0,msg/s,True
1,nvhe,rabbitmq,q3-rate70,4,consumer_p95,1024.0,us,False
1,nvhe,rabbitmq,q3-rate70,4,consumer_p99,1392.0,us,False
1,nvhe,rabbitmq,q3-rate70,4,confirm_p95,1423.0,us,False
1,nvhe,rabbitmq,q3-rate70,4,confirm_p99,2002.0,us,False
1,nvhe,rabbitmq,q3-rate70,5,published,34171.0,msg/s,True
1,nvhe,rabbitmq,q3-rate70,5,received,34170.0,msg/s,True
1,nvhe,rabbitmq,q3-rate70,5,consumer_p95,1101.0,us,False
1,nvhe,rabbitmq,q3-rate70,5,consumer_p99,1524.0,us,False
1,nvhe,rabbitmq,q3-rate70,5,confirm_p95,1597.0,us,False
1,nvhe,rabbitmq,q3-rate70,5,confirm_p99,2087.0,us,False
1,nvhe,rabbitmq,q3-rate85,1,published,41473.0,msg/s,True
1,nvhe,rabbitmq,q3-rate85,1,received,41472.0,msg/s,True
1,nvhe,rabbitmq,q3-rate85,1,consumer_p95,1739.0,us,False
1,nvhe,rabbitmq,q3-rate85,1,consumer_p99,2376.0,us,False
1,nvhe,rabbitmq,q3-rate85,1,confirm_p95,2322.0,us,False
1,nvhe,rabbitmq,q3-rate85,1,confirm_p99,3167.0,us,False
1,nvhe,rabbitmq,q3-rate85,2,published,41481.0,msg/s,True
1,nvhe,rabbitmq,q3-rate85,2,received,41477.0,msg/s,True
1,nvhe,rabbitmq,q3-rate85,2,consumer_p95,2065.0,us,False
1,nvhe,rabbitmq,q3-rate85,2,consumer_p99,2833.0,us,False
1,nvhe,rabbitmq,q3-rate85,2,confirm_p95,2778.0,us,False
1,nvhe,rabbitmq,q3-rate85,2,confirm_p99,3703.0,us,False
1,nvhe,rabbitmq,q3-rate85,3,published,41469.0,msg/s,True
1,nvhe,rabbitmq,q3-rate85,3,received,41471.0,msg/s,True
1,nvhe,rabbitmq,q3-rate85,3,consumer_p95,1659.0,us,False
1,nvhe,rabbitmq,q3-rate85,3,consumer_p99,2303.0,us,False
1,nvhe,rabbitmq,q3-rate85,3,confirm_p95,2256.0,us,False
1,nvhe,rabbitmq,q3-rate85,3,confirm_p99,3079.0,us,False
1,nvhe,rabbitmq,q3-rate85,4,published,41469.0,msg/s,True
1,nvhe,rabbitmq,q3-rate85,4,received,41470.0,msg/s,True
1,nvhe,rabbitmq,q3-rate85,4,consumer_p95,1939.0,us,False
1,nvhe,rabbitmq,q3-rate85,4,consumer_p99,2635.0,us,False
1,nvhe,rabbitmq,q3-rate85,4,confirm_p95,2583.0,us,False
1,nvhe,rabbitmq,q3-rate85,4,confirm_p99,3493.0,us,False
1,nvhe,rabbitmq,q3-rate85,5,published,41469.0,msg/s,True
1,nvhe,rabbitmq,q3-rate85,5,received,41472.0,msg/s,True
1,nvhe,rabbitmq,q3-rate85,5,consumer_p95,2043.0,us,False
1,nvhe,rabbitmq,q3-rate85,5,consumer_p99,2770.0,us,False
1,nvhe,rabbitmq,q3-rate85,5,confirm_p95,2729.0,us,False
1,nvhe,rabbitmq,q3-rate85,5,confirm_p99,3630.0,us,False
1,nvhe,rabbitmq,q4-join-late,1,published,10008.0,msg/s,True
1,nvhe,rabbitmq,q4-join-late,1,received,10007.0,msg/s,True
1,nvhe,rabbitmq,q4-join-late,1,consumer_p95,601.0,us,False
1,nvhe,rabbitmq,q4-join-late,1,consumer_p99,664.0,us,False
1,nvhe,rabbitmq,q4-join-late,1,confirm_p95,775.0,us,False
1,nvhe,rabbitmq,q4-join-late,1,confirm_p99,882.0,us,False
1,nvhe,rabbitmq,q4-join-late,2,published,10007.0,msg/s,True
1,nvhe,rabbitmq,q4-join-late,2,received,10006.0,msg/s,True
1,nvhe,rabbitmq,q4-join-late,2,consumer_p95,403.0,us,False
1,nvhe,rabbitmq,q4-join-late,2,consumer_p99,681.0,us,False
1,nvhe,rabbitmq,q4-join-late,2,confirm_p95,707.0,us,False
1,nvhe,rabbitmq,q4-join-late,2,confirm_p99,857.0,us,False
1,nvhe,rabbitmq,q4-join-late,3,published,10008.0,msg/s,True
1,nvhe,rabbitmq,q4-join-late,3,received,10007.0,msg/s,True
1,nvhe,rabbitmq,q4-join-late,3,consumer_p95,538.0,us,False
1,nvhe,rabbitmq,q4-join-late,3,consumer_p99,673.0,us,False
1,nvhe,rabbitmq,q4-join-late,3,confirm_p95,740.0,us,False
1,nvhe,rabbitmq,q4-join-late,3,confirm_p99,864.0,us,False
1,nvhe,rabbitmq,q4-join-late,4,published,10007.0,msg/s,True
1,nvhe,rabbitmq,q4-join-late,4,received,10006.0,msg/s,True
1,nvhe,rabbitmq,q4-join-late,4,consumer_p95,591.0,us,False
1,nvhe,rabbitmq,q4-join-late,4,consumer_p99,668.0,us,False
1,nvhe,rabbitmq,q4-join-late,4,confirm_p95,758.0,us,False
1,nvhe,rabbitmq,q4-join-late,4,confirm_p99,869.0,us,False
1,nvhe,rabbitmq,q4-join-late,5,published,10007.0,msg/s,True
1,nvhe,rabbitmq,q4-join-late,5,received,10005.0,msg/s,True
1,nvhe,rabbitmq,q4-join-late,5,consumer_p95,470.0,us,False
1,nvhe,rabbitmq,q4-join-late,5,consumer_p99,683.0,us,False
1,nvhe,rabbitmq,q4-join-late,5,confirm_p95,731.0,us,False
1,nvhe,rabbitmq,q4-join-late,5,confirm_p99,865.0,us,False
1,nvhe,rabbitmq,q5-backlog,1,fill_time,17.21,s,False
1,nvhe,rabbitmq,q5-backlog,1,drain_time,12.78,s,False
1,nvhe,rabbitmq,q5-backlog,2,fill_time,17.16,s,False
1,nvhe,rabbitmq,q5-backlog,2,drain_time,13.8,s,False
1,nvhe,rabbitmq,q5-backlog,3,fill_time,17.33,s,False
1,nvhe,rabbitmq,q5-backlog,3,drain_time,14.21,s,False
1,nvhe,rabbitmq,q5-backlog,4,fill_time,17.09,s,False
1,nvhe,rabbitmq,q5-backlog,4,drain_time,13.8,s,False
1,nvhe,rabbitmq,q5-backlog,5,fill_time,17.11,s,False
1,nvhe,rabbitmq,q5-backlog,5,drain_time,13.8,s,False
1,nvhe,rabbitmq,q1-one-fast,1,published,67231.0,msg/s,True
1,nvhe,rabbitmq,q1-one-fast,1,received,67215.0,msg/s,True
1,nvhe,rabbitmq,q1-one-fast,1,consumer_p95,15510.0,us,False
1,nvhe,rabbitmq,q1-one-fast,1,consumer_p99,17825.0,us,False
1,nvhe,rabbitmq,q1-one-fast,2,published,69508.0,msg/s,True
1,nvhe,rabbitmq,q1-one-fast,2,received,69524.0,msg/s,True
1,nvhe,rabbitmq,q1-one-fast,2,consumer_p95,14556.0,us,False
1,nvhe,rabbitmq,q1-one-fast,2,consumer_p99,16907.0,us,False
1,nvhe,rabbitmq,q1-one-fast,3,published,69758.0,msg/s,True
1,nvhe,rabbitmq,q1-one-fast,3,received,69793.0,msg/s,True
1,nvhe,rabbitmq,q1-one-fast,3,consumer_p95,14469.0,us,False
1,nvhe,rabbitmq,q1-one-fast,3,consumer_p99,16822.0,us,False
1,nvhe,rabbitmq,q1-one-fast,4,published,69667.0,msg/s,True
1,nvhe,rabbitmq,q1-one-fast,4,received,69678.0,msg/s,True
1,nvhe,rabbitmq,q1-one-fast,4,consumer_p95,14327.0,us,False
1,nvhe,rabbitmq,q1-one-fast,4,consumer_p99,16507.0,us,False
1,nvhe,rabbitmq,q1-one-fast,5,published,70121.0,msg/s,True
1,nvhe,rabbitmq,q1-one-fast,5,received,70179.0,msg/s,True
1,nvhe,rabbitmq,q1-one-fast,5,consumer_p95,14389.0,us,False
1,nvhe,rabbitmq,q1-one-fast,5,consumer_p99,16803.0,us,False
1,nvhe,geekbench,cpu,1,wall_time,398.15,s,False
1,nvhe,geekbench,cpu,2,wall_time,397.14,s,False
1,nvhe,geekbench,cpu,3,wall_time,398.94,s,False
1,nvhe,geekbench,cpu,4,wall_time,398.29,s,False
1,nvhe,geekbench,cpu,5,wall_time,397.44,s,False
1,protected,redis,r4-bgsave,1,throughput,93932.18,ops/s,True
1,protected,redis,r4-bgsave,1,latency_avg,0.739,ms,False
1,protected,redis,r4-bgsave,1,latency_p50,0.759,ms,False
1,protected,redis,r4-bgsave,1,latency_p95,0.903,ms,False
1,protected,redis,r4-bgsave,1,latency_p99,1.511,ms,False
1,protected,redis,r4-bgsave,2,throughput,93932.95,ops/s,True
1,protected,redis,r4-bgsave,2,latency_avg,0.738,ms,False
1,protected,redis,r4-bgsave,2,latency_p50,0.751,ms,False
1,protected,redis,r4-bgsave,2,latency_p95,0.903,ms,False
1,protected,redis,r4-bgsave,2,latency_p99,1.503,ms,False
1,protected,redis,r4-bgsave,3,throughput,93931.2,ops/s,True
1,protected,redis,r4-bgsave,3,latency_avg,0.74,ms,False
1,protected,redis,r4-bgsave,3,latency_p50,0.759,ms,False
1,protected,redis,r4-bgsave,3,latency_p95,0.903,ms,False
1,protected,redis,r4-bgsave,3,latency_p99,1.519,ms,False
1,protected,redis,r4-bgsave,4,throughput,93925.97,ops/s,True
1,protected,redis,r4-bgsave,4,latency_avg,0.738,ms,False
1,protected,redis,r4-bgsave,4,latency_p50,0.751,ms,False
1,protected,redis,r4-bgsave,4,latency_p95,0.911,ms,False
1,protected,redis,r4-bgsave,4,latency_p99,1.503,ms,False
1,protected,redis,r4-bgsave,5,throughput,93927.95,ops/s,True
1,protected,redis,r4-bgsave,5,latency_avg,0.739,ms,False
1,protected,redis,r4-bgsave,5,latency_p50,0.759,ms,False
1,protected,redis,r4-bgsave,5,latency_p95,0.911,ms,False
1,protected,redis,r4-bgsave,5,latency_p99,1.511,ms,False
1,protected,redis,r1-steady,1,throughput,94003.83,ops/s,True
1,protected,redis,r1-steady,1,latency_avg,0.703,ms,False
1,protected,redis,r1-steady,1,latency_p50,0.735,ms,False
1,protected,redis,r1-steady,1,latency_p95,0.799,ms,False
1,protected,redis,r1-steady,1,latency_p99,1.455,ms,False
1,protected,redis,r1-steady,2,throughput,94004.85,ops/s,True
1,protected,redis,r1-steady,2,latency_avg,0.706,ms,False
1,protected,redis,r1-steady,2,latency_p50,0.735,ms,False
1,protected,redis,r1-steady,2,latency_p95,0.799,ms,False
1,protected,redis,r1-steady,2,latency_p99,1.463,ms,False
1,protected,redis,r1-steady,3,throughput,94001.11,ops/s,True
1,protected,redis,r1-steady,3,latency_avg,0.706,ms,False
1,protected,redis,r1-steady,3,latency_p50,0.735,ms,False
1,protected,redis,r1-steady,3,latency_p95,0.799,ms,False
1,protected,redis,r1-steady,3,latency_p99,1.463,ms,False
1,protected,redis,r1-steady,4,throughput,94002.39,ops/s,True
1,protected,redis,r1-steady,4,latency_avg,0.707,ms,False
1,protected,redis,r1-steady,4,latency_p50,0.735,ms,False
1,protected,redis,r1-steady,4,latency_p95,0.807,ms,False
1,protected,redis,r1-steady,4,latency_p99,1.463,ms,False
1,protected,redis,r1-steady,5,throughput,94001.32,ops/s,True
1,protected,redis,r1-steady,5,latency_avg,0.703,ms,False
1,protected,redis,r1-steady,5,latency_p50,0.727,ms,False
1,protected,redis,r1-steady,5,latency_p95,0.799,ms,False
1,protected,redis,r1-steady,5,latency_p99,1.455,ms,False
1,protected,redis,r2-pipeline,1,throughput,614639.7,ops/s,True
1,protected,redis,r2-pipeline,1,latency_avg,2.601,ms,False
1,protected,redis,r2-pipeline,1,latency_p50,2.127,ms,False
1,protected,redis,r2-pipeline,1,latency_p95,3.679,ms,False
1,protected,redis,r2-pipeline,1,latency_p99,3.871,ms,False
1,protected,redis,r2-pipeline,2,throughput,622618.76,ops/s,True
1,protected,redis,r2-pipeline,2,latency_avg,2.568,ms,False
1,protected,redis,r2-pipeline,2,latency_p50,2.111,ms,False
1,protected,redis,r2-pipeline,2,latency_p95,3.631,ms,False
1,protected,redis,r2-pipeline,2,latency_p99,3.823,ms,False
1,protected,redis,r2-pipeline,3,throughput,622078.19,ops/s,True
1,protected,redis,r2-pipeline,3,latency_avg,2.57,ms,False
1,protected,redis,r2-pipeline,3,latency_p50,2.111,ms,False
1,protected,redis,r2-pipeline,3,latency_p95,3.647,ms,False
1,protected,redis,r2-pipeline,3,latency_p99,3.839,ms,False
1,protected,redis,r2-pipeline,4,throughput,621034.77,ops/s,True
1,protected,redis,r2-pipeline,4,latency_avg,2.574,ms,False
1,protected,redis,r2-pipeline,4,latency_p50,2.111,ms,False
1,protected,redis,r2-pipeline,4,latency_p95,3.647,ms,False
1,protected,redis,r2-pipeline,4,latency_p99,3.839,ms,False
1,protected,redis,r2-pipeline,5,throughput,618421.48,ops/s,True
1,protected,redis,r2-pipeline,5,latency_avg,2.585,ms,False
1,protected,redis,r2-pipeline,5,latency_p50,2.111,ms,False
1,protected,redis,r2-pipeline,5,latency_p95,3.663,ms,False
1,protected,redis,r2-pipeline,5,latency_p99,3.855,ms,False
1,protected,redis,r3-ttl-eviction,1,throughput,93846.55,ops/s,True
1,protected,redis,r3-ttl-eviction,1,latency_avg,0.846,ms,False
1,protected,redis,r3-ttl-eviction,1,latency_p50,0.863,ms,False
1,protected,redis,r3-ttl-eviction,1,latency_p95,0.999,ms,False
1,protected,redis,r3-ttl-eviction,1,latency_p99,1.743,ms,False
1,protected,redis,r3-ttl-eviction,2,throughput,93857.95,ops/s,True
1,protected,redis,r3-ttl-eviction,2,latency_avg,0.846,ms,False
1,protected,redis,r3-ttl-eviction,2,latency_p50,0.863,ms,False
1,protected,redis,r3-ttl-eviction,2,latency_p95,0.999,ms,False
1,protected,redis,r3-ttl-eviction,2,latency_p99,1.743,ms,False
1,protected,redis,r3-ttl-eviction,3,throughput,93834.16,ops/s,True
1,protected,redis,r3-ttl-eviction,3,latency_avg,0.85,ms,False
1,protected,redis,r3-ttl-eviction,3,latency_p50,0.863,ms,False
1,protected,redis,r3-ttl-eviction,3,latency_p95,1.007,ms,False
1,protected,redis,r3-ttl-eviction,3,latency_p99,1.743,ms,False
1,protected,redis,r3-ttl-eviction,4,throughput,93848.28,ops/s,True
1,protected,redis,r3-ttl-eviction,4,latency_avg,0.848,ms,False
1,protected,redis,r3-ttl-eviction,4,latency_p50,0.863,ms,False
1,protected,redis,r3-ttl-eviction,4,latency_p95,0.999,ms,False
1,protected,redis,r3-ttl-eviction,4,latency_p99,1.743,ms,False
1,protected,redis,r3-ttl-eviction,5,throughput,93846.99,ops/s,True
1,protected,redis,r3-ttl-eviction,5,latency_avg,0.848,ms,False
1,protected,redis,r3-ttl-eviction,5,latency_p50,0.863,ms,False
1,protected,redis,r3-ttl-eviction,5,latency_p95,0.999,ms,False
1,protected,redis,r3-ttl-eviction,5,latency_p99,1.743,ms,False
1,protected,rabbitmq,q2-reliable,1,published,49905.0,msg/s,True
1,protected,rabbitmq,q2-reliable,1,received,49049.0,msg/s,True
1,protected,rabbitmq,q2-reliable,1,consumer_p95,9373574.0,us,False
1,protected,rabbitmq,q2-reliable,1,consumer_p99,9415212.0,us,False
1,protected,rabbitmq,q2-reliable,1,confirm_p95,162786.0,us,False
1,protected,rabbitmq,q2-reliable,1,confirm_p99,203171.0,us,False
1,protected,rabbitmq,q2-reliable,2,published,50659.0,msg/s,True
1,protected,rabbitmq,q2-reliable,2,received,50324.0,msg/s,True
1,protected,rabbitmq,q2-reliable,2,consumer_p95,6665921.0,us,False
1,protected,rabbitmq,q2-reliable,2,consumer_p99,6763403.0,us,False
1,protected,rabbitmq,q2-reliable,2,confirm_p95,160511.0,us,False
1,protected,rabbitmq,q2-reliable,2,confirm_p99,198011.0,us,False
1,protected,rabbitmq,q2-reliable,3,published,50752.0,msg/s,True
1,protected,rabbitmq,q2-reliable,3,received,50745.0,msg/s,True
1,protected,rabbitmq,q2-reliable,3,consumer_p95,5087419.0,us,False
1,protected,rabbitmq,q2-reliable,3,consumer_p99,5166465.0,us,False
1,protected,rabbitmq,q2-reliable,3,confirm_p95,160780.0,us,False
1,protected,rabbitmq,q2-reliable,3,confirm_p99,201464.0,us,False
1,protected,rabbitmq,q2-reliable,4,published,50532.0,msg/s,True
1,protected,rabbitmq,q2-reliable,4,received,50192.0,msg/s,True
1,protected,rabbitmq,q2-reliable,4,consumer_p95,8455718.0,us,False
1,protected,rabbitmq,q2-reliable,4,consumer_p99,8549122.0,us,False
1,protected,rabbitmq,q2-reliable,4,confirm_p95,160164.0,us,False
1,protected,rabbitmq,q2-reliable,4,confirm_p99,203552.0,us,False
1,protected,rabbitmq,q2-reliable,5,published,50517.0,msg/s,True
1,protected,rabbitmq,q2-reliable,5,received,50062.0,msg/s,True
1,protected,rabbitmq,q2-reliable,5,consumer_p95,5926365.0,us,False
1,protected,rabbitmq,q2-reliable,5,consumer_p99,6004948.0,us,False
1,protected,rabbitmq,q2-reliable,5,confirm_p95,161367.0,us,False
1,protected,rabbitmq,q2-reliable,5,confirm_p99,201036.0,us,False
1,protected,rabbitmq,q3-rate50,1,published,24401.0,msg/s,True
1,protected,rabbitmq,q3-rate50,1,received,24400.0,msg/s,True
1,protected,rabbitmq,q3-rate50,1,consumer_p95,825.0,us,False
1,protected,rabbitmq,q3-rate50,1,consumer_p99,938.0,us,False
1,protected,rabbitmq,q3-rate50,1,confirm_p95,968.0,us,False
1,protected,rabbitmq,q3-rate50,1,confirm_p99,1111.0,us,False
1,protected,rabbitmq,q3-rate50,2,published,24401.0,msg/s,True
1,protected,rabbitmq,q3-rate50,2,received,24398.0,msg/s,True
1,protected,rabbitmq,q3-rate50,2,consumer_p95,840.0,us,False
1,protected,rabbitmq,q3-rate50,2,consumer_p99,951.0,us,False
1,protected,rabbitmq,q3-rate50,2,confirm_p95,982.0,us,False
1,protected,rabbitmq,q3-rate50,2,confirm_p99,1136.0,us,False
1,protected,rabbitmq,q3-rate50,3,published,24403.0,msg/s,True
1,protected,rabbitmq,q3-rate50,3,received,24402.0,msg/s,True
1,protected,rabbitmq,q3-rate50,3,consumer_p95,852.0,us,False
1,protected,rabbitmq,q3-rate50,3,consumer_p99,968.0,us,False
1,protected,rabbitmq,q3-rate50,3,confirm_p95,996.0,us,False
1,protected,rabbitmq,q3-rate50,3,confirm_p99,1196.0,us,False
1,protected,rabbitmq,q3-rate50,4,published,24400.0,msg/s,True
1,protected,rabbitmq,q3-rate50,4,received,24398.0,msg/s,True
1,protected,rabbitmq,q3-rate50,4,consumer_p95,838.0,us,False
1,protected,rabbitmq,q3-rate50,4,consumer_p99,957.0,us,False
1,protected,rabbitmq,q3-rate50,4,confirm_p95,983.0,us,False
1,protected,rabbitmq,q3-rate50,4,confirm_p99,1157.0,us,False
1,protected,rabbitmq,q3-rate50,5,published,24401.0,msg/s,True
1,protected,rabbitmq,q3-rate50,5,received,24399.0,msg/s,True
1,protected,rabbitmq,q3-rate50,5,consumer_p95,850.0,us,False
1,protected,rabbitmq,q3-rate50,5,consumer_p99,969.0,us,False
1,protected,rabbitmq,q3-rate50,5,confirm_p95,996.0,us,False
1,protected,rabbitmq,q3-rate50,5,confirm_p99,1202.0,us,False
1,protected,rabbitmq,q3-rate70,1,published,34172.0,msg/s,True
1,protected,rabbitmq,q3-rate70,1,received,34171.0,msg/s,True
1,protected,rabbitmq,q3-rate70,1,consumer_p95,1043.0,us,False
1,protected,rabbitmq,q3-rate70,1,consumer_p99,1496.0,us,False
1,protected,rabbitmq,q3-rate70,1,confirm_p95,1489.0,us,False
1,protected,rabbitmq,q3-rate70,1,confirm_p99,2079.0,us,False
1,protected,rabbitmq,q3-rate70,2,published,34168.0,msg/s,True
1,protected,rabbitmq,q3-rate70,2,received,34168.0,msg/s,True
1,protected,rabbitmq,q3-rate70,2,consumer_p95,1039.0,us,False
1,protected,rabbitmq,q3-rate70,2,consumer_p99,1524.0,us,False
1,protected,rabbitmq,q3-rate70,2,confirm_p95,1485.0,us,False
1,protected,rabbitmq,q3-rate70,2,confirm_p99,2100.0,us,False
1,protected,rabbitmq,q3-rate70,3,published,34173.0,msg/s,True
1,protected,rabbitmq,q3-rate70,3,received,34175.0,msg/s,True
1,protected,rabbitmq,q3-rate70,3,consumer_p95,1116.0,us,False
1,protected,rabbitmq,q3-rate70,3,consumer_p99,1676.0,us,False
1,protected,rabbitmq,q3-rate70,3,confirm_p95,1641.0,us,False
1,protected,rabbitmq,q3-rate70,3,confirm_p99,2235.0,us,False
1,protected,rabbitmq,q3-rate70,4,published,34171.0,msg/s,True
1,protected,rabbitmq,q3-rate70,4,received,34168.0,msg/s,True
1,protected,rabbitmq,q3-rate70,4,consumer_p95,1119.0,us,False
1,protected,rabbitmq,q3-rate70,4,consumer_p99,1628.0,us,False
1,protected,rabbitmq,q3-rate70,4,confirm_p95,1663.0,us,False
1,protected,rabbitmq,q3-rate70,4,confirm_p99,2182.0,us,False
1,protected,rabbitmq,q3-rate70,5,published,34172.0,msg/s,True
1,protected,rabbitmq,q3-rate70,5,received,34173.0,msg/s,True
1,protected,rabbitmq,q3-rate70,5,consumer_p95,1009.0,us,False
1,protected,rabbitmq,q3-rate70,5,consumer_p99,1360.0,us,False
1,protected,rabbitmq,q3-rate70,5,confirm_p95,1413.0,us,False
1,protected,rabbitmq,q3-rate70,5,confirm_p99,2019.0,us,False
1,protected,rabbitmq,q3-rate85,1,published,41469.0,msg/s,True
1,protected,rabbitmq,q3-rate85,1,received,41469.0,msg/s,True
1,protected,rabbitmq,q3-rate85,1,consumer_p95,2343.0,us,False
1,protected,rabbitmq,q3-rate85,1,consumer_p99,3161.0,us,False
1,protected,rabbitmq,q3-rate85,1,confirm_p95,3124.0,us,False
1,protected,rabbitmq,q3-rate85,1,confirm_p99,4183.0,us,False
1,protected,rabbitmq,q3-rate85,2,published,41465.0,msg/s,True
1,protected,rabbitmq,q3-rate85,2,received,41468.0,msg/s,True
1,protected,rabbitmq,q3-rate85,2,consumer_p95,2270.0,us,False
1,protected,rabbitmq,q3-rate85,2,consumer_p99,3126.0,us,False
1,protected,rabbitmq,q3-rate85,2,confirm_p95,3039.0,us,False
1,protected,rabbitmq,q3-rate85,2,confirm_p99,4105.0,us,False
1,protected,rabbitmq,q3-rate85,3,published,41469.0,msg/s,True
1,protected,rabbitmq,q3-rate85,3,received,41469.0,msg/s,True
1,protected,rabbitmq,q3-rate85,3,consumer_p95,2243.0,us,False
1,protected,rabbitmq,q3-rate85,3,consumer_p99,3091.0,us,False
1,protected,rabbitmq,q3-rate85,3,confirm_p95,3010.0,us,False
1,protected,rabbitmq,q3-rate85,3,confirm_p99,4075.0,us,False
1,protected,rabbitmq,q3-rate85,4,published,41471.0,msg/s,True
1,protected,rabbitmq,q3-rate85,4,received,41470.0,msg/s,True
1,protected,rabbitmq,q3-rate85,4,consumer_p95,2316.0,us,False
1,protected,rabbitmq,q3-rate85,4,consumer_p99,3161.0,us,False
1,protected,rabbitmq,q3-rate85,4,confirm_p95,3100.0,us,False
1,protected,rabbitmq,q3-rate85,4,confirm_p99,4168.0,us,False
1,protected,rabbitmq,q3-rate85,5,published,41473.0,msg/s,True
1,protected,rabbitmq,q3-rate85,5,received,41472.0,msg/s,True
1,protected,rabbitmq,q3-rate85,5,consumer_p95,2232.0,us,False
1,protected,rabbitmq,q3-rate85,5,consumer_p99,3069.0,us,False
1,protected,rabbitmq,q3-rate85,5,confirm_p95,2981.0,us,False
1,protected,rabbitmq,q3-rate85,5,confirm_p99,4008.0,us,False
1,protected,rabbitmq,q4-join-late,1,published,10009.0,msg/s,True
1,protected,rabbitmq,q4-join-late,1,received,10007.0,msg/s,True
1,protected,rabbitmq,q4-join-late,1,consumer_p95,598.0,us,False
1,protected,rabbitmq,q4-join-late,1,consumer_p99,684.0,us,False
1,protected,rabbitmq,q4-join-late,1,confirm_p95,771.0,us,False
1,protected,rabbitmq,q4-join-late,1,confirm_p99,892.0,us,False
1,protected,rabbitmq,q4-join-late,2,published,10009.0,msg/s,True
1,protected,rabbitmq,q4-join-late,2,received,10008.0,msg/s,True
1,protected,rabbitmq,q4-join-late,2,consumer_p95,596.0,us,False
1,protected,rabbitmq,q4-join-late,2,consumer_p99,675.0,us,False
1,protected,rabbitmq,q4-join-late,2,confirm_p95,771.0,us,False
1,protected,rabbitmq,q4-join-late,2,confirm_p99,895.0,us,False
1,protected,rabbitmq,q4-join-late,3,published,10008.0,msg/s,True
1,protected,rabbitmq,q4-join-late,3,received,10007.0,msg/s,True
1,protected,rabbitmq,q4-join-late,3,consumer_p95,564.0,us,False
1,protected,rabbitmq,q4-join-late,3,consumer_p99,675.0,us,False
1,protected,rabbitmq,q4-join-late,3,confirm_p95,756.0,us,False
1,protected,rabbitmq,q4-join-late,3,confirm_p99,883.0,us,False
1,protected,rabbitmq,q4-join-late,4,published,10009.0,msg/s,True
1,protected,rabbitmq,q4-join-late,4,received,10007.0,msg/s,True
1,protected,rabbitmq,q4-join-late,4,consumer_p95,392.0,us,False
1,protected,rabbitmq,q4-join-late,4,consumer_p99,688.0,us,False
1,protected,rabbitmq,q4-join-late,4,confirm_p95,737.0,us,False
1,protected,rabbitmq,q4-join-late,4,confirm_p99,891.0,us,False
1,protected,rabbitmq,q4-join-late,5,published,10008.0,msg/s,True
1,protected,rabbitmq,q4-join-late,5,received,10008.0,msg/s,True
1,protected,rabbitmq,q4-join-late,5,consumer_p95,552.0,us,False
1,protected,rabbitmq,q4-join-late,5,consumer_p99,676.0,us,False
1,protected,rabbitmq,q4-join-late,5,confirm_p95,739.0,us,False
1,protected,rabbitmq,q4-join-late,5,confirm_p99,879.0,us,False
1,protected,rabbitmq,q5-backlog,1,fill_time,17.86,s,False
1,protected,rabbitmq,q5-backlog,1,drain_time,15.83,s,False
1,protected,rabbitmq,q5-backlog,2,fill_time,17.52,s,False
1,protected,rabbitmq,q5-backlog,2,drain_time,12.83,s,False
1,protected,rabbitmq,q5-backlog,3,fill_time,17.93,s,False
1,protected,rabbitmq,q5-backlog,3,drain_time,12.82,s,False
1,protected,rabbitmq,q5-backlog,4,fill_time,17.69,s,False
1,protected,rabbitmq,q5-backlog,4,drain_time,14.81,s,False
1,protected,rabbitmq,q5-backlog,5,fill_time,17.54,s,False
1,protected,rabbitmq,q5-backlog,5,drain_time,14.82,s,False
1,protected,rabbitmq,q1-one-fast,1,published,62852.0,msg/s,True
1,protected,rabbitmq,q1-one-fast,1,received,62841.0,msg/s,True
1,protected,rabbitmq,q1-one-fast,1,consumer_p95,17110.0,us,False
1,protected,rabbitmq,q1-one-fast,1,consumer_p99,19417.0,us,False
1,protected,rabbitmq,q1-one-fast,2,published,67811.0,msg/s,True
1,protected,rabbitmq,q1-one-fast,2,received,67827.0,msg/s,True
1,protected,rabbitmq,q1-one-fast,2,consumer_p95,15648.0,us,False
1,protected,rabbitmq,q1-one-fast,2,consumer_p99,17760.0,us,False
1,protected,rabbitmq,q1-one-fast,3,published,70136.0,msg/s,True
1,protected,rabbitmq,q1-one-fast,3,received,70183.0,msg/s,True
1,protected,rabbitmq,q1-one-fast,3,consumer_p95,18570.0,us,False
1,protected,rabbitmq,q1-one-fast,3,consumer_p99,20757.0,us,False
1,protected,rabbitmq,q1-one-fast,4,published,70348.0,msg/s,True
1,protected,rabbitmq,q1-one-fast,4,received,70398.0,msg/s,True
1,protected,rabbitmq,q1-one-fast,4,consumer_p95,13992.0,us,False
1,protected,rabbitmq,q1-one-fast,4,consumer_p99,16334.0,us,False
1,protected,rabbitmq,q1-one-fast,5,published,67841.0,msg/s,True
1,protected,rabbitmq,q1-one-fast,5,received,67829.0,msg/s,True
1,protected,rabbitmq,q1-one-fast,5,consumer_p95,14602.0,us,False
1,protected,rabbitmq,q1-one-fast,5,consumer_p99,16745.0,us,False
1,protected,geekbench,cpu,1,wall_time,398.84000000000003,s,False
1,protected,geekbench,cpu,2,wall_time,398.93,s,False
1,protected,geekbench,cpu,3,wall_time,399.84000000000003,s,False
1,protected,geekbench,cpu,4,wall_time,399.96,s,False
1,protected,geekbench,cpu,5,wall_time,398.88,s,False
2,nvhe,redis,r4-bgsave,1,throughput,93936.76,ops/s,True
2,nvhe,redis,r4-bgsave,1,latency_avg,0.715,ms,False
2,nvhe,redis,r4-bgsave,1,latency_p50,0.727,ms,False
2,nvhe,redis,r4-bgsave,1,latency_p95,0.879,ms,False
2,nvhe,redis,r4-bgsave,1,latency_p99,1.455,ms,False
2,nvhe,redis,r4-bgsave,2,throughput,93937.99,ops/s,True
2,nvhe,redis,r4-bgsave,2,latency_avg,0.719,ms,False
2,nvhe,redis,r4-bgsave,2,latency_p50,0.735,ms,False
2,nvhe,redis,r4-bgsave,2,latency_p95,0.887,ms,False
2,nvhe,redis,r4-bgsave,2,latency_p99,1.471,ms,False
2,nvhe,redis,r4-bgsave,3,throughput,93937.92,ops/s,True
2,nvhe,redis,r4-bgsave,3,latency_avg,0.716,ms,False
2,nvhe,redis,r4-bgsave,3,latency_p50,0.735,ms,False
2,nvhe,redis,r4-bgsave,3,latency_p95,0.879,ms,False
2,nvhe,redis,r4-bgsave,3,latency_p99,1.463,ms,False
2,nvhe,redis,r4-bgsave,4,throughput,93937.65,ops/s,True
2,nvhe,redis,r4-bgsave,4,latency_avg,0.719,ms,False
2,nvhe,redis,r4-bgsave,4,latency_p50,0.735,ms,False
2,nvhe,redis,r4-bgsave,4,latency_p95,0.879,ms,False
2,nvhe,redis,r4-bgsave,4,latency_p99,1.471,ms,False
2,nvhe,redis,r4-bgsave,5,throughput,93937.69,ops/s,True
2,nvhe,redis,r4-bgsave,5,latency_avg,0.719,ms,False
2,nvhe,redis,r4-bgsave,5,latency_p50,0.735,ms,False
2,nvhe,redis,r4-bgsave,5,latency_p95,0.887,ms,False
2,nvhe,redis,r4-bgsave,5,latency_p99,1.463,ms,False
2,nvhe,redis,r1-steady,1,throughput,94005.62,ops/s,True
2,nvhe,redis,r1-steady,1,latency_avg,0.553,ms,False
2,nvhe,redis,r1-steady,1,latency_p50,0.583,ms,False
2,nvhe,redis,r1-steady,1,latency_p95,0.727,ms,False
2,nvhe,redis,r1-steady,1,latency_p99,1.311,ms,False
2,nvhe,redis,r1-steady,2,throughput,94003.61,ops/s,True
2,nvhe,redis,r1-steady,2,latency_avg,0.685,ms,False
2,nvhe,redis,r1-steady,2,latency_p50,0.711,ms,False
2,nvhe,redis,r1-steady,2,latency_p95,0.775,ms,False
2,nvhe,redis,r1-steady,2,latency_p99,1.423,ms,False
2,nvhe,redis,r1-steady,3,throughput,94002.31,ops/s,True
2,nvhe,redis,r1-steady,3,latency_avg,0.686,ms,False
2,nvhe,redis,r1-steady,3,latency_p50,0.711,ms,False
2,nvhe,redis,r1-steady,3,latency_p95,0.783,ms,False
2,nvhe,redis,r1-steady,3,latency_p99,1.415,ms,False
2,nvhe,redis,r1-steady,4,throughput,94004.95,ops/s,True
2,nvhe,redis,r1-steady,4,latency_avg,0.685,ms,False
2,nvhe,redis,r1-steady,4,latency_p50,0.711,ms,False
2,nvhe,redis,r1-steady,4,latency_p95,0.775,ms,False
2,nvhe,redis,r1-steady,4,latency_p99,1.423,ms,False
2,nvhe,redis,r1-steady,5,throughput,94003.4,ops/s,True
2,nvhe,redis,r1-steady,5,latency_avg,0.685,ms,False
2,nvhe,redis,r1-steady,5,latency_p50,0.711,ms,False
2,nvhe,redis,r1-steady,5,latency_p95,0.775,ms,False
2,nvhe,redis,r1-steady,5,latency_p99,1.415,ms,False
2,nvhe,redis,r2-pipeline,1,throughput,636370.26,ops/s,True
2,nvhe,redis,r2-pipeline,1,latency_avg,2.512,ms,False
2,nvhe,redis,r2-pipeline,1,latency_p50,2.063,ms,False
2,nvhe,redis,r2-pipeline,1,latency_p95,3.535,ms,False
2,nvhe,redis,r2-pipeline,1,latency_p99,3.711,ms,False
2,nvhe,redis,r2-pipeline,2,throughput,632834.09,ops/s,True
2,nvhe,redis,r2-pipeline,2,latency_avg,2.526,ms,False
2,nvhe,redis,r2-pipeline,2,latency_p50,2.063,ms,False
2,nvhe,redis,r2-pipeline,2,latency_p95,3.567,ms,False
2,nvhe,redis,r2-pipeline,2,latency_p99,3.759,ms,False
2,nvhe,redis,r2-pipeline,3,throughput,634686.58,ops/s,True
2,nvhe,redis,r2-pipeline,3,latency_avg,2.519,ms,False
2,nvhe,redis,r2-pipeline,3,latency_p50,2.063,ms,False
2,nvhe,redis,r2-pipeline,3,latency_p95,3.551,ms,False
2,nvhe,redis,r2-pipeline,3,latency_p99,3.743,ms,False
2,nvhe,redis,r2-pipeline,4,throughput,631186.12,ops/s,True
2,nvhe,redis,r2-pipeline,4,latency_avg,2.533,ms,False
2,nvhe,redis,r2-pipeline,4,latency_p50,2.079,ms,False
2,nvhe,redis,r2-pipeline,4,latency_p95,3.583,ms,False
2,nvhe,redis,r2-pipeline,4,latency_p99,3.775,ms,False
2,nvhe,redis,r2-pipeline,5,throughput,638396.13,ops/s,True
2,nvhe,redis,r2-pipeline,5,latency_avg,2.504,ms,False
2,nvhe,redis,r2-pipeline,5,latency_p50,2.063,ms,False
2,nvhe,redis,r2-pipeline,5,latency_p95,3.535,ms,False
2,nvhe,redis,r2-pipeline,5,latency_p99,3.727,ms,False
2,nvhe,redis,r3-ttl-eviction,1,throughput,93940.75,ops/s,True
2,nvhe,redis,r3-ttl-eviction,1,latency_avg,0.822,ms,False
2,nvhe,redis,r3-ttl-eviction,1,latency_p50,0.831,ms,False
2,nvhe,redis,r3-ttl-eviction,1,latency_p95,0.975,ms,False
2,nvhe,redis,r3-ttl-eviction,1,latency_p99,1.687,ms,False
2,nvhe,redis,r3-ttl-eviction,2,throughput,93938.96,ops/s,True
2,nvhe,redis,r3-ttl-eviction,2,latency_avg,0.822,ms,False
2,nvhe,redis,r3-ttl-eviction,2,latency_p50,0.831,ms,False
2,nvhe,redis,r3-ttl-eviction,2,latency_p95,0.975,ms,False
2,nvhe,redis,r3-ttl-eviction,2,latency_p99,1.687,ms,False
2,nvhe,redis,r3-ttl-eviction,3,throughput,93939.77,ops/s,True
2,nvhe,redis,r3-ttl-eviction,3,latency_avg,0.822,ms,False
2,nvhe,redis,r3-ttl-eviction,3,latency_p50,0.839,ms,False
2,nvhe,redis,r3-ttl-eviction,3,latency_p95,0.975,ms,False
2,nvhe,redis,r3-ttl-eviction,3,latency_p99,1.695,ms,False
2,nvhe,redis,r3-ttl-eviction,4,throughput,93941.92,ops/s,True
2,nvhe,redis,r3-ttl-eviction,4,latency_avg,0.82,ms,False
2,nvhe,redis,r3-ttl-eviction,4,latency_p50,0.831,ms,False
2,nvhe,redis,r3-ttl-eviction,4,latency_p95,0.975,ms,False
2,nvhe,redis,r3-ttl-eviction,4,latency_p99,1.687,ms,False
2,nvhe,redis,r3-ttl-eviction,5,throughput,93942.9,ops/s,True
2,nvhe,redis,r3-ttl-eviction,5,latency_avg,0.821,ms,False
2,nvhe,redis,r3-ttl-eviction,5,latency_p50,0.831,ms,False
2,nvhe,redis,r3-ttl-eviction,5,latency_p95,0.975,ms,False
2,nvhe,redis,r3-ttl-eviction,5,latency_p99,1.687,ms,False
2,nvhe,rabbitmq,q2-reliable,1,published,50980.0,msg/s,True
2,nvhe,rabbitmq,q2-reliable,1,received,49454.0,msg/s,True
2,nvhe,rabbitmq,q2-reliable,1,consumer_p95,10880224.0,us,False
2,nvhe,rabbitmq,q2-reliable,1,consumer_p99,10929345.0,us,False
2,nvhe,rabbitmq,q2-reliable,1,confirm_p95,159252.0,us,False
2,nvhe,rabbitmq,q2-reliable,1,confirm_p99,202037.0,us,False
2,nvhe,rabbitmq,q2-reliable,2,published,51119.0,msg/s,True
2,nvhe,rabbitmq,q2-reliable,2,received,50443.0,msg/s,True
2,nvhe,rabbitmq,q2-reliable,2,consumer_p95,9075680.0,us,False
2,nvhe,rabbitmq,q2-reliable,2,consumer_p99,9145874.0,us,False
2,nvhe,rabbitmq,q2-reliable,2,confirm_p95,160278.0,us,False
2,nvhe,rabbitmq,q2-reliable,2,confirm_p99,203333.0,us,False
2,nvhe,rabbitmq,q2-reliable,3,published,51422.0,msg/s,True
2,nvhe,rabbitmq,q2-reliable,3,received,50576.0,msg/s,True
2,nvhe,rabbitmq,q2-reliable,3,consumer_p95,8228691.0,us,False
2,nvhe,rabbitmq,q2-reliable,3,consumer_p99,8288071.0,us,False
2,nvhe,rabbitmq,q2-reliable,3,confirm_p95,157841.0,us,False
2,nvhe,rabbitmq,q2-reliable,3,confirm_p99,200483.0,us,False
2,nvhe,rabbitmq,q2-reliable,4,published,51390.0,msg/s,True
2,nvhe,rabbitmq,q2-reliable,4,received,50622.0,msg/s,True
2,nvhe,rabbitmq,q2-reliable,4,consumer_p95,6873016.0,us,False
2,nvhe,rabbitmq,q2-reliable,4,consumer_p99,6956623.0,us,False
2,nvhe,rabbitmq,q2-reliable,4,confirm_p95,160330.0,us,False
2,nvhe,rabbitmq,q2-reliable,4,confirm_p99,201465.0,us,False
2,nvhe,rabbitmq,q2-reliable,5,published,52294.0,msg/s,True
2,nvhe,rabbitmq,q2-reliable,5,received,51994.0,msg/s,True
2,nvhe,rabbitmq,q2-reliable,5,consumer_p95,6085569.0,us,False
2,nvhe,rabbitmq,q2-reliable,5,consumer_p99,6162439.0,us,False
2,nvhe,rabbitmq,q2-reliable,5,confirm_p95,154670.0,us,False
2,nvhe,rabbitmq,q2-reliable,5,confirm_p99,194927.0,us,False
2,nvhe,rabbitmq,q3-rate50,1,published,24404.0,msg/s,True
2,nvhe,rabbitmq,q3-rate50,1,received,24403.0,msg/s,True
2,nvhe,rabbitmq,q3-rate50,1,consumer_p95,811.0,us,False
2,nvhe,rabbitmq,q3-rate50,1,consumer_p99,919.0,us,False
2,nvhe,rabbitmq,q3-rate50,1,confirm_p95,948.0,us,False
2,nvhe,rabbitmq,q3-rate50,1,confirm_p99,1061.0,us,False
2,nvhe,rabbitmq,q3-rate50,2,published,24400.0,msg/s,True
2,nvhe,rabbitmq,q3-rate50,2,received,24398.0,msg/s,True
2,nvhe,rabbitmq,q3-rate50,2,consumer_p95,842.0,us,False
2,nvhe,rabbitmq,q3-rate50,2,consumer_p99,951.0,us,False
2,nvhe,rabbitmq,q3-rate50,2,confirm_p95,982.0,us,False
2,nvhe,rabbitmq,q3-rate50,2,confirm_p99,1125.0,us,False
2,nvhe,rabbitmq,q3-rate50,3,published,24400.0,msg/s,True
2,nvhe,rabbitmq,q3-rate50,3,received,24401.0,msg/s,True
2,nvhe,rabbitmq,q3-rate50,3,consumer_p95,826.0,us,False
2,nvhe,rabbitmq,q3-rate50,3,consumer_p99,937.0,us,False
2,nvhe,rabbitmq,q3-rate50,3,confirm_p95,966.0,us,False
2,nvhe,rabbitmq,q3-rate50,3,confirm_p99,1102.0,us,False
2,nvhe,rabbitmq,q3-rate50,4,published,24401.0,msg/s,True
2,nvhe,rabbitmq,q3-rate50,4,received,24405.0,msg/s,True
2,nvhe,rabbitmq,q3-rate50,4,consumer_p95,802.0,us,False
2,nvhe,rabbitmq,q3-rate50,4,consumer_p99,905.0,us,False
2,nvhe,rabbitmq,q3-rate50,4,confirm_p95,939.0,us,False
2,nvhe,rabbitmq,q3-rate50,4,confirm_p99,1057.0,us,False
2,nvhe,rabbitmq,q3-rate50,5,published,24403.0,msg/s,True
2,nvhe,rabbitmq,q3-rate50,5,received,24399.0,msg/s,True
2,nvhe,rabbitmq,q3-rate50,5,consumer_p95,811.0,us,False
2,nvhe,rabbitmq,q3-rate50,5,consumer_p99,916.0,us,False
2,nvhe,rabbitmq,q3-rate50,5,confirm_p95,950.0,us,False
2,nvhe,rabbitmq,q3-rate50,5,confirm_p99,1069.0,us,False
2,nvhe,rabbitmq,q3-rate70,1,published,34174.0,msg/s,True
2,nvhe,rabbitmq,q3-rate70,1,received,34170.0,msg/s,True
2,nvhe,rabbitmq,q3-rate70,1,consumer_p95,963.0,us,False
2,nvhe,rabbitmq,q3-rate70,1,consumer_p99,1235.0,us,False
2,nvhe,rabbitmq,q3-rate70,1,confirm_p95,1258.0,us,False
2,nvhe,rabbitmq,q3-rate70,1,confirm_p99,1892.0,us,False
2,nvhe,rabbitmq,q3-rate70,2,published,34173.0,msg/s,True
2,nvhe,rabbitmq,q3-rate70,2,received,34171.0,msg/s,True
2,nvhe,rabbitmq,q3-rate70,2,consumer_p95,1010.0,us,False
2,nvhe,rabbitmq,q3-rate70,2,consumer_p99,1532.0,us,False
2,nvhe,rabbitmq,q3-rate70,2,confirm_p95,1428.0,us,False
2,nvhe,rabbitmq,q3-rate70,2,confirm_p99,2097.0,us,False
2,nvhe,rabbitmq,q3-rate70,3,published,34173.0,msg/s,True
2,nvhe,rabbitmq,q3-rate70,3,received,34171.0,msg/s,True
2,nvhe,rabbitmq,q3-rate70,3,consumer_p95,1060.0,us,False
2,nvhe,rabbitmq,q3-rate70,3,consumer_p99,1496.0,us,False
2,nvhe,rabbitmq,q3-rate70,3,confirm_p95,1515.0,us,False
2,nvhe,rabbitmq,q3-rate70,3,confirm_p99,2088.0,us,False
2,nvhe,rabbitmq,q3-rate70,4,published,34173.0,msg/s,True
2,nvhe,rabbitmq,q3-rate70,4,received,34173.0,msg/s,True
2,nvhe,rabbitmq,q3-rate70,4,consumer_p95,950.0,us,False
2,nvhe,rabbitmq,q3-rate70,4,consumer_p99,1233.0,us,False
2,nvhe,rabbitmq,q3-rate70,4,confirm_p95,1255.0,us,False
2,nvhe,rabbitmq,q3-rate70,4,confirm_p99,1878.0,us,False
2,nvhe,rabbitmq,q3-rate70,5,published,34171.0,msg/s,True
2,nvhe,rabbitmq,q3-rate70,5,received,34169.0,msg/s,True
2,nvhe,rabbitmq,q3-rate70,5,consumer_p95,999.0,us,False
2,nvhe,rabbitmq,q3-rate70,5,consumer_p99,1314.0,us,False
2,nvhe,rabbitmq,q3-rate70,5,confirm_p95,1344.0,us,False
2,nvhe,rabbitmq,q3-rate70,5,confirm_p99,1954.0,us,False
2,nvhe,rabbitmq,q3-rate85,1,published,41472.0,msg/s,True
2,nvhe,rabbitmq,q3-rate85,1,received,41471.0,msg/s,True
2,nvhe,rabbitmq,q3-rate85,1,consumer_p95,2084.0,us,False
2,nvhe,rabbitmq,q3-rate85,1,consumer_p99,2888.0,us,False
2,nvhe,rabbitmq,q3-rate85,1,confirm_p95,2804.0,us,False
2,nvhe,rabbitmq,q3-rate85,1,confirm_p99,3757.0,us,False
2,nvhe,rabbitmq,q3-rate85,2,published,41471.0,msg/s,True
2,nvhe,rabbitmq,q3-rate85,2,received,41472.0,msg/s,True
2,nvhe,rabbitmq,q3-rate85,2,consumer_p95,1877.0,us,False
2,nvhe,rabbitmq,q3-rate85,2,consumer_p99,2576.0,us,False
2,nvhe,rabbitmq,q3-rate85,2,confirm_p95,2500.0,us,False
2,nvhe,rabbitmq,q3-rate85,2,confirm_p99,3381.0,us,False
2,nvhe,rabbitmq,q3-rate85,3,published,41471.0,msg/s,True
2,nvhe,rabbitmq,q3-rate85,3,received,41472.0,msg/s,True
2,nvhe,rabbitmq,q3-rate85,3,consumer_p95,1967.0,us,False
2,nvhe,rabbitmq,q3-rate85,3,consumer_p99,2632.0,us,False
2,nvhe,rabbitmq,q3-rate85,3,confirm_p95,2603.0,us,False
2,nvhe,rabbitmq,q3-rate85,3,confirm_p99,3495.0,us,False
2,nvhe,rabbitmq,q3-rate85,4,published,41467.0,msg/s,True
2,nvhe,rabbitmq,q3-rate85,4,received,41471.0,msg/s,True
2,nvhe,rabbitmq,q3-rate85,4,consumer_p95,1809.0,us,False
2,nvhe,rabbitmq,q3-rate85,4,consumer_p99,2443.0,us,False
2,nvhe,rabbitmq,q3-rate85,4,confirm_p95,2409.0,us,False
2,nvhe,rabbitmq,q3-rate85,4,confirm_p99,3262.0,us,False
2,nvhe,rabbitmq,q3-rate85,5,published,41471.0,msg/s,True
2,nvhe,rabbitmq,q3-rate85,5,received,41471.0,msg/s,True
2,nvhe,rabbitmq,q3-rate85,5,consumer_p95,1968.0,us,False
2,nvhe,rabbitmq,q3-rate85,5,consumer_p99,2672.0,us,False
2,nvhe,rabbitmq,q3-rate85,5,confirm_p95,2623.0,us,False
2,nvhe,rabbitmq,q3-rate85,5,confirm_p99,3534.0,us,False
2,nvhe,rabbitmq,q4-join-late,1,published,10007.0,msg/s,True
2,nvhe,rabbitmq,q4-join-late,1,received,10005.0,msg/s,True
2,nvhe,rabbitmq,q4-join-late,1,consumer_p95,379.0,us,False
2,nvhe,rabbitmq,q4-join-late,1,consumer_p99,673.0,us,False
2,nvhe,rabbitmq,q4-join-late,1,confirm_p95,690.0,us,False
2,nvhe,rabbitmq,q4-join-late,1,confirm_p99,856.0,us,False
2,nvhe,rabbitmq,q4-join-late,2,published,10008.0,msg/s,True
2,nvhe,rabbitmq,q4-join-late,2,received,10007.0,msg/s,True
2,nvhe,rabbitmq,q4-join-late,2,consumer_p95,603.0,us,False
2,nvhe,rabbitmq,q4-join-late,2,consumer_p99,672.0,us,False
2,nvhe,rabbitmq,q4-join-late,2,confirm_p95,773.0,us,False
2,nvhe,rabbitmq,q4-join-late,2,confirm_p99,879.0,us,False
2,nvhe,rabbitmq,q4-join-late,3,published,10009.0,msg/s,True
2,nvhe,rabbitmq,q4-join-late,3,received,10007.0,msg/s,True
2,nvhe,rabbitmq,q4-join-late,3,consumer_p95,387.0,us,False
2,nvhe,rabbitmq,q4-join-late,3,consumer_p99,671.0,us,False
2,nvhe,rabbitmq,q4-join-late,3,confirm_p95,704.0,us,False
2,nvhe,rabbitmq,q4-join-late,3,confirm_p99,856.0,us,False
2,nvhe,rabbitmq,q4-join-late,4,published,10009.0,msg/s,True
2,nvhe,rabbitmq,q4-join-late,4,received,10006.0,msg/s,True
2,nvhe,rabbitmq,q4-join-late,4,consumer_p95,595.0,us,False
2,nvhe,rabbitmq,q4-join-late,4,consumer_p99,667.0,us,False
2,nvhe,rabbitmq,q4-join-late,4,confirm_p95,764.0,us,False
2,nvhe,rabbitmq,q4-join-late,4,confirm_p99,875.0,us,False
2,nvhe,rabbitmq,q4-join-late,5,published,10009.0,msg/s,True
2,nvhe,rabbitmq,q4-join-late,5,received,10008.0,msg/s,True
2,nvhe,rabbitmq,q4-join-late,5,consumer_p95,401.0,us,False
2,nvhe,rabbitmq,q4-join-late,5,consumer_p99,667.0,us,False
2,nvhe,rabbitmq,q4-join-late,5,confirm_p95,717.0,us,False
2,nvhe,rabbitmq,q4-join-late,5,confirm_p99,863.0,us,False
2,nvhe,rabbitmq,q5-backlog,1,fill_time,17.18,s,False
2,nvhe,rabbitmq,q5-backlog,1,drain_time,13.8,s,False
2,nvhe,rabbitmq,q5-backlog,2,fill_time,17.3,s,False
2,nvhe,rabbitmq,q5-backlog,2,drain_time,13.8,s,False
2,nvhe,rabbitmq,q5-backlog,3,fill_time,17.32,s,False
2,nvhe,rabbitmq,q5-backlog,3,drain_time,12.79,s,False
2,nvhe,rabbitmq,q5-backlog,4,fill_time,17.27,s,False
2,nvhe,rabbitmq,q5-backlog,4,drain_time,12.81,s,False
2,nvhe,rabbitmq,q5-backlog,5,fill_time,17.25,s,False
2,nvhe,rabbitmq,q5-backlog,5,drain_time,16.82,s,False
2,nvhe,rabbitmq,q1-one-fast,1,published,70979.0,msg/s,True
2,nvhe,rabbitmq,q1-one-fast,1,received,70981.0,msg/s,True
2,nvhe,rabbitmq,q1-one-fast,1,consumer_p95,13978.0,us,False
2,nvhe,rabbitmq,q1-one-fast,1,consumer_p99,16203.0,us,False
2,nvhe,rabbitmq,q1-one-fast,2,published,71294.0,msg/s,True
2,nvhe,rabbitmq,q1-one-fast,2,received,71227.0,msg/s,True
2,nvhe,rabbitmq,q1-one-fast,2,consumer_p95,13719.0,us,False
2,nvhe,rabbitmq,q1-one-fast,2,consumer_p99,16041.0,us,False
2,nvhe,rabbitmq,q1-one-fast,3,published,68724.0,msg/s,True
2,nvhe,rabbitmq,q1-one-fast,3,received,68656.0,msg/s,True
2,nvhe,rabbitmq,q1-one-fast,3,consumer_p95,14900.0,us,False
2,nvhe,rabbitmq,q1-one-fast,3,consumer_p99,17204.0,us,False
2,nvhe,rabbitmq,q1-one-fast,4,published,70023.0,msg/s,True
2,nvhe,rabbitmq,q1-one-fast,4,received,70048.0,msg/s,True
2,nvhe,rabbitmq,q1-one-fast,4,consumer_p95,14425.0,us,False
2,nvhe,rabbitmq,q1-one-fast,4,consumer_p99,16668.0,us,False
2,nvhe,rabbitmq,q1-one-fast,5,published,65623.0,msg/s,True
2,nvhe,rabbitmq,q1-one-fast,5,received,65596.0,msg/s,True
2,nvhe,rabbitmq,q1-one-fast,5,consumer_p95,16352.0,us,False
2,nvhe,rabbitmq,q1-one-fast,5,consumer_p99,18624.0,us,False
2,nvhe,geekbench,cpu,1,wall_time,399.49,s,False
2,nvhe,geekbench,cpu,2,wall_time,397.83,s,False
2,nvhe,geekbench,cpu,3,wall_time,398.68,s,False
2,nvhe,geekbench,cpu,4,wall_time,399.7,s,False
2,nvhe,geekbench,cpu,5,wall_time,399.57,s,False
2,protected,redis,r4-bgsave,1,throughput,93931.47,ops/s,True
2,protected,redis,r4-bgsave,1,latency_avg,0.732,ms,False
2,protected,redis,r4-bgsave,1,latency_p50,0.751,ms,False
2,protected,redis,r4-bgsave,1,latency_p95,0.903,ms,False
2,protected,redis,r4-bgsave,1,latency_p99,1.495,ms,False
2,protected,redis,r4-bgsave,2,throughput,93932.2,ops/s,True
2,protected,redis,r4-bgsave,2,latency_avg,0.733,ms,False
2,protected,redis,r4-bgsave,2,latency_p50,0.751,ms,False
2,protected,redis,r4-bgsave,2,latency_p95,0.903,ms,False
2,protected,redis,r4-bgsave,2,latency_p99,1.495,ms,False
2,protected,redis,r4-bgsave,3,throughput,93925.93,ops/s,True
2,protected,redis,r4-bgsave,3,latency_avg,0.731,ms,False
2,protected,redis,r4-bgsave,3,latency_p50,0.751,ms,False
2,protected,redis,r4-bgsave,3,latency_p95,0.895,ms,False
2,protected,redis,r4-bgsave,3,latency_p99,1.495,ms,False
2,protected,redis,r4-bgsave,4,throughput,93930.23,ops/s,True
2,protected,redis,r4-bgsave,4,latency_avg,0.73,ms,False
2,protected,redis,r4-bgsave,4,latency_p50,0.743,ms,False
2,protected,redis,r4-bgsave,4,latency_p95,0.895,ms,False
2,protected,redis,r4-bgsave,4,latency_p99,1.495,ms,False
2,protected,redis,r4-bgsave,5,throughput,93930.75,ops/s,True
2,protected,redis,r4-bgsave,5,latency_avg,0.732,ms,False
2,protected,redis,r4-bgsave,5,latency_p50,0.751,ms,False
2,protected,redis,r4-bgsave,5,latency_p95,0.903,ms,False
2,protected,redis,r4-bgsave,5,latency_p99,1.495,ms,False
2,protected,redis,r1-steady,1,throughput,94002.99,ops/s,True
2,protected,redis,r1-steady,1,latency_avg,0.697,ms,False
2,protected,redis,r1-steady,1,latency_p50,0.719,ms,False
2,protected,redis,r1-steady,1,latency_p95,0.815,ms,False
2,protected,redis,r1-steady,1,latency_p99,1.439,ms,False
2,protected,redis,r1-steady,2,throughput,94003.53,ops/s,True
2,protected,redis,r1-steady,2,latency_avg,0.696,ms,False
2,protected,redis,r1-steady,2,latency_p50,0.727,ms,False
2,protected,redis,r1-steady,2,latency_p95,0.791,ms,False
2,protected,redis,r1-steady,2,latency_p99,1.447,ms,False
2,protected,redis,r1-steady,3,throughput,94003.48,ops/s,True
2,protected,redis,r1-steady,3,latency_avg,0.699,ms,False
2,protected,redis,r1-steady,3,latency_p50,0.727,ms,False
2,protected,redis,r1-steady,3,latency_p95,0.791,ms,False
2,protected,redis,r1-steady,3,latency_p99,1.447,ms,False
2,protected,redis,r1-steady,4,throughput,94002.64,ops/s,True
2,protected,redis,r1-steady,4,latency_avg,0.696,ms,False
2,protected,redis,r1-steady,4,latency_p50,0.727,ms,False
2,protected,redis,r1-steady,4,latency_p95,0.791,ms,False
2,protected,redis,r1-steady,4,latency_p99,1.447,ms,False
2,protected,redis,r1-steady,5,throughput,94001.63,ops/s,True
2,protected,redis,r1-steady,5,latency_avg,0.698,ms,False
2,protected,redis,r1-steady,5,latency_p50,0.727,ms,False
2,protected,redis,r1-steady,5,latency_p95,0.791,ms,False
2,protected,redis,r1-steady,5,latency_p99,1.447,ms,False
2,protected,redis,r2-pipeline,1,throughput,620899.95,ops/s,True
2,protected,redis,r2-pipeline,1,latency_avg,2.575,ms,False
2,protected,redis,r2-pipeline,1,latency_p50,2.111,ms,False
2,protected,redis,r2-pipeline,1,latency_p95,3.663,ms,False
2,protected,redis,r2-pipeline,1,latency_p99,3.855,ms,False
2,protected,redis,r2-pipeline,2,throughput,619221.6,ops/s,True
2,protected,redis,r2-pipeline,2,latency_avg,2.582,ms,False
2,protected,redis,r2-pipeline,2,latency_p50,2.127,ms,False
2,protected,redis,r2-pipeline,2,latency_p95,3.631,ms,False
2,protected,redis,r2-pipeline,2,latency_p99,3.823,ms,False
2,protected,redis,r2-pipeline,3,throughput,619889.99,ops/s,True
2,protected,redis,r2-pipeline,3,latency_avg,2.579,ms,False
2,protected,redis,r2-pipeline,3,latency_p50,2.111,ms,False
2,protected,redis,r2-pipeline,3,latency_p95,3.679,ms,False
2,protected,redis,r2-pipeline,3,latency_p99,3.855,ms,False
2,protected,redis,r2-pipeline,4,throughput,624587.89,ops/s,True
2,protected,redis,r2-pipeline,4,latency_avg,2.559,ms,False
2,protected,redis,r2-pipeline,4,latency_p50,2.111,ms,False
2,protected,redis,r2-pipeline,4,latency_p95,3.599,ms,False
2,protected,redis,r2-pipeline,4,latency_p99,3.791,ms,False
2,protected,redis,r2-pipeline,5,throughput,617322.39,ops/s,True
2,protected,redis,r2-pipeline,5,latency_avg,2.59,ms,False
2,protected,redis,r2-pipeline,5,latency_p50,2.111,ms,False
2,protected,redis,r2-pipeline,5,latency_p95,3.679,ms,False
2,protected,redis,r2-pipeline,5,latency_p99,3.871,ms,False
2,protected,redis,r3-ttl-eviction,1,throughput,93880.53,ops/s,True
2,protected,redis,r3-ttl-eviction,1,latency_avg,0.841,ms,False
2,protected,redis,r3-ttl-eviction,1,latency_p50,0.855,ms,False
2,protected,redis,r3-ttl-eviction,1,latency_p95,0.999,ms,False
2,protected,redis,r3-ttl-eviction,1,latency_p99,1.727,ms,False
2,protected,redis,r3-ttl-eviction,2,throughput,93880.12,ops/s,True
2,protected,redis,r3-ttl-eviction,2,latency_avg,0.841,ms,False
2,protected,redis,r3-ttl-eviction,2,latency_p50,0.855,ms,False
2,protected,redis,r3-ttl-eviction,2,latency_p95,1.007,ms,False
2,protected,redis,r3-ttl-eviction,2,latency_p99,1.727,ms,False
2,protected,redis,r3-ttl-eviction,3,throughput,93881.1,ops/s,True
2,protected,redis,r3-ttl-eviction,3,latency_avg,0.842,ms,False
2,protected,redis,r3-ttl-eviction,3,latency_p50,0.855,ms,False
2,protected,redis,r3-ttl-eviction,3,latency_p95,1.007,ms,False
2,protected,redis,r3-ttl-eviction,3,latency_p99,1.727,ms,False
2,protected,redis,r3-ttl-eviction,4,throughput,93873.24,ops/s,True
2,protected,redis,r3-ttl-eviction,4,latency_avg,0.842,ms,False
2,protected,redis,r3-ttl-eviction,4,latency_p50,0.855,ms,False
2,protected,redis,r3-ttl-eviction,4,latency_p95,0.999,ms,False
2,protected,redis,r3-ttl-eviction,4,latency_p99,1.727,ms,False
2,protected,redis,r3-ttl-eviction,5,throughput,93866.03,ops/s,True
2,protected,redis,r3-ttl-eviction,5,latency_avg,0.844,ms,False
2,protected,redis,r3-ttl-eviction,5,latency_p50,0.855,ms,False
2,protected,redis,r3-ttl-eviction,5,latency_p95,0.999,ms,False
2,protected,redis,r3-ttl-eviction,5,latency_p99,1.735,ms,False
2,protected,rabbitmq,q2-reliable,1,published,50572.0,msg/s,True
2,protected,rabbitmq,q2-reliable,1,received,50155.0,msg/s,True
2,protected,rabbitmq,q2-reliable,1,consumer_p95,4669842.0,us,False
2,protected,rabbitmq,q2-reliable,1,consumer_p99,4704988.0,us,False
2,protected,rabbitmq,q2-reliable,1,confirm_p95,160707.0,us,False
2,protected,rabbitmq,q2-reliable,1,confirm_p99,205175.0,us,False
2,protected,rabbitmq,q2-reliable,2,published,49992.0,msg/s,True
2,protected,rabbitmq,q2-reliable,2,received,49882.0,msg/s,True
2,protected,rabbitmq,q2-reliable,2,consumer_p95,7199964.0,us,False
2,protected,rabbitmq,q2-reliable,2,consumer_p99,7300895.0,us,False
2,protected,rabbitmq,q2-reliable,2,confirm_p95,161216.0,us,False
2,protected,rabbitmq,q2-reliable,2,confirm_p99,202278.0,us,False
2,protected,rabbitmq,q2-reliable,3,published,50251.0,msg/s,True
2,protected,rabbitmq,q2-reliable,3,received,49641.0,msg/s,True
2,protected,rabbitmq,q2-reliable,3,consumer_p95,8060783.0,us,False
2,protected,rabbitmq,q2-reliable,3,consumer_p99,8129291.0,us,False
2,protected,rabbitmq,q2-reliable,3,confirm_p95,161129.0,us,False
2,protected,rabbitmq,q2-reliable,3,confirm_p99,202417.0,us,False
2,protected,rabbitmq,q2-reliable,4,published,51029.0,msg/s,True
2,protected,rabbitmq,q2-reliable,4,received,50861.0,msg/s,True
2,protected,rabbitmq,q2-reliable,4,consumer_p95,3578324.0,us,False
2,protected,rabbitmq,q2-reliable,4,consumer_p99,3655558.0,us,False
2,protected,rabbitmq,q2-reliable,4,confirm_p95,155831.0,us,False
2,protected,rabbitmq,q2-reliable,4,confirm_p99,196715.0,us,False
2,protected,rabbitmq,q2-reliable,5,published,50775.0,msg/s,True
2,protected,rabbitmq,q2-reliable,5,received,50451.0,msg/s,True
2,protected,rabbitmq,q2-reliable,5,consumer_p95,3997460.0,us,False
2,protected,rabbitmq,q2-reliable,5,consumer_p99,4052214.0,us,False
2,protected,rabbitmq,q2-reliable,5,confirm_p95,159764.0,us,False
2,protected,rabbitmq,q2-reliable,5,confirm_p99,202494.0,us,False
2,protected,rabbitmq,q3-rate50,1,published,24403.0,msg/s,True
2,protected,rabbitmq,q3-rate50,1,received,24400.0,msg/s,True
2,protected,rabbitmq,q3-rate50,1,consumer_p95,829.0,us,False
2,protected,rabbitmq,q3-rate50,1,consumer_p99,941.0,us,False
2,protected,rabbitmq,q3-rate50,1,confirm_p95,972.0,us,False
2,protected,rabbitmq,q3-rate50,1,confirm_p99,1113.0,us,False
2,protected,rabbitmq,q3-rate50,2,published,24400.0,msg/s,True
2,protected,rabbitmq,q3-rate50,2,received,24400.0,msg/s,True
2,protected,rabbitmq,q3-rate50,2,consumer_p95,846.0,us,False
2,protected,rabbitmq,q3-rate50,2,consumer_p99,958.0,us,False
2,protected,rabbitmq,q3-rate50,2,confirm_p95,986.0,us,False
2,protected,rabbitmq,q3-rate50,2,confirm_p99,1133.0,us,False
2,protected,rabbitmq,q3-rate50,3,published,24403.0,msg/s,True
2,protected,rabbitmq,q3-rate50,3,received,24402.0,msg/s,True
2,protected,rabbitmq,q3-rate50,3,consumer_p95,850.0,us,False
2,protected,rabbitmq,q3-rate50,3,consumer_p99,961.0,us,False
2,protected,rabbitmq,q3-rate50,3,confirm_p95,990.0,us,False
2,protected,rabbitmq,q3-rate50,3,confirm_p99,1154.0,us,False
2,protected,rabbitmq,q3-rate50,4,published,24403.0,msg/s,True
2,protected,rabbitmq,q3-rate50,4,received,24404.0,msg/s,True
2,protected,rabbitmq,q3-rate50,4,consumer_p95,846.0,us,False
2,protected,rabbitmq,q3-rate50,4,consumer_p99,966.0,us,False
2,protected,rabbitmq,q3-rate50,4,confirm_p95,992.0,us,False
2,protected,rabbitmq,q3-rate50,4,confirm_p99,1181.0,us,False
2,protected,rabbitmq,q3-rate50,5,published,24403.0,msg/s,True
2,protected,rabbitmq,q3-rate50,5,received,24402.0,msg/s,True
2,protected,rabbitmq,q3-rate50,5,consumer_p95,832.0,us,False
2,protected,rabbitmq,q3-rate50,5,consumer_p99,939.0,us,False
2,protected,rabbitmq,q3-rate50,5,confirm_p95,973.0,us,False
2,protected,rabbitmq,q3-rate50,5,confirm_p99,1114.0,us,False
2,protected,rabbitmq,q3-rate70,1,published,34173.0,msg/s,True
2,protected,rabbitmq,q3-rate70,1,received,34176.0,msg/s,True
2,protected,rabbitmq,q3-rate70,1,consumer_p95,1174.0,us,False
2,protected,rabbitmq,q3-rate70,1,consumer_p99,1811.0,us,False
2,protected,rabbitmq,q3-rate70,1,confirm_p95,1741.0,us,False
2,protected,rabbitmq,q3-rate70,1,confirm_p99,2405.0,us,False
2,protected,rabbitmq,q3-rate70,2,published,34175.0,msg/s,True
2,protected,rabbitmq,q3-rate70,2,received,34176.0,msg/s,True
2,protected,rabbitmq,q3-rate70,2,consumer_p95,1163.0,us,False
2,protected,rabbitmq,q3-rate70,2,consumer_p99,1724.0,us,False
2,protected,rabbitmq,q3-rate70,2,confirm_p95,1718.0,us,False
2,protected,rabbitmq,q3-rate70,2,confirm_p99,2265.0,us,False
2,protected,rabbitmq,q3-rate70,3,published,34173.0,msg/s,True
2,protected,rabbitmq,q3-rate70,3,received,34170.0,msg/s,True
2,protected,rabbitmq,q3-rate70,3,consumer_p95,982.0,us,False
2,protected,rabbitmq,q3-rate70,3,consumer_p99,1333.0,us,False
2,protected,rabbitmq,q3-rate70,3,confirm_p95,1324.0,us,False
2,protected,rabbitmq,q3-rate70,3,confirm_p99,1950.0,us,False
2,protected,rabbitmq,q3-rate70,4,published,34173.0,msg/s,True
2,protected,rabbitmq,q3-rate70,4,received,34174.0,msg/s,True
2,protected,rabbitmq,q3-rate70,4,consumer_p95,1101.0,us,False
2,protected,rabbitmq,q3-rate70,4,consumer_p99,1698.0,us,False
2,protected,rabbitmq,q3-rate70,4,confirm_p95,1616.0,us,False
2,protected,rabbitmq,q3-rate70,4,confirm_p99,2226.0,us,False
2,protected,rabbitmq,q3-rate70,5,published,34171.0,msg/s,True
2,protected,rabbitmq,q3-rate70,5,received,34172.0,msg/s,True
2,protected,rabbitmq,q3-rate70,5,consumer_p95,1192.0,us,False
2,protected,rabbitmq,q3-rate70,5,consumer_p99,1865.0,us,False
2,protected,rabbitmq,q3-rate70,5,confirm_p95,1758.0,us,False
2,protected,rabbitmq,q3-rate70,5,confirm_p99,2460.0,us,False
2,protected,rabbitmq,q3-rate85,1,published,41470.0,msg/s,True
2,protected,rabbitmq,q3-rate85,1,received,41471.0,msg/s,True
2,protected,rabbitmq,q3-rate85,1,consumer_p95,2459.0,us,False
2,protected,rabbitmq,q3-rate85,1,consumer_p99,3343.0,us,False
2,protected,rabbitmq,q3-rate85,1,confirm_p95,3275.0,us,False
2,protected,rabbitmq,q3-rate85,1,confirm_p99,4370.0,us,False
2,protected,rabbitmq,q3-rate85,2,published,41470.0,msg/s,True
2,protected,rabbitmq,q3-rate85,2,received,41472.0,msg/s,True
2,protected,rabbitmq,q3-rate85,2,consumer_p95,2280.0,us,False
2,protected,rabbitmq,q3-rate85,2,consumer_p99,3148.0,us,False
2,protected,rabbitmq,q3-rate85,2,confirm_p95,3038.0,us,False
2,protected,rabbitmq,q3-rate85,2,confirm_p99,4084.0,us,False
2,protected,rabbitmq,q3-rate85,3,published,41471.0,msg/s,True
2,protected,rabbitmq,q3-rate85,3,received,41470.0,msg/s,True
2,protected,rabbitmq,q3-rate85,3,consumer_p95,2638.0,us,False
2,protected,rabbitmq,q3-rate85,3,consumer_p99,3632.0,us,False
2,protected,rabbitmq,q3-rate85,3,confirm_p95,3483.0,us,False
2,protected,rabbitmq,q3-rate85,3,confirm_p99,4651.0,us,False
2,protected,rabbitmq,q3-rate85,4,published,41472.0,msg/s,True
2,protected,rabbitmq,q3-rate85,4,received,41470.0,msg/s,True
2,protected,rabbitmq,q3-rate85,4,consumer_p95,2169.0,us,False
2,protected,rabbitmq,q3-rate85,4,consumer_p99,3005.0,us,False
2,protected,rabbitmq,q3-rate85,4,confirm_p95,2909.0,us,False
2,protected,rabbitmq,q3-rate85,4,confirm_p99,3903.0,us,False
2,protected,rabbitmq,q3-rate85,5,published,41474.0,msg/s,True
2,protected,rabbitmq,q3-rate85,5,received,41472.0,msg/s,True
2,protected,rabbitmq,q3-rate85,5,consumer_p95,2178.0,us,False
2,protected,rabbitmq,q3-rate85,5,consumer_p99,2970.0,us,False
2,protected,rabbitmq,q3-rate85,5,confirm_p95,2928.0,us,False
2,protected,rabbitmq,q3-rate85,5,confirm_p99,3900.0,us,False
2,protected,rabbitmq,q4-join-late,1,published,10009.0,msg/s,True
2,protected,rabbitmq,q4-join-late,1,received,10006.0,msg/s,True
2,protected,rabbitmq,q4-join-late,1,consumer_p95,603.0,us,False
2,protected,rabbitmq,q4-join-late,1,consumer_p99,681.0,us,False
2,protected,rabbitmq,q4-join-late,1,confirm_p95,775.0,us,False
2,protected,rabbitmq,q4-join-late,1,confirm_p99,894.0,us,False
2,protected,rabbitmq,q4-join-late,2,published,10007.0,msg/s,True
2,protected,rabbitmq,q4-join-late,2,received,10007.0,msg/s,True
2,protected,rabbitmq,q4-join-late,2,consumer_p95,395.0,us,False
2,protected,rabbitmq,q4-join-late,2,consumer_p99,688.0,us,False
2,protected,rabbitmq,q4-join-late,2,confirm_p95,728.0,us,False
2,protected,rabbitmq,q4-join-late,2,confirm_p99,873.0,us,False
2,protected,rabbitmq,q4-join-late,3,published,10009.0,msg/s,True
2,protected,rabbitmq,q4-join-late,3,received,10008.0,msg/s,True
2,protected,rabbitmq,q4-join-late,3,consumer_p95,574.0,us,False
2,protected,rabbitmq,q4-join-late,3,consumer_p99,669.0,us,False
2,protected,rabbitmq,q4-join-late,3,confirm_p95,753.0,us,False
2,protected,rabbitmq,q4-join-late,3,confirm_p99,879.0,us,False
2,protected,rabbitmq,q4-join-late,4,published,10009.0,msg/s,True
2,protected,rabbitmq,q4-join-late,4,received,10008.0,msg/s,True
2,protected,rabbitmq,q4-join-late,4,consumer_p95,515.0,us,False
2,protected,rabbitmq,q4-join-late,4,consumer_p99,672.0,us,False
2,protected,rabbitmq,q4-join-late,4,confirm_p95,738.0,us,False
2,protected,rabbitmq,q4-join-late,4,confirm_p99,873.0,us,False
2,protected,rabbitmq,q4-join-late,5,published,10008.0,msg/s,True
2,protected,rabbitmq,q4-join-late,5,received,10008.0,msg/s,True
2,protected,rabbitmq,q4-join-late,5,consumer_p95,389.0,us,False
2,protected,rabbitmq,q4-join-late,5,consumer_p99,668.0,us,False
2,protected,rabbitmq,q4-join-late,5,confirm_p95,717.0,us,False
2,protected,rabbitmq,q4-join-late,5,confirm_p99,858.0,us,False
2,protected,rabbitmq,q5-backlog,1,fill_time,17.87,s,False
2,protected,rabbitmq,q5-backlog,1,drain_time,12.83,s,False
2,protected,rabbitmq,q5-backlog,2,fill_time,17.82,s,False
2,protected,rabbitmq,q5-backlog,2,drain_time,13.82,s,False
2,protected,rabbitmq,q5-backlog,3,fill_time,17.71,s,False
2,protected,rabbitmq,q5-backlog,3,drain_time,13.86,s,False
2,protected,rabbitmq,q5-backlog,4,fill_time,17.67,s,False
2,protected,rabbitmq,q5-backlog,4,drain_time,14.83,s,False
2,protected,rabbitmq,q5-backlog,5,fill_time,18.27,s,False
2,protected,rabbitmq,q5-backlog,5,drain_time,12.89,s,False
2,protected,rabbitmq,q1-one-fast,1,published,68325.0,msg/s,True
2,protected,rabbitmq,q1-one-fast,1,received,68285.0,msg/s,True
2,protected,rabbitmq,q1-one-fast,1,consumer_p95,14685.0,us,False
2,protected,rabbitmq,q1-one-fast,1,consumer_p99,16858.0,us,False
2,protected,rabbitmq,q1-one-fast,2,published,63111.0,msg/s,True
2,protected,rabbitmq,q1-one-fast,2,received,63152.0,msg/s,True
2,protected,rabbitmq,q1-one-fast,2,consumer_p95,17191.0,us,False
2,protected,rabbitmq,q1-one-fast,2,consumer_p99,19516.0,us,False
2,protected,rabbitmq,q1-one-fast,3,published,65195.0,msg/s,True
2,protected,rabbitmq,q1-one-fast,3,received,65237.0,msg/s,True
2,protected,rabbitmq,q1-one-fast,3,consumer_p95,15961.0,us,False
2,protected,rabbitmq,q1-one-fast,3,consumer_p99,18248.0,us,False
2,protected,rabbitmq,q1-one-fast,4,published,67089.0,msg/s,True
2,protected,rabbitmq,q1-one-fast,4,received,67058.0,msg/s,True
2,protected,rabbitmq,q1-one-fast,4,consumer_p95,15194.0,us,False
2,protected,rabbitmq,q1-one-fast,4,consumer_p99,17345.0,us,False
2,protected,rabbitmq,q1-one-fast,5,published,68030.0,msg/s,True
2,protected,rabbitmq,q1-one-fast,5,received,67978.0,msg/s,True
2,protected,rabbitmq,q1-one-fast,5,consumer_p95,14625.0,us,False
2,protected,rabbitmq,q1-one-fast,5,consumer_p99,16929.0,us,False
2,protected,geekbench,cpu,1,wall_time,401.08,s,False
2,protected,geekbench,cpu,2,wall_time,401.9,s,False
2,protected,geekbench,cpu,3,wall_time,401.48,s,False
2,protected,geekbench,cpu,4,wall_time,400.34000000000003,s,False
2,protected,geekbench,cpu,5,wall_time,402.07,s,False
3,nvhe,redis,r4-bgsave,1,throughput,93934.22,ops/s,True
3,nvhe,redis,r4-bgsave,1,latency_avg,0.718,ms,False
3,nvhe,redis,r4-bgsave,1,latency_p50,0.735,ms,False
3,nvhe,redis,r4-bgsave,1,latency_p95,0.887,ms,False
3,nvhe,redis,r4-bgsave,1,latency_p99,1.463,ms,False
3,nvhe,redis,r4-bgsave,2,throughput,93932.23,ops/s,True
3,nvhe,redis,r4-bgsave,2,latency_avg,0.722,ms,False
3,nvhe,redis,r4-bgsave,2,latency_p50,0.735,ms,False
3,nvhe,redis,r4-bgsave,2,latency_p95,0.887,ms,False
3,nvhe,redis,r4-bgsave,2,latency_p99,1.479,ms,False
3,nvhe,redis,r4-bgsave,3,throughput,93934.24,ops/s,True
3,nvhe,redis,r4-bgsave,3,latency_avg,0.717,ms,False
3,nvhe,redis,r4-bgsave,3,latency_p50,0.727,ms,False
3,nvhe,redis,r4-bgsave,3,latency_p95,0.887,ms,False
3,nvhe,redis,r4-bgsave,3,latency_p99,1.463,ms,False
3,nvhe,redis,r4-bgsave,4,throughput,93935.01,ops/s,True
3,nvhe,redis,r4-bgsave,4,latency_avg,0.721,ms,False
3,nvhe,redis,r4-bgsave,4,latency_p50,0.735,ms,False
3,nvhe,redis,r4-bgsave,4,latency_p95,0.887,ms,False
3,nvhe,redis,r4-bgsave,4,latency_p99,1.471,ms,False
3,nvhe,redis,r4-bgsave,5,throughput,93935.3,ops/s,True
3,nvhe,redis,r4-bgsave,5,latency_avg,0.716,ms,False
3,nvhe,redis,r4-bgsave,5,latency_p50,0.735,ms,False
3,nvhe,redis,r4-bgsave,5,latency_p95,0.879,ms,False
3,nvhe,redis,r4-bgsave,5,latency_p99,1.463,ms,False
3,nvhe,redis,r1-steady,1,throughput,94001.78,ops/s,True
3,nvhe,redis,r1-steady,1,latency_avg,0.686,ms,False
3,nvhe,redis,r1-steady,1,latency_p50,0.711,ms,False
3,nvhe,redis,r1-steady,1,latency_p95,0.775,ms,False
3,nvhe,redis,r1-steady,1,latency_p99,1.423,ms,False
3,nvhe,redis,r1-steady,2,throughput,94002.57,ops/s,True
3,nvhe,redis,r1-steady,2,latency_avg,0.684,ms,False
3,nvhe,redis,r1-steady,2,latency_p50,0.703,ms,False
3,nvhe,redis,r1-steady,2,latency_p95,0.791,ms,False
3,nvhe,redis,r1-steady,2,latency_p99,1.415,ms,False
3,nvhe,redis,r1-steady,3,throughput,94001.86,ops/s,True
3,nvhe,redis,r1-steady,3,latency_avg,0.689,ms,False
3,nvhe,redis,r1-steady,3,latency_p50,0.719,ms,False
3,nvhe,redis,r1-steady,3,latency_p95,0.783,ms,False
3,nvhe,redis,r1-steady,3,latency_p99,1.423,ms,False
3,nvhe,redis,r1-steady,4,throughput,94003.19,ops/s,True
3,nvhe,redis,r1-steady,4,latency_avg,0.688,ms,False
3,nvhe,redis,r1-steady,4,latency_p50,0.711,ms,False
3,nvhe,redis,r1-steady,4,latency_p95,0.783,ms,False
3,nvhe,redis,r1-steady,4,latency_p99,1.431,ms,False
3,nvhe,redis,r1-steady,5,throughput,94001.49,ops/s,True
3,nvhe,redis,r1-steady,5,latency_avg,0.687,ms,False
3,nvhe,redis,r1-steady,5,latency_p50,0.711,ms,False
3,nvhe,redis,r1-steady,5,latency_p95,0.783,ms,False
3,nvhe,redis,r1-steady,5,latency_p99,1.423,ms,False
3,nvhe,redis,r2-pipeline,1,throughput,622993.4,ops/s,True
3,nvhe,redis,r2-pipeline,1,latency_avg,2.566,ms,False
3,nvhe,redis,r2-pipeline,1,latency_p50,2.111,ms,False
3,nvhe,redis,r2-pipeline,1,latency_p95,3.599,ms,False
3,nvhe,redis,r2-pipeline,1,latency_p99,3.791,ms,False
3,nvhe,redis,r2-pipeline,2,throughput,630051.12,ops/s,True
3,nvhe,redis,r2-pipeline,2,latency_avg,2.537,ms,False
3,nvhe,redis,r2-pipeline,2,latency_p50,2.079,ms,False
3,nvhe,redis,r2-pipeline,2,latency_p95,3.583,ms,False
3,nvhe,redis,r2-pipeline,2,latency_p99,3.775,ms,False
3,nvhe,redis,r2-pipeline,3,throughput,632397.78,ops/s,True
3,nvhe,redis,r2-pipeline,3,latency_avg,2.528,ms,False
3,nvhe,redis,r2-pipeline,3,latency_p50,2.079,ms,False
3,nvhe,redis,r2-pipeline,3,latency_p95,3.583,ms,False
3,nvhe,redis,r2-pipeline,3,latency_p99,3.775,ms,False
3,nvhe,redis,r2-pipeline,4,throughput,631093.44,ops/s,True
3,nvhe,redis,r2-pipeline,4,latency_avg,2.533,ms,False
3,nvhe,redis,r2-pipeline,4,latency_p50,2.079,ms,False
3,nvhe,redis,r2-pipeline,4,latency_p95,3.599,ms,False
3,nvhe,redis,r2-pipeline,4,latency_p99,3.791,ms,False
3,nvhe,redis,r2-pipeline,5,throughput,635517.93,ops/s,True
3,nvhe,redis,r2-pipeline,5,latency_avg,2.516,ms,False
3,nvhe,redis,r2-pipeline,5,latency_p50,2.063,ms,False
3,nvhe,redis,r2-pipeline,5,latency_p95,3.551,ms,False
3,nvhe,redis,r2-pipeline,5,latency_p99,3.743,ms,False
3,nvhe,redis,r3-ttl-eviction,1,throughput,93941.82,ops/s,True
3,nvhe,redis,r3-ttl-eviction,1,latency_avg,0.821,ms,False
3,nvhe,redis,r3-ttl-eviction,1,latency_p50,0.831,ms,False
3,nvhe,redis,r3-ttl-eviction,1,latency_p95,0.975,ms,False
3,nvhe,redis,r3-ttl-eviction,1,latency_p99,1.687,ms,False
3,nvhe,redis,r3-ttl-eviction,2,throughput,93941.8,ops/s,True
3,nvhe,redis,r3-ttl-eviction,2,latency_avg,0.819,ms,False
3,nvhe,redis,r3-ttl-eviction,2,latency_p50,0.831,ms,False
3,nvhe,redis,r3-ttl-eviction,2,latency_p95,0.975,ms,False
3,nvhe,redis,r3-ttl-eviction,2,latency_p99,1.687,ms,False
3,nvhe,redis,r3-ttl-eviction,3,throughput,93940.29,ops/s,True
3,nvhe,redis,r3-ttl-eviction,3,latency_avg,0.824,ms,False
3,nvhe,redis,r3-ttl-eviction,3,latency_p50,0.839,ms,False
3,nvhe,redis,r3-ttl-eviction,3,latency_p95,0.983,ms,False
3,nvhe,redis,r3-ttl-eviction,3,latency_p99,1.695,ms,False
3,nvhe,redis,r3-ttl-eviction,4,throughput,93937.99,ops/s,True
3,nvhe,redis,r3-ttl-eviction,4,latency_avg,0.823,ms,False
3,nvhe,redis,r3-ttl-eviction,4,latency_p50,0.839,ms,False
3,nvhe,redis,r3-ttl-eviction,4,latency_p95,0.983,ms,False
3,nvhe,redis,r3-ttl-eviction,4,latency_p99,1.687,ms,False
3,nvhe,redis,r3-ttl-eviction,5,throughput,93937.09,ops/s,True
3,nvhe,redis,r3-ttl-eviction,5,latency_avg,0.821,ms,False
3,nvhe,redis,r3-ttl-eviction,5,latency_p50,0.831,ms,False
3,nvhe,redis,r3-ttl-eviction,5,latency_p95,0.983,ms,False
3,nvhe,redis,r3-ttl-eviction,5,latency_p99,1.687,ms,False
3,nvhe,rabbitmq,q2-reliable,1,published,51878.0,msg/s,True
3,nvhe,rabbitmq,q2-reliable,1,received,50890.0,msg/s,True
3,nvhe,rabbitmq,q2-reliable,1,consumer_p95,8136459.0,us,False
3,nvhe,rabbitmq,q2-reliable,1,consumer_p99,8204862.0,us,False
3,nvhe,rabbitmq,q2-reliable,1,confirm_p95,158928.0,us,False
3,nvhe,rabbitmq,q2-reliable,1,confirm_p99,202265.0,us,False
3,nvhe,rabbitmq,q2-reliable,2,published,52268.0,msg/s,True
3,nvhe,rabbitmq,q2-reliable,2,received,51829.0,msg/s,True
3,nvhe,rabbitmq,q2-reliable,2,consumer_p95,5560841.0,us,False
3,nvhe,rabbitmq,q2-reliable,2,consumer_p99,5626373.0,us,False
3,nvhe,rabbitmq,q2-reliable,2,confirm_p95,157704.0,us,False
3,nvhe,rabbitmq,q2-reliable,2,confirm_p99,200180.0,us,False
3,nvhe,rabbitmq,q2-reliable,3,published,51460.0,msg/s,True
3,nvhe,rabbitmq,q2-reliable,3,received,50924.0,msg/s,True
3,nvhe,rabbitmq,q2-reliable,3,consumer_p95,9159601.0,us,False
3,nvhe,rabbitmq,q2-reliable,3,consumer_p99,9266905.0,us,False
3,nvhe,rabbitmq,q2-reliable,3,confirm_p95,157636.0,us,False
3,nvhe,rabbitmq,q2-reliable,3,confirm_p99,199883.0,us,False
3,nvhe,rabbitmq,q2-reliable,4,published,51825.0,msg/s,True
3,nvhe,rabbitmq,q2-reliable,4,received,51172.0,msg/s,True
3,nvhe,rabbitmq,q2-reliable,4,consumer_p95,7538650.0,us,False
3,nvhe,rabbitmq,q2-reliable,4,consumer_p99,7634113.0,us,False
3,nvhe,rabbitmq,q2-reliable,4,confirm_p95,157758.0,us,False
3,nvhe,rabbitmq,q2-reliable,4,confirm_p99,197176.0,us,False
3,nvhe,rabbitmq,q2-reliable,5,published,51910.0,msg/s,True
3,nvhe,rabbitmq,q2-reliable,5,received,50332.0,msg/s,True
3,nvhe,rabbitmq,q2-reliable,5,consumer_p95,11357857.0,us,False
3,nvhe,rabbitmq,q2-reliable,5,consumer_p99,11430990.0,us,False
3,nvhe,rabbitmq,q2-reliable,5,confirm_p95,158763.0,us,False
3,nvhe,rabbitmq,q2-reliable,5,confirm_p99,197911.0,us,False
3,nvhe,rabbitmq,q3-rate50,1,published,24402.0,msg/s,True
3,nvhe,rabbitmq,q3-rate50,1,received,24398.0,msg/s,True
3,nvhe,rabbitmq,q3-rate50,1,consumer_p95,801.0,us,False
3,nvhe,rabbitmq,q3-rate50,1,consumer_p99,906.0,us,False
3,nvhe,rabbitmq,q3-rate50,1,confirm_p95,937.0,us,False
3,nvhe,rabbitmq,q3-rate50,1,confirm_p99,1047.0,us,False
3,nvhe,rabbitmq,q3-rate50,2,published,24402.0,msg/s,True
3,nvhe,rabbitmq,q3-rate50,2,received,24401.0,msg/s,True
3,nvhe,rabbitmq,q3-rate50,2,consumer_p95,838.0,us,False
3,nvhe,rabbitmq,q3-rate50,2,consumer_p99,949.0,us,False
3,nvhe,rabbitmq,q3-rate50,2,confirm_p95,978.0,us,False
3,nvhe,rabbitmq,q3-rate50,2,confirm_p99,1125.0,us,False
3,nvhe,rabbitmq,q3-rate50,3,published,24400.0,msg/s,True
3,nvhe,rabbitmq,q3-rate50,3,received,24400.0,msg/s,True
3,nvhe,rabbitmq,q3-rate50,3,consumer_p95,808.0,us,False
3,nvhe,rabbitmq,q3-rate50,3,consumer_p99,909.0,us,False
3,nvhe,rabbitmq,q3-rate50,3,confirm_p95,944.0,us,False
3,nvhe,rabbitmq,q3-rate50,3,confirm_p99,1060.0,us,False
3,nvhe,rabbitmq,q3-rate50,4,published,24404.0,msg/s,True
3,nvhe,rabbitmq,q3-rate50,4,received,24404.0,msg/s,True
3,nvhe,rabbitmq,q3-rate50,4,consumer_p95,814.0,us,False
3,nvhe,rabbitmq,q3-rate50,4,consumer_p99,917.0,us,False
3,nvhe,rabbitmq,q3-rate50,4,confirm_p95,951.0,us,False
3,nvhe,rabbitmq,q3-rate50,4,confirm_p99,1066.0,us,False
3,nvhe,rabbitmq,q3-rate50,5,published,24402.0,msg/s,True
3,nvhe,rabbitmq,q3-rate50,5,received,24403.0,msg/s,True
3,nvhe,rabbitmq,q3-rate50,5,consumer_p95,826.0,us,False
3,nvhe,rabbitmq,q3-rate50,5,consumer_p99,940.0,us,False
3,nvhe,rabbitmq,q3-rate50,5,confirm_p95,967.0,us,False
3,nvhe,rabbitmq,q3-rate50,5,confirm_p99,1112.0,us,False
3,nvhe,rabbitmq,q3-rate70,1,published,34174.0,msg/s,True
3,nvhe,rabbitmq,q3-rate70,1,received,34175.0,msg/s,True
3,nvhe,rabbitmq,q3-rate70,1,consumer_p95,959.0,us,False
3,nvhe,rabbitmq,q3-rate70,1,consumer_p99,1430.0,us,False
3,nvhe,rabbitmq,q3-rate70,1,confirm_p95,1307.0,us,False
3,nvhe,rabbitmq,q3-rate70,1,confirm_p99,1984.0,us,False
3,nvhe,rabbitmq,q3-rate70,2,published,34173.0,msg/s,True
3,nvhe,rabbitmq,q3-rate70,2,received,34172.0,msg/s,True
3,nvhe,rabbitmq,q3-rate70,2,consumer_p95,1025.0,us,False
3,nvhe,rabbitmq,q3-rate70,2,consumer_p99,1461.0,us,False
3,nvhe,rabbitmq,q3-rate70,2,confirm_p95,1440.0,us,False
3,nvhe,rabbitmq,q3-rate70,2,confirm_p99,2063.0,us,False
3,nvhe,rabbitmq,q3-rate70,3,published,34172.0,msg/s,True
3,nvhe,rabbitmq,q3-rate70,3,received,34173.0,msg/s,True
3,nvhe,rabbitmq,q3-rate70,3,consumer_p95,1059.0,us,False
3,nvhe,rabbitmq,q3-rate70,3,consumer_p99,1584.0,us,False
3,nvhe,rabbitmq,q3-rate70,3,confirm_p95,1540.0,us,False
3,nvhe,rabbitmq,q3-rate70,3,confirm_p99,2154.0,us,False
3,nvhe,rabbitmq,q3-rate70,4,published,34172.0,msg/s,True
3,nvhe,rabbitmq,q3-rate70,4,received,34174.0,msg/s,True
3,nvhe,rabbitmq,q3-rate70,4,consumer_p95,1018.0,us,False
3,nvhe,rabbitmq,q3-rate70,4,consumer_p99,1477.0,us,False
3,nvhe,rabbitmq,q3-rate70,4,confirm_p95,1423.0,us,False
3,nvhe,rabbitmq,q3-rate70,4,confirm_p99,2058.0,us,False
3,nvhe,rabbitmq,q3-rate70,5,published,34172.0,msg/s,True
3,nvhe,rabbitmq,q3-rate70,5,received,34172.0,msg/s,True
3,nvhe,rabbitmq,q3-rate70,5,consumer_p95,1122.0,us,False
3,nvhe,rabbitmq,q3-rate70,5,consumer_p99,1627.0,us,False
3,nvhe,rabbitmq,q3-rate70,5,confirm_p95,1671.0,us,False
3,nvhe,rabbitmq,q3-rate70,5,confirm_p99,2214.0,us,False
3,nvhe,rabbitmq,q3-rate85,1,published,41469.0,msg/s,True
3,nvhe,rabbitmq,q3-rate85,1,received,41468.0,msg/s,True
3,nvhe,rabbitmq,q3-rate85,1,consumer_p95,1700.0,us,False
3,nvhe,rabbitmq,q3-rate85,1,consumer_p99,2313.0,us,False
3,nvhe,rabbitmq,q3-rate85,1,confirm_p95,2308.0,us,False
3,nvhe,rabbitmq,q3-rate85,1,confirm_p99,3174.0,us,False
3,nvhe,rabbitmq,q3-rate85,2,published,41470.0,msg/s,True
3,nvhe,rabbitmq,q3-rate85,2,received,41469.0,msg/s,True
3,nvhe,rabbitmq,q3-rate85,2,consumer_p95,1771.0,us,False
3,nvhe,rabbitmq,q3-rate85,2,consumer_p99,2405.0,us,False
3,nvhe,rabbitmq,q3-rate85,2,confirm_p95,2370.0,us,False
3,nvhe,rabbitmq,q3-rate85,2,confirm_p99,3239.0,us,False
3,nvhe,rabbitmq,q3-rate85,3,published,41471.0,msg/s,True
3,nvhe,rabbitmq,q3-rate85,3,received,41473.0,msg/s,True
3,nvhe,rabbitmq,q3-rate85,3,consumer_p95,1805.0,us,False
3,nvhe,rabbitmq,q3-rate85,3,consumer_p99,2463.0,us,False
3,nvhe,rabbitmq,q3-rate85,3,confirm_p95,2412.0,us,False
3,nvhe,rabbitmq,q3-rate85,3,confirm_p99,3309.0,us,False
3,nvhe,rabbitmq,q3-rate85,4,published,41469.0,msg/s,True
3,nvhe,rabbitmq,q3-rate85,4,received,41471.0,msg/s,True
3,nvhe,rabbitmq,q3-rate85,4,consumer_p95,1799.0,us,False
3,nvhe,rabbitmq,q3-rate85,4,consumer_p99,2401.0,us,False
3,nvhe,rabbitmq,q3-rate85,4,confirm_p95,2400.0,us,False
3,nvhe,rabbitmq,q3-rate85,4,confirm_p99,3262.0,us,False
3,nvhe,rabbitmq,q3-rate85,5,published,41468.0,msg/s,True
3,nvhe,rabbitmq,q3-rate85,5,received,41469.0,msg/s,True
3,nvhe,rabbitmq,q3-rate85,5,consumer_p95,1898.0,us,False
3,nvhe,rabbitmq,q3-rate85,5,consumer_p99,2629.0,us,False
3,nvhe,rabbitmq,q3-rate85,5,confirm_p95,2544.0,us,False
3,nvhe,rabbitmq,q3-rate85,5,confirm_p99,3407.0,us,False
3,nvhe,rabbitmq,q4-join-late,1,published,10007.0,msg/s,True
3,nvhe,rabbitmq,q4-join-late,1,received,10006.0,msg/s,True
3,nvhe,rabbitmq,q4-join-late,1,consumer_p95,358.0,us,False
3,nvhe,rabbitmq,q4-join-late,1,consumer_p99,658.0,us,False
3,nvhe,rabbitmq,q4-join-late,1,confirm_p95,672.0,us,False
3,nvhe,rabbitmq,q4-join-late,1,confirm_p99,834.0,us,False
3,nvhe,rabbitmq,q4-join-late,2,published,10008.0,msg/s,True
3,nvhe,rabbitmq,q4-join-late,2,received,10006.0,msg/s,True
3,nvhe,rabbitmq,q4-join-late,2,consumer_p95,390.0,us,False
3,nvhe,rabbitmq,q4-join-late,2,consumer_p99,661.0,us,False
3,nvhe,rabbitmq,q4-join-late,2,confirm_p95,703.0,us,False
3,nvhe,rabbitmq,q4-join-late,2,confirm_p99,845.0,us,False
3,nvhe,rabbitmq,q4-join-late,3,published,10009.0,msg/s,True
3,nvhe,rabbitmq,q4-join-late,3,received,10007.0,msg/s,True
3,nvhe,rabbitmq,q4-join-late,3,consumer_p95,585.0,us,False
3,nvhe,rabbitmq,q4-join-late,3,consumer_p99,680.0,us,False
3,nvhe,rabbitmq,q4-join-late,3,confirm_p95,757.0,us,False
3,nvhe,rabbitmq,q4-join-late,3,confirm_p99,879.0,us,False
3,nvhe,rabbitmq,q4-join-late,4,published,10009.0,msg/s,True
3,nvhe,rabbitmq,q4-join-late,4,received,10007.0,msg/s,True
3,nvhe,rabbitmq,q4-join-late,4,consumer_p95,593.0,us,False
3,nvhe,rabbitmq,q4-join-late,4,consumer_p99,670.0,us,False
3,nvhe,rabbitmq,q4-join-late,4,confirm_p95,765.0,us,False
3,nvhe,rabbitmq,q4-join-late,4,confirm_p99,875.0,us,False
3,nvhe,rabbitmq,q4-join-late,5,published,10009.0,msg/s,True
3,nvhe,rabbitmq,q4-join-late,5,received,10008.0,msg/s,True
3,nvhe,rabbitmq,q4-join-late,5,consumer_p95,572.0,us,False
3,nvhe,rabbitmq,q4-join-late,5,consumer_p99,663.0,us,False
3,nvhe,rabbitmq,q4-join-late,5,confirm_p95,741.0,us,False
3,nvhe,rabbitmq,q4-join-late,5,confirm_p99,853.0,us,False
3,nvhe,rabbitmq,q5-backlog,1,fill_time,17.21,s,False
3,nvhe,rabbitmq,q5-backlog,1,drain_time,13.87,s,False
3,nvhe,rabbitmq,q5-backlog,2,fill_time,17.82,s,False
3,nvhe,rabbitmq,q5-backlog,2,drain_time,13.86,s,False
3,nvhe,rabbitmq,q5-backlog,3,fill_time,17.43,s,False
3,nvhe,rabbitmq,q5-backlog,3,drain_time,16.82,s,False
3,nvhe,rabbitmq,q5-backlog,4,fill_time,17.19,s,False
3,nvhe,rabbitmq,q5-backlog,4,drain_time,12.81,s,False
3,nvhe,rabbitmq,q5-backlog,5,fill_time,17.01,s,False
3,nvhe,rabbitmq,q5-backlog,5,drain_time,12.79,s,False
3,nvhe,rabbitmq,q1-one-fast,1,published,70807.0,msg/s,True
3,nvhe,rabbitmq,q1-one-fast,1,received,70812.0,msg/s,True
3,nvhe,rabbitmq,q1-one-fast,1,consumer_p95,14320.0,us,False
3,nvhe,rabbitmq,q1-one-fast,1,consumer_p99,16595.0,us,False
3,nvhe,rabbitmq,q1-one-fast,2,published,72736.0,msg/s,True
3,nvhe,rabbitmq,q1-one-fast,2,received,72728.0,msg/s,True
3,nvhe,rabbitmq,q1-one-fast,2,consumer_p95,13254.0,us,False
3,nvhe,rabbitmq,q1-one-fast,2,consumer_p99,15606.0,us,False
3,nvhe,rabbitmq,q1-one-fast,3,published,69181.0,msg/s,True
3,nvhe,rabbitmq,q1-one-fast,3,received,69216.0,msg/s,True
3,nvhe,rabbitmq,q1-one-fast,3,consumer_p95,14792.0,us,False
3,nvhe,rabbitmq,q1-one-fast,3,consumer_p99,17220.0,us,False
3,nvhe,rabbitmq,q1-one-fast,4,published,64265.0,msg/s,True
3,nvhe,rabbitmq,q1-one-fast,4,received,64238.0,msg/s,True
3,nvhe,rabbitmq,q1-one-fast,4,consumer_p95,16864.0,us,False
3,nvhe,rabbitmq,q1-one-fast,4,consumer_p99,19166.0,us,False
3,nvhe,rabbitmq,q1-one-fast,5,published,65584.0,msg/s,True
3,nvhe,rabbitmq,q1-one-fast,5,received,65612.0,msg/s,True
3,nvhe,rabbitmq,q1-one-fast,5,consumer_p95,16506.0,us,False
3,nvhe,rabbitmq,q1-one-fast,5,consumer_p99,18835.0,us,False
3,nvhe,geekbench,cpu,1,wall_time,398.23,s,False
3,nvhe,geekbench,cpu,2,wall_time,399.36,s,False
3,nvhe,geekbench,cpu,3,wall_time,400.2,s,False
3,nvhe,geekbench,cpu,4,wall_time,400.74,s,False
3,nvhe,geekbench,cpu,5,wall_time,400.81,s,False
3,protected,redis,r4-bgsave,1,throughput,93931.6,ops/s,True
3,protected,redis,r4-bgsave,1,latency_avg,0.729,ms,False
3,protected,redis,r4-bgsave,1,latency_p50,0.743,ms,False
3,protected,redis,r4-bgsave,1,latency_p95,0.903,ms,False
3,protected,redis,r4-bgsave,1,latency_p99,1.487,ms,False
3,protected,redis,r4-bgsave,2,throughput,93933.35,ops/s,True
3,protected,redis,r4-bgsave,2,latency_avg,0.728,ms,False
3,protected,redis,r4-bgsave,2,latency_p50,0.743,ms,False
3,protected,redis,r4-bgsave,2,latency_p95,0.895,ms,False
3,protected,redis,r4-bgsave,2,latency_p99,1.487,ms,False
3,protected,redis,r4-bgsave,3,throughput,93928.18,ops/s,True
3,protected,redis,r4-bgsave,3,latency_avg,0.73,ms,False
3,protected,redis,r4-bgsave,3,latency_p50,0.743,ms,False
3,protected,redis,r4-bgsave,3,latency_p95,0.903,ms,False
3,protected,redis,r4-bgsave,3,latency_p99,1.495,ms,False
3,protected,redis,r4-bgsave,4,throughput,93930.7,ops/s,True
3,protected,redis,r4-bgsave,4,latency_avg,0.729,ms,False
3,protected,redis,r4-bgsave,4,latency_p50,0.743,ms,False
3,protected,redis,r4-bgsave,4,latency_p95,0.895,ms,False
3,protected,redis,r4-bgsave,4,latency_p99,1.487,ms,False
3,protected,redis,r4-bgsave,5,throughput,93932.33,ops/s,True
3,protected,redis,r4-bgsave,5,latency_avg,0.729,ms,False
3,protected,redis,r4-bgsave,5,latency_p50,0.743,ms,False
3,protected,redis,r4-bgsave,5,latency_p95,0.895,ms,False
3,protected,redis,r4-bgsave,5,latency_p99,1.487,ms,False
3,protected,redis,r1-steady,1,throughput,94003.74,ops/s,True
3,protected,redis,r1-steady,1,latency_avg,0.697,ms,False
3,protected,redis,r1-steady,1,latency_p50,0.719,ms,False
3,protected,redis,r1-steady,1,latency_p95,0.791,ms,False
3,protected,redis,r1-steady,1,latency_p99,1.439,ms,False
3,protected,redis,r1-steady,2,throughput,94000.47,ops/s,True
3,protected,redis,r1-steady,2,latency_avg,0.695,ms,False
3,protected,redis,r1-steady,2,latency_p50,0.719,ms,False
3,protected,redis,r1-steady,2,latency_p95,0.799,ms,False
3,protected,redis,r1-steady,2,latency_p99,1.439,ms,False
3,protected,redis,r1-steady,3,throughput,94004.22,ops/s,True
3,protected,redis,r1-steady,3,latency_avg,0.694,ms,False
3,protected,redis,r1-steady,3,latency_p50,0.719,ms,False
3,protected,redis,r1-steady,3,latency_p95,0.791,ms,False
3,protected,redis,r1-steady,3,latency_p99,1.439,ms,False
3,protected,redis,r1-steady,4,throughput,94003.65,ops/s,True
3,protected,redis,r1-steady,4,latency_avg,0.696,ms,False
3,protected,redis,r1-steady,4,latency_p50,0.719,ms,False
3,protected,redis,r1-steady,4,latency_p95,0.799,ms,False
3,protected,redis,r1-steady,4,latency_p99,1.439,ms,False
3,protected,redis,r1-steady,5,throughput,94002.81,ops/s,True
3,protected,redis,r1-steady,5,latency_avg,0.697,ms,False
3,protected,redis,r1-steady,5,latency_p50,0.719,ms,False
3,protected,redis,r1-steady,5,latency_p95,0.799,ms,False
3,protected,redis,r1-steady,5,latency_p99,1.439,ms,False
3,protected,redis,r2-pipeline,1,throughput,619269.24,ops/s,True
3,protected,redis,r2-pipeline,1,latency_avg,2.582,ms,False
3,protected,redis,r2-pipeline,1,latency_p50,2.111,ms,False
3,protected,redis,r2-pipeline,1,latency_p95,3.663,ms,False
3,protected,redis,r2-pipeline,1,latency_p99,3.855,ms,False
3,protected,redis,r2-pipeline,2,throughput,623638.98,ops/s,True
3,protected,redis,r2-pipeline,2,latency_avg,2.563,ms,False
3,protected,redis,r2-pipeline,2,latency_p50,2.111,ms,False
3,protected,redis,r2-pipeline,2,latency_p95,3.599,ms,False
3,protected,redis,r2-pipeline,2,latency_p99,3.791,ms,False
3,protected,redis,r2-pipeline,3,throughput,618541.78,ops/s,True
3,protected,redis,r2-pipeline,3,latency_avg,2.584,ms,False
3,protected,redis,r2-pipeline,3,latency_p50,2.127,ms,False
3,protected,redis,r2-pipeline,3,latency_p95,3.631,ms,False
3,protected,redis,r2-pipeline,3,latency_p99,3.839,ms,False
3,protected,redis,r2-pipeline,4,throughput,618795.25,ops/s,True
3,protected,redis,r2-pipeline,4,latency_avg,2.584,ms,False
3,protected,redis,r2-pipeline,4,latency_p50,2.111,ms,False
3,protected,redis,r2-pipeline,4,latency_p95,3.647,ms,False
3,protected,redis,r2-pipeline,4,latency_p99,3.839,ms,False
3,protected,redis,r2-pipeline,5,throughput,622905.88,ops/s,True
3,protected,redis,r2-pipeline,5,latency_avg,2.566,ms,False
3,protected,redis,r2-pipeline,5,latency_p50,2.111,ms,False
3,protected,redis,r2-pipeline,5,latency_p95,3.599,ms,False
3,protected,redis,r2-pipeline,5,latency_p99,3.791,ms,False
3,protected,redis,r3-ttl-eviction,1,throughput,93885.39,ops/s,True
3,protected,redis,r3-ttl-eviction,1,latency_avg,0.838,ms,False
3,protected,redis,r3-ttl-eviction,1,latency_p50,0.847,ms,False
3,protected,redis,r3-ttl-eviction,1,latency_p95,0.999,ms,False
3,protected,redis,r3-ttl-eviction,1,latency_p99,1.719,ms,False
3,protected,redis,r3-ttl-eviction,2,throughput,93895.27,ops/s,True
3,protected,redis,r3-ttl-eviction,2,latency_avg,0.836,ms,False
3,protected,redis,r3-ttl-eviction,2,latency_p50,0.847,ms,False
3,protected,redis,r3-ttl-eviction,2,latency_p95,0.999,ms,False
3,protected,redis,r3-ttl-eviction,2,latency_p99,1.719,ms,False
3,protected,redis,r3-ttl-eviction,3,throughput,93878.27,ops/s,True
3,protected,redis,r3-ttl-eviction,3,latency_avg,0.839,ms,False
3,protected,redis,r3-ttl-eviction,3,latency_p50,0.847,ms,False
3,protected,redis,r3-ttl-eviction,3,latency_p95,1.007,ms,False
3,protected,redis,r3-ttl-eviction,3,latency_p99,1.719,ms,False
3,protected,redis,r3-ttl-eviction,4,throughput,93887.16,ops/s,True
3,protected,redis,r3-ttl-eviction,4,latency_avg,0.84,ms,False
3,protected,redis,r3-ttl-eviction,4,latency_p50,0.847,ms,False
3,protected,redis,r3-ttl-eviction,4,latency_p95,1.015,ms,False
3,protected,redis,r3-ttl-eviction,4,latency_p99,1.719,ms,False
3,protected,redis,r3-ttl-eviction,5,throughput,93884.08,ops/s,True
3,protected,redis,r3-ttl-eviction,5,latency_avg,0.838,ms,False
3,protected,redis,r3-ttl-eviction,5,latency_p50,0.847,ms,False
3,protected,redis,r3-ttl-eviction,5,latency_p95,0.991,ms,False
3,protected,redis,r3-ttl-eviction,5,latency_p99,1.719,ms,False
3,protected,rabbitmq,q2-reliable,1,published,50022.0,msg/s,True
3,protected,rabbitmq,q2-reliable,1,received,48174.0,msg/s,True
3,protected,rabbitmq,q2-reliable,1,consumer_p95,11913617.0,us,False
3,protected,rabbitmq,q2-reliable,1,consumer_p99,12015307.0,us,False
3,protected,rabbitmq,q2-reliable,1,confirm_p95,162970.0,us,False
3,protected,rabbitmq,q2-reliable,1,confirm_p99,208250.0,us,False
3,protected,rabbitmq,q2-reliable,2,published,49965.0,msg/s,True
3,protected,rabbitmq,q2-reliable,2,received,48684.0,msg/s,True
3,protected,rabbitmq,q2-reliable,2,consumer_p95,9768529.0,us,False
3,protected,rabbitmq,q2-reliable,2,consumer_p99,9850539.0,us,False
3,protected,rabbitmq,q2-reliable,2,confirm_p95,163924.0,us,False
3,protected,rabbitmq,q2-reliable,2,confirm_p99,209666.0,us,False
3,protected,rabbitmq,q2-reliable,3,published,50130.0,msg/s,True
3,protected,rabbitmq,q2-reliable,3,received,49544.0,msg/s,True
3,protected,rabbitmq,q2-reliable,3,consumer_p95,8938437.0,us,False
3,protected,rabbitmq,q2-reliable,3,consumer_p99,9103796.0,us,False
3,protected,rabbitmq,q2-reliable,3,confirm_p95,164580.0,us,False
3,protected,rabbitmq,q2-reliable,3,confirm_p99,206667.0,us,False
3,protected,rabbitmq,q2-reliable,4,published,50892.0,msg/s,True
3,protected,rabbitmq,q2-reliable,4,received,49823.0,msg/s,True
3,protected,rabbitmq,q2-reliable,4,consumer_p95,7069378.0,us,False
3,protected,rabbitmq,q2-reliable,4,consumer_p99,7163578.0,us,False
3,protected,rabbitmq,q2-reliable,4,confirm_p95,160515.0,us,False
3,protected,rabbitmq,q2-reliable,4,confirm_p99,202844.0,us,False
3,protected,rabbitmq,q2-reliable,5,published,50642.0,msg/s,True
3,protected,rabbitmq,q2-reliable,5,received,50027.0,msg/s,True
3,protected,rabbitmq,q2-reliable,5,consumer_p95,7846141.0,us,False
3,protected,rabbitmq,q2-reliable,5,consumer_p99,7914043.0,us,False
3,protected,rabbitmq,q2-reliable,5,confirm_p95,160634.0,us,False
3,protected,rabbitmq,q2-reliable,5,confirm_p99,204283.0,us,False
3,protected,rabbitmq,q3-rate50,1,published,24403.0,msg/s,True
3,protected,rabbitmq,q3-rate50,1,received,24406.0,msg/s,True
3,protected,rabbitmq,q3-rate50,1,consumer_p95,820.0,us,False
3,protected,rabbitmq,q3-rate50,1,consumer_p99,929.0,us,False
3,protected,rabbitmq,q3-rate50,1,confirm_p95,961.0,us,False
3,protected,rabbitmq,q3-rate50,1,confirm_p99,1095.0,us,False
3,protected,rabbitmq,q3-rate50,2,published,24402.0,msg/s,True
3,protected,rabbitmq,q3-rate50,2,received,24401.0,msg/s,True
3,protected,rabbitmq,q3-rate50,2,consumer_p95,812.0,us,False
3,protected,rabbitmq,q3-rate50,2,consumer_p99,924.0,us,False
3,protected,rabbitmq,q3-rate50,2,confirm_p95,952.0,us,False
3,protected,rabbitmq,q3-rate50,2,confirm_p99,1081.0,us,False
3,protected,rabbitmq,q3-rate50,3,published,24401.0,msg/s,True
3,protected,rabbitmq,q3-rate50,3,received,24398.0,msg/s,True
3,protected,rabbitmq,q3-rate50,3,consumer_p95,815.0,us,False
3,protected,rabbitmq,q3-rate50,3,consumer_p99,924.0,us,False
3,protected,rabbitmq,q3-rate50,3,confirm_p95,957.0,us,False
3,protected,rabbitmq,q3-rate50,3,confirm_p99,1093.0,us,False
3,protected,rabbitmq,q3-rate50,4,published,24403.0,msg/s,True
3,protected,rabbitmq,q3-rate50,4,received,24399.0,msg/s,True
3,protected,rabbitmq,q3-rate50,4,consumer_p95,840.0,us,False
3,protected,rabbitmq,q3-rate50,4,consumer_p99,950.0,us,False
3,protected,rabbitmq,q3-rate50,4,confirm_p95,984.0,us,False
3,protected,rabbitmq,q3-rate50,4,confirm_p99,1130.0,us,False
3,protected,rabbitmq,q3-rate50,5,published,24405.0,msg/s,True
3,protected,rabbitmq,q3-rate50,5,received,24401.0,msg/s,True
3,protected,rabbitmq,q3-rate50,5,consumer_p95,849.0,us,False
3,protected,rabbitmq,q3-rate50,5,consumer_p99,957.0,us,False
3,protected,rabbitmq,q3-rate50,5,confirm_p95,991.0,us,False
3,protected,rabbitmq,q3-rate50,5,confirm_p99,1140.0,us,False
3,protected,rabbitmq,q3-rate70,1,published,34174.0,msg/s,True
3,protected,rabbitmq,q3-rate70,1,received,34170.0,msg/s,True
3,protected,rabbitmq,q3-rate70,1,consumer_p95,968.0,us,False
3,protected,rabbitmq,q3-rate70,1,consumer_p99,1239.0,us,False
3,protected,rabbitmq,q3-rate70,1,confirm_p95,1314.0,us,False
3,protected,rabbitmq,q3-rate70,1,confirm_p99,1893.0,us,False
3,protected,rabbitmq,q3-rate70,2,published,34174.0,msg/s,True
3,protected,rabbitmq,q3-rate70,2,received,34174.0,msg/s,True
3,protected,rabbitmq,q3-rate70,2,consumer_p95,1029.0,us,False
3,protected,rabbitmq,q3-rate70,2,consumer_p99,1472.0,us,False
3,protected,rabbitmq,q3-rate70,2,confirm_p95,1468.0,us,False
3,protected,rabbitmq,q3-rate70,2,confirm_p99,2076.0,us,False
3,protected,rabbitmq,q3-rate70,3,published,34175.0,msg/s,True
3,protected,rabbitmq,q3-rate70,3,received,34176.0,msg/s,True
3,protected,rabbitmq,q3-rate70,3,consumer_p95,1106.0,us,False
3,protected,rabbitmq,q3-rate70,3,consumer_p99,1639.0,us,False
3,protected,rabbitmq,q3-rate70,3,confirm_p95,1626.0,us,False
3,protected,rabbitmq,q3-rate70,3,confirm_p99,2167.0,us,False
3,protected,rabbitmq,q3-rate70,4,published,34175.0,msg/s,True
3,protected,rabbitmq,q3-rate70,4,received,34174.0,msg/s,True
3,protected,rabbitmq,q3-rate70,4,consumer_p95,1026.0,us,False
3,protected,rabbitmq,q3-rate70,4,consumer_p99,1461.0,us,False
3,protected,rabbitmq,q3-rate70,4,confirm_p95,1455.0,us,False
3,protected,rabbitmq,q3-rate70,4,confirm_p99,2049.0,us,False
3,protected,rabbitmq,q3-rate70,5,published,34176.0,msg/s,True
3,protected,rabbitmq,q3-rate70,5,received,34174.0,msg/s,True
3,protected,rabbitmq,q3-rate70,5,consumer_p95,1046.0,us,False
3,protected,rabbitmq,q3-rate70,5,consumer_p99,1513.0,us,False
3,protected,rabbitmq,q3-rate70,5,confirm_p95,1500.0,us,False
3,protected,rabbitmq,q3-rate70,5,confirm_p99,2093.0,us,False
3,protected,rabbitmq,q3-rate85,1,published,41469.0,msg/s,True
3,protected,rabbitmq,q3-rate85,1,received,41468.0,msg/s,True
3,protected,rabbitmq,q3-rate85,1,consumer_p95,2337.0,us,False
3,protected,rabbitmq,q3-rate85,1,consumer_p99,3178.0,us,False
3,protected,rabbitmq,q3-rate85,1,confirm_p95,3100.0,us,False
3,protected,rabbitmq,q3-rate85,1,confirm_p99,4208.0,us,False
3,protected,rabbitmq,q3-rate85,2,published,41469.0,msg/s,True
3,protected,rabbitmq,q3-rate85,2,received,41472.0,msg/s,True
3,protected,rabbitmq,q3-rate85,2,consumer_p95,2343.0,us,False
3,protected,rabbitmq,q3-rate85,2,consumer_p99,3219.0,us,False
3,protected,rabbitmq,q3-rate85,2,confirm_p95,3123.0,us,False
3,protected,rabbitmq,q3-rate85,2,confirm_p99,4212.0,us,False
3,protected,rabbitmq,q3-rate85,3,published,41473.0,msg/s,True
3,protected,rabbitmq,q3-rate85,3,received,41472.0,msg/s,True
3,protected,rabbitmq,q3-rate85,3,consumer_p95,2159.0,us,False
3,protected,rabbitmq,q3-rate85,3,consumer_p99,2981.0,us,False
3,protected,rabbitmq,q3-rate85,3,confirm_p95,2897.0,us,False
3,protected,rabbitmq,q3-rate85,3,confirm_p99,3869.0,us,False
3,protected,rabbitmq,q3-rate85,4,published,41472.0,msg/s,True
3,protected,rabbitmq,q3-rate85,4,received,41471.0,msg/s,True
3,protected,rabbitmq,q3-rate85,4,consumer_p95,2061.0,us,False
3,protected,rabbitmq,q3-rate85,4,consumer_p99,2830.0,us,False
3,protected,rabbitmq,q3-rate85,4,confirm_p95,2772.0,us,False
3,protected,rabbitmq,q3-rate85,4,confirm_p99,3720.0,us,False
3,protected,rabbitmq,q3-rate85,5,published,41468.0,msg/s,True
3,protected,rabbitmq,q3-rate85,5,received,41470.0,msg/s,True
3,protected,rabbitmq,q3-rate85,5,consumer_p95,2231.0,us,False
3,protected,rabbitmq,q3-rate85,5,consumer_p99,3040.0,us,False
3,protected,rabbitmq,q3-rate85,5,confirm_p95,2986.0,us,False
3,protected,rabbitmq,q3-rate85,5,confirm_p99,3989.0,us,False
3,protected,rabbitmq,q4-join-late,1,published,10009.0,msg/s,True
3,protected,rabbitmq,q4-join-late,1,received,10008.0,msg/s,True
3,protected,rabbitmq,q4-join-late,1,consumer_p95,595.0,us,False
3,protected,rabbitmq,q4-join-late,1,consumer_p99,684.0,us,False
3,protected,rabbitmq,q4-join-late,1,confirm_p95,763.0,us,False
3,protected,rabbitmq,q4-join-late,1,confirm_p99,885.0,us,False
3,protected,rabbitmq,q4-join-late,2,published,10008.0,msg/s,True
3,protected,rabbitmq,q4-join-late,2,received,10007.0,msg/s,True
3,protected,rabbitmq,q4-join-late,2,consumer_p95,394.0,us,False
3,protected,rabbitmq,q4-join-late,2,consumer_p99,669.0,us,False
3,protected,rabbitmq,q4-join-late,2,confirm_p95,724.0,us,False
3,protected,rabbitmq,q4-join-late,2,confirm_p99,861.0,us,False
3,protected,rabbitmq,q4-join-late,3,published,10009.0,msg/s,True
3,protected,rabbitmq,q4-join-late,3,received,10006.0,msg/s,True
3,protected,rabbitmq,q4-join-late,3,consumer_p95,358.0,us,False
3,protected,rabbitmq,q4-join-late,3,consumer_p99,662.0,us,False
3,protected,rabbitmq,q4-join-late,3,confirm_p95,692.0,us,False
3,protected,rabbitmq,q4-join-late,3,confirm_p99,856.0,us,False
3,protected,rabbitmq,q4-join-late,4,published,10009.0,msg/s,True
3,protected,rabbitmq,q4-join-late,4,received,10007.0,msg/s,True
3,protected,rabbitmq,q4-join-late,4,consumer_p95,587.0,us,False
3,protected,rabbitmq,q4-join-late,4,consumer_p99,673.0,us,False
3,protected,rabbitmq,q4-join-late,4,confirm_p95,754.0,us,False
3,protected,rabbitmq,q4-join-late,4,confirm_p99,876.0,us,False
3,protected,rabbitmq,q4-join-late,5,published,10009.0,msg/s,True
3,protected,rabbitmq,q4-join-late,5,received,10008.0,msg/s,True
3,protected,rabbitmq,q4-join-late,5,consumer_p95,589.0,us,False
3,protected,rabbitmq,q4-join-late,5,consumer_p99,668.0,us,False
3,protected,rabbitmq,q4-join-late,5,confirm_p95,761.0,us,False
3,protected,rabbitmq,q4-join-late,5,confirm_p99,881.0,us,False
3,protected,rabbitmq,q5-backlog,1,fill_time,17.46,s,False
3,protected,rabbitmq,q5-backlog,1,drain_time,14.82,s,False
3,protected,rabbitmq,q5-backlog,2,fill_time,17.63,s,False
3,protected,rabbitmq,q5-backlog,2,drain_time,13.84,s,False
3,protected,rabbitmq,q5-backlog,3,fill_time,17.52,s,False
3,protected,rabbitmq,q5-backlog,3,drain_time,12.82,s,False
3,protected,rabbitmq,q5-backlog,4,fill_time,17.62,s,False
3,protected,rabbitmq,q5-backlog,4,drain_time,17.88,s,False
3,protected,rabbitmq,q5-backlog,5,fill_time,17.6,s,False
3,protected,rabbitmq,q5-backlog,5,drain_time,15.79,s,False
3,protected,rabbitmq,q1-one-fast,1,published,70939.0,msg/s,True
3,protected,rabbitmq,q1-one-fast,1,received,70978.0,msg/s,True
3,protected,rabbitmq,q1-one-fast,1,consumer_p95,13616.0,us,False
3,protected,rabbitmq,q1-one-fast,1,consumer_p99,15740.0,us,False
3,protected,rabbitmq,q1-one-fast,2,published,61938.0,msg/s,True
3,protected,rabbitmq,q1-one-fast,2,received,62044.0,msg/s,True
3,protected,rabbitmq,q1-one-fast,2,consumer_p95,18015.0,us,False
3,protected,rabbitmq,q1-one-fast,2,consumer_p99,20241.0,us,False
3,protected,rabbitmq,q1-one-fast,3,published,71306.0,msg/s,True
3,protected,rabbitmq,q1-one-fast,3,received,71320.0,msg/s,True
3,protected,rabbitmq,q1-one-fast,3,consumer_p95,13759.0,us,False
3,protected,rabbitmq,q1-one-fast,3,consumer_p99,15797.0,us,False
3,protected,rabbitmq,q1-one-fast,4,published,69157.0,msg/s,True
3,protected,rabbitmq,q1-one-fast,4,received,69159.0,msg/s,True
3,protected,rabbitmq,q1-one-fast,4,consumer_p95,14550.0,us,False
3,protected,rabbitmq,q1-one-fast,4,consumer_p99,16694.0,us,False
3,protected,rabbitmq,q1-one-fast,5,published,65587.0,msg/s,True
3,protected,rabbitmq,q1-one-fast,5,received,65552.0,msg/s,True
3,protected,rabbitmq,q1-one-fast,5,consumer_p95,14814.0,us,False
3,protected,rabbitmq,q1-one-fast,5,consumer_p99,16881.0,us,False
3,protected,geekbench,cpu,1,wall_time,400.33,s,False
3,protected,geekbench,cpu,2,wall_time,400.12,s,False
3,protected,geekbench,cpu,3,wall_time,400.24,s,False
3,protected,geekbench,cpu,4,wall_time,400.18,s,False
3,protected,geekbench,cpu,5,wall_time,400.87,s,False
4,nvhe,redis,r4-bgsave,1,throughput,93932.92,ops/s,True
4,nvhe,redis,r4-bgsave,1,latency_avg,0.721,ms,False
4,nvhe,redis,r4-bgsave,1,latency_p50,0.735,ms,False
4,nvhe,redis,r4-bgsave,1,latency_p95,0.887,ms,False
4,nvhe,redis,r4-bgsave,1,latency_p99,1.471,ms,False
4,nvhe,redis,r4-bgsave,2,throughput,93935.9,ops/s,True
4,nvhe,redis,r4-bgsave,2,latency_avg,0.72,ms,False
4,nvhe,redis,r4-bgsave,2,latency_p50,0.735,ms,False
4,nvhe,redis,r4-bgsave,2,latency_p95,0.887,ms,False
4,nvhe,redis,r4-bgsave,2,latency_p99,1.471,ms,False
4,nvhe,redis,r4-bgsave,3,throughput,93936.65,ops/s,True
4,nvhe,redis,r4-bgsave,3,latency_avg,0.723,ms,False
4,nvhe,redis,r4-bgsave,3,latency_p50,0.743,ms,False
4,nvhe,redis,r4-bgsave,3,latency_p95,0.887,ms,False
4,nvhe,redis,r4-bgsave,3,latency_p99,1.487,ms,False
4,nvhe,redis,r4-bgsave,4,throughput,93935.62,ops/s,True
4,nvhe,redis,r4-bgsave,4,latency_avg,0.723,ms,False
4,nvhe,redis,r4-bgsave,4,latency_p50,0.743,ms,False
4,nvhe,redis,r4-bgsave,4,latency_p95,0.887,ms,False
4,nvhe,redis,r4-bgsave,4,latency_p99,1.479,ms,False
4,nvhe,redis,r4-bgsave,5,throughput,93933.72,ops/s,True
4,nvhe,redis,r4-bgsave,5,latency_avg,0.722,ms,False
4,nvhe,redis,r4-bgsave,5,latency_p50,0.735,ms,False
4,nvhe,redis,r4-bgsave,5,latency_p95,0.887,ms,False
4,nvhe,redis,r4-bgsave,5,latency_p99,1.471,ms,False
4,nvhe,redis,r1-steady,1,throughput,94002.84,ops/s,True
4,nvhe,redis,r1-steady,1,latency_avg,0.69,ms,False
4,nvhe,redis,r1-steady,1,latency_p50,0.719,ms,False
4,nvhe,redis,r1-steady,1,latency_p95,0.775,ms,False
4,nvhe,redis,r1-steady,1,latency_p99,1.431,ms,False
4,nvhe,redis,r1-steady,2,throughput,94004.57,ops/s,True
4,nvhe,redis,r1-steady,2,latency_avg,0.69,ms,False
4,nvhe,redis,r1-steady,2,latency_p50,0.719,ms,False
4,nvhe,redis,r1-steady,2,latency_p95,0.783,ms,False
4,nvhe,redis,r1-steady,2,latency_p99,1.431,ms,False
4,nvhe,redis,r1-steady,3,throughput,94004.44,ops/s,True
4,nvhe,redis,r1-steady,3,latency_avg,0.686,ms,False
4,nvhe,redis,r1-steady,3,latency_p50,0.711,ms,False
4,nvhe,redis,r1-steady,3,latency_p95,0.775,ms,False
4,nvhe,redis,r1-steady,3,latency_p99,1.423,ms,False
4,nvhe,redis,r1-steady,4,throughput,94001.84,ops/s,True
4,nvhe,redis,r1-steady,4,latency_avg,0.687,ms,False
4,nvhe,redis,r1-steady,4,latency_p50,0.719,ms,False
4,nvhe,redis,r1-steady,4,latency_p95,0.775,ms,False
4,nvhe,redis,r1-steady,4,latency_p99,1.431,ms,False
4,nvhe,redis,r1-steady,5,throughput,94003.29,ops/s,True
4,nvhe,redis,r1-steady,5,latency_avg,0.688,ms,False
4,nvhe,redis,r1-steady,5,latency_p50,0.719,ms,False
4,nvhe,redis,r1-steady,5,latency_p95,0.775,ms,False
4,nvhe,redis,r1-steady,5,latency_p99,1.431,ms,False
4,nvhe,redis,r2-pipeline,1,throughput,631568.74,ops/s,True
4,nvhe,redis,r2-pipeline,1,latency_avg,2.531,ms,False
4,nvhe,redis,r2-pipeline,1,latency_p50,2.079,ms,False
4,nvhe,redis,r2-pipeline,1,latency_p95,3.583,ms,False
4,nvhe,redis,r2-pipeline,1,latency_p99,3.775,ms,False
4,nvhe,redis,r2-pipeline,2,throughput,635175.59,ops/s,True
4,nvhe,redis,r2-pipeline,2,latency_avg,2.517,ms,False
4,nvhe,redis,r2-pipeline,2,latency_p50,2.063,ms,False
4,nvhe,redis,r2-pipeline,2,latency_p95,3.567,ms,False
4,nvhe,redis,r2-pipeline,2,latency_p99,3.743,ms,False
4,nvhe,redis,r2-pipeline,3,throughput,631095.02,ops/s,True
4,nvhe,redis,r2-pipeline,3,latency_avg,2.533,ms,False
4,nvhe,redis,r2-pipeline,3,latency_p50,2.079,ms,False
4,nvhe,redis,r2-pipeline,3,latency_p95,3.583,ms,False
4,nvhe,redis,r2-pipeline,3,latency_p99,3.775,ms,False
4,nvhe,redis,r2-pipeline,4,throughput,630952.6,ops/s,True
4,nvhe,redis,r2-pipeline,4,latency_avg,2.534,ms,False
4,nvhe,redis,r2-pipeline,4,latency_p50,2.079,ms,False
4,nvhe,redis,r2-pipeline,4,latency_p95,3.599,ms,False
4,nvhe,redis,r2-pipeline,4,latency_p99,3.791,ms,False
4,nvhe,redis,r2-pipeline,5,throughput,632072.82,ops/s,True
4,nvhe,redis,r2-pipeline,5,latency_avg,2.529,ms,False
4,nvhe,redis,r2-pipeline,5,latency_p50,2.079,ms,False
4,nvhe,redis,r2-pipeline,5,latency_p95,3.583,ms,False
4,nvhe,redis,r2-pipeline,5,latency_p99,3.775,ms,False
4,nvhe,redis,r3-ttl-eviction,1,throughput,93932.49,ops/s,True
4,nvhe,redis,r3-ttl-eviction,1,latency_avg,0.824,ms,False
4,nvhe,redis,r3-ttl-eviction,1,latency_p50,0.839,ms,False
4,nvhe,redis,r3-ttl-eviction,1,latency_p95,0.975,ms,False
4,nvhe,redis,r3-ttl-eviction,1,latency_p99,1.695,ms,False
4,nvhe,redis,r3-ttl-eviction,2,throughput,93932.99,ops/s,True
4,nvhe,redis,r3-ttl-eviction,2,latency_avg,0.823,ms,False
4,nvhe,redis,r3-ttl-eviction,2,latency_p50,0.839,ms,False
4,nvhe,redis,r3-ttl-eviction,2,latency_p95,0.975,ms,False
4,nvhe,redis,r3-ttl-eviction,2,latency_p99,1.695,ms,False
4,nvhe,redis,r3-ttl-eviction,3,throughput,93934.95,ops/s,True
4,nvhe,redis,r3-ttl-eviction,3,latency_avg,0.823,ms,False
4,nvhe,redis,r3-ttl-eviction,3,latency_p50,0.839,ms,False
4,nvhe,redis,r3-ttl-eviction,3,latency_p95,0.975,ms,False
4,nvhe,redis,r3-ttl-eviction,3,latency_p99,1.695,ms,False
4,nvhe,redis,r3-ttl-eviction,4,throughput,93935.64,ops/s,True
4,nvhe,redis,r3-ttl-eviction,4,latency_avg,0.825,ms,False
4,nvhe,redis,r3-ttl-eviction,4,latency_p50,0.839,ms,False
4,nvhe,redis,r3-ttl-eviction,4,latency_p95,0.975,ms,False
4,nvhe,redis,r3-ttl-eviction,4,latency_p99,1.695,ms,False
4,nvhe,redis,r3-ttl-eviction,5,throughput,93935.02,ops/s,True
4,nvhe,redis,r3-ttl-eviction,5,latency_avg,0.823,ms,False
4,nvhe,redis,r3-ttl-eviction,5,latency_p50,0.839,ms,False
4,nvhe,redis,r3-ttl-eviction,5,latency_p95,0.975,ms,False
4,nvhe,redis,r3-ttl-eviction,5,latency_p99,1.695,ms,False
4,nvhe,rabbitmq,q2-reliable,1,published,51729.0,msg/s,True
4,nvhe,rabbitmq,q2-reliable,1,received,50797.0,msg/s,True
4,nvhe,rabbitmq,q2-reliable,1,consumer_p95,8101395.0,us,False
4,nvhe,rabbitmq,q2-reliable,1,consumer_p99,8147237.0,us,False
4,nvhe,rabbitmq,q2-reliable,1,confirm_p95,158128.0,us,False
4,nvhe,rabbitmq,q2-reliable,1,confirm_p99,199808.0,us,False
4,nvhe,rabbitmq,q2-reliable,2,published,51480.0,msg/s,True
4,nvhe,rabbitmq,q2-reliable,2,received,50401.0,msg/s,True
4,nvhe,rabbitmq,q2-reliable,2,consumer_p95,10970725.0,us,False
4,nvhe,rabbitmq,q2-reliable,2,consumer_p99,11049976.0,us,False
4,nvhe,rabbitmq,q2-reliable,2,confirm_p95,158786.0,us,False
4,nvhe,rabbitmq,q2-reliable,2,confirm_p99,202294.0,us,False
4,nvhe,rabbitmq,q2-reliable,3,published,52174.0,msg/s,True
4,nvhe,rabbitmq,q2-reliable,3,received,51797.0,msg/s,True
4,nvhe,rabbitmq,q2-reliable,3,consumer_p95,5643080.0,us,False
4,nvhe,rabbitmq,q2-reliable,3,consumer_p99,5700103.0,us,False
4,nvhe,rabbitmq,q2-reliable,3,confirm_p95,155801.0,us,False
4,nvhe,rabbitmq,q2-reliable,3,confirm_p99,194795.0,us,False
4,nvhe,rabbitmq,q2-reliable,4,published,52297.0,msg/s,True
4,nvhe,rabbitmq,q2-reliable,4,received,52200.0,msg/s,True
4,nvhe,rabbitmq,q2-reliable,4,consumer_p95,7284835.0,us,False
4,nvhe,rabbitmq,q2-reliable,4,consumer_p99,7352692.0,us,False
4,nvhe,rabbitmq,q2-reliable,4,confirm_p95,155033.0,us,False
4,nvhe,rabbitmq,q2-reliable,4,confirm_p99,195761.0,us,False
4,nvhe,rabbitmq,q2-reliable,5,published,51834.0,msg/s,True
4,nvhe,rabbitmq,q2-reliable,5,received,50310.0,msg/s,True
4,nvhe,rabbitmq,q2-reliable,5,consumer_p95,11481655.0,us,False
4,nvhe,rabbitmq,q2-reliable,5,consumer_p99,11551375.0,us,False
4,nvhe,rabbitmq,q2-reliable,5,confirm_p95,159721.0,us,False
4,nvhe,rabbitmq,q2-reliable,5,confirm_p99,204996.0,us,False
4,nvhe,rabbitmq,q3-rate50,1,published,24402.0,msg/s,True
4,nvhe,rabbitmq,q3-rate50,1,received,24398.0,msg/s,True
4,nvhe,rabbitmq,q3-rate50,1,consumer_p95,814.0,us,False
4,nvhe,rabbitmq,q3-rate50,1,consumer_p99,921.0,us,False
4,nvhe,rabbitmq,q3-rate50,1,confirm_p95,952.0,us,False
4,nvhe,rabbitmq,q3-rate50,1,confirm_p99,1075.0,us,False
4,nvhe,rabbitmq,q3-rate50,2,published,24401.0,msg/s,True
4,nvhe,rabbitmq,q3-rate50,2,received,24402.0,msg/s,True
4,nvhe,rabbitmq,q3-rate50,2,consumer_p95,809.0,us,False
4,nvhe,rabbitmq,q3-rate50,2,consumer_p99,913.0,us,False
4,nvhe,rabbitmq,q3-rate50,2,confirm_p95,943.0,us,False
4,nvhe,rabbitmq,q3-rate50,2,confirm_p99,1064.0,us,False
4,nvhe,rabbitmq,q3-rate50,3,published,24401.0,msg/s,True
4,nvhe,rabbitmq,q3-rate50,3,received,24404.0,msg/s,True
4,nvhe,rabbitmq,q3-rate50,3,consumer_p95,801.0,us,False
4,nvhe,rabbitmq,q3-rate50,3,consumer_p99,910.0,us,False
4,nvhe,rabbitmq,q3-rate50,3,confirm_p95,940.0,us,False
4,nvhe,rabbitmq,q3-rate50,3,confirm_p99,1057.0,us,False
4,nvhe,rabbitmq,q3-rate50,4,published,24403.0,msg/s,True
4,nvhe,rabbitmq,q3-rate50,4,received,24400.0,msg/s,True
4,nvhe,rabbitmq,q3-rate50,4,consumer_p95,810.0,us,False
4,nvhe,rabbitmq,q3-rate50,4,consumer_p99,916.0,us,False
4,nvhe,rabbitmq,q3-rate50,4,confirm_p95,950.0,us,False
4,nvhe,rabbitmq,q3-rate50,4,confirm_p99,1068.0,us,False
4,nvhe,rabbitmq,q3-rate50,5,published,24403.0,msg/s,True
4,nvhe,rabbitmq,q3-rate50,5,received,24405.0,msg/s,True
4,nvhe,rabbitmq,q3-rate50,5,consumer_p95,806.0,us,False
4,nvhe,rabbitmq,q3-rate50,5,consumer_p99,910.0,us,False
4,nvhe,rabbitmq,q3-rate50,5,confirm_p95,945.0,us,False
4,nvhe,rabbitmq,q3-rate50,5,confirm_p99,1058.0,us,False
4,nvhe,rabbitmq,q3-rate70,1,published,34173.0,msg/s,True
4,nvhe,rabbitmq,q3-rate70,1,received,34168.0,msg/s,True
4,nvhe,rabbitmq,q3-rate70,1,consumer_p95,1026.0,us,False
4,nvhe,rabbitmq,q3-rate70,1,consumer_p99,1378.0,us,False
4,nvhe,rabbitmq,q3-rate70,1,confirm_p95,1459.0,us,False
4,nvhe,rabbitmq,q3-rate70,1,confirm_p99,2024.0,us,False
4,nvhe,rabbitmq,q3-rate70,2,published,34174.0,msg/s,True
4,nvhe,rabbitmq,q3-rate70,2,received,34171.0,msg/s,True
4,nvhe,rabbitmq,q3-rate70,2,consumer_p95,1063.0,us,False
4,nvhe,rabbitmq,q3-rate70,2,consumer_p99,1612.0,us,False
4,nvhe,rabbitmq,q3-rate70,2,confirm_p95,1558.0,us,False
4,nvhe,rabbitmq,q3-rate70,2,confirm_p99,2154.0,us,False
4,nvhe,rabbitmq,q3-rate70,3,published,34173.0,msg/s,True
4,nvhe,rabbitmq,q3-rate70,3,received,34175.0,msg/s,True
4,nvhe,rabbitmq,q3-rate70,3,consumer_p95,1021.0,us,False
4,nvhe,rabbitmq,q3-rate70,3,consumer_p99,1434.0,us,False
4,nvhe,rabbitmq,q3-rate70,3,confirm_p95,1424.0,us,False
4,nvhe,rabbitmq,q3-rate70,3,confirm_p99,2018.0,us,False
4,nvhe,rabbitmq,q3-rate70,4,published,34173.0,msg/s,True
4,nvhe,rabbitmq,q3-rate70,4,received,34170.0,msg/s,True
4,nvhe,rabbitmq,q3-rate70,4,consumer_p95,1031.0,us,False
4,nvhe,rabbitmq,q3-rate70,4,consumer_p99,1522.0,us,False
4,nvhe,rabbitmq,q3-rate70,4,confirm_p95,1458.0,us,False
4,nvhe,rabbitmq,q3-rate70,4,confirm_p99,2084.0,us,False
4,nvhe,rabbitmq,q3-rate70,5,published,34171.0,msg/s,True
4,nvhe,rabbitmq,q3-rate70,5,received,34175.0,msg/s,True
4,nvhe,rabbitmq,q3-rate70,5,consumer_p95,1032.0,us,False
4,nvhe,rabbitmq,q3-rate70,5,consumer_p99,1439.0,us,False
4,nvhe,rabbitmq,q3-rate70,5,confirm_p95,1458.0,us,False
4,nvhe,rabbitmq,q3-rate70,5,confirm_p99,2042.0,us,False
4,nvhe,rabbitmq,q3-rate85,1,published,41465.0,msg/s,True
4,nvhe,rabbitmq,q3-rate85,1,received,41468.0,msg/s,True
4,nvhe,rabbitmq,q3-rate85,1,consumer_p95,1874.0,us,False
4,nvhe,rabbitmq,q3-rate85,1,consumer_p99,2557.0,us,False
4,nvhe,rabbitmq,q3-rate85,1,confirm_p95,2511.0,us,False
4,nvhe,rabbitmq,q3-rate85,1,confirm_p99,3375.0,us,False
4,nvhe,rabbitmq,q3-rate85,2,published,41468.0,msg/s,True
4,nvhe,rabbitmq,q3-rate85,2,received,41469.0,msg/s,True
4,nvhe,rabbitmq,q3-rate85,2,consumer_p95,1979.0,us,False
4,nvhe,rabbitmq,q3-rate85,2,consumer_p99,2730.0,us,False
4,nvhe,rabbitmq,q3-rate85,2,confirm_p95,2652.0,us,False
4,nvhe,rabbitmq,q3-rate85,2,confirm_p99,3560.0,us,False
4,nvhe,rabbitmq,q3-rate85,3,published,41475.0,msg/s,True
4,nvhe,rabbitmq,q3-rate85,3,received,41475.0,msg/s,True
4,nvhe,rabbitmq,q3-rate85,3,consumer_p95,1721.0,us,False
4,nvhe,rabbitmq,q3-rate85,3,consumer_p99,2371.0,us,False
4,nvhe,rabbitmq,q3-rate85,3,confirm_p95,2334.0,us,False
4,nvhe,rabbitmq,q3-rate85,3,confirm_p99,3147.0,us,False
4,nvhe,rabbitmq,q3-rate85,4,published,41470.0,msg/s,True
4,nvhe,rabbitmq,q3-rate85,4,received,41471.0,msg/s,True
4,nvhe,rabbitmq,q3-rate85,4,consumer_p95,1807.0,us,False
4,nvhe,rabbitmq,q3-rate85,4,consumer_p99,2479.0,us,False
4,nvhe,rabbitmq,q3-rate85,4,confirm_p95,2429.0,us,False
4,nvhe,rabbitmq,q3-rate85,4,confirm_p99,3289.0,us,False
4,nvhe,rabbitmq,q3-rate85,5,published,41468.0,msg/s,True
4,nvhe,rabbitmq,q3-rate85,5,received,41468.0,msg/s,True
4,nvhe,rabbitmq,q3-rate85,5,consumer_p95,1976.0,us,False
4,nvhe,rabbitmq,q3-rate85,5,consumer_p99,2721.0,us,False
4,nvhe,rabbitmq,q3-rate85,5,confirm_p95,2658.0,us,False
4,nvhe,rabbitmq,q3-rate85,5,confirm_p99,3569.0,us,False
4,nvhe,rabbitmq,q4-join-late,1,published,10009.0,msg/s,True
4,nvhe,rabbitmq,q4-join-late,1,received,10007.0,msg/s,True
4,nvhe,rabbitmq,q4-join-late,1,consumer_p95,350.0,us,False
4,nvhe,rabbitmq,q4-join-late,1,consumer_p99,663.0,us,False
4,nvhe,rabbitmq,q4-join-late,1,confirm_p95,689.0,us,False
4,nvhe,rabbitmq,q4-join-late,1,confirm_p99,843.0,us,False
4,nvhe,rabbitmq,q4-join-late,2,published,10009.0,msg/s,True
4,nvhe,rabbitmq,q4-join-late,2,received,10008.0,msg/s,True
4,nvhe,rabbitmq,q4-join-late,2,consumer_p95,569.0,us,False
4,nvhe,rabbitmq,q4-join-late,2,consumer_p99,663.0,us,False
4,nvhe,rabbitmq,q4-join-late,2,confirm_p95,746.0,us,False
4,nvhe,rabbitmq,q4-join-late,2,confirm_p99,864.0,us,False
4,nvhe,rabbitmq,q4-join-late,3,published,10008.0,msg/s,True
4,nvhe,rabbitmq,q4-join-late,3,received,10007.0,msg/s,True
4,nvhe,rabbitmq,q4-join-late,3,consumer_p95,535.0,us,False
4,nvhe,rabbitmq,q4-join-late,3,consumer_p99,661.0,us,False
4,nvhe,rabbitmq,q4-join-late,3,confirm_p95,729.0,us,False
4,nvhe,rabbitmq,q4-join-late,3,confirm_p99,843.0,us,False
4,nvhe,rabbitmq,q4-join-late,4,published,10008.0,msg/s,True
4,nvhe,rabbitmq,q4-join-late,4,received,10005.0,msg/s,True
4,nvhe,rabbitmq,q4-join-late,4,consumer_p95,523.0,us,False
4,nvhe,rabbitmq,q4-join-late,4,consumer_p99,689.0,us,False
4,nvhe,rabbitmq,q4-join-late,4,confirm_p95,747.0,us,False
4,nvhe,rabbitmq,q4-join-late,4,confirm_p99,876.0,us,False
4,nvhe,rabbitmq,q4-join-late,5,published,10008.0,msg/s,True
4,nvhe,rabbitmq,q4-join-late,5,received,10006.0,msg/s,True
4,nvhe,rabbitmq,q4-join-late,5,consumer_p95,576.0,us,False
4,nvhe,rabbitmq,q4-join-late,5,consumer_p99,660.0,us,False
4,nvhe,rabbitmq,q4-join-late,5,confirm_p95,740.0,us,False
4,nvhe,rabbitmq,q4-join-late,5,confirm_p99,852.0,us,False
4,nvhe,rabbitmq,q5-backlog,1,fill_time,17.28,s,False
4,nvhe,rabbitmq,q5-backlog,1,drain_time,12.82,s,False
4,nvhe,rabbitmq,q5-backlog,2,fill_time,17.17,s,False
4,nvhe,rabbitmq,q5-backlog,2,drain_time,12.87,s,False
4,nvhe,rabbitmq,q5-backlog,3,fill_time,17.12,s,False
4,nvhe,rabbitmq,q5-backlog,3,drain_time,17.8,s,False
4,nvhe,rabbitmq,q5-backlog,4,fill_time,17.2,s,False
4,nvhe,rabbitmq,q5-backlog,4,drain_time,12.83,s,False
4,nvhe,rabbitmq,q5-backlog,5,fill_time,17.31,s,False
4,nvhe,rabbitmq,q5-backlog,5,drain_time,12.82,s,False
4,nvhe,rabbitmq,q1-one-fast,1,published,71833.0,msg/s,True
4,nvhe,rabbitmq,q1-one-fast,1,received,71861.0,msg/s,True
4,nvhe,rabbitmq,q1-one-fast,1,consumer_p95,13783.0,us,False
4,nvhe,rabbitmq,q1-one-fast,1,consumer_p99,16033.0,us,False
4,nvhe,rabbitmq,q1-one-fast,2,published,68863.0,msg/s,True
4,nvhe,rabbitmq,q1-one-fast,2,received,68861.0,msg/s,True
4,nvhe,rabbitmq,q1-one-fast,2,consumer_p95,15031.0,us,False
4,nvhe,rabbitmq,q1-one-fast,2,consumer_p99,17349.0,us,False
4,nvhe,rabbitmq,q1-one-fast,3,published,68732.0,msg/s,True
4,nvhe,rabbitmq,q1-one-fast,3,received,68729.0,msg/s,True
4,nvhe,rabbitmq,q1-one-fast,3,consumer_p95,14920.0,us,False
4,nvhe,rabbitmq,q1-one-fast,3,consumer_p99,17276.0,us,False
4,nvhe,rabbitmq,q1-one-fast,4,published,69603.0,msg/s,True
4,nvhe,rabbitmq,q1-one-fast,4,received,69616.0,msg/s,True
4,nvhe,rabbitmq,q1-one-fast,4,consumer_p95,14701.0,us,False
4,nvhe,rabbitmq,q1-one-fast,4,consumer_p99,16929.0,us,False
4,nvhe,rabbitmq,q1-one-fast,5,published,65772.0,msg/s,True
4,nvhe,rabbitmq,q1-one-fast,5,received,65791.0,msg/s,True
4,nvhe,rabbitmq,q1-one-fast,5,consumer_p95,16561.0,us,False
4,nvhe,rabbitmq,q1-one-fast,5,consumer_p99,18840.0,us,False
4,nvhe,geekbench,cpu,1,wall_time,399.67,s,False
4,nvhe,geekbench,cpu,2,wall_time,398.44,s,False
4,nvhe,geekbench,cpu,3,wall_time,397.92,s,False
4,nvhe,geekbench,cpu,4,wall_time,397.34000000000003,s,False
4,nvhe,geekbench,cpu,5,wall_time,398.3,s,False
4,protected,redis,r4-bgsave,1,throughput,93933.98,ops/s,True
4,protected,redis,r4-bgsave,1,latency_avg,0.724,ms,False
4,protected,redis,r4-bgsave,1,latency_p50,0.735,ms,False
4,protected,redis,r4-bgsave,1,latency_p95,0.887,ms,False
4,protected,redis,r4-bgsave,1,latency_p99,1.479,ms,False
4,protected,redis,r4-bgsave,2,throughput,94152.21,ops/s,True
4,protected,redis,r4-bgsave,2,latency_avg,0.726,ms,False
4,protected,redis,r4-bgsave,2,latency_p50,0.743,ms,False
4,protected,redis,r4-bgsave,2,latency_p95,0.895,ms,False
4,protected,redis,r4-bgsave,2,latency_p99,1.479,ms,False
4,protected,redis,r4-bgsave,3,throughput,93931.62,ops/s,True
4,protected,redis,r4-bgsave,3,latency_avg,0.73,ms,False
4,protected,redis,r4-bgsave,3,latency_p50,0.743,ms,False
4,protected,redis,r4-bgsave,3,latency_p95,0.895,ms,False
4,protected,redis,r4-bgsave,3,latency_p99,1.487,ms,False
4,protected,redis,r4-bgsave,4,throughput,93931.48,ops/s,True
4,protected,redis,r4-bgsave,4,latency_avg,0.729,ms,False
4,protected,redis,r4-bgsave,4,latency_p50,0.743,ms,False
4,protected,redis,r4-bgsave,4,latency_p95,0.895,ms,False
4,protected,redis,r4-bgsave,4,latency_p99,1.487,ms,False
4,protected,redis,r4-bgsave,5,throughput,93933.12,ops/s,True
4,protected,redis,r4-bgsave,5,latency_avg,0.732,ms,False
4,protected,redis,r4-bgsave,5,latency_p50,0.743,ms,False
4,protected,redis,r4-bgsave,5,latency_p95,0.895,ms,False
4,protected,redis,r4-bgsave,5,latency_p99,1.495,ms,False
4,protected,redis,r1-steady,1,throughput,94001.53,ops/s,True
4,protected,redis,r1-steady,1,latency_avg,0.695,ms,False
4,protected,redis,r1-steady,1,latency_p50,0.719,ms,False
4,protected,redis,r1-steady,1,latency_p95,0.791,ms,False
4,protected,redis,r1-steady,1,latency_p99,1.439,ms,False
4,protected,redis,r1-steady,2,throughput,94001.91,ops/s,True
4,protected,redis,r1-steady,2,latency_avg,0.694,ms,False
4,protected,redis,r1-steady,2,latency_p50,0.719,ms,False
4,protected,redis,r1-steady,2,latency_p95,0.791,ms,False
4,protected,redis,r1-steady,2,latency_p99,1.439,ms,False
4,protected,redis,r1-steady,3,throughput,94004.76,ops/s,True
4,protected,redis,r1-steady,3,latency_avg,0.691,ms,False
4,protected,redis,r1-steady,3,latency_p50,0.719,ms,False
4,protected,redis,r1-steady,3,latency_p95,0.783,ms,False
4,protected,redis,r1-steady,3,latency_p99,1.431,ms,False
4,protected,redis,r1-steady,4,throughput,94001.81,ops/s,True
4,protected,redis,r1-steady,4,latency_avg,0.691,ms,False
4,protected,redis,r1-steady,4,latency_p50,0.719,ms,False
4,protected,redis,r1-steady,4,latency_p95,0.783,ms,False
4,protected,redis,r1-steady,4,latency_p99,1.431,ms,False
4,protected,redis,r1-steady,5,throughput,94005.18,ops/s,True
4,protected,redis,r1-steady,5,latency_avg,0.691,ms,False
4,protected,redis,r1-steady,5,latency_p50,0.719,ms,False
4,protected,redis,r1-steady,5,latency_p95,0.783,ms,False
4,protected,redis,r1-steady,5,latency_p99,1.431,ms,False
4,protected,redis,r2-pipeline,1,throughput,617872.29,ops/s,True
4,protected,redis,r2-pipeline,1,latency_avg,2.587,ms,False
4,protected,redis,r2-pipeline,1,latency_p50,2.127,ms,False
4,protected,redis,r2-pipeline,1,latency_p95,3.631,ms,False
4,protected,redis,r2-pipeline,1,latency_p99,3.823,ms,False
4,protected,redis,r2-pipeline,2,throughput,625423.55,ops/s,True
4,protected,redis,r2-pipeline,2,latency_avg,2.556,ms,False
4,protected,redis,r2-pipeline,2,latency_p50,2.095,ms,False
4,protected,redis,r2-pipeline,2,latency_p95,3.599,ms,False
4,protected,redis,r2-pipeline,2,latency_p99,3.791,ms,False
4,protected,redis,r2-pipeline,3,throughput,623029.68,ops/s,True
4,protected,redis,r2-pipeline,3,latency_avg,2.566,ms,False
4,protected,redis,r2-pipeline,3,latency_p50,2.095,ms,False
4,protected,redis,r2-pipeline,3,latency_p95,3.615,ms,False
4,protected,redis,r2-pipeline,3,latency_p99,3.807,ms,False
4,protected,redis,r2-pipeline,4,throughput,624070.81,ops/s,True
4,protected,redis,r2-pipeline,4,latency_avg,2.562,ms,False
4,protected,redis,r2-pipeline,4,latency_p50,2.095,ms,False
4,protected,redis,r2-pipeline,4,latency_p95,3.615,ms,False
4,protected,redis,r2-pipeline,4,latency_p99,3.807,ms,False
4,protected,redis,r2-pipeline,5,throughput,622978.86,ops/s,True
4,protected,redis,r2-pipeline,5,latency_avg,2.566,ms,False
4,protected,redis,r2-pipeline,5,latency_p50,2.111,ms,False
4,protected,redis,r2-pipeline,5,latency_p95,3.599,ms,False
4,protected,redis,r2-pipeline,5,latency_p99,3.791,ms,False
4,protected,redis,r3-ttl-eviction,1,throughput,93895.98,ops/s,True
4,protected,redis,r3-ttl-eviction,1,latency_avg,0.833,ms,False
4,protected,redis,r3-ttl-eviction,1,latency_p50,0.847,ms,False
4,protected,redis,r3-ttl-eviction,1,latency_p95,0.991,ms,False
4,protected,redis,r3-ttl-eviction,1,latency_p99,1.719,ms,False
4,protected,redis,r3-ttl-eviction,2,throughput,93905.98,ops/s,True
4,protected,redis,r3-ttl-eviction,2,latency_avg,0.834,ms,False
4,protected,redis,r3-ttl-eviction,2,latency_p50,0.847,ms,False
4,protected,redis,r3-ttl-eviction,2,latency_p95,0.999,ms,False
4,protected,redis,r3-ttl-eviction,2,latency_p99,1.711,ms,False
4,protected,redis,r3-ttl-eviction,3,throughput,93912.32,ops/s,True
4,protected,redis,r3-ttl-eviction,3,latency_avg,0.831,ms,False
4,protected,redis,r3-ttl-eviction,3,latency_p50,0.839,ms,False
4,protected,redis,r3-ttl-eviction,3,latency_p95,0.991,ms,False
4,protected,redis,r3-ttl-eviction,3,latency_p99,1.703,ms,False
4,protected,redis,r3-ttl-eviction,4,throughput,93876.59,ops/s,True
4,protected,redis,r3-ttl-eviction,4,latency_avg,0.84,ms,False
4,protected,redis,r3-ttl-eviction,4,latency_p50,0.855,ms,False
4,protected,redis,r3-ttl-eviction,4,latency_p95,0.999,ms,False
4,protected,redis,r3-ttl-eviction,4,latency_p99,1.727,ms,False
4,protected,redis,r3-ttl-eviction,5,throughput,93901.99,ops/s,True
4,protected,redis,r3-ttl-eviction,5,latency_avg,0.834,ms,False
4,protected,redis,r3-ttl-eviction,5,latency_p50,0.847,ms,False
4,protected,redis,r3-ttl-eviction,5,latency_p95,0.991,ms,False
4,protected,redis,r3-ttl-eviction,5,latency_p99,1.719,ms,False
4,protected,rabbitmq,q2-reliable,1,published,51385.0,msg/s,True
4,protected,rabbitmq,q2-reliable,1,received,51074.0,msg/s,True
4,protected,rabbitmq,q2-reliable,1,consumer_p95,4397524.0,us,False
4,protected,rabbitmq,q2-reliable,1,consumer_p99,4484606.0,us,False
4,protected,rabbitmq,q2-reliable,1,confirm_p95,156811.0,us,False
4,protected,rabbitmq,q2-reliable,1,confirm_p99,197482.0,us,False
4,protected,rabbitmq,q2-reliable,2,published,50358.0,msg/s,True
4,protected,rabbitmq,q2-reliable,2,received,49507.0,msg/s,True
4,protected,rabbitmq,q2-reliable,2,consumer_p95,8712541.0,us,False
4,protected,rabbitmq,q2-reliable,2,consumer_p99,8798901.0,us,False
4,protected,rabbitmq,q2-reliable,2,confirm_p95,161539.0,us,False
4,protected,rabbitmq,q2-reliable,2,confirm_p99,204980.0,us,False
4,protected,rabbitmq,q2-reliable,3,published,51027.0,msg/s,True
4,protected,rabbitmq,q2-reliable,3,received,51026.0,msg/s,True
4,protected,rabbitmq,q2-reliable,3,consumer_p95,3771258.0,us,False
4,protected,rabbitmq,q2-reliable,3,consumer_p99,3863672.0,us,False
4,protected,rabbitmq,q2-reliable,3,confirm_p95,158764.0,us,False
4,protected,rabbitmq,q2-reliable,3,confirm_p99,201169.0,us,False
4,protected,rabbitmq,q2-reliable,4,published,51048.0,msg/s,True
4,protected,rabbitmq,q2-reliable,4,received,50093.0,msg/s,True
4,protected,rabbitmq,q2-reliable,4,consumer_p95,7990886.0,us,False
4,protected,rabbitmq,q2-reliable,4,consumer_p99,8071740.0,us,False
4,protected,rabbitmq,q2-reliable,4,confirm_p95,158616.0,us,False
4,protected,rabbitmq,q2-reliable,4,confirm_p99,200574.0,us,False
4,protected,rabbitmq,q2-reliable,5,published,50578.0,msg/s,True
4,protected,rabbitmq,q2-reliable,5,received,50029.0,msg/s,True
4,protected,rabbitmq,q2-reliable,5,consumer_p95,5811145.0,us,False
4,protected,rabbitmq,q2-reliable,5,consumer_p99,5900905.0,us,False
4,protected,rabbitmq,q2-reliable,5,confirm_p95,161871.0,us,False
4,protected,rabbitmq,q2-reliable,5,confirm_p99,205171.0,us,False
4,protected,rabbitmq,q3-rate50,1,published,24403.0,msg/s,True
4,protected,rabbitmq,q3-rate50,1,received,24399.0,msg/s,True
4,protected,rabbitmq,q3-rate50,1,consumer_p95,829.0,us,False
4,protected,rabbitmq,q3-rate50,1,consumer_p99,938.0,us,False
4,protected,rabbitmq,q3-rate50,1,confirm_p95,970.0,us,False
4,protected,rabbitmq,q3-rate50,1,confirm_p99,1110.0,us,False
4,protected,rabbitmq,q3-rate50,2,published,24400.0,msg/s,True
4,protected,rabbitmq,q3-rate50,2,received,24398.0,msg/s,True
4,protected,rabbitmq,q3-rate50,2,consumer_p95,832.0,us,False
4,protected,rabbitmq,q3-rate50,2,consumer_p99,953.0,us,False
4,protected,rabbitmq,q3-rate50,2,confirm_p95,981.0,us,False
4,protected,rabbitmq,q3-rate50,2,confirm_p99,1169.0,us,False
4,protected,rabbitmq,q3-rate50,3,published,24401.0,msg/s,True
4,protected,rabbitmq,q3-rate50,3,received,24404.0,msg/s,True
4,protected,rabbitmq,q3-rate50,3,consumer_p95,846.0,us,False
4,protected,rabbitmq,q3-rate50,3,consumer_p99,957.0,us,False
4,protected,rabbitmq,q3-rate50,3,confirm_p95,990.0,us,False
4,protected,rabbitmq,q3-rate50,3,confirm_p99,1145.0,us,False
4,protected,rabbitmq,q3-rate50,4,published,24401.0,msg/s,True
4,protected,rabbitmq,q3-rate50,4,received,24400.0,msg/s,True
4,protected,rabbitmq,q3-rate50,4,consumer_p95,833.0,us,False
4,protected,rabbitmq,q3-rate50,4,consumer_p99,946.0,us,False
4,protected,rabbitmq,q3-rate50,4,confirm_p95,972.0,us,False
4,protected,rabbitmq,q3-rate50,4,confirm_p99,1119.0,us,False
4,protected,rabbitmq,q3-rate50,5,published,24405.0,msg/s,True
4,protected,rabbitmq,q3-rate50,5,received,24401.0,msg/s,True
4,protected,rabbitmq,q3-rate50,5,consumer_p95,851.0,us,False
4,protected,rabbitmq,q3-rate50,5,consumer_p99,966.0,us,False
4,protected,rabbitmq,q3-rate50,5,confirm_p95,997.0,us,False
4,protected,rabbitmq,q3-rate50,5,confirm_p99,1174.0,us,False
4,protected,rabbitmq,q3-rate70,1,published,34170.0,msg/s,True
4,protected,rabbitmq,q3-rate70,1,received,34168.0,msg/s,True
4,protected,rabbitmq,q3-rate70,1,consumer_p95,965.0,us,False
4,protected,rabbitmq,q3-rate70,1,consumer_p99,1293.0,us,False
4,protected,rabbitmq,q3-rate70,1,confirm_p95,1281.0,us,False
4,protected,rabbitmq,q3-rate70,1,confirm_p99,1898.0,us,False
4,protected,rabbitmq,q3-rate70,2,published,34174.0,msg/s,True
4,protected,rabbitmq,q3-rate70,2,received,34174.0,msg/s,True
4,protected,rabbitmq,q3-rate70,2,consumer_p95,1040.0,us,False
4,protected,rabbitmq,q3-rate70,2,consumer_p99,1425.0,us,False
4,protected,rabbitmq,q3-rate70,2,confirm_p95,1480.0,us,False
4,protected,rabbitmq,q3-rate70,2,confirm_p99,2035.0,us,False
4,protected,rabbitmq,q3-rate70,3,published,34174.0,msg/s,True
4,protected,rabbitmq,q3-rate70,3,received,34176.0,msg/s,True
4,protected,rabbitmq,q3-rate70,3,consumer_p95,1045.0,us,False
4,protected,rabbitmq,q3-rate70,3,consumer_p99,1499.0,us,False
4,protected,rabbitmq,q3-rate70,3,confirm_p95,1490.0,us,False
4,protected,rabbitmq,q3-rate70,3,confirm_p99,2073.0,us,False
4,protected,rabbitmq,q3-rate70,4,published,34174.0,msg/s,True
4,protected,rabbitmq,q3-rate70,4,received,34172.0,msg/s,True
4,protected,rabbitmq,q3-rate70,4,consumer_p95,1125.0,us,False
4,protected,rabbitmq,q3-rate70,4,consumer_p99,1772.0,us,False
4,protected,rabbitmq,q3-rate70,4,confirm_p95,1633.0,us,False
4,protected,rabbitmq,q3-rate70,4,confirm_p99,2362.0,us,False
4,protected,rabbitmq,q3-rate70,5,published,34174.0,msg/s,True
4,protected,rabbitmq,q3-rate70,5,received,34175.0,msg/s,True
4,protected,rabbitmq,q3-rate70,5,consumer_p95,1155.0,us,False
4,protected,rabbitmq,q3-rate70,5,consumer_p99,1805.0,us,False
4,protected,rabbitmq,q3-rate70,5,confirm_p95,1728.0,us,False
4,protected,rabbitmq,q3-rate70,5,confirm_p99,2371.0,us,False
4,protected,rabbitmq,q3-rate85,1,published,41470.0,msg/s,True
4,protected,rabbitmq,q3-rate85,1,received,41472.0,msg/s,True
4,protected,rabbitmq,q3-rate85,1,consumer_p95,1949.0,us,False
4,protected,rabbitmq,q3-rate85,1,consumer_p99,2642.0,us,False
4,protected,rabbitmq,q3-rate85,1,confirm_p95,2599.0,us,False
4,protected,rabbitmq,q3-rate85,1,confirm_p99,3454.0,us,False
4,protected,rabbitmq,q3-rate85,2,published,41470.0,msg/s,True
4,protected,rabbitmq,q3-rate85,2,received,41470.0,msg/s,True
4,protected,rabbitmq,q3-rate85,2,consumer_p95,2333.0,us,False
4,protected,rabbitmq,q3-rate85,2,consumer_p99,3183.0,us,False
4,protected,rabbitmq,q3-rate85,2,confirm_p95,3120.0,us,False
4,protected,rabbitmq,q3-rate85,2,confirm_p99,4177.0,us,False
4,protected,rabbitmq,q3-rate85,3,published,41470.0,msg/s,True
4,protected,rabbitmq,q3-rate85,3,received,41470.0,msg/s,True
4,protected,rabbitmq,q3-rate85,3,consumer_p95,1883.0,us,False
4,protected,rabbitmq,q3-rate85,3,consumer_p99,2577.0,us,False
4,protected,rabbitmq,q3-rate85,3,confirm_p95,2526.0,us,False
4,protected,rabbitmq,q3-rate85,3,confirm_p99,3410.0,us,False
4,protected,rabbitmq,q3-rate85,4,published,41474.0,msg/s,True
4,protected,rabbitmq,q3-rate85,4,received,41472.0,msg/s,True
4,protected,rabbitmq,q3-rate85,4,consumer_p95,2247.0,us,False
4,protected,rabbitmq,q3-rate85,4,consumer_p99,3056.0,us,False
4,protected,rabbitmq,q3-rate85,4,confirm_p95,3005.0,us,False
4,protected,rabbitmq,q3-rate85,4,confirm_p99,4028.0,us,False
4,protected,rabbitmq,q3-rate85,5,published,41473.0,msg/s,True
4,protected,rabbitmq,q3-rate85,5,received,41472.0,msg/s,True
4,protected,rabbitmq,q3-rate85,5,consumer_p95,2075.0,us,False
4,protected,rabbitmq,q3-rate85,5,consumer_p99,2837.0,us,False
4,protected,rabbitmq,q3-rate85,5,confirm_p95,2788.0,us,False
4,protected,rabbitmq,q3-rate85,5,confirm_p99,3734.0,us,False
4,protected,rabbitmq,q4-join-late,1,published,10009.0,msg/s,True
4,protected,rabbitmq,q4-join-late,1,received,10008.0,msg/s,True
4,protected,rabbitmq,q4-join-late,1,consumer_p95,586.0,us,False
4,protected,rabbitmq,q4-join-late,1,consumer_p99,671.0,us,False
4,protected,rabbitmq,q4-join-late,1,confirm_p95,752.0,us,False
4,protected,rabbitmq,q4-join-late,1,confirm_p99,862.0,us,False
4,protected,rabbitmq,q4-join-late,2,published,10010.0,msg/s,True
4,protected,rabbitmq,q4-join-late,2,received,10008.0,msg/s,True
4,protected,rabbitmq,q4-join-late,2,consumer_p95,602.0,us,False
4,protected,rabbitmq,q4-join-late,2,consumer_p99,699.0,us,False
4,protected,rabbitmq,q4-join-late,2,confirm_p95,778.0,us,False
4,protected,rabbitmq,q4-join-late,2,confirm_p99,907.0,us,False
4,protected,rabbitmq,q4-join-late,3,published,10009.0,msg/s,True
4,protected,rabbitmq,q4-join-late,3,received,10008.0,msg/s,True
4,protected,rabbitmq,q4-join-late,3,consumer_p95,454.0,us,False
4,protected,rabbitmq,q4-join-late,3,consumer_p99,668.0,us,False
4,protected,rabbitmq,q4-join-late,3,confirm_p95,731.0,us,False
4,protected,rabbitmq,q4-join-late,3,confirm_p99,863.0,us,False
4,protected,rabbitmq,q4-join-late,4,published,10008.0,msg/s,True
4,protected,rabbitmq,q4-join-late,4,received,10007.0,msg/s,True
4,protected,rabbitmq,q4-join-late,4,consumer_p95,413.0,us,False
4,protected,rabbitmq,q4-join-late,4,consumer_p99,677.0,us,False
4,protected,rabbitmq,q4-join-late,4,confirm_p95,730.0,us,False
4,protected,rabbitmq,q4-join-late,4,confirm_p99,863.0,us,False
4,protected,rabbitmq,q4-join-late,5,published,10010.0,msg/s,True
4,protected,rabbitmq,q4-join-late,5,received,10009.0,msg/s,True
4,protected,rabbitmq,q4-join-late,5,consumer_p95,580.0,us,False
4,protected,rabbitmq,q4-join-late,5,consumer_p99,691.0,us,False
4,protected,rabbitmq,q4-join-late,5,confirm_p95,757.0,us,False
4,protected,rabbitmq,q4-join-late,5,confirm_p99,888.0,us,False
4,protected,rabbitmq,q5-backlog,1,fill_time,17.28,s,False
4,protected,rabbitmq,q5-backlog,1,drain_time,12.81,s,False
4,protected,rabbitmq,q5-backlog,2,fill_time,17.82,s,False
4,protected,rabbitmq,q5-backlog,2,drain_time,12.81,s,False
4,protected,rabbitmq,q5-backlog,3,fill_time,17.78,s,False
4,protected,rabbitmq,q5-backlog,3,drain_time,13.8,s,False
4,protected,rabbitmq,q5-backlog,4,fill_time,17.44,s,False
4,protected,rabbitmq,q5-backlog,4,drain_time,16.8,s,False
4,protected,rabbitmq,q5-backlog,5,fill_time,17.82,s,False
4,protected,rabbitmq,q5-backlog,5,drain_time,13.83,s,False
4,protected,rabbitmq,q1-one-fast,1,published,71344.0,msg/s,True
4,protected,rabbitmq,q1-one-fast,1,received,71424.0,msg/s,True
4,protected,rabbitmq,q1-one-fast,1,consumer_p95,13580.0,us,False
4,protected,rabbitmq,q1-one-fast,1,consumer_p99,15838.0,us,False
4,protected,rabbitmq,q1-one-fast,2,published,64078.0,msg/s,True
4,protected,rabbitmq,q1-one-fast,2,received,64142.0,msg/s,True
4,protected,rabbitmq,q1-one-fast,2,consumer_p95,16720.0,us,False
4,protected,rabbitmq,q1-one-fast,2,consumer_p99,18924.0,us,False
4,protected,rabbitmq,q1-one-fast,3,published,66362.0,msg/s,True
4,protected,rabbitmq,q1-one-fast,3,received,66397.0,msg/s,True
4,protected,rabbitmq,q1-one-fast,3,consumer_p95,15146.0,us,False
4,protected,rabbitmq,q1-one-fast,3,consumer_p99,17371.0,us,False
4,protected,rabbitmq,q1-one-fast,4,published,68585.0,msg/s,True
4,protected,rabbitmq,q1-one-fast,4,received,68569.0,msg/s,True
4,protected,rabbitmq,q1-one-fast,4,consumer_p95,14596.0,us,False
4,protected,rabbitmq,q1-one-fast,4,consumer_p99,16817.0,us,False
4,protected,rabbitmq,q1-one-fast,5,published,68402.0,msg/s,True
4,protected,rabbitmq,q1-one-fast,5,received,68406.0,msg/s,True
4,protected,rabbitmq,q1-one-fast,5,consumer_p95,36508.0,us,False
4,protected,rabbitmq,q1-one-fast,5,consumer_p99,38794.0,us,False
4,protected,geekbench,cpu,1,wall_time,400.11,s,False
4,protected,geekbench,cpu,2,wall_time,398.76,s,False
4,protected,geekbench,cpu,3,wall_time,399.56,s,False
4,protected,geekbench,cpu,4,wall_time,399.99,s,False
4,protected,geekbench,cpu,5,wall_time,399.90999999999997,s,False
5,nvhe,redis,r4-bgsave,1,throughput,93943.66,ops/s,True
5,nvhe,redis,r4-bgsave,1,latency_avg,0.599,ms,False
5,nvhe,redis,r4-bgsave,1,latency_p50,0.663,ms,False
5,nvhe,redis,r4-bgsave,1,latency_p95,0.847,ms,False
5,nvhe,redis,r4-bgsave,1,latency_p99,1.383,ms,False
5,nvhe,redis,r4-bgsave,2,throughput,93931.68,ops/s,True
5,nvhe,redis,r4-bgsave,2,latency_avg,0.726,ms,False
5,nvhe,redis,r4-bgsave,2,latency_p50,0.743,ms,False
5,nvhe,redis,r4-bgsave,2,latency_p95,0.895,ms,False
5,nvhe,redis,r4-bgsave,2,latency_p99,1.479,ms,False
5,nvhe,redis,r4-bgsave,3,throughput,93936.3,ops/s,True
5,nvhe,redis,r4-bgsave,3,latency_avg,0.726,ms,False
5,nvhe,redis,r4-bgsave,3,latency_p50,0.743,ms,False
5,nvhe,redis,r4-bgsave,3,latency_p95,0.887,ms,False
5,nvhe,redis,r4-bgsave,3,latency_p99,1.487,ms,False
5,nvhe,redis,r4-bgsave,4,throughput,93935.46,ops/s,True
5,nvhe,redis,r4-bgsave,4,latency_avg,0.73,ms,False
5,nvhe,redis,r4-bgsave,4,latency_p50,0.751,ms,False
5,nvhe,redis,r4-bgsave,4,latency_p95,0.895,ms,False
5,nvhe,redis,r4-bgsave,4,latency_p99,1.495,ms,False
5,nvhe,redis,r4-bgsave,5,throughput,93933.17,ops/s,True
5,nvhe,redis,r4-bgsave,5,latency_avg,0.728,ms,False
5,nvhe,redis,r4-bgsave,5,latency_p50,0.743,ms,False
5,nvhe,redis,r4-bgsave,5,latency_p95,0.895,ms,False
5,nvhe,redis,r4-bgsave,5,latency_p99,1.487,ms,False
5,nvhe,redis,r1-steady,1,throughput,94003.23,ops/s,True
5,nvhe,redis,r1-steady,1,latency_avg,0.694,ms,False
5,nvhe,redis,r1-steady,1,latency_p50,0.719,ms,False
5,nvhe,redis,r1-steady,1,latency_p95,0.799,ms,False
5,nvhe,redis,r1-steady,1,latency_p99,1.431,ms,False
5,nvhe,redis,r1-steady,2,throughput,94003.92,ops/s,True
5,nvhe,redis,r1-steady,2,latency_avg,0.693,ms,False
5,nvhe,redis,r1-steady,2,latency_p50,0.719,ms,False
5,nvhe,redis,r1-steady,2,latency_p95,0.783,ms,False
5,nvhe,redis,r1-steady,2,latency_p99,1.439,ms,False
5,nvhe,redis,r1-steady,3,throughput,94002.97,ops/s,True
5,nvhe,redis,r1-steady,3,latency_avg,0.693,ms,False
5,nvhe,redis,r1-steady,3,latency_p50,0.719,ms,False
5,nvhe,redis,r1-steady,3,latency_p95,0.783,ms,False
5,nvhe,redis,r1-steady,3,latency_p99,1.439,ms,False
5,nvhe,redis,r1-steady,4,throughput,94002.81,ops/s,True
5,nvhe,redis,r1-steady,4,latency_avg,0.693,ms,False
5,nvhe,redis,r1-steady,4,latency_p50,0.719,ms,False
5,nvhe,redis,r1-steady,4,latency_p95,0.783,ms,False
5,nvhe,redis,r1-steady,4,latency_p99,1.439,ms,False
5,nvhe,redis,r1-steady,5,throughput,94003.43,ops/s,True
5,nvhe,redis,r1-steady,5,latency_avg,0.697,ms,False
5,nvhe,redis,r1-steady,5,latency_p50,0.727,ms,False
5,nvhe,redis,r1-steady,5,latency_p95,0.791,ms,False
5,nvhe,redis,r1-steady,5,latency_p99,1.447,ms,False
5,nvhe,redis,r2-pipeline,1,throughput,632414.6,ops/s,True
5,nvhe,redis,r2-pipeline,1,latency_avg,2.528,ms,False
5,nvhe,redis,r2-pipeline,1,latency_p50,2.079,ms,False
5,nvhe,redis,r2-pipeline,1,latency_p95,3.583,ms,False
5,nvhe,redis,r2-pipeline,1,latency_p99,3.759,ms,False
5,nvhe,redis,r2-pipeline,2,throughput,630522.54,ops/s,True
5,nvhe,redis,r2-pipeline,2,latency_avg,2.536,ms,False
5,nvhe,redis,r2-pipeline,2,latency_p50,2.079,ms,False
5,nvhe,redis,r2-pipeline,2,latency_p95,3.615,ms,False
5,nvhe,redis,r2-pipeline,2,latency_p99,3.791,ms,False
5,nvhe,redis,r2-pipeline,3,throughput,628974.47,ops/s,True
5,nvhe,redis,r2-pipeline,3,latency_avg,2.542,ms,False
5,nvhe,redis,r2-pipeline,3,latency_p50,2.079,ms,False
5,nvhe,redis,r2-pipeline,3,latency_p95,3.599,ms,False
5,nvhe,redis,r2-pipeline,3,latency_p99,3.791,ms,False
5,nvhe,redis,r2-pipeline,4,throughput,633512.36,ops/s,True
5,nvhe,redis,r2-pipeline,4,latency_avg,2.524,ms,False
5,nvhe,redis,r2-pipeline,4,latency_p50,2.079,ms,False
5,nvhe,redis,r2-pipeline,4,latency_p95,3.583,ms,False
5,nvhe,redis,r2-pipeline,4,latency_p99,3.775,ms,False
5,nvhe,redis,r2-pipeline,5,throughput,631114.01,ops/s,True
5,nvhe,redis,r2-pipeline,5,latency_avg,2.533,ms,False
5,nvhe,redis,r2-pipeline,5,latency_p50,2.079,ms,False
5,nvhe,redis,r2-pipeline,5,latency_p95,3.599,ms,False
5,nvhe,redis,r2-pipeline,5,latency_p99,3.791,ms,False
5,nvhe,redis,r3-ttl-eviction,1,throughput,93912.98,ops/s,True
5,nvhe,redis,r3-ttl-eviction,1,latency_avg,0.834,ms,False
5,nvhe,redis,r3-ttl-eviction,1,latency_p50,0.847,ms,False
5,nvhe,redis,r3-ttl-eviction,1,latency_p95,0.991,ms,False
5,nvhe,redis,r3-ttl-eviction,1,latency_p99,1.711,ms,False
5,nvhe,redis,r3-ttl-eviction,2,throughput,93930.35,ops/s,True
5,nvhe,redis,r3-ttl-eviction,2,latency_avg,0.831,ms,False
5,nvhe,redis,r3-ttl-eviction,2,latency_p50,0.839,ms,False
5,nvhe,redis,r3-ttl-eviction,2,latency_p95,0.983,ms,False
5,nvhe,redis,r3-ttl-eviction,2,latency_p99,1.703,ms,False
5,nvhe,redis,r3-ttl-eviction,3,throughput,93912.74,ops/s,True
5,nvhe,redis,r3-ttl-eviction,3,latency_avg,0.833,ms,False
5,nvhe,redis,r3-ttl-eviction,3,latency_p50,0.847,ms,False
5,nvhe,redis,r3-ttl-eviction,3,latency_p95,0.991,ms,False
5,nvhe,redis,r3-ttl-eviction,3,latency_p99,1.711,ms,False
5,nvhe,redis,r3-ttl-eviction,4,throughput,93918.56,ops/s,True
5,nvhe,redis,r3-ttl-eviction,4,latency_avg,0.83,ms,False
5,nvhe,redis,r3-ttl-eviction,4,latency_p50,0.839,ms,False
5,nvhe,redis,r3-ttl-eviction,4,latency_p95,0.983,ms,False
5,nvhe,redis,r3-ttl-eviction,4,latency_p99,1.703,ms,False
5,nvhe,redis,r3-ttl-eviction,5,throughput,93915.24,ops/s,True
5,nvhe,redis,r3-ttl-eviction,5,latency_avg,0.832,ms,False
5,nvhe,redis,r3-ttl-eviction,5,latency_p50,0.847,ms,False
5,nvhe,redis,r3-ttl-eviction,5,latency_p95,0.983,ms,False
5,nvhe,redis,r3-ttl-eviction,5,latency_p99,1.711,ms,False
5,nvhe,rabbitmq,q2-reliable,1,published,51084.0,msg/s,True
5,nvhe,rabbitmq,q2-reliable,1,received,49575.0,msg/s,True
5,nvhe,rabbitmq,q2-reliable,1,consumer_p95,8558873.0,us,False
5,nvhe,rabbitmq,q2-reliable,1,consumer_p99,8618177.0,us,False
5,nvhe,rabbitmq,q2-reliable,1,confirm_p95,161021.0,us,False
5,nvhe,rabbitmq,q2-reliable,1,confirm_p99,201375.0,us,False
5,nvhe,rabbitmq,q2-reliable,2,published,51428.0,msg/s,True
5,nvhe,rabbitmq,q2-reliable,2,received,51112.0,msg/s,True
5,nvhe,rabbitmq,q2-reliable,2,consumer_p95,7121329.0,us,False
5,nvhe,rabbitmq,q2-reliable,2,consumer_p99,7169071.0,us,False
5,nvhe,rabbitmq,q2-reliable,2,confirm_p95,159390.0,us,False
5,nvhe,rabbitmq,q2-reliable,2,confirm_p99,199371.0,us,False
5,nvhe,rabbitmq,q2-reliable,3,published,51911.0,msg/s,True
5,nvhe,rabbitmq,q2-reliable,3,received,51631.0,msg/s,True
5,nvhe,rabbitmq,q2-reliable,3,consumer_p95,3942263.0,us,False
5,nvhe,rabbitmq,q2-reliable,3,consumer_p99,4019241.0,us,False
5,nvhe,rabbitmq,q2-reliable,3,confirm_p95,156316.0,us,False
5,nvhe,rabbitmq,q2-reliable,3,confirm_p99,201407.0,us,False
5,nvhe,rabbitmq,q2-reliable,4,published,51535.0,msg/s,True
5,nvhe,rabbitmq,q2-reliable,4,received,50613.0,msg/s,True
5,nvhe,rabbitmq,q2-reliable,4,consumer_p95,9392952.0,us,False
5,nvhe,rabbitmq,q2-reliable,4,consumer_p99,9469441.0,us,False
5,nvhe,rabbitmq,q2-reliable,4,confirm_p95,158429.0,us,False
5,nvhe,rabbitmq,q2-reliable,4,confirm_p99,200439.0,us,False
5,nvhe,rabbitmq,q2-reliable,5,published,51824.0,msg/s,True
5,nvhe,rabbitmq,q2-reliable,5,received,51171.0,msg/s,True
5,nvhe,rabbitmq,q2-reliable,5,consumer_p95,5963213.0,us,False
5,nvhe,rabbitmq,q2-reliable,5,consumer_p99,6045897.0,us,False
5,nvhe,rabbitmq,q2-reliable,5,confirm_p95,157551.0,us,False
5,nvhe,rabbitmq,q2-reliable,5,confirm_p99,196994.0,us,False
5,nvhe,rabbitmq,q3-rate50,1,published,24403.0,msg/s,True
5,nvhe,rabbitmq,q3-rate50,1,received,24405.0,msg/s,True
5,nvhe,rabbitmq,q3-rate50,1,consumer_p95,819.0,us,False
5,nvhe,rabbitmq,q3-rate50,1,consumer_p99,925.0,us,False
5,nvhe,rabbitmq,q3-rate50,1,confirm_p95,957.0,us,False
5,nvhe,rabbitmq,q3-rate50,1,confirm_p99,1083.0,us,False
5,nvhe,rabbitmq,q3-rate50,2,published,24403.0,msg/s,True
5,nvhe,rabbitmq,q3-rate50,2,received,24402.0,msg/s,True
5,nvhe,rabbitmq,q3-rate50,2,consumer_p95,801.0,us,False
5,nvhe,rabbitmq,q3-rate50,2,consumer_p99,913.0,us,False
5,nvhe,rabbitmq,q3-rate50,2,confirm_p95,941.0,us,False
5,nvhe,rabbitmq,q3-rate50,2,confirm_p99,1066.0,us,False
5,nvhe,rabbitmq,q3-rate50,3,published,24404.0,msg/s,True
5,nvhe,rabbitmq,q3-rate50,3,received,24404.0,msg/s,True
5,nvhe,rabbitmq,q3-rate50,3,consumer_p95,821.0,us,False
5,nvhe,rabbitmq,q3-rate50,3,consumer_p99,933.0,us,False
5,nvhe,rabbitmq,q3-rate50,3,confirm_p95,961.0,us,False
5,nvhe,rabbitmq,q3-rate50,3,confirm_p99,1088.0,us,False
5,nvhe,rabbitmq,q3-rate50,4,published,24403.0,msg/s,True
5,nvhe,rabbitmq,q3-rate50,4,received,24407.0,msg/s,True
5,nvhe,rabbitmq,q3-rate50,4,consumer_p95,816.0,us,False
5,nvhe,rabbitmq,q3-rate50,4,consumer_p99,927.0,us,False
5,nvhe,rabbitmq,q3-rate50,4,confirm_p95,955.0,us,False
5,nvhe,rabbitmq,q3-rate50,4,confirm_p99,1083.0,us,False
5,nvhe,rabbitmq,q3-rate50,5,published,24405.0,msg/s,True
5,nvhe,rabbitmq,q3-rate50,5,received,24403.0,msg/s,True
5,nvhe,rabbitmq,q3-rate50,5,consumer_p95,805.0,us,False
5,nvhe,rabbitmq,q3-rate50,5,consumer_p99,912.0,us,False
5,nvhe,rabbitmq,q3-rate50,5,confirm_p95,944.0,us,False
5,nvhe,rabbitmq,q3-rate50,5,confirm_p99,1063.0,us,False
5,nvhe,rabbitmq,q3-rate70,1,published,34173.0,msg/s,True
5,nvhe,rabbitmq,q3-rate70,1,received,34172.0,msg/s,True
5,nvhe,rabbitmq,q3-rate70,1,consumer_p95,947.0,us,False
5,nvhe,rabbitmq,q3-rate70,1,consumer_p99,1184.0,us,False
5,nvhe,rabbitmq,q3-rate70,1,confirm_p95,1200.0,us,False
5,nvhe,rabbitmq,q3-rate70,1,confirm_p99,1819.0,us,False
5,nvhe,rabbitmq,q3-rate70,2,published,34174.0,msg/s,True
5,nvhe,rabbitmq,q3-rate70,2,received,34173.0,msg/s,True
5,nvhe,rabbitmq,q3-rate70,2,consumer_p95,1025.0,us,False
5,nvhe,rabbitmq,q3-rate70,2,consumer_p99,1634.0,us,False
5,nvhe,rabbitmq,q3-rate70,2,confirm_p95,1454.0,us,False
5,nvhe,rabbitmq,q3-rate70,2,confirm_p99,2187.0,us,False
5,nvhe,rabbitmq,q3-rate70,3,published,34171.0,msg/s,True
5,nvhe,rabbitmq,q3-rate70,3,received,34172.0,msg/s,True
5,nvhe,rabbitmq,q3-rate70,3,consumer_p95,1023.0,us,False
5,nvhe,rabbitmq,q3-rate70,3,consumer_p99,1480.0,us,False
5,nvhe,rabbitmq,q3-rate70,3,confirm_p95,1485.0,us,False
5,nvhe,rabbitmq,q3-rate70,3,confirm_p99,2094.0,us,False
5,nvhe,rabbitmq,q3-rate70,4,published,34171.0,msg/s,True
5,nvhe,rabbitmq,q3-rate70,4,received,34171.0,msg/s,True
5,nvhe,rabbitmq,q3-rate70,4,consumer_p95,1253.0,us,False
5,nvhe,rabbitmq,q3-rate70,4,consumer_p99,1932.0,us,False
5,nvhe,rabbitmq,q3-rate70,4,confirm_p95,1808.0,us,False
5,nvhe,rabbitmq,q3-rate70,4,confirm_p99,2545.0,us,False
5,nvhe,rabbitmq,q3-rate70,5,published,34174.0,msg/s,True
5,nvhe,rabbitmq,q3-rate70,5,received,34173.0,msg/s,True
5,nvhe,rabbitmq,q3-rate70,5,consumer_p95,926.0,us,False
5,nvhe,rabbitmq,q3-rate70,5,consumer_p99,1179.0,us,False
5,nvhe,rabbitmq,q3-rate70,5,confirm_p95,1166.0,us,False
5,nvhe,rabbitmq,q3-rate70,5,confirm_p99,1779.0,us,False
5,nvhe,rabbitmq,q3-rate85,1,published,41474.0,msg/s,True
5,nvhe,rabbitmq,q3-rate85,1,received,41473.0,msg/s,True
5,nvhe,rabbitmq,q3-rate85,1,consumer_p95,2109.0,us,False
5,nvhe,rabbitmq,q3-rate85,1,consumer_p99,2909.0,us,False
5,nvhe,rabbitmq,q3-rate85,1,confirm_p95,2821.0,us,False
5,nvhe,rabbitmq,q3-rate85,1,confirm_p99,3815.0,us,False
5,nvhe,rabbitmq,q3-rate85,2,published,41469.0,msg/s,True
5,nvhe,rabbitmq,q3-rate85,2,received,41470.0,msg/s,True
5,nvhe,rabbitmq,q3-rate85,2,consumer_p95,1992.0,us,False
5,nvhe,rabbitmq,q3-rate85,2,consumer_p99,2719.0,us,False
5,nvhe,rabbitmq,q3-rate85,2,confirm_p95,2650.0,us,False
5,nvhe,rabbitmq,q3-rate85,2,confirm_p99,3540.0,us,False
5,nvhe,rabbitmq,q3-rate85,3,published,41470.0,msg/s,True
5,nvhe,rabbitmq,q3-rate85,3,received,41471.0,msg/s,True
5,nvhe,rabbitmq,q3-rate85,3,consumer_p95,2200.0,us,False
5,nvhe,rabbitmq,q3-rate85,3,consumer_p99,3028.0,us,False
5,nvhe,rabbitmq,q3-rate85,3,confirm_p95,2959.0,us,False
5,nvhe,rabbitmq,q3-rate85,3,confirm_p99,3974.0,us,False
5,nvhe,rabbitmq,q3-rate85,4,published,41471.0,msg/s,True
5,nvhe,rabbitmq,q3-rate85,4,received,41470.0,msg/s,True
5,nvhe,rabbitmq,q3-rate85,4,consumer_p95,1695.0,us,False
5,nvhe,rabbitmq,q3-rate85,4,consumer_p99,2351.0,us,False
5,nvhe,rabbitmq,q3-rate85,4,confirm_p95,2290.0,us,False
5,nvhe,rabbitmq,q3-rate85,4,confirm_p99,3131.0,us,False
5,nvhe,rabbitmq,q3-rate85,5,published,41472.0,msg/s,True
5,nvhe,rabbitmq,q3-rate85,5,received,41470.0,msg/s,True
5,nvhe,rabbitmq,q3-rate85,5,consumer_p95,2054.0,us,False
5,nvhe,rabbitmq,q3-rate85,5,consumer_p99,2824.0,us,False
5,nvhe,rabbitmq,q3-rate85,5,confirm_p95,2747.0,us,False
5,nvhe,rabbitmq,q3-rate85,5,confirm_p99,3695.0,us,False
5,nvhe,rabbitmq,q4-join-late,1,published,10009.0,msg/s,True
5,nvhe,rabbitmq,q4-join-late,1,received,10007.0,msg/s,True
5,nvhe,rabbitmq,q4-join-late,1,consumer_p95,568.0,us,False
5,nvhe,rabbitmq,q4-join-late,1,consumer_p99,662.0,us,False
5,nvhe,rabbitmq,q4-join-late,1,confirm_p95,746.0,us,False
5,nvhe,rabbitmq,q4-join-late,1,confirm_p99,861.0,us,False
5,nvhe,rabbitmq,q4-join-late,2,published,10010.0,msg/s,True
5,nvhe,rabbitmq,q4-join-late,2,received,10008.0,msg/s,True
5,nvhe,rabbitmq,q4-join-late,2,consumer_p95,584.0,us,False
5,nvhe,rabbitmq,q4-join-late,2,consumer_p99,660.0,us,False
5,nvhe,rabbitmq,q4-join-late,2,confirm_p95,756.0,us,False
5,nvhe,rabbitmq,q4-join-late,2,confirm_p99,871.0,us,False
5,nvhe,rabbitmq,q4-join-late,3,published,10009.0,msg/s,True
5,nvhe,rabbitmq,q4-join-late,3,received,10007.0,msg/s,True
5,nvhe,rabbitmq,q4-join-late,3,consumer_p95,569.0,us,False
5,nvhe,rabbitmq,q4-join-late,3,consumer_p99,693.0,us,False
5,nvhe,rabbitmq,q4-join-late,3,confirm_p95,753.0,us,False
5,nvhe,rabbitmq,q4-join-late,3,confirm_p99,890.0,us,False
5,nvhe,rabbitmq,q4-join-late,4,published,10008.0,msg/s,True
5,nvhe,rabbitmq,q4-join-late,4,received,10006.0,msg/s,True
5,nvhe,rabbitmq,q4-join-late,4,consumer_p95,593.0,us,False
5,nvhe,rabbitmq,q4-join-late,4,consumer_p99,662.0,us,False
5,nvhe,rabbitmq,q4-join-late,4,confirm_p95,762.0,us,False
5,nvhe,rabbitmq,q4-join-late,4,confirm_p99,872.0,us,False
5,nvhe,rabbitmq,q4-join-late,5,published,10008.0,msg/s,True
5,nvhe,rabbitmq,q4-join-late,5,received,10007.0,msg/s,True
5,nvhe,rabbitmq,q4-join-late,5,consumer_p95,566.0,us,False
5,nvhe,rabbitmq,q4-join-late,5,consumer_p99,661.0,us,False
5,nvhe,rabbitmq,q4-join-late,5,confirm_p95,739.0,us,False
5,nvhe,rabbitmq,q4-join-late,5,confirm_p99,854.0,us,False
5,nvhe,rabbitmq,q5-backlog,1,fill_time,17.44,s,False
5,nvhe,rabbitmq,q5-backlog,1,drain_time,13.82,s,False
5,nvhe,rabbitmq,q5-backlog,2,fill_time,17.37,s,False
5,nvhe,rabbitmq,q5-backlog,2,drain_time,13.8,s,False
5,nvhe,rabbitmq,q5-backlog,3,fill_time,17.34,s,False
5,nvhe,rabbitmq,q5-backlog,3,drain_time,15.91,s,False
5,nvhe,rabbitmq,q5-backlog,4,fill_time,17.4,s,False
5,nvhe,rabbitmq,q5-backlog,4,drain_time,13.8,s,False
5,nvhe,rabbitmq,q5-backlog,5,fill_time,17.33,s,False
5,nvhe,rabbitmq,q5-backlog,5,drain_time,12.85,s,False
5,nvhe,rabbitmq,q1-one-fast,1,published,70011.0,msg/s,True
5,nvhe,rabbitmq,q1-one-fast,1,received,70069.0,msg/s,True
5,nvhe,rabbitmq,q1-one-fast,1,consumer_p95,14451.0,us,False
5,nvhe,rabbitmq,q1-one-fast,1,consumer_p99,16781.0,us,False
5,nvhe,rabbitmq,q1-one-fast,2,published,71145.0,msg/s,True
5,nvhe,rabbitmq,q1-one-fast,2,received,71112.0,msg/s,True
5,nvhe,rabbitmq,q1-one-fast,2,consumer_p95,13483.0,us,False
5,nvhe,rabbitmq,q1-one-fast,2,consumer_p99,15776.0,us,False
5,nvhe,rabbitmq,q1-one-fast,3,published,68873.0,msg/s,True
5,nvhe,rabbitmq,q1-one-fast,3,received,68912.0,msg/s,True
5,nvhe,rabbitmq,q1-one-fast,3,consumer_p95,14839.0,us,False
5,nvhe,rabbitmq,q1-one-fast,3,consumer_p99,17028.0,us,False
5,nvhe,rabbitmq,q1-one-fast,4,published,71689.0,msg/s,True
5,nvhe,rabbitmq,q1-one-fast,4,received,71692.0,msg/s,True
5,nvhe,rabbitmq,q1-one-fast,4,consumer_p95,13628.0,us,False
5,nvhe,rabbitmq,q1-one-fast,4,consumer_p99,15777.0,us,False
5,nvhe,rabbitmq,q1-one-fast,5,published,64952.0,msg/s,True
5,nvhe,rabbitmq,q1-one-fast,5,received,64935.0,msg/s,True
5,nvhe,rabbitmq,q1-one-fast,5,consumer_p95,16708.0,us,False
5,nvhe,rabbitmq,q1-one-fast,5,consumer_p99,19120.0,us,False
5,nvhe,geekbench,cpu,1,wall_time,399.92,s,False
5,nvhe,geekbench,cpu,2,wall_time,399.38,s,False
5,nvhe,geekbench,cpu,3,wall_time,400.46,s,False
5,nvhe,geekbench,cpu,4,wall_time,399.28,s,False
5,nvhe,geekbench,cpu,5,wall_time,399.19,s,False
5,protected,redis,r4-bgsave,1,throughput,93933.56,ops/s,True
5,protected,redis,r4-bgsave,1,latency_avg,0.727,ms,False
5,protected,redis,r4-bgsave,1,latency_p50,0.743,ms,False
5,protected,redis,r4-bgsave,1,latency_p95,0.895,ms,False
5,protected,redis,r4-bgsave,1,latency_p99,1.487,ms,False
5,protected,redis,r4-bgsave,2,throughput,93929.02,ops/s,True
5,protected,redis,r4-bgsave,2,latency_avg,0.731,ms,False
5,protected,redis,r4-bgsave,2,latency_p50,0.743,ms,False
5,protected,redis,r4-bgsave,2,latency_p95,0.903,ms,False
5,protected,redis,r4-bgsave,2,latency_p99,1.495,ms,False
5,protected,redis,r4-bgsave,3,throughput,93932.79,ops/s,True
5,protected,redis,r4-bgsave,3,latency_avg,0.727,ms,False
5,protected,redis,r4-bgsave,3,latency_p50,0.743,ms,False
5,protected,redis,r4-bgsave,3,latency_p95,0.895,ms,False
5,protected,redis,r4-bgsave,3,latency_p99,1.479,ms,False
5,protected,redis,r4-bgsave,4,throughput,93935.26,ops/s,True
5,protected,redis,r4-bgsave,4,latency_avg,0.723,ms,False
5,protected,redis,r4-bgsave,4,latency_p50,0.735,ms,False
5,protected,redis,r4-bgsave,4,latency_p95,0.895,ms,False
5,protected,redis,r4-bgsave,4,latency_p99,1.479,ms,False
5,protected,redis,r4-bgsave,5,throughput,93932.53,ops/s,True
5,protected,redis,r4-bgsave,5,latency_avg,0.725,ms,False
5,protected,redis,r4-bgsave,5,latency_p50,0.743,ms,False
5,protected,redis,r4-bgsave,5,latency_p95,0.895,ms,False
5,protected,redis,r4-bgsave,5,latency_p99,1.479,ms,False
5,protected,redis,r1-steady,1,throughput,94002.75,ops/s,True
5,protected,redis,r1-steady,1,latency_avg,0.692,ms,False
5,protected,redis,r1-steady,1,latency_p50,0.719,ms,False
5,protected,redis,r1-steady,1,latency_p95,0.799,ms,False
5,protected,redis,r1-steady,1,latency_p99,1.431,ms,False
5,protected,redis,r1-steady,2,throughput,94003.88,ops/s,True
5,protected,redis,r1-steady,2,latency_avg,0.691,ms,False
5,protected,redis,r1-steady,2,latency_p50,0.719,ms,False
5,protected,redis,r1-steady,2,latency_p95,0.783,ms,False
5,protected,redis,r1-steady,2,latency_p99,1.431,ms,False
5,protected,redis,r1-steady,3,throughput,94003.95,ops/s,True
5,protected,redis,r1-steady,3,latency_avg,0.692,ms,False
5,protected,redis,r1-steady,3,latency_p50,0.711,ms,False
5,protected,redis,r1-steady,3,latency_p95,0.799,ms,False
5,protected,redis,r1-steady,3,latency_p99,1.423,ms,False
5,protected,redis,r1-steady,4,throughput,94003.15,ops/s,True
5,protected,redis,r1-steady,4,latency_avg,0.692,ms,False
5,protected,redis,r1-steady,4,latency_p50,0.719,ms,False
5,protected,redis,r1-steady,4,latency_p95,0.791,ms,False
5,protected,redis,r1-steady,4,latency_p99,1.431,ms,False
5,protected,redis,r1-steady,5,throughput,94003.38,ops/s,True
5,protected,redis,r1-steady,5,latency_avg,0.691,ms,False
5,protected,redis,r1-steady,5,latency_p50,0.719,ms,False
5,protected,redis,r1-steady,5,latency_p95,0.791,ms,False
5,protected,redis,r1-steady,5,latency_p99,1.431,ms,False
5,protected,redis,r2-pipeline,1,throughput,623241.95,ops/s,True
5,protected,redis,r2-pipeline,1,latency_avg,2.565,ms,False
5,protected,redis,r2-pipeline,1,latency_p50,2.095,ms,False
5,protected,redis,r2-pipeline,1,latency_p95,3.631,ms,False
5,protected,redis,r2-pipeline,1,latency_p99,3.823,ms,False
5,protected,redis,r2-pipeline,2,throughput,623173.62,ops/s,True
5,protected,redis,r2-pipeline,2,latency_avg,2.565,ms,False
5,protected,redis,r2-pipeline,2,latency_p50,2.095,ms,False
5,protected,redis,r2-pipeline,2,latency_p95,3.631,ms,False
5,protected,redis,r2-pipeline,2,latency_p99,3.823,ms,False
5,protected,redis,r2-pipeline,3,throughput,624460.16,ops/s,True
5,protected,redis,r2-pipeline,3,latency_avg,2.56,ms,False
5,protected,redis,r2-pipeline,3,latency_p50,2.095,ms,False
5,protected,redis,r2-pipeline,3,latency_p95,3.599,ms,False
5,protected,redis,r2-pipeline,3,latency_p99,3.807,ms,False
5,protected,redis,r2-pipeline,4,throughput,621537.23,ops/s,True
5,protected,redis,r2-pipeline,4,latency_avg,2.572,ms,False
5,protected,redis,r2-pipeline,4,latency_p50,2.111,ms,False
5,protected,redis,r2-pipeline,4,latency_p95,3.631,ms,False
5,protected,redis,r2-pipeline,4,latency_p99,3.823,ms,False
5,protected,redis,r2-pipeline,5,throughput,624307.16,ops/s,True
5,protected,redis,r2-pipeline,5,latency_avg,2.561,ms,False
5,protected,redis,r2-pipeline,5,latency_p50,2.095,ms,False
5,protected,redis,r2-pipeline,5,latency_p95,3.615,ms,False
5,protected,redis,r2-pipeline,5,latency_p99,3.807,ms,False
5,protected,redis,r3-ttl-eviction,1,throughput,93900.47,ops/s,True
5,protected,redis,r3-ttl-eviction,1,latency_avg,0.834,ms,False
5,protected,redis,r3-ttl-eviction,1,latency_p50,0.847,ms,False
5,protected,redis,r3-ttl-eviction,1,latency_p95,0.999,ms,False
5,protected,redis,r3-ttl-eviction,1,latency_p99,1.711,ms,False
5,protected,redis,r3-ttl-eviction,2,throughput,93908.76,ops/s,True
5,protected,redis,r3-ttl-eviction,2,latency_avg,0.834,ms,False
5,protected,redis,r3-ttl-eviction,2,latency_p50,0.847,ms,False
5,protected,redis,r3-ttl-eviction,2,latency_p95,0.999,ms,False
5,protected,redis,r3-ttl-eviction,2,latency_p99,1.703,ms,False
5,protected,redis,r3-ttl-eviction,3,throughput,93903.26,ops/s,True
5,protected,redis,r3-ttl-eviction,3,latency_avg,0.835,ms,False
5,protected,redis,r3-ttl-eviction,3,latency_p50,0.847,ms,False
5,protected,redis,r3-ttl-eviction,3,latency_p95,1.007,ms,False
5,protected,redis,r3-ttl-eviction,3,latency_p99,1.711,ms,False
5,protected,redis,r3-ttl-eviction,4,throughput,93898.37,ops/s,True
5,protected,redis,r3-ttl-eviction,4,latency_avg,0.833,ms,False
5,protected,redis,r3-ttl-eviction,4,latency_p50,0.847,ms,False
5,protected,redis,r3-ttl-eviction,4,latency_p95,0.999,ms,False
5,protected,redis,r3-ttl-eviction,4,latency_p99,1.711,ms,False
5,protected,redis,r3-ttl-eviction,5,throughput,93911.29,ops/s,True
5,protected,redis,r3-ttl-eviction,5,latency_avg,0.834,ms,False
5,protected,redis,r3-ttl-eviction,5,latency_p50,0.847,ms,False
5,protected,redis,r3-ttl-eviction,5,latency_p95,0.999,ms,False
5,protected,redis,r3-ttl-eviction,5,latency_p99,1.711,ms,False
5,protected,rabbitmq,q2-reliable,1,published,51029.0,msg/s,True
5,protected,rabbitmq,q2-reliable,1,received,50758.0,msg/s,True
5,protected,rabbitmq,q2-reliable,1,consumer_p95,4672039.0,us,False
5,protected,rabbitmq,q2-reliable,1,consumer_p99,4761267.0,us,False
5,protected,rabbitmq,q2-reliable,1,confirm_p95,157705.0,us,False
5,protected,rabbitmq,q2-reliable,1,confirm_p99,198918.0,us,False
5,protected,rabbitmq,q2-reliable,2,published,50692.0,msg/s,True
5,protected,rabbitmq,q2-reliable,2,received,50389.0,msg/s,True
5,protected,rabbitmq,q2-reliable,2,consumer_p95,5805966.0,us,False
5,protected,rabbitmq,q2-reliable,2,consumer_p99,5906542.0,us,False
5,protected,rabbitmq,q2-reliable,2,confirm_p95,160754.0,us,False
5,protected,rabbitmq,q2-reliable,2,confirm_p99,202279.0,us,False
5,protected,rabbitmq,q2-reliable,3,published,50926.0,msg/s,True
5,protected,rabbitmq,q2-reliable,3,received,50485.0,msg/s,True
5,protected,rabbitmq,q2-reliable,3,consumer_p95,6156293.0,us,False
5,protected,rabbitmq,q2-reliable,3,consumer_p99,6254406.0,us,False
5,protected,rabbitmq,q2-reliable,3,confirm_p95,159379.0,us,False
5,protected,rabbitmq,q2-reliable,3,confirm_p99,201549.0,us,False
5,protected,rabbitmq,q2-reliable,4,published,49912.0,msg/s,True
5,protected,rabbitmq,q2-reliable,4,received,48829.0,msg/s,True
5,protected,rabbitmq,q2-reliable,4,consumer_p95,10906577.0,us,False
5,protected,rabbitmq,q2-reliable,4,consumer_p99,10978255.0,us,False
5,protected,rabbitmq,q2-reliable,4,confirm_p95,162288.0,us,False
5,protected,rabbitmq,q2-reliable,4,confirm_p99,204631.0,us,False
5,protected,rabbitmq,q2-reliable,5,published,51452.0,msg/s,True
5,protected,rabbitmq,q2-reliable,5,received,51382.0,msg/s,True
5,protected,rabbitmq,q2-reliable,5,consumer_p95,4342625.0,us,False
5,protected,rabbitmq,q2-reliable,5,consumer_p99,4452358.0,us,False
5,protected,rabbitmq,q2-reliable,5,confirm_p95,156446.0,us,False
5,protected,rabbitmq,q2-reliable,5,confirm_p99,197003.0,us,False
5,protected,rabbitmq,q3-rate50,1,published,24402.0,msg/s,True
5,protected,rabbitmq,q3-rate50,1,received,24400.0,msg/s,True
5,protected,rabbitmq,q3-rate50,1,consumer_p95,855.0,us,False
5,protected,rabbitmq,q3-rate50,1,consumer_p99,974.0,us,False
5,protected,rabbitmq,q3-rate50,1,confirm_p95,1000.0,us,False
5,protected,rabbitmq,q3-rate50,1,confirm_p99,1202.0,us,False
5,protected,rabbitmq,q3-rate50,2,published,24400.0,msg/s,True
5,protected,rabbitmq,q3-rate50,2,received,24399.0,msg/s,True
5,protected,rabbitmq,q3-rate50,2,consumer_p95,838.0,us,False
5,protected,rabbitmq,q3-rate50,2,consumer_p99,953.0,us,False
5,protected,rabbitmq,q3-rate50,2,confirm_p95,979.0,us,False
5,protected,rabbitmq,q3-rate50,2,confirm_p99,1138.0,us,False
5,protected,rabbitmq,q3-rate50,3,published,24403.0,msg/s,True
5,protected,rabbitmq,q3-rate50,3,received,24401.0,msg/s,True
5,protected,rabbitmq,q3-rate50,3,consumer_p95,824.0,us,False
5,protected,rabbitmq,q3-rate50,3,consumer_p99,944.0,us,False
5,protected,rabbitmq,q3-rate50,3,confirm_p95,972.0,us,False
5,protected,rabbitmq,q3-rate50,3,confirm_p99,1135.0,us,False
5,protected,rabbitmq,q3-rate50,4,published,24401.0,msg/s,True
5,protected,rabbitmq,q3-rate50,4,received,24398.0,msg/s,True
5,protected,rabbitmq,q3-rate50,4,consumer_p95,852.0,us,False
5,protected,rabbitmq,q3-rate50,4,consumer_p99,968.0,us,False
5,protected,rabbitmq,q3-rate50,4,confirm_p95,996.0,us,False
5,protected,rabbitmq,q3-rate50,4,confirm_p99,1184.0,us,False
5,protected,rabbitmq,q3-rate50,5,published,24403.0,msg/s,True
5,protected,rabbitmq,q3-rate50,5,received,24401.0,msg/s,True
5,protected,rabbitmq,q3-rate50,5,consumer_p95,827.0,us,False
5,protected,rabbitmq,q3-rate50,5,consumer_p99,961.0,us,False
5,protected,rabbitmq,q3-rate50,5,confirm_p95,984.0,us,False
5,protected,rabbitmq,q3-rate50,5,confirm_p99,1184.0,us,False
5,protected,rabbitmq,q3-rate70,1,published,34173.0,msg/s,True
5,protected,rabbitmq,q3-rate70,1,received,34172.0,msg/s,True
5,protected,rabbitmq,q3-rate70,1,consumer_p95,1015.0,us,False
5,protected,rabbitmq,q3-rate70,1,consumer_p99,1454.0,us,False
5,protected,rabbitmq,q3-rate70,1,confirm_p95,1455.0,us,False
5,protected,rabbitmq,q3-rate70,1,confirm_p99,2046.0,us,False
5,protected,rabbitmq,q3-rate70,2,published,34172.0,msg/s,True
5,protected,rabbitmq,q3-rate70,2,received,34169.0,msg/s,True
5,protected,rabbitmq,q3-rate70,2,consumer_p95,1178.0,us,False
5,protected,rabbitmq,q3-rate70,2,consumer_p99,1798.0,us,False
5,protected,rabbitmq,q3-rate70,2,confirm_p95,1746.0,us,False
5,protected,rabbitmq,q3-rate70,2,confirm_p99,2417.0,us,False
5,protected,rabbitmq,q3-rate70,3,published,34174.0,msg/s,True
5,protected,rabbitmq,q3-rate70,3,received,34174.0,msg/s,True
5,protected,rabbitmq,q3-rate70,3,consumer_p95,1143.0,us,False
5,protected,rabbitmq,q3-rate70,3,consumer_p99,1729.0,us,False
5,protected,rabbitmq,q3-rate70,3,confirm_p95,1708.0,us,False
5,protected,rabbitmq,q3-rate70,3,confirm_p99,2266.0,us,False
5,protected,rabbitmq,q3-rate70,4,published,34174.0,msg/s,True
5,protected,rabbitmq,q3-rate70,4,received,34175.0,msg/s,True
5,protected,rabbitmq,q3-rate70,4,consumer_p95,1116.0,us,False
5,protected,rabbitmq,q3-rate70,4,consumer_p99,1668.0,us,False
5,protected,rabbitmq,q3-rate70,4,confirm_p95,1639.0,us,False
5,protected,rabbitmq,q3-rate70,4,confirm_p99,2230.0,us,False
5,protected,rabbitmq,q3-rate70,5,published,34172.0,msg/s,True
5,protected,rabbitmq,q3-rate70,5,received,34172.0,msg/s,True
5,protected,rabbitmq,q3-rate70,5,consumer_p95,1028.0,us,False
5,protected,rabbitmq,q3-rate70,5,consumer_p99,1482.0,us,False
5,protected,rabbitmq,q3-rate70,5,confirm_p95,1459.0,us,False
5,protected,rabbitmq,q3-rate70,5,confirm_p99,2034.0,us,False
5,protected,rabbitmq,q3-rate85,1,published,41472.0,msg/s,True
5,protected,rabbitmq,q3-rate85,1,received,41473.0,msg/s,True
5,protected,rabbitmq,q3-rate85,1,consumer_p95,2299.0,us,False
5,protected,rabbitmq,q3-rate85,1,consumer_p99,3176.0,us,False
5,protected,rabbitmq,q3-rate85,1,confirm_p95,3084.0,us,False
5,protected,rabbitmq,q3-rate85,1,confirm_p99,4148.0,us,False
5,protected,rabbitmq,q3-rate85,2,published,41468.0,msg/s,True
5,protected,rabbitmq,q3-rate85,2,received,41470.0,msg/s,True
5,protected,rabbitmq,q3-rate85,2,consumer_p95,2074.0,us,False
5,protected,rabbitmq,q3-rate85,2,consumer_p99,2850.0,us,False
5,protected,rabbitmq,q3-rate85,2,confirm_p95,2782.0,us,False
5,protected,rabbitmq,q3-rate85,2,confirm_p99,3785.0,us,False
5,protected,rabbitmq,q3-rate85,3,published,41466.0,msg/s,True
5,protected,rabbitmq,q3-rate85,3,received,41469.0,msg/s,True
5,protected,rabbitmq,q3-rate85,3,consumer_p95,2152.0,us,False
5,protected,rabbitmq,q3-rate85,3,consumer_p99,2936.0,us,False
5,protected,rabbitmq,q3-rate85,3,confirm_p95,2891.0,us,False
5,protected,rabbitmq,q3-rate85,3,confirm_p99,3886.0,us,False
5,protected,rabbitmq,q3-rate85,4,published,41468.0,msg/s,True
5,protected,rabbitmq,q3-rate85,4,received,41469.0,msg/s,True
5,protected,rabbitmq,q3-rate85,4,consumer_p95,2339.0,us,False
5,protected,rabbitmq,q3-rate85,4,consumer_p99,3228.0,us,False
5,protected,rabbitmq,q3-rate85,4,confirm_p95,3111.0,us,False
5,protected,rabbitmq,q3-rate85,4,confirm_p99,4174.0,us,False
5,protected,rabbitmq,q3-rate85,5,published,41471.0,msg/s,True
5,protected,rabbitmq,q3-rate85,5,received,41472.0,msg/s,True
5,protected,rabbitmq,q3-rate85,5,consumer_p95,2075.0,us,False
5,protected,rabbitmq,q3-rate85,5,consumer_p99,2837.0,us,False
5,protected,rabbitmq,q3-rate85,5,confirm_p95,2771.0,us,False
5,protected,rabbitmq,q3-rate85,5,confirm_p99,3699.0,us,False
5,protected,rabbitmq,q4-join-late,1,published,10008.0,msg/s,True
5,protected,rabbitmq,q4-join-late,1,received,10007.0,msg/s,True
5,protected,rabbitmq,q4-join-late,1,consumer_p95,381.0,us,False
5,protected,rabbitmq,q4-join-late,1,consumer_p99,670.0,us,False
5,protected,rabbitmq,q4-join-late,1,confirm_p95,709.0,us,False
5,protected,rabbitmq,q4-join-late,1,confirm_p99,857.0,us,False
5,protected,rabbitmq,q4-join-late,2,published,10008.0,msg/s,True
5,protected,rabbitmq,q4-join-late,2,received,10007.0,msg/s,True
5,protected,rabbitmq,q4-join-late,2,consumer_p95,384.0,us,False
5,protected,rabbitmq,q4-join-late,2,consumer_p99,694.0,us,False
5,protected,rabbitmq,q4-join-late,2,confirm_p95,706.0,us,False
5,protected,rabbitmq,q4-join-late,2,confirm_p99,866.0,us,False
5,protected,rabbitmq,q4-join-late,3,published,10007.0,msg/s,True
5,protected,rabbitmq,q4-join-late,3,received,10005.0,msg/s,True
5,protected,rabbitmq,q4-join-late,3,consumer_p95,392.0,us,False
5,protected,rabbitmq,q4-join-late,3,consumer_p99,698.0,us,False
5,protected,rabbitmq,q4-join-late,3,confirm_p95,724.0,us,False
5,protected,rabbitmq,q4-join-late,3,confirm_p99,888.0,us,False
5,protected,rabbitmq,q4-join-late,4,published,10008.0,msg/s,True
5,protected,rabbitmq,q4-join-late,4,received,10007.0,msg/s,True
5,protected,rabbitmq,q4-join-late,4,consumer_p95,545.0,us,False
5,protected,rabbitmq,q4-join-late,4,consumer_p99,686.0,us,False
5,protected,rabbitmq,q4-join-late,4,confirm_p95,756.0,us,False
5,protected,rabbitmq,q4-join-late,4,confirm_p99,877.0,us,False
5,protected,rabbitmq,q4-join-late,5,published,10010.0,msg/s,True
5,protected,rabbitmq,q4-join-late,5,received,10009.0,msg/s,True
5,protected,rabbitmq,q4-join-late,5,consumer_p95,580.0,us,False
5,protected,rabbitmq,q4-join-late,5,consumer_p99,664.0,us,False
5,protected,rabbitmq,q4-join-late,5,confirm_p95,757.0,us,False
5,protected,rabbitmq,q4-join-late,5,confirm_p99,878.0,us,False
5,protected,rabbitmq,q5-backlog,1,fill_time,17.5,s,False
5,protected,rabbitmq,q5-backlog,1,drain_time,13.82,s,False
5,protected,rabbitmq,q5-backlog,2,fill_time,17.72,s,False
5,protected,rabbitmq,q5-backlog,2,drain_time,13.82,s,False
5,protected,rabbitmq,q5-backlog,3,fill_time,17.65,s,False
5,protected,rabbitmq,q5-backlog,3,drain_time,15.88,s,False
5,protected,rabbitmq,q5-backlog,4,fill_time,18.04,s,False
5,protected,rabbitmq,q5-backlog,4,drain_time,15.81,s,False
5,protected,rabbitmq,q5-backlog,5,fill_time,17.94,s,False
5,protected,rabbitmq,q5-backlog,5,drain_time,13.84,s,False
5,protected,rabbitmq,q1-one-fast,1,published,67835.0,msg/s,True
5,protected,rabbitmq,q1-one-fast,1,received,67800.0,msg/s,True
5,protected,rabbitmq,q1-one-fast,1,consumer_p95,14895.0,us,False
5,protected,rabbitmq,q1-one-fast,1,consumer_p99,17007.0,us,False
5,protected,rabbitmq,q1-one-fast,2,published,66651.0,msg/s,True
5,protected,rabbitmq,q1-one-fast,2,received,66602.0,msg/s,True
5,protected,rabbitmq,q1-one-fast,2,consumer_p95,15380.0,us,False
5,protected,rabbitmq,q1-one-fast,2,consumer_p99,17632.0,us,False
5,protected,rabbitmq,q1-one-fast,3,published,71135.0,msg/s,True
5,protected,rabbitmq,q1-one-fast,3,received,71183.0,msg/s,True
5,protected,rabbitmq,q1-one-fast,3,consumer_p95,13569.0,us,False
5,protected,rabbitmq,q1-one-fast,3,consumer_p99,15835.0,us,False
5,protected,rabbitmq,q1-one-fast,4,published,65368.0,msg/s,True
5,protected,rabbitmq,q1-one-fast,4,received,65381.0,msg/s,True
5,protected,rabbitmq,q1-one-fast,4,consumer_p95,15989.0,us,False
5,protected,rabbitmq,q1-one-fast,4,consumer_p99,18254.0,us,False
5,protected,rabbitmq,q1-one-fast,5,published,67117.0,msg/s,True
5,protected,rabbitmq,q1-one-fast,5,received,67157.0,msg/s,True
5,protected,rabbitmq,q1-one-fast,5,consumer_p95,15342.0,us,False
5,protected,rabbitmq,q1-one-fast,5,consumer_p99,17539.0,us,False
5,protected,geekbench,cpu,1,wall_time,401.29,s,False
5,protected,geekbench,cpu,2,wall_time,400.08,s,False
5,protected,geekbench,cpu,3,wall_time,400.81,s,False
5,protected,geekbench,cpu,4,wall_time,400.15999999999997,s,False
5,protected,geekbench,cpu,5,wall_time,400.7,s,False
