[2026-07-13T10:14:33+08:00] installing build and runtime dependencies
[2026-07-13T10:14:50+08:00] download https://github.com/redis/redis/archive/refs/tags/8.8.0.tar.gz
[2026-07-13T10:14:56+08:00] download https://github.com/redis/memtier_benchmark/archive/refs/tags/2.3.1.tar.gz
[2026-07-13T10:15:00+08:00] download https://github.com/rabbitmq/rabbitmq-perf-test/releases/download/v2.25.0/perf-test-2.25.0.jar
[2026-07-13T10:15:15+08:00] building Redis 8.8.0
[2026-07-13T10:16:15+08:00] building memtier_benchmark 2.3.1
[2026-07-13T10:17:37+08:00] installing build and runtime dependencies
[2026-07-13T10:17:46+08:00] building Redis 8.8.0
[2026-07-13T10:18:17+08:00] building memtier_benchmark 2.3.1
[2026-07-13T10:18:26+08:00] building pinned kylin-lmbench source: /home/jose/kylin-lmbench-exp/src/kylin-lmbench-52d1942
[2026-07-13T10:18:38+08:00] ERROR: lmbench build did not produce lat_mmap_precise
[2026-07-13T10:23:36+08:00] installing build and runtime dependencies
[2026-07-13T10:23:42+08:00] building Redis 8.8.0
[2026-07-13T10:23:46+08:00] building memtier_benchmark 2.3.1
[2026-07-13T10:23:55+08:00] building pinned kylin-lmbench source: /home/jose/kylin-lmbench-exp/src/kylin-lmbench-52d1942
[2026-07-13T10:23:57+08:00] building kernel-matched perf from /home/jose/common
[2026-07-13T10:32:50+08:00] installing build and runtime dependencies
[2026-07-13T10:32:56+08:00] building Redis 8.8.0
[2026-07-13T10:33:00+08:00] building memtier_benchmark 2.3.1
[2026-07-13T10:33:09+08:00] building pinned kylin-lmbench source: /home/jose/kylin-lmbench-exp/src/kylin-lmbench-52d1942
[2026-07-13T10:33:11+08:00] building kernel-matched perf from /home/jose/common
[2026-07-13T10:36:57+08:00] installing build and runtime dependencies
[2026-07-13T10:37:06+08:00] building Redis 8.8.0
[2026-07-13T10:37:11+08:00] building memtier_benchmark 2.3.1
[2026-07-13T10:37:20+08:00] building pinned kylin-lmbench source: /home/jose/kylin-lmbench-exp/src/kylin-lmbench-52d1942
[2026-07-13T10:37:21+08:00] building kernel-matched perf from /home/jose/common
[2026-07-13T10:37:37+08:00] pulling RabbitMQ 4.3.1 official image
[2026-07-13T10:43:56+08:00] installing build and runtime dependencies
[2026-07-13T10:44:02+08:00] building Redis 8.8.0
[2026-07-13T10:44:06+08:00] building memtier_benchmark 2.3.1
[2026-07-13T10:44:15+08:00] building pinned kylin-lmbench source: /home/jose/kylin-lmbench-exp/src/kylin-lmbench-52d1942
[2026-07-13T10:44:17+08:00] building kernel-matched perf from /home/jose/common
[2026-07-13T10:44:18+08:00] pulling RabbitMQ 4.3.1 official image
[2026-07-13T10:44:26+08:00] bootstrap complete
[2026-07-13T10:48:52+08:00] ERROR: GRUB_DEFAULT is no longer index 0
[2026-07-13T10:50:16+08:00] installed one-shot nVHE/protected GRUB entries; default entry remains VHE index 0
[2026-07-13T10:54:30+08:00] ERROR: swap remains active
[2026-07-13T10:55:09+08:00] host prepared: CPUs=0-7 governor=performance ASLR=2 swap=off target=multi-user
[2026-07-13T10:56:50+08:00] host prepared: CPUs=0-7 governor=performance ASLR=2 swap=off target=multi-user
[2026-07-13T10:56:51+08:00] Redis seed: adding keys 1..1000000
[2026-07-13T10:56:54+08:00] Redis seed: keys=1000000 used_memory=1326922472
[2026-07-13T10:56:54+08:00] Redis seed: adding keys 1000001..2000000
[2026-07-13T10:56:56+08:00] Redis seed: keys=2000000 used_memory=2653046088
[2026-07-13T10:56:56+08:00] Redis seed: adding keys 2000001..3000000
[2026-07-13T10:56:58+08:00] Redis seed: keys=3000000 used_memory=4002388736
[2026-07-13T10:56:58+08:00] Redis seed: adding keys 3000001..4000000
[2026-07-13T10:57:00+08:00] Redis seed: keys=4000000 used_memory=5305205768
[2026-07-13T10:57:00+08:00] Redis seed: adding keys 4000001..5000000
[2026-07-13T10:57:03+08:00] Redis seed: keys=5000000 used_memory=6688376480
[2026-07-13T10:57:03+08:00] Redis seed: adding keys 5000001..6000000
[2026-07-13T10:57:05+08:00] Redis seed: keys=6000000 used_memory=8003959232
[2026-07-13T10:57:05+08:00] Redis seed: adding keys 6000001..7000000
[2026-07-13T10:57:07+08:00] Redis seed: keys=7000000 used_memory=9288072104
[2026-07-13T10:57:58+08:00] Redis seed complete: keys=7000000 used_memory=9288098680
[2026-07-13T10:58:02+08:00] ERROR: Redis ping failed
[2026-07-13T11:00:56+08:00] host prepared: CPUs=0-7 governor=performance ASLR=2 swap=off target=multi-user
[2026-07-13T11:01:32+08:00] starting RabbitMQ image=rabbitmq@sha256:8734b9e9cd03d12b2e1d973415fc4c5c941c5eca351b4bd63f721782b1bf7c8b data=/kylin-lmbench-exp-work/rabbitmq/run-smoke-vhe-vhe-calibration-1
[2026-07-13T11:03:39+08:00] host prepared: CPUs=0-7 governor=performance ASLR=2 swap=off target=multi-user
[2026-07-13T11:03:39+08:00] starting RabbitMQ image=rabbitmq@sha256:8734b9e9cd03d12b2e1d973415fc4c5c941c5eca351b4bd63f721782b1bf7c8b data=/kylin-lmbench-exp-work/rabbitmq/run-smoke-vhe-vhe-calibration-1
[2026-07-13T11:04:23+08:00] host prepared: CPUs=0-7 governor=performance ASLR=2 swap=off target=multi-user
[2026-07-13T11:04:23+08:00] starting RabbitMQ image=rabbitmq@sha256:8734b9e9cd03d12b2e1d973415fc4c5c941c5eca351b4bd63f721782b1bf7c8b data=/kylin-lmbench-exp-work/rabbitmq/run-smoke-vhe-vhe-calibration-1
[2026-07-13T11:05:27+08:00] cooldown 2s
[2026-07-13T11:06:19+08:00] completed start anchors
[2026-07-13T11:06:19+08:00] VHE smoke complete
[2026-07-13T11:08:04+08:00] verified one-shot GRUB next_entry=d3000-6.6.30-nvhe in active ESP grubenv
[2026-07-13T11:09:06+08:00] validated boot mode: nvhe
[2026-07-13T11:09:16+08:00] host prepared: CPUs=0-7 governor=performance ASLR=2 swap=off target=multi-user
[2026-07-13T11:09:36+08:00] completed start anchors
[2026-07-13T11:09:44+08:00] verified one-shot GRUB next_entry=d3000-6.6.30-protected in active ESP grubenv
[2026-07-13T11:10:33+08:00] ERROR: cmdline says protected, but Hyp mode initialization marker is missing
[2026-07-13T11:11:45+08:00] validated boot mode: protected
[2026-07-13T11:12:02+08:00] host prepared: CPUs=0-7 governor=performance ASLR=2 swap=off target=multi-user
[2026-07-13T11:12:23+08:00] completed start anchors
[2026-07-13T11:13:00+08:00] verified one-shot GRUB next_entry=d3000-6.6.30-nvhe in active ESP grubenv
[2026-07-13T11:13:00+08:00] campaign=d3000-apps-20260713-111300 initialized; rebooting into calibration nVHE
[2026-07-13T11:13:55+08:00] leg=1 stage=calibration pair=calibration expected=nvhe starting
[2026-07-13T11:13:58+08:00] host prepared: CPUs=0-7 governor=performance ASLR=2 swap=off target=multi-user
[2026-07-13T11:17:20+08:00] cooldown 30s
[2026-07-13T11:21:10+08:00] cooldown 30s
[2026-07-13T11:25:00+08:00] cooldown 30s
[2026-07-13T11:28:50+08:00] cooldown 30s
[2026-07-13T11:32:40+08:00] cooldown 30s
[2026-07-13T11:33:10+08:00] starting RabbitMQ image=rabbitmq@sha256:8734b9e9cd03d12b2e1d973415fc4c5c941c5eca351b4bd63f721782b1bf7c8b data=/kylin-lmbench-exp-work/rabbitmq/run-d3000-apps-20260713-111300-calibration-nvhe-calibration-1
[2026-07-13T11:34:14+08:00] cooldown 30s
[2026-07-13T11:37:52+08:00] cooldown 30s
[2026-07-13T11:38:23+08:00] starting RabbitMQ image=rabbitmq@sha256:8734b9e9cd03d12b2e1d973415fc4c5c941c5eca351b4bd63f721782b1bf7c8b data=/kylin-lmbench-exp-work/rabbitmq/run-d3000-apps-20260713-111300-calibration-nvhe-calibration-2
[2026-07-13T11:39:27+08:00] cooldown 30s
[2026-07-13T11:43:05+08:00] cooldown 30s
[2026-07-13T11:43:35+08:00] starting RabbitMQ image=rabbitmq@sha256:8734b9e9cd03d12b2e1d973415fc4c5c941c5eca351b4bd63f721782b1bf7c8b data=/kylin-lmbench-exp-work/rabbitmq/run-d3000-apps-20260713-111300-calibration-nvhe-calibration-3
[2026-07-13T11:44:39+08:00] cooldown 30s
[2026-07-13T11:48:17+08:00] cooldown 30s
[2026-07-13T11:48:47+08:00] starting RabbitMQ image=rabbitmq@sha256:8734b9e9cd03d12b2e1d973415fc4c5c941c5eca351b4bd63f721782b1bf7c8b data=/kylin-lmbench-exp-work/rabbitmq/run-d3000-apps-20260713-111300-calibration-nvhe-calibration-4
[2026-07-13T11:49:51+08:00] cooldown 30s
[2026-07-13T11:53:29+08:00] cooldown 30s
[2026-07-13T11:53:59+08:00] starting RabbitMQ image=rabbitmq@sha256:8734b9e9cd03d12b2e1d973415fc4c5c941c5eca351b4bd63f721782b1bf7c8b data=/kylin-lmbench-exp-work/rabbitmq/run-d3000-apps-20260713-111300-calibration-nvhe-calibration-5
[2026-07-13T11:55:03+08:00] cooldown 30s
[2026-07-13T11:58:42+08:00] cooldown 30s
[2026-07-13T11:59:12+08:00] verified one-shot GRUB next_entry=d3000-6.6.30-protected in active ESP grubenv
[2026-07-13T11:59:12+08:00] leg=1 complete; rebooting into protected for leg=2
[2026-07-13T12:00:09+08:00] leg=2 stage=calibration pair=calibration expected=protected starting
[2026-07-13T12:00:10+08:00] host prepared: CPUs=0-7 governor=performance ASLR=2 swap=off target=multi-user
[2026-07-13T12:03:33+08:00] cooldown 30s
[2026-07-13T12:07:23+08:00] cooldown 30s
[2026-07-13T12:11:13+08:00] cooldown 30s
[2026-07-13T12:15:03+08:00] cooldown 30s
[2026-07-13T12:18:53+08:00] cooldown 30s
[2026-07-13T12:19:23+08:00] starting RabbitMQ image=rabbitmq@sha256:8734b9e9cd03d12b2e1d973415fc4c5c941c5eca351b4bd63f721782b1bf7c8b data=/kylin-lmbench-exp-work/rabbitmq/run-d3000-apps-20260713-111300-calibration-protected-calibration-1
[2026-07-13T12:20:27+08:00] cooldown 30s
[2026-07-13T12:24:05+08:00] cooldown 30s
[2026-07-13T12:24:35+08:00] starting RabbitMQ image=rabbitmq@sha256:8734b9e9cd03d12b2e1d973415fc4c5c941c5eca351b4bd63f721782b1bf7c8b data=/kylin-lmbench-exp-work/rabbitmq/run-d3000-apps-20260713-111300-calibration-protected-calibration-2
[2026-07-13T12:25:39+08:00] cooldown 30s
[2026-07-13T12:29:18+08:00] cooldown 30s
[2026-07-13T12:29:48+08:00] starting RabbitMQ image=rabbitmq@sha256:8734b9e9cd03d12b2e1d973415fc4c5c941c5eca351b4bd63f721782b1bf7c8b data=/kylin-lmbench-exp-work/rabbitmq/run-d3000-apps-20260713-111300-calibration-protected-calibration-3
[2026-07-13T12:30:53+08:00] cooldown 30s
[2026-07-13T12:34:31+08:00] cooldown 30s
[2026-07-13T12:35:01+08:00] starting RabbitMQ image=rabbitmq@sha256:8734b9e9cd03d12b2e1d973415fc4c5c941c5eca351b4bd63f721782b1bf7c8b data=/kylin-lmbench-exp-work/rabbitmq/run-d3000-apps-20260713-111300-calibration-protected-calibration-4
[2026-07-13T12:36:05+08:00] cooldown 30s
[2026-07-13T12:39:43+08:00] cooldown 30s
[2026-07-13T12:40:13+08:00] starting RabbitMQ image=rabbitmq@sha256:8734b9e9cd03d12b2e1d973415fc4c5c941c5eca351b4bd63f721782b1bf7c8b data=/kylin-lmbench-exp-work/rabbitmq/run-d3000-apps-20260713-111300-calibration-protected-calibration-5
[2026-07-13T12:41:18+08:00] cooldown 30s
[2026-07-13T12:44:56+08:00] cooldown 30s
[2026-07-13T12:45:26+08:00] verified one-shot GRUB next_entry=d3000-6.6.30-nvhe in active ESP grubenv
[2026-07-13T12:45:26+08:00] leg=2 complete; rebooting into nvhe for leg=3
[2026-07-13T12:46:19+08:00] leg=3 stage=formal pair=1 expected=nvhe starting
[2026-07-13T12:46:20+08:00] host prepared: CPUs=0-7 governor=performance ASLR=2 swap=off target=multi-user
[2026-07-13T12:48:02+08:00] completed start anchors
[2026-07-13T12:48:02+08:00] pair=1 mode=nvhe project=geek
[2026-07-13T12:48:03+08:00] Geekbench non-scoring warmup
[2026-07-13T12:54:34+08:00] cooldown 30s
[2026-07-13T12:55:04+08:00] Geekbench formal run 1/5
[2026-07-13T13:01:35+08:00] cooldown 30s
[2026-07-13T13:02:05+08:00] Geekbench formal run 2/5
[2026-07-13T13:08:36+08:00] cooldown 30s
[2026-07-13T13:09:06+08:00] Geekbench formal run 3/5
[2026-07-13T13:15:36+08:00] cooldown 30s
[2026-07-13T13:16:06+08:00] Geekbench formal run 4/5
[2026-07-13T13:22:40+08:00] cooldown 30s
[2026-07-13T13:23:10+08:00] Geekbench formal run 5/5
[2026-07-13T13:29:41+08:00] cooldown 30s
[2026-07-13T13:30:11+08:00] completed Geekbench CPU suite
[2026-07-13T13:30:11+08:00] pair=1 mode=nvhe project=redis
[2026-07-13T13:35:32+08:00] cooldown 30s
[2026-07-13T13:41:22+08:00] cooldown 30s
[2026-07-13T13:47:12+08:00] cooldown 30s
[2026-07-13T13:53:02+08:00] cooldown 30s
[2026-07-13T13:58:52+08:00] cooldown 30s
[2026-07-13T14:02:42+08:00] cooldown 30s
[2026-07-13T14:06:32+08:00] cooldown 30s
[2026-07-13T14:10:22+08:00] cooldown 30s
[2026-07-13T14:14:12+08:00] cooldown 30s
[2026-07-13T14:18:02+08:00] cooldown 30s
[2026-07-13T14:23:53+08:00] cooldown 30s
[2026-07-13T14:29:45+08:00] cooldown 30s
[2026-07-13T14:35:36+08:00] cooldown 30s
[2026-07-13T14:41:27+08:00] cooldown 30s
[2026-07-13T14:47:18+08:00] cooldown 30s
[2026-07-13T14:54:09+08:00] cooldown 30s
[2026-07-13T15:00:59+08:00] cooldown 30s
[2026-07-13T15:07:50+08:00] cooldown 30s
[2026-07-13T15:14:40+08:00] cooldown 30s
[2026-07-13T15:21:31+08:00] cooldown 30s
[2026-07-13T15:22:01+08:00] pair=1 mode=nvhe project=rabbitmq
[2026-07-13T15:22:01+08:00] starting RabbitMQ image=rabbitmq@sha256:8734b9e9cd03d12b2e1d973415fc4c5c941c5eca351b4bd63f721782b1bf7c8b data=/kylin-lmbench-exp-work/rabbitmq/run-d3000-apps-20260713-111300-1-nvhe-q1-one-fast-1
[2026-07-13T15:23:05+08:00] cooldown 30s
[2026-07-13T15:29:43+08:00] cooldown 30s
[2026-07-13T15:30:13+08:00] starting RabbitMQ image=rabbitmq@sha256:8734b9e9cd03d12b2e1d973415fc4c5c941c5eca351b4bd63f721782b1bf7c8b data=/kylin-lmbench-exp-work/rabbitmq/run-d3000-apps-20260713-111300-1-nvhe-q1-one-fast-2
[2026-07-13T15:31:17+08:00] cooldown 30s
[2026-07-13T15:37:55+08:00] cooldown 30s
[2026-07-13T15:38:25+08:00] starting RabbitMQ image=rabbitmq@sha256:8734b9e9cd03d12b2e1d973415fc4c5c941c5eca351b4bd63f721782b1bf7c8b data=/kylin-lmbench-exp-work/rabbitmq/run-d3000-apps-20260713-111300-1-nvhe-q1-one-fast-3
[2026-07-13T15:39:29+08:00] cooldown 30s
[2026-07-13T15:46:07+08:00] cooldown 30s
[2026-07-13T15:46:37+08:00] starting RabbitMQ image=rabbitmq@sha256:8734b9e9cd03d12b2e1d973415fc4c5c941c5eca351b4bd63f721782b1bf7c8b data=/kylin-lmbench-exp-work/rabbitmq/run-d3000-apps-20260713-111300-1-nvhe-q1-one-fast-4
[2026-07-13T15:47:41+08:00] cooldown 30s
[2026-07-13T15:54:18+08:00] cooldown 30s
[2026-07-13T15:54:48+08:00] starting RabbitMQ image=rabbitmq@sha256:8734b9e9cd03d12b2e1d973415fc4c5c941c5eca351b4bd63f721782b1bf7c8b data=/kylin-lmbench-exp-work/rabbitmq/run-d3000-apps-20260713-111300-1-nvhe-q1-one-fast-5
[2026-07-13T15:55:52+08:00] cooldown 30s
[2026-07-13T16:02:30+08:00] cooldown 30s
[2026-07-13T16:03:00+08:00] starting RabbitMQ image=rabbitmq@sha256:8734b9e9cd03d12b2e1d973415fc4c5c941c5eca351b4bd63f721782b1bf7c8b data=/kylin-lmbench-exp-work/rabbitmq/run-d3000-apps-20260713-111300-1-nvhe-q2-reliable-1
[2026-07-13T16:04:04+08:00] cooldown 30s
[2026-07-13T16:10:43+08:00] cooldown 30s
[2026-07-13T16:11:13+08:00] starting RabbitMQ image=rabbitmq@sha256:8734b9e9cd03d12b2e1d973415fc4c5c941c5eca351b4bd63f721782b1bf7c8b data=/kylin-lmbench-exp-work/rabbitmq/run-d3000-apps-20260713-111300-1-nvhe-q2-reliable-2
[2026-07-13T16:12:17+08:00] cooldown 30s
[2026-07-13T16:18:56+08:00] cooldown 30s
[2026-07-13T16:19:26+08:00] starting RabbitMQ image=rabbitmq@sha256:8734b9e9cd03d12b2e1d973415fc4c5c941c5eca351b4bd63f721782b1bf7c8b data=/kylin-lmbench-exp-work/rabbitmq/run-d3000-apps-20260713-111300-1-nvhe-q2-reliable-3
[2026-07-13T16:20:30+08:00] cooldown 30s
[2026-07-13T16:27:08+08:00] cooldown 30s
[2026-07-13T16:27:38+08:00] starting RabbitMQ image=rabbitmq@sha256:8734b9e9cd03d12b2e1d973415fc4c5c941c5eca351b4bd63f721782b1bf7c8b data=/kylin-lmbench-exp-work/rabbitmq/run-d3000-apps-20260713-111300-1-nvhe-q2-reliable-4
[2026-07-13T16:28:42+08:00] cooldown 30s
[2026-07-13T16:35:20+08:00] cooldown 30s
[2026-07-13T16:35:50+08:00] starting RabbitMQ image=rabbitmq@sha256:8734b9e9cd03d12b2e1d973415fc4c5c941c5eca351b4bd63f721782b1bf7c8b data=/kylin-lmbench-exp-work/rabbitmq/run-d3000-apps-20260713-111300-1-nvhe-q2-reliable-5
[2026-07-13T16:36:55+08:00] cooldown 30s
[2026-07-13T16:43:33+08:00] cooldown 30s
[2026-07-13T16:44:03+08:00] starting RabbitMQ image=rabbitmq@sha256:8734b9e9cd03d12b2e1d973415fc4c5c941c5eca351b4bd63f721782b1bf7c8b data=/kylin-lmbench-exp-work/rabbitmq/run-d3000-apps-20260713-111300-1-nvhe-q3-rate50-1
[2026-07-13T16:45:07+08:00] cooldown 30s
[2026-07-13T16:51:45+08:00] cooldown 30s
[2026-07-13T16:52:15+08:00] starting RabbitMQ image=rabbitmq@sha256:8734b9e9cd03d12b2e1d973415fc4c5c941c5eca351b4bd63f721782b1bf7c8b data=/kylin-lmbench-exp-work/rabbitmq/run-d3000-apps-20260713-111300-1-nvhe-q3-rate50-2
[2026-07-13T16:53:19+08:00] cooldown 30s
[2026-07-13T16:59:57+08:00] cooldown 30s
[2026-07-13T17:00:27+08:00] starting RabbitMQ image=rabbitmq@sha256:8734b9e9cd03d12b2e1d973415fc4c5c941c5eca351b4bd63f721782b1bf7c8b data=/kylin-lmbench-exp-work/rabbitmq/run-d3000-apps-20260713-111300-1-nvhe-q3-rate50-3
[2026-07-13T17:01:31+08:00] cooldown 30s
[2026-07-13T17:08:10+08:00] cooldown 30s
[2026-07-13T17:08:40+08:00] starting RabbitMQ image=rabbitmq@sha256:8734b9e9cd03d12b2e1d973415fc4c5c941c5eca351b4bd63f721782b1bf7c8b data=/kylin-lmbench-exp-work/rabbitmq/run-d3000-apps-20260713-111300-1-nvhe-q3-rate50-4
[2026-07-13T17:09:44+08:00] cooldown 30s
[2026-07-13T17:16:22+08:00] cooldown 30s
[2026-07-13T17:16:52+08:00] starting RabbitMQ image=rabbitmq@sha256:8734b9e9cd03d12b2e1d973415fc4c5c941c5eca351b4bd63f721782b1bf7c8b data=/kylin-lmbench-exp-work/rabbitmq/run-d3000-apps-20260713-111300-1-nvhe-q3-rate50-5
[2026-07-13T17:17:56+08:00] cooldown 30s
[2026-07-13T17:24:34+08:00] cooldown 30s
[2026-07-13T17:25:04+08:00] starting RabbitMQ image=rabbitmq@sha256:8734b9e9cd03d12b2e1d973415fc4c5c941c5eca351b4bd63f721782b1bf7c8b data=/kylin-lmbench-exp-work/rabbitmq/run-d3000-apps-20260713-111300-1-nvhe-q3-rate70-1
[2026-07-13T17:26:08+08:00] cooldown 30s
[2026-07-13T17:32:46+08:00] cooldown 30s
[2026-07-13T17:33:16+08:00] starting RabbitMQ image=rabbitmq@sha256:8734b9e9cd03d12b2e1d973415fc4c5c941c5eca351b4bd63f721782b1bf7c8b data=/kylin-lmbench-exp-work/rabbitmq/run-d3000-apps-20260713-111300-1-nvhe-q3-rate70-2
[2026-07-13T17:34:20+08:00] cooldown 30s
[2026-07-13T17:40:59+08:00] cooldown 30s
[2026-07-13T17:41:29+08:00] starting RabbitMQ image=rabbitmq@sha256:8734b9e9cd03d12b2e1d973415fc4c5c941c5eca351b4bd63f721782b1bf7c8b data=/kylin-lmbench-exp-work/rabbitmq/run-d3000-apps-20260713-111300-1-nvhe-q3-rate70-3
[2026-07-13T17:42:33+08:00] cooldown 30s
[2026-07-13T17:49:11+08:00] cooldown 30s
[2026-07-13T17:49:41+08:00] starting RabbitMQ image=rabbitmq@sha256:8734b9e9cd03d12b2e1d973415fc4c5c941c5eca351b4bd63f721782b1bf7c8b data=/kylin-lmbench-exp-work/rabbitmq/run-d3000-apps-20260713-111300-1-nvhe-q3-rate70-4
[2026-07-13T17:50:45+08:00] cooldown 30s
[2026-07-13T17:57:24+08:00] cooldown 30s
[2026-07-13T17:57:54+08:00] starting RabbitMQ image=rabbitmq@sha256:8734b9e9cd03d12b2e1d973415fc4c5c941c5eca351b4bd63f721782b1bf7c8b data=/kylin-lmbench-exp-work/rabbitmq/run-d3000-apps-20260713-111300-1-nvhe-q3-rate70-5
[2026-07-13T17:58:58+08:00] cooldown 30s
[2026-07-13T18:05:36+08:00] cooldown 30s
[2026-07-13T18:06:06+08:00] starting RabbitMQ image=rabbitmq@sha256:8734b9e9cd03d12b2e1d973415fc4c5c941c5eca351b4bd63f721782b1bf7c8b data=/kylin-lmbench-exp-work/rabbitmq/run-d3000-apps-20260713-111300-1-nvhe-q3-rate85-1
[2026-07-13T18:07:10+08:00] cooldown 30s
[2026-07-13T18:13:49+08:00] cooldown 30s
[2026-07-13T18:14:19+08:00] starting RabbitMQ image=rabbitmq@sha256:8734b9e9cd03d12b2e1d973415fc4c5c941c5eca351b4bd63f721782b1bf7c8b data=/kylin-lmbench-exp-work/rabbitmq/run-d3000-apps-20260713-111300-1-nvhe-q3-rate85-2
[2026-07-13T18:15:23+08:00] cooldown 30s
[2026-07-13T18:22:01+08:00] cooldown 30s
[2026-07-13T18:22:31+08:00] starting RabbitMQ image=rabbitmq@sha256:8734b9e9cd03d12b2e1d973415fc4c5c941c5eca351b4bd63f721782b1bf7c8b data=/kylin-lmbench-exp-work/rabbitmq/run-d3000-apps-20260713-111300-1-nvhe-q3-rate85-3
[2026-07-13T18:23:35+08:00] cooldown 30s
[2026-07-13T18:30:13+08:00] cooldown 30s
[2026-07-13T18:30:44+08:00] starting RabbitMQ image=rabbitmq@sha256:8734b9e9cd03d12b2e1d973415fc4c5c941c5eca351b4bd63f721782b1bf7c8b data=/kylin-lmbench-exp-work/rabbitmq/run-d3000-apps-20260713-111300-1-nvhe-q3-rate85-4
[2026-07-13T18:31:48+08:00] cooldown 30s
[2026-07-13T18:38:26+08:00] cooldown 30s
[2026-07-13T18:38:56+08:00] starting RabbitMQ image=rabbitmq@sha256:8734b9e9cd03d12b2e1d973415fc4c5c941c5eca351b4bd63f721782b1bf7c8b data=/kylin-lmbench-exp-work/rabbitmq/run-d3000-apps-20260713-111300-1-nvhe-q3-rate85-5
[2026-07-13T18:40:00+08:00] cooldown 30s
[2026-07-13T18:46:38+08:00] cooldown 30s
[2026-07-13T18:47:08+08:00] starting RabbitMQ image=rabbitmq@sha256:8734b9e9cd03d12b2e1d973415fc4c5c941c5eca351b4bd63f721782b1bf7c8b data=/kylin-lmbench-exp-work/rabbitmq/run-d3000-apps-20260713-111300-1-nvhe-q4-join-late-1
[2026-07-13T18:48:12+08:00] cooldown 30s
[2026-07-13T18:54:50+08:00] cooldown 30s
[2026-07-13T18:55:20+08:00] starting RabbitMQ image=rabbitmq@sha256:8734b9e9cd03d12b2e1d973415fc4c5c941c5eca351b4bd63f721782b1bf7c8b data=/kylin-lmbench-exp-work/rabbitmq/run-d3000-apps-20260713-111300-1-nvhe-q4-join-late-2
[2026-07-13T18:56:24+08:00] cooldown 30s
[2026-07-13T19:03:02+08:00] cooldown 30s
[2026-07-13T19:03:32+08:00] starting RabbitMQ image=rabbitmq@sha256:8734b9e9cd03d12b2e1d973415fc4c5c941c5eca351b4bd63f721782b1bf7c8b data=/kylin-lmbench-exp-work/rabbitmq/run-d3000-apps-20260713-111300-1-nvhe-q4-join-late-3
[2026-07-13T19:04:36+08:00] cooldown 30s
[2026-07-13T19:11:14+08:00] cooldown 30s
[2026-07-13T19:11:44+08:00] starting RabbitMQ image=rabbitmq@sha256:8734b9e9cd03d12b2e1d973415fc4c5c941c5eca351b4bd63f721782b1bf7c8b data=/kylin-lmbench-exp-work/rabbitmq/run-d3000-apps-20260713-111300-1-nvhe-q4-join-late-4
[2026-07-13T19:12:48+08:00] cooldown 30s
[2026-07-13T19:19:26+08:00] cooldown 30s
[2026-07-13T19:19:56+08:00] starting RabbitMQ image=rabbitmq@sha256:8734b9e9cd03d12b2e1d973415fc4c5c941c5eca351b4bd63f721782b1bf7c8b data=/kylin-lmbench-exp-work/rabbitmq/run-d3000-apps-20260713-111300-1-nvhe-q4-join-late-5
[2026-07-13T19:21:00+08:00] cooldown 30s
[2026-07-13T19:27:37+08:00] cooldown 30s
[2026-07-13T19:28:07+08:00] starting RabbitMQ image=rabbitmq@sha256:8734b9e9cd03d12b2e1d973415fc4c5c941c5eca351b4bd63f721782b1bf7c8b data=/kylin-lmbench-exp-work/rabbitmq/run-d3000-apps-20260713-111300-1-nvhe-q5-backlog-1
[2026-07-13T19:29:11+08:00] cooldown 30s
[2026-07-13T19:29:49+08:00] cooldown 30s
[2026-07-13T19:30:19+08:00] starting RabbitMQ image=rabbitmq@sha256:8734b9e9cd03d12b2e1d973415fc4c5c941c5eca351b4bd63f721782b1bf7c8b data=/kylin-lmbench-exp-work/rabbitmq/run-d3000-apps-20260713-111300-1-nvhe-q5-backlog-2
[2026-07-13T19:31:23+08:00] cooldown 30s
[2026-07-13T19:32:01+08:00] cooldown 30s
[2026-07-13T19:32:32+08:00] starting RabbitMQ image=rabbitmq@sha256:8734b9e9cd03d12b2e1d973415fc4c5c941c5eca351b4bd63f721782b1bf7c8b data=/kylin-lmbench-exp-work/rabbitmq/run-d3000-apps-20260713-111300-1-nvhe-q5-backlog-3
[2026-07-13T19:33:35+08:00] cooldown 30s
[2026-07-13T19:34:13+08:00] cooldown 30s
[2026-07-13T19:34:44+08:00] starting RabbitMQ image=rabbitmq@sha256:8734b9e9cd03d12b2e1d973415fc4c5c941c5eca351b4bd63f721782b1bf7c8b data=/kylin-lmbench-exp-work/rabbitmq/run-d3000-apps-20260713-111300-1-nvhe-q5-backlog-4
[2026-07-13T19:35:48+08:00] cooldown 30s
[2026-07-13T19:36:26+08:00] cooldown 30s
[2026-07-13T19:36:56+08:00] starting RabbitMQ image=rabbitmq@sha256:8734b9e9cd03d12b2e1d973415fc4c5c941c5eca351b4bd63f721782b1bf7c8b data=/kylin-lmbench-exp-work/rabbitmq/run-d3000-apps-20260713-111300-1-nvhe-q5-backlog-5
[2026-07-13T19:38:00+08:00] cooldown 30s
[2026-07-13T19:38:37+08:00] cooldown 30s
[2026-07-13T19:40:48+08:00] completed end anchors
[2026-07-13T19:40:48+08:00] verified one-shot GRUB next_entry=d3000-6.6.30-protected in active ESP grubenv
[2026-07-13T19:40:48+08:00] leg=3 complete; rebooting into protected for leg=4
[2026-07-13T19:41:46+08:00] leg=4 stage=formal pair=1 expected=protected starting
[2026-07-13T19:41:48+08:00] host prepared: CPUs=0-7 governor=performance ASLR=2 swap=off target=multi-user
[2026-07-13T19:43:31+08:00] completed start anchors
[2026-07-13T19:43:31+08:00] pair=1 mode=protected project=geek
[2026-07-13T19:43:32+08:00] Geekbench non-scoring warmup
[2026-07-13T19:50:04+08:00] cooldown 30s
[2026-07-13T19:50:34+08:00] Geekbench formal run 1/5
[2026-07-13T19:57:05+08:00] cooldown 30s
[2026-07-13T19:57:35+08:00] Geekbench formal run 2/5
[2026-07-13T20:04:05+08:00] cooldown 30s
[2026-07-13T20:04:35+08:00] Geekbench formal run 3/5
[2026-07-13T20:11:05+08:00] cooldown 30s
[2026-07-13T20:11:35+08:00] Geekbench formal run 4/5
[2026-07-13T20:18:06+08:00] cooldown 30s
[2026-07-13T20:18:36+08:00] Geekbench formal run 5/5
[2026-07-13T20:25:07+08:00] cooldown 30s
[2026-07-13T20:25:37+08:00] completed Geekbench CPU suite
[2026-07-13T20:25:37+08:00] pair=1 mode=protected project=redis
[2026-07-13T20:30:58+08:00] cooldown 30s
[2026-07-13T20:36:48+08:00] cooldown 30s
[2026-07-13T20:42:38+08:00] cooldown 30s
[2026-07-13T20:48:28+08:00] cooldown 30s
[2026-07-13T20:54:18+08:00] cooldown 30s
[2026-07-13T20:58:08+08:00] cooldown 30s
[2026-07-13T21:01:58+08:00] cooldown 30s
[2026-07-13T21:05:48+08:00] cooldown 30s
[2026-07-13T21:09:39+08:00] cooldown 30s
[2026-07-13T21:13:29+08:00] cooldown 30s
[2026-07-13T21:19:20+08:00] cooldown 30s
[2026-07-13T21:25:11+08:00] cooldown 30s
[2026-07-13T21:31:02+08:00] cooldown 30s
[2026-07-13T21:36:54+08:00] cooldown 30s
[2026-07-13T21:42:45+08:00] cooldown 30s
[2026-07-13T21:49:35+08:00] cooldown 30s
[2026-07-13T21:56:26+08:00] cooldown 30s
[2026-07-13T22:03:16+08:00] cooldown 30s
[2026-07-13T22:10:07+08:00] cooldown 30s
[2026-07-13T22:16:57+08:00] cooldown 30s
[2026-07-13T22:17:27+08:00] pair=1 mode=protected project=rabbitmq
[2026-07-13T22:17:28+08:00] starting RabbitMQ image=rabbitmq@sha256:8734b9e9cd03d12b2e1d973415fc4c5c941c5eca351b4bd63f721782b1bf7c8b data=/kylin-lmbench-exp-work/rabbitmq/run-d3000-apps-20260713-111300-1-protected-q1-one-fast-1
[2026-07-13T22:18:32+08:00] cooldown 30s
[2026-07-13T22:25:09+08:00] cooldown 30s
[2026-07-13T22:25:40+08:00] starting RabbitMQ image=rabbitmq@sha256:8734b9e9cd03d12b2e1d973415fc4c5c941c5eca351b4bd63f721782b1bf7c8b data=/kylin-lmbench-exp-work/rabbitmq/run-d3000-apps-20260713-111300-1-protected-q1-one-fast-2
[2026-07-13T22:26:44+08:00] cooldown 30s
[2026-07-13T22:33:22+08:00] cooldown 30s
[2026-07-13T22:33:52+08:00] starting RabbitMQ image=rabbitmq@sha256:8734b9e9cd03d12b2e1d973415fc4c5c941c5eca351b4bd63f721782b1bf7c8b data=/kylin-lmbench-exp-work/rabbitmq/run-d3000-apps-20260713-111300-1-protected-q1-one-fast-3
[2026-07-13T22:34:56+08:00] cooldown 30s
[2026-07-13T22:41:33+08:00] cooldown 30s
[2026-07-13T22:42:03+08:00] starting RabbitMQ image=rabbitmq@sha256:8734b9e9cd03d12b2e1d973415fc4c5c941c5eca351b4bd63f721782b1bf7c8b data=/kylin-lmbench-exp-work/rabbitmq/run-d3000-apps-20260713-111300-1-protected-q1-one-fast-4
[2026-07-13T22:43:07+08:00] cooldown 30s
[2026-07-13T22:49:45+08:00] cooldown 30s
[2026-07-13T22:50:15+08:00] starting RabbitMQ image=rabbitmq@sha256:8734b9e9cd03d12b2e1d973415fc4c5c941c5eca351b4bd63f721782b1bf7c8b data=/kylin-lmbench-exp-work/rabbitmq/run-d3000-apps-20260713-111300-1-protected-q1-one-fast-5
[2026-07-13T22:51:20+08:00] cooldown 30s
[2026-07-13T22:57:58+08:00] cooldown 30s
[2026-07-13T22:58:28+08:00] starting RabbitMQ image=rabbitmq@sha256:8734b9e9cd03d12b2e1d973415fc4c5c941c5eca351b4bd63f721782b1bf7c8b data=/kylin-lmbench-exp-work/rabbitmq/run-d3000-apps-20260713-111300-1-protected-q2-reliable-1
[2026-07-13T22:59:32+08:00] cooldown 30s
[2026-07-13T23:06:10+08:00] cooldown 30s
[2026-07-13T23:06:40+08:00] starting RabbitMQ image=rabbitmq@sha256:8734b9e9cd03d12b2e1d973415fc4c5c941c5eca351b4bd63f721782b1bf7c8b data=/kylin-lmbench-exp-work/rabbitmq/run-d3000-apps-20260713-111300-1-protected-q2-reliable-2
[2026-07-13T23:07:44+08:00] cooldown 30s
[2026-07-13T23:14:23+08:00] cooldown 30s
[2026-07-13T23:14:53+08:00] starting RabbitMQ image=rabbitmq@sha256:8734b9e9cd03d12b2e1d973415fc4c5c941c5eca351b4bd63f721782b1bf7c8b data=/kylin-lmbench-exp-work/rabbitmq/run-d3000-apps-20260713-111300-1-protected-q2-reliable-3
[2026-07-13T23:15:57+08:00] cooldown 30s
[2026-07-13T23:22:35+08:00] cooldown 30s
[2026-07-13T23:23:05+08:00] starting RabbitMQ image=rabbitmq@sha256:8734b9e9cd03d12b2e1d973415fc4c5c941c5eca351b4bd63f721782b1bf7c8b data=/kylin-lmbench-exp-work/rabbitmq/run-d3000-apps-20260713-111300-1-protected-q2-reliable-4
[2026-07-13T23:24:09+08:00] cooldown 30s
[2026-07-13T23:30:47+08:00] cooldown 30s
[2026-07-13T23:31:17+08:00] starting RabbitMQ image=rabbitmq@sha256:8734b9e9cd03d12b2e1d973415fc4c5c941c5eca351b4bd63f721782b1bf7c8b data=/kylin-lmbench-exp-work/rabbitmq/run-d3000-apps-20260713-111300-1-protected-q2-reliable-5
[2026-07-13T23:32:21+08:00] cooldown 30s
[2026-07-13T23:39:00+08:00] cooldown 30s
[2026-07-13T23:39:30+08:00] starting RabbitMQ image=rabbitmq@sha256:8734b9e9cd03d12b2e1d973415fc4c5c941c5eca351b4bd63f721782b1bf7c8b data=/kylin-lmbench-exp-work/rabbitmq/run-d3000-apps-20260713-111300-1-protected-q3-rate50-1
[2026-07-13T23:40:34+08:00] cooldown 30s
[2026-07-13T23:47:12+08:00] cooldown 30s
[2026-07-13T23:47:42+08:00] starting RabbitMQ image=rabbitmq@sha256:8734b9e9cd03d12b2e1d973415fc4c5c941c5eca351b4bd63f721782b1bf7c8b data=/kylin-lmbench-exp-work/rabbitmq/run-d3000-apps-20260713-111300-1-protected-q3-rate50-2
[2026-07-13T23:48:46+08:00] cooldown 30s
[2026-07-13T23:55:25+08:00] cooldown 30s
[2026-07-13T23:55:55+08:00] starting RabbitMQ image=rabbitmq@sha256:8734b9e9cd03d12b2e1d973415fc4c5c941c5eca351b4bd63f721782b1bf7c8b data=/kylin-lmbench-exp-work/rabbitmq/run-d3000-apps-20260713-111300-1-protected-q3-rate50-3
[2026-07-13T23:56:59+08:00] cooldown 30s
[2026-07-14T00:03:37+08:00] cooldown 30s
[2026-07-14T00:04:07+08:00] starting RabbitMQ image=rabbitmq@sha256:8734b9e9cd03d12b2e1d973415fc4c5c941c5eca351b4bd63f721782b1bf7c8b data=/kylin-lmbench-exp-work/rabbitmq/run-d3000-apps-20260713-111300-1-protected-q3-rate50-4
[2026-07-14T00:05:11+08:00] cooldown 30s
[2026-07-14T00:11:50+08:00] cooldown 30s
[2026-07-14T00:12:20+08:00] starting RabbitMQ image=rabbitmq@sha256:8734b9e9cd03d12b2e1d973415fc4c5c941c5eca351b4bd63f721782b1bf7c8b data=/kylin-lmbench-exp-work/rabbitmq/run-d3000-apps-20260713-111300-1-protected-q3-rate50-5
[2026-07-14T00:13:24+08:00] cooldown 30s
[2026-07-14T00:20:02+08:00] cooldown 30s
[2026-07-14T00:20:33+08:00] starting RabbitMQ image=rabbitmq@sha256:8734b9e9cd03d12b2e1d973415fc4c5c941c5eca351b4bd63f721782b1bf7c8b data=/kylin-lmbench-exp-work/rabbitmq/run-d3000-apps-20260713-111300-1-protected-q3-rate70-1
[2026-07-14T00:21:37+08:00] cooldown 30s
[2026-07-14T00:28:15+08:00] cooldown 30s
[2026-07-14T00:28:45+08:00] starting RabbitMQ image=rabbitmq@sha256:8734b9e9cd03d12b2e1d973415fc4c5c941c5eca351b4bd63f721782b1bf7c8b data=/kylin-lmbench-exp-work/rabbitmq/run-d3000-apps-20260713-111300-1-protected-q3-rate70-2
[2026-07-14T00:29:49+08:00] cooldown 30s
[2026-07-14T00:36:28+08:00] cooldown 30s
[2026-07-14T00:36:58+08:00] starting RabbitMQ image=rabbitmq@sha256:8734b9e9cd03d12b2e1d973415fc4c5c941c5eca351b4bd63f721782b1bf7c8b data=/kylin-lmbench-exp-work/rabbitmq/run-d3000-apps-20260713-111300-1-protected-q3-rate70-3
[2026-07-14T00:38:02+08:00] cooldown 30s
[2026-07-14T00:44:40+08:00] cooldown 30s
[2026-07-14T00:45:11+08:00] starting RabbitMQ image=rabbitmq@sha256:8734b9e9cd03d12b2e1d973415fc4c5c941c5eca351b4bd63f721782b1bf7c8b data=/kylin-lmbench-exp-work/rabbitmq/run-d3000-apps-20260713-111300-1-protected-q3-rate70-4
[2026-07-14T00:46:15+08:00] cooldown 30s
[2026-07-14T00:52:53+08:00] cooldown 30s
[2026-07-14T00:53:23+08:00] starting RabbitMQ image=rabbitmq@sha256:8734b9e9cd03d12b2e1d973415fc4c5c941c5eca351b4bd63f721782b1bf7c8b data=/kylin-lmbench-exp-work/rabbitmq/run-d3000-apps-20260713-111300-1-protected-q3-rate70-5
[2026-07-14T00:54:27+08:00] cooldown 30s
[2026-07-14T01:01:06+08:00] cooldown 30s
[2026-07-14T01:01:36+08:00] starting RabbitMQ image=rabbitmq@sha256:8734b9e9cd03d12b2e1d973415fc4c5c941c5eca351b4bd63f721782b1bf7c8b data=/kylin-lmbench-exp-work/rabbitmq/run-d3000-apps-20260713-111300-1-protected-q3-rate85-1
[2026-07-14T01:02:40+08:00] cooldown 30s
[2026-07-14T01:09:18+08:00] cooldown 30s
[2026-07-14T01:09:48+08:00] starting RabbitMQ image=rabbitmq@sha256:8734b9e9cd03d12b2e1d973415fc4c5c941c5eca351b4bd63f721782b1bf7c8b data=/kylin-lmbench-exp-work/rabbitmq/run-d3000-apps-20260713-111300-1-protected-q3-rate85-2
[2026-07-14T01:10:52+08:00] cooldown 30s
[2026-07-14T01:17:30+08:00] cooldown 30s
[2026-07-14T01:18:00+08:00] starting RabbitMQ image=rabbitmq@sha256:8734b9e9cd03d12b2e1d973415fc4c5c941c5eca351b4bd63f721782b1bf7c8b data=/kylin-lmbench-exp-work/rabbitmq/run-d3000-apps-20260713-111300-1-protected-q3-rate85-3
[2026-07-14T01:19:05+08:00] cooldown 30s
[2026-07-14T01:25:43+08:00] cooldown 30s
[2026-07-14T01:26:13+08:00] starting RabbitMQ image=rabbitmq@sha256:8734b9e9cd03d12b2e1d973415fc4c5c941c5eca351b4bd63f721782b1bf7c8b data=/kylin-lmbench-exp-work/rabbitmq/run-d3000-apps-20260713-111300-1-protected-q3-rate85-4
[2026-07-14T01:27:17+08:00] cooldown 30s
[2026-07-14T01:33:55+08:00] cooldown 30s
[2026-07-14T01:34:25+08:00] starting RabbitMQ image=rabbitmq@sha256:8734b9e9cd03d12b2e1d973415fc4c5c941c5eca351b4bd63f721782b1bf7c8b data=/kylin-lmbench-exp-work/rabbitmq/run-d3000-apps-20260713-111300-1-protected-q3-rate85-5
[2026-07-14T01:35:29+08:00] cooldown 30s
[2026-07-14T01:42:07+08:00] cooldown 30s
[2026-07-14T01:42:38+08:00] starting RabbitMQ image=rabbitmq@sha256:8734b9e9cd03d12b2e1d973415fc4c5c941c5eca351b4bd63f721782b1bf7c8b data=/kylin-lmbench-exp-work/rabbitmq/run-d3000-apps-20260713-111300-1-protected-q4-join-late-1
[2026-07-14T01:43:42+08:00] cooldown 30s
[2026-07-14T01:50:19+08:00] cooldown 30s
[2026-07-14T01:50:49+08:00] starting RabbitMQ image=rabbitmq@sha256:8734b9e9cd03d12b2e1d973415fc4c5c941c5eca351b4bd63f721782b1bf7c8b data=/kylin-lmbench-exp-work/rabbitmq/run-d3000-apps-20260713-111300-1-protected-q4-join-late-2
[2026-07-14T01:51:53+08:00] cooldown 30s
[2026-07-14T01:58:31+08:00] cooldown 30s
[2026-07-14T01:59:01+08:00] starting RabbitMQ image=rabbitmq@sha256:8734b9e9cd03d12b2e1d973415fc4c5c941c5eca351b4bd63f721782b1bf7c8b data=/kylin-lmbench-exp-work/rabbitmq/run-d3000-apps-20260713-111300-1-protected-q4-join-late-3
[2026-07-14T02:00:05+08:00] cooldown 30s
[2026-07-14T02:06:44+08:00] cooldown 30s
[2026-07-14T02:07:14+08:00] starting RabbitMQ image=rabbitmq@sha256:8734b9e9cd03d12b2e1d973415fc4c5c941c5eca351b4bd63f721782b1bf7c8b data=/kylin-lmbench-exp-work/rabbitmq/run-d3000-apps-20260713-111300-1-protected-q4-join-late-4
[2026-07-14T02:08:18+08:00] cooldown 30s
[2026-07-14T02:14:55+08:00] cooldown 30s
[2026-07-14T02:15:25+08:00] starting RabbitMQ image=rabbitmq@sha256:8734b9e9cd03d12b2e1d973415fc4c5c941c5eca351b4bd63f721782b1bf7c8b data=/kylin-lmbench-exp-work/rabbitmq/run-d3000-apps-20260713-111300-1-protected-q4-join-late-5
[2026-07-14T02:16:29+08:00] cooldown 30s
[2026-07-14T02:23:07+08:00] cooldown 30s
[2026-07-14T02:23:37+08:00] starting RabbitMQ image=rabbitmq@sha256:8734b9e9cd03d12b2e1d973415fc4c5c941c5eca351b4bd63f721782b1bf7c8b data=/kylin-lmbench-exp-work/rabbitmq/run-d3000-apps-20260713-111300-1-protected-q5-backlog-1
[2026-07-14T02:24:41+08:00] cooldown 30s
[2026-07-14T02:25:19+08:00] cooldown 30s
[2026-07-14T02:25:49+08:00] starting RabbitMQ image=rabbitmq@sha256:8734b9e9cd03d12b2e1d973415fc4c5c941c5eca351b4bd63f721782b1bf7c8b data=/kylin-lmbench-exp-work/rabbitmq/run-d3000-apps-20260713-111300-1-protected-q5-backlog-2
[2026-07-14T02:26:53+08:00] cooldown 30s
[2026-07-14T02:27:31+08:00] cooldown 30s
[2026-07-14T02:28:01+08:00] starting RabbitMQ image=rabbitmq@sha256:8734b9e9cd03d12b2e1d973415fc4c5c941c5eca351b4bd63f721782b1bf7c8b data=/kylin-lmbench-exp-work/rabbitmq/run-d3000-apps-20260713-111300-1-protected-q5-backlog-3
[2026-07-14T02:29:05+08:00] cooldown 30s
[2026-07-14T02:29:44+08:00] cooldown 30s
[2026-07-14T02:30:14+08:00] starting RabbitMQ image=rabbitmq@sha256:8734b9e9cd03d12b2e1d973415fc4c5c941c5eca351b4bd63f721782b1bf7c8b data=/kylin-lmbench-exp-work/rabbitmq/run-d3000-apps-20260713-111300-1-protected-q5-backlog-4
[2026-07-14T02:31:18+08:00] cooldown 30s
[2026-07-14T02:31:56+08:00] cooldown 30s
[2026-07-14T02:32:26+08:00] starting RabbitMQ image=rabbitmq@sha256:8734b9e9cd03d12b2e1d973415fc4c5c941c5eca351b4bd63f721782b1bf7c8b data=/kylin-lmbench-exp-work/rabbitmq/run-d3000-apps-20260713-111300-1-protected-q5-backlog-5
[2026-07-14T02:33:30+08:00] cooldown 30s
[2026-07-14T02:34:08+08:00] cooldown 30s
[2026-07-14T02:36:18+08:00] completed end anchors
[2026-07-14T02:36:19+08:00] verified one-shot GRUB next_entry=d3000-6.6.30-protected in active ESP grubenv
[2026-07-14T02:36:19+08:00] leg=4 complete; rebooting into protected for leg=5
[2026-07-14T02:37:16+08:00] leg=5 stage=formal pair=2 expected=protected starting
[2026-07-14T02:37:17+08:00] host prepared: CPUs=0-7 governor=performance ASLR=2 swap=off target=multi-user
[2026-07-14T02:39:01+08:00] completed start anchors
[2026-07-14T02:39:01+08:00] pair=2 mode=protected project=redis
[2026-07-14T02:44:22+08:00] cooldown 30s
[2026-07-14T02:50:12+08:00] cooldown 30s
[2026-07-14T02:56:02+08:00] cooldown 30s
[2026-07-14T03:01:52+08:00] cooldown 30s
[2026-07-14T03:07:42+08:00] cooldown 30s
[2026-07-14T03:11:32+08:00] cooldown 30s
[2026-07-14T03:15:22+08:00] cooldown 30s
[2026-07-14T03:19:12+08:00] cooldown 30s
[2026-07-14T03:23:03+08:00] cooldown 30s
[2026-07-14T03:26:53+08:00] cooldown 30s
[2026-07-14T03:32:44+08:00] cooldown 30s
[2026-07-14T03:38:35+08:00] cooldown 30s
[2026-07-14T03:44:26+08:00] cooldown 30s
[2026-07-14T03:50:17+08:00] cooldown 30s
[2026-07-14T03:56:09+08:00] cooldown 30s
[2026-07-14T04:02:59+08:00] cooldown 30s
[2026-07-14T04:09:50+08:00] cooldown 30s
[2026-07-14T04:16:40+08:00] cooldown 30s
[2026-07-14T04:23:31+08:00] cooldown 30s
[2026-07-14T04:30:21+08:00] cooldown 30s
[2026-07-14T04:30:51+08:00] pair=2 mode=protected project=rabbitmq
[2026-07-14T04:30:51+08:00] starting RabbitMQ image=rabbitmq@sha256:8734b9e9cd03d12b2e1d973415fc4c5c941c5eca351b4bd63f721782b1bf7c8b data=/kylin-lmbench-exp-work/rabbitmq/run-d3000-apps-20260713-111300-2-protected-q1-one-fast-1
[2026-07-14T04:31:56+08:00] cooldown 30s
[2026-07-14T04:38:33+08:00] cooldown 30s
[2026-07-14T04:39:03+08:00] starting RabbitMQ image=rabbitmq@sha256:8734b9e9cd03d12b2e1d973415fc4c5c941c5eca351b4bd63f721782b1bf7c8b data=/kylin-lmbench-exp-work/rabbitmq/run-d3000-apps-20260713-111300-2-protected-q1-one-fast-2
[2026-07-14T04:40:08+08:00] cooldown 30s
[2026-07-14T04:46:45+08:00] cooldown 30s
[2026-07-14T04:47:15+08:00] starting RabbitMQ image=rabbitmq@sha256:8734b9e9cd03d12b2e1d973415fc4c5c941c5eca351b4bd63f721782b1bf7c8b data=/kylin-lmbench-exp-work/rabbitmq/run-d3000-apps-20260713-111300-2-protected-q1-one-fast-3
[2026-07-14T04:48:20+08:00] cooldown 30s
[2026-07-14T04:54:57+08:00] cooldown 30s
[2026-07-14T04:55:28+08:00] starting RabbitMQ image=rabbitmq@sha256:8734b9e9cd03d12b2e1d973415fc4c5c941c5eca351b4bd63f721782b1bf7c8b data=/kylin-lmbench-exp-work/rabbitmq/run-d3000-apps-20260713-111300-2-protected-q1-one-fast-4
[2026-07-14T04:56:32+08:00] cooldown 30s
[2026-07-14T05:03:09+08:00] cooldown 30s
[2026-07-14T05:03:39+08:00] starting RabbitMQ image=rabbitmq@sha256:8734b9e9cd03d12b2e1d973415fc4c5c941c5eca351b4bd63f721782b1bf7c8b data=/kylin-lmbench-exp-work/rabbitmq/run-d3000-apps-20260713-111300-2-protected-q1-one-fast-5
[2026-07-14T05:04:43+08:00] cooldown 30s
[2026-07-14T05:11:21+08:00] cooldown 30s
[2026-07-14T05:11:51+08:00] starting RabbitMQ image=rabbitmq@sha256:8734b9e9cd03d12b2e1d973415fc4c5c941c5eca351b4bd63f721782b1bf7c8b data=/kylin-lmbench-exp-work/rabbitmq/run-d3000-apps-20260713-111300-2-protected-q2-reliable-1
[2026-07-14T05:12:55+08:00] cooldown 30s
[2026-07-14T05:19:34+08:00] cooldown 30s
[2026-07-14T05:20:04+08:00] starting RabbitMQ image=rabbitmq@sha256:8734b9e9cd03d12b2e1d973415fc4c5c941c5eca351b4bd63f721782b1bf7c8b data=/kylin-lmbench-exp-work/rabbitmq/run-d3000-apps-20260713-111300-2-protected-q2-reliable-2
[2026-07-14T05:21:08+08:00] cooldown 30s
[2026-07-14T05:27:46+08:00] cooldown 30s
[2026-07-14T05:28:16+08:00] starting RabbitMQ image=rabbitmq@sha256:8734b9e9cd03d12b2e1d973415fc4c5c941c5eca351b4bd63f721782b1bf7c8b data=/kylin-lmbench-exp-work/rabbitmq/run-d3000-apps-20260713-111300-2-protected-q2-reliable-3
[2026-07-14T05:29:20+08:00] cooldown 30s
[2026-07-14T05:35:58+08:00] cooldown 30s
[2026-07-14T05:36:29+08:00] starting RabbitMQ image=rabbitmq@sha256:8734b9e9cd03d12b2e1d973415fc4c5c941c5eca351b4bd63f721782b1bf7c8b data=/kylin-lmbench-exp-work/rabbitmq/run-d3000-apps-20260713-111300-2-protected-q2-reliable-4
[2026-07-14T05:37:33+08:00] cooldown 30s
[2026-07-14T05:44:11+08:00] cooldown 30s
[2026-07-14T05:44:41+08:00] starting RabbitMQ image=rabbitmq@sha256:8734b9e9cd03d12b2e1d973415fc4c5c941c5eca351b4bd63f721782b1bf7c8b data=/kylin-lmbench-exp-work/rabbitmq/run-d3000-apps-20260713-111300-2-protected-q2-reliable-5
[2026-07-14T05:45:45+08:00] cooldown 30s
[2026-07-14T05:52:24+08:00] cooldown 30s
[2026-07-14T05:52:54+08:00] starting RabbitMQ image=rabbitmq@sha256:8734b9e9cd03d12b2e1d973415fc4c5c941c5eca351b4bd63f721782b1bf7c8b data=/kylin-lmbench-exp-work/rabbitmq/run-d3000-apps-20260713-111300-2-protected-q3-rate50-1
[2026-07-14T05:53:58+08:00] cooldown 30s
[2026-07-14T06:00:36+08:00] cooldown 30s
[2026-07-14T06:01:06+08:00] starting RabbitMQ image=rabbitmq@sha256:8734b9e9cd03d12b2e1d973415fc4c5c941c5eca351b4bd63f721782b1bf7c8b data=/kylin-lmbench-exp-work/rabbitmq/run-d3000-apps-20260713-111300-2-protected-q3-rate50-2
[2026-07-14T06:02:10+08:00] cooldown 30s
[2026-07-14T06:08:48+08:00] cooldown 30s
[2026-07-14T06:09:19+08:00] starting RabbitMQ image=rabbitmq@sha256:8734b9e9cd03d12b2e1d973415fc4c5c941c5eca351b4bd63f721782b1bf7c8b data=/kylin-lmbench-exp-work/rabbitmq/run-d3000-apps-20260713-111300-2-protected-q3-rate50-3
[2026-07-14T06:10:23+08:00] cooldown 30s
[2026-07-14T06:17:01+08:00] cooldown 30s
[2026-07-14T06:17:31+08:00] starting RabbitMQ image=rabbitmq@sha256:8734b9e9cd03d12b2e1d973415fc4c5c941c5eca351b4bd63f721782b1bf7c8b data=/kylin-lmbench-exp-work/rabbitmq/run-d3000-apps-20260713-111300-2-protected-q3-rate50-4
[2026-07-14T06:18:35+08:00] cooldown 30s
[2026-07-14T06:25:13+08:00] cooldown 30s
[2026-07-14T06:25:43+08:00] starting RabbitMQ image=rabbitmq@sha256:8734b9e9cd03d12b2e1d973415fc4c5c941c5eca351b4bd63f721782b1bf7c8b data=/kylin-lmbench-exp-work/rabbitmq/run-d3000-apps-20260713-111300-2-protected-q3-rate50-5
[2026-07-14T06:26:47+08:00] cooldown 30s
[2026-07-14T06:33:26+08:00] cooldown 30s
[2026-07-14T06:33:56+08:00] starting RabbitMQ image=rabbitmq@sha256:8734b9e9cd03d12b2e1d973415fc4c5c941c5eca351b4bd63f721782b1bf7c8b data=/kylin-lmbench-exp-work/rabbitmq/run-d3000-apps-20260713-111300-2-protected-q3-rate70-1
[2026-07-14T06:35:00+08:00] cooldown 30s
[2026-07-14T06:41:38+08:00] cooldown 30s
[2026-07-14T06:42:08+08:00] starting RabbitMQ image=rabbitmq@sha256:8734b9e9cd03d12b2e1d973415fc4c5c941c5eca351b4bd63f721782b1bf7c8b data=/kylin-lmbench-exp-work/rabbitmq/run-d3000-apps-20260713-111300-2-protected-q3-rate70-2
[2026-07-14T06:43:12+08:00] cooldown 30s
[2026-07-14T06:49:51+08:00] cooldown 30s
[2026-07-14T06:50:21+08:00] starting RabbitMQ image=rabbitmq@sha256:8734b9e9cd03d12b2e1d973415fc4c5c941c5eca351b4bd63f721782b1bf7c8b data=/kylin-lmbench-exp-work/rabbitmq/run-d3000-apps-20260713-111300-2-protected-q3-rate70-3
[2026-07-14T06:51:25+08:00] cooldown 30s
[2026-07-14T06:58:03+08:00] cooldown 30s
[2026-07-14T06:58:33+08:00] starting RabbitMQ image=rabbitmq@sha256:8734b9e9cd03d12b2e1d973415fc4c5c941c5eca351b4bd63f721782b1bf7c8b data=/kylin-lmbench-exp-work/rabbitmq/run-d3000-apps-20260713-111300-2-protected-q3-rate70-4
[2026-07-14T06:59:37+08:00] cooldown 30s
[2026-07-14T07:06:15+08:00] cooldown 30s
[2026-07-14T07:06:45+08:00] starting RabbitMQ image=rabbitmq@sha256:8734b9e9cd03d12b2e1d973415fc4c5c941c5eca351b4bd63f721782b1bf7c8b data=/kylin-lmbench-exp-work/rabbitmq/run-d3000-apps-20260713-111300-2-protected-q3-rate70-5
[2026-07-14T07:07:49+08:00] cooldown 30s
[2026-07-14T07:14:27+08:00] cooldown 30s
[2026-07-14T07:14:58+08:00] starting RabbitMQ image=rabbitmq@sha256:8734b9e9cd03d12b2e1d973415fc4c5c941c5eca351b4bd63f721782b1bf7c8b data=/kylin-lmbench-exp-work/rabbitmq/run-d3000-apps-20260713-111300-2-protected-q3-rate85-1
[2026-07-14T07:16:02+08:00] cooldown 30s
[2026-07-14T07:22:40+08:00] cooldown 30s
[2026-07-14T07:23:10+08:00] starting RabbitMQ image=rabbitmq@sha256:8734b9e9cd03d12b2e1d973415fc4c5c941c5eca351b4bd63f721782b1bf7c8b data=/kylin-lmbench-exp-work/rabbitmq/run-d3000-apps-20260713-111300-2-protected-q3-rate85-2
[2026-07-14T07:24:14+08:00] cooldown 30s
[2026-07-14T07:30:53+08:00] cooldown 30s
[2026-07-14T07:31:23+08:00] starting RabbitMQ image=rabbitmq@sha256:8734b9e9cd03d12b2e1d973415fc4c5c941c5eca351b4bd63f721782b1bf7c8b data=/kylin-lmbench-exp-work/rabbitmq/run-d3000-apps-20260713-111300-2-protected-q3-rate85-3
[2026-07-14T07:32:27+08:00] cooldown 30s
[2026-07-14T07:39:05+08:00] cooldown 30s
[2026-07-14T07:39:36+08:00] starting RabbitMQ image=rabbitmq@sha256:8734b9e9cd03d12b2e1d973415fc4c5c941c5eca351b4bd63f721782b1bf7c8b data=/kylin-lmbench-exp-work/rabbitmq/run-d3000-apps-20260713-111300-2-protected-q3-rate85-4
[2026-07-14T07:40:40+08:00] cooldown 30s
[2026-07-14T07:47:18+08:00] cooldown 30s
[2026-07-14T07:47:48+08:00] starting RabbitMQ image=rabbitmq@sha256:8734b9e9cd03d12b2e1d973415fc4c5c941c5eca351b4bd63f721782b1bf7c8b data=/kylin-lmbench-exp-work/rabbitmq/run-d3000-apps-20260713-111300-2-protected-q3-rate85-5
[2026-07-14T07:48:52+08:00] cooldown 30s
[2026-07-14T07:55:30+08:00] cooldown 30s
[2026-07-14T07:56:00+08:00] starting RabbitMQ image=rabbitmq@sha256:8734b9e9cd03d12b2e1d973415fc4c5c941c5eca351b4bd63f721782b1bf7c8b data=/kylin-lmbench-exp-work/rabbitmq/run-d3000-apps-20260713-111300-2-protected-q4-join-late-1
[2026-07-14T07:57:04+08:00] cooldown 30s
[2026-07-14T08:03:42+08:00] cooldown 30s
[2026-07-14T08:04:12+08:00] starting RabbitMQ image=rabbitmq@sha256:8734b9e9cd03d12b2e1d973415fc4c5c941c5eca351b4bd63f721782b1bf7c8b data=/kylin-lmbench-exp-work/rabbitmq/run-d3000-apps-20260713-111300-2-protected-q4-join-late-2
[2026-07-14T08:05:16+08:00] cooldown 30s
[2026-07-14T08:11:54+08:00] cooldown 30s
[2026-07-14T08:12:24+08:00] starting RabbitMQ image=rabbitmq@sha256:8734b9e9cd03d12b2e1d973415fc4c5c941c5eca351b4bd63f721782b1bf7c8b data=/kylin-lmbench-exp-work/rabbitmq/run-d3000-apps-20260713-111300-2-protected-q4-join-late-3
[2026-07-14T08:13:28+08:00] cooldown 30s
[2026-07-14T08:20:06+08:00] cooldown 30s
[2026-07-14T08:20:36+08:00] starting RabbitMQ image=rabbitmq@sha256:8734b9e9cd03d12b2e1d973415fc4c5c941c5eca351b4bd63f721782b1bf7c8b data=/kylin-lmbench-exp-work/rabbitmq/run-d3000-apps-20260713-111300-2-protected-q4-join-late-4
[2026-07-14T08:21:40+08:00] cooldown 30s
[2026-07-14T08:28:18+08:00] cooldown 30s
[2026-07-14T08:28:48+08:00] starting RabbitMQ image=rabbitmq@sha256:8734b9e9cd03d12b2e1d973415fc4c5c941c5eca351b4bd63f721782b1bf7c8b data=/kylin-lmbench-exp-work/rabbitmq/run-d3000-apps-20260713-111300-2-protected-q4-join-late-5
[2026-07-14T08:29:52+08:00] cooldown 30s
[2026-07-14T08:36:30+08:00] cooldown 30s
[2026-07-14T08:37:00+08:00] starting RabbitMQ image=rabbitmq@sha256:8734b9e9cd03d12b2e1d973415fc4c5c941c5eca351b4bd63f721782b1bf7c8b data=/kylin-lmbench-exp-work/rabbitmq/run-d3000-apps-20260713-111300-2-protected-q5-backlog-1
[2026-07-14T08:38:04+08:00] cooldown 30s
[2026-07-14T08:38:42+08:00] cooldown 30s
[2026-07-14T08:39:12+08:00] starting RabbitMQ image=rabbitmq@sha256:8734b9e9cd03d12b2e1d973415fc4c5c941c5eca351b4bd63f721782b1bf7c8b data=/kylin-lmbench-exp-work/rabbitmq/run-d3000-apps-20260713-111300-2-protected-q5-backlog-2
[2026-07-14T08:40:16+08:00] cooldown 30s
[2026-07-14T08:40:54+08:00] cooldown 30s
[2026-07-14T08:41:24+08:00] starting RabbitMQ image=rabbitmq@sha256:8734b9e9cd03d12b2e1d973415fc4c5c941c5eca351b4bd63f721782b1bf7c8b data=/kylin-lmbench-exp-work/rabbitmq/run-d3000-apps-20260713-111300-2-protected-q5-backlog-3
[2026-07-14T08:42:28+08:00] cooldown 30s
[2026-07-14T08:43:06+08:00] cooldown 30s
[2026-07-14T08:43:36+08:00] starting RabbitMQ image=rabbitmq@sha256:8734b9e9cd03d12b2e1d973415fc4c5c941c5eca351b4bd63f721782b1bf7c8b data=/kylin-lmbench-exp-work/rabbitmq/run-d3000-apps-20260713-111300-2-protected-q5-backlog-4
[2026-07-14T08:44:40+08:00] cooldown 30s
[2026-07-14T08:45:18+08:00] cooldown 30s
[2026-07-14T08:45:48+08:00] starting RabbitMQ image=rabbitmq@sha256:8734b9e9cd03d12b2e1d973415fc4c5c941c5eca351b4bd63f721782b1bf7c8b data=/kylin-lmbench-exp-work/rabbitmq/run-d3000-apps-20260713-111300-2-protected-q5-backlog-5
[2026-07-14T08:46:52+08:00] cooldown 30s
[2026-07-14T08:47:30+08:00] cooldown 30s
[2026-07-14T08:48:00+08:00] pair=2 mode=protected project=geek
[2026-07-14T08:48:01+08:00] Geekbench non-scoring warmup
[2026-07-14T08:54:33+08:00] cooldown 30s
[2026-07-14T08:55:03+08:00] Geekbench formal run 1/5
[2026-07-14T09:01:34+08:00] cooldown 30s
[2026-07-14T09:02:04+08:00] Geekbench formal run 2/5
[2026-07-14T09:08:36+08:00] cooldown 30s
[2026-07-14T09:09:06+08:00] Geekbench formal run 3/5
[2026-07-14T09:17:45+08:00] host restored: THP=always swap=on graphical target
[2026-07-14T09:17:45+08:00] campaign stopped manually
[2026-07-14T09:35:23+08:00] ERROR: RabbitMQ Q3/Q5 fixes have not passed the required smoke verification
[2026-07-14T09:35:48+08:00] ERROR: PerfTest rejected its command line for id=invalid-option-selftest; see /home/jose/kylin-lmbench-exp/results/rabbit-fix-negative-validation/stderr.txt
[2026-07-14T09:36:10+08:00] ERROR: PerfTest rejected its command line for id=invalid-option-selftest; see /home/jose/kylin-lmbench-exp/results/rabbit-fix-verification-20260714-093610/invalid-option/stderr.txt
[2026-07-14T09:36:11+08:00] host prepared: CPUs=0-7 governor=performance ASLR=2 swap=off target=multi-user
[2026-07-14T09:36:12+08:00] host restored: THP=always swap=on graphical target
[2026-07-14T09:39:06+08:00] ERROR: PerfTest rejected its command line for id=invalid-option-selftest; see /home/jose/kylin-lmbench-exp/results/rabbit-fix-verification-20260714-093906/invalid-option/stderr.txt
[2026-07-14T09:39:07+08:00] host prepared: CPUs=0-7 governor=performance ASLR=2 swap=off target=multi-user
[2026-07-14T09:39:07+08:00] THP profile=app-default project=rabbitmq effective=always
[2026-07-14T09:39:07+08:00] starting RabbitMQ image=rabbitmq@sha256:8734b9e9cd03d12b2e1d973415fc4c5c941c5eca351b4bd63f721782b1bf7c8b data=/kylin-lmbench-exp-work/rabbitmq/run-rabbit-fix-verification-20260714-093906-verification-protected-q3-rate50-1
[2026-07-14T09:39:21+08:00] cooldown 2s
[2026-07-14T09:40:16+08:00] starting RabbitMQ image=rabbitmq@sha256:8734b9e9cd03d12b2e1d973415fc4c5c941c5eca351b4bd63f721782b1bf7c8b data=/kylin-lmbench-exp-work/rabbitmq/run-rabbit-fix-verification-20260714-093906-verification-protected-q5-backlog-1
[2026-07-14T09:40:30+08:00] cooldown 2s
[2026-07-14T09:40:47+08:00] RabbitMQ fix verification passed: marker=/home/jose/kylin-lmbench-exp/state/rabbitmq-fixes-verified results=/home/jose/kylin-lmbench-exp/results/rabbit-fix-verification-20260714-093906
[2026-07-14T09:40:48+08:00] host restored: THP=always swap=on graphical target
[2026-07-14T09:53:53+08:00] ERROR: config.env changed after verification; rerun verify-rabbitmq-fixes.sh
[2026-07-14T09:54:22+08:00] ERROR: PerfTest rejected its command line for id=invalid-option-selftest; see /home/jose/kylin-lmbench-exp/results/rabbit-fix-verification-20260714-095422/invalid-option/stderr.txt
[2026-07-14T09:54:23+08:00] host prepared: CPUs=0-7 governor=performance ASLR=2 swap=off target=multi-user
[2026-07-14T09:54:23+08:00] THP profile=never project=rabbitmq effective=never
[2026-07-14T09:54:23+08:00] starting RabbitMQ image=rabbitmq@sha256:8734b9e9cd03d12b2e1d973415fc4c5c941c5eca351b4bd63f721782b1bf7c8b data=/kylin-lmbench-exp-work/rabbitmq/run-rabbit-fix-verification-20260714-095422-verification-protected-q3-rate50-1
[2026-07-14T09:54:37+08:00] cooldown 2s
[2026-07-14T09:55:32+08:00] starting RabbitMQ image=rabbitmq@sha256:8734b9e9cd03d12b2e1d973415fc4c5c941c5eca351b4bd63f721782b1bf7c8b data=/kylin-lmbench-exp-work/rabbitmq/run-rabbit-fix-verification-20260714-095422-verification-protected-q5-backlog-1
[2026-07-14T09:55:47+08:00] cooldown 2s
[2026-07-14T09:56:04+08:00] RabbitMQ fix verification passed: marker=/home/jose/kylin-lmbench-exp/state/rabbitmq-fixes-verified results=/home/jose/kylin-lmbench-exp/results/rabbit-fix-verification-20260714-095422
[2026-07-14T09:56:04+08:00] host restored: THP=always swap=on graphical target
[2026-07-14T09:56:40+08:00] ERROR: THP profile must be never or always, got: app-default
[2026-07-14T10:06:19+08:00] verified one-shot GRUB next_entry=d3000-6.6.30-nvhe in active ESP grubenv
[2026-07-14T10:06:19+08:00] campaign=d3000-apps-never-20260714-100618 thp_profile=never initialized; rebooting into calibration nVHE
[2026-07-14T10:07:22+08:00] leg=1 stage=calibration pair=calibration expected=nvhe starting
[2026-07-14T10:07:28+08:00] host prepared: CPUs=0-7 governor=performance ASLR=2 swap=off target=multi-user
[2026-07-14T10:07:28+08:00] THP profile=never project=redis effective=never
[2026-07-14T10:10:50+08:00] cooldown 30s
[2026-07-14T10:14:40+08:00] cooldown 30s
[2026-07-14T10:18:31+08:00] cooldown 30s
[2026-07-14T10:22:21+08:00] cooldown 30s
[2026-07-14T10:26:11+08:00] cooldown 30s
[2026-07-14T10:26:41+08:00] THP profile=never project=rabbitmq effective=never
[2026-07-14T10:26:41+08:00] starting RabbitMQ image=rabbitmq@sha256:8734b9e9cd03d12b2e1d973415fc4c5c941c5eca351b4bd63f721782b1bf7c8b data=/kylin-lmbench-exp-work/rabbitmq/run-d3000-apps-never-20260714-100618-calibration-nvhe-calibration-1
[2026-07-14T10:27:45+08:00] cooldown 30s
[2026-07-14T10:31:23+08:00] cooldown 30s
[2026-07-14T10:31:53+08:00] starting RabbitMQ image=rabbitmq@sha256:8734b9e9cd03d12b2e1d973415fc4c5c941c5eca351b4bd63f721782b1bf7c8b data=/kylin-lmbench-exp-work/rabbitmq/run-d3000-apps-never-20260714-100618-calibration-nvhe-calibration-2
[2026-07-14T10:32:57+08:00] cooldown 30s
[2026-07-14T10:36:36+08:00] cooldown 30s
[2026-07-14T10:37:06+08:00] starting RabbitMQ image=rabbitmq@sha256:8734b9e9cd03d12b2e1d973415fc4c5c941c5eca351b4bd63f721782b1bf7c8b data=/kylin-lmbench-exp-work/rabbitmq/run-d3000-apps-never-20260714-100618-calibration-nvhe-calibration-3
[2026-07-14T10:38:10+08:00] cooldown 30s
[2026-07-14T10:41:48+08:00] cooldown 30s
[2026-07-14T10:42:18+08:00] starting RabbitMQ image=rabbitmq@sha256:8734b9e9cd03d12b2e1d973415fc4c5c941c5eca351b4bd63f721782b1bf7c8b data=/kylin-lmbench-exp-work/rabbitmq/run-d3000-apps-never-20260714-100618-calibration-nvhe-calibration-4
[2026-07-14T10:43:22+08:00] cooldown 30s
[2026-07-14T10:47:00+08:00] cooldown 30s
[2026-07-14T10:47:30+08:00] starting RabbitMQ image=rabbitmq@sha256:8734b9e9cd03d12b2e1d973415fc4c5c941c5eca351b4bd63f721782b1bf7c8b data=/kylin-lmbench-exp-work/rabbitmq/run-d3000-apps-never-20260714-100618-calibration-nvhe-calibration-5
[2026-07-14T10:48:34+08:00] cooldown 30s
[2026-07-14T10:52:12+08:00] cooldown 30s
[2026-07-14T10:52:43+08:00] verified one-shot GRUB next_entry=d3000-6.6.30-protected in active ESP grubenv
[2026-07-14T10:52:43+08:00] leg=1 complete; rebooting into protected for leg=2
[2026-07-14T10:53:47+08:00] leg=2 stage=calibration pair=calibration expected=protected starting
[2026-07-14T10:53:48+08:00] host prepared: CPUs=0-7 governor=performance ASLR=2 swap=off target=multi-user
[2026-07-14T10:53:48+08:00] THP profile=never project=redis effective=never
[2026-07-14T10:57:10+08:00] cooldown 30s
[2026-07-14T11:01:00+08:00] cooldown 30s
[2026-07-14T11:04:50+08:00] cooldown 30s
[2026-07-14T11:08:40+08:00] cooldown 30s
[2026-07-14T11:12:30+08:00] cooldown 30s
[2026-07-14T11:13:00+08:00] THP profile=never project=rabbitmq effective=never
[2026-07-14T11:13:00+08:00] starting RabbitMQ image=rabbitmq@sha256:8734b9e9cd03d12b2e1d973415fc4c5c941c5eca351b4bd63f721782b1bf7c8b data=/kylin-lmbench-exp-work/rabbitmq/run-d3000-apps-never-20260714-100618-calibration-protected-calibration-1
[2026-07-14T11:14:04+08:00] cooldown 30s
[2026-07-14T11:17:42+08:00] cooldown 30s
[2026-07-14T11:18:12+08:00] starting RabbitMQ image=rabbitmq@sha256:8734b9e9cd03d12b2e1d973415fc4c5c941c5eca351b4bd63f721782b1bf7c8b data=/kylin-lmbench-exp-work/rabbitmq/run-d3000-apps-never-20260714-100618-calibration-protected-calibration-2
[2026-07-14T11:19:16+08:00] cooldown 30s
[2026-07-14T11:22:54+08:00] cooldown 30s
[2026-07-14T11:23:24+08:00] starting RabbitMQ image=rabbitmq@sha256:8734b9e9cd03d12b2e1d973415fc4c5c941c5eca351b4bd63f721782b1bf7c8b data=/kylin-lmbench-exp-work/rabbitmq/run-d3000-apps-never-20260714-100618-calibration-protected-calibration-3
[2026-07-14T11:24:29+08:00] cooldown 30s
[2026-07-14T11:28:07+08:00] cooldown 30s
[2026-07-14T11:28:37+08:00] starting RabbitMQ image=rabbitmq@sha256:8734b9e9cd03d12b2e1d973415fc4c5c941c5eca351b4bd63f721782b1bf7c8b data=/kylin-lmbench-exp-work/rabbitmq/run-d3000-apps-never-20260714-100618-calibration-protected-calibration-4
[2026-07-14T11:29:41+08:00] cooldown 30s
[2026-07-14T11:33:19+08:00] cooldown 30s
[2026-07-14T11:33:49+08:00] starting RabbitMQ image=rabbitmq@sha256:8734b9e9cd03d12b2e1d973415fc4c5c941c5eca351b4bd63f721782b1bf7c8b data=/kylin-lmbench-exp-work/rabbitmq/run-d3000-apps-never-20260714-100618-calibration-protected-calibration-5
[2026-07-14T11:34:53+08:00] cooldown 30s
[2026-07-14T11:38:31+08:00] cooldown 30s
[2026-07-14T11:39:02+08:00] verified one-shot GRUB next_entry=d3000-6.6.30-nvhe in active ESP grubenv
[2026-07-14T11:39:02+08:00] leg=2 complete; rebooting into nvhe for leg=3
[2026-07-14T11:40:11+08:00] leg=3 stage=formal pair=1 expected=nvhe starting
[2026-07-14T11:40:14+08:00] host prepared: CPUs=0-7 governor=performance ASLR=2 swap=off target=multi-user
[2026-07-14T11:40:14+08:00] THP profile=never project=anchors effective=never
[2026-07-14T11:41:55+08:00] completed start anchors
[2026-07-14T11:41:55+08:00] pair=1 mode=nvhe project=geek
[2026-07-14T11:41:56+08:00] THP profile=never project=geekbench effective=never
[2026-07-14T11:41:56+08:00] Geekbench non-scoring warmup
[2026-07-14T11:48:34+08:00] cooldown 30s
[2026-07-14T11:49:04+08:00] Geekbench formal run 1/5
[2026-07-14T11:55:42+08:00] cooldown 30s
[2026-07-14T11:56:12+08:00] Geekbench formal run 2/5
[2026-07-14T12:02:50+08:00] cooldown 30s
[2026-07-14T12:03:20+08:00] Geekbench formal run 3/5
[2026-07-14T12:09:58+08:00] cooldown 30s
[2026-07-14T12:10:28+08:00] Geekbench formal run 4/5
[2026-07-14T12:17:07+08:00] cooldown 30s
[2026-07-14T12:17:37+08:00] Geekbench formal run 5/5
[2026-07-14T12:24:14+08:00] cooldown 30s
[2026-07-14T12:24:44+08:00] completed Geekbench CPU suite
[2026-07-14T12:24:44+08:00] pair=1 mode=nvhe project=redis
[2026-07-14T12:24:44+08:00] THP profile=never project=redis effective=never
[2026-07-14T12:30:05+08:00] cooldown 30s
[2026-07-14T12:35:55+08:00] cooldown 30s
[2026-07-14T12:41:45+08:00] cooldown 30s
[2026-07-14T12:47:35+08:00] cooldown 30s
[2026-07-14T12:53:26+08:00] cooldown 30s
[2026-07-14T12:57:16+08:00] cooldown 30s
[2026-07-14T13:01:06+08:00] cooldown 30s
[2026-07-14T13:04:56+08:00] cooldown 30s
[2026-07-14T13:08:46+08:00] cooldown 30s
[2026-07-14T13:12:36+08:00] cooldown 30s
[2026-07-14T13:18:27+08:00] cooldown 30s
[2026-07-14T13:24:18+08:00] cooldown 30s
[2026-07-14T13:30:09+08:00] cooldown 30s
[2026-07-14T13:36:00+08:00] cooldown 30s
[2026-07-14T13:41:51+08:00] cooldown 30s
[2026-07-14T13:48:42+08:00] cooldown 30s
[2026-07-14T13:55:32+08:00] cooldown 30s
[2026-07-14T14:02:23+08:00] cooldown 30s
[2026-07-14T14:09:13+08:00] cooldown 30s
[2026-07-14T14:16:04+08:00] cooldown 30s
[2026-07-14T14:16:34+08:00] pair=1 mode=nvhe project=rabbitmq
[2026-07-14T14:16:34+08:00] THP profile=never project=rabbitmq effective=never
[2026-07-14T14:16:34+08:00] starting RabbitMQ image=rabbitmq@sha256:8734b9e9cd03d12b2e1d973415fc4c5c941c5eca351b4bd63f721782b1bf7c8b data=/kylin-lmbench-exp-work/rabbitmq/run-d3000-apps-never-20260714-100618-1-nvhe-q1-one-fast-1
[2026-07-14T14:17:38+08:00] cooldown 30s
[2026-07-14T14:24:16+08:00] cooldown 30s
[2026-07-14T14:24:46+08:00] starting RabbitMQ image=rabbitmq@sha256:8734b9e9cd03d12b2e1d973415fc4c5c941c5eca351b4bd63f721782b1bf7c8b data=/kylin-lmbench-exp-work/rabbitmq/run-d3000-apps-never-20260714-100618-1-nvhe-q1-one-fast-2
[2026-07-14T14:25:50+08:00] cooldown 30s
[2026-07-14T14:32:28+08:00] cooldown 30s
[2026-07-14T14:32:58+08:00] starting RabbitMQ image=rabbitmq@sha256:8734b9e9cd03d12b2e1d973415fc4c5c941c5eca351b4bd63f721782b1bf7c8b data=/kylin-lmbench-exp-work/rabbitmq/run-d3000-apps-never-20260714-100618-1-nvhe-q1-one-fast-3
[2026-07-14T14:34:02+08:00] cooldown 30s
[2026-07-14T14:40:40+08:00] cooldown 30s
[2026-07-14T14:41:10+08:00] starting RabbitMQ image=rabbitmq@sha256:8734b9e9cd03d12b2e1d973415fc4c5c941c5eca351b4bd63f721782b1bf7c8b data=/kylin-lmbench-exp-work/rabbitmq/run-d3000-apps-never-20260714-100618-1-nvhe-q1-one-fast-4
[2026-07-14T14:42:14+08:00] cooldown 30s
[2026-07-14T14:48:52+08:00] cooldown 30s
[2026-07-14T14:49:22+08:00] starting RabbitMQ image=rabbitmq@sha256:8734b9e9cd03d12b2e1d973415fc4c5c941c5eca351b4bd63f721782b1bf7c8b data=/kylin-lmbench-exp-work/rabbitmq/run-d3000-apps-never-20260714-100618-1-nvhe-q1-one-fast-5
[2026-07-14T14:50:26+08:00] cooldown 30s
[2026-07-14T14:57:04+08:00] cooldown 30s
[2026-07-14T14:57:34+08:00] starting RabbitMQ image=rabbitmq@sha256:8734b9e9cd03d12b2e1d973415fc4c5c941c5eca351b4bd63f721782b1bf7c8b data=/kylin-lmbench-exp-work/rabbitmq/run-d3000-apps-never-20260714-100618-1-nvhe-q2-reliable-1
[2026-07-14T14:58:38+08:00] cooldown 30s
[2026-07-14T15:05:16+08:00] cooldown 30s
[2026-07-14T15:05:46+08:00] starting RabbitMQ image=rabbitmq@sha256:8734b9e9cd03d12b2e1d973415fc4c5c941c5eca351b4bd63f721782b1bf7c8b data=/kylin-lmbench-exp-work/rabbitmq/run-d3000-apps-never-20260714-100618-1-nvhe-q2-reliable-2
[2026-07-14T15:06:50+08:00] cooldown 30s
[2026-07-14T15:13:29+08:00] cooldown 30s
[2026-07-14T15:13:59+08:00] starting RabbitMQ image=rabbitmq@sha256:8734b9e9cd03d12b2e1d973415fc4c5c941c5eca351b4bd63f721782b1bf7c8b data=/kylin-lmbench-exp-work/rabbitmq/run-d3000-apps-never-20260714-100618-1-nvhe-q2-reliable-3
[2026-07-14T15:15:03+08:00] cooldown 30s
[2026-07-14T15:21:41+08:00] cooldown 30s
[2026-07-14T15:22:11+08:00] starting RabbitMQ image=rabbitmq@sha256:8734b9e9cd03d12b2e1d973415fc4c5c941c5eca351b4bd63f721782b1bf7c8b data=/kylin-lmbench-exp-work/rabbitmq/run-d3000-apps-never-20260714-100618-1-nvhe-q2-reliable-4
[2026-07-14T15:23:16+08:00] cooldown 30s
[2026-07-14T15:29:54+08:00] cooldown 30s
[2026-07-14T15:30:24+08:00] starting RabbitMQ image=rabbitmq@sha256:8734b9e9cd03d12b2e1d973415fc4c5c941c5eca351b4bd63f721782b1bf7c8b data=/kylin-lmbench-exp-work/rabbitmq/run-d3000-apps-never-20260714-100618-1-nvhe-q2-reliable-5
[2026-07-14T15:31:28+08:00] cooldown 30s
[2026-07-14T15:38:06+08:00] cooldown 30s
[2026-07-14T15:38:36+08:00] starting RabbitMQ image=rabbitmq@sha256:8734b9e9cd03d12b2e1d973415fc4c5c941c5eca351b4bd63f721782b1bf7c8b data=/kylin-lmbench-exp-work/rabbitmq/run-d3000-apps-never-20260714-100618-1-nvhe-q3-rate50-1
[2026-07-14T15:39:40+08:00] cooldown 30s
[2026-07-14T15:46:18+08:00] cooldown 30s
[2026-07-14T15:46:48+08:00] starting RabbitMQ image=rabbitmq@sha256:8734b9e9cd03d12b2e1d973415fc4c5c941c5eca351b4bd63f721782b1bf7c8b data=/kylin-lmbench-exp-work/rabbitmq/run-d3000-apps-never-20260714-100618-1-nvhe-q3-rate50-2
[2026-07-14T15:47:52+08:00] cooldown 30s
[2026-07-14T15:54:30+08:00] cooldown 30s
[2026-07-14T15:55:00+08:00] starting RabbitMQ image=rabbitmq@sha256:8734b9e9cd03d12b2e1d973415fc4c5c941c5eca351b4bd63f721782b1bf7c8b data=/kylin-lmbench-exp-work/rabbitmq/run-d3000-apps-never-20260714-100618-1-nvhe-q3-rate50-3
[2026-07-14T15:56:05+08:00] cooldown 30s
[2026-07-14T16:02:42+08:00] cooldown 30s
[2026-07-14T16:03:13+08:00] starting RabbitMQ image=rabbitmq@sha256:8734b9e9cd03d12b2e1d973415fc4c5c941c5eca351b4bd63f721782b1bf7c8b data=/kylin-lmbench-exp-work/rabbitmq/run-d3000-apps-never-20260714-100618-1-nvhe-q3-rate50-4
[2026-07-14T16:04:17+08:00] cooldown 30s
[2026-07-14T16:10:55+08:00] cooldown 30s
[2026-07-14T16:11:25+08:00] starting RabbitMQ image=rabbitmq@sha256:8734b9e9cd03d12b2e1d973415fc4c5c941c5eca351b4bd63f721782b1bf7c8b data=/kylin-lmbench-exp-work/rabbitmq/run-d3000-apps-never-20260714-100618-1-nvhe-q3-rate50-5
[2026-07-14T16:12:29+08:00] cooldown 30s
[2026-07-14T16:19:07+08:00] cooldown 30s
[2026-07-14T16:19:37+08:00] starting RabbitMQ image=rabbitmq@sha256:8734b9e9cd03d12b2e1d973415fc4c5c941c5eca351b4bd63f721782b1bf7c8b data=/kylin-lmbench-exp-work/rabbitmq/run-d3000-apps-never-20260714-100618-1-nvhe-q3-rate70-1
[2026-07-14T16:20:41+08:00] cooldown 30s
[2026-07-14T16:27:19+08:00] cooldown 30s
[2026-07-14T16:27:49+08:00] starting RabbitMQ image=rabbitmq@sha256:8734b9e9cd03d12b2e1d973415fc4c5c941c5eca351b4bd63f721782b1bf7c8b data=/kylin-lmbench-exp-work/rabbitmq/run-d3000-apps-never-20260714-100618-1-nvhe-q3-rate70-2
[2026-07-14T16:28:53+08:00] cooldown 30s
[2026-07-14T16:35:31+08:00] cooldown 30s
[2026-07-14T16:36:01+08:00] starting RabbitMQ image=rabbitmq@sha256:8734b9e9cd03d12b2e1d973415fc4c5c941c5eca351b4bd63f721782b1bf7c8b data=/kylin-lmbench-exp-work/rabbitmq/run-d3000-apps-never-20260714-100618-1-nvhe-q3-rate70-3
[2026-07-14T16:37:05+08:00] cooldown 30s
[2026-07-14T16:43:43+08:00] cooldown 30s
[2026-07-14T16:44:13+08:00] starting RabbitMQ image=rabbitmq@sha256:8734b9e9cd03d12b2e1d973415fc4c5c941c5eca351b4bd63f721782b1bf7c8b data=/kylin-lmbench-exp-work/rabbitmq/run-d3000-apps-never-20260714-100618-1-nvhe-q3-rate70-4
[2026-07-14T16:45:17+08:00] cooldown 30s
[2026-07-14T16:51:55+08:00] cooldown 30s
[2026-07-14T16:52:25+08:00] starting RabbitMQ image=rabbitmq@sha256:8734b9e9cd03d12b2e1d973415fc4c5c941c5eca351b4bd63f721782b1bf7c8b data=/kylin-lmbench-exp-work/rabbitmq/run-d3000-apps-never-20260714-100618-1-nvhe-q3-rate70-5
[2026-07-14T16:53:29+08:00] cooldown 30s
[2026-07-14T17:00:07+08:00] cooldown 30s
[2026-07-14T17:00:37+08:00] starting RabbitMQ image=rabbitmq@sha256:8734b9e9cd03d12b2e1d973415fc4c5c941c5eca351b4bd63f721782b1bf7c8b data=/kylin-lmbench-exp-work/rabbitmq/run-d3000-apps-never-20260714-100618-1-nvhe-q3-rate85-1
[2026-07-14T17:01:41+08:00] cooldown 30s
[2026-07-14T17:08:19+08:00] cooldown 30s
[2026-07-14T17:08:49+08:00] starting RabbitMQ image=rabbitmq@sha256:8734b9e9cd03d12b2e1d973415fc4c5c941c5eca351b4bd63f721782b1bf7c8b data=/kylin-lmbench-exp-work/rabbitmq/run-d3000-apps-never-20260714-100618-1-nvhe-q3-rate85-2
[2026-07-14T17:09:53+08:00] cooldown 30s
[2026-07-14T17:16:31+08:00] cooldown 30s
[2026-07-14T17:17:01+08:00] starting RabbitMQ image=rabbitmq@sha256:8734b9e9cd03d12b2e1d973415fc4c5c941c5eca351b4bd63f721782b1bf7c8b data=/kylin-lmbench-exp-work/rabbitmq/run-d3000-apps-never-20260714-100618-1-nvhe-q3-rate85-3
[2026-07-14T17:18:05+08:00] cooldown 30s
[2026-07-14T17:24:43+08:00] cooldown 30s
[2026-07-14T17:25:13+08:00] starting RabbitMQ image=rabbitmq@sha256:8734b9e9cd03d12b2e1d973415fc4c5c941c5eca351b4bd63f721782b1bf7c8b data=/kylin-lmbench-exp-work/rabbitmq/run-d3000-apps-never-20260714-100618-1-nvhe-q3-rate85-4
[2026-07-14T17:26:17+08:00] cooldown 30s
[2026-07-14T17:32:55+08:00] cooldown 30s
[2026-07-14T17:33:25+08:00] starting RabbitMQ image=rabbitmq@sha256:8734b9e9cd03d12b2e1d973415fc4c5c941c5eca351b4bd63f721782b1bf7c8b data=/kylin-lmbench-exp-work/rabbitmq/run-d3000-apps-never-20260714-100618-1-nvhe-q3-rate85-5
[2026-07-14T17:34:29+08:00] cooldown 30s
[2026-07-14T17:41:07+08:00] cooldown 30s
[2026-07-14T17:41:37+08:00] starting RabbitMQ image=rabbitmq@sha256:8734b9e9cd03d12b2e1d973415fc4c5c941c5eca351b4bd63f721782b1bf7c8b data=/kylin-lmbench-exp-work/rabbitmq/run-d3000-apps-never-20260714-100618-1-nvhe-q4-join-late-1
[2026-07-14T17:42:41+08:00] cooldown 30s
[2026-07-14T17:49:19+08:00] cooldown 30s
[2026-07-14T17:49:49+08:00] starting RabbitMQ image=rabbitmq@sha256:8734b9e9cd03d12b2e1d973415fc4c5c941c5eca351b4bd63f721782b1bf7c8b data=/kylin-lmbench-exp-work/rabbitmq/run-d3000-apps-never-20260714-100618-1-nvhe-q4-join-late-2
[2026-07-14T17:50:53+08:00] cooldown 30s
[2026-07-14T17:57:31+08:00] cooldown 30s
[2026-07-14T17:58:01+08:00] starting RabbitMQ image=rabbitmq@sha256:8734b9e9cd03d12b2e1d973415fc4c5c941c5eca351b4bd63f721782b1bf7c8b data=/kylin-lmbench-exp-work/rabbitmq/run-d3000-apps-never-20260714-100618-1-nvhe-q4-join-late-3
[2026-07-14T17:59:05+08:00] cooldown 30s
[2026-07-14T18:05:43+08:00] cooldown 30s
[2026-07-14T18:06:13+08:00] starting RabbitMQ image=rabbitmq@sha256:8734b9e9cd03d12b2e1d973415fc4c5c941c5eca351b4bd63f721782b1bf7c8b data=/kylin-lmbench-exp-work/rabbitmq/run-d3000-apps-never-20260714-100618-1-nvhe-q4-join-late-4
[2026-07-14T18:07:17+08:00] cooldown 30s
[2026-07-14T18:13:55+08:00] cooldown 30s
[2026-07-14T18:14:25+08:00] starting RabbitMQ image=rabbitmq@sha256:8734b9e9cd03d12b2e1d973415fc4c5c941c5eca351b4bd63f721782b1bf7c8b data=/kylin-lmbench-exp-work/rabbitmq/run-d3000-apps-never-20260714-100618-1-nvhe-q4-join-late-5
[2026-07-14T18:15:29+08:00] cooldown 30s
[2026-07-14T18:22:07+08:00] cooldown 30s
[2026-07-14T18:22:37+08:00] starting RabbitMQ image=rabbitmq@sha256:8734b9e9cd03d12b2e1d973415fc4c5c941c5eca351b4bd63f721782b1bf7c8b data=/kylin-lmbench-exp-work/rabbitmq/run-d3000-apps-never-20260714-100618-1-nvhe-q5-backlog-1
[2026-07-14T18:23:41+08:00] cooldown 30s
[2026-07-14T18:24:49+08:00] cooldown 30s
[2026-07-14T18:25:20+08:00] starting RabbitMQ image=rabbitmq@sha256:8734b9e9cd03d12b2e1d973415fc4c5c941c5eca351b4bd63f721782b1bf7c8b data=/kylin-lmbench-exp-work/rabbitmq/run-d3000-apps-never-20260714-100618-1-nvhe-q5-backlog-2
[2026-07-14T18:26:24+08:00] cooldown 30s
[2026-07-14T18:27:33+08:00] cooldown 30s
[2026-07-14T18:28:03+08:00] starting RabbitMQ image=rabbitmq@sha256:8734b9e9cd03d12b2e1d973415fc4c5c941c5eca351b4bd63f721782b1bf7c8b data=/kylin-lmbench-exp-work/rabbitmq/run-d3000-apps-never-20260714-100618-1-nvhe-q5-backlog-3
[2026-07-14T18:29:07+08:00] cooldown 30s
[2026-07-14T18:30:17+08:00] cooldown 30s
[2026-07-14T18:30:47+08:00] starting RabbitMQ image=rabbitmq@sha256:8734b9e9cd03d12b2e1d973415fc4c5c941c5eca351b4bd63f721782b1bf7c8b data=/kylin-lmbench-exp-work/rabbitmq/run-d3000-apps-never-20260714-100618-1-nvhe-q5-backlog-4
[2026-07-14T18:31:51+08:00] cooldown 30s
[2026-07-14T18:33:01+08:00] cooldown 30s
[2026-07-14T18:33:31+08:00] starting RabbitMQ image=rabbitmq@sha256:8734b9e9cd03d12b2e1d973415fc4c5c941c5eca351b4bd63f721782b1bf7c8b data=/kylin-lmbench-exp-work/rabbitmq/run-d3000-apps-never-20260714-100618-1-nvhe-q5-backlog-5
[2026-07-14T18:34:35+08:00] cooldown 30s
[2026-07-14T18:35:44+08:00] cooldown 30s
[2026-07-14T18:36:14+08:00] THP profile=never project=anchors effective=never
[2026-07-14T18:37:54+08:00] completed end anchors
[2026-07-14T18:37:54+08:00] verified one-shot GRUB next_entry=d3000-6.6.30-protected in active ESP grubenv
[2026-07-14T18:37:54+08:00] leg=3 complete; rebooting into protected for leg=4
[2026-07-14T18:38:53+08:00] leg=4 stage=formal pair=1 expected=protected starting
[2026-07-14T18:38:54+08:00] host prepared: CPUs=0-7 governor=performance ASLR=2 swap=off target=multi-user
[2026-07-14T18:38:54+08:00] THP profile=never project=anchors effective=never
[2026-07-14T18:40:36+08:00] completed start anchors
[2026-07-14T18:40:36+08:00] pair=1 mode=protected project=geek
[2026-07-14T18:40:37+08:00] THP profile=never project=geekbench effective=never
[2026-07-14T18:40:37+08:00] Geekbench non-scoring warmup
[2026-07-14T18:47:18+08:00] cooldown 30s
[2026-07-14T18:47:48+08:00] Geekbench formal run 1/5
[2026-07-14T18:54:26+08:00] cooldown 30s
[2026-07-14T18:54:56+08:00] Geekbench formal run 2/5
[2026-07-14T19:01:35+08:00] cooldown 30s
[2026-07-14T19:02:05+08:00] Geekbench formal run 3/5
[2026-07-14T19:08:45+08:00] cooldown 30s
[2026-07-14T19:09:15+08:00] Geekbench formal run 4/5
[2026-07-14T19:15:55+08:00] cooldown 30s
[2026-07-14T19:16:25+08:00] Geekbench formal run 5/5
[2026-07-14T19:23:04+08:00] cooldown 30s
[2026-07-14T19:23:34+08:00] completed Geekbench CPU suite
[2026-07-14T19:23:34+08:00] pair=1 mode=protected project=redis
[2026-07-14T19:23:34+08:00] THP profile=never project=redis effective=never
[2026-07-14T19:28:55+08:00] cooldown 30s
[2026-07-14T19:34:45+08:00] cooldown 30s
[2026-07-14T19:40:35+08:00] cooldown 30s
[2026-07-14T19:46:25+08:00] cooldown 30s
[2026-07-14T19:52:16+08:00] cooldown 30s
[2026-07-14T19:56:06+08:00] cooldown 30s
[2026-07-14T19:59:56+08:00] cooldown 30s
[2026-07-14T20:03:46+08:00] cooldown 30s
[2026-07-14T20:07:36+08:00] cooldown 30s
[2026-07-14T20:11:26+08:00] cooldown 30s
[2026-07-14T20:17:17+08:00] cooldown 30s
[2026-07-14T20:23:08+08:00] cooldown 30s
[2026-07-14T20:28:59+08:00] cooldown 30s
[2026-07-14T20:34:50+08:00] cooldown 30s
[2026-07-14T20:40:42+08:00] cooldown 30s
[2026-07-14T20:47:32+08:00] cooldown 30s
[2026-07-14T20:54:23+08:00] cooldown 30s
[2026-07-14T21:01:13+08:00] cooldown 30s
[2026-07-14T21:08:04+08:00] cooldown 30s
[2026-07-14T21:14:54+08:00] cooldown 30s
[2026-07-14T21:15:24+08:00] pair=1 mode=protected project=rabbitmq
[2026-07-14T21:15:24+08:00] THP profile=never project=rabbitmq effective=never
[2026-07-14T21:15:24+08:00] starting RabbitMQ image=rabbitmq@sha256:8734b9e9cd03d12b2e1d973415fc4c5c941c5eca351b4bd63f721782b1bf7c8b data=/kylin-lmbench-exp-work/rabbitmq/run-d3000-apps-never-20260714-100618-1-protected-q1-one-fast-1
[2026-07-14T21:16:28+08:00] cooldown 30s
[2026-07-14T21:23:06+08:00] cooldown 30s
[2026-07-14T21:23:36+08:00] starting RabbitMQ image=rabbitmq@sha256:8734b9e9cd03d12b2e1d973415fc4c5c941c5eca351b4bd63f721782b1bf7c8b data=/kylin-lmbench-exp-work/rabbitmq/run-d3000-apps-never-20260714-100618-1-protected-q1-one-fast-2
[2026-07-14T21:24:40+08:00] cooldown 30s
[2026-07-14T21:31:18+08:00] cooldown 30s
[2026-07-14T21:31:48+08:00] starting RabbitMQ image=rabbitmq@sha256:8734b9e9cd03d12b2e1d973415fc4c5c941c5eca351b4bd63f721782b1bf7c8b data=/kylin-lmbench-exp-work/rabbitmq/run-d3000-apps-never-20260714-100618-1-protected-q1-one-fast-3
[2026-07-14T21:32:53+08:00] cooldown 30s
[2026-07-14T21:39:30+08:00] cooldown 30s
[2026-07-14T21:40:01+08:00] starting RabbitMQ image=rabbitmq@sha256:8734b9e9cd03d12b2e1d973415fc4c5c941c5eca351b4bd63f721782b1bf7c8b data=/kylin-lmbench-exp-work/rabbitmq/run-d3000-apps-never-20260714-100618-1-protected-q1-one-fast-4
[2026-07-14T21:41:05+08:00] cooldown 30s
[2026-07-14T21:47:42+08:00] cooldown 30s
[2026-07-14T21:48:13+08:00] starting RabbitMQ image=rabbitmq@sha256:8734b9e9cd03d12b2e1d973415fc4c5c941c5eca351b4bd63f721782b1bf7c8b data=/kylin-lmbench-exp-work/rabbitmq/run-d3000-apps-never-20260714-100618-1-protected-q1-one-fast-5
[2026-07-14T21:49:17+08:00] cooldown 30s
[2026-07-14T21:55:55+08:00] cooldown 30s
[2026-07-14T21:56:25+08:00] starting RabbitMQ image=rabbitmq@sha256:8734b9e9cd03d12b2e1d973415fc4c5c941c5eca351b4bd63f721782b1bf7c8b data=/kylin-lmbench-exp-work/rabbitmq/run-d3000-apps-never-20260714-100618-1-protected-q2-reliable-1
[2026-07-14T21:57:29+08:00] cooldown 30s
[2026-07-14T22:04:07+08:00] cooldown 30s
[2026-07-14T22:04:37+08:00] starting RabbitMQ image=rabbitmq@sha256:8734b9e9cd03d12b2e1d973415fc4c5c941c5eca351b4bd63f721782b1bf7c8b data=/kylin-lmbench-exp-work/rabbitmq/run-d3000-apps-never-20260714-100618-1-protected-q2-reliable-2
[2026-07-14T22:05:41+08:00] cooldown 30s
[2026-07-14T22:12:20+08:00] cooldown 30s
[2026-07-14T22:12:50+08:00] starting RabbitMQ image=rabbitmq@sha256:8734b9e9cd03d12b2e1d973415fc4c5c941c5eca351b4bd63f721782b1bf7c8b data=/kylin-lmbench-exp-work/rabbitmq/run-d3000-apps-never-20260714-100618-1-protected-q2-reliable-3
[2026-07-14T22:13:54+08:00] cooldown 30s
[2026-07-14T22:20:32+08:00] cooldown 30s
[2026-07-14T22:21:02+08:00] starting RabbitMQ image=rabbitmq@sha256:8734b9e9cd03d12b2e1d973415fc4c5c941c5eca351b4bd63f721782b1bf7c8b data=/kylin-lmbench-exp-work/rabbitmq/run-d3000-apps-never-20260714-100618-1-protected-q2-reliable-4
[2026-07-14T22:22:06+08:00] cooldown 30s
[2026-07-14T22:28:44+08:00] cooldown 30s
[2026-07-14T22:29:15+08:00] starting RabbitMQ image=rabbitmq@sha256:8734b9e9cd03d12b2e1d973415fc4c5c941c5eca351b4bd63f721782b1bf7c8b data=/kylin-lmbench-exp-work/rabbitmq/run-d3000-apps-never-20260714-100618-1-protected-q2-reliable-5
[2026-07-14T22:30:19+08:00] cooldown 30s
[2026-07-14T22:36:57+08:00] cooldown 30s
[2026-07-14T22:37:27+08:00] starting RabbitMQ image=rabbitmq@sha256:8734b9e9cd03d12b2e1d973415fc4c5c941c5eca351b4bd63f721782b1bf7c8b data=/kylin-lmbench-exp-work/rabbitmq/run-d3000-apps-never-20260714-100618-1-protected-q3-rate50-1
[2026-07-14T22:38:31+08:00] cooldown 30s
[2026-07-14T22:45:09+08:00] cooldown 30s
[2026-07-14T22:45:39+08:00] starting RabbitMQ image=rabbitmq@sha256:8734b9e9cd03d12b2e1d973415fc4c5c941c5eca351b4bd63f721782b1bf7c8b data=/kylin-lmbench-exp-work/rabbitmq/run-d3000-apps-never-20260714-100618-1-protected-q3-rate50-2
[2026-07-14T22:46:43+08:00] cooldown 30s
[2026-07-14T22:53:21+08:00] cooldown 30s
[2026-07-14T22:53:51+08:00] starting RabbitMQ image=rabbitmq@sha256:8734b9e9cd03d12b2e1d973415fc4c5c941c5eca351b4bd63f721782b1bf7c8b data=/kylin-lmbench-exp-work/rabbitmq/run-d3000-apps-never-20260714-100618-1-protected-q3-rate50-3
[2026-07-14T22:54:55+08:00] cooldown 30s
[2026-07-14T23:01:33+08:00] cooldown 30s
[2026-07-14T23:02:03+08:00] starting RabbitMQ image=rabbitmq@sha256:8734b9e9cd03d12b2e1d973415fc4c5c941c5eca351b4bd63f721782b1bf7c8b data=/kylin-lmbench-exp-work/rabbitmq/run-d3000-apps-never-20260714-100618-1-protected-q3-rate50-4
[2026-07-14T23:03:08+08:00] cooldown 30s
[2026-07-14T23:09:46+08:00] cooldown 30s
[2026-07-14T23:10:16+08:00] starting RabbitMQ image=rabbitmq@sha256:8734b9e9cd03d12b2e1d973415fc4c5c941c5eca351b4bd63f721782b1bf7c8b data=/kylin-lmbench-exp-work/rabbitmq/run-d3000-apps-never-20260714-100618-1-protected-q3-rate50-5
[2026-07-14T23:11:20+08:00] cooldown 30s
[2026-07-14T23:17:58+08:00] cooldown 30s
[2026-07-14T23:18:28+08:00] starting RabbitMQ image=rabbitmq@sha256:8734b9e9cd03d12b2e1d973415fc4c5c941c5eca351b4bd63f721782b1bf7c8b data=/kylin-lmbench-exp-work/rabbitmq/run-d3000-apps-never-20260714-100618-1-protected-q3-rate70-1
[2026-07-14T23:19:32+08:00] cooldown 30s
[2026-07-14T23:26:10+08:00] cooldown 30s
[2026-07-14T23:26:40+08:00] starting RabbitMQ image=rabbitmq@sha256:8734b9e9cd03d12b2e1d973415fc4c5c941c5eca351b4bd63f721782b1bf7c8b data=/kylin-lmbench-exp-work/rabbitmq/run-d3000-apps-never-20260714-100618-1-protected-q3-rate70-2
[2026-07-14T23:27:44+08:00] cooldown 30s
[2026-07-14T23:34:22+08:00] cooldown 30s
[2026-07-14T23:34:52+08:00] starting RabbitMQ image=rabbitmq@sha256:8734b9e9cd03d12b2e1d973415fc4c5c941c5eca351b4bd63f721782b1bf7c8b data=/kylin-lmbench-exp-work/rabbitmq/run-d3000-apps-never-20260714-100618-1-protected-q3-rate70-3
[2026-07-14T23:35:56+08:00] cooldown 30s
[2026-07-14T23:42:34+08:00] cooldown 30s
[2026-07-14T23:43:04+08:00] starting RabbitMQ image=rabbitmq@sha256:8734b9e9cd03d12b2e1d973415fc4c5c941c5eca351b4bd63f721782b1bf7c8b data=/kylin-lmbench-exp-work/rabbitmq/run-d3000-apps-never-20260714-100618-1-protected-q3-rate70-4
[2026-07-14T23:44:09+08:00] cooldown 30s
[2026-07-14T23:50:46+08:00] cooldown 30s
[2026-07-14T23:51:17+08:00] starting RabbitMQ image=rabbitmq@sha256:8734b9e9cd03d12b2e1d973415fc4c5c941c5eca351b4bd63f721782b1bf7c8b data=/kylin-lmbench-exp-work/rabbitmq/run-d3000-apps-never-20260714-100618-1-protected-q3-rate70-5
[2026-07-14T23:52:21+08:00] cooldown 30s
[2026-07-14T23:58:59+08:00] cooldown 30s
[2026-07-14T23:59:29+08:00] starting RabbitMQ image=rabbitmq@sha256:8734b9e9cd03d12b2e1d973415fc4c5c941c5eca351b4bd63f721782b1bf7c8b data=/kylin-lmbench-exp-work/rabbitmq/run-d3000-apps-never-20260714-100618-1-protected-q3-rate85-1
[2026-07-15T00:00:33+08:00] cooldown 30s
[2026-07-15T00:07:11+08:00] cooldown 30s
[2026-07-15T00:07:41+08:00] starting RabbitMQ image=rabbitmq@sha256:8734b9e9cd03d12b2e1d973415fc4c5c941c5eca351b4bd63f721782b1bf7c8b data=/kylin-lmbench-exp-work/rabbitmq/run-d3000-apps-never-20260714-100618-1-protected-q3-rate85-2
[2026-07-15T00:08:45+08:00] cooldown 30s
[2026-07-15T00:15:23+08:00] cooldown 30s
[2026-07-15T00:15:53+08:00] starting RabbitMQ image=rabbitmq@sha256:8734b9e9cd03d12b2e1d973415fc4c5c941c5eca351b4bd63f721782b1bf7c8b data=/kylin-lmbench-exp-work/rabbitmq/run-d3000-apps-never-20260714-100618-1-protected-q3-rate85-3
[2026-07-15T00:16:57+08:00] cooldown 30s
[2026-07-15T00:23:35+08:00] cooldown 30s
[2026-07-15T00:24:05+08:00] starting RabbitMQ image=rabbitmq@sha256:8734b9e9cd03d12b2e1d973415fc4c5c941c5eca351b4bd63f721782b1bf7c8b data=/kylin-lmbench-exp-work/rabbitmq/run-d3000-apps-never-20260714-100618-1-protected-q3-rate85-4
[2026-07-15T00:25:09+08:00] cooldown 30s
[2026-07-15T00:31:47+08:00] cooldown 30s
[2026-07-15T00:32:17+08:00] starting RabbitMQ image=rabbitmq@sha256:8734b9e9cd03d12b2e1d973415fc4c5c941c5eca351b4bd63f721782b1bf7c8b data=/kylin-lmbench-exp-work/rabbitmq/run-d3000-apps-never-20260714-100618-1-protected-q3-rate85-5
[2026-07-15T00:33:21+08:00] cooldown 30s
[2026-07-15T00:39:59+08:00] cooldown 30s
[2026-07-15T00:40:29+08:00] starting RabbitMQ image=rabbitmq@sha256:8734b9e9cd03d12b2e1d973415fc4c5c941c5eca351b4bd63f721782b1bf7c8b data=/kylin-lmbench-exp-work/rabbitmq/run-d3000-apps-never-20260714-100618-1-protected-q4-join-late-1
[2026-07-15T00:41:33+08:00] cooldown 30s
[2026-07-15T00:48:11+08:00] cooldown 30s
[2026-07-15T00:48:41+08:00] starting RabbitMQ image=rabbitmq@sha256:8734b9e9cd03d12b2e1d973415fc4c5c941c5eca351b4bd63f721782b1bf7c8b data=/kylin-lmbench-exp-work/rabbitmq/run-d3000-apps-never-20260714-100618-1-protected-q4-join-late-2
[2026-07-15T00:49:45+08:00] cooldown 30s
[2026-07-15T00:56:23+08:00] cooldown 30s
[2026-07-15T00:56:54+08:00] starting RabbitMQ image=rabbitmq@sha256:8734b9e9cd03d12b2e1d973415fc4c5c941c5eca351b4bd63f721782b1bf7c8b data=/kylin-lmbench-exp-work/rabbitmq/run-d3000-apps-never-20260714-100618-1-protected-q4-join-late-3
[2026-07-15T00:57:58+08:00] cooldown 30s
[2026-07-15T01:04:36+08:00] cooldown 30s
[2026-07-15T01:05:06+08:00] starting RabbitMQ image=rabbitmq@sha256:8734b9e9cd03d12b2e1d973415fc4c5c941c5eca351b4bd63f721782b1bf7c8b data=/kylin-lmbench-exp-work/rabbitmq/run-d3000-apps-never-20260714-100618-1-protected-q4-join-late-4
[2026-07-15T01:06:10+08:00] cooldown 30s
[2026-07-15T01:12:48+08:00] cooldown 30s
[2026-07-15T01:13:18+08:00] starting RabbitMQ image=rabbitmq@sha256:8734b9e9cd03d12b2e1d973415fc4c5c941c5eca351b4bd63f721782b1bf7c8b data=/kylin-lmbench-exp-work/rabbitmq/run-d3000-apps-never-20260714-100618-1-protected-q4-join-late-5
[2026-07-15T01:14:22+08:00] cooldown 30s
[2026-07-15T01:21:00+08:00] cooldown 30s
[2026-07-15T01:21:30+08:00] starting RabbitMQ image=rabbitmq@sha256:8734b9e9cd03d12b2e1d973415fc4c5c941c5eca351b4bd63f721782b1bf7c8b data=/kylin-lmbench-exp-work/rabbitmq/run-d3000-apps-never-20260714-100618-1-protected-q5-backlog-1
[2026-07-15T01:22:35+08:00] cooldown 30s
[2026-07-15T01:23:47+08:00] cooldown 30s
[2026-07-15T01:24:17+08:00] starting RabbitMQ image=rabbitmq@sha256:8734b9e9cd03d12b2e1d973415fc4c5c941c5eca351b4bd63f721782b1bf7c8b data=/kylin-lmbench-exp-work/rabbitmq/run-d3000-apps-never-20260714-100618-1-protected-q5-backlog-2
[2026-07-15T01:25:21+08:00] cooldown 30s
[2026-07-15T01:26:30+08:00] cooldown 30s
[2026-07-15T01:27:00+08:00] starting RabbitMQ image=rabbitmq@sha256:8734b9e9cd03d12b2e1d973415fc4c5c941c5eca351b4bd63f721782b1bf7c8b data=/kylin-lmbench-exp-work/rabbitmq/run-d3000-apps-never-20260714-100618-1-protected-q5-backlog-3
[2026-07-15T01:28:04+08:00] cooldown 30s
[2026-07-15T01:29:13+08:00] cooldown 30s
[2026-07-15T01:29:43+08:00] starting RabbitMQ image=rabbitmq@sha256:8734b9e9cd03d12b2e1d973415fc4c5c941c5eca351b4bd63f721782b1bf7c8b data=/kylin-lmbench-exp-work/rabbitmq/run-d3000-apps-never-20260714-100618-1-protected-q5-backlog-4
[2026-07-15T01:30:47+08:00] cooldown 30s
[2026-07-15T01:31:58+08:00] cooldown 30s
[2026-07-15T01:32:28+08:00] starting RabbitMQ image=rabbitmq@sha256:8734b9e9cd03d12b2e1d973415fc4c5c941c5eca351b4bd63f721782b1bf7c8b data=/kylin-lmbench-exp-work/rabbitmq/run-d3000-apps-never-20260714-100618-1-protected-q5-backlog-5
[2026-07-15T01:33:33+08:00] cooldown 30s
[2026-07-15T01:34:43+08:00] cooldown 30s
[2026-07-15T01:35:13+08:00] THP profile=never project=anchors effective=never
[2026-07-15T01:36:54+08:00] completed end anchors
[2026-07-15T01:36:54+08:00] verified one-shot GRUB next_entry=d3000-6.6.30-protected in active ESP grubenv
[2026-07-15T01:36:54+08:00] leg=4 complete; rebooting into protected for leg=5
[2026-07-15T01:37:50+08:00] leg=5 stage=formal pair=2 expected=protected starting
[2026-07-15T01:37:51+08:00] host prepared: CPUs=0-7 governor=performance ASLR=2 swap=off target=multi-user
[2026-07-15T01:37:52+08:00] THP profile=never project=anchors effective=never
[2026-07-15T01:39:35+08:00] completed start anchors
[2026-07-15T01:39:35+08:00] pair=2 mode=protected project=redis
[2026-07-15T01:39:35+08:00] THP profile=never project=redis effective=never
[2026-07-15T01:44:56+08:00] cooldown 30s
[2026-07-15T01:50:46+08:00] cooldown 30s
[2026-07-15T01:56:36+08:00] cooldown 30s
[2026-07-15T02:02:26+08:00] cooldown 30s
[2026-07-15T02:08:16+08:00] cooldown 30s
[2026-07-15T02:12:06+08:00] cooldown 30s
[2026-07-15T02:15:56+08:00] cooldown 30s
[2026-07-15T02:19:46+08:00] cooldown 30s
[2026-07-15T02:23:36+08:00] cooldown 30s
[2026-07-15T02:27:27+08:00] cooldown 30s
[2026-07-15T02:33:18+08:00] cooldown 30s
[2026-07-15T02:39:09+08:00] cooldown 30s
[2026-07-15T02:45:00+08:00] cooldown 30s
[2026-07-15T02:50:51+08:00] cooldown 30s
[2026-07-15T02:56:42+08:00] cooldown 30s
[2026-07-15T03:03:33+08:00] cooldown 30s
[2026-07-15T03:10:23+08:00] cooldown 30s
[2026-07-15T03:17:14+08:00] cooldown 30s
[2026-07-15T03:24:05+08:00] cooldown 30s
[2026-07-15T03:30:55+08:00] cooldown 30s
[2026-07-15T03:31:25+08:00] pair=2 mode=protected project=rabbitmq
[2026-07-15T03:31:25+08:00] THP profile=never project=rabbitmq effective=never
[2026-07-15T03:31:25+08:00] starting RabbitMQ image=rabbitmq@sha256:8734b9e9cd03d12b2e1d973415fc4c5c941c5eca351b4bd63f721782b1bf7c8b data=/kylin-lmbench-exp-work/rabbitmq/run-d3000-apps-never-20260714-100618-2-protected-q1-one-fast-1
[2026-07-15T03:32:30+08:00] cooldown 30s
[2026-07-15T03:39:07+08:00] cooldown 30s
[2026-07-15T03:39:38+08:00] starting RabbitMQ image=rabbitmq@sha256:8734b9e9cd03d12b2e1d973415fc4c5c941c5eca351b4bd63f721782b1bf7c8b data=/kylin-lmbench-exp-work/rabbitmq/run-d3000-apps-never-20260714-100618-2-protected-q1-one-fast-2
[2026-07-15T03:40:42+08:00] cooldown 30s
[2026-07-15T03:47:19+08:00] cooldown 30s
[2026-07-15T03:47:50+08:00] starting RabbitMQ image=rabbitmq@sha256:8734b9e9cd03d12b2e1d973415fc4c5c941c5eca351b4bd63f721782b1bf7c8b data=/kylin-lmbench-exp-work/rabbitmq/run-d3000-apps-never-20260714-100618-2-protected-q1-one-fast-3
[2026-07-15T03:48:54+08:00] cooldown 30s
[2026-07-15T03:55:32+08:00] cooldown 30s
[2026-07-15T03:56:02+08:00] starting RabbitMQ image=rabbitmq@sha256:8734b9e9cd03d12b2e1d973415fc4c5c941c5eca351b4bd63f721782b1bf7c8b data=/kylin-lmbench-exp-work/rabbitmq/run-d3000-apps-never-20260714-100618-2-protected-q1-one-fast-4
[2026-07-15T03:57:06+08:00] cooldown 30s
[2026-07-15T04:03:44+08:00] cooldown 30s
[2026-07-15T04:04:14+08:00] starting RabbitMQ image=rabbitmq@sha256:8734b9e9cd03d12b2e1d973415fc4c5c941c5eca351b4bd63f721782b1bf7c8b data=/kylin-lmbench-exp-work/rabbitmq/run-d3000-apps-never-20260714-100618-2-protected-q1-one-fast-5
[2026-07-15T04:05:18+08:00] cooldown 30s
[2026-07-15T04:11:56+08:00] cooldown 30s
[2026-07-15T04:12:26+08:00] starting RabbitMQ image=rabbitmq@sha256:8734b9e9cd03d12b2e1d973415fc4c5c941c5eca351b4bd63f721782b1bf7c8b data=/kylin-lmbench-exp-work/rabbitmq/run-d3000-apps-never-20260714-100618-2-protected-q2-reliable-1
[2026-07-15T04:13:30+08:00] cooldown 30s
[2026-07-15T04:20:08+08:00] cooldown 30s
[2026-07-15T04:20:38+08:00] starting RabbitMQ image=rabbitmq@sha256:8734b9e9cd03d12b2e1d973415fc4c5c941c5eca351b4bd63f721782b1bf7c8b data=/kylin-lmbench-exp-work/rabbitmq/run-d3000-apps-never-20260714-100618-2-protected-q2-reliable-2
[2026-07-15T04:21:42+08:00] cooldown 30s
[2026-07-15T04:28:21+08:00] cooldown 30s
[2026-07-15T04:28:51+08:00] starting RabbitMQ image=rabbitmq@sha256:8734b9e9cd03d12b2e1d973415fc4c5c941c5eca351b4bd63f721782b1bf7c8b data=/kylin-lmbench-exp-work/rabbitmq/run-d3000-apps-never-20260714-100618-2-protected-q2-reliable-3
[2026-07-15T04:29:55+08:00] cooldown 30s
[2026-07-15T04:36:33+08:00] cooldown 30s
[2026-07-15T04:37:04+08:00] starting RabbitMQ image=rabbitmq@sha256:8734b9e9cd03d12b2e1d973415fc4c5c941c5eca351b4bd63f721782b1bf7c8b data=/kylin-lmbench-exp-work/rabbitmq/run-d3000-apps-never-20260714-100618-2-protected-q2-reliable-4
[2026-07-15T04:38:08+08:00] cooldown 30s
[2026-07-15T04:44:46+08:00] cooldown 30s
[2026-07-15T04:45:16+08:00] starting RabbitMQ image=rabbitmq@sha256:8734b9e9cd03d12b2e1d973415fc4c5c941c5eca351b4bd63f721782b1bf7c8b data=/kylin-lmbench-exp-work/rabbitmq/run-d3000-apps-never-20260714-100618-2-protected-q2-reliable-5
[2026-07-15T04:46:20+08:00] cooldown 30s
[2026-07-15T04:52:58+08:00] cooldown 30s
[2026-07-15T04:53:28+08:00] starting RabbitMQ image=rabbitmq@sha256:8734b9e9cd03d12b2e1d973415fc4c5c941c5eca351b4bd63f721782b1bf7c8b data=/kylin-lmbench-exp-work/rabbitmq/run-d3000-apps-never-20260714-100618-2-protected-q3-rate50-1
[2026-07-15T04:54:32+08:00] cooldown 30s
[2026-07-15T05:01:10+08:00] cooldown 30s
[2026-07-15T05:01:41+08:00] starting RabbitMQ image=rabbitmq@sha256:8734b9e9cd03d12b2e1d973415fc4c5c941c5eca351b4bd63f721782b1bf7c8b data=/kylin-lmbench-exp-work/rabbitmq/run-d3000-apps-never-20260714-100618-2-protected-q3-rate50-2
[2026-07-15T05:02:45+08:00] cooldown 30s
[2026-07-15T05:09:23+08:00] cooldown 30s
[2026-07-15T05:09:53+08:00] starting RabbitMQ image=rabbitmq@sha256:8734b9e9cd03d12b2e1d973415fc4c5c941c5eca351b4bd63f721782b1bf7c8b data=/kylin-lmbench-exp-work/rabbitmq/run-d3000-apps-never-20260714-100618-2-protected-q3-rate50-3
[2026-07-15T05:10:57+08:00] cooldown 30s
[2026-07-15T05:17:35+08:00] cooldown 30s
[2026-07-15T05:18:05+08:00] starting RabbitMQ image=rabbitmq@sha256:8734b9e9cd03d12b2e1d973415fc4c5c941c5eca351b4bd63f721782b1bf7c8b data=/kylin-lmbench-exp-work/rabbitmq/run-d3000-apps-never-20260714-100618-2-protected-q3-rate50-4
[2026-07-15T05:19:09+08:00] cooldown 30s
[2026-07-15T05:25:47+08:00] cooldown 30s
[2026-07-15T05:26:17+08:00] starting RabbitMQ image=rabbitmq@sha256:8734b9e9cd03d12b2e1d973415fc4c5c941c5eca351b4bd63f721782b1bf7c8b data=/kylin-lmbench-exp-work/rabbitmq/run-d3000-apps-never-20260714-100618-2-protected-q3-rate50-5
[2026-07-15T05:27:21+08:00] cooldown 30s
[2026-07-15T05:33:59+08:00] cooldown 30s
[2026-07-15T05:34:29+08:00] starting RabbitMQ image=rabbitmq@sha256:8734b9e9cd03d12b2e1d973415fc4c5c941c5eca351b4bd63f721782b1bf7c8b data=/kylin-lmbench-exp-work/rabbitmq/run-d3000-apps-never-20260714-100618-2-protected-q3-rate70-1
[2026-07-15T05:35:33+08:00] cooldown 30s
[2026-07-15T05:42:11+08:00] cooldown 30s
[2026-07-15T05:42:41+08:00] starting RabbitMQ image=rabbitmq@sha256:8734b9e9cd03d12b2e1d973415fc4c5c941c5eca351b4bd63f721782b1bf7c8b data=/kylin-lmbench-exp-work/rabbitmq/run-d3000-apps-never-20260714-100618-2-protected-q3-rate70-2
[2026-07-15T05:43:45+08:00] cooldown 30s
[2026-07-15T05:50:23+08:00] cooldown 30s
[2026-07-15T05:50:54+08:00] starting RabbitMQ image=rabbitmq@sha256:8734b9e9cd03d12b2e1d973415fc4c5c941c5eca351b4bd63f721782b1bf7c8b data=/kylin-lmbench-exp-work/rabbitmq/run-d3000-apps-never-20260714-100618-2-protected-q3-rate70-3
[2026-07-15T05:51:58+08:00] cooldown 30s
[2026-07-15T05:58:36+08:00] cooldown 30s
[2026-07-15T05:59:06+08:00] starting RabbitMQ image=rabbitmq@sha256:8734b9e9cd03d12b2e1d973415fc4c5c941c5eca351b4bd63f721782b1bf7c8b data=/kylin-lmbench-exp-work/rabbitmq/run-d3000-apps-never-20260714-100618-2-protected-q3-rate70-4
[2026-07-15T06:00:10+08:00] cooldown 30s
[2026-07-15T06:06:48+08:00] cooldown 30s
[2026-07-15T06:07:18+08:00] starting RabbitMQ image=rabbitmq@sha256:8734b9e9cd03d12b2e1d973415fc4c5c941c5eca351b4bd63f721782b1bf7c8b data=/kylin-lmbench-exp-work/rabbitmq/run-d3000-apps-never-20260714-100618-2-protected-q3-rate70-5
[2026-07-15T06:08:22+08:00] cooldown 30s
[2026-07-15T06:15:00+08:00] cooldown 30s
[2026-07-15T06:15:30+08:00] starting RabbitMQ image=rabbitmq@sha256:8734b9e9cd03d12b2e1d973415fc4c5c941c5eca351b4bd63f721782b1bf7c8b data=/kylin-lmbench-exp-work/rabbitmq/run-d3000-apps-never-20260714-100618-2-protected-q3-rate85-1
[2026-07-15T06:16:34+08:00] cooldown 30s
[2026-07-15T06:23:12+08:00] cooldown 30s
[2026-07-15T06:23:42+08:00] starting RabbitMQ image=rabbitmq@sha256:8734b9e9cd03d12b2e1d973415fc4c5c941c5eca351b4bd63f721782b1bf7c8b data=/kylin-lmbench-exp-work/rabbitmq/run-d3000-apps-never-20260714-100618-2-protected-q3-rate85-2
[2026-07-15T06:24:46+08:00] cooldown 30s
[2026-07-15T06:31:24+08:00] cooldown 30s
[2026-07-15T06:31:54+08:00] starting RabbitMQ image=rabbitmq@sha256:8734b9e9cd03d12b2e1d973415fc4c5c941c5eca351b4bd63f721782b1bf7c8b data=/kylin-lmbench-exp-work/rabbitmq/run-d3000-apps-never-20260714-100618-2-protected-q3-rate85-3
[2026-07-15T06:32:58+08:00] cooldown 30s
[2026-07-15T06:39:36+08:00] cooldown 30s
[2026-07-15T06:40:06+08:00] starting RabbitMQ image=rabbitmq@sha256:8734b9e9cd03d12b2e1d973415fc4c5c941c5eca351b4bd63f721782b1bf7c8b data=/kylin-lmbench-exp-work/rabbitmq/run-d3000-apps-never-20260714-100618-2-protected-q3-rate85-4
[2026-07-15T06:41:10+08:00] cooldown 30s
[2026-07-15T06:47:48+08:00] cooldown 30s
[2026-07-15T06:48:18+08:00] starting RabbitMQ image=rabbitmq@sha256:8734b9e9cd03d12b2e1d973415fc4c5c941c5eca351b4bd63f721782b1bf7c8b data=/kylin-lmbench-exp-work/rabbitmq/run-d3000-apps-never-20260714-100618-2-protected-q3-rate85-5
[2026-07-15T06:49:23+08:00] cooldown 30s
[2026-07-15T06:56:01+08:00] cooldown 30s
[2026-07-15T06:56:31+08:00] starting RabbitMQ image=rabbitmq@sha256:8734b9e9cd03d12b2e1d973415fc4c5c941c5eca351b4bd63f721782b1bf7c8b data=/kylin-lmbench-exp-work/rabbitmq/run-d3000-apps-never-20260714-100618-2-protected-q4-join-late-1
[2026-07-15T06:57:35+08:00] cooldown 30s
[2026-07-15T07:04:13+08:00] cooldown 30s
[2026-07-15T07:04:43+08:00] starting RabbitMQ image=rabbitmq@sha256:8734b9e9cd03d12b2e1d973415fc4c5c941c5eca351b4bd63f721782b1bf7c8b data=/kylin-lmbench-exp-work/rabbitmq/run-d3000-apps-never-20260714-100618-2-protected-q4-join-late-2
[2026-07-15T07:05:47+08:00] cooldown 30s
[2026-07-15T07:12:25+08:00] cooldown 30s
[2026-07-15T07:12:55+08:00] starting RabbitMQ image=rabbitmq@sha256:8734b9e9cd03d12b2e1d973415fc4c5c941c5eca351b4bd63f721782b1bf7c8b data=/kylin-lmbench-exp-work/rabbitmq/run-d3000-apps-never-20260714-100618-2-protected-q4-join-late-3
[2026-07-15T07:13:59+08:00] cooldown 30s
[2026-07-15T07:20:37+08:00] cooldown 30s
[2026-07-15T07:21:07+08:00] starting RabbitMQ image=rabbitmq@sha256:8734b9e9cd03d12b2e1d973415fc4c5c941c5eca351b4bd63f721782b1bf7c8b data=/kylin-lmbench-exp-work/rabbitmq/run-d3000-apps-never-20260714-100618-2-protected-q4-join-late-4
[2026-07-15T07:22:11+08:00] cooldown 30s
[2026-07-15T07:28:49+08:00] cooldown 30s
[2026-07-15T07:29:19+08:00] starting RabbitMQ image=rabbitmq@sha256:8734b9e9cd03d12b2e1d973415fc4c5c941c5eca351b4bd63f721782b1bf7c8b data=/kylin-lmbench-exp-work/rabbitmq/run-d3000-apps-never-20260714-100618-2-protected-q4-join-late-5
[2026-07-15T07:30:23+08:00] cooldown 30s
[2026-07-15T07:37:01+08:00] cooldown 30s
[2026-07-15T07:37:31+08:00] starting RabbitMQ image=rabbitmq@sha256:8734b9e9cd03d12b2e1d973415fc4c5c941c5eca351b4bd63f721782b1bf7c8b data=/kylin-lmbench-exp-work/rabbitmq/run-d3000-apps-never-20260714-100618-2-protected-q5-backlog-1
[2026-07-15T07:38:35+08:00] cooldown 30s
[2026-07-15T07:39:45+08:00] cooldown 30s
[2026-07-15T07:40:15+08:00] starting RabbitMQ image=rabbitmq@sha256:8734b9e9cd03d12b2e1d973415fc4c5c941c5eca351b4bd63f721782b1bf7c8b data=/kylin-lmbench-exp-work/rabbitmq/run-d3000-apps-never-20260714-100618-2-protected-q5-backlog-2
[2026-07-15T07:41:19+08:00] cooldown 30s
[2026-07-15T07:42:29+08:00] cooldown 30s
[2026-07-15T07:42:59+08:00] starting RabbitMQ image=rabbitmq@sha256:8734b9e9cd03d12b2e1d973415fc4c5c941c5eca351b4bd63f721782b1bf7c8b data=/kylin-lmbench-exp-work/rabbitmq/run-d3000-apps-never-20260714-100618-2-protected-q5-backlog-3
[2026-07-15T07:44:03+08:00] cooldown 30s
[2026-07-15T07:45:13+08:00] cooldown 30s
[2026-07-15T07:45:43+08:00] starting RabbitMQ image=rabbitmq@sha256:8734b9e9cd03d12b2e1d973415fc4c5c941c5eca351b4bd63f721782b1bf7c8b data=/kylin-lmbench-exp-work/rabbitmq/run-d3000-apps-never-20260714-100618-2-protected-q5-backlog-4
[2026-07-15T07:46:47+08:00] cooldown 30s
[2026-07-15T07:47:58+08:00] cooldown 30s
[2026-07-15T07:48:28+08:00] starting RabbitMQ image=rabbitmq@sha256:8734b9e9cd03d12b2e1d973415fc4c5c941c5eca351b4bd63f721782b1bf7c8b data=/kylin-lmbench-exp-work/rabbitmq/run-d3000-apps-never-20260714-100618-2-protected-q5-backlog-5
[2026-07-15T07:49:33+08:00] cooldown 30s
[2026-07-15T07:50:42+08:00] cooldown 30s
[2026-07-15T07:51:12+08:00] pair=2 mode=protected project=geek
[2026-07-15T07:51:13+08:00] THP profile=never project=geekbench effective=never
[2026-07-15T07:51:13+08:00] Geekbench non-scoring warmup
[2026-07-15T07:57:55+08:00] cooldown 30s
[2026-07-15T07:58:25+08:00] Geekbench formal run 1/5
[2026-07-15T08:05:06+08:00] cooldown 30s
[2026-07-15T08:05:36+08:00] Geekbench formal run 2/5
[2026-07-15T08:12:18+08:00] cooldown 30s
[2026-07-15T08:12:48+08:00] Geekbench formal run 3/5
[2026-07-15T08:19:30+08:00] cooldown 30s
[2026-07-15T08:20:00+08:00] Geekbench formal run 4/5
[2026-07-15T08:26:40+08:00] cooldown 30s
[2026-07-15T08:27:10+08:00] Geekbench formal run 5/5
[2026-07-15T08:33:52+08:00] cooldown 30s
[2026-07-15T08:34:22+08:00] completed Geekbench CPU suite
[2026-07-15T08:34:22+08:00] THP profile=never project=anchors effective=never
[2026-07-15T08:36:03+08:00] completed end anchors
[2026-07-15T08:36:03+08:00] verified one-shot GRUB next_entry=d3000-6.6.30-nvhe in active ESP grubenv
[2026-07-15T08:36:03+08:00] leg=5 complete; rebooting into nvhe for leg=6
[2026-07-15T08:37:03+08:00] leg=6 stage=formal pair=2 expected=nvhe starting
[2026-07-15T08:37:05+08:00] host prepared: CPUs=0-7 governor=performance ASLR=2 swap=off target=multi-user
[2026-07-15T08:37:06+08:00] THP profile=never project=anchors effective=never
[2026-07-15T08:38:48+08:00] completed start anchors
[2026-07-15T08:38:48+08:00] pair=2 mode=nvhe project=redis
[2026-07-15T08:38:48+08:00] THP profile=never project=redis effective=never
[2026-07-15T08:44:09+08:00] cooldown 30s
[2026-07-15T08:49:59+08:00] cooldown 30s
[2026-07-15T08:55:49+08:00] cooldown 30s
[2026-07-15T09:01:39+08:00] cooldown 30s
[2026-07-15T09:07:29+08:00] cooldown 30s
[2026-07-15T09:11:19+08:00] cooldown 30s
[2026-07-15T09:15:09+08:00] cooldown 30s
[2026-07-15T09:18:59+08:00] cooldown 30s
[2026-07-15T09:22:49+08:00] cooldown 30s
[2026-07-15T09:26:39+08:00] cooldown 30s
[2026-07-15T09:32:30+08:00] cooldown 30s
[2026-07-15T09:38:22+08:00] cooldown 30s
[2026-07-15T09:44:13+08:00] cooldown 30s
[2026-07-15T09:50:04+08:00] cooldown 30s
[2026-07-15T09:55:55+08:00] cooldown 30s
[2026-07-15T10:02:46+08:00] cooldown 30s
[2026-07-15T10:09:36+08:00] cooldown 30s
[2026-07-15T10:16:27+08:00] cooldown 30s
[2026-07-15T10:23:17+08:00] cooldown 30s
[2026-07-15T10:30:08+08:00] cooldown 30s
[2026-07-15T10:30:38+08:00] pair=2 mode=nvhe project=rabbitmq
[2026-07-15T10:30:38+08:00] THP profile=never project=rabbitmq effective=never
[2026-07-15T10:30:38+08:00] starting RabbitMQ image=rabbitmq@sha256:8734b9e9cd03d12b2e1d973415fc4c5c941c5eca351b4bd63f721782b1bf7c8b data=/kylin-lmbench-exp-work/rabbitmq/run-d3000-apps-never-20260714-100618-2-nvhe-q1-one-fast-1
[2026-07-15T10:31:42+08:00] cooldown 30s
[2026-07-15T10:38:20+08:00] cooldown 30s
[2026-07-15T10:38:50+08:00] starting RabbitMQ image=rabbitmq@sha256:8734b9e9cd03d12b2e1d973415fc4c5c941c5eca351b4bd63f721782b1bf7c8b data=/kylin-lmbench-exp-work/rabbitmq/run-d3000-apps-never-20260714-100618-2-nvhe-q1-one-fast-2
[2026-07-15T10:39:54+08:00] cooldown 30s
[2026-07-15T10:46:32+08:00] cooldown 30s
[2026-07-15T10:47:02+08:00] starting RabbitMQ image=rabbitmq@sha256:8734b9e9cd03d12b2e1d973415fc4c5c941c5eca351b4bd63f721782b1bf7c8b data=/kylin-lmbench-exp-work/rabbitmq/run-d3000-apps-never-20260714-100618-2-nvhe-q1-one-fast-3
[2026-07-15T10:48:06+08:00] cooldown 30s
[2026-07-15T10:54:44+08:00] cooldown 30s
[2026-07-15T10:55:14+08:00] starting RabbitMQ image=rabbitmq@sha256:8734b9e9cd03d12b2e1d973415fc4c5c941c5eca351b4bd63f721782b1bf7c8b data=/kylin-lmbench-exp-work/rabbitmq/run-d3000-apps-never-20260714-100618-2-nvhe-q1-one-fast-4
[2026-07-15T10:56:18+08:00] cooldown 30s
[2026-07-15T11:02:56+08:00] cooldown 30s
[2026-07-15T11:03:26+08:00] starting RabbitMQ image=rabbitmq@sha256:8734b9e9cd03d12b2e1d973415fc4c5c941c5eca351b4bd63f721782b1bf7c8b data=/kylin-lmbench-exp-work/rabbitmq/run-d3000-apps-never-20260714-100618-2-nvhe-q1-one-fast-5
[2026-07-15T11:04:30+08:00] cooldown 30s
[2026-07-15T11:11:08+08:00] cooldown 30s
[2026-07-15T11:11:38+08:00] starting RabbitMQ image=rabbitmq@sha256:8734b9e9cd03d12b2e1d973415fc4c5c941c5eca351b4bd63f721782b1bf7c8b data=/kylin-lmbench-exp-work/rabbitmq/run-d3000-apps-never-20260714-100618-2-nvhe-q2-reliable-1
[2026-07-15T11:12:42+08:00] cooldown 30s
[2026-07-15T11:19:20+08:00] cooldown 30s
[2026-07-15T11:19:51+08:00] starting RabbitMQ image=rabbitmq@sha256:8734b9e9cd03d12b2e1d973415fc4c5c941c5eca351b4bd63f721782b1bf7c8b data=/kylin-lmbench-exp-work/rabbitmq/run-d3000-apps-never-20260714-100618-2-nvhe-q2-reliable-2
[2026-07-15T11:20:55+08:00] cooldown 30s
[2026-07-15T11:27:33+08:00] cooldown 30s
[2026-07-15T11:28:03+08:00] starting RabbitMQ image=rabbitmq@sha256:8734b9e9cd03d12b2e1d973415fc4c5c941c5eca351b4bd63f721782b1bf7c8b data=/kylin-lmbench-exp-work/rabbitmq/run-d3000-apps-never-20260714-100618-2-nvhe-q2-reliable-3
[2026-07-15T11:29:07+08:00] cooldown 30s
[2026-07-15T11:35:46+08:00] cooldown 30s
[2026-07-15T11:36:16+08:00] starting RabbitMQ image=rabbitmq@sha256:8734b9e9cd03d12b2e1d973415fc4c5c941c5eca351b4bd63f721782b1bf7c8b data=/kylin-lmbench-exp-work/rabbitmq/run-d3000-apps-never-20260714-100618-2-nvhe-q2-reliable-4
[2026-07-15T11:37:20+08:00] cooldown 30s
[2026-07-15T11:43:58+08:00] cooldown 30s
[2026-07-15T11:44:28+08:00] starting RabbitMQ image=rabbitmq@sha256:8734b9e9cd03d12b2e1d973415fc4c5c941c5eca351b4bd63f721782b1bf7c8b data=/kylin-lmbench-exp-work/rabbitmq/run-d3000-apps-never-20260714-100618-2-nvhe-q2-reliable-5
[2026-07-15T11:45:32+08:00] cooldown 30s
[2026-07-15T11:52:11+08:00] cooldown 30s
[2026-07-15T11:52:41+08:00] starting RabbitMQ image=rabbitmq@sha256:8734b9e9cd03d12b2e1d973415fc4c5c941c5eca351b4bd63f721782b1bf7c8b data=/kylin-lmbench-exp-work/rabbitmq/run-d3000-apps-never-20260714-100618-2-nvhe-q3-rate50-1
[2026-07-15T11:53:45+08:00] cooldown 30s
[2026-07-15T12:00:23+08:00] cooldown 30s
[2026-07-15T12:00:53+08:00] starting RabbitMQ image=rabbitmq@sha256:8734b9e9cd03d12b2e1d973415fc4c5c941c5eca351b4bd63f721782b1bf7c8b data=/kylin-lmbench-exp-work/rabbitmq/run-d3000-apps-never-20260714-100618-2-nvhe-q3-rate50-2
[2026-07-15T12:01:57+08:00] cooldown 30s
[2026-07-15T12:08:35+08:00] cooldown 30s
[2026-07-15T12:09:05+08:00] starting RabbitMQ image=rabbitmq@sha256:8734b9e9cd03d12b2e1d973415fc4c5c941c5eca351b4bd63f721782b1bf7c8b data=/kylin-lmbench-exp-work/rabbitmq/run-d3000-apps-never-20260714-100618-2-nvhe-q3-rate50-3
[2026-07-15T12:10:09+08:00] cooldown 30s
[2026-07-15T12:16:47+08:00] cooldown 30s
[2026-07-15T12:17:17+08:00] starting RabbitMQ image=rabbitmq@sha256:8734b9e9cd03d12b2e1d973415fc4c5c941c5eca351b4bd63f721782b1bf7c8b data=/kylin-lmbench-exp-work/rabbitmq/run-d3000-apps-never-20260714-100618-2-nvhe-q3-rate50-4
[2026-07-15T12:18:21+08:00] cooldown 30s
[2026-07-15T12:24:59+08:00] cooldown 30s
[2026-07-15T12:25:29+08:00] starting RabbitMQ image=rabbitmq@sha256:8734b9e9cd03d12b2e1d973415fc4c5c941c5eca351b4bd63f721782b1bf7c8b data=/kylin-lmbench-exp-work/rabbitmq/run-d3000-apps-never-20260714-100618-2-nvhe-q3-rate50-5
[2026-07-15T12:26:33+08:00] cooldown 30s
[2026-07-15T12:33:11+08:00] cooldown 30s
[2026-07-15T12:33:41+08:00] starting RabbitMQ image=rabbitmq@sha256:8734b9e9cd03d12b2e1d973415fc4c5c941c5eca351b4bd63f721782b1bf7c8b data=/kylin-lmbench-exp-work/rabbitmq/run-d3000-apps-never-20260714-100618-2-nvhe-q3-rate70-1
[2026-07-15T12:34:45+08:00] cooldown 30s
[2026-07-15T12:41:23+08:00] cooldown 30s
[2026-07-15T12:41:53+08:00] starting RabbitMQ image=rabbitmq@sha256:8734b9e9cd03d12b2e1d973415fc4c5c941c5eca351b4bd63f721782b1bf7c8b data=/kylin-lmbench-exp-work/rabbitmq/run-d3000-apps-never-20260714-100618-2-nvhe-q3-rate70-2
[2026-07-15T12:42:57+08:00] cooldown 30s
[2026-07-15T12:49:36+08:00] cooldown 30s
[2026-07-15T12:50:06+08:00] starting RabbitMQ image=rabbitmq@sha256:8734b9e9cd03d12b2e1d973415fc4c5c941c5eca351b4bd63f721782b1bf7c8b data=/kylin-lmbench-exp-work/rabbitmq/run-d3000-apps-never-20260714-100618-2-nvhe-q3-rate70-3
[2026-07-15T12:51:10+08:00] cooldown 30s
[2026-07-15T12:57:48+08:00] cooldown 30s
[2026-07-15T12:58:18+08:00] starting RabbitMQ image=rabbitmq@sha256:8734b9e9cd03d12b2e1d973415fc4c5c941c5eca351b4bd63f721782b1bf7c8b data=/kylin-lmbench-exp-work/rabbitmq/run-d3000-apps-never-20260714-100618-2-nvhe-q3-rate70-4
[2026-07-15T12:59:22+08:00] cooldown 30s
[2026-07-15T13:06:00+08:00] cooldown 30s
[2026-07-15T13:06:30+08:00] starting RabbitMQ image=rabbitmq@sha256:8734b9e9cd03d12b2e1d973415fc4c5c941c5eca351b4bd63f721782b1bf7c8b data=/kylin-lmbench-exp-work/rabbitmq/run-d3000-apps-never-20260714-100618-2-nvhe-q3-rate70-5
[2026-07-15T13:07:34+08:00] cooldown 30s
[2026-07-15T13:14:12+08:00] cooldown 30s
[2026-07-15T13:14:42+08:00] starting RabbitMQ image=rabbitmq@sha256:8734b9e9cd03d12b2e1d973415fc4c5c941c5eca351b4bd63f721782b1bf7c8b data=/kylin-lmbench-exp-work/rabbitmq/run-d3000-apps-never-20260714-100618-2-nvhe-q3-rate85-1
[2026-07-15T13:15:46+08:00] cooldown 30s
[2026-07-15T13:22:24+08:00] cooldown 30s
[2026-07-15T13:22:54+08:00] starting RabbitMQ image=rabbitmq@sha256:8734b9e9cd03d12b2e1d973415fc4c5c941c5eca351b4bd63f721782b1bf7c8b data=/kylin-lmbench-exp-work/rabbitmq/run-d3000-apps-never-20260714-100618-2-nvhe-q3-rate85-2
[2026-07-15T13:23:58+08:00] cooldown 30s
[2026-07-15T13:30:36+08:00] cooldown 30s
[2026-07-15T13:31:06+08:00] starting RabbitMQ image=rabbitmq@sha256:8734b9e9cd03d12b2e1d973415fc4c5c941c5eca351b4bd63f721782b1bf7c8b data=/kylin-lmbench-exp-work/rabbitmq/run-d3000-apps-never-20260714-100618-2-nvhe-q3-rate85-3
[2026-07-15T13:32:10+08:00] cooldown 30s
[2026-07-15T13:38:48+08:00] cooldown 30s
[2026-07-15T13:39:18+08:00] starting RabbitMQ image=rabbitmq@sha256:8734b9e9cd03d12b2e1d973415fc4c5c941c5eca351b4bd63f721782b1bf7c8b data=/kylin-lmbench-exp-work/rabbitmq/run-d3000-apps-never-20260714-100618-2-nvhe-q3-rate85-4
[2026-07-15T13:40:22+08:00] cooldown 30s
[2026-07-15T13:47:00+08:00] cooldown 30s
[2026-07-15T13:47:30+08:00] starting RabbitMQ image=rabbitmq@sha256:8734b9e9cd03d12b2e1d973415fc4c5c941c5eca351b4bd63f721782b1bf7c8b data=/kylin-lmbench-exp-work/rabbitmq/run-d3000-apps-never-20260714-100618-2-nvhe-q3-rate85-5
[2026-07-15T13:48:34+08:00] cooldown 30s
[2026-07-15T13:55:12+08:00] cooldown 30s
[2026-07-15T13:55:42+08:00] starting RabbitMQ image=rabbitmq@sha256:8734b9e9cd03d12b2e1d973415fc4c5c941c5eca351b4bd63f721782b1bf7c8b data=/kylin-lmbench-exp-work/rabbitmq/run-d3000-apps-never-20260714-100618-2-nvhe-q4-join-late-1
[2026-07-15T13:56:46+08:00] cooldown 30s
[2026-07-15T14:03:24+08:00] cooldown 30s
[2026-07-15T14:03:54+08:00] starting RabbitMQ image=rabbitmq@sha256:8734b9e9cd03d12b2e1d973415fc4c5c941c5eca351b4bd63f721782b1bf7c8b data=/kylin-lmbench-exp-work/rabbitmq/run-d3000-apps-never-20260714-100618-2-nvhe-q4-join-late-2
[2026-07-15T14:04:58+08:00] cooldown 30s
[2026-07-15T14:11:36+08:00] cooldown 30s
[2026-07-15T14:12:06+08:00] starting RabbitMQ image=rabbitmq@sha256:8734b9e9cd03d12b2e1d973415fc4c5c941c5eca351b4bd63f721782b1bf7c8b data=/kylin-lmbench-exp-work/rabbitmq/run-d3000-apps-never-20260714-100618-2-nvhe-q4-join-late-3
[2026-07-15T14:13:10+08:00] cooldown 30s
[2026-07-15T14:19:48+08:00] cooldown 30s
[2026-07-15T14:20:18+08:00] starting RabbitMQ image=rabbitmq@sha256:8734b9e9cd03d12b2e1d973415fc4c5c941c5eca351b4bd63f721782b1bf7c8b data=/kylin-lmbench-exp-work/rabbitmq/run-d3000-apps-never-20260714-100618-2-nvhe-q4-join-late-4
[2026-07-15T14:21:22+08:00] cooldown 30s
[2026-07-15T14:28:00+08:00] cooldown 30s
[2026-07-15T14:28:30+08:00] starting RabbitMQ image=rabbitmq@sha256:8734b9e9cd03d12b2e1d973415fc4c5c941c5eca351b4bd63f721782b1bf7c8b data=/kylin-lmbench-exp-work/rabbitmq/run-d3000-apps-never-20260714-100618-2-nvhe-q4-join-late-5
[2026-07-15T14:29:34+08:00] cooldown 30s
[2026-07-15T14:36:12+08:00] cooldown 30s
[2026-07-15T14:36:42+08:00] starting RabbitMQ image=rabbitmq@sha256:8734b9e9cd03d12b2e1d973415fc4c5c941c5eca351b4bd63f721782b1bf7c8b data=/kylin-lmbench-exp-work/rabbitmq/run-d3000-apps-never-20260714-100618-2-nvhe-q5-backlog-1
[2026-07-15T14:37:46+08:00] cooldown 30s
[2026-07-15T14:38:55+08:00] cooldown 30s
[2026-07-15T14:39:25+08:00] starting RabbitMQ image=rabbitmq@sha256:8734b9e9cd03d12b2e1d973415fc4c5c941c5eca351b4bd63f721782b1bf7c8b data=/kylin-lmbench-exp-work/rabbitmq/run-d3000-apps-never-20260714-100618-2-nvhe-q5-backlog-2
[2026-07-15T14:40:29+08:00] cooldown 30s
[2026-07-15T14:41:39+08:00] cooldown 30s
[2026-07-15T14:42:09+08:00] starting RabbitMQ image=rabbitmq@sha256:8734b9e9cd03d12b2e1d973415fc4c5c941c5eca351b4bd63f721782b1bf7c8b data=/kylin-lmbench-exp-work/rabbitmq/run-d3000-apps-never-20260714-100618-2-nvhe-q5-backlog-3
[2026-07-15T14:43:13+08:00] cooldown 30s
[2026-07-15T14:44:22+08:00] cooldown 30s
[2026-07-15T14:44:52+08:00] starting RabbitMQ image=rabbitmq@sha256:8734b9e9cd03d12b2e1d973415fc4c5c941c5eca351b4bd63f721782b1bf7c8b data=/kylin-lmbench-exp-work/rabbitmq/run-d3000-apps-never-20260714-100618-2-nvhe-q5-backlog-4
[2026-07-15T14:45:56+08:00] cooldown 30s
[2026-07-15T14:47:04+08:00] cooldown 30s
[2026-07-15T14:47:34+08:00] starting RabbitMQ image=rabbitmq@sha256:8734b9e9cd03d12b2e1d973415fc4c5c941c5eca351b4bd63f721782b1bf7c8b data=/kylin-lmbench-exp-work/rabbitmq/run-d3000-apps-never-20260714-100618-2-nvhe-q5-backlog-5
[2026-07-15T14:48:38+08:00] cooldown 30s
[2026-07-15T14:49:51+08:00] cooldown 30s
[2026-07-15T14:50:21+08:00] pair=2 mode=nvhe project=geek
[2026-07-15T14:50:22+08:00] THP profile=never project=geekbench effective=never
[2026-07-15T14:50:22+08:00] Geekbench non-scoring warmup
[2026-07-15T14:57:02+08:00] cooldown 30s
[2026-07-15T14:57:32+08:00] Geekbench formal run 1/5
[2026-07-15T15:04:12+08:00] cooldown 30s
[2026-07-15T15:04:42+08:00] Geekbench formal run 2/5
[2026-07-15T15:11:20+08:00] cooldown 30s
[2026-07-15T15:11:50+08:00] Geekbench formal run 3/5
[2026-07-15T15:18:28+08:00] cooldown 30s
[2026-07-15T15:18:58+08:00] Geekbench formal run 4/5
[2026-07-15T15:25:38+08:00] cooldown 30s
[2026-07-15T15:26:08+08:00] Geekbench formal run 5/5
[2026-07-15T15:32:48+08:00] cooldown 30s
[2026-07-15T15:33:18+08:00] completed Geekbench CPU suite
[2026-07-15T15:33:18+08:00] THP profile=never project=anchors effective=never
[2026-07-15T15:34:58+08:00] completed end anchors
[2026-07-15T15:34:58+08:00] verified one-shot GRUB next_entry=d3000-6.6.30-nvhe in active ESP grubenv
[2026-07-15T15:34:58+08:00] leg=6 complete; rebooting into nvhe for leg=7
[2026-07-15T15:35:51+08:00] leg=7 stage=formal pair=3 expected=nvhe starting
[2026-07-15T15:35:53+08:00] host prepared: CPUs=0-7 governor=performance ASLR=2 swap=off target=multi-user
[2026-07-15T15:35:54+08:00] THP profile=never project=anchors effective=never
[2026-07-15T15:37:34+08:00] completed start anchors
[2026-07-15T15:37:34+08:00] pair=3 mode=nvhe project=rabbitmq
[2026-07-15T15:37:34+08:00] THP profile=never project=rabbitmq effective=never
[2026-07-15T15:37:35+08:00] starting RabbitMQ image=rabbitmq@sha256:8734b9e9cd03d12b2e1d973415fc4c5c941c5eca351b4bd63f721782b1bf7c8b data=/kylin-lmbench-exp-work/rabbitmq/run-d3000-apps-never-20260714-100618-3-nvhe-q1-one-fast-1
[2026-07-15T15:38:40+08:00] cooldown 30s
[2026-07-15T15:45:18+08:00] cooldown 30s
[2026-07-15T15:45:48+08:00] starting RabbitMQ image=rabbitmq@sha256:8734b9e9cd03d12b2e1d973415fc4c5c941c5eca351b4bd63f721782b1bf7c8b data=/kylin-lmbench-exp-work/rabbitmq/run-d3000-apps-never-20260714-100618-3-nvhe-q1-one-fast-2
[2026-07-15T15:46:52+08:00] cooldown 30s
[2026-07-15T15:53:30+08:00] cooldown 30s
[2026-07-15T15:54:00+08:00] starting RabbitMQ image=rabbitmq@sha256:8734b9e9cd03d12b2e1d973415fc4c5c941c5eca351b4bd63f721782b1bf7c8b data=/kylin-lmbench-exp-work/rabbitmq/run-d3000-apps-never-20260714-100618-3-nvhe-q1-one-fast-3
[2026-07-15T15:55:04+08:00] cooldown 30s
[2026-07-15T16:01:42+08:00] cooldown 30s
[2026-07-15T16:02:12+08:00] starting RabbitMQ image=rabbitmq@sha256:8734b9e9cd03d12b2e1d973415fc4c5c941c5eca351b4bd63f721782b1bf7c8b data=/kylin-lmbench-exp-work/rabbitmq/run-d3000-apps-never-20260714-100618-3-nvhe-q1-one-fast-4
[2026-07-15T16:03:16+08:00] cooldown 30s
[2026-07-15T16:09:54+08:00] cooldown 30s
[2026-07-15T16:10:24+08:00] starting RabbitMQ image=rabbitmq@sha256:8734b9e9cd03d12b2e1d973415fc4c5c941c5eca351b4bd63f721782b1bf7c8b data=/kylin-lmbench-exp-work/rabbitmq/run-d3000-apps-never-20260714-100618-3-nvhe-q1-one-fast-5
[2026-07-15T16:11:28+08:00] cooldown 30s
[2026-07-15T16:18:06+08:00] cooldown 30s
[2026-07-15T16:18:36+08:00] starting RabbitMQ image=rabbitmq@sha256:8734b9e9cd03d12b2e1d973415fc4c5c941c5eca351b4bd63f721782b1bf7c8b data=/kylin-lmbench-exp-work/rabbitmq/run-d3000-apps-never-20260714-100618-3-nvhe-q2-reliable-1
[2026-07-15T16:19:40+08:00] cooldown 30s
[2026-07-15T16:26:18+08:00] cooldown 30s
[2026-07-15T16:26:48+08:00] starting RabbitMQ image=rabbitmq@sha256:8734b9e9cd03d12b2e1d973415fc4c5c941c5eca351b4bd63f721782b1bf7c8b data=/kylin-lmbench-exp-work/rabbitmq/run-d3000-apps-never-20260714-100618-3-nvhe-q2-reliable-2
[2026-07-15T16:27:52+08:00] cooldown 30s
[2026-07-15T16:34:30+08:00] cooldown 30s
[2026-07-15T16:35:01+08:00] starting RabbitMQ image=rabbitmq@sha256:8734b9e9cd03d12b2e1d973415fc4c5c941c5eca351b4bd63f721782b1bf7c8b data=/kylin-lmbench-exp-work/rabbitmq/run-d3000-apps-never-20260714-100618-3-nvhe-q2-reliable-3
[2026-07-15T16:36:04+08:00] cooldown 30s
[2026-07-15T16:42:43+08:00] cooldown 30s
[2026-07-15T16:43:13+08:00] starting RabbitMQ image=rabbitmq@sha256:8734b9e9cd03d12b2e1d973415fc4c5c941c5eca351b4bd63f721782b1bf7c8b data=/kylin-lmbench-exp-work/rabbitmq/run-d3000-apps-never-20260714-100618-3-nvhe-q2-reliable-4
[2026-07-15T16:44:17+08:00] cooldown 30s
[2026-07-15T16:50:55+08:00] cooldown 30s
[2026-07-15T16:51:25+08:00] starting RabbitMQ image=rabbitmq@sha256:8734b9e9cd03d12b2e1d973415fc4c5c941c5eca351b4bd63f721782b1bf7c8b data=/kylin-lmbench-exp-work/rabbitmq/run-d3000-apps-never-20260714-100618-3-nvhe-q2-reliable-5
[2026-07-15T16:52:29+08:00] cooldown 30s
[2026-07-15T16:59:07+08:00] cooldown 30s
[2026-07-15T16:59:38+08:00] starting RabbitMQ image=rabbitmq@sha256:8734b9e9cd03d12b2e1d973415fc4c5c941c5eca351b4bd63f721782b1bf7c8b data=/kylin-lmbench-exp-work/rabbitmq/run-d3000-apps-never-20260714-100618-3-nvhe-q3-rate50-1
[2026-07-15T17:00:42+08:00] cooldown 30s
[2026-07-15T17:07:19+08:00] cooldown 30s
[2026-07-15T17:07:50+08:00] starting RabbitMQ image=rabbitmq@sha256:8734b9e9cd03d12b2e1d973415fc4c5c941c5eca351b4bd63f721782b1bf7c8b data=/kylin-lmbench-exp-work/rabbitmq/run-d3000-apps-never-20260714-100618-3-nvhe-q3-rate50-2
[2026-07-15T17:08:54+08:00] cooldown 30s
[2026-07-15T17:15:31+08:00] cooldown 30s
[2026-07-15T17:16:01+08:00] starting RabbitMQ image=rabbitmq@sha256:8734b9e9cd03d12b2e1d973415fc4c5c941c5eca351b4bd63f721782b1bf7c8b data=/kylin-lmbench-exp-work/rabbitmq/run-d3000-apps-never-20260714-100618-3-nvhe-q3-rate50-3
[2026-07-15T17:17:05+08:00] cooldown 30s
[2026-07-15T17:23:43+08:00] cooldown 30s
[2026-07-15T17:24:13+08:00] starting RabbitMQ image=rabbitmq@sha256:8734b9e9cd03d12b2e1d973415fc4c5c941c5eca351b4bd63f721782b1bf7c8b data=/kylin-lmbench-exp-work/rabbitmq/run-d3000-apps-never-20260714-100618-3-nvhe-q3-rate50-4
[2026-07-15T17:25:17+08:00] cooldown 30s
[2026-07-15T17:31:55+08:00] cooldown 30s
[2026-07-15T17:32:25+08:00] starting RabbitMQ image=rabbitmq@sha256:8734b9e9cd03d12b2e1d973415fc4c5c941c5eca351b4bd63f721782b1bf7c8b data=/kylin-lmbench-exp-work/rabbitmq/run-d3000-apps-never-20260714-100618-3-nvhe-q3-rate50-5
[2026-07-15T17:33:29+08:00] cooldown 30s
[2026-07-15T17:40:07+08:00] cooldown 30s
[2026-07-15T17:40:38+08:00] starting RabbitMQ image=rabbitmq@sha256:8734b9e9cd03d12b2e1d973415fc4c5c941c5eca351b4bd63f721782b1bf7c8b data=/kylin-lmbench-exp-work/rabbitmq/run-d3000-apps-never-20260714-100618-3-nvhe-q3-rate70-1
[2026-07-15T17:41:41+08:00] cooldown 30s
[2026-07-15T17:48:19+08:00] cooldown 30s
[2026-07-15T17:48:49+08:00] starting RabbitMQ image=rabbitmq@sha256:8734b9e9cd03d12b2e1d973415fc4c5c941c5eca351b4bd63f721782b1bf7c8b data=/kylin-lmbench-exp-work/rabbitmq/run-d3000-apps-never-20260714-100618-3-nvhe-q3-rate70-2
[2026-07-15T17:49:54+08:00] cooldown 30s
[2026-07-15T17:56:32+08:00] cooldown 30s
[2026-07-15T17:57:02+08:00] starting RabbitMQ image=rabbitmq@sha256:8734b9e9cd03d12b2e1d973415fc4c5c941c5eca351b4bd63f721782b1bf7c8b data=/kylin-lmbench-exp-work/rabbitmq/run-d3000-apps-never-20260714-100618-3-nvhe-q3-rate70-3
[2026-07-15T17:58:06+08:00] cooldown 30s
[2026-07-15T18:04:44+08:00] cooldown 30s
[2026-07-15T18:05:14+08:00] starting RabbitMQ image=rabbitmq@sha256:8734b9e9cd03d12b2e1d973415fc4c5c941c5eca351b4bd63f721782b1bf7c8b data=/kylin-lmbench-exp-work/rabbitmq/run-d3000-apps-never-20260714-100618-3-nvhe-q3-rate70-4
[2026-07-15T18:06:18+08:00] cooldown 30s
[2026-07-15T18:12:56+08:00] cooldown 30s
[2026-07-15T18:13:26+08:00] starting RabbitMQ image=rabbitmq@sha256:8734b9e9cd03d12b2e1d973415fc4c5c941c5eca351b4bd63f721782b1bf7c8b data=/kylin-lmbench-exp-work/rabbitmq/run-d3000-apps-never-20260714-100618-3-nvhe-q3-rate70-5
[2026-07-15T18:14:30+08:00] cooldown 30s
[2026-07-15T18:21:08+08:00] cooldown 30s
[2026-07-15T18:21:38+08:00] starting RabbitMQ image=rabbitmq@sha256:8734b9e9cd03d12b2e1d973415fc4c5c941c5eca351b4bd63f721782b1bf7c8b data=/kylin-lmbench-exp-work/rabbitmq/run-d3000-apps-never-20260714-100618-3-nvhe-q3-rate85-1
[2026-07-15T18:22:42+08:00] cooldown 30s
[2026-07-15T18:29:20+08:00] cooldown 30s
[2026-07-15T18:29:50+08:00] starting RabbitMQ image=rabbitmq@sha256:8734b9e9cd03d12b2e1d973415fc4c5c941c5eca351b4bd63f721782b1bf7c8b data=/kylin-lmbench-exp-work/rabbitmq/run-d3000-apps-never-20260714-100618-3-nvhe-q3-rate85-2
[2026-07-15T18:30:54+08:00] cooldown 30s
[2026-07-15T18:37:32+08:00] cooldown 30s
[2026-07-15T18:38:02+08:00] starting RabbitMQ image=rabbitmq@sha256:8734b9e9cd03d12b2e1d973415fc4c5c941c5eca351b4bd63f721782b1bf7c8b data=/kylin-lmbench-exp-work/rabbitmq/run-d3000-apps-never-20260714-100618-3-nvhe-q3-rate85-3
[2026-07-15T18:39:06+08:00] cooldown 30s
[2026-07-15T18:45:44+08:00] cooldown 30s
[2026-07-15T18:46:14+08:00] starting RabbitMQ image=rabbitmq@sha256:8734b9e9cd03d12b2e1d973415fc4c5c941c5eca351b4bd63f721782b1bf7c8b data=/kylin-lmbench-exp-work/rabbitmq/run-d3000-apps-never-20260714-100618-3-nvhe-q3-rate85-4
[2026-07-15T18:47:18+08:00] cooldown 30s
[2026-07-15T18:53:56+08:00] cooldown 30s
[2026-07-15T18:54:26+08:00] starting RabbitMQ image=rabbitmq@sha256:8734b9e9cd03d12b2e1d973415fc4c5c941c5eca351b4bd63f721782b1bf7c8b data=/kylin-lmbench-exp-work/rabbitmq/run-d3000-apps-never-20260714-100618-3-nvhe-q3-rate85-5
[2026-07-15T18:55:30+08:00] cooldown 30s
[2026-07-15T19:02:08+08:00] cooldown 30s
[2026-07-15T19:02:39+08:00] starting RabbitMQ image=rabbitmq@sha256:8734b9e9cd03d12b2e1d973415fc4c5c941c5eca351b4bd63f721782b1bf7c8b data=/kylin-lmbench-exp-work/rabbitmq/run-d3000-apps-never-20260714-100618-3-nvhe-q4-join-late-1
[2026-07-15T19:03:43+08:00] cooldown 30s
[2026-07-15T19:10:20+08:00] cooldown 30s
[2026-07-15T19:10:50+08:00] starting RabbitMQ image=rabbitmq@sha256:8734b9e9cd03d12b2e1d973415fc4c5c941c5eca351b4bd63f721782b1bf7c8b data=/kylin-lmbench-exp-work/rabbitmq/run-d3000-apps-never-20260714-100618-3-nvhe-q4-join-late-2
[2026-07-15T19:11:54+08:00] cooldown 30s
[2026-07-15T19:18:32+08:00] cooldown 30s
[2026-07-15T19:19:02+08:00] starting RabbitMQ image=rabbitmq@sha256:8734b9e9cd03d12b2e1d973415fc4c5c941c5eca351b4bd63f721782b1bf7c8b data=/kylin-lmbench-exp-work/rabbitmq/run-d3000-apps-never-20260714-100618-3-nvhe-q4-join-late-3
[2026-07-15T19:20:06+08:00] cooldown 30s
[2026-07-15T19:26:44+08:00] cooldown 30s
[2026-07-15T19:27:14+08:00] starting RabbitMQ image=rabbitmq@sha256:8734b9e9cd03d12b2e1d973415fc4c5c941c5eca351b4bd63f721782b1bf7c8b data=/kylin-lmbench-exp-work/rabbitmq/run-d3000-apps-never-20260714-100618-3-nvhe-q4-join-late-4
[2026-07-15T19:28:18+08:00] cooldown 30s
[2026-07-15T19:34:56+08:00] cooldown 30s
[2026-07-15T19:35:26+08:00] starting RabbitMQ image=rabbitmq@sha256:8734b9e9cd03d12b2e1d973415fc4c5c941c5eca351b4bd63f721782b1bf7c8b data=/kylin-lmbench-exp-work/rabbitmq/run-d3000-apps-never-20260714-100618-3-nvhe-q4-join-late-5
[2026-07-15T19:36:30+08:00] cooldown 30s
[2026-07-15T19:43:08+08:00] cooldown 30s
[2026-07-15T19:43:38+08:00] starting RabbitMQ image=rabbitmq@sha256:8734b9e9cd03d12b2e1d973415fc4c5c941c5eca351b4bd63f721782b1bf7c8b data=/kylin-lmbench-exp-work/rabbitmq/run-d3000-apps-never-20260714-100618-3-nvhe-q5-backlog-1
[2026-07-15T19:44:42+08:00] cooldown 30s
[2026-07-15T19:45:52+08:00] cooldown 30s
[2026-07-15T19:46:22+08:00] starting RabbitMQ image=rabbitmq@sha256:8734b9e9cd03d12b2e1d973415fc4c5c941c5eca351b4bd63f721782b1bf7c8b data=/kylin-lmbench-exp-work/rabbitmq/run-d3000-apps-never-20260714-100618-3-nvhe-q5-backlog-2
[2026-07-15T19:47:26+08:00] cooldown 30s
[2026-07-15T19:48:36+08:00] cooldown 30s
[2026-07-15T19:49:06+08:00] starting RabbitMQ image=rabbitmq@sha256:8734b9e9cd03d12b2e1d973415fc4c5c941c5eca351b4bd63f721782b1bf7c8b data=/kylin-lmbench-exp-work/rabbitmq/run-d3000-apps-never-20260714-100618-3-nvhe-q5-backlog-3
[2026-07-15T19:50:10+08:00] cooldown 30s
[2026-07-15T19:51:23+08:00] cooldown 30s
[2026-07-15T19:51:53+08:00] starting RabbitMQ image=rabbitmq@sha256:8734b9e9cd03d12b2e1d973415fc4c5c941c5eca351b4bd63f721782b1bf7c8b data=/kylin-lmbench-exp-work/rabbitmq/run-d3000-apps-never-20260714-100618-3-nvhe-q5-backlog-4
[2026-07-15T19:52:57+08:00] cooldown 30s
[2026-07-15T19:54:05+08:00] cooldown 30s
[2026-07-15T19:54:35+08:00] starting RabbitMQ image=rabbitmq@sha256:8734b9e9cd03d12b2e1d973415fc4c5c941c5eca351b4bd63f721782b1bf7c8b data=/kylin-lmbench-exp-work/rabbitmq/run-d3000-apps-never-20260714-100618-3-nvhe-q5-backlog-5
[2026-07-15T19:55:39+08:00] cooldown 30s
[2026-07-15T19:56:48+08:00] cooldown 30s
[2026-07-15T19:57:18+08:00] pair=3 mode=nvhe project=geek
[2026-07-15T19:57:19+08:00] THP profile=never project=geekbench effective=never
[2026-07-15T19:57:19+08:00] Geekbench non-scoring warmup
[2026-07-15T20:03:58+08:00] cooldown 30s
[2026-07-15T20:04:28+08:00] Geekbench formal run 1/5
[2026-07-15T20:11:06+08:00] cooldown 30s
[2026-07-15T20:11:36+08:00] Geekbench formal run 2/5
[2026-07-15T20:18:15+08:00] cooldown 30s
[2026-07-15T20:18:45+08:00] Geekbench formal run 3/5
[2026-07-15T20:25:26+08:00] cooldown 30s
[2026-07-15T20:25:56+08:00] Geekbench formal run 4/5
[2026-07-15T20:32:36+08:00] cooldown 30s
[2026-07-15T20:33:06+08:00] Geekbench formal run 5/5
[2026-07-15T20:39:47+08:00] cooldown 30s
[2026-07-15T20:40:17+08:00] completed Geekbench CPU suite
[2026-07-15T20:40:17+08:00] pair=3 mode=nvhe project=redis
[2026-07-15T20:40:17+08:00] THP profile=never project=redis effective=never
[2026-07-15T20:45:38+08:00] cooldown 30s
[2026-07-15T20:51:29+08:00] cooldown 30s
[2026-07-15T20:57:19+08:00] cooldown 30s
[2026-07-15T21:03:09+08:00] cooldown 30s
[2026-07-15T21:08:59+08:00] cooldown 30s
[2026-07-15T21:12:49+08:00] cooldown 30s
[2026-07-15T21:16:39+08:00] cooldown 30s
[2026-07-15T21:20:29+08:00] cooldown 30s
[2026-07-15T21:24:19+08:00] cooldown 30s
[2026-07-15T21:28:09+08:00] cooldown 30s
[2026-07-15T21:34:01+08:00] cooldown 30s
[2026-07-15T21:39:52+08:00] cooldown 30s
[2026-07-15T21:45:43+08:00] cooldown 30s
[2026-07-15T21:51:34+08:00] cooldown 30s
[2026-07-15T21:57:26+08:00] cooldown 30s
[2026-07-15T22:04:16+08:00] cooldown 30s
[2026-07-15T22:11:07+08:00] cooldown 30s
[2026-07-15T22:17:57+08:00] cooldown 30s
[2026-07-15T22:24:48+08:00] cooldown 30s
[2026-07-15T22:31:39+08:00] cooldown 30s
[2026-07-15T22:32:09+08:00] THP profile=never project=anchors effective=never
[2026-07-15T22:33:48+08:00] completed end anchors
[2026-07-15T22:33:48+08:00] verified one-shot GRUB next_entry=d3000-6.6.30-protected in active ESP grubenv
[2026-07-15T22:33:48+08:00] leg=7 complete; rebooting into protected for leg=8
[2026-07-15T22:34:46+08:00] leg=8 stage=formal pair=3 expected=protected starting
[2026-07-15T22:34:47+08:00] host prepared: CPUs=0-7 governor=performance ASLR=2 swap=off target=multi-user
[2026-07-15T22:34:47+08:00] THP profile=never project=anchors effective=never
[2026-07-15T22:36:30+08:00] completed start anchors
[2026-07-15T22:36:30+08:00] pair=3 mode=protected project=rabbitmq
[2026-07-15T22:36:30+08:00] THP profile=never project=rabbitmq effective=never
[2026-07-15T22:36:30+08:00] starting RabbitMQ image=rabbitmq@sha256:8734b9e9cd03d12b2e1d973415fc4c5c941c5eca351b4bd63f721782b1bf7c8b data=/kylin-lmbench-exp-work/rabbitmq/run-d3000-apps-never-20260714-100618-3-protected-q1-one-fast-1
[2026-07-15T22:37:35+08:00] cooldown 30s
[2026-07-15T22:44:12+08:00] cooldown 30s
[2026-07-15T22:44:43+08:00] starting RabbitMQ image=rabbitmq@sha256:8734b9e9cd03d12b2e1d973415fc4c5c941c5eca351b4bd63f721782b1bf7c8b data=/kylin-lmbench-exp-work/rabbitmq/run-d3000-apps-never-20260714-100618-3-protected-q1-one-fast-2
[2026-07-15T22:45:47+08:00] cooldown 30s
[2026-07-15T22:52:24+08:00] cooldown 30s
[2026-07-15T22:52:55+08:00] starting RabbitMQ image=rabbitmq@sha256:8734b9e9cd03d12b2e1d973415fc4c5c941c5eca351b4bd63f721782b1bf7c8b data=/kylin-lmbench-exp-work/rabbitmq/run-d3000-apps-never-20260714-100618-3-protected-q1-one-fast-3
[2026-07-15T22:53:59+08:00] cooldown 30s
[2026-07-15T23:00:36+08:00] cooldown 30s
[2026-07-15T23:01:06+08:00] starting RabbitMQ image=rabbitmq@sha256:8734b9e9cd03d12b2e1d973415fc4c5c941c5eca351b4bd63f721782b1bf7c8b data=/kylin-lmbench-exp-work/rabbitmq/run-d3000-apps-never-20260714-100618-3-protected-q1-one-fast-4
[2026-07-15T23:02:10+08:00] cooldown 30s
[2026-07-15T23:08:48+08:00] cooldown 30s
[2026-07-15T23:09:18+08:00] starting RabbitMQ image=rabbitmq@sha256:8734b9e9cd03d12b2e1d973415fc4c5c941c5eca351b4bd63f721782b1bf7c8b data=/kylin-lmbench-exp-work/rabbitmq/run-d3000-apps-never-20260714-100618-3-protected-q1-one-fast-5
[2026-07-15T23:10:22+08:00] cooldown 30s
[2026-07-15T23:17:00+08:00] cooldown 30s
[2026-07-15T23:17:30+08:00] starting RabbitMQ image=rabbitmq@sha256:8734b9e9cd03d12b2e1d973415fc4c5c941c5eca351b4bd63f721782b1bf7c8b data=/kylin-lmbench-exp-work/rabbitmq/run-d3000-apps-never-20260714-100618-3-protected-q2-reliable-1
[2026-07-15T23:18:34+08:00] cooldown 30s
[2026-07-15T23:25:13+08:00] cooldown 30s
[2026-07-15T23:25:43+08:00] starting RabbitMQ image=rabbitmq@sha256:8734b9e9cd03d12b2e1d973415fc4c5c941c5eca351b4bd63f721782b1bf7c8b data=/kylin-lmbench-exp-work/rabbitmq/run-d3000-apps-never-20260714-100618-3-protected-q2-reliable-2
[2026-07-15T23:26:47+08:00] cooldown 30s
[2026-07-15T23:33:25+08:00] cooldown 30s
[2026-07-15T23:33:56+08:00] starting RabbitMQ image=rabbitmq@sha256:8734b9e9cd03d12b2e1d973415fc4c5c941c5eca351b4bd63f721782b1bf7c8b data=/kylin-lmbench-exp-work/rabbitmq/run-d3000-apps-never-20260714-100618-3-protected-q2-reliable-3
[2026-07-15T23:35:00+08:00] cooldown 30s
[2026-07-15T23:41:38+08:00] cooldown 30s
[2026-07-15T23:42:08+08:00] starting RabbitMQ image=rabbitmq@sha256:8734b9e9cd03d12b2e1d973415fc4c5c941c5eca351b4bd63f721782b1bf7c8b data=/kylin-lmbench-exp-work/rabbitmq/run-d3000-apps-never-20260714-100618-3-protected-q2-reliable-4
[2026-07-15T23:43:12+08:00] cooldown 30s
[2026-07-15T23:49:50+08:00] cooldown 30s
[2026-07-15T23:50:21+08:00] starting RabbitMQ image=rabbitmq@sha256:8734b9e9cd03d12b2e1d973415fc4c5c941c5eca351b4bd63f721782b1bf7c8b data=/kylin-lmbench-exp-work/rabbitmq/run-d3000-apps-never-20260714-100618-3-protected-q2-reliable-5
[2026-07-15T23:51:25+08:00] cooldown 30s
[2026-07-15T23:58:03+08:00] cooldown 30s
[2026-07-15T23:58:33+08:00] starting RabbitMQ image=rabbitmq@sha256:8734b9e9cd03d12b2e1d973415fc4c5c941c5eca351b4bd63f721782b1bf7c8b data=/kylin-lmbench-exp-work/rabbitmq/run-d3000-apps-never-20260714-100618-3-protected-q3-rate50-1
[2026-07-15T23:59:37+08:00] cooldown 30s
[2026-07-16T00:06:15+08:00] cooldown 30s
[2026-07-16T00:06:45+08:00] starting RabbitMQ image=rabbitmq@sha256:8734b9e9cd03d12b2e1d973415fc4c5c941c5eca351b4bd63f721782b1bf7c8b data=/kylin-lmbench-exp-work/rabbitmq/run-d3000-apps-never-20260714-100618-3-protected-q3-rate50-2
[2026-07-16T00:07:49+08:00] cooldown 30s
[2026-07-16T00:14:27+08:00] cooldown 30s
[2026-07-16T00:14:57+08:00] starting RabbitMQ image=rabbitmq@sha256:8734b9e9cd03d12b2e1d973415fc4c5c941c5eca351b4bd63f721782b1bf7c8b data=/kylin-lmbench-exp-work/rabbitmq/run-d3000-apps-never-20260714-100618-3-protected-q3-rate50-3
[2026-07-16T00:16:01+08:00] cooldown 30s
[2026-07-16T00:22:39+08:00] cooldown 30s
[2026-07-16T00:23:09+08:00] starting RabbitMQ image=rabbitmq@sha256:8734b9e9cd03d12b2e1d973415fc4c5c941c5eca351b4bd63f721782b1bf7c8b data=/kylin-lmbench-exp-work/rabbitmq/run-d3000-apps-never-20260714-100618-3-protected-q3-rate50-4
[2026-07-16T00:24:13+08:00] cooldown 30s
[2026-07-16T00:30:51+08:00] cooldown 30s
[2026-07-16T00:31:22+08:00] starting RabbitMQ image=rabbitmq@sha256:8734b9e9cd03d12b2e1d973415fc4c5c941c5eca351b4bd63f721782b1bf7c8b data=/kylin-lmbench-exp-work/rabbitmq/run-d3000-apps-never-20260714-100618-3-protected-q3-rate50-5
[2026-07-16T00:32:26+08:00] cooldown 30s
[2026-07-16T00:39:03+08:00] cooldown 30s
[2026-07-16T00:39:34+08:00] starting RabbitMQ image=rabbitmq@sha256:8734b9e9cd03d12b2e1d973415fc4c5c941c5eca351b4bd63f721782b1bf7c8b data=/kylin-lmbench-exp-work/rabbitmq/run-d3000-apps-never-20260714-100618-3-protected-q3-rate70-1
[2026-07-16T00:40:38+08:00] cooldown 30s
[2026-07-16T00:47:16+08:00] cooldown 30s
[2026-07-16T00:47:46+08:00] starting RabbitMQ image=rabbitmq@sha256:8734b9e9cd03d12b2e1d973415fc4c5c941c5eca351b4bd63f721782b1bf7c8b data=/kylin-lmbench-exp-work/rabbitmq/run-d3000-apps-never-20260714-100618-3-protected-q3-rate70-2
[2026-07-16T00:48:50+08:00] cooldown 30s
[2026-07-16T00:55:28+08:00] cooldown 30s
[2026-07-16T00:55:58+08:00] starting RabbitMQ image=rabbitmq@sha256:8734b9e9cd03d12b2e1d973415fc4c5c941c5eca351b4bd63f721782b1bf7c8b data=/kylin-lmbench-exp-work/rabbitmq/run-d3000-apps-never-20260714-100618-3-protected-q3-rate70-3
[2026-07-16T00:57:02+08:00] cooldown 30s
[2026-07-16T01:03:40+08:00] cooldown 30s
[2026-07-16T01:04:10+08:00] starting RabbitMQ image=rabbitmq@sha256:8734b9e9cd03d12b2e1d973415fc4c5c941c5eca351b4bd63f721782b1bf7c8b data=/kylin-lmbench-exp-work/rabbitmq/run-d3000-apps-never-20260714-100618-3-protected-q3-rate70-4
[2026-07-16T01:05:14+08:00] cooldown 30s
[2026-07-16T01:11:52+08:00] cooldown 30s
[2026-07-16T01:12:22+08:00] starting RabbitMQ image=rabbitmq@sha256:8734b9e9cd03d12b2e1d973415fc4c5c941c5eca351b4bd63f721782b1bf7c8b data=/kylin-lmbench-exp-work/rabbitmq/run-d3000-apps-never-20260714-100618-3-protected-q3-rate70-5
[2026-07-16T01:13:26+08:00] cooldown 30s
[2026-07-16T01:20:04+08:00] cooldown 30s
[2026-07-16T01:20:34+08:00] starting RabbitMQ image=rabbitmq@sha256:8734b9e9cd03d12b2e1d973415fc4c5c941c5eca351b4bd63f721782b1bf7c8b data=/kylin-lmbench-exp-work/rabbitmq/run-d3000-apps-never-20260714-100618-3-protected-q3-rate85-1
[2026-07-16T01:21:38+08:00] cooldown 30s
[2026-07-16T01:28:16+08:00] cooldown 30s
[2026-07-16T01:28:46+08:00] starting RabbitMQ image=rabbitmq@sha256:8734b9e9cd03d12b2e1d973415fc4c5c941c5eca351b4bd63f721782b1bf7c8b data=/kylin-lmbench-exp-work/rabbitmq/run-d3000-apps-never-20260714-100618-3-protected-q3-rate85-2
[2026-07-16T01:29:50+08:00] cooldown 30s
[2026-07-16T01:36:28+08:00] cooldown 30s
[2026-07-16T01:36:58+08:00] starting RabbitMQ image=rabbitmq@sha256:8734b9e9cd03d12b2e1d973415fc4c5c941c5eca351b4bd63f721782b1bf7c8b data=/kylin-lmbench-exp-work/rabbitmq/run-d3000-apps-never-20260714-100618-3-protected-q3-rate85-3
[2026-07-16T01:38:02+08:00] cooldown 30s
[2026-07-16T01:44:40+08:00] cooldown 30s
[2026-07-16T01:45:10+08:00] starting RabbitMQ image=rabbitmq@sha256:8734b9e9cd03d12b2e1d973415fc4c5c941c5eca351b4bd63f721782b1bf7c8b data=/kylin-lmbench-exp-work/rabbitmq/run-d3000-apps-never-20260714-100618-3-protected-q3-rate85-4
[2026-07-16T01:46:14+08:00] cooldown 30s
[2026-07-16T01:52:52+08:00] cooldown 30s
[2026-07-16T01:53:22+08:00] starting RabbitMQ image=rabbitmq@sha256:8734b9e9cd03d12b2e1d973415fc4c5c941c5eca351b4bd63f721782b1bf7c8b data=/kylin-lmbench-exp-work/rabbitmq/run-d3000-apps-never-20260714-100618-3-protected-q3-rate85-5
[2026-07-16T01:54:26+08:00] cooldown 30s
[2026-07-16T02:01:04+08:00] cooldown 30s
[2026-07-16T02:01:34+08:00] starting RabbitMQ image=rabbitmq@sha256:8734b9e9cd03d12b2e1d973415fc4c5c941c5eca351b4bd63f721782b1bf7c8b data=/kylin-lmbench-exp-work/rabbitmq/run-d3000-apps-never-20260714-100618-3-protected-q4-join-late-1
[2026-07-16T02:02:38+08:00] cooldown 30s
[2026-07-16T02:09:16+08:00] cooldown 30s
[2026-07-16T02:09:46+08:00] starting RabbitMQ image=rabbitmq@sha256:8734b9e9cd03d12b2e1d973415fc4c5c941c5eca351b4bd63f721782b1bf7c8b data=/kylin-lmbench-exp-work/rabbitmq/run-d3000-apps-never-20260714-100618-3-protected-q4-join-late-2
[2026-07-16T02:10:51+08:00] cooldown 30s
[2026-07-16T02:17:28+08:00] cooldown 30s
[2026-07-16T02:17:58+08:00] starting RabbitMQ image=rabbitmq@sha256:8734b9e9cd03d12b2e1d973415fc4c5c941c5eca351b4bd63f721782b1bf7c8b data=/kylin-lmbench-exp-work/rabbitmq/run-d3000-apps-never-20260714-100618-3-protected-q4-join-late-3
[2026-07-16T02:19:03+08:00] cooldown 30s
[2026-07-16T02:25:40+08:00] cooldown 30s
[2026-07-16T02:26:10+08:00] starting RabbitMQ image=rabbitmq@sha256:8734b9e9cd03d12b2e1d973415fc4c5c941c5eca351b4bd63f721782b1bf7c8b data=/kylin-lmbench-exp-work/rabbitmq/run-d3000-apps-never-20260714-100618-3-protected-q4-join-late-4
[2026-07-16T02:27:14+08:00] cooldown 30s
[2026-07-16T02:33:52+08:00] cooldown 30s
[2026-07-16T02:34:22+08:00] starting RabbitMQ image=rabbitmq@sha256:8734b9e9cd03d12b2e1d973415fc4c5c941c5eca351b4bd63f721782b1bf7c8b data=/kylin-lmbench-exp-work/rabbitmq/run-d3000-apps-never-20260714-100618-3-protected-q4-join-late-5
[2026-07-16T02:35:27+08:00] cooldown 30s
[2026-07-16T02:42:04+08:00] cooldown 30s
[2026-07-16T02:42:35+08:00] starting RabbitMQ image=rabbitmq@sha256:8734b9e9cd03d12b2e1d973415fc4c5c941c5eca351b4bd63f721782b1bf7c8b data=/kylin-lmbench-exp-work/rabbitmq/run-d3000-apps-never-20260714-100618-3-protected-q5-backlog-1
[2026-07-16T02:43:39+08:00] cooldown 30s
[2026-07-16T02:44:49+08:00] cooldown 30s
[2026-07-16T02:45:19+08:00] starting RabbitMQ image=rabbitmq@sha256:8734b9e9cd03d12b2e1d973415fc4c5c941c5eca351b4bd63f721782b1bf7c8b data=/kylin-lmbench-exp-work/rabbitmq/run-d3000-apps-never-20260714-100618-3-protected-q5-backlog-2
[2026-07-16T02:46:23+08:00] cooldown 30s
[2026-07-16T02:47:33+08:00] cooldown 30s
[2026-07-16T02:48:03+08:00] starting RabbitMQ image=rabbitmq@sha256:8734b9e9cd03d12b2e1d973415fc4c5c941c5eca351b4bd63f721782b1bf7c8b data=/kylin-lmbench-exp-work/rabbitmq/run-d3000-apps-never-20260714-100618-3-protected-q5-backlog-3
[2026-07-16T02:49:08+08:00] cooldown 30s
[2026-07-16T02:50:17+08:00] cooldown 30s
[2026-07-16T02:50:47+08:00] starting RabbitMQ image=rabbitmq@sha256:8734b9e9cd03d12b2e1d973415fc4c5c941c5eca351b4bd63f721782b1bf7c8b data=/kylin-lmbench-exp-work/rabbitmq/run-d3000-apps-never-20260714-100618-3-protected-q5-backlog-4
[2026-07-16T02:51:51+08:00] cooldown 30s
[2026-07-16T02:53:05+08:00] cooldown 30s
[2026-07-16T02:53:35+08:00] starting RabbitMQ image=rabbitmq@sha256:8734b9e9cd03d12b2e1d973415fc4c5c941c5eca351b4bd63f721782b1bf7c8b data=/kylin-lmbench-exp-work/rabbitmq/run-d3000-apps-never-20260714-100618-3-protected-q5-backlog-5
[2026-07-16T02:54:39+08:00] cooldown 30s
[2026-07-16T02:55:51+08:00] cooldown 30s
[2026-07-16T02:56:21+08:00] pair=3 mode=protected project=geek
[2026-07-16T02:56:22+08:00] THP profile=never project=geekbench effective=never
[2026-07-16T02:56:22+08:00] Geekbench non-scoring warmup
[2026-07-16T03:03:02+08:00] cooldown 30s
[2026-07-16T03:03:32+08:00] Geekbench formal run 1/5
[2026-07-16T03:10:12+08:00] cooldown 30s
[2026-07-16T03:10:42+08:00] Geekbench formal run 2/5
[2026-07-16T03:17:22+08:00] cooldown 30s
[2026-07-16T03:17:52+08:00] Geekbench formal run 3/5
[2026-07-16T03:24:32+08:00] cooldown 30s
[2026-07-16T03:25:02+08:00] Geekbench formal run 4/5
[2026-07-16T03:31:43+08:00] cooldown 30s
[2026-07-16T03:32:13+08:00] Geekbench formal run 5/5
[2026-07-16T03:38:54+08:00] cooldown 30s
[2026-07-16T03:39:24+08:00] completed Geekbench CPU suite
[2026-07-16T03:39:24+08:00] pair=3 mode=protected project=redis
[2026-07-16T03:39:24+08:00] THP profile=never project=redis effective=never
[2026-07-16T03:44:45+08:00] cooldown 30s
[2026-07-16T03:50:35+08:00] cooldown 30s
[2026-07-16T03:56:25+08:00] cooldown 30s
[2026-07-16T04:02:15+08:00] cooldown 30s
[2026-07-16T04:08:05+08:00] cooldown 30s
[2026-07-16T04:11:55+08:00] cooldown 30s
[2026-07-16T04:15:46+08:00] cooldown 30s
[2026-07-16T04:19:36+08:00] cooldown 30s
[2026-07-16T04:23:26+08:00] cooldown 30s
[2026-07-16T04:27:16+08:00] cooldown 30s
[2026-07-16T04:33:07+08:00] cooldown 30s
[2026-07-16T04:38:58+08:00] cooldown 30s
[2026-07-16T04:44:49+08:00] cooldown 30s
[2026-07-16T04:50:41+08:00] cooldown 30s
[2026-07-16T04:56:32+08:00] cooldown 30s
[2026-07-16T05:03:23+08:00] cooldown 30s
[2026-07-16T05:10:13+08:00] cooldown 30s
[2026-07-16T05:17:04+08:00] cooldown 30s
[2026-07-16T05:23:54+08:00] cooldown 30s
[2026-07-16T05:30:45+08:00] cooldown 30s
[2026-07-16T05:31:15+08:00] THP profile=never project=anchors effective=never
[2026-07-16T05:32:56+08:00] completed end anchors
[2026-07-16T05:32:56+08:00] verified one-shot GRUB next_entry=d3000-6.6.30-protected in active ESP grubenv
[2026-07-16T05:32:56+08:00] leg=8 complete; rebooting into protected for leg=9
[2026-07-16T05:33:52+08:00] leg=9 stage=formal pair=4 expected=protected starting
[2026-07-16T05:33:53+08:00] host prepared: CPUs=0-7 governor=performance ASLR=2 swap=off target=multi-user
[2026-07-16T05:33:54+08:00] THP profile=never project=anchors effective=never
[2026-07-16T05:35:36+08:00] completed start anchors
[2026-07-16T05:35:36+08:00] pair=4 mode=protected project=geek
[2026-07-16T05:35:37+08:00] THP profile=never project=geekbench effective=never
[2026-07-16T05:35:37+08:00] Geekbench non-scoring warmup
[2026-07-16T05:42:16+08:00] cooldown 30s
[2026-07-16T05:42:46+08:00] Geekbench formal run 1/5
[2026-07-16T05:49:26+08:00] cooldown 30s
[2026-07-16T05:49:56+08:00] Geekbench formal run 2/5
[2026-07-16T05:56:35+08:00] cooldown 30s
[2026-07-16T05:57:05+08:00] Geekbench formal run 3/5
[2026-07-16T06:03:45+08:00] cooldown 30s
[2026-07-16T06:04:15+08:00] Geekbench formal run 4/5
[2026-07-16T06:10:55+08:00] cooldown 30s
[2026-07-16T06:11:25+08:00] Geekbench formal run 5/5
[2026-07-16T06:18:05+08:00] cooldown 30s
[2026-07-16T06:18:35+08:00] completed Geekbench CPU suite
[2026-07-16T06:18:35+08:00] pair=4 mode=protected project=rabbitmq
[2026-07-16T06:18:35+08:00] THP profile=never project=rabbitmq effective=never
[2026-07-16T06:18:35+08:00] starting RabbitMQ image=rabbitmq@sha256:8734b9e9cd03d12b2e1d973415fc4c5c941c5eca351b4bd63f721782b1bf7c8b data=/kylin-lmbench-exp-work/rabbitmq/run-d3000-apps-never-20260714-100618-4-protected-q1-one-fast-1
[2026-07-16T06:19:39+08:00] cooldown 30s
[2026-07-16T06:26:17+08:00] cooldown 30s
[2026-07-16T06:26:47+08:00] starting RabbitMQ image=rabbitmq@sha256:8734b9e9cd03d12b2e1d973415fc4c5c941c5eca351b4bd63f721782b1bf7c8b data=/kylin-lmbench-exp-work/rabbitmq/run-d3000-apps-never-20260714-100618-4-protected-q1-one-fast-2
[2026-07-16T06:27:51+08:00] cooldown 30s
[2026-07-16T06:34:29+08:00] cooldown 30s
[2026-07-16T06:34:59+08:00] starting RabbitMQ image=rabbitmq@sha256:8734b9e9cd03d12b2e1d973415fc4c5c941c5eca351b4bd63f721782b1bf7c8b data=/kylin-lmbench-exp-work/rabbitmq/run-d3000-apps-never-20260714-100618-4-protected-q1-one-fast-3
[2026-07-16T06:36:03+08:00] cooldown 30s
[2026-07-16T06:42:41+08:00] cooldown 30s
[2026-07-16T06:43:11+08:00] starting RabbitMQ image=rabbitmq@sha256:8734b9e9cd03d12b2e1d973415fc4c5c941c5eca351b4bd63f721782b1bf7c8b data=/kylin-lmbench-exp-work/rabbitmq/run-d3000-apps-never-20260714-100618-4-protected-q1-one-fast-4
[2026-07-16T06:44:15+08:00] cooldown 30s
[2026-07-16T06:50:53+08:00] cooldown 30s
[2026-07-16T06:51:23+08:00] starting RabbitMQ image=rabbitmq@sha256:8734b9e9cd03d12b2e1d973415fc4c5c941c5eca351b4bd63f721782b1bf7c8b data=/kylin-lmbench-exp-work/rabbitmq/run-d3000-apps-never-20260714-100618-4-protected-q1-one-fast-5
[2026-07-16T06:52:27+08:00] cooldown 30s
[2026-07-16T06:59:05+08:00] cooldown 30s
[2026-07-16T06:59:35+08:00] starting RabbitMQ image=rabbitmq@sha256:8734b9e9cd03d12b2e1d973415fc4c5c941c5eca351b4bd63f721782b1bf7c8b data=/kylin-lmbench-exp-work/rabbitmq/run-d3000-apps-never-20260714-100618-4-protected-q2-reliable-1
[2026-07-16T07:00:39+08:00] cooldown 30s
[2026-07-16T07:07:17+08:00] cooldown 30s
[2026-07-16T07:07:48+08:00] starting RabbitMQ image=rabbitmq@sha256:8734b9e9cd03d12b2e1d973415fc4c5c941c5eca351b4bd63f721782b1bf7c8b data=/kylin-lmbench-exp-work/rabbitmq/run-d3000-apps-never-20260714-100618-4-protected-q2-reliable-2
[2026-07-16T07:08:52+08:00] cooldown 30s
[2026-07-16T07:15:30+08:00] cooldown 30s
[2026-07-16T07:16:00+08:00] starting RabbitMQ image=rabbitmq@sha256:8734b9e9cd03d12b2e1d973415fc4c5c941c5eca351b4bd63f721782b1bf7c8b data=/kylin-lmbench-exp-work/rabbitmq/run-d3000-apps-never-20260714-100618-4-protected-q2-reliable-3
[2026-07-16T07:17:05+08:00] cooldown 30s
[2026-07-16T07:23:43+08:00] cooldown 30s
[2026-07-16T07:24:13+08:00] starting RabbitMQ image=rabbitmq@sha256:8734b9e9cd03d12b2e1d973415fc4c5c941c5eca351b4bd63f721782b1bf7c8b data=/kylin-lmbench-exp-work/rabbitmq/run-d3000-apps-never-20260714-100618-4-protected-q2-reliable-4
[2026-07-16T07:25:17+08:00] cooldown 30s
[2026-07-16T07:31:55+08:00] cooldown 30s
[2026-07-16T07:32:25+08:00] starting RabbitMQ image=rabbitmq@sha256:8734b9e9cd03d12b2e1d973415fc4c5c941c5eca351b4bd63f721782b1bf7c8b data=/kylin-lmbench-exp-work/rabbitmq/run-d3000-apps-never-20260714-100618-4-protected-q2-reliable-5
[2026-07-16T07:33:29+08:00] cooldown 30s
[2026-07-16T07:40:08+08:00] cooldown 30s
[2026-07-16T07:40:38+08:00] starting RabbitMQ image=rabbitmq@sha256:8734b9e9cd03d12b2e1d973415fc4c5c941c5eca351b4bd63f721782b1bf7c8b data=/kylin-lmbench-exp-work/rabbitmq/run-d3000-apps-never-20260714-100618-4-protected-q3-rate50-1
[2026-07-16T07:41:42+08:00] cooldown 30s
[2026-07-16T07:48:20+08:00] cooldown 30s
[2026-07-16T07:48:50+08:00] starting RabbitMQ image=rabbitmq@sha256:8734b9e9cd03d12b2e1d973415fc4c5c941c5eca351b4bd63f721782b1bf7c8b data=/kylin-lmbench-exp-work/rabbitmq/run-d3000-apps-never-20260714-100618-4-protected-q3-rate50-2
[2026-07-16T07:49:54+08:00] cooldown 30s
[2026-07-16T07:56:32+08:00] cooldown 30s
[2026-07-16T07:57:02+08:00] starting RabbitMQ image=rabbitmq@sha256:8734b9e9cd03d12b2e1d973415fc4c5c941c5eca351b4bd63f721782b1bf7c8b data=/kylin-lmbench-exp-work/rabbitmq/run-d3000-apps-never-20260714-100618-4-protected-q3-rate50-3
[2026-07-16T07:58:06+08:00] cooldown 30s
[2026-07-16T08:04:44+08:00] cooldown 30s
[2026-07-16T08:05:14+08:00] starting RabbitMQ image=rabbitmq@sha256:8734b9e9cd03d12b2e1d973415fc4c5c941c5eca351b4bd63f721782b1bf7c8b data=/kylin-lmbench-exp-work/rabbitmq/run-d3000-apps-never-20260714-100618-4-protected-q3-rate50-4
[2026-07-16T08:06:19+08:00] cooldown 30s
[2026-07-16T08:12:57+08:00] cooldown 30s
[2026-07-16T08:13:27+08:00] starting RabbitMQ image=rabbitmq@sha256:8734b9e9cd03d12b2e1d973415fc4c5c941c5eca351b4bd63f721782b1bf7c8b data=/kylin-lmbench-exp-work/rabbitmq/run-d3000-apps-never-20260714-100618-4-protected-q3-rate50-5
[2026-07-16T08:14:31+08:00] cooldown 30s
[2026-07-16T08:21:09+08:00] cooldown 30s
[2026-07-16T08:21:39+08:00] starting RabbitMQ image=rabbitmq@sha256:8734b9e9cd03d12b2e1d973415fc4c5c941c5eca351b4bd63f721782b1bf7c8b data=/kylin-lmbench-exp-work/rabbitmq/run-d3000-apps-never-20260714-100618-4-protected-q3-rate70-1
[2026-07-16T08:22:43+08:00] cooldown 30s
[2026-07-16T08:29:21+08:00] cooldown 30s
[2026-07-16T08:29:51+08:00] starting RabbitMQ image=rabbitmq@sha256:8734b9e9cd03d12b2e1d973415fc4c5c941c5eca351b4bd63f721782b1bf7c8b data=/kylin-lmbench-exp-work/rabbitmq/run-d3000-apps-never-20260714-100618-4-protected-q3-rate70-2
[2026-07-16T08:30:55+08:00] cooldown 30s
[2026-07-16T08:37:33+08:00] cooldown 30s
[2026-07-16T08:38:03+08:00] starting RabbitMQ image=rabbitmq@sha256:8734b9e9cd03d12b2e1d973415fc4c5c941c5eca351b4bd63f721782b1bf7c8b data=/kylin-lmbench-exp-work/rabbitmq/run-d3000-apps-never-20260714-100618-4-protected-q3-rate70-3
[2026-07-16T08:39:07+08:00] cooldown 30s
[2026-07-16T08:45:45+08:00] cooldown 30s
[2026-07-16T08:46:15+08:00] starting RabbitMQ image=rabbitmq@sha256:8734b9e9cd03d12b2e1d973415fc4c5c941c5eca351b4bd63f721782b1bf7c8b data=/kylin-lmbench-exp-work/rabbitmq/run-d3000-apps-never-20260714-100618-4-protected-q3-rate70-4
[2026-07-16T08:47:19+08:00] cooldown 30s
[2026-07-16T08:53:57+08:00] cooldown 30s
[2026-07-16T08:54:27+08:00] starting RabbitMQ image=rabbitmq@sha256:8734b9e9cd03d12b2e1d973415fc4c5c941c5eca351b4bd63f721782b1bf7c8b data=/kylin-lmbench-exp-work/rabbitmq/run-d3000-apps-never-20260714-100618-4-protected-q3-rate70-5
[2026-07-16T08:55:31+08:00] cooldown 30s
[2026-07-16T09:02:09+08:00] cooldown 30s
[2026-07-16T09:02:39+08:00] starting RabbitMQ image=rabbitmq@sha256:8734b9e9cd03d12b2e1d973415fc4c5c941c5eca351b4bd63f721782b1bf7c8b data=/kylin-lmbench-exp-work/rabbitmq/run-d3000-apps-never-20260714-100618-4-protected-q3-rate85-1
[2026-07-16T09:03:43+08:00] cooldown 30s
[2026-07-16T09:10:21+08:00] cooldown 30s
[2026-07-16T09:10:51+08:00] starting RabbitMQ image=rabbitmq@sha256:8734b9e9cd03d12b2e1d973415fc4c5c941c5eca351b4bd63f721782b1bf7c8b data=/kylin-lmbench-exp-work/rabbitmq/run-d3000-apps-never-20260714-100618-4-protected-q3-rate85-2
[2026-07-16T09:11:55+08:00] cooldown 30s
[2026-07-16T09:18:33+08:00] cooldown 30s
[2026-07-16T09:19:03+08:00] starting RabbitMQ image=rabbitmq@sha256:8734b9e9cd03d12b2e1d973415fc4c5c941c5eca351b4bd63f721782b1bf7c8b data=/kylin-lmbench-exp-work/rabbitmq/run-d3000-apps-never-20260714-100618-4-protected-q3-rate85-3
[2026-07-16T09:20:07+08:00] cooldown 30s
[2026-07-16T09:26:45+08:00] cooldown 30s
[2026-07-16T09:27:15+08:00] starting RabbitMQ image=rabbitmq@sha256:8734b9e9cd03d12b2e1d973415fc4c5c941c5eca351b4bd63f721782b1bf7c8b data=/kylin-lmbench-exp-work/rabbitmq/run-d3000-apps-never-20260714-100618-4-protected-q3-rate85-4
[2026-07-16T09:28:19+08:00] cooldown 30s
[2026-07-16T09:34:57+08:00] cooldown 30s
[2026-07-16T09:35:28+08:00] starting RabbitMQ image=rabbitmq@sha256:8734b9e9cd03d12b2e1d973415fc4c5c941c5eca351b4bd63f721782b1bf7c8b data=/kylin-lmbench-exp-work/rabbitmq/run-d3000-apps-never-20260714-100618-4-protected-q3-rate85-5
[2026-07-16T09:36:32+08:00] cooldown 30s
[2026-07-16T09:43:10+08:00] cooldown 30s
[2026-07-16T09:43:40+08:00] starting RabbitMQ image=rabbitmq@sha256:8734b9e9cd03d12b2e1d973415fc4c5c941c5eca351b4bd63f721782b1bf7c8b data=/kylin-lmbench-exp-work/rabbitmq/run-d3000-apps-never-20260714-100618-4-protected-q4-join-late-1
[2026-07-16T09:44:44+08:00] cooldown 30s
[2026-07-16T09:51:22+08:00] cooldown 30s
[2026-07-16T09:51:52+08:00] starting RabbitMQ image=rabbitmq@sha256:8734b9e9cd03d12b2e1d973415fc4c5c941c5eca351b4bd63f721782b1bf7c8b data=/kylin-lmbench-exp-work/rabbitmq/run-d3000-apps-never-20260714-100618-4-protected-q4-join-late-2
[2026-07-16T09:52:57+08:00] cooldown 30s
[2026-07-16T09:59:35+08:00] cooldown 30s
[2026-07-16T10:00:05+08:00] starting RabbitMQ image=rabbitmq@sha256:8734b9e9cd03d12b2e1d973415fc4c5c941c5eca351b4bd63f721782b1bf7c8b data=/kylin-lmbench-exp-work/rabbitmq/run-d3000-apps-never-20260714-100618-4-protected-q4-join-late-3
[2026-07-16T10:01:09+08:00] cooldown 30s
[2026-07-16T10:07:47+08:00] cooldown 30s
[2026-07-16T10:08:17+08:00] starting RabbitMQ image=rabbitmq@sha256:8734b9e9cd03d12b2e1d973415fc4c5c941c5eca351b4bd63f721782b1bf7c8b data=/kylin-lmbench-exp-work/rabbitmq/run-d3000-apps-never-20260714-100618-4-protected-q4-join-late-4
[2026-07-16T10:09:21+08:00] cooldown 30s
[2026-07-16T10:15:59+08:00] cooldown 30s
[2026-07-16T10:16:29+08:00] starting RabbitMQ image=rabbitmq@sha256:8734b9e9cd03d12b2e1d973415fc4c5c941c5eca351b4bd63f721782b1bf7c8b data=/kylin-lmbench-exp-work/rabbitmq/run-d3000-apps-never-20260714-100618-4-protected-q4-join-late-5
[2026-07-16T10:17:33+08:00] cooldown 30s
[2026-07-16T10:24:11+08:00] cooldown 30s
[2026-07-16T10:24:41+08:00] starting RabbitMQ image=rabbitmq@sha256:8734b9e9cd03d12b2e1d973415fc4c5c941c5eca351b4bd63f721782b1bf7c8b data=/kylin-lmbench-exp-work/rabbitmq/run-d3000-apps-never-20260714-100618-4-protected-q5-backlog-1
[2026-07-16T10:25:45+08:00] cooldown 30s
[2026-07-16T10:26:54+08:00] cooldown 30s
[2026-07-16T10:27:24+08:00] starting RabbitMQ image=rabbitmq@sha256:8734b9e9cd03d12b2e1d973415fc4c5c941c5eca351b4bd63f721782b1bf7c8b data=/kylin-lmbench-exp-work/rabbitmq/run-d3000-apps-never-20260714-100618-4-protected-q5-backlog-2
[2026-07-16T10:28:28+08:00] cooldown 30s
[2026-07-16T10:29:37+08:00] cooldown 30s
[2026-07-16T10:30:07+08:00] starting RabbitMQ image=rabbitmq@sha256:8734b9e9cd03d12b2e1d973415fc4c5c941c5eca351b4bd63f721782b1bf7c8b data=/kylin-lmbench-exp-work/rabbitmq/run-d3000-apps-never-20260714-100618-4-protected-q5-backlog-3
[2026-07-16T10:31:11+08:00] cooldown 30s
[2026-07-16T10:32:21+08:00] cooldown 30s
[2026-07-16T10:32:51+08:00] starting RabbitMQ image=rabbitmq@sha256:8734b9e9cd03d12b2e1d973415fc4c5c941c5eca351b4bd63f721782b1bf7c8b data=/kylin-lmbench-exp-work/rabbitmq/run-d3000-apps-never-20260714-100618-4-protected-q5-backlog-4
[2026-07-16T10:33:55+08:00] cooldown 30s
[2026-07-16T10:35:08+08:00] cooldown 30s
[2026-07-16T10:35:38+08:00] starting RabbitMQ image=rabbitmq@sha256:8734b9e9cd03d12b2e1d973415fc4c5c941c5eca351b4bd63f721782b1bf7c8b data=/kylin-lmbench-exp-work/rabbitmq/run-d3000-apps-never-20260714-100618-4-protected-q5-backlog-5
[2026-07-16T10:36:42+08:00] cooldown 30s
[2026-07-16T10:37:52+08:00] cooldown 30s
[2026-07-16T10:38:22+08:00] pair=4 mode=protected project=redis
[2026-07-16T10:38:22+08:00] THP profile=never project=redis effective=never
[2026-07-16T10:43:43+08:00] cooldown 30s
[2026-07-16T10:49:34+08:00] cooldown 30s
[2026-07-16T10:55:24+08:00] cooldown 30s
[2026-07-16T11:01:14+08:00] cooldown 30s
[2026-07-16T11:07:04+08:00] cooldown 30s
[2026-07-16T11:10:54+08:00] cooldown 30s
[2026-07-16T11:14:44+08:00] cooldown 30s
[2026-07-16T11:18:34+08:00] cooldown 30s
[2026-07-16T11:22:24+08:00] cooldown 30s
[2026-07-16T11:26:14+08:00] cooldown 30s
[2026-07-16T11:32:05+08:00] cooldown 30s
[2026-07-16T11:37:56+08:00] cooldown 30s
[2026-07-16T11:43:48+08:00] cooldown 30s
[2026-07-16T11:49:39+08:00] cooldown 30s
[2026-07-16T11:55:30+08:00] cooldown 30s
[2026-07-16T12:02:21+08:00] cooldown 30s
[2026-07-16T12:09:11+08:00] cooldown 30s
[2026-07-16T12:16:02+08:00] cooldown 30s
[2026-07-16T12:22:52+08:00] cooldown 30s
[2026-07-16T12:29:43+08:00] cooldown 30s
[2026-07-16T12:30:13+08:00] THP profile=never project=anchors effective=never
[2026-07-16T12:31:54+08:00] completed end anchors
[2026-07-16T12:31:54+08:00] verified one-shot GRUB next_entry=d3000-6.6.30-nvhe in active ESP grubenv
[2026-07-16T12:31:54+08:00] leg=9 complete; rebooting into nvhe for leg=10
[2026-07-16T12:32:51+08:00] leg=10 stage=formal pair=4 expected=nvhe starting
[2026-07-16T12:32:52+08:00] host prepared: CPUs=0-7 governor=performance ASLR=2 swap=off target=multi-user
[2026-07-16T12:32:52+08:00] THP profile=never project=anchors effective=never
[2026-07-16T12:34:34+08:00] completed start anchors
[2026-07-16T12:34:34+08:00] pair=4 mode=nvhe project=geek
[2026-07-16T12:34:34+08:00] THP profile=never project=geekbench effective=never
[2026-07-16T12:34:35+08:00] Geekbench non-scoring warmup
[2026-07-16T12:41:13+08:00] cooldown 30s
[2026-07-16T12:41:43+08:00] Geekbench formal run 1/5
[2026-07-16T12:48:23+08:00] cooldown 30s
[2026-07-16T12:48:53+08:00] Geekbench formal run 2/5
[2026-07-16T12:55:31+08:00] cooldown 30s
[2026-07-16T12:56:01+08:00] Geekbench formal run 3/5
[2026-07-16T13:02:39+08:00] cooldown 30s
[2026-07-16T13:03:09+08:00] Geekbench formal run 4/5
[2026-07-16T13:09:46+08:00] cooldown 30s
[2026-07-16T13:10:16+08:00] Geekbench formal run 5/5
[2026-07-16T13:16:55+08:00] cooldown 30s
[2026-07-16T13:17:25+08:00] completed Geekbench CPU suite
[2026-07-16T13:17:25+08:00] pair=4 mode=nvhe project=rabbitmq
[2026-07-16T13:17:25+08:00] THP profile=never project=rabbitmq effective=never
[2026-07-16T13:17:25+08:00] starting RabbitMQ image=rabbitmq@sha256:8734b9e9cd03d12b2e1d973415fc4c5c941c5eca351b4bd63f721782b1bf7c8b data=/kylin-lmbench-exp-work/rabbitmq/run-d3000-apps-never-20260714-100618-4-nvhe-q1-one-fast-1
[2026-07-16T13:18:29+08:00] cooldown 30s
[2026-07-16T13:25:07+08:00] cooldown 30s
[2026-07-16T13:25:37+08:00] starting RabbitMQ image=rabbitmq@sha256:8734b9e9cd03d12b2e1d973415fc4c5c941c5eca351b4bd63f721782b1bf7c8b data=/kylin-lmbench-exp-work/rabbitmq/run-d3000-apps-never-20260714-100618-4-nvhe-q1-one-fast-2
[2026-07-16T13:26:41+08:00] cooldown 30s
[2026-07-16T13:33:19+08:00] cooldown 30s
[2026-07-16T13:33:49+08:00] starting RabbitMQ image=rabbitmq@sha256:8734b9e9cd03d12b2e1d973415fc4c5c941c5eca351b4bd63f721782b1bf7c8b data=/kylin-lmbench-exp-work/rabbitmq/run-d3000-apps-never-20260714-100618-4-nvhe-q1-one-fast-3
[2026-07-16T13:34:53+08:00] cooldown 30s
[2026-07-16T13:41:31+08:00] cooldown 30s
[2026-07-16T13:42:01+08:00] starting RabbitMQ image=rabbitmq@sha256:8734b9e9cd03d12b2e1d973415fc4c5c941c5eca351b4bd63f721782b1bf7c8b data=/kylin-lmbench-exp-work/rabbitmq/run-d3000-apps-never-20260714-100618-4-nvhe-q1-one-fast-4
[2026-07-16T13:43:05+08:00] cooldown 30s
[2026-07-16T13:49:43+08:00] cooldown 30s
[2026-07-16T13:50:13+08:00] starting RabbitMQ image=rabbitmq@sha256:8734b9e9cd03d12b2e1d973415fc4c5c941c5eca351b4bd63f721782b1bf7c8b data=/kylin-lmbench-exp-work/rabbitmq/run-d3000-apps-never-20260714-100618-4-nvhe-q1-one-fast-5
[2026-07-16T13:51:17+08:00] cooldown 30s
[2026-07-16T13:57:55+08:00] cooldown 30s
[2026-07-16T13:58:25+08:00] starting RabbitMQ image=rabbitmq@sha256:8734b9e9cd03d12b2e1d973415fc4c5c941c5eca351b4bd63f721782b1bf7c8b data=/kylin-lmbench-exp-work/rabbitmq/run-d3000-apps-never-20260714-100618-4-nvhe-q2-reliable-1
[2026-07-16T13:59:29+08:00] cooldown 30s
[2026-07-16T14:06:07+08:00] cooldown 30s
[2026-07-16T14:06:37+08:00] starting RabbitMQ image=rabbitmq@sha256:8734b9e9cd03d12b2e1d973415fc4c5c941c5eca351b4bd63f721782b1bf7c8b data=/kylin-lmbench-exp-work/rabbitmq/run-d3000-apps-never-20260714-100618-4-nvhe-q2-reliable-2
[2026-07-16T14:07:41+08:00] cooldown 30s
[2026-07-16T14:14:20+08:00] cooldown 30s
[2026-07-16T14:14:50+08:00] starting RabbitMQ image=rabbitmq@sha256:8734b9e9cd03d12b2e1d973415fc4c5c941c5eca351b4bd63f721782b1bf7c8b data=/kylin-lmbench-exp-work/rabbitmq/run-d3000-apps-never-20260714-100618-4-nvhe-q2-reliable-3
[2026-07-16T14:15:54+08:00] cooldown 30s
[2026-07-16T14:22:32+08:00] cooldown 30s
[2026-07-16T14:23:02+08:00] starting RabbitMQ image=rabbitmq@sha256:8734b9e9cd03d12b2e1d973415fc4c5c941c5eca351b4bd63f721782b1bf7c8b data=/kylin-lmbench-exp-work/rabbitmq/run-d3000-apps-never-20260714-100618-4-nvhe-q2-reliable-4
[2026-07-16T14:24:06+08:00] cooldown 30s
[2026-07-16T14:30:44+08:00] cooldown 30s
[2026-07-16T14:31:14+08:00] starting RabbitMQ image=rabbitmq@sha256:8734b9e9cd03d12b2e1d973415fc4c5c941c5eca351b4bd63f721782b1bf7c8b data=/kylin-lmbench-exp-work/rabbitmq/run-d3000-apps-never-20260714-100618-4-nvhe-q2-reliable-5
[2026-07-16T14:32:18+08:00] cooldown 30s
[2026-07-16T14:38:57+08:00] cooldown 30s
[2026-07-16T14:39:27+08:00] starting RabbitMQ image=rabbitmq@sha256:8734b9e9cd03d12b2e1d973415fc4c5c941c5eca351b4bd63f721782b1bf7c8b data=/kylin-lmbench-exp-work/rabbitmq/run-d3000-apps-never-20260714-100618-4-nvhe-q3-rate50-1
[2026-07-16T14:40:31+08:00] cooldown 30s
[2026-07-16T14:47:09+08:00] cooldown 30s
[2026-07-16T14:47:39+08:00] starting RabbitMQ image=rabbitmq@sha256:8734b9e9cd03d12b2e1d973415fc4c5c941c5eca351b4bd63f721782b1bf7c8b data=/kylin-lmbench-exp-work/rabbitmq/run-d3000-apps-never-20260714-100618-4-nvhe-q3-rate50-2
[2026-07-16T14:48:43+08:00] cooldown 30s
[2026-07-16T14:55:21+08:00] cooldown 30s
[2026-07-16T14:55:51+08:00] starting RabbitMQ image=rabbitmq@sha256:8734b9e9cd03d12b2e1d973415fc4c5c941c5eca351b4bd63f721782b1bf7c8b data=/kylin-lmbench-exp-work/rabbitmq/run-d3000-apps-never-20260714-100618-4-nvhe-q3-rate50-3
[2026-07-16T14:56:55+08:00] cooldown 30s
[2026-07-16T15:03:33+08:00] cooldown 30s
[2026-07-16T15:04:03+08:00] starting RabbitMQ image=rabbitmq@sha256:8734b9e9cd03d12b2e1d973415fc4c5c941c5eca351b4bd63f721782b1bf7c8b data=/kylin-lmbench-exp-work/rabbitmq/run-d3000-apps-never-20260714-100618-4-nvhe-q3-rate50-4
[2026-07-16T15:05:07+08:00] cooldown 30s
[2026-07-16T15:11:45+08:00] cooldown 30s
[2026-07-16T15:12:15+08:00] starting RabbitMQ image=rabbitmq@sha256:8734b9e9cd03d12b2e1d973415fc4c5c941c5eca351b4bd63f721782b1bf7c8b data=/kylin-lmbench-exp-work/rabbitmq/run-d3000-apps-never-20260714-100618-4-nvhe-q3-rate50-5
[2026-07-16T15:13:19+08:00] cooldown 30s
[2026-07-16T15:19:57+08:00] cooldown 30s
[2026-07-16T15:20:27+08:00] starting RabbitMQ image=rabbitmq@sha256:8734b9e9cd03d12b2e1d973415fc4c5c941c5eca351b4bd63f721782b1bf7c8b data=/kylin-lmbench-exp-work/rabbitmq/run-d3000-apps-never-20260714-100618-4-nvhe-q3-rate70-1
[2026-07-16T15:21:31+08:00] cooldown 30s
[2026-07-16T15:28:09+08:00] cooldown 30s
[2026-07-16T15:28:39+08:00] starting RabbitMQ image=rabbitmq@sha256:8734b9e9cd03d12b2e1d973415fc4c5c941c5eca351b4bd63f721782b1bf7c8b data=/kylin-lmbench-exp-work/rabbitmq/run-d3000-apps-never-20260714-100618-4-nvhe-q3-rate70-2
[2026-07-16T15:29:43+08:00] cooldown 30s
[2026-07-16T15:36:21+08:00] cooldown 30s
[2026-07-16T15:36:51+08:00] starting RabbitMQ image=rabbitmq@sha256:8734b9e9cd03d12b2e1d973415fc4c5c941c5eca351b4bd63f721782b1bf7c8b data=/kylin-lmbench-exp-work/rabbitmq/run-d3000-apps-never-20260714-100618-4-nvhe-q3-rate70-3
[2026-07-16T15:37:55+08:00] cooldown 30s
[2026-07-16T15:44:33+08:00] cooldown 30s
[2026-07-16T15:45:03+08:00] starting RabbitMQ image=rabbitmq@sha256:8734b9e9cd03d12b2e1d973415fc4c5c941c5eca351b4bd63f721782b1bf7c8b data=/kylin-lmbench-exp-work/rabbitmq/run-d3000-apps-never-20260714-100618-4-nvhe-q3-rate70-4
[2026-07-16T15:46:07+08:00] cooldown 30s
[2026-07-16T15:52:45+08:00] cooldown 30s
[2026-07-16T15:53:15+08:00] starting RabbitMQ image=rabbitmq@sha256:8734b9e9cd03d12b2e1d973415fc4c5c941c5eca351b4bd63f721782b1bf7c8b data=/kylin-lmbench-exp-work/rabbitmq/run-d3000-apps-never-20260714-100618-4-nvhe-q3-rate70-5
[2026-07-16T15:54:19+08:00] cooldown 30s
[2026-07-16T16:00:57+08:00] cooldown 30s
[2026-07-16T16:01:27+08:00] starting RabbitMQ image=rabbitmq@sha256:8734b9e9cd03d12b2e1d973415fc4c5c941c5eca351b4bd63f721782b1bf7c8b data=/kylin-lmbench-exp-work/rabbitmq/run-d3000-apps-never-20260714-100618-4-nvhe-q3-rate85-1
[2026-07-16T16:02:31+08:00] cooldown 30s
[2026-07-16T16:09:09+08:00] cooldown 30s
[2026-07-16T16:09:39+08:00] starting RabbitMQ image=rabbitmq@sha256:8734b9e9cd03d12b2e1d973415fc4c5c941c5eca351b4bd63f721782b1bf7c8b data=/kylin-lmbench-exp-work/rabbitmq/run-d3000-apps-never-20260714-100618-4-nvhe-q3-rate85-2
[2026-07-16T16:10:43+08:00] cooldown 30s
[2026-07-16T16:17:21+08:00] cooldown 30s
[2026-07-16T16:17:51+08:00] starting RabbitMQ image=rabbitmq@sha256:8734b9e9cd03d12b2e1d973415fc4c5c941c5eca351b4bd63f721782b1bf7c8b data=/kylin-lmbench-exp-work/rabbitmq/run-d3000-apps-never-20260714-100618-4-nvhe-q3-rate85-3
[2026-07-16T16:18:55+08:00] cooldown 30s
[2026-07-16T16:25:33+08:00] cooldown 30s
[2026-07-16T16:26:03+08:00] starting RabbitMQ image=rabbitmq@sha256:8734b9e9cd03d12b2e1d973415fc4c5c941c5eca351b4bd63f721782b1bf7c8b data=/kylin-lmbench-exp-work/rabbitmq/run-d3000-apps-never-20260714-100618-4-nvhe-q3-rate85-4
[2026-07-16T16:27:07+08:00] cooldown 30s
[2026-07-16T16:33:45+08:00] cooldown 30s
[2026-07-16T16:34:15+08:00] starting RabbitMQ image=rabbitmq@sha256:8734b9e9cd03d12b2e1d973415fc4c5c941c5eca351b4bd63f721782b1bf7c8b data=/kylin-lmbench-exp-work/rabbitmq/run-d3000-apps-never-20260714-100618-4-nvhe-q3-rate85-5
[2026-07-16T16:35:19+08:00] cooldown 30s
[2026-07-16T16:41:57+08:00] cooldown 30s
[2026-07-16T16:42:27+08:00] starting RabbitMQ image=rabbitmq@sha256:8734b9e9cd03d12b2e1d973415fc4c5c941c5eca351b4bd63f721782b1bf7c8b data=/kylin-lmbench-exp-work/rabbitmq/run-d3000-apps-never-20260714-100618-4-nvhe-q4-join-late-1
[2026-07-16T16:43:31+08:00] cooldown 30s
[2026-07-16T16:50:09+08:00] cooldown 30s
[2026-07-16T16:50:39+08:00] starting RabbitMQ image=rabbitmq@sha256:8734b9e9cd03d12b2e1d973415fc4c5c941c5eca351b4bd63f721782b1bf7c8b data=/kylin-lmbench-exp-work/rabbitmq/run-d3000-apps-never-20260714-100618-4-nvhe-q4-join-late-2
[2026-07-16T16:51:43+08:00] cooldown 30s
[2026-07-16T16:58:21+08:00] cooldown 30s
[2026-07-16T16:58:51+08:00] starting RabbitMQ image=rabbitmq@sha256:8734b9e9cd03d12b2e1d973415fc4c5c941c5eca351b4bd63f721782b1bf7c8b data=/kylin-lmbench-exp-work/rabbitmq/run-d3000-apps-never-20260714-100618-4-nvhe-q4-join-late-3
[2026-07-16T16:59:55+08:00] cooldown 30s
[2026-07-16T17:06:33+08:00] cooldown 30s
[2026-07-16T17:07:03+08:00] starting RabbitMQ image=rabbitmq@sha256:8734b9e9cd03d12b2e1d973415fc4c5c941c5eca351b4bd63f721782b1bf7c8b data=/kylin-lmbench-exp-work/rabbitmq/run-d3000-apps-never-20260714-100618-4-nvhe-q4-join-late-4
[2026-07-16T17:08:07+08:00] cooldown 30s
[2026-07-16T17:14:45+08:00] cooldown 30s
[2026-07-16T17:15:15+08:00] starting RabbitMQ image=rabbitmq@sha256:8734b9e9cd03d12b2e1d973415fc4c5c941c5eca351b4bd63f721782b1bf7c8b data=/kylin-lmbench-exp-work/rabbitmq/run-d3000-apps-never-20260714-100618-4-nvhe-q4-join-late-5
[2026-07-16T17:16:19+08:00] cooldown 30s
[2026-07-16T17:22:57+08:00] cooldown 30s
[2026-07-16T17:23:27+08:00] starting RabbitMQ image=rabbitmq@sha256:8734b9e9cd03d12b2e1d973415fc4c5c941c5eca351b4bd63f721782b1bf7c8b data=/kylin-lmbench-exp-work/rabbitmq/run-d3000-apps-never-20260714-100618-4-nvhe-q5-backlog-1
[2026-07-16T17:24:31+08:00] cooldown 30s
[2026-07-16T17:25:40+08:00] cooldown 30s
[2026-07-16T17:26:10+08:00] starting RabbitMQ image=rabbitmq@sha256:8734b9e9cd03d12b2e1d973415fc4c5c941c5eca351b4bd63f721782b1bf7c8b data=/kylin-lmbench-exp-work/rabbitmq/run-d3000-apps-never-20260714-100618-4-nvhe-q5-backlog-2
[2026-07-16T17:27:14+08:00] cooldown 30s
[2026-07-16T17:28:22+08:00] cooldown 30s
[2026-07-16T17:28:52+08:00] starting RabbitMQ image=rabbitmq@sha256:8734b9e9cd03d12b2e1d973415fc4c5c941c5eca351b4bd63f721782b1bf7c8b data=/kylin-lmbench-exp-work/rabbitmq/run-d3000-apps-never-20260714-100618-4-nvhe-q5-backlog-3
[2026-07-16T17:29:57+08:00] cooldown 30s
[2026-07-16T17:31:10+08:00] cooldown 30s
[2026-07-16T17:31:40+08:00] starting RabbitMQ image=rabbitmq@sha256:8734b9e9cd03d12b2e1d973415fc4c5c941c5eca351b4bd63f721782b1bf7c8b data=/kylin-lmbench-exp-work/rabbitmq/run-d3000-apps-never-20260714-100618-4-nvhe-q5-backlog-4
[2026-07-16T17:32:44+08:00] cooldown 30s
[2026-07-16T17:33:52+08:00] cooldown 30s
[2026-07-16T17:34:23+08:00] starting RabbitMQ image=rabbitmq@sha256:8734b9e9cd03d12b2e1d973415fc4c5c941c5eca351b4bd63f721782b1bf7c8b data=/kylin-lmbench-exp-work/rabbitmq/run-d3000-apps-never-20260714-100618-4-nvhe-q5-backlog-5
[2026-07-16T17:35:27+08:00] cooldown 30s
[2026-07-16T17:36:35+08:00] cooldown 30s
[2026-07-16T17:37:05+08:00] pair=4 mode=nvhe project=redis
[2026-07-16T17:37:05+08:00] THP profile=never project=redis effective=never
[2026-07-16T17:42:27+08:00] cooldown 30s
[2026-07-16T17:48:17+08:00] cooldown 30s
[2026-07-16T17:54:07+08:00] cooldown 30s
[2026-07-16T17:59:57+08:00] cooldown 30s
[2026-07-16T18:05:47+08:00] cooldown 30s
[2026-07-16T18:09:37+08:00] cooldown 30s
[2026-07-16T18:13:27+08:00] cooldown 30s
[2026-07-16T18:17:17+08:00] cooldown 30s
[2026-07-16T18:21:07+08:00] cooldown 30s
[2026-07-16T18:24:57+08:00] cooldown 30s
[2026-07-16T18:30:48+08:00] cooldown 30s
[2026-07-16T18:36:39+08:00] cooldown 30s
[2026-07-16T18:42:31+08:00] cooldown 30s
[2026-07-16T18:48:22+08:00] cooldown 30s
[2026-07-16T18:54:13+08:00] cooldown 30s
[2026-07-16T19:01:04+08:00] cooldown 30s
[2026-07-16T19:07:54+08:00] cooldown 30s
[2026-07-16T19:14:45+08:00] cooldown 30s
[2026-07-16T19:21:35+08:00] cooldown 30s
[2026-07-16T19:28:26+08:00] cooldown 30s
[2026-07-16T19:28:56+08:00] THP profile=never project=anchors effective=never
[2026-07-16T19:30:36+08:00] completed end anchors
[2026-07-16T19:30:36+08:00] verified one-shot GRUB next_entry=d3000-6.6.30-nvhe in active ESP grubenv
[2026-07-16T19:30:36+08:00] leg=10 complete; rebooting into nvhe for leg=11
[2026-07-16T19:31:34+08:00] leg=11 stage=formal pair=5 expected=nvhe starting
[2026-07-16T19:31:35+08:00] host prepared: CPUs=0-7 governor=performance ASLR=2 swap=off target=multi-user
[2026-07-16T19:31:36+08:00] THP profile=never project=anchors effective=never
[2026-07-16T19:33:17+08:00] completed start anchors
[2026-07-16T19:33:17+08:00] pair=5 mode=nvhe project=redis
[2026-07-16T19:33:17+08:00] THP profile=never project=redis effective=never
[2026-07-16T19:38:38+08:00] cooldown 30s
[2026-07-16T19:44:28+08:00] cooldown 30s
[2026-07-16T19:50:18+08:00] cooldown 30s
[2026-07-16T19:56:08+08:00] cooldown 30s
[2026-07-16T20:01:58+08:00] cooldown 30s
[2026-07-16T20:05:48+08:00] cooldown 30s
[2026-07-16T20:09:38+08:00] cooldown 30s
[2026-07-16T20:13:28+08:00] cooldown 30s
[2026-07-16T20:17:18+08:00] cooldown 30s
[2026-07-16T20:21:08+08:00] cooldown 30s
[2026-07-16T20:26:59+08:00] cooldown 30s
[2026-07-16T20:32:50+08:00] cooldown 30s
[2026-07-16T20:38:41+08:00] cooldown 30s
[2026-07-16T20:44:32+08:00] cooldown 30s
[2026-07-16T20:50:23+08:00] cooldown 30s
[2026-07-16T20:57:14+08:00] cooldown 30s
[2026-07-16T21:04:04+08:00] cooldown 30s
[2026-07-16T21:10:55+08:00] cooldown 30s
[2026-07-16T21:17:45+08:00] cooldown 30s
[2026-07-16T21:24:36+08:00] cooldown 30s
[2026-07-16T21:25:06+08:00] pair=5 mode=nvhe project=geek
[2026-07-16T21:25:07+08:00] THP profile=never project=geekbench effective=never
[2026-07-16T21:25:07+08:00] Geekbench non-scoring warmup
[2026-07-16T21:31:46+08:00] cooldown 30s
[2026-07-16T21:32:16+08:00] Geekbench formal run 1/5
[2026-07-16T21:38:56+08:00] cooldown 30s
[2026-07-16T21:39:26+08:00] Geekbench formal run 2/5
[2026-07-16T21:46:05+08:00] cooldown 30s
[2026-07-16T21:46:35+08:00] Geekbench formal run 3/5
[2026-07-16T21:53:16+08:00] cooldown 30s
[2026-07-16T21:53:46+08:00] Geekbench formal run 4/5
[2026-07-16T22:00:25+08:00] cooldown 30s
[2026-07-16T22:00:55+08:00] Geekbench formal run 5/5
[2026-07-16T22:07:34+08:00] cooldown 30s
[2026-07-16T22:08:04+08:00] completed Geekbench CPU suite
[2026-07-16T22:08:04+08:00] pair=5 mode=nvhe project=rabbitmq
[2026-07-16T22:08:04+08:00] THP profile=never project=rabbitmq effective=never
[2026-07-16T22:08:04+08:00] starting RabbitMQ image=rabbitmq@sha256:8734b9e9cd03d12b2e1d973415fc4c5c941c5eca351b4bd63f721782b1bf7c8b data=/kylin-lmbench-exp-work/rabbitmq/run-d3000-apps-never-20260714-100618-5-nvhe-q1-one-fast-1
[2026-07-16T22:09:08+08:00] cooldown 30s
[2026-07-16T22:15:46+08:00] cooldown 30s
[2026-07-16T22:16:16+08:00] starting RabbitMQ image=rabbitmq@sha256:8734b9e9cd03d12b2e1d973415fc4c5c941c5eca351b4bd63f721782b1bf7c8b data=/kylin-lmbench-exp-work/rabbitmq/run-d3000-apps-never-20260714-100618-5-nvhe-q1-one-fast-2
[2026-07-16T22:17:20+08:00] cooldown 30s
[2026-07-16T22:23:58+08:00] cooldown 30s
[2026-07-16T22:24:28+08:00] starting RabbitMQ image=rabbitmq@sha256:8734b9e9cd03d12b2e1d973415fc4c5c941c5eca351b4bd63f721782b1bf7c8b data=/kylin-lmbench-exp-work/rabbitmq/run-d3000-apps-never-20260714-100618-5-nvhe-q1-one-fast-3
[2026-07-16T22:25:32+08:00] cooldown 30s
[2026-07-16T22:32:10+08:00] cooldown 30s
[2026-07-16T22:32:40+08:00] starting RabbitMQ image=rabbitmq@sha256:8734b9e9cd03d12b2e1d973415fc4c5c941c5eca351b4bd63f721782b1bf7c8b data=/kylin-lmbench-exp-work/rabbitmq/run-d3000-apps-never-20260714-100618-5-nvhe-q1-one-fast-4
[2026-07-16T22:33:44+08:00] cooldown 30s
[2026-07-16T22:40:22+08:00] cooldown 30s
[2026-07-16T22:40:52+08:00] starting RabbitMQ image=rabbitmq@sha256:8734b9e9cd03d12b2e1d973415fc4c5c941c5eca351b4bd63f721782b1bf7c8b data=/kylin-lmbench-exp-work/rabbitmq/run-d3000-apps-never-20260714-100618-5-nvhe-q1-one-fast-5
[2026-07-16T22:41:56+08:00] cooldown 30s
[2026-07-16T22:48:34+08:00] cooldown 30s
[2026-07-16T22:49:04+08:00] starting RabbitMQ image=rabbitmq@sha256:8734b9e9cd03d12b2e1d973415fc4c5c941c5eca351b4bd63f721782b1bf7c8b data=/kylin-lmbench-exp-work/rabbitmq/run-d3000-apps-never-20260714-100618-5-nvhe-q2-reliable-1
[2026-07-16T22:50:08+08:00] cooldown 30s
[2026-07-16T22:56:46+08:00] cooldown 30s
[2026-07-16T22:57:16+08:00] starting RabbitMQ image=rabbitmq@sha256:8734b9e9cd03d12b2e1d973415fc4c5c941c5eca351b4bd63f721782b1bf7c8b data=/kylin-lmbench-exp-work/rabbitmq/run-d3000-apps-never-20260714-100618-5-nvhe-q2-reliable-2
[2026-07-16T22:58:21+08:00] cooldown 30s
[2026-07-16T23:04:59+08:00] cooldown 30s
[2026-07-16T23:05:29+08:00] starting RabbitMQ image=rabbitmq@sha256:8734b9e9cd03d12b2e1d973415fc4c5c941c5eca351b4bd63f721782b1bf7c8b data=/kylin-lmbench-exp-work/rabbitmq/run-d3000-apps-never-20260714-100618-5-nvhe-q2-reliable-3
[2026-07-16T23:06:33+08:00] cooldown 30s
[2026-07-16T23:13:11+08:00] cooldown 30s
[2026-07-16T23:13:41+08:00] starting RabbitMQ image=rabbitmq@sha256:8734b9e9cd03d12b2e1d973415fc4c5c941c5eca351b4bd63f721782b1bf7c8b data=/kylin-lmbench-exp-work/rabbitmq/run-d3000-apps-never-20260714-100618-5-nvhe-q2-reliable-4
[2026-07-16T23:14:45+08:00] cooldown 30s
[2026-07-16T23:21:23+08:00] cooldown 30s
[2026-07-16T23:21:54+08:00] starting RabbitMQ image=rabbitmq@sha256:8734b9e9cd03d12b2e1d973415fc4c5c941c5eca351b4bd63f721782b1bf7c8b data=/kylin-lmbench-exp-work/rabbitmq/run-d3000-apps-never-20260714-100618-5-nvhe-q2-reliable-5
[2026-07-16T23:22:58+08:00] cooldown 30s
[2026-07-16T23:29:36+08:00] cooldown 30s
[2026-07-16T23:30:06+08:00] starting RabbitMQ image=rabbitmq@sha256:8734b9e9cd03d12b2e1d973415fc4c5c941c5eca351b4bd63f721782b1bf7c8b data=/kylin-lmbench-exp-work/rabbitmq/run-d3000-apps-never-20260714-100618-5-nvhe-q3-rate50-1
[2026-07-16T23:31:10+08:00] cooldown 30s
[2026-07-16T23:37:48+08:00] cooldown 30s
[2026-07-16T23:38:18+08:00] starting RabbitMQ image=rabbitmq@sha256:8734b9e9cd03d12b2e1d973415fc4c5c941c5eca351b4bd63f721782b1bf7c8b data=/kylin-lmbench-exp-work/rabbitmq/run-d3000-apps-never-20260714-100618-5-nvhe-q3-rate50-2
[2026-07-16T23:39:22+08:00] cooldown 30s
[2026-07-16T23:46:00+08:00] cooldown 30s
[2026-07-16T23:46:31+08:00] starting RabbitMQ image=rabbitmq@sha256:8734b9e9cd03d12b2e1d973415fc4c5c941c5eca351b4bd63f721782b1bf7c8b data=/kylin-lmbench-exp-work/rabbitmq/run-d3000-apps-never-20260714-100618-5-nvhe-q3-rate50-3
[2026-07-16T23:47:35+08:00] cooldown 30s
[2026-07-16T23:54:13+08:00] cooldown 30s
[2026-07-16T23:54:43+08:00] starting RabbitMQ image=rabbitmq@sha256:8734b9e9cd03d12b2e1d973415fc4c5c941c5eca351b4bd63f721782b1bf7c8b data=/kylin-lmbench-exp-work/rabbitmq/run-d3000-apps-never-20260714-100618-5-nvhe-q3-rate50-4
[2026-07-16T23:55:47+08:00] cooldown 30s
[2026-07-17T00:02:25+08:00] cooldown 30s
[2026-07-17T00:02:55+08:00] starting RabbitMQ image=rabbitmq@sha256:8734b9e9cd03d12b2e1d973415fc4c5c941c5eca351b4bd63f721782b1bf7c8b data=/kylin-lmbench-exp-work/rabbitmq/run-d3000-apps-never-20260714-100618-5-nvhe-q3-rate50-5
[2026-07-17T00:03:59+08:00] cooldown 30s
[2026-07-17T00:10:37+08:00] cooldown 30s
[2026-07-17T00:11:07+08:00] starting RabbitMQ image=rabbitmq@sha256:8734b9e9cd03d12b2e1d973415fc4c5c941c5eca351b4bd63f721782b1bf7c8b data=/kylin-lmbench-exp-work/rabbitmq/run-d3000-apps-never-20260714-100618-5-nvhe-q3-rate70-1
[2026-07-17T00:12:11+08:00] cooldown 30s
[2026-07-17T00:18:49+08:00] cooldown 30s
[2026-07-17T00:19:19+08:00] starting RabbitMQ image=rabbitmq@sha256:8734b9e9cd03d12b2e1d973415fc4c5c941c5eca351b4bd63f721782b1bf7c8b data=/kylin-lmbench-exp-work/rabbitmq/run-d3000-apps-never-20260714-100618-5-nvhe-q3-rate70-2
[2026-07-17T00:20:23+08:00] cooldown 30s
[2026-07-17T00:27:01+08:00] cooldown 30s
[2026-07-17T00:27:31+08:00] starting RabbitMQ image=rabbitmq@sha256:8734b9e9cd03d12b2e1d973415fc4c5c941c5eca351b4bd63f721782b1bf7c8b data=/kylin-lmbench-exp-work/rabbitmq/run-d3000-apps-never-20260714-100618-5-nvhe-q3-rate70-3
[2026-07-17T00:28:35+08:00] cooldown 30s
[2026-07-17T00:35:13+08:00] cooldown 30s
[2026-07-17T00:35:43+08:00] starting RabbitMQ image=rabbitmq@sha256:8734b9e9cd03d12b2e1d973415fc4c5c941c5eca351b4bd63f721782b1bf7c8b data=/kylin-lmbench-exp-work/rabbitmq/run-d3000-apps-never-20260714-100618-5-nvhe-q3-rate70-4
[2026-07-17T00:36:47+08:00] cooldown 30s
[2026-07-17T00:43:25+08:00] cooldown 30s
[2026-07-17T00:43:55+08:00] starting RabbitMQ image=rabbitmq@sha256:8734b9e9cd03d12b2e1d973415fc4c5c941c5eca351b4bd63f721782b1bf7c8b data=/kylin-lmbench-exp-work/rabbitmq/run-d3000-apps-never-20260714-100618-5-nvhe-q3-rate70-5
[2026-07-17T00:44:59+08:00] cooldown 30s
[2026-07-17T00:51:37+08:00] cooldown 30s
[2026-07-17T00:52:07+08:00] starting RabbitMQ image=rabbitmq@sha256:8734b9e9cd03d12b2e1d973415fc4c5c941c5eca351b4bd63f721782b1bf7c8b data=/kylin-lmbench-exp-work/rabbitmq/run-d3000-apps-never-20260714-100618-5-nvhe-q3-rate85-1
[2026-07-17T00:53:11+08:00] cooldown 30s
[2026-07-17T00:59:49+08:00] cooldown 30s
[2026-07-17T01:00:19+08:00] starting RabbitMQ image=rabbitmq@sha256:8734b9e9cd03d12b2e1d973415fc4c5c941c5eca351b4bd63f721782b1bf7c8b data=/kylin-lmbench-exp-work/rabbitmq/run-d3000-apps-never-20260714-100618-5-nvhe-q3-rate85-2
[2026-07-17T01:01:23+08:00] cooldown 30s
[2026-07-17T01:08:01+08:00] cooldown 30s
[2026-07-17T01:08:31+08:00] starting RabbitMQ image=rabbitmq@sha256:8734b9e9cd03d12b2e1d973415fc4c5c941c5eca351b4bd63f721782b1bf7c8b data=/kylin-lmbench-exp-work/rabbitmq/run-d3000-apps-never-20260714-100618-5-nvhe-q3-rate85-3
[2026-07-17T01:09:35+08:00] cooldown 30s
[2026-07-17T01:16:13+08:00] cooldown 30s
[2026-07-17T01:16:43+08:00] starting RabbitMQ image=rabbitmq@sha256:8734b9e9cd03d12b2e1d973415fc4c5c941c5eca351b4bd63f721782b1bf7c8b data=/kylin-lmbench-exp-work/rabbitmq/run-d3000-apps-never-20260714-100618-5-nvhe-q3-rate85-4
[2026-07-17T01:17:47+08:00] cooldown 30s
[2026-07-17T01:24:25+08:00] cooldown 30s
[2026-07-17T01:24:55+08:00] starting RabbitMQ image=rabbitmq@sha256:8734b9e9cd03d12b2e1d973415fc4c5c941c5eca351b4bd63f721782b1bf7c8b data=/kylin-lmbench-exp-work/rabbitmq/run-d3000-apps-never-20260714-100618-5-nvhe-q3-rate85-5
[2026-07-17T01:25:59+08:00] cooldown 30s
[2026-07-17T01:32:37+08:00] cooldown 30s
[2026-07-17T01:33:07+08:00] starting RabbitMQ image=rabbitmq@sha256:8734b9e9cd03d12b2e1d973415fc4c5c941c5eca351b4bd63f721782b1bf7c8b data=/kylin-lmbench-exp-work/rabbitmq/run-d3000-apps-never-20260714-100618-5-nvhe-q4-join-late-1
[2026-07-17T01:34:11+08:00] cooldown 30s
[2026-07-17T01:40:49+08:00] cooldown 30s
[2026-07-17T01:41:19+08:00] starting RabbitMQ image=rabbitmq@sha256:8734b9e9cd03d12b2e1d973415fc4c5c941c5eca351b4bd63f721782b1bf7c8b data=/kylin-lmbench-exp-work/rabbitmq/run-d3000-apps-never-20260714-100618-5-nvhe-q4-join-late-2
[2026-07-17T01:42:23+08:00] cooldown 30s
[2026-07-17T01:49:01+08:00] cooldown 30s
[2026-07-17T01:49:31+08:00] starting RabbitMQ image=rabbitmq@sha256:8734b9e9cd03d12b2e1d973415fc4c5c941c5eca351b4bd63f721782b1bf7c8b data=/kylin-lmbench-exp-work/rabbitmq/run-d3000-apps-never-20260714-100618-5-nvhe-q4-join-late-3
[2026-07-17T01:50:35+08:00] cooldown 30s
[2026-07-17T01:57:13+08:00] cooldown 30s
[2026-07-17T01:57:44+08:00] starting RabbitMQ image=rabbitmq@sha256:8734b9e9cd03d12b2e1d973415fc4c5c941c5eca351b4bd63f721782b1bf7c8b data=/kylin-lmbench-exp-work/rabbitmq/run-d3000-apps-never-20260714-100618-5-nvhe-q4-join-late-4
[2026-07-17T01:58:48+08:00] cooldown 30s
[2026-07-17T02:05:25+08:00] cooldown 30s
[2026-07-17T02:05:56+08:00] starting RabbitMQ image=rabbitmq@sha256:8734b9e9cd03d12b2e1d973415fc4c5c941c5eca351b4bd63f721782b1bf7c8b data=/kylin-lmbench-exp-work/rabbitmq/run-d3000-apps-never-20260714-100618-5-nvhe-q4-join-late-5
[2026-07-17T02:07:00+08:00] cooldown 30s
[2026-07-17T02:13:37+08:00] cooldown 30s
[2026-07-17T02:14:08+08:00] starting RabbitMQ image=rabbitmq@sha256:8734b9e9cd03d12b2e1d973415fc4c5c941c5eca351b4bd63f721782b1bf7c8b data=/kylin-lmbench-exp-work/rabbitmq/run-d3000-apps-never-20260714-100618-5-nvhe-q5-backlog-1
[2026-07-17T02:15:12+08:00] cooldown 30s
[2026-07-17T02:16:21+08:00] cooldown 30s
[2026-07-17T02:16:51+08:00] starting RabbitMQ image=rabbitmq@sha256:8734b9e9cd03d12b2e1d973415fc4c5c941c5eca351b4bd63f721782b1bf7c8b data=/kylin-lmbench-exp-work/rabbitmq/run-d3000-apps-never-20260714-100618-5-nvhe-q5-backlog-2
[2026-07-17T02:17:55+08:00] cooldown 30s
[2026-07-17T02:19:05+08:00] cooldown 30s
[2026-07-17T02:19:35+08:00] starting RabbitMQ image=rabbitmq@sha256:8734b9e9cd03d12b2e1d973415fc4c5c941c5eca351b4bd63f721782b1bf7c8b data=/kylin-lmbench-exp-work/rabbitmq/run-d3000-apps-never-20260714-100618-5-nvhe-q5-backlog-3
[2026-07-17T02:20:39+08:00] cooldown 30s
[2026-07-17T02:21:51+08:00] cooldown 30s
[2026-07-17T02:22:21+08:00] starting RabbitMQ image=rabbitmq@sha256:8734b9e9cd03d12b2e1d973415fc4c5c941c5eca351b4bd63f721782b1bf7c8b data=/kylin-lmbench-exp-work/rabbitmq/run-d3000-apps-never-20260714-100618-5-nvhe-q5-backlog-4
[2026-07-17T02:23:25+08:00] cooldown 30s
[2026-07-17T02:24:35+08:00] cooldown 30s
[2026-07-17T02:25:05+08:00] starting RabbitMQ image=rabbitmq@sha256:8734b9e9cd03d12b2e1d973415fc4c5c941c5eca351b4bd63f721782b1bf7c8b data=/kylin-lmbench-exp-work/rabbitmq/run-d3000-apps-never-20260714-100618-5-nvhe-q5-backlog-5
[2026-07-17T02:26:09+08:00] cooldown 30s
[2026-07-17T02:27:18+08:00] cooldown 30s
[2026-07-17T02:27:48+08:00] THP profile=never project=anchors effective=never
[2026-07-17T02:29:28+08:00] completed end anchors
[2026-07-17T02:29:28+08:00] verified one-shot GRUB next_entry=d3000-6.6.30-protected in active ESP grubenv
[2026-07-17T02:29:28+08:00] leg=11 complete; rebooting into protected for leg=12
[2026-07-17T02:30:30+08:00] leg=12 stage=formal pair=5 expected=protected starting
[2026-07-17T02:30:30+08:00] host prepared: CPUs=0-7 governor=performance ASLR=2 swap=off target=multi-user
[2026-07-17T02:30:30+08:00] THP profile=never project=anchors effective=never
[2026-07-17T02:32:13+08:00] completed start anchors
[2026-07-17T02:32:13+08:00] pair=5 mode=protected project=redis
[2026-07-17T02:32:13+08:00] THP profile=never project=redis effective=never
[2026-07-17T02:37:33+08:00] cooldown 30s
[2026-07-17T02:43:23+08:00] cooldown 30s
[2026-07-17T02:49:13+08:00] cooldown 30s
[2026-07-17T02:55:03+08:00] cooldown 30s
[2026-07-17T03:00:53+08:00] cooldown 30s
[2026-07-17T03:04:43+08:00] cooldown 30s
[2026-07-17T03:08:32+08:00] cooldown 30s
[2026-07-17T03:12:22+08:00] cooldown 30s
[2026-07-17T03:16:12+08:00] cooldown 30s
[2026-07-17T03:20:02+08:00] cooldown 30s
[2026-07-17T03:25:53+08:00] cooldown 30s
[2026-07-17T03:31:44+08:00] cooldown 30s
[2026-07-17T03:37:35+08:00] cooldown 30s
[2026-07-17T03:43:26+08:00] cooldown 30s
[2026-07-17T03:49:17+08:00] cooldown 30s
[2026-07-17T03:56:08+08:00] cooldown 30s
[2026-07-17T04:02:58+08:00] cooldown 30s
[2026-07-17T04:09:49+08:00] cooldown 30s
[2026-07-17T04:16:39+08:00] cooldown 30s
[2026-07-17T04:23:30+08:00] cooldown 30s
[2026-07-17T04:24:00+08:00] pair=5 mode=protected project=geek
[2026-07-17T04:24:01+08:00] THP profile=never project=geekbench effective=never
[2026-07-17T04:24:01+08:00] Geekbench non-scoring warmup
[2026-07-17T04:30:42+08:00] cooldown 30s
[2026-07-17T04:31:12+08:00] Geekbench formal run 1/5
[2026-07-17T04:37:53+08:00] cooldown 30s
[2026-07-17T04:38:23+08:00] Geekbench formal run 2/5
[2026-07-17T04:45:03+08:00] cooldown 30s
[2026-07-17T04:45:33+08:00] Geekbench formal run 3/5
[2026-07-17T04:52:14+08:00] cooldown 30s
[2026-07-17T04:52:44+08:00] Geekbench formal run 4/5
[2026-07-17T04:59:24+08:00] cooldown 30s
[2026-07-17T04:59:54+08:00] Geekbench formal run 5/5
[2026-07-17T05:06:35+08:00] cooldown 30s
[2026-07-17T05:07:05+08:00] completed Geekbench CPU suite
[2026-07-17T05:07:05+08:00] pair=5 mode=protected project=rabbitmq
[2026-07-17T05:07:05+08:00] THP profile=never project=rabbitmq effective=never
[2026-07-17T05:07:05+08:00] starting RabbitMQ image=rabbitmq@sha256:8734b9e9cd03d12b2e1d973415fc4c5c941c5eca351b4bd63f721782b1bf7c8b data=/kylin-lmbench-exp-work/rabbitmq/run-d3000-apps-never-20260714-100618-5-protected-q1-one-fast-1
[2026-07-17T05:08:09+08:00] cooldown 30s
[2026-07-17T05:14:47+08:00] cooldown 30s
[2026-07-17T05:15:17+08:00] starting RabbitMQ image=rabbitmq@sha256:8734b9e9cd03d12b2e1d973415fc4c5c941c5eca351b4bd63f721782b1bf7c8b data=/kylin-lmbench-exp-work/rabbitmq/run-d3000-apps-never-20260714-100618-5-protected-q1-one-fast-2
[2026-07-17T05:16:21+08:00] cooldown 30s
[2026-07-17T05:22:59+08:00] cooldown 30s
[2026-07-17T05:23:29+08:00] starting RabbitMQ image=rabbitmq@sha256:8734b9e9cd03d12b2e1d973415fc4c5c941c5eca351b4bd63f721782b1bf7c8b data=/kylin-lmbench-exp-work/rabbitmq/run-d3000-apps-never-20260714-100618-5-protected-q1-one-fast-3
[2026-07-17T05:24:33+08:00] cooldown 30s
[2026-07-17T05:31:11+08:00] cooldown 30s
[2026-07-17T05:31:41+08:00] starting RabbitMQ image=rabbitmq@sha256:8734b9e9cd03d12b2e1d973415fc4c5c941c5eca351b4bd63f721782b1bf7c8b data=/kylin-lmbench-exp-work/rabbitmq/run-d3000-apps-never-20260714-100618-5-protected-q1-one-fast-4
[2026-07-17T05:32:45+08:00] cooldown 30s
[2026-07-17T05:39:23+08:00] cooldown 30s
[2026-07-17T05:39:53+08:00] starting RabbitMQ image=rabbitmq@sha256:8734b9e9cd03d12b2e1d973415fc4c5c941c5eca351b4bd63f721782b1bf7c8b data=/kylin-lmbench-exp-work/rabbitmq/run-d3000-apps-never-20260714-100618-5-protected-q1-one-fast-5
[2026-07-17T05:40:57+08:00] cooldown 30s
[2026-07-17T05:47:35+08:00] cooldown 30s
[2026-07-17T05:48:05+08:00] starting RabbitMQ image=rabbitmq@sha256:8734b9e9cd03d12b2e1d973415fc4c5c941c5eca351b4bd63f721782b1bf7c8b data=/kylin-lmbench-exp-work/rabbitmq/run-d3000-apps-never-20260714-100618-5-protected-q2-reliable-1
[2026-07-17T05:49:09+08:00] cooldown 30s
[2026-07-17T05:55:48+08:00] cooldown 30s
[2026-07-17T05:56:18+08:00] starting RabbitMQ image=rabbitmq@sha256:8734b9e9cd03d12b2e1d973415fc4c5c941c5eca351b4bd63f721782b1bf7c8b data=/kylin-lmbench-exp-work/rabbitmq/run-d3000-apps-never-20260714-100618-5-protected-q2-reliable-2
[2026-07-17T05:57:22+08:00] cooldown 30s
[2026-07-17T06:04:00+08:00] cooldown 30s
[2026-07-17T06:04:30+08:00] starting RabbitMQ image=rabbitmq@sha256:8734b9e9cd03d12b2e1d973415fc4c5c941c5eca351b4bd63f721782b1bf7c8b data=/kylin-lmbench-exp-work/rabbitmq/run-d3000-apps-never-20260714-100618-5-protected-q2-reliable-3
[2026-07-17T06:05:34+08:00] cooldown 30s
[2026-07-17T06:12:12+08:00] cooldown 30s
[2026-07-17T06:12:43+08:00] starting RabbitMQ image=rabbitmq@sha256:8734b9e9cd03d12b2e1d973415fc4c5c941c5eca351b4bd63f721782b1bf7c8b data=/kylin-lmbench-exp-work/rabbitmq/run-d3000-apps-never-20260714-100618-5-protected-q2-reliable-4
[2026-07-17T06:13:47+08:00] cooldown 30s
[2026-07-17T06:20:25+08:00] cooldown 30s
[2026-07-17T06:20:55+08:00] starting RabbitMQ image=rabbitmq@sha256:8734b9e9cd03d12b2e1d973415fc4c5c941c5eca351b4bd63f721782b1bf7c8b data=/kylin-lmbench-exp-work/rabbitmq/run-d3000-apps-never-20260714-100618-5-protected-q2-reliable-5
[2026-07-17T06:22:00+08:00] cooldown 30s
[2026-07-17T06:28:38+08:00] cooldown 30s
[2026-07-17T06:29:08+08:00] starting RabbitMQ image=rabbitmq@sha256:8734b9e9cd03d12b2e1d973415fc4c5c941c5eca351b4bd63f721782b1bf7c8b data=/kylin-lmbench-exp-work/rabbitmq/run-d3000-apps-never-20260714-100618-5-protected-q3-rate50-1
[2026-07-17T06:30:12+08:00] cooldown 30s
[2026-07-17T06:36:50+08:00] cooldown 30s
[2026-07-17T06:37:20+08:00] starting RabbitMQ image=rabbitmq@sha256:8734b9e9cd03d12b2e1d973415fc4c5c941c5eca351b4bd63f721782b1bf7c8b data=/kylin-lmbench-exp-work/rabbitmq/run-d3000-apps-never-20260714-100618-5-protected-q3-rate50-2
[2026-07-17T06:38:24+08:00] cooldown 30s
[2026-07-17T06:45:02+08:00] cooldown 30s
[2026-07-17T06:45:32+08:00] starting RabbitMQ image=rabbitmq@sha256:8734b9e9cd03d12b2e1d973415fc4c5c941c5eca351b4bd63f721782b1bf7c8b data=/kylin-lmbench-exp-work/rabbitmq/run-d3000-apps-never-20260714-100618-5-protected-q3-rate50-3
[2026-07-17T06:46:36+08:00] cooldown 30s
[2026-07-17T06:53:14+08:00] cooldown 30s
[2026-07-17T06:53:44+08:00] starting RabbitMQ image=rabbitmq@sha256:8734b9e9cd03d12b2e1d973415fc4c5c941c5eca351b4bd63f721782b1bf7c8b data=/kylin-lmbench-exp-work/rabbitmq/run-d3000-apps-never-20260714-100618-5-protected-q3-rate50-4
[2026-07-17T06:54:48+08:00] cooldown 30s
[2026-07-17T07:01:26+08:00] cooldown 30s
[2026-07-17T07:01:56+08:00] starting RabbitMQ image=rabbitmq@sha256:8734b9e9cd03d12b2e1d973415fc4c5c941c5eca351b4bd63f721782b1bf7c8b data=/kylin-lmbench-exp-work/rabbitmq/run-d3000-apps-never-20260714-100618-5-protected-q3-rate50-5
[2026-07-17T07:03:01+08:00] cooldown 30s
[2026-07-17T07:09:38+08:00] cooldown 30s
[2026-07-17T07:10:09+08:00] starting RabbitMQ image=rabbitmq@sha256:8734b9e9cd03d12b2e1d973415fc4c5c941c5eca351b4bd63f721782b1bf7c8b data=/kylin-lmbench-exp-work/rabbitmq/run-d3000-apps-never-20260714-100618-5-protected-q3-rate70-1
[2026-07-17T07:11:13+08:00] cooldown 30s
[2026-07-17T07:17:51+08:00] cooldown 30s
[2026-07-17T07:18:21+08:00] starting RabbitMQ image=rabbitmq@sha256:8734b9e9cd03d12b2e1d973415fc4c5c941c5eca351b4bd63f721782b1bf7c8b data=/kylin-lmbench-exp-work/rabbitmq/run-d3000-apps-never-20260714-100618-5-protected-q3-rate70-2
[2026-07-17T07:19:25+08:00] cooldown 30s
[2026-07-17T07:26:03+08:00] cooldown 30s
[2026-07-17T07:26:33+08:00] starting RabbitMQ image=rabbitmq@sha256:8734b9e9cd03d12b2e1d973415fc4c5c941c5eca351b4bd63f721782b1bf7c8b data=/kylin-lmbench-exp-work/rabbitmq/run-d3000-apps-never-20260714-100618-5-protected-q3-rate70-3
[2026-07-17T07:27:37+08:00] cooldown 30s
[2026-07-17T07:34:15+08:00] cooldown 30s
[2026-07-17T07:34:45+08:00] starting RabbitMQ image=rabbitmq@sha256:8734b9e9cd03d12b2e1d973415fc4c5c941c5eca351b4bd63f721782b1bf7c8b data=/kylin-lmbench-exp-work/rabbitmq/run-d3000-apps-never-20260714-100618-5-protected-q3-rate70-4
[2026-07-17T07:35:49+08:00] cooldown 30s
[2026-07-17T07:42:27+08:00] cooldown 30s
[2026-07-17T07:42:58+08:00] starting RabbitMQ image=rabbitmq@sha256:8734b9e9cd03d12b2e1d973415fc4c5c941c5eca351b4bd63f721782b1bf7c8b data=/kylin-lmbench-exp-work/rabbitmq/run-d3000-apps-never-20260714-100618-5-protected-q3-rate70-5
[2026-07-17T07:44:02+08:00] cooldown 30s
[2026-07-17T07:50:40+08:00] cooldown 30s
[2026-07-17T07:51:10+08:00] starting RabbitMQ image=rabbitmq@sha256:8734b9e9cd03d12b2e1d973415fc4c5c941c5eca351b4bd63f721782b1bf7c8b data=/kylin-lmbench-exp-work/rabbitmq/run-d3000-apps-never-20260714-100618-5-protected-q3-rate85-1
[2026-07-17T07:52:14+08:00] cooldown 30s
[2026-07-17T07:58:52+08:00] cooldown 30s
[2026-07-17T07:59:22+08:00] starting RabbitMQ image=rabbitmq@sha256:8734b9e9cd03d12b2e1d973415fc4c5c941c5eca351b4bd63f721782b1bf7c8b data=/kylin-lmbench-exp-work/rabbitmq/run-d3000-apps-never-20260714-100618-5-protected-q3-rate85-2
[2026-07-17T08:00:26+08:00] cooldown 30s
[2026-07-17T08:07:04+08:00] cooldown 30s
[2026-07-17T08:07:35+08:00] starting RabbitMQ image=rabbitmq@sha256:8734b9e9cd03d12b2e1d973415fc4c5c941c5eca351b4bd63f721782b1bf7c8b data=/kylin-lmbench-exp-work/rabbitmq/run-d3000-apps-never-20260714-100618-5-protected-q3-rate85-3
[2026-07-17T08:08:39+08:00] cooldown 30s
[2026-07-17T08:15:17+08:00] cooldown 30s
[2026-07-17T08:15:47+08:00] starting RabbitMQ image=rabbitmq@sha256:8734b9e9cd03d12b2e1d973415fc4c5c941c5eca351b4bd63f721782b1bf7c8b data=/kylin-lmbench-exp-work/rabbitmq/run-d3000-apps-never-20260714-100618-5-protected-q3-rate85-4
[2026-07-17T08:16:51+08:00] cooldown 30s
[2026-07-17T08:23:29+08:00] cooldown 30s
[2026-07-17T08:23:59+08:00] starting RabbitMQ image=rabbitmq@sha256:8734b9e9cd03d12b2e1d973415fc4c5c941c5eca351b4bd63f721782b1bf7c8b data=/kylin-lmbench-exp-work/rabbitmq/run-d3000-apps-never-20260714-100618-5-protected-q3-rate85-5
[2026-07-17T08:25:03+08:00] cooldown 30s
[2026-07-17T08:31:41+08:00] cooldown 30s
[2026-07-17T08:32:11+08:00] starting RabbitMQ image=rabbitmq@sha256:8734b9e9cd03d12b2e1d973415fc4c5c941c5eca351b4bd63f721782b1bf7c8b data=/kylin-lmbench-exp-work/rabbitmq/run-d3000-apps-never-20260714-100618-5-protected-q4-join-late-1
[2026-07-17T08:33:15+08:00] cooldown 30s
[2026-07-17T08:39:53+08:00] cooldown 30s
[2026-07-17T08:40:23+08:00] starting RabbitMQ image=rabbitmq@sha256:8734b9e9cd03d12b2e1d973415fc4c5c941c5eca351b4bd63f721782b1bf7c8b data=/kylin-lmbench-exp-work/rabbitmq/run-d3000-apps-never-20260714-100618-5-protected-q4-join-late-2
[2026-07-17T08:41:27+08:00] cooldown 30s
[2026-07-17T08:48:05+08:00] cooldown 30s
[2026-07-17T08:48:35+08:00] starting RabbitMQ image=rabbitmq@sha256:8734b9e9cd03d12b2e1d973415fc4c5c941c5eca351b4bd63f721782b1bf7c8b data=/kylin-lmbench-exp-work/rabbitmq/run-d3000-apps-never-20260714-100618-5-protected-q4-join-late-3
[2026-07-17T08:49:39+08:00] cooldown 30s
[2026-07-17T08:56:17+08:00] cooldown 30s
[2026-07-17T08:56:47+08:00] starting RabbitMQ image=rabbitmq@sha256:8734b9e9cd03d12b2e1d973415fc4c5c941c5eca351b4bd63f721782b1bf7c8b data=/kylin-lmbench-exp-work/rabbitmq/run-d3000-apps-never-20260714-100618-5-protected-q4-join-late-4
[2026-07-17T08:57:52+08:00] cooldown 30s
[2026-07-17T09:04:29+08:00] cooldown 30s
[2026-07-17T09:04:59+08:00] starting RabbitMQ image=rabbitmq@sha256:8734b9e9cd03d12b2e1d973415fc4c5c941c5eca351b4bd63f721782b1bf7c8b data=/kylin-lmbench-exp-work/rabbitmq/run-d3000-apps-never-20260714-100618-5-protected-q4-join-late-5
[2026-07-17T09:06:04+08:00] cooldown 30s
[2026-07-17T09:12:41+08:00] cooldown 30s
[2026-07-17T09:13:12+08:00] starting RabbitMQ image=rabbitmq@sha256:8734b9e9cd03d12b2e1d973415fc4c5c941c5eca351b4bd63f721782b1bf7c8b data=/kylin-lmbench-exp-work/rabbitmq/run-d3000-apps-never-20260714-100618-5-protected-q5-backlog-1
[2026-07-17T09:14:16+08:00] cooldown 30s
[2026-07-17T09:15:25+08:00] cooldown 30s
[2026-07-17T09:15:56+08:00] starting RabbitMQ image=rabbitmq@sha256:8734b9e9cd03d12b2e1d973415fc4c5c941c5eca351b4bd63f721782b1bf7c8b data=/kylin-lmbench-exp-work/rabbitmq/run-d3000-apps-never-20260714-100618-5-protected-q5-backlog-2
[2026-07-17T09:17:00+08:00] cooldown 30s
[2026-07-17T09:18:10+08:00] cooldown 30s
[2026-07-17T09:18:40+08:00] starting RabbitMQ image=rabbitmq@sha256:8734b9e9cd03d12b2e1d973415fc4c5c941c5eca351b4bd63f721782b1bf7c8b data=/kylin-lmbench-exp-work/rabbitmq/run-d3000-apps-never-20260714-100618-5-protected-q5-backlog-3
[2026-07-17T09:19:44+08:00] cooldown 30s
[2026-07-17T09:20:56+08:00] cooldown 30s
[2026-07-17T09:21:26+08:00] starting RabbitMQ image=rabbitmq@sha256:8734b9e9cd03d12b2e1d973415fc4c5c941c5eca351b4bd63f721782b1bf7c8b data=/kylin-lmbench-exp-work/rabbitmq/run-d3000-apps-never-20260714-100618-5-protected-q5-backlog-4
[2026-07-17T09:22:30+08:00] cooldown 30s
[2026-07-17T09:23:42+08:00] cooldown 30s
[2026-07-17T09:24:13+08:00] starting RabbitMQ image=rabbitmq@sha256:8734b9e9cd03d12b2e1d973415fc4c5c941c5eca351b4bd63f721782b1bf7c8b data=/kylin-lmbench-exp-work/rabbitmq/run-d3000-apps-never-20260714-100618-5-protected-q5-backlog-5
[2026-07-17T09:25:17+08:00] cooldown 30s
[2026-07-17T09:26:27+08:00] cooldown 30s
[2026-07-17T09:26:57+08:00] THP profile=never project=anchors effective=never
[2026-07-17T09:28:38+08:00] completed end anchors
[2026-07-17T09:28:38+08:00] campaign complete; rebooting to default VHE
[2026-07-17T09:32:24+08:00] verified one-shot GRUB next_entry=d3000-6.6.30-nvhe in active ESP grubenv
[2026-07-17T09:32:24+08:00] campaign=d3000-apps-always-20260717-093223 thp_profile=always initialized; rebooting into calibration nVHE
[2026-07-17T09:33:20+08:00] leg=1 stage=calibration pair=calibration expected=nvhe starting
[2026-07-17T09:33:21+08:00] host prepared: CPUs=0-7 governor=performance ASLR=2 swap=off target=multi-user
[2026-07-17T09:33:21+08:00] THP profile=always project=redis effective=always
[2026-07-17T09:36:43+08:00] cooldown 30s
[2026-07-17T09:40:33+08:00] cooldown 30s
[2026-07-17T09:44:23+08:00] cooldown 30s
[2026-07-17T09:48:13+08:00] cooldown 30s
[2026-07-17T09:52:03+08:00] cooldown 30s
[2026-07-17T09:52:33+08:00] THP profile=always project=rabbitmq effective=always
[2026-07-17T09:52:33+08:00] starting RabbitMQ image=rabbitmq@sha256:8734b9e9cd03d12b2e1d973415fc4c5c941c5eca351b4bd63f721782b1bf7c8b data=/kylin-lmbench-exp-work/rabbitmq/run-d3000-apps-always-20260717-093223-calibration-nvhe-calibration-1
[2026-07-17T09:53:37+08:00] cooldown 30s
[2026-07-17T09:57:16+08:00] cooldown 30s
[2026-07-17T09:57:46+08:00] starting RabbitMQ image=rabbitmq@sha256:8734b9e9cd03d12b2e1d973415fc4c5c941c5eca351b4bd63f721782b1bf7c8b data=/kylin-lmbench-exp-work/rabbitmq/run-d3000-apps-always-20260717-093223-calibration-nvhe-calibration-2
[2026-07-17T09:58:50+08:00] cooldown 30s
[2026-07-17T10:02:28+08:00] cooldown 30s
[2026-07-17T10:02:58+08:00] starting RabbitMQ image=rabbitmq@sha256:8734b9e9cd03d12b2e1d973415fc4c5c941c5eca351b4bd63f721782b1bf7c8b data=/kylin-lmbench-exp-work/rabbitmq/run-d3000-apps-always-20260717-093223-calibration-nvhe-calibration-3
[2026-07-17T10:04:02+08:00] cooldown 30s
[2026-07-17T10:07:40+08:00] cooldown 30s
[2026-07-17T10:08:10+08:00] starting RabbitMQ image=rabbitmq@sha256:8734b9e9cd03d12b2e1d973415fc4c5c941c5eca351b4bd63f721782b1bf7c8b data=/kylin-lmbench-exp-work/rabbitmq/run-d3000-apps-always-20260717-093223-calibration-nvhe-calibration-4
[2026-07-17T10:09:14+08:00] cooldown 30s
[2026-07-17T10:12:52+08:00] cooldown 30s
[2026-07-17T10:13:22+08:00] starting RabbitMQ image=rabbitmq@sha256:8734b9e9cd03d12b2e1d973415fc4c5c941c5eca351b4bd63f721782b1bf7c8b data=/kylin-lmbench-exp-work/rabbitmq/run-d3000-apps-always-20260717-093223-calibration-nvhe-calibration-5
[2026-07-17T10:14:26+08:00] cooldown 30s
[2026-07-17T10:18:04+08:00] cooldown 30s
[2026-07-17T10:18:35+08:00] verified one-shot GRUB next_entry=d3000-6.6.30-protected in active ESP grubenv
[2026-07-17T10:18:35+08:00] leg=1 complete; rebooting into protected for leg=2
[2026-07-17T10:19:32+08:00] leg=2 stage=calibration pair=calibration expected=protected starting
[2026-07-17T10:19:33+08:00] host prepared: CPUs=0-7 governor=performance ASLR=2 swap=off target=multi-user
[2026-07-17T10:19:33+08:00] THP profile=always project=redis effective=always
[2026-07-17T10:22:56+08:00] cooldown 30s
[2026-07-17T10:26:46+08:00] cooldown 30s
[2026-07-17T10:30:36+08:00] cooldown 30s
[2026-07-17T10:34:26+08:00] cooldown 30s
[2026-07-17T10:38:16+08:00] cooldown 30s
[2026-07-17T10:38:46+08:00] THP profile=always project=rabbitmq effective=always
[2026-07-17T10:38:46+08:00] starting RabbitMQ image=rabbitmq@sha256:8734b9e9cd03d12b2e1d973415fc4c5c941c5eca351b4bd63f721782b1bf7c8b data=/kylin-lmbench-exp-work/rabbitmq/run-d3000-apps-always-20260717-093223-calibration-protected-calibration-1
[2026-07-17T10:39:50+08:00] cooldown 30s
[2026-07-17T10:43:28+08:00] cooldown 30s
[2026-07-17T10:43:59+08:00] starting RabbitMQ image=rabbitmq@sha256:8734b9e9cd03d12b2e1d973415fc4c5c941c5eca351b4bd63f721782b1bf7c8b data=/kylin-lmbench-exp-work/rabbitmq/run-d3000-apps-always-20260717-093223-calibration-protected-calibration-2
[2026-07-17T10:45:03+08:00] cooldown 30s
[2026-07-17T10:48:41+08:00] cooldown 30s
[2026-07-17T10:49:11+08:00] starting RabbitMQ image=rabbitmq@sha256:8734b9e9cd03d12b2e1d973415fc4c5c941c5eca351b4bd63f721782b1bf7c8b data=/kylin-lmbench-exp-work/rabbitmq/run-d3000-apps-always-20260717-093223-calibration-protected-calibration-3
[2026-07-17T10:50:15+08:00] cooldown 30s
[2026-07-17T10:53:53+08:00] cooldown 30s
[2026-07-17T10:54:23+08:00] starting RabbitMQ image=rabbitmq@sha256:8734b9e9cd03d12b2e1d973415fc4c5c941c5eca351b4bd63f721782b1bf7c8b data=/kylin-lmbench-exp-work/rabbitmq/run-d3000-apps-always-20260717-093223-calibration-protected-calibration-4
[2026-07-17T10:55:27+08:00] cooldown 30s
[2026-07-17T10:59:05+08:00] cooldown 30s
[2026-07-17T10:59:35+08:00] starting RabbitMQ image=rabbitmq@sha256:8734b9e9cd03d12b2e1d973415fc4c5c941c5eca351b4bd63f721782b1bf7c8b data=/kylin-lmbench-exp-work/rabbitmq/run-d3000-apps-always-20260717-093223-calibration-protected-calibration-5
[2026-07-17T11:00:39+08:00] cooldown 30s
[2026-07-17T11:04:17+08:00] cooldown 30s
[2026-07-17T11:04:47+08:00] verified one-shot GRUB next_entry=d3000-6.6.30-nvhe in active ESP grubenv
[2026-07-17T11:04:47+08:00] leg=2 complete; rebooting into nvhe for leg=3
[2026-07-17T11:05:46+08:00] leg=3 stage=formal pair=1 expected=nvhe starting
[2026-07-17T11:05:49+08:00] host prepared: CPUs=0-7 governor=performance ASLR=2 swap=off target=multi-user
[2026-07-17T11:05:50+08:00] THP profile=always project=anchors effective=always
[2026-07-17T11:07:31+08:00] completed start anchors
[2026-07-17T11:07:31+08:00] pair=1 mode=nvhe project=geek
[2026-07-17T11:07:32+08:00] THP profile=always project=geekbench effective=always
[2026-07-17T11:07:32+08:00] Geekbench non-scoring warmup
[2026-07-17T11:14:03+08:00] cooldown 30s
[2026-07-17T11:14:33+08:00] Geekbench formal run 1/5
[2026-07-17T11:21:04+08:00] cooldown 30s
[2026-07-17T11:21:34+08:00] Geekbench formal run 2/5
[2026-07-17T11:28:05+08:00] cooldown 30s
[2026-07-17T11:28:35+08:00] Geekbench formal run 3/5
[2026-07-17T11:35:06+08:00] cooldown 30s
[2026-07-17T11:35:36+08:00] Geekbench formal run 4/5
[2026-07-17T11:42:06+08:00] cooldown 30s
[2026-07-17T11:42:36+08:00] Geekbench formal run 5/5
[2026-07-17T11:49:07+08:00] cooldown 30s
[2026-07-17T11:49:37+08:00] completed Geekbench CPU suite
[2026-07-17T11:49:37+08:00] pair=1 mode=nvhe project=redis
[2026-07-17T11:49:37+08:00] THP profile=always project=redis effective=always
[2026-07-17T11:54:58+08:00] cooldown 30s
[2026-07-17T12:00:48+08:00] cooldown 30s
[2026-07-17T12:06:38+08:00] cooldown 30s
[2026-07-17T12:12:28+08:00] cooldown 30s
[2026-07-17T12:18:19+08:00] cooldown 30s
[2026-07-17T12:22:09+08:00] cooldown 30s
[2026-07-17T12:25:59+08:00] cooldown 30s
[2026-07-17T12:29:49+08:00] cooldown 30s
[2026-07-17T12:33:39+08:00] cooldown 30s
[2026-07-17T12:37:29+08:00] cooldown 30s
[2026-07-17T12:43:20+08:00] cooldown 30s
[2026-07-17T12:49:11+08:00] cooldown 30s
[2026-07-17T12:55:02+08:00] cooldown 30s
[2026-07-17T13:00:53+08:00] cooldown 30s
[2026-07-17T13:06:45+08:00] cooldown 30s
[2026-07-17T13:13:35+08:00] cooldown 30s
[2026-07-17T13:20:26+08:00] cooldown 30s
[2026-07-17T13:27:16+08:00] cooldown 30s
[2026-07-17T13:34:07+08:00] cooldown 30s
[2026-07-17T13:40:58+08:00] cooldown 30s
[2026-07-17T13:41:28+08:00] pair=1 mode=nvhe project=rabbitmq
[2026-07-17T13:41:28+08:00] THP profile=always project=rabbitmq effective=always
[2026-07-17T13:41:28+08:00] starting RabbitMQ image=rabbitmq@sha256:8734b9e9cd03d12b2e1d973415fc4c5c941c5eca351b4bd63f721782b1bf7c8b data=/kylin-lmbench-exp-work/rabbitmq/run-d3000-apps-always-20260717-093223-1-nvhe-q1-one-fast-1
[2026-07-17T13:42:32+08:00] cooldown 30s
[2026-07-17T13:49:10+08:00] cooldown 30s
[2026-07-17T13:49:40+08:00] starting RabbitMQ image=rabbitmq@sha256:8734b9e9cd03d12b2e1d973415fc4c5c941c5eca351b4bd63f721782b1bf7c8b data=/kylin-lmbench-exp-work/rabbitmq/run-d3000-apps-always-20260717-093223-1-nvhe-q1-one-fast-2
[2026-07-17T13:50:44+08:00] cooldown 30s
[2026-07-17T13:57:21+08:00] cooldown 30s
[2026-07-17T13:57:52+08:00] starting RabbitMQ image=rabbitmq@sha256:8734b9e9cd03d12b2e1d973415fc4c5c941c5eca351b4bd63f721782b1bf7c8b data=/kylin-lmbench-exp-work/rabbitmq/run-d3000-apps-always-20260717-093223-1-nvhe-q1-one-fast-3
[2026-07-17T13:58:56+08:00] cooldown 30s
[2026-07-17T14:05:33+08:00] cooldown 30s
[2026-07-17T14:06:03+08:00] starting RabbitMQ image=rabbitmq@sha256:8734b9e9cd03d12b2e1d973415fc4c5c941c5eca351b4bd63f721782b1bf7c8b data=/kylin-lmbench-exp-work/rabbitmq/run-d3000-apps-always-20260717-093223-1-nvhe-q1-one-fast-4
[2026-07-17T14:07:07+08:00] cooldown 30s
[2026-07-17T14:13:45+08:00] cooldown 30s
[2026-07-17T14:14:15+08:00] starting RabbitMQ image=rabbitmq@sha256:8734b9e9cd03d12b2e1d973415fc4c5c941c5eca351b4bd63f721782b1bf7c8b data=/kylin-lmbench-exp-work/rabbitmq/run-d3000-apps-always-20260717-093223-1-nvhe-q1-one-fast-5
[2026-07-17T14:15:19+08:00] cooldown 30s
[2026-07-17T14:21:57+08:00] cooldown 30s
[2026-07-17T14:22:27+08:00] starting RabbitMQ image=rabbitmq@sha256:8734b9e9cd03d12b2e1d973415fc4c5c941c5eca351b4bd63f721782b1bf7c8b data=/kylin-lmbench-exp-work/rabbitmq/run-d3000-apps-always-20260717-093223-1-nvhe-q2-reliable-1
[2026-07-17T14:23:31+08:00] cooldown 30s
[2026-07-17T14:30:09+08:00] cooldown 30s
[2026-07-17T14:30:39+08:00] starting RabbitMQ image=rabbitmq@sha256:8734b9e9cd03d12b2e1d973415fc4c5c941c5eca351b4bd63f721782b1bf7c8b data=/kylin-lmbench-exp-work/rabbitmq/run-d3000-apps-always-20260717-093223-1-nvhe-q2-reliable-2
[2026-07-17T14:31:43+08:00] cooldown 30s
[2026-07-17T14:38:21+08:00] cooldown 30s
[2026-07-17T14:38:52+08:00] starting RabbitMQ image=rabbitmq@sha256:8734b9e9cd03d12b2e1d973415fc4c5c941c5eca351b4bd63f721782b1bf7c8b data=/kylin-lmbench-exp-work/rabbitmq/run-d3000-apps-always-20260717-093223-1-nvhe-q2-reliable-3
[2026-07-17T14:39:55+08:00] cooldown 30s
[2026-07-17T14:46:34+08:00] cooldown 30s
[2026-07-17T14:47:04+08:00] starting RabbitMQ image=rabbitmq@sha256:8734b9e9cd03d12b2e1d973415fc4c5c941c5eca351b4bd63f721782b1bf7c8b data=/kylin-lmbench-exp-work/rabbitmq/run-d3000-apps-always-20260717-093223-1-nvhe-q2-reliable-4
[2026-07-17T14:48:08+08:00] cooldown 30s
[2026-07-17T14:54:46+08:00] cooldown 30s
[2026-07-17T14:55:16+08:00] starting RabbitMQ image=rabbitmq@sha256:8734b9e9cd03d12b2e1d973415fc4c5c941c5eca351b4bd63f721782b1bf7c8b data=/kylin-lmbench-exp-work/rabbitmq/run-d3000-apps-always-20260717-093223-1-nvhe-q2-reliable-5
[2026-07-17T14:56:20+08:00] cooldown 30s
[2026-07-17T15:02:58+08:00] cooldown 30s
[2026-07-17T15:03:28+08:00] starting RabbitMQ image=rabbitmq@sha256:8734b9e9cd03d12b2e1d973415fc4c5c941c5eca351b4bd63f721782b1bf7c8b data=/kylin-lmbench-exp-work/rabbitmq/run-d3000-apps-always-20260717-093223-1-nvhe-q3-rate50-1
[2026-07-17T15:04:32+08:00] cooldown 30s
[2026-07-17T15:11:10+08:00] cooldown 30s
[2026-07-17T15:11:40+08:00] starting RabbitMQ image=rabbitmq@sha256:8734b9e9cd03d12b2e1d973415fc4c5c941c5eca351b4bd63f721782b1bf7c8b data=/kylin-lmbench-exp-work/rabbitmq/run-d3000-apps-always-20260717-093223-1-nvhe-q3-rate50-2
[2026-07-17T15:12:44+08:00] cooldown 30s
[2026-07-17T15:19:22+08:00] cooldown 30s
[2026-07-17T15:19:52+08:00] starting RabbitMQ image=rabbitmq@sha256:8734b9e9cd03d12b2e1d973415fc4c5c941c5eca351b4bd63f721782b1bf7c8b data=/kylin-lmbench-exp-work/rabbitmq/run-d3000-apps-always-20260717-093223-1-nvhe-q3-rate50-3
[2026-07-17T15:20:56+08:00] cooldown 30s
[2026-07-17T15:27:33+08:00] cooldown 30s
[2026-07-17T15:28:04+08:00] starting RabbitMQ image=rabbitmq@sha256:8734b9e9cd03d12b2e1d973415fc4c5c941c5eca351b4bd63f721782b1bf7c8b data=/kylin-lmbench-exp-work/rabbitmq/run-d3000-apps-always-20260717-093223-1-nvhe-q3-rate50-4
[2026-07-17T15:29:08+08:00] cooldown 30s
[2026-07-17T15:35:45+08:00] cooldown 30s
[2026-07-17T15:36:15+08:00] starting RabbitMQ image=rabbitmq@sha256:8734b9e9cd03d12b2e1d973415fc4c5c941c5eca351b4bd63f721782b1bf7c8b data=/kylin-lmbench-exp-work/rabbitmq/run-d3000-apps-always-20260717-093223-1-nvhe-q3-rate50-5
[2026-07-17T15:37:19+08:00] cooldown 30s
[2026-07-17T15:43:57+08:00] cooldown 30s
[2026-07-17T15:44:27+08:00] starting RabbitMQ image=rabbitmq@sha256:8734b9e9cd03d12b2e1d973415fc4c5c941c5eca351b4bd63f721782b1bf7c8b data=/kylin-lmbench-exp-work/rabbitmq/run-d3000-apps-always-20260717-093223-1-nvhe-q3-rate70-1
[2026-07-17T15:45:31+08:00] cooldown 30s
[2026-07-17T15:52:09+08:00] cooldown 30s
[2026-07-17T15:52:39+08:00] starting RabbitMQ image=rabbitmq@sha256:8734b9e9cd03d12b2e1d973415fc4c5c941c5eca351b4bd63f721782b1bf7c8b data=/kylin-lmbench-exp-work/rabbitmq/run-d3000-apps-always-20260717-093223-1-nvhe-q3-rate70-2
[2026-07-17T15:53:43+08:00] cooldown 30s
[2026-07-17T16:00:21+08:00] cooldown 30s
[2026-07-17T16:00:51+08:00] starting RabbitMQ image=rabbitmq@sha256:8734b9e9cd03d12b2e1d973415fc4c5c941c5eca351b4bd63f721782b1bf7c8b data=/kylin-lmbench-exp-work/rabbitmq/run-d3000-apps-always-20260717-093223-1-nvhe-q3-rate70-3
[2026-07-17T16:01:55+08:00] cooldown 30s
[2026-07-17T16:08:33+08:00] cooldown 30s
[2026-07-17T16:09:03+08:00] starting RabbitMQ image=rabbitmq@sha256:8734b9e9cd03d12b2e1d973415fc4c5c941c5eca351b4bd63f721782b1bf7c8b data=/kylin-lmbench-exp-work/rabbitmq/run-d3000-apps-always-20260717-093223-1-nvhe-q3-rate70-4
[2026-07-17T16:10:07+08:00] cooldown 30s
[2026-07-17T16:16:45+08:00] cooldown 30s
[2026-07-17T16:17:15+08:00] starting RabbitMQ image=rabbitmq@sha256:8734b9e9cd03d12b2e1d973415fc4c5c941c5eca351b4bd63f721782b1bf7c8b data=/kylin-lmbench-exp-work/rabbitmq/run-d3000-apps-always-20260717-093223-1-nvhe-q3-rate70-5
[2026-07-17T16:18:19+08:00] cooldown 30s
[2026-07-17T16:24:57+08:00] cooldown 30s
[2026-07-17T16:25:27+08:00] starting RabbitMQ image=rabbitmq@sha256:8734b9e9cd03d12b2e1d973415fc4c5c941c5eca351b4bd63f721782b1bf7c8b data=/kylin-lmbench-exp-work/rabbitmq/run-d3000-apps-always-20260717-093223-1-nvhe-q3-rate85-1
[2026-07-17T16:26:31+08:00] cooldown 30s
[2026-07-17T16:33:09+08:00] cooldown 30s
[2026-07-17T16:33:39+08:00] starting RabbitMQ image=rabbitmq@sha256:8734b9e9cd03d12b2e1d973415fc4c5c941c5eca351b4bd63f721782b1bf7c8b data=/kylin-lmbench-exp-work/rabbitmq/run-d3000-apps-always-20260717-093223-1-nvhe-q3-rate85-2
[2026-07-17T16:34:43+08:00] cooldown 30s
[2026-07-17T16:41:21+08:00] cooldown 30s
[2026-07-17T16:41:51+08:00] starting RabbitMQ image=rabbitmq@sha256:8734b9e9cd03d12b2e1d973415fc4c5c941c5eca351b4bd63f721782b1bf7c8b data=/kylin-lmbench-exp-work/rabbitmq/run-d3000-apps-always-20260717-093223-1-nvhe-q3-rate85-3
[2026-07-17T16:42:55+08:00] cooldown 30s
[2026-07-17T16:49:32+08:00] cooldown 30s
[2026-07-17T16:50:02+08:00] starting RabbitMQ image=rabbitmq@sha256:8734b9e9cd03d12b2e1d973415fc4c5c941c5eca351b4bd63f721782b1bf7c8b data=/kylin-lmbench-exp-work/rabbitmq/run-d3000-apps-always-20260717-093223-1-nvhe-q3-rate85-4
[2026-07-17T16:51:06+08:00] cooldown 30s
[2026-07-17T16:57:44+08:00] cooldown 30s
[2026-07-17T16:58:14+08:00] starting RabbitMQ image=rabbitmq@sha256:8734b9e9cd03d12b2e1d973415fc4c5c941c5eca351b4bd63f721782b1bf7c8b data=/kylin-lmbench-exp-work/rabbitmq/run-d3000-apps-always-20260717-093223-1-nvhe-q3-rate85-5
[2026-07-17T16:59:18+08:00] cooldown 30s
[2026-07-17T17:05:56+08:00] cooldown 30s
[2026-07-17T17:06:26+08:00] starting RabbitMQ image=rabbitmq@sha256:8734b9e9cd03d12b2e1d973415fc4c5c941c5eca351b4bd63f721782b1bf7c8b data=/kylin-lmbench-exp-work/rabbitmq/run-d3000-apps-always-20260717-093223-1-nvhe-q4-join-late-1
[2026-07-17T17:07:30+08:00] cooldown 30s
[2026-07-17T17:14:08+08:00] cooldown 30s
[2026-07-17T17:14:38+08:00] starting RabbitMQ image=rabbitmq@sha256:8734b9e9cd03d12b2e1d973415fc4c5c941c5eca351b4bd63f721782b1bf7c8b data=/kylin-lmbench-exp-work/rabbitmq/run-d3000-apps-always-20260717-093223-1-nvhe-q4-join-late-2
[2026-07-17T17:15:42+08:00] cooldown 30s
[2026-07-17T17:22:20+08:00] cooldown 30s
[2026-07-17T17:22:50+08:00] starting RabbitMQ image=rabbitmq@sha256:8734b9e9cd03d12b2e1d973415fc4c5c941c5eca351b4bd63f721782b1bf7c8b data=/kylin-lmbench-exp-work/rabbitmq/run-d3000-apps-always-20260717-093223-1-nvhe-q4-join-late-3
[2026-07-17T17:23:54+08:00] cooldown 30s
[2026-07-17T17:30:31+08:00] cooldown 30s
[2026-07-17T17:31:01+08:00] starting RabbitMQ image=rabbitmq@sha256:8734b9e9cd03d12b2e1d973415fc4c5c941c5eca351b4bd63f721782b1bf7c8b data=/kylin-lmbench-exp-work/rabbitmq/run-d3000-apps-always-20260717-093223-1-nvhe-q4-join-late-4
[2026-07-17T17:32:05+08:00] cooldown 30s
[2026-07-17T17:38:43+08:00] cooldown 30s
[2026-07-17T17:39:13+08:00] starting RabbitMQ image=rabbitmq@sha256:8734b9e9cd03d12b2e1d973415fc4c5c941c5eca351b4bd63f721782b1bf7c8b data=/kylin-lmbench-exp-work/rabbitmq/run-d3000-apps-always-20260717-093223-1-nvhe-q4-join-late-5
[2026-07-17T17:40:17+08:00] cooldown 30s
[2026-07-17T17:46:55+08:00] cooldown 30s
[2026-07-17T17:47:25+08:00] starting RabbitMQ image=rabbitmq@sha256:8734b9e9cd03d12b2e1d973415fc4c5c941c5eca351b4bd63f721782b1bf7c8b data=/kylin-lmbench-exp-work/rabbitmq/run-d3000-apps-always-20260717-093223-1-nvhe-q5-backlog-1
[2026-07-17T17:48:29+08:00] cooldown 30s
[2026-07-17T17:49:39+08:00] cooldown 30s
[2026-07-17T17:50:09+08:00] starting RabbitMQ image=rabbitmq@sha256:8734b9e9cd03d12b2e1d973415fc4c5c941c5eca351b4bd63f721782b1bf7c8b data=/kylin-lmbench-exp-work/rabbitmq/run-d3000-apps-always-20260717-093223-1-nvhe-q5-backlog-2
[2026-07-17T17:51:13+08:00] cooldown 30s
[2026-07-17T17:52:22+08:00] cooldown 30s
[2026-07-17T17:52:52+08:00] starting RabbitMQ image=rabbitmq@sha256:8734b9e9cd03d12b2e1d973415fc4c5c941c5eca351b4bd63f721782b1bf7c8b data=/kylin-lmbench-exp-work/rabbitmq/run-d3000-apps-always-20260717-093223-1-nvhe-q5-backlog-3
[2026-07-17T17:53:56+08:00] cooldown 30s
[2026-07-17T17:55:06+08:00] cooldown 30s
[2026-07-17T17:55:36+08:00] starting RabbitMQ image=rabbitmq@sha256:8734b9e9cd03d12b2e1d973415fc4c5c941c5eca351b4bd63f721782b1bf7c8b data=/kylin-lmbench-exp-work/rabbitmq/run-d3000-apps-always-20260717-093223-1-nvhe-q5-backlog-4
[2026-07-17T17:56:40+08:00] cooldown 30s
[2026-07-17T17:57:48+08:00] cooldown 30s
[2026-07-17T17:58:18+08:00] starting RabbitMQ image=rabbitmq@sha256:8734b9e9cd03d12b2e1d973415fc4c5c941c5eca351b4bd63f721782b1bf7c8b data=/kylin-lmbench-exp-work/rabbitmq/run-d3000-apps-always-20260717-093223-1-nvhe-q5-backlog-5
[2026-07-17T17:59:22+08:00] cooldown 30s
[2026-07-17T18:00:31+08:00] cooldown 30s
[2026-07-17T18:01:01+08:00] THP profile=always project=anchors effective=always
[2026-07-17T18:02:41+08:00] completed end anchors
[2026-07-17T18:02:41+08:00] verified one-shot GRUB next_entry=d3000-6.6.30-protected in active ESP grubenv
[2026-07-17T18:02:41+08:00] leg=3 complete; rebooting into protected for leg=4
[2026-07-17T18:03:40+08:00] leg=4 stage=formal pair=1 expected=protected starting
[2026-07-17T18:03:42+08:00] host prepared: CPUs=0-7 governor=performance ASLR=2 swap=off target=multi-user
[2026-07-17T18:03:42+08:00] THP profile=always project=anchors effective=always
[2026-07-17T18:05:23+08:00] completed start anchors
[2026-07-17T18:05:23+08:00] pair=1 mode=protected project=geek
[2026-07-17T18:05:24+08:00] THP profile=always project=geekbench effective=always
[2026-07-17T18:05:24+08:00] Geekbench non-scoring warmup
[2026-07-17T18:11:56+08:00] cooldown 30s
[2026-07-17T18:12:26+08:00] Geekbench formal run 1/5
[2026-07-17T18:18:57+08:00] cooldown 30s
[2026-07-17T18:19:27+08:00] Geekbench formal run 2/5
[2026-07-17T18:25:57+08:00] cooldown 30s
[2026-07-17T18:26:27+08:00] Geekbench formal run 3/5
[2026-07-17T18:32:59+08:00] cooldown 30s
[2026-07-17T18:33:29+08:00] Geekbench formal run 4/5
[2026-07-17T18:40:00+08:00] cooldown 30s
[2026-07-17T18:40:30+08:00] Geekbench formal run 5/5
[2026-07-17T18:47:02+08:00] cooldown 30s
[2026-07-17T18:47:32+08:00] completed Geekbench CPU suite
[2026-07-17T18:47:32+08:00] pair=1 mode=protected project=redis
[2026-07-17T18:47:32+08:00] THP profile=always project=redis effective=always
[2026-07-17T18:52:53+08:00] cooldown 30s
[2026-07-17T18:58:43+08:00] cooldown 30s
[2026-07-17T19:04:34+08:00] cooldown 30s
[2026-07-17T19:10:24+08:00] cooldown 30s
[2026-07-17T19:16:14+08:00] cooldown 30s
[2026-07-17T19:20:04+08:00] cooldown 30s
[2026-07-17T19:23:54+08:00] cooldown 30s
[2026-07-17T19:27:43+08:00] cooldown 30s
[2026-07-17T19:31:34+08:00] cooldown 30s
[2026-07-17T19:35:24+08:00] cooldown 30s
[2026-07-17T19:41:15+08:00] cooldown 30s
[2026-07-17T19:47:06+08:00] cooldown 30s
[2026-07-17T19:52:57+08:00] cooldown 30s
[2026-07-17T19:58:48+08:00] cooldown 30s
[2026-07-17T20:04:39+08:00] cooldown 30s
[2026-07-17T20:11:30+08:00] cooldown 30s
[2026-07-17T20:18:20+08:00] cooldown 30s
[2026-07-17T20:25:11+08:00] cooldown 30s
[2026-07-17T20:32:02+08:00] cooldown 30s
[2026-07-17T20:38:52+08:00] cooldown 30s
[2026-07-17T20:39:22+08:00] pair=1 mode=protected project=rabbitmq
[2026-07-17T20:39:22+08:00] THP profile=always project=rabbitmq effective=always
[2026-07-17T20:39:22+08:00] starting RabbitMQ image=rabbitmq@sha256:8734b9e9cd03d12b2e1d973415fc4c5c941c5eca351b4bd63f721782b1bf7c8b data=/kylin-lmbench-exp-work/rabbitmq/run-d3000-apps-always-20260717-093223-1-protected-q1-one-fast-1
[2026-07-17T20:40:26+08:00] cooldown 30s
[2026-07-17T20:47:04+08:00] cooldown 30s
[2026-07-17T20:47:34+08:00] starting RabbitMQ image=rabbitmq@sha256:8734b9e9cd03d12b2e1d973415fc4c5c941c5eca351b4bd63f721782b1bf7c8b data=/kylin-lmbench-exp-work/rabbitmq/run-d3000-apps-always-20260717-093223-1-protected-q1-one-fast-2
[2026-07-17T20:48:38+08:00] cooldown 30s
[2026-07-17T20:55:16+08:00] cooldown 30s
[2026-07-17T20:55:46+08:00] starting RabbitMQ image=rabbitmq@sha256:8734b9e9cd03d12b2e1d973415fc4c5c941c5eca351b4bd63f721782b1bf7c8b data=/kylin-lmbench-exp-work/rabbitmq/run-d3000-apps-always-20260717-093223-1-protected-q1-one-fast-3
[2026-07-17T20:56:50+08:00] cooldown 30s
[2026-07-17T21:03:28+08:00] cooldown 30s
[2026-07-17T21:03:58+08:00] starting RabbitMQ image=rabbitmq@sha256:8734b9e9cd03d12b2e1d973415fc4c5c941c5eca351b4bd63f721782b1bf7c8b data=/kylin-lmbench-exp-work/rabbitmq/run-d3000-apps-always-20260717-093223-1-protected-q1-one-fast-4
[2026-07-17T21:05:02+08:00] cooldown 30s
[2026-07-17T21:11:40+08:00] cooldown 30s
[2026-07-17T21:12:10+08:00] starting RabbitMQ image=rabbitmq@sha256:8734b9e9cd03d12b2e1d973415fc4c5c941c5eca351b4bd63f721782b1bf7c8b data=/kylin-lmbench-exp-work/rabbitmq/run-d3000-apps-always-20260717-093223-1-protected-q1-one-fast-5
[2026-07-17T21:13:14+08:00] cooldown 30s
[2026-07-17T21:19:52+08:00] cooldown 30s
[2026-07-17T21:20:22+08:00] starting RabbitMQ image=rabbitmq@sha256:8734b9e9cd03d12b2e1d973415fc4c5c941c5eca351b4bd63f721782b1bf7c8b data=/kylin-lmbench-exp-work/rabbitmq/run-d3000-apps-always-20260717-093223-1-protected-q2-reliable-1
[2026-07-17T21:21:26+08:00] cooldown 30s
[2026-07-17T21:28:04+08:00] cooldown 30s
[2026-07-17T21:28:34+08:00] starting RabbitMQ image=rabbitmq@sha256:8734b9e9cd03d12b2e1d973415fc4c5c941c5eca351b4bd63f721782b1bf7c8b data=/kylin-lmbench-exp-work/rabbitmq/run-d3000-apps-always-20260717-093223-1-protected-q2-reliable-2
[2026-07-17T21:29:38+08:00] cooldown 30s
[2026-07-17T21:36:16+08:00] cooldown 30s
[2026-07-17T21:36:46+08:00] starting RabbitMQ image=rabbitmq@sha256:8734b9e9cd03d12b2e1d973415fc4c5c941c5eca351b4bd63f721782b1bf7c8b data=/kylin-lmbench-exp-work/rabbitmq/run-d3000-apps-always-20260717-093223-1-protected-q2-reliable-3
[2026-07-17T21:37:50+08:00] cooldown 30s
[2026-07-17T21:44:29+08:00] cooldown 30s
[2026-07-17T21:44:59+08:00] starting RabbitMQ image=rabbitmq@sha256:8734b9e9cd03d12b2e1d973415fc4c5c941c5eca351b4bd63f721782b1bf7c8b data=/kylin-lmbench-exp-work/rabbitmq/run-d3000-apps-always-20260717-093223-1-protected-q2-reliable-4
[2026-07-17T21:46:03+08:00] cooldown 30s
[2026-07-17T21:52:41+08:00] cooldown 30s
[2026-07-17T21:53:11+08:00] starting RabbitMQ image=rabbitmq@sha256:8734b9e9cd03d12b2e1d973415fc4c5c941c5eca351b4bd63f721782b1bf7c8b data=/kylin-lmbench-exp-work/rabbitmq/run-d3000-apps-always-20260717-093223-1-protected-q2-reliable-5
[2026-07-17T21:54:15+08:00] cooldown 30s
[2026-07-17T22:00:53+08:00] cooldown 30s
[2026-07-17T22:01:23+08:00] starting RabbitMQ image=rabbitmq@sha256:8734b9e9cd03d12b2e1d973415fc4c5c941c5eca351b4bd63f721782b1bf7c8b data=/kylin-lmbench-exp-work/rabbitmq/run-d3000-apps-always-20260717-093223-1-protected-q3-rate50-1
[2026-07-17T22:02:27+08:00] cooldown 30s
[2026-07-17T22:09:05+08:00] cooldown 30s
[2026-07-17T22:09:35+08:00] starting RabbitMQ image=rabbitmq@sha256:8734b9e9cd03d12b2e1d973415fc4c5c941c5eca351b4bd63f721782b1bf7c8b data=/kylin-lmbench-exp-work/rabbitmq/run-d3000-apps-always-20260717-093223-1-protected-q3-rate50-2
[2026-07-17T22:10:39+08:00] cooldown 30s
[2026-07-17T22:17:17+08:00] cooldown 30s
[2026-07-17T22:17:48+08:00] starting RabbitMQ image=rabbitmq@sha256:8734b9e9cd03d12b2e1d973415fc4c5c941c5eca351b4bd63f721782b1bf7c8b data=/kylin-lmbench-exp-work/rabbitmq/run-d3000-apps-always-20260717-093223-1-protected-q3-rate50-3
[2026-07-17T22:18:51+08:00] cooldown 30s
[2026-07-17T22:25:29+08:00] cooldown 30s
[2026-07-17T22:25:59+08:00] starting RabbitMQ image=rabbitmq@sha256:8734b9e9cd03d12b2e1d973415fc4c5c941c5eca351b4bd63f721782b1bf7c8b data=/kylin-lmbench-exp-work/rabbitmq/run-d3000-apps-always-20260717-093223-1-protected-q3-rate50-4
[2026-07-17T22:27:03+08:00] cooldown 30s
[2026-07-17T22:33:41+08:00] cooldown 30s
[2026-07-17T22:34:12+08:00] starting RabbitMQ image=rabbitmq@sha256:8734b9e9cd03d12b2e1d973415fc4c5c941c5eca351b4bd63f721782b1bf7c8b data=/kylin-lmbench-exp-work/rabbitmq/run-d3000-apps-always-20260717-093223-1-protected-q3-rate50-5
[2026-07-17T22:35:16+08:00] cooldown 30s
[2026-07-17T22:41:53+08:00] cooldown 30s
[2026-07-17T22:42:24+08:00] starting RabbitMQ image=rabbitmq@sha256:8734b9e9cd03d12b2e1d973415fc4c5c941c5eca351b4bd63f721782b1bf7c8b data=/kylin-lmbench-exp-work/rabbitmq/run-d3000-apps-always-20260717-093223-1-protected-q3-rate70-1
[2026-07-17T22:43:28+08:00] cooldown 30s
[2026-07-17T22:50:05+08:00] cooldown 30s
[2026-07-17T22:50:36+08:00] starting RabbitMQ image=rabbitmq@sha256:8734b9e9cd03d12b2e1d973415fc4c5c941c5eca351b4bd63f721782b1bf7c8b data=/kylin-lmbench-exp-work/rabbitmq/run-d3000-apps-always-20260717-093223-1-protected-q3-rate70-2
[2026-07-17T22:51:40+08:00] cooldown 30s
[2026-07-17T22:58:17+08:00] cooldown 30s
[2026-07-17T22:58:48+08:00] starting RabbitMQ image=rabbitmq@sha256:8734b9e9cd03d12b2e1d973415fc4c5c941c5eca351b4bd63f721782b1bf7c8b data=/kylin-lmbench-exp-work/rabbitmq/run-d3000-apps-always-20260717-093223-1-protected-q3-rate70-3
[2026-07-17T22:59:52+08:00] cooldown 30s
[2026-07-17T23:06:29+08:00] cooldown 30s
[2026-07-17T23:07:00+08:00] starting RabbitMQ image=rabbitmq@sha256:8734b9e9cd03d12b2e1d973415fc4c5c941c5eca351b4bd63f721782b1bf7c8b data=/kylin-lmbench-exp-work/rabbitmq/run-d3000-apps-always-20260717-093223-1-protected-q3-rate70-4
[2026-07-17T23:08:04+08:00] cooldown 30s
[2026-07-17T23:14:41+08:00] cooldown 30s
[2026-07-17T23:15:11+08:00] starting RabbitMQ image=rabbitmq@sha256:8734b9e9cd03d12b2e1d973415fc4c5c941c5eca351b4bd63f721782b1bf7c8b data=/kylin-lmbench-exp-work/rabbitmq/run-d3000-apps-always-20260717-093223-1-protected-q3-rate70-5
[2026-07-17T23:16:16+08:00] cooldown 30s
[2026-07-17T23:22:54+08:00] cooldown 30s
[2026-07-17T23:23:24+08:00] starting RabbitMQ image=rabbitmq@sha256:8734b9e9cd03d12b2e1d973415fc4c5c941c5eca351b4bd63f721782b1bf7c8b data=/kylin-lmbench-exp-work/rabbitmq/run-d3000-apps-always-20260717-093223-1-protected-q3-rate85-1
[2026-07-17T23:24:28+08:00] cooldown 30s
[2026-07-17T23:31:06+08:00] cooldown 30s
[2026-07-17T23:31:36+08:00] starting RabbitMQ image=rabbitmq@sha256:8734b9e9cd03d12b2e1d973415fc4c5c941c5eca351b4bd63f721782b1bf7c8b data=/kylin-lmbench-exp-work/rabbitmq/run-d3000-apps-always-20260717-093223-1-protected-q3-rate85-2
[2026-07-17T23:32:40+08:00] cooldown 30s
[2026-07-17T23:39:17+08:00] cooldown 30s
[2026-07-17T23:39:48+08:00] starting RabbitMQ image=rabbitmq@sha256:8734b9e9cd03d12b2e1d973415fc4c5c941c5eca351b4bd63f721782b1bf7c8b data=/kylin-lmbench-exp-work/rabbitmq/run-d3000-apps-always-20260717-093223-1-protected-q3-rate85-3
[2026-07-17T23:40:52+08:00] cooldown 30s
[2026-07-17T23:47:30+08:00] cooldown 30s
[2026-07-17T23:48:00+08:00] starting RabbitMQ image=rabbitmq@sha256:8734b9e9cd03d12b2e1d973415fc4c5c941c5eca351b4bd63f721782b1bf7c8b data=/kylin-lmbench-exp-work/rabbitmq/run-d3000-apps-always-20260717-093223-1-protected-q3-rate85-4
[2026-07-17T23:49:04+08:00] cooldown 30s
[2026-07-17T23:55:42+08:00] cooldown 30s
[2026-07-17T23:56:12+08:00] starting RabbitMQ image=rabbitmq@sha256:8734b9e9cd03d12b2e1d973415fc4c5c941c5eca351b4bd63f721782b1bf7c8b data=/kylin-lmbench-exp-work/rabbitmq/run-d3000-apps-always-20260717-093223-1-protected-q3-rate85-5
[2026-07-17T23:57:16+08:00] cooldown 30s
[2026-07-18T00:03:54+08:00] cooldown 30s
[2026-07-18T00:04:24+08:00] starting RabbitMQ image=rabbitmq@sha256:8734b9e9cd03d12b2e1d973415fc4c5c941c5eca351b4bd63f721782b1bf7c8b data=/kylin-lmbench-exp-work/rabbitmq/run-d3000-apps-always-20260717-093223-1-protected-q4-join-late-1
[2026-07-18T00:05:28+08:00] cooldown 30s
[2026-07-18T00:12:05+08:00] cooldown 30s
[2026-07-18T00:12:36+08:00] starting RabbitMQ image=rabbitmq@sha256:8734b9e9cd03d12b2e1d973415fc4c5c941c5eca351b4bd63f721782b1bf7c8b data=/kylin-lmbench-exp-work/rabbitmq/run-d3000-apps-always-20260717-093223-1-protected-q4-join-late-2
[2026-07-18T00:13:40+08:00] cooldown 30s
[2026-07-18T00:20:18+08:00] cooldown 30s
[2026-07-18T00:20:48+08:00] starting RabbitMQ image=rabbitmq@sha256:8734b9e9cd03d12b2e1d973415fc4c5c941c5eca351b4bd63f721782b1bf7c8b data=/kylin-lmbench-exp-work/rabbitmq/run-d3000-apps-always-20260717-093223-1-protected-q4-join-late-3
[2026-07-18T00:21:52+08:00] cooldown 30s
[2026-07-18T00:28:29+08:00] cooldown 30s
[2026-07-18T00:29:00+08:00] starting RabbitMQ image=rabbitmq@sha256:8734b9e9cd03d12b2e1d973415fc4c5c941c5eca351b4bd63f721782b1bf7c8b data=/kylin-lmbench-exp-work/rabbitmq/run-d3000-apps-always-20260717-093223-1-protected-q4-join-late-4
[2026-07-18T00:30:04+08:00] cooldown 30s
[2026-07-18T00:36:41+08:00] cooldown 30s
[2026-07-18T00:37:11+08:00] starting RabbitMQ image=rabbitmq@sha256:8734b9e9cd03d12b2e1d973415fc4c5c941c5eca351b4bd63f721782b1bf7c8b data=/kylin-lmbench-exp-work/rabbitmq/run-d3000-apps-always-20260717-093223-1-protected-q4-join-late-5
[2026-07-18T00:38:16+08:00] cooldown 30s
[2026-07-18T00:44:53+08:00] cooldown 30s
[2026-07-18T00:45:24+08:00] starting RabbitMQ image=rabbitmq@sha256:8734b9e9cd03d12b2e1d973415fc4c5c941c5eca351b4bd63f721782b1bf7c8b data=/kylin-lmbench-exp-work/rabbitmq/run-d3000-apps-always-20260717-093223-1-protected-q5-backlog-1
[2026-07-18T00:46:28+08:00] cooldown 30s
[2026-07-18T00:47:38+08:00] cooldown 30s
[2026-07-18T00:48:08+08:00] starting RabbitMQ image=rabbitmq@sha256:8734b9e9cd03d12b2e1d973415fc4c5c941c5eca351b4bd63f721782b1bf7c8b data=/kylin-lmbench-exp-work/rabbitmq/run-d3000-apps-always-20260717-093223-1-protected-q5-backlog-2
[2026-07-18T00:49:12+08:00] cooldown 30s
[2026-07-18T00:50:21+08:00] cooldown 30s
[2026-07-18T00:50:51+08:00] starting RabbitMQ image=rabbitmq@sha256:8734b9e9cd03d12b2e1d973415fc4c5c941c5eca351b4bd63f721782b1bf7c8b data=/kylin-lmbench-exp-work/rabbitmq/run-d3000-apps-always-20260717-093223-1-protected-q5-backlog-3
[2026-07-18T00:51:55+08:00] cooldown 30s
[2026-07-18T00:53:04+08:00] cooldown 30s
[2026-07-18T00:53:35+08:00] starting RabbitMQ image=rabbitmq@sha256:8734b9e9cd03d12b2e1d973415fc4c5c941c5eca351b4bd63f721782b1bf7c8b data=/kylin-lmbench-exp-work/rabbitmq/run-d3000-apps-always-20260717-093223-1-protected-q5-backlog-4
[2026-07-18T00:54:39+08:00] cooldown 30s
[2026-07-18T00:55:47+08:00] cooldown 30s
[2026-07-18T00:56:17+08:00] starting RabbitMQ image=rabbitmq@sha256:8734b9e9cd03d12b2e1d973415fc4c5c941c5eca351b4bd63f721782b1bf7c8b data=/kylin-lmbench-exp-work/rabbitmq/run-d3000-apps-always-20260717-093223-1-protected-q5-backlog-5
[2026-07-18T00:57:21+08:00] cooldown 30s
[2026-07-18T00:58:31+08:00] cooldown 30s
[2026-07-18T00:59:01+08:00] THP profile=always project=anchors effective=always
[2026-07-18T01:00:42+08:00] completed end anchors
[2026-07-18T01:00:42+08:00] verified one-shot GRUB next_entry=d3000-6.6.30-protected in active ESP grubenv
[2026-07-18T01:00:42+08:00] leg=4 complete; rebooting into protected for leg=5
[2026-07-18T01:01:33+08:00] leg=5 stage=formal pair=2 expected=protected starting
[2026-07-18T01:01:34+08:00] host prepared: CPUs=0-7 governor=performance ASLR=2 swap=off target=multi-user
[2026-07-18T01:01:35+08:00] THP profile=always project=anchors effective=always
[2026-07-18T01:03:18+08:00] completed start anchors
[2026-07-18T01:03:18+08:00] pair=2 mode=protected project=redis
[2026-07-18T01:03:18+08:00] THP profile=always project=redis effective=always
[2026-07-18T01:08:39+08:00] cooldown 30s
[2026-07-18T01:14:29+08:00] cooldown 30s
[2026-07-18T01:20:19+08:00] cooldown 30s
[2026-07-18T01:26:09+08:00] cooldown 30s
[2026-07-18T01:31:59+08:00] cooldown 30s
[2026-07-18T01:35:49+08:00] cooldown 30s
[2026-07-18T01:39:39+08:00] cooldown 30s
[2026-07-18T01:43:29+08:00] cooldown 30s
[2026-07-18T01:47:20+08:00] cooldown 30s
[2026-07-18T01:51:10+08:00] cooldown 30s
[2026-07-18T01:57:01+08:00] cooldown 30s
[2026-07-18T02:02:52+08:00] cooldown 30s
[2026-07-18T02:08:43+08:00] cooldown 30s
[2026-07-18T02:14:34+08:00] cooldown 30s
[2026-07-18T02:20:25+08:00] cooldown 30s
[2026-07-18T02:27:16+08:00] cooldown 30s
[2026-07-18T02:34:07+08:00] cooldown 30s
[2026-07-18T02:40:57+08:00] cooldown 30s
[2026-07-18T02:47:48+08:00] cooldown 30s
[2026-07-18T02:54:38+08:00] cooldown 30s
[2026-07-18T02:55:08+08:00] pair=2 mode=protected project=rabbitmq
[2026-07-18T02:55:08+08:00] THP profile=always project=rabbitmq effective=always
[2026-07-18T02:55:08+08:00] starting RabbitMQ image=rabbitmq@sha256:8734b9e9cd03d12b2e1d973415fc4c5c941c5eca351b4bd63f721782b1bf7c8b data=/kylin-lmbench-exp-work/rabbitmq/run-d3000-apps-always-20260717-093223-2-protected-q1-one-fast-1
[2026-07-18T02:56:13+08:00] cooldown 30s
[2026-07-18T03:02:50+08:00] cooldown 30s
[2026-07-18T03:03:20+08:00] starting RabbitMQ image=rabbitmq@sha256:8734b9e9cd03d12b2e1d973415fc4c5c941c5eca351b4bd63f721782b1bf7c8b data=/kylin-lmbench-exp-work/rabbitmq/run-d3000-apps-always-20260717-093223-2-protected-q1-one-fast-2
[2026-07-18T03:04:25+08:00] cooldown 30s
[2026-07-18T03:11:02+08:00] cooldown 30s
[2026-07-18T03:11:33+08:00] starting RabbitMQ image=rabbitmq@sha256:8734b9e9cd03d12b2e1d973415fc4c5c941c5eca351b4bd63f721782b1bf7c8b data=/kylin-lmbench-exp-work/rabbitmq/run-d3000-apps-always-20260717-093223-2-protected-q1-one-fast-3
[2026-07-18T03:12:37+08:00] cooldown 30s
[2026-07-18T03:19:14+08:00] cooldown 30s
[2026-07-18T03:19:44+08:00] starting RabbitMQ image=rabbitmq@sha256:8734b9e9cd03d12b2e1d973415fc4c5c941c5eca351b4bd63f721782b1bf7c8b data=/kylin-lmbench-exp-work/rabbitmq/run-d3000-apps-always-20260717-093223-2-protected-q1-one-fast-4
[2026-07-18T03:20:48+08:00] cooldown 30s
[2026-07-18T03:27:26+08:00] cooldown 30s
[2026-07-18T03:27:56+08:00] starting RabbitMQ image=rabbitmq@sha256:8734b9e9cd03d12b2e1d973415fc4c5c941c5eca351b4bd63f721782b1bf7c8b data=/kylin-lmbench-exp-work/rabbitmq/run-d3000-apps-always-20260717-093223-2-protected-q1-one-fast-5
[2026-07-18T03:29:00+08:00] cooldown 30s
[2026-07-18T03:35:38+08:00] cooldown 30s
[2026-07-18T03:36:08+08:00] starting RabbitMQ image=rabbitmq@sha256:8734b9e9cd03d12b2e1d973415fc4c5c941c5eca351b4bd63f721782b1bf7c8b data=/kylin-lmbench-exp-work/rabbitmq/run-d3000-apps-always-20260717-093223-2-protected-q2-reliable-1
[2026-07-18T03:37:12+08:00] cooldown 30s
[2026-07-18T03:43:50+08:00] cooldown 30s
[2026-07-18T03:44:20+08:00] starting RabbitMQ image=rabbitmq@sha256:8734b9e9cd03d12b2e1d973415fc4c5c941c5eca351b4bd63f721782b1bf7c8b data=/kylin-lmbench-exp-work/rabbitmq/run-d3000-apps-always-20260717-093223-2-protected-q2-reliable-2
[2026-07-18T03:45:24+08:00] cooldown 30s
[2026-07-18T03:52:03+08:00] cooldown 30s
[2026-07-18T03:52:33+08:00] starting RabbitMQ image=rabbitmq@sha256:8734b9e9cd03d12b2e1d973415fc4c5c941c5eca351b4bd63f721782b1bf7c8b data=/kylin-lmbench-exp-work/rabbitmq/run-d3000-apps-always-20260717-093223-2-protected-q2-reliable-3
[2026-07-18T03:53:37+08:00] cooldown 30s
[2026-07-18T04:00:15+08:00] cooldown 30s
[2026-07-18T04:00:45+08:00] starting RabbitMQ image=rabbitmq@sha256:8734b9e9cd03d12b2e1d973415fc4c5c941c5eca351b4bd63f721782b1bf7c8b data=/kylin-lmbench-exp-work/rabbitmq/run-d3000-apps-always-20260717-093223-2-protected-q2-reliable-4
[2026-07-18T04:01:49+08:00] cooldown 30s
[2026-07-18T04:08:28+08:00] cooldown 30s
[2026-07-18T04:08:58+08:00] starting RabbitMQ image=rabbitmq@sha256:8734b9e9cd03d12b2e1d973415fc4c5c941c5eca351b4bd63f721782b1bf7c8b data=/kylin-lmbench-exp-work/rabbitmq/run-d3000-apps-always-20260717-093223-2-protected-q2-reliable-5
[2026-07-18T04:10:02+08:00] cooldown 30s
[2026-07-18T04:16:40+08:00] cooldown 30s
[2026-07-18T04:17:10+08:00] starting RabbitMQ image=rabbitmq@sha256:8734b9e9cd03d12b2e1d973415fc4c5c941c5eca351b4bd63f721782b1bf7c8b data=/kylin-lmbench-exp-work/rabbitmq/run-d3000-apps-always-20260717-093223-2-protected-q3-rate50-1
[2026-07-18T04:18:14+08:00] cooldown 30s
[2026-07-18T04:24:52+08:00] cooldown 30s
[2026-07-18T04:25:22+08:00] starting RabbitMQ image=rabbitmq@sha256:8734b9e9cd03d12b2e1d973415fc4c5c941c5eca351b4bd63f721782b1bf7c8b data=/kylin-lmbench-exp-work/rabbitmq/run-d3000-apps-always-20260717-093223-2-protected-q3-rate50-2
[2026-07-18T04:26:26+08:00] cooldown 30s
[2026-07-18T04:33:04+08:00] cooldown 30s
[2026-07-18T04:33:34+08:00] starting RabbitMQ image=rabbitmq@sha256:8734b9e9cd03d12b2e1d973415fc4c5c941c5eca351b4bd63f721782b1bf7c8b data=/kylin-lmbench-exp-work/rabbitmq/run-d3000-apps-always-20260717-093223-2-protected-q3-rate50-3
[2026-07-18T04:34:38+08:00] cooldown 30s
[2026-07-18T04:41:16+08:00] cooldown 30s
[2026-07-18T04:41:46+08:00] starting RabbitMQ image=rabbitmq@sha256:8734b9e9cd03d12b2e1d973415fc4c5c941c5eca351b4bd63f721782b1bf7c8b data=/kylin-lmbench-exp-work/rabbitmq/run-d3000-apps-always-20260717-093223-2-protected-q3-rate50-4
[2026-07-18T04:42:50+08:00] cooldown 30s
[2026-07-18T04:49:28+08:00] cooldown 30s
[2026-07-18T04:49:58+08:00] starting RabbitMQ image=rabbitmq@sha256:8734b9e9cd03d12b2e1d973415fc4c5c941c5eca351b4bd63f721782b1bf7c8b data=/kylin-lmbench-exp-work/rabbitmq/run-d3000-apps-always-20260717-093223-2-protected-q3-rate50-5
[2026-07-18T04:51:02+08:00] cooldown 30s
[2026-07-18T04:57:40+08:00] cooldown 30s
[2026-07-18T04:58:11+08:00] starting RabbitMQ image=rabbitmq@sha256:8734b9e9cd03d12b2e1d973415fc4c5c941c5eca351b4bd63f721782b1bf7c8b data=/kylin-lmbench-exp-work/rabbitmq/run-d3000-apps-always-20260717-093223-2-protected-q3-rate70-1
[2026-07-18T04:59:15+08:00] cooldown 30s
[2026-07-18T05:05:52+08:00] cooldown 30s
[2026-07-18T05:06:22+08:00] starting RabbitMQ image=rabbitmq@sha256:8734b9e9cd03d12b2e1d973415fc4c5c941c5eca351b4bd63f721782b1bf7c8b data=/kylin-lmbench-exp-work/rabbitmq/run-d3000-apps-always-20260717-093223-2-protected-q3-rate70-2
[2026-07-18T05:07:26+08:00] cooldown 30s
[2026-07-18T05:14:04+08:00] cooldown 30s
[2026-07-18T05:14:34+08:00] starting RabbitMQ image=rabbitmq@sha256:8734b9e9cd03d12b2e1d973415fc4c5c941c5eca351b4bd63f721782b1bf7c8b data=/kylin-lmbench-exp-work/rabbitmq/run-d3000-apps-always-20260717-093223-2-protected-q3-rate70-3
[2026-07-18T05:15:38+08:00] cooldown 30s
[2026-07-18T05:22:17+08:00] cooldown 30s
[2026-07-18T05:22:47+08:00] starting RabbitMQ image=rabbitmq@sha256:8734b9e9cd03d12b2e1d973415fc4c5c941c5eca351b4bd63f721782b1bf7c8b data=/kylin-lmbench-exp-work/rabbitmq/run-d3000-apps-always-20260717-093223-2-protected-q3-rate70-4
[2026-07-18T05:23:51+08:00] cooldown 30s
[2026-07-18T05:30:29+08:00] cooldown 30s
[2026-07-18T05:30:59+08:00] starting RabbitMQ image=rabbitmq@sha256:8734b9e9cd03d12b2e1d973415fc4c5c941c5eca351b4bd63f721782b1bf7c8b data=/kylin-lmbench-exp-work/rabbitmq/run-d3000-apps-always-20260717-093223-2-protected-q3-rate70-5
[2026-07-18T05:32:03+08:00] cooldown 30s
[2026-07-18T05:38:40+08:00] cooldown 30s
[2026-07-18T05:39:11+08:00] starting RabbitMQ image=rabbitmq@sha256:8734b9e9cd03d12b2e1d973415fc4c5c941c5eca351b4bd63f721782b1bf7c8b data=/kylin-lmbench-exp-work/rabbitmq/run-d3000-apps-always-20260717-093223-2-protected-q3-rate85-1
[2026-07-18T05:40:15+08:00] cooldown 30s
[2026-07-18T05:46:52+08:00] cooldown 30s
[2026-07-18T05:47:23+08:00] starting RabbitMQ image=rabbitmq@sha256:8734b9e9cd03d12b2e1d973415fc4c5c941c5eca351b4bd63f721782b1bf7c8b data=/kylin-lmbench-exp-work/rabbitmq/run-d3000-apps-always-20260717-093223-2-protected-q3-rate85-2
[2026-07-18T05:48:27+08:00] cooldown 30s
[2026-07-18T05:55:04+08:00] cooldown 30s
[2026-07-18T05:55:35+08:00] starting RabbitMQ image=rabbitmq@sha256:8734b9e9cd03d12b2e1d973415fc4c5c941c5eca351b4bd63f721782b1bf7c8b data=/kylin-lmbench-exp-work/rabbitmq/run-d3000-apps-always-20260717-093223-2-protected-q3-rate85-3
[2026-07-18T05:56:39+08:00] cooldown 30s
[2026-07-18T06:03:16+08:00] cooldown 30s
[2026-07-18T06:03:47+08:00] starting RabbitMQ image=rabbitmq@sha256:8734b9e9cd03d12b2e1d973415fc4c5c941c5eca351b4bd63f721782b1bf7c8b data=/kylin-lmbench-exp-work/rabbitmq/run-d3000-apps-always-20260717-093223-2-protected-q3-rate85-4
[2026-07-18T06:04:51+08:00] cooldown 30s
[2026-07-18T06:11:29+08:00] cooldown 30s
[2026-07-18T06:11:59+08:00] starting RabbitMQ image=rabbitmq@sha256:8734b9e9cd03d12b2e1d973415fc4c5c941c5eca351b4bd63f721782b1bf7c8b data=/kylin-lmbench-exp-work/rabbitmq/run-d3000-apps-always-20260717-093223-2-protected-q3-rate85-5
[2026-07-18T06:13:03+08:00] cooldown 30s
[2026-07-18T06:19:41+08:00] cooldown 30s
[2026-07-18T06:20:11+08:00] starting RabbitMQ image=rabbitmq@sha256:8734b9e9cd03d12b2e1d973415fc4c5c941c5eca351b4bd63f721782b1bf7c8b data=/kylin-lmbench-exp-work/rabbitmq/run-d3000-apps-always-20260717-093223-2-protected-q4-join-late-1
[2026-07-18T06:21:15+08:00] cooldown 30s
[2026-07-18T06:27:53+08:00] cooldown 30s
[2026-07-18T06:28:23+08:00] starting RabbitMQ image=rabbitmq@sha256:8734b9e9cd03d12b2e1d973415fc4c5c941c5eca351b4bd63f721782b1bf7c8b data=/kylin-lmbench-exp-work/rabbitmq/run-d3000-apps-always-20260717-093223-2-protected-q4-join-late-2
[2026-07-18T06:29:27+08:00] cooldown 30s
[2026-07-18T06:36:04+08:00] cooldown 30s
[2026-07-18T06:36:35+08:00] starting RabbitMQ image=rabbitmq@sha256:8734b9e9cd03d12b2e1d973415fc4c5c941c5eca351b4bd63f721782b1bf7c8b data=/kylin-lmbench-exp-work/rabbitmq/run-d3000-apps-always-20260717-093223-2-protected-q4-join-late-3
[2026-07-18T06:37:39+08:00] cooldown 30s
[2026-07-18T06:44:16+08:00] cooldown 30s
[2026-07-18T06:44:47+08:00] starting RabbitMQ image=rabbitmq@sha256:8734b9e9cd03d12b2e1d973415fc4c5c941c5eca351b4bd63f721782b1bf7c8b data=/kylin-lmbench-exp-work/rabbitmq/run-d3000-apps-always-20260717-093223-2-protected-q4-join-late-4
[2026-07-18T06:45:51+08:00] cooldown 30s
[2026-07-18T06:52:28+08:00] cooldown 30s
[2026-07-18T06:52:58+08:00] starting RabbitMQ image=rabbitmq@sha256:8734b9e9cd03d12b2e1d973415fc4c5c941c5eca351b4bd63f721782b1bf7c8b data=/kylin-lmbench-exp-work/rabbitmq/run-d3000-apps-always-20260717-093223-2-protected-q4-join-late-5
[2026-07-18T06:54:02+08:00] cooldown 30s
[2026-07-18T07:00:40+08:00] cooldown 30s
[2026-07-18T07:01:10+08:00] starting RabbitMQ image=rabbitmq@sha256:8734b9e9cd03d12b2e1d973415fc4c5c941c5eca351b4bd63f721782b1bf7c8b data=/kylin-lmbench-exp-work/rabbitmq/run-d3000-apps-always-20260717-093223-2-protected-q5-backlog-1
[2026-07-18T07:02:14+08:00] cooldown 30s
[2026-07-18T07:03:23+08:00] cooldown 30s
[2026-07-18T07:03:53+08:00] starting RabbitMQ image=rabbitmq@sha256:8734b9e9cd03d12b2e1d973415fc4c5c941c5eca351b4bd63f721782b1bf7c8b data=/kylin-lmbench-exp-work/rabbitmq/run-d3000-apps-always-20260717-093223-2-protected-q5-backlog-2
[2026-07-18T07:04:57+08:00] cooldown 30s
[2026-07-18T07:06:07+08:00] cooldown 30s
[2026-07-18T07:06:37+08:00] starting RabbitMQ image=rabbitmq@sha256:8734b9e9cd03d12b2e1d973415fc4c5c941c5eca351b4bd63f721782b1bf7c8b data=/kylin-lmbench-exp-work/rabbitmq/run-d3000-apps-always-20260717-093223-2-protected-q5-backlog-3
[2026-07-18T07:07:41+08:00] cooldown 30s
[2026-07-18T07:08:50+08:00] cooldown 30s
[2026-07-18T07:09:20+08:00] starting RabbitMQ image=rabbitmq@sha256:8734b9e9cd03d12b2e1d973415fc4c5c941c5eca351b4bd63f721782b1bf7c8b data=/kylin-lmbench-exp-work/rabbitmq/run-d3000-apps-always-20260717-093223-2-protected-q5-backlog-4
[2026-07-18T07:10:24+08:00] cooldown 30s
[2026-07-18T07:11:34+08:00] cooldown 30s
[2026-07-18T07:12:04+08:00] starting RabbitMQ image=rabbitmq@sha256:8734b9e9cd03d12b2e1d973415fc4c5c941c5eca351b4bd63f721782b1bf7c8b data=/kylin-lmbench-exp-work/rabbitmq/run-d3000-apps-always-20260717-093223-2-protected-q5-backlog-5
[2026-07-18T07:13:08+08:00] cooldown 30s
[2026-07-18T07:14:17+08:00] cooldown 30s
[2026-07-18T07:14:47+08:00] pair=2 mode=protected project=geek
[2026-07-18T07:14:48+08:00] THP profile=always project=geekbench effective=always
[2026-07-18T07:14:48+08:00] Geekbench non-scoring warmup
[2026-07-18T07:21:21+08:00] cooldown 30s
[2026-07-18T07:21:51+08:00] Geekbench formal run 1/5
[2026-07-18T07:28:22+08:00] cooldown 30s
[2026-07-18T07:28:52+08:00] Geekbench formal run 2/5
[2026-07-18T07:35:25+08:00] cooldown 30s
[2026-07-18T07:35:55+08:00] Geekbench formal run 3/5
[2026-07-18T07:42:26+08:00] cooldown 30s
[2026-07-18T07:42:56+08:00] Geekbench formal run 4/5
[2026-07-18T07:49:27+08:00] cooldown 30s
[2026-07-18T07:49:57+08:00] Geekbench formal run 5/5
[2026-07-18T07:56:29+08:00] cooldown 30s
[2026-07-18T07:56:59+08:00] completed Geekbench CPU suite
[2026-07-18T07:56:59+08:00] THP profile=always project=anchors effective=always
[2026-07-18T07:58:40+08:00] completed end anchors
[2026-07-18T07:58:41+08:00] verified one-shot GRUB next_entry=d3000-6.6.30-nvhe in active ESP grubenv
[2026-07-18T07:58:41+08:00] leg=5 complete; rebooting into nvhe for leg=6
[2026-07-18T07:59:38+08:00] leg=6 stage=formal pair=2 expected=nvhe starting
[2026-07-18T07:59:39+08:00] host prepared: CPUs=0-7 governor=performance ASLR=2 swap=off target=multi-user
[2026-07-18T07:59:39+08:00] THP profile=always project=anchors effective=always
[2026-07-18T08:01:20+08:00] completed start anchors
[2026-07-18T08:01:20+08:00] pair=2 mode=nvhe project=redis
[2026-07-18T08:01:20+08:00] THP profile=always project=redis effective=always
[2026-07-18T08:06:41+08:00] cooldown 30s
[2026-07-18T08:12:31+08:00] cooldown 30s
[2026-07-18T08:18:21+08:00] cooldown 30s
[2026-07-18T08:24:11+08:00] cooldown 30s
[2026-07-18T08:30:01+08:00] cooldown 30s
[2026-07-18T08:33:51+08:00] cooldown 30s
[2026-07-18T08:37:41+08:00] cooldown 30s
[2026-07-18T08:41:31+08:00] cooldown 30s
[2026-07-18T08:45:21+08:00] cooldown 30s
[2026-07-18T08:49:11+08:00] cooldown 30s
[2026-07-18T08:55:02+08:00] cooldown 30s
[2026-07-18T09:00:54+08:00] cooldown 30s
[2026-07-18T09:06:45+08:00] cooldown 30s
[2026-07-18T09:12:36+08:00] cooldown 30s
[2026-07-18T09:18:27+08:00] cooldown 30s
[2026-07-18T09:25:18+08:00] cooldown 30s
[2026-07-18T09:32:09+08:00] cooldown 30s
[2026-07-18T09:38:59+08:00] cooldown 30s
[2026-07-18T09:45:50+08:00] cooldown 30s
[2026-07-18T09:52:40+08:00] cooldown 30s
[2026-07-18T09:53:10+08:00] pair=2 mode=nvhe project=rabbitmq
[2026-07-18T09:53:10+08:00] THP profile=always project=rabbitmq effective=always
[2026-07-18T09:53:10+08:00] starting RabbitMQ image=rabbitmq@sha256:8734b9e9cd03d12b2e1d973415fc4c5c941c5eca351b4bd63f721782b1bf7c8b data=/kylin-lmbench-exp-work/rabbitmq/run-d3000-apps-always-20260717-093223-2-nvhe-q1-one-fast-1
[2026-07-18T09:54:14+08:00] cooldown 30s
[2026-07-18T10:00:52+08:00] cooldown 30s
[2026-07-18T10:01:22+08:00] starting RabbitMQ image=rabbitmq@sha256:8734b9e9cd03d12b2e1d973415fc4c5c941c5eca351b4bd63f721782b1bf7c8b data=/kylin-lmbench-exp-work/rabbitmq/run-d3000-apps-always-20260717-093223-2-nvhe-q1-one-fast-2
[2026-07-18T10:02:26+08:00] cooldown 30s
[2026-07-18T10:09:04+08:00] cooldown 30s
[2026-07-18T10:09:34+08:00] starting RabbitMQ image=rabbitmq@sha256:8734b9e9cd03d12b2e1d973415fc4c5c941c5eca351b4bd63f721782b1bf7c8b data=/kylin-lmbench-exp-work/rabbitmq/run-d3000-apps-always-20260717-093223-2-nvhe-q1-one-fast-3
[2026-07-18T10:10:38+08:00] cooldown 30s
[2026-07-18T10:17:16+08:00] cooldown 30s
[2026-07-18T10:17:46+08:00] starting RabbitMQ image=rabbitmq@sha256:8734b9e9cd03d12b2e1d973415fc4c5c941c5eca351b4bd63f721782b1bf7c8b data=/kylin-lmbench-exp-work/rabbitmq/run-d3000-apps-always-20260717-093223-2-nvhe-q1-one-fast-4
[2026-07-18T10:18:50+08:00] cooldown 30s
[2026-07-18T10:25:28+08:00] cooldown 30s
[2026-07-18T10:25:58+08:00] starting RabbitMQ image=rabbitmq@sha256:8734b9e9cd03d12b2e1d973415fc4c5c941c5eca351b4bd63f721782b1bf7c8b data=/kylin-lmbench-exp-work/rabbitmq/run-d3000-apps-always-20260717-093223-2-nvhe-q1-one-fast-5
[2026-07-18T10:27:02+08:00] cooldown 30s
[2026-07-18T10:33:40+08:00] cooldown 30s
[2026-07-18T10:34:10+08:00] starting RabbitMQ image=rabbitmq@sha256:8734b9e9cd03d12b2e1d973415fc4c5c941c5eca351b4bd63f721782b1bf7c8b data=/kylin-lmbench-exp-work/rabbitmq/run-d3000-apps-always-20260717-093223-2-nvhe-q2-reliable-1
[2026-07-18T10:35:14+08:00] cooldown 30s
[2026-07-18T10:41:52+08:00] cooldown 30s
[2026-07-18T10:42:22+08:00] starting RabbitMQ image=rabbitmq@sha256:8734b9e9cd03d12b2e1d973415fc4c5c941c5eca351b4bd63f721782b1bf7c8b data=/kylin-lmbench-exp-work/rabbitmq/run-d3000-apps-always-20260717-093223-2-nvhe-q2-reliable-2
[2026-07-18T10:43:26+08:00] cooldown 30s
[2026-07-18T10:50:05+08:00] cooldown 30s
[2026-07-18T10:50:35+08:00] starting RabbitMQ image=rabbitmq@sha256:8734b9e9cd03d12b2e1d973415fc4c5c941c5eca351b4bd63f721782b1bf7c8b data=/kylin-lmbench-exp-work/rabbitmq/run-d3000-apps-always-20260717-093223-2-nvhe-q2-reliable-3
[2026-07-18T10:51:39+08:00] cooldown 30s
[2026-07-18T10:58:17+08:00] cooldown 30s
[2026-07-18T10:58:47+08:00] starting RabbitMQ image=rabbitmq@sha256:8734b9e9cd03d12b2e1d973415fc4c5c941c5eca351b4bd63f721782b1bf7c8b data=/kylin-lmbench-exp-work/rabbitmq/run-d3000-apps-always-20260717-093223-2-nvhe-q2-reliable-4
[2026-07-18T10:59:51+08:00] cooldown 30s
[2026-07-18T11:06:30+08:00] cooldown 30s
[2026-07-18T11:07:00+08:00] starting RabbitMQ image=rabbitmq@sha256:8734b9e9cd03d12b2e1d973415fc4c5c941c5eca351b4bd63f721782b1bf7c8b data=/kylin-lmbench-exp-work/rabbitmq/run-d3000-apps-always-20260717-093223-2-nvhe-q2-reliable-5
[2026-07-18T11:08:04+08:00] cooldown 30s
[2026-07-18T11:14:42+08:00] cooldown 30s
[2026-07-18T11:15:12+08:00] starting RabbitMQ image=rabbitmq@sha256:8734b9e9cd03d12b2e1d973415fc4c5c941c5eca351b4bd63f721782b1bf7c8b data=/kylin-lmbench-exp-work/rabbitmq/run-d3000-apps-always-20260717-093223-2-nvhe-q3-rate50-1
[2026-07-18T11:16:16+08:00] cooldown 30s
[2026-07-18T11:22:54+08:00] cooldown 30s
[2026-07-18T11:23:24+08:00] starting RabbitMQ image=rabbitmq@sha256:8734b9e9cd03d12b2e1d973415fc4c5c941c5eca351b4bd63f721782b1bf7c8b data=/kylin-lmbench-exp-work/rabbitmq/run-d3000-apps-always-20260717-093223-2-nvhe-q3-rate50-2
[2026-07-18T11:24:28+08:00] cooldown 30s
[2026-07-18T11:31:06+08:00] cooldown 30s
[2026-07-18T11:31:36+08:00] starting RabbitMQ image=rabbitmq@sha256:8734b9e9cd03d12b2e1d973415fc4c5c941c5eca351b4bd63f721782b1bf7c8b data=/kylin-lmbench-exp-work/rabbitmq/run-d3000-apps-always-20260717-093223-2-nvhe-q3-rate50-3
[2026-07-18T11:32:40+08:00] cooldown 30s
[2026-07-18T11:39:18+08:00] cooldown 30s
[2026-07-18T11:39:48+08:00] starting RabbitMQ image=rabbitmq@sha256:8734b9e9cd03d12b2e1d973415fc4c5c941c5eca351b4bd63f721782b1bf7c8b data=/kylin-lmbench-exp-work/rabbitmq/run-d3000-apps-always-20260717-093223-2-nvhe-q3-rate50-4
[2026-07-18T11:40:52+08:00] cooldown 30s
[2026-07-18T11:47:29+08:00] cooldown 30s
[2026-07-18T11:48:00+08:00] starting RabbitMQ image=rabbitmq@sha256:8734b9e9cd03d12b2e1d973415fc4c5c941c5eca351b4bd63f721782b1bf7c8b data=/kylin-lmbench-exp-work/rabbitmq/run-d3000-apps-always-20260717-093223-2-nvhe-q3-rate50-5
[2026-07-18T11:49:04+08:00] cooldown 30s
[2026-07-18T11:55:41+08:00] cooldown 30s
[2026-07-18T11:56:11+08:00] starting RabbitMQ image=rabbitmq@sha256:8734b9e9cd03d12b2e1d973415fc4c5c941c5eca351b4bd63f721782b1bf7c8b data=/kylin-lmbench-exp-work/rabbitmq/run-d3000-apps-always-20260717-093223-2-nvhe-q3-rate70-1
[2026-07-18T11:57:15+08:00] cooldown 30s
[2026-07-18T12:03:53+08:00] cooldown 30s
[2026-07-18T12:04:23+08:00] starting RabbitMQ image=rabbitmq@sha256:8734b9e9cd03d12b2e1d973415fc4c5c941c5eca351b4bd63f721782b1bf7c8b data=/kylin-lmbench-exp-work/rabbitmq/run-d3000-apps-always-20260717-093223-2-nvhe-q3-rate70-2
[2026-07-18T12:05:27+08:00] cooldown 30s
[2026-07-18T12:12:05+08:00] cooldown 30s
[2026-07-18T12:12:35+08:00] starting RabbitMQ image=rabbitmq@sha256:8734b9e9cd03d12b2e1d973415fc4c5c941c5eca351b4bd63f721782b1bf7c8b data=/kylin-lmbench-exp-work/rabbitmq/run-d3000-apps-always-20260717-093223-2-nvhe-q3-rate70-3
[2026-07-18T12:13:39+08:00] cooldown 30s
[2026-07-18T12:20:17+08:00] cooldown 30s
[2026-07-18T12:20:47+08:00] starting RabbitMQ image=rabbitmq@sha256:8734b9e9cd03d12b2e1d973415fc4c5c941c5eca351b4bd63f721782b1bf7c8b data=/kylin-lmbench-exp-work/rabbitmq/run-d3000-apps-always-20260717-093223-2-nvhe-q3-rate70-4
[2026-07-18T12:21:51+08:00] cooldown 30s
[2026-07-18T12:28:29+08:00] cooldown 30s
[2026-07-18T12:28:59+08:00] starting RabbitMQ image=rabbitmq@sha256:8734b9e9cd03d12b2e1d973415fc4c5c941c5eca351b4bd63f721782b1bf7c8b data=/kylin-lmbench-exp-work/rabbitmq/run-d3000-apps-always-20260717-093223-2-nvhe-q3-rate70-5
[2026-07-18T12:30:03+08:00] cooldown 30s
[2026-07-18T12:36:41+08:00] cooldown 30s
[2026-07-18T12:37:11+08:00] starting RabbitMQ image=rabbitmq@sha256:8734b9e9cd03d12b2e1d973415fc4c5c941c5eca351b4bd63f721782b1bf7c8b data=/kylin-lmbench-exp-work/rabbitmq/run-d3000-apps-always-20260717-093223-2-nvhe-q3-rate85-1
[2026-07-18T12:38:15+08:00] cooldown 30s
[2026-07-18T12:44:53+08:00] cooldown 30s
[2026-07-18T12:45:23+08:00] starting RabbitMQ image=rabbitmq@sha256:8734b9e9cd03d12b2e1d973415fc4c5c941c5eca351b4bd63f721782b1bf7c8b data=/kylin-lmbench-exp-work/rabbitmq/run-d3000-apps-always-20260717-093223-2-nvhe-q3-rate85-2
[2026-07-18T12:46:27+08:00] cooldown 30s
[2026-07-18T12:53:05+08:00] cooldown 30s
[2026-07-18T12:53:35+08:00] starting RabbitMQ image=rabbitmq@sha256:8734b9e9cd03d12b2e1d973415fc4c5c941c5eca351b4bd63f721782b1bf7c8b data=/kylin-lmbench-exp-work/rabbitmq/run-d3000-apps-always-20260717-093223-2-nvhe-q3-rate85-3
[2026-07-18T12:54:39+08:00] cooldown 30s
[2026-07-18T13:01:17+08:00] cooldown 30s
[2026-07-18T13:01:47+08:00] starting RabbitMQ image=rabbitmq@sha256:8734b9e9cd03d12b2e1d973415fc4c5c941c5eca351b4bd63f721782b1bf7c8b data=/kylin-lmbench-exp-work/rabbitmq/run-d3000-apps-always-20260717-093223-2-nvhe-q3-rate85-4
[2026-07-18T13:02:51+08:00] cooldown 30s
[2026-07-18T13:09:29+08:00] cooldown 30s
[2026-07-18T13:09:59+08:00] starting RabbitMQ image=rabbitmq@sha256:8734b9e9cd03d12b2e1d973415fc4c5c941c5eca351b4bd63f721782b1bf7c8b data=/kylin-lmbench-exp-work/rabbitmq/run-d3000-apps-always-20260717-093223-2-nvhe-q3-rate85-5
[2026-07-18T13:11:03+08:00] cooldown 30s
[2026-07-18T13:17:40+08:00] cooldown 30s
[2026-07-18T13:18:11+08:00] starting RabbitMQ image=rabbitmq@sha256:8734b9e9cd03d12b2e1d973415fc4c5c941c5eca351b4bd63f721782b1bf7c8b data=/kylin-lmbench-exp-work/rabbitmq/run-d3000-apps-always-20260717-093223-2-nvhe-q4-join-late-1
[2026-07-18T13:19:15+08:00] cooldown 30s
[2026-07-18T13:25:52+08:00] cooldown 30s
[2026-07-18T13:26:22+08:00] starting RabbitMQ image=rabbitmq@sha256:8734b9e9cd03d12b2e1d973415fc4c5c941c5eca351b4bd63f721782b1bf7c8b data=/kylin-lmbench-exp-work/rabbitmq/run-d3000-apps-always-20260717-093223-2-nvhe-q4-join-late-2
[2026-07-18T13:27:26+08:00] cooldown 30s
[2026-07-18T13:34:04+08:00] cooldown 30s
[2026-07-18T13:34:34+08:00] starting RabbitMQ image=rabbitmq@sha256:8734b9e9cd03d12b2e1d973415fc4c5c941c5eca351b4bd63f721782b1bf7c8b data=/kylin-lmbench-exp-work/rabbitmq/run-d3000-apps-always-20260717-093223-2-nvhe-q4-join-late-3
[2026-07-18T13:35:38+08:00] cooldown 30s
[2026-07-18T13:42:16+08:00] cooldown 30s
[2026-07-18T13:42:46+08:00] starting RabbitMQ image=rabbitmq@sha256:8734b9e9cd03d12b2e1d973415fc4c5c941c5eca351b4bd63f721782b1bf7c8b data=/kylin-lmbench-exp-work/rabbitmq/run-d3000-apps-always-20260717-093223-2-nvhe-q4-join-late-4
[2026-07-18T13:43:50+08:00] cooldown 30s
[2026-07-18T13:50:28+08:00] cooldown 30s
[2026-07-18T13:50:58+08:00] starting RabbitMQ image=rabbitmq@sha256:8734b9e9cd03d12b2e1d973415fc4c5c941c5eca351b4bd63f721782b1bf7c8b data=/kylin-lmbench-exp-work/rabbitmq/run-d3000-apps-always-20260717-093223-2-nvhe-q4-join-late-5
[2026-07-18T13:52:02+08:00] cooldown 30s
[2026-07-18T13:58:40+08:00] cooldown 30s
[2026-07-18T13:59:10+08:00] starting RabbitMQ image=rabbitmq@sha256:8734b9e9cd03d12b2e1d973415fc4c5c941c5eca351b4bd63f721782b1bf7c8b data=/kylin-lmbench-exp-work/rabbitmq/run-d3000-apps-always-20260717-093223-2-nvhe-q5-backlog-1
[2026-07-18T14:00:14+08:00] cooldown 30s
[2026-07-18T14:01:23+08:00] cooldown 30s
[2026-07-18T14:01:53+08:00] starting RabbitMQ image=rabbitmq@sha256:8734b9e9cd03d12b2e1d973415fc4c5c941c5eca351b4bd63f721782b1bf7c8b data=/kylin-lmbench-exp-work/rabbitmq/run-d3000-apps-always-20260717-093223-2-nvhe-q5-backlog-2
[2026-07-18T14:02:57+08:00] cooldown 30s
[2026-07-18T14:04:05+08:00] cooldown 30s
[2026-07-18T14:04:36+08:00] starting RabbitMQ image=rabbitmq@sha256:8734b9e9cd03d12b2e1d973415fc4c5c941c5eca351b4bd63f721782b1bf7c8b data=/kylin-lmbench-exp-work/rabbitmq/run-d3000-apps-always-20260717-093223-2-nvhe-q5-backlog-3
[2026-07-18T14:05:39+08:00] cooldown 30s
[2026-07-18T14:06:49+08:00] cooldown 30s
[2026-07-18T14:07:20+08:00] starting RabbitMQ image=rabbitmq@sha256:8734b9e9cd03d12b2e1d973415fc4c5c941c5eca351b4bd63f721782b1bf7c8b data=/kylin-lmbench-exp-work/rabbitmq/run-d3000-apps-always-20260717-093223-2-nvhe-q5-backlog-4
[2026-07-18T14:08:23+08:00] cooldown 30s
[2026-07-18T14:09:33+08:00] cooldown 30s
[2026-07-18T14:10:03+08:00] starting RabbitMQ image=rabbitmq@sha256:8734b9e9cd03d12b2e1d973415fc4c5c941c5eca351b4bd63f721782b1bf7c8b data=/kylin-lmbench-exp-work/rabbitmq/run-d3000-apps-always-20260717-093223-2-nvhe-q5-backlog-5
[2026-07-18T14:11:07+08:00] cooldown 30s
[2026-07-18T14:12:16+08:00] cooldown 30s
[2026-07-18T14:12:46+08:00] pair=2 mode=nvhe project=geek
[2026-07-18T14:12:47+08:00] THP profile=always project=geekbench effective=always
[2026-07-18T14:12:47+08:00] Geekbench non-scoring warmup
[2026-07-18T14:19:18+08:00] cooldown 30s
[2026-07-18T14:19:48+08:00] Geekbench formal run 1/5
[2026-07-18T14:26:19+08:00] cooldown 30s
[2026-07-18T14:26:49+08:00] Geekbench formal run 2/5
[2026-07-18T14:33:21+08:00] cooldown 30s
[2026-07-18T14:33:51+08:00] Geekbench formal run 3/5
[2026-07-18T14:40:22+08:00] cooldown 30s
[2026-07-18T14:40:52+08:00] Geekbench formal run 4/5
[2026-07-18T14:47:23+08:00] cooldown 30s
[2026-07-18T14:47:53+08:00] Geekbench formal run 5/5
[2026-07-18T14:54:23+08:00] cooldown 30s
[2026-07-18T14:54:53+08:00] completed Geekbench CPU suite
[2026-07-18T14:54:53+08:00] THP profile=always project=anchors effective=always
[2026-07-18T14:56:33+08:00] completed end anchors
[2026-07-18T14:56:33+08:00] verified one-shot GRUB next_entry=d3000-6.6.30-nvhe in active ESP grubenv
[2026-07-18T14:56:33+08:00] leg=6 complete; rebooting into nvhe for leg=7
[2026-07-18T14:57:31+08:00] leg=7 stage=formal pair=3 expected=nvhe starting
[2026-07-18T14:57:32+08:00] host prepared: CPUs=0-7 governor=performance ASLR=2 swap=off target=multi-user
[2026-07-18T14:57:32+08:00] THP profile=always project=anchors effective=always
[2026-07-18T14:59:13+08:00] completed start anchors
[2026-07-18T14:59:13+08:00] pair=3 mode=nvhe project=rabbitmq
[2026-07-18T14:59:13+08:00] THP profile=always project=rabbitmq effective=always
[2026-07-18T14:59:13+08:00] starting RabbitMQ image=rabbitmq@sha256:8734b9e9cd03d12b2e1d973415fc4c5c941c5eca351b4bd63f721782b1bf7c8b data=/kylin-lmbench-exp-work/rabbitmq/run-d3000-apps-always-20260717-093223-3-nvhe-q1-one-fast-1
[2026-07-18T15:00:17+08:00] cooldown 30s
[2026-07-18T15:06:55+08:00] cooldown 30s
[2026-07-18T15:07:25+08:00] starting RabbitMQ image=rabbitmq@sha256:8734b9e9cd03d12b2e1d973415fc4c5c941c5eca351b4bd63f721782b1bf7c8b data=/kylin-lmbench-exp-work/rabbitmq/run-d3000-apps-always-20260717-093223-3-nvhe-q1-one-fast-2
[2026-07-18T15:08:29+08:00] cooldown 30s
[2026-07-18T15:15:06+08:00] cooldown 30s
[2026-07-18T15:15:37+08:00] starting RabbitMQ image=rabbitmq@sha256:8734b9e9cd03d12b2e1d973415fc4c5c941c5eca351b4bd63f721782b1bf7c8b data=/kylin-lmbench-exp-work/rabbitmq/run-d3000-apps-always-20260717-093223-3-nvhe-q1-one-fast-3
[2026-07-18T15:16:40+08:00] cooldown 30s
[2026-07-18T15:23:18+08:00] cooldown 30s
[2026-07-18T15:23:48+08:00] starting RabbitMQ image=rabbitmq@sha256:8734b9e9cd03d12b2e1d973415fc4c5c941c5eca351b4bd63f721782b1bf7c8b data=/kylin-lmbench-exp-work/rabbitmq/run-d3000-apps-always-20260717-093223-3-nvhe-q1-one-fast-4
[2026-07-18T15:24:52+08:00] cooldown 30s
[2026-07-18T15:31:30+08:00] cooldown 30s
[2026-07-18T15:32:00+08:00] starting RabbitMQ image=rabbitmq@sha256:8734b9e9cd03d12b2e1d973415fc4c5c941c5eca351b4bd63f721782b1bf7c8b data=/kylin-lmbench-exp-work/rabbitmq/run-d3000-apps-always-20260717-093223-3-nvhe-q1-one-fast-5
[2026-07-18T15:33:04+08:00] cooldown 30s
[2026-07-18T15:39:42+08:00] cooldown 30s
[2026-07-18T15:40:12+08:00] starting RabbitMQ image=rabbitmq@sha256:8734b9e9cd03d12b2e1d973415fc4c5c941c5eca351b4bd63f721782b1bf7c8b data=/kylin-lmbench-exp-work/rabbitmq/run-d3000-apps-always-20260717-093223-3-nvhe-q2-reliable-1
[2026-07-18T15:41:16+08:00] cooldown 30s
[2026-07-18T15:47:54+08:00] cooldown 30s
[2026-07-18T15:48:24+08:00] starting RabbitMQ image=rabbitmq@sha256:8734b9e9cd03d12b2e1d973415fc4c5c941c5eca351b4bd63f721782b1bf7c8b data=/kylin-lmbench-exp-work/rabbitmq/run-d3000-apps-always-20260717-093223-3-nvhe-q2-reliable-2
[2026-07-18T15:49:28+08:00] cooldown 30s
[2026-07-18T15:56:06+08:00] cooldown 30s
[2026-07-18T15:56:36+08:00] starting RabbitMQ image=rabbitmq@sha256:8734b9e9cd03d12b2e1d973415fc4c5c941c5eca351b4bd63f721782b1bf7c8b data=/kylin-lmbench-exp-work/rabbitmq/run-d3000-apps-always-20260717-093223-3-nvhe-q2-reliable-3
[2026-07-18T15:57:40+08:00] cooldown 30s
[2026-07-18T16:04:18+08:00] cooldown 30s
[2026-07-18T16:04:48+08:00] starting RabbitMQ image=rabbitmq@sha256:8734b9e9cd03d12b2e1d973415fc4c5c941c5eca351b4bd63f721782b1bf7c8b data=/kylin-lmbench-exp-work/rabbitmq/run-d3000-apps-always-20260717-093223-3-nvhe-q2-reliable-4
[2026-07-18T16:05:52+08:00] cooldown 30s
[2026-07-18T16:12:31+08:00] cooldown 30s
[2026-07-18T16:13:01+08:00] starting RabbitMQ image=rabbitmq@sha256:8734b9e9cd03d12b2e1d973415fc4c5c941c5eca351b4bd63f721782b1bf7c8b data=/kylin-lmbench-exp-work/rabbitmq/run-d3000-apps-always-20260717-093223-3-nvhe-q2-reliable-5
[2026-07-18T16:14:05+08:00] cooldown 30s
[2026-07-18T16:20:43+08:00] cooldown 30s
[2026-07-18T16:21:13+08:00] starting RabbitMQ image=rabbitmq@sha256:8734b9e9cd03d12b2e1d973415fc4c5c941c5eca351b4bd63f721782b1bf7c8b data=/kylin-lmbench-exp-work/rabbitmq/run-d3000-apps-always-20260717-093223-3-nvhe-q3-rate50-1
[2026-07-18T16:22:17+08:00] cooldown 30s
[2026-07-18T16:28:55+08:00] cooldown 30s
[2026-07-18T16:29:25+08:00] starting RabbitMQ image=rabbitmq@sha256:8734b9e9cd03d12b2e1d973415fc4c5c941c5eca351b4bd63f721782b1bf7c8b data=/kylin-lmbench-exp-work/rabbitmq/run-d3000-apps-always-20260717-093223-3-nvhe-q3-rate50-2
[2026-07-18T16:30:29+08:00] cooldown 30s
[2026-07-18T16:37:07+08:00] cooldown 30s
[2026-07-18T16:37:37+08:00] starting RabbitMQ image=rabbitmq@sha256:8734b9e9cd03d12b2e1d973415fc4c5c941c5eca351b4bd63f721782b1bf7c8b data=/kylin-lmbench-exp-work/rabbitmq/run-d3000-apps-always-20260717-093223-3-nvhe-q3-rate50-3
[2026-07-18T16:38:41+08:00] cooldown 30s
[2026-07-18T16:45:19+08:00] cooldown 30s
[2026-07-18T16:45:49+08:00] starting RabbitMQ image=rabbitmq@sha256:8734b9e9cd03d12b2e1d973415fc4c5c941c5eca351b4bd63f721782b1bf7c8b data=/kylin-lmbench-exp-work/rabbitmq/run-d3000-apps-always-20260717-093223-3-nvhe-q3-rate50-4
[2026-07-18T16:46:53+08:00] cooldown 30s
[2026-07-18T16:53:31+08:00] cooldown 30s
[2026-07-18T16:54:01+08:00] starting RabbitMQ image=rabbitmq@sha256:8734b9e9cd03d12b2e1d973415fc4c5c941c5eca351b4bd63f721782b1bf7c8b data=/kylin-lmbench-exp-work/rabbitmq/run-d3000-apps-always-20260717-093223-3-nvhe-q3-rate50-5
[2026-07-18T16:55:05+08:00] cooldown 30s
[2026-07-18T17:01:43+08:00] cooldown 30s
[2026-07-18T17:02:13+08:00] starting RabbitMQ image=rabbitmq@sha256:8734b9e9cd03d12b2e1d973415fc4c5c941c5eca351b4bd63f721782b1bf7c8b data=/kylin-lmbench-exp-work/rabbitmq/run-d3000-apps-always-20260717-093223-3-nvhe-q3-rate70-1
[2026-07-18T17:03:17+08:00] cooldown 30s
[2026-07-18T17:09:54+08:00] cooldown 30s
[2026-07-18T17:10:25+08:00] starting RabbitMQ image=rabbitmq@sha256:8734b9e9cd03d12b2e1d973415fc4c5c941c5eca351b4bd63f721782b1bf7c8b data=/kylin-lmbench-exp-work/rabbitmq/run-d3000-apps-always-20260717-093223-3-nvhe-q3-rate70-2
[2026-07-18T17:11:29+08:00] cooldown 30s
[2026-07-18T17:18:06+08:00] cooldown 30s
[2026-07-18T17:18:37+08:00] starting RabbitMQ image=rabbitmq@sha256:8734b9e9cd03d12b2e1d973415fc4c5c941c5eca351b4bd63f721782b1bf7c8b data=/kylin-lmbench-exp-work/rabbitmq/run-d3000-apps-always-20260717-093223-3-nvhe-q3-rate70-3
[2026-07-18T17:19:40+08:00] cooldown 30s
[2026-07-18T17:26:18+08:00] cooldown 30s
[2026-07-18T17:26:48+08:00] starting RabbitMQ image=rabbitmq@sha256:8734b9e9cd03d12b2e1d973415fc4c5c941c5eca351b4bd63f721782b1bf7c8b data=/kylin-lmbench-exp-work/rabbitmq/run-d3000-apps-always-20260717-093223-3-nvhe-q3-rate70-4
[2026-07-18T17:27:52+08:00] cooldown 30s
[2026-07-18T17:34:30+08:00] cooldown 30s
[2026-07-18T17:35:00+08:00] starting RabbitMQ image=rabbitmq@sha256:8734b9e9cd03d12b2e1d973415fc4c5c941c5eca351b4bd63f721782b1bf7c8b data=/kylin-lmbench-exp-work/rabbitmq/run-d3000-apps-always-20260717-093223-3-nvhe-q3-rate70-5
[2026-07-18T17:36:04+08:00] cooldown 30s
[2026-07-18T17:42:42+08:00] cooldown 30s
[2026-07-18T17:43:12+08:00] starting RabbitMQ image=rabbitmq@sha256:8734b9e9cd03d12b2e1d973415fc4c5c941c5eca351b4bd63f721782b1bf7c8b data=/kylin-lmbench-exp-work/rabbitmq/run-d3000-apps-always-20260717-093223-3-nvhe-q3-rate85-1
[2026-07-18T17:44:16+08:00] cooldown 30s
[2026-07-18T17:50:54+08:00] cooldown 30s
[2026-07-18T17:51:24+08:00] starting RabbitMQ image=rabbitmq@sha256:8734b9e9cd03d12b2e1d973415fc4c5c941c5eca351b4bd63f721782b1bf7c8b data=/kylin-lmbench-exp-work/rabbitmq/run-d3000-apps-always-20260717-093223-3-nvhe-q3-rate85-2
[2026-07-18T17:52:28+08:00] cooldown 30s
[2026-07-18T17:59:06+08:00] cooldown 30s
[2026-07-18T17:59:36+08:00] starting RabbitMQ image=rabbitmq@sha256:8734b9e9cd03d12b2e1d973415fc4c5c941c5eca351b4bd63f721782b1bf7c8b data=/kylin-lmbench-exp-work/rabbitmq/run-d3000-apps-always-20260717-093223-3-nvhe-q3-rate85-3
[2026-07-18T18:00:40+08:00] cooldown 30s
[2026-07-18T18:07:18+08:00] cooldown 30s
[2026-07-18T18:07:48+08:00] starting RabbitMQ image=rabbitmq@sha256:8734b9e9cd03d12b2e1d973415fc4c5c941c5eca351b4bd63f721782b1bf7c8b data=/kylin-lmbench-exp-work/rabbitmq/run-d3000-apps-always-20260717-093223-3-nvhe-q3-rate85-4
[2026-07-18T18:08:52+08:00] cooldown 30s
[2026-07-18T18:15:29+08:00] cooldown 30s
[2026-07-18T18:16:00+08:00] starting RabbitMQ image=rabbitmq@sha256:8734b9e9cd03d12b2e1d973415fc4c5c941c5eca351b4bd63f721782b1bf7c8b data=/kylin-lmbench-exp-work/rabbitmq/run-d3000-apps-always-20260717-093223-3-nvhe-q3-rate85-5
[2026-07-18T18:17:04+08:00] cooldown 30s
[2026-07-18T18:23:41+08:00] cooldown 30s
[2026-07-18T18:24:11+08:00] starting RabbitMQ image=rabbitmq@sha256:8734b9e9cd03d12b2e1d973415fc4c5c941c5eca351b4bd63f721782b1bf7c8b data=/kylin-lmbench-exp-work/rabbitmq/run-d3000-apps-always-20260717-093223-3-nvhe-q4-join-late-1
[2026-07-18T18:25:15+08:00] cooldown 30s
[2026-07-18T18:31:53+08:00] cooldown 30s
[2026-07-18T18:32:23+08:00] starting RabbitMQ image=rabbitmq@sha256:8734b9e9cd03d12b2e1d973415fc4c5c941c5eca351b4bd63f721782b1bf7c8b data=/kylin-lmbench-exp-work/rabbitmq/run-d3000-apps-always-20260717-093223-3-nvhe-q4-join-late-2
[2026-07-18T18:33:27+08:00] cooldown 30s
[2026-07-18T18:40:05+08:00] cooldown 30s
[2026-07-18T18:40:35+08:00] starting RabbitMQ image=rabbitmq@sha256:8734b9e9cd03d12b2e1d973415fc4c5c941c5eca351b4bd63f721782b1bf7c8b data=/kylin-lmbench-exp-work/rabbitmq/run-d3000-apps-always-20260717-093223-3-nvhe-q4-join-late-3
[2026-07-18T18:41:39+08:00] cooldown 30s
[2026-07-18T18:48:17+08:00] cooldown 30s
[2026-07-18T18:48:47+08:00] starting RabbitMQ image=rabbitmq@sha256:8734b9e9cd03d12b2e1d973415fc4c5c941c5eca351b4bd63f721782b1bf7c8b data=/kylin-lmbench-exp-work/rabbitmq/run-d3000-apps-always-20260717-093223-3-nvhe-q4-join-late-4
[2026-07-18T18:49:51+08:00] cooldown 30s
[2026-07-18T18:56:29+08:00] cooldown 30s
[2026-07-18T18:56:59+08:00] starting RabbitMQ image=rabbitmq@sha256:8734b9e9cd03d12b2e1d973415fc4c5c941c5eca351b4bd63f721782b1bf7c8b data=/kylin-lmbench-exp-work/rabbitmq/run-d3000-apps-always-20260717-093223-3-nvhe-q4-join-late-5
[2026-07-18T18:58:03+08:00] cooldown 30s
[2026-07-18T19:04:41+08:00] cooldown 30s
[2026-07-18T19:05:11+08:00] starting RabbitMQ image=rabbitmq@sha256:8734b9e9cd03d12b2e1d973415fc4c5c941c5eca351b4bd63f721782b1bf7c8b data=/kylin-lmbench-exp-work/rabbitmq/run-d3000-apps-always-20260717-093223-3-nvhe-q5-backlog-1
[2026-07-18T19:06:15+08:00] cooldown 30s
[2026-07-18T19:07:23+08:00] cooldown 30s
[2026-07-18T19:07:53+08:00] starting RabbitMQ image=rabbitmq@sha256:8734b9e9cd03d12b2e1d973415fc4c5c941c5eca351b4bd63f721782b1bf7c8b data=/kylin-lmbench-exp-work/rabbitmq/run-d3000-apps-always-20260717-093223-3-nvhe-q5-backlog-2
[2026-07-18T19:08:57+08:00] cooldown 30s
[2026-07-18T19:10:06+08:00] cooldown 30s
[2026-07-18T19:10:36+08:00] starting RabbitMQ image=rabbitmq@sha256:8734b9e9cd03d12b2e1d973415fc4c5c941c5eca351b4bd63f721782b1bf7c8b data=/kylin-lmbench-exp-work/rabbitmq/run-d3000-apps-always-20260717-093223-3-nvhe-q5-backlog-3
[2026-07-18T19:11:40+08:00] cooldown 30s
[2026-07-18T19:12:49+08:00] cooldown 30s
[2026-07-18T19:13:19+08:00] starting RabbitMQ image=rabbitmq@sha256:8734b9e9cd03d12b2e1d973415fc4c5c941c5eca351b4bd63f721782b1bf7c8b data=/kylin-lmbench-exp-work/rabbitmq/run-d3000-apps-always-20260717-093223-3-nvhe-q5-backlog-4
[2026-07-18T19:14:23+08:00] cooldown 30s
[2026-07-18T19:15:32+08:00] cooldown 30s
[2026-07-18T19:16:02+08:00] starting RabbitMQ image=rabbitmq@sha256:8734b9e9cd03d12b2e1d973415fc4c5c941c5eca351b4bd63f721782b1bf7c8b data=/kylin-lmbench-exp-work/rabbitmq/run-d3000-apps-always-20260717-093223-3-nvhe-q5-backlog-5
[2026-07-18T19:17:06+08:00] cooldown 30s
[2026-07-18T19:18:15+08:00] cooldown 30s
[2026-07-18T19:18:45+08:00] pair=3 mode=nvhe project=geek
[2026-07-18T19:18:46+08:00] THP profile=always project=geekbench effective=always
[2026-07-18T19:18:46+08:00] Geekbench non-scoring warmup
[2026-07-18T19:25:17+08:00] cooldown 30s
[2026-07-18T19:25:47+08:00] Geekbench formal run 1/5
[2026-07-18T19:32:18+08:00] cooldown 30s
[2026-07-18T19:32:48+08:00] Geekbench formal run 2/5
[2026-07-18T19:39:18+08:00] cooldown 30s
[2026-07-18T19:39:48+08:00] Geekbench formal run 3/5
[2026-07-18T19:46:19+08:00] cooldown 30s
[2026-07-18T19:46:49+08:00] Geekbench formal run 4/5
[2026-07-18T19:53:20+08:00] cooldown 30s
[2026-07-18T19:53:50+08:00] Geekbench formal run 5/5
[2026-07-18T20:00:19+08:00] cooldown 30s
[2026-07-18T20:00:49+08:00] completed Geekbench CPU suite
[2026-07-18T20:00:49+08:00] pair=3 mode=nvhe project=redis
[2026-07-18T20:00:49+08:00] THP profile=always project=redis effective=always
[2026-07-18T20:06:11+08:00] cooldown 30s
[2026-07-18T20:12:01+08:00] cooldown 30s
[2026-07-18T20:17:51+08:00] cooldown 30s
[2026-07-18T20:23:41+08:00] cooldown 30s
[2026-07-18T20:29:31+08:00] cooldown 30s
[2026-07-18T20:33:21+08:00] cooldown 30s
[2026-07-18T20:37:11+08:00] cooldown 30s
[2026-07-18T20:41:01+08:00] cooldown 30s
[2026-07-18T20:44:51+08:00] cooldown 30s
[2026-07-18T20:48:41+08:00] cooldown 30s
[2026-07-18T20:54:32+08:00] cooldown 30s
[2026-07-18T21:00:24+08:00] cooldown 30s
[2026-07-18T21:06:15+08:00] cooldown 30s
[2026-07-18T21:12:06+08:00] cooldown 30s
[2026-07-18T21:17:57+08:00] cooldown 30s
[2026-07-18T21:24:48+08:00] cooldown 30s
[2026-07-18T21:31:38+08:00] cooldown 30s
[2026-07-18T21:38:29+08:00] cooldown 30s
[2026-07-18T21:45:20+08:00] cooldown 30s
[2026-07-18T21:52:10+08:00] cooldown 30s
[2026-07-18T21:52:40+08:00] THP profile=always project=anchors effective=always
[2026-07-18T21:54:20+08:00] completed end anchors
[2026-07-18T21:54:20+08:00] verified one-shot GRUB next_entry=d3000-6.6.30-protected in active ESP grubenv
[2026-07-18T21:54:20+08:00] leg=7 complete; rebooting into protected for leg=8
[2026-07-18T21:55:20+08:00] leg=8 stage=formal pair=3 expected=protected starting
[2026-07-18T21:55:21+08:00] host prepared: CPUs=0-7 governor=performance ASLR=2 swap=off target=multi-user
[2026-07-18T21:55:21+08:00] THP profile=always project=anchors effective=always
[2026-07-18T21:57:03+08:00] completed start anchors
[2026-07-18T21:57:03+08:00] pair=3 mode=protected project=rabbitmq
[2026-07-18T21:57:03+08:00] THP profile=always project=rabbitmq effective=always
[2026-07-18T21:57:03+08:00] starting RabbitMQ image=rabbitmq@sha256:8734b9e9cd03d12b2e1d973415fc4c5c941c5eca351b4bd63f721782b1bf7c8b data=/kylin-lmbench-exp-work/rabbitmq/run-d3000-apps-always-20260717-093223-3-protected-q1-one-fast-1
[2026-07-18T21:58:07+08:00] cooldown 30s
[2026-07-18T22:04:45+08:00] cooldown 30s
[2026-07-18T22:05:15+08:00] starting RabbitMQ image=rabbitmq@sha256:8734b9e9cd03d12b2e1d973415fc4c5c941c5eca351b4bd63f721782b1bf7c8b data=/kylin-lmbench-exp-work/rabbitmq/run-d3000-apps-always-20260717-093223-3-protected-q1-one-fast-2
[2026-07-18T22:06:19+08:00] cooldown 30s
[2026-07-18T22:12:56+08:00] cooldown 30s
[2026-07-18T22:13:27+08:00] starting RabbitMQ image=rabbitmq@sha256:8734b9e9cd03d12b2e1d973415fc4c5c941c5eca351b4bd63f721782b1bf7c8b data=/kylin-lmbench-exp-work/rabbitmq/run-d3000-apps-always-20260717-093223-3-protected-q1-one-fast-3
[2026-07-18T22:14:30+08:00] cooldown 30s
[2026-07-18T22:21:08+08:00] cooldown 30s
[2026-07-18T22:21:38+08:00] starting RabbitMQ image=rabbitmq@sha256:8734b9e9cd03d12b2e1d973415fc4c5c941c5eca351b4bd63f721782b1bf7c8b data=/kylin-lmbench-exp-work/rabbitmq/run-d3000-apps-always-20260717-093223-3-protected-q1-one-fast-4
[2026-07-18T22:22:42+08:00] cooldown 30s
[2026-07-18T22:29:20+08:00] cooldown 30s
[2026-07-18T22:29:50+08:00] starting RabbitMQ image=rabbitmq@sha256:8734b9e9cd03d12b2e1d973415fc4c5c941c5eca351b4bd63f721782b1bf7c8b data=/kylin-lmbench-exp-work/rabbitmq/run-d3000-apps-always-20260717-093223-3-protected-q1-one-fast-5
[2026-07-18T22:30:54+08:00] cooldown 30s
[2026-07-18T22:37:32+08:00] cooldown 30s
[2026-07-18T22:38:02+08:00] starting RabbitMQ image=rabbitmq@sha256:8734b9e9cd03d12b2e1d973415fc4c5c941c5eca351b4bd63f721782b1bf7c8b data=/kylin-lmbench-exp-work/rabbitmq/run-d3000-apps-always-20260717-093223-3-protected-q2-reliable-1
[2026-07-18T22:39:06+08:00] cooldown 30s
[2026-07-18T22:45:44+08:00] cooldown 30s
[2026-07-18T22:46:15+08:00] starting RabbitMQ image=rabbitmq@sha256:8734b9e9cd03d12b2e1d973415fc4c5c941c5eca351b4bd63f721782b1bf7c8b data=/kylin-lmbench-exp-work/rabbitmq/run-d3000-apps-always-20260717-093223-3-protected-q2-reliable-2
[2026-07-18T22:47:18+08:00] cooldown 30s
[2026-07-18T22:53:57+08:00] cooldown 30s
[2026-07-18T22:54:27+08:00] starting RabbitMQ image=rabbitmq@sha256:8734b9e9cd03d12b2e1d973415fc4c5c941c5eca351b4bd63f721782b1bf7c8b data=/kylin-lmbench-exp-work/rabbitmq/run-d3000-apps-always-20260717-093223-3-protected-q2-reliable-3
[2026-07-18T22:55:31+08:00] cooldown 30s
[2026-07-18T23:02:09+08:00] cooldown 30s
[2026-07-18T23:02:39+08:00] starting RabbitMQ image=rabbitmq@sha256:8734b9e9cd03d12b2e1d973415fc4c5c941c5eca351b4bd63f721782b1bf7c8b data=/kylin-lmbench-exp-work/rabbitmq/run-d3000-apps-always-20260717-093223-3-protected-q2-reliable-4
[2026-07-18T23:03:43+08:00] cooldown 30s
[2026-07-18T23:10:22+08:00] cooldown 30s
[2026-07-18T23:10:52+08:00] starting RabbitMQ image=rabbitmq@sha256:8734b9e9cd03d12b2e1d973415fc4c5c941c5eca351b4bd63f721782b1bf7c8b data=/kylin-lmbench-exp-work/rabbitmq/run-d3000-apps-always-20260717-093223-3-protected-q2-reliable-5
[2026-07-18T23:11:56+08:00] cooldown 30s
[2026-07-18T23:18:35+08:00] cooldown 30s
[2026-07-18T23:19:05+08:00] starting RabbitMQ image=rabbitmq@sha256:8734b9e9cd03d12b2e1d973415fc4c5c941c5eca351b4bd63f721782b1bf7c8b data=/kylin-lmbench-exp-work/rabbitmq/run-d3000-apps-always-20260717-093223-3-protected-q3-rate50-1
[2026-07-18T23:20:09+08:00] cooldown 30s
[2026-07-18T23:26:46+08:00] cooldown 30s
[2026-07-18T23:27:17+08:00] starting RabbitMQ image=rabbitmq@sha256:8734b9e9cd03d12b2e1d973415fc4c5c941c5eca351b4bd63f721782b1bf7c8b data=/kylin-lmbench-exp-work/rabbitmq/run-d3000-apps-always-20260717-093223-3-protected-q3-rate50-2
[2026-07-18T23:28:21+08:00] cooldown 30s
[2026-07-18T23:34:58+08:00] cooldown 30s
[2026-07-18T23:35:28+08:00] starting RabbitMQ image=rabbitmq@sha256:8734b9e9cd03d12b2e1d973415fc4c5c941c5eca351b4bd63f721782b1bf7c8b data=/kylin-lmbench-exp-work/rabbitmq/run-d3000-apps-always-20260717-093223-3-protected-q3-rate50-3
[2026-07-18T23:36:32+08:00] cooldown 30s
[2026-07-18T23:43:10+08:00] cooldown 30s
[2026-07-18T23:43:40+08:00] starting RabbitMQ image=rabbitmq@sha256:8734b9e9cd03d12b2e1d973415fc4c5c941c5eca351b4bd63f721782b1bf7c8b data=/kylin-lmbench-exp-work/rabbitmq/run-d3000-apps-always-20260717-093223-3-protected-q3-rate50-4
[2026-07-18T23:44:44+08:00] cooldown 30s
[2026-07-18T23:51:22+08:00] cooldown 30s
[2026-07-18T23:51:52+08:00] starting RabbitMQ image=rabbitmq@sha256:8734b9e9cd03d12b2e1d973415fc4c5c941c5eca351b4bd63f721782b1bf7c8b data=/kylin-lmbench-exp-work/rabbitmq/run-d3000-apps-always-20260717-093223-3-protected-q3-rate50-5
[2026-07-18T23:52:56+08:00] cooldown 30s
[2026-07-18T23:59:34+08:00] cooldown 30s
[2026-07-19T00:00:04+08:00] starting RabbitMQ image=rabbitmq@sha256:8734b9e9cd03d12b2e1d973415fc4c5c941c5eca351b4bd63f721782b1bf7c8b data=/kylin-lmbench-exp-work/rabbitmq/run-d3000-apps-always-20260717-093223-3-protected-q3-rate70-1
[2026-07-19T00:01:08+08:00] cooldown 30s
[2026-07-19T00:07:46+08:00] cooldown 30s
[2026-07-19T00:08:16+08:00] starting RabbitMQ image=rabbitmq@sha256:8734b9e9cd03d12b2e1d973415fc4c5c941c5eca351b4bd63f721782b1bf7c8b data=/kylin-lmbench-exp-work/rabbitmq/run-d3000-apps-always-20260717-093223-3-protected-q3-rate70-2
[2026-07-19T00:09:20+08:00] cooldown 30s
[2026-07-19T00:15:58+08:00] cooldown 30s
[2026-07-19T00:16:28+08:00] starting RabbitMQ image=rabbitmq@sha256:8734b9e9cd03d12b2e1d973415fc4c5c941c5eca351b4bd63f721782b1bf7c8b data=/kylin-lmbench-exp-work/rabbitmq/run-d3000-apps-always-20260717-093223-3-protected-q3-rate70-3
[2026-07-19T00:17:32+08:00] cooldown 30s
[2026-07-19T00:24:10+08:00] cooldown 30s
[2026-07-19T00:24:40+08:00] starting RabbitMQ image=rabbitmq@sha256:8734b9e9cd03d12b2e1d973415fc4c5c941c5eca351b4bd63f721782b1bf7c8b data=/kylin-lmbench-exp-work/rabbitmq/run-d3000-apps-always-20260717-093223-3-protected-q3-rate70-4
[2026-07-19T00:25:44+08:00] cooldown 30s
[2026-07-19T00:32:22+08:00] cooldown 30s
[2026-07-19T00:32:52+08:00] starting RabbitMQ image=rabbitmq@sha256:8734b9e9cd03d12b2e1d973415fc4c5c941c5eca351b4bd63f721782b1bf7c8b data=/kylin-lmbench-exp-work/rabbitmq/run-d3000-apps-always-20260717-093223-3-protected-q3-rate70-5
[2026-07-19T00:33:56+08:00] cooldown 30s
[2026-07-19T00:40:34+08:00] cooldown 30s
[2026-07-19T00:41:04+08:00] starting RabbitMQ image=rabbitmq@sha256:8734b9e9cd03d12b2e1d973415fc4c5c941c5eca351b4bd63f721782b1bf7c8b data=/kylin-lmbench-exp-work/rabbitmq/run-d3000-apps-always-20260717-093223-3-protected-q3-rate85-1
[2026-07-19T00:42:08+08:00] cooldown 30s
[2026-07-19T00:48:46+08:00] cooldown 30s
[2026-07-19T00:49:16+08:00] starting RabbitMQ image=rabbitmq@sha256:8734b9e9cd03d12b2e1d973415fc4c5c941c5eca351b4bd63f721782b1bf7c8b data=/kylin-lmbench-exp-work/rabbitmq/run-d3000-apps-always-20260717-093223-3-protected-q3-rate85-2
[2026-07-19T00:50:20+08:00] cooldown 30s
[2026-07-19T00:56:58+08:00] cooldown 30s
[2026-07-19T00:57:28+08:00] starting RabbitMQ image=rabbitmq@sha256:8734b9e9cd03d12b2e1d973415fc4c5c941c5eca351b4bd63f721782b1bf7c8b data=/kylin-lmbench-exp-work/rabbitmq/run-d3000-apps-always-20260717-093223-3-protected-q3-rate85-3
[2026-07-19T00:58:32+08:00] cooldown 30s
[2026-07-19T01:05:10+08:00] cooldown 30s
[2026-07-19T01:05:40+08:00] starting RabbitMQ image=rabbitmq@sha256:8734b9e9cd03d12b2e1d973415fc4c5c941c5eca351b4bd63f721782b1bf7c8b data=/kylin-lmbench-exp-work/rabbitmq/run-d3000-apps-always-20260717-093223-3-protected-q3-rate85-4
[2026-07-19T01:06:44+08:00] cooldown 30s
[2026-07-19T01:13:22+08:00] cooldown 30s
[2026-07-19T01:13:52+08:00] starting RabbitMQ image=rabbitmq@sha256:8734b9e9cd03d12b2e1d973415fc4c5c941c5eca351b4bd63f721782b1bf7c8b data=/kylin-lmbench-exp-work/rabbitmq/run-d3000-apps-always-20260717-093223-3-protected-q3-rate85-5
[2026-07-19T01:14:56+08:00] cooldown 30s
[2026-07-19T01:21:34+08:00] cooldown 30s
[2026-07-19T01:22:04+08:00] starting RabbitMQ image=rabbitmq@sha256:8734b9e9cd03d12b2e1d973415fc4c5c941c5eca351b4bd63f721782b1bf7c8b data=/kylin-lmbench-exp-work/rabbitmq/run-d3000-apps-always-20260717-093223-3-protected-q4-join-late-1
[2026-07-19T01:23:08+08:00] cooldown 30s
[2026-07-19T01:29:46+08:00] cooldown 30s
[2026-07-19T01:30:16+08:00] starting RabbitMQ image=rabbitmq@sha256:8734b9e9cd03d12b2e1d973415fc4c5c941c5eca351b4bd63f721782b1bf7c8b data=/kylin-lmbench-exp-work/rabbitmq/run-d3000-apps-always-20260717-093223-3-protected-q4-join-late-2
[2026-07-19T01:31:20+08:00] cooldown 30s
[2026-07-19T01:37:58+08:00] cooldown 30s
[2026-07-19T01:38:28+08:00] starting RabbitMQ image=rabbitmq@sha256:8734b9e9cd03d12b2e1d973415fc4c5c941c5eca351b4bd63f721782b1bf7c8b data=/kylin-lmbench-exp-work/rabbitmq/run-d3000-apps-always-20260717-093223-3-protected-q4-join-late-3
[2026-07-19T01:39:32+08:00] cooldown 30s
[2026-07-19T01:46:10+08:00] cooldown 30s
[2026-07-19T01:46:40+08:00] starting RabbitMQ image=rabbitmq@sha256:8734b9e9cd03d12b2e1d973415fc4c5c941c5eca351b4bd63f721782b1bf7c8b data=/kylin-lmbench-exp-work/rabbitmq/run-d3000-apps-always-20260717-093223-3-protected-q4-join-late-4
[2026-07-19T01:47:44+08:00] cooldown 30s
[2026-07-19T01:54:22+08:00] cooldown 30s
[2026-07-19T01:54:52+08:00] starting RabbitMQ image=rabbitmq@sha256:8734b9e9cd03d12b2e1d973415fc4c5c941c5eca351b4bd63f721782b1bf7c8b data=/kylin-lmbench-exp-work/rabbitmq/run-d3000-apps-always-20260717-093223-3-protected-q4-join-late-5
[2026-07-19T01:55:56+08:00] cooldown 30s
[2026-07-19T02:02:34+08:00] cooldown 30s
[2026-07-19T02:03:04+08:00] starting RabbitMQ image=rabbitmq@sha256:8734b9e9cd03d12b2e1d973415fc4c5c941c5eca351b4bd63f721782b1bf7c8b data=/kylin-lmbench-exp-work/rabbitmq/run-d3000-apps-always-20260717-093223-3-protected-q5-backlog-1
[2026-07-19T02:04:08+08:00] cooldown 30s
[2026-07-19T02:05:16+08:00] cooldown 30s
[2026-07-19T02:05:47+08:00] starting RabbitMQ image=rabbitmq@sha256:8734b9e9cd03d12b2e1d973415fc4c5c941c5eca351b4bd63f721782b1bf7c8b data=/kylin-lmbench-exp-work/rabbitmq/run-d3000-apps-always-20260717-093223-3-protected-q5-backlog-2
[2026-07-19T02:06:51+08:00] cooldown 30s
[2026-07-19T02:08:00+08:00] cooldown 30s
[2026-07-19T02:08:30+08:00] starting RabbitMQ image=rabbitmq@sha256:8734b9e9cd03d12b2e1d973415fc4c5c941c5eca351b4bd63f721782b1bf7c8b data=/kylin-lmbench-exp-work/rabbitmq/run-d3000-apps-always-20260717-093223-3-protected-q5-backlog-3
[2026-07-19T02:09:34+08:00] cooldown 30s
[2026-07-19T02:10:43+08:00] cooldown 30s
[2026-07-19T02:11:13+08:00] starting RabbitMQ image=rabbitmq@sha256:8734b9e9cd03d12b2e1d973415fc4c5c941c5eca351b4bd63f721782b1bf7c8b data=/kylin-lmbench-exp-work/rabbitmq/run-d3000-apps-always-20260717-093223-3-protected-q5-backlog-4
[2026-07-19T02:12:17+08:00] cooldown 30s
[2026-07-19T02:13:27+08:00] cooldown 30s
[2026-07-19T02:13:57+08:00] starting RabbitMQ image=rabbitmq@sha256:8734b9e9cd03d12b2e1d973415fc4c5c941c5eca351b4bd63f721782b1bf7c8b data=/kylin-lmbench-exp-work/rabbitmq/run-d3000-apps-always-20260717-093223-3-protected-q5-backlog-5
[2026-07-19T02:15:01+08:00] cooldown 30s
[2026-07-19T02:16:10+08:00] cooldown 30s
[2026-07-19T02:16:40+08:00] pair=3 mode=protected project=geek
[2026-07-19T02:16:41+08:00] THP profile=always project=geekbench effective=always
[2026-07-19T02:16:41+08:00] Geekbench non-scoring warmup
[2026-07-20T09:20:31+08:00] recovery: quarantined stuck leg=8 pair=3 protected; rebooting same mode to rerun full leg
[2026-07-20T09:21:31+08:00] leg=8 stage=formal pair=3 expected=protected starting
[2026-07-20T09:21:31+08:00] ERROR: boot mode mismatch: expected=protected actual=vhe cmdline=BOOT_IMAGE=/vmlinuz-6.6.30+ root=UUID=eb34825f-907a-4f97-a5dc-ff7dc84d00a0 ro quiet splash loglevel=0 resume=UUID=3ca639c8-8f5b-43eb-8d8f-6ef6a5b33bd3 security=kysec
[2026-07-20T09:22:57+08:00] verified one-shot GRUB next_entry=d3000-6.6.30-protected in active ESP grubenv
[2026-07-20T09:22:57+08:00] recovery: VHE guard rejection was clean; rebooting into protected for leg=8
[2026-07-20T09:23:52+08:00] leg=8 stage=formal pair=3 expected=protected starting
[2026-07-20T09:23:53+08:00] host prepared: CPUs=0-7 governor=performance ASLR=2 swap=off target=multi-user
[2026-07-20T09:23:53+08:00] THP profile=always project=anchors effective=always
[2026-07-20T09:25:36+08:00] completed start anchors
[2026-07-20T09:25:36+08:00] pair=3 mode=protected project=rabbitmq
[2026-07-20T09:25:36+08:00] THP profile=always project=rabbitmq effective=always
[2026-07-20T09:25:36+08:00] starting RabbitMQ image=rabbitmq@sha256:8734b9e9cd03d12b2e1d973415fc4c5c941c5eca351b4bd63f721782b1bf7c8b data=/kylin-lmbench-exp-work/rabbitmq/run-d3000-apps-always-20260717-093223-3-protected-q1-one-fast-1
[2026-07-20T09:26:40+08:00] cooldown 30s
[2026-07-20T09:33:18+08:00] cooldown 30s
[2026-07-20T09:33:48+08:00] starting RabbitMQ image=rabbitmq@sha256:8734b9e9cd03d12b2e1d973415fc4c5c941c5eca351b4bd63f721782b1bf7c8b data=/kylin-lmbench-exp-work/rabbitmq/run-d3000-apps-always-20260717-093223-3-protected-q1-one-fast-2
[2026-07-20T09:34:52+08:00] cooldown 30s
[2026-07-20T09:41:30+08:00] cooldown 30s
[2026-07-20T09:42:00+08:00] starting RabbitMQ image=rabbitmq@sha256:8734b9e9cd03d12b2e1d973415fc4c5c941c5eca351b4bd63f721782b1bf7c8b data=/kylin-lmbench-exp-work/rabbitmq/run-d3000-apps-always-20260717-093223-3-protected-q1-one-fast-3
[2026-07-20T09:43:04+08:00] cooldown 30s
[2026-07-20T09:49:41+08:00] cooldown 30s
[2026-07-20T09:50:12+08:00] starting RabbitMQ image=rabbitmq@sha256:8734b9e9cd03d12b2e1d973415fc4c5c941c5eca351b4bd63f721782b1bf7c8b data=/kylin-lmbench-exp-work/rabbitmq/run-d3000-apps-always-20260717-093223-3-protected-q1-one-fast-4
[2026-07-20T09:51:16+08:00] cooldown 30s
[2026-07-20T09:57:53+08:00] cooldown 30s
[2026-07-20T09:58:23+08:00] starting RabbitMQ image=rabbitmq@sha256:8734b9e9cd03d12b2e1d973415fc4c5c941c5eca351b4bd63f721782b1bf7c8b data=/kylin-lmbench-exp-work/rabbitmq/run-d3000-apps-always-20260717-093223-3-protected-q1-one-fast-5
[2026-07-20T09:59:27+08:00] cooldown 30s
[2026-07-20T10:06:05+08:00] cooldown 30s
[2026-07-20T10:06:35+08:00] starting RabbitMQ image=rabbitmq@sha256:8734b9e9cd03d12b2e1d973415fc4c5c941c5eca351b4bd63f721782b1bf7c8b data=/kylin-lmbench-exp-work/rabbitmq/run-d3000-apps-always-20260717-093223-3-protected-q2-reliable-1
[2026-07-20T10:07:39+08:00] cooldown 30s
[2026-07-20T10:14:17+08:00] cooldown 30s
[2026-07-20T10:14:47+08:00] starting RabbitMQ image=rabbitmq@sha256:8734b9e9cd03d12b2e1d973415fc4c5c941c5eca351b4bd63f721782b1bf7c8b data=/kylin-lmbench-exp-work/rabbitmq/run-d3000-apps-always-20260717-093223-3-protected-q2-reliable-2
[2026-07-20T10:15:51+08:00] cooldown 30s
[2026-07-20T10:22:30+08:00] cooldown 30s
[2026-07-20T10:23:00+08:00] starting RabbitMQ image=rabbitmq@sha256:8734b9e9cd03d12b2e1d973415fc4c5c941c5eca351b4bd63f721782b1bf7c8b data=/kylin-lmbench-exp-work/rabbitmq/run-d3000-apps-always-20260717-093223-3-protected-q2-reliable-3
[2026-07-20T10:24:04+08:00] cooldown 30s
[2026-07-20T10:30:42+08:00] cooldown 30s
[2026-07-20T10:31:12+08:00] starting RabbitMQ image=rabbitmq@sha256:8734b9e9cd03d12b2e1d973415fc4c5c941c5eca351b4bd63f721782b1bf7c8b data=/kylin-lmbench-exp-work/rabbitmq/run-d3000-apps-always-20260717-093223-3-protected-q2-reliable-4
[2026-07-20T10:32:16+08:00] cooldown 30s
[2026-07-20T10:38:54+08:00] cooldown 30s
[2026-07-20T10:39:25+08:00] starting RabbitMQ image=rabbitmq@sha256:8734b9e9cd03d12b2e1d973415fc4c5c941c5eca351b4bd63f721782b1bf7c8b data=/kylin-lmbench-exp-work/rabbitmq/run-d3000-apps-always-20260717-093223-3-protected-q2-reliable-5
[2026-07-20T10:40:29+08:00] cooldown 30s
[2026-07-20T10:47:07+08:00] cooldown 30s
[2026-07-20T10:47:37+08:00] starting RabbitMQ image=rabbitmq@sha256:8734b9e9cd03d12b2e1d973415fc4c5c941c5eca351b4bd63f721782b1bf7c8b data=/kylin-lmbench-exp-work/rabbitmq/run-d3000-apps-always-20260717-093223-3-protected-q3-rate50-1
[2026-07-20T10:48:41+08:00] cooldown 30s
[2026-07-20T10:55:19+08:00] cooldown 30s
[2026-07-20T10:55:49+08:00] starting RabbitMQ image=rabbitmq@sha256:8734b9e9cd03d12b2e1d973415fc4c5c941c5eca351b4bd63f721782b1bf7c8b data=/kylin-lmbench-exp-work/rabbitmq/run-d3000-apps-always-20260717-093223-3-protected-q3-rate50-2
[2026-07-20T10:56:53+08:00] cooldown 30s
[2026-07-20T11:03:31+08:00] cooldown 30s
[2026-07-20T11:04:01+08:00] starting RabbitMQ image=rabbitmq@sha256:8734b9e9cd03d12b2e1d973415fc4c5c941c5eca351b4bd63f721782b1bf7c8b data=/kylin-lmbench-exp-work/rabbitmq/run-d3000-apps-always-20260717-093223-3-protected-q3-rate50-3
[2026-07-20T11:05:05+08:00] cooldown 30s
[2026-07-20T11:11:43+08:00] cooldown 30s
[2026-07-20T11:12:13+08:00] starting RabbitMQ image=rabbitmq@sha256:8734b9e9cd03d12b2e1d973415fc4c5c941c5eca351b4bd63f721782b1bf7c8b data=/kylin-lmbench-exp-work/rabbitmq/run-d3000-apps-always-20260717-093223-3-protected-q3-rate50-4
[2026-07-20T11:13:17+08:00] cooldown 30s
[2026-07-20T11:19:55+08:00] cooldown 30s
[2026-07-20T11:20:25+08:00] starting RabbitMQ image=rabbitmq@sha256:8734b9e9cd03d12b2e1d973415fc4c5c941c5eca351b4bd63f721782b1bf7c8b data=/kylin-lmbench-exp-work/rabbitmq/run-d3000-apps-always-20260717-093223-3-protected-q3-rate50-5
[2026-07-20T11:21:29+08:00] cooldown 30s
[2026-07-20T11:28:07+08:00] cooldown 30s
[2026-07-20T11:28:37+08:00] starting RabbitMQ image=rabbitmq@sha256:8734b9e9cd03d12b2e1d973415fc4c5c941c5eca351b4bd63f721782b1bf7c8b data=/kylin-lmbench-exp-work/rabbitmq/run-d3000-apps-always-20260717-093223-3-protected-q3-rate70-1
[2026-07-20T11:29:41+08:00] cooldown 30s
[2026-07-20T11:36:19+08:00] cooldown 30s
[2026-07-20T11:36:49+08:00] starting RabbitMQ image=rabbitmq@sha256:8734b9e9cd03d12b2e1d973415fc4c5c941c5eca351b4bd63f721782b1bf7c8b data=/kylin-lmbench-exp-work/rabbitmq/run-d3000-apps-always-20260717-093223-3-protected-q3-rate70-2
[2026-07-20T11:37:53+08:00] cooldown 30s
[2026-07-20T11:44:30+08:00] cooldown 30s
[2026-07-20T11:45:01+08:00] starting RabbitMQ image=rabbitmq@sha256:8734b9e9cd03d12b2e1d973415fc4c5c941c5eca351b4bd63f721782b1bf7c8b data=/kylin-lmbench-exp-work/rabbitmq/run-d3000-apps-always-20260717-093223-3-protected-q3-rate70-3
[2026-07-20T11:46:05+08:00] cooldown 30s
[2026-07-20T11:52:42+08:00] cooldown 30s
[2026-07-20T11:53:13+08:00] starting RabbitMQ image=rabbitmq@sha256:8734b9e9cd03d12b2e1d973415fc4c5c941c5eca351b4bd63f721782b1bf7c8b data=/kylin-lmbench-exp-work/rabbitmq/run-d3000-apps-always-20260717-093223-3-protected-q3-rate70-4
[2026-07-20T11:54:17+08:00] cooldown 30s
[2026-07-20T12:00:54+08:00] cooldown 30s
[2026-07-20T12:01:24+08:00] starting RabbitMQ image=rabbitmq@sha256:8734b9e9cd03d12b2e1d973415fc4c5c941c5eca351b4bd63f721782b1bf7c8b data=/kylin-lmbench-exp-work/rabbitmq/run-d3000-apps-always-20260717-093223-3-protected-q3-rate70-5
[2026-07-20T12:02:28+08:00] cooldown 30s
[2026-07-20T12:09:06+08:00] cooldown 30s
[2026-07-20T12:09:36+08:00] starting RabbitMQ image=rabbitmq@sha256:8734b9e9cd03d12b2e1d973415fc4c5c941c5eca351b4bd63f721782b1bf7c8b data=/kylin-lmbench-exp-work/rabbitmq/run-d3000-apps-always-20260717-093223-3-protected-q3-rate85-1
[2026-07-20T12:10:40+08:00] cooldown 30s
[2026-07-20T12:17:18+08:00] cooldown 30s
[2026-07-20T12:17:48+08:00] starting RabbitMQ image=rabbitmq@sha256:8734b9e9cd03d12b2e1d973415fc4c5c941c5eca351b4bd63f721782b1bf7c8b data=/kylin-lmbench-exp-work/rabbitmq/run-d3000-apps-always-20260717-093223-3-protected-q3-rate85-2
[2026-07-20T12:18:52+08:00] cooldown 30s
[2026-07-20T12:25:30+08:00] cooldown 30s
[2026-07-20T12:26:00+08:00] starting RabbitMQ image=rabbitmq@sha256:8734b9e9cd03d12b2e1d973415fc4c5c941c5eca351b4bd63f721782b1bf7c8b data=/kylin-lmbench-exp-work/rabbitmq/run-d3000-apps-always-20260717-093223-3-protected-q3-rate85-3
[2026-07-20T12:27:04+08:00] cooldown 30s
[2026-07-20T12:33:42+08:00] cooldown 30s
[2026-07-20T12:34:12+08:00] starting RabbitMQ image=rabbitmq@sha256:8734b9e9cd03d12b2e1d973415fc4c5c941c5eca351b4bd63f721782b1bf7c8b data=/kylin-lmbench-exp-work/rabbitmq/run-d3000-apps-always-20260717-093223-3-protected-q3-rate85-4
[2026-07-20T12:35:16+08:00] cooldown 30s
[2026-07-20T12:41:54+08:00] cooldown 30s
[2026-07-20T12:42:24+08:00] starting RabbitMQ image=rabbitmq@sha256:8734b9e9cd03d12b2e1d973415fc4c5c941c5eca351b4bd63f721782b1bf7c8b data=/kylin-lmbench-exp-work/rabbitmq/run-d3000-apps-always-20260717-093223-3-protected-q3-rate85-5
[2026-07-20T12:43:28+08:00] cooldown 30s
[2026-07-20T12:50:06+08:00] cooldown 30s
[2026-07-20T12:50:36+08:00] starting RabbitMQ image=rabbitmq@sha256:8734b9e9cd03d12b2e1d973415fc4c5c941c5eca351b4bd63f721782b1bf7c8b data=/kylin-lmbench-exp-work/rabbitmq/run-d3000-apps-always-20260717-093223-3-protected-q4-join-late-1
[2026-07-20T12:51:40+08:00] cooldown 30s
[2026-07-20T12:58:18+08:00] cooldown 30s
[2026-07-20T12:58:48+08:00] starting RabbitMQ image=rabbitmq@sha256:8734b9e9cd03d12b2e1d973415fc4c5c941c5eca351b4bd63f721782b1bf7c8b data=/kylin-lmbench-exp-work/rabbitmq/run-d3000-apps-always-20260717-093223-3-protected-q4-join-late-2
[2026-07-20T12:59:52+08:00] cooldown 30s
[2026-07-20T13:06:30+08:00] cooldown 30s
[2026-07-20T13:07:00+08:00] starting RabbitMQ image=rabbitmq@sha256:8734b9e9cd03d12b2e1d973415fc4c5c941c5eca351b4bd63f721782b1bf7c8b data=/kylin-lmbench-exp-work/rabbitmq/run-d3000-apps-always-20260717-093223-3-protected-q4-join-late-3
[2026-07-20T13:08:04+08:00] cooldown 30s
[2026-07-20T13:14:42+08:00] cooldown 30s
[2026-07-20T13:15:12+08:00] starting RabbitMQ image=rabbitmq@sha256:8734b9e9cd03d12b2e1d973415fc4c5c941c5eca351b4bd63f721782b1bf7c8b data=/kylin-lmbench-exp-work/rabbitmq/run-d3000-apps-always-20260717-093223-3-protected-q4-join-late-4
[2026-07-20T13:16:16+08:00] cooldown 30s
[2026-07-20T13:22:54+08:00] cooldown 30s
[2026-07-20T13:23:24+08:00] starting RabbitMQ image=rabbitmq@sha256:8734b9e9cd03d12b2e1d973415fc4c5c941c5eca351b4bd63f721782b1bf7c8b data=/kylin-lmbench-exp-work/rabbitmq/run-d3000-apps-always-20260717-093223-3-protected-q4-join-late-5
[2026-07-20T13:24:28+08:00] cooldown 30s
[2026-07-20T13:31:06+08:00] cooldown 30s
[2026-07-20T13:31:36+08:00] starting RabbitMQ image=rabbitmq@sha256:8734b9e9cd03d12b2e1d973415fc4c5c941c5eca351b4bd63f721782b1bf7c8b data=/kylin-lmbench-exp-work/rabbitmq/run-d3000-apps-always-20260717-093223-3-protected-q5-backlog-1
[2026-07-20T13:32:40+08:00] cooldown 30s
[2026-07-20T13:33:49+08:00] cooldown 30s
[2026-07-20T13:34:19+08:00] starting RabbitMQ image=rabbitmq@sha256:8734b9e9cd03d12b2e1d973415fc4c5c941c5eca351b4bd63f721782b1bf7c8b data=/kylin-lmbench-exp-work/rabbitmq/run-d3000-apps-always-20260717-093223-3-protected-q5-backlog-2
[2026-07-20T13:35:23+08:00] cooldown 30s
[2026-07-20T13:36:33+08:00] cooldown 30s
[2026-07-20T13:37:03+08:00] starting RabbitMQ image=rabbitmq@sha256:8734b9e9cd03d12b2e1d973415fc4c5c941c5eca351b4bd63f721782b1bf7c8b data=/kylin-lmbench-exp-work/rabbitmq/run-d3000-apps-always-20260717-093223-3-protected-q5-backlog-3
[2026-07-20T13:38:07+08:00] cooldown 30s
[2026-07-20T13:39:18+08:00] cooldown 30s
[2026-07-20T13:39:48+08:00] starting RabbitMQ image=rabbitmq@sha256:8734b9e9cd03d12b2e1d973415fc4c5c941c5eca351b4bd63f721782b1bf7c8b data=/kylin-lmbench-exp-work/rabbitmq/run-d3000-apps-always-20260717-093223-3-protected-q5-backlog-4
[2026-07-20T13:40:53+08:00] cooldown 30s
[2026-07-20T13:42:01+08:00] cooldown 30s
[2026-07-20T13:42:31+08:00] starting RabbitMQ image=rabbitmq@sha256:8734b9e9cd03d12b2e1d973415fc4c5c941c5eca351b4bd63f721782b1bf7c8b data=/kylin-lmbench-exp-work/rabbitmq/run-d3000-apps-always-20260717-093223-3-protected-q5-backlog-5
[2026-07-20T13:43:35+08:00] cooldown 30s
[2026-07-20T13:44:44+08:00] cooldown 30s
[2026-07-20T13:45:14+08:00] pair=3 mode=protected project=geek
[2026-07-20T13:45:15+08:00] THP profile=always project=geekbench effective=always
[2026-07-20T13:45:15+08:00] Geekbench non-scoring warmup
[2026-07-20T13:45:15+08:00] Geekbench warmup attempt 1/3
[2026-07-20T13:51:45+08:00] cooldown 30s
[2026-07-20T13:52:15+08:00] Geekbench formal run 1/5
[2026-07-20T13:52:15+08:00] Geekbench rep-01 attempt 1/3
[2026-07-20T13:58:46+08:00] cooldown 30s
[2026-07-20T13:59:16+08:00] Geekbench formal run 2/5
[2026-07-20T13:59:16+08:00] Geekbench rep-02 attempt 1/3
[2026-07-20T14:05:47+08:00] cooldown 30s
[2026-07-20T14:06:17+08:00] Geekbench formal run 3/5
[2026-07-20T14:06:17+08:00] Geekbench rep-03 attempt 1/3
[2026-07-20T14:12:48+08:00] cooldown 30s
[2026-07-20T14:13:18+08:00] Geekbench formal run 4/5
[2026-07-20T14:13:18+08:00] Geekbench rep-04 attempt 1/3
[2026-07-20T14:19:48+08:00] cooldown 30s
[2026-07-20T14:20:18+08:00] Geekbench formal run 5/5
[2026-07-20T14:20:18+08:00] Geekbench rep-05 attempt 1/3
[2026-07-20T14:26:50+08:00] cooldown 30s
[2026-07-20T14:27:20+08:00] completed Geekbench CPU suite
[2026-07-20T14:27:20+08:00] pair=3 mode=protected project=redis
[2026-07-20T14:27:20+08:00] THP profile=always project=redis effective=always
[2026-07-20T14:32:41+08:00] cooldown 30s
[2026-07-20T14:38:31+08:00] cooldown 30s
[2026-07-20T14:44:21+08:00] cooldown 30s
[2026-07-20T14:50:11+08:00] cooldown 30s
[2026-07-20T14:56:01+08:00] cooldown 30s
[2026-07-20T14:59:51+08:00] cooldown 30s
[2026-07-20T15:03:41+08:00] cooldown 30s
[2026-07-20T15:07:31+08:00] cooldown 30s
[2026-07-20T15:11:22+08:00] cooldown 30s
[2026-07-20T15:15:12+08:00] cooldown 30s
[2026-07-20T15:21:03+08:00] cooldown 30s
[2026-07-20T15:26:54+08:00] cooldown 30s
[2026-07-20T15:32:45+08:00] cooldown 30s
[2026-07-20T15:38:36+08:00] cooldown 30s
[2026-07-20T15:44:28+08:00] cooldown 30s
[2026-07-20T15:51:18+08:00] cooldown 30s
[2026-07-20T15:58:09+08:00] cooldown 30s
[2026-07-20T16:04:59+08:00] cooldown 30s
[2026-07-20T16:11:50+08:00] cooldown 30s
[2026-07-20T16:18:41+08:00] cooldown 30s
[2026-07-20T16:19:11+08:00] THP profile=always project=anchors effective=always
[2026-07-20T16:20:52+08:00] completed end anchors
[2026-07-20T16:20:52+08:00] verified one-shot GRUB next_entry=d3000-6.6.30-protected in active ESP grubenv
[2026-07-20T16:20:52+08:00] leg=8 complete; rebooting into protected for leg=9
[2026-07-20T16:21:49+08:00] leg=9 stage=formal pair=4 expected=protected starting
[2026-07-20T16:21:50+08:00] host prepared: CPUs=0-7 governor=performance ASLR=2 swap=off target=multi-user
[2026-07-20T16:21:50+08:00] THP profile=always project=anchors effective=always
[2026-07-20T16:23:32+08:00] completed start anchors
[2026-07-20T16:23:32+08:00] pair=4 mode=protected project=geek
[2026-07-20T16:23:33+08:00] THP profile=always project=geekbench effective=always
[2026-07-20T16:23:33+08:00] Geekbench non-scoring warmup
[2026-07-20T16:23:33+08:00] Geekbench warmup attempt 1/3
[2026-07-20T16:30:05+08:00] cooldown 30s
[2026-07-20T16:30:35+08:00] Geekbench formal run 1/5
[2026-07-20T16:30:35+08:00] Geekbench rep-01 attempt 1/3
[2026-07-20T16:37:06+08:00] cooldown 30s
[2026-07-20T16:37:36+08:00] Geekbench formal run 2/5
[2026-07-20T16:37:36+08:00] Geekbench rep-02 attempt 1/3
[2026-07-20T16:44:07+08:00] cooldown 30s
[2026-07-20T16:44:37+08:00] Geekbench formal run 3/5
[2026-07-20T16:44:37+08:00] Geekbench rep-03 attempt 1/3
[2026-07-20T16:51:07+08:00] cooldown 30s
[2026-07-20T16:51:37+08:00] Geekbench formal run 4/5
[2026-07-20T16:51:37+08:00] Geekbench rep-04 attempt 1/3
[2026-07-20T16:58:08+08:00] cooldown 30s
[2026-07-20T16:58:38+08:00] Geekbench formal run 5/5
[2026-07-20T16:58:38+08:00] Geekbench rep-05 attempt 1/3
[2026-07-20T17:05:09+08:00] cooldown 30s
[2026-07-20T17:05:39+08:00] completed Geekbench CPU suite
[2026-07-20T17:05:39+08:00] pair=4 mode=protected project=rabbitmq
[2026-07-20T17:05:39+08:00] THP profile=always project=rabbitmq effective=always
[2026-07-20T17:05:39+08:00] starting RabbitMQ image=rabbitmq@sha256:8734b9e9cd03d12b2e1d973415fc4c5c941c5eca351b4bd63f721782b1bf7c8b data=/kylin-lmbench-exp-work/rabbitmq/run-d3000-apps-always-20260717-093223-4-protected-q1-one-fast-1
[2026-07-20T17:06:44+08:00] cooldown 30s
[2026-07-20T17:13:21+08:00] cooldown 30s
[2026-07-20T17:13:52+08:00] starting RabbitMQ image=rabbitmq@sha256:8734b9e9cd03d12b2e1d973415fc4c5c941c5eca351b4bd63f721782b1bf7c8b data=/kylin-lmbench-exp-work/rabbitmq/run-d3000-apps-always-20260717-093223-4-protected-q1-one-fast-2
[2026-07-20T17:14:56+08:00] cooldown 30s
[2026-07-20T17:21:33+08:00] cooldown 30s
[2026-07-20T17:22:03+08:00] starting RabbitMQ image=rabbitmq@sha256:8734b9e9cd03d12b2e1d973415fc4c5c941c5eca351b4bd63f721782b1bf7c8b data=/kylin-lmbench-exp-work/rabbitmq/run-d3000-apps-always-20260717-093223-4-protected-q1-one-fast-3
[2026-07-20T17:23:07+08:00] cooldown 30s
[2026-07-20T17:29:45+08:00] cooldown 30s
[2026-07-20T17:30:16+08:00] starting RabbitMQ image=rabbitmq@sha256:8734b9e9cd03d12b2e1d973415fc4c5c941c5eca351b4bd63f721782b1bf7c8b data=/kylin-lmbench-exp-work/rabbitmq/run-d3000-apps-always-20260717-093223-4-protected-q1-one-fast-4
[2026-07-20T17:31:20+08:00] cooldown 30s
[2026-07-20T17:37:57+08:00] cooldown 30s
[2026-07-20T17:38:27+08:00] starting RabbitMQ image=rabbitmq@sha256:8734b9e9cd03d12b2e1d973415fc4c5c941c5eca351b4bd63f721782b1bf7c8b data=/kylin-lmbench-exp-work/rabbitmq/run-d3000-apps-always-20260717-093223-4-protected-q1-one-fast-5
[2026-07-20T17:39:31+08:00] cooldown 30s
[2026-07-20T17:46:09+08:00] cooldown 30s
[2026-07-20T17:46:39+08:00] starting RabbitMQ image=rabbitmq@sha256:8734b9e9cd03d12b2e1d973415fc4c5c941c5eca351b4bd63f721782b1bf7c8b data=/kylin-lmbench-exp-work/rabbitmq/run-d3000-apps-always-20260717-093223-4-protected-q2-reliable-1
[2026-07-20T17:47:43+08:00] cooldown 30s
[2026-07-20T17:54:21+08:00] cooldown 30s
[2026-07-20T17:54:51+08:00] starting RabbitMQ image=rabbitmq@sha256:8734b9e9cd03d12b2e1d973415fc4c5c941c5eca351b4bd63f721782b1bf7c8b data=/kylin-lmbench-exp-work/rabbitmq/run-d3000-apps-always-20260717-093223-4-protected-q2-reliable-2
[2026-07-20T17:55:55+08:00] cooldown 30s
[2026-07-20T18:02:34+08:00] cooldown 30s
[2026-07-20T18:03:04+08:00] starting RabbitMQ image=rabbitmq@sha256:8734b9e9cd03d12b2e1d973415fc4c5c941c5eca351b4bd63f721782b1bf7c8b data=/kylin-lmbench-exp-work/rabbitmq/run-d3000-apps-always-20260717-093223-4-protected-q2-reliable-3
[2026-07-20T18:04:08+08:00] cooldown 30s
[2026-07-20T18:10:46+08:00] cooldown 30s
[2026-07-20T18:11:16+08:00] starting RabbitMQ image=rabbitmq@sha256:8734b9e9cd03d12b2e1d973415fc4c5c941c5eca351b4bd63f721782b1bf7c8b data=/kylin-lmbench-exp-work/rabbitmq/run-d3000-apps-always-20260717-093223-4-protected-q2-reliable-4
[2026-07-20T18:12:20+08:00] cooldown 30s
[2026-07-20T18:18:58+08:00] cooldown 30s
[2026-07-20T18:19:28+08:00] starting RabbitMQ image=rabbitmq@sha256:8734b9e9cd03d12b2e1d973415fc4c5c941c5eca351b4bd63f721782b1bf7c8b data=/kylin-lmbench-exp-work/rabbitmq/run-d3000-apps-always-20260717-093223-4-protected-q2-reliable-5
[2026-07-20T18:20:32+08:00] cooldown 30s
[2026-07-20T18:27:11+08:00] cooldown 30s
[2026-07-20T18:27:41+08:00] starting RabbitMQ image=rabbitmq@sha256:8734b9e9cd03d12b2e1d973415fc4c5c941c5eca351b4bd63f721782b1bf7c8b data=/kylin-lmbench-exp-work/rabbitmq/run-d3000-apps-always-20260717-093223-4-protected-q3-rate50-1
[2026-07-20T18:28:45+08:00] cooldown 30s
[2026-07-20T18:35:23+08:00] cooldown 30s
[2026-07-20T18:35:53+08:00] starting RabbitMQ image=rabbitmq@sha256:8734b9e9cd03d12b2e1d973415fc4c5c941c5eca351b4bd63f721782b1bf7c8b data=/kylin-lmbench-exp-work/rabbitmq/run-d3000-apps-always-20260717-093223-4-protected-q3-rate50-2
[2026-07-20T18:36:57+08:00] cooldown 30s
[2026-07-20T18:43:35+08:00] cooldown 30s
[2026-07-20T18:44:05+08:00] starting RabbitMQ image=rabbitmq@sha256:8734b9e9cd03d12b2e1d973415fc4c5c941c5eca351b4bd63f721782b1bf7c8b data=/kylin-lmbench-exp-work/rabbitmq/run-d3000-apps-always-20260717-093223-4-protected-q3-rate50-3
[2026-07-20T18:45:09+08:00] cooldown 30s
[2026-07-20T18:51:47+08:00] cooldown 30s
[2026-07-20T18:52:17+08:00] starting RabbitMQ image=rabbitmq@sha256:8734b9e9cd03d12b2e1d973415fc4c5c941c5eca351b4bd63f721782b1bf7c8b data=/kylin-lmbench-exp-work/rabbitmq/run-d3000-apps-always-20260717-093223-4-protected-q3-rate50-4
[2026-07-20T18:53:21+08:00] cooldown 30s
[2026-07-20T18:59:59+08:00] cooldown 30s
[2026-07-20T19:00:29+08:00] starting RabbitMQ image=rabbitmq@sha256:8734b9e9cd03d12b2e1d973415fc4c5c941c5eca351b4bd63f721782b1bf7c8b data=/kylin-lmbench-exp-work/rabbitmq/run-d3000-apps-always-20260717-093223-4-protected-q3-rate50-5
[2026-07-20T19:01:33+08:00] cooldown 30s
[2026-07-20T19:08:11+08:00] cooldown 30s
[2026-07-20T19:08:41+08:00] starting RabbitMQ image=rabbitmq@sha256:8734b9e9cd03d12b2e1d973415fc4c5c941c5eca351b4bd63f721782b1bf7c8b data=/kylin-lmbench-exp-work/rabbitmq/run-d3000-apps-always-20260717-093223-4-protected-q3-rate70-1
[2026-07-20T19:09:45+08:00] cooldown 30s
[2026-07-20T19:16:23+08:00] cooldown 30s
[2026-07-20T19:16:53+08:00] starting RabbitMQ image=rabbitmq@sha256:8734b9e9cd03d12b2e1d973415fc4c5c941c5eca351b4bd63f721782b1bf7c8b data=/kylin-lmbench-exp-work/rabbitmq/run-d3000-apps-always-20260717-093223-4-protected-q3-rate70-2
[2026-07-20T19:17:57+08:00] cooldown 30s
[2026-07-20T19:24:34+08:00] cooldown 30s
[2026-07-20T19:25:05+08:00] starting RabbitMQ image=rabbitmq@sha256:8734b9e9cd03d12b2e1d973415fc4c5c941c5eca351b4bd63f721782b1bf7c8b data=/kylin-lmbench-exp-work/rabbitmq/run-d3000-apps-always-20260717-093223-4-protected-q3-rate70-3
[2026-07-20T19:26:09+08:00] cooldown 30s
[2026-07-20T19:32:46+08:00] cooldown 30s
[2026-07-20T19:33:17+08:00] starting RabbitMQ image=rabbitmq@sha256:8734b9e9cd03d12b2e1d973415fc4c5c941c5eca351b4bd63f721782b1bf7c8b data=/kylin-lmbench-exp-work/rabbitmq/run-d3000-apps-always-20260717-093223-4-protected-q3-rate70-4
[2026-07-20T19:34:20+08:00] cooldown 30s
[2026-07-20T19:40:58+08:00] cooldown 30s
[2026-07-20T19:41:28+08:00] starting RabbitMQ image=rabbitmq@sha256:8734b9e9cd03d12b2e1d973415fc4c5c941c5eca351b4bd63f721782b1bf7c8b data=/kylin-lmbench-exp-work/rabbitmq/run-d3000-apps-always-20260717-093223-4-protected-q3-rate70-5
[2026-07-20T19:42:32+08:00] cooldown 30s
[2026-07-20T19:49:10+08:00] cooldown 30s
[2026-07-20T19:49:40+08:00] starting RabbitMQ image=rabbitmq@sha256:8734b9e9cd03d12b2e1d973415fc4c5c941c5eca351b4bd63f721782b1bf7c8b data=/kylin-lmbench-exp-work/rabbitmq/run-d3000-apps-always-20260717-093223-4-protected-q3-rate85-1
[2026-07-20T19:50:44+08:00] cooldown 30s
[2026-07-20T19:57:22+08:00] cooldown 30s
[2026-07-20T19:57:52+08:00] starting RabbitMQ image=rabbitmq@sha256:8734b9e9cd03d12b2e1d973415fc4c5c941c5eca351b4bd63f721782b1bf7c8b data=/kylin-lmbench-exp-work/rabbitmq/run-d3000-apps-always-20260717-093223-4-protected-q3-rate85-2
[2026-07-20T19:58:56+08:00] cooldown 30s
[2026-07-20T20:05:34+08:00] cooldown 30s
[2026-07-20T20:06:04+08:00] starting RabbitMQ image=rabbitmq@sha256:8734b9e9cd03d12b2e1d973415fc4c5c941c5eca351b4bd63f721782b1bf7c8b data=/kylin-lmbench-exp-work/rabbitmq/run-d3000-apps-always-20260717-093223-4-protected-q3-rate85-3
[2026-07-20T20:07:08+08:00] cooldown 30s
[2026-07-20T20:13:46+08:00] cooldown 30s
[2026-07-20T20:14:16+08:00] starting RabbitMQ image=rabbitmq@sha256:8734b9e9cd03d12b2e1d973415fc4c5c941c5eca351b4bd63f721782b1bf7c8b data=/kylin-lmbench-exp-work/rabbitmq/run-d3000-apps-always-20260717-093223-4-protected-q3-rate85-4
[2026-07-20T20:15:20+08:00] cooldown 30s
[2026-07-20T20:21:58+08:00] cooldown 30s
[2026-07-20T20:22:28+08:00] starting RabbitMQ image=rabbitmq@sha256:8734b9e9cd03d12b2e1d973415fc4c5c941c5eca351b4bd63f721782b1bf7c8b data=/kylin-lmbench-exp-work/rabbitmq/run-d3000-apps-always-20260717-093223-4-protected-q3-rate85-5
[2026-07-20T20:23:32+08:00] cooldown 30s
[2026-07-20T20:30:10+08:00] cooldown 30s
[2026-07-20T20:30:40+08:00] starting RabbitMQ image=rabbitmq@sha256:8734b9e9cd03d12b2e1d973415fc4c5c941c5eca351b4bd63f721782b1bf7c8b data=/kylin-lmbench-exp-work/rabbitmq/run-d3000-apps-always-20260717-093223-4-protected-q4-join-late-1
[2026-07-20T20:31:44+08:00] cooldown 30s
[2026-07-20T20:38:22+08:00] cooldown 30s
[2026-07-20T20:38:52+08:00] starting RabbitMQ image=rabbitmq@sha256:8734b9e9cd03d12b2e1d973415fc4c5c941c5eca351b4bd63f721782b1bf7c8b data=/kylin-lmbench-exp-work/rabbitmq/run-d3000-apps-always-20260717-093223-4-protected-q4-join-late-2
[2026-07-20T20:39:56+08:00] cooldown 30s
[2026-07-20T20:46:34+08:00] cooldown 30s
[2026-07-20T20:47:04+08:00] starting RabbitMQ image=rabbitmq@sha256:8734b9e9cd03d12b2e1d973415fc4c5c941c5eca351b4bd63f721782b1bf7c8b data=/kylin-lmbench-exp-work/rabbitmq/run-d3000-apps-always-20260717-093223-4-protected-q4-join-late-3
[2026-07-20T20:48:08+08:00] cooldown 30s
[2026-07-20T20:54:46+08:00] cooldown 30s
[2026-07-20T20:55:16+08:00] starting RabbitMQ image=rabbitmq@sha256:8734b9e9cd03d12b2e1d973415fc4c5c941c5eca351b4bd63f721782b1bf7c8b data=/kylin-lmbench-exp-work/rabbitmq/run-d3000-apps-always-20260717-093223-4-protected-q4-join-late-4
[2026-07-20T20:56:20+08:00] cooldown 30s
[2026-07-20T21:02:58+08:00] cooldown 30s
[2026-07-20T21:03:28+08:00] starting RabbitMQ image=rabbitmq@sha256:8734b9e9cd03d12b2e1d973415fc4c5c941c5eca351b4bd63f721782b1bf7c8b data=/kylin-lmbench-exp-work/rabbitmq/run-d3000-apps-always-20260717-093223-4-protected-q4-join-late-5
[2026-07-20T21:04:32+08:00] cooldown 30s
[2026-07-20T21:11:10+08:00] cooldown 30s
[2026-07-20T21:11:40+08:00] starting RabbitMQ image=rabbitmq@sha256:8734b9e9cd03d12b2e1d973415fc4c5c941c5eca351b4bd63f721782b1bf7c8b data=/kylin-lmbench-exp-work/rabbitmq/run-d3000-apps-always-20260717-093223-4-protected-q5-backlog-1
[2026-07-20T21:12:44+08:00] cooldown 30s
[2026-07-20T21:13:54+08:00] cooldown 30s
[2026-07-20T21:14:24+08:00] starting RabbitMQ image=rabbitmq@sha256:8734b9e9cd03d12b2e1d973415fc4c5c941c5eca351b4bd63f721782b1bf7c8b data=/kylin-lmbench-exp-work/rabbitmq/run-d3000-apps-always-20260717-093223-4-protected-q5-backlog-2
[2026-07-20T21:15:28+08:00] cooldown 30s
[2026-07-20T21:16:38+08:00] cooldown 30s
[2026-07-20T21:17:08+08:00] starting RabbitMQ image=rabbitmq@sha256:8734b9e9cd03d12b2e1d973415fc4c5c941c5eca351b4bd63f721782b1bf7c8b data=/kylin-lmbench-exp-work/rabbitmq/run-d3000-apps-always-20260717-093223-4-protected-q5-backlog-3
[2026-07-20T21:18:12+08:00] cooldown 30s
[2026-07-20T21:19:25+08:00] cooldown 30s
[2026-07-20T21:19:55+08:00] starting RabbitMQ image=rabbitmq@sha256:8734b9e9cd03d12b2e1d973415fc4c5c941c5eca351b4bd63f721782b1bf7c8b data=/kylin-lmbench-exp-work/rabbitmq/run-d3000-apps-always-20260717-093223-4-protected-q5-backlog-4
[2026-07-20T21:20:59+08:00] cooldown 30s
[2026-07-20T21:22:10+08:00] cooldown 30s
[2026-07-20T21:22:41+08:00] starting RabbitMQ image=rabbitmq@sha256:8734b9e9cd03d12b2e1d973415fc4c5c941c5eca351b4bd63f721782b1bf7c8b data=/kylin-lmbench-exp-work/rabbitmq/run-d3000-apps-always-20260717-093223-4-protected-q5-backlog-5
[2026-07-20T21:23:45+08:00] cooldown 30s
[2026-07-20T21:24:55+08:00] cooldown 30s
[2026-07-20T21:25:25+08:00] pair=4 mode=protected project=redis
[2026-07-20T21:25:25+08:00] THP profile=always project=redis effective=always
[2026-07-20T21:30:46+08:00] cooldown 30s
[2026-07-20T21:36:37+08:00] cooldown 30s
[2026-07-20T21:42:27+08:00] cooldown 30s
[2026-07-20T21:48:17+08:00] cooldown 30s
[2026-07-20T21:54:07+08:00] cooldown 30s
[2026-07-20T21:57:57+08:00] cooldown 30s
[2026-07-20T22:01:47+08:00] cooldown 30s
[2026-07-20T22:05:37+08:00] cooldown 30s
[2026-07-20T22:09:28+08:00] cooldown 30s
[2026-07-20T22:13:18+08:00] cooldown 30s
[2026-07-20T22:19:09+08:00] cooldown 30s
[2026-07-20T22:25:00+08:00] cooldown 30s
[2026-07-20T22:30:52+08:00] cooldown 30s
[2026-07-20T22:36:43+08:00] cooldown 30s
[2026-07-20T22:42:34+08:00] cooldown 30s
[2026-07-20T22:49:25+08:00] cooldown 30s
[2026-07-20T22:56:15+08:00] cooldown 30s
[2026-07-20T23:03:06+08:00] cooldown 30s
[2026-07-20T23:09:57+08:00] cooldown 30s
[2026-07-20T23:16:47+08:00] cooldown 30s
[2026-07-20T23:17:17+08:00] THP profile=always project=anchors effective=always
[2026-07-20T23:18:58+08:00] completed end anchors
[2026-07-20T23:18:58+08:00] verified one-shot GRUB next_entry=d3000-6.6.30-nvhe in active ESP grubenv
[2026-07-20T23:18:58+08:00] leg=9 complete; rebooting into nvhe for leg=10
[2026-07-20T23:19:53+08:00] leg=10 stage=formal pair=4 expected=nvhe starting
[2026-07-20T23:19:54+08:00] host prepared: CPUs=0-7 governor=performance ASLR=2 swap=off target=multi-user
[2026-07-20T23:19:54+08:00] THP profile=always project=anchors effective=always
[2026-07-20T23:21:34+08:00] completed start anchors
[2026-07-20T23:21:34+08:00] pair=4 mode=nvhe project=geek
[2026-07-20T23:21:35+08:00] THP profile=always project=geekbench effective=always
[2026-07-20T23:21:35+08:00] Geekbench non-scoring warmup
[2026-07-20T23:21:35+08:00] Geekbench warmup attempt 1/3
[2026-07-20T23:28:07+08:00] cooldown 30s
[2026-07-20T23:28:37+08:00] Geekbench formal run 1/5
[2026-07-20T23:28:37+08:00] Geekbench rep-01 attempt 1/3
[2026-07-20T23:35:07+08:00] cooldown 30s
[2026-07-20T23:35:37+08:00] Geekbench formal run 2/5
[2026-07-20T23:35:37+08:00] Geekbench rep-02 attempt 1/3
[2026-07-20T23:42:10+08:00] cooldown 30s
[2026-07-20T23:42:40+08:00] Geekbench formal run 3/5
[2026-07-20T23:42:40+08:00] Geekbench rep-03 attempt 1/3
[2026-07-20T23:49:10+08:00] cooldown 30s
[2026-07-20T23:49:40+08:00] Geekbench formal run 4/5
[2026-07-20T23:49:40+08:00] Geekbench rep-04 attempt 1/3
[2026-07-20T23:56:11+08:00] cooldown 30s
[2026-07-20T23:56:41+08:00] Geekbench formal run 5/5
[2026-07-20T23:56:41+08:00] Geekbench rep-05 attempt 1/3
[2026-07-21T00:03:14+08:00] cooldown 30s
[2026-07-21T00:03:44+08:00] completed Geekbench CPU suite
[2026-07-21T00:03:44+08:00] pair=4 mode=nvhe project=rabbitmq
[2026-07-21T00:03:44+08:00] THP profile=always project=rabbitmq effective=always
[2026-07-21T00:03:44+08:00] starting RabbitMQ image=rabbitmq@sha256:8734b9e9cd03d12b2e1d973415fc4c5c941c5eca351b4bd63f721782b1bf7c8b data=/kylin-lmbench-exp-work/rabbitmq/run-d3000-apps-always-20260717-093223-4-nvhe-q1-one-fast-1
[2026-07-21T00:04:48+08:00] cooldown 30s
[2026-07-21T00:11:26+08:00] cooldown 30s
[2026-07-21T00:11:56+08:00] starting RabbitMQ image=rabbitmq@sha256:8734b9e9cd03d12b2e1d973415fc4c5c941c5eca351b4bd63f721782b1bf7c8b data=/kylin-lmbench-exp-work/rabbitmq/run-d3000-apps-always-20260717-093223-4-nvhe-q1-one-fast-2
[2026-07-21T00:13:00+08:00] cooldown 30s
[2026-07-21T00:19:38+08:00] cooldown 30s
[2026-07-21T00:20:08+08:00] starting RabbitMQ image=rabbitmq@sha256:8734b9e9cd03d12b2e1d973415fc4c5c941c5eca351b4bd63f721782b1bf7c8b data=/kylin-lmbench-exp-work/rabbitmq/run-d3000-apps-always-20260717-093223-4-nvhe-q1-one-fast-3
[2026-07-21T00:21:12+08:00] cooldown 30s
[2026-07-21T00:27:50+08:00] cooldown 30s
[2026-07-21T00:28:20+08:00] starting RabbitMQ image=rabbitmq@sha256:8734b9e9cd03d12b2e1d973415fc4c5c941c5eca351b4bd63f721782b1bf7c8b data=/kylin-lmbench-exp-work/rabbitmq/run-d3000-apps-always-20260717-093223-4-nvhe-q1-one-fast-4
[2026-07-21T00:29:24+08:00] cooldown 30s
[2026-07-21T00:36:01+08:00] cooldown 30s
[2026-07-21T00:36:31+08:00] starting RabbitMQ image=rabbitmq@sha256:8734b9e9cd03d12b2e1d973415fc4c5c941c5eca351b4bd63f721782b1bf7c8b data=/kylin-lmbench-exp-work/rabbitmq/run-d3000-apps-always-20260717-093223-4-nvhe-q1-one-fast-5
[2026-07-21T00:37:35+08:00] cooldown 30s
[2026-07-21T00:44:13+08:00] cooldown 30s
[2026-07-21T00:44:43+08:00] starting RabbitMQ image=rabbitmq@sha256:8734b9e9cd03d12b2e1d973415fc4c5c941c5eca351b4bd63f721782b1bf7c8b data=/kylin-lmbench-exp-work/rabbitmq/run-d3000-apps-always-20260717-093223-4-nvhe-q2-reliable-1
[2026-07-21T00:45:47+08:00] cooldown 30s
[2026-07-21T00:52:26+08:00] cooldown 30s
[2026-07-21T00:52:56+08:00] starting RabbitMQ image=rabbitmq@sha256:8734b9e9cd03d12b2e1d973415fc4c5c941c5eca351b4bd63f721782b1bf7c8b data=/kylin-lmbench-exp-work/rabbitmq/run-d3000-apps-always-20260717-093223-4-nvhe-q2-reliable-2
[2026-07-21T00:54:00+08:00] cooldown 30s
[2026-07-21T01:00:38+08:00] cooldown 30s
[2026-07-21T01:01:08+08:00] starting RabbitMQ image=rabbitmq@sha256:8734b9e9cd03d12b2e1d973415fc4c5c941c5eca351b4bd63f721782b1bf7c8b data=/kylin-lmbench-exp-work/rabbitmq/run-d3000-apps-always-20260717-093223-4-nvhe-q2-reliable-3
[2026-07-21T01:02:12+08:00] cooldown 30s
[2026-07-21T01:08:50+08:00] cooldown 30s
[2026-07-21T01:09:20+08:00] starting RabbitMQ image=rabbitmq@sha256:8734b9e9cd03d12b2e1d973415fc4c5c941c5eca351b4bd63f721782b1bf7c8b data=/kylin-lmbench-exp-work/rabbitmq/run-d3000-apps-always-20260717-093223-4-nvhe-q2-reliable-4
[2026-07-21T01:10:24+08:00] cooldown 30s
[2026-07-21T01:17:03+08:00] cooldown 30s
[2026-07-21T01:17:33+08:00] starting RabbitMQ image=rabbitmq@sha256:8734b9e9cd03d12b2e1d973415fc4c5c941c5eca351b4bd63f721782b1bf7c8b data=/kylin-lmbench-exp-work/rabbitmq/run-d3000-apps-always-20260717-093223-4-nvhe-q2-reliable-5
[2026-07-21T01:18:37+08:00] cooldown 30s
[2026-07-21T01:25:15+08:00] cooldown 30s
[2026-07-21T01:25:45+08:00] starting RabbitMQ image=rabbitmq@sha256:8734b9e9cd03d12b2e1d973415fc4c5c941c5eca351b4bd63f721782b1bf7c8b data=/kylin-lmbench-exp-work/rabbitmq/run-d3000-apps-always-20260717-093223-4-nvhe-q3-rate50-1
[2026-07-21T01:26:49+08:00] cooldown 30s
[2026-07-21T01:33:27+08:00] cooldown 30s
[2026-07-21T01:33:57+08:00] starting RabbitMQ image=rabbitmq@sha256:8734b9e9cd03d12b2e1d973415fc4c5c941c5eca351b4bd63f721782b1bf7c8b data=/kylin-lmbench-exp-work/rabbitmq/run-d3000-apps-always-20260717-093223-4-nvhe-q3-rate50-2
[2026-07-21T01:35:01+08:00] cooldown 30s
[2026-07-21T01:41:39+08:00] cooldown 30s
[2026-07-21T01:42:09+08:00] starting RabbitMQ image=rabbitmq@sha256:8734b9e9cd03d12b2e1d973415fc4c5c941c5eca351b4bd63f721782b1bf7c8b data=/kylin-lmbench-exp-work/rabbitmq/run-d3000-apps-always-20260717-093223-4-nvhe-q3-rate50-3
[2026-07-21T01:43:13+08:00] cooldown 30s
[2026-07-21T01:49:51+08:00] cooldown 30s
[2026-07-21T01:50:21+08:00] starting RabbitMQ image=rabbitmq@sha256:8734b9e9cd03d12b2e1d973415fc4c5c941c5eca351b4bd63f721782b1bf7c8b data=/kylin-lmbench-exp-work/rabbitmq/run-d3000-apps-always-20260717-093223-4-nvhe-q3-rate50-4
[2026-07-21T01:51:25+08:00] cooldown 30s
[2026-07-21T01:58:03+08:00] cooldown 30s
[2026-07-21T01:58:33+08:00] starting RabbitMQ image=rabbitmq@sha256:8734b9e9cd03d12b2e1d973415fc4c5c941c5eca351b4bd63f721782b1bf7c8b data=/kylin-lmbench-exp-work/rabbitmq/run-d3000-apps-always-20260717-093223-4-nvhe-q3-rate50-5
[2026-07-21T01:59:37+08:00] cooldown 30s
[2026-07-21T02:06:15+08:00] cooldown 30s
[2026-07-21T02:06:45+08:00] starting RabbitMQ image=rabbitmq@sha256:8734b9e9cd03d12b2e1d973415fc4c5c941c5eca351b4bd63f721782b1bf7c8b data=/kylin-lmbench-exp-work/rabbitmq/run-d3000-apps-always-20260717-093223-4-nvhe-q3-rate70-1
[2026-07-21T02:07:49+08:00] cooldown 30s
[2026-07-21T02:14:26+08:00] cooldown 30s
[2026-07-21T02:14:57+08:00] starting RabbitMQ image=rabbitmq@sha256:8734b9e9cd03d12b2e1d973415fc4c5c941c5eca351b4bd63f721782b1bf7c8b data=/kylin-lmbench-exp-work/rabbitmq/run-d3000-apps-always-20260717-093223-4-nvhe-q3-rate70-2
[2026-07-21T02:16:01+08:00] cooldown 30s
[2026-07-21T02:22:38+08:00] cooldown 30s
[2026-07-21T02:23:08+08:00] starting RabbitMQ image=rabbitmq@sha256:8734b9e9cd03d12b2e1d973415fc4c5c941c5eca351b4bd63f721782b1bf7c8b data=/kylin-lmbench-exp-work/rabbitmq/run-d3000-apps-always-20260717-093223-4-nvhe-q3-rate70-3
[2026-07-21T02:24:12+08:00] cooldown 30s
[2026-07-21T02:30:50+08:00] cooldown 30s
[2026-07-21T02:31:20+08:00] starting RabbitMQ image=rabbitmq@sha256:8734b9e9cd03d12b2e1d973415fc4c5c941c5eca351b4bd63f721782b1bf7c8b data=/kylin-lmbench-exp-work/rabbitmq/run-d3000-apps-always-20260717-093223-4-nvhe-q3-rate70-4
[2026-07-21T02:32:24+08:00] cooldown 30s
[2026-07-21T02:39:02+08:00] cooldown 30s
[2026-07-21T02:39:32+08:00] starting RabbitMQ image=rabbitmq@sha256:8734b9e9cd03d12b2e1d973415fc4c5c941c5eca351b4bd63f721782b1bf7c8b data=/kylin-lmbench-exp-work/rabbitmq/run-d3000-apps-always-20260717-093223-4-nvhe-q3-rate70-5
[2026-07-21T02:40:36+08:00] cooldown 30s
[2026-07-21T02:47:14+08:00] cooldown 30s
[2026-07-21T02:47:44+08:00] starting RabbitMQ image=rabbitmq@sha256:8734b9e9cd03d12b2e1d973415fc4c5c941c5eca351b4bd63f721782b1bf7c8b data=/kylin-lmbench-exp-work/rabbitmq/run-d3000-apps-always-20260717-093223-4-nvhe-q3-rate85-1
[2026-07-21T02:48:48+08:00] cooldown 30s
[2026-07-21T02:55:26+08:00] cooldown 30s
[2026-07-21T02:55:56+08:00] starting RabbitMQ image=rabbitmq@sha256:8734b9e9cd03d12b2e1d973415fc4c5c941c5eca351b4bd63f721782b1bf7c8b data=/kylin-lmbench-exp-work/rabbitmq/run-d3000-apps-always-20260717-093223-4-nvhe-q3-rate85-2
[2026-07-21T02:57:00+08:00] cooldown 30s
[2026-07-21T03:03:37+08:00] cooldown 30s
[2026-07-21T03:04:08+08:00] starting RabbitMQ image=rabbitmq@sha256:8734b9e9cd03d12b2e1d973415fc4c5c941c5eca351b4bd63f721782b1bf7c8b data=/kylin-lmbench-exp-work/rabbitmq/run-d3000-apps-always-20260717-093223-4-nvhe-q3-rate85-3
[2026-07-21T03:05:11+08:00] cooldown 30s
[2026-07-21T03:11:49+08:00] cooldown 30s
[2026-07-21T03:12:19+08:00] starting RabbitMQ image=rabbitmq@sha256:8734b9e9cd03d12b2e1d973415fc4c5c941c5eca351b4bd63f721782b1bf7c8b data=/kylin-lmbench-exp-work/rabbitmq/run-d3000-apps-always-20260717-093223-4-nvhe-q3-rate85-4
[2026-07-21T03:13:23+08:00] cooldown 30s
[2026-07-21T03:20:01+08:00] cooldown 30s
[2026-07-21T03:20:31+08:00] starting RabbitMQ image=rabbitmq@sha256:8734b9e9cd03d12b2e1d973415fc4c5c941c5eca351b4bd63f721782b1bf7c8b data=/kylin-lmbench-exp-work/rabbitmq/run-d3000-apps-always-20260717-093223-4-nvhe-q3-rate85-5
[2026-07-21T03:21:35+08:00] cooldown 30s
[2026-07-21T03:28:13+08:00] cooldown 30s
[2026-07-21T03:28:43+08:00] starting RabbitMQ image=rabbitmq@sha256:8734b9e9cd03d12b2e1d973415fc4c5c941c5eca351b4bd63f721782b1bf7c8b data=/kylin-lmbench-exp-work/rabbitmq/run-d3000-apps-always-20260717-093223-4-nvhe-q4-join-late-1
[2026-07-21T03:29:47+08:00] cooldown 30s
[2026-07-21T03:36:25+08:00] cooldown 30s
[2026-07-21T03:36:55+08:00] starting RabbitMQ image=rabbitmq@sha256:8734b9e9cd03d12b2e1d973415fc4c5c941c5eca351b4bd63f721782b1bf7c8b data=/kylin-lmbench-exp-work/rabbitmq/run-d3000-apps-always-20260717-093223-4-nvhe-q4-join-late-2
[2026-07-21T03:37:59+08:00] cooldown 30s
[2026-07-21T03:44:37+08:00] cooldown 30s
[2026-07-21T03:45:07+08:00] starting RabbitMQ image=rabbitmq@sha256:8734b9e9cd03d12b2e1d973415fc4c5c941c5eca351b4bd63f721782b1bf7c8b data=/kylin-lmbench-exp-work/rabbitmq/run-d3000-apps-always-20260717-093223-4-nvhe-q4-join-late-3
[2026-07-21T03:46:11+08:00] cooldown 30s
[2026-07-21T03:52:49+08:00] cooldown 30s
[2026-07-21T03:53:19+08:00] starting RabbitMQ image=rabbitmq@sha256:8734b9e9cd03d12b2e1d973415fc4c5c941c5eca351b4bd63f721782b1bf7c8b data=/kylin-lmbench-exp-work/rabbitmq/run-d3000-apps-always-20260717-093223-4-nvhe-q4-join-late-4
[2026-07-21T03:54:23+08:00] cooldown 30s
[2026-07-21T04:01:00+08:00] cooldown 30s
[2026-07-21T04:01:31+08:00] starting RabbitMQ image=rabbitmq@sha256:8734b9e9cd03d12b2e1d973415fc4c5c941c5eca351b4bd63f721782b1bf7c8b data=/kylin-lmbench-exp-work/rabbitmq/run-d3000-apps-always-20260717-093223-4-nvhe-q4-join-late-5
[2026-07-21T04:02:35+08:00] cooldown 30s
[2026-07-21T04:09:12+08:00] cooldown 30s
[2026-07-21T04:09:43+08:00] starting RabbitMQ image=rabbitmq@sha256:8734b9e9cd03d12b2e1d973415fc4c5c941c5eca351b4bd63f721782b1bf7c8b data=/kylin-lmbench-exp-work/rabbitmq/run-d3000-apps-always-20260717-093223-4-nvhe-q5-backlog-1
[2026-07-21T04:10:47+08:00] cooldown 30s
[2026-07-21T04:11:59+08:00] cooldown 30s
[2026-07-21T04:12:29+08:00] starting RabbitMQ image=rabbitmq@sha256:8734b9e9cd03d12b2e1d973415fc4c5c941c5eca351b4bd63f721782b1bf7c8b data=/kylin-lmbench-exp-work/rabbitmq/run-d3000-apps-always-20260717-093223-4-nvhe-q5-backlog-2
[2026-07-21T04:13:33+08:00] cooldown 30s
[2026-07-21T04:14:41+08:00] cooldown 30s
[2026-07-21T04:15:11+08:00] starting RabbitMQ image=rabbitmq@sha256:8734b9e9cd03d12b2e1d973415fc4c5c941c5eca351b4bd63f721782b1bf7c8b data=/kylin-lmbench-exp-work/rabbitmq/run-d3000-apps-always-20260717-093223-4-nvhe-q5-backlog-3
[2026-07-21T04:16:15+08:00] cooldown 30s
[2026-07-21T04:17:24+08:00] cooldown 30s
[2026-07-21T04:17:54+08:00] starting RabbitMQ image=rabbitmq@sha256:8734b9e9cd03d12b2e1d973415fc4c5c941c5eca351b4bd63f721782b1bf7c8b data=/kylin-lmbench-exp-work/rabbitmq/run-d3000-apps-always-20260717-093223-4-nvhe-q5-backlog-4
[2026-07-21T04:18:58+08:00] cooldown 30s
[2026-07-21T04:20:06+08:00] cooldown 30s
[2026-07-21T04:20:36+08:00] starting RabbitMQ image=rabbitmq@sha256:8734b9e9cd03d12b2e1d973415fc4c5c941c5eca351b4bd63f721782b1bf7c8b data=/kylin-lmbench-exp-work/rabbitmq/run-d3000-apps-always-20260717-093223-4-nvhe-q5-backlog-5
[2026-07-21T04:21:40+08:00] cooldown 30s
[2026-07-21T04:22:49+08:00] cooldown 30s
[2026-07-21T04:23:19+08:00] pair=4 mode=nvhe project=redis
[2026-07-21T04:23:19+08:00] THP profile=always project=redis effective=always
[2026-07-21T04:28:40+08:00] cooldown 30s
[2026-07-21T04:34:30+08:00] cooldown 30s
[2026-07-21T04:40:20+08:00] cooldown 30s
[2026-07-21T04:46:10+08:00] cooldown 30s
[2026-07-21T04:52:00+08:00] cooldown 30s
[2026-07-21T04:55:50+08:00] cooldown 30s
[2026-07-21T04:59:40+08:00] cooldown 30s
[2026-07-21T05:03:30+08:00] cooldown 30s
[2026-07-21T05:07:21+08:00] cooldown 30s
[2026-07-21T05:11:11+08:00] cooldown 30s
[2026-07-21T05:17:02+08:00] cooldown 30s
[2026-07-21T05:22:53+08:00] cooldown 30s
[2026-07-21T05:28:44+08:00] cooldown 30s
[2026-07-21T05:34:36+08:00] cooldown 30s
[2026-07-21T05:40:27+08:00] cooldown 30s
[2026-07-21T05:47:17+08:00] cooldown 30s
[2026-07-21T05:54:08+08:00] cooldown 30s
[2026-07-21T06:00:58+08:00] cooldown 30s
[2026-07-21T06:07:49+08:00] cooldown 30s
[2026-07-21T06:14:40+08:00] cooldown 30s
[2026-07-21T06:15:10+08:00] THP profile=always project=anchors effective=always
[2026-07-21T06:16:50+08:00] completed end anchors
[2026-07-21T06:16:50+08:00] verified one-shot GRUB next_entry=d3000-6.6.30-nvhe in active ESP grubenv
[2026-07-21T06:16:50+08:00] leg=10 complete; rebooting into nvhe for leg=11
[2026-07-21T06:17:40+08:00] leg=11 stage=formal pair=5 expected=nvhe starting
[2026-07-21T06:17:41+08:00] host prepared: CPUs=0-7 governor=performance ASLR=2 swap=off target=multi-user
[2026-07-21T06:17:41+08:00] THP profile=always project=anchors effective=always
[2026-07-21T06:19:23+08:00] completed start anchors
[2026-07-21T06:19:23+08:00] pair=5 mode=nvhe project=redis
[2026-07-21T06:19:23+08:00] THP profile=always project=redis effective=always
[2026-07-21T06:24:44+08:00] cooldown 30s
[2026-07-21T06:30:34+08:00] cooldown 30s
[2026-07-21T06:36:24+08:00] cooldown 30s
[2026-07-21T06:42:14+08:00] cooldown 30s
[2026-07-21T06:48:05+08:00] cooldown 30s
[2026-07-21T06:51:55+08:00] cooldown 30s
[2026-07-21T06:55:45+08:00] cooldown 30s
[2026-07-21T06:59:35+08:00] cooldown 30s
[2026-07-21T07:03:25+08:00] cooldown 30s
[2026-07-21T07:07:15+08:00] cooldown 30s
[2026-07-21T07:13:06+08:00] cooldown 30s
[2026-07-21T07:18:57+08:00] cooldown 30s
[2026-07-21T07:24:48+08:00] cooldown 30s
[2026-07-21T07:30:39+08:00] cooldown 30s
[2026-07-21T07:36:31+08:00] cooldown 30s
[2026-07-21T07:43:21+08:00] cooldown 30s
[2026-07-21T07:50:12+08:00] cooldown 30s
[2026-07-21T07:57:02+08:00] cooldown 30s
[2026-07-21T08:03:53+08:00] cooldown 30s
[2026-07-21T08:10:43+08:00] cooldown 30s
[2026-07-21T08:11:13+08:00] pair=5 mode=nvhe project=geek
[2026-07-21T08:11:14+08:00] THP profile=always project=geekbench effective=always
[2026-07-21T08:11:14+08:00] Geekbench non-scoring warmup
[2026-07-21T08:11:14+08:00] Geekbench warmup attempt 1/3
[2026-07-21T08:17:45+08:00] cooldown 30s
[2026-07-21T08:18:15+08:00] Geekbench formal run 1/5
[2026-07-21T08:18:15+08:00] Geekbench rep-01 attempt 1/3
[2026-07-21T08:24:45+08:00] cooldown 30s
[2026-07-21T08:25:15+08:00] Geekbench formal run 2/5
[2026-07-21T08:25:15+08:00] Geekbench rep-02 attempt 1/3
[2026-07-21T08:31:46+08:00] cooldown 30s
[2026-07-21T08:32:16+08:00] Geekbench formal run 3/5
[2026-07-21T08:32:16+08:00] Geekbench rep-03 attempt 1/3
[2026-07-21T08:38:48+08:00] cooldown 30s
[2026-07-21T08:39:18+08:00] Geekbench formal run 4/5
[2026-07-21T08:39:18+08:00] Geekbench rep-04 attempt 1/3
[2026-07-21T08:45:48+08:00] cooldown 30s
[2026-07-21T08:46:18+08:00] Geekbench formal run 5/5
[2026-07-21T08:46:18+08:00] Geekbench rep-05 attempt 1/3
[2026-07-21T08:52:48+08:00] cooldown 30s
[2026-07-21T08:53:18+08:00] completed Geekbench CPU suite
[2026-07-21T08:53:18+08:00] pair=5 mode=nvhe project=rabbitmq
[2026-07-21T08:53:18+08:00] THP profile=always project=rabbitmq effective=always
[2026-07-21T08:53:18+08:00] starting RabbitMQ image=rabbitmq@sha256:8734b9e9cd03d12b2e1d973415fc4c5c941c5eca351b4bd63f721782b1bf7c8b data=/kylin-lmbench-exp-work/rabbitmq/run-d3000-apps-always-20260717-093223-5-nvhe-q1-one-fast-1
[2026-07-21T08:54:23+08:00] cooldown 30s
[2026-07-21T09:01:00+08:00] cooldown 30s
[2026-07-21T09:01:30+08:00] starting RabbitMQ image=rabbitmq@sha256:8734b9e9cd03d12b2e1d973415fc4c5c941c5eca351b4bd63f721782b1bf7c8b data=/kylin-lmbench-exp-work/rabbitmq/run-d3000-apps-always-20260717-093223-5-nvhe-q1-one-fast-2
[2026-07-21T09:02:34+08:00] cooldown 30s
[2026-07-21T09:09:12+08:00] cooldown 30s
[2026-07-21T09:09:42+08:00] starting RabbitMQ image=rabbitmq@sha256:8734b9e9cd03d12b2e1d973415fc4c5c941c5eca351b4bd63f721782b1bf7c8b data=/kylin-lmbench-exp-work/rabbitmq/run-d3000-apps-always-20260717-093223-5-nvhe-q1-one-fast-3
[2026-07-21T09:10:46+08:00] cooldown 30s
[2026-07-21T09:17:24+08:00] cooldown 30s
[2026-07-21T09:17:54+08:00] starting RabbitMQ image=rabbitmq@sha256:8734b9e9cd03d12b2e1d973415fc4c5c941c5eca351b4bd63f721782b1bf7c8b data=/kylin-lmbench-exp-work/rabbitmq/run-d3000-apps-always-20260717-093223-5-nvhe-q1-one-fast-4
[2026-07-21T09:18:58+08:00] cooldown 30s
[2026-07-21T09:25:36+08:00] cooldown 30s
[2026-07-21T09:26:06+08:00] starting RabbitMQ image=rabbitmq@sha256:8734b9e9cd03d12b2e1d973415fc4c5c941c5eca351b4bd63f721782b1bf7c8b data=/kylin-lmbench-exp-work/rabbitmq/run-d3000-apps-always-20260717-093223-5-nvhe-q1-one-fast-5
[2026-07-21T09:27:10+08:00] cooldown 30s
[2026-07-21T09:33:48+08:00] cooldown 30s
[2026-07-21T09:34:18+08:00] starting RabbitMQ image=rabbitmq@sha256:8734b9e9cd03d12b2e1d973415fc4c5c941c5eca351b4bd63f721782b1bf7c8b data=/kylin-lmbench-exp-work/rabbitmq/run-d3000-apps-always-20260717-093223-5-nvhe-q2-reliable-1
[2026-07-21T09:35:22+08:00] cooldown 30s
[2026-07-21T09:42:00+08:00] cooldown 30s
[2026-07-21T09:42:30+08:00] starting RabbitMQ image=rabbitmq@sha256:8734b9e9cd03d12b2e1d973415fc4c5c941c5eca351b4bd63f721782b1bf7c8b data=/kylin-lmbench-exp-work/rabbitmq/run-d3000-apps-always-20260717-093223-5-nvhe-q2-reliable-2
[2026-07-21T09:43:34+08:00] cooldown 30s
[2026-07-21T09:50:13+08:00] cooldown 30s
[2026-07-21T09:50:43+08:00] starting RabbitMQ image=rabbitmq@sha256:8734b9e9cd03d12b2e1d973415fc4c5c941c5eca351b4bd63f721782b1bf7c8b data=/kylin-lmbench-exp-work/rabbitmq/run-d3000-apps-always-20260717-093223-5-nvhe-q2-reliable-3
[2026-07-21T09:51:47+08:00] cooldown 30s
[2026-07-21T09:58:25+08:00] cooldown 30s
[2026-07-21T09:58:55+08:00] starting RabbitMQ image=rabbitmq@sha256:8734b9e9cd03d12b2e1d973415fc4c5c941c5eca351b4bd63f721782b1bf7c8b data=/kylin-lmbench-exp-work/rabbitmq/run-d3000-apps-always-20260717-093223-5-nvhe-q2-reliable-4
[2026-07-21T09:59:59+08:00] cooldown 30s
[2026-07-21T10:06:37+08:00] cooldown 30s
[2026-07-21T10:07:07+08:00] starting RabbitMQ image=rabbitmq@sha256:8734b9e9cd03d12b2e1d973415fc4c5c941c5eca351b4bd63f721782b1bf7c8b data=/kylin-lmbench-exp-work/rabbitmq/run-d3000-apps-always-20260717-093223-5-nvhe-q2-reliable-5
[2026-07-21T10:08:11+08:00] cooldown 30s
[2026-07-21T10:14:50+08:00] cooldown 30s
[2026-07-21T10:15:20+08:00] starting RabbitMQ image=rabbitmq@sha256:8734b9e9cd03d12b2e1d973415fc4c5c941c5eca351b4bd63f721782b1bf7c8b data=/kylin-lmbench-exp-work/rabbitmq/run-d3000-apps-always-20260717-093223-5-nvhe-q3-rate50-1
[2026-07-21T10:16:24+08:00] cooldown 30s
[2026-07-21T10:23:01+08:00] cooldown 30s
[2026-07-21T10:23:32+08:00] starting RabbitMQ image=rabbitmq@sha256:8734b9e9cd03d12b2e1d973415fc4c5c941c5eca351b4bd63f721782b1bf7c8b data=/kylin-lmbench-exp-work/rabbitmq/run-d3000-apps-always-20260717-093223-5-nvhe-q3-rate50-2
[2026-07-21T10:24:35+08:00] cooldown 30s
[2026-07-21T10:31:13+08:00] cooldown 30s
[2026-07-21T10:31:43+08:00] starting RabbitMQ image=rabbitmq@sha256:8734b9e9cd03d12b2e1d973415fc4c5c941c5eca351b4bd63f721782b1bf7c8b data=/kylin-lmbench-exp-work/rabbitmq/run-d3000-apps-always-20260717-093223-5-nvhe-q3-rate50-3
[2026-07-21T10:32:47+08:00] cooldown 30s
[2026-07-21T10:39:25+08:00] cooldown 30s
[2026-07-21T10:39:55+08:00] starting RabbitMQ image=rabbitmq@sha256:8734b9e9cd03d12b2e1d973415fc4c5c941c5eca351b4bd63f721782b1bf7c8b data=/kylin-lmbench-exp-work/rabbitmq/run-d3000-apps-always-20260717-093223-5-nvhe-q3-rate50-4
[2026-07-21T10:40:59+08:00] cooldown 30s
[2026-07-21T10:47:37+08:00] cooldown 30s
[2026-07-21T10:48:07+08:00] starting RabbitMQ image=rabbitmq@sha256:8734b9e9cd03d12b2e1d973415fc4c5c941c5eca351b4bd63f721782b1bf7c8b data=/kylin-lmbench-exp-work/rabbitmq/run-d3000-apps-always-20260717-093223-5-nvhe-q3-rate50-5
[2026-07-21T10:49:11+08:00] cooldown 30s
[2026-07-21T10:55:49+08:00] cooldown 30s
[2026-07-21T10:56:19+08:00] starting RabbitMQ image=rabbitmq@sha256:8734b9e9cd03d12b2e1d973415fc4c5c941c5eca351b4bd63f721782b1bf7c8b data=/kylin-lmbench-exp-work/rabbitmq/run-d3000-apps-always-20260717-093223-5-nvhe-q3-rate70-1
[2026-07-21T10:57:23+08:00] cooldown 30s
[2026-07-21T11:04:01+08:00] cooldown 30s
[2026-07-21T11:04:31+08:00] starting RabbitMQ image=rabbitmq@sha256:8734b9e9cd03d12b2e1d973415fc4c5c941c5eca351b4bd63f721782b1bf7c8b data=/kylin-lmbench-exp-work/rabbitmq/run-d3000-apps-always-20260717-093223-5-nvhe-q3-rate70-2
[2026-07-21T11:05:35+08:00] cooldown 30s
[2026-07-21T11:12:12+08:00] cooldown 30s
[2026-07-21T11:12:42+08:00] starting RabbitMQ image=rabbitmq@sha256:8734b9e9cd03d12b2e1d973415fc4c5c941c5eca351b4bd63f721782b1bf7c8b data=/kylin-lmbench-exp-work/rabbitmq/run-d3000-apps-always-20260717-093223-5-nvhe-q3-rate70-3
[2026-07-21T11:13:46+08:00] cooldown 30s
[2026-07-21T11:20:24+08:00] cooldown 30s
[2026-07-21T11:20:55+08:00] starting RabbitMQ image=rabbitmq@sha256:8734b9e9cd03d12b2e1d973415fc4c5c941c5eca351b4bd63f721782b1bf7c8b data=/kylin-lmbench-exp-work/rabbitmq/run-d3000-apps-always-20260717-093223-5-nvhe-q3-rate70-4
[2026-07-21T11:21:59+08:00] cooldown 30s
[2026-07-21T11:28:36+08:00] cooldown 30s
[2026-07-21T11:29:07+08:00] starting RabbitMQ image=rabbitmq@sha256:8734b9e9cd03d12b2e1d973415fc4c5c941c5eca351b4bd63f721782b1bf7c8b data=/kylin-lmbench-exp-work/rabbitmq/run-d3000-apps-always-20260717-093223-5-nvhe-q3-rate70-5
[2026-07-21T11:30:11+08:00] cooldown 30s
[2026-07-21T11:36:48+08:00] cooldown 30s
[2026-07-21T11:37:19+08:00] starting RabbitMQ image=rabbitmq@sha256:8734b9e9cd03d12b2e1d973415fc4c5c941c5eca351b4bd63f721782b1bf7c8b data=/kylin-lmbench-exp-work/rabbitmq/run-d3000-apps-always-20260717-093223-5-nvhe-q3-rate85-1
[2026-07-21T11:38:22+08:00] cooldown 30s
[2026-07-21T11:45:01+08:00] cooldown 30s
[2026-07-21T11:45:31+08:00] starting RabbitMQ image=rabbitmq@sha256:8734b9e9cd03d12b2e1d973415fc4c5c941c5eca351b4bd63f721782b1bf7c8b data=/kylin-lmbench-exp-work/rabbitmq/run-d3000-apps-always-20260717-093223-5-nvhe-q3-rate85-2
[2026-07-21T11:46:35+08:00] cooldown 30s
[2026-07-21T11:53:12+08:00] cooldown 30s
[2026-07-21T11:53:43+08:00] starting RabbitMQ image=rabbitmq@sha256:8734b9e9cd03d12b2e1d973415fc4c5c941c5eca351b4bd63f721782b1bf7c8b data=/kylin-lmbench-exp-work/rabbitmq/run-d3000-apps-always-20260717-093223-5-nvhe-q3-rate85-3
[2026-07-21T11:54:47+08:00] cooldown 30s
[2026-07-21T12:01:25+08:00] cooldown 30s
[2026-07-21T12:01:55+08:00] starting RabbitMQ image=rabbitmq@sha256:8734b9e9cd03d12b2e1d973415fc4c5c941c5eca351b4bd63f721782b1bf7c8b data=/kylin-lmbench-exp-work/rabbitmq/run-d3000-apps-always-20260717-093223-5-nvhe-q3-rate85-4
[2026-07-21T12:02:59+08:00] cooldown 30s
[2026-07-21T12:09:36+08:00] cooldown 30s
[2026-07-21T12:10:07+08:00] starting RabbitMQ image=rabbitmq@sha256:8734b9e9cd03d12b2e1d973415fc4c5c941c5eca351b4bd63f721782b1bf7c8b data=/kylin-lmbench-exp-work/rabbitmq/run-d3000-apps-always-20260717-093223-5-nvhe-q3-rate85-5
[2026-07-21T12:11:11+08:00] cooldown 30s
[2026-07-21T12:17:48+08:00] cooldown 30s
[2026-07-21T12:18:18+08:00] starting RabbitMQ image=rabbitmq@sha256:8734b9e9cd03d12b2e1d973415fc4c5c941c5eca351b4bd63f721782b1bf7c8b data=/kylin-lmbench-exp-work/rabbitmq/run-d3000-apps-always-20260717-093223-5-nvhe-q4-join-late-1
[2026-07-21T12:19:23+08:00] cooldown 30s
[2026-07-21T12:26:00+08:00] cooldown 30s
[2026-07-21T12:26:30+08:00] starting RabbitMQ image=rabbitmq@sha256:8734b9e9cd03d12b2e1d973415fc4c5c941c5eca351b4bd63f721782b1bf7c8b data=/kylin-lmbench-exp-work/rabbitmq/run-d3000-apps-always-20260717-093223-5-nvhe-q4-join-late-2
[2026-07-21T12:27:34+08:00] cooldown 30s
[2026-07-21T12:34:12+08:00] cooldown 30s
[2026-07-21T12:34:42+08:00] starting RabbitMQ image=rabbitmq@sha256:8734b9e9cd03d12b2e1d973415fc4c5c941c5eca351b4bd63f721782b1bf7c8b data=/kylin-lmbench-exp-work/rabbitmq/run-d3000-apps-always-20260717-093223-5-nvhe-q4-join-late-3
[2026-07-21T12:35:46+08:00] cooldown 30s
[2026-07-21T12:42:24+08:00] cooldown 30s
[2026-07-21T12:42:54+08:00] starting RabbitMQ image=rabbitmq@sha256:8734b9e9cd03d12b2e1d973415fc4c5c941c5eca351b4bd63f721782b1bf7c8b data=/kylin-lmbench-exp-work/rabbitmq/run-d3000-apps-always-20260717-093223-5-nvhe-q4-join-late-4
[2026-07-21T12:43:58+08:00] cooldown 30s
[2026-07-21T12:50:36+08:00] cooldown 30s
[2026-07-21T12:51:06+08:00] starting RabbitMQ image=rabbitmq@sha256:8734b9e9cd03d12b2e1d973415fc4c5c941c5eca351b4bd63f721782b1bf7c8b data=/kylin-lmbench-exp-work/rabbitmq/run-d3000-apps-always-20260717-093223-5-nvhe-q4-join-late-5
[2026-07-21T12:52:10+08:00] cooldown 30s
[2026-07-21T12:58:47+08:00] cooldown 30s
[2026-07-21T12:59:18+08:00] starting RabbitMQ image=rabbitmq@sha256:8734b9e9cd03d12b2e1d973415fc4c5c941c5eca351b4bd63f721782b1bf7c8b data=/kylin-lmbench-exp-work/rabbitmq/run-d3000-apps-always-20260717-093223-5-nvhe-q5-backlog-1
[2026-07-21T13:00:22+08:00] cooldown 30s
[2026-07-21T13:01:31+08:00] cooldown 30s
[2026-07-21T13:02:01+08:00] starting RabbitMQ image=rabbitmq@sha256:8734b9e9cd03d12b2e1d973415fc4c5c941c5eca351b4bd63f721782b1bf7c8b data=/kylin-lmbench-exp-work/rabbitmq/run-d3000-apps-always-20260717-093223-5-nvhe-q5-backlog-2
[2026-07-21T13:03:05+08:00] cooldown 30s
[2026-07-21T13:04:15+08:00] cooldown 30s
[2026-07-21T13:04:45+08:00] starting RabbitMQ image=rabbitmq@sha256:8734b9e9cd03d12b2e1d973415fc4c5c941c5eca351b4bd63f721782b1bf7c8b data=/kylin-lmbench-exp-work/rabbitmq/run-d3000-apps-always-20260717-093223-5-nvhe-q5-backlog-3
[2026-07-21T13:05:49+08:00] cooldown 30s
[2026-07-21T13:06:58+08:00] cooldown 30s
[2026-07-21T13:07:29+08:00] starting RabbitMQ image=rabbitmq@sha256:8734b9e9cd03d12b2e1d973415fc4c5c941c5eca351b4bd63f721782b1bf7c8b data=/kylin-lmbench-exp-work/rabbitmq/run-d3000-apps-always-20260717-093223-5-nvhe-q5-backlog-4
[2026-07-21T13:08:33+08:00] cooldown 30s
[2026-07-21T13:09:41+08:00] cooldown 30s
[2026-07-21T13:10:11+08:00] starting RabbitMQ image=rabbitmq@sha256:8734b9e9cd03d12b2e1d973415fc4c5c941c5eca351b4bd63f721782b1bf7c8b data=/kylin-lmbench-exp-work/rabbitmq/run-d3000-apps-always-20260717-093223-5-nvhe-q5-backlog-5
[2026-07-21T13:11:15+08:00] cooldown 30s
[2026-07-21T13:12:23+08:00] cooldown 30s
[2026-07-21T13:12:53+08:00] THP profile=always project=anchors effective=always
[2026-07-21T13:14:33+08:00] completed end anchors
[2026-07-21T13:14:33+08:00] verified one-shot GRUB next_entry=d3000-6.6.30-protected in active ESP grubenv
[2026-07-21T13:14:34+08:00] leg=11 complete; rebooting into protected for leg=12
[2026-07-21T13:15:31+08:00] leg=12 stage=formal pair=5 expected=protected starting
[2026-07-21T13:15:32+08:00] host prepared: CPUs=0-7 governor=performance ASLR=2 swap=off target=multi-user
[2026-07-21T13:15:32+08:00] THP profile=always project=anchors effective=always
[2026-07-21T13:17:15+08:00] completed start anchors
[2026-07-21T13:17:15+08:00] pair=5 mode=protected project=redis
[2026-07-21T13:17:15+08:00] THP profile=always project=redis effective=always
[2026-07-21T13:22:36+08:00] cooldown 30s
[2026-07-21T13:28:26+08:00] cooldown 30s
[2026-07-21T13:34:16+08:00] cooldown 30s
[2026-07-21T13:40:06+08:00] cooldown 30s
[2026-07-21T13:45:56+08:00] cooldown 30s
[2026-07-21T13:49:46+08:00] cooldown 30s
[2026-07-21T13:53:37+08:00] cooldown 30s
[2026-07-21T13:57:27+08:00] cooldown 30s
[2026-07-21T14:01:17+08:00] cooldown 30s
[2026-07-21T14:05:07+08:00] cooldown 30s
[2026-07-21T14:10:58+08:00] cooldown 30s
[2026-07-21T14:16:49+08:00] cooldown 30s
[2026-07-21T14:22:41+08:00] cooldown 30s
[2026-07-21T14:28:32+08:00] cooldown 30s
[2026-07-21T14:34:23+08:00] cooldown 30s
[2026-07-21T14:41:14+08:00] cooldown 30s
[2026-07-21T14:48:04+08:00] cooldown 30s
[2026-07-21T14:54:55+08:00] cooldown 30s
[2026-07-21T15:01:45+08:00] cooldown 30s
[2026-07-21T15:08:36+08:00] cooldown 30s
[2026-07-21T15:09:06+08:00] pair=5 mode=protected project=geek
[2026-07-21T15:09:07+08:00] THP profile=always project=geekbench effective=always
[2026-07-21T15:09:07+08:00] Geekbench non-scoring warmup
[2026-07-21T15:09:07+08:00] Geekbench warmup attempt 1/3
[2026-07-21T15:15:38+08:00] cooldown 30s
[2026-07-21T15:16:08+08:00] Geekbench formal run 1/5
[2026-07-21T15:16:08+08:00] Geekbench rep-01 attempt 1/3
[2026-07-21T15:22:39+08:00] cooldown 30s
[2026-07-21T15:23:09+08:00] Geekbench formal run 2/5
[2026-07-21T15:23:09+08:00] Geekbench rep-02 attempt 1/3
[2026-07-21T15:29:41+08:00] cooldown 30s
[2026-07-21T15:30:11+08:00] Geekbench formal run 3/5
[2026-07-21T15:30:11+08:00] Geekbench rep-03 attempt 1/3
[2026-07-21T15:36:41+08:00] cooldown 30s
[2026-07-21T15:37:11+08:00] Geekbench formal run 4/5
[2026-07-21T15:37:11+08:00] Geekbench rep-04 attempt 1/3
[2026-07-21T15:43:42+08:00] cooldown 30s
[2026-07-21T15:44:12+08:00] Geekbench formal run 5/5
[2026-07-21T15:44:12+08:00] Geekbench rep-05 attempt 1/3
[2026-07-21T15:50:43+08:00] cooldown 30s
[2026-07-21T15:51:13+08:00] completed Geekbench CPU suite
[2026-07-21T15:51:13+08:00] pair=5 mode=protected project=rabbitmq
[2026-07-21T15:51:13+08:00] THP profile=always project=rabbitmq effective=always
[2026-07-21T15:51:13+08:00] starting RabbitMQ image=rabbitmq@sha256:8734b9e9cd03d12b2e1d973415fc4c5c941c5eca351b4bd63f721782b1bf7c8b data=/kylin-lmbench-exp-work/rabbitmq/run-d3000-apps-always-20260717-093223-5-protected-q1-one-fast-1
[2026-07-21T15:52:17+08:00] cooldown 30s
[2026-07-21T15:58:55+08:00] cooldown 30s
[2026-07-21T15:59:25+08:00] starting RabbitMQ image=rabbitmq@sha256:8734b9e9cd03d12b2e1d973415fc4c5c941c5eca351b4bd63f721782b1bf7c8b data=/kylin-lmbench-exp-work/rabbitmq/run-d3000-apps-always-20260717-093223-5-protected-q1-one-fast-2
[2026-07-21T16:00:29+08:00] cooldown 30s
[2026-07-21T16:07:06+08:00] cooldown 30s
[2026-07-21T16:07:37+08:00] starting RabbitMQ image=rabbitmq@sha256:8734b9e9cd03d12b2e1d973415fc4c5c941c5eca351b4bd63f721782b1bf7c8b data=/kylin-lmbench-exp-work/rabbitmq/run-d3000-apps-always-20260717-093223-5-protected-q1-one-fast-3
[2026-07-21T16:08:41+08:00] cooldown 30s
[2026-07-21T16:15:18+08:00] cooldown 30s
[2026-07-21T16:15:49+08:00] starting RabbitMQ image=rabbitmq@sha256:8734b9e9cd03d12b2e1d973415fc4c5c941c5eca351b4bd63f721782b1bf7c8b data=/kylin-lmbench-exp-work/rabbitmq/run-d3000-apps-always-20260717-093223-5-protected-q1-one-fast-4
[2026-07-21T16:16:53+08:00] cooldown 30s
[2026-07-21T16:23:30+08:00] cooldown 30s
[2026-07-21T16:24:00+08:00] starting RabbitMQ image=rabbitmq@sha256:8734b9e9cd03d12b2e1d973415fc4c5c941c5eca351b4bd63f721782b1bf7c8b data=/kylin-lmbench-exp-work/rabbitmq/run-d3000-apps-always-20260717-093223-5-protected-q1-one-fast-5
[2026-07-21T16:25:04+08:00] cooldown 30s
[2026-07-21T16:31:42+08:00] cooldown 30s
[2026-07-21T16:32:12+08:00] starting RabbitMQ image=rabbitmq@sha256:8734b9e9cd03d12b2e1d973415fc4c5c941c5eca351b4bd63f721782b1bf7c8b data=/kylin-lmbench-exp-work/rabbitmq/run-d3000-apps-always-20260717-093223-5-protected-q2-reliable-1
[2026-07-21T16:33:16+08:00] cooldown 30s
[2026-07-21T16:39:55+08:00] cooldown 30s
[2026-07-21T16:40:25+08:00] starting RabbitMQ image=rabbitmq@sha256:8734b9e9cd03d12b2e1d973415fc4c5c941c5eca351b4bd63f721782b1bf7c8b data=/kylin-lmbench-exp-work/rabbitmq/run-d3000-apps-always-20260717-093223-5-protected-q2-reliable-2
[2026-07-21T16:41:29+08:00] cooldown 30s
[2026-07-21T16:48:07+08:00] cooldown 30s
[2026-07-21T16:48:37+08:00] starting RabbitMQ image=rabbitmq@sha256:8734b9e9cd03d12b2e1d973415fc4c5c941c5eca351b4bd63f721782b1bf7c8b data=/kylin-lmbench-exp-work/rabbitmq/run-d3000-apps-always-20260717-093223-5-protected-q2-reliable-3
[2026-07-21T16:49:41+08:00] cooldown 30s
[2026-07-21T16:56:19+08:00] cooldown 30s
[2026-07-21T16:56:49+08:00] starting RabbitMQ image=rabbitmq@sha256:8734b9e9cd03d12b2e1d973415fc4c5c941c5eca351b4bd63f721782b1bf7c8b data=/kylin-lmbench-exp-work/rabbitmq/run-d3000-apps-always-20260717-093223-5-protected-q2-reliable-4
[2026-07-21T16:57:53+08:00] cooldown 30s
[2026-07-21T17:04:32+08:00] cooldown 30s
[2026-07-21T17:05:02+08:00] starting RabbitMQ image=rabbitmq@sha256:8734b9e9cd03d12b2e1d973415fc4c5c941c5eca351b4bd63f721782b1bf7c8b data=/kylin-lmbench-exp-work/rabbitmq/run-d3000-apps-always-20260717-093223-5-protected-q2-reliable-5
[2026-07-21T17:06:06+08:00] cooldown 30s
[2026-07-21T17:12:44+08:00] cooldown 30s
[2026-07-21T17:13:14+08:00] starting RabbitMQ image=rabbitmq@sha256:8734b9e9cd03d12b2e1d973415fc4c5c941c5eca351b4bd63f721782b1bf7c8b data=/kylin-lmbench-exp-work/rabbitmq/run-d3000-apps-always-20260717-093223-5-protected-q3-rate50-1
[2026-07-21T17:14:18+08:00] cooldown 30s
[2026-07-21T17:20:56+08:00] cooldown 30s
[2026-07-21T17:21:26+08:00] starting RabbitMQ image=rabbitmq@sha256:8734b9e9cd03d12b2e1d973415fc4c5c941c5eca351b4bd63f721782b1bf7c8b data=/kylin-lmbench-exp-work/rabbitmq/run-d3000-apps-always-20260717-093223-5-protected-q3-rate50-2
[2026-07-21T17:22:30+08:00] cooldown 30s
[2026-07-21T17:29:08+08:00] cooldown 30s
[2026-07-21T17:29:38+08:00] starting RabbitMQ image=rabbitmq@sha256:8734b9e9cd03d12b2e1d973415fc4c5c941c5eca351b4bd63f721782b1bf7c8b data=/kylin-lmbench-exp-work/rabbitmq/run-d3000-apps-always-20260717-093223-5-protected-q3-rate50-3
[2026-07-21T17:30:42+08:00] cooldown 30s
[2026-07-21T17:37:20+08:00] cooldown 30s
[2026-07-21T17:37:50+08:00] starting RabbitMQ image=rabbitmq@sha256:8734b9e9cd03d12b2e1d973415fc4c5c941c5eca351b4bd63f721782b1bf7c8b data=/kylin-lmbench-exp-work/rabbitmq/run-d3000-apps-always-20260717-093223-5-protected-q3-rate50-4
[2026-07-21T17:38:54+08:00] cooldown 30s
[2026-07-21T17:45:32+08:00] cooldown 30s
[2026-07-21T17:46:02+08:00] starting RabbitMQ image=rabbitmq@sha256:8734b9e9cd03d12b2e1d973415fc4c5c941c5eca351b4bd63f721782b1bf7c8b data=/kylin-lmbench-exp-work/rabbitmq/run-d3000-apps-always-20260717-093223-5-protected-q3-rate50-5
[2026-07-21T17:47:06+08:00] cooldown 30s
[2026-07-21T17:53:44+08:00] cooldown 30s
[2026-07-21T17:54:14+08:00] starting RabbitMQ image=rabbitmq@sha256:8734b9e9cd03d12b2e1d973415fc4c5c941c5eca351b4bd63f721782b1bf7c8b data=/kylin-lmbench-exp-work/rabbitmq/run-d3000-apps-always-20260717-093223-5-protected-q3-rate70-1
[2026-07-21T17:55:18+08:00] cooldown 30s
[2026-07-21T18:01:56+08:00] cooldown 30s
[2026-07-21T18:02:26+08:00] starting RabbitMQ image=rabbitmq@sha256:8734b9e9cd03d12b2e1d973415fc4c5c941c5eca351b4bd63f721782b1bf7c8b data=/kylin-lmbench-exp-work/rabbitmq/run-d3000-apps-always-20260717-093223-5-protected-q3-rate70-2
[2026-07-21T18:03:30+08:00] cooldown 30s
[2026-07-21T18:10:08+08:00] cooldown 30s
[2026-07-21T18:10:38+08:00] starting RabbitMQ image=rabbitmq@sha256:8734b9e9cd03d12b2e1d973415fc4c5c941c5eca351b4bd63f721782b1bf7c8b data=/kylin-lmbench-exp-work/rabbitmq/run-d3000-apps-always-20260717-093223-5-protected-q3-rate70-3
[2026-07-21T18:11:42+08:00] cooldown 30s
[2026-07-21T18:18:20+08:00] cooldown 30s
[2026-07-21T18:18:50+08:00] starting RabbitMQ image=rabbitmq@sha256:8734b9e9cd03d12b2e1d973415fc4c5c941c5eca351b4bd63f721782b1bf7c8b data=/kylin-lmbench-exp-work/rabbitmq/run-d3000-apps-always-20260717-093223-5-protected-q3-rate70-4
[2026-07-21T18:19:54+08:00] cooldown 30s
[2026-07-21T18:26:32+08:00] cooldown 30s
[2026-07-21T18:27:02+08:00] starting RabbitMQ image=rabbitmq@sha256:8734b9e9cd03d12b2e1d973415fc4c5c941c5eca351b4bd63f721782b1bf7c8b data=/kylin-lmbench-exp-work/rabbitmq/run-d3000-apps-always-20260717-093223-5-protected-q3-rate70-5
[2026-07-21T18:28:06+08:00] cooldown 30s
[2026-07-21T18:34:44+08:00] cooldown 30s
[2026-07-21T18:35:14+08:00] starting RabbitMQ image=rabbitmq@sha256:8734b9e9cd03d12b2e1d973415fc4c5c941c5eca351b4bd63f721782b1bf7c8b data=/kylin-lmbench-exp-work/rabbitmq/run-d3000-apps-always-20260717-093223-5-protected-q3-rate85-1
[2026-07-21T18:36:18+08:00] cooldown 30s
[2026-07-21T18:42:56+08:00] cooldown 30s
[2026-07-21T18:43:26+08:00] starting RabbitMQ image=rabbitmq@sha256:8734b9e9cd03d12b2e1d973415fc4c5c941c5eca351b4bd63f721782b1bf7c8b data=/kylin-lmbench-exp-work/rabbitmq/run-d3000-apps-always-20260717-093223-5-protected-q3-rate85-2
[2026-07-21T18:44:30+08:00] cooldown 30s
[2026-07-21T18:51:08+08:00] cooldown 30s
[2026-07-21T18:51:38+08:00] starting RabbitMQ image=rabbitmq@sha256:8734b9e9cd03d12b2e1d973415fc4c5c941c5eca351b4bd63f721782b1bf7c8b data=/kylin-lmbench-exp-work/rabbitmq/run-d3000-apps-always-20260717-093223-5-protected-q3-rate85-3
[2026-07-21T18:52:42+08:00] cooldown 30s
[2026-07-21T18:59:20+08:00] cooldown 30s
[2026-07-21T18:59:50+08:00] starting RabbitMQ image=rabbitmq@sha256:8734b9e9cd03d12b2e1d973415fc4c5c941c5eca351b4bd63f721782b1bf7c8b data=/kylin-lmbench-exp-work/rabbitmq/run-d3000-apps-always-20260717-093223-5-protected-q3-rate85-4
[2026-07-21T19:00:54+08:00] cooldown 30s
[2026-07-21T19:07:32+08:00] cooldown 30s
[2026-07-21T19:08:02+08:00] starting RabbitMQ image=rabbitmq@sha256:8734b9e9cd03d12b2e1d973415fc4c5c941c5eca351b4bd63f721782b1bf7c8b data=/kylin-lmbench-exp-work/rabbitmq/run-d3000-apps-always-20260717-093223-5-protected-q3-rate85-5
[2026-07-21T19:09:06+08:00] cooldown 30s
[2026-07-21T19:15:44+08:00] cooldown 30s
[2026-07-21T19:16:14+08:00] starting RabbitMQ image=rabbitmq@sha256:8734b9e9cd03d12b2e1d973415fc4c5c941c5eca351b4bd63f721782b1bf7c8b data=/kylin-lmbench-exp-work/rabbitmq/run-d3000-apps-always-20260717-093223-5-protected-q4-join-late-1
[2026-07-21T19:17:18+08:00] cooldown 30s
[2026-07-21T19:23:56+08:00] cooldown 30s
[2026-07-21T19:24:26+08:00] starting RabbitMQ image=rabbitmq@sha256:8734b9e9cd03d12b2e1d973415fc4c5c941c5eca351b4bd63f721782b1bf7c8b data=/kylin-lmbench-exp-work/rabbitmq/run-d3000-apps-always-20260717-093223-5-protected-q4-join-late-2
[2026-07-21T19:25:30+08:00] cooldown 30s
[2026-07-21T19:32:08+08:00] cooldown 30s
[2026-07-21T19:32:38+08:00] starting RabbitMQ image=rabbitmq@sha256:8734b9e9cd03d12b2e1d973415fc4c5c941c5eca351b4bd63f721782b1bf7c8b data=/kylin-lmbench-exp-work/rabbitmq/run-d3000-apps-always-20260717-093223-5-protected-q4-join-late-3
[2026-07-21T19:33:42+08:00] cooldown 30s
[2026-07-21T19:40:20+08:00] cooldown 30s
[2026-07-21T19:40:50+08:00] starting RabbitMQ image=rabbitmq@sha256:8734b9e9cd03d12b2e1d973415fc4c5c941c5eca351b4bd63f721782b1bf7c8b data=/kylin-lmbench-exp-work/rabbitmq/run-d3000-apps-always-20260717-093223-5-protected-q4-join-late-4
[2026-07-21T19:41:54+08:00] cooldown 30s
[2026-07-21T19:48:31+08:00] cooldown 30s
[2026-07-21T19:49:02+08:00] starting RabbitMQ image=rabbitmq@sha256:8734b9e9cd03d12b2e1d973415fc4c5c941c5eca351b4bd63f721782b1bf7c8b data=/kylin-lmbench-exp-work/rabbitmq/run-d3000-apps-always-20260717-093223-5-protected-q4-join-late-5
[2026-07-21T19:50:06+08:00] cooldown 30s
[2026-07-21T19:56:43+08:00] cooldown 30s
[2026-07-21T19:57:13+08:00] starting RabbitMQ image=rabbitmq@sha256:8734b9e9cd03d12b2e1d973415fc4c5c941c5eca351b4bd63f721782b1bf7c8b data=/kylin-lmbench-exp-work/rabbitmq/run-d3000-apps-always-20260717-093223-5-protected-q5-backlog-1
[2026-07-21T19:58:17+08:00] cooldown 30s
[2026-07-21T19:59:27+08:00] cooldown 30s
[2026-07-21T19:59:57+08:00] starting RabbitMQ image=rabbitmq@sha256:8734b9e9cd03d12b2e1d973415fc4c5c941c5eca351b4bd63f721782b1bf7c8b data=/kylin-lmbench-exp-work/rabbitmq/run-d3000-apps-always-20260717-093223-5-protected-q5-backlog-2
[2026-07-21T20:01:01+08:00] cooldown 30s
[2026-07-21T20:02:10+08:00] cooldown 30s
[2026-07-21T20:02:40+08:00] starting RabbitMQ image=rabbitmq@sha256:8734b9e9cd03d12b2e1d973415fc4c5c941c5eca351b4bd63f721782b1bf7c8b data=/kylin-lmbench-exp-work/rabbitmq/run-d3000-apps-always-20260717-093223-5-protected-q5-backlog-3
[2026-07-21T20:03:44+08:00] cooldown 30s
[2026-07-21T20:04:53+08:00] cooldown 30s
[2026-07-21T20:05:23+08:00] starting RabbitMQ image=rabbitmq@sha256:8734b9e9cd03d12b2e1d973415fc4c5c941c5eca351b4bd63f721782b1bf7c8b data=/kylin-lmbench-exp-work/rabbitmq/run-d3000-apps-always-20260717-093223-5-protected-q5-backlog-4
[2026-07-21T20:06:27+08:00] cooldown 30s
[2026-07-21T20:07:37+08:00] cooldown 30s
[2026-07-21T20:08:07+08:00] starting RabbitMQ image=rabbitmq@sha256:8734b9e9cd03d12b2e1d973415fc4c5c941c5eca351b4bd63f721782b1bf7c8b data=/kylin-lmbench-exp-work/rabbitmq/run-d3000-apps-always-20260717-093223-5-protected-q5-backlog-5
[2026-07-21T20:09:11+08:00] cooldown 30s
[2026-07-21T20:10:21+08:00] cooldown 30s
[2026-07-21T20:10:51+08:00] THP profile=always project=anchors effective=always
[2026-07-21T20:12:32+08:00] completed end anchors
[2026-07-21T20:12:32+08:00] campaign complete; rebooting to default VHE
