block_id,task_index,mode_label,cpu_target,freq_before_khz,freq_after_khz,thermal_before_mc,thermal_after_mc,thermal_detail_before,thermal_detail_after,reject_reason,schema_version,mode,touch,page_size,pages,run_index,op_count,setup_elapsed_ns,setup_minor_faults_delta,elapsed_ns,timed_minor_faults_delta,cpu_before,cpu_after,status
1,1,nvhe,4,578000,1795000,36000,37000,BIG=35000|MID=35000|usb_pwr_therm=29145|btmspkr_therm=29168|disp_therm=29012|north_therm=30303|soc_therm=32462|battery=29800|battery_cycle=5|dc-mains=33000|usbc-therm-adc=330|max77779fg=29800|LITTLE=35000|soc=0|smpl_gm=0|vdroop1=0|batoilo=0|batoilo2=0|batt_vs=29792|mdis_morepower=0|thb_hda=51|cp_on_chip_0=33000|cp_on_chip_1=34000|G3D=34000|cp_on_chip_2=35000|cp_on_chip_3=33000|cp_on_chip_4=33000|rf2_therm=31000|rf1_therm=32000|ISP=33000|TPU=34000|AUR=34000|rfpa_therm=30971|quiet_therm=31260|charging_therm=32663|,BIG=37000|MID=36000|usb_pwr_therm=29145|btmspkr_therm=29168|disp_therm=29012|north_therm=30303|soc_therm=32462|battery=29800|battery_cycle=5|dc-mains=33000|usbc-therm-adc=330|max77779fg=29800|LITTLE=35000|soc=0|smpl_gm=0|vdroop1=0|batoilo=0|batoilo2=0|batt_vs=29792|mdis_morepower=0|thb_hda=51|cp_on_chip_0=33000|cp_on_chip_1=34000|G3D=34000|cp_on_chip_2=35000|cp_on_chip_3=33000|cp_on_chip_4=33000|rf2_therm=31000|rf1_therm=32000|ISP=33000|TPU=34000|AUR=34000|rfpa_therm=30971|quiet_therm=31282|charging_therm=32707|,ok,1,batched,touched,4096,1024,0,1,2965372,1024,673218,0,4,4,ok
1,1,nvhe,4,578000,1795000,36000,37000,BIG=35000|MID=35000|usb_pwr_therm=29145|btmspkr_therm=29168|disp_therm=29012|north_therm=30303|soc_therm=32462|battery=29800|battery_cycle=5|dc-mains=33000|usbc-therm-adc=330|max77779fg=29800|LITTLE=35000|soc=0|smpl_gm=0|vdroop1=0|batoilo=0|batoilo2=0|batt_vs=29792|mdis_morepower=0|thb_hda=51|cp_on_chip_0=33000|cp_on_chip_1=34000|G3D=34000|cp_on_chip_2=35000|cp_on_chip_3=33000|cp_on_chip_4=33000|rf2_therm=31000|rf1_therm=32000|ISP=33000|TPU=34000|AUR=34000|rfpa_therm=30971|quiet_therm=31260|charging_therm=32663|,BIG=37000|MID=36000|usb_pwr_therm=29145|btmspkr_therm=29168|disp_therm=29012|north_therm=30303|soc_therm=32462|battery=29800|battery_cycle=5|dc-mains=33000|usbc-therm-adc=330|max77779fg=29800|LITTLE=35000|soc=0|smpl_gm=0|vdroop1=0|batoilo=0|batoilo2=0|batt_vs=29792|mdis_morepower=0|thb_hda=51|cp_on_chip_0=33000|cp_on_chip_1=34000|G3D=34000|cp_on_chip_2=35000|cp_on_chip_3=33000|cp_on_chip_4=33000|rf2_therm=31000|rf1_therm=32000|ISP=33000|TPU=34000|AUR=34000|rfpa_therm=30971|quiet_therm=31282|charging_therm=32707|,ok,1,batched,touched,4096,1024,1,1,3015218,1024,514405,0,4,4,ok
1,1,nvhe,4,578000,1795000,36000,37000,BIG=35000|MID=35000|usb_pwr_therm=29145|btmspkr_therm=29168|disp_therm=29012|north_therm=30303|soc_therm=32462|battery=29800|battery_cycle=5|dc-mains=33000|usbc-therm-adc=330|max77779fg=29800|LITTLE=35000|soc=0|smpl_gm=0|vdroop1=0|batoilo=0|batoilo2=0|batt_vs=29792|mdis_morepower=0|thb_hda=51|cp_on_chip_0=33000|cp_on_chip_1=34000|G3D=34000|cp_on_chip_2=35000|cp_on_chip_3=33000|cp_on_chip_4=33000|rf2_therm=31000|rf1_therm=32000|ISP=33000|TPU=34000|AUR=34000|rfpa_therm=30971|quiet_therm=31260|charging_therm=32663|,BIG=37000|MID=36000|usb_pwr_therm=29145|btmspkr_therm=29168|disp_therm=29012|north_therm=30303|soc_therm=32462|battery=29800|battery_cycle=5|dc-mains=33000|usbc-therm-adc=330|max77779fg=29800|LITTLE=35000|soc=0|smpl_gm=0|vdroop1=0|batoilo=0|batoilo2=0|batt_vs=29792|mdis_morepower=0|thb_hda=51|cp_on_chip_0=33000|cp_on_chip_1=34000|G3D=34000|cp_on_chip_2=35000|cp_on_chip_3=33000|cp_on_chip_4=33000|rf2_therm=31000|rf1_therm=32000|ISP=33000|TPU=34000|AUR=34000|rfpa_therm=30971|quiet_therm=31282|charging_therm=32707|,ok,1,batched,touched,4096,1024,2,1,3004760,1024,468831,0,4,4,ok
1,1,nvhe,4,578000,1795000,36000,37000,BIG=35000|MID=35000|usb_pwr_therm=29145|btmspkr_therm=29168|disp_therm=29012|north_therm=30303|soc_therm=32462|battery=29800|battery_cycle=5|dc-mains=33000|usbc-therm-adc=330|max77779fg=29800|LITTLE=35000|soc=0|smpl_gm=0|vdroop1=0|batoilo=0|batoilo2=0|batt_vs=29792|mdis_morepower=0|thb_hda=51|cp_on_chip_0=33000|cp_on_chip_1=34000|G3D=34000|cp_on_chip_2=35000|cp_on_chip_3=33000|cp_on_chip_4=33000|rf2_therm=31000|rf1_therm=32000|ISP=33000|TPU=34000|AUR=34000|rfpa_therm=30971|quiet_therm=31260|charging_therm=32663|,BIG=37000|MID=36000|usb_pwr_therm=29145|btmspkr_therm=29168|disp_therm=29012|north_therm=30303|soc_therm=32462|battery=29800|battery_cycle=5|dc-mains=33000|usbc-therm-adc=330|max77779fg=29800|LITTLE=35000|soc=0|smpl_gm=0|vdroop1=0|batoilo=0|batoilo2=0|batt_vs=29792|mdis_morepower=0|thb_hda=51|cp_on_chip_0=33000|cp_on_chip_1=34000|G3D=34000|cp_on_chip_2=35000|cp_on_chip_3=33000|cp_on_chip_4=33000|rf2_therm=31000|rf1_therm=32000|ISP=33000|TPU=34000|AUR=34000|rfpa_therm=30971|quiet_therm=31282|charging_therm=32707|,ok,1,batched,touched,4096,1024,3,1,2436890,1024,383300,0,4,4,ok
1,1,nvhe,4,578000,1795000,36000,37000,BIG=35000|MID=35000|usb_pwr_therm=29145|btmspkr_therm=29168|disp_therm=29012|north_therm=30303|soc_therm=32462|battery=29800|battery_cycle=5|dc-mains=33000|usbc-therm-adc=330|max77779fg=29800|LITTLE=35000|soc=0|smpl_gm=0|vdroop1=0|batoilo=0|batoilo2=0|batt_vs=29792|mdis_morepower=0|thb_hda=51|cp_on_chip_0=33000|cp_on_chip_1=34000|G3D=34000|cp_on_chip_2=35000|cp_on_chip_3=33000|cp_on_chip_4=33000|rf2_therm=31000|rf1_therm=32000|ISP=33000|TPU=34000|AUR=34000|rfpa_therm=30971|quiet_therm=31260|charging_therm=32663|,BIG=37000|MID=36000|usb_pwr_therm=29145|btmspkr_therm=29168|disp_therm=29012|north_therm=30303|soc_therm=32462|battery=29800|battery_cycle=5|dc-mains=33000|usbc-therm-adc=330|max77779fg=29800|LITTLE=35000|soc=0|smpl_gm=0|vdroop1=0|batoilo=0|batoilo2=0|batt_vs=29792|mdis_morepower=0|thb_hda=51|cp_on_chip_0=33000|cp_on_chip_1=34000|G3D=34000|cp_on_chip_2=35000|cp_on_chip_3=33000|cp_on_chip_4=33000|rf2_therm=31000|rf1_therm=32000|ISP=33000|TPU=34000|AUR=34000|rfpa_therm=30971|quiet_therm=31282|charging_therm=32707|,ok,1,batched,touched,4096,1024,4,1,2495809,1024,411540,0,4,4,ok
1,1,nvhe,4,578000,1795000,36000,37000,BIG=35000|MID=35000|usb_pwr_therm=29145|btmspkr_therm=29168|disp_therm=29012|north_therm=30303|soc_therm=32462|battery=29800|battery_cycle=5|dc-mains=33000|usbc-therm-adc=330|max77779fg=29800|LITTLE=35000|soc=0|smpl_gm=0|vdroop1=0|batoilo=0|batoilo2=0|batt_vs=29792|mdis_morepower=0|thb_hda=51|cp_on_chip_0=33000|cp_on_chip_1=34000|G3D=34000|cp_on_chip_2=35000|cp_on_chip_3=33000|cp_on_chip_4=33000|rf2_therm=31000|rf1_therm=32000|ISP=33000|TPU=34000|AUR=34000|rfpa_therm=30971|quiet_therm=31260|charging_therm=32663|,BIG=37000|MID=36000|usb_pwr_therm=29145|btmspkr_therm=29168|disp_therm=29012|north_therm=30303|soc_therm=32462|battery=29800|battery_cycle=5|dc-mains=33000|usbc-therm-adc=330|max77779fg=29800|LITTLE=35000|soc=0|smpl_gm=0|vdroop1=0|batoilo=0|batoilo2=0|batt_vs=29792|mdis_morepower=0|thb_hda=51|cp_on_chip_0=33000|cp_on_chip_1=34000|G3D=34000|cp_on_chip_2=35000|cp_on_chip_3=33000|cp_on_chip_4=33000|rf2_therm=31000|rf1_therm=32000|ISP=33000|TPU=34000|AUR=34000|rfpa_therm=30971|quiet_therm=31282|charging_therm=32707|,ok,1,batched,touched,4096,1024,5,1,2530883,1024,446533,0,4,4,ok
1,1,nvhe,4,578000,1795000,36000,37000,BIG=35000|MID=35000|usb_pwr_therm=29145|btmspkr_therm=29168|disp_therm=29012|north_therm=30303|soc_therm=32462|battery=29800|battery_cycle=5|dc-mains=33000|usbc-therm-adc=330|max77779fg=29800|LITTLE=35000|soc=0|smpl_gm=0|vdroop1=0|batoilo=0|batoilo2=0|batt_vs=29792|mdis_morepower=0|thb_hda=51|cp_on_chip_0=33000|cp_on_chip_1=34000|G3D=34000|cp_on_chip_2=35000|cp_on_chip_3=33000|cp_on_chip_4=33000|rf2_therm=31000|rf1_therm=32000|ISP=33000|TPU=34000|AUR=34000|rfpa_therm=30971|quiet_therm=31260|charging_therm=32663|,BIG=37000|MID=36000|usb_pwr_therm=29145|btmspkr_therm=29168|disp_therm=29012|north_therm=30303|soc_therm=32462|battery=29800|battery_cycle=5|dc-mains=33000|usbc-therm-adc=330|max77779fg=29800|LITTLE=35000|soc=0|smpl_gm=0|vdroop1=0|batoilo=0|batoilo2=0|batt_vs=29792|mdis_morepower=0|thb_hda=51|cp_on_chip_0=33000|cp_on_chip_1=34000|G3D=34000|cp_on_chip_2=35000|cp_on_chip_3=33000|cp_on_chip_4=33000|rf2_therm=31000|rf1_therm=32000|ISP=33000|TPU=34000|AUR=34000|rfpa_therm=30971|quiet_therm=31282|charging_therm=32707|,ok,1,batched,touched,4096,1024,6,1,2504842,1024,342977,0,4,4,ok
1,1,nvhe,4,578000,1795000,36000,37000,BIG=35000|MID=35000|usb_pwr_therm=29145|btmspkr_therm=29168|disp_therm=29012|north_therm=30303|soc_therm=32462|battery=29800|battery_cycle=5|dc-mains=33000|usbc-therm-adc=330|max77779fg=29800|LITTLE=35000|soc=0|smpl_gm=0|vdroop1=0|batoilo=0|batoilo2=0|batt_vs=29792|mdis_morepower=0|thb_hda=51|cp_on_chip_0=33000|cp_on_chip_1=34000|G3D=34000|cp_on_chip_2=35000|cp_on_chip_3=33000|cp_on_chip_4=33000|rf2_therm=31000|rf1_therm=32000|ISP=33000|TPU=34000|AUR=34000|rfpa_therm=30971|quiet_therm=31260|charging_therm=32663|,BIG=37000|MID=36000|usb_pwr_therm=29145|btmspkr_therm=29168|disp_therm=29012|north_therm=30303|soc_therm=32462|battery=29800|battery_cycle=5|dc-mains=33000|usbc-therm-adc=330|max77779fg=29800|LITTLE=35000|soc=0|smpl_gm=0|vdroop1=0|batoilo=0|batoilo2=0|batt_vs=29792|mdis_morepower=0|thb_hda=51|cp_on_chip_0=33000|cp_on_chip_1=34000|G3D=34000|cp_on_chip_2=35000|cp_on_chip_3=33000|cp_on_chip_4=33000|rf2_therm=31000|rf1_therm=32000|ISP=33000|TPU=34000|AUR=34000|rfpa_therm=30971|quiet_therm=31282|charging_therm=32707|,ok,1,batched,touched,4096,1024,7,1,2190267,1024,328288,0,4,4,ok
1,1,nvhe,4,578000,1795000,36000,37000,BIG=35000|MID=35000|usb_pwr_therm=29145|btmspkr_therm=29168|disp_therm=29012|north_therm=30303|soc_therm=32462|battery=29800|battery_cycle=5|dc-mains=33000|usbc-therm-adc=330|max77779fg=29800|LITTLE=35000|soc=0|smpl_gm=0|vdroop1=0|batoilo=0|batoilo2=0|batt_vs=29792|mdis_morepower=0|thb_hda=51|cp_on_chip_0=33000|cp_on_chip_1=34000|G3D=34000|cp_on_chip_2=35000|cp_on_chip_3=33000|cp_on_chip_4=33000|rf2_therm=31000|rf1_therm=32000|ISP=33000|TPU=34000|AUR=34000|rfpa_therm=30971|quiet_therm=31260|charging_therm=32663|,BIG=37000|MID=36000|usb_pwr_therm=29145|btmspkr_therm=29168|disp_therm=29012|north_therm=30303|soc_therm=32462|battery=29800|battery_cycle=5|dc-mains=33000|usbc-therm-adc=330|max77779fg=29800|LITTLE=35000|soc=0|smpl_gm=0|vdroop1=0|batoilo=0|batoilo2=0|batt_vs=29792|mdis_morepower=0|thb_hda=51|cp_on_chip_0=33000|cp_on_chip_1=34000|G3D=34000|cp_on_chip_2=35000|cp_on_chip_3=33000|cp_on_chip_4=33000|rf2_therm=31000|rf1_therm=32000|ISP=33000|TPU=34000|AUR=34000|rfpa_therm=30971|quiet_therm=31282|charging_therm=32707|,ok,1,batched,touched,4096,1024,8,1,2223389,1024,333659,0,4,4,ok
1,1,nvhe,4,578000,1795000,36000,37000,BIG=35000|MID=35000|usb_pwr_therm=29145|btmspkr_therm=29168|disp_therm=29012|north_therm=30303|soc_therm=32462|battery=29800|battery_cycle=5|dc-mains=33000|usbc-therm-adc=330|max77779fg=29800|LITTLE=35000|soc=0|smpl_gm=0|vdroop1=0|batoilo=0|batoilo2=0|batt_vs=29792|mdis_morepower=0|thb_hda=51|cp_on_chip_0=33000|cp_on_chip_1=34000|G3D=34000|cp_on_chip_2=35000|cp_on_chip_3=33000|cp_on_chip_4=33000|rf2_therm=31000|rf1_therm=32000|ISP=33000|TPU=34000|AUR=34000|rfpa_therm=30971|quiet_therm=31260|charging_therm=32663|,BIG=37000|MID=36000|usb_pwr_therm=29145|btmspkr_therm=29168|disp_therm=29012|north_therm=30303|soc_therm=32462|battery=29800|battery_cycle=5|dc-mains=33000|usbc-therm-adc=330|max77779fg=29800|LITTLE=35000|soc=0|smpl_gm=0|vdroop1=0|batoilo=0|batoilo2=0|batt_vs=29792|mdis_morepower=0|thb_hda=51|cp_on_chip_0=33000|cp_on_chip_1=34000|G3D=34000|cp_on_chip_2=35000|cp_on_chip_3=33000|cp_on_chip_4=33000|rf2_therm=31000|rf1_therm=32000|ISP=33000|TPU=34000|AUR=34000|rfpa_therm=30971|quiet_therm=31282|charging_therm=32707|,ok,1,batched,touched,4096,1024,9,1,2139852,1024,359782,0,4,4,ok
1,2,nvhe,4,1795000,578000,35000,37000,BIG=35000|MID=36000|usb_pwr_therm=29168|btmspkr_therm=29168|disp_therm=29012|north_therm=30303|soc_therm=32529|battery=29800|battery_cycle=5|dc-mains=33000|usbc-therm-adc=330|max77779fg=29800|LITTLE=36000|soc=0|smpl_gm=0|vdroop1=0|batoilo=0|batoilo2=0|batt_vs=29792|mdis_morepower=0|thb_hda=51|cp_on_chip_0=33000|cp_on_chip_1=34000|G3D=35000|cp_on_chip_2=35000|cp_on_chip_3=33000|cp_on_chip_4=33000|rf2_therm=31000|rf1_therm=32000|ISP=34000|TPU=34000|AUR=34000|rfpa_therm=30971|quiet_therm=31282|charging_therm=32707|,BIG=35000|MID=36000|usb_pwr_therm=29168|btmspkr_therm=29168|disp_therm=29012|north_therm=30303|soc_therm=32618|battery=29800|battery_cycle=5|dc-mains=33500|usbc-therm-adc=335|max77779fg=29800|LITTLE=35000|soc=0|smpl_gm=0|vdroop1=0|batoilo=0|batoilo2=0|batt_vs=29792|mdis_morepower=0|thb_hda=51|cp_on_chip_0=33000|cp_on_chip_1=34000|G3D=34000|cp_on_chip_2=35000|cp_on_chip_3=33000|cp_on_chip_4=33000|rf2_therm=31000|rf1_therm=32000|ISP=34000|TPU=35000|AUR=34000|rfpa_therm=30971|quiet_therm=31305|charging_therm=32752|,ok,1,batched,touched,4096,2048,0,1,4129435,2048,674642,0,4,4,ok
1,2,nvhe,4,1795000,578000,35000,37000,BIG=35000|MID=36000|usb_pwr_therm=29168|btmspkr_therm=29168|disp_therm=29012|north_therm=30303|soc_therm=32529|battery=29800|battery_cycle=5|dc-mains=33000|usbc-therm-adc=330|max77779fg=29800|LITTLE=36000|soc=0|smpl_gm=0|vdroop1=0|batoilo=0|batoilo2=0|batt_vs=29792|mdis_morepower=0|thb_hda=51|cp_on_chip_0=33000|cp_on_chip_1=34000|G3D=35000|cp_on_chip_2=35000|cp_on_chip_3=33000|cp_on_chip_4=33000|rf2_therm=31000|rf1_therm=32000|ISP=34000|TPU=34000|AUR=34000|rfpa_therm=30971|quiet_therm=31282|charging_therm=32707|,BIG=35000|MID=36000|usb_pwr_therm=29168|btmspkr_therm=29168|disp_therm=29012|north_therm=30303|soc_therm=32618|battery=29800|battery_cycle=5|dc-mains=33500|usbc-therm-adc=335|max77779fg=29800|LITTLE=35000|soc=0|smpl_gm=0|vdroop1=0|batoilo=0|batoilo2=0|batt_vs=29792|mdis_morepower=0|thb_hda=51|cp_on_chip_0=33000|cp_on_chip_1=34000|G3D=34000|cp_on_chip_2=35000|cp_on_chip_3=33000|cp_on_chip_4=33000|rf2_therm=31000|rf1_therm=32000|ISP=34000|TPU=35000|AUR=34000|rfpa_therm=30971|quiet_therm=31305|charging_therm=32752|,ok,1,batched,touched,4096,2048,1,1,1849040,2048,319336,0,4,4,ok
1,2,nvhe,4,1795000,578000,35000,37000,BIG=35000|MID=36000|usb_pwr_therm=29168|btmspkr_therm=29168|disp_therm=29012|north_therm=30303|soc_therm=32529|battery=29800|battery_cycle=5|dc-mains=33000|usbc-therm-adc=330|max77779fg=29800|LITTLE=36000|soc=0|smpl_gm=0|vdroop1=0|batoilo=0|batoilo2=0|batt_vs=29792|mdis_morepower=0|thb_hda=51|cp_on_chip_0=33000|cp_on_chip_1=34000|G3D=35000|cp_on_chip_2=35000|cp_on_chip_3=33000|cp_on_chip_4=33000|rf2_therm=31000|rf1_therm=32000|ISP=34000|TPU=34000|AUR=34000|rfpa_therm=30971|quiet_therm=31282|charging_therm=32707|,BIG=35000|MID=36000|usb_pwr_therm=29168|btmspkr_therm=29168|disp_therm=29012|north_therm=30303|soc_therm=32618|battery=29800|battery_cycle=5|dc-mains=33500|usbc-therm-adc=335|max77779fg=29800|LITTLE=35000|soc=0|smpl_gm=0|vdroop1=0|batoilo=0|batoilo2=0|batt_vs=29792|mdis_morepower=0|thb_hda=51|cp_on_chip_0=33000|cp_on_chip_1=34000|G3D=34000|cp_on_chip_2=35000|cp_on_chip_3=33000|cp_on_chip_4=33000|rf2_therm=31000|rf1_therm=32000|ISP=34000|TPU=35000|AUR=34000|rfpa_therm=30971|quiet_therm=31305|charging_therm=32752|,ok,1,batched,touched,4096,2048,2,1,1754151,2048,275391,0,4,4,ok
1,2,nvhe,4,1795000,578000,35000,37000,BIG=35000|MID=36000|usb_pwr_therm=29168|btmspkr_therm=29168|disp_therm=29012|north_therm=30303|soc_therm=32529|battery=29800|battery_cycle=5|dc-mains=33000|usbc-therm-adc=330|max77779fg=29800|LITTLE=36000|soc=0|smpl_gm=0|vdroop1=0|batoilo=0|batoilo2=0|batt_vs=29792|mdis_morepower=0|thb_hda=51|cp_on_chip_0=33000|cp_on_chip_1=34000|G3D=35000|cp_on_chip_2=35000|cp_on_chip_3=33000|cp_on_chip_4=33000|rf2_therm=31000|rf1_therm=32000|ISP=34000|TPU=34000|AUR=34000|rfpa_therm=30971|quiet_therm=31282|charging_therm=32707|,BIG=35000|MID=36000|usb_pwr_therm=29168|btmspkr_therm=29168|disp_therm=29012|north_therm=30303|soc_therm=32618|battery=29800|battery_cycle=5|dc-mains=33500|usbc-therm-adc=335|max77779fg=29800|LITTLE=35000|soc=0|smpl_gm=0|vdroop1=0|batoilo=0|batoilo2=0|batt_vs=29792|mdis_morepower=0|thb_hda=51|cp_on_chip_0=33000|cp_on_chip_1=34000|G3D=34000|cp_on_chip_2=35000|cp_on_chip_3=33000|cp_on_chip_4=33000|rf2_therm=31000|rf1_therm=32000|ISP=34000|TPU=35000|AUR=34000|rfpa_therm=30971|quiet_therm=31305|charging_therm=32752|,ok,1,batched,touched,4096,2048,3,1,1756755,2048,281372,0,4,4,ok
1,2,nvhe,4,1795000,578000,35000,37000,BIG=35000|MID=36000|usb_pwr_therm=29168|btmspkr_therm=29168|disp_therm=29012|north_therm=30303|soc_therm=32529|battery=29800|battery_cycle=5|dc-mains=33000|usbc-therm-adc=330|max77779fg=29800|LITTLE=36000|soc=0|smpl_gm=0|vdroop1=0|batoilo=0|batoilo2=0|batt_vs=29792|mdis_morepower=0|thb_hda=51|cp_on_chip_0=33000|cp_on_chip_1=34000|G3D=35000|cp_on_chip_2=35000|cp_on_chip_3=33000|cp_on_chip_4=33000|rf2_therm=31000|rf1_therm=32000|ISP=34000|TPU=34000|AUR=34000|rfpa_therm=30971|quiet_therm=31282|charging_therm=32707|,BIG=35000|MID=36000|usb_pwr_therm=29168|btmspkr_therm=29168|disp_therm=29012|north_therm=30303|soc_therm=32618|battery=29800|battery_cycle=5|dc-mains=33500|usbc-therm-adc=335|max77779fg=29800|LITTLE=35000|soc=0|smpl_gm=0|vdroop1=0|batoilo=0|batoilo2=0|batt_vs=29792|mdis_morepower=0|thb_hda=51|cp_on_chip_0=33000|cp_on_chip_1=34000|G3D=34000|cp_on_chip_2=35000|cp_on_chip_3=33000|cp_on_chip_4=33000|rf2_therm=31000|rf1_therm=32000|ISP=34000|TPU=35000|AUR=34000|rfpa_therm=30971|quiet_therm=31305|charging_therm=32752|,ok,1,batched,touched,4096,2048,4,1,1784546,2048,267008,0,4,4,ok
1,2,nvhe,4,1795000,578000,35000,37000,BIG=35000|MID=36000|usb_pwr_therm=29168|btmspkr_therm=29168|disp_therm=29012|north_therm=30303|soc_therm=32529|battery=29800|battery_cycle=5|dc-mains=33000|usbc-therm-adc=330|max77779fg=29800|LITTLE=36000|soc=0|smpl_gm=0|vdroop1=0|batoilo=0|batoilo2=0|batt_vs=29792|mdis_morepower=0|thb_hda=51|cp_on_chip_0=33000|cp_on_chip_1=34000|G3D=35000|cp_on_chip_2=35000|cp_on_chip_3=33000|cp_on_chip_4=33000|rf2_therm=31000|rf1_therm=32000|ISP=34000|TPU=34000|AUR=34000|rfpa_therm=30971|quiet_therm=31282|charging_therm=32707|,BIG=35000|MID=36000|usb_pwr_therm=29168|btmspkr_therm=29168|disp_therm=29012|north_therm=30303|soc_therm=32618|battery=29800|battery_cycle=5|dc-mains=33500|usbc-therm-adc=335|max77779fg=29800|LITTLE=35000|soc=0|smpl_gm=0|vdroop1=0|batoilo=0|batoilo2=0|batt_vs=29792|mdis_morepower=0|thb_hda=51|cp_on_chip_0=33000|cp_on_chip_1=34000|G3D=34000|cp_on_chip_2=35000|cp_on_chip_3=33000|cp_on_chip_4=33000|rf2_therm=31000|rf1_therm=32000|ISP=34000|TPU=35000|AUR=34000|rfpa_therm=30971|quiet_therm=31305|charging_therm=32752|,ok,1,batched,touched,4096,2048,5,1,1825765,2048,293457,0,4,4,ok
1,2,nvhe,4,1795000,578000,35000,37000,BIG=35000|MID=36000|usb_pwr_therm=29168|btmspkr_therm=29168|disp_therm=29012|north_therm=30303|soc_therm=32529|battery=29800|battery_cycle=5|dc-mains=33000|usbc-therm-adc=330|max77779fg=29800|LITTLE=36000|soc=0|smpl_gm=0|vdroop1=0|batoilo=0|batoilo2=0|batt_vs=29792|mdis_morepower=0|thb_hda=51|cp_on_chip_0=33000|cp_on_chip_1=34000|G3D=35000|cp_on_chip_2=35000|cp_on_chip_3=33000|cp_on_chip_4=33000|rf2_therm=31000|rf1_therm=32000|ISP=34000|TPU=34000|AUR=34000|rfpa_therm=30971|quiet_therm=31282|charging_therm=32707|,BIG=35000|MID=36000|usb_pwr_therm=29168|btmspkr_therm=29168|disp_therm=29012|north_therm=30303|soc_therm=32618|battery=29800|battery_cycle=5|dc-mains=33500|usbc-therm-adc=335|max77779fg=29800|LITTLE=35000|soc=0|smpl_gm=0|vdroop1=0|batoilo=0|batoilo2=0|batt_vs=29792|mdis_morepower=0|thb_hda=51|cp_on_chip_0=33000|cp_on_chip_1=34000|G3D=34000|cp_on_chip_2=35000|cp_on_chip_3=33000|cp_on_chip_4=33000|rf2_therm=31000|rf1_therm=32000|ISP=34000|TPU=35000|AUR=34000|rfpa_therm=30971|quiet_therm=31305|charging_therm=32752|,ok,1,batched,touched,4096,2048,6,1,1818156,2048,285237,0,4,4,ok
1,2,nvhe,4,1795000,578000,35000,37000,BIG=35000|MID=36000|usb_pwr_therm=29168|btmspkr_therm=29168|disp_therm=29012|north_therm=30303|soc_therm=32529|battery=29800|battery_cycle=5|dc-mains=33000|usbc-therm-adc=330|max77779fg=29800|LITTLE=36000|soc=0|smpl_gm=0|vdroop1=0|batoilo=0|batoilo2=0|batt_vs=29792|mdis_morepower=0|thb_hda=51|cp_on_chip_0=33000|cp_on_chip_1=34000|G3D=35000|cp_on_chip_2=35000|cp_on_chip_3=33000|cp_on_chip_4=33000|rf2_therm=31000|rf1_therm=32000|ISP=34000|TPU=34000|AUR=34000|rfpa_therm=30971|quiet_therm=31282|charging_therm=32707|,BIG=35000|MID=36000|usb_pwr_therm=29168|btmspkr_therm=29168|disp_therm=29012|north_therm=30303|soc_therm=32618|battery=29800|battery_cycle=5|dc-mains=33500|usbc-therm-adc=335|max77779fg=29800|LITTLE=35000|soc=0|smpl_gm=0|vdroop1=0|batoilo=0|batoilo2=0|batt_vs=29792|mdis_morepower=0|thb_hda=51|cp_on_chip_0=33000|cp_on_chip_1=34000|G3D=34000|cp_on_chip_2=35000|cp_on_chip_3=33000|cp_on_chip_4=33000|rf2_therm=31000|rf1_therm=32000|ISP=34000|TPU=35000|AUR=34000|rfpa_therm=30971|quiet_therm=31305|charging_therm=32752|,ok,1,batched,touched,4096,2048,7,1,1823649,2048,277426,0,4,4,ok
1,2,nvhe,4,1795000,578000,35000,37000,BIG=35000|MID=36000|usb_pwr_therm=29168|btmspkr_therm=29168|disp_therm=29012|north_therm=30303|soc_therm=32529|battery=29800|battery_cycle=5|dc-mains=33000|usbc-therm-adc=330|max77779fg=29800|LITTLE=36000|soc=0|smpl_gm=0|vdroop1=0|batoilo=0|batoilo2=0|batt_vs=29792|mdis_morepower=0|thb_hda=51|cp_on_chip_0=33000|cp_on_chip_1=34000|G3D=35000|cp_on_chip_2=35000|cp_on_chip_3=33000|cp_on_chip_4=33000|rf2_therm=31000|rf1_therm=32000|ISP=34000|TPU=34000|AUR=34000|rfpa_therm=30971|quiet_therm=31282|charging_therm=32707|,BIG=35000|MID=36000|usb_pwr_therm=29168|btmspkr_therm=29168|disp_therm=29012|north_therm=30303|soc_therm=32618|battery=29800|battery_cycle=5|dc-mains=33500|usbc-therm-adc=335|max77779fg=29800|LITTLE=35000|soc=0|smpl_gm=0|vdroop1=0|batoilo=0|batoilo2=0|batt_vs=29792|mdis_morepower=0|thb_hda=51|cp_on_chip_0=33000|cp_on_chip_1=34000|G3D=34000|cp_on_chip_2=35000|cp_on_chip_3=33000|cp_on_chip_4=33000|rf2_therm=31000|rf1_therm=32000|ISP=34000|TPU=35000|AUR=34000|rfpa_therm=30971|quiet_therm=31305|charging_therm=32752|,ok,1,batched,touched,4096,2048,8,1,1771159,2048,281901,0,4,4,ok
1,2,nvhe,4,1795000,578000,35000,37000,BIG=35000|MID=36000|usb_pwr_therm=29168|btmspkr_therm=29168|disp_therm=29012|north_therm=30303|soc_therm=32529|battery=29800|battery_cycle=5|dc-mains=33000|usbc-therm-adc=330|max77779fg=29800|LITTLE=36000|soc=0|smpl_gm=0|vdroop1=0|batoilo=0|batoilo2=0|batt_vs=29792|mdis_morepower=0|thb_hda=51|cp_on_chip_0=33000|cp_on_chip_1=34000|G3D=35000|cp_on_chip_2=35000|cp_on_chip_3=33000|cp_on_chip_4=33000|rf2_therm=31000|rf1_therm=32000|ISP=34000|TPU=34000|AUR=34000|rfpa_therm=30971|quiet_therm=31282|charging_therm=32707|,BIG=35000|MID=36000|usb_pwr_therm=29168|btmspkr_therm=29168|disp_therm=29012|north_therm=30303|soc_therm=32618|battery=29800|battery_cycle=5|dc-mains=33500|usbc-therm-adc=335|max77779fg=29800|LITTLE=35000|soc=0|smpl_gm=0|vdroop1=0|batoilo=0|batoilo2=0|batt_vs=29792|mdis_morepower=0|thb_hda=51|cp_on_chip_0=33000|cp_on_chip_1=34000|G3D=34000|cp_on_chip_2=35000|cp_on_chip_3=33000|cp_on_chip_4=33000|rf2_therm=31000|rf1_therm=32000|ISP=34000|TPU=35000|AUR=34000|rfpa_therm=30971|quiet_therm=31305|charging_therm=32752|,ok,1,batched,touched,4096,2048,9,1,1830241,2048,270101,0,4,4,ok
1,3,nvhe,4,1549000,910000,37000,38000,BIG=36000|MID=36000|usb_pwr_therm=29168|btmspkr_therm=29168|disp_therm=29012|north_therm=30303|soc_therm=32618|battery=29800|battery_cycle=5|dc-mains=33500|usbc-therm-adc=335|max77779fg=29800|LITTLE=35000|soc=0|smpl_gm=0|vdroop1=0|batoilo=0|batoilo2=0|batt_vs=29792|mdis_morepower=0|thb_hda=51|cp_on_chip_0=33000|cp_on_chip_1=34000|G3D=35000|cp_on_chip_2=35000|cp_on_chip_3=33000|cp_on_chip_4=33000|rf2_therm=31000|rf1_therm=32000|ISP=34000|TPU=35000|AUR=35000|rfpa_therm=30971|quiet_therm=31327|charging_therm=32796|,BIG=37000|MID=37000|usb_pwr_therm=29168|btmspkr_therm=29168|disp_therm=29012|north_therm=30281|soc_therm=32707|battery=29800|battery_cycle=5|dc-mains=33500|usbc-therm-adc=335|max77779fg=29800|LITTLE=39000|soc=0|smpl_gm=0|vdroop1=0|batoilo=0|batoilo2=0|batt_vs=29798|mdis_morepower=0|thb_hda=51|cp_on_chip_0=33000|cp_on_chip_1=34000|G3D=36000|cp_on_chip_2=35000|cp_on_chip_3=33000|cp_on_chip_4=33000|rf2_therm=31000|rf1_therm=32000|ISP=35000|TPU=36000|AUR=35000|rfpa_therm=30971|quiet_therm=31327|charging_therm=32796|,ok,1,batched,touched,4096,256,0,1,1067179,256,96802,0,4,4,ok
1,3,nvhe,4,1549000,910000,37000,38000,BIG=36000|MID=36000|usb_pwr_therm=29168|btmspkr_therm=29168|disp_therm=29012|north_therm=30303|soc_therm=32618|battery=29800|battery_cycle=5|dc-mains=33500|usbc-therm-adc=335|max77779fg=29800|LITTLE=35000|soc=0|smpl_gm=0|vdroop1=0|batoilo=0|batoilo2=0|batt_vs=29792|mdis_morepower=0|thb_hda=51|cp_on_chip_0=33000|cp_on_chip_1=34000|G3D=35000|cp_on_chip_2=35000|cp_on_chip_3=33000|cp_on_chip_4=33000|rf2_therm=31000|rf1_therm=32000|ISP=34000|TPU=35000|AUR=35000|rfpa_therm=30971|quiet_therm=31327|charging_therm=32796|,BIG=37000|MID=37000|usb_pwr_therm=29168|btmspkr_therm=29168|disp_therm=29012|north_therm=30281|soc_therm=32707|battery=29800|battery_cycle=5|dc-mains=33500|usbc-therm-adc=335|max77779fg=29800|LITTLE=39000|soc=0|smpl_gm=0|vdroop1=0|batoilo=0|batoilo2=0|batt_vs=29798|mdis_morepower=0|thb_hda=51|cp_on_chip_0=33000|cp_on_chip_1=34000|G3D=36000|cp_on_chip_2=35000|cp_on_chip_3=33000|cp_on_chip_4=33000|rf2_therm=31000|rf1_therm=32000|ISP=35000|TPU=36000|AUR=35000|rfpa_therm=30971|quiet_therm=31327|charging_therm=32796|,ok,1,batched,touched,4096,256,1,1,830770,256,87443,0,4,4,ok
1,3,nvhe,4,1549000,910000,37000,38000,BIG=36000|MID=36000|usb_pwr_therm=29168|btmspkr_therm=29168|disp_therm=29012|north_therm=30303|soc_therm=32618|battery=29800|battery_cycle=5|dc-mains=33500|usbc-therm-adc=335|max77779fg=29800|LITTLE=35000|soc=0|smpl_gm=0|vdroop1=0|batoilo=0|batoilo2=0|batt_vs=29792|mdis_morepower=0|thb_hda=51|cp_on_chip_0=33000|cp_on_chip_1=34000|G3D=35000|cp_on_chip_2=35000|cp_on_chip_3=33000|cp_on_chip_4=33000|rf2_therm=31000|rf1_therm=32000|ISP=34000|TPU=35000|AUR=35000|rfpa_therm=30971|quiet_therm=31327|charging_therm=32796|,BIG=37000|MID=37000|usb_pwr_therm=29168|btmspkr_therm=29168|disp_therm=29012|north_therm=30281|soc_therm=32707|battery=29800|battery_cycle=5|dc-mains=33500|usbc-therm-adc=335|max77779fg=29800|LITTLE=39000|soc=0|smpl_gm=0|vdroop1=0|batoilo=0|batoilo2=0|batt_vs=29798|mdis_morepower=0|thb_hda=51|cp_on_chip_0=33000|cp_on_chip_1=34000|G3D=36000|cp_on_chip_2=35000|cp_on_chip_3=33000|cp_on_chip_4=33000|rf2_therm=31000|rf1_therm=32000|ISP=35000|TPU=36000|AUR=35000|rfpa_therm=30971|quiet_therm=31327|charging_therm=32796|,ok,1,batched,touched,4096,256,2,1,818522,256,90983,0,4,4,ok
1,3,nvhe,4,1549000,910000,37000,38000,BIG=36000|MID=36000|usb_pwr_therm=29168|btmspkr_therm=29168|disp_therm=29012|north_therm=30303|soc_therm=32618|battery=29800|battery_cycle=5|dc-mains=33500|usbc-therm-adc=335|max77779fg=29800|LITTLE=35000|soc=0|smpl_gm=0|vdroop1=0|batoilo=0|batoilo2=0|batt_vs=29792|mdis_morepower=0|thb_hda=51|cp_on_chip_0=33000|cp_on_chip_1=34000|G3D=35000|cp_on_chip_2=35000|cp_on_chip_3=33000|cp_on_chip_4=33000|rf2_therm=31000|rf1_therm=32000|ISP=34000|TPU=35000|AUR=35000|rfpa_therm=30971|quiet_therm=31327|charging_therm=32796|,BIG=37000|MID=37000|usb_pwr_therm=29168|btmspkr_therm=29168|disp_therm=29012|north_therm=30281|soc_therm=32707|battery=29800|battery_cycle=5|dc-mains=33500|usbc-therm-adc=335|max77779fg=29800|LITTLE=39000|soc=0|smpl_gm=0|vdroop1=0|batoilo=0|batoilo2=0|batt_vs=29798|mdis_morepower=0|thb_hda=51|cp_on_chip_0=33000|cp_on_chip_1=34000|G3D=36000|cp_on_chip_2=35000|cp_on_chip_3=33000|cp_on_chip_4=33000|rf2_therm=31000|rf1_therm=32000|ISP=35000|TPU=36000|AUR=35000|rfpa_therm=30971|quiet_therm=31327|charging_therm=32796|,ok,1,batched,touched,4096,256,3,1,862345,256,88745,0,4,4,ok
1,3,nvhe,4,1549000,910000,37000,38000,BIG=36000|MID=36000|usb_pwr_therm=29168|btmspkr_therm=29168|disp_therm=29012|north_therm=30303|soc_therm=32618|battery=29800|battery_cycle=5|dc-mains=33500|usbc-therm-adc=335|max77779fg=29800|LITTLE=35000|soc=0|smpl_gm=0|vdroop1=0|batoilo=0|batoilo2=0|batt_vs=29792|mdis_morepower=0|thb_hda=51|cp_on_chip_0=33000|cp_on_chip_1=34000|G3D=35000|cp_on_chip_2=35000|cp_on_chip_3=33000|cp_on_chip_4=33000|rf2_therm=31000|rf1_therm=32000|ISP=34000|TPU=35000|AUR=35000|rfpa_therm=30971|quiet_therm=31327|charging_therm=32796|,BIG=37000|MID=37000|usb_pwr_therm=29168|btmspkr_therm=29168|disp_therm=29012|north_therm=30281|soc_therm=32707|battery=29800|battery_cycle=5|dc-mains=33500|usbc-therm-adc=335|max77779fg=29800|LITTLE=39000|soc=0|smpl_gm=0|vdroop1=0|batoilo=0|batoilo2=0|batt_vs=29798|mdis_morepower=0|thb_hda=51|cp_on_chip_0=33000|cp_on_chip_1=34000|G3D=36000|cp_on_chip_2=35000|cp_on_chip_3=33000|cp_on_chip_4=33000|rf2_therm=31000|rf1_therm=32000|ISP=35000|TPU=36000|AUR=35000|rfpa_therm=30971|quiet_therm=31327|charging_therm=32796|,ok,1,batched,touched,4096,256,4,1,1000366,256,99690,0,4,4,ok
1,3,nvhe,4,1549000,910000,37000,38000,BIG=36000|MID=36000|usb_pwr_therm=29168|btmspkr_therm=29168|disp_therm=29012|north_therm=30303|soc_therm=32618|battery=29800|battery_cycle=5|dc-mains=33500|usbc-therm-adc=335|max77779fg=29800|LITTLE=35000|soc=0|smpl_gm=0|vdroop1=0|batoilo=0|batoilo2=0|batt_vs=29792|mdis_morepower=0|thb_hda=51|cp_on_chip_0=33000|cp_on_chip_1=34000|G3D=35000|cp_on_chip_2=35000|cp_on_chip_3=33000|cp_on_chip_4=33000|rf2_therm=31000|rf1_therm=32000|ISP=34000|TPU=35000|AUR=35000|rfpa_therm=30971|quiet_therm=31327|charging_therm=32796|,BIG=37000|MID=37000|usb_pwr_therm=29168|btmspkr_therm=29168|disp_therm=29012|north_therm=30281|soc_therm=32707|battery=29800|battery_cycle=5|dc-mains=33500|usbc-therm-adc=335|max77779fg=29800|LITTLE=39000|soc=0|smpl_gm=0|vdroop1=0|batoilo=0|batoilo2=0|batt_vs=29798|mdis_morepower=0|thb_hda=51|cp_on_chip_0=33000|cp_on_chip_1=34000|G3D=36000|cp_on_chip_2=35000|cp_on_chip_3=33000|cp_on_chip_4=33000|rf2_therm=31000|rf1_therm=32000|ISP=35000|TPU=36000|AUR=35000|rfpa_therm=30971|quiet_therm=31327|charging_therm=32796|,ok,1,batched,touched,4096,256,5,1,931396,256,81299,0,4,4,ok
1,3,nvhe,4,1549000,910000,37000,38000,BIG=36000|MID=36000|usb_pwr_therm=29168|btmspkr_therm=29168|disp_therm=29012|north_therm=30303|soc_therm=32618|battery=29800|battery_cycle=5|dc-mains=33500|usbc-therm-adc=335|max77779fg=29800|LITTLE=35000|soc=0|smpl_gm=0|vdroop1=0|batoilo=0|batoilo2=0|batt_vs=29792|mdis_morepower=0|thb_hda=51|cp_on_chip_0=33000|cp_on_chip_1=34000|G3D=35000|cp_on_chip_2=35000|cp_on_chip_3=33000|cp_on_chip_4=33000|rf2_therm=31000|rf1_therm=32000|ISP=34000|TPU=35000|AUR=35000|rfpa_therm=30971|quiet_therm=31327|charging_therm=32796|,BIG=37000|MID=37000|usb_pwr_therm=29168|btmspkr_therm=29168|disp_therm=29012|north_therm=30281|soc_therm=32707|battery=29800|battery_cycle=5|dc-mains=33500|usbc-therm-adc=335|max77779fg=29800|LITTLE=39000|soc=0|smpl_gm=0|vdroop1=0|batoilo=0|batoilo2=0|batt_vs=29798|mdis_morepower=0|thb_hda=51|cp_on_chip_0=33000|cp_on_chip_1=34000|G3D=36000|cp_on_chip_2=35000|cp_on_chip_3=33000|cp_on_chip_4=33000|rf2_therm=31000|rf1_therm=32000|ISP=35000|TPU=36000|AUR=35000|rfpa_therm=30971|quiet_therm=31327|charging_therm=32796|,ok,1,batched,touched,4096,256,6,1,744832,256,78532,0,4,4,ok
1,3,nvhe,4,1549000,910000,37000,38000,BIG=36000|MID=36000|usb_pwr_therm=29168|btmspkr_therm=29168|disp_therm=29012|north_therm=30303|soc_therm=32618|battery=29800|battery_cycle=5|dc-mains=33500|usbc-therm-adc=335|max77779fg=29800|LITTLE=35000|soc=0|smpl_gm=0|vdroop1=0|batoilo=0|batoilo2=0|batt_vs=29792|mdis_morepower=0|thb_hda=51|cp_on_chip_0=33000|cp_on_chip_1=34000|G3D=35000|cp_on_chip_2=35000|cp_on_chip_3=33000|cp_on_chip_4=33000|rf2_therm=31000|rf1_therm=32000|ISP=34000|TPU=35000|AUR=35000|rfpa_therm=30971|quiet_therm=31327|charging_therm=32796|,BIG=37000|MID=37000|usb_pwr_therm=29168|btmspkr_therm=29168|disp_therm=29012|north_therm=30281|soc_therm=32707|battery=29800|battery_cycle=5|dc-mains=33500|usbc-therm-adc=335|max77779fg=29800|LITTLE=39000|soc=0|smpl_gm=0|vdroop1=0|batoilo=0|batoilo2=0|batt_vs=29798|mdis_morepower=0|thb_hda=51|cp_on_chip_0=33000|cp_on_chip_1=34000|G3D=36000|cp_on_chip_2=35000|cp_on_chip_3=33000|cp_on_chip_4=33000|rf2_therm=31000|rf1_therm=32000|ISP=35000|TPU=36000|AUR=35000|rfpa_therm=30971|quiet_therm=31327|charging_therm=32796|,ok,1,batched,touched,4096,256,7,1,784546,256,78532,0,4,4,ok
1,3,nvhe,4,1549000,910000,37000,38000,BIG=36000|MID=36000|usb_pwr_therm=29168|btmspkr_therm=29168|disp_therm=29012|north_therm=30303|soc_therm=32618|battery=29800|battery_cycle=5|dc-mains=33500|usbc-therm-adc=335|max77779fg=29800|LITTLE=35000|soc=0|smpl_gm=0|vdroop1=0|batoilo=0|batoilo2=0|batt_vs=29792|mdis_morepower=0|thb_hda=51|cp_on_chip_0=33000|cp_on_chip_1=34000|G3D=35000|cp_on_chip_2=35000|cp_on_chip_3=33000|cp_on_chip_4=33000|rf2_therm=31000|rf1_therm=32000|ISP=34000|TPU=35000|AUR=35000|rfpa_therm=30971|quiet_therm=31327|charging_therm=32796|,BIG=37000|MID=37000|usb_pwr_therm=29168|btmspkr_therm=29168|disp_therm=29012|north_therm=30281|soc_therm=32707|battery=29800|battery_cycle=5|dc-mains=33500|usbc-therm-adc=335|max77779fg=29800|LITTLE=39000|soc=0|smpl_gm=0|vdroop1=0|batoilo=0|batoilo2=0|batt_vs=29798|mdis_morepower=0|thb_hda=51|cp_on_chip_0=33000|cp_on_chip_1=34000|G3D=36000|cp_on_chip_2=35000|cp_on_chip_3=33000|cp_on_chip_4=33000|rf2_therm=31000|rf1_therm=32000|ISP=35000|TPU=36000|AUR=35000|rfpa_therm=30971|quiet_therm=31327|charging_therm=32796|,ok,1,batched,touched,4096,256,8,1,740397,256,78694,0,4,4,ok
1,3,nvhe,4,1549000,910000,37000,38000,BIG=36000|MID=36000|usb_pwr_therm=29168|btmspkr_therm=29168|disp_therm=29012|north_therm=30303|soc_therm=32618|battery=29800|battery_cycle=5|dc-mains=33500|usbc-therm-adc=335|max77779fg=29800|LITTLE=35000|soc=0|smpl_gm=0|vdroop1=0|batoilo=0|batoilo2=0|batt_vs=29792|mdis_morepower=0|thb_hda=51|cp_on_chip_0=33000|cp_on_chip_1=34000|G3D=35000|cp_on_chip_2=35000|cp_on_chip_3=33000|cp_on_chip_4=33000|rf2_therm=31000|rf1_therm=32000|ISP=34000|TPU=35000|AUR=35000|rfpa_therm=30971|quiet_therm=31327|charging_therm=32796|,BIG=37000|MID=37000|usb_pwr_therm=29168|btmspkr_therm=29168|disp_therm=29012|north_therm=30281|soc_therm=32707|battery=29800|battery_cycle=5|dc-mains=33500|usbc-therm-adc=335|max77779fg=29800|LITTLE=39000|soc=0|smpl_gm=0|vdroop1=0|batoilo=0|batoilo2=0|batt_vs=29798|mdis_morepower=0|thb_hda=51|cp_on_chip_0=33000|cp_on_chip_1=34000|G3D=36000|cp_on_chip_2=35000|cp_on_chip_3=33000|cp_on_chip_4=33000|rf2_therm=31000|rf1_therm=32000|ISP=35000|TPU=36000|AUR=35000|rfpa_therm=30971|quiet_therm=31327|charging_therm=32796|,ok,1,batched,touched,4096,256,9,1,733846,256,78451,0,4,4,ok
1,4,nvhe,4,1795000,357000,38000,40000,BIG=36000|MID=37000|usb_pwr_therm=29168|btmspkr_therm=29168|disp_therm=29012|north_therm=30281|soc_therm=32707|battery=29800|battery_cycle=5|dc-mains=34000|usbc-therm-adc=340|max77779fg=29800|LITTLE=37000|soc=0|smpl_gm=0|vdroop1=0|batoilo=0|batoilo2=0|batt_vs=29800|mdis_morepower=0|thb_hda=51|cp_on_chip_0=33000|cp_on_chip_1=34000|G3D=36000|cp_on_chip_2=35000|cp_on_chip_3=33000|cp_on_chip_4=33000|rf2_therm=31000|rf1_therm=32000|ISP=35000|TPU=35000|AUR=35000|rfpa_therm=30993|quiet_therm=31416|charging_therm=32930|,BIG=37000|MID=37000|usb_pwr_therm=29190|btmspkr_therm=29190|disp_therm=29056|north_therm=30281|soc_therm=32863|battery=29800|battery_cycle=5|dc-mains=34000|usbc-therm-adc=340|max77779fg=29800|LITTLE=37000|soc=0|smpl_gm=0|vdroop1=0|batoilo=0|batoilo2=0|batt_vs=29799|mdis_morepower=0|thb_hda=51|cp_on_chip_0=33000|cp_on_chip_1=34000|G3D=35000|cp_on_chip_2=35000|cp_on_chip_3=33000|cp_on_chip_4=33000|rf2_therm=31000|rf1_therm=32000|ISP=35000|TPU=35000|AUR=35000|rfpa_therm=30993|quiet_therm=31416|charging_therm=32930|,ok,1,single,untouched,4096,1024,0,1024,36377,0,1619507,0,4,4,ok
1,4,nvhe,4,1795000,357000,38000,40000,BIG=36000|MID=37000|usb_pwr_therm=29168|btmspkr_therm=29168|disp_therm=29012|north_therm=30281|soc_therm=32707|battery=29800|battery_cycle=5|dc-mains=34000|usbc-therm-adc=340|max77779fg=29800|LITTLE=37000|soc=0|smpl_gm=0|vdroop1=0|batoilo=0|batoilo2=0|batt_vs=29800|mdis_morepower=0|thb_hda=51|cp_on_chip_0=33000|cp_on_chip_1=34000|G3D=36000|cp_on_chip_2=35000|cp_on_chip_3=33000|cp_on_chip_4=33000|rf2_therm=31000|rf1_therm=32000|ISP=35000|TPU=35000|AUR=35000|rfpa_therm=30993|quiet_therm=31416|charging_therm=32930|,BIG=37000|MID=37000|usb_pwr_therm=29190|btmspkr_therm=29190|disp_therm=29056|north_therm=30281|soc_therm=32863|battery=29800|battery_cycle=5|dc-mains=34000|usbc-therm-adc=340|max77779fg=29800|LITTLE=37000|soc=0|smpl_gm=0|vdroop1=0|batoilo=0|batoilo2=0|batt_vs=29799|mdis_morepower=0|thb_hda=51|cp_on_chip_0=33000|cp_on_chip_1=34000|G3D=35000|cp_on_chip_2=35000|cp_on_chip_3=33000|cp_on_chip_4=33000|rf2_therm=31000|rf1_therm=32000|ISP=35000|TPU=35000|AUR=35000|rfpa_therm=30993|quiet_therm=31416|charging_therm=32930|,ok,1,single,untouched,4096,1024,1,1024,12329,0,1642293,0,4,4,ok
1,4,nvhe,4,1795000,357000,38000,40000,BIG=36000|MID=37000|usb_pwr_therm=29168|btmspkr_therm=29168|disp_therm=29012|north_therm=30281|soc_therm=32707|battery=29800|battery_cycle=5|dc-mains=34000|usbc-therm-adc=340|max77779fg=29800|LITTLE=37000|soc=0|smpl_gm=0|vdroop1=0|batoilo=0|batoilo2=0|batt_vs=29800|mdis_morepower=0|thb_hda=51|cp_on_chip_0=33000|cp_on_chip_1=34000|G3D=36000|cp_on_chip_2=35000|cp_on_chip_3=33000|cp_on_chip_4=33000|rf2_therm=31000|rf1_therm=32000|ISP=35000|TPU=35000|AUR=35000|rfpa_therm=30993|quiet_therm=31416|charging_therm=32930|,BIG=37000|MID=37000|usb_pwr_therm=29190|btmspkr_therm=29190|disp_therm=29056|north_therm=30281|soc_therm=32863|battery=29800|battery_cycle=5|dc-mains=34000|usbc-therm-adc=340|max77779fg=29800|LITTLE=37000|soc=0|smpl_gm=0|vdroop1=0|batoilo=0|batoilo2=0|batt_vs=29799|mdis_morepower=0|thb_hda=51|cp_on_chip_0=33000|cp_on_chip_1=34000|G3D=35000|cp_on_chip_2=35000|cp_on_chip_3=33000|cp_on_chip_4=33000|rf2_therm=31000|rf1_therm=32000|ISP=35000|TPU=35000|AUR=35000|rfpa_therm=30993|quiet_therm=31416|charging_therm=32930|,ok,1,single,untouched,4096,1024,2,1024,24496,0,1631592,0,4,4,ok
1,4,nvhe,4,1795000,357000,38000,40000,BIG=36000|MID=37000|usb_pwr_therm=29168|btmspkr_therm=29168|disp_therm=29012|north_therm=30281|soc_therm=32707|battery=29800|battery_cycle=5|dc-mains=34000|usbc-therm-adc=340|max77779fg=29800|LITTLE=37000|soc=0|smpl_gm=0|vdroop1=0|batoilo=0|batoilo2=0|batt_vs=29800|mdis_morepower=0|thb_hda=51|cp_on_chip_0=33000|cp_on_chip_1=34000|G3D=36000|cp_on_chip_2=35000|cp_on_chip_3=33000|cp_on_chip_4=33000|rf2_therm=31000|rf1_therm=32000|ISP=35000|TPU=35000|AUR=35000|rfpa_therm=30993|quiet_therm=31416|charging_therm=32930|,BIG=37000|MID=37000|usb_pwr_therm=29190|btmspkr_therm=29190|disp_therm=29056|north_therm=30281|soc_therm=32863|battery=29800|battery_cycle=5|dc-mains=34000|usbc-therm-adc=340|max77779fg=29800|LITTLE=37000|soc=0|smpl_gm=0|vdroop1=0|batoilo=0|batoilo2=0|batt_vs=29799|mdis_morepower=0|thb_hda=51|cp_on_chip_0=33000|cp_on_chip_1=34000|G3D=35000|cp_on_chip_2=35000|cp_on_chip_3=33000|cp_on_chip_4=33000|rf2_therm=31000|rf1_therm=32000|ISP=35000|TPU=35000|AUR=35000|rfpa_therm=30993|quiet_therm=31416|charging_therm=32930|,ok,1,single,untouched,4096,1024,3,1024,22176,0,1462077,0,4,4,ok
1,4,nvhe,4,1795000,357000,38000,40000,BIG=36000|MID=37000|usb_pwr_therm=29168|btmspkr_therm=29168|disp_therm=29012|north_therm=30281|soc_therm=32707|battery=29800|battery_cycle=5|dc-mains=34000|usbc-therm-adc=340|max77779fg=29800|LITTLE=37000|soc=0|smpl_gm=0|vdroop1=0|batoilo=0|batoilo2=0|batt_vs=29800|mdis_morepower=0|thb_hda=51|cp_on_chip_0=33000|cp_on_chip_1=34000|G3D=36000|cp_on_chip_2=35000|cp_on_chip_3=33000|cp_on_chip_4=33000|rf2_therm=31000|rf1_therm=32000|ISP=35000|TPU=35000|AUR=35000|rfpa_therm=30993|quiet_therm=31416|charging_therm=32930|,BIG=37000|MID=37000|usb_pwr_therm=29190|btmspkr_therm=29190|disp_therm=29056|north_therm=30281|soc_therm=32863|battery=29800|battery_cycle=5|dc-mains=34000|usbc-therm-adc=340|max77779fg=29800|LITTLE=37000|soc=0|smpl_gm=0|vdroop1=0|batoilo=0|batoilo2=0|batt_vs=29799|mdis_morepower=0|thb_hda=51|cp_on_chip_0=33000|cp_on_chip_1=34000|G3D=35000|cp_on_chip_2=35000|cp_on_chip_3=33000|cp_on_chip_4=33000|rf2_therm=31000|rf1_therm=32000|ISP=35000|TPU=35000|AUR=35000|rfpa_therm=30993|quiet_therm=31416|charging_therm=32930|,ok,1,single,untouched,4096,1024,4,1024,11760,0,1464762,0,4,4,ok
1,4,nvhe,4,1795000,357000,38000,40000,BIG=36000|MID=37000|usb_pwr_therm=29168|btmspkr_therm=29168|disp_therm=29012|north_therm=30281|soc_therm=32707|battery=29800|battery_cycle=5|dc-mains=34000|usbc-therm-adc=340|max77779fg=29800|LITTLE=37000|soc=0|smpl_gm=0|vdroop1=0|batoilo=0|batoilo2=0|batt_vs=29800|mdis_morepower=0|thb_hda=51|cp_on_chip_0=33000|cp_on_chip_1=34000|G3D=36000|cp_on_chip_2=35000|cp_on_chip_3=33000|cp_on_chip_4=33000|rf2_therm=31000|rf1_therm=32000|ISP=35000|TPU=35000|AUR=35000|rfpa_therm=30993|quiet_therm=31416|charging_therm=32930|,BIG=37000|MID=37000|usb_pwr_therm=29190|btmspkr_therm=29190|disp_therm=29056|north_therm=30281|soc_therm=32863|battery=29800|battery_cycle=5|dc-mains=34000|usbc-therm-adc=340|max77779fg=29800|LITTLE=37000|soc=0|smpl_gm=0|vdroop1=0|batoilo=0|batoilo2=0|batt_vs=29799|mdis_morepower=0|thb_hda=51|cp_on_chip_0=33000|cp_on_chip_1=34000|G3D=35000|cp_on_chip_2=35000|cp_on_chip_3=33000|cp_on_chip_4=33000|rf2_therm=31000|rf1_therm=32000|ISP=35000|TPU=35000|AUR=35000|rfpa_therm=30993|quiet_therm=31416|charging_therm=32930|,ok,1,single,untouched,4096,1024,5,1024,10702,0,1506754,0,4,4,ok
1,4,nvhe,4,1795000,357000,38000,40000,BIG=36000|MID=37000|usb_pwr_therm=29168|btmspkr_therm=29168|disp_therm=29012|north_therm=30281|soc_therm=32707|battery=29800|battery_cycle=5|dc-mains=34000|usbc-therm-adc=340|max77779fg=29800|LITTLE=37000|soc=0|smpl_gm=0|vdroop1=0|batoilo=0|batoilo2=0|batt_vs=29800|mdis_morepower=0|thb_hda=51|cp_on_chip_0=33000|cp_on_chip_1=34000|G3D=36000|cp_on_chip_2=35000|cp_on_chip_3=33000|cp_on_chip_4=33000|rf2_therm=31000|rf1_therm=32000|ISP=35000|TPU=35000|AUR=35000|rfpa_therm=30993|quiet_therm=31416|charging_therm=32930|,BIG=37000|MID=37000|usb_pwr_therm=29190|btmspkr_therm=29190|disp_therm=29056|north_therm=30281|soc_therm=32863|battery=29800|battery_cycle=5|dc-mains=34000|usbc-therm-adc=340|max77779fg=29800|LITTLE=37000|soc=0|smpl_gm=0|vdroop1=0|batoilo=0|batoilo2=0|batt_vs=29799|mdis_morepower=0|thb_hda=51|cp_on_chip_0=33000|cp_on_chip_1=34000|G3D=35000|cp_on_chip_2=35000|cp_on_chip_3=33000|cp_on_chip_4=33000|rf2_therm=31000|rf1_therm=32000|ISP=35000|TPU=35000|AUR=35000|rfpa_therm=30993|quiet_therm=31416|charging_therm=32930|,ok,1,single,untouched,4096,1024,6,1024,24984,0,1465699,0,4,4,ok
1,4,nvhe,4,1795000,357000,38000,40000,BIG=36000|MID=37000|usb_pwr_therm=29168|btmspkr_therm=29168|disp_therm=29012|north_therm=30281|soc_therm=32707|battery=29800|battery_cycle=5|dc-mains=34000|usbc-therm-adc=340|max77779fg=29800|LITTLE=37000|soc=0|smpl_gm=0|vdroop1=0|batoilo=0|batoilo2=0|batt_vs=29800|mdis_morepower=0|thb_hda=51|cp_on_chip_0=33000|cp_on_chip_1=34000|G3D=36000|cp_on_chip_2=35000|cp_on_chip_3=33000|cp_on_chip_4=33000|rf2_therm=31000|rf1_therm=32000|ISP=35000|TPU=35000|AUR=35000|rfpa_therm=30993|quiet_therm=31416|charging_therm=32930|,BIG=37000|MID=37000|usb_pwr_therm=29190|btmspkr_therm=29190|disp_therm=29056|north_therm=30281|soc_therm=32863|battery=29800|battery_cycle=5|dc-mains=34000|usbc-therm-adc=340|max77779fg=29800|LITTLE=37000|soc=0|smpl_gm=0|vdroop1=0|batoilo=0|batoilo2=0|batt_vs=29799|mdis_morepower=0|thb_hda=51|cp_on_chip_0=33000|cp_on_chip_1=34000|G3D=35000|cp_on_chip_2=35000|cp_on_chip_3=33000|cp_on_chip_4=33000|rf2_therm=31000|rf1_therm=32000|ISP=35000|TPU=35000|AUR=35000|rfpa_therm=30993|quiet_therm=31416|charging_therm=32930|,ok,1,single,untouched,4096,1024,7,1024,29866,0,1467326,0,4,4,ok
1,4,nvhe,4,1795000,357000,38000,40000,BIG=36000|MID=37000|usb_pwr_therm=29168|btmspkr_therm=29168|disp_therm=29012|north_therm=30281|soc_therm=32707|battery=29800|battery_cycle=5|dc-mains=34000|usbc-therm-adc=340|max77779fg=29800|LITTLE=37000|soc=0|smpl_gm=0|vdroop1=0|batoilo=0|batoilo2=0|batt_vs=29800|mdis_morepower=0|thb_hda=51|cp_on_chip_0=33000|cp_on_chip_1=34000|G3D=36000|cp_on_chip_2=35000|cp_on_chip_3=33000|cp_on_chip_4=33000|rf2_therm=31000|rf1_therm=32000|ISP=35000|TPU=35000|AUR=35000|rfpa_therm=30993|quiet_therm=31416|charging_therm=32930|,BIG=37000|MID=37000|usb_pwr_therm=29190|btmspkr_therm=29190|disp_therm=29056|north_therm=30281|soc_therm=32863|battery=29800|battery_cycle=5|dc-mains=34000|usbc-therm-adc=340|max77779fg=29800|LITTLE=37000|soc=0|smpl_gm=0|vdroop1=0|batoilo=0|batoilo2=0|batt_vs=29799|mdis_morepower=0|thb_hda=51|cp_on_chip_0=33000|cp_on_chip_1=34000|G3D=35000|cp_on_chip_2=35000|cp_on_chip_3=33000|cp_on_chip_4=33000|rf2_therm=31000|rf1_therm=32000|ISP=35000|TPU=35000|AUR=35000|rfpa_therm=30993|quiet_therm=31416|charging_therm=32930|,ok,1,single,untouched,4096,1024,8,1024,28564,0,1479859,0,4,4,ok
1,4,nvhe,4,1795000,357000,38000,40000,BIG=36000|MID=37000|usb_pwr_therm=29168|btmspkr_therm=29168|disp_therm=29012|north_therm=30281|soc_therm=32707|battery=29800|battery_cycle=5|dc-mains=34000|usbc-therm-adc=340|max77779fg=29800|LITTLE=37000|soc=0|smpl_gm=0|vdroop1=0|batoilo=0|batoilo2=0|batt_vs=29800|mdis_morepower=0|thb_hda=51|cp_on_chip_0=33000|cp_on_chip_1=34000|G3D=36000|cp_on_chip_2=35000|cp_on_chip_3=33000|cp_on_chip_4=33000|rf2_therm=31000|rf1_therm=32000|ISP=35000|TPU=35000|AUR=35000|rfpa_therm=30993|quiet_therm=31416|charging_therm=32930|,BIG=37000|MID=37000|usb_pwr_therm=29190|btmspkr_therm=29190|disp_therm=29056|north_therm=30281|soc_therm=32863|battery=29800|battery_cycle=5|dc-mains=34000|usbc-therm-adc=340|max77779fg=29800|LITTLE=37000|soc=0|smpl_gm=0|vdroop1=0|batoilo=0|batoilo2=0|batt_vs=29799|mdis_morepower=0|thb_hda=51|cp_on_chip_0=33000|cp_on_chip_1=34000|G3D=35000|cp_on_chip_2=35000|cp_on_chip_3=33000|cp_on_chip_4=33000|rf2_therm=31000|rf1_therm=32000|ISP=35000|TPU=35000|AUR=35000|rfpa_therm=30993|quiet_therm=31416|charging_therm=32930|,ok,1,single,untouched,4096,1024,9,1024,37802,0,1467082,0,4,4,ok
1,5,nvhe,4,2130000,1418000,37000,37000,BIG=36000|MID=37000|usb_pwr_therm=29212|btmspkr_therm=29212|disp_therm=29101|north_therm=30281|soc_therm=32974|battery=29900|battery_cycle=5|dc-mains=34000|usbc-therm-adc=340|max77779fg=29900|LITTLE=36000|soc=0|smpl_gm=0|vdroop1=0|batoilo=0|batoilo2=0|batt_vs=29898|mdis_morepower=0|thb_hda=51|cp_on_chip_0=33000|cp_on_chip_1=34000|G3D=35000|cp_on_chip_2=35000|cp_on_chip_3=33000|cp_on_chip_4=33000|rf2_therm=31000|rf1_therm=32000|ISP=34000|TPU=35000|AUR=35000|rfpa_therm=31015|quiet_therm=31483|charging_therm=33041|,BIG=36000|MID=37000|usb_pwr_therm=29212|btmspkr_therm=29212|disp_therm=29101|north_therm=30281|soc_therm=32974|battery=29900|battery_cycle=5|dc-mains=34000|usbc-therm-adc=340|max77779fg=29900|LITTLE=37000|soc=0|smpl_gm=0|vdroop1=0|batoilo=0|batoilo2=0|batt_vs=29898|mdis_morepower=0|thb_hda=51|cp_on_chip_0=33000|cp_on_chip_1=34000|G3D=35000|cp_on_chip_2=35000|cp_on_chip_3=33000|cp_on_chip_4=33000|rf2_therm=31000|rf1_therm=32000|ISP=34000|TPU=35000|AUR=35000|rfpa_therm=31015|quiet_therm=31483|charging_therm=33041|,ok,1,single,touched,4096,512,0,512,1221435,512,756958,0,4,4,ok
1,5,nvhe,4,2130000,1418000,37000,37000,BIG=36000|MID=37000|usb_pwr_therm=29212|btmspkr_therm=29212|disp_therm=29101|north_therm=30281|soc_therm=32974|battery=29900|battery_cycle=5|dc-mains=34000|usbc-therm-adc=340|max77779fg=29900|LITTLE=36000|soc=0|smpl_gm=0|vdroop1=0|batoilo=0|batoilo2=0|batt_vs=29898|mdis_morepower=0|thb_hda=51|cp_on_chip_0=33000|cp_on_chip_1=34000|G3D=35000|cp_on_chip_2=35000|cp_on_chip_3=33000|cp_on_chip_4=33000|rf2_therm=31000|rf1_therm=32000|ISP=34000|TPU=35000|AUR=35000|rfpa_therm=31015|quiet_therm=31483|charging_therm=33041|,BIG=36000|MID=37000|usb_pwr_therm=29212|btmspkr_therm=29212|disp_therm=29101|north_therm=30281|soc_therm=32974|battery=29900|battery_cycle=5|dc-mains=34000|usbc-therm-adc=340|max77779fg=29900|LITTLE=37000|soc=0|smpl_gm=0|vdroop1=0|batoilo=0|batoilo2=0|batt_vs=29898|mdis_morepower=0|thb_hda=51|cp_on_chip_0=33000|cp_on_chip_1=34000|G3D=35000|cp_on_chip_2=35000|cp_on_chip_3=33000|cp_on_chip_4=33000|rf2_therm=31000|rf1_therm=32000|ISP=34000|TPU=35000|AUR=35000|rfpa_therm=31015|quiet_therm=31483|charging_therm=33041|,ok,1,single,touched,4096,512,1,512,705444,512,647908,0,4,4,ok
1,5,nvhe,4,2130000,1418000,37000,37000,BIG=36000|MID=37000|usb_pwr_therm=29212|btmspkr_therm=29212|disp_therm=29101|north_therm=30281|soc_therm=32974|battery=29900|battery_cycle=5|dc-mains=34000|usbc-therm-adc=340|max77779fg=29900|LITTLE=36000|soc=0|smpl_gm=0|vdroop1=0|batoilo=0|batoilo2=0|batt_vs=29898|mdis_morepower=0|thb_hda=51|cp_on_chip_0=33000|cp_on_chip_1=34000|G3D=35000|cp_on_chip_2=35000|cp_on_chip_3=33000|cp_on_chip_4=33000|rf2_therm=31000|rf1_therm=32000|ISP=34000|TPU=35000|AUR=35000|rfpa_therm=31015|quiet_therm=31483|charging_therm=33041|,BIG=36000|MID=37000|usb_pwr_therm=29212|btmspkr_therm=29212|disp_therm=29101|north_therm=30281|soc_therm=32974|battery=29900|battery_cycle=5|dc-mains=34000|usbc-therm-adc=340|max77779fg=29900|LITTLE=37000|soc=0|smpl_gm=0|vdroop1=0|batoilo=0|batoilo2=0|batt_vs=29898|mdis_morepower=0|thb_hda=51|cp_on_chip_0=33000|cp_on_chip_1=34000|G3D=35000|cp_on_chip_2=35000|cp_on_chip_3=33000|cp_on_chip_4=33000|rf2_therm=31000|rf1_therm=32000|ISP=34000|TPU=35000|AUR=35000|rfpa_therm=31015|quiet_therm=31483|charging_therm=33041|,ok,1,single,touched,4096,512,2,512,755575,512,716593,0,4,4,ok
1,5,nvhe,4,2130000,1418000,37000,37000,BIG=36000|MID=37000|usb_pwr_therm=29212|btmspkr_therm=29212|disp_therm=29101|north_therm=30281|soc_therm=32974|battery=29900|battery_cycle=5|dc-mains=34000|usbc-therm-adc=340|max77779fg=29900|LITTLE=36000|soc=0|smpl_gm=0|vdroop1=0|batoilo=0|batoilo2=0|batt_vs=29898|mdis_morepower=0|thb_hda=51|cp_on_chip_0=33000|cp_on_chip_1=34000|G3D=35000|cp_on_chip_2=35000|cp_on_chip_3=33000|cp_on_chip_4=33000|rf2_therm=31000|rf1_therm=32000|ISP=34000|TPU=35000|AUR=35000|rfpa_therm=31015|quiet_therm=31483|charging_therm=33041|,BIG=36000|MID=37000|usb_pwr_therm=29212|btmspkr_therm=29212|disp_therm=29101|north_therm=30281|soc_therm=32974|battery=29900|battery_cycle=5|dc-mains=34000|usbc-therm-adc=340|max77779fg=29900|LITTLE=37000|soc=0|smpl_gm=0|vdroop1=0|batoilo=0|batoilo2=0|batt_vs=29898|mdis_morepower=0|thb_hda=51|cp_on_chip_0=33000|cp_on_chip_1=34000|G3D=35000|cp_on_chip_2=35000|cp_on_chip_3=33000|cp_on_chip_4=33000|rf2_therm=31000|rf1_therm=32000|ISP=34000|TPU=35000|AUR=35000|rfpa_therm=31015|quiet_therm=31483|charging_therm=33041|,ok,1,single,touched,4096,512,3,512,679077,512,669840,0,4,4,ok
1,5,nvhe,4,2130000,1418000,37000,37000,BIG=36000|MID=37000|usb_pwr_therm=29212|btmspkr_therm=29212|disp_therm=29101|north_therm=30281|soc_therm=32974|battery=29900|battery_cycle=5|dc-mains=34000|usbc-therm-adc=340|max77779fg=29900|LITTLE=36000|soc=0|smpl_gm=0|vdroop1=0|batoilo=0|batoilo2=0|batt_vs=29898|mdis_morepower=0|thb_hda=51|cp_on_chip_0=33000|cp_on_chip_1=34000|G3D=35000|cp_on_chip_2=35000|cp_on_chip_3=33000|cp_on_chip_4=33000|rf2_therm=31000|rf1_therm=32000|ISP=34000|TPU=35000|AUR=35000|rfpa_therm=31015|quiet_therm=31483|charging_therm=33041|,BIG=36000|MID=37000|usb_pwr_therm=29212|btmspkr_therm=29212|disp_therm=29101|north_therm=30281|soc_therm=32974|battery=29900|battery_cycle=5|dc-mains=34000|usbc-therm-adc=340|max77779fg=29900|LITTLE=37000|soc=0|smpl_gm=0|vdroop1=0|batoilo=0|batoilo2=0|batt_vs=29898|mdis_morepower=0|thb_hda=51|cp_on_chip_0=33000|cp_on_chip_1=34000|G3D=35000|cp_on_chip_2=35000|cp_on_chip_3=33000|cp_on_chip_4=33000|rf2_therm=31000|rf1_therm=32000|ISP=34000|TPU=35000|AUR=35000|rfpa_therm=31015|quiet_therm=31483|charging_therm=33041|,ok,1,single,touched,4096,512,4,512,676758,512,640462,0,4,4,ok
1,5,nvhe,4,2130000,1418000,37000,37000,BIG=36000|MID=37000|usb_pwr_therm=29212|btmspkr_therm=29212|disp_therm=29101|north_therm=30281|soc_therm=32974|battery=29900|battery_cycle=5|dc-mains=34000|usbc-therm-adc=340|max77779fg=29900|LITTLE=36000|soc=0|smpl_gm=0|vdroop1=0|batoilo=0|batoilo2=0|batt_vs=29898|mdis_morepower=0|thb_hda=51|cp_on_chip_0=33000|cp_on_chip_1=34000|G3D=35000|cp_on_chip_2=35000|cp_on_chip_3=33000|cp_on_chip_4=33000|rf2_therm=31000|rf1_therm=32000|ISP=34000|TPU=35000|AUR=35000|rfpa_therm=31015|quiet_therm=31483|charging_therm=33041|,BIG=36000|MID=37000|usb_pwr_therm=29212|btmspkr_therm=29212|disp_therm=29101|north_therm=30281|soc_therm=32974|battery=29900|battery_cycle=5|dc-mains=34000|usbc-therm-adc=340|max77779fg=29900|LITTLE=37000|soc=0|smpl_gm=0|vdroop1=0|batoilo=0|batoilo2=0|batt_vs=29898|mdis_morepower=0|thb_hda=51|cp_on_chip_0=33000|cp_on_chip_1=34000|G3D=35000|cp_on_chip_2=35000|cp_on_chip_3=33000|cp_on_chip_4=33000|rf2_therm=31000|rf1_therm=32000|ISP=34000|TPU=35000|AUR=35000|rfpa_therm=31015|quiet_therm=31483|charging_therm=33041|,ok,1,single,touched,4096,512,5,512,707275,512,671550,0,4,4,ok
1,5,nvhe,4,2130000,1418000,37000,37000,BIG=36000|MID=37000|usb_pwr_therm=29212|btmspkr_therm=29212|disp_therm=29101|north_therm=30281|soc_therm=32974|battery=29900|battery_cycle=5|dc-mains=34000|usbc-therm-adc=340|max77779fg=29900|LITTLE=36000|soc=0|smpl_gm=0|vdroop1=0|batoilo=0|batoilo2=0|batt_vs=29898|mdis_morepower=0|thb_hda=51|cp_on_chip_0=33000|cp_on_chip_1=34000|G3D=35000|cp_on_chip_2=35000|cp_on_chip_3=33000|cp_on_chip_4=33000|rf2_therm=31000|rf1_therm=32000|ISP=34000|TPU=35000|AUR=35000|rfpa_therm=31015|quiet_therm=31483|charging_therm=33041|,BIG=36000|MID=37000|usb_pwr_therm=29212|btmspkr_therm=29212|disp_therm=29101|north_therm=30281|soc_therm=32974|battery=29900|battery_cycle=5|dc-mains=34000|usbc-therm-adc=340|max77779fg=29900|LITTLE=37000|soc=0|smpl_gm=0|vdroop1=0|batoilo=0|batoilo2=0|batt_vs=29898|mdis_morepower=0|thb_hda=51|cp_on_chip_0=33000|cp_on_chip_1=34000|G3D=35000|cp_on_chip_2=35000|cp_on_chip_3=33000|cp_on_chip_4=33000|rf2_therm=31000|rf1_therm=32000|ISP=34000|TPU=35000|AUR=35000|rfpa_therm=31015|quiet_therm=31483|charging_therm=33041|,ok,1,single,touched,4096,512,6,512,676799,512,645548,0,4,4,ok
1,5,nvhe,4,2130000,1418000,37000,37000,BIG=36000|MID=37000|usb_pwr_therm=29212|btmspkr_therm=29212|disp_therm=29101|north_therm=30281|soc_therm=32974|battery=29900|battery_cycle=5|dc-mains=34000|usbc-therm-adc=340|max77779fg=29900|LITTLE=36000|soc=0|smpl_gm=0|vdroop1=0|batoilo=0|batoilo2=0|batt_vs=29898|mdis_morepower=0|thb_hda=51|cp_on_chip_0=33000|cp_on_chip_1=34000|G3D=35000|cp_on_chip_2=35000|cp_on_chip_3=33000|cp_on_chip_4=33000|rf2_therm=31000|rf1_therm=32000|ISP=34000|TPU=35000|AUR=35000|rfpa_therm=31015|quiet_therm=31483|charging_therm=33041|,BIG=36000|MID=37000|usb_pwr_therm=29212|btmspkr_therm=29212|disp_therm=29101|north_therm=30281|soc_therm=32974|battery=29900|battery_cycle=5|dc-mains=34000|usbc-therm-adc=340|max77779fg=29900|LITTLE=37000|soc=0|smpl_gm=0|vdroop1=0|batoilo=0|batoilo2=0|batt_vs=29898|mdis_morepower=0|thb_hda=51|cp_on_chip_0=33000|cp_on_chip_1=34000|G3D=35000|cp_on_chip_2=35000|cp_on_chip_3=33000|cp_on_chip_4=33000|rf2_therm=31000|rf1_therm=32000|ISP=34000|TPU=35000|AUR=35000|rfpa_therm=31015|quiet_therm=31483|charging_therm=33041|,ok,1,single,touched,4096,512,7,512,682739,512,644450,0,4,4,ok
1,5,nvhe,4,2130000,1418000,37000,37000,BIG=36000|MID=37000|usb_pwr_therm=29212|btmspkr_therm=29212|disp_therm=29101|north_therm=30281|soc_therm=32974|battery=29900|battery_cycle=5|dc-mains=34000|usbc-therm-adc=340|max77779fg=29900|LITTLE=36000|soc=0|smpl_gm=0|vdroop1=0|batoilo=0|batoilo2=0|batt_vs=29898|mdis_morepower=0|thb_hda=51|cp_on_chip_0=33000|cp_on_chip_1=34000|G3D=35000|cp_on_chip_2=35000|cp_on_chip_3=33000|cp_on_chip_4=33000|rf2_therm=31000|rf1_therm=32000|ISP=34000|TPU=35000|AUR=35000|rfpa_therm=31015|quiet_therm=31483|charging_therm=33041|,BIG=36000|MID=37000|usb_pwr_therm=29212|btmspkr_therm=29212|disp_therm=29101|north_therm=30281|soc_therm=32974|battery=29900|battery_cycle=5|dc-mains=34000|usbc-therm-adc=340|max77779fg=29900|LITTLE=37000|soc=0|smpl_gm=0|vdroop1=0|batoilo=0|batoilo2=0|batt_vs=29898|mdis_morepower=0|thb_hda=51|cp_on_chip_0=33000|cp_on_chip_1=34000|G3D=35000|cp_on_chip_2=35000|cp_on_chip_3=33000|cp_on_chip_4=33000|rf2_therm=31000|rf1_therm=32000|ISP=34000|TPU=35000|AUR=35000|rfpa_therm=31015|quiet_therm=31483|charging_therm=33041|,ok,1,single,touched,4096,512,8,512,728923,512,638306,0,4,4,ok
1,5,nvhe,4,2130000,1418000,37000,37000,BIG=36000|MID=37000|usb_pwr_therm=29212|btmspkr_therm=29212|disp_therm=29101|north_therm=30281|soc_therm=32974|battery=29900|battery_cycle=5|dc-mains=34000|usbc-therm-adc=340|max77779fg=29900|LITTLE=36000|soc=0|smpl_gm=0|vdroop1=0|batoilo=0|batoilo2=0|batt_vs=29898|mdis_morepower=0|thb_hda=51|cp_on_chip_0=33000|cp_on_chip_1=34000|G3D=35000|cp_on_chip_2=35000|cp_on_chip_3=33000|cp_on_chip_4=33000|rf2_therm=31000|rf1_therm=32000|ISP=34000|TPU=35000|AUR=35000|rfpa_therm=31015|quiet_therm=31483|charging_therm=33041|,BIG=36000|MID=37000|usb_pwr_therm=29212|btmspkr_therm=29212|disp_therm=29101|north_therm=30281|soc_therm=32974|battery=29900|battery_cycle=5|dc-mains=34000|usbc-therm-adc=340|max77779fg=29900|LITTLE=37000|soc=0|smpl_gm=0|vdroop1=0|batoilo=0|batoilo2=0|batt_vs=29898|mdis_morepower=0|thb_hda=51|cp_on_chip_0=33000|cp_on_chip_1=34000|G3D=35000|cp_on_chip_2=35000|cp_on_chip_3=33000|cp_on_chip_4=33000|rf2_therm=31000|rf1_therm=32000|ISP=34000|TPU=35000|AUR=35000|rfpa_therm=31015|quiet_therm=31483|charging_therm=33041|,ok,1,single,touched,4096,512,9,512,600871,512,580282,0,4,4,ok
1,6,nvhe,4,1795000,578000,37000,37000,BIG=36000|MID=37000|usb_pwr_therm=29235|btmspkr_therm=29235|disp_therm=29145|north_therm=30281|soc_therm=33085|battery=29900|battery_cycle=5|dc-mains=34000|usbc-therm-adc=340|max77779fg=29900|LITTLE=36000|soc=0|smpl_gm=0|vdroop1=0|batoilo=0|batoilo2=0|batt_vs=29897|mdis_morepower=0|thb_hda=51|cp_on_chip_0=33000|cp_on_chip_1=34000|G3D=35000|cp_on_chip_2=35000|cp_on_chip_3=33000|cp_on_chip_4=33000|rf2_therm=31000|rf1_therm=32000|ISP=34000|TPU=35000|AUR=35000|rfpa_therm=31038|quiet_therm=31550|charging_therm=33130|,BIG=36000|MID=37000|usb_pwr_therm=29235|btmspkr_therm=29235|disp_therm=29145|north_therm=30281|soc_therm=33085|battery=29900|battery_cycle=5|dc-mains=34000|usbc-therm-adc=340|max77779fg=29900|LITTLE=37000|soc=0|smpl_gm=0|vdroop1=0|batoilo=0|batoilo2=0|batt_vs=29898|mdis_morepower=0|thb_hda=51|cp_on_chip_0=33000|cp_on_chip_1=34000|G3D=35000|cp_on_chip_2=35000|cp_on_chip_3=33000|cp_on_chip_4=33000|rf2_therm=31000|rf1_therm=32000|ISP=34000|TPU=35000|AUR=35000|rfpa_therm=31038|quiet_therm=31550|charging_therm=33219|,ok,1,batched,touched,4096,512,0,1,2477661,512,200562,0,4,4,ok
1,6,nvhe,4,1795000,578000,37000,37000,BIG=36000|MID=37000|usb_pwr_therm=29235|btmspkr_therm=29235|disp_therm=29145|north_therm=30281|soc_therm=33085|battery=29900|battery_cycle=5|dc-mains=34000|usbc-therm-adc=340|max77779fg=29900|LITTLE=36000|soc=0|smpl_gm=0|vdroop1=0|batoilo=0|batoilo2=0|batt_vs=29897|mdis_morepower=0|thb_hda=51|cp_on_chip_0=33000|cp_on_chip_1=34000|G3D=35000|cp_on_chip_2=35000|cp_on_chip_3=33000|cp_on_chip_4=33000|rf2_therm=31000|rf1_therm=32000|ISP=34000|TPU=35000|AUR=35000|rfpa_therm=31038|quiet_therm=31550|charging_therm=33130|,BIG=36000|MID=37000|usb_pwr_therm=29235|btmspkr_therm=29235|disp_therm=29145|north_therm=30281|soc_therm=33085|battery=29900|battery_cycle=5|dc-mains=34000|usbc-therm-adc=340|max77779fg=29900|LITTLE=37000|soc=0|smpl_gm=0|vdroop1=0|batoilo=0|batoilo2=0|batt_vs=29898|mdis_morepower=0|thb_hda=51|cp_on_chip_0=33000|cp_on_chip_1=34000|G3D=35000|cp_on_chip_2=35000|cp_on_chip_3=33000|cp_on_chip_4=33000|rf2_therm=31000|rf1_therm=32000|ISP=34000|TPU=35000|AUR=35000|rfpa_therm=31038|quiet_therm=31550|charging_therm=33219|,ok,1,batched,touched,4096,512,1,1,1692220,512,172200,0,4,4,ok
1,6,nvhe,4,1795000,578000,37000,37000,BIG=36000|MID=37000|usb_pwr_therm=29235|btmspkr_therm=29235|disp_therm=29145|north_therm=30281|soc_therm=33085|battery=29900|battery_cycle=5|dc-mains=34000|usbc-therm-adc=340|max77779fg=29900|LITTLE=36000|soc=0|smpl_gm=0|vdroop1=0|batoilo=0|batoilo2=0|batt_vs=29897|mdis_morepower=0|thb_hda=51|cp_on_chip_0=33000|cp_on_chip_1=34000|G3D=35000|cp_on_chip_2=35000|cp_on_chip_3=33000|cp_on_chip_4=33000|rf2_therm=31000|rf1_therm=32000|ISP=34000|TPU=35000|AUR=35000|rfpa_therm=31038|quiet_therm=31550|charging_therm=33130|,BIG=36000|MID=37000|usb_pwr_therm=29235|btmspkr_therm=29235|disp_therm=29145|north_therm=30281|soc_therm=33085|battery=29900|battery_cycle=5|dc-mains=34000|usbc-therm-adc=340|max77779fg=29900|LITTLE=37000|soc=0|smpl_gm=0|vdroop1=0|batoilo=0|batoilo2=0|batt_vs=29898|mdis_morepower=0|thb_hda=51|cp_on_chip_0=33000|cp_on_chip_1=34000|G3D=35000|cp_on_chip_2=35000|cp_on_chip_3=33000|cp_on_chip_4=33000|rf2_therm=31000|rf1_therm=32000|ISP=34000|TPU=35000|AUR=35000|rfpa_therm=31038|quiet_therm=31550|charging_therm=33219|,ok,1,batched,touched,4096,512,2,1,1704631,512,172404,0,4,4,ok
1,6,nvhe,4,1795000,578000,37000,37000,BIG=36000|MID=37000|usb_pwr_therm=29235|btmspkr_therm=29235|disp_therm=29145|north_therm=30281|soc_therm=33085|battery=29900|battery_cycle=5|dc-mains=34000|usbc-therm-adc=340|max77779fg=29900|LITTLE=36000|soc=0|smpl_gm=0|vdroop1=0|batoilo=0|batoilo2=0|batt_vs=29897|mdis_morepower=0|thb_hda=51|cp_on_chip_0=33000|cp_on_chip_1=34000|G3D=35000|cp_on_chip_2=35000|cp_on_chip_3=33000|cp_on_chip_4=33000|rf2_therm=31000|rf1_therm=32000|ISP=34000|TPU=35000|AUR=35000|rfpa_therm=31038|quiet_therm=31550|charging_therm=33130|,BIG=36000|MID=37000|usb_pwr_therm=29235|btmspkr_therm=29235|disp_therm=29145|north_therm=30281|soc_therm=33085|battery=29900|battery_cycle=5|dc-mains=34000|usbc-therm-adc=340|max77779fg=29900|LITTLE=37000|soc=0|smpl_gm=0|vdroop1=0|batoilo=0|batoilo2=0|batt_vs=29898|mdis_morepower=0|thb_hda=51|cp_on_chip_0=33000|cp_on_chip_1=34000|G3D=35000|cp_on_chip_2=35000|cp_on_chip_3=33000|cp_on_chip_4=33000|rf2_therm=31000|rf1_therm=32000|ISP=34000|TPU=35000|AUR=35000|rfpa_therm=31038|quiet_therm=31550|charging_therm=33219|,ok,1,batched,touched,4096,512,3,1,1653646,512,171509,0,4,4,ok
1,6,nvhe,4,1795000,578000,37000,37000,BIG=36000|MID=37000|usb_pwr_therm=29235|btmspkr_therm=29235|disp_therm=29145|north_therm=30281|soc_therm=33085|battery=29900|battery_cycle=5|dc-mains=34000|usbc-therm-adc=340|max77779fg=29900|LITTLE=36000|soc=0|smpl_gm=0|vdroop1=0|batoilo=0|batoilo2=0|batt_vs=29897|mdis_morepower=0|thb_hda=51|cp_on_chip_0=33000|cp_on_chip_1=34000|G3D=35000|cp_on_chip_2=35000|cp_on_chip_3=33000|cp_on_chip_4=33000|rf2_therm=31000|rf1_therm=32000|ISP=34000|TPU=35000|AUR=35000|rfpa_therm=31038|quiet_therm=31550|charging_therm=33130|,BIG=36000|MID=37000|usb_pwr_therm=29235|btmspkr_therm=29235|disp_therm=29145|north_therm=30281|soc_therm=33085|battery=29900|battery_cycle=5|dc-mains=34000|usbc-therm-adc=340|max77779fg=29900|LITTLE=37000|soc=0|smpl_gm=0|vdroop1=0|batoilo=0|batoilo2=0|batt_vs=29898|mdis_morepower=0|thb_hda=51|cp_on_chip_0=33000|cp_on_chip_1=34000|G3D=35000|cp_on_chip_2=35000|cp_on_chip_3=33000|cp_on_chip_4=33000|rf2_therm=31000|rf1_therm=32000|ISP=34000|TPU=35000|AUR=35000|rfpa_therm=31038|quiet_therm=31550|charging_therm=33219|,ok,1,batched,touched,4096,512,4,1,1711874,512,171224,0,4,4,ok
1,6,nvhe,4,1795000,578000,37000,37000,BIG=36000|MID=37000|usb_pwr_therm=29235|btmspkr_therm=29235|disp_therm=29145|north_therm=30281|soc_therm=33085|battery=29900|battery_cycle=5|dc-mains=34000|usbc-therm-adc=340|max77779fg=29900|LITTLE=36000|soc=0|smpl_gm=0|vdroop1=0|batoilo=0|batoilo2=0|batt_vs=29897|mdis_morepower=0|thb_hda=51|cp_on_chip_0=33000|cp_on_chip_1=34000|G3D=35000|cp_on_chip_2=35000|cp_on_chip_3=33000|cp_on_chip_4=33000|rf2_therm=31000|rf1_therm=32000|ISP=34000|TPU=35000|AUR=35000|rfpa_therm=31038|quiet_therm=31550|charging_therm=33130|,BIG=36000|MID=37000|usb_pwr_therm=29235|btmspkr_therm=29235|disp_therm=29145|north_therm=30281|soc_therm=33085|battery=29900|battery_cycle=5|dc-mains=34000|usbc-therm-adc=340|max77779fg=29900|LITTLE=37000|soc=0|smpl_gm=0|vdroop1=0|batoilo=0|batoilo2=0|batt_vs=29898|mdis_morepower=0|thb_hda=51|cp_on_chip_0=33000|cp_on_chip_1=34000|G3D=35000|cp_on_chip_2=35000|cp_on_chip_3=33000|cp_on_chip_4=33000|rf2_therm=31000|rf1_therm=32000|ISP=34000|TPU=35000|AUR=35000|rfpa_therm=31038|quiet_therm=31550|charging_therm=33219|,ok,1,batched,touched,4096,512,5,1,1660360,512,170695,0,4,4,ok
1,6,nvhe,4,1795000,578000,37000,37000,BIG=36000|MID=37000|usb_pwr_therm=29235|btmspkr_therm=29235|disp_therm=29145|north_therm=30281|soc_therm=33085|battery=29900|battery_cycle=5|dc-mains=34000|usbc-therm-adc=340|max77779fg=29900|LITTLE=36000|soc=0|smpl_gm=0|vdroop1=0|batoilo=0|batoilo2=0|batt_vs=29897|mdis_morepower=0|thb_hda=51|cp_on_chip_0=33000|cp_on_chip_1=34000|G3D=35000|cp_on_chip_2=35000|cp_on_chip_3=33000|cp_on_chip_4=33000|rf2_therm=31000|rf1_therm=32000|ISP=34000|TPU=35000|AUR=35000|rfpa_therm=31038|quiet_therm=31550|charging_therm=33130|,BIG=36000|MID=37000|usb_pwr_therm=29235|btmspkr_therm=29235|disp_therm=29145|north_therm=30281|soc_therm=33085|battery=29900|battery_cycle=5|dc-mains=34000|usbc-therm-adc=340|max77779fg=29900|LITTLE=37000|soc=0|smpl_gm=0|vdroop1=0|batoilo=0|batoilo2=0|batt_vs=29898|mdis_morepower=0|thb_hda=51|cp_on_chip_0=33000|cp_on_chip_1=34000|G3D=35000|cp_on_chip_2=35000|cp_on_chip_3=33000|cp_on_chip_4=33000|rf2_therm=31000|rf1_therm=32000|ISP=34000|TPU=35000|AUR=35000|rfpa_therm=31038|quiet_therm=31550|charging_therm=33219|,ok,1,batched,touched,4096,512,6,1,1683146,512,154541,0,4,4,ok
1,6,nvhe,4,1795000,578000,37000,37000,BIG=36000|MID=37000|usb_pwr_therm=29235|btmspkr_therm=29235|disp_therm=29145|north_therm=30281|soc_therm=33085|battery=29900|battery_cycle=5|dc-mains=34000|usbc-therm-adc=340|max77779fg=29900|LITTLE=36000|soc=0|smpl_gm=0|vdroop1=0|batoilo=0|batoilo2=0|batt_vs=29897|mdis_morepower=0|thb_hda=51|cp_on_chip_0=33000|cp_on_chip_1=34000|G3D=35000|cp_on_chip_2=35000|cp_on_chip_3=33000|cp_on_chip_4=33000|rf2_therm=31000|rf1_therm=32000|ISP=34000|TPU=35000|AUR=35000|rfpa_therm=31038|quiet_therm=31550|charging_therm=33130|,BIG=36000|MID=37000|usb_pwr_therm=29235|btmspkr_therm=29235|disp_therm=29145|north_therm=30281|soc_therm=33085|battery=29900|battery_cycle=5|dc-mains=34000|usbc-therm-adc=340|max77779fg=29900|LITTLE=37000|soc=0|smpl_gm=0|vdroop1=0|batoilo=0|batoilo2=0|batt_vs=29898|mdis_morepower=0|thb_hda=51|cp_on_chip_0=33000|cp_on_chip_1=34000|G3D=35000|cp_on_chip_2=35000|cp_on_chip_3=33000|cp_on_chip_4=33000|rf2_therm=31000|rf1_therm=32000|ISP=34000|TPU=35000|AUR=35000|rfpa_therm=31038|quiet_therm=31550|charging_therm=33219|,ok,1,batched,touched,4096,512,7,1,1501871,512,152914,0,4,4,ok
1,6,nvhe,4,1795000,578000,37000,37000,BIG=36000|MID=37000|usb_pwr_therm=29235|btmspkr_therm=29235|disp_therm=29145|north_therm=30281|soc_therm=33085|battery=29900|battery_cycle=5|dc-mains=34000|usbc-therm-adc=340|max77779fg=29900|LITTLE=36000|soc=0|smpl_gm=0|vdroop1=0|batoilo=0|batoilo2=0|batt_vs=29897|mdis_morepower=0|thb_hda=51|cp_on_chip_0=33000|cp_on_chip_1=34000|G3D=35000|cp_on_chip_2=35000|cp_on_chip_3=33000|cp_on_chip_4=33000|rf2_therm=31000|rf1_therm=32000|ISP=34000|TPU=35000|AUR=35000|rfpa_therm=31038|quiet_therm=31550|charging_therm=33130|,BIG=36000|MID=37000|usb_pwr_therm=29235|btmspkr_therm=29235|disp_therm=29145|north_therm=30281|soc_therm=33085|battery=29900|battery_cycle=5|dc-mains=34000|usbc-therm-adc=340|max77779fg=29900|LITTLE=37000|soc=0|smpl_gm=0|vdroop1=0|batoilo=0|batoilo2=0|batt_vs=29898|mdis_morepower=0|thb_hda=51|cp_on_chip_0=33000|cp_on_chip_1=34000|G3D=35000|cp_on_chip_2=35000|cp_on_chip_3=33000|cp_on_chip_4=33000|rf2_therm=31000|rf1_therm=32000|ISP=34000|TPU=35000|AUR=35000|rfpa_therm=31038|quiet_therm=31550|charging_therm=33219|,ok,1,batched,touched,4096,512,8,1,1554240,512,162354,0,4,4,ok
1,6,nvhe,4,1795000,578000,37000,37000,BIG=36000|MID=37000|usb_pwr_therm=29235|btmspkr_therm=29235|disp_therm=29145|north_therm=30281|soc_therm=33085|battery=29900|battery_cycle=5|dc-mains=34000|usbc-therm-adc=340|max77779fg=29900|LITTLE=36000|soc=0|smpl_gm=0|vdroop1=0|batoilo=0|batoilo2=0|batt_vs=29897|mdis_morepower=0|thb_hda=51|cp_on_chip_0=33000|cp_on_chip_1=34000|G3D=35000|cp_on_chip_2=35000|cp_on_chip_3=33000|cp_on_chip_4=33000|rf2_therm=31000|rf1_therm=32000|ISP=34000|TPU=35000|AUR=35000|rfpa_therm=31038|quiet_therm=31550|charging_therm=33130|,BIG=36000|MID=37000|usb_pwr_therm=29235|btmspkr_therm=29235|disp_therm=29145|north_therm=30281|soc_therm=33085|battery=29900|battery_cycle=5|dc-mains=34000|usbc-therm-adc=340|max77779fg=29900|LITTLE=37000|soc=0|smpl_gm=0|vdroop1=0|batoilo=0|batoilo2=0|batt_vs=29898|mdis_morepower=0|thb_hda=51|cp_on_chip_0=33000|cp_on_chip_1=34000|G3D=35000|cp_on_chip_2=35000|cp_on_chip_3=33000|cp_on_chip_4=33000|rf2_therm=31000|rf1_therm=32000|ISP=34000|TPU=35000|AUR=35000|rfpa_therm=31038|quiet_therm=31550|charging_therm=33219|,ok,1,batched,touched,4096,512,9,1,1254354,512,128337,0,4,4,ok
1,7,nvhe,4,1795000,578000,36000,41000,BIG=36000|MID=36000|usb_pwr_therm=29257|btmspkr_therm=29235|disp_therm=29168|north_therm=30281|soc_therm=33197|battery=29900|battery_cycle=5|dc-mains=34000|usbc-therm-adc=340|max77779fg=29900|LITTLE=36000|soc=0|smpl_gm=0|vdroop1=0|batoilo=0|batoilo2=0|batt_vs=29897|mdis_morepower=0|thb_hda=51|cp_on_chip_0=33000|cp_on_chip_1=34000|G3D=35000|cp_on_chip_2=35000|cp_on_chip_3=33000|cp_on_chip_4=33000|rf2_therm=31000|rf1_therm=32000|ISP=34000|TPU=35000|AUR=35000|rfpa_therm=31060|quiet_therm=31616|charging_therm=33219|,BIG=36000|MID=37000|usb_pwr_therm=29257|btmspkr_therm=29235|disp_therm=29168|north_therm=30281|soc_therm=33197|battery=29900|battery_cycle=5|dc-mains=34000|usbc-therm-adc=340|max77779fg=29900|LITTLE=36000|soc=0|smpl_gm=0|vdroop1=0|batoilo=0|batoilo2=0|batt_vs=29898|mdis_morepower=0|thb_hda=51|cp_on_chip_0=33000|cp_on_chip_1=34000|G3D=35000|cp_on_chip_2=35000|cp_on_chip_3=33000|cp_on_chip_4=33000|rf2_therm=31000|rf1_therm=32000|ISP=35000|TPU=36000|AUR=35000|rfpa_therm=31082|quiet_therm=31661|charging_therm=33286|,thermal_rise,1,batched,untouched,4096,512,0,1,36540,0,6795,0,4,4,ok
1,7,nvhe,4,1795000,578000,36000,41000,BIG=36000|MID=36000|usb_pwr_therm=29257|btmspkr_therm=29235|disp_therm=29168|north_therm=30281|soc_therm=33197|battery=29900|battery_cycle=5|dc-mains=34000|usbc-therm-adc=340|max77779fg=29900|LITTLE=36000|soc=0|smpl_gm=0|vdroop1=0|batoilo=0|batoilo2=0|batt_vs=29897|mdis_morepower=0|thb_hda=51|cp_on_chip_0=33000|cp_on_chip_1=34000|G3D=35000|cp_on_chip_2=35000|cp_on_chip_3=33000|cp_on_chip_4=33000|rf2_therm=31000|rf1_therm=32000|ISP=34000|TPU=35000|AUR=35000|rfpa_therm=31060|quiet_therm=31616|charging_therm=33219|,BIG=36000|MID=37000|usb_pwr_therm=29257|btmspkr_therm=29235|disp_therm=29168|north_therm=30281|soc_therm=33197|battery=29900|battery_cycle=5|dc-mains=34000|usbc-therm-adc=340|max77779fg=29900|LITTLE=36000|soc=0|smpl_gm=0|vdroop1=0|batoilo=0|batoilo2=0|batt_vs=29898|mdis_morepower=0|thb_hda=51|cp_on_chip_0=33000|cp_on_chip_1=34000|G3D=35000|cp_on_chip_2=35000|cp_on_chip_3=33000|cp_on_chip_4=33000|rf2_therm=31000|rf1_therm=32000|ISP=35000|TPU=36000|AUR=35000|rfpa_therm=31082|quiet_therm=31661|charging_therm=33286|,thermal_rise,1,batched,untouched,4096,512,1,1,16072,0,2320,0,4,4,ok
1,7,nvhe,4,1795000,578000,36000,41000,BIG=36000|MID=36000|usb_pwr_therm=29257|btmspkr_therm=29235|disp_therm=29168|north_therm=30281|soc_therm=33197|battery=29900|battery_cycle=5|dc-mains=34000|usbc-therm-adc=340|max77779fg=29900|LITTLE=36000|soc=0|smpl_gm=0|vdroop1=0|batoilo=0|batoilo2=0|batt_vs=29897|mdis_morepower=0|thb_hda=51|cp_on_chip_0=33000|cp_on_chip_1=34000|G3D=35000|cp_on_chip_2=35000|cp_on_chip_3=33000|cp_on_chip_4=33000|rf2_therm=31000|rf1_therm=32000|ISP=34000|TPU=35000|AUR=35000|rfpa_therm=31060|quiet_therm=31616|charging_therm=33219|,BIG=36000|MID=37000|usb_pwr_therm=29257|btmspkr_therm=29235|disp_therm=29168|north_therm=30281|soc_therm=33197|battery=29900|battery_cycle=5|dc-mains=34000|usbc-therm-adc=340|max77779fg=29900|LITTLE=36000|soc=0|smpl_gm=0|vdroop1=0|batoilo=0|batoilo2=0|batt_vs=29898|mdis_morepower=0|thb_hda=51|cp_on_chip_0=33000|cp_on_chip_1=34000|G3D=35000|cp_on_chip_2=35000|cp_on_chip_3=33000|cp_on_chip_4=33000|rf2_therm=31000|rf1_therm=32000|ISP=35000|TPU=36000|AUR=35000|rfpa_therm=31082|quiet_therm=31661|charging_therm=33286|,thermal_rise,1,batched,untouched,4096,512,2,1,12085,0,2319,0,4,4,ok
1,7,nvhe,4,1795000,578000,36000,41000,BIG=36000|MID=36000|usb_pwr_therm=29257|btmspkr_therm=29235|disp_therm=29168|north_therm=30281|soc_therm=33197|battery=29900|battery_cycle=5|dc-mains=34000|usbc-therm-adc=340|max77779fg=29900|LITTLE=36000|soc=0|smpl_gm=0|vdroop1=0|batoilo=0|batoilo2=0|batt_vs=29897|mdis_morepower=0|thb_hda=51|cp_on_chip_0=33000|cp_on_chip_1=34000|G3D=35000|cp_on_chip_2=35000|cp_on_chip_3=33000|cp_on_chip_4=33000|rf2_therm=31000|rf1_therm=32000|ISP=34000|TPU=35000|AUR=35000|rfpa_therm=31060|quiet_therm=31616|charging_therm=33219|,BIG=36000|MID=37000|usb_pwr_therm=29257|btmspkr_therm=29235|disp_therm=29168|north_therm=30281|soc_therm=33197|battery=29900|battery_cycle=5|dc-mains=34000|usbc-therm-adc=340|max77779fg=29900|LITTLE=36000|soc=0|smpl_gm=0|vdroop1=0|batoilo=0|batoilo2=0|batt_vs=29898|mdis_morepower=0|thb_hda=51|cp_on_chip_0=33000|cp_on_chip_1=34000|G3D=35000|cp_on_chip_2=35000|cp_on_chip_3=33000|cp_on_chip_4=33000|rf2_therm=31000|rf1_therm=32000|ISP=35000|TPU=36000|AUR=35000|rfpa_therm=31082|quiet_therm=31661|charging_therm=33286|,thermal_rise,1,batched,untouched,4096,512,3,1,12288,0,2238,0,4,4,ok
1,7,nvhe,4,1795000,578000,36000,41000,BIG=36000|MID=36000|usb_pwr_therm=29257|btmspkr_therm=29235|disp_therm=29168|north_therm=30281|soc_therm=33197|battery=29900|battery_cycle=5|dc-mains=34000|usbc-therm-adc=340|max77779fg=29900|LITTLE=36000|soc=0|smpl_gm=0|vdroop1=0|batoilo=0|batoilo2=0|batt_vs=29897|mdis_morepower=0|thb_hda=51|cp_on_chip_0=33000|cp_on_chip_1=34000|G3D=35000|cp_on_chip_2=35000|cp_on_chip_3=33000|cp_on_chip_4=33000|rf2_therm=31000|rf1_therm=32000|ISP=34000|TPU=35000|AUR=35000|rfpa_therm=31060|quiet_therm=31616|charging_therm=33219|,BIG=36000|MID=37000|usb_pwr_therm=29257|btmspkr_therm=29235|disp_therm=29168|north_therm=30281|soc_therm=33197|battery=29900|battery_cycle=5|dc-mains=34000|usbc-therm-adc=340|max77779fg=29900|LITTLE=36000|soc=0|smpl_gm=0|vdroop1=0|batoilo=0|batoilo2=0|batt_vs=29898|mdis_morepower=0|thb_hda=51|cp_on_chip_0=33000|cp_on_chip_1=34000|G3D=35000|cp_on_chip_2=35000|cp_on_chip_3=33000|cp_on_chip_4=33000|rf2_therm=31000|rf1_therm=32000|ISP=35000|TPU=36000|AUR=35000|rfpa_therm=31082|quiet_therm=31661|charging_therm=33286|,thermal_rise,1,batched,untouched,4096,512,4,1,10742,0,1993,0,4,4,ok
1,7,nvhe,4,1795000,578000,36000,41000,BIG=36000|MID=36000|usb_pwr_therm=29257|btmspkr_therm=29235|disp_therm=29168|north_therm=30281|soc_therm=33197|battery=29900|battery_cycle=5|dc-mains=34000|usbc-therm-adc=340|max77779fg=29900|LITTLE=36000|soc=0|smpl_gm=0|vdroop1=0|batoilo=0|batoilo2=0|batt_vs=29897|mdis_morepower=0|thb_hda=51|cp_on_chip_0=33000|cp_on_chip_1=34000|G3D=35000|cp_on_chip_2=35000|cp_on_chip_3=33000|cp_on_chip_4=33000|rf2_therm=31000|rf1_therm=32000|ISP=34000|TPU=35000|AUR=35000|rfpa_therm=31060|quiet_therm=31616|charging_therm=33219|,BIG=36000|MID=37000|usb_pwr_therm=29257|btmspkr_therm=29235|disp_therm=29168|north_therm=30281|soc_therm=33197|battery=29900|battery_cycle=5|dc-mains=34000|usbc-therm-adc=340|max77779fg=29900|LITTLE=36000|soc=0|smpl_gm=0|vdroop1=0|batoilo=0|batoilo2=0|batt_vs=29898|mdis_morepower=0|thb_hda=51|cp_on_chip_0=33000|cp_on_chip_1=34000|G3D=35000|cp_on_chip_2=35000|cp_on_chip_3=33000|cp_on_chip_4=33000|rf2_therm=31000|rf1_therm=32000|ISP=35000|TPU=36000|AUR=35000|rfpa_therm=31082|quiet_therm=31661|charging_therm=33286|,thermal_rise,1,batched,untouched,4096,512,5,1,14282,0,2035,0,4,4,ok
1,7,nvhe,4,1795000,578000,36000,41000,BIG=36000|MID=36000|usb_pwr_therm=29257|btmspkr_therm=29235|disp_therm=29168|north_therm=30281|soc_therm=33197|battery=29900|battery_cycle=5|dc-mains=34000|usbc-therm-adc=340|max77779fg=29900|LITTLE=36000|soc=0|smpl_gm=0|vdroop1=0|batoilo=0|batoilo2=0|batt_vs=29897|mdis_morepower=0|thb_hda=51|cp_on_chip_0=33000|cp_on_chip_1=34000|G3D=35000|cp_on_chip_2=35000|cp_on_chip_3=33000|cp_on_chip_4=33000|rf2_therm=31000|rf1_therm=32000|ISP=34000|TPU=35000|AUR=35000|rfpa_therm=31060|quiet_therm=31616|charging_therm=33219|,BIG=36000|MID=37000|usb_pwr_therm=29257|btmspkr_therm=29235|disp_therm=29168|north_therm=30281|soc_therm=33197|battery=29900|battery_cycle=5|dc-mains=34000|usbc-therm-adc=340|max77779fg=29900|LITTLE=36000|soc=0|smpl_gm=0|vdroop1=0|batoilo=0|batoilo2=0|batt_vs=29898|mdis_morepower=0|thb_hda=51|cp_on_chip_0=33000|cp_on_chip_1=34000|G3D=35000|cp_on_chip_2=35000|cp_on_chip_3=33000|cp_on_chip_4=33000|rf2_therm=31000|rf1_therm=32000|ISP=35000|TPU=36000|AUR=35000|rfpa_therm=31082|quiet_therm=31661|charging_therm=33286|,thermal_rise,1,batched,untouched,4096,512,6,1,10742,0,2076,0,4,4,ok
1,7,nvhe,4,1795000,578000,36000,41000,BIG=36000|MID=36000|usb_pwr_therm=29257|btmspkr_therm=29235|disp_therm=29168|north_therm=30281|soc_therm=33197|battery=29900|battery_cycle=5|dc-mains=34000|usbc-therm-adc=340|max77779fg=29900|LITTLE=36000|soc=0|smpl_gm=0|vdroop1=0|batoilo=0|batoilo2=0|batt_vs=29897|mdis_morepower=0|thb_hda=51|cp_on_chip_0=33000|cp_on_chip_1=34000|G3D=35000|cp_on_chip_2=35000|cp_on_chip_3=33000|cp_on_chip_4=33000|rf2_therm=31000|rf1_therm=32000|ISP=34000|TPU=35000|AUR=35000|rfpa_therm=31060|quiet_therm=31616|charging_therm=33219|,BIG=36000|MID=37000|usb_pwr_therm=29257|btmspkr_therm=29235|disp_therm=29168|north_therm=30281|soc_therm=33197|battery=29900|battery_cycle=5|dc-mains=34000|usbc-therm-adc=340|max77779fg=29900|LITTLE=36000|soc=0|smpl_gm=0|vdroop1=0|batoilo=0|batoilo2=0|batt_vs=29898|mdis_morepower=0|thb_hda=51|cp_on_chip_0=33000|cp_on_chip_1=34000|G3D=35000|cp_on_chip_2=35000|cp_on_chip_3=33000|cp_on_chip_4=33000|rf2_therm=31000|rf1_therm=32000|ISP=35000|TPU=36000|AUR=35000|rfpa_therm=31082|quiet_therm=31661|charging_therm=33286|,thermal_rise,1,batched,untouched,4096,512,7,1,17904,0,2035,0,4,4,ok
1,7,nvhe,4,1795000,578000,36000,41000,BIG=36000|MID=36000|usb_pwr_therm=29257|btmspkr_therm=29235|disp_therm=29168|north_therm=30281|soc_therm=33197|battery=29900|battery_cycle=5|dc-mains=34000|usbc-therm-adc=340|max77779fg=29900|LITTLE=36000|soc=0|smpl_gm=0|vdroop1=0|batoilo=0|batoilo2=0|batt_vs=29897|mdis_morepower=0|thb_hda=51|cp_on_chip_0=33000|cp_on_chip_1=34000|G3D=35000|cp_on_chip_2=35000|cp_on_chip_3=33000|cp_on_chip_4=33000|rf2_therm=31000|rf1_therm=32000|ISP=34000|TPU=35000|AUR=35000|rfpa_therm=31060|quiet_therm=31616|charging_therm=33219|,BIG=36000|MID=37000|usb_pwr_therm=29257|btmspkr_therm=29235|disp_therm=29168|north_therm=30281|soc_therm=33197|battery=29900|battery_cycle=5|dc-mains=34000|usbc-therm-adc=340|max77779fg=29900|LITTLE=36000|soc=0|smpl_gm=0|vdroop1=0|batoilo=0|batoilo2=0|batt_vs=29898|mdis_morepower=0|thb_hda=51|cp_on_chip_0=33000|cp_on_chip_1=34000|G3D=35000|cp_on_chip_2=35000|cp_on_chip_3=33000|cp_on_chip_4=33000|rf2_therm=31000|rf1_therm=32000|ISP=35000|TPU=36000|AUR=35000|rfpa_therm=31082|quiet_therm=31661|charging_therm=33286|,thermal_rise,1,batched,untouched,4096,512,8,1,18921,0,2116,0,4,4,ok
1,7,nvhe,4,1795000,578000,36000,41000,BIG=36000|MID=36000|usb_pwr_therm=29257|btmspkr_therm=29235|disp_therm=29168|north_therm=30281|soc_therm=33197|battery=29900|battery_cycle=5|dc-mains=34000|usbc-therm-adc=340|max77779fg=29900|LITTLE=36000|soc=0|smpl_gm=0|vdroop1=0|batoilo=0|batoilo2=0|batt_vs=29897|mdis_morepower=0|thb_hda=51|cp_on_chip_0=33000|cp_on_chip_1=34000|G3D=35000|cp_on_chip_2=35000|cp_on_chip_3=33000|cp_on_chip_4=33000|rf2_therm=31000|rf1_therm=32000|ISP=34000|TPU=35000|AUR=35000|rfpa_therm=31060|quiet_therm=31616|charging_therm=33219|,BIG=36000|MID=37000|usb_pwr_therm=29257|btmspkr_therm=29235|disp_therm=29168|north_therm=30281|soc_therm=33197|battery=29900|battery_cycle=5|dc-mains=34000|usbc-therm-adc=340|max77779fg=29900|LITTLE=36000|soc=0|smpl_gm=0|vdroop1=0|batoilo=0|batoilo2=0|batt_vs=29898|mdis_morepower=0|thb_hda=51|cp_on_chip_0=33000|cp_on_chip_1=34000|G3D=35000|cp_on_chip_2=35000|cp_on_chip_3=33000|cp_on_chip_4=33000|rf2_therm=31000|rf1_therm=32000|ISP=35000|TPU=36000|AUR=35000|rfpa_therm=31082|quiet_therm=31661|charging_therm=33286|,thermal_rise,1,batched,untouched,4096,512,9,1,11353,0,2157,0,4,4,ok
1,8,nvhe,4,1795000,648000,38000,37000,BIG=36000|MID=37000|usb_pwr_therm=29279|btmspkr_therm=29257|disp_therm=29190|north_therm=30281|soc_therm=33286|battery=30000|battery_cycle=5|dc-mains=34000|usbc-therm-adc=340|max77779fg=30000|LITTLE=36000|soc=0|smpl_gm=0|vdroop1=0|batoilo=0|batoilo2=0|batt_vs=29997|mdis_morepower=0|thb_hda=51|cp_on_chip_0=33000|cp_on_chip_1=34000|G3D=35000|cp_on_chip_2=35000|cp_on_chip_3=33000|cp_on_chip_4=33000|rf2_therm=31000|rf1_therm=32000|ISP=34000|TPU=35000|AUR=35000|rfpa_therm=31082|quiet_therm=31661|charging_therm=33286|,BIG=37000|MID=37000|usb_pwr_therm=29279|btmspkr_therm=29279|disp_therm=29235|north_therm=30303|soc_therm=33375|battery=30000|battery_cycle=5|dc-mains=34000|usbc-therm-adc=340|max77779fg=30000|LITTLE=36000|soc=0|smpl_gm=0|vdroop1=0|batoilo=0|batoilo2=0|batt_vs=29997|mdis_morepower=0|thb_hda=51|cp_on_chip_0=33000|cp_on_chip_1=34000|G3D=36000|cp_on_chip_2=35000|cp_on_chip_3=33000|cp_on_chip_4=33000|rf2_therm=31000|rf1_therm=32000|ISP=35000|TPU=35000|AUR=35000|rfpa_therm=31127|quiet_therm=31705|charging_therm=33375|,ok,1,single,untouched,4096,2048,0,2048,6429,0,945272,0,4,4,ok
1,8,nvhe,4,1795000,648000,38000,37000,BIG=36000|MID=37000|usb_pwr_therm=29279|btmspkr_therm=29257|disp_therm=29190|north_therm=30281|soc_therm=33286|battery=30000|battery_cycle=5|dc-mains=34000|usbc-therm-adc=340|max77779fg=30000|LITTLE=36000|soc=0|smpl_gm=0|vdroop1=0|batoilo=0|batoilo2=0|batt_vs=29997|mdis_morepower=0|thb_hda=51|cp_on_chip_0=33000|cp_on_chip_1=34000|G3D=35000|cp_on_chip_2=35000|cp_on_chip_3=33000|cp_on_chip_4=33000|rf2_therm=31000|rf1_therm=32000|ISP=34000|TPU=35000|AUR=35000|rfpa_therm=31082|quiet_therm=31661|charging_therm=33286|,BIG=37000|MID=37000|usb_pwr_therm=29279|btmspkr_therm=29279|disp_therm=29235|north_therm=30303|soc_therm=33375|battery=30000|battery_cycle=5|dc-mains=34000|usbc-therm-adc=340|max77779fg=30000|LITTLE=36000|soc=0|smpl_gm=0|vdroop1=0|batoilo=0|batoilo2=0|batt_vs=29997|mdis_morepower=0|thb_hda=51|cp_on_chip_0=33000|cp_on_chip_1=34000|G3D=36000|cp_on_chip_2=35000|cp_on_chip_3=33000|cp_on_chip_4=33000|rf2_therm=31000|rf1_therm=32000|ISP=35000|TPU=35000|AUR=35000|rfpa_therm=31127|quiet_therm=31705|charging_therm=33375|,ok,1,single,untouched,4096,2048,1,2048,3662,0,944255,0,4,4,ok
1,8,nvhe,4,1795000,648000,38000,37000,BIG=36000|MID=37000|usb_pwr_therm=29279|btmspkr_therm=29257|disp_therm=29190|north_therm=30281|soc_therm=33286|battery=30000|battery_cycle=5|dc-mains=34000|usbc-therm-adc=340|max77779fg=30000|LITTLE=36000|soc=0|smpl_gm=0|vdroop1=0|batoilo=0|batoilo2=0|batt_vs=29997|mdis_morepower=0|thb_hda=51|cp_on_chip_0=33000|cp_on_chip_1=34000|G3D=35000|cp_on_chip_2=35000|cp_on_chip_3=33000|cp_on_chip_4=33000|rf2_therm=31000|rf1_therm=32000|ISP=34000|TPU=35000|AUR=35000|rfpa_therm=31082|quiet_therm=31661|charging_therm=33286|,BIG=37000|MID=37000|usb_pwr_therm=29279|btmspkr_therm=29279|disp_therm=29235|north_therm=30303|soc_therm=33375|battery=30000|battery_cycle=5|dc-mains=34000|usbc-therm-adc=340|max77779fg=30000|LITTLE=36000|soc=0|smpl_gm=0|vdroop1=0|batoilo=0|batoilo2=0|batt_vs=29997|mdis_morepower=0|thb_hda=51|cp_on_chip_0=33000|cp_on_chip_1=34000|G3D=36000|cp_on_chip_2=35000|cp_on_chip_3=33000|cp_on_chip_4=33000|rf2_therm=31000|rf1_therm=32000|ISP=35000|TPU=35000|AUR=35000|rfpa_therm=31127|quiet_therm=31705|charging_therm=33375|,ok,1,single,untouched,4096,2048,2,2048,17334,0,886027,0,4,4,ok
1,8,nvhe,4,1795000,648000,38000,37000,BIG=36000|MID=37000|usb_pwr_therm=29279|btmspkr_therm=29257|disp_therm=29190|north_therm=30281|soc_therm=33286|battery=30000|battery_cycle=5|dc-mains=34000|usbc-therm-adc=340|max77779fg=30000|LITTLE=36000|soc=0|smpl_gm=0|vdroop1=0|batoilo=0|batoilo2=0|batt_vs=29997|mdis_morepower=0|thb_hda=51|cp_on_chip_0=33000|cp_on_chip_1=34000|G3D=35000|cp_on_chip_2=35000|cp_on_chip_3=33000|cp_on_chip_4=33000|rf2_therm=31000|rf1_therm=32000|ISP=34000|TPU=35000|AUR=35000|rfpa_therm=31082|quiet_therm=31661|charging_therm=33286|,BIG=37000|MID=37000|usb_pwr_therm=29279|btmspkr_therm=29279|disp_therm=29235|north_therm=30303|soc_therm=33375|battery=30000|battery_cycle=5|dc-mains=34000|usbc-therm-adc=340|max77779fg=30000|LITTLE=36000|soc=0|smpl_gm=0|vdroop1=0|batoilo=0|batoilo2=0|batt_vs=29997|mdis_morepower=0|thb_hda=51|cp_on_chip_0=33000|cp_on_chip_1=34000|G3D=36000|cp_on_chip_2=35000|cp_on_chip_3=33000|cp_on_chip_4=33000|rf2_therm=31000|rf1_therm=32000|ISP=35000|TPU=35000|AUR=35000|rfpa_therm=31127|quiet_therm=31705|charging_therm=33375|,ok,1,single,untouched,4096,2048,3,2048,49968,0,944946,0,4,4,ok
1,8,nvhe,4,1795000,648000,38000,37000,BIG=36000|MID=37000|usb_pwr_therm=29279|btmspkr_therm=29257|disp_therm=29190|north_therm=30281|soc_therm=33286|battery=30000|battery_cycle=5|dc-mains=34000|usbc-therm-adc=340|max77779fg=30000|LITTLE=36000|soc=0|smpl_gm=0|vdroop1=0|batoilo=0|batoilo2=0|batt_vs=29997|mdis_morepower=0|thb_hda=51|cp_on_chip_0=33000|cp_on_chip_1=34000|G3D=35000|cp_on_chip_2=35000|cp_on_chip_3=33000|cp_on_chip_4=33000|rf2_therm=31000|rf1_therm=32000|ISP=34000|TPU=35000|AUR=35000|rfpa_therm=31082|quiet_therm=31661|charging_therm=33286|,BIG=37000|MID=37000|usb_pwr_therm=29279|btmspkr_therm=29279|disp_therm=29235|north_therm=30303|soc_therm=33375|battery=30000|battery_cycle=5|dc-mains=34000|usbc-therm-adc=340|max77779fg=30000|LITTLE=36000|soc=0|smpl_gm=0|vdroop1=0|batoilo=0|batoilo2=0|batt_vs=29997|mdis_morepower=0|thb_hda=51|cp_on_chip_0=33000|cp_on_chip_1=34000|G3D=36000|cp_on_chip_2=35000|cp_on_chip_3=33000|cp_on_chip_4=33000|rf2_therm=31000|rf1_therm=32000|ISP=35000|TPU=35000|AUR=35000|rfpa_therm=31127|quiet_therm=31705|charging_therm=33375|,ok,1,single,untouched,4096,2048,4,2048,4272,0,969767,0,4,4,ok
1,8,nvhe,4,1795000,648000,38000,37000,BIG=36000|MID=37000|usb_pwr_therm=29279|btmspkr_therm=29257|disp_therm=29190|north_therm=30281|soc_therm=33286|battery=30000|battery_cycle=5|dc-mains=34000|usbc-therm-adc=340|max77779fg=30000|LITTLE=36000|soc=0|smpl_gm=0|vdroop1=0|batoilo=0|batoilo2=0|batt_vs=29997|mdis_morepower=0|thb_hda=51|cp_on_chip_0=33000|cp_on_chip_1=34000|G3D=35000|cp_on_chip_2=35000|cp_on_chip_3=33000|cp_on_chip_4=33000|rf2_therm=31000|rf1_therm=32000|ISP=34000|TPU=35000|AUR=35000|rfpa_therm=31082|quiet_therm=31661|charging_therm=33286|,BIG=37000|MID=37000|usb_pwr_therm=29279|btmspkr_therm=29279|disp_therm=29235|north_therm=30303|soc_therm=33375|battery=30000|battery_cycle=5|dc-mains=34000|usbc-therm-adc=340|max77779fg=30000|LITTLE=36000|soc=0|smpl_gm=0|vdroop1=0|batoilo=0|batoilo2=0|batt_vs=29997|mdis_morepower=0|thb_hda=51|cp_on_chip_0=33000|cp_on_chip_1=34000|G3D=36000|cp_on_chip_2=35000|cp_on_chip_3=33000|cp_on_chip_4=33000|rf2_therm=31000|rf1_therm=32000|ISP=35000|TPU=35000|AUR=35000|rfpa_therm=31127|quiet_therm=31705|charging_therm=33375|,ok,1,single,untouched,4096,2048,5,2048,45614,0,944092,0,4,4,ok
1,8,nvhe,4,1795000,648000,38000,37000,BIG=36000|MID=37000|usb_pwr_therm=29279|btmspkr_therm=29257|disp_therm=29190|north_therm=30281|soc_therm=33286|battery=30000|battery_cycle=5|dc-mains=34000|usbc-therm-adc=340|max77779fg=30000|LITTLE=36000|soc=0|smpl_gm=0|vdroop1=0|batoilo=0|batoilo2=0|batt_vs=29997|mdis_morepower=0|thb_hda=51|cp_on_chip_0=33000|cp_on_chip_1=34000|G3D=35000|cp_on_chip_2=35000|cp_on_chip_3=33000|cp_on_chip_4=33000|rf2_therm=31000|rf1_therm=32000|ISP=34000|TPU=35000|AUR=35000|rfpa_therm=31082|quiet_therm=31661|charging_therm=33286|,BIG=37000|MID=37000|usb_pwr_therm=29279|btmspkr_therm=29279|disp_therm=29235|north_therm=30303|soc_therm=33375|battery=30000|battery_cycle=5|dc-mains=34000|usbc-therm-adc=340|max77779fg=30000|LITTLE=36000|soc=0|smpl_gm=0|vdroop1=0|batoilo=0|batoilo2=0|batt_vs=29997|mdis_morepower=0|thb_hda=51|cp_on_chip_0=33000|cp_on_chip_1=34000|G3D=36000|cp_on_chip_2=35000|cp_on_chip_3=33000|cp_on_chip_4=33000|rf2_therm=31000|rf1_therm=32000|ISP=35000|TPU=35000|AUR=35000|rfpa_therm=31127|quiet_therm=31705|charging_therm=33375|,ok,1,single,untouched,4096,2048,6,2048,2767,0,944051,0,4,4,ok
1,8,nvhe,4,1795000,648000,38000,37000,BIG=36000|MID=37000|usb_pwr_therm=29279|btmspkr_therm=29257|disp_therm=29190|north_therm=30281|soc_therm=33286|battery=30000|battery_cycle=5|dc-mains=34000|usbc-therm-adc=340|max77779fg=30000|LITTLE=36000|soc=0|smpl_gm=0|vdroop1=0|batoilo=0|batoilo2=0|batt_vs=29997|mdis_morepower=0|thb_hda=51|cp_on_chip_0=33000|cp_on_chip_1=34000|G3D=35000|cp_on_chip_2=35000|cp_on_chip_3=33000|cp_on_chip_4=33000|rf2_therm=31000|rf1_therm=32000|ISP=34000|TPU=35000|AUR=35000|rfpa_therm=31082|quiet_therm=31661|charging_therm=33286|,BIG=37000|MID=37000|usb_pwr_therm=29279|btmspkr_therm=29279|disp_therm=29235|north_therm=30303|soc_therm=33375|battery=30000|battery_cycle=5|dc-mains=34000|usbc-therm-adc=340|max77779fg=30000|LITTLE=36000|soc=0|smpl_gm=0|vdroop1=0|batoilo=0|batoilo2=0|batt_vs=29997|mdis_morepower=0|thb_hda=51|cp_on_chip_0=33000|cp_on_chip_1=34000|G3D=36000|cp_on_chip_2=35000|cp_on_chip_3=33000|cp_on_chip_4=33000|rf2_therm=31000|rf1_therm=32000|ISP=35000|TPU=35000|AUR=35000|rfpa_therm=31127|quiet_therm=31705|charging_therm=33375|,ok,1,single,untouched,4096,2048,7,2048,53223,0,944581,0,4,4,ok
1,8,nvhe,4,1795000,648000,38000,37000,BIG=36000|MID=37000|usb_pwr_therm=29279|btmspkr_therm=29257|disp_therm=29190|north_therm=30281|soc_therm=33286|battery=30000|battery_cycle=5|dc-mains=34000|usbc-therm-adc=340|max77779fg=30000|LITTLE=36000|soc=0|smpl_gm=0|vdroop1=0|batoilo=0|batoilo2=0|batt_vs=29997|mdis_morepower=0|thb_hda=51|cp_on_chip_0=33000|cp_on_chip_1=34000|G3D=35000|cp_on_chip_2=35000|cp_on_chip_3=33000|cp_on_chip_4=33000|rf2_therm=31000|rf1_therm=32000|ISP=34000|TPU=35000|AUR=35000|rfpa_therm=31082|quiet_therm=31661|charging_therm=33286|,BIG=37000|MID=37000|usb_pwr_therm=29279|btmspkr_therm=29279|disp_therm=29235|north_therm=30303|soc_therm=33375|battery=30000|battery_cycle=5|dc-mains=34000|usbc-therm-adc=340|max77779fg=30000|LITTLE=36000|soc=0|smpl_gm=0|vdroop1=0|batoilo=0|batoilo2=0|batt_vs=29997|mdis_morepower=0|thb_hda=51|cp_on_chip_0=33000|cp_on_chip_1=34000|G3D=36000|cp_on_chip_2=35000|cp_on_chip_3=33000|cp_on_chip_4=33000|rf2_therm=31000|rf1_therm=32000|ISP=35000|TPU=35000|AUR=35000|rfpa_therm=31127|quiet_therm=31705|charging_therm=33375|,ok,1,single,untouched,4096,2048,8,2048,5046,0,983317,0,4,4,ok
1,8,nvhe,4,1795000,648000,38000,37000,BIG=36000|MID=37000|usb_pwr_therm=29279|btmspkr_therm=29257|disp_therm=29190|north_therm=30281|soc_therm=33286|battery=30000|battery_cycle=5|dc-mains=34000|usbc-therm-adc=340|max77779fg=30000|LITTLE=36000|soc=0|smpl_gm=0|vdroop1=0|batoilo=0|batoilo2=0|batt_vs=29997|mdis_morepower=0|thb_hda=51|cp_on_chip_0=33000|cp_on_chip_1=34000|G3D=35000|cp_on_chip_2=35000|cp_on_chip_3=33000|cp_on_chip_4=33000|rf2_therm=31000|rf1_therm=32000|ISP=34000|TPU=35000|AUR=35000|rfpa_therm=31082|quiet_therm=31661|charging_therm=33286|,BIG=37000|MID=37000|usb_pwr_therm=29279|btmspkr_therm=29279|disp_therm=29235|north_therm=30303|soc_therm=33375|battery=30000|battery_cycle=5|dc-mains=34000|usbc-therm-adc=340|max77779fg=30000|LITTLE=36000|soc=0|smpl_gm=0|vdroop1=0|batoilo=0|batoilo2=0|batt_vs=29997|mdis_morepower=0|thb_hda=51|cp_on_chip_0=33000|cp_on_chip_1=34000|G3D=36000|cp_on_chip_2=35000|cp_on_chip_3=33000|cp_on_chip_4=33000|rf2_therm=31000|rf1_therm=32000|ISP=35000|TPU=35000|AUR=35000|rfpa_therm=31127|quiet_therm=31705|charging_therm=33375|,ok,1,single,untouched,4096,2048,9,2048,55745,0,944092,0,4,4,ok
1,9,nvhe,4,1549000,1795000,38000,40000,BIG=36000|MID=37000|usb_pwr_therm=29279|btmspkr_therm=29279|disp_therm=29235|north_therm=30303|soc_therm=33375|battery=30000|battery_cycle=5|dc-mains=34000|usbc-therm-adc=340|max77779fg=30000|LITTLE=36000|soc=0|smpl_gm=0|vdroop1=0|batoilo=0|batoilo2=0|batt_vs=29997|mdis_morepower=0|thb_hda=51|cp_on_chip_0=33000|cp_on_chip_1=34000|G3D=35000|cp_on_chip_2=35000|cp_on_chip_3=33000|cp_on_chip_4=33000|rf2_therm=31000|rf1_therm=32000|ISP=34000|TPU=35000|AUR=35000|rfpa_therm=31127|quiet_therm=31750|charging_therm=33419|,BIG=36000|MID=37000|usb_pwr_therm=29301|btmspkr_therm=29301|disp_therm=29257|north_therm=30325|soc_therm=33442|battery=30000|battery_cycle=5|dc-mains=34000|usbc-therm-adc=340|max77779fg=30000|LITTLE=37000|soc=0|smpl_gm=0|vdroop1=0|batoilo=0|batoilo2=0|batt_vs=29997|mdis_morepower=0|thb_hda=51|cp_on_chip_0=33000|cp_on_chip_1=34000|G3D=36000|cp_on_chip_2=35000|cp_on_chip_3=33000|cp_on_chip_4=33000|rf2_therm=31000|rf1_therm=32000|ISP=34000|TPU=35000|AUR=35000|rfpa_therm=31127|quiet_therm=31750|charging_therm=33419|,ok,1,batched,untouched,4096,256,0,1,13998,0,3133,0,4,4,ok
1,9,nvhe,4,1549000,1795000,38000,40000,BIG=36000|MID=37000|usb_pwr_therm=29279|btmspkr_therm=29279|disp_therm=29235|north_therm=30303|soc_therm=33375|battery=30000|battery_cycle=5|dc-mains=34000|usbc-therm-adc=340|max77779fg=30000|LITTLE=36000|soc=0|smpl_gm=0|vdroop1=0|batoilo=0|batoilo2=0|batt_vs=29997|mdis_morepower=0|thb_hda=51|cp_on_chip_0=33000|cp_on_chip_1=34000|G3D=35000|cp_on_chip_2=35000|cp_on_chip_3=33000|cp_on_chip_4=33000|rf2_therm=31000|rf1_therm=32000|ISP=34000|TPU=35000|AUR=35000|rfpa_therm=31127|quiet_therm=31750|charging_therm=33419|,BIG=36000|MID=37000|usb_pwr_therm=29301|btmspkr_therm=29301|disp_therm=29257|north_therm=30325|soc_therm=33442|battery=30000|battery_cycle=5|dc-mains=34000|usbc-therm-adc=340|max77779fg=30000|LITTLE=37000|soc=0|smpl_gm=0|vdroop1=0|batoilo=0|batoilo2=0|batt_vs=29997|mdis_morepower=0|thb_hda=51|cp_on_chip_0=33000|cp_on_chip_1=34000|G3D=36000|cp_on_chip_2=35000|cp_on_chip_3=33000|cp_on_chip_4=33000|rf2_therm=31000|rf1_therm=32000|ISP=34000|TPU=35000|AUR=35000|rfpa_therm=31127|quiet_therm=31750|charging_therm=33419|,ok,1,batched,untouched,4096,256,1,1,4598,0,691,0,4,4,ok
1,9,nvhe,4,1549000,1795000,38000,40000,BIG=36000|MID=37000|usb_pwr_therm=29279|btmspkr_therm=29279|disp_therm=29235|north_therm=30303|soc_therm=33375|battery=30000|battery_cycle=5|dc-mains=34000|usbc-therm-adc=340|max77779fg=30000|LITTLE=36000|soc=0|smpl_gm=0|vdroop1=0|batoilo=0|batoilo2=0|batt_vs=29997|mdis_morepower=0|thb_hda=51|cp_on_chip_0=33000|cp_on_chip_1=34000|G3D=35000|cp_on_chip_2=35000|cp_on_chip_3=33000|cp_on_chip_4=33000|rf2_therm=31000|rf1_therm=32000|ISP=34000|TPU=35000|AUR=35000|rfpa_therm=31127|quiet_therm=31750|charging_therm=33419|,BIG=36000|MID=37000|usb_pwr_therm=29301|btmspkr_therm=29301|disp_therm=29257|north_therm=30325|soc_therm=33442|battery=30000|battery_cycle=5|dc-mains=34000|usbc-therm-adc=340|max77779fg=30000|LITTLE=37000|soc=0|smpl_gm=0|vdroop1=0|batoilo=0|batoilo2=0|batt_vs=29997|mdis_morepower=0|thb_hda=51|cp_on_chip_0=33000|cp_on_chip_1=34000|G3D=36000|cp_on_chip_2=35000|cp_on_chip_3=33000|cp_on_chip_4=33000|rf2_therm=31000|rf1_therm=32000|ISP=34000|TPU=35000|AUR=35000|rfpa_therm=31127|quiet_therm=31750|charging_therm=33419|,ok,1,batched,untouched,4096,256,2,1,52613,0,773,0,4,4,ok
1,9,nvhe,4,1549000,1795000,38000,40000,BIG=36000|MID=37000|usb_pwr_therm=29279|btmspkr_therm=29279|disp_therm=29235|north_therm=30303|soc_therm=33375|battery=30000|battery_cycle=5|dc-mains=34000|usbc-therm-adc=340|max77779fg=30000|LITTLE=36000|soc=0|smpl_gm=0|vdroop1=0|batoilo=0|batoilo2=0|batt_vs=29997|mdis_morepower=0|thb_hda=51|cp_on_chip_0=33000|cp_on_chip_1=34000|G3D=35000|cp_on_chip_2=35000|cp_on_chip_3=33000|cp_on_chip_4=33000|rf2_therm=31000|rf1_therm=32000|ISP=34000|TPU=35000|AUR=35000|rfpa_therm=31127|quiet_therm=31750|charging_therm=33419|,BIG=36000|MID=37000|usb_pwr_therm=29301|btmspkr_therm=29301|disp_therm=29257|north_therm=30325|soc_therm=33442|battery=30000|battery_cycle=5|dc-mains=34000|usbc-therm-adc=340|max77779fg=30000|LITTLE=37000|soc=0|smpl_gm=0|vdroop1=0|batoilo=0|batoilo2=0|batt_vs=29997|mdis_morepower=0|thb_hda=51|cp_on_chip_0=33000|cp_on_chip_1=34000|G3D=36000|cp_on_chip_2=35000|cp_on_chip_3=33000|cp_on_chip_4=33000|rf2_therm=31000|rf1_therm=32000|ISP=34000|TPU=35000|AUR=35000|rfpa_therm=31127|quiet_therm=31750|charging_therm=33419|,ok,1,batched,untouched,4096,256,3,1,4435,0,692,0,4,4,ok
1,9,nvhe,4,1549000,1795000,38000,40000,BIG=36000|MID=37000|usb_pwr_therm=29279|btmspkr_therm=29279|disp_therm=29235|north_therm=30303|soc_therm=33375|battery=30000|battery_cycle=5|dc-mains=34000|usbc-therm-adc=340|max77779fg=30000|LITTLE=36000|soc=0|smpl_gm=0|vdroop1=0|batoilo=0|batoilo2=0|batt_vs=29997|mdis_morepower=0|thb_hda=51|cp_on_chip_0=33000|cp_on_chip_1=34000|G3D=35000|cp_on_chip_2=35000|cp_on_chip_3=33000|cp_on_chip_4=33000|rf2_therm=31000|rf1_therm=32000|ISP=34000|TPU=35000|AUR=35000|rfpa_therm=31127|quiet_therm=31750|charging_therm=33419|,BIG=36000|MID=37000|usb_pwr_therm=29301|btmspkr_therm=29301|disp_therm=29257|north_therm=30325|soc_therm=33442|battery=30000|battery_cycle=5|dc-mains=34000|usbc-therm-adc=340|max77779fg=30000|LITTLE=37000|soc=0|smpl_gm=0|vdroop1=0|batoilo=0|batoilo2=0|batt_vs=29997|mdis_morepower=0|thb_hda=51|cp_on_chip_0=33000|cp_on_chip_1=34000|G3D=36000|cp_on_chip_2=35000|cp_on_chip_3=33000|cp_on_chip_4=33000|rf2_therm=31000|rf1_therm=32000|ISP=34000|TPU=35000|AUR=35000|rfpa_therm=31127|quiet_therm=31750|charging_therm=33419|,ok,1,batched,untouched,4096,256,4,1,3946,0,651,0,4,4,ok
1,9,nvhe,4,1549000,1795000,38000,40000,BIG=36000|MID=37000|usb_pwr_therm=29279|btmspkr_therm=29279|disp_therm=29235|north_therm=30303|soc_therm=33375|battery=30000|battery_cycle=5|dc-mains=34000|usbc-therm-adc=340|max77779fg=30000|LITTLE=36000|soc=0|smpl_gm=0|vdroop1=0|batoilo=0|batoilo2=0|batt_vs=29997|mdis_morepower=0|thb_hda=51|cp_on_chip_0=33000|cp_on_chip_1=34000|G3D=35000|cp_on_chip_2=35000|cp_on_chip_3=33000|cp_on_chip_4=33000|rf2_therm=31000|rf1_therm=32000|ISP=34000|TPU=35000|AUR=35000|rfpa_therm=31127|quiet_therm=31750|charging_therm=33419|,BIG=36000|MID=37000|usb_pwr_therm=29301|btmspkr_therm=29301|disp_therm=29257|north_therm=30325|soc_therm=33442|battery=30000|battery_cycle=5|dc-mains=34000|usbc-therm-adc=340|max77779fg=30000|LITTLE=37000|soc=0|smpl_gm=0|vdroop1=0|batoilo=0|batoilo2=0|batt_vs=29997|mdis_morepower=0|thb_hda=51|cp_on_chip_0=33000|cp_on_chip_1=34000|G3D=36000|cp_on_chip_2=35000|cp_on_chip_3=33000|cp_on_chip_4=33000|rf2_therm=31000|rf1_therm=32000|ISP=34000|TPU=35000|AUR=35000|rfpa_therm=31127|quiet_therm=31750|charging_therm=33419|,ok,1,batched,untouched,4096,256,5,1,4720,0,651,0,4,4,ok
1,9,nvhe,4,1549000,1795000,38000,40000,BIG=36000|MID=37000|usb_pwr_therm=29279|btmspkr_therm=29279|disp_therm=29235|north_therm=30303|soc_therm=33375|battery=30000|battery_cycle=5|dc-mains=34000|usbc-therm-adc=340|max77779fg=30000|LITTLE=36000|soc=0|smpl_gm=0|vdroop1=0|batoilo=0|batoilo2=0|batt_vs=29997|mdis_morepower=0|thb_hda=51|cp_on_chip_0=33000|cp_on_chip_1=34000|G3D=35000|cp_on_chip_2=35000|cp_on_chip_3=33000|cp_on_chip_4=33000|rf2_therm=31000|rf1_therm=32000|ISP=34000|TPU=35000|AUR=35000|rfpa_therm=31127|quiet_therm=31750|charging_therm=33419|,BIG=36000|MID=37000|usb_pwr_therm=29301|btmspkr_therm=29301|disp_therm=29257|north_therm=30325|soc_therm=33442|battery=30000|battery_cycle=5|dc-mains=34000|usbc-therm-adc=340|max77779fg=30000|LITTLE=37000|soc=0|smpl_gm=0|vdroop1=0|batoilo=0|batoilo2=0|batt_vs=29997|mdis_morepower=0|thb_hda=51|cp_on_chip_0=33000|cp_on_chip_1=34000|G3D=36000|cp_on_chip_2=35000|cp_on_chip_3=33000|cp_on_chip_4=33000|rf2_therm=31000|rf1_therm=32000|ISP=34000|TPU=35000|AUR=35000|rfpa_therm=31127|quiet_therm=31750|charging_therm=33419|,ok,1,batched,untouched,4096,256,6,1,4394,0,651,0,4,4,ok
1,9,nvhe,4,1549000,1795000,38000,40000,BIG=36000|MID=37000|usb_pwr_therm=29279|btmspkr_therm=29279|disp_therm=29235|north_therm=30303|soc_therm=33375|battery=30000|battery_cycle=5|dc-mains=34000|usbc-therm-adc=340|max77779fg=30000|LITTLE=36000|soc=0|smpl_gm=0|vdroop1=0|batoilo=0|batoilo2=0|batt_vs=29997|mdis_morepower=0|thb_hda=51|cp_on_chip_0=33000|cp_on_chip_1=34000|G3D=35000|cp_on_chip_2=35000|cp_on_chip_3=33000|cp_on_chip_4=33000|rf2_therm=31000|rf1_therm=32000|ISP=34000|TPU=35000|AUR=35000|rfpa_therm=31127|quiet_therm=31750|charging_therm=33419|,BIG=36000|MID=37000|usb_pwr_therm=29301|btmspkr_therm=29301|disp_therm=29257|north_therm=30325|soc_therm=33442|battery=30000|battery_cycle=5|dc-mains=34000|usbc-therm-adc=340|max77779fg=30000|LITTLE=37000|soc=0|smpl_gm=0|vdroop1=0|batoilo=0|batoilo2=0|batt_vs=29997|mdis_morepower=0|thb_hda=51|cp_on_chip_0=33000|cp_on_chip_1=34000|G3D=36000|cp_on_chip_2=35000|cp_on_chip_3=33000|cp_on_chip_4=33000|rf2_therm=31000|rf1_therm=32000|ISP=34000|TPU=35000|AUR=35000|rfpa_therm=31127|quiet_therm=31750|charging_therm=33419|,ok,1,batched,untouched,4096,256,7,1,3947,0,692,0,4,4,ok
1,9,nvhe,4,1549000,1795000,38000,40000,BIG=36000|MID=37000|usb_pwr_therm=29279|btmspkr_therm=29279|disp_therm=29235|north_therm=30303|soc_therm=33375|battery=30000|battery_cycle=5|dc-mains=34000|usbc-therm-adc=340|max77779fg=30000|LITTLE=36000|soc=0|smpl_gm=0|vdroop1=0|batoilo=0|batoilo2=0|batt_vs=29997|mdis_morepower=0|thb_hda=51|cp_on_chip_0=33000|cp_on_chip_1=34000|G3D=35000|cp_on_chip_2=35000|cp_on_chip_3=33000|cp_on_chip_4=33000|rf2_therm=31000|rf1_therm=32000|ISP=34000|TPU=35000|AUR=35000|rfpa_therm=31127|quiet_therm=31750|charging_therm=33419|,BIG=36000|MID=37000|usb_pwr_therm=29301|btmspkr_therm=29301|disp_therm=29257|north_therm=30325|soc_therm=33442|battery=30000|battery_cycle=5|dc-mains=34000|usbc-therm-adc=340|max77779fg=30000|LITTLE=37000|soc=0|smpl_gm=0|vdroop1=0|batoilo=0|batoilo2=0|batt_vs=29997|mdis_morepower=0|thb_hda=51|cp_on_chip_0=33000|cp_on_chip_1=34000|G3D=36000|cp_on_chip_2=35000|cp_on_chip_3=33000|cp_on_chip_4=33000|rf2_therm=31000|rf1_therm=32000|ISP=34000|TPU=35000|AUR=35000|rfpa_therm=31127|quiet_therm=31750|charging_therm=33419|,ok,1,batched,untouched,4096,256,8,1,3296,0,692,0,4,4,ok
1,9,nvhe,4,1549000,1795000,38000,40000,BIG=36000|MID=37000|usb_pwr_therm=29279|btmspkr_therm=29279|disp_therm=29235|north_therm=30303|soc_therm=33375|battery=30000|battery_cycle=5|dc-mains=34000|usbc-therm-adc=340|max77779fg=30000|LITTLE=36000|soc=0|smpl_gm=0|vdroop1=0|batoilo=0|batoilo2=0|batt_vs=29997|mdis_morepower=0|thb_hda=51|cp_on_chip_0=33000|cp_on_chip_1=34000|G3D=35000|cp_on_chip_2=35000|cp_on_chip_3=33000|cp_on_chip_4=33000|rf2_therm=31000|rf1_therm=32000|ISP=34000|TPU=35000|AUR=35000|rfpa_therm=31127|quiet_therm=31750|charging_therm=33419|,BIG=36000|MID=37000|usb_pwr_therm=29301|btmspkr_therm=29301|disp_therm=29257|north_therm=30325|soc_therm=33442|battery=30000|battery_cycle=5|dc-mains=34000|usbc-therm-adc=340|max77779fg=30000|LITTLE=37000|soc=0|smpl_gm=0|vdroop1=0|batoilo=0|batoilo2=0|batt_vs=29997|mdis_morepower=0|thb_hda=51|cp_on_chip_0=33000|cp_on_chip_1=34000|G3D=36000|cp_on_chip_2=35000|cp_on_chip_3=33000|cp_on_chip_4=33000|rf2_therm=31000|rf1_therm=32000|ISP=34000|TPU=35000|AUR=35000|rfpa_therm=31127|quiet_therm=31750|charging_therm=33419|,ok,1,batched,untouched,4096,256,9,1,3173,0,732,0,4,4,ok
1,10,nvhe,4,1795000,1795000,37000,37000,BIG=38000|MID=37000|usb_pwr_therm=29324|btmspkr_therm=29324|disp_therm=29279|north_therm=30325|soc_therm=33486|battery=30000|battery_cycle=5|dc-mains=34000|usbc-therm-adc=340|max77779fg=30000|LITTLE=36000|soc=0|smpl_gm=0|vdroop1=0|batoilo=0|batoilo2=0|batt_vs=29997|mdis_morepower=0|thb_hda=51|cp_on_chip_0=33000|cp_on_chip_1=34000|G3D=35000|cp_on_chip_2=35000|cp_on_chip_3=33000|cp_on_chip_4=33000|rf2_therm=31000|rf1_therm=32000|ISP=34000|TPU=35000|AUR=35000|rfpa_therm=31149|quiet_therm=31772|charging_therm=33464|,BIG=36000|MID=37000|usb_pwr_therm=29324|btmspkr_therm=29324|disp_therm=29279|north_therm=30325|soc_therm=33486|battery=30000|battery_cycle=5|dc-mains=34000|usbc-therm-adc=340|max77779fg=30000|LITTLE=36000|soc=0|smpl_gm=0|vdroop1=0|batoilo=0|batoilo2=0|batt_vs=29997|mdis_morepower=0|thb_hda=51|cp_on_chip_0=33000|cp_on_chip_1=34000|G3D=35000|cp_on_chip_2=35000|cp_on_chip_3=33000|cp_on_chip_4=33000|rf2_therm=31000|rf1_therm=32000|ISP=34000|TPU=35000|AUR=35000|rfpa_therm=31149|quiet_therm=31772|charging_therm=33464|,ok,1,single,untouched,4096,256,0,256,5615,0,109660,0,4,4,ok
1,10,nvhe,4,1795000,1795000,37000,37000,BIG=38000|MID=37000|usb_pwr_therm=29324|btmspkr_therm=29324|disp_therm=29279|north_therm=30325|soc_therm=33486|battery=30000|battery_cycle=5|dc-mains=34000|usbc-therm-adc=340|max77779fg=30000|LITTLE=36000|soc=0|smpl_gm=0|vdroop1=0|batoilo=0|batoilo2=0|batt_vs=29997|mdis_morepower=0|thb_hda=51|cp_on_chip_0=33000|cp_on_chip_1=34000|G3D=35000|cp_on_chip_2=35000|cp_on_chip_3=33000|cp_on_chip_4=33000|rf2_therm=31000|rf1_therm=32000|ISP=34000|TPU=35000|AUR=35000|rfpa_therm=31149|quiet_therm=31772|charging_therm=33464|,BIG=36000|MID=37000|usb_pwr_therm=29324|btmspkr_therm=29324|disp_therm=29279|north_therm=30325|soc_therm=33486|battery=30000|battery_cycle=5|dc-mains=34000|usbc-therm-adc=340|max77779fg=30000|LITTLE=36000|soc=0|smpl_gm=0|vdroop1=0|batoilo=0|batoilo2=0|batt_vs=29997|mdis_morepower=0|thb_hda=51|cp_on_chip_0=33000|cp_on_chip_1=34000|G3D=35000|cp_on_chip_2=35000|cp_on_chip_3=33000|cp_on_chip_4=33000|rf2_therm=31000|rf1_therm=32000|ISP=34000|TPU=35000|AUR=35000|rfpa_therm=31149|quiet_therm=31772|charging_therm=33464|,ok,1,single,untouched,4096,256,1,256,4028,0,108439,0,4,4,ok
1,10,nvhe,4,1795000,1795000,37000,37000,BIG=38000|MID=37000|usb_pwr_therm=29324|btmspkr_therm=29324|disp_therm=29279|north_therm=30325|soc_therm=33486|battery=30000|battery_cycle=5|dc-mains=34000|usbc-therm-adc=340|max77779fg=30000|LITTLE=36000|soc=0|smpl_gm=0|vdroop1=0|batoilo=0|batoilo2=0|batt_vs=29997|mdis_morepower=0|thb_hda=51|cp_on_chip_0=33000|cp_on_chip_1=34000|G3D=35000|cp_on_chip_2=35000|cp_on_chip_3=33000|cp_on_chip_4=33000|rf2_therm=31000|rf1_therm=32000|ISP=34000|TPU=35000|AUR=35000|rfpa_therm=31149|quiet_therm=31772|charging_therm=33464|,BIG=36000|MID=37000|usb_pwr_therm=29324|btmspkr_therm=29324|disp_therm=29279|north_therm=30325|soc_therm=33486|battery=30000|battery_cycle=5|dc-mains=34000|usbc-therm-adc=340|max77779fg=30000|LITTLE=36000|soc=0|smpl_gm=0|vdroop1=0|batoilo=0|batoilo2=0|batt_vs=29997|mdis_morepower=0|thb_hda=51|cp_on_chip_0=33000|cp_on_chip_1=34000|G3D=35000|cp_on_chip_2=35000|cp_on_chip_3=33000|cp_on_chip_4=33000|rf2_therm=31000|rf1_therm=32000|ISP=34000|TPU=35000|AUR=35000|rfpa_therm=31149|quiet_therm=31772|charging_therm=33464|,ok,1,single,untouched,4096,256,2,256,4151,0,108521,0,4,4,ok
1,10,nvhe,4,1795000,1795000,37000,37000,BIG=38000|MID=37000|usb_pwr_therm=29324|btmspkr_therm=29324|disp_therm=29279|north_therm=30325|soc_therm=33486|battery=30000|battery_cycle=5|dc-mains=34000|usbc-therm-adc=340|max77779fg=30000|LITTLE=36000|soc=0|smpl_gm=0|vdroop1=0|batoilo=0|batoilo2=0|batt_vs=29997|mdis_morepower=0|thb_hda=51|cp_on_chip_0=33000|cp_on_chip_1=34000|G3D=35000|cp_on_chip_2=35000|cp_on_chip_3=33000|cp_on_chip_4=33000|rf2_therm=31000|rf1_therm=32000|ISP=34000|TPU=35000|AUR=35000|rfpa_therm=31149|quiet_therm=31772|charging_therm=33464|,BIG=36000|MID=37000|usb_pwr_therm=29324|btmspkr_therm=29324|disp_therm=29279|north_therm=30325|soc_therm=33486|battery=30000|battery_cycle=5|dc-mains=34000|usbc-therm-adc=340|max77779fg=30000|LITTLE=36000|soc=0|smpl_gm=0|vdroop1=0|batoilo=0|batoilo2=0|batt_vs=29997|mdis_morepower=0|thb_hda=51|cp_on_chip_0=33000|cp_on_chip_1=34000|G3D=35000|cp_on_chip_2=35000|cp_on_chip_3=33000|cp_on_chip_4=33000|rf2_therm=31000|rf1_therm=32000|ISP=34000|TPU=35000|AUR=35000|rfpa_therm=31149|quiet_therm=31772|charging_therm=33464|,ok,1,single,untouched,4096,256,3,256,3866,0,108561,0,4,4,ok
1,10,nvhe,4,1795000,1795000,37000,37000,BIG=38000|MID=37000|usb_pwr_therm=29324|btmspkr_therm=29324|disp_therm=29279|north_therm=30325|soc_therm=33486|battery=30000|battery_cycle=5|dc-mains=34000|usbc-therm-adc=340|max77779fg=30000|LITTLE=36000|soc=0|smpl_gm=0|vdroop1=0|batoilo=0|batoilo2=0|batt_vs=29997|mdis_morepower=0|thb_hda=51|cp_on_chip_0=33000|cp_on_chip_1=34000|G3D=35000|cp_on_chip_2=35000|cp_on_chip_3=33000|cp_on_chip_4=33000|rf2_therm=31000|rf1_therm=32000|ISP=34000|TPU=35000|AUR=35000|rfpa_therm=31149|quiet_therm=31772|charging_therm=33464|,BIG=36000|MID=37000|usb_pwr_therm=29324|btmspkr_therm=29324|disp_therm=29279|north_therm=30325|soc_therm=33486|battery=30000|battery_cycle=5|dc-mains=34000|usbc-therm-adc=340|max77779fg=30000|LITTLE=36000|soc=0|smpl_gm=0|vdroop1=0|batoilo=0|batoilo2=0|batt_vs=29997|mdis_morepower=0|thb_hda=51|cp_on_chip_0=33000|cp_on_chip_1=34000|G3D=35000|cp_on_chip_2=35000|cp_on_chip_3=33000|cp_on_chip_4=33000|rf2_therm=31000|rf1_therm=32000|ISP=34000|TPU=35000|AUR=35000|rfpa_therm=31149|quiet_therm=31772|charging_therm=33464|,ok,1,single,untouched,4096,256,4,256,4517,0,108765,0,4,4,ok
1,10,nvhe,4,1795000,1795000,37000,37000,BIG=38000|MID=37000|usb_pwr_therm=29324|btmspkr_therm=29324|disp_therm=29279|north_therm=30325|soc_therm=33486|battery=30000|battery_cycle=5|dc-mains=34000|usbc-therm-adc=340|max77779fg=30000|LITTLE=36000|soc=0|smpl_gm=0|vdroop1=0|batoilo=0|batoilo2=0|batt_vs=29997|mdis_morepower=0|thb_hda=51|cp_on_chip_0=33000|cp_on_chip_1=34000|G3D=35000|cp_on_chip_2=35000|cp_on_chip_3=33000|cp_on_chip_4=33000|rf2_therm=31000|rf1_therm=32000|ISP=34000|TPU=35000|AUR=35000|rfpa_therm=31149|quiet_therm=31772|charging_therm=33464|,BIG=36000|MID=37000|usb_pwr_therm=29324|btmspkr_therm=29324|disp_therm=29279|north_therm=30325|soc_therm=33486|battery=30000|battery_cycle=5|dc-mains=34000|usbc-therm-adc=340|max77779fg=30000|LITTLE=36000|soc=0|smpl_gm=0|vdroop1=0|batoilo=0|batoilo2=0|batt_vs=29997|mdis_morepower=0|thb_hda=51|cp_on_chip_0=33000|cp_on_chip_1=34000|G3D=35000|cp_on_chip_2=35000|cp_on_chip_3=33000|cp_on_chip_4=33000|rf2_therm=31000|rf1_therm=32000|ISP=34000|TPU=35000|AUR=35000|rfpa_therm=31149|quiet_therm=31772|charging_therm=33464|,ok,1,single,untouched,4096,256,5,256,3255,0,109294,0,4,4,ok
1,10,nvhe,4,1795000,1795000,37000,37000,BIG=38000|MID=37000|usb_pwr_therm=29324|btmspkr_therm=29324|disp_therm=29279|north_therm=30325|soc_therm=33486|battery=30000|battery_cycle=5|dc-mains=34000|usbc-therm-adc=340|max77779fg=30000|LITTLE=36000|soc=0|smpl_gm=0|vdroop1=0|batoilo=0|batoilo2=0|batt_vs=29997|mdis_morepower=0|thb_hda=51|cp_on_chip_0=33000|cp_on_chip_1=34000|G3D=35000|cp_on_chip_2=35000|cp_on_chip_3=33000|cp_on_chip_4=33000|rf2_therm=31000|rf1_therm=32000|ISP=34000|TPU=35000|AUR=35000|rfpa_therm=31149|quiet_therm=31772|charging_therm=33464|,BIG=36000|MID=37000|usb_pwr_therm=29324|btmspkr_therm=29324|disp_therm=29279|north_therm=30325|soc_therm=33486|battery=30000|battery_cycle=5|dc-mains=34000|usbc-therm-adc=340|max77779fg=30000|LITTLE=36000|soc=0|smpl_gm=0|vdroop1=0|batoilo=0|batoilo2=0|batt_vs=29997|mdis_morepower=0|thb_hda=51|cp_on_chip_0=33000|cp_on_chip_1=34000|G3D=35000|cp_on_chip_2=35000|cp_on_chip_3=33000|cp_on_chip_4=33000|rf2_therm=31000|rf1_therm=32000|ISP=34000|TPU=35000|AUR=35000|rfpa_therm=31149|quiet_therm=31772|charging_therm=33464|,ok,1,single,untouched,4096,256,6,256,3540,0,108439,0,4,4,ok
1,10,nvhe,4,1795000,1795000,37000,37000,BIG=38000|MID=37000|usb_pwr_therm=29324|btmspkr_therm=29324|disp_therm=29279|north_therm=30325|soc_therm=33486|battery=30000|battery_cycle=5|dc-mains=34000|usbc-therm-adc=340|max77779fg=30000|LITTLE=36000|soc=0|smpl_gm=0|vdroop1=0|batoilo=0|batoilo2=0|batt_vs=29997|mdis_morepower=0|thb_hda=51|cp_on_chip_0=33000|cp_on_chip_1=34000|G3D=35000|cp_on_chip_2=35000|cp_on_chip_3=33000|cp_on_chip_4=33000|rf2_therm=31000|rf1_therm=32000|ISP=34000|TPU=35000|AUR=35000|rfpa_therm=31149|quiet_therm=31772|charging_therm=33464|,BIG=36000|MID=37000|usb_pwr_therm=29324|btmspkr_therm=29324|disp_therm=29279|north_therm=30325|soc_therm=33486|battery=30000|battery_cycle=5|dc-mains=34000|usbc-therm-adc=340|max77779fg=30000|LITTLE=36000|soc=0|smpl_gm=0|vdroop1=0|batoilo=0|batoilo2=0|batt_vs=29997|mdis_morepower=0|thb_hda=51|cp_on_chip_0=33000|cp_on_chip_1=34000|G3D=35000|cp_on_chip_2=35000|cp_on_chip_3=33000|cp_on_chip_4=33000|rf2_therm=31000|rf1_therm=32000|ISP=34000|TPU=35000|AUR=35000|rfpa_therm=31149|quiet_therm=31772|charging_therm=33464|,ok,1,single,untouched,4096,256,7,256,4028,0,108724,0,4,4,ok
1,10,nvhe,4,1795000,1795000,37000,37000,BIG=38000|MID=37000|usb_pwr_therm=29324|btmspkr_therm=29324|disp_therm=29279|north_therm=30325|soc_therm=33486|battery=30000|battery_cycle=5|dc-mains=34000|usbc-therm-adc=340|max77779fg=30000|LITTLE=36000|soc=0|smpl_gm=0|vdroop1=0|batoilo=0|batoilo2=0|batt_vs=29997|mdis_morepower=0|thb_hda=51|cp_on_chip_0=33000|cp_on_chip_1=34000|G3D=35000|cp_on_chip_2=35000|cp_on_chip_3=33000|cp_on_chip_4=33000|rf2_therm=31000|rf1_therm=32000|ISP=34000|TPU=35000|AUR=35000|rfpa_therm=31149|quiet_therm=31772|charging_therm=33464|,BIG=36000|MID=37000|usb_pwr_therm=29324|btmspkr_therm=29324|disp_therm=29279|north_therm=30325|soc_therm=33486|battery=30000|battery_cycle=5|dc-mains=34000|usbc-therm-adc=340|max77779fg=30000|LITTLE=36000|soc=0|smpl_gm=0|vdroop1=0|batoilo=0|batoilo2=0|batt_vs=29997|mdis_morepower=0|thb_hda=51|cp_on_chip_0=33000|cp_on_chip_1=34000|G3D=35000|cp_on_chip_2=35000|cp_on_chip_3=33000|cp_on_chip_4=33000|rf2_therm=31000|rf1_therm=32000|ISP=34000|TPU=35000|AUR=35000|rfpa_therm=31149|quiet_therm=31772|charging_therm=33464|,ok,1,single,untouched,4096,256,8,256,3459,0,108602,0,4,4,ok
1,10,nvhe,4,1795000,1795000,37000,37000,BIG=38000|MID=37000|usb_pwr_therm=29324|btmspkr_therm=29324|disp_therm=29279|north_therm=30325|soc_therm=33486|battery=30000|battery_cycle=5|dc-mains=34000|usbc-therm-adc=340|max77779fg=30000|LITTLE=36000|soc=0|smpl_gm=0|vdroop1=0|batoilo=0|batoilo2=0|batt_vs=29997|mdis_morepower=0|thb_hda=51|cp_on_chip_0=33000|cp_on_chip_1=34000|G3D=35000|cp_on_chip_2=35000|cp_on_chip_3=33000|cp_on_chip_4=33000|rf2_therm=31000|rf1_therm=32000|ISP=34000|TPU=35000|AUR=35000|rfpa_therm=31149|quiet_therm=31772|charging_therm=33464|,BIG=36000|MID=37000|usb_pwr_therm=29324|btmspkr_therm=29324|disp_therm=29279|north_therm=30325|soc_therm=33486|battery=30000|battery_cycle=5|dc-mains=34000|usbc-therm-adc=340|max77779fg=30000|LITTLE=36000|soc=0|smpl_gm=0|vdroop1=0|batoilo=0|batoilo2=0|batt_vs=29997|mdis_morepower=0|thb_hda=51|cp_on_chip_0=33000|cp_on_chip_1=34000|G3D=35000|cp_on_chip_2=35000|cp_on_chip_3=33000|cp_on_chip_4=33000|rf2_therm=31000|rf1_therm=32000|ISP=34000|TPU=35000|AUR=35000|rfpa_therm=31149|quiet_therm=31772|charging_therm=33464|,ok,1,single,untouched,4096,256,9,256,3540,0,108520,0,4,4,ok
1,11,nvhe,4,1795000,1549000,37000,37000,BIG=36000|MID=36000|usb_pwr_therm=29346|btmspkr_therm=29346|disp_therm=29301|north_therm=30325|soc_therm=33531|battery=30000|battery_cycle=5|dc-mains=34000|usbc-therm-adc=340|max77779fg=30000|LITTLE=36000|soc=0|smpl_gm=0|vdroop1=0|batoilo=0|batoilo2=0|batt_vs=29997|mdis_morepower=0|thb_hda=51|cp_on_chip_0=33000|cp_on_chip_1=34000|G3D=35000|cp_on_chip_2=35000|cp_on_chip_3=33000|cp_on_chip_4=33000|rf2_therm=31000|rf1_therm=32000|ISP=34000|TPU=35000|AUR=35000|rfpa_therm=31171|quiet_therm=31794|charging_therm=33508|,BIG=36000|MID=37000|usb_pwr_therm=29346|btmspkr_therm=29346|disp_therm=29301|north_therm=30325|soc_therm=33531|battery=30000|battery_cycle=5|dc-mains=34000|usbc-therm-adc=340|max77779fg=30000|LITTLE=36000|soc=0|smpl_gm=0|vdroop1=0|batoilo=0|batoilo2=0|batt_vs=29997|mdis_morepower=0|thb_hda=51|cp_on_chip_0=33000|cp_on_chip_1=34000|G3D=35000|cp_on_chip_2=35000|cp_on_chip_3=33000|cp_on_chip_4=33000|rf2_therm=31000|rf1_therm=32000|ISP=34000|TPU=35000|AUR=35000|rfpa_therm=31193|quiet_therm=31817|charging_therm=33553|,ok,1,single,touched,4096,256,0,256,375285,256,268066,0,4,4,ok
1,11,nvhe,4,1795000,1549000,37000,37000,BIG=36000|MID=36000|usb_pwr_therm=29346|btmspkr_therm=29346|disp_therm=29301|north_therm=30325|soc_therm=33531|battery=30000|battery_cycle=5|dc-mains=34000|usbc-therm-adc=340|max77779fg=30000|LITTLE=36000|soc=0|smpl_gm=0|vdroop1=0|batoilo=0|batoilo2=0|batt_vs=29997|mdis_morepower=0|thb_hda=51|cp_on_chip_0=33000|cp_on_chip_1=34000|G3D=35000|cp_on_chip_2=35000|cp_on_chip_3=33000|cp_on_chip_4=33000|rf2_therm=31000|rf1_therm=32000|ISP=34000|TPU=35000|AUR=35000|rfpa_therm=31171|quiet_therm=31794|charging_therm=33508|,BIG=36000|MID=37000|usb_pwr_therm=29346|btmspkr_therm=29346|disp_therm=29301|north_therm=30325|soc_therm=33531|battery=30000|battery_cycle=5|dc-mains=34000|usbc-therm-adc=340|max77779fg=30000|LITTLE=36000|soc=0|smpl_gm=0|vdroop1=0|batoilo=0|batoilo2=0|batt_vs=29997|mdis_morepower=0|thb_hda=51|cp_on_chip_0=33000|cp_on_chip_1=34000|G3D=35000|cp_on_chip_2=35000|cp_on_chip_3=33000|cp_on_chip_4=33000|rf2_therm=31000|rf1_therm=32000|ISP=34000|TPU=35000|AUR=35000|rfpa_therm=31193|quiet_therm=31817|charging_therm=33553|,ok,1,single,touched,4096,256,1,256,272624,256,262492,0,4,4,ok
1,11,nvhe,4,1795000,1549000,37000,37000,BIG=36000|MID=36000|usb_pwr_therm=29346|btmspkr_therm=29346|disp_therm=29301|north_therm=30325|soc_therm=33531|battery=30000|battery_cycle=5|dc-mains=34000|usbc-therm-adc=340|max77779fg=30000|LITTLE=36000|soc=0|smpl_gm=0|vdroop1=0|batoilo=0|batoilo2=0|batt_vs=29997|mdis_morepower=0|thb_hda=51|cp_on_chip_0=33000|cp_on_chip_1=34000|G3D=35000|cp_on_chip_2=35000|cp_on_chip_3=33000|cp_on_chip_4=33000|rf2_therm=31000|rf1_therm=32000|ISP=34000|TPU=35000|AUR=35000|rfpa_therm=31171|quiet_therm=31794|charging_therm=33508|,BIG=36000|MID=37000|usb_pwr_therm=29346|btmspkr_therm=29346|disp_therm=29301|north_therm=30325|soc_therm=33531|battery=30000|battery_cycle=5|dc-mains=34000|usbc-therm-adc=340|max77779fg=30000|LITTLE=36000|soc=0|smpl_gm=0|vdroop1=0|batoilo=0|batoilo2=0|batt_vs=29997|mdis_morepower=0|thb_hda=51|cp_on_chip_0=33000|cp_on_chip_1=34000|G3D=35000|cp_on_chip_2=35000|cp_on_chip_3=33000|cp_on_chip_4=33000|rf2_therm=31000|rf1_therm=32000|ISP=34000|TPU=35000|AUR=35000|rfpa_therm=31193|quiet_therm=31817|charging_therm=33553|,ok,1,single,touched,4096,256,2,256,272258,256,262776,0,4,4,ok
1,11,nvhe,4,1795000,1549000,37000,37000,BIG=36000|MID=36000|usb_pwr_therm=29346|btmspkr_therm=29346|disp_therm=29301|north_therm=30325|soc_therm=33531|battery=30000|battery_cycle=5|dc-mains=34000|usbc-therm-adc=340|max77779fg=30000|LITTLE=36000|soc=0|smpl_gm=0|vdroop1=0|batoilo=0|batoilo2=0|batt_vs=29997|mdis_morepower=0|thb_hda=51|cp_on_chip_0=33000|cp_on_chip_1=34000|G3D=35000|cp_on_chip_2=35000|cp_on_chip_3=33000|cp_on_chip_4=33000|rf2_therm=31000|rf1_therm=32000|ISP=34000|TPU=35000|AUR=35000|rfpa_therm=31171|quiet_therm=31794|charging_therm=33508|,BIG=36000|MID=37000|usb_pwr_therm=29346|btmspkr_therm=29346|disp_therm=29301|north_therm=30325|soc_therm=33531|battery=30000|battery_cycle=5|dc-mains=34000|usbc-therm-adc=340|max77779fg=30000|LITTLE=36000|soc=0|smpl_gm=0|vdroop1=0|batoilo=0|batoilo2=0|batt_vs=29997|mdis_morepower=0|thb_hda=51|cp_on_chip_0=33000|cp_on_chip_1=34000|G3D=35000|cp_on_chip_2=35000|cp_on_chip_3=33000|cp_on_chip_4=33000|rf2_therm=31000|rf1_therm=32000|ISP=34000|TPU=35000|AUR=35000|rfpa_therm=31193|quiet_therm=31817|charging_therm=33553|,ok,1,single,touched,4096,256,3,256,268066,256,263265,0,4,4,ok
1,11,nvhe,4,1795000,1549000,37000,37000,BIG=36000|MID=36000|usb_pwr_therm=29346|btmspkr_therm=29346|disp_therm=29301|north_therm=30325|soc_therm=33531|battery=30000|battery_cycle=5|dc-mains=34000|usbc-therm-adc=340|max77779fg=30000|LITTLE=36000|soc=0|smpl_gm=0|vdroop1=0|batoilo=0|batoilo2=0|batt_vs=29997|mdis_morepower=0|thb_hda=51|cp_on_chip_0=33000|cp_on_chip_1=34000|G3D=35000|cp_on_chip_2=35000|cp_on_chip_3=33000|cp_on_chip_4=33000|rf2_therm=31000|rf1_therm=32000|ISP=34000|TPU=35000|AUR=35000|rfpa_therm=31171|quiet_therm=31794|charging_therm=33508|,BIG=36000|MID=37000|usb_pwr_therm=29346|btmspkr_therm=29346|disp_therm=29301|north_therm=30325|soc_therm=33531|battery=30000|battery_cycle=5|dc-mains=34000|usbc-therm-adc=340|max77779fg=30000|LITTLE=36000|soc=0|smpl_gm=0|vdroop1=0|batoilo=0|batoilo2=0|batt_vs=29997|mdis_morepower=0|thb_hda=51|cp_on_chip_0=33000|cp_on_chip_1=34000|G3D=35000|cp_on_chip_2=35000|cp_on_chip_3=33000|cp_on_chip_4=33000|rf2_therm=31000|rf1_therm=32000|ISP=34000|TPU=35000|AUR=35000|rfpa_therm=31193|quiet_therm=31817|charging_therm=33553|,ok,1,single,touched,4096,256,4,256,267497,256,262248,0,4,4,ok
1,11,nvhe,4,1795000,1549000,37000,37000,BIG=36000|MID=36000|usb_pwr_therm=29346|btmspkr_therm=29346|disp_therm=29301|north_therm=30325|soc_therm=33531|battery=30000|battery_cycle=5|dc-mains=34000|usbc-therm-adc=340|max77779fg=30000|LITTLE=36000|soc=0|smpl_gm=0|vdroop1=0|batoilo=0|batoilo2=0|batt_vs=29997|mdis_morepower=0|thb_hda=51|cp_on_chip_0=33000|cp_on_chip_1=34000|G3D=35000|cp_on_chip_2=35000|cp_on_chip_3=33000|cp_on_chip_4=33000|rf2_therm=31000|rf1_therm=32000|ISP=34000|TPU=35000|AUR=35000|rfpa_therm=31171|quiet_therm=31794|charging_therm=33508|,BIG=36000|MID=37000|usb_pwr_therm=29346|btmspkr_therm=29346|disp_therm=29301|north_therm=30325|soc_therm=33531|battery=30000|battery_cycle=5|dc-mains=34000|usbc-therm-adc=340|max77779fg=30000|LITTLE=36000|soc=0|smpl_gm=0|vdroop1=0|batoilo=0|batoilo2=0|batt_vs=29997|mdis_morepower=0|thb_hda=51|cp_on_chip_0=33000|cp_on_chip_1=34000|G3D=35000|cp_on_chip_2=35000|cp_on_chip_3=33000|cp_on_chip_4=33000|rf2_therm=31000|rf1_therm=32000|ISP=34000|TPU=35000|AUR=35000|rfpa_therm=31193|quiet_therm=31817|charging_therm=33553|,ok,1,single,touched,4096,256,5,256,348104,256,295858,0,4,4,ok
1,11,nvhe,4,1795000,1549000,37000,37000,BIG=36000|MID=36000|usb_pwr_therm=29346|btmspkr_therm=29346|disp_therm=29301|north_therm=30325|soc_therm=33531|battery=30000|battery_cycle=5|dc-mains=34000|usbc-therm-adc=340|max77779fg=30000|LITTLE=36000|soc=0|smpl_gm=0|vdroop1=0|batoilo=0|batoilo2=0|batt_vs=29997|mdis_morepower=0|thb_hda=51|cp_on_chip_0=33000|cp_on_chip_1=34000|G3D=35000|cp_on_chip_2=35000|cp_on_chip_3=33000|cp_on_chip_4=33000|rf2_therm=31000|rf1_therm=32000|ISP=34000|TPU=35000|AUR=35000|rfpa_therm=31171|quiet_therm=31794|charging_therm=33508|,BIG=36000|MID=37000|usb_pwr_therm=29346|btmspkr_therm=29346|disp_therm=29301|north_therm=30325|soc_therm=33531|battery=30000|battery_cycle=5|dc-mains=34000|usbc-therm-adc=340|max77779fg=30000|LITTLE=36000|soc=0|smpl_gm=0|vdroop1=0|batoilo=0|batoilo2=0|batt_vs=29997|mdis_morepower=0|thb_hda=51|cp_on_chip_0=33000|cp_on_chip_1=34000|G3D=35000|cp_on_chip_2=35000|cp_on_chip_3=33000|cp_on_chip_4=33000|rf2_therm=31000|rf1_therm=32000|ISP=34000|TPU=35000|AUR=35000|rfpa_therm=31193|quiet_therm=31817|charging_therm=33553|,ok,1,single,touched,4096,256,6,256,247803,256,230509,0,4,4,ok
1,11,nvhe,4,1795000,1549000,37000,37000,BIG=36000|MID=36000|usb_pwr_therm=29346|btmspkr_therm=29346|disp_therm=29301|north_therm=30325|soc_therm=33531|battery=30000|battery_cycle=5|dc-mains=34000|usbc-therm-adc=340|max77779fg=30000|LITTLE=36000|soc=0|smpl_gm=0|vdroop1=0|batoilo=0|batoilo2=0|batt_vs=29997|mdis_morepower=0|thb_hda=51|cp_on_chip_0=33000|cp_on_chip_1=34000|G3D=35000|cp_on_chip_2=35000|cp_on_chip_3=33000|cp_on_chip_4=33000|rf2_therm=31000|rf1_therm=32000|ISP=34000|TPU=35000|AUR=35000|rfpa_therm=31171|quiet_therm=31794|charging_therm=33508|,BIG=36000|MID=37000|usb_pwr_therm=29346|btmspkr_therm=29346|disp_therm=29301|north_therm=30325|soc_therm=33531|battery=30000|battery_cycle=5|dc-mains=34000|usbc-therm-adc=340|max77779fg=30000|LITTLE=36000|soc=0|smpl_gm=0|vdroop1=0|batoilo=0|batoilo2=0|batt_vs=29997|mdis_morepower=0|thb_hda=51|cp_on_chip_0=33000|cp_on_chip_1=34000|G3D=35000|cp_on_chip_2=35000|cp_on_chip_3=33000|cp_on_chip_4=33000|rf2_therm=31000|rf1_therm=32000|ISP=34000|TPU=35000|AUR=35000|rfpa_therm=31193|quiet_therm=31817|charging_therm=33553|,ok,1,single,touched,4096,256,7,256,241414,256,253377,0,4,4,ok
1,11,nvhe,4,1795000,1549000,37000,37000,BIG=36000|MID=36000|usb_pwr_therm=29346|btmspkr_therm=29346|disp_therm=29301|north_therm=30325|soc_therm=33531|battery=30000|battery_cycle=5|dc-mains=34000|usbc-therm-adc=340|max77779fg=30000|LITTLE=36000|soc=0|smpl_gm=0|vdroop1=0|batoilo=0|batoilo2=0|batt_vs=29997|mdis_morepower=0|thb_hda=51|cp_on_chip_0=33000|cp_on_chip_1=34000|G3D=35000|cp_on_chip_2=35000|cp_on_chip_3=33000|cp_on_chip_4=33000|rf2_therm=31000|rf1_therm=32000|ISP=34000|TPU=35000|AUR=35000|rfpa_therm=31171|quiet_therm=31794|charging_therm=33508|,BIG=36000|MID=37000|usb_pwr_therm=29346|btmspkr_therm=29346|disp_therm=29301|north_therm=30325|soc_therm=33531|battery=30000|battery_cycle=5|dc-mains=34000|usbc-therm-adc=340|max77779fg=30000|LITTLE=36000|soc=0|smpl_gm=0|vdroop1=0|batoilo=0|batoilo2=0|batt_vs=29997|mdis_morepower=0|thb_hda=51|cp_on_chip_0=33000|cp_on_chip_1=34000|G3D=35000|cp_on_chip_2=35000|cp_on_chip_3=33000|cp_on_chip_4=33000|rf2_therm=31000|rf1_therm=32000|ISP=34000|TPU=35000|AUR=35000|rfpa_therm=31193|quiet_therm=31817|charging_therm=33553|,ok,1,single,touched,4096,256,8,256,257120,256,255005,0,4,4,ok
1,11,nvhe,4,1795000,1549000,37000,37000,BIG=36000|MID=36000|usb_pwr_therm=29346|btmspkr_therm=29346|disp_therm=29301|north_therm=30325|soc_therm=33531|battery=30000|battery_cycle=5|dc-mains=34000|usbc-therm-adc=340|max77779fg=30000|LITTLE=36000|soc=0|smpl_gm=0|vdroop1=0|batoilo=0|batoilo2=0|batt_vs=29997|mdis_morepower=0|thb_hda=51|cp_on_chip_0=33000|cp_on_chip_1=34000|G3D=35000|cp_on_chip_2=35000|cp_on_chip_3=33000|cp_on_chip_4=33000|rf2_therm=31000|rf1_therm=32000|ISP=34000|TPU=35000|AUR=35000|rfpa_therm=31171|quiet_therm=31794|charging_therm=33508|,BIG=36000|MID=37000|usb_pwr_therm=29346|btmspkr_therm=29346|disp_therm=29301|north_therm=30325|soc_therm=33531|battery=30000|battery_cycle=5|dc-mains=34000|usbc-therm-adc=340|max77779fg=30000|LITTLE=36000|soc=0|smpl_gm=0|vdroop1=0|batoilo=0|batoilo2=0|batt_vs=29997|mdis_morepower=0|thb_hda=51|cp_on_chip_0=33000|cp_on_chip_1=34000|G3D=35000|cp_on_chip_2=35000|cp_on_chip_3=33000|cp_on_chip_4=33000|rf2_therm=31000|rf1_therm=32000|ISP=34000|TPU=35000|AUR=35000|rfpa_therm=31193|quiet_therm=31817|charging_therm=33553|,ok,1,single,touched,4096,256,9,256,253580,256,255208,0,4,4,ok
1,12,nvhe,4,1795000,578000,37000,37000,BIG=36000|MID=37000|usb_pwr_therm=29346|btmspkr_therm=29368|disp_therm=29324|north_therm=30348|soc_therm=33597|battery=30000|battery_cycle=5|dc-mains=34000|usbc-therm-adc=340|max77779fg=30000|LITTLE=36000|soc=0|smpl_gm=0|vdroop1=0|batoilo=0|batoilo2=0|batt_vs=29997|mdis_morepower=0|thb_hda=51|cp_on_chip_0=33000|cp_on_chip_1=34000|G3D=35000|cp_on_chip_2=35000|cp_on_chip_3=33000|cp_on_chip_4=33000|rf2_therm=31000|rf1_therm=32000|ISP=34000|TPU=35000|AUR=35000|rfpa_therm=31193|quiet_therm=31817|charging_therm=33553|,BIG=36000|MID=37000|usb_pwr_therm=29346|btmspkr_therm=29368|disp_therm=29324|north_therm=30348|soc_therm=33597|battery=30000|battery_cycle=5|dc-mains=34000|usbc-therm-adc=340|max77779fg=30000|LITTLE=36000|soc=0|smpl_gm=0|vdroop1=0|batoilo=0|batoilo2=0|batt_vs=29997|mdis_morepower=0|thb_hda=51|cp_on_chip_0=33000|cp_on_chip_1=34000|G3D=35000|cp_on_chip_2=35000|cp_on_chip_3=33000|cp_on_chip_4=33000|rf2_therm=31000|rf1_therm=32000|ISP=35000|TPU=35000|AUR=35000|rfpa_therm=31216|quiet_therm=31839|charging_therm=33597|,ok,1,single,touched,4096,2048,0,2048,4190145,2048,2778076,0,4,4,ok
1,12,nvhe,4,1795000,578000,37000,37000,BIG=36000|MID=37000|usb_pwr_therm=29346|btmspkr_therm=29368|disp_therm=29324|north_therm=30348|soc_therm=33597|battery=30000|battery_cycle=5|dc-mains=34000|usbc-therm-adc=340|max77779fg=30000|LITTLE=36000|soc=0|smpl_gm=0|vdroop1=0|batoilo=0|batoilo2=0|batt_vs=29997|mdis_morepower=0|thb_hda=51|cp_on_chip_0=33000|cp_on_chip_1=34000|G3D=35000|cp_on_chip_2=35000|cp_on_chip_3=33000|cp_on_chip_4=33000|rf2_therm=31000|rf1_therm=32000|ISP=34000|TPU=35000|AUR=35000|rfpa_therm=31193|quiet_therm=31817|charging_therm=33553|,BIG=36000|MID=37000|usb_pwr_therm=29346|btmspkr_therm=29368|disp_therm=29324|north_therm=30348|soc_therm=33597|battery=30000|battery_cycle=5|dc-mains=34000|usbc-therm-adc=340|max77779fg=30000|LITTLE=36000|soc=0|smpl_gm=0|vdroop1=0|batoilo=0|batoilo2=0|batt_vs=29997|mdis_morepower=0|thb_hda=51|cp_on_chip_0=33000|cp_on_chip_1=34000|G3D=35000|cp_on_chip_2=35000|cp_on_chip_3=33000|cp_on_chip_4=33000|rf2_therm=31000|rf1_therm=32000|ISP=35000|TPU=35000|AUR=35000|rfpa_therm=31216|quiet_therm=31839|charging_therm=33597|,ok,1,single,touched,4096,2048,1,2048,2643351,2048,2733114,0,4,4,ok
1,12,nvhe,4,1795000,578000,37000,37000,BIG=36000|MID=37000|usb_pwr_therm=29346|btmspkr_therm=29368|disp_therm=29324|north_therm=30348|soc_therm=33597|battery=30000|battery_cycle=5|dc-mains=34000|usbc-therm-adc=340|max77779fg=30000|LITTLE=36000|soc=0|smpl_gm=0|vdroop1=0|batoilo=0|batoilo2=0|batt_vs=29997|mdis_morepower=0|thb_hda=51|cp_on_chip_0=33000|cp_on_chip_1=34000|G3D=35000|cp_on_chip_2=35000|cp_on_chip_3=33000|cp_on_chip_4=33000|rf2_therm=31000|rf1_therm=32000|ISP=34000|TPU=35000|AUR=35000|rfpa_therm=31193|quiet_therm=31817|charging_therm=33553|,BIG=36000|MID=37000|usb_pwr_therm=29346|btmspkr_therm=29368|disp_therm=29324|north_therm=30348|soc_therm=33597|battery=30000|battery_cycle=5|dc-mains=34000|usbc-therm-adc=340|max77779fg=30000|LITTLE=36000|soc=0|smpl_gm=0|vdroop1=0|batoilo=0|batoilo2=0|batt_vs=29997|mdis_morepower=0|thb_hda=51|cp_on_chip_0=33000|cp_on_chip_1=34000|G3D=35000|cp_on_chip_2=35000|cp_on_chip_3=33000|cp_on_chip_4=33000|rf2_therm=31000|rf1_therm=32000|ISP=35000|TPU=35000|AUR=35000|rfpa_therm=31216|quiet_therm=31839|charging_therm=33597|,ok,1,single,touched,4096,2048,2,2048,2706747,2048,3443644,0,4,4,ok
1,12,nvhe,4,1795000,578000,37000,37000,BIG=36000|MID=37000|usb_pwr_therm=29346|btmspkr_therm=29368|disp_therm=29324|north_therm=30348|soc_therm=33597|battery=30000|battery_cycle=5|dc-mains=34000|usbc-therm-adc=340|max77779fg=30000|LITTLE=36000|soc=0|smpl_gm=0|vdroop1=0|batoilo=0|batoilo2=0|batt_vs=29997|mdis_morepower=0|thb_hda=51|cp_on_chip_0=33000|cp_on_chip_1=34000|G3D=35000|cp_on_chip_2=35000|cp_on_chip_3=33000|cp_on_chip_4=33000|rf2_therm=31000|rf1_therm=32000|ISP=34000|TPU=35000|AUR=35000|rfpa_therm=31193|quiet_therm=31817|charging_therm=33553|,BIG=36000|MID=37000|usb_pwr_therm=29346|btmspkr_therm=29368|disp_therm=29324|north_therm=30348|soc_therm=33597|battery=30000|battery_cycle=5|dc-mains=34000|usbc-therm-adc=340|max77779fg=30000|LITTLE=36000|soc=0|smpl_gm=0|vdroop1=0|batoilo=0|batoilo2=0|batt_vs=29997|mdis_morepower=0|thb_hda=51|cp_on_chip_0=33000|cp_on_chip_1=34000|G3D=35000|cp_on_chip_2=35000|cp_on_chip_3=33000|cp_on_chip_4=33000|rf2_therm=31000|rf1_therm=32000|ISP=35000|TPU=35000|AUR=35000|rfpa_therm=31216|quiet_therm=31839|charging_therm=33597|,ok,1,single,touched,4096,2048,3,2048,3176147,2048,2888062,0,4,4,ok
1,12,nvhe,4,1795000,578000,37000,37000,BIG=36000|MID=37000|usb_pwr_therm=29346|btmspkr_therm=29368|disp_therm=29324|north_therm=30348|soc_therm=33597|battery=30000|battery_cycle=5|dc-mains=34000|usbc-therm-adc=340|max77779fg=30000|LITTLE=36000|soc=0|smpl_gm=0|vdroop1=0|batoilo=0|batoilo2=0|batt_vs=29997|mdis_morepower=0|thb_hda=51|cp_on_chip_0=33000|cp_on_chip_1=34000|G3D=35000|cp_on_chip_2=35000|cp_on_chip_3=33000|cp_on_chip_4=33000|rf2_therm=31000|rf1_therm=32000|ISP=34000|TPU=35000|AUR=35000|rfpa_therm=31193|quiet_therm=31817|charging_therm=33553|,BIG=36000|MID=37000|usb_pwr_therm=29346|btmspkr_therm=29368|disp_therm=29324|north_therm=30348|soc_therm=33597|battery=30000|battery_cycle=5|dc-mains=34000|usbc-therm-adc=340|max77779fg=30000|LITTLE=36000|soc=0|smpl_gm=0|vdroop1=0|batoilo=0|batoilo2=0|batt_vs=29997|mdis_morepower=0|thb_hda=51|cp_on_chip_0=33000|cp_on_chip_1=34000|G3D=35000|cp_on_chip_2=35000|cp_on_chip_3=33000|cp_on_chip_4=33000|rf2_therm=31000|rf1_therm=32000|ISP=35000|TPU=35000|AUR=35000|rfpa_therm=31216|quiet_therm=31839|charging_therm=33597|,ok,1,single,touched,4096,2048,4,2048,3024862,2048,3086385,0,4,4,ok
1,12,nvhe,4,1795000,578000,37000,37000,BIG=36000|MID=37000|usb_pwr_therm=29346|btmspkr_therm=29368|disp_therm=29324|north_therm=30348|soc_therm=33597|battery=30000|battery_cycle=5|dc-mains=34000|usbc-therm-adc=340|max77779fg=30000|LITTLE=36000|soc=0|smpl_gm=0|vdroop1=0|batoilo=0|batoilo2=0|batt_vs=29997|mdis_morepower=0|thb_hda=51|cp_on_chip_0=33000|cp_on_chip_1=34000|G3D=35000|cp_on_chip_2=35000|cp_on_chip_3=33000|cp_on_chip_4=33000|rf2_therm=31000|rf1_therm=32000|ISP=34000|TPU=35000|AUR=35000|rfpa_therm=31193|quiet_therm=31817|charging_therm=33553|,BIG=36000|MID=37000|usb_pwr_therm=29346|btmspkr_therm=29368|disp_therm=29324|north_therm=30348|soc_therm=33597|battery=30000|battery_cycle=5|dc-mains=34000|usbc-therm-adc=340|max77779fg=30000|LITTLE=36000|soc=0|smpl_gm=0|vdroop1=0|batoilo=0|batoilo2=0|batt_vs=29997|mdis_morepower=0|thb_hda=51|cp_on_chip_0=33000|cp_on_chip_1=34000|G3D=35000|cp_on_chip_2=35000|cp_on_chip_3=33000|cp_on_chip_4=33000|rf2_therm=31000|rf1_therm=32000|ISP=35000|TPU=35000|AUR=35000|rfpa_therm=31216|quiet_therm=31839|charging_therm=33597|,ok,1,single,touched,4096,2048,5,2048,3339925,2048,3321492,0,4,4,ok
1,12,nvhe,4,1795000,578000,37000,37000,BIG=36000|MID=37000|usb_pwr_therm=29346|btmspkr_therm=29368|disp_therm=29324|north_therm=30348|soc_therm=33597|battery=30000|battery_cycle=5|dc-mains=34000|usbc-therm-adc=340|max77779fg=30000|LITTLE=36000|soc=0|smpl_gm=0|vdroop1=0|batoilo=0|batoilo2=0|batt_vs=29997|mdis_morepower=0|thb_hda=51|cp_on_chip_0=33000|cp_on_chip_1=34000|G3D=35000|cp_on_chip_2=35000|cp_on_chip_3=33000|cp_on_chip_4=33000|rf2_therm=31000|rf1_therm=32000|ISP=34000|TPU=35000|AUR=35000|rfpa_therm=31193|quiet_therm=31817|charging_therm=33553|,BIG=36000|MID=37000|usb_pwr_therm=29346|btmspkr_therm=29368|disp_therm=29324|north_therm=30348|soc_therm=33597|battery=30000|battery_cycle=5|dc-mains=34000|usbc-therm-adc=340|max77779fg=30000|LITTLE=36000|soc=0|smpl_gm=0|vdroop1=0|batoilo=0|batoilo2=0|batt_vs=29997|mdis_morepower=0|thb_hda=51|cp_on_chip_0=33000|cp_on_chip_1=34000|G3D=35000|cp_on_chip_2=35000|cp_on_chip_3=33000|cp_on_chip_4=33000|rf2_therm=31000|rf1_therm=32000|ISP=35000|TPU=35000|AUR=35000|rfpa_therm=31216|quiet_therm=31839|charging_therm=33597|,ok,1,single,touched,4096,2048,6,2048,3027141,2048,2517130,0,4,4,ok
1,12,nvhe,4,1795000,578000,37000,37000,BIG=36000|MID=37000|usb_pwr_therm=29346|btmspkr_therm=29368|disp_therm=29324|north_therm=30348|soc_therm=33597|battery=30000|battery_cycle=5|dc-mains=34000|usbc-therm-adc=340|max77779fg=30000|LITTLE=36000|soc=0|smpl_gm=0|vdroop1=0|batoilo=0|batoilo2=0|batt_vs=29997|mdis_morepower=0|thb_hda=51|cp_on_chip_0=33000|cp_on_chip_1=34000|G3D=35000|cp_on_chip_2=35000|cp_on_chip_3=33000|cp_on_chip_4=33000|rf2_therm=31000|rf1_therm=32000|ISP=34000|TPU=35000|AUR=35000|rfpa_therm=31193|quiet_therm=31817|charging_therm=33553|,BIG=36000|MID=37000|usb_pwr_therm=29346|btmspkr_therm=29368|disp_therm=29324|north_therm=30348|soc_therm=33597|battery=30000|battery_cycle=5|dc-mains=34000|usbc-therm-adc=340|max77779fg=30000|LITTLE=36000|soc=0|smpl_gm=0|vdroop1=0|batoilo=0|batoilo2=0|batt_vs=29997|mdis_morepower=0|thb_hda=51|cp_on_chip_0=33000|cp_on_chip_1=34000|G3D=35000|cp_on_chip_2=35000|cp_on_chip_3=33000|cp_on_chip_4=33000|rf2_therm=31000|rf1_therm=32000|ISP=35000|TPU=35000|AUR=35000|rfpa_therm=31216|quiet_therm=31839|charging_therm=33597|,ok,1,single,touched,4096,2048,7,2048,2692098,2048,3209147,0,4,4,ok
1,12,nvhe,4,1795000,578000,37000,37000,BIG=36000|MID=37000|usb_pwr_therm=29346|btmspkr_therm=29368|disp_therm=29324|north_therm=30348|soc_therm=33597|battery=30000|battery_cycle=5|dc-mains=34000|usbc-therm-adc=340|max77779fg=30000|LITTLE=36000|soc=0|smpl_gm=0|vdroop1=0|batoilo=0|batoilo2=0|batt_vs=29997|mdis_morepower=0|thb_hda=51|cp_on_chip_0=33000|cp_on_chip_1=34000|G3D=35000|cp_on_chip_2=35000|cp_on_chip_3=33000|cp_on_chip_4=33000|rf2_therm=31000|rf1_therm=32000|ISP=34000|TPU=35000|AUR=35000|rfpa_therm=31193|quiet_therm=31817|charging_therm=33553|,BIG=36000|MID=37000|usb_pwr_therm=29346|btmspkr_therm=29368|disp_therm=29324|north_therm=30348|soc_therm=33597|battery=30000|battery_cycle=5|dc-mains=34000|usbc-therm-adc=340|max77779fg=30000|LITTLE=36000|soc=0|smpl_gm=0|vdroop1=0|batoilo=0|batoilo2=0|batt_vs=29997|mdis_morepower=0|thb_hda=51|cp_on_chip_0=33000|cp_on_chip_1=34000|G3D=35000|cp_on_chip_2=35000|cp_on_chip_3=33000|cp_on_chip_4=33000|rf2_therm=31000|rf1_therm=32000|ISP=35000|TPU=35000|AUR=35000|rfpa_therm=31216|quiet_therm=31839|charging_therm=33597|,ok,1,single,touched,4096,2048,8,2048,2736288,2048,3778727,0,4,4,ok
1,12,nvhe,4,1795000,578000,37000,37000,BIG=36000|MID=37000|usb_pwr_therm=29346|btmspkr_therm=29368|disp_therm=29324|north_therm=30348|soc_therm=33597|battery=30000|battery_cycle=5|dc-mains=34000|usbc-therm-adc=340|max77779fg=30000|LITTLE=36000|soc=0|smpl_gm=0|vdroop1=0|batoilo=0|batoilo2=0|batt_vs=29997|mdis_morepower=0|thb_hda=51|cp_on_chip_0=33000|cp_on_chip_1=34000|G3D=35000|cp_on_chip_2=35000|cp_on_chip_3=33000|cp_on_chip_4=33000|rf2_therm=31000|rf1_therm=32000|ISP=34000|TPU=35000|AUR=35000|rfpa_therm=31193|quiet_therm=31817|charging_therm=33553|,BIG=36000|MID=37000|usb_pwr_therm=29346|btmspkr_therm=29368|disp_therm=29324|north_therm=30348|soc_therm=33597|battery=30000|battery_cycle=5|dc-mains=34000|usbc-therm-adc=340|max77779fg=30000|LITTLE=36000|soc=0|smpl_gm=0|vdroop1=0|batoilo=0|batoilo2=0|batt_vs=29997|mdis_morepower=0|thb_hda=51|cp_on_chip_0=33000|cp_on_chip_1=34000|G3D=35000|cp_on_chip_2=35000|cp_on_chip_3=33000|cp_on_chip_4=33000|rf2_therm=31000|rf1_therm=32000|ISP=35000|TPU=35000|AUR=35000|rfpa_therm=31216|quiet_therm=31839|charging_therm=33597|,ok,1,single,touched,4096,2048,9,2048,2740682,2048,2784057,0,4,4,ok
1,13,nvhe,4,1795000,578000,37000,37000,BIG=36000|MID=37000|usb_pwr_therm=29346|btmspkr_therm=29390|disp_therm=29346|north_therm=30348|soc_therm=33642|battery=30000|battery_cycle=5|dc-mains=34000|usbc-therm-adc=340|max77779fg=30000|LITTLE=36000|soc=0|smpl_gm=0|vdroop1=0|batoilo=0|batoilo2=0|batt_vs=29997|mdis_morepower=0|thb_hda=51|cp_on_chip_0=33000|cp_on_chip_1=34000|G3D=35000|cp_on_chip_2=35000|cp_on_chip_3=33000|cp_on_chip_4=33000|rf2_therm=31000|rf1_therm=32000|ISP=35000|TPU=35000|AUR=35000|rfpa_therm=31216|quiet_therm=31839|charging_therm=33597|,BIG=37000|MID=36000|usb_pwr_therm=29346|btmspkr_therm=29390|disp_therm=29368|north_therm=30348|soc_therm=33686|battery=30000|battery_cycle=5|dc-mains=34000|usbc-therm-adc=340|max77779fg=30000|LITTLE=36000|soc=0|smpl_gm=0|vdroop1=0|batoilo=0|batoilo2=0|batt_vs=29997|mdis_morepower=0|thb_hda=51|cp_on_chip_0=33000|cp_on_chip_1=34000|G3D=35000|cp_on_chip_2=35000|cp_on_chip_3=33000|cp_on_chip_4=33000|rf2_therm=31000|rf1_therm=32000|ISP=35000|TPU=36000|AUR=35000|rfpa_therm=31238|quiet_therm=31861|charging_therm=33642|,ok,1,single,untouched,4096,512,0,512,11678,0,252075,0,4,4,ok
1,13,nvhe,4,1795000,578000,37000,37000,BIG=36000|MID=37000|usb_pwr_therm=29346|btmspkr_therm=29390|disp_therm=29346|north_therm=30348|soc_therm=33642|battery=30000|battery_cycle=5|dc-mains=34000|usbc-therm-adc=340|max77779fg=30000|LITTLE=36000|soc=0|smpl_gm=0|vdroop1=0|batoilo=0|batoilo2=0|batt_vs=29997|mdis_morepower=0|thb_hda=51|cp_on_chip_0=33000|cp_on_chip_1=34000|G3D=35000|cp_on_chip_2=35000|cp_on_chip_3=33000|cp_on_chip_4=33000|rf2_therm=31000|rf1_therm=32000|ISP=35000|TPU=35000|AUR=35000|rfpa_therm=31216|quiet_therm=31839|charging_therm=33597|,BIG=37000|MID=36000|usb_pwr_therm=29346|btmspkr_therm=29390|disp_therm=29368|north_therm=30348|soc_therm=33686|battery=30000|battery_cycle=5|dc-mains=34000|usbc-therm-adc=340|max77779fg=30000|LITTLE=36000|soc=0|smpl_gm=0|vdroop1=0|batoilo=0|batoilo2=0|batt_vs=29997|mdis_morepower=0|thb_hda=51|cp_on_chip_0=33000|cp_on_chip_1=34000|G3D=35000|cp_on_chip_2=35000|cp_on_chip_3=33000|cp_on_chip_4=33000|rf2_therm=31000|rf1_therm=32000|ISP=35000|TPU=36000|AUR=35000|rfpa_therm=31238|quiet_therm=31861|charging_therm=33642|,ok,1,single,untouched,4096,512,1,512,4028,0,249756,0,4,4,ok
1,13,nvhe,4,1795000,578000,37000,37000,BIG=36000|MID=37000|usb_pwr_therm=29346|btmspkr_therm=29390|disp_therm=29346|north_therm=30348|soc_therm=33642|battery=30000|battery_cycle=5|dc-mains=34000|usbc-therm-adc=340|max77779fg=30000|LITTLE=36000|soc=0|smpl_gm=0|vdroop1=0|batoilo=0|batoilo2=0|batt_vs=29997|mdis_morepower=0|thb_hda=51|cp_on_chip_0=33000|cp_on_chip_1=34000|G3D=35000|cp_on_chip_2=35000|cp_on_chip_3=33000|cp_on_chip_4=33000|rf2_therm=31000|rf1_therm=32000|ISP=35000|TPU=35000|AUR=35000|rfpa_therm=31216|quiet_therm=31839|charging_therm=33597|,BIG=37000|MID=36000|usb_pwr_therm=29346|btmspkr_therm=29390|disp_therm=29368|north_therm=30348|soc_therm=33686|battery=30000|battery_cycle=5|dc-mains=34000|usbc-therm-adc=340|max77779fg=30000|LITTLE=36000|soc=0|smpl_gm=0|vdroop1=0|batoilo=0|batoilo2=0|batt_vs=29997|mdis_morepower=0|thb_hda=51|cp_on_chip_0=33000|cp_on_chip_1=34000|G3D=35000|cp_on_chip_2=35000|cp_on_chip_3=33000|cp_on_chip_4=33000|rf2_therm=31000|rf1_therm=32000|ISP=35000|TPU=36000|AUR=35000|rfpa_therm=31238|quiet_therm=31861|charging_therm=33642|,ok,1,single,untouched,4096,512,2,512,3377,0,249553,0,4,4,ok
1,13,nvhe,4,1795000,578000,37000,37000,BIG=36000|MID=37000|usb_pwr_therm=29346|btmspkr_therm=29390|disp_therm=29346|north_therm=30348|soc_therm=33642|battery=30000|battery_cycle=5|dc-mains=34000|usbc-therm-adc=340|max77779fg=30000|LITTLE=36000|soc=0|smpl_gm=0|vdroop1=0|batoilo=0|batoilo2=0|batt_vs=29997|mdis_morepower=0|thb_hda=51|cp_on_chip_0=33000|cp_on_chip_1=34000|G3D=35000|cp_on_chip_2=35000|cp_on_chip_3=33000|cp_on_chip_4=33000|rf2_therm=31000|rf1_therm=32000|ISP=35000|TPU=35000|AUR=35000|rfpa_therm=31216|quiet_therm=31839|charging_therm=33597|,BIG=37000|MID=36000|usb_pwr_therm=29346|btmspkr_therm=29390|disp_therm=29368|north_therm=30348|soc_therm=33686|battery=30000|battery_cycle=5|dc-mains=34000|usbc-therm-adc=340|max77779fg=30000|LITTLE=36000|soc=0|smpl_gm=0|vdroop1=0|batoilo=0|batoilo2=0|batt_vs=29997|mdis_morepower=0|thb_hda=51|cp_on_chip_0=33000|cp_on_chip_1=34000|G3D=35000|cp_on_chip_2=35000|cp_on_chip_3=33000|cp_on_chip_4=33000|rf2_therm=31000|rf1_therm=32000|ISP=35000|TPU=36000|AUR=35000|rfpa_therm=31238|quiet_therm=31861|charging_therm=33642|,ok,1,single,untouched,4096,512,3,512,3784,0,249593,0,4,4,ok
1,13,nvhe,4,1795000,578000,37000,37000,BIG=36000|MID=37000|usb_pwr_therm=29346|btmspkr_therm=29390|disp_therm=29346|north_therm=30348|soc_therm=33642|battery=30000|battery_cycle=5|dc-mains=34000|usbc-therm-adc=340|max77779fg=30000|LITTLE=36000|soc=0|smpl_gm=0|vdroop1=0|batoilo=0|batoilo2=0|batt_vs=29997|mdis_morepower=0|thb_hda=51|cp_on_chip_0=33000|cp_on_chip_1=34000|G3D=35000|cp_on_chip_2=35000|cp_on_chip_3=33000|cp_on_chip_4=33000|rf2_therm=31000|rf1_therm=32000|ISP=35000|TPU=35000|AUR=35000|rfpa_therm=31216|quiet_therm=31839|charging_therm=33597|,BIG=37000|MID=36000|usb_pwr_therm=29346|btmspkr_therm=29390|disp_therm=29368|north_therm=30348|soc_therm=33686|battery=30000|battery_cycle=5|dc-mains=34000|usbc-therm-adc=340|max77779fg=30000|LITTLE=36000|soc=0|smpl_gm=0|vdroop1=0|batoilo=0|batoilo2=0|batt_vs=29997|mdis_morepower=0|thb_hda=51|cp_on_chip_0=33000|cp_on_chip_1=34000|G3D=35000|cp_on_chip_2=35000|cp_on_chip_3=33000|cp_on_chip_4=33000|rf2_therm=31000|rf1_therm=32000|ISP=35000|TPU=36000|AUR=35000|rfpa_therm=31238|quiet_therm=31861|charging_therm=33642|,ok,1,single,untouched,4096,512,4,512,3458,0,249675,0,4,4,ok
1,13,nvhe,4,1795000,578000,37000,37000,BIG=36000|MID=37000|usb_pwr_therm=29346|btmspkr_therm=29390|disp_therm=29346|north_therm=30348|soc_therm=33642|battery=30000|battery_cycle=5|dc-mains=34000|usbc-therm-adc=340|max77779fg=30000|LITTLE=36000|soc=0|smpl_gm=0|vdroop1=0|batoilo=0|batoilo2=0|batt_vs=29997|mdis_morepower=0|thb_hda=51|cp_on_chip_0=33000|cp_on_chip_1=34000|G3D=35000|cp_on_chip_2=35000|cp_on_chip_3=33000|cp_on_chip_4=33000|rf2_therm=31000|rf1_therm=32000|ISP=35000|TPU=35000|AUR=35000|rfpa_therm=31216|quiet_therm=31839|charging_therm=33597|,BIG=37000|MID=36000|usb_pwr_therm=29346|btmspkr_therm=29390|disp_therm=29368|north_therm=30348|soc_therm=33686|battery=30000|battery_cycle=5|dc-mains=34000|usbc-therm-adc=340|max77779fg=30000|LITTLE=36000|soc=0|smpl_gm=0|vdroop1=0|batoilo=0|batoilo2=0|batt_vs=29997|mdis_morepower=0|thb_hda=51|cp_on_chip_0=33000|cp_on_chip_1=34000|G3D=35000|cp_on_chip_2=35000|cp_on_chip_3=33000|cp_on_chip_4=33000|rf2_therm=31000|rf1_therm=32000|ISP=35000|TPU=36000|AUR=35000|rfpa_therm=31238|quiet_therm=31861|charging_therm=33642|,ok,1,single,untouched,4096,512,5,512,4232,0,266520,0,4,4,ok
1,13,nvhe,4,1795000,578000,37000,37000,BIG=36000|MID=37000|usb_pwr_therm=29346|btmspkr_therm=29390|disp_therm=29346|north_therm=30348|soc_therm=33642|battery=30000|battery_cycle=5|dc-mains=34000|usbc-therm-adc=340|max77779fg=30000|LITTLE=36000|soc=0|smpl_gm=0|vdroop1=0|batoilo=0|batoilo2=0|batt_vs=29997|mdis_morepower=0|thb_hda=51|cp_on_chip_0=33000|cp_on_chip_1=34000|G3D=35000|cp_on_chip_2=35000|cp_on_chip_3=33000|cp_on_chip_4=33000|rf2_therm=31000|rf1_therm=32000|ISP=35000|TPU=35000|AUR=35000|rfpa_therm=31216|quiet_therm=31839|charging_therm=33597|,BIG=37000|MID=36000|usb_pwr_therm=29346|btmspkr_therm=29390|disp_therm=29368|north_therm=30348|soc_therm=33686|battery=30000|battery_cycle=5|dc-mains=34000|usbc-therm-adc=340|max77779fg=30000|LITTLE=36000|soc=0|smpl_gm=0|vdroop1=0|batoilo=0|batoilo2=0|batt_vs=29997|mdis_morepower=0|thb_hda=51|cp_on_chip_0=33000|cp_on_chip_1=34000|G3D=35000|cp_on_chip_2=35000|cp_on_chip_3=33000|cp_on_chip_4=33000|rf2_therm=31000|rf1_therm=32000|ISP=35000|TPU=36000|AUR=35000|rfpa_therm=31238|quiet_therm=31861|charging_therm=33642|,ok,1,single,untouched,4096,512,6,512,3377,0,267252,0,4,4,ok
1,13,nvhe,4,1795000,578000,37000,37000,BIG=36000|MID=37000|usb_pwr_therm=29346|btmspkr_therm=29390|disp_therm=29346|north_therm=30348|soc_therm=33642|battery=30000|battery_cycle=5|dc-mains=34000|usbc-therm-adc=340|max77779fg=30000|LITTLE=36000|soc=0|smpl_gm=0|vdroop1=0|batoilo=0|batoilo2=0|batt_vs=29997|mdis_morepower=0|thb_hda=51|cp_on_chip_0=33000|cp_on_chip_1=34000|G3D=35000|cp_on_chip_2=35000|cp_on_chip_3=33000|cp_on_chip_4=33000|rf2_therm=31000|rf1_therm=32000|ISP=35000|TPU=35000|AUR=35000|rfpa_therm=31216|quiet_therm=31839|charging_therm=33597|,BIG=37000|MID=36000|usb_pwr_therm=29346|btmspkr_therm=29390|disp_therm=29368|north_therm=30348|soc_therm=33686|battery=30000|battery_cycle=5|dc-mains=34000|usbc-therm-adc=340|max77779fg=30000|LITTLE=36000|soc=0|smpl_gm=0|vdroop1=0|batoilo=0|batoilo2=0|batt_vs=29997|mdis_morepower=0|thb_hda=51|cp_on_chip_0=33000|cp_on_chip_1=34000|G3D=35000|cp_on_chip_2=35000|cp_on_chip_3=33000|cp_on_chip_4=33000|rf2_therm=31000|rf1_therm=32000|ISP=35000|TPU=36000|AUR=35000|rfpa_therm=31238|quiet_therm=31861|charging_therm=33642|,ok,1,single,untouched,4096,512,7,512,3459,0,266439,0,4,4,ok
1,13,nvhe,4,1795000,578000,37000,37000,BIG=36000|MID=37000|usb_pwr_therm=29346|btmspkr_therm=29390|disp_therm=29346|north_therm=30348|soc_therm=33642|battery=30000|battery_cycle=5|dc-mains=34000|usbc-therm-adc=340|max77779fg=30000|LITTLE=36000|soc=0|smpl_gm=0|vdroop1=0|batoilo=0|batoilo2=0|batt_vs=29997|mdis_morepower=0|thb_hda=51|cp_on_chip_0=33000|cp_on_chip_1=34000|G3D=35000|cp_on_chip_2=35000|cp_on_chip_3=33000|cp_on_chip_4=33000|rf2_therm=31000|rf1_therm=32000|ISP=35000|TPU=35000|AUR=35000|rfpa_therm=31216|quiet_therm=31839|charging_therm=33597|,BIG=37000|MID=36000|usb_pwr_therm=29346|btmspkr_therm=29390|disp_therm=29368|north_therm=30348|soc_therm=33686|battery=30000|battery_cycle=5|dc-mains=34000|usbc-therm-adc=340|max77779fg=30000|LITTLE=36000|soc=0|smpl_gm=0|vdroop1=0|batoilo=0|batoilo2=0|batt_vs=29997|mdis_morepower=0|thb_hda=51|cp_on_chip_0=33000|cp_on_chip_1=34000|G3D=35000|cp_on_chip_2=35000|cp_on_chip_3=33000|cp_on_chip_4=33000|rf2_therm=31000|rf1_therm=32000|ISP=35000|TPU=36000|AUR=35000|rfpa_therm=31238|quiet_therm=31861|charging_therm=33642|,ok,1,single,untouched,4096,512,8,512,3377,0,266683,0,4,4,ok
1,13,nvhe,4,1795000,578000,37000,37000,BIG=36000|MID=37000|usb_pwr_therm=29346|btmspkr_therm=29390|disp_therm=29346|north_therm=30348|soc_therm=33642|battery=30000|battery_cycle=5|dc-mains=34000|usbc-therm-adc=340|max77779fg=30000|LITTLE=36000|soc=0|smpl_gm=0|vdroop1=0|batoilo=0|batoilo2=0|batt_vs=29997|mdis_morepower=0|thb_hda=51|cp_on_chip_0=33000|cp_on_chip_1=34000|G3D=35000|cp_on_chip_2=35000|cp_on_chip_3=33000|cp_on_chip_4=33000|rf2_therm=31000|rf1_therm=32000|ISP=35000|TPU=35000|AUR=35000|rfpa_therm=31216|quiet_therm=31839|charging_therm=33597|,BIG=37000|MID=36000|usb_pwr_therm=29346|btmspkr_therm=29390|disp_therm=29368|north_therm=30348|soc_therm=33686|battery=30000|battery_cycle=5|dc-mains=34000|usbc-therm-adc=340|max77779fg=30000|LITTLE=36000|soc=0|smpl_gm=0|vdroop1=0|batoilo=0|batoilo2=0|batt_vs=29997|mdis_morepower=0|thb_hda=51|cp_on_chip_0=33000|cp_on_chip_1=34000|G3D=35000|cp_on_chip_2=35000|cp_on_chip_3=33000|cp_on_chip_4=33000|rf2_therm=31000|rf1_therm=32000|ISP=35000|TPU=36000|AUR=35000|rfpa_therm=31238|quiet_therm=31861|charging_therm=33642|,ok,1,single,untouched,4096,512,9,512,4191,0,266561,0,4,4,ok
1,14,nvhe,4,1945000,1795000,37000,40000,BIG=38000|MID=36000|usb_pwr_therm=29346|btmspkr_therm=29390|disp_therm=29368|north_therm=30348|soc_therm=33686|battery=30000|battery_cycle=5|dc-mains=34000|usbc-therm-adc=340|max77779fg=30000|LITTLE=36000|soc=0|smpl_gm=0|vdroop1=0|batoilo=0|batoilo2=0|batt_vs=29997|mdis_morepower=0|thb_hda=51|cp_on_chip_0=33000|cp_on_chip_1=34000|G3D=35000|cp_on_chip_2=35000|cp_on_chip_3=33000|cp_on_chip_4=33000|rf2_therm=31000|rf1_therm=32000|ISP=35000|TPU=35000|AUR=35000|rfpa_therm=31260|quiet_therm=31883|charging_therm=33686|,BIG=36000|MID=37000|usb_pwr_therm=29368|btmspkr_therm=29390|disp_therm=29413|north_therm=30370|soc_therm=33731|battery=30000|battery_cycle=5|dc-mains=34000|usbc-therm-adc=340|max77779fg=30000|LITTLE=36000|soc=0|smpl_gm=0|vdroop1=0|batoilo=0|batoilo2=0|batt_vs=29997|mdis_morepower=0|thb_hda=51|cp_on_chip_0=33000|cp_on_chip_1=34000|G3D=35000|cp_on_chip_2=35000|cp_on_chip_3=33000|cp_on_chip_4=33000|rf2_therm=31000|rf1_therm=32000|ISP=34000|TPU=35000|AUR=35000|rfpa_therm=31260|quiet_therm=31883|charging_therm=33686|,ok,1,batched,untouched,4096,1024,0,1,10294,0,1913,0,4,4,ok
1,14,nvhe,4,1945000,1795000,37000,40000,BIG=38000|MID=36000|usb_pwr_therm=29346|btmspkr_therm=29390|disp_therm=29368|north_therm=30348|soc_therm=33686|battery=30000|battery_cycle=5|dc-mains=34000|usbc-therm-adc=340|max77779fg=30000|LITTLE=36000|soc=0|smpl_gm=0|vdroop1=0|batoilo=0|batoilo2=0|batt_vs=29997|mdis_morepower=0|thb_hda=51|cp_on_chip_0=33000|cp_on_chip_1=34000|G3D=35000|cp_on_chip_2=35000|cp_on_chip_3=33000|cp_on_chip_4=33000|rf2_therm=31000|rf1_therm=32000|ISP=35000|TPU=35000|AUR=35000|rfpa_therm=31260|quiet_therm=31883|charging_therm=33686|,BIG=36000|MID=37000|usb_pwr_therm=29368|btmspkr_therm=29390|disp_therm=29413|north_therm=30370|soc_therm=33731|battery=30000|battery_cycle=5|dc-mains=34000|usbc-therm-adc=340|max77779fg=30000|LITTLE=36000|soc=0|smpl_gm=0|vdroop1=0|batoilo=0|batoilo2=0|batt_vs=29997|mdis_morepower=0|thb_hda=51|cp_on_chip_0=33000|cp_on_chip_1=34000|G3D=35000|cp_on_chip_2=35000|cp_on_chip_3=33000|cp_on_chip_4=33000|rf2_therm=31000|rf1_therm=32000|ISP=34000|TPU=35000|AUR=35000|rfpa_therm=31260|quiet_therm=31883|charging_therm=33686|,ok,1,batched,untouched,4096,1024,1,1,4924,0,651,0,4,4,ok
1,14,nvhe,4,1945000,1795000,37000,40000,BIG=38000|MID=36000|usb_pwr_therm=29346|btmspkr_therm=29390|disp_therm=29368|north_therm=30348|soc_therm=33686|battery=30000|battery_cycle=5|dc-mains=34000|usbc-therm-adc=340|max77779fg=30000|LITTLE=36000|soc=0|smpl_gm=0|vdroop1=0|batoilo=0|batoilo2=0|batt_vs=29997|mdis_morepower=0|thb_hda=51|cp_on_chip_0=33000|cp_on_chip_1=34000|G3D=35000|cp_on_chip_2=35000|cp_on_chip_3=33000|cp_on_chip_4=33000|rf2_therm=31000|rf1_therm=32000|ISP=35000|TPU=35000|AUR=35000|rfpa_therm=31260|quiet_therm=31883|charging_therm=33686|,BIG=36000|MID=37000|usb_pwr_therm=29368|btmspkr_therm=29390|disp_therm=29413|north_therm=30370|soc_therm=33731|battery=30000|battery_cycle=5|dc-mains=34000|usbc-therm-adc=340|max77779fg=30000|LITTLE=36000|soc=0|smpl_gm=0|vdroop1=0|batoilo=0|batoilo2=0|batt_vs=29997|mdis_morepower=0|thb_hda=51|cp_on_chip_0=33000|cp_on_chip_1=34000|G3D=35000|cp_on_chip_2=35000|cp_on_chip_3=33000|cp_on_chip_4=33000|rf2_therm=31000|rf1_therm=32000|ISP=34000|TPU=35000|AUR=35000|rfpa_therm=31260|quiet_therm=31883|charging_therm=33686|,ok,1,batched,untouched,4096,1024,2,1,6389,0,651,0,4,4,ok
1,14,nvhe,4,1945000,1795000,37000,40000,BIG=38000|MID=36000|usb_pwr_therm=29346|btmspkr_therm=29390|disp_therm=29368|north_therm=30348|soc_therm=33686|battery=30000|battery_cycle=5|dc-mains=34000|usbc-therm-adc=340|max77779fg=30000|LITTLE=36000|soc=0|smpl_gm=0|vdroop1=0|batoilo=0|batoilo2=0|batt_vs=29997|mdis_morepower=0|thb_hda=51|cp_on_chip_0=33000|cp_on_chip_1=34000|G3D=35000|cp_on_chip_2=35000|cp_on_chip_3=33000|cp_on_chip_4=33000|rf2_therm=31000|rf1_therm=32000|ISP=35000|TPU=35000|AUR=35000|rfpa_therm=31260|quiet_therm=31883|charging_therm=33686|,BIG=36000|MID=37000|usb_pwr_therm=29368|btmspkr_therm=29390|disp_therm=29413|north_therm=30370|soc_therm=33731|battery=30000|battery_cycle=5|dc-mains=34000|usbc-therm-adc=340|max77779fg=30000|LITTLE=36000|soc=0|smpl_gm=0|vdroop1=0|batoilo=0|batoilo2=0|batt_vs=29997|mdis_morepower=0|thb_hda=51|cp_on_chip_0=33000|cp_on_chip_1=34000|G3D=35000|cp_on_chip_2=35000|cp_on_chip_3=33000|cp_on_chip_4=33000|rf2_therm=31000|rf1_therm=32000|ISP=34000|TPU=35000|AUR=35000|rfpa_therm=31260|quiet_therm=31883|charging_therm=33686|,ok,1,batched,untouched,4096,1024,3,1,6999,0,651,0,4,4,ok
1,14,nvhe,4,1945000,1795000,37000,40000,BIG=38000|MID=36000|usb_pwr_therm=29346|btmspkr_therm=29390|disp_therm=29368|north_therm=30348|soc_therm=33686|battery=30000|battery_cycle=5|dc-mains=34000|usbc-therm-adc=340|max77779fg=30000|LITTLE=36000|soc=0|smpl_gm=0|vdroop1=0|batoilo=0|batoilo2=0|batt_vs=29997|mdis_morepower=0|thb_hda=51|cp_on_chip_0=33000|cp_on_chip_1=34000|G3D=35000|cp_on_chip_2=35000|cp_on_chip_3=33000|cp_on_chip_4=33000|rf2_therm=31000|rf1_therm=32000|ISP=35000|TPU=35000|AUR=35000|rfpa_therm=31260|quiet_therm=31883|charging_therm=33686|,BIG=36000|MID=37000|usb_pwr_therm=29368|btmspkr_therm=29390|disp_therm=29413|north_therm=30370|soc_therm=33731|battery=30000|battery_cycle=5|dc-mains=34000|usbc-therm-adc=340|max77779fg=30000|LITTLE=36000|soc=0|smpl_gm=0|vdroop1=0|batoilo=0|batoilo2=0|batt_vs=29997|mdis_morepower=0|thb_hda=51|cp_on_chip_0=33000|cp_on_chip_1=34000|G3D=35000|cp_on_chip_2=35000|cp_on_chip_3=33000|cp_on_chip_4=33000|rf2_therm=31000|rf1_therm=32000|ISP=34000|TPU=35000|AUR=35000|rfpa_therm=31260|quiet_therm=31883|charging_therm=33686|,ok,1,batched,untouched,4096,1024,4,1,6958,0,610,0,4,4,ok
1,14,nvhe,4,1945000,1795000,37000,40000,BIG=38000|MID=36000|usb_pwr_therm=29346|btmspkr_therm=29390|disp_therm=29368|north_therm=30348|soc_therm=33686|battery=30000|battery_cycle=5|dc-mains=34000|usbc-therm-adc=340|max77779fg=30000|LITTLE=36000|soc=0|smpl_gm=0|vdroop1=0|batoilo=0|batoilo2=0|batt_vs=29997|mdis_morepower=0|thb_hda=51|cp_on_chip_0=33000|cp_on_chip_1=34000|G3D=35000|cp_on_chip_2=35000|cp_on_chip_3=33000|cp_on_chip_4=33000|rf2_therm=31000|rf1_therm=32000|ISP=35000|TPU=35000|AUR=35000|rfpa_therm=31260|quiet_therm=31883|charging_therm=33686|,BIG=36000|MID=37000|usb_pwr_therm=29368|btmspkr_therm=29390|disp_therm=29413|north_therm=30370|soc_therm=33731|battery=30000|battery_cycle=5|dc-mains=34000|usbc-therm-adc=340|max77779fg=30000|LITTLE=36000|soc=0|smpl_gm=0|vdroop1=0|batoilo=0|batoilo2=0|batt_vs=29997|mdis_morepower=0|thb_hda=51|cp_on_chip_0=33000|cp_on_chip_1=34000|G3D=35000|cp_on_chip_2=35000|cp_on_chip_3=33000|cp_on_chip_4=33000|rf2_therm=31000|rf1_therm=32000|ISP=34000|TPU=35000|AUR=35000|rfpa_therm=31260|quiet_therm=31883|charging_therm=33686|,ok,1,batched,untouched,4096,1024,5,1,4394,0,610,0,4,4,ok
1,14,nvhe,4,1945000,1795000,37000,40000,BIG=38000|MID=36000|usb_pwr_therm=29346|btmspkr_therm=29390|disp_therm=29368|north_therm=30348|soc_therm=33686|battery=30000|battery_cycle=5|dc-mains=34000|usbc-therm-adc=340|max77779fg=30000|LITTLE=36000|soc=0|smpl_gm=0|vdroop1=0|batoilo=0|batoilo2=0|batt_vs=29997|mdis_morepower=0|thb_hda=51|cp_on_chip_0=33000|cp_on_chip_1=34000|G3D=35000|cp_on_chip_2=35000|cp_on_chip_3=33000|cp_on_chip_4=33000|rf2_therm=31000|rf1_therm=32000|ISP=35000|TPU=35000|AUR=35000|rfpa_therm=31260|quiet_therm=31883|charging_therm=33686|,BIG=36000|MID=37000|usb_pwr_therm=29368|btmspkr_therm=29390|disp_therm=29413|north_therm=30370|soc_therm=33731|battery=30000|battery_cycle=5|dc-mains=34000|usbc-therm-adc=340|max77779fg=30000|LITTLE=36000|soc=0|smpl_gm=0|vdroop1=0|batoilo=0|batoilo2=0|batt_vs=29997|mdis_morepower=0|thb_hda=51|cp_on_chip_0=33000|cp_on_chip_1=34000|G3D=35000|cp_on_chip_2=35000|cp_on_chip_3=33000|cp_on_chip_4=33000|rf2_therm=31000|rf1_therm=32000|ISP=34000|TPU=35000|AUR=35000|rfpa_therm=31260|quiet_therm=31883|charging_therm=33686|,ok,1,batched,untouched,4096,1024,6,1,5412,0,610,0,4,4,ok
1,14,nvhe,4,1945000,1795000,37000,40000,BIG=38000|MID=36000|usb_pwr_therm=29346|btmspkr_therm=29390|disp_therm=29368|north_therm=30348|soc_therm=33686|battery=30000|battery_cycle=5|dc-mains=34000|usbc-therm-adc=340|max77779fg=30000|LITTLE=36000|soc=0|smpl_gm=0|vdroop1=0|batoilo=0|batoilo2=0|batt_vs=29997|mdis_morepower=0|thb_hda=51|cp_on_chip_0=33000|cp_on_chip_1=34000|G3D=35000|cp_on_chip_2=35000|cp_on_chip_3=33000|cp_on_chip_4=33000|rf2_therm=31000|rf1_therm=32000|ISP=35000|TPU=35000|AUR=35000|rfpa_therm=31260|quiet_therm=31883|charging_therm=33686|,BIG=36000|MID=37000|usb_pwr_therm=29368|btmspkr_therm=29390|disp_therm=29413|north_therm=30370|soc_therm=33731|battery=30000|battery_cycle=5|dc-mains=34000|usbc-therm-adc=340|max77779fg=30000|LITTLE=36000|soc=0|smpl_gm=0|vdroop1=0|batoilo=0|batoilo2=0|batt_vs=29997|mdis_morepower=0|thb_hda=51|cp_on_chip_0=33000|cp_on_chip_1=34000|G3D=35000|cp_on_chip_2=35000|cp_on_chip_3=33000|cp_on_chip_4=33000|rf2_therm=31000|rf1_therm=32000|ISP=34000|TPU=35000|AUR=35000|rfpa_therm=31260|quiet_therm=31883|charging_therm=33686|,ok,1,batched,untouched,4096,1024,7,1,2686,0,570,0,4,4,ok
1,14,nvhe,4,1945000,1795000,37000,40000,BIG=38000|MID=36000|usb_pwr_therm=29346|btmspkr_therm=29390|disp_therm=29368|north_therm=30348|soc_therm=33686|battery=30000|battery_cycle=5|dc-mains=34000|usbc-therm-adc=340|max77779fg=30000|LITTLE=36000|soc=0|smpl_gm=0|vdroop1=0|batoilo=0|batoilo2=0|batt_vs=29997|mdis_morepower=0|thb_hda=51|cp_on_chip_0=33000|cp_on_chip_1=34000|G3D=35000|cp_on_chip_2=35000|cp_on_chip_3=33000|cp_on_chip_4=33000|rf2_therm=31000|rf1_therm=32000|ISP=35000|TPU=35000|AUR=35000|rfpa_therm=31260|quiet_therm=31883|charging_therm=33686|,BIG=36000|MID=37000|usb_pwr_therm=29368|btmspkr_therm=29390|disp_therm=29413|north_therm=30370|soc_therm=33731|battery=30000|battery_cycle=5|dc-mains=34000|usbc-therm-adc=340|max77779fg=30000|LITTLE=36000|soc=0|smpl_gm=0|vdroop1=0|batoilo=0|batoilo2=0|batt_vs=29997|mdis_morepower=0|thb_hda=51|cp_on_chip_0=33000|cp_on_chip_1=34000|G3D=35000|cp_on_chip_2=35000|cp_on_chip_3=33000|cp_on_chip_4=33000|rf2_therm=31000|rf1_therm=32000|ISP=34000|TPU=35000|AUR=35000|rfpa_therm=31260|quiet_therm=31883|charging_therm=33686|,ok,1,batched,untouched,4096,1024,8,1,4923,0,610,0,4,4,ok
1,14,nvhe,4,1945000,1795000,37000,40000,BIG=38000|MID=36000|usb_pwr_therm=29346|btmspkr_therm=29390|disp_therm=29368|north_therm=30348|soc_therm=33686|battery=30000|battery_cycle=5|dc-mains=34000|usbc-therm-adc=340|max77779fg=30000|LITTLE=36000|soc=0|smpl_gm=0|vdroop1=0|batoilo=0|batoilo2=0|batt_vs=29997|mdis_morepower=0|thb_hda=51|cp_on_chip_0=33000|cp_on_chip_1=34000|G3D=35000|cp_on_chip_2=35000|cp_on_chip_3=33000|cp_on_chip_4=33000|rf2_therm=31000|rf1_therm=32000|ISP=35000|TPU=35000|AUR=35000|rfpa_therm=31260|quiet_therm=31883|charging_therm=33686|,BIG=36000|MID=37000|usb_pwr_therm=29368|btmspkr_therm=29390|disp_therm=29413|north_therm=30370|soc_therm=33731|battery=30000|battery_cycle=5|dc-mains=34000|usbc-therm-adc=340|max77779fg=30000|LITTLE=36000|soc=0|smpl_gm=0|vdroop1=0|batoilo=0|batoilo2=0|batt_vs=29997|mdis_morepower=0|thb_hda=51|cp_on_chip_0=33000|cp_on_chip_1=34000|G3D=35000|cp_on_chip_2=35000|cp_on_chip_3=33000|cp_on_chip_4=33000|rf2_therm=31000|rf1_therm=32000|ISP=34000|TPU=35000|AUR=35000|rfpa_therm=31260|quiet_therm=31883|charging_therm=33686|,ok,1,batched,untouched,4096,1024,9,1,3784,0,611,0,4,4,ok
1,15,nvhe,4,1795000,578000,37000,38000,BIG=36000|MID=36000|usb_pwr_therm=29368|btmspkr_therm=29390|disp_therm=29413|north_therm=30392|soc_therm=33753|battery=30000|battery_cycle=5|dc-mains=34000|usbc-therm-adc=340|max77779fg=30000|LITTLE=36000|soc=0|smpl_gm=0|vdroop1=0|batoilo=0|batoilo2=0|batt_vs=29997|mdis_morepower=0|thb_hda=51|cp_on_chip_0=33000|cp_on_chip_1=34000|G3D=35000|cp_on_chip_2=35000|cp_on_chip_3=33000|cp_on_chip_4=33000|rf2_therm=31000|rf1_therm=32000|ISP=34000|TPU=35000|AUR=35000|rfpa_therm=31305|quiet_therm=31906|charging_therm=33709|,BIG=36000|MID=37000|usb_pwr_therm=29368|btmspkr_therm=29390|disp_therm=29413|north_therm=30392|soc_therm=33753|battery=30000|battery_cycle=5|dc-mains=34000|usbc-therm-adc=340|max77779fg=30000|LITTLE=36000|soc=0|smpl_gm=0|vdroop1=0|batoilo=0|batoilo2=0|batt_vs=29997|mdis_morepower=0|thb_hda=51|cp_on_chip_0=33000|cp_on_chip_1=34000|G3D=35000|cp_on_chip_2=35000|cp_on_chip_3=33000|cp_on_chip_4=33000|rf2_therm=31000|rf1_therm=32000|ISP=34000|TPU=35000|AUR=35000|rfpa_therm=31305|quiet_therm=31906|charging_therm=33709|,ok,1,single,touched,4096,1024,0,1024,2569377,1024,2239095,0,4,4,ok
1,15,nvhe,4,1795000,578000,37000,38000,BIG=36000|MID=36000|usb_pwr_therm=29368|btmspkr_therm=29390|disp_therm=29413|north_therm=30392|soc_therm=33753|battery=30000|battery_cycle=5|dc-mains=34000|usbc-therm-adc=340|max77779fg=30000|LITTLE=36000|soc=0|smpl_gm=0|vdroop1=0|batoilo=0|batoilo2=0|batt_vs=29997|mdis_morepower=0|thb_hda=51|cp_on_chip_0=33000|cp_on_chip_1=34000|G3D=35000|cp_on_chip_2=35000|cp_on_chip_3=33000|cp_on_chip_4=33000|rf2_therm=31000|rf1_therm=32000|ISP=34000|TPU=35000|AUR=35000|rfpa_therm=31305|quiet_therm=31906|charging_therm=33709|,BIG=36000|MID=37000|usb_pwr_therm=29368|btmspkr_therm=29390|disp_therm=29413|north_therm=30392|soc_therm=33753|battery=30000|battery_cycle=5|dc-mains=34000|usbc-therm-adc=340|max77779fg=30000|LITTLE=36000|soc=0|smpl_gm=0|vdroop1=0|batoilo=0|batoilo2=0|batt_vs=29997|mdis_morepower=0|thb_hda=51|cp_on_chip_0=33000|cp_on_chip_1=34000|G3D=35000|cp_on_chip_2=35000|cp_on_chip_3=33000|cp_on_chip_4=33000|rf2_therm=31000|rf1_therm=32000|ISP=34000|TPU=35000|AUR=35000|rfpa_therm=31305|quiet_therm=31906|charging_therm=33709|,ok,1,single,touched,4096,1024,1,1024,2276367,1024,2380697,0,4,4,ok
1,15,nvhe,4,1795000,578000,37000,38000,BIG=36000|MID=36000|usb_pwr_therm=29368|btmspkr_therm=29390|disp_therm=29413|north_therm=30392|soc_therm=33753|battery=30000|battery_cycle=5|dc-mains=34000|usbc-therm-adc=340|max77779fg=30000|LITTLE=36000|soc=0|smpl_gm=0|vdroop1=0|batoilo=0|batoilo2=0|batt_vs=29997|mdis_morepower=0|thb_hda=51|cp_on_chip_0=33000|cp_on_chip_1=34000|G3D=35000|cp_on_chip_2=35000|cp_on_chip_3=33000|cp_on_chip_4=33000|rf2_therm=31000|rf1_therm=32000|ISP=34000|TPU=35000|AUR=35000|rfpa_therm=31305|quiet_therm=31906|charging_therm=33709|,BIG=36000|MID=37000|usb_pwr_therm=29368|btmspkr_therm=29390|disp_therm=29413|north_therm=30392|soc_therm=33753|battery=30000|battery_cycle=5|dc-mains=34000|usbc-therm-adc=340|max77779fg=30000|LITTLE=36000|soc=0|smpl_gm=0|vdroop1=0|batoilo=0|batoilo2=0|batt_vs=29997|mdis_morepower=0|thb_hda=51|cp_on_chip_0=33000|cp_on_chip_1=34000|G3D=35000|cp_on_chip_2=35000|cp_on_chip_3=33000|cp_on_chip_4=33000|rf2_therm=31000|rf1_therm=32000|ISP=34000|TPU=35000|AUR=35000|rfpa_therm=31305|quiet_therm=31906|charging_therm=33709|,ok,1,single,touched,4096,1024,2,1024,2292562,1024,2831421,0,4,4,ok
1,15,nvhe,4,1795000,578000,37000,38000,BIG=36000|MID=36000|usb_pwr_therm=29368|btmspkr_therm=29390|disp_therm=29413|north_therm=30392|soc_therm=33753|battery=30000|battery_cycle=5|dc-mains=34000|usbc-therm-adc=340|max77779fg=30000|LITTLE=36000|soc=0|smpl_gm=0|vdroop1=0|batoilo=0|batoilo2=0|batt_vs=29997|mdis_morepower=0|thb_hda=51|cp_on_chip_0=33000|cp_on_chip_1=34000|G3D=35000|cp_on_chip_2=35000|cp_on_chip_3=33000|cp_on_chip_4=33000|rf2_therm=31000|rf1_therm=32000|ISP=34000|TPU=35000|AUR=35000|rfpa_therm=31305|quiet_therm=31906|charging_therm=33709|,BIG=36000|MID=37000|usb_pwr_therm=29368|btmspkr_therm=29390|disp_therm=29413|north_therm=30392|soc_therm=33753|battery=30000|battery_cycle=5|dc-mains=34000|usbc-therm-adc=340|max77779fg=30000|LITTLE=36000|soc=0|smpl_gm=0|vdroop1=0|batoilo=0|batoilo2=0|batt_vs=29997|mdis_morepower=0|thb_hda=51|cp_on_chip_0=33000|cp_on_chip_1=34000|G3D=35000|cp_on_chip_2=35000|cp_on_chip_3=33000|cp_on_chip_4=33000|rf2_therm=31000|rf1_therm=32000|ISP=34000|TPU=35000|AUR=35000|rfpa_therm=31305|quiet_therm=31906|charging_therm=33709|,ok,1,single,touched,4096,1024,3,1024,2638916,1024,2617350,0,4,4,ok
1,15,nvhe,4,1795000,578000,37000,38000,BIG=36000|MID=36000|usb_pwr_therm=29368|btmspkr_therm=29390|disp_therm=29413|north_therm=30392|soc_therm=33753|battery=30000|battery_cycle=5|dc-mains=34000|usbc-therm-adc=340|max77779fg=30000|LITTLE=36000|soc=0|smpl_gm=0|vdroop1=0|batoilo=0|batoilo2=0|batt_vs=29997|mdis_morepower=0|thb_hda=51|cp_on_chip_0=33000|cp_on_chip_1=34000|G3D=35000|cp_on_chip_2=35000|cp_on_chip_3=33000|cp_on_chip_4=33000|rf2_therm=31000|rf1_therm=32000|ISP=34000|TPU=35000|AUR=35000|rfpa_therm=31305|quiet_therm=31906|charging_therm=33709|,BIG=36000|MID=37000|usb_pwr_therm=29368|btmspkr_therm=29390|disp_therm=29413|north_therm=30392|soc_therm=33753|battery=30000|battery_cycle=5|dc-mains=34000|usbc-therm-adc=340|max77779fg=30000|LITTLE=36000|soc=0|smpl_gm=0|vdroop1=0|batoilo=0|batoilo2=0|batt_vs=29997|mdis_morepower=0|thb_hda=51|cp_on_chip_0=33000|cp_on_chip_1=34000|G3D=35000|cp_on_chip_2=35000|cp_on_chip_3=33000|cp_on_chip_4=33000|rf2_therm=31000|rf1_therm=32000|ISP=34000|TPU=35000|AUR=35000|rfpa_therm=31305|quiet_therm=31906|charging_therm=33709|,ok,1,single,touched,4096,1024,4,1024,2276611,1024,2230957,0,4,4,ok
1,15,nvhe,4,1795000,578000,37000,38000,BIG=36000|MID=36000|usb_pwr_therm=29368|btmspkr_therm=29390|disp_therm=29413|north_therm=30392|soc_therm=33753|battery=30000|battery_cycle=5|dc-mains=34000|usbc-therm-adc=340|max77779fg=30000|LITTLE=36000|soc=0|smpl_gm=0|vdroop1=0|batoilo=0|batoilo2=0|batt_vs=29997|mdis_morepower=0|thb_hda=51|cp_on_chip_0=33000|cp_on_chip_1=34000|G3D=35000|cp_on_chip_2=35000|cp_on_chip_3=33000|cp_on_chip_4=33000|rf2_therm=31000|rf1_therm=32000|ISP=34000|TPU=35000|AUR=35000|rfpa_therm=31305|quiet_therm=31906|charging_therm=33709|,BIG=36000|MID=37000|usb_pwr_therm=29368|btmspkr_therm=29390|disp_therm=29413|north_therm=30392|soc_therm=33753|battery=30000|battery_cycle=5|dc-mains=34000|usbc-therm-adc=340|max77779fg=30000|LITTLE=36000|soc=0|smpl_gm=0|vdroop1=0|batoilo=0|batoilo2=0|batt_vs=29997|mdis_morepower=0|thb_hda=51|cp_on_chip_0=33000|cp_on_chip_1=34000|G3D=35000|cp_on_chip_2=35000|cp_on_chip_3=33000|cp_on_chip_4=33000|rf2_therm=31000|rf1_therm=32000|ISP=34000|TPU=35000|AUR=35000|rfpa_therm=31305|quiet_therm=31906|charging_therm=33709|,ok,1,single,touched,4096,1024,5,1024,2210286,1024,1997029,0,4,4,ok
1,15,nvhe,4,1795000,578000,37000,38000,BIG=36000|MID=36000|usb_pwr_therm=29368|btmspkr_therm=29390|disp_therm=29413|north_therm=30392|soc_therm=33753|battery=30000|battery_cycle=5|dc-mains=34000|usbc-therm-adc=340|max77779fg=30000|LITTLE=36000|soc=0|smpl_gm=0|vdroop1=0|batoilo=0|batoilo2=0|batt_vs=29997|mdis_morepower=0|thb_hda=51|cp_on_chip_0=33000|cp_on_chip_1=34000|G3D=35000|cp_on_chip_2=35000|cp_on_chip_3=33000|cp_on_chip_4=33000|rf2_therm=31000|rf1_therm=32000|ISP=34000|TPU=35000|AUR=35000|rfpa_therm=31305|quiet_therm=31906|charging_therm=33709|,BIG=36000|MID=37000|usb_pwr_therm=29368|btmspkr_therm=29390|disp_therm=29413|north_therm=30392|soc_therm=33753|battery=30000|battery_cycle=5|dc-mains=34000|usbc-therm-adc=340|max77779fg=30000|LITTLE=36000|soc=0|smpl_gm=0|vdroop1=0|batoilo=0|batoilo2=0|batt_vs=29997|mdis_morepower=0|thb_hda=51|cp_on_chip_0=33000|cp_on_chip_1=34000|G3D=35000|cp_on_chip_2=35000|cp_on_chip_3=33000|cp_on_chip_4=33000|rf2_therm=31000|rf1_therm=32000|ISP=34000|TPU=35000|AUR=35000|rfpa_therm=31305|quiet_therm=31906|charging_therm=33709|,ok,1,single,touched,4096,1024,6,1024,1985189,1024,1956054,0,4,4,ok
1,15,nvhe,4,1795000,578000,37000,38000,BIG=36000|MID=36000|usb_pwr_therm=29368|btmspkr_therm=29390|disp_therm=29413|north_therm=30392|soc_therm=33753|battery=30000|battery_cycle=5|dc-mains=34000|usbc-therm-adc=340|max77779fg=30000|LITTLE=36000|soc=0|smpl_gm=0|vdroop1=0|batoilo=0|batoilo2=0|batt_vs=29997|mdis_morepower=0|thb_hda=51|cp_on_chip_0=33000|cp_on_chip_1=34000|G3D=35000|cp_on_chip_2=35000|cp_on_chip_3=33000|cp_on_chip_4=33000|rf2_therm=31000|rf1_therm=32000|ISP=34000|TPU=35000|AUR=35000|rfpa_therm=31305|quiet_therm=31906|charging_therm=33709|,BIG=36000|MID=37000|usb_pwr_therm=29368|btmspkr_therm=29390|disp_therm=29413|north_therm=30392|soc_therm=33753|battery=30000|battery_cycle=5|dc-mains=34000|usbc-therm-adc=340|max77779fg=30000|LITTLE=36000|soc=0|smpl_gm=0|vdroop1=0|batoilo=0|batoilo2=0|batt_vs=29997|mdis_morepower=0|thb_hda=51|cp_on_chip_0=33000|cp_on_chip_1=34000|G3D=35000|cp_on_chip_2=35000|cp_on_chip_3=33000|cp_on_chip_4=33000|rf2_therm=31000|rf1_therm=32000|ISP=34000|TPU=35000|AUR=35000|rfpa_therm=31305|quiet_therm=31906|charging_therm=33709|,ok,1,single,touched,4096,1024,7,1024,1894776,1024,1696127,0,4,4,ok
1,15,nvhe,4,1795000,578000,37000,38000,BIG=36000|MID=36000|usb_pwr_therm=29368|btmspkr_therm=29390|disp_therm=29413|north_therm=30392|soc_therm=33753|battery=30000|battery_cycle=5|dc-mains=34000|usbc-therm-adc=340|max77779fg=30000|LITTLE=36000|soc=0|smpl_gm=0|vdroop1=0|batoilo=0|batoilo2=0|batt_vs=29997|mdis_morepower=0|thb_hda=51|cp_on_chip_0=33000|cp_on_chip_1=34000|G3D=35000|cp_on_chip_2=35000|cp_on_chip_3=33000|cp_on_chip_4=33000|rf2_therm=31000|rf1_therm=32000|ISP=34000|TPU=35000|AUR=35000|rfpa_therm=31305|quiet_therm=31906|charging_therm=33709|,BIG=36000|MID=37000|usb_pwr_therm=29368|btmspkr_therm=29390|disp_therm=29413|north_therm=30392|soc_therm=33753|battery=30000|battery_cycle=5|dc-mains=34000|usbc-therm-adc=340|max77779fg=30000|LITTLE=36000|soc=0|smpl_gm=0|vdroop1=0|batoilo=0|batoilo2=0|batt_vs=29997|mdis_morepower=0|thb_hda=51|cp_on_chip_0=33000|cp_on_chip_1=34000|G3D=35000|cp_on_chip_2=35000|cp_on_chip_3=33000|cp_on_chip_4=33000|rf2_therm=31000|rf1_therm=32000|ISP=34000|TPU=35000|AUR=35000|rfpa_therm=31305|quiet_therm=31906|charging_therm=33709|,ok,1,single,touched,4096,1024,8,1024,1763346,1024,1773437,0,4,4,ok
1,15,nvhe,4,1795000,578000,37000,38000,BIG=36000|MID=36000|usb_pwr_therm=29368|btmspkr_therm=29390|disp_therm=29413|north_therm=30392|soc_therm=33753|battery=30000|battery_cycle=5|dc-mains=34000|usbc-therm-adc=340|max77779fg=30000|LITTLE=36000|soc=0|smpl_gm=0|vdroop1=0|batoilo=0|batoilo2=0|batt_vs=29997|mdis_morepower=0|thb_hda=51|cp_on_chip_0=33000|cp_on_chip_1=34000|G3D=35000|cp_on_chip_2=35000|cp_on_chip_3=33000|cp_on_chip_4=33000|rf2_therm=31000|rf1_therm=32000|ISP=34000|TPU=35000|AUR=35000|rfpa_therm=31305|quiet_therm=31906|charging_therm=33709|,BIG=36000|MID=37000|usb_pwr_therm=29368|btmspkr_therm=29390|disp_therm=29413|north_therm=30392|soc_therm=33753|battery=30000|battery_cycle=5|dc-mains=34000|usbc-therm-adc=340|max77779fg=30000|LITTLE=36000|soc=0|smpl_gm=0|vdroop1=0|batoilo=0|batoilo2=0|batt_vs=29997|mdis_morepower=0|thb_hda=51|cp_on_chip_0=33000|cp_on_chip_1=34000|G3D=35000|cp_on_chip_2=35000|cp_on_chip_3=33000|cp_on_chip_4=33000|rf2_therm=31000|rf1_therm=32000|ISP=34000|TPU=35000|AUR=35000|rfpa_therm=31305|quiet_therm=31906|charging_therm=33709|,ok,1,single,touched,4096,1024,9,1024,1774089,1024,1689738,0,4,4,ok
1,16,nvhe,4,1795000,578000,37000,41000,BIG=36000|MID=36000|usb_pwr_therm=29368|btmspkr_therm=29390|disp_therm=29413|north_therm=30414|soc_therm=33798|battery=30000|battery_cycle=5|dc-mains=34000|usbc-therm-adc=340|max77779fg=30000|LITTLE=36000|soc=0|smpl_gm=0|vdroop1=0|batoilo=0|batoilo2=0|batt_vs=29997|mdis_morepower=0|thb_hda=51|cp_on_chip_0=33000|cp_on_chip_1=34000|G3D=35000|cp_on_chip_2=35000|cp_on_chip_3=33000|cp_on_chip_4=33000|rf2_therm=31000|rf1_therm=32000|ISP=35000|TPU=35000|AUR=35000|rfpa_therm=31327|quiet_therm=31928|charging_therm=33731|,BIG=36000|MID=37000|usb_pwr_therm=29368|btmspkr_therm=29390|disp_therm=29413|north_therm=30414|soc_therm=33798|battery=30000|battery_cycle=5|dc-mains=34000|usbc-therm-adc=340|max77779fg=30000|LITTLE=36000|soc=0|smpl_gm=0|vdroop1=0|batoilo=0|batoilo2=0|batt_vs=29997|mdis_morepower=0|thb_hda=51|cp_on_chip_0=33000|cp_on_chip_1=34000|G3D=35000|cp_on_chip_2=35000|cp_on_chip_3=33000|cp_on_chip_4=33000|rf2_therm=31000|rf1_therm=32000|ISP=35000|TPU=35000|AUR=35000|rfpa_therm=31305|quiet_therm=31950|charging_therm=33776|,thermal_rise,1,batched,untouched,4096,2048,0,1,46306,0,5615,0,4,4,ok
1,16,nvhe,4,1795000,578000,37000,41000,BIG=36000|MID=36000|usb_pwr_therm=29368|btmspkr_therm=29390|disp_therm=29413|north_therm=30414|soc_therm=33798|battery=30000|battery_cycle=5|dc-mains=34000|usbc-therm-adc=340|max77779fg=30000|LITTLE=36000|soc=0|smpl_gm=0|vdroop1=0|batoilo=0|batoilo2=0|batt_vs=29997|mdis_morepower=0|thb_hda=51|cp_on_chip_0=33000|cp_on_chip_1=34000|G3D=35000|cp_on_chip_2=35000|cp_on_chip_3=33000|cp_on_chip_4=33000|rf2_therm=31000|rf1_therm=32000|ISP=35000|TPU=35000|AUR=35000|rfpa_therm=31327|quiet_therm=31928|charging_therm=33731|,BIG=36000|MID=37000|usb_pwr_therm=29368|btmspkr_therm=29390|disp_therm=29413|north_therm=30414|soc_therm=33798|battery=30000|battery_cycle=5|dc-mains=34000|usbc-therm-adc=340|max77779fg=30000|LITTLE=36000|soc=0|smpl_gm=0|vdroop1=0|batoilo=0|batoilo2=0|batt_vs=29997|mdis_morepower=0|thb_hda=51|cp_on_chip_0=33000|cp_on_chip_1=34000|G3D=35000|cp_on_chip_2=35000|cp_on_chip_3=33000|cp_on_chip_4=33000|rf2_therm=31000|rf1_therm=32000|ISP=35000|TPU=35000|AUR=35000|rfpa_therm=31305|quiet_therm=31950|charging_therm=33776|,thermal_rise,1,batched,untouched,4096,2048,1,1,91227,0,3988,0,4,4,ok
1,16,nvhe,4,1795000,578000,37000,41000,BIG=36000|MID=36000|usb_pwr_therm=29368|btmspkr_therm=29390|disp_therm=29413|north_therm=30414|soc_therm=33798|battery=30000|battery_cycle=5|dc-mains=34000|usbc-therm-adc=340|max77779fg=30000|LITTLE=36000|soc=0|smpl_gm=0|vdroop1=0|batoilo=0|batoilo2=0|batt_vs=29997|mdis_morepower=0|thb_hda=51|cp_on_chip_0=33000|cp_on_chip_1=34000|G3D=35000|cp_on_chip_2=35000|cp_on_chip_3=33000|cp_on_chip_4=33000|rf2_therm=31000|rf1_therm=32000|ISP=35000|TPU=35000|AUR=35000|rfpa_therm=31327|quiet_therm=31928|charging_therm=33731|,BIG=36000|MID=37000|usb_pwr_therm=29368|btmspkr_therm=29390|disp_therm=29413|north_therm=30414|soc_therm=33798|battery=30000|battery_cycle=5|dc-mains=34000|usbc-therm-adc=340|max77779fg=30000|LITTLE=36000|soc=0|smpl_gm=0|vdroop1=0|batoilo=0|batoilo2=0|batt_vs=29997|mdis_morepower=0|thb_hda=51|cp_on_chip_0=33000|cp_on_chip_1=34000|G3D=35000|cp_on_chip_2=35000|cp_on_chip_3=33000|cp_on_chip_4=33000|rf2_therm=31000|rf1_therm=32000|ISP=35000|TPU=35000|AUR=35000|rfpa_therm=31305|quiet_therm=31950|charging_therm=33776|,thermal_rise,1,batched,untouched,4096,2048,2,1,15503,0,3662,0,4,4,ok
1,16,nvhe,4,1795000,578000,37000,41000,BIG=36000|MID=36000|usb_pwr_therm=29368|btmspkr_therm=29390|disp_therm=29413|north_therm=30414|soc_therm=33798|battery=30000|battery_cycle=5|dc-mains=34000|usbc-therm-adc=340|max77779fg=30000|LITTLE=36000|soc=0|smpl_gm=0|vdroop1=0|batoilo=0|batoilo2=0|batt_vs=29997|mdis_morepower=0|thb_hda=51|cp_on_chip_0=33000|cp_on_chip_1=34000|G3D=35000|cp_on_chip_2=35000|cp_on_chip_3=33000|cp_on_chip_4=33000|rf2_therm=31000|rf1_therm=32000|ISP=35000|TPU=35000|AUR=35000|rfpa_therm=31327|quiet_therm=31928|charging_therm=33731|,BIG=36000|MID=37000|usb_pwr_therm=29368|btmspkr_therm=29390|disp_therm=29413|north_therm=30414|soc_therm=33798|battery=30000|battery_cycle=5|dc-mains=34000|usbc-therm-adc=340|max77779fg=30000|LITTLE=36000|soc=0|smpl_gm=0|vdroop1=0|batoilo=0|batoilo2=0|batt_vs=29997|mdis_morepower=0|thb_hda=51|cp_on_chip_0=33000|cp_on_chip_1=34000|G3D=35000|cp_on_chip_2=35000|cp_on_chip_3=33000|cp_on_chip_4=33000|rf2_therm=31000|rf1_therm=32000|ISP=35000|TPU=35000|AUR=35000|rfpa_therm=31305|quiet_therm=31950|charging_therm=33776|,thermal_rise,1,batched,untouched,4096,2048,3,1,15829,0,3581,0,4,4,ok
1,16,nvhe,4,1795000,578000,37000,41000,BIG=36000|MID=36000|usb_pwr_therm=29368|btmspkr_therm=29390|disp_therm=29413|north_therm=30414|soc_therm=33798|battery=30000|battery_cycle=5|dc-mains=34000|usbc-therm-adc=340|max77779fg=30000|LITTLE=36000|soc=0|smpl_gm=0|vdroop1=0|batoilo=0|batoilo2=0|batt_vs=29997|mdis_morepower=0|thb_hda=51|cp_on_chip_0=33000|cp_on_chip_1=34000|G3D=35000|cp_on_chip_2=35000|cp_on_chip_3=33000|cp_on_chip_4=33000|rf2_therm=31000|rf1_therm=32000|ISP=35000|TPU=35000|AUR=35000|rfpa_therm=31327|quiet_therm=31928|charging_therm=33731|,BIG=36000|MID=37000|usb_pwr_therm=29368|btmspkr_therm=29390|disp_therm=29413|north_therm=30414|soc_therm=33798|battery=30000|battery_cycle=5|dc-mains=34000|usbc-therm-adc=340|max77779fg=30000|LITTLE=36000|soc=0|smpl_gm=0|vdroop1=0|batoilo=0|batoilo2=0|batt_vs=29997|mdis_morepower=0|thb_hda=51|cp_on_chip_0=33000|cp_on_chip_1=34000|G3D=35000|cp_on_chip_2=35000|cp_on_chip_3=33000|cp_on_chip_4=33000|rf2_therm=31000|rf1_therm=32000|ISP=35000|TPU=35000|AUR=35000|rfpa_therm=31305|quiet_therm=31950|charging_therm=33776|,thermal_rise,1,batched,untouched,4096,2048,4,1,15096,0,3499,0,4,4,ok
1,16,nvhe,4,1795000,578000,37000,41000,BIG=36000|MID=36000|usb_pwr_therm=29368|btmspkr_therm=29390|disp_therm=29413|north_therm=30414|soc_therm=33798|battery=30000|battery_cycle=5|dc-mains=34000|usbc-therm-adc=340|max77779fg=30000|LITTLE=36000|soc=0|smpl_gm=0|vdroop1=0|batoilo=0|batoilo2=0|batt_vs=29997|mdis_morepower=0|thb_hda=51|cp_on_chip_0=33000|cp_on_chip_1=34000|G3D=35000|cp_on_chip_2=35000|cp_on_chip_3=33000|cp_on_chip_4=33000|rf2_therm=31000|rf1_therm=32000|ISP=35000|TPU=35000|AUR=35000|rfpa_therm=31327|quiet_therm=31928|charging_therm=33731|,BIG=36000|MID=37000|usb_pwr_therm=29368|btmspkr_therm=29390|disp_therm=29413|north_therm=30414|soc_therm=33798|battery=30000|battery_cycle=5|dc-mains=34000|usbc-therm-adc=340|max77779fg=30000|LITTLE=36000|soc=0|smpl_gm=0|vdroop1=0|batoilo=0|batoilo2=0|batt_vs=29997|mdis_morepower=0|thb_hda=51|cp_on_chip_0=33000|cp_on_chip_1=34000|G3D=35000|cp_on_chip_2=35000|cp_on_chip_3=33000|cp_on_chip_4=33000|rf2_therm=31000|rf1_therm=32000|ISP=35000|TPU=35000|AUR=35000|rfpa_therm=31305|quiet_therm=31950|charging_therm=33776|,thermal_rise,1,batched,untouched,4096,2048,5,1,16113,0,3418,0,4,4,ok
1,16,nvhe,4,1795000,578000,37000,41000,BIG=36000|MID=36000|usb_pwr_therm=29368|btmspkr_therm=29390|disp_therm=29413|north_therm=30414|soc_therm=33798|battery=30000|battery_cycle=5|dc-mains=34000|usbc-therm-adc=340|max77779fg=30000|LITTLE=36000|soc=0|smpl_gm=0|vdroop1=0|batoilo=0|batoilo2=0|batt_vs=29997|mdis_morepower=0|thb_hda=51|cp_on_chip_0=33000|cp_on_chip_1=34000|G3D=35000|cp_on_chip_2=35000|cp_on_chip_3=33000|cp_on_chip_4=33000|rf2_therm=31000|rf1_therm=32000|ISP=35000|TPU=35000|AUR=35000|rfpa_therm=31327|quiet_therm=31928|charging_therm=33731|,BIG=36000|MID=37000|usb_pwr_therm=29368|btmspkr_therm=29390|disp_therm=29413|north_therm=30414|soc_therm=33798|battery=30000|battery_cycle=5|dc-mains=34000|usbc-therm-adc=340|max77779fg=30000|LITTLE=36000|soc=0|smpl_gm=0|vdroop1=0|batoilo=0|batoilo2=0|batt_vs=29997|mdis_morepower=0|thb_hda=51|cp_on_chip_0=33000|cp_on_chip_1=34000|G3D=35000|cp_on_chip_2=35000|cp_on_chip_3=33000|cp_on_chip_4=33000|rf2_therm=31000|rf1_therm=32000|ISP=35000|TPU=35000|AUR=35000|rfpa_therm=31305|quiet_therm=31950|charging_therm=33776|,thermal_rise,1,batched,untouched,4096,2048,6,1,16032,0,3581,0,4,4,ok
1,16,nvhe,4,1795000,578000,37000,41000,BIG=36000|MID=36000|usb_pwr_therm=29368|btmspkr_therm=29390|disp_therm=29413|north_therm=30414|soc_therm=33798|battery=30000|battery_cycle=5|dc-mains=34000|usbc-therm-adc=340|max77779fg=30000|LITTLE=36000|soc=0|smpl_gm=0|vdroop1=0|batoilo=0|batoilo2=0|batt_vs=29997|mdis_morepower=0|thb_hda=51|cp_on_chip_0=33000|cp_on_chip_1=34000|G3D=35000|cp_on_chip_2=35000|cp_on_chip_3=33000|cp_on_chip_4=33000|rf2_therm=31000|rf1_therm=32000|ISP=35000|TPU=35000|AUR=35000|rfpa_therm=31327|quiet_therm=31928|charging_therm=33731|,BIG=36000|MID=37000|usb_pwr_therm=29368|btmspkr_therm=29390|disp_therm=29413|north_therm=30414|soc_therm=33798|battery=30000|battery_cycle=5|dc-mains=34000|usbc-therm-adc=340|max77779fg=30000|LITTLE=36000|soc=0|smpl_gm=0|vdroop1=0|batoilo=0|batoilo2=0|batt_vs=29997|mdis_morepower=0|thb_hda=51|cp_on_chip_0=33000|cp_on_chip_1=34000|G3D=35000|cp_on_chip_2=35000|cp_on_chip_3=33000|cp_on_chip_4=33000|rf2_therm=31000|rf1_therm=32000|ISP=35000|TPU=35000|AUR=35000|rfpa_therm=31305|quiet_therm=31950|charging_therm=33776|,thermal_rise,1,batched,untouched,4096,2048,7,1,15869,0,3418,0,4,4,ok
1,16,nvhe,4,1795000,578000,37000,41000,BIG=36000|MID=36000|usb_pwr_therm=29368|btmspkr_therm=29390|disp_therm=29413|north_therm=30414|soc_therm=33798|battery=30000|battery_cycle=5|dc-mains=34000|usbc-therm-adc=340|max77779fg=30000|LITTLE=36000|soc=0|smpl_gm=0|vdroop1=0|batoilo=0|batoilo2=0|batt_vs=29997|mdis_morepower=0|thb_hda=51|cp_on_chip_0=33000|cp_on_chip_1=34000|G3D=35000|cp_on_chip_2=35000|cp_on_chip_3=33000|cp_on_chip_4=33000|rf2_therm=31000|rf1_therm=32000|ISP=35000|TPU=35000|AUR=35000|rfpa_therm=31327|quiet_therm=31928|charging_therm=33731|,BIG=36000|MID=37000|usb_pwr_therm=29368|btmspkr_therm=29390|disp_therm=29413|north_therm=30414|soc_therm=33798|battery=30000|battery_cycle=5|dc-mains=34000|usbc-therm-adc=340|max77779fg=30000|LITTLE=36000|soc=0|smpl_gm=0|vdroop1=0|batoilo=0|batoilo2=0|batt_vs=29997|mdis_morepower=0|thb_hda=51|cp_on_chip_0=33000|cp_on_chip_1=34000|G3D=35000|cp_on_chip_2=35000|cp_on_chip_3=33000|cp_on_chip_4=33000|rf2_therm=31000|rf1_therm=32000|ISP=35000|TPU=35000|AUR=35000|rfpa_therm=31305|quiet_therm=31950|charging_therm=33776|,thermal_rise,1,batched,untouched,4096,2048,8,1,15421,0,3459,0,4,4,ok
1,16,nvhe,4,1795000,578000,37000,41000,BIG=36000|MID=36000|usb_pwr_therm=29368|btmspkr_therm=29390|disp_therm=29413|north_therm=30414|soc_therm=33798|battery=30000|battery_cycle=5|dc-mains=34000|usbc-therm-adc=340|max77779fg=30000|LITTLE=36000|soc=0|smpl_gm=0|vdroop1=0|batoilo=0|batoilo2=0|batt_vs=29997|mdis_morepower=0|thb_hda=51|cp_on_chip_0=33000|cp_on_chip_1=34000|G3D=35000|cp_on_chip_2=35000|cp_on_chip_3=33000|cp_on_chip_4=33000|rf2_therm=31000|rf1_therm=32000|ISP=35000|TPU=35000|AUR=35000|rfpa_therm=31327|quiet_therm=31928|charging_therm=33731|,BIG=36000|MID=37000|usb_pwr_therm=29368|btmspkr_therm=29390|disp_therm=29413|north_therm=30414|soc_therm=33798|battery=30000|battery_cycle=5|dc-mains=34000|usbc-therm-adc=340|max77779fg=30000|LITTLE=36000|soc=0|smpl_gm=0|vdroop1=0|batoilo=0|batoilo2=0|batt_vs=29997|mdis_morepower=0|thb_hda=51|cp_on_chip_0=33000|cp_on_chip_1=34000|G3D=35000|cp_on_chip_2=35000|cp_on_chip_3=33000|cp_on_chip_4=33000|rf2_therm=31000|rf1_therm=32000|ISP=35000|TPU=35000|AUR=35000|rfpa_therm=31305|quiet_therm=31950|charging_therm=33776|,thermal_rise,1,batched,untouched,4096,2048,9,1,15137,0,3621,0,4,4,ok
