block_id,task_index,mode_label,cpu_target,freq_before_khz,freq_after_khz,thermal_before_mc,thermal_after_mc,thermal_detail_before,thermal_detail_after,reject_reason,schema_version,mode,touch,page_size,pages,run_index,op_count,setup_elapsed_ns,setup_minor_faults_delta,elapsed_ns,timed_minor_faults_delta,cpu_before,cpu_after,status
1,1,nvhe,4,578000,1795000,37000,37000,BIG=35000|MID=37000|usb_pwr_therm=30281|btmspkr_therm=30214|disp_therm=30192|north_therm=30904|soc_therm=33286|battery=30500|battery_cycle=5|dc-mains=34000|usbc-therm-adc=340|max77779fg=30500|LITTLE=36000|soc=16|smpl_gm=0|vdroop1=0|batoilo=0|batoilo2=0|batt_vs=30492|mdis_morepower=0|thb_hda=51|cp_on_chip_0=33000|cp_on_chip_1=34000|G3D=35000|cp_on_chip_2=35000|cp_on_chip_3=33000|cp_on_chip_4=33000|rf2_therm=31000|rf1_therm=32000|ISP=34000|TPU=35000|AUR=35000|rfpa_therm=31661|quiet_therm=32062|charging_therm=33642|,BIG=37000|MID=37000|usb_pwr_therm=30281|btmspkr_therm=30214|disp_therm=30192|north_therm=30904|soc_therm=33330|battery=30500|battery_cycle=5|dc-mains=34000|usbc-therm-adc=340|max77779fg=30500|LITTLE=36000|soc=16|smpl_gm=0|vdroop1=0|batoilo=0|batoilo2=0|batt_vs=30493|mdis_morepower=0|thb_hda=51|cp_on_chip_0=33000|cp_on_chip_1=34000|G3D=35000|cp_on_chip_2=35000|cp_on_chip_3=33000|cp_on_chip_4=33000|rf2_therm=31000|rf1_therm=32000|ISP=34000|TPU=35000|AUR=35000|rfpa_therm=31661|quiet_therm=32062|charging_therm=33642|,ok,1,batched,untouched,4096,256,0,1,12044,0,1505,0,4,4,ok
1,1,nvhe,4,578000,1795000,37000,37000,BIG=35000|MID=37000|usb_pwr_therm=30281|btmspkr_therm=30214|disp_therm=30192|north_therm=30904|soc_therm=33286|battery=30500|battery_cycle=5|dc-mains=34000|usbc-therm-adc=340|max77779fg=30500|LITTLE=36000|soc=16|smpl_gm=0|vdroop1=0|batoilo=0|batoilo2=0|batt_vs=30492|mdis_morepower=0|thb_hda=51|cp_on_chip_0=33000|cp_on_chip_1=34000|G3D=35000|cp_on_chip_2=35000|cp_on_chip_3=33000|cp_on_chip_4=33000|rf2_therm=31000|rf1_therm=32000|ISP=34000|TPU=35000|AUR=35000|rfpa_therm=31661|quiet_therm=32062|charging_therm=33642|,BIG=37000|MID=37000|usb_pwr_therm=30281|btmspkr_therm=30214|disp_therm=30192|north_therm=30904|soc_therm=33330|battery=30500|battery_cycle=5|dc-mains=34000|usbc-therm-adc=340|max77779fg=30500|LITTLE=36000|soc=16|smpl_gm=0|vdroop1=0|batoilo=0|batoilo2=0|batt_vs=30493|mdis_morepower=0|thb_hda=51|cp_on_chip_0=33000|cp_on_chip_1=34000|G3D=35000|cp_on_chip_2=35000|cp_on_chip_3=33000|cp_on_chip_4=33000|rf2_therm=31000|rf1_therm=32000|ISP=34000|TPU=35000|AUR=35000|rfpa_therm=31661|quiet_therm=32062|charging_therm=33642|,ok,1,batched,untouched,4096,256,1,1,7528,0,936,0,4,4,ok
1,1,nvhe,4,578000,1795000,37000,37000,BIG=35000|MID=37000|usb_pwr_therm=30281|btmspkr_therm=30214|disp_therm=30192|north_therm=30904|soc_therm=33286|battery=30500|battery_cycle=5|dc-mains=34000|usbc-therm-adc=340|max77779fg=30500|LITTLE=36000|soc=16|smpl_gm=0|vdroop1=0|batoilo=0|batoilo2=0|batt_vs=30492|mdis_morepower=0|thb_hda=51|cp_on_chip_0=33000|cp_on_chip_1=34000|G3D=35000|cp_on_chip_2=35000|cp_on_chip_3=33000|cp_on_chip_4=33000|rf2_therm=31000|rf1_therm=32000|ISP=34000|TPU=35000|AUR=35000|rfpa_therm=31661|quiet_therm=32062|charging_therm=33642|,BIG=37000|MID=37000|usb_pwr_therm=30281|btmspkr_therm=30214|disp_therm=30192|north_therm=30904|soc_therm=33330|battery=30500|battery_cycle=5|dc-mains=34000|usbc-therm-adc=340|max77779fg=30500|LITTLE=36000|soc=16|smpl_gm=0|vdroop1=0|batoilo=0|batoilo2=0|batt_vs=30493|mdis_morepower=0|thb_hda=51|cp_on_chip_0=33000|cp_on_chip_1=34000|G3D=35000|cp_on_chip_2=35000|cp_on_chip_3=33000|cp_on_chip_4=33000|rf2_therm=31000|rf1_therm=32000|ISP=34000|TPU=35000|AUR=35000|rfpa_therm=31661|quiet_therm=32062|charging_therm=33642|,ok,1,batched,untouched,4096,256,2,1,6917,0,855,0,4,4,ok
1,1,nvhe,4,578000,1795000,37000,37000,BIG=35000|MID=37000|usb_pwr_therm=30281|btmspkr_therm=30214|disp_therm=30192|north_therm=30904|soc_therm=33286|battery=30500|battery_cycle=5|dc-mains=34000|usbc-therm-adc=340|max77779fg=30500|LITTLE=36000|soc=16|smpl_gm=0|vdroop1=0|batoilo=0|batoilo2=0|batt_vs=30492|mdis_morepower=0|thb_hda=51|cp_on_chip_0=33000|cp_on_chip_1=34000|G3D=35000|cp_on_chip_2=35000|cp_on_chip_3=33000|cp_on_chip_4=33000|rf2_therm=31000|rf1_therm=32000|ISP=34000|TPU=35000|AUR=35000|rfpa_therm=31661|quiet_therm=32062|charging_therm=33642|,BIG=37000|MID=37000|usb_pwr_therm=30281|btmspkr_therm=30214|disp_therm=30192|north_therm=30904|soc_therm=33330|battery=30500|battery_cycle=5|dc-mains=34000|usbc-therm-adc=340|max77779fg=30500|LITTLE=36000|soc=16|smpl_gm=0|vdroop1=0|batoilo=0|batoilo2=0|batt_vs=30493|mdis_morepower=0|thb_hda=51|cp_on_chip_0=33000|cp_on_chip_1=34000|G3D=35000|cp_on_chip_2=35000|cp_on_chip_3=33000|cp_on_chip_4=33000|rf2_therm=31000|rf1_therm=32000|ISP=34000|TPU=35000|AUR=35000|rfpa_therm=31661|quiet_therm=32062|charging_therm=33642|,ok,1,batched,untouched,4096,256,3,1,5330,0,774,0,4,4,ok
1,1,nvhe,4,578000,1795000,37000,37000,BIG=35000|MID=37000|usb_pwr_therm=30281|btmspkr_therm=30214|disp_therm=30192|north_therm=30904|soc_therm=33286|battery=30500|battery_cycle=5|dc-mains=34000|usbc-therm-adc=340|max77779fg=30500|LITTLE=36000|soc=16|smpl_gm=0|vdroop1=0|batoilo=0|batoilo2=0|batt_vs=30492|mdis_morepower=0|thb_hda=51|cp_on_chip_0=33000|cp_on_chip_1=34000|G3D=35000|cp_on_chip_2=35000|cp_on_chip_3=33000|cp_on_chip_4=33000|rf2_therm=31000|rf1_therm=32000|ISP=34000|TPU=35000|AUR=35000|rfpa_therm=31661|quiet_therm=32062|charging_therm=33642|,BIG=37000|MID=37000|usb_pwr_therm=30281|btmspkr_therm=30214|disp_therm=30192|north_therm=30904|soc_therm=33330|battery=30500|battery_cycle=5|dc-mains=34000|usbc-therm-adc=340|max77779fg=30500|LITTLE=36000|soc=16|smpl_gm=0|vdroop1=0|batoilo=0|batoilo2=0|batt_vs=30493|mdis_morepower=0|thb_hda=51|cp_on_chip_0=33000|cp_on_chip_1=34000|G3D=35000|cp_on_chip_2=35000|cp_on_chip_3=33000|cp_on_chip_4=33000|rf2_therm=31000|rf1_therm=32000|ISP=34000|TPU=35000|AUR=35000|rfpa_therm=31661|quiet_therm=32062|charging_therm=33642|,ok,1,batched,untouched,4096,256,4,1,6754,0,814,0,4,4,ok
1,1,nvhe,4,578000,1795000,37000,37000,BIG=35000|MID=37000|usb_pwr_therm=30281|btmspkr_therm=30214|disp_therm=30192|north_therm=30904|soc_therm=33286|battery=30500|battery_cycle=5|dc-mains=34000|usbc-therm-adc=340|max77779fg=30500|LITTLE=36000|soc=16|smpl_gm=0|vdroop1=0|batoilo=0|batoilo2=0|batt_vs=30492|mdis_morepower=0|thb_hda=51|cp_on_chip_0=33000|cp_on_chip_1=34000|G3D=35000|cp_on_chip_2=35000|cp_on_chip_3=33000|cp_on_chip_4=33000|rf2_therm=31000|rf1_therm=32000|ISP=34000|TPU=35000|AUR=35000|rfpa_therm=31661|quiet_therm=32062|charging_therm=33642|,BIG=37000|MID=37000|usb_pwr_therm=30281|btmspkr_therm=30214|disp_therm=30192|north_therm=30904|soc_therm=33330|battery=30500|battery_cycle=5|dc-mains=34000|usbc-therm-adc=340|max77779fg=30500|LITTLE=36000|soc=16|smpl_gm=0|vdroop1=0|batoilo=0|batoilo2=0|batt_vs=30493|mdis_morepower=0|thb_hda=51|cp_on_chip_0=33000|cp_on_chip_1=34000|G3D=35000|cp_on_chip_2=35000|cp_on_chip_3=33000|cp_on_chip_4=33000|rf2_therm=31000|rf1_therm=32000|ISP=34000|TPU=35000|AUR=35000|rfpa_therm=31661|quiet_therm=32062|charging_therm=33642|,ok,1,batched,untouched,4096,256,5,1,6999,0,814,0,4,4,ok
1,1,nvhe,4,578000,1795000,37000,37000,BIG=35000|MID=37000|usb_pwr_therm=30281|btmspkr_therm=30214|disp_therm=30192|north_therm=30904|soc_therm=33286|battery=30500|battery_cycle=5|dc-mains=34000|usbc-therm-adc=340|max77779fg=30500|LITTLE=36000|soc=16|smpl_gm=0|vdroop1=0|batoilo=0|batoilo2=0|batt_vs=30492|mdis_morepower=0|thb_hda=51|cp_on_chip_0=33000|cp_on_chip_1=34000|G3D=35000|cp_on_chip_2=35000|cp_on_chip_3=33000|cp_on_chip_4=33000|rf2_therm=31000|rf1_therm=32000|ISP=34000|TPU=35000|AUR=35000|rfpa_therm=31661|quiet_therm=32062|charging_therm=33642|,BIG=37000|MID=37000|usb_pwr_therm=30281|btmspkr_therm=30214|disp_therm=30192|north_therm=30904|soc_therm=33330|battery=30500|battery_cycle=5|dc-mains=34000|usbc-therm-adc=340|max77779fg=30500|LITTLE=36000|soc=16|smpl_gm=0|vdroop1=0|batoilo=0|batoilo2=0|batt_vs=30493|mdis_morepower=0|thb_hda=51|cp_on_chip_0=33000|cp_on_chip_1=34000|G3D=35000|cp_on_chip_2=35000|cp_on_chip_3=33000|cp_on_chip_4=33000|rf2_therm=31000|rf1_therm=32000|ISP=34000|TPU=35000|AUR=35000|rfpa_therm=31661|quiet_therm=32062|charging_therm=33642|,ok,1,batched,untouched,4096,256,6,1,7935,0,814,0,4,4,ok
1,1,nvhe,4,578000,1795000,37000,37000,BIG=35000|MID=37000|usb_pwr_therm=30281|btmspkr_therm=30214|disp_therm=30192|north_therm=30904|soc_therm=33286|battery=30500|battery_cycle=5|dc-mains=34000|usbc-therm-adc=340|max77779fg=30500|LITTLE=36000|soc=16|smpl_gm=0|vdroop1=0|batoilo=0|batoilo2=0|batt_vs=30492|mdis_morepower=0|thb_hda=51|cp_on_chip_0=33000|cp_on_chip_1=34000|G3D=35000|cp_on_chip_2=35000|cp_on_chip_3=33000|cp_on_chip_4=33000|rf2_therm=31000|rf1_therm=32000|ISP=34000|TPU=35000|AUR=35000|rfpa_therm=31661|quiet_therm=32062|charging_therm=33642|,BIG=37000|MID=37000|usb_pwr_therm=30281|btmspkr_therm=30214|disp_therm=30192|north_therm=30904|soc_therm=33330|battery=30500|battery_cycle=5|dc-mains=34000|usbc-therm-adc=340|max77779fg=30500|LITTLE=36000|soc=16|smpl_gm=0|vdroop1=0|batoilo=0|batoilo2=0|batt_vs=30493|mdis_morepower=0|thb_hda=51|cp_on_chip_0=33000|cp_on_chip_1=34000|G3D=35000|cp_on_chip_2=35000|cp_on_chip_3=33000|cp_on_chip_4=33000|rf2_therm=31000|rf1_therm=32000|ISP=34000|TPU=35000|AUR=35000|rfpa_therm=31661|quiet_therm=32062|charging_therm=33642|,ok,1,batched,untouched,4096,256,7,1,5290,0,773,0,4,4,ok
1,1,nvhe,4,578000,1795000,37000,37000,BIG=35000|MID=37000|usb_pwr_therm=30281|btmspkr_therm=30214|disp_therm=30192|north_therm=30904|soc_therm=33286|battery=30500|battery_cycle=5|dc-mains=34000|usbc-therm-adc=340|max77779fg=30500|LITTLE=36000|soc=16|smpl_gm=0|vdroop1=0|batoilo=0|batoilo2=0|batt_vs=30492|mdis_morepower=0|thb_hda=51|cp_on_chip_0=33000|cp_on_chip_1=34000|G3D=35000|cp_on_chip_2=35000|cp_on_chip_3=33000|cp_on_chip_4=33000|rf2_therm=31000|rf1_therm=32000|ISP=34000|TPU=35000|AUR=35000|rfpa_therm=31661|quiet_therm=32062|charging_therm=33642|,BIG=37000|MID=37000|usb_pwr_therm=30281|btmspkr_therm=30214|disp_therm=30192|north_therm=30904|soc_therm=33330|battery=30500|battery_cycle=5|dc-mains=34000|usbc-therm-adc=340|max77779fg=30500|LITTLE=36000|soc=16|smpl_gm=0|vdroop1=0|batoilo=0|batoilo2=0|batt_vs=30493|mdis_morepower=0|thb_hda=51|cp_on_chip_0=33000|cp_on_chip_1=34000|G3D=35000|cp_on_chip_2=35000|cp_on_chip_3=33000|cp_on_chip_4=33000|rf2_therm=31000|rf1_therm=32000|ISP=34000|TPU=35000|AUR=35000|rfpa_therm=31661|quiet_therm=32062|charging_therm=33642|,ok,1,batched,untouched,4096,256,8,1,7894,0,814,0,4,4,ok
1,1,nvhe,4,578000,1795000,37000,37000,BIG=35000|MID=37000|usb_pwr_therm=30281|btmspkr_therm=30214|disp_therm=30192|north_therm=30904|soc_therm=33286|battery=30500|battery_cycle=5|dc-mains=34000|usbc-therm-adc=340|max77779fg=30500|LITTLE=36000|soc=16|smpl_gm=0|vdroop1=0|batoilo=0|batoilo2=0|batt_vs=30492|mdis_morepower=0|thb_hda=51|cp_on_chip_0=33000|cp_on_chip_1=34000|G3D=35000|cp_on_chip_2=35000|cp_on_chip_3=33000|cp_on_chip_4=33000|rf2_therm=31000|rf1_therm=32000|ISP=34000|TPU=35000|AUR=35000|rfpa_therm=31661|quiet_therm=32062|charging_therm=33642|,BIG=37000|MID=37000|usb_pwr_therm=30281|btmspkr_therm=30214|disp_therm=30192|north_therm=30904|soc_therm=33330|battery=30500|battery_cycle=5|dc-mains=34000|usbc-therm-adc=340|max77779fg=30500|LITTLE=36000|soc=16|smpl_gm=0|vdroop1=0|batoilo=0|batoilo2=0|batt_vs=30493|mdis_morepower=0|thb_hda=51|cp_on_chip_0=33000|cp_on_chip_1=34000|G3D=35000|cp_on_chip_2=35000|cp_on_chip_3=33000|cp_on_chip_4=33000|rf2_therm=31000|rf1_therm=32000|ISP=34000|TPU=35000|AUR=35000|rfpa_therm=31661|quiet_therm=32062|charging_therm=33642|,ok,1,batched,untouched,4096,256,9,1,5859,0,855,0,4,4,ok
1,1,nvhe,4,578000,1795000,37000,37000,BIG=35000|MID=37000|usb_pwr_therm=30281|btmspkr_therm=30214|disp_therm=30192|north_therm=30904|soc_therm=33286|battery=30500|battery_cycle=5|dc-mains=34000|usbc-therm-adc=340|max77779fg=30500|LITTLE=36000|soc=16|smpl_gm=0|vdroop1=0|batoilo=0|batoilo2=0|batt_vs=30492|mdis_morepower=0|thb_hda=51|cp_on_chip_0=33000|cp_on_chip_1=34000|G3D=35000|cp_on_chip_2=35000|cp_on_chip_3=33000|cp_on_chip_4=33000|rf2_therm=31000|rf1_therm=32000|ISP=34000|TPU=35000|AUR=35000|rfpa_therm=31661|quiet_therm=32062|charging_therm=33642|,BIG=37000|MID=37000|usb_pwr_therm=30281|btmspkr_therm=30214|disp_therm=30192|north_therm=30904|soc_therm=33330|battery=30500|battery_cycle=5|dc-mains=34000|usbc-therm-adc=340|max77779fg=30500|LITTLE=36000|soc=16|smpl_gm=0|vdroop1=0|batoilo=0|batoilo2=0|batt_vs=30493|mdis_morepower=0|thb_hda=51|cp_on_chip_0=33000|cp_on_chip_1=34000|G3D=35000|cp_on_chip_2=35000|cp_on_chip_3=33000|cp_on_chip_4=33000|rf2_therm=31000|rf1_therm=32000|ISP=34000|TPU=35000|AUR=35000|rfpa_therm=31661|quiet_therm=32062|charging_therm=33642|,ok,1,batched,untouched,4096,256,10,1,7405,0,814,0,4,4,ok
1,1,nvhe,4,578000,1795000,37000,37000,BIG=35000|MID=37000|usb_pwr_therm=30281|btmspkr_therm=30214|disp_therm=30192|north_therm=30904|soc_therm=33286|battery=30500|battery_cycle=5|dc-mains=34000|usbc-therm-adc=340|max77779fg=30500|LITTLE=36000|soc=16|smpl_gm=0|vdroop1=0|batoilo=0|batoilo2=0|batt_vs=30492|mdis_morepower=0|thb_hda=51|cp_on_chip_0=33000|cp_on_chip_1=34000|G3D=35000|cp_on_chip_2=35000|cp_on_chip_3=33000|cp_on_chip_4=33000|rf2_therm=31000|rf1_therm=32000|ISP=34000|TPU=35000|AUR=35000|rfpa_therm=31661|quiet_therm=32062|charging_therm=33642|,BIG=37000|MID=37000|usb_pwr_therm=30281|btmspkr_therm=30214|disp_therm=30192|north_therm=30904|soc_therm=33330|battery=30500|battery_cycle=5|dc-mains=34000|usbc-therm-adc=340|max77779fg=30500|LITTLE=36000|soc=16|smpl_gm=0|vdroop1=0|batoilo=0|batoilo2=0|batt_vs=30493|mdis_morepower=0|thb_hda=51|cp_on_chip_0=33000|cp_on_chip_1=34000|G3D=35000|cp_on_chip_2=35000|cp_on_chip_3=33000|cp_on_chip_4=33000|rf2_therm=31000|rf1_therm=32000|ISP=34000|TPU=35000|AUR=35000|rfpa_therm=31661|quiet_therm=32062|charging_therm=33642|,ok,1,batched,untouched,4096,256,11,1,6917,0,854,0,4,4,ok
1,1,nvhe,4,578000,1795000,37000,37000,BIG=35000|MID=37000|usb_pwr_therm=30281|btmspkr_therm=30214|disp_therm=30192|north_therm=30904|soc_therm=33286|battery=30500|battery_cycle=5|dc-mains=34000|usbc-therm-adc=340|max77779fg=30500|LITTLE=36000|soc=16|smpl_gm=0|vdroop1=0|batoilo=0|batoilo2=0|batt_vs=30492|mdis_morepower=0|thb_hda=51|cp_on_chip_0=33000|cp_on_chip_1=34000|G3D=35000|cp_on_chip_2=35000|cp_on_chip_3=33000|cp_on_chip_4=33000|rf2_therm=31000|rf1_therm=32000|ISP=34000|TPU=35000|AUR=35000|rfpa_therm=31661|quiet_therm=32062|charging_therm=33642|,BIG=37000|MID=37000|usb_pwr_therm=30281|btmspkr_therm=30214|disp_therm=30192|north_therm=30904|soc_therm=33330|battery=30500|battery_cycle=5|dc-mains=34000|usbc-therm-adc=340|max77779fg=30500|LITTLE=36000|soc=16|smpl_gm=0|vdroop1=0|batoilo=0|batoilo2=0|batt_vs=30493|mdis_morepower=0|thb_hda=51|cp_on_chip_0=33000|cp_on_chip_1=34000|G3D=35000|cp_on_chip_2=35000|cp_on_chip_3=33000|cp_on_chip_4=33000|rf2_therm=31000|rf1_therm=32000|ISP=34000|TPU=35000|AUR=35000|rfpa_therm=31661|quiet_therm=32062|charging_therm=33642|,ok,1,batched,untouched,4096,256,12,1,5656,0,773,0,4,4,ok
1,1,nvhe,4,578000,1795000,37000,37000,BIG=35000|MID=37000|usb_pwr_therm=30281|btmspkr_therm=30214|disp_therm=30192|north_therm=30904|soc_therm=33286|battery=30500|battery_cycle=5|dc-mains=34000|usbc-therm-adc=340|max77779fg=30500|LITTLE=36000|soc=16|smpl_gm=0|vdroop1=0|batoilo=0|batoilo2=0|batt_vs=30492|mdis_morepower=0|thb_hda=51|cp_on_chip_0=33000|cp_on_chip_1=34000|G3D=35000|cp_on_chip_2=35000|cp_on_chip_3=33000|cp_on_chip_4=33000|rf2_therm=31000|rf1_therm=32000|ISP=34000|TPU=35000|AUR=35000|rfpa_therm=31661|quiet_therm=32062|charging_therm=33642|,BIG=37000|MID=37000|usb_pwr_therm=30281|btmspkr_therm=30214|disp_therm=30192|north_therm=30904|soc_therm=33330|battery=30500|battery_cycle=5|dc-mains=34000|usbc-therm-adc=340|max77779fg=30500|LITTLE=36000|soc=16|smpl_gm=0|vdroop1=0|batoilo=0|batoilo2=0|batt_vs=30493|mdis_morepower=0|thb_hda=51|cp_on_chip_0=33000|cp_on_chip_1=34000|G3D=35000|cp_on_chip_2=35000|cp_on_chip_3=33000|cp_on_chip_4=33000|rf2_therm=31000|rf1_therm=32000|ISP=34000|TPU=35000|AUR=35000|rfpa_therm=31661|quiet_therm=32062|charging_therm=33642|,ok,1,batched,untouched,4096,256,13,1,7650,0,855,0,4,4,ok
1,1,nvhe,4,578000,1795000,37000,37000,BIG=35000|MID=37000|usb_pwr_therm=30281|btmspkr_therm=30214|disp_therm=30192|north_therm=30904|soc_therm=33286|battery=30500|battery_cycle=5|dc-mains=34000|usbc-therm-adc=340|max77779fg=30500|LITTLE=36000|soc=16|smpl_gm=0|vdroop1=0|batoilo=0|batoilo2=0|batt_vs=30492|mdis_morepower=0|thb_hda=51|cp_on_chip_0=33000|cp_on_chip_1=34000|G3D=35000|cp_on_chip_2=35000|cp_on_chip_3=33000|cp_on_chip_4=33000|rf2_therm=31000|rf1_therm=32000|ISP=34000|TPU=35000|AUR=35000|rfpa_therm=31661|quiet_therm=32062|charging_therm=33642|,BIG=37000|MID=37000|usb_pwr_therm=30281|btmspkr_therm=30214|disp_therm=30192|north_therm=30904|soc_therm=33330|battery=30500|battery_cycle=5|dc-mains=34000|usbc-therm-adc=340|max77779fg=30500|LITTLE=36000|soc=16|smpl_gm=0|vdroop1=0|batoilo=0|batoilo2=0|batt_vs=30493|mdis_morepower=0|thb_hda=51|cp_on_chip_0=33000|cp_on_chip_1=34000|G3D=35000|cp_on_chip_2=35000|cp_on_chip_3=33000|cp_on_chip_4=33000|rf2_therm=31000|rf1_therm=32000|ISP=34000|TPU=35000|AUR=35000|rfpa_therm=31661|quiet_therm=32062|charging_therm=33642|,ok,1,batched,untouched,4096,256,14,1,15625,0,814,0,4,4,ok
1,1,nvhe,4,578000,1795000,37000,37000,BIG=35000|MID=37000|usb_pwr_therm=30281|btmspkr_therm=30214|disp_therm=30192|north_therm=30904|soc_therm=33286|battery=30500|battery_cycle=5|dc-mains=34000|usbc-therm-adc=340|max77779fg=30500|LITTLE=36000|soc=16|smpl_gm=0|vdroop1=0|batoilo=0|batoilo2=0|batt_vs=30492|mdis_morepower=0|thb_hda=51|cp_on_chip_0=33000|cp_on_chip_1=34000|G3D=35000|cp_on_chip_2=35000|cp_on_chip_3=33000|cp_on_chip_4=33000|rf2_therm=31000|rf1_therm=32000|ISP=34000|TPU=35000|AUR=35000|rfpa_therm=31661|quiet_therm=32062|charging_therm=33642|,BIG=37000|MID=37000|usb_pwr_therm=30281|btmspkr_therm=30214|disp_therm=30192|north_therm=30904|soc_therm=33330|battery=30500|battery_cycle=5|dc-mains=34000|usbc-therm-adc=340|max77779fg=30500|LITTLE=36000|soc=16|smpl_gm=0|vdroop1=0|batoilo=0|batoilo2=0|batt_vs=30493|mdis_morepower=0|thb_hda=51|cp_on_chip_0=33000|cp_on_chip_1=34000|G3D=35000|cp_on_chip_2=35000|cp_on_chip_3=33000|cp_on_chip_4=33000|rf2_therm=31000|rf1_therm=32000|ISP=34000|TPU=35000|AUR=35000|rfpa_therm=31661|quiet_therm=32062|charging_therm=33642|,ok,1,batched,untouched,4096,256,15,1,6510,0,854,0,4,4,ok
1,1,nvhe,4,578000,1795000,37000,37000,BIG=35000|MID=37000|usb_pwr_therm=30281|btmspkr_therm=30214|disp_therm=30192|north_therm=30904|soc_therm=33286|battery=30500|battery_cycle=5|dc-mains=34000|usbc-therm-adc=340|max77779fg=30500|LITTLE=36000|soc=16|smpl_gm=0|vdroop1=0|batoilo=0|batoilo2=0|batt_vs=30492|mdis_morepower=0|thb_hda=51|cp_on_chip_0=33000|cp_on_chip_1=34000|G3D=35000|cp_on_chip_2=35000|cp_on_chip_3=33000|cp_on_chip_4=33000|rf2_therm=31000|rf1_therm=32000|ISP=34000|TPU=35000|AUR=35000|rfpa_therm=31661|quiet_therm=32062|charging_therm=33642|,BIG=37000|MID=37000|usb_pwr_therm=30281|btmspkr_therm=30214|disp_therm=30192|north_therm=30904|soc_therm=33330|battery=30500|battery_cycle=5|dc-mains=34000|usbc-therm-adc=340|max77779fg=30500|LITTLE=36000|soc=16|smpl_gm=0|vdroop1=0|batoilo=0|batoilo2=0|batt_vs=30493|mdis_morepower=0|thb_hda=51|cp_on_chip_0=33000|cp_on_chip_1=34000|G3D=35000|cp_on_chip_2=35000|cp_on_chip_3=33000|cp_on_chip_4=33000|rf2_therm=31000|rf1_therm=32000|ISP=34000|TPU=35000|AUR=35000|rfpa_therm=31661|quiet_therm=32062|charging_therm=33642|,ok,1,batched,untouched,4096,256,16,1,7487,0,814,0,4,4,ok
1,1,nvhe,4,578000,1795000,37000,37000,BIG=35000|MID=37000|usb_pwr_therm=30281|btmspkr_therm=30214|disp_therm=30192|north_therm=30904|soc_therm=33286|battery=30500|battery_cycle=5|dc-mains=34000|usbc-therm-adc=340|max77779fg=30500|LITTLE=36000|soc=16|smpl_gm=0|vdroop1=0|batoilo=0|batoilo2=0|batt_vs=30492|mdis_morepower=0|thb_hda=51|cp_on_chip_0=33000|cp_on_chip_1=34000|G3D=35000|cp_on_chip_2=35000|cp_on_chip_3=33000|cp_on_chip_4=33000|rf2_therm=31000|rf1_therm=32000|ISP=34000|TPU=35000|AUR=35000|rfpa_therm=31661|quiet_therm=32062|charging_therm=33642|,BIG=37000|MID=37000|usb_pwr_therm=30281|btmspkr_therm=30214|disp_therm=30192|north_therm=30904|soc_therm=33330|battery=30500|battery_cycle=5|dc-mains=34000|usbc-therm-adc=340|max77779fg=30500|LITTLE=36000|soc=16|smpl_gm=0|vdroop1=0|batoilo=0|batoilo2=0|batt_vs=30493|mdis_morepower=0|thb_hda=51|cp_on_chip_0=33000|cp_on_chip_1=34000|G3D=35000|cp_on_chip_2=35000|cp_on_chip_3=33000|cp_on_chip_4=33000|rf2_therm=31000|rf1_therm=32000|ISP=34000|TPU=35000|AUR=35000|rfpa_therm=31661|quiet_therm=32062|charging_therm=33642|,ok,1,batched,untouched,4096,256,17,1,8545,0,814,0,4,4,ok
1,1,nvhe,4,578000,1795000,37000,37000,BIG=35000|MID=37000|usb_pwr_therm=30281|btmspkr_therm=30214|disp_therm=30192|north_therm=30904|soc_therm=33286|battery=30500|battery_cycle=5|dc-mains=34000|usbc-therm-adc=340|max77779fg=30500|LITTLE=36000|soc=16|smpl_gm=0|vdroop1=0|batoilo=0|batoilo2=0|batt_vs=30492|mdis_morepower=0|thb_hda=51|cp_on_chip_0=33000|cp_on_chip_1=34000|G3D=35000|cp_on_chip_2=35000|cp_on_chip_3=33000|cp_on_chip_4=33000|rf2_therm=31000|rf1_therm=32000|ISP=34000|TPU=35000|AUR=35000|rfpa_therm=31661|quiet_therm=32062|charging_therm=33642|,BIG=37000|MID=37000|usb_pwr_therm=30281|btmspkr_therm=30214|disp_therm=30192|north_therm=30904|soc_therm=33330|battery=30500|battery_cycle=5|dc-mains=34000|usbc-therm-adc=340|max77779fg=30500|LITTLE=36000|soc=16|smpl_gm=0|vdroop1=0|batoilo=0|batoilo2=0|batt_vs=30493|mdis_morepower=0|thb_hda=51|cp_on_chip_0=33000|cp_on_chip_1=34000|G3D=35000|cp_on_chip_2=35000|cp_on_chip_3=33000|cp_on_chip_4=33000|rf2_therm=31000|rf1_therm=32000|ISP=34000|TPU=35000|AUR=35000|rfpa_therm=31661|quiet_therm=32062|charging_therm=33642|,ok,1,batched,untouched,4096,256,18,1,5086,0,855,0,4,4,ok
1,1,nvhe,4,578000,1795000,37000,37000,BIG=35000|MID=37000|usb_pwr_therm=30281|btmspkr_therm=30214|disp_therm=30192|north_therm=30904|soc_therm=33286|battery=30500|battery_cycle=5|dc-mains=34000|usbc-therm-adc=340|max77779fg=30500|LITTLE=36000|soc=16|smpl_gm=0|vdroop1=0|batoilo=0|batoilo2=0|batt_vs=30492|mdis_morepower=0|thb_hda=51|cp_on_chip_0=33000|cp_on_chip_1=34000|G3D=35000|cp_on_chip_2=35000|cp_on_chip_3=33000|cp_on_chip_4=33000|rf2_therm=31000|rf1_therm=32000|ISP=34000|TPU=35000|AUR=35000|rfpa_therm=31661|quiet_therm=32062|charging_therm=33642|,BIG=37000|MID=37000|usb_pwr_therm=30281|btmspkr_therm=30214|disp_therm=30192|north_therm=30904|soc_therm=33330|battery=30500|battery_cycle=5|dc-mains=34000|usbc-therm-adc=340|max77779fg=30500|LITTLE=36000|soc=16|smpl_gm=0|vdroop1=0|batoilo=0|batoilo2=0|batt_vs=30493|mdis_morepower=0|thb_hda=51|cp_on_chip_0=33000|cp_on_chip_1=34000|G3D=35000|cp_on_chip_2=35000|cp_on_chip_3=33000|cp_on_chip_4=33000|rf2_therm=31000|rf1_therm=32000|ISP=34000|TPU=35000|AUR=35000|rfpa_therm=31661|quiet_therm=32062|charging_therm=33642|,ok,1,batched,untouched,4096,256,19,1,6185,0,814,0,4,4,ok
1,1,nvhe,4,578000,1795000,37000,37000,BIG=35000|MID=37000|usb_pwr_therm=30281|btmspkr_therm=30214|disp_therm=30192|north_therm=30904|soc_therm=33286|battery=30500|battery_cycle=5|dc-mains=34000|usbc-therm-adc=340|max77779fg=30500|LITTLE=36000|soc=16|smpl_gm=0|vdroop1=0|batoilo=0|batoilo2=0|batt_vs=30492|mdis_morepower=0|thb_hda=51|cp_on_chip_0=33000|cp_on_chip_1=34000|G3D=35000|cp_on_chip_2=35000|cp_on_chip_3=33000|cp_on_chip_4=33000|rf2_therm=31000|rf1_therm=32000|ISP=34000|TPU=35000|AUR=35000|rfpa_therm=31661|quiet_therm=32062|charging_therm=33642|,BIG=37000|MID=37000|usb_pwr_therm=30281|btmspkr_therm=30214|disp_therm=30192|north_therm=30904|soc_therm=33330|battery=30500|battery_cycle=5|dc-mains=34000|usbc-therm-adc=340|max77779fg=30500|LITTLE=36000|soc=16|smpl_gm=0|vdroop1=0|batoilo=0|batoilo2=0|batt_vs=30493|mdis_morepower=0|thb_hda=51|cp_on_chip_0=33000|cp_on_chip_1=34000|G3D=35000|cp_on_chip_2=35000|cp_on_chip_3=33000|cp_on_chip_4=33000|rf2_therm=31000|rf1_therm=32000|ISP=34000|TPU=35000|AUR=35000|rfpa_therm=31661|quiet_therm=32062|charging_therm=33642|,ok,1,batched,untouched,4096,256,20,1,5818,0,813,0,4,4,ok
1,1,nvhe,4,578000,1795000,37000,37000,BIG=35000|MID=37000|usb_pwr_therm=30281|btmspkr_therm=30214|disp_therm=30192|north_therm=30904|soc_therm=33286|battery=30500|battery_cycle=5|dc-mains=34000|usbc-therm-adc=340|max77779fg=30500|LITTLE=36000|soc=16|smpl_gm=0|vdroop1=0|batoilo=0|batoilo2=0|batt_vs=30492|mdis_morepower=0|thb_hda=51|cp_on_chip_0=33000|cp_on_chip_1=34000|G3D=35000|cp_on_chip_2=35000|cp_on_chip_3=33000|cp_on_chip_4=33000|rf2_therm=31000|rf1_therm=32000|ISP=34000|TPU=35000|AUR=35000|rfpa_therm=31661|quiet_therm=32062|charging_therm=33642|,BIG=37000|MID=37000|usb_pwr_therm=30281|btmspkr_therm=30214|disp_therm=30192|north_therm=30904|soc_therm=33330|battery=30500|battery_cycle=5|dc-mains=34000|usbc-therm-adc=340|max77779fg=30500|LITTLE=36000|soc=16|smpl_gm=0|vdroop1=0|batoilo=0|batoilo2=0|batt_vs=30493|mdis_morepower=0|thb_hda=51|cp_on_chip_0=33000|cp_on_chip_1=34000|G3D=35000|cp_on_chip_2=35000|cp_on_chip_3=33000|cp_on_chip_4=33000|rf2_therm=31000|rf1_therm=32000|ISP=34000|TPU=35000|AUR=35000|rfpa_therm=31661|quiet_therm=32062|charging_therm=33642|,ok,1,batched,untouched,4096,256,21,1,7568,0,814,0,4,4,ok
1,1,nvhe,4,578000,1795000,37000,37000,BIG=35000|MID=37000|usb_pwr_therm=30281|btmspkr_therm=30214|disp_therm=30192|north_therm=30904|soc_therm=33286|battery=30500|battery_cycle=5|dc-mains=34000|usbc-therm-adc=340|max77779fg=30500|LITTLE=36000|soc=16|smpl_gm=0|vdroop1=0|batoilo=0|batoilo2=0|batt_vs=30492|mdis_morepower=0|thb_hda=51|cp_on_chip_0=33000|cp_on_chip_1=34000|G3D=35000|cp_on_chip_2=35000|cp_on_chip_3=33000|cp_on_chip_4=33000|rf2_therm=31000|rf1_therm=32000|ISP=34000|TPU=35000|AUR=35000|rfpa_therm=31661|quiet_therm=32062|charging_therm=33642|,BIG=37000|MID=37000|usb_pwr_therm=30281|btmspkr_therm=30214|disp_therm=30192|north_therm=30904|soc_therm=33330|battery=30500|battery_cycle=5|dc-mains=34000|usbc-therm-adc=340|max77779fg=30500|LITTLE=36000|soc=16|smpl_gm=0|vdroop1=0|batoilo=0|batoilo2=0|batt_vs=30493|mdis_morepower=0|thb_hda=51|cp_on_chip_0=33000|cp_on_chip_1=34000|G3D=35000|cp_on_chip_2=35000|cp_on_chip_3=33000|cp_on_chip_4=33000|rf2_therm=31000|rf1_therm=32000|ISP=34000|TPU=35000|AUR=35000|rfpa_therm=31661|quiet_therm=32062|charging_therm=33642|,ok,1,batched,untouched,4096,256,22,1,5778,0,855,0,4,4,ok
1,1,nvhe,4,578000,1795000,37000,37000,BIG=35000|MID=37000|usb_pwr_therm=30281|btmspkr_therm=30214|disp_therm=30192|north_therm=30904|soc_therm=33286|battery=30500|battery_cycle=5|dc-mains=34000|usbc-therm-adc=340|max77779fg=30500|LITTLE=36000|soc=16|smpl_gm=0|vdroop1=0|batoilo=0|batoilo2=0|batt_vs=30492|mdis_morepower=0|thb_hda=51|cp_on_chip_0=33000|cp_on_chip_1=34000|G3D=35000|cp_on_chip_2=35000|cp_on_chip_3=33000|cp_on_chip_4=33000|rf2_therm=31000|rf1_therm=32000|ISP=34000|TPU=35000|AUR=35000|rfpa_therm=31661|quiet_therm=32062|charging_therm=33642|,BIG=37000|MID=37000|usb_pwr_therm=30281|btmspkr_therm=30214|disp_therm=30192|north_therm=30904|soc_therm=33330|battery=30500|battery_cycle=5|dc-mains=34000|usbc-therm-adc=340|max77779fg=30500|LITTLE=36000|soc=16|smpl_gm=0|vdroop1=0|batoilo=0|batoilo2=0|batt_vs=30493|mdis_morepower=0|thb_hda=51|cp_on_chip_0=33000|cp_on_chip_1=34000|G3D=35000|cp_on_chip_2=35000|cp_on_chip_3=33000|cp_on_chip_4=33000|rf2_therm=31000|rf1_therm=32000|ISP=34000|TPU=35000|AUR=35000|rfpa_therm=31661|quiet_therm=32062|charging_therm=33642|,ok,1,batched,untouched,4096,256,23,1,9114,0,854,0,4,4,ok
1,1,nvhe,4,578000,1795000,37000,37000,BIG=35000|MID=37000|usb_pwr_therm=30281|btmspkr_therm=30214|disp_therm=30192|north_therm=30904|soc_therm=33286|battery=30500|battery_cycle=5|dc-mains=34000|usbc-therm-adc=340|max77779fg=30500|LITTLE=36000|soc=16|smpl_gm=0|vdroop1=0|batoilo=0|batoilo2=0|batt_vs=30492|mdis_morepower=0|thb_hda=51|cp_on_chip_0=33000|cp_on_chip_1=34000|G3D=35000|cp_on_chip_2=35000|cp_on_chip_3=33000|cp_on_chip_4=33000|rf2_therm=31000|rf1_therm=32000|ISP=34000|TPU=35000|AUR=35000|rfpa_therm=31661|quiet_therm=32062|charging_therm=33642|,BIG=37000|MID=37000|usb_pwr_therm=30281|btmspkr_therm=30214|disp_therm=30192|north_therm=30904|soc_therm=33330|battery=30500|battery_cycle=5|dc-mains=34000|usbc-therm-adc=340|max77779fg=30500|LITTLE=36000|soc=16|smpl_gm=0|vdroop1=0|batoilo=0|batoilo2=0|batt_vs=30493|mdis_morepower=0|thb_hda=51|cp_on_chip_0=33000|cp_on_chip_1=34000|G3D=35000|cp_on_chip_2=35000|cp_on_chip_3=33000|cp_on_chip_4=33000|rf2_therm=31000|rf1_therm=32000|ISP=34000|TPU=35000|AUR=35000|rfpa_therm=31661|quiet_therm=32062|charging_therm=33642|,ok,1,batched,untouched,4096,256,24,1,7406,0,814,0,4,4,ok
1,1,nvhe,4,578000,1795000,37000,37000,BIG=35000|MID=37000|usb_pwr_therm=30281|btmspkr_therm=30214|disp_therm=30192|north_therm=30904|soc_therm=33286|battery=30500|battery_cycle=5|dc-mains=34000|usbc-therm-adc=340|max77779fg=30500|LITTLE=36000|soc=16|smpl_gm=0|vdroop1=0|batoilo=0|batoilo2=0|batt_vs=30492|mdis_morepower=0|thb_hda=51|cp_on_chip_0=33000|cp_on_chip_1=34000|G3D=35000|cp_on_chip_2=35000|cp_on_chip_3=33000|cp_on_chip_4=33000|rf2_therm=31000|rf1_therm=32000|ISP=34000|TPU=35000|AUR=35000|rfpa_therm=31661|quiet_therm=32062|charging_therm=33642|,BIG=37000|MID=37000|usb_pwr_therm=30281|btmspkr_therm=30214|disp_therm=30192|north_therm=30904|soc_therm=33330|battery=30500|battery_cycle=5|dc-mains=34000|usbc-therm-adc=340|max77779fg=30500|LITTLE=36000|soc=16|smpl_gm=0|vdroop1=0|batoilo=0|batoilo2=0|batt_vs=30493|mdis_morepower=0|thb_hda=51|cp_on_chip_0=33000|cp_on_chip_1=34000|G3D=35000|cp_on_chip_2=35000|cp_on_chip_3=33000|cp_on_chip_4=33000|rf2_therm=31000|rf1_therm=32000|ISP=34000|TPU=35000|AUR=35000|rfpa_therm=31661|quiet_therm=32062|charging_therm=33642|,ok,1,batched,untouched,4096,256,25,1,6836,0,855,0,4,4,ok
1,1,nvhe,4,578000,1795000,37000,37000,BIG=35000|MID=37000|usb_pwr_therm=30281|btmspkr_therm=30214|disp_therm=30192|north_therm=30904|soc_therm=33286|battery=30500|battery_cycle=5|dc-mains=34000|usbc-therm-adc=340|max77779fg=30500|LITTLE=36000|soc=16|smpl_gm=0|vdroop1=0|batoilo=0|batoilo2=0|batt_vs=30492|mdis_morepower=0|thb_hda=51|cp_on_chip_0=33000|cp_on_chip_1=34000|G3D=35000|cp_on_chip_2=35000|cp_on_chip_3=33000|cp_on_chip_4=33000|rf2_therm=31000|rf1_therm=32000|ISP=34000|TPU=35000|AUR=35000|rfpa_therm=31661|quiet_therm=32062|charging_therm=33642|,BIG=37000|MID=37000|usb_pwr_therm=30281|btmspkr_therm=30214|disp_therm=30192|north_therm=30904|soc_therm=33330|battery=30500|battery_cycle=5|dc-mains=34000|usbc-therm-adc=340|max77779fg=30500|LITTLE=36000|soc=16|smpl_gm=0|vdroop1=0|batoilo=0|batoilo2=0|batt_vs=30493|mdis_morepower=0|thb_hda=51|cp_on_chip_0=33000|cp_on_chip_1=34000|G3D=35000|cp_on_chip_2=35000|cp_on_chip_3=33000|cp_on_chip_4=33000|rf2_therm=31000|rf1_therm=32000|ISP=34000|TPU=35000|AUR=35000|rfpa_therm=31661|quiet_therm=32062|charging_therm=33642|,ok,1,batched,untouched,4096,256,26,1,7039,0,855,0,4,4,ok
1,1,nvhe,4,578000,1795000,37000,37000,BIG=35000|MID=37000|usb_pwr_therm=30281|btmspkr_therm=30214|disp_therm=30192|north_therm=30904|soc_therm=33286|battery=30500|battery_cycle=5|dc-mains=34000|usbc-therm-adc=340|max77779fg=30500|LITTLE=36000|soc=16|smpl_gm=0|vdroop1=0|batoilo=0|batoilo2=0|batt_vs=30492|mdis_morepower=0|thb_hda=51|cp_on_chip_0=33000|cp_on_chip_1=34000|G3D=35000|cp_on_chip_2=35000|cp_on_chip_3=33000|cp_on_chip_4=33000|rf2_therm=31000|rf1_therm=32000|ISP=34000|TPU=35000|AUR=35000|rfpa_therm=31661|quiet_therm=32062|charging_therm=33642|,BIG=37000|MID=37000|usb_pwr_therm=30281|btmspkr_therm=30214|disp_therm=30192|north_therm=30904|soc_therm=33330|battery=30500|battery_cycle=5|dc-mains=34000|usbc-therm-adc=340|max77779fg=30500|LITTLE=36000|soc=16|smpl_gm=0|vdroop1=0|batoilo=0|batoilo2=0|batt_vs=30493|mdis_morepower=0|thb_hda=51|cp_on_chip_0=33000|cp_on_chip_1=34000|G3D=35000|cp_on_chip_2=35000|cp_on_chip_3=33000|cp_on_chip_4=33000|rf2_therm=31000|rf1_therm=32000|ISP=34000|TPU=35000|AUR=35000|rfpa_therm=31661|quiet_therm=32062|charging_therm=33642|,ok,1,batched,untouched,4096,256,27,1,2930,0,854,0,4,4,ok
1,1,nvhe,4,578000,1795000,37000,37000,BIG=35000|MID=37000|usb_pwr_therm=30281|btmspkr_therm=30214|disp_therm=30192|north_therm=30904|soc_therm=33286|battery=30500|battery_cycle=5|dc-mains=34000|usbc-therm-adc=340|max77779fg=30500|LITTLE=36000|soc=16|smpl_gm=0|vdroop1=0|batoilo=0|batoilo2=0|batt_vs=30492|mdis_morepower=0|thb_hda=51|cp_on_chip_0=33000|cp_on_chip_1=34000|G3D=35000|cp_on_chip_2=35000|cp_on_chip_3=33000|cp_on_chip_4=33000|rf2_therm=31000|rf1_therm=32000|ISP=34000|TPU=35000|AUR=35000|rfpa_therm=31661|quiet_therm=32062|charging_therm=33642|,BIG=37000|MID=37000|usb_pwr_therm=30281|btmspkr_therm=30214|disp_therm=30192|north_therm=30904|soc_therm=33330|battery=30500|battery_cycle=5|dc-mains=34000|usbc-therm-adc=340|max77779fg=30500|LITTLE=36000|soc=16|smpl_gm=0|vdroop1=0|batoilo=0|batoilo2=0|batt_vs=30493|mdis_morepower=0|thb_hda=51|cp_on_chip_0=33000|cp_on_chip_1=34000|G3D=35000|cp_on_chip_2=35000|cp_on_chip_3=33000|cp_on_chip_4=33000|rf2_therm=31000|rf1_therm=32000|ISP=34000|TPU=35000|AUR=35000|rfpa_therm=31661|quiet_therm=32062|charging_therm=33642|,ok,1,batched,untouched,4096,256,28,1,5453,0,854,0,4,4,ok
1,1,nvhe,4,578000,1795000,37000,37000,BIG=35000|MID=37000|usb_pwr_therm=30281|btmspkr_therm=30214|disp_therm=30192|north_therm=30904|soc_therm=33286|battery=30500|battery_cycle=5|dc-mains=34000|usbc-therm-adc=340|max77779fg=30500|LITTLE=36000|soc=16|smpl_gm=0|vdroop1=0|batoilo=0|batoilo2=0|batt_vs=30492|mdis_morepower=0|thb_hda=51|cp_on_chip_0=33000|cp_on_chip_1=34000|G3D=35000|cp_on_chip_2=35000|cp_on_chip_3=33000|cp_on_chip_4=33000|rf2_therm=31000|rf1_therm=32000|ISP=34000|TPU=35000|AUR=35000|rfpa_therm=31661|quiet_therm=32062|charging_therm=33642|,BIG=37000|MID=37000|usb_pwr_therm=30281|btmspkr_therm=30214|disp_therm=30192|north_therm=30904|soc_therm=33330|battery=30500|battery_cycle=5|dc-mains=34000|usbc-therm-adc=340|max77779fg=30500|LITTLE=36000|soc=16|smpl_gm=0|vdroop1=0|batoilo=0|batoilo2=0|batt_vs=30493|mdis_morepower=0|thb_hda=51|cp_on_chip_0=33000|cp_on_chip_1=34000|G3D=35000|cp_on_chip_2=35000|cp_on_chip_3=33000|cp_on_chip_4=33000|rf2_therm=31000|rf1_therm=32000|ISP=34000|TPU=35000|AUR=35000|rfpa_therm=31661|quiet_therm=32062|charging_therm=33642|,ok,1,batched,untouched,4096,256,29,1,5005,0,813,0,4,4,ok
1,2,nvhe,4,1795000,1418000,36000,38000,BIG=36000|MID=36000|usb_pwr_therm=30281|btmspkr_therm=30214|disp_therm=30192|north_therm=30904|soc_therm=33397|battery=30500|battery_cycle=5|dc-mains=34000|usbc-therm-adc=340|max77779fg=30500|LITTLE=36000|soc=16|smpl_gm=0|vdroop1=0|batoilo=0|batoilo2=0|batt_vs=30493|mdis_morepower=0|thb_hda=51|cp_on_chip_0=33000|cp_on_chip_1=34000|G3D=35000|cp_on_chip_2=35000|cp_on_chip_3=33000|cp_on_chip_4=33000|rf2_therm=31000|rf1_therm=32000|ISP=34000|TPU=35000|AUR=35000|rfpa_therm=31661|quiet_therm=32084|charging_therm=33686|,BIG=36000|MID=38000|usb_pwr_therm=30281|btmspkr_therm=30214|disp_therm=30192|north_therm=30904|soc_therm=33397|battery=30500|battery_cycle=5|dc-mains=34500|usbc-therm-adc=345|max77779fg=30500|LITTLE=36000|soc=16|smpl_gm=0|vdroop1=0|batoilo=0|batoilo2=0|batt_vs=30493|mdis_morepower=0|thb_hda=51|cp_on_chip_0=33000|cp_on_chip_1=34000|G3D=36000|cp_on_chip_2=35000|cp_on_chip_3=33000|cp_on_chip_4=33000|rf2_therm=31000|rf1_therm=32000|ISP=34000|TPU=35000|AUR=35000|rfpa_therm=31661|quiet_therm=32084|charging_therm=33686|,ok,1,batched,touched,4096,256,0,1,1255859,256,112101,0,4,4,ok
1,2,nvhe,4,1795000,1418000,36000,38000,BIG=36000|MID=36000|usb_pwr_therm=30281|btmspkr_therm=30214|disp_therm=30192|north_therm=30904|soc_therm=33397|battery=30500|battery_cycle=5|dc-mains=34000|usbc-therm-adc=340|max77779fg=30500|LITTLE=36000|soc=16|smpl_gm=0|vdroop1=0|batoilo=0|batoilo2=0|batt_vs=30493|mdis_morepower=0|thb_hda=51|cp_on_chip_0=33000|cp_on_chip_1=34000|G3D=35000|cp_on_chip_2=35000|cp_on_chip_3=33000|cp_on_chip_4=33000|rf2_therm=31000|rf1_therm=32000|ISP=34000|TPU=35000|AUR=35000|rfpa_therm=31661|quiet_therm=32084|charging_therm=33686|,BIG=36000|MID=38000|usb_pwr_therm=30281|btmspkr_therm=30214|disp_therm=30192|north_therm=30904|soc_therm=33397|battery=30500|battery_cycle=5|dc-mains=34500|usbc-therm-adc=345|max77779fg=30500|LITTLE=36000|soc=16|smpl_gm=0|vdroop1=0|batoilo=0|batoilo2=0|batt_vs=30493|mdis_morepower=0|thb_hda=51|cp_on_chip_0=33000|cp_on_chip_1=34000|G3D=36000|cp_on_chip_2=35000|cp_on_chip_3=33000|cp_on_chip_4=33000|rf2_therm=31000|rf1_therm=32000|ISP=34000|TPU=35000|AUR=35000|rfpa_therm=31661|quiet_therm=32084|charging_therm=33686|,ok,1,batched,touched,4096,256,1,1,902913,256,94238,0,4,4,ok
1,2,nvhe,4,1795000,1418000,36000,38000,BIG=36000|MID=36000|usb_pwr_therm=30281|btmspkr_therm=30214|disp_therm=30192|north_therm=30904|soc_therm=33397|battery=30500|battery_cycle=5|dc-mains=34000|usbc-therm-adc=340|max77779fg=30500|LITTLE=36000|soc=16|smpl_gm=0|vdroop1=0|batoilo=0|batoilo2=0|batt_vs=30493|mdis_morepower=0|thb_hda=51|cp_on_chip_0=33000|cp_on_chip_1=34000|G3D=35000|cp_on_chip_2=35000|cp_on_chip_3=33000|cp_on_chip_4=33000|rf2_therm=31000|rf1_therm=32000|ISP=34000|TPU=35000|AUR=35000|rfpa_therm=31661|quiet_therm=32084|charging_therm=33686|,BIG=36000|MID=38000|usb_pwr_therm=30281|btmspkr_therm=30214|disp_therm=30192|north_therm=30904|soc_therm=33397|battery=30500|battery_cycle=5|dc-mains=34500|usbc-therm-adc=345|max77779fg=30500|LITTLE=36000|soc=16|smpl_gm=0|vdroop1=0|batoilo=0|batoilo2=0|batt_vs=30493|mdis_morepower=0|thb_hda=51|cp_on_chip_0=33000|cp_on_chip_1=34000|G3D=36000|cp_on_chip_2=35000|cp_on_chip_3=33000|cp_on_chip_4=33000|rf2_therm=31000|rf1_therm=32000|ISP=34000|TPU=35000|AUR=35000|rfpa_therm=31661|quiet_therm=32084|charging_therm=33686|,ok,1,batched,touched,4096,256,2,1,948120,256,95785,0,4,4,ok
1,2,nvhe,4,1795000,1418000,36000,38000,BIG=36000|MID=36000|usb_pwr_therm=30281|btmspkr_therm=30214|disp_therm=30192|north_therm=30904|soc_therm=33397|battery=30500|battery_cycle=5|dc-mains=34000|usbc-therm-adc=340|max77779fg=30500|LITTLE=36000|soc=16|smpl_gm=0|vdroop1=0|batoilo=0|batoilo2=0|batt_vs=30493|mdis_morepower=0|thb_hda=51|cp_on_chip_0=33000|cp_on_chip_1=34000|G3D=35000|cp_on_chip_2=35000|cp_on_chip_3=33000|cp_on_chip_4=33000|rf2_therm=31000|rf1_therm=32000|ISP=34000|TPU=35000|AUR=35000|rfpa_therm=31661|quiet_therm=32084|charging_therm=33686|,BIG=36000|MID=38000|usb_pwr_therm=30281|btmspkr_therm=30214|disp_therm=30192|north_therm=30904|soc_therm=33397|battery=30500|battery_cycle=5|dc-mains=34500|usbc-therm-adc=345|max77779fg=30500|LITTLE=36000|soc=16|smpl_gm=0|vdroop1=0|batoilo=0|batoilo2=0|batt_vs=30493|mdis_morepower=0|thb_hda=51|cp_on_chip_0=33000|cp_on_chip_1=34000|G3D=36000|cp_on_chip_2=35000|cp_on_chip_3=33000|cp_on_chip_4=33000|rf2_therm=31000|rf1_therm=32000|ISP=34000|TPU=35000|AUR=35000|rfpa_therm=31661|quiet_therm=32084|charging_therm=33686|,ok,1,batched,touched,4096,256,3,1,892131,256,93546,0,4,4,ok
1,2,nvhe,4,1795000,1418000,36000,38000,BIG=36000|MID=36000|usb_pwr_therm=30281|btmspkr_therm=30214|disp_therm=30192|north_therm=30904|soc_therm=33397|battery=30500|battery_cycle=5|dc-mains=34000|usbc-therm-adc=340|max77779fg=30500|LITTLE=36000|soc=16|smpl_gm=0|vdroop1=0|batoilo=0|batoilo2=0|batt_vs=30493|mdis_morepower=0|thb_hda=51|cp_on_chip_0=33000|cp_on_chip_1=34000|G3D=35000|cp_on_chip_2=35000|cp_on_chip_3=33000|cp_on_chip_4=33000|rf2_therm=31000|rf1_therm=32000|ISP=34000|TPU=35000|AUR=35000|rfpa_therm=31661|quiet_therm=32084|charging_therm=33686|,BIG=36000|MID=38000|usb_pwr_therm=30281|btmspkr_therm=30214|disp_therm=30192|north_therm=30904|soc_therm=33397|battery=30500|battery_cycle=5|dc-mains=34500|usbc-therm-adc=345|max77779fg=30500|LITTLE=36000|soc=16|smpl_gm=0|vdroop1=0|batoilo=0|batoilo2=0|batt_vs=30493|mdis_morepower=0|thb_hda=51|cp_on_chip_0=33000|cp_on_chip_1=34000|G3D=36000|cp_on_chip_2=35000|cp_on_chip_3=33000|cp_on_chip_4=33000|rf2_therm=31000|rf1_therm=32000|ISP=34000|TPU=35000|AUR=35000|rfpa_therm=31661|quiet_therm=32084|charging_therm=33686|,ok,1,batched,touched,4096,256,4,1,891601,256,93588,0,4,4,ok
1,2,nvhe,4,1795000,1418000,36000,38000,BIG=36000|MID=36000|usb_pwr_therm=30281|btmspkr_therm=30214|disp_therm=30192|north_therm=30904|soc_therm=33397|battery=30500|battery_cycle=5|dc-mains=34000|usbc-therm-adc=340|max77779fg=30500|LITTLE=36000|soc=16|smpl_gm=0|vdroop1=0|batoilo=0|batoilo2=0|batt_vs=30493|mdis_morepower=0|thb_hda=51|cp_on_chip_0=33000|cp_on_chip_1=34000|G3D=35000|cp_on_chip_2=35000|cp_on_chip_3=33000|cp_on_chip_4=33000|rf2_therm=31000|rf1_therm=32000|ISP=34000|TPU=35000|AUR=35000|rfpa_therm=31661|quiet_therm=32084|charging_therm=33686|,BIG=36000|MID=38000|usb_pwr_therm=30281|btmspkr_therm=30214|disp_therm=30192|north_therm=30904|soc_therm=33397|battery=30500|battery_cycle=5|dc-mains=34500|usbc-therm-adc=345|max77779fg=30500|LITTLE=36000|soc=16|smpl_gm=0|vdroop1=0|batoilo=0|batoilo2=0|batt_vs=30493|mdis_morepower=0|thb_hda=51|cp_on_chip_0=33000|cp_on_chip_1=34000|G3D=36000|cp_on_chip_2=35000|cp_on_chip_3=33000|cp_on_chip_4=33000|rf2_therm=31000|rf1_therm=32000|ISP=34000|TPU=35000|AUR=35000|rfpa_therm=31661|quiet_therm=32084|charging_therm=33686|,ok,1,batched,touched,4096,256,5,1,884196,256,92896,0,4,4,ok
1,2,nvhe,4,1795000,1418000,36000,38000,BIG=36000|MID=36000|usb_pwr_therm=30281|btmspkr_therm=30214|disp_therm=30192|north_therm=30904|soc_therm=33397|battery=30500|battery_cycle=5|dc-mains=34000|usbc-therm-adc=340|max77779fg=30500|LITTLE=36000|soc=16|smpl_gm=0|vdroop1=0|batoilo=0|batoilo2=0|batt_vs=30493|mdis_morepower=0|thb_hda=51|cp_on_chip_0=33000|cp_on_chip_1=34000|G3D=35000|cp_on_chip_2=35000|cp_on_chip_3=33000|cp_on_chip_4=33000|rf2_therm=31000|rf1_therm=32000|ISP=34000|TPU=35000|AUR=35000|rfpa_therm=31661|quiet_therm=32084|charging_therm=33686|,BIG=36000|MID=38000|usb_pwr_therm=30281|btmspkr_therm=30214|disp_therm=30192|north_therm=30904|soc_therm=33397|battery=30500|battery_cycle=5|dc-mains=34500|usbc-therm-adc=345|max77779fg=30500|LITTLE=36000|soc=16|smpl_gm=0|vdroop1=0|batoilo=0|batoilo2=0|batt_vs=30493|mdis_morepower=0|thb_hda=51|cp_on_chip_0=33000|cp_on_chip_1=34000|G3D=36000|cp_on_chip_2=35000|cp_on_chip_3=33000|cp_on_chip_4=33000|rf2_therm=31000|rf1_therm=32000|ISP=34000|TPU=35000|AUR=35000|rfpa_therm=31661|quiet_therm=32084|charging_therm=33686|,ok,1,batched,touched,4096,256,6,1,974975,256,93790,0,4,4,ok
1,2,nvhe,4,1795000,1418000,36000,38000,BIG=36000|MID=36000|usb_pwr_therm=30281|btmspkr_therm=30214|disp_therm=30192|north_therm=30904|soc_therm=33397|battery=30500|battery_cycle=5|dc-mains=34000|usbc-therm-adc=340|max77779fg=30500|LITTLE=36000|soc=16|smpl_gm=0|vdroop1=0|batoilo=0|batoilo2=0|batt_vs=30493|mdis_morepower=0|thb_hda=51|cp_on_chip_0=33000|cp_on_chip_1=34000|G3D=35000|cp_on_chip_2=35000|cp_on_chip_3=33000|cp_on_chip_4=33000|rf2_therm=31000|rf1_therm=32000|ISP=34000|TPU=35000|AUR=35000|rfpa_therm=31661|quiet_therm=32084|charging_therm=33686|,BIG=36000|MID=38000|usb_pwr_therm=30281|btmspkr_therm=30214|disp_therm=30192|north_therm=30904|soc_therm=33397|battery=30500|battery_cycle=5|dc-mains=34500|usbc-therm-adc=345|max77779fg=30500|LITTLE=36000|soc=16|smpl_gm=0|vdroop1=0|batoilo=0|batoilo2=0|batt_vs=30493|mdis_morepower=0|thb_hda=51|cp_on_chip_0=33000|cp_on_chip_1=34000|G3D=36000|cp_on_chip_2=35000|cp_on_chip_3=33000|cp_on_chip_4=33000|rf2_therm=31000|rf1_therm=32000|ISP=34000|TPU=35000|AUR=35000|rfpa_therm=31661|quiet_therm=32084|charging_therm=33686|,ok,1,batched,touched,4096,256,7,1,853027,256,84391,0,4,4,ok
1,2,nvhe,4,1795000,1418000,36000,38000,BIG=36000|MID=36000|usb_pwr_therm=30281|btmspkr_therm=30214|disp_therm=30192|north_therm=30904|soc_therm=33397|battery=30500|battery_cycle=5|dc-mains=34000|usbc-therm-adc=340|max77779fg=30500|LITTLE=36000|soc=16|smpl_gm=0|vdroop1=0|batoilo=0|batoilo2=0|batt_vs=30493|mdis_morepower=0|thb_hda=51|cp_on_chip_0=33000|cp_on_chip_1=34000|G3D=35000|cp_on_chip_2=35000|cp_on_chip_3=33000|cp_on_chip_4=33000|rf2_therm=31000|rf1_therm=32000|ISP=34000|TPU=35000|AUR=35000|rfpa_therm=31661|quiet_therm=32084|charging_therm=33686|,BIG=36000|MID=38000|usb_pwr_therm=30281|btmspkr_therm=30214|disp_therm=30192|north_therm=30904|soc_therm=33397|battery=30500|battery_cycle=5|dc-mains=34500|usbc-therm-adc=345|max77779fg=30500|LITTLE=36000|soc=16|smpl_gm=0|vdroop1=0|batoilo=0|batoilo2=0|batt_vs=30493|mdis_morepower=0|thb_hda=51|cp_on_chip_0=33000|cp_on_chip_1=34000|G3D=36000|cp_on_chip_2=35000|cp_on_chip_3=33000|cp_on_chip_4=33000|rf2_therm=31000|rf1_therm=32000|ISP=34000|TPU=35000|AUR=35000|rfpa_therm=31661|quiet_therm=32084|charging_therm=33686|,ok,1,batched,touched,4096,256,8,1,761394,256,83862,0,4,4,ok
1,2,nvhe,4,1795000,1418000,36000,38000,BIG=36000|MID=36000|usb_pwr_therm=30281|btmspkr_therm=30214|disp_therm=30192|north_therm=30904|soc_therm=33397|battery=30500|battery_cycle=5|dc-mains=34000|usbc-therm-adc=340|max77779fg=30500|LITTLE=36000|soc=16|smpl_gm=0|vdroop1=0|batoilo=0|batoilo2=0|batt_vs=30493|mdis_morepower=0|thb_hda=51|cp_on_chip_0=33000|cp_on_chip_1=34000|G3D=35000|cp_on_chip_2=35000|cp_on_chip_3=33000|cp_on_chip_4=33000|rf2_therm=31000|rf1_therm=32000|ISP=34000|TPU=35000|AUR=35000|rfpa_therm=31661|quiet_therm=32084|charging_therm=33686|,BIG=36000|MID=38000|usb_pwr_therm=30281|btmspkr_therm=30214|disp_therm=30192|north_therm=30904|soc_therm=33397|battery=30500|battery_cycle=5|dc-mains=34500|usbc-therm-adc=345|max77779fg=30500|LITTLE=36000|soc=16|smpl_gm=0|vdroop1=0|batoilo=0|batoilo2=0|batt_vs=30493|mdis_morepower=0|thb_hda=51|cp_on_chip_0=33000|cp_on_chip_1=34000|G3D=36000|cp_on_chip_2=35000|cp_on_chip_3=33000|cp_on_chip_4=33000|rf2_therm=31000|rf1_therm=32000|ISP=34000|TPU=35000|AUR=35000|rfpa_therm=31661|quiet_therm=32084|charging_therm=33686|,ok,1,batched,touched,4096,256,9,1,792195,256,83781,0,4,4,ok
1,2,nvhe,4,1795000,1418000,36000,38000,BIG=36000|MID=36000|usb_pwr_therm=30281|btmspkr_therm=30214|disp_therm=30192|north_therm=30904|soc_therm=33397|battery=30500|battery_cycle=5|dc-mains=34000|usbc-therm-adc=340|max77779fg=30500|LITTLE=36000|soc=16|smpl_gm=0|vdroop1=0|batoilo=0|batoilo2=0|batt_vs=30493|mdis_morepower=0|thb_hda=51|cp_on_chip_0=33000|cp_on_chip_1=34000|G3D=35000|cp_on_chip_2=35000|cp_on_chip_3=33000|cp_on_chip_4=33000|rf2_therm=31000|rf1_therm=32000|ISP=34000|TPU=35000|AUR=35000|rfpa_therm=31661|quiet_therm=32084|charging_therm=33686|,BIG=36000|MID=38000|usb_pwr_therm=30281|btmspkr_therm=30214|disp_therm=30192|north_therm=30904|soc_therm=33397|battery=30500|battery_cycle=5|dc-mains=34500|usbc-therm-adc=345|max77779fg=30500|LITTLE=36000|soc=16|smpl_gm=0|vdroop1=0|batoilo=0|batoilo2=0|batt_vs=30493|mdis_morepower=0|thb_hda=51|cp_on_chip_0=33000|cp_on_chip_1=34000|G3D=36000|cp_on_chip_2=35000|cp_on_chip_3=33000|cp_on_chip_4=33000|rf2_therm=31000|rf1_therm=32000|ISP=34000|TPU=35000|AUR=35000|rfpa_therm=31661|quiet_therm=32084|charging_therm=33686|,ok,1,batched,touched,4096,256,10,1,795166,256,83944,0,4,4,ok
1,2,nvhe,4,1795000,1418000,36000,38000,BIG=36000|MID=36000|usb_pwr_therm=30281|btmspkr_therm=30214|disp_therm=30192|north_therm=30904|soc_therm=33397|battery=30500|battery_cycle=5|dc-mains=34000|usbc-therm-adc=340|max77779fg=30500|LITTLE=36000|soc=16|smpl_gm=0|vdroop1=0|batoilo=0|batoilo2=0|batt_vs=30493|mdis_morepower=0|thb_hda=51|cp_on_chip_0=33000|cp_on_chip_1=34000|G3D=35000|cp_on_chip_2=35000|cp_on_chip_3=33000|cp_on_chip_4=33000|rf2_therm=31000|rf1_therm=32000|ISP=34000|TPU=35000|AUR=35000|rfpa_therm=31661|quiet_therm=32084|charging_therm=33686|,BIG=36000|MID=38000|usb_pwr_therm=30281|btmspkr_therm=30214|disp_therm=30192|north_therm=30904|soc_therm=33397|battery=30500|battery_cycle=5|dc-mains=34500|usbc-therm-adc=345|max77779fg=30500|LITTLE=36000|soc=16|smpl_gm=0|vdroop1=0|batoilo=0|batoilo2=0|batt_vs=30493|mdis_morepower=0|thb_hda=51|cp_on_chip_0=33000|cp_on_chip_1=34000|G3D=36000|cp_on_chip_2=35000|cp_on_chip_3=33000|cp_on_chip_4=33000|rf2_therm=31000|rf1_therm=32000|ISP=34000|TPU=35000|AUR=35000|rfpa_therm=31661|quiet_therm=32084|charging_therm=33686|,ok,1,batched,touched,4096,256,11,1,851644,256,68238,0,4,4,ok
1,2,nvhe,4,1795000,1418000,36000,38000,BIG=36000|MID=36000|usb_pwr_therm=30281|btmspkr_therm=30214|disp_therm=30192|north_therm=30904|soc_therm=33397|battery=30500|battery_cycle=5|dc-mains=34000|usbc-therm-adc=340|max77779fg=30500|LITTLE=36000|soc=16|smpl_gm=0|vdroop1=0|batoilo=0|batoilo2=0|batt_vs=30493|mdis_morepower=0|thb_hda=51|cp_on_chip_0=33000|cp_on_chip_1=34000|G3D=35000|cp_on_chip_2=35000|cp_on_chip_3=33000|cp_on_chip_4=33000|rf2_therm=31000|rf1_therm=32000|ISP=34000|TPU=35000|AUR=35000|rfpa_therm=31661|quiet_therm=32084|charging_therm=33686|,BIG=36000|MID=38000|usb_pwr_therm=30281|btmspkr_therm=30214|disp_therm=30192|north_therm=30904|soc_therm=33397|battery=30500|battery_cycle=5|dc-mains=34500|usbc-therm-adc=345|max77779fg=30500|LITTLE=36000|soc=16|smpl_gm=0|vdroop1=0|batoilo=0|batoilo2=0|batt_vs=30493|mdis_morepower=0|thb_hda=51|cp_on_chip_0=33000|cp_on_chip_1=34000|G3D=36000|cp_on_chip_2=35000|cp_on_chip_3=33000|cp_on_chip_4=33000|rf2_therm=31000|rf1_therm=32000|ISP=34000|TPU=35000|AUR=35000|rfpa_therm=31661|quiet_therm=32084|charging_therm=33686|,ok,1,batched,touched,4096,256,12,1,670166,256,69051,0,4,4,ok
1,2,nvhe,4,1795000,1418000,36000,38000,BIG=36000|MID=36000|usb_pwr_therm=30281|btmspkr_therm=30214|disp_therm=30192|north_therm=30904|soc_therm=33397|battery=30500|battery_cycle=5|dc-mains=34000|usbc-therm-adc=340|max77779fg=30500|LITTLE=36000|soc=16|smpl_gm=0|vdroop1=0|batoilo=0|batoilo2=0|batt_vs=30493|mdis_morepower=0|thb_hda=51|cp_on_chip_0=33000|cp_on_chip_1=34000|G3D=35000|cp_on_chip_2=35000|cp_on_chip_3=33000|cp_on_chip_4=33000|rf2_therm=31000|rf1_therm=32000|ISP=34000|TPU=35000|AUR=35000|rfpa_therm=31661|quiet_therm=32084|charging_therm=33686|,BIG=36000|MID=38000|usb_pwr_therm=30281|btmspkr_therm=30214|disp_therm=30192|north_therm=30904|soc_therm=33397|battery=30500|battery_cycle=5|dc-mains=34500|usbc-therm-adc=345|max77779fg=30500|LITTLE=36000|soc=16|smpl_gm=0|vdroop1=0|batoilo=0|batoilo2=0|batt_vs=30493|mdis_morepower=0|thb_hda=51|cp_on_chip_0=33000|cp_on_chip_1=34000|G3D=36000|cp_on_chip_2=35000|cp_on_chip_3=33000|cp_on_chip_4=33000|rf2_therm=31000|rf1_therm=32000|ISP=34000|TPU=35000|AUR=35000|rfpa_therm=31661|quiet_therm=32084|charging_therm=33686|,ok,1,batched,touched,4096,256,13,1,669515,256,68848,0,4,4,ok
1,2,nvhe,4,1795000,1418000,36000,38000,BIG=36000|MID=36000|usb_pwr_therm=30281|btmspkr_therm=30214|disp_therm=30192|north_therm=30904|soc_therm=33397|battery=30500|battery_cycle=5|dc-mains=34000|usbc-therm-adc=340|max77779fg=30500|LITTLE=36000|soc=16|smpl_gm=0|vdroop1=0|batoilo=0|batoilo2=0|batt_vs=30493|mdis_morepower=0|thb_hda=51|cp_on_chip_0=33000|cp_on_chip_1=34000|G3D=35000|cp_on_chip_2=35000|cp_on_chip_3=33000|cp_on_chip_4=33000|rf2_therm=31000|rf1_therm=32000|ISP=34000|TPU=35000|AUR=35000|rfpa_therm=31661|quiet_therm=32084|charging_therm=33686|,BIG=36000|MID=38000|usb_pwr_therm=30281|btmspkr_therm=30214|disp_therm=30192|north_therm=30904|soc_therm=33397|battery=30500|battery_cycle=5|dc-mains=34500|usbc-therm-adc=345|max77779fg=30500|LITTLE=36000|soc=16|smpl_gm=0|vdroop1=0|batoilo=0|batoilo2=0|batt_vs=30493|mdis_morepower=0|thb_hda=51|cp_on_chip_0=33000|cp_on_chip_1=34000|G3D=36000|cp_on_chip_2=35000|cp_on_chip_3=33000|cp_on_chip_4=33000|rf2_therm=31000|rf1_therm=32000|ISP=34000|TPU=35000|AUR=35000|rfpa_therm=31661|quiet_therm=32084|charging_therm=33686|,ok,1,batched,touched,4096,256,14,1,673096,256,68889,0,4,4,ok
1,2,nvhe,4,1795000,1418000,36000,38000,BIG=36000|MID=36000|usb_pwr_therm=30281|btmspkr_therm=30214|disp_therm=30192|north_therm=30904|soc_therm=33397|battery=30500|battery_cycle=5|dc-mains=34000|usbc-therm-adc=340|max77779fg=30500|LITTLE=36000|soc=16|smpl_gm=0|vdroop1=0|batoilo=0|batoilo2=0|batt_vs=30493|mdis_morepower=0|thb_hda=51|cp_on_chip_0=33000|cp_on_chip_1=34000|G3D=35000|cp_on_chip_2=35000|cp_on_chip_3=33000|cp_on_chip_4=33000|rf2_therm=31000|rf1_therm=32000|ISP=34000|TPU=35000|AUR=35000|rfpa_therm=31661|quiet_therm=32084|charging_therm=33686|,BIG=36000|MID=38000|usb_pwr_therm=30281|btmspkr_therm=30214|disp_therm=30192|north_therm=30904|soc_therm=33397|battery=30500|battery_cycle=5|dc-mains=34500|usbc-therm-adc=345|max77779fg=30500|LITTLE=36000|soc=16|smpl_gm=0|vdroop1=0|batoilo=0|batoilo2=0|batt_vs=30493|mdis_morepower=0|thb_hda=51|cp_on_chip_0=33000|cp_on_chip_1=34000|G3D=36000|cp_on_chip_2=35000|cp_on_chip_3=33000|cp_on_chip_4=33000|rf2_therm=31000|rf1_therm=32000|ISP=34000|TPU=35000|AUR=35000|rfpa_therm=31661|quiet_therm=32084|charging_therm=33686|,ok,1,batched,touched,4096,256,15,1,670288,256,69214,0,4,4,ok
1,2,nvhe,4,1795000,1418000,36000,38000,BIG=36000|MID=36000|usb_pwr_therm=30281|btmspkr_therm=30214|disp_therm=30192|north_therm=30904|soc_therm=33397|battery=30500|battery_cycle=5|dc-mains=34000|usbc-therm-adc=340|max77779fg=30500|LITTLE=36000|soc=16|smpl_gm=0|vdroop1=0|batoilo=0|batoilo2=0|batt_vs=30493|mdis_morepower=0|thb_hda=51|cp_on_chip_0=33000|cp_on_chip_1=34000|G3D=35000|cp_on_chip_2=35000|cp_on_chip_3=33000|cp_on_chip_4=33000|rf2_therm=31000|rf1_therm=32000|ISP=34000|TPU=35000|AUR=35000|rfpa_therm=31661|quiet_therm=32084|charging_therm=33686|,BIG=36000|MID=38000|usb_pwr_therm=30281|btmspkr_therm=30214|disp_therm=30192|north_therm=30904|soc_therm=33397|battery=30500|battery_cycle=5|dc-mains=34500|usbc-therm-adc=345|max77779fg=30500|LITTLE=36000|soc=16|smpl_gm=0|vdroop1=0|batoilo=0|batoilo2=0|batt_vs=30493|mdis_morepower=0|thb_hda=51|cp_on_chip_0=33000|cp_on_chip_1=34000|G3D=36000|cp_on_chip_2=35000|cp_on_chip_3=33000|cp_on_chip_4=33000|rf2_therm=31000|rf1_therm=32000|ISP=34000|TPU=35000|AUR=35000|rfpa_therm=31661|quiet_therm=32084|charging_therm=33686|,ok,1,batched,touched,4096,256,16,1,696696,256,69621,0,4,4,ok
1,2,nvhe,4,1795000,1418000,36000,38000,BIG=36000|MID=36000|usb_pwr_therm=30281|btmspkr_therm=30214|disp_therm=30192|north_therm=30904|soc_therm=33397|battery=30500|battery_cycle=5|dc-mains=34000|usbc-therm-adc=340|max77779fg=30500|LITTLE=36000|soc=16|smpl_gm=0|vdroop1=0|batoilo=0|batoilo2=0|batt_vs=30493|mdis_morepower=0|thb_hda=51|cp_on_chip_0=33000|cp_on_chip_1=34000|G3D=35000|cp_on_chip_2=35000|cp_on_chip_3=33000|cp_on_chip_4=33000|rf2_therm=31000|rf1_therm=32000|ISP=34000|TPU=35000|AUR=35000|rfpa_therm=31661|quiet_therm=32084|charging_therm=33686|,BIG=36000|MID=38000|usb_pwr_therm=30281|btmspkr_therm=30214|disp_therm=30192|north_therm=30904|soc_therm=33397|battery=30500|battery_cycle=5|dc-mains=34500|usbc-therm-adc=345|max77779fg=30500|LITTLE=36000|soc=16|smpl_gm=0|vdroop1=0|batoilo=0|batoilo2=0|batt_vs=30493|mdis_morepower=0|thb_hda=51|cp_on_chip_0=33000|cp_on_chip_1=34000|G3D=36000|cp_on_chip_2=35000|cp_on_chip_3=33000|cp_on_chip_4=33000|rf2_therm=31000|rf1_therm=32000|ISP=34000|TPU=35000|AUR=35000|rfpa_therm=31661|quiet_therm=32084|charging_therm=33686|,ok,1,batched,touched,4096,256,17,1,669637,256,68929,0,4,4,ok
1,2,nvhe,4,1795000,1418000,36000,38000,BIG=36000|MID=36000|usb_pwr_therm=30281|btmspkr_therm=30214|disp_therm=30192|north_therm=30904|soc_therm=33397|battery=30500|battery_cycle=5|dc-mains=34000|usbc-therm-adc=340|max77779fg=30500|LITTLE=36000|soc=16|smpl_gm=0|vdroop1=0|batoilo=0|batoilo2=0|batt_vs=30493|mdis_morepower=0|thb_hda=51|cp_on_chip_0=33000|cp_on_chip_1=34000|G3D=35000|cp_on_chip_2=35000|cp_on_chip_3=33000|cp_on_chip_4=33000|rf2_therm=31000|rf1_therm=32000|ISP=34000|TPU=35000|AUR=35000|rfpa_therm=31661|quiet_therm=32084|charging_therm=33686|,BIG=36000|MID=38000|usb_pwr_therm=30281|btmspkr_therm=30214|disp_therm=30192|north_therm=30904|soc_therm=33397|battery=30500|battery_cycle=5|dc-mains=34500|usbc-therm-adc=345|max77779fg=30500|LITTLE=36000|soc=16|smpl_gm=0|vdroop1=0|batoilo=0|batoilo2=0|batt_vs=30493|mdis_morepower=0|thb_hda=51|cp_on_chip_0=33000|cp_on_chip_1=34000|G3D=36000|cp_on_chip_2=35000|cp_on_chip_3=33000|cp_on_chip_4=33000|rf2_therm=31000|rf1_therm=32000|ISP=34000|TPU=35000|AUR=35000|rfpa_therm=31661|quiet_therm=32084|charging_therm=33686|,ok,1,batched,touched,4096,256,18,1,669963,256,69214,0,4,4,ok
1,2,nvhe,4,1795000,1418000,36000,38000,BIG=36000|MID=36000|usb_pwr_therm=30281|btmspkr_therm=30214|disp_therm=30192|north_therm=30904|soc_therm=33397|battery=30500|battery_cycle=5|dc-mains=34000|usbc-therm-adc=340|max77779fg=30500|LITTLE=36000|soc=16|smpl_gm=0|vdroop1=0|batoilo=0|batoilo2=0|batt_vs=30493|mdis_morepower=0|thb_hda=51|cp_on_chip_0=33000|cp_on_chip_1=34000|G3D=35000|cp_on_chip_2=35000|cp_on_chip_3=33000|cp_on_chip_4=33000|rf2_therm=31000|rf1_therm=32000|ISP=34000|TPU=35000|AUR=35000|rfpa_therm=31661|quiet_therm=32084|charging_therm=33686|,BIG=36000|MID=38000|usb_pwr_therm=30281|btmspkr_therm=30214|disp_therm=30192|north_therm=30904|soc_therm=33397|battery=30500|battery_cycle=5|dc-mains=34500|usbc-therm-adc=345|max77779fg=30500|LITTLE=36000|soc=16|smpl_gm=0|vdroop1=0|batoilo=0|batoilo2=0|batt_vs=30493|mdis_morepower=0|thb_hda=51|cp_on_chip_0=33000|cp_on_chip_1=34000|G3D=36000|cp_on_chip_2=35000|cp_on_chip_3=33000|cp_on_chip_4=33000|rf2_therm=31000|rf1_therm=32000|ISP=34000|TPU=35000|AUR=35000|rfpa_therm=31661|quiet_therm=32084|charging_therm=33686|,ok,1,batched,touched,4096,256,19,1,668010,256,68522,0,4,4,ok
1,2,nvhe,4,1795000,1418000,36000,38000,BIG=36000|MID=36000|usb_pwr_therm=30281|btmspkr_therm=30214|disp_therm=30192|north_therm=30904|soc_therm=33397|battery=30500|battery_cycle=5|dc-mains=34000|usbc-therm-adc=340|max77779fg=30500|LITTLE=36000|soc=16|smpl_gm=0|vdroop1=0|batoilo=0|batoilo2=0|batt_vs=30493|mdis_morepower=0|thb_hda=51|cp_on_chip_0=33000|cp_on_chip_1=34000|G3D=35000|cp_on_chip_2=35000|cp_on_chip_3=33000|cp_on_chip_4=33000|rf2_therm=31000|rf1_therm=32000|ISP=34000|TPU=35000|AUR=35000|rfpa_therm=31661|quiet_therm=32084|charging_therm=33686|,BIG=36000|MID=38000|usb_pwr_therm=30281|btmspkr_therm=30214|disp_therm=30192|north_therm=30904|soc_therm=33397|battery=30500|battery_cycle=5|dc-mains=34500|usbc-therm-adc=345|max77779fg=30500|LITTLE=36000|soc=16|smpl_gm=0|vdroop1=0|batoilo=0|batoilo2=0|batt_vs=30493|mdis_morepower=0|thb_hda=51|cp_on_chip_0=33000|cp_on_chip_1=34000|G3D=36000|cp_on_chip_2=35000|cp_on_chip_3=33000|cp_on_chip_4=33000|rf2_therm=31000|rf1_therm=32000|ISP=34000|TPU=35000|AUR=35000|rfpa_therm=31661|quiet_therm=32084|charging_therm=33686|,ok,1,batched,touched,4096,256,20,1,668009,256,69254,0,4,4,ok
1,2,nvhe,4,1795000,1418000,36000,38000,BIG=36000|MID=36000|usb_pwr_therm=30281|btmspkr_therm=30214|disp_therm=30192|north_therm=30904|soc_therm=33397|battery=30500|battery_cycle=5|dc-mains=34000|usbc-therm-adc=340|max77779fg=30500|LITTLE=36000|soc=16|smpl_gm=0|vdroop1=0|batoilo=0|batoilo2=0|batt_vs=30493|mdis_morepower=0|thb_hda=51|cp_on_chip_0=33000|cp_on_chip_1=34000|G3D=35000|cp_on_chip_2=35000|cp_on_chip_3=33000|cp_on_chip_4=33000|rf2_therm=31000|rf1_therm=32000|ISP=34000|TPU=35000|AUR=35000|rfpa_therm=31661|quiet_therm=32084|charging_therm=33686|,BIG=36000|MID=38000|usb_pwr_therm=30281|btmspkr_therm=30214|disp_therm=30192|north_therm=30904|soc_therm=33397|battery=30500|battery_cycle=5|dc-mains=34500|usbc-therm-adc=345|max77779fg=30500|LITTLE=36000|soc=16|smpl_gm=0|vdroop1=0|batoilo=0|batoilo2=0|batt_vs=30493|mdis_morepower=0|thb_hda=51|cp_on_chip_0=33000|cp_on_chip_1=34000|G3D=36000|cp_on_chip_2=35000|cp_on_chip_3=33000|cp_on_chip_4=33000|rf2_therm=31000|rf1_therm=32000|ISP=34000|TPU=35000|AUR=35000|rfpa_therm=31661|quiet_therm=32084|charging_therm=33686|,ok,1,batched,touched,4096,256,21,1,734375,256,69499,0,4,4,ok
1,2,nvhe,4,1795000,1418000,36000,38000,BIG=36000|MID=36000|usb_pwr_therm=30281|btmspkr_therm=30214|disp_therm=30192|north_therm=30904|soc_therm=33397|battery=30500|battery_cycle=5|dc-mains=34000|usbc-therm-adc=340|max77779fg=30500|LITTLE=36000|soc=16|smpl_gm=0|vdroop1=0|batoilo=0|batoilo2=0|batt_vs=30493|mdis_morepower=0|thb_hda=51|cp_on_chip_0=33000|cp_on_chip_1=34000|G3D=35000|cp_on_chip_2=35000|cp_on_chip_3=33000|cp_on_chip_4=33000|rf2_therm=31000|rf1_therm=32000|ISP=34000|TPU=35000|AUR=35000|rfpa_therm=31661|quiet_therm=32084|charging_therm=33686|,BIG=36000|MID=38000|usb_pwr_therm=30281|btmspkr_therm=30214|disp_therm=30192|north_therm=30904|soc_therm=33397|battery=30500|battery_cycle=5|dc-mains=34500|usbc-therm-adc=345|max77779fg=30500|LITTLE=36000|soc=16|smpl_gm=0|vdroop1=0|batoilo=0|batoilo2=0|batt_vs=30493|mdis_morepower=0|thb_hda=51|cp_on_chip_0=33000|cp_on_chip_1=34000|G3D=36000|cp_on_chip_2=35000|cp_on_chip_3=33000|cp_on_chip_4=33000|rf2_therm=31000|rf1_therm=32000|ISP=34000|TPU=35000|AUR=35000|rfpa_therm=31661|quiet_therm=32084|charging_therm=33686|,ok,1,batched,touched,4096,256,22,1,675903,256,69784,0,4,4,ok
1,2,nvhe,4,1795000,1418000,36000,38000,BIG=36000|MID=36000|usb_pwr_therm=30281|btmspkr_therm=30214|disp_therm=30192|north_therm=30904|soc_therm=33397|battery=30500|battery_cycle=5|dc-mains=34000|usbc-therm-adc=340|max77779fg=30500|LITTLE=36000|soc=16|smpl_gm=0|vdroop1=0|batoilo=0|batoilo2=0|batt_vs=30493|mdis_morepower=0|thb_hda=51|cp_on_chip_0=33000|cp_on_chip_1=34000|G3D=35000|cp_on_chip_2=35000|cp_on_chip_3=33000|cp_on_chip_4=33000|rf2_therm=31000|rf1_therm=32000|ISP=34000|TPU=35000|AUR=35000|rfpa_therm=31661|quiet_therm=32084|charging_therm=33686|,BIG=36000|MID=38000|usb_pwr_therm=30281|btmspkr_therm=30214|disp_therm=30192|north_therm=30904|soc_therm=33397|battery=30500|battery_cycle=5|dc-mains=34500|usbc-therm-adc=345|max77779fg=30500|LITTLE=36000|soc=16|smpl_gm=0|vdroop1=0|batoilo=0|batoilo2=0|batt_vs=30493|mdis_morepower=0|thb_hda=51|cp_on_chip_0=33000|cp_on_chip_1=34000|G3D=36000|cp_on_chip_2=35000|cp_on_chip_3=33000|cp_on_chip_4=33000|rf2_therm=31000|rf1_therm=32000|ISP=34000|TPU=35000|AUR=35000|rfpa_therm=31661|quiet_therm=32084|charging_therm=33686|,ok,1,batched,touched,4096,256,23,1,672404,256,69702,0,4,4,ok
1,2,nvhe,4,1795000,1418000,36000,38000,BIG=36000|MID=36000|usb_pwr_therm=30281|btmspkr_therm=30214|disp_therm=30192|north_therm=30904|soc_therm=33397|battery=30500|battery_cycle=5|dc-mains=34000|usbc-therm-adc=340|max77779fg=30500|LITTLE=36000|soc=16|smpl_gm=0|vdroop1=0|batoilo=0|batoilo2=0|batt_vs=30493|mdis_morepower=0|thb_hda=51|cp_on_chip_0=33000|cp_on_chip_1=34000|G3D=35000|cp_on_chip_2=35000|cp_on_chip_3=33000|cp_on_chip_4=33000|rf2_therm=31000|rf1_therm=32000|ISP=34000|TPU=35000|AUR=35000|rfpa_therm=31661|quiet_therm=32084|charging_therm=33686|,BIG=36000|MID=38000|usb_pwr_therm=30281|btmspkr_therm=30214|disp_therm=30192|north_therm=30904|soc_therm=33397|battery=30500|battery_cycle=5|dc-mains=34500|usbc-therm-adc=345|max77779fg=30500|LITTLE=36000|soc=16|smpl_gm=0|vdroop1=0|batoilo=0|batoilo2=0|batt_vs=30493|mdis_morepower=0|thb_hda=51|cp_on_chip_0=33000|cp_on_chip_1=34000|G3D=36000|cp_on_chip_2=35000|cp_on_chip_3=33000|cp_on_chip_4=33000|rf2_therm=31000|rf1_therm=32000|ISP=34000|TPU=35000|AUR=35000|rfpa_therm=31661|quiet_therm=32084|charging_therm=33686|,ok,1,batched,touched,4096,256,24,1,682251,256,69377,0,4,4,ok
1,2,nvhe,4,1795000,1418000,36000,38000,BIG=36000|MID=36000|usb_pwr_therm=30281|btmspkr_therm=30214|disp_therm=30192|north_therm=30904|soc_therm=33397|battery=30500|battery_cycle=5|dc-mains=34000|usbc-therm-adc=340|max77779fg=30500|LITTLE=36000|soc=16|smpl_gm=0|vdroop1=0|batoilo=0|batoilo2=0|batt_vs=30493|mdis_morepower=0|thb_hda=51|cp_on_chip_0=33000|cp_on_chip_1=34000|G3D=35000|cp_on_chip_2=35000|cp_on_chip_3=33000|cp_on_chip_4=33000|rf2_therm=31000|rf1_therm=32000|ISP=34000|TPU=35000|AUR=35000|rfpa_therm=31661|quiet_therm=32084|charging_therm=33686|,BIG=36000|MID=38000|usb_pwr_therm=30281|btmspkr_therm=30214|disp_therm=30192|north_therm=30904|soc_therm=33397|battery=30500|battery_cycle=5|dc-mains=34500|usbc-therm-adc=345|max77779fg=30500|LITTLE=36000|soc=16|smpl_gm=0|vdroop1=0|batoilo=0|batoilo2=0|batt_vs=30493|mdis_morepower=0|thb_hda=51|cp_on_chip_0=33000|cp_on_chip_1=34000|G3D=36000|cp_on_chip_2=35000|cp_on_chip_3=33000|cp_on_chip_4=33000|rf2_therm=31000|rf1_therm=32000|ISP=34000|TPU=35000|AUR=35000|rfpa_therm=31661|quiet_therm=32084|charging_therm=33686|,ok,1,batched,touched,4096,256,25,1,664673,256,66488,0,4,4,ok
1,2,nvhe,4,1795000,1418000,36000,38000,BIG=36000|MID=36000|usb_pwr_therm=30281|btmspkr_therm=30214|disp_therm=30192|north_therm=30904|soc_therm=33397|battery=30500|battery_cycle=5|dc-mains=34000|usbc-therm-adc=340|max77779fg=30500|LITTLE=36000|soc=16|smpl_gm=0|vdroop1=0|batoilo=0|batoilo2=0|batt_vs=30493|mdis_morepower=0|thb_hda=51|cp_on_chip_0=33000|cp_on_chip_1=34000|G3D=35000|cp_on_chip_2=35000|cp_on_chip_3=33000|cp_on_chip_4=33000|rf2_therm=31000|rf1_therm=32000|ISP=34000|TPU=35000|AUR=35000|rfpa_therm=31661|quiet_therm=32084|charging_therm=33686|,BIG=36000|MID=38000|usb_pwr_therm=30281|btmspkr_therm=30214|disp_therm=30192|north_therm=30904|soc_therm=33397|battery=30500|battery_cycle=5|dc-mains=34500|usbc-therm-adc=345|max77779fg=30500|LITTLE=36000|soc=16|smpl_gm=0|vdroop1=0|batoilo=0|batoilo2=0|batt_vs=30493|mdis_morepower=0|thb_hda=51|cp_on_chip_0=33000|cp_on_chip_1=34000|G3D=36000|cp_on_chip_2=35000|cp_on_chip_3=33000|cp_on_chip_4=33000|rf2_therm=31000|rf1_therm=32000|ISP=34000|TPU=35000|AUR=35000|rfpa_therm=31661|quiet_therm=32084|charging_therm=33686|,ok,1,batched,touched,4096,256,26,1,721029,256,71045,0,4,4,ok
1,2,nvhe,4,1795000,1418000,36000,38000,BIG=36000|MID=36000|usb_pwr_therm=30281|btmspkr_therm=30214|disp_therm=30192|north_therm=30904|soc_therm=33397|battery=30500|battery_cycle=5|dc-mains=34000|usbc-therm-adc=340|max77779fg=30500|LITTLE=36000|soc=16|smpl_gm=0|vdroop1=0|batoilo=0|batoilo2=0|batt_vs=30493|mdis_morepower=0|thb_hda=51|cp_on_chip_0=33000|cp_on_chip_1=34000|G3D=35000|cp_on_chip_2=35000|cp_on_chip_3=33000|cp_on_chip_4=33000|rf2_therm=31000|rf1_therm=32000|ISP=34000|TPU=35000|AUR=35000|rfpa_therm=31661|quiet_therm=32084|charging_therm=33686|,BIG=36000|MID=38000|usb_pwr_therm=30281|btmspkr_therm=30214|disp_therm=30192|north_therm=30904|soc_therm=33397|battery=30500|battery_cycle=5|dc-mains=34500|usbc-therm-adc=345|max77779fg=30500|LITTLE=36000|soc=16|smpl_gm=0|vdroop1=0|batoilo=0|batoilo2=0|batt_vs=30493|mdis_morepower=0|thb_hda=51|cp_on_chip_0=33000|cp_on_chip_1=34000|G3D=36000|cp_on_chip_2=35000|cp_on_chip_3=33000|cp_on_chip_4=33000|rf2_therm=31000|rf1_therm=32000|ISP=34000|TPU=35000|AUR=35000|rfpa_therm=31661|quiet_therm=32084|charging_therm=33686|,ok,1,batched,touched,4096,256,27,1,615926,256,60750,0,4,4,ok
1,2,nvhe,4,1795000,1418000,36000,38000,BIG=36000|MID=36000|usb_pwr_therm=30281|btmspkr_therm=30214|disp_therm=30192|north_therm=30904|soc_therm=33397|battery=30500|battery_cycle=5|dc-mains=34000|usbc-therm-adc=340|max77779fg=30500|LITTLE=36000|soc=16|smpl_gm=0|vdroop1=0|batoilo=0|batoilo2=0|batt_vs=30493|mdis_morepower=0|thb_hda=51|cp_on_chip_0=33000|cp_on_chip_1=34000|G3D=35000|cp_on_chip_2=35000|cp_on_chip_3=33000|cp_on_chip_4=33000|rf2_therm=31000|rf1_therm=32000|ISP=34000|TPU=35000|AUR=35000|rfpa_therm=31661|quiet_therm=32084|charging_therm=33686|,BIG=36000|MID=38000|usb_pwr_therm=30281|btmspkr_therm=30214|disp_therm=30192|north_therm=30904|soc_therm=33397|battery=30500|battery_cycle=5|dc-mains=34500|usbc-therm-adc=345|max77779fg=30500|LITTLE=36000|soc=16|smpl_gm=0|vdroop1=0|batoilo=0|batoilo2=0|batt_vs=30493|mdis_morepower=0|thb_hda=51|cp_on_chip_0=33000|cp_on_chip_1=34000|G3D=36000|cp_on_chip_2=35000|cp_on_chip_3=33000|cp_on_chip_4=33000|rf2_therm=31000|rf1_therm=32000|ISP=34000|TPU=35000|AUR=35000|rfpa_therm=31661|quiet_therm=32084|charging_therm=33686|,ok,1,batched,touched,4096,256,28,1,588053,256,60709,0,4,4,ok
1,2,nvhe,4,1795000,1418000,36000,38000,BIG=36000|MID=36000|usb_pwr_therm=30281|btmspkr_therm=30214|disp_therm=30192|north_therm=30904|soc_therm=33397|battery=30500|battery_cycle=5|dc-mains=34000|usbc-therm-adc=340|max77779fg=30500|LITTLE=36000|soc=16|smpl_gm=0|vdroop1=0|batoilo=0|batoilo2=0|batt_vs=30493|mdis_morepower=0|thb_hda=51|cp_on_chip_0=33000|cp_on_chip_1=34000|G3D=35000|cp_on_chip_2=35000|cp_on_chip_3=33000|cp_on_chip_4=33000|rf2_therm=31000|rf1_therm=32000|ISP=34000|TPU=35000|AUR=35000|rfpa_therm=31661|quiet_therm=32084|charging_therm=33686|,BIG=36000|MID=38000|usb_pwr_therm=30281|btmspkr_therm=30214|disp_therm=30192|north_therm=30904|soc_therm=33397|battery=30500|battery_cycle=5|dc-mains=34500|usbc-therm-adc=345|max77779fg=30500|LITTLE=36000|soc=16|smpl_gm=0|vdroop1=0|batoilo=0|batoilo2=0|batt_vs=30493|mdis_morepower=0|thb_hda=51|cp_on_chip_0=33000|cp_on_chip_1=34000|G3D=36000|cp_on_chip_2=35000|cp_on_chip_3=33000|cp_on_chip_4=33000|rf2_therm=31000|rf1_therm=32000|ISP=34000|TPU=35000|AUR=35000|rfpa_therm=31661|quiet_therm=32084|charging_therm=33686|,ok,1,batched,touched,4096,256,29,1,590414,256,60384,0,4,4,ok
1,3,nvhe,4,1795000,1795000,39000,38000,BIG=36000|MID=38000|usb_pwr_therm=30281|btmspkr_therm=30214|disp_therm=30214|north_therm=30904|soc_therm=33486|battery=30500|battery_cycle=5|dc-mains=34500|usbc-therm-adc=345|max77779fg=30500|LITTLE=36000|soc=16|smpl_gm=0|vdroop1=0|batoilo=0|batoilo2=0|batt_vs=30493|mdis_morepower=0|thb_hda=51|cp_on_chip_0=33000|cp_on_chip_1=34000|G3D=35000|cp_on_chip_2=35000|cp_on_chip_3=33000|cp_on_chip_4=33000|rf2_therm=31000|rf1_therm=32000|ISP=35000|TPU=36000|AUR=35000|rfpa_therm=31661|quiet_therm=32106|charging_therm=33753|,BIG=37000|MID=37000|usb_pwr_therm=30281|btmspkr_therm=30214|disp_therm=30214|north_therm=30904|soc_therm=33486|battery=30500|battery_cycle=5|dc-mains=34500|usbc-therm-adc=345|max77779fg=30500|LITTLE=36000|soc=16|smpl_gm=0|vdroop1=0|batoilo=0|batoilo2=0|batt_vs=30494|mdis_morepower=0|thb_hda=51|cp_on_chip_0=33000|cp_on_chip_1=34000|G3D=35000|cp_on_chip_2=35000|cp_on_chip_3=33000|cp_on_chip_4=33000|rf2_therm=31000|rf1_therm=32000|ISP=35000|TPU=36000|AUR=36000|rfpa_therm=31661|quiet_therm=32151|charging_therm=33820|,ok,1,batched,touched,4096,512,0,1,1702637,512,78532,0,4,4,ok
1,3,nvhe,4,1795000,1795000,39000,38000,BIG=36000|MID=38000|usb_pwr_therm=30281|btmspkr_therm=30214|disp_therm=30214|north_therm=30904|soc_therm=33486|battery=30500|battery_cycle=5|dc-mains=34500|usbc-therm-adc=345|max77779fg=30500|LITTLE=36000|soc=16|smpl_gm=0|vdroop1=0|batoilo=0|batoilo2=0|batt_vs=30493|mdis_morepower=0|thb_hda=51|cp_on_chip_0=33000|cp_on_chip_1=34000|G3D=35000|cp_on_chip_2=35000|cp_on_chip_3=33000|cp_on_chip_4=33000|rf2_therm=31000|rf1_therm=32000|ISP=35000|TPU=36000|AUR=35000|rfpa_therm=31661|quiet_therm=32106|charging_therm=33753|,BIG=37000|MID=37000|usb_pwr_therm=30281|btmspkr_therm=30214|disp_therm=30214|north_therm=30904|soc_therm=33486|battery=30500|battery_cycle=5|dc-mains=34500|usbc-therm-adc=345|max77779fg=30500|LITTLE=36000|soc=16|smpl_gm=0|vdroop1=0|batoilo=0|batoilo2=0|batt_vs=30494|mdis_morepower=0|thb_hda=51|cp_on_chip_0=33000|cp_on_chip_1=34000|G3D=35000|cp_on_chip_2=35000|cp_on_chip_3=33000|cp_on_chip_4=33000|rf2_therm=31000|rf1_therm=32000|ISP=35000|TPU=36000|AUR=36000|rfpa_therm=31661|quiet_therm=32151|charging_therm=33820|,ok,1,batched,touched,4096,512,1,1,541545,512,72957,0,4,4,ok
1,3,nvhe,4,1795000,1795000,39000,38000,BIG=36000|MID=38000|usb_pwr_therm=30281|btmspkr_therm=30214|disp_therm=30214|north_therm=30904|soc_therm=33486|battery=30500|battery_cycle=5|dc-mains=34500|usbc-therm-adc=345|max77779fg=30500|LITTLE=36000|soc=16|smpl_gm=0|vdroop1=0|batoilo=0|batoilo2=0|batt_vs=30493|mdis_morepower=0|thb_hda=51|cp_on_chip_0=33000|cp_on_chip_1=34000|G3D=35000|cp_on_chip_2=35000|cp_on_chip_3=33000|cp_on_chip_4=33000|rf2_therm=31000|rf1_therm=32000|ISP=35000|TPU=36000|AUR=35000|rfpa_therm=31661|quiet_therm=32106|charging_therm=33753|,BIG=37000|MID=37000|usb_pwr_therm=30281|btmspkr_therm=30214|disp_therm=30214|north_therm=30904|soc_therm=33486|battery=30500|battery_cycle=5|dc-mains=34500|usbc-therm-adc=345|max77779fg=30500|LITTLE=36000|soc=16|smpl_gm=0|vdroop1=0|batoilo=0|batoilo2=0|batt_vs=30494|mdis_morepower=0|thb_hda=51|cp_on_chip_0=33000|cp_on_chip_1=34000|G3D=35000|cp_on_chip_2=35000|cp_on_chip_3=33000|cp_on_chip_4=33000|rf2_therm=31000|rf1_therm=32000|ISP=35000|TPU=36000|AUR=36000|rfpa_therm=31661|quiet_therm=32151|charging_therm=33820|,ok,1,batched,touched,4096,512,2,1,510091,512,43050,0,4,4,ok
1,3,nvhe,4,1795000,1795000,39000,38000,BIG=36000|MID=38000|usb_pwr_therm=30281|btmspkr_therm=30214|disp_therm=30214|north_therm=30904|soc_therm=33486|battery=30500|battery_cycle=5|dc-mains=34500|usbc-therm-adc=345|max77779fg=30500|LITTLE=36000|soc=16|smpl_gm=0|vdroop1=0|batoilo=0|batoilo2=0|batt_vs=30493|mdis_morepower=0|thb_hda=51|cp_on_chip_0=33000|cp_on_chip_1=34000|G3D=35000|cp_on_chip_2=35000|cp_on_chip_3=33000|cp_on_chip_4=33000|rf2_therm=31000|rf1_therm=32000|ISP=35000|TPU=36000|AUR=35000|rfpa_therm=31661|quiet_therm=32106|charging_therm=33753|,BIG=37000|MID=37000|usb_pwr_therm=30281|btmspkr_therm=30214|disp_therm=30214|north_therm=30904|soc_therm=33486|battery=30500|battery_cycle=5|dc-mains=34500|usbc-therm-adc=345|max77779fg=30500|LITTLE=36000|soc=16|smpl_gm=0|vdroop1=0|batoilo=0|batoilo2=0|batt_vs=30494|mdis_morepower=0|thb_hda=51|cp_on_chip_0=33000|cp_on_chip_1=34000|G3D=35000|cp_on_chip_2=35000|cp_on_chip_3=33000|cp_on_chip_4=33000|rf2_therm=31000|rf1_therm=32000|ISP=35000|TPU=36000|AUR=36000|rfpa_therm=31661|quiet_therm=32151|charging_therm=33820|,ok,1,batched,touched,4096,512,3,1,498495,512,42155,0,4,4,ok
1,3,nvhe,4,1795000,1795000,39000,38000,BIG=36000|MID=38000|usb_pwr_therm=30281|btmspkr_therm=30214|disp_therm=30214|north_therm=30904|soc_therm=33486|battery=30500|battery_cycle=5|dc-mains=34500|usbc-therm-adc=345|max77779fg=30500|LITTLE=36000|soc=16|smpl_gm=0|vdroop1=0|batoilo=0|batoilo2=0|batt_vs=30493|mdis_morepower=0|thb_hda=51|cp_on_chip_0=33000|cp_on_chip_1=34000|G3D=35000|cp_on_chip_2=35000|cp_on_chip_3=33000|cp_on_chip_4=33000|rf2_therm=31000|rf1_therm=32000|ISP=35000|TPU=36000|AUR=35000|rfpa_therm=31661|quiet_therm=32106|charging_therm=33753|,BIG=37000|MID=37000|usb_pwr_therm=30281|btmspkr_therm=30214|disp_therm=30214|north_therm=30904|soc_therm=33486|battery=30500|battery_cycle=5|dc-mains=34500|usbc-therm-adc=345|max77779fg=30500|LITTLE=36000|soc=16|smpl_gm=0|vdroop1=0|batoilo=0|batoilo2=0|batt_vs=30494|mdis_morepower=0|thb_hda=51|cp_on_chip_0=33000|cp_on_chip_1=34000|G3D=35000|cp_on_chip_2=35000|cp_on_chip_3=33000|cp_on_chip_4=33000|rf2_therm=31000|rf1_therm=32000|ISP=35000|TPU=36000|AUR=36000|rfpa_therm=31661|quiet_therm=32151|charging_therm=33820|,ok,1,batched,touched,4096,512,4,1,505168,512,47159,0,4,4,ok
1,3,nvhe,4,1795000,1795000,39000,38000,BIG=36000|MID=38000|usb_pwr_therm=30281|btmspkr_therm=30214|disp_therm=30214|north_therm=30904|soc_therm=33486|battery=30500|battery_cycle=5|dc-mains=34500|usbc-therm-adc=345|max77779fg=30500|LITTLE=36000|soc=16|smpl_gm=0|vdroop1=0|batoilo=0|batoilo2=0|batt_vs=30493|mdis_morepower=0|thb_hda=51|cp_on_chip_0=33000|cp_on_chip_1=34000|G3D=35000|cp_on_chip_2=35000|cp_on_chip_3=33000|cp_on_chip_4=33000|rf2_therm=31000|rf1_therm=32000|ISP=35000|TPU=36000|AUR=35000|rfpa_therm=31661|quiet_therm=32106|charging_therm=33753|,BIG=37000|MID=37000|usb_pwr_therm=30281|btmspkr_therm=30214|disp_therm=30214|north_therm=30904|soc_therm=33486|battery=30500|battery_cycle=5|dc-mains=34500|usbc-therm-adc=345|max77779fg=30500|LITTLE=36000|soc=16|smpl_gm=0|vdroop1=0|batoilo=0|batoilo2=0|batt_vs=30494|mdis_morepower=0|thb_hda=51|cp_on_chip_0=33000|cp_on_chip_1=34000|G3D=35000|cp_on_chip_2=35000|cp_on_chip_3=33000|cp_on_chip_4=33000|rf2_therm=31000|rf1_therm=32000|ISP=35000|TPU=36000|AUR=36000|rfpa_therm=31661|quiet_therm=32151|charging_therm=33820|,ok,1,batched,touched,4096,512,5,1,502726,512,44718,0,4,4,ok
1,3,nvhe,4,1795000,1795000,39000,38000,BIG=36000|MID=38000|usb_pwr_therm=30281|btmspkr_therm=30214|disp_therm=30214|north_therm=30904|soc_therm=33486|battery=30500|battery_cycle=5|dc-mains=34500|usbc-therm-adc=345|max77779fg=30500|LITTLE=36000|soc=16|smpl_gm=0|vdroop1=0|batoilo=0|batoilo2=0|batt_vs=30493|mdis_morepower=0|thb_hda=51|cp_on_chip_0=33000|cp_on_chip_1=34000|G3D=35000|cp_on_chip_2=35000|cp_on_chip_3=33000|cp_on_chip_4=33000|rf2_therm=31000|rf1_therm=32000|ISP=35000|TPU=36000|AUR=35000|rfpa_therm=31661|quiet_therm=32106|charging_therm=33753|,BIG=37000|MID=37000|usb_pwr_therm=30281|btmspkr_therm=30214|disp_therm=30214|north_therm=30904|soc_therm=33486|battery=30500|battery_cycle=5|dc-mains=34500|usbc-therm-adc=345|max77779fg=30500|LITTLE=36000|soc=16|smpl_gm=0|vdroop1=0|batoilo=0|batoilo2=0|batt_vs=30494|mdis_morepower=0|thb_hda=51|cp_on_chip_0=33000|cp_on_chip_1=34000|G3D=35000|cp_on_chip_2=35000|cp_on_chip_3=33000|cp_on_chip_4=33000|rf2_therm=31000|rf1_therm=32000|ISP=35000|TPU=36000|AUR=36000|rfpa_therm=31661|quiet_therm=32151|charging_therm=33820|,ok,1,batched,touched,4096,512,6,1,508952,512,72550,0,4,4,ok
1,3,nvhe,4,1795000,1795000,39000,38000,BIG=36000|MID=38000|usb_pwr_therm=30281|btmspkr_therm=30214|disp_therm=30214|north_therm=30904|soc_therm=33486|battery=30500|battery_cycle=5|dc-mains=34500|usbc-therm-adc=345|max77779fg=30500|LITTLE=36000|soc=16|smpl_gm=0|vdroop1=0|batoilo=0|batoilo2=0|batt_vs=30493|mdis_morepower=0|thb_hda=51|cp_on_chip_0=33000|cp_on_chip_1=34000|G3D=35000|cp_on_chip_2=35000|cp_on_chip_3=33000|cp_on_chip_4=33000|rf2_therm=31000|rf1_therm=32000|ISP=35000|TPU=36000|AUR=35000|rfpa_therm=31661|quiet_therm=32106|charging_therm=33753|,BIG=37000|MID=37000|usb_pwr_therm=30281|btmspkr_therm=30214|disp_therm=30214|north_therm=30904|soc_therm=33486|battery=30500|battery_cycle=5|dc-mains=34500|usbc-therm-adc=345|max77779fg=30500|LITTLE=36000|soc=16|smpl_gm=0|vdroop1=0|batoilo=0|batoilo2=0|batt_vs=30494|mdis_morepower=0|thb_hda=51|cp_on_chip_0=33000|cp_on_chip_1=34000|G3D=35000|cp_on_chip_2=35000|cp_on_chip_3=33000|cp_on_chip_4=33000|rf2_therm=31000|rf1_therm=32000|ISP=35000|TPU=36000|AUR=36000|rfpa_therm=31661|quiet_therm=32151|charging_therm=33820|,ok,1,batched,touched,4096,512,7,1,510335,512,44433,0,4,4,ok
1,3,nvhe,4,1795000,1795000,39000,38000,BIG=36000|MID=38000|usb_pwr_therm=30281|btmspkr_therm=30214|disp_therm=30214|north_therm=30904|soc_therm=33486|battery=30500|battery_cycle=5|dc-mains=34500|usbc-therm-adc=345|max77779fg=30500|LITTLE=36000|soc=16|smpl_gm=0|vdroop1=0|batoilo=0|batoilo2=0|batt_vs=30493|mdis_morepower=0|thb_hda=51|cp_on_chip_0=33000|cp_on_chip_1=34000|G3D=35000|cp_on_chip_2=35000|cp_on_chip_3=33000|cp_on_chip_4=33000|rf2_therm=31000|rf1_therm=32000|ISP=35000|TPU=36000|AUR=35000|rfpa_therm=31661|quiet_therm=32106|charging_therm=33753|,BIG=37000|MID=37000|usb_pwr_therm=30281|btmspkr_therm=30214|disp_therm=30214|north_therm=30904|soc_therm=33486|battery=30500|battery_cycle=5|dc-mains=34500|usbc-therm-adc=345|max77779fg=30500|LITTLE=36000|soc=16|smpl_gm=0|vdroop1=0|batoilo=0|batoilo2=0|batt_vs=30494|mdis_morepower=0|thb_hda=51|cp_on_chip_0=33000|cp_on_chip_1=34000|G3D=35000|cp_on_chip_2=35000|cp_on_chip_3=33000|cp_on_chip_4=33000|rf2_therm=31000|rf1_therm=32000|ISP=35000|TPU=36000|AUR=36000|rfpa_therm=31661|quiet_therm=32151|charging_therm=33820|,ok,1,batched,touched,4096,512,8,1,500814,512,46550,0,4,4,ok
1,3,nvhe,4,1795000,1795000,39000,38000,BIG=36000|MID=38000|usb_pwr_therm=30281|btmspkr_therm=30214|disp_therm=30214|north_therm=30904|soc_therm=33486|battery=30500|battery_cycle=5|dc-mains=34500|usbc-therm-adc=345|max77779fg=30500|LITTLE=36000|soc=16|smpl_gm=0|vdroop1=0|batoilo=0|batoilo2=0|batt_vs=30493|mdis_morepower=0|thb_hda=51|cp_on_chip_0=33000|cp_on_chip_1=34000|G3D=35000|cp_on_chip_2=35000|cp_on_chip_3=33000|cp_on_chip_4=33000|rf2_therm=31000|rf1_therm=32000|ISP=35000|TPU=36000|AUR=35000|rfpa_therm=31661|quiet_therm=32106|charging_therm=33753|,BIG=37000|MID=37000|usb_pwr_therm=30281|btmspkr_therm=30214|disp_therm=30214|north_therm=30904|soc_therm=33486|battery=30500|battery_cycle=5|dc-mains=34500|usbc-therm-adc=345|max77779fg=30500|LITTLE=36000|soc=16|smpl_gm=0|vdroop1=0|batoilo=0|batoilo2=0|batt_vs=30494|mdis_morepower=0|thb_hda=51|cp_on_chip_0=33000|cp_on_chip_1=34000|G3D=35000|cp_on_chip_2=35000|cp_on_chip_3=33000|cp_on_chip_4=33000|rf2_therm=31000|rf1_therm=32000|ISP=35000|TPU=36000|AUR=36000|rfpa_therm=31661|quiet_therm=32151|charging_therm=33820|,ok,1,batched,touched,4096,512,9,1,507731,512,43620,0,4,4,ok
1,3,nvhe,4,1795000,1795000,39000,38000,BIG=36000|MID=38000|usb_pwr_therm=30281|btmspkr_therm=30214|disp_therm=30214|north_therm=30904|soc_therm=33486|battery=30500|battery_cycle=5|dc-mains=34500|usbc-therm-adc=345|max77779fg=30500|LITTLE=36000|soc=16|smpl_gm=0|vdroop1=0|batoilo=0|batoilo2=0|batt_vs=30493|mdis_morepower=0|thb_hda=51|cp_on_chip_0=33000|cp_on_chip_1=34000|G3D=35000|cp_on_chip_2=35000|cp_on_chip_3=33000|cp_on_chip_4=33000|rf2_therm=31000|rf1_therm=32000|ISP=35000|TPU=36000|AUR=35000|rfpa_therm=31661|quiet_therm=32106|charging_therm=33753|,BIG=37000|MID=37000|usb_pwr_therm=30281|btmspkr_therm=30214|disp_therm=30214|north_therm=30904|soc_therm=33486|battery=30500|battery_cycle=5|dc-mains=34500|usbc-therm-adc=345|max77779fg=30500|LITTLE=36000|soc=16|smpl_gm=0|vdroop1=0|batoilo=0|batoilo2=0|batt_vs=30494|mdis_morepower=0|thb_hda=51|cp_on_chip_0=33000|cp_on_chip_1=34000|G3D=35000|cp_on_chip_2=35000|cp_on_chip_3=33000|cp_on_chip_4=33000|rf2_therm=31000|rf1_therm=32000|ISP=35000|TPU=36000|AUR=36000|rfpa_therm=31661|quiet_therm=32151|charging_therm=33820|,ok,1,batched,touched,4096,512,10,1,503377,512,44881,0,4,4,ok
1,3,nvhe,4,1795000,1795000,39000,38000,BIG=36000|MID=38000|usb_pwr_therm=30281|btmspkr_therm=30214|disp_therm=30214|north_therm=30904|soc_therm=33486|battery=30500|battery_cycle=5|dc-mains=34500|usbc-therm-adc=345|max77779fg=30500|LITTLE=36000|soc=16|smpl_gm=0|vdroop1=0|batoilo=0|batoilo2=0|batt_vs=30493|mdis_morepower=0|thb_hda=51|cp_on_chip_0=33000|cp_on_chip_1=34000|G3D=35000|cp_on_chip_2=35000|cp_on_chip_3=33000|cp_on_chip_4=33000|rf2_therm=31000|rf1_therm=32000|ISP=35000|TPU=36000|AUR=35000|rfpa_therm=31661|quiet_therm=32106|charging_therm=33753|,BIG=37000|MID=37000|usb_pwr_therm=30281|btmspkr_therm=30214|disp_therm=30214|north_therm=30904|soc_therm=33486|battery=30500|battery_cycle=5|dc-mains=34500|usbc-therm-adc=345|max77779fg=30500|LITTLE=36000|soc=16|smpl_gm=0|vdroop1=0|batoilo=0|batoilo2=0|batt_vs=30494|mdis_morepower=0|thb_hda=51|cp_on_chip_0=33000|cp_on_chip_1=34000|G3D=35000|cp_on_chip_2=35000|cp_on_chip_3=33000|cp_on_chip_4=33000|rf2_therm=31000|rf1_therm=32000|ISP=35000|TPU=36000|AUR=36000|rfpa_therm=31661|quiet_therm=32151|charging_therm=33820|,ok,1,batched,touched,4096,512,11,1,507039,512,45694,0,4,4,ok
1,3,nvhe,4,1795000,1795000,39000,38000,BIG=36000|MID=38000|usb_pwr_therm=30281|btmspkr_therm=30214|disp_therm=30214|north_therm=30904|soc_therm=33486|battery=30500|battery_cycle=5|dc-mains=34500|usbc-therm-adc=345|max77779fg=30500|LITTLE=36000|soc=16|smpl_gm=0|vdroop1=0|batoilo=0|batoilo2=0|batt_vs=30493|mdis_morepower=0|thb_hda=51|cp_on_chip_0=33000|cp_on_chip_1=34000|G3D=35000|cp_on_chip_2=35000|cp_on_chip_3=33000|cp_on_chip_4=33000|rf2_therm=31000|rf1_therm=32000|ISP=35000|TPU=36000|AUR=35000|rfpa_therm=31661|quiet_therm=32106|charging_therm=33753|,BIG=37000|MID=37000|usb_pwr_therm=30281|btmspkr_therm=30214|disp_therm=30214|north_therm=30904|soc_therm=33486|battery=30500|battery_cycle=5|dc-mains=34500|usbc-therm-adc=345|max77779fg=30500|LITTLE=36000|soc=16|smpl_gm=0|vdroop1=0|batoilo=0|batoilo2=0|batt_vs=30494|mdis_morepower=0|thb_hda=51|cp_on_chip_0=33000|cp_on_chip_1=34000|G3D=35000|cp_on_chip_2=35000|cp_on_chip_3=33000|cp_on_chip_4=33000|rf2_therm=31000|rf1_therm=32000|ISP=35000|TPU=36000|AUR=36000|rfpa_therm=31661|quiet_therm=32151|charging_therm=33820|,ok,1,batched,touched,4096,512,12,1,509887,512,44759,0,4,4,ok
1,3,nvhe,4,1795000,1795000,39000,38000,BIG=36000|MID=38000|usb_pwr_therm=30281|btmspkr_therm=30214|disp_therm=30214|north_therm=30904|soc_therm=33486|battery=30500|battery_cycle=5|dc-mains=34500|usbc-therm-adc=345|max77779fg=30500|LITTLE=36000|soc=16|smpl_gm=0|vdroop1=0|batoilo=0|batoilo2=0|batt_vs=30493|mdis_morepower=0|thb_hda=51|cp_on_chip_0=33000|cp_on_chip_1=34000|G3D=35000|cp_on_chip_2=35000|cp_on_chip_3=33000|cp_on_chip_4=33000|rf2_therm=31000|rf1_therm=32000|ISP=35000|TPU=36000|AUR=35000|rfpa_therm=31661|quiet_therm=32106|charging_therm=33753|,BIG=37000|MID=37000|usb_pwr_therm=30281|btmspkr_therm=30214|disp_therm=30214|north_therm=30904|soc_therm=33486|battery=30500|battery_cycle=5|dc-mains=34500|usbc-therm-adc=345|max77779fg=30500|LITTLE=36000|soc=16|smpl_gm=0|vdroop1=0|batoilo=0|batoilo2=0|batt_vs=30494|mdis_morepower=0|thb_hda=51|cp_on_chip_0=33000|cp_on_chip_1=34000|G3D=35000|cp_on_chip_2=35000|cp_on_chip_3=33000|cp_on_chip_4=33000|rf2_therm=31000|rf1_therm=32000|ISP=35000|TPU=36000|AUR=36000|rfpa_therm=31661|quiet_therm=32151|charging_therm=33820|,ok,1,batched,touched,4096,512,13,1,505778,512,44597,0,4,4,ok
1,3,nvhe,4,1795000,1795000,39000,38000,BIG=36000|MID=38000|usb_pwr_therm=30281|btmspkr_therm=30214|disp_therm=30214|north_therm=30904|soc_therm=33486|battery=30500|battery_cycle=5|dc-mains=34500|usbc-therm-adc=345|max77779fg=30500|LITTLE=36000|soc=16|smpl_gm=0|vdroop1=0|batoilo=0|batoilo2=0|batt_vs=30493|mdis_morepower=0|thb_hda=51|cp_on_chip_0=33000|cp_on_chip_1=34000|G3D=35000|cp_on_chip_2=35000|cp_on_chip_3=33000|cp_on_chip_4=33000|rf2_therm=31000|rf1_therm=32000|ISP=35000|TPU=36000|AUR=35000|rfpa_therm=31661|quiet_therm=32106|charging_therm=33753|,BIG=37000|MID=37000|usb_pwr_therm=30281|btmspkr_therm=30214|disp_therm=30214|north_therm=30904|soc_therm=33486|battery=30500|battery_cycle=5|dc-mains=34500|usbc-therm-adc=345|max77779fg=30500|LITTLE=36000|soc=16|smpl_gm=0|vdroop1=0|batoilo=0|batoilo2=0|batt_vs=30494|mdis_morepower=0|thb_hda=51|cp_on_chip_0=33000|cp_on_chip_1=34000|G3D=35000|cp_on_chip_2=35000|cp_on_chip_3=33000|cp_on_chip_4=33000|rf2_therm=31000|rf1_therm=32000|ISP=35000|TPU=36000|AUR=36000|rfpa_therm=31661|quiet_therm=32151|charging_therm=33820|,ok,1,batched,touched,4096,512,14,1,556274,512,46102,0,4,4,ok
1,3,nvhe,4,1795000,1795000,39000,38000,BIG=36000|MID=38000|usb_pwr_therm=30281|btmspkr_therm=30214|disp_therm=30214|north_therm=30904|soc_therm=33486|battery=30500|battery_cycle=5|dc-mains=34500|usbc-therm-adc=345|max77779fg=30500|LITTLE=36000|soc=16|smpl_gm=0|vdroop1=0|batoilo=0|batoilo2=0|batt_vs=30493|mdis_morepower=0|thb_hda=51|cp_on_chip_0=33000|cp_on_chip_1=34000|G3D=35000|cp_on_chip_2=35000|cp_on_chip_3=33000|cp_on_chip_4=33000|rf2_therm=31000|rf1_therm=32000|ISP=35000|TPU=36000|AUR=35000|rfpa_therm=31661|quiet_therm=32106|charging_therm=33753|,BIG=37000|MID=37000|usb_pwr_therm=30281|btmspkr_therm=30214|disp_therm=30214|north_therm=30904|soc_therm=33486|battery=30500|battery_cycle=5|dc-mains=34500|usbc-therm-adc=345|max77779fg=30500|LITTLE=36000|soc=16|smpl_gm=0|vdroop1=0|batoilo=0|batoilo2=0|batt_vs=30494|mdis_morepower=0|thb_hda=51|cp_on_chip_0=33000|cp_on_chip_1=34000|G3D=35000|cp_on_chip_2=35000|cp_on_chip_3=33000|cp_on_chip_4=33000|rf2_therm=31000|rf1_therm=32000|ISP=35000|TPU=36000|AUR=36000|rfpa_therm=31661|quiet_therm=32151|charging_therm=33820|,ok,1,batched,touched,4096,512,15,1,506999,512,46386,0,4,4,ok
1,3,nvhe,4,1795000,1795000,39000,38000,BIG=36000|MID=38000|usb_pwr_therm=30281|btmspkr_therm=30214|disp_therm=30214|north_therm=30904|soc_therm=33486|battery=30500|battery_cycle=5|dc-mains=34500|usbc-therm-adc=345|max77779fg=30500|LITTLE=36000|soc=16|smpl_gm=0|vdroop1=0|batoilo=0|batoilo2=0|batt_vs=30493|mdis_morepower=0|thb_hda=51|cp_on_chip_0=33000|cp_on_chip_1=34000|G3D=35000|cp_on_chip_2=35000|cp_on_chip_3=33000|cp_on_chip_4=33000|rf2_therm=31000|rf1_therm=32000|ISP=35000|TPU=36000|AUR=35000|rfpa_therm=31661|quiet_therm=32106|charging_therm=33753|,BIG=37000|MID=37000|usb_pwr_therm=30281|btmspkr_therm=30214|disp_therm=30214|north_therm=30904|soc_therm=33486|battery=30500|battery_cycle=5|dc-mains=34500|usbc-therm-adc=345|max77779fg=30500|LITTLE=36000|soc=16|smpl_gm=0|vdroop1=0|batoilo=0|batoilo2=0|batt_vs=30494|mdis_morepower=0|thb_hda=51|cp_on_chip_0=33000|cp_on_chip_1=34000|G3D=35000|cp_on_chip_2=35000|cp_on_chip_3=33000|cp_on_chip_4=33000|rf2_therm=31000|rf1_therm=32000|ISP=35000|TPU=36000|AUR=36000|rfpa_therm=31661|quiet_therm=32151|charging_therm=33820|,ok,1,batched,touched,4096,512,16,1,500529,512,43091,0,4,4,ok
1,3,nvhe,4,1795000,1795000,39000,38000,BIG=36000|MID=38000|usb_pwr_therm=30281|btmspkr_therm=30214|disp_therm=30214|north_therm=30904|soc_therm=33486|battery=30500|battery_cycle=5|dc-mains=34500|usbc-therm-adc=345|max77779fg=30500|LITTLE=36000|soc=16|smpl_gm=0|vdroop1=0|batoilo=0|batoilo2=0|batt_vs=30493|mdis_morepower=0|thb_hda=51|cp_on_chip_0=33000|cp_on_chip_1=34000|G3D=35000|cp_on_chip_2=35000|cp_on_chip_3=33000|cp_on_chip_4=33000|rf2_therm=31000|rf1_therm=32000|ISP=35000|TPU=36000|AUR=35000|rfpa_therm=31661|quiet_therm=32106|charging_therm=33753|,BIG=37000|MID=37000|usb_pwr_therm=30281|btmspkr_therm=30214|disp_therm=30214|north_therm=30904|soc_therm=33486|battery=30500|battery_cycle=5|dc-mains=34500|usbc-therm-adc=345|max77779fg=30500|LITTLE=36000|soc=16|smpl_gm=0|vdroop1=0|batoilo=0|batoilo2=0|batt_vs=30494|mdis_morepower=0|thb_hda=51|cp_on_chip_0=33000|cp_on_chip_1=34000|G3D=35000|cp_on_chip_2=35000|cp_on_chip_3=33000|cp_on_chip_4=33000|rf2_therm=31000|rf1_therm=32000|ISP=35000|TPU=36000|AUR=36000|rfpa_therm=31661|quiet_therm=32151|charging_therm=33820|,ok,1,batched,touched,4096,512,17,1,493083,512,45573,0,4,4,ok
1,3,nvhe,4,1795000,1795000,39000,38000,BIG=36000|MID=38000|usb_pwr_therm=30281|btmspkr_therm=30214|disp_therm=30214|north_therm=30904|soc_therm=33486|battery=30500|battery_cycle=5|dc-mains=34500|usbc-therm-adc=345|max77779fg=30500|LITTLE=36000|soc=16|smpl_gm=0|vdroop1=0|batoilo=0|batoilo2=0|batt_vs=30493|mdis_morepower=0|thb_hda=51|cp_on_chip_0=33000|cp_on_chip_1=34000|G3D=35000|cp_on_chip_2=35000|cp_on_chip_3=33000|cp_on_chip_4=33000|rf2_therm=31000|rf1_therm=32000|ISP=35000|TPU=36000|AUR=35000|rfpa_therm=31661|quiet_therm=32106|charging_therm=33753|,BIG=37000|MID=37000|usb_pwr_therm=30281|btmspkr_therm=30214|disp_therm=30214|north_therm=30904|soc_therm=33486|battery=30500|battery_cycle=5|dc-mains=34500|usbc-therm-adc=345|max77779fg=30500|LITTLE=36000|soc=16|smpl_gm=0|vdroop1=0|batoilo=0|batoilo2=0|batt_vs=30494|mdis_morepower=0|thb_hda=51|cp_on_chip_0=33000|cp_on_chip_1=34000|G3D=35000|cp_on_chip_2=35000|cp_on_chip_3=33000|cp_on_chip_4=33000|rf2_therm=31000|rf1_therm=32000|ISP=35000|TPU=36000|AUR=36000|rfpa_therm=31661|quiet_therm=32151|charging_therm=33820|,ok,1,batched,touched,4096,512,18,1,499553,512,44596,0,4,4,ok
1,3,nvhe,4,1795000,1795000,39000,38000,BIG=36000|MID=38000|usb_pwr_therm=30281|btmspkr_therm=30214|disp_therm=30214|north_therm=30904|soc_therm=33486|battery=30500|battery_cycle=5|dc-mains=34500|usbc-therm-adc=345|max77779fg=30500|LITTLE=36000|soc=16|smpl_gm=0|vdroop1=0|batoilo=0|batoilo2=0|batt_vs=30493|mdis_morepower=0|thb_hda=51|cp_on_chip_0=33000|cp_on_chip_1=34000|G3D=35000|cp_on_chip_2=35000|cp_on_chip_3=33000|cp_on_chip_4=33000|rf2_therm=31000|rf1_therm=32000|ISP=35000|TPU=36000|AUR=35000|rfpa_therm=31661|quiet_therm=32106|charging_therm=33753|,BIG=37000|MID=37000|usb_pwr_therm=30281|btmspkr_therm=30214|disp_therm=30214|north_therm=30904|soc_therm=33486|battery=30500|battery_cycle=5|dc-mains=34500|usbc-therm-adc=345|max77779fg=30500|LITTLE=36000|soc=16|smpl_gm=0|vdroop1=0|batoilo=0|batoilo2=0|batt_vs=30494|mdis_morepower=0|thb_hda=51|cp_on_chip_0=33000|cp_on_chip_1=34000|G3D=35000|cp_on_chip_2=35000|cp_on_chip_3=33000|cp_on_chip_4=33000|rf2_therm=31000|rf1_therm=32000|ISP=35000|TPU=36000|AUR=36000|rfpa_therm=31661|quiet_therm=32151|charging_therm=33820|,ok,1,batched,touched,4096,512,19,1,505330,512,42521,0,4,4,ok
1,3,nvhe,4,1795000,1795000,39000,38000,BIG=36000|MID=38000|usb_pwr_therm=30281|btmspkr_therm=30214|disp_therm=30214|north_therm=30904|soc_therm=33486|battery=30500|battery_cycle=5|dc-mains=34500|usbc-therm-adc=345|max77779fg=30500|LITTLE=36000|soc=16|smpl_gm=0|vdroop1=0|batoilo=0|batoilo2=0|batt_vs=30493|mdis_morepower=0|thb_hda=51|cp_on_chip_0=33000|cp_on_chip_1=34000|G3D=35000|cp_on_chip_2=35000|cp_on_chip_3=33000|cp_on_chip_4=33000|rf2_therm=31000|rf1_therm=32000|ISP=35000|TPU=36000|AUR=35000|rfpa_therm=31661|quiet_therm=32106|charging_therm=33753|,BIG=37000|MID=37000|usb_pwr_therm=30281|btmspkr_therm=30214|disp_therm=30214|north_therm=30904|soc_therm=33486|battery=30500|battery_cycle=5|dc-mains=34500|usbc-therm-adc=345|max77779fg=30500|LITTLE=36000|soc=16|smpl_gm=0|vdroop1=0|batoilo=0|batoilo2=0|batt_vs=30494|mdis_morepower=0|thb_hda=51|cp_on_chip_0=33000|cp_on_chip_1=34000|G3D=35000|cp_on_chip_2=35000|cp_on_chip_3=33000|cp_on_chip_4=33000|rf2_therm=31000|rf1_therm=32000|ISP=35000|TPU=36000|AUR=36000|rfpa_therm=31661|quiet_therm=32151|charging_therm=33820|,ok,1,batched,touched,4096,512,20,1,530925,512,42032,0,4,4,ok
1,3,nvhe,4,1795000,1795000,39000,38000,BIG=36000|MID=38000|usb_pwr_therm=30281|btmspkr_therm=30214|disp_therm=30214|north_therm=30904|soc_therm=33486|battery=30500|battery_cycle=5|dc-mains=34500|usbc-therm-adc=345|max77779fg=30500|LITTLE=36000|soc=16|smpl_gm=0|vdroop1=0|batoilo=0|batoilo2=0|batt_vs=30493|mdis_morepower=0|thb_hda=51|cp_on_chip_0=33000|cp_on_chip_1=34000|G3D=35000|cp_on_chip_2=35000|cp_on_chip_3=33000|cp_on_chip_4=33000|rf2_therm=31000|rf1_therm=32000|ISP=35000|TPU=36000|AUR=35000|rfpa_therm=31661|quiet_therm=32106|charging_therm=33753|,BIG=37000|MID=37000|usb_pwr_therm=30281|btmspkr_therm=30214|disp_therm=30214|north_therm=30904|soc_therm=33486|battery=30500|battery_cycle=5|dc-mains=34500|usbc-therm-adc=345|max77779fg=30500|LITTLE=36000|soc=16|smpl_gm=0|vdroop1=0|batoilo=0|batoilo2=0|batt_vs=30494|mdis_morepower=0|thb_hda=51|cp_on_chip_0=33000|cp_on_chip_1=34000|G3D=35000|cp_on_chip_2=35000|cp_on_chip_3=33000|cp_on_chip_4=33000|rf2_therm=31000|rf1_therm=32000|ISP=35000|TPU=36000|AUR=36000|rfpa_therm=31661|quiet_therm=32151|charging_therm=33820|,ok,1,batched,touched,4096,512,21,1,537760,512,45166,0,4,4,ok
1,3,nvhe,4,1795000,1795000,39000,38000,BIG=36000|MID=38000|usb_pwr_therm=30281|btmspkr_therm=30214|disp_therm=30214|north_therm=30904|soc_therm=33486|battery=30500|battery_cycle=5|dc-mains=34500|usbc-therm-adc=345|max77779fg=30500|LITTLE=36000|soc=16|smpl_gm=0|vdroop1=0|batoilo=0|batoilo2=0|batt_vs=30493|mdis_morepower=0|thb_hda=51|cp_on_chip_0=33000|cp_on_chip_1=34000|G3D=35000|cp_on_chip_2=35000|cp_on_chip_3=33000|cp_on_chip_4=33000|rf2_therm=31000|rf1_therm=32000|ISP=35000|TPU=36000|AUR=35000|rfpa_therm=31661|quiet_therm=32106|charging_therm=33753|,BIG=37000|MID=37000|usb_pwr_therm=30281|btmspkr_therm=30214|disp_therm=30214|north_therm=30904|soc_therm=33486|battery=30500|battery_cycle=5|dc-mains=34500|usbc-therm-adc=345|max77779fg=30500|LITTLE=36000|soc=16|smpl_gm=0|vdroop1=0|batoilo=0|batoilo2=0|batt_vs=30494|mdis_morepower=0|thb_hda=51|cp_on_chip_0=33000|cp_on_chip_1=34000|G3D=35000|cp_on_chip_2=35000|cp_on_chip_3=33000|cp_on_chip_4=33000|rf2_therm=31000|rf1_therm=32000|ISP=35000|TPU=36000|AUR=36000|rfpa_therm=31661|quiet_therm=32151|charging_therm=33820|,ok,1,batched,touched,4096,512,22,1,503987,512,41870,0,4,4,ok
1,3,nvhe,4,1795000,1795000,39000,38000,BIG=36000|MID=38000|usb_pwr_therm=30281|btmspkr_therm=30214|disp_therm=30214|north_therm=30904|soc_therm=33486|battery=30500|battery_cycle=5|dc-mains=34500|usbc-therm-adc=345|max77779fg=30500|LITTLE=36000|soc=16|smpl_gm=0|vdroop1=0|batoilo=0|batoilo2=0|batt_vs=30493|mdis_morepower=0|thb_hda=51|cp_on_chip_0=33000|cp_on_chip_1=34000|G3D=35000|cp_on_chip_2=35000|cp_on_chip_3=33000|cp_on_chip_4=33000|rf2_therm=31000|rf1_therm=32000|ISP=35000|TPU=36000|AUR=35000|rfpa_therm=31661|quiet_therm=32106|charging_therm=33753|,BIG=37000|MID=37000|usb_pwr_therm=30281|btmspkr_therm=30214|disp_therm=30214|north_therm=30904|soc_therm=33486|battery=30500|battery_cycle=5|dc-mains=34500|usbc-therm-adc=345|max77779fg=30500|LITTLE=36000|soc=16|smpl_gm=0|vdroop1=0|batoilo=0|batoilo2=0|batt_vs=30494|mdis_morepower=0|thb_hda=51|cp_on_chip_0=33000|cp_on_chip_1=34000|G3D=35000|cp_on_chip_2=35000|cp_on_chip_3=33000|cp_on_chip_4=33000|rf2_therm=31000|rf1_therm=32000|ISP=35000|TPU=36000|AUR=36000|rfpa_therm=31661|quiet_therm=32151|charging_therm=33820|,ok,1,batched,touched,4096,512,23,1,502157,512,44068,0,4,4,ok
1,3,nvhe,4,1795000,1795000,39000,38000,BIG=36000|MID=38000|usb_pwr_therm=30281|btmspkr_therm=30214|disp_therm=30214|north_therm=30904|soc_therm=33486|battery=30500|battery_cycle=5|dc-mains=34500|usbc-therm-adc=345|max77779fg=30500|LITTLE=36000|soc=16|smpl_gm=0|vdroop1=0|batoilo=0|batoilo2=0|batt_vs=30493|mdis_morepower=0|thb_hda=51|cp_on_chip_0=33000|cp_on_chip_1=34000|G3D=35000|cp_on_chip_2=35000|cp_on_chip_3=33000|cp_on_chip_4=33000|rf2_therm=31000|rf1_therm=32000|ISP=35000|TPU=36000|AUR=35000|rfpa_therm=31661|quiet_therm=32106|charging_therm=33753|,BIG=37000|MID=37000|usb_pwr_therm=30281|btmspkr_therm=30214|disp_therm=30214|north_therm=30904|soc_therm=33486|battery=30500|battery_cycle=5|dc-mains=34500|usbc-therm-adc=345|max77779fg=30500|LITTLE=36000|soc=16|smpl_gm=0|vdroop1=0|batoilo=0|batoilo2=0|batt_vs=30494|mdis_morepower=0|thb_hda=51|cp_on_chip_0=33000|cp_on_chip_1=34000|G3D=35000|cp_on_chip_2=35000|cp_on_chip_3=33000|cp_on_chip_4=33000|rf2_therm=31000|rf1_therm=32000|ISP=35000|TPU=36000|AUR=36000|rfpa_therm=31661|quiet_therm=32151|charging_therm=33820|,ok,1,batched,touched,4096,512,24,1,507650,512,41544,0,4,4,ok
1,3,nvhe,4,1795000,1795000,39000,38000,BIG=36000|MID=38000|usb_pwr_therm=30281|btmspkr_therm=30214|disp_therm=30214|north_therm=30904|soc_therm=33486|battery=30500|battery_cycle=5|dc-mains=34500|usbc-therm-adc=345|max77779fg=30500|LITTLE=36000|soc=16|smpl_gm=0|vdroop1=0|batoilo=0|batoilo2=0|batt_vs=30493|mdis_morepower=0|thb_hda=51|cp_on_chip_0=33000|cp_on_chip_1=34000|G3D=35000|cp_on_chip_2=35000|cp_on_chip_3=33000|cp_on_chip_4=33000|rf2_therm=31000|rf1_therm=32000|ISP=35000|TPU=36000|AUR=35000|rfpa_therm=31661|quiet_therm=32106|charging_therm=33753|,BIG=37000|MID=37000|usb_pwr_therm=30281|btmspkr_therm=30214|disp_therm=30214|north_therm=30904|soc_therm=33486|battery=30500|battery_cycle=5|dc-mains=34500|usbc-therm-adc=345|max77779fg=30500|LITTLE=36000|soc=16|smpl_gm=0|vdroop1=0|batoilo=0|batoilo2=0|batt_vs=30494|mdis_morepower=0|thb_hda=51|cp_on_chip_0=33000|cp_on_chip_1=34000|G3D=35000|cp_on_chip_2=35000|cp_on_chip_3=33000|cp_on_chip_4=33000|rf2_therm=31000|rf1_therm=32000|ISP=35000|TPU=36000|AUR=36000|rfpa_therm=31661|quiet_therm=32151|charging_therm=33820|,ok,1,batched,touched,4096,512,25,1,495239,512,44963,0,4,4,ok
1,3,nvhe,4,1795000,1795000,39000,38000,BIG=36000|MID=38000|usb_pwr_therm=30281|btmspkr_therm=30214|disp_therm=30214|north_therm=30904|soc_therm=33486|battery=30500|battery_cycle=5|dc-mains=34500|usbc-therm-adc=345|max77779fg=30500|LITTLE=36000|soc=16|smpl_gm=0|vdroop1=0|batoilo=0|batoilo2=0|batt_vs=30493|mdis_morepower=0|thb_hda=51|cp_on_chip_0=33000|cp_on_chip_1=34000|G3D=35000|cp_on_chip_2=35000|cp_on_chip_3=33000|cp_on_chip_4=33000|rf2_therm=31000|rf1_therm=32000|ISP=35000|TPU=36000|AUR=35000|rfpa_therm=31661|quiet_therm=32106|charging_therm=33753|,BIG=37000|MID=37000|usb_pwr_therm=30281|btmspkr_therm=30214|disp_therm=30214|north_therm=30904|soc_therm=33486|battery=30500|battery_cycle=5|dc-mains=34500|usbc-therm-adc=345|max77779fg=30500|LITTLE=36000|soc=16|smpl_gm=0|vdroop1=0|batoilo=0|batoilo2=0|batt_vs=30494|mdis_morepower=0|thb_hda=51|cp_on_chip_0=33000|cp_on_chip_1=34000|G3D=35000|cp_on_chip_2=35000|cp_on_chip_3=33000|cp_on_chip_4=33000|rf2_therm=31000|rf1_therm=32000|ISP=35000|TPU=36000|AUR=36000|rfpa_therm=31661|quiet_therm=32151|charging_therm=33820|,ok,1,batched,touched,4096,512,26,1,498860,512,43376,0,4,4,ok
1,3,nvhe,4,1795000,1795000,39000,38000,BIG=36000|MID=38000|usb_pwr_therm=30281|btmspkr_therm=30214|disp_therm=30214|north_therm=30904|soc_therm=33486|battery=30500|battery_cycle=5|dc-mains=34500|usbc-therm-adc=345|max77779fg=30500|LITTLE=36000|soc=16|smpl_gm=0|vdroop1=0|batoilo=0|batoilo2=0|batt_vs=30493|mdis_morepower=0|thb_hda=51|cp_on_chip_0=33000|cp_on_chip_1=34000|G3D=35000|cp_on_chip_2=35000|cp_on_chip_3=33000|cp_on_chip_4=33000|rf2_therm=31000|rf1_therm=32000|ISP=35000|TPU=36000|AUR=35000|rfpa_therm=31661|quiet_therm=32106|charging_therm=33753|,BIG=37000|MID=37000|usb_pwr_therm=30281|btmspkr_therm=30214|disp_therm=30214|north_therm=30904|soc_therm=33486|battery=30500|battery_cycle=5|dc-mains=34500|usbc-therm-adc=345|max77779fg=30500|LITTLE=36000|soc=16|smpl_gm=0|vdroop1=0|batoilo=0|batoilo2=0|batt_vs=30494|mdis_morepower=0|thb_hda=51|cp_on_chip_0=33000|cp_on_chip_1=34000|G3D=35000|cp_on_chip_2=35000|cp_on_chip_3=33000|cp_on_chip_4=33000|rf2_therm=31000|rf1_therm=32000|ISP=35000|TPU=36000|AUR=36000|rfpa_therm=31661|quiet_therm=32151|charging_therm=33820|,ok,1,batched,touched,4096,512,27,1,497315,512,41300,0,4,4,ok
1,3,nvhe,4,1795000,1795000,39000,38000,BIG=36000|MID=38000|usb_pwr_therm=30281|btmspkr_therm=30214|disp_therm=30214|north_therm=30904|soc_therm=33486|battery=30500|battery_cycle=5|dc-mains=34500|usbc-therm-adc=345|max77779fg=30500|LITTLE=36000|soc=16|smpl_gm=0|vdroop1=0|batoilo=0|batoilo2=0|batt_vs=30493|mdis_morepower=0|thb_hda=51|cp_on_chip_0=33000|cp_on_chip_1=34000|G3D=35000|cp_on_chip_2=35000|cp_on_chip_3=33000|cp_on_chip_4=33000|rf2_therm=31000|rf1_therm=32000|ISP=35000|TPU=36000|AUR=35000|rfpa_therm=31661|quiet_therm=32106|charging_therm=33753|,BIG=37000|MID=37000|usb_pwr_therm=30281|btmspkr_therm=30214|disp_therm=30214|north_therm=30904|soc_therm=33486|battery=30500|battery_cycle=5|dc-mains=34500|usbc-therm-adc=345|max77779fg=30500|LITTLE=36000|soc=16|smpl_gm=0|vdroop1=0|batoilo=0|batoilo2=0|batt_vs=30494|mdis_morepower=0|thb_hda=51|cp_on_chip_0=33000|cp_on_chip_1=34000|G3D=35000|cp_on_chip_2=35000|cp_on_chip_3=33000|cp_on_chip_4=33000|rf2_therm=31000|rf1_therm=32000|ISP=35000|TPU=36000|AUR=36000|rfpa_therm=31661|quiet_therm=32151|charging_therm=33820|,ok,1,batched,touched,4096,512,28,1,528605,512,45532,0,4,4,ok
1,3,nvhe,4,1795000,1795000,39000,38000,BIG=36000|MID=38000|usb_pwr_therm=30281|btmspkr_therm=30214|disp_therm=30214|north_therm=30904|soc_therm=33486|battery=30500|battery_cycle=5|dc-mains=34500|usbc-therm-adc=345|max77779fg=30500|LITTLE=36000|soc=16|smpl_gm=0|vdroop1=0|batoilo=0|batoilo2=0|batt_vs=30493|mdis_morepower=0|thb_hda=51|cp_on_chip_0=33000|cp_on_chip_1=34000|G3D=35000|cp_on_chip_2=35000|cp_on_chip_3=33000|cp_on_chip_4=33000|rf2_therm=31000|rf1_therm=32000|ISP=35000|TPU=36000|AUR=35000|rfpa_therm=31661|quiet_therm=32106|charging_therm=33753|,BIG=37000|MID=37000|usb_pwr_therm=30281|btmspkr_therm=30214|disp_therm=30214|north_therm=30904|soc_therm=33486|battery=30500|battery_cycle=5|dc-mains=34500|usbc-therm-adc=345|max77779fg=30500|LITTLE=36000|soc=16|smpl_gm=0|vdroop1=0|batoilo=0|batoilo2=0|batt_vs=30494|mdis_morepower=0|thb_hda=51|cp_on_chip_0=33000|cp_on_chip_1=34000|G3D=35000|cp_on_chip_2=35000|cp_on_chip_3=33000|cp_on_chip_4=33000|rf2_therm=31000|rf1_therm=32000|ISP=35000|TPU=36000|AUR=36000|rfpa_therm=31661|quiet_therm=32151|charging_therm=33820|,ok,1,batched,touched,4096,512,29,1,503947,512,44190,0,4,4,ok
1,4,nvhe,4,1795000,2600000,37000,39000,BIG=37000|MID=37000|usb_pwr_therm=30281|btmspkr_therm=30214|disp_therm=30214|north_therm=30904|soc_therm=33575|battery=30500|battery_cycle=5|dc-mains=34500|usbc-therm-adc=345|max77779fg=30500|LITTLE=36000|soc=16|smpl_gm=0|vdroop1=0|batoilo=0|batoilo2=0|batt_vs=30493|mdis_morepower=0|thb_hda=51|cp_on_chip_0=33000|cp_on_chip_1=34000|G3D=36000|cp_on_chip_2=35000|cp_on_chip_3=33000|cp_on_chip_4=33000|rf2_therm=31000|rf1_therm=32000|ISP=35000|TPU=35000|AUR=35000|rfpa_therm=31661|quiet_therm=32151|charging_therm=33820|,BIG=37000|MID=37000|usb_pwr_therm=30281|btmspkr_therm=30214|disp_therm=30192|north_therm=30904|soc_therm=33686|battery=30500|battery_cycle=5|dc-mains=34500|usbc-therm-adc=345|max77779fg=30500|LITTLE=37000|soc=16|smpl_gm=0|vdroop1=0|batoilo=0|batoilo2=0|batt_vs=30494|mdis_morepower=0|thb_hda=51|cp_on_chip_0=33000|cp_on_chip_1=34000|G3D=36000|cp_on_chip_2=35000|cp_on_chip_3=33000|cp_on_chip_4=33000|rf2_therm=31000|rf1_therm=32000|ISP=35000|TPU=36000|AUR=36000|rfpa_therm=31661|quiet_therm=32195|charging_therm=33887|,ok,1,batched,touched,4096,8192,0,1,16800171,8192,2313396,0,4,4,ok
1,4,nvhe,4,1795000,2600000,37000,39000,BIG=37000|MID=37000|usb_pwr_therm=30281|btmspkr_therm=30214|disp_therm=30214|north_therm=30904|soc_therm=33575|battery=30500|battery_cycle=5|dc-mains=34500|usbc-therm-adc=345|max77779fg=30500|LITTLE=36000|soc=16|smpl_gm=0|vdroop1=0|batoilo=0|batoilo2=0|batt_vs=30493|mdis_morepower=0|thb_hda=51|cp_on_chip_0=33000|cp_on_chip_1=34000|G3D=36000|cp_on_chip_2=35000|cp_on_chip_3=33000|cp_on_chip_4=33000|rf2_therm=31000|rf1_therm=32000|ISP=35000|TPU=35000|AUR=35000|rfpa_therm=31661|quiet_therm=32151|charging_therm=33820|,BIG=37000|MID=37000|usb_pwr_therm=30281|btmspkr_therm=30214|disp_therm=30192|north_therm=30904|soc_therm=33686|battery=30500|battery_cycle=5|dc-mains=34500|usbc-therm-adc=345|max77779fg=30500|LITTLE=37000|soc=16|smpl_gm=0|vdroop1=0|batoilo=0|batoilo2=0|batt_vs=30494|mdis_morepower=0|thb_hda=51|cp_on_chip_0=33000|cp_on_chip_1=34000|G3D=36000|cp_on_chip_2=35000|cp_on_chip_3=33000|cp_on_chip_4=33000|rf2_therm=31000|rf1_therm=32000|ISP=35000|TPU=36000|AUR=36000|rfpa_therm=31661|quiet_therm=32195|charging_therm=33887|,ok,1,batched,touched,4096,8192,1,1,8887777,8192,2395834,0,4,4,ok
1,4,nvhe,4,1795000,2600000,37000,39000,BIG=37000|MID=37000|usb_pwr_therm=30281|btmspkr_therm=30214|disp_therm=30214|north_therm=30904|soc_therm=33575|battery=30500|battery_cycle=5|dc-mains=34500|usbc-therm-adc=345|max77779fg=30500|LITTLE=36000|soc=16|smpl_gm=0|vdroop1=0|batoilo=0|batoilo2=0|batt_vs=30493|mdis_morepower=0|thb_hda=51|cp_on_chip_0=33000|cp_on_chip_1=34000|G3D=36000|cp_on_chip_2=35000|cp_on_chip_3=33000|cp_on_chip_4=33000|rf2_therm=31000|rf1_therm=32000|ISP=35000|TPU=35000|AUR=35000|rfpa_therm=31661|quiet_therm=32151|charging_therm=33820|,BIG=37000|MID=37000|usb_pwr_therm=30281|btmspkr_therm=30214|disp_therm=30192|north_therm=30904|soc_therm=33686|battery=30500|battery_cycle=5|dc-mains=34500|usbc-therm-adc=345|max77779fg=30500|LITTLE=37000|soc=16|smpl_gm=0|vdroop1=0|batoilo=0|batoilo2=0|batt_vs=30494|mdis_morepower=0|thb_hda=51|cp_on_chip_0=33000|cp_on_chip_1=34000|G3D=36000|cp_on_chip_2=35000|cp_on_chip_3=33000|cp_on_chip_4=33000|rf2_therm=31000|rf1_therm=32000|ISP=35000|TPU=36000|AUR=36000|rfpa_therm=31661|quiet_therm=32195|charging_therm=33887|,ok,1,batched,touched,4096,8192,2,1,8886922,8192,1786255,0,4,4,ok
1,4,nvhe,4,1795000,2600000,37000,39000,BIG=37000|MID=37000|usb_pwr_therm=30281|btmspkr_therm=30214|disp_therm=30214|north_therm=30904|soc_therm=33575|battery=30500|battery_cycle=5|dc-mains=34500|usbc-therm-adc=345|max77779fg=30500|LITTLE=36000|soc=16|smpl_gm=0|vdroop1=0|batoilo=0|batoilo2=0|batt_vs=30493|mdis_morepower=0|thb_hda=51|cp_on_chip_0=33000|cp_on_chip_1=34000|G3D=36000|cp_on_chip_2=35000|cp_on_chip_3=33000|cp_on_chip_4=33000|rf2_therm=31000|rf1_therm=32000|ISP=35000|TPU=35000|AUR=35000|rfpa_therm=31661|quiet_therm=32151|charging_therm=33820|,BIG=37000|MID=37000|usb_pwr_therm=30281|btmspkr_therm=30214|disp_therm=30192|north_therm=30904|soc_therm=33686|battery=30500|battery_cycle=5|dc-mains=34500|usbc-therm-adc=345|max77779fg=30500|LITTLE=37000|soc=16|smpl_gm=0|vdroop1=0|batoilo=0|batoilo2=0|batt_vs=30494|mdis_morepower=0|thb_hda=51|cp_on_chip_0=33000|cp_on_chip_1=34000|G3D=36000|cp_on_chip_2=35000|cp_on_chip_3=33000|cp_on_chip_4=33000|rf2_therm=31000|rf1_therm=32000|ISP=35000|TPU=36000|AUR=36000|rfpa_therm=31661|quiet_therm=32195|charging_therm=33887|,ok,1,batched,touched,4096,8192,3,1,7605957,8192,1630127,0,4,4,ok
1,4,nvhe,4,1795000,2600000,37000,39000,BIG=37000|MID=37000|usb_pwr_therm=30281|btmspkr_therm=30214|disp_therm=30214|north_therm=30904|soc_therm=33575|battery=30500|battery_cycle=5|dc-mains=34500|usbc-therm-adc=345|max77779fg=30500|LITTLE=36000|soc=16|smpl_gm=0|vdroop1=0|batoilo=0|batoilo2=0|batt_vs=30493|mdis_morepower=0|thb_hda=51|cp_on_chip_0=33000|cp_on_chip_1=34000|G3D=36000|cp_on_chip_2=35000|cp_on_chip_3=33000|cp_on_chip_4=33000|rf2_therm=31000|rf1_therm=32000|ISP=35000|TPU=35000|AUR=35000|rfpa_therm=31661|quiet_therm=32151|charging_therm=33820|,BIG=37000|MID=37000|usb_pwr_therm=30281|btmspkr_therm=30214|disp_therm=30192|north_therm=30904|soc_therm=33686|battery=30500|battery_cycle=5|dc-mains=34500|usbc-therm-adc=345|max77779fg=30500|LITTLE=37000|soc=16|smpl_gm=0|vdroop1=0|batoilo=0|batoilo2=0|batt_vs=30494|mdis_morepower=0|thb_hda=51|cp_on_chip_0=33000|cp_on_chip_1=34000|G3D=36000|cp_on_chip_2=35000|cp_on_chip_3=33000|cp_on_chip_4=33000|rf2_therm=31000|rf1_therm=32000|ISP=35000|TPU=36000|AUR=36000|rfpa_therm=31661|quiet_therm=32195|charging_therm=33887|,ok,1,batched,touched,4096,8192,4,1,8972209,8192,1868571,0,4,4,ok
1,4,nvhe,4,1795000,2600000,37000,39000,BIG=37000|MID=37000|usb_pwr_therm=30281|btmspkr_therm=30214|disp_therm=30214|north_therm=30904|soc_therm=33575|battery=30500|battery_cycle=5|dc-mains=34500|usbc-therm-adc=345|max77779fg=30500|LITTLE=36000|soc=16|smpl_gm=0|vdroop1=0|batoilo=0|batoilo2=0|batt_vs=30493|mdis_morepower=0|thb_hda=51|cp_on_chip_0=33000|cp_on_chip_1=34000|G3D=36000|cp_on_chip_2=35000|cp_on_chip_3=33000|cp_on_chip_4=33000|rf2_therm=31000|rf1_therm=32000|ISP=35000|TPU=35000|AUR=35000|rfpa_therm=31661|quiet_therm=32151|charging_therm=33820|,BIG=37000|MID=37000|usb_pwr_therm=30281|btmspkr_therm=30214|disp_therm=30192|north_therm=30904|soc_therm=33686|battery=30500|battery_cycle=5|dc-mains=34500|usbc-therm-adc=345|max77779fg=30500|LITTLE=37000|soc=16|smpl_gm=0|vdroop1=0|batoilo=0|batoilo2=0|batt_vs=30494|mdis_morepower=0|thb_hda=51|cp_on_chip_0=33000|cp_on_chip_1=34000|G3D=36000|cp_on_chip_2=35000|cp_on_chip_3=33000|cp_on_chip_4=33000|rf2_therm=31000|rf1_therm=32000|ISP=35000|TPU=36000|AUR=36000|rfpa_therm=31661|quiet_therm=32195|charging_therm=33887|,ok,1,batched,touched,4096,8192,5,1,7872396,8192,1772990,0,4,4,ok
1,4,nvhe,4,1795000,2600000,37000,39000,BIG=37000|MID=37000|usb_pwr_therm=30281|btmspkr_therm=30214|disp_therm=30214|north_therm=30904|soc_therm=33575|battery=30500|battery_cycle=5|dc-mains=34500|usbc-therm-adc=345|max77779fg=30500|LITTLE=36000|soc=16|smpl_gm=0|vdroop1=0|batoilo=0|batoilo2=0|batt_vs=30493|mdis_morepower=0|thb_hda=51|cp_on_chip_0=33000|cp_on_chip_1=34000|G3D=36000|cp_on_chip_2=35000|cp_on_chip_3=33000|cp_on_chip_4=33000|rf2_therm=31000|rf1_therm=32000|ISP=35000|TPU=35000|AUR=35000|rfpa_therm=31661|quiet_therm=32151|charging_therm=33820|,BIG=37000|MID=37000|usb_pwr_therm=30281|btmspkr_therm=30214|disp_therm=30192|north_therm=30904|soc_therm=33686|battery=30500|battery_cycle=5|dc-mains=34500|usbc-therm-adc=345|max77779fg=30500|LITTLE=37000|soc=16|smpl_gm=0|vdroop1=0|batoilo=0|batoilo2=0|batt_vs=30494|mdis_morepower=0|thb_hda=51|cp_on_chip_0=33000|cp_on_chip_1=34000|G3D=36000|cp_on_chip_2=35000|cp_on_chip_3=33000|cp_on_chip_4=33000|rf2_therm=31000|rf1_therm=32000|ISP=35000|TPU=36000|AUR=36000|rfpa_therm=31661|quiet_therm=32195|charging_therm=33887|,ok,1,batched,touched,4096,8192,6,1,7949747,8192,1663615,0,4,4,ok
1,4,nvhe,4,1795000,2600000,37000,39000,BIG=37000|MID=37000|usb_pwr_therm=30281|btmspkr_therm=30214|disp_therm=30214|north_therm=30904|soc_therm=33575|battery=30500|battery_cycle=5|dc-mains=34500|usbc-therm-adc=345|max77779fg=30500|LITTLE=36000|soc=16|smpl_gm=0|vdroop1=0|batoilo=0|batoilo2=0|batt_vs=30493|mdis_morepower=0|thb_hda=51|cp_on_chip_0=33000|cp_on_chip_1=34000|G3D=36000|cp_on_chip_2=35000|cp_on_chip_3=33000|cp_on_chip_4=33000|rf2_therm=31000|rf1_therm=32000|ISP=35000|TPU=35000|AUR=35000|rfpa_therm=31661|quiet_therm=32151|charging_therm=33820|,BIG=37000|MID=37000|usb_pwr_therm=30281|btmspkr_therm=30214|disp_therm=30192|north_therm=30904|soc_therm=33686|battery=30500|battery_cycle=5|dc-mains=34500|usbc-therm-adc=345|max77779fg=30500|LITTLE=37000|soc=16|smpl_gm=0|vdroop1=0|batoilo=0|batoilo2=0|batt_vs=30494|mdis_morepower=0|thb_hda=51|cp_on_chip_0=33000|cp_on_chip_1=34000|G3D=36000|cp_on_chip_2=35000|cp_on_chip_3=33000|cp_on_chip_4=33000|rf2_therm=31000|rf1_therm=32000|ISP=35000|TPU=36000|AUR=36000|rfpa_therm=31661|quiet_therm=32195|charging_therm=33887|,ok,1,batched,touched,4096,8192,7,1,7744222,8192,1498820,0,4,4,ok
1,4,nvhe,4,1795000,2600000,37000,39000,BIG=37000|MID=37000|usb_pwr_therm=30281|btmspkr_therm=30214|disp_therm=30214|north_therm=30904|soc_therm=33575|battery=30500|battery_cycle=5|dc-mains=34500|usbc-therm-adc=345|max77779fg=30500|LITTLE=36000|soc=16|smpl_gm=0|vdroop1=0|batoilo=0|batoilo2=0|batt_vs=30493|mdis_morepower=0|thb_hda=51|cp_on_chip_0=33000|cp_on_chip_1=34000|G3D=36000|cp_on_chip_2=35000|cp_on_chip_3=33000|cp_on_chip_4=33000|rf2_therm=31000|rf1_therm=32000|ISP=35000|TPU=35000|AUR=35000|rfpa_therm=31661|quiet_therm=32151|charging_therm=33820|,BIG=37000|MID=37000|usb_pwr_therm=30281|btmspkr_therm=30214|disp_therm=30192|north_therm=30904|soc_therm=33686|battery=30500|battery_cycle=5|dc-mains=34500|usbc-therm-adc=345|max77779fg=30500|LITTLE=37000|soc=16|smpl_gm=0|vdroop1=0|batoilo=0|batoilo2=0|batt_vs=30494|mdis_morepower=0|thb_hda=51|cp_on_chip_0=33000|cp_on_chip_1=34000|G3D=36000|cp_on_chip_2=35000|cp_on_chip_3=33000|cp_on_chip_4=33000|rf2_therm=31000|rf1_therm=32000|ISP=35000|TPU=36000|AUR=36000|rfpa_therm=31661|quiet_therm=32195|charging_therm=33887|,ok,1,batched,touched,4096,8192,8,1,7854086,8192,1643799,0,4,4,ok
1,4,nvhe,4,1795000,2600000,37000,39000,BIG=37000|MID=37000|usb_pwr_therm=30281|btmspkr_therm=30214|disp_therm=30214|north_therm=30904|soc_therm=33575|battery=30500|battery_cycle=5|dc-mains=34500|usbc-therm-adc=345|max77779fg=30500|LITTLE=36000|soc=16|smpl_gm=0|vdroop1=0|batoilo=0|batoilo2=0|batt_vs=30493|mdis_morepower=0|thb_hda=51|cp_on_chip_0=33000|cp_on_chip_1=34000|G3D=36000|cp_on_chip_2=35000|cp_on_chip_3=33000|cp_on_chip_4=33000|rf2_therm=31000|rf1_therm=32000|ISP=35000|TPU=35000|AUR=35000|rfpa_therm=31661|quiet_therm=32151|charging_therm=33820|,BIG=37000|MID=37000|usb_pwr_therm=30281|btmspkr_therm=30214|disp_therm=30192|north_therm=30904|soc_therm=33686|battery=30500|battery_cycle=5|dc-mains=34500|usbc-therm-adc=345|max77779fg=30500|LITTLE=37000|soc=16|smpl_gm=0|vdroop1=0|batoilo=0|batoilo2=0|batt_vs=30494|mdis_morepower=0|thb_hda=51|cp_on_chip_0=33000|cp_on_chip_1=34000|G3D=36000|cp_on_chip_2=35000|cp_on_chip_3=33000|cp_on_chip_4=33000|rf2_therm=31000|rf1_therm=32000|ISP=35000|TPU=36000|AUR=36000|rfpa_therm=31661|quiet_therm=32195|charging_therm=33887|,ok,1,batched,touched,4096,8192,9,1,8211426,8192,1531901,0,4,4,ok
1,4,nvhe,4,1795000,2600000,37000,39000,BIG=37000|MID=37000|usb_pwr_therm=30281|btmspkr_therm=30214|disp_therm=30214|north_therm=30904|soc_therm=33575|battery=30500|battery_cycle=5|dc-mains=34500|usbc-therm-adc=345|max77779fg=30500|LITTLE=36000|soc=16|smpl_gm=0|vdroop1=0|batoilo=0|batoilo2=0|batt_vs=30493|mdis_morepower=0|thb_hda=51|cp_on_chip_0=33000|cp_on_chip_1=34000|G3D=36000|cp_on_chip_2=35000|cp_on_chip_3=33000|cp_on_chip_4=33000|rf2_therm=31000|rf1_therm=32000|ISP=35000|TPU=35000|AUR=35000|rfpa_therm=31661|quiet_therm=32151|charging_therm=33820|,BIG=37000|MID=37000|usb_pwr_therm=30281|btmspkr_therm=30214|disp_therm=30192|north_therm=30904|soc_therm=33686|battery=30500|battery_cycle=5|dc-mains=34500|usbc-therm-adc=345|max77779fg=30500|LITTLE=37000|soc=16|smpl_gm=0|vdroop1=0|batoilo=0|batoilo2=0|batt_vs=30494|mdis_morepower=0|thb_hda=51|cp_on_chip_0=33000|cp_on_chip_1=34000|G3D=36000|cp_on_chip_2=35000|cp_on_chip_3=33000|cp_on_chip_4=33000|rf2_therm=31000|rf1_therm=32000|ISP=35000|TPU=36000|AUR=36000|rfpa_therm=31661|quiet_therm=32195|charging_therm=33887|,ok,1,batched,touched,4096,8192,10,1,7542521,8192,1327718,0,4,4,ok
1,4,nvhe,4,1795000,2600000,37000,39000,BIG=37000|MID=37000|usb_pwr_therm=30281|btmspkr_therm=30214|disp_therm=30214|north_therm=30904|soc_therm=33575|battery=30500|battery_cycle=5|dc-mains=34500|usbc-therm-adc=345|max77779fg=30500|LITTLE=36000|soc=16|smpl_gm=0|vdroop1=0|batoilo=0|batoilo2=0|batt_vs=30493|mdis_morepower=0|thb_hda=51|cp_on_chip_0=33000|cp_on_chip_1=34000|G3D=36000|cp_on_chip_2=35000|cp_on_chip_3=33000|cp_on_chip_4=33000|rf2_therm=31000|rf1_therm=32000|ISP=35000|TPU=35000|AUR=35000|rfpa_therm=31661|quiet_therm=32151|charging_therm=33820|,BIG=37000|MID=37000|usb_pwr_therm=30281|btmspkr_therm=30214|disp_therm=30192|north_therm=30904|soc_therm=33686|battery=30500|battery_cycle=5|dc-mains=34500|usbc-therm-adc=345|max77779fg=30500|LITTLE=37000|soc=16|smpl_gm=0|vdroop1=0|batoilo=0|batoilo2=0|batt_vs=30494|mdis_morepower=0|thb_hda=51|cp_on_chip_0=33000|cp_on_chip_1=34000|G3D=36000|cp_on_chip_2=35000|cp_on_chip_3=33000|cp_on_chip_4=33000|rf2_therm=31000|rf1_therm=32000|ISP=35000|TPU=36000|AUR=36000|rfpa_therm=31661|quiet_therm=32195|charging_therm=33887|,ok,1,batched,touched,4096,8192,11,1,7883748,8192,1473674,0,4,4,ok
1,4,nvhe,4,1795000,2600000,37000,39000,BIG=37000|MID=37000|usb_pwr_therm=30281|btmspkr_therm=30214|disp_therm=30214|north_therm=30904|soc_therm=33575|battery=30500|battery_cycle=5|dc-mains=34500|usbc-therm-adc=345|max77779fg=30500|LITTLE=36000|soc=16|smpl_gm=0|vdroop1=0|batoilo=0|batoilo2=0|batt_vs=30493|mdis_morepower=0|thb_hda=51|cp_on_chip_0=33000|cp_on_chip_1=34000|G3D=36000|cp_on_chip_2=35000|cp_on_chip_3=33000|cp_on_chip_4=33000|rf2_therm=31000|rf1_therm=32000|ISP=35000|TPU=35000|AUR=35000|rfpa_therm=31661|quiet_therm=32151|charging_therm=33820|,BIG=37000|MID=37000|usb_pwr_therm=30281|btmspkr_therm=30214|disp_therm=30192|north_therm=30904|soc_therm=33686|battery=30500|battery_cycle=5|dc-mains=34500|usbc-therm-adc=345|max77779fg=30500|LITTLE=37000|soc=16|smpl_gm=0|vdroop1=0|batoilo=0|batoilo2=0|batt_vs=30494|mdis_morepower=0|thb_hda=51|cp_on_chip_0=33000|cp_on_chip_1=34000|G3D=36000|cp_on_chip_2=35000|cp_on_chip_3=33000|cp_on_chip_4=33000|rf2_therm=31000|rf1_therm=32000|ISP=35000|TPU=36000|AUR=36000|rfpa_therm=31661|quiet_therm=32195|charging_therm=33887|,ok,1,batched,touched,4096,8192,12,1,8284179,8192,1517416,0,4,4,ok
1,4,nvhe,4,1795000,2600000,37000,39000,BIG=37000|MID=37000|usb_pwr_therm=30281|btmspkr_therm=30214|disp_therm=30214|north_therm=30904|soc_therm=33575|battery=30500|battery_cycle=5|dc-mains=34500|usbc-therm-adc=345|max77779fg=30500|LITTLE=36000|soc=16|smpl_gm=0|vdroop1=0|batoilo=0|batoilo2=0|batt_vs=30493|mdis_morepower=0|thb_hda=51|cp_on_chip_0=33000|cp_on_chip_1=34000|G3D=36000|cp_on_chip_2=35000|cp_on_chip_3=33000|cp_on_chip_4=33000|rf2_therm=31000|rf1_therm=32000|ISP=35000|TPU=35000|AUR=35000|rfpa_therm=31661|quiet_therm=32151|charging_therm=33820|,BIG=37000|MID=37000|usb_pwr_therm=30281|btmspkr_therm=30214|disp_therm=30192|north_therm=30904|soc_therm=33686|battery=30500|battery_cycle=5|dc-mains=34500|usbc-therm-adc=345|max77779fg=30500|LITTLE=37000|soc=16|smpl_gm=0|vdroop1=0|batoilo=0|batoilo2=0|batt_vs=30494|mdis_morepower=0|thb_hda=51|cp_on_chip_0=33000|cp_on_chip_1=34000|G3D=36000|cp_on_chip_2=35000|cp_on_chip_3=33000|cp_on_chip_4=33000|rf2_therm=31000|rf1_therm=32000|ISP=35000|TPU=36000|AUR=36000|rfpa_therm=31661|quiet_therm=32195|charging_therm=33887|,ok,1,batched,touched,4096,8192,13,1,8143880,8192,1484212,0,4,4,ok
1,4,nvhe,4,1795000,2600000,37000,39000,BIG=37000|MID=37000|usb_pwr_therm=30281|btmspkr_therm=30214|disp_therm=30214|north_therm=30904|soc_therm=33575|battery=30500|battery_cycle=5|dc-mains=34500|usbc-therm-adc=345|max77779fg=30500|LITTLE=36000|soc=16|smpl_gm=0|vdroop1=0|batoilo=0|batoilo2=0|batt_vs=30493|mdis_morepower=0|thb_hda=51|cp_on_chip_0=33000|cp_on_chip_1=34000|G3D=36000|cp_on_chip_2=35000|cp_on_chip_3=33000|cp_on_chip_4=33000|rf2_therm=31000|rf1_therm=32000|ISP=35000|TPU=35000|AUR=35000|rfpa_therm=31661|quiet_therm=32151|charging_therm=33820|,BIG=37000|MID=37000|usb_pwr_therm=30281|btmspkr_therm=30214|disp_therm=30192|north_therm=30904|soc_therm=33686|battery=30500|battery_cycle=5|dc-mains=34500|usbc-therm-adc=345|max77779fg=30500|LITTLE=37000|soc=16|smpl_gm=0|vdroop1=0|batoilo=0|batoilo2=0|batt_vs=30494|mdis_morepower=0|thb_hda=51|cp_on_chip_0=33000|cp_on_chip_1=34000|G3D=36000|cp_on_chip_2=35000|cp_on_chip_3=33000|cp_on_chip_4=33000|rf2_therm=31000|rf1_therm=32000|ISP=35000|TPU=36000|AUR=36000|rfpa_therm=31661|quiet_therm=32195|charging_therm=33887|,ok,1,batched,touched,4096,8192,14,1,8267456,8192,1482748,0,4,4,ok
1,4,nvhe,4,1795000,2600000,37000,39000,BIG=37000|MID=37000|usb_pwr_therm=30281|btmspkr_therm=30214|disp_therm=30214|north_therm=30904|soc_therm=33575|battery=30500|battery_cycle=5|dc-mains=34500|usbc-therm-adc=345|max77779fg=30500|LITTLE=36000|soc=16|smpl_gm=0|vdroop1=0|batoilo=0|batoilo2=0|batt_vs=30493|mdis_morepower=0|thb_hda=51|cp_on_chip_0=33000|cp_on_chip_1=34000|G3D=36000|cp_on_chip_2=35000|cp_on_chip_3=33000|cp_on_chip_4=33000|rf2_therm=31000|rf1_therm=32000|ISP=35000|TPU=35000|AUR=35000|rfpa_therm=31661|quiet_therm=32151|charging_therm=33820|,BIG=37000|MID=37000|usb_pwr_therm=30281|btmspkr_therm=30214|disp_therm=30192|north_therm=30904|soc_therm=33686|battery=30500|battery_cycle=5|dc-mains=34500|usbc-therm-adc=345|max77779fg=30500|LITTLE=37000|soc=16|smpl_gm=0|vdroop1=0|batoilo=0|batoilo2=0|batt_vs=30494|mdis_morepower=0|thb_hda=51|cp_on_chip_0=33000|cp_on_chip_1=34000|G3D=36000|cp_on_chip_2=35000|cp_on_chip_3=33000|cp_on_chip_4=33000|rf2_therm=31000|rf1_therm=32000|ISP=35000|TPU=36000|AUR=36000|rfpa_therm=31661|quiet_therm=32195|charging_therm=33887|,ok,1,batched,touched,4096,8192,15,1,8160970,8192,1456380,0,4,4,ok
1,4,nvhe,4,1795000,2600000,37000,39000,BIG=37000|MID=37000|usb_pwr_therm=30281|btmspkr_therm=30214|disp_therm=30214|north_therm=30904|soc_therm=33575|battery=30500|battery_cycle=5|dc-mains=34500|usbc-therm-adc=345|max77779fg=30500|LITTLE=36000|soc=16|smpl_gm=0|vdroop1=0|batoilo=0|batoilo2=0|batt_vs=30493|mdis_morepower=0|thb_hda=51|cp_on_chip_0=33000|cp_on_chip_1=34000|G3D=36000|cp_on_chip_2=35000|cp_on_chip_3=33000|cp_on_chip_4=33000|rf2_therm=31000|rf1_therm=32000|ISP=35000|TPU=35000|AUR=35000|rfpa_therm=31661|quiet_therm=32151|charging_therm=33820|,BIG=37000|MID=37000|usb_pwr_therm=30281|btmspkr_therm=30214|disp_therm=30192|north_therm=30904|soc_therm=33686|battery=30500|battery_cycle=5|dc-mains=34500|usbc-therm-adc=345|max77779fg=30500|LITTLE=37000|soc=16|smpl_gm=0|vdroop1=0|batoilo=0|batoilo2=0|batt_vs=30494|mdis_morepower=0|thb_hda=51|cp_on_chip_0=33000|cp_on_chip_1=34000|G3D=36000|cp_on_chip_2=35000|cp_on_chip_3=33000|cp_on_chip_4=33000|rf2_therm=31000|rf1_therm=32000|ISP=35000|TPU=36000|AUR=36000|rfpa_therm=31661|quiet_therm=32195|charging_therm=33887|,ok,1,batched,touched,4096,8192,16,1,8200154,8192,1476359,0,4,4,ok
1,4,nvhe,4,1795000,2600000,37000,39000,BIG=37000|MID=37000|usb_pwr_therm=30281|btmspkr_therm=30214|disp_therm=30214|north_therm=30904|soc_therm=33575|battery=30500|battery_cycle=5|dc-mains=34500|usbc-therm-adc=345|max77779fg=30500|LITTLE=36000|soc=16|smpl_gm=0|vdroop1=0|batoilo=0|batoilo2=0|batt_vs=30493|mdis_morepower=0|thb_hda=51|cp_on_chip_0=33000|cp_on_chip_1=34000|G3D=36000|cp_on_chip_2=35000|cp_on_chip_3=33000|cp_on_chip_4=33000|rf2_therm=31000|rf1_therm=32000|ISP=35000|TPU=35000|AUR=35000|rfpa_therm=31661|quiet_therm=32151|charging_therm=33820|,BIG=37000|MID=37000|usb_pwr_therm=30281|btmspkr_therm=30214|disp_therm=30192|north_therm=30904|soc_therm=33686|battery=30500|battery_cycle=5|dc-mains=34500|usbc-therm-adc=345|max77779fg=30500|LITTLE=37000|soc=16|smpl_gm=0|vdroop1=0|batoilo=0|batoilo2=0|batt_vs=30494|mdis_morepower=0|thb_hda=51|cp_on_chip_0=33000|cp_on_chip_1=34000|G3D=36000|cp_on_chip_2=35000|cp_on_chip_3=33000|cp_on_chip_4=33000|rf2_therm=31000|rf1_therm=32000|ISP=35000|TPU=36000|AUR=36000|rfpa_therm=31661|quiet_therm=32195|charging_therm=33887|,ok,1,batched,touched,4096,8192,17,1,8210653,8192,1455851,0,4,4,ok
1,4,nvhe,4,1795000,2600000,37000,39000,BIG=37000|MID=37000|usb_pwr_therm=30281|btmspkr_therm=30214|disp_therm=30214|north_therm=30904|soc_therm=33575|battery=30500|battery_cycle=5|dc-mains=34500|usbc-therm-adc=345|max77779fg=30500|LITTLE=36000|soc=16|smpl_gm=0|vdroop1=0|batoilo=0|batoilo2=0|batt_vs=30493|mdis_morepower=0|thb_hda=51|cp_on_chip_0=33000|cp_on_chip_1=34000|G3D=36000|cp_on_chip_2=35000|cp_on_chip_3=33000|cp_on_chip_4=33000|rf2_therm=31000|rf1_therm=32000|ISP=35000|TPU=35000|AUR=35000|rfpa_therm=31661|quiet_therm=32151|charging_therm=33820|,BIG=37000|MID=37000|usb_pwr_therm=30281|btmspkr_therm=30214|disp_therm=30192|north_therm=30904|soc_therm=33686|battery=30500|battery_cycle=5|dc-mains=34500|usbc-therm-adc=345|max77779fg=30500|LITTLE=37000|soc=16|smpl_gm=0|vdroop1=0|batoilo=0|batoilo2=0|batt_vs=30494|mdis_morepower=0|thb_hda=51|cp_on_chip_0=33000|cp_on_chip_1=34000|G3D=36000|cp_on_chip_2=35000|cp_on_chip_3=33000|cp_on_chip_4=33000|rf2_therm=31000|rf1_therm=32000|ISP=35000|TPU=36000|AUR=36000|rfpa_therm=31661|quiet_therm=32195|charging_therm=33887|,ok,1,batched,touched,4096,8192,18,1,8212646,8192,1414307,0,4,4,ok
1,4,nvhe,4,1795000,2600000,37000,39000,BIG=37000|MID=37000|usb_pwr_therm=30281|btmspkr_therm=30214|disp_therm=30214|north_therm=30904|soc_therm=33575|battery=30500|battery_cycle=5|dc-mains=34500|usbc-therm-adc=345|max77779fg=30500|LITTLE=36000|soc=16|smpl_gm=0|vdroop1=0|batoilo=0|batoilo2=0|batt_vs=30493|mdis_morepower=0|thb_hda=51|cp_on_chip_0=33000|cp_on_chip_1=34000|G3D=36000|cp_on_chip_2=35000|cp_on_chip_3=33000|cp_on_chip_4=33000|rf2_therm=31000|rf1_therm=32000|ISP=35000|TPU=35000|AUR=35000|rfpa_therm=31661|quiet_therm=32151|charging_therm=33820|,BIG=37000|MID=37000|usb_pwr_therm=30281|btmspkr_therm=30214|disp_therm=30192|north_therm=30904|soc_therm=33686|battery=30500|battery_cycle=5|dc-mains=34500|usbc-therm-adc=345|max77779fg=30500|LITTLE=37000|soc=16|smpl_gm=0|vdroop1=0|batoilo=0|batoilo2=0|batt_vs=30494|mdis_morepower=0|thb_hda=51|cp_on_chip_0=33000|cp_on_chip_1=34000|G3D=36000|cp_on_chip_2=35000|cp_on_chip_3=33000|cp_on_chip_4=33000|rf2_therm=31000|rf1_therm=32000|ISP=35000|TPU=36000|AUR=36000|rfpa_therm=31661|quiet_therm=32195|charging_therm=33887|,ok,1,batched,touched,4096,8192,19,1,8193237,8192,1464478,0,4,4,ok
1,4,nvhe,4,1795000,2600000,37000,39000,BIG=37000|MID=37000|usb_pwr_therm=30281|btmspkr_therm=30214|disp_therm=30214|north_therm=30904|soc_therm=33575|battery=30500|battery_cycle=5|dc-mains=34500|usbc-therm-adc=345|max77779fg=30500|LITTLE=36000|soc=16|smpl_gm=0|vdroop1=0|batoilo=0|batoilo2=0|batt_vs=30493|mdis_morepower=0|thb_hda=51|cp_on_chip_0=33000|cp_on_chip_1=34000|G3D=36000|cp_on_chip_2=35000|cp_on_chip_3=33000|cp_on_chip_4=33000|rf2_therm=31000|rf1_therm=32000|ISP=35000|TPU=35000|AUR=35000|rfpa_therm=31661|quiet_therm=32151|charging_therm=33820|,BIG=37000|MID=37000|usb_pwr_therm=30281|btmspkr_therm=30214|disp_therm=30192|north_therm=30904|soc_therm=33686|battery=30500|battery_cycle=5|dc-mains=34500|usbc-therm-adc=345|max77779fg=30500|LITTLE=37000|soc=16|smpl_gm=0|vdroop1=0|batoilo=0|batoilo2=0|batt_vs=30494|mdis_morepower=0|thb_hda=51|cp_on_chip_0=33000|cp_on_chip_1=34000|G3D=36000|cp_on_chip_2=35000|cp_on_chip_3=33000|cp_on_chip_4=33000|rf2_therm=31000|rf1_therm=32000|ISP=35000|TPU=36000|AUR=36000|rfpa_therm=31661|quiet_therm=32195|charging_therm=33887|,ok,1,batched,touched,4096,8192,20,1,8324544,8192,1651042,0,4,4,ok
1,4,nvhe,4,1795000,2600000,37000,39000,BIG=37000|MID=37000|usb_pwr_therm=30281|btmspkr_therm=30214|disp_therm=30214|north_therm=30904|soc_therm=33575|battery=30500|battery_cycle=5|dc-mains=34500|usbc-therm-adc=345|max77779fg=30500|LITTLE=36000|soc=16|smpl_gm=0|vdroop1=0|batoilo=0|batoilo2=0|batt_vs=30493|mdis_morepower=0|thb_hda=51|cp_on_chip_0=33000|cp_on_chip_1=34000|G3D=36000|cp_on_chip_2=35000|cp_on_chip_3=33000|cp_on_chip_4=33000|rf2_therm=31000|rf1_therm=32000|ISP=35000|TPU=35000|AUR=35000|rfpa_therm=31661|quiet_therm=32151|charging_therm=33820|,BIG=37000|MID=37000|usb_pwr_therm=30281|btmspkr_therm=30214|disp_therm=30192|north_therm=30904|soc_therm=33686|battery=30500|battery_cycle=5|dc-mains=34500|usbc-therm-adc=345|max77779fg=30500|LITTLE=37000|soc=16|smpl_gm=0|vdroop1=0|batoilo=0|batoilo2=0|batt_vs=30494|mdis_morepower=0|thb_hda=51|cp_on_chip_0=33000|cp_on_chip_1=34000|G3D=36000|cp_on_chip_2=35000|cp_on_chip_3=33000|cp_on_chip_4=33000|rf2_therm=31000|rf1_therm=32000|ISP=35000|TPU=36000|AUR=36000|rfpa_therm=31661|quiet_therm=32195|charging_therm=33887|,ok,1,batched,touched,4096,8192,21,1,8134115,8192,1578206,0,4,4,ok
1,4,nvhe,4,1795000,2600000,37000,39000,BIG=37000|MID=37000|usb_pwr_therm=30281|btmspkr_therm=30214|disp_therm=30214|north_therm=30904|soc_therm=33575|battery=30500|battery_cycle=5|dc-mains=34500|usbc-therm-adc=345|max77779fg=30500|LITTLE=36000|soc=16|smpl_gm=0|vdroop1=0|batoilo=0|batoilo2=0|batt_vs=30493|mdis_morepower=0|thb_hda=51|cp_on_chip_0=33000|cp_on_chip_1=34000|G3D=36000|cp_on_chip_2=35000|cp_on_chip_3=33000|cp_on_chip_4=33000|rf2_therm=31000|rf1_therm=32000|ISP=35000|TPU=35000|AUR=35000|rfpa_therm=31661|quiet_therm=32151|charging_therm=33820|,BIG=37000|MID=37000|usb_pwr_therm=30281|btmspkr_therm=30214|disp_therm=30192|north_therm=30904|soc_therm=33686|battery=30500|battery_cycle=5|dc-mains=34500|usbc-therm-adc=345|max77779fg=30500|LITTLE=37000|soc=16|smpl_gm=0|vdroop1=0|batoilo=0|batoilo2=0|batt_vs=30494|mdis_morepower=0|thb_hda=51|cp_on_chip_0=33000|cp_on_chip_1=34000|G3D=36000|cp_on_chip_2=35000|cp_on_chip_3=33000|cp_on_chip_4=33000|rf2_therm=31000|rf1_therm=32000|ISP=35000|TPU=36000|AUR=36000|rfpa_therm=31661|quiet_therm=32195|charging_therm=33887|,ok,1,batched,touched,4096,8192,22,1,8167196,8192,1613729,0,4,4,ok
1,4,nvhe,4,1795000,2600000,37000,39000,BIG=37000|MID=37000|usb_pwr_therm=30281|btmspkr_therm=30214|disp_therm=30214|north_therm=30904|soc_therm=33575|battery=30500|battery_cycle=5|dc-mains=34500|usbc-therm-adc=345|max77779fg=30500|LITTLE=36000|soc=16|smpl_gm=0|vdroop1=0|batoilo=0|batoilo2=0|batt_vs=30493|mdis_morepower=0|thb_hda=51|cp_on_chip_0=33000|cp_on_chip_1=34000|G3D=36000|cp_on_chip_2=35000|cp_on_chip_3=33000|cp_on_chip_4=33000|rf2_therm=31000|rf1_therm=32000|ISP=35000|TPU=35000|AUR=35000|rfpa_therm=31661|quiet_therm=32151|charging_therm=33820|,BIG=37000|MID=37000|usb_pwr_therm=30281|btmspkr_therm=30214|disp_therm=30192|north_therm=30904|soc_therm=33686|battery=30500|battery_cycle=5|dc-mains=34500|usbc-therm-adc=345|max77779fg=30500|LITTLE=37000|soc=16|smpl_gm=0|vdroop1=0|batoilo=0|batoilo2=0|batt_vs=30494|mdis_morepower=0|thb_hda=51|cp_on_chip_0=33000|cp_on_chip_1=34000|G3D=36000|cp_on_chip_2=35000|cp_on_chip_3=33000|cp_on_chip_4=33000|rf2_therm=31000|rf1_therm=32000|ISP=35000|TPU=36000|AUR=36000|rfpa_therm=31661|quiet_therm=32195|charging_therm=33887|,ok,1,batched,touched,4096,8192,23,1,8515828,8192,1513469,0,4,4,ok
1,4,nvhe,4,1795000,2600000,37000,39000,BIG=37000|MID=37000|usb_pwr_therm=30281|btmspkr_therm=30214|disp_therm=30214|north_therm=30904|soc_therm=33575|battery=30500|battery_cycle=5|dc-mains=34500|usbc-therm-adc=345|max77779fg=30500|LITTLE=36000|soc=16|smpl_gm=0|vdroop1=0|batoilo=0|batoilo2=0|batt_vs=30493|mdis_morepower=0|thb_hda=51|cp_on_chip_0=33000|cp_on_chip_1=34000|G3D=36000|cp_on_chip_2=35000|cp_on_chip_3=33000|cp_on_chip_4=33000|rf2_therm=31000|rf1_therm=32000|ISP=35000|TPU=35000|AUR=35000|rfpa_therm=31661|quiet_therm=32151|charging_therm=33820|,BIG=37000|MID=37000|usb_pwr_therm=30281|btmspkr_therm=30214|disp_therm=30192|north_therm=30904|soc_therm=33686|battery=30500|battery_cycle=5|dc-mains=34500|usbc-therm-adc=345|max77779fg=30500|LITTLE=37000|soc=16|smpl_gm=0|vdroop1=0|batoilo=0|batoilo2=0|batt_vs=30494|mdis_morepower=0|thb_hda=51|cp_on_chip_0=33000|cp_on_chip_1=34000|G3D=36000|cp_on_chip_2=35000|cp_on_chip_3=33000|cp_on_chip_4=33000|rf2_therm=31000|rf1_therm=32000|ISP=35000|TPU=36000|AUR=36000|rfpa_therm=31661|quiet_therm=32195|charging_therm=33887|,ok,1,batched,touched,4096,8192,24,1,7803752,8192,1493164,0,4,4,ok
1,4,nvhe,4,1795000,2600000,37000,39000,BIG=37000|MID=37000|usb_pwr_therm=30281|btmspkr_therm=30214|disp_therm=30214|north_therm=30904|soc_therm=33575|battery=30500|battery_cycle=5|dc-mains=34500|usbc-therm-adc=345|max77779fg=30500|LITTLE=36000|soc=16|smpl_gm=0|vdroop1=0|batoilo=0|batoilo2=0|batt_vs=30493|mdis_morepower=0|thb_hda=51|cp_on_chip_0=33000|cp_on_chip_1=34000|G3D=36000|cp_on_chip_2=35000|cp_on_chip_3=33000|cp_on_chip_4=33000|rf2_therm=31000|rf1_therm=32000|ISP=35000|TPU=35000|AUR=35000|rfpa_therm=31661|quiet_therm=32151|charging_therm=33820|,BIG=37000|MID=37000|usb_pwr_therm=30281|btmspkr_therm=30214|disp_therm=30192|north_therm=30904|soc_therm=33686|battery=30500|battery_cycle=5|dc-mains=34500|usbc-therm-adc=345|max77779fg=30500|LITTLE=37000|soc=16|smpl_gm=0|vdroop1=0|batoilo=0|batoilo2=0|batt_vs=30494|mdis_morepower=0|thb_hda=51|cp_on_chip_0=33000|cp_on_chip_1=34000|G3D=36000|cp_on_chip_2=35000|cp_on_chip_3=33000|cp_on_chip_4=33000|rf2_therm=31000|rf1_therm=32000|ISP=35000|TPU=36000|AUR=36000|rfpa_therm=31661|quiet_therm=32195|charging_therm=33887|,ok,1,batched,touched,4096,8192,25,1,7831014,8192,1473104,0,4,4,ok
1,4,nvhe,4,1795000,2600000,37000,39000,BIG=37000|MID=37000|usb_pwr_therm=30281|btmspkr_therm=30214|disp_therm=30214|north_therm=30904|soc_therm=33575|battery=30500|battery_cycle=5|dc-mains=34500|usbc-therm-adc=345|max77779fg=30500|LITTLE=36000|soc=16|smpl_gm=0|vdroop1=0|batoilo=0|batoilo2=0|batt_vs=30493|mdis_morepower=0|thb_hda=51|cp_on_chip_0=33000|cp_on_chip_1=34000|G3D=36000|cp_on_chip_2=35000|cp_on_chip_3=33000|cp_on_chip_4=33000|rf2_therm=31000|rf1_therm=32000|ISP=35000|TPU=35000|AUR=35000|rfpa_therm=31661|quiet_therm=32151|charging_therm=33820|,BIG=37000|MID=37000|usb_pwr_therm=30281|btmspkr_therm=30214|disp_therm=30192|north_therm=30904|soc_therm=33686|battery=30500|battery_cycle=5|dc-mains=34500|usbc-therm-adc=345|max77779fg=30500|LITTLE=37000|soc=16|smpl_gm=0|vdroop1=0|batoilo=0|batoilo2=0|batt_vs=30494|mdis_morepower=0|thb_hda=51|cp_on_chip_0=33000|cp_on_chip_1=34000|G3D=36000|cp_on_chip_2=35000|cp_on_chip_3=33000|cp_on_chip_4=33000|rf2_therm=31000|rf1_therm=32000|ISP=35000|TPU=36000|AUR=36000|rfpa_therm=31661|quiet_therm=32195|charging_therm=33887|,ok,1,batched,touched,4096,8192,26,1,8394247,8192,1659708,0,4,4,ok
1,4,nvhe,4,1795000,2600000,37000,39000,BIG=37000|MID=37000|usb_pwr_therm=30281|btmspkr_therm=30214|disp_therm=30214|north_therm=30904|soc_therm=33575|battery=30500|battery_cycle=5|dc-mains=34500|usbc-therm-adc=345|max77779fg=30500|LITTLE=36000|soc=16|smpl_gm=0|vdroop1=0|batoilo=0|batoilo2=0|batt_vs=30493|mdis_morepower=0|thb_hda=51|cp_on_chip_0=33000|cp_on_chip_1=34000|G3D=36000|cp_on_chip_2=35000|cp_on_chip_3=33000|cp_on_chip_4=33000|rf2_therm=31000|rf1_therm=32000|ISP=35000|TPU=35000|AUR=35000|rfpa_therm=31661|quiet_therm=32151|charging_therm=33820|,BIG=37000|MID=37000|usb_pwr_therm=30281|btmspkr_therm=30214|disp_therm=30192|north_therm=30904|soc_therm=33686|battery=30500|battery_cycle=5|dc-mains=34500|usbc-therm-adc=345|max77779fg=30500|LITTLE=37000|soc=16|smpl_gm=0|vdroop1=0|batoilo=0|batoilo2=0|batt_vs=30494|mdis_morepower=0|thb_hda=51|cp_on_chip_0=33000|cp_on_chip_1=34000|G3D=36000|cp_on_chip_2=35000|cp_on_chip_3=33000|cp_on_chip_4=33000|rf2_therm=31000|rf1_therm=32000|ISP=35000|TPU=36000|AUR=36000|rfpa_therm=31661|quiet_therm=32195|charging_therm=33887|,ok,1,batched,touched,4096,8192,27,1,8215983,8192,1384888,0,4,4,ok
1,4,nvhe,4,1795000,2600000,37000,39000,BIG=37000|MID=37000|usb_pwr_therm=30281|btmspkr_therm=30214|disp_therm=30214|north_therm=30904|soc_therm=33575|battery=30500|battery_cycle=5|dc-mains=34500|usbc-therm-adc=345|max77779fg=30500|LITTLE=36000|soc=16|smpl_gm=0|vdroop1=0|batoilo=0|batoilo2=0|batt_vs=30493|mdis_morepower=0|thb_hda=51|cp_on_chip_0=33000|cp_on_chip_1=34000|G3D=36000|cp_on_chip_2=35000|cp_on_chip_3=33000|cp_on_chip_4=33000|rf2_therm=31000|rf1_therm=32000|ISP=35000|TPU=35000|AUR=35000|rfpa_therm=31661|quiet_therm=32151|charging_therm=33820|,BIG=37000|MID=37000|usb_pwr_therm=30281|btmspkr_therm=30214|disp_therm=30192|north_therm=30904|soc_therm=33686|battery=30500|battery_cycle=5|dc-mains=34500|usbc-therm-adc=345|max77779fg=30500|LITTLE=37000|soc=16|smpl_gm=0|vdroop1=0|batoilo=0|batoilo2=0|batt_vs=30494|mdis_morepower=0|thb_hda=51|cp_on_chip_0=33000|cp_on_chip_1=34000|G3D=36000|cp_on_chip_2=35000|cp_on_chip_3=33000|cp_on_chip_4=33000|rf2_therm=31000|rf1_therm=32000|ISP=35000|TPU=36000|AUR=36000|rfpa_therm=31661|quiet_therm=32195|charging_therm=33887|,ok,1,batched,touched,4096,8192,28,1,8133707,8192,1438721,0,4,4,ok
1,4,nvhe,4,1795000,2600000,37000,39000,BIG=37000|MID=37000|usb_pwr_therm=30281|btmspkr_therm=30214|disp_therm=30214|north_therm=30904|soc_therm=33575|battery=30500|battery_cycle=5|dc-mains=34500|usbc-therm-adc=345|max77779fg=30500|LITTLE=36000|soc=16|smpl_gm=0|vdroop1=0|batoilo=0|batoilo2=0|batt_vs=30493|mdis_morepower=0|thb_hda=51|cp_on_chip_0=33000|cp_on_chip_1=34000|G3D=36000|cp_on_chip_2=35000|cp_on_chip_3=33000|cp_on_chip_4=33000|rf2_therm=31000|rf1_therm=32000|ISP=35000|TPU=35000|AUR=35000|rfpa_therm=31661|quiet_therm=32151|charging_therm=33820|,BIG=37000|MID=37000|usb_pwr_therm=30281|btmspkr_therm=30214|disp_therm=30192|north_therm=30904|soc_therm=33686|battery=30500|battery_cycle=5|dc-mains=34500|usbc-therm-adc=345|max77779fg=30500|LITTLE=37000|soc=16|smpl_gm=0|vdroop1=0|batoilo=0|batoilo2=0|batt_vs=30494|mdis_morepower=0|thb_hda=51|cp_on_chip_0=33000|cp_on_chip_1=34000|G3D=36000|cp_on_chip_2=35000|cp_on_chip_3=33000|cp_on_chip_4=33000|rf2_therm=31000|rf1_therm=32000|ISP=35000|TPU=36000|AUR=36000|rfpa_therm=31661|quiet_therm=32195|charging_therm=33887|,ok,1,batched,touched,4096,8192,29,1,8089885,8192,1383016,0,4,4,ok
1,5,nvhe,4,1795000,1795000,37000,41000,BIG=37000|MID=39000|usb_pwr_therm=30281|btmspkr_therm=30214|disp_therm=30192|north_therm=30904|soc_therm=33686|battery=30500|battery_cycle=5|dc-mains=34500|usbc-therm-adc=345|max77779fg=30500|LITTLE=37000|soc=16|smpl_gm=0|vdroop1=0|batoilo=0|batoilo2=0|batt_vs=30493|mdis_morepower=0|thb_hda=51|cp_on_chip_0=33000|cp_on_chip_1=34000|G3D=36000|cp_on_chip_2=35000|cp_on_chip_3=33000|cp_on_chip_4=33000|rf2_therm=31000|rf1_therm=32000|ISP=35000|TPU=35000|AUR=36000|rfpa_therm=31683|quiet_therm=32240|charging_therm=33954|,BIG=36000|MID=37000|usb_pwr_therm=30281|btmspkr_therm=30214|disp_therm=30192|north_therm=30904|soc_therm=33776|battery=30500|battery_cycle=5|dc-mains=34500|usbc-therm-adc=345|max77779fg=30500|LITTLE=37000|soc=16|smpl_gm=0|vdroop1=0|batoilo=0|batoilo2=0|batt_vs=30493|mdis_morepower=0|thb_hda=51|cp_on_chip_0=33000|cp_on_chip_1=34000|G3D=37000|cp_on_chip_2=35000|cp_on_chip_3=33000|cp_on_chip_4=33000|rf2_therm=31000|rf1_therm=32000|ISP=35000|TPU=36000|AUR=36000|rfpa_therm=31683|quiet_therm=32240|charging_therm=33954|,thermal_rise,1,single,touched,4096,1024,0,1024,4789185,1024,3481242,0,4,4,ok
1,5,nvhe,4,1795000,1795000,37000,41000,BIG=37000|MID=39000|usb_pwr_therm=30281|btmspkr_therm=30214|disp_therm=30192|north_therm=30904|soc_therm=33686|battery=30500|battery_cycle=5|dc-mains=34500|usbc-therm-adc=345|max77779fg=30500|LITTLE=37000|soc=16|smpl_gm=0|vdroop1=0|batoilo=0|batoilo2=0|batt_vs=30493|mdis_morepower=0|thb_hda=51|cp_on_chip_0=33000|cp_on_chip_1=34000|G3D=36000|cp_on_chip_2=35000|cp_on_chip_3=33000|cp_on_chip_4=33000|rf2_therm=31000|rf1_therm=32000|ISP=35000|TPU=35000|AUR=36000|rfpa_therm=31683|quiet_therm=32240|charging_therm=33954|,BIG=36000|MID=37000|usb_pwr_therm=30281|btmspkr_therm=30214|disp_therm=30192|north_therm=30904|soc_therm=33776|battery=30500|battery_cycle=5|dc-mains=34500|usbc-therm-adc=345|max77779fg=30500|LITTLE=37000|soc=16|smpl_gm=0|vdroop1=0|batoilo=0|batoilo2=0|batt_vs=30493|mdis_morepower=0|thb_hda=51|cp_on_chip_0=33000|cp_on_chip_1=34000|G3D=37000|cp_on_chip_2=35000|cp_on_chip_3=33000|cp_on_chip_4=33000|rf2_therm=31000|rf1_therm=32000|ISP=35000|TPU=36000|AUR=36000|rfpa_therm=31683|quiet_therm=32240|charging_therm=33954|,thermal_rise,1,single,touched,4096,1024,1,1024,3356690,1024,2510010,0,4,4,ok
1,5,nvhe,4,1795000,1795000,37000,41000,BIG=37000|MID=39000|usb_pwr_therm=30281|btmspkr_therm=30214|disp_therm=30192|north_therm=30904|soc_therm=33686|battery=30500|battery_cycle=5|dc-mains=34500|usbc-therm-adc=345|max77779fg=30500|LITTLE=37000|soc=16|smpl_gm=0|vdroop1=0|batoilo=0|batoilo2=0|batt_vs=30493|mdis_morepower=0|thb_hda=51|cp_on_chip_0=33000|cp_on_chip_1=34000|G3D=36000|cp_on_chip_2=35000|cp_on_chip_3=33000|cp_on_chip_4=33000|rf2_therm=31000|rf1_therm=32000|ISP=35000|TPU=35000|AUR=36000|rfpa_therm=31683|quiet_therm=32240|charging_therm=33954|,BIG=36000|MID=37000|usb_pwr_therm=30281|btmspkr_therm=30214|disp_therm=30192|north_therm=30904|soc_therm=33776|battery=30500|battery_cycle=5|dc-mains=34500|usbc-therm-adc=345|max77779fg=30500|LITTLE=37000|soc=16|smpl_gm=0|vdroop1=0|batoilo=0|batoilo2=0|batt_vs=30493|mdis_morepower=0|thb_hda=51|cp_on_chip_0=33000|cp_on_chip_1=34000|G3D=37000|cp_on_chip_2=35000|cp_on_chip_3=33000|cp_on_chip_4=33000|rf2_therm=31000|rf1_therm=32000|ISP=35000|TPU=36000|AUR=36000|rfpa_therm=31683|quiet_therm=32240|charging_therm=33954|,thermal_rise,1,single,touched,4096,1024,2,1024,2914347,1024,2497437,0,4,4,ok
1,5,nvhe,4,1795000,1795000,37000,41000,BIG=37000|MID=39000|usb_pwr_therm=30281|btmspkr_therm=30214|disp_therm=30192|north_therm=30904|soc_therm=33686|battery=30500|battery_cycle=5|dc-mains=34500|usbc-therm-adc=345|max77779fg=30500|LITTLE=37000|soc=16|smpl_gm=0|vdroop1=0|batoilo=0|batoilo2=0|batt_vs=30493|mdis_morepower=0|thb_hda=51|cp_on_chip_0=33000|cp_on_chip_1=34000|G3D=36000|cp_on_chip_2=35000|cp_on_chip_3=33000|cp_on_chip_4=33000|rf2_therm=31000|rf1_therm=32000|ISP=35000|TPU=35000|AUR=36000|rfpa_therm=31683|quiet_therm=32240|charging_therm=33954|,BIG=36000|MID=37000|usb_pwr_therm=30281|btmspkr_therm=30214|disp_therm=30192|north_therm=30904|soc_therm=33776|battery=30500|battery_cycle=5|dc-mains=34500|usbc-therm-adc=345|max77779fg=30500|LITTLE=37000|soc=16|smpl_gm=0|vdroop1=0|batoilo=0|batoilo2=0|batt_vs=30493|mdis_morepower=0|thb_hda=51|cp_on_chip_0=33000|cp_on_chip_1=34000|G3D=37000|cp_on_chip_2=35000|cp_on_chip_3=33000|cp_on_chip_4=33000|rf2_therm=31000|rf1_therm=32000|ISP=35000|TPU=36000|AUR=36000|rfpa_therm=31683|quiet_therm=32240|charging_therm=33954|,thermal_rise,1,single,touched,4096,1024,3,1024,2859944,1024,2508585,0,4,4,ok
1,5,nvhe,4,1795000,1795000,37000,41000,BIG=37000|MID=39000|usb_pwr_therm=30281|btmspkr_therm=30214|disp_therm=30192|north_therm=30904|soc_therm=33686|battery=30500|battery_cycle=5|dc-mains=34500|usbc-therm-adc=345|max77779fg=30500|LITTLE=37000|soc=16|smpl_gm=0|vdroop1=0|batoilo=0|batoilo2=0|batt_vs=30493|mdis_morepower=0|thb_hda=51|cp_on_chip_0=33000|cp_on_chip_1=34000|G3D=36000|cp_on_chip_2=35000|cp_on_chip_3=33000|cp_on_chip_4=33000|rf2_therm=31000|rf1_therm=32000|ISP=35000|TPU=35000|AUR=36000|rfpa_therm=31683|quiet_therm=32240|charging_therm=33954|,BIG=36000|MID=37000|usb_pwr_therm=30281|btmspkr_therm=30214|disp_therm=30192|north_therm=30904|soc_therm=33776|battery=30500|battery_cycle=5|dc-mains=34500|usbc-therm-adc=345|max77779fg=30500|LITTLE=37000|soc=16|smpl_gm=0|vdroop1=0|batoilo=0|batoilo2=0|batt_vs=30493|mdis_morepower=0|thb_hda=51|cp_on_chip_0=33000|cp_on_chip_1=34000|G3D=37000|cp_on_chip_2=35000|cp_on_chip_3=33000|cp_on_chip_4=33000|rf2_therm=31000|rf1_therm=32000|ISP=35000|TPU=36000|AUR=36000|rfpa_therm=31683|quiet_therm=32240|charging_therm=33954|,thermal_rise,1,single,touched,4096,1024,4,1024,2575440,1024,2168660,0,4,4,ok
1,5,nvhe,4,1795000,1795000,37000,41000,BIG=37000|MID=39000|usb_pwr_therm=30281|btmspkr_therm=30214|disp_therm=30192|north_therm=30904|soc_therm=33686|battery=30500|battery_cycle=5|dc-mains=34500|usbc-therm-adc=345|max77779fg=30500|LITTLE=37000|soc=16|smpl_gm=0|vdroop1=0|batoilo=0|batoilo2=0|batt_vs=30493|mdis_morepower=0|thb_hda=51|cp_on_chip_0=33000|cp_on_chip_1=34000|G3D=36000|cp_on_chip_2=35000|cp_on_chip_3=33000|cp_on_chip_4=33000|rf2_therm=31000|rf1_therm=32000|ISP=35000|TPU=35000|AUR=36000|rfpa_therm=31683|quiet_therm=32240|charging_therm=33954|,BIG=36000|MID=37000|usb_pwr_therm=30281|btmspkr_therm=30214|disp_therm=30192|north_therm=30904|soc_therm=33776|battery=30500|battery_cycle=5|dc-mains=34500|usbc-therm-adc=345|max77779fg=30500|LITTLE=37000|soc=16|smpl_gm=0|vdroop1=0|batoilo=0|batoilo2=0|batt_vs=30493|mdis_morepower=0|thb_hda=51|cp_on_chip_0=33000|cp_on_chip_1=34000|G3D=37000|cp_on_chip_2=35000|cp_on_chip_3=33000|cp_on_chip_4=33000|rf2_therm=31000|rf1_therm=32000|ISP=35000|TPU=36000|AUR=36000|rfpa_therm=31683|quiet_therm=32240|charging_therm=33954|,thermal_rise,1,single,touched,4096,1024,5,1024,2445557,1024,1897461,0,4,4,ok
1,5,nvhe,4,1795000,1795000,37000,41000,BIG=37000|MID=39000|usb_pwr_therm=30281|btmspkr_therm=30214|disp_therm=30192|north_therm=30904|soc_therm=33686|battery=30500|battery_cycle=5|dc-mains=34500|usbc-therm-adc=345|max77779fg=30500|LITTLE=37000|soc=16|smpl_gm=0|vdroop1=0|batoilo=0|batoilo2=0|batt_vs=30493|mdis_morepower=0|thb_hda=51|cp_on_chip_0=33000|cp_on_chip_1=34000|G3D=36000|cp_on_chip_2=35000|cp_on_chip_3=33000|cp_on_chip_4=33000|rf2_therm=31000|rf1_therm=32000|ISP=35000|TPU=35000|AUR=36000|rfpa_therm=31683|quiet_therm=32240|charging_therm=33954|,BIG=36000|MID=37000|usb_pwr_therm=30281|btmspkr_therm=30214|disp_therm=30192|north_therm=30904|soc_therm=33776|battery=30500|battery_cycle=5|dc-mains=34500|usbc-therm-adc=345|max77779fg=30500|LITTLE=37000|soc=16|smpl_gm=0|vdroop1=0|batoilo=0|batoilo2=0|batt_vs=30493|mdis_morepower=0|thb_hda=51|cp_on_chip_0=33000|cp_on_chip_1=34000|G3D=37000|cp_on_chip_2=35000|cp_on_chip_3=33000|cp_on_chip_4=33000|rf2_therm=31000|rf1_therm=32000|ISP=35000|TPU=36000|AUR=36000|rfpa_therm=31683|quiet_therm=32240|charging_therm=33954|,thermal_rise,1,single,touched,4096,1024,6,1024,2204183,1024,1930013,0,4,4,ok
1,5,nvhe,4,1795000,1795000,37000,41000,BIG=37000|MID=39000|usb_pwr_therm=30281|btmspkr_therm=30214|disp_therm=30192|north_therm=30904|soc_therm=33686|battery=30500|battery_cycle=5|dc-mains=34500|usbc-therm-adc=345|max77779fg=30500|LITTLE=37000|soc=16|smpl_gm=0|vdroop1=0|batoilo=0|batoilo2=0|batt_vs=30493|mdis_morepower=0|thb_hda=51|cp_on_chip_0=33000|cp_on_chip_1=34000|G3D=36000|cp_on_chip_2=35000|cp_on_chip_3=33000|cp_on_chip_4=33000|rf2_therm=31000|rf1_therm=32000|ISP=35000|TPU=35000|AUR=36000|rfpa_therm=31683|quiet_therm=32240|charging_therm=33954|,BIG=36000|MID=37000|usb_pwr_therm=30281|btmspkr_therm=30214|disp_therm=30192|north_therm=30904|soc_therm=33776|battery=30500|battery_cycle=5|dc-mains=34500|usbc-therm-adc=345|max77779fg=30500|LITTLE=37000|soc=16|smpl_gm=0|vdroop1=0|batoilo=0|batoilo2=0|batt_vs=30493|mdis_morepower=0|thb_hda=51|cp_on_chip_0=33000|cp_on_chip_1=34000|G3D=37000|cp_on_chip_2=35000|cp_on_chip_3=33000|cp_on_chip_4=33000|rf2_therm=31000|rf1_therm=32000|ISP=35000|TPU=36000|AUR=36000|rfpa_therm=31683|quiet_therm=32240|charging_therm=33954|,thermal_rise,1,single,touched,4096,1024,7,1024,2102702,1024,1675334,0,4,4,ok
1,5,nvhe,4,1795000,1795000,37000,41000,BIG=37000|MID=39000|usb_pwr_therm=30281|btmspkr_therm=30214|disp_therm=30192|north_therm=30904|soc_therm=33686|battery=30500|battery_cycle=5|dc-mains=34500|usbc-therm-adc=345|max77779fg=30500|LITTLE=37000|soc=16|smpl_gm=0|vdroop1=0|batoilo=0|batoilo2=0|batt_vs=30493|mdis_morepower=0|thb_hda=51|cp_on_chip_0=33000|cp_on_chip_1=34000|G3D=36000|cp_on_chip_2=35000|cp_on_chip_3=33000|cp_on_chip_4=33000|rf2_therm=31000|rf1_therm=32000|ISP=35000|TPU=35000|AUR=36000|rfpa_therm=31683|quiet_therm=32240|charging_therm=33954|,BIG=36000|MID=37000|usb_pwr_therm=30281|btmspkr_therm=30214|disp_therm=30192|north_therm=30904|soc_therm=33776|battery=30500|battery_cycle=5|dc-mains=34500|usbc-therm-adc=345|max77779fg=30500|LITTLE=37000|soc=16|smpl_gm=0|vdroop1=0|batoilo=0|batoilo2=0|batt_vs=30493|mdis_morepower=0|thb_hda=51|cp_on_chip_0=33000|cp_on_chip_1=34000|G3D=37000|cp_on_chip_2=35000|cp_on_chip_3=33000|cp_on_chip_4=33000|rf2_therm=31000|rf1_therm=32000|ISP=35000|TPU=36000|AUR=36000|rfpa_therm=31683|quiet_therm=32240|charging_therm=33954|,thermal_rise,1,single,touched,4096,1024,8,1024,2011393,1024,1685506,0,4,4,ok
1,5,nvhe,4,1795000,1795000,37000,41000,BIG=37000|MID=39000|usb_pwr_therm=30281|btmspkr_therm=30214|disp_therm=30192|north_therm=30904|soc_therm=33686|battery=30500|battery_cycle=5|dc-mains=34500|usbc-therm-adc=345|max77779fg=30500|LITTLE=37000|soc=16|smpl_gm=0|vdroop1=0|batoilo=0|batoilo2=0|batt_vs=30493|mdis_morepower=0|thb_hda=51|cp_on_chip_0=33000|cp_on_chip_1=34000|G3D=36000|cp_on_chip_2=35000|cp_on_chip_3=33000|cp_on_chip_4=33000|rf2_therm=31000|rf1_therm=32000|ISP=35000|TPU=35000|AUR=36000|rfpa_therm=31683|quiet_therm=32240|charging_therm=33954|,BIG=36000|MID=37000|usb_pwr_therm=30281|btmspkr_therm=30214|disp_therm=30192|north_therm=30904|soc_therm=33776|battery=30500|battery_cycle=5|dc-mains=34500|usbc-therm-adc=345|max77779fg=30500|LITTLE=37000|soc=16|smpl_gm=0|vdroop1=0|batoilo=0|batoilo2=0|batt_vs=30493|mdis_morepower=0|thb_hda=51|cp_on_chip_0=33000|cp_on_chip_1=34000|G3D=37000|cp_on_chip_2=35000|cp_on_chip_3=33000|cp_on_chip_4=33000|rf2_therm=31000|rf1_therm=32000|ISP=35000|TPU=36000|AUR=36000|rfpa_therm=31683|quiet_therm=32240|charging_therm=33954|,thermal_rise,1,single,touched,4096,1024,9,1024,1987549,1024,1691610,0,4,4,ok
1,5,nvhe,4,1795000,1795000,37000,41000,BIG=37000|MID=39000|usb_pwr_therm=30281|btmspkr_therm=30214|disp_therm=30192|north_therm=30904|soc_therm=33686|battery=30500|battery_cycle=5|dc-mains=34500|usbc-therm-adc=345|max77779fg=30500|LITTLE=37000|soc=16|smpl_gm=0|vdroop1=0|batoilo=0|batoilo2=0|batt_vs=30493|mdis_morepower=0|thb_hda=51|cp_on_chip_0=33000|cp_on_chip_1=34000|G3D=36000|cp_on_chip_2=35000|cp_on_chip_3=33000|cp_on_chip_4=33000|rf2_therm=31000|rf1_therm=32000|ISP=35000|TPU=35000|AUR=36000|rfpa_therm=31683|quiet_therm=32240|charging_therm=33954|,BIG=36000|MID=37000|usb_pwr_therm=30281|btmspkr_therm=30214|disp_therm=30192|north_therm=30904|soc_therm=33776|battery=30500|battery_cycle=5|dc-mains=34500|usbc-therm-adc=345|max77779fg=30500|LITTLE=37000|soc=16|smpl_gm=0|vdroop1=0|batoilo=0|batoilo2=0|batt_vs=30493|mdis_morepower=0|thb_hda=51|cp_on_chip_0=33000|cp_on_chip_1=34000|G3D=37000|cp_on_chip_2=35000|cp_on_chip_3=33000|cp_on_chip_4=33000|rf2_therm=31000|rf1_therm=32000|ISP=35000|TPU=36000|AUR=36000|rfpa_therm=31683|quiet_therm=32240|charging_therm=33954|,thermal_rise,1,single,touched,4096,1024,10,1024,1897990,1024,1822957,0,4,4,ok
1,5,nvhe,4,1795000,1795000,37000,41000,BIG=37000|MID=39000|usb_pwr_therm=30281|btmspkr_therm=30214|disp_therm=30192|north_therm=30904|soc_therm=33686|battery=30500|battery_cycle=5|dc-mains=34500|usbc-therm-adc=345|max77779fg=30500|LITTLE=37000|soc=16|smpl_gm=0|vdroop1=0|batoilo=0|batoilo2=0|batt_vs=30493|mdis_morepower=0|thb_hda=51|cp_on_chip_0=33000|cp_on_chip_1=34000|G3D=36000|cp_on_chip_2=35000|cp_on_chip_3=33000|cp_on_chip_4=33000|rf2_therm=31000|rf1_therm=32000|ISP=35000|TPU=35000|AUR=36000|rfpa_therm=31683|quiet_therm=32240|charging_therm=33954|,BIG=36000|MID=37000|usb_pwr_therm=30281|btmspkr_therm=30214|disp_therm=30192|north_therm=30904|soc_therm=33776|battery=30500|battery_cycle=5|dc-mains=34500|usbc-therm-adc=345|max77779fg=30500|LITTLE=37000|soc=16|smpl_gm=0|vdroop1=0|batoilo=0|batoilo2=0|batt_vs=30493|mdis_morepower=0|thb_hda=51|cp_on_chip_0=33000|cp_on_chip_1=34000|G3D=37000|cp_on_chip_2=35000|cp_on_chip_3=33000|cp_on_chip_4=33000|rf2_therm=31000|rf1_therm=32000|ISP=35000|TPU=36000|AUR=36000|rfpa_therm=31683|quiet_therm=32240|charging_therm=33954|,thermal_rise,1,single,touched,4096,1024,11,1024,1918417,1024,1859049,0,4,4,ok
1,5,nvhe,4,1795000,1795000,37000,41000,BIG=37000|MID=39000|usb_pwr_therm=30281|btmspkr_therm=30214|disp_therm=30192|north_therm=30904|soc_therm=33686|battery=30500|battery_cycle=5|dc-mains=34500|usbc-therm-adc=345|max77779fg=30500|LITTLE=37000|soc=16|smpl_gm=0|vdroop1=0|batoilo=0|batoilo2=0|batt_vs=30493|mdis_morepower=0|thb_hda=51|cp_on_chip_0=33000|cp_on_chip_1=34000|G3D=36000|cp_on_chip_2=35000|cp_on_chip_3=33000|cp_on_chip_4=33000|rf2_therm=31000|rf1_therm=32000|ISP=35000|TPU=35000|AUR=36000|rfpa_therm=31683|quiet_therm=32240|charging_therm=33954|,BIG=36000|MID=37000|usb_pwr_therm=30281|btmspkr_therm=30214|disp_therm=30192|north_therm=30904|soc_therm=33776|battery=30500|battery_cycle=5|dc-mains=34500|usbc-therm-adc=345|max77779fg=30500|LITTLE=37000|soc=16|smpl_gm=0|vdroop1=0|batoilo=0|batoilo2=0|batt_vs=30493|mdis_morepower=0|thb_hda=51|cp_on_chip_0=33000|cp_on_chip_1=34000|G3D=37000|cp_on_chip_2=35000|cp_on_chip_3=33000|cp_on_chip_4=33000|rf2_therm=31000|rf1_therm=32000|ISP=35000|TPU=36000|AUR=36000|rfpa_therm=31683|quiet_therm=32240|charging_therm=33954|,thermal_rise,1,single,touched,4096,1024,12,1024,1819784,1024,2058065,0,4,4,ok
1,5,nvhe,4,1795000,1795000,37000,41000,BIG=37000|MID=39000|usb_pwr_therm=30281|btmspkr_therm=30214|disp_therm=30192|north_therm=30904|soc_therm=33686|battery=30500|battery_cycle=5|dc-mains=34500|usbc-therm-adc=345|max77779fg=30500|LITTLE=37000|soc=16|smpl_gm=0|vdroop1=0|batoilo=0|batoilo2=0|batt_vs=30493|mdis_morepower=0|thb_hda=51|cp_on_chip_0=33000|cp_on_chip_1=34000|G3D=36000|cp_on_chip_2=35000|cp_on_chip_3=33000|cp_on_chip_4=33000|rf2_therm=31000|rf1_therm=32000|ISP=35000|TPU=35000|AUR=36000|rfpa_therm=31683|quiet_therm=32240|charging_therm=33954|,BIG=36000|MID=37000|usb_pwr_therm=30281|btmspkr_therm=30214|disp_therm=30192|north_therm=30904|soc_therm=33776|battery=30500|battery_cycle=5|dc-mains=34500|usbc-therm-adc=345|max77779fg=30500|LITTLE=37000|soc=16|smpl_gm=0|vdroop1=0|batoilo=0|batoilo2=0|batt_vs=30493|mdis_morepower=0|thb_hda=51|cp_on_chip_0=33000|cp_on_chip_1=34000|G3D=37000|cp_on_chip_2=35000|cp_on_chip_3=33000|cp_on_chip_4=33000|rf2_therm=31000|rf1_therm=32000|ISP=35000|TPU=36000|AUR=36000|rfpa_therm=31683|quiet_therm=32240|charging_therm=33954|,thermal_rise,1,single,touched,4096,1024,13,1024,1715414,1024,2002929,0,4,4,ok
1,5,nvhe,4,1795000,1795000,37000,41000,BIG=37000|MID=39000|usb_pwr_therm=30281|btmspkr_therm=30214|disp_therm=30192|north_therm=30904|soc_therm=33686|battery=30500|battery_cycle=5|dc-mains=34500|usbc-therm-adc=345|max77779fg=30500|LITTLE=37000|soc=16|smpl_gm=0|vdroop1=0|batoilo=0|batoilo2=0|batt_vs=30493|mdis_morepower=0|thb_hda=51|cp_on_chip_0=33000|cp_on_chip_1=34000|G3D=36000|cp_on_chip_2=35000|cp_on_chip_3=33000|cp_on_chip_4=33000|rf2_therm=31000|rf1_therm=32000|ISP=35000|TPU=35000|AUR=36000|rfpa_therm=31683|quiet_therm=32240|charging_therm=33954|,BIG=36000|MID=37000|usb_pwr_therm=30281|btmspkr_therm=30214|disp_therm=30192|north_therm=30904|soc_therm=33776|battery=30500|battery_cycle=5|dc-mains=34500|usbc-therm-adc=345|max77779fg=30500|LITTLE=37000|soc=16|smpl_gm=0|vdroop1=0|batoilo=0|batoilo2=0|batt_vs=30493|mdis_morepower=0|thb_hda=51|cp_on_chip_0=33000|cp_on_chip_1=34000|G3D=37000|cp_on_chip_2=35000|cp_on_chip_3=33000|cp_on_chip_4=33000|rf2_therm=31000|rf1_therm=32000|ISP=35000|TPU=36000|AUR=36000|rfpa_therm=31683|quiet_therm=32240|charging_therm=33954|,thermal_rise,1,single,touched,4096,1024,14,1024,1531413,1024,1272095,0,4,4,ok
1,5,nvhe,4,1795000,1795000,37000,41000,BIG=37000|MID=39000|usb_pwr_therm=30281|btmspkr_therm=30214|disp_therm=30192|north_therm=30904|soc_therm=33686|battery=30500|battery_cycle=5|dc-mains=34500|usbc-therm-adc=345|max77779fg=30500|LITTLE=37000|soc=16|smpl_gm=0|vdroop1=0|batoilo=0|batoilo2=0|batt_vs=30493|mdis_morepower=0|thb_hda=51|cp_on_chip_0=33000|cp_on_chip_1=34000|G3D=36000|cp_on_chip_2=35000|cp_on_chip_3=33000|cp_on_chip_4=33000|rf2_therm=31000|rf1_therm=32000|ISP=35000|TPU=35000|AUR=36000|rfpa_therm=31683|quiet_therm=32240|charging_therm=33954|,BIG=36000|MID=37000|usb_pwr_therm=30281|btmspkr_therm=30214|disp_therm=30192|north_therm=30904|soc_therm=33776|battery=30500|battery_cycle=5|dc-mains=34500|usbc-therm-adc=345|max77779fg=30500|LITTLE=37000|soc=16|smpl_gm=0|vdroop1=0|batoilo=0|batoilo2=0|batt_vs=30493|mdis_morepower=0|thb_hda=51|cp_on_chip_0=33000|cp_on_chip_1=34000|G3D=37000|cp_on_chip_2=35000|cp_on_chip_3=33000|cp_on_chip_4=33000|rf2_therm=31000|rf1_therm=32000|ISP=35000|TPU=36000|AUR=36000|rfpa_therm=31683|quiet_therm=32240|charging_therm=33954|,thermal_rise,1,single,touched,4096,1024,15,1024,1542318,1024,1355102,0,4,4,ok
1,5,nvhe,4,1795000,1795000,37000,41000,BIG=37000|MID=39000|usb_pwr_therm=30281|btmspkr_therm=30214|disp_therm=30192|north_therm=30904|soc_therm=33686|battery=30500|battery_cycle=5|dc-mains=34500|usbc-therm-adc=345|max77779fg=30500|LITTLE=37000|soc=16|smpl_gm=0|vdroop1=0|batoilo=0|batoilo2=0|batt_vs=30493|mdis_morepower=0|thb_hda=51|cp_on_chip_0=33000|cp_on_chip_1=34000|G3D=36000|cp_on_chip_2=35000|cp_on_chip_3=33000|cp_on_chip_4=33000|rf2_therm=31000|rf1_therm=32000|ISP=35000|TPU=35000|AUR=36000|rfpa_therm=31683|quiet_therm=32240|charging_therm=33954|,BIG=36000|MID=37000|usb_pwr_therm=30281|btmspkr_therm=30214|disp_therm=30192|north_therm=30904|soc_therm=33776|battery=30500|battery_cycle=5|dc-mains=34500|usbc-therm-adc=345|max77779fg=30500|LITTLE=37000|soc=16|smpl_gm=0|vdroop1=0|batoilo=0|batoilo2=0|batt_vs=30493|mdis_morepower=0|thb_hda=51|cp_on_chip_0=33000|cp_on_chip_1=34000|G3D=37000|cp_on_chip_2=35000|cp_on_chip_3=33000|cp_on_chip_4=33000|rf2_therm=31000|rf1_therm=32000|ISP=35000|TPU=36000|AUR=36000|rfpa_therm=31683|quiet_therm=32240|charging_therm=33954|,thermal_rise,1,single,touched,4096,1024,16,1024,1498006,1024,1358969,0,4,4,ok
1,5,nvhe,4,1795000,1795000,37000,41000,BIG=37000|MID=39000|usb_pwr_therm=30281|btmspkr_therm=30214|disp_therm=30192|north_therm=30904|soc_therm=33686|battery=30500|battery_cycle=5|dc-mains=34500|usbc-therm-adc=345|max77779fg=30500|LITTLE=37000|soc=16|smpl_gm=0|vdroop1=0|batoilo=0|batoilo2=0|batt_vs=30493|mdis_morepower=0|thb_hda=51|cp_on_chip_0=33000|cp_on_chip_1=34000|G3D=36000|cp_on_chip_2=35000|cp_on_chip_3=33000|cp_on_chip_4=33000|rf2_therm=31000|rf1_therm=32000|ISP=35000|TPU=35000|AUR=36000|rfpa_therm=31683|quiet_therm=32240|charging_therm=33954|,BIG=36000|MID=37000|usb_pwr_therm=30281|btmspkr_therm=30214|disp_therm=30192|north_therm=30904|soc_therm=33776|battery=30500|battery_cycle=5|dc-mains=34500|usbc-therm-adc=345|max77779fg=30500|LITTLE=37000|soc=16|smpl_gm=0|vdroop1=0|batoilo=0|batoilo2=0|batt_vs=30493|mdis_morepower=0|thb_hda=51|cp_on_chip_0=33000|cp_on_chip_1=34000|G3D=37000|cp_on_chip_2=35000|cp_on_chip_3=33000|cp_on_chip_4=33000|rf2_therm=31000|rf1_therm=32000|ISP=35000|TPU=36000|AUR=36000|rfpa_therm=31683|quiet_therm=32240|charging_therm=33954|,thermal_rise,1,single,touched,4096,1024,17,1024,1536540,1024,1640015,0,4,4,ok
1,5,nvhe,4,1795000,1795000,37000,41000,BIG=37000|MID=39000|usb_pwr_therm=30281|btmspkr_therm=30214|disp_therm=30192|north_therm=30904|soc_therm=33686|battery=30500|battery_cycle=5|dc-mains=34500|usbc-therm-adc=345|max77779fg=30500|LITTLE=37000|soc=16|smpl_gm=0|vdroop1=0|batoilo=0|batoilo2=0|batt_vs=30493|mdis_morepower=0|thb_hda=51|cp_on_chip_0=33000|cp_on_chip_1=34000|G3D=36000|cp_on_chip_2=35000|cp_on_chip_3=33000|cp_on_chip_4=33000|rf2_therm=31000|rf1_therm=32000|ISP=35000|TPU=35000|AUR=36000|rfpa_therm=31683|quiet_therm=32240|charging_therm=33954|,BIG=36000|MID=37000|usb_pwr_therm=30281|btmspkr_therm=30214|disp_therm=30192|north_therm=30904|soc_therm=33776|battery=30500|battery_cycle=5|dc-mains=34500|usbc-therm-adc=345|max77779fg=30500|LITTLE=37000|soc=16|smpl_gm=0|vdroop1=0|batoilo=0|batoilo2=0|batt_vs=30493|mdis_morepower=0|thb_hda=51|cp_on_chip_0=33000|cp_on_chip_1=34000|G3D=37000|cp_on_chip_2=35000|cp_on_chip_3=33000|cp_on_chip_4=33000|rf2_therm=31000|rf1_therm=32000|ISP=35000|TPU=36000|AUR=36000|rfpa_therm=31683|quiet_therm=32240|charging_therm=33954|,thermal_rise,1,single,touched,4096,1024,18,1024,1454956,1024,1458821,0,4,4,ok
1,5,nvhe,4,1795000,1795000,37000,41000,BIG=37000|MID=39000|usb_pwr_therm=30281|btmspkr_therm=30214|disp_therm=30192|north_therm=30904|soc_therm=33686|battery=30500|battery_cycle=5|dc-mains=34500|usbc-therm-adc=345|max77779fg=30500|LITTLE=37000|soc=16|smpl_gm=0|vdroop1=0|batoilo=0|batoilo2=0|batt_vs=30493|mdis_morepower=0|thb_hda=51|cp_on_chip_0=33000|cp_on_chip_1=34000|G3D=36000|cp_on_chip_2=35000|cp_on_chip_3=33000|cp_on_chip_4=33000|rf2_therm=31000|rf1_therm=32000|ISP=35000|TPU=35000|AUR=36000|rfpa_therm=31683|quiet_therm=32240|charging_therm=33954|,BIG=36000|MID=37000|usb_pwr_therm=30281|btmspkr_therm=30214|disp_therm=30192|north_therm=30904|soc_therm=33776|battery=30500|battery_cycle=5|dc-mains=34500|usbc-therm-adc=345|max77779fg=30500|LITTLE=37000|soc=16|smpl_gm=0|vdroop1=0|batoilo=0|batoilo2=0|batt_vs=30493|mdis_morepower=0|thb_hda=51|cp_on_chip_0=33000|cp_on_chip_1=34000|G3D=37000|cp_on_chip_2=35000|cp_on_chip_3=33000|cp_on_chip_4=33000|rf2_therm=31000|rf1_therm=32000|ISP=35000|TPU=36000|AUR=36000|rfpa_therm=31683|quiet_therm=32240|charging_therm=33954|,thermal_rise,1,single,touched,4096,1024,19,1024,1449707,1024,2088135,0,4,4,ok
1,5,nvhe,4,1795000,1795000,37000,41000,BIG=37000|MID=39000|usb_pwr_therm=30281|btmspkr_therm=30214|disp_therm=30192|north_therm=30904|soc_therm=33686|battery=30500|battery_cycle=5|dc-mains=34500|usbc-therm-adc=345|max77779fg=30500|LITTLE=37000|soc=16|smpl_gm=0|vdroop1=0|batoilo=0|batoilo2=0|batt_vs=30493|mdis_morepower=0|thb_hda=51|cp_on_chip_0=33000|cp_on_chip_1=34000|G3D=36000|cp_on_chip_2=35000|cp_on_chip_3=33000|cp_on_chip_4=33000|rf2_therm=31000|rf1_therm=32000|ISP=35000|TPU=35000|AUR=36000|rfpa_therm=31683|quiet_therm=32240|charging_therm=33954|,BIG=36000|MID=37000|usb_pwr_therm=30281|btmspkr_therm=30214|disp_therm=30192|north_therm=30904|soc_therm=33776|battery=30500|battery_cycle=5|dc-mains=34500|usbc-therm-adc=345|max77779fg=30500|LITTLE=37000|soc=16|smpl_gm=0|vdroop1=0|batoilo=0|batoilo2=0|batt_vs=30493|mdis_morepower=0|thb_hda=51|cp_on_chip_0=33000|cp_on_chip_1=34000|G3D=37000|cp_on_chip_2=35000|cp_on_chip_3=33000|cp_on_chip_4=33000|rf2_therm=31000|rf1_therm=32000|ISP=35000|TPU=36000|AUR=36000|rfpa_therm=31683|quiet_therm=32240|charging_therm=33954|,thermal_rise,1,single,touched,4096,1024,20,1024,1409261,1024,1028483,0,4,4,ok
1,5,nvhe,4,1795000,1795000,37000,41000,BIG=37000|MID=39000|usb_pwr_therm=30281|btmspkr_therm=30214|disp_therm=30192|north_therm=30904|soc_therm=33686|battery=30500|battery_cycle=5|dc-mains=34500|usbc-therm-adc=345|max77779fg=30500|LITTLE=37000|soc=16|smpl_gm=0|vdroop1=0|batoilo=0|batoilo2=0|batt_vs=30493|mdis_morepower=0|thb_hda=51|cp_on_chip_0=33000|cp_on_chip_1=34000|G3D=36000|cp_on_chip_2=35000|cp_on_chip_3=33000|cp_on_chip_4=33000|rf2_therm=31000|rf1_therm=32000|ISP=35000|TPU=35000|AUR=36000|rfpa_therm=31683|quiet_therm=32240|charging_therm=33954|,BIG=36000|MID=37000|usb_pwr_therm=30281|btmspkr_therm=30214|disp_therm=30192|north_therm=30904|soc_therm=33776|battery=30500|battery_cycle=5|dc-mains=34500|usbc-therm-adc=345|max77779fg=30500|LITTLE=37000|soc=16|smpl_gm=0|vdroop1=0|batoilo=0|batoilo2=0|batt_vs=30493|mdis_morepower=0|thb_hda=51|cp_on_chip_0=33000|cp_on_chip_1=34000|G3D=37000|cp_on_chip_2=35000|cp_on_chip_3=33000|cp_on_chip_4=33000|rf2_therm=31000|rf1_therm=32000|ISP=35000|TPU=36000|AUR=36000|rfpa_therm=31683|quiet_therm=32240|charging_therm=33954|,thermal_rise,1,single,touched,4096,1024,21,1024,1230388,1024,1140422,0,4,4,ok
1,5,nvhe,4,1795000,1795000,37000,41000,BIG=37000|MID=39000|usb_pwr_therm=30281|btmspkr_therm=30214|disp_therm=30192|north_therm=30904|soc_therm=33686|battery=30500|battery_cycle=5|dc-mains=34500|usbc-therm-adc=345|max77779fg=30500|LITTLE=37000|soc=16|smpl_gm=0|vdroop1=0|batoilo=0|batoilo2=0|batt_vs=30493|mdis_morepower=0|thb_hda=51|cp_on_chip_0=33000|cp_on_chip_1=34000|G3D=36000|cp_on_chip_2=35000|cp_on_chip_3=33000|cp_on_chip_4=33000|rf2_therm=31000|rf1_therm=32000|ISP=35000|TPU=35000|AUR=36000|rfpa_therm=31683|quiet_therm=32240|charging_therm=33954|,BIG=36000|MID=37000|usb_pwr_therm=30281|btmspkr_therm=30214|disp_therm=30192|north_therm=30904|soc_therm=33776|battery=30500|battery_cycle=5|dc-mains=34500|usbc-therm-adc=345|max77779fg=30500|LITTLE=37000|soc=16|smpl_gm=0|vdroop1=0|batoilo=0|batoilo2=0|batt_vs=30493|mdis_morepower=0|thb_hda=51|cp_on_chip_0=33000|cp_on_chip_1=34000|G3D=37000|cp_on_chip_2=35000|cp_on_chip_3=33000|cp_on_chip_4=33000|rf2_therm=31000|rf1_therm=32000|ISP=35000|TPU=36000|AUR=36000|rfpa_therm=31683|quiet_therm=32240|charging_therm=33954|,thermal_rise,1,single,touched,4096,1024,22,1024,1169637,1024,1020264,0,4,4,ok
1,5,nvhe,4,1795000,1795000,37000,41000,BIG=37000|MID=39000|usb_pwr_therm=30281|btmspkr_therm=30214|disp_therm=30192|north_therm=30904|soc_therm=33686|battery=30500|battery_cycle=5|dc-mains=34500|usbc-therm-adc=345|max77779fg=30500|LITTLE=37000|soc=16|smpl_gm=0|vdroop1=0|batoilo=0|batoilo2=0|batt_vs=30493|mdis_morepower=0|thb_hda=51|cp_on_chip_0=33000|cp_on_chip_1=34000|G3D=36000|cp_on_chip_2=35000|cp_on_chip_3=33000|cp_on_chip_4=33000|rf2_therm=31000|rf1_therm=32000|ISP=35000|TPU=35000|AUR=36000|rfpa_therm=31683|quiet_therm=32240|charging_therm=33954|,BIG=36000|MID=37000|usb_pwr_therm=30281|btmspkr_therm=30214|disp_therm=30192|north_therm=30904|soc_therm=33776|battery=30500|battery_cycle=5|dc-mains=34500|usbc-therm-adc=345|max77779fg=30500|LITTLE=37000|soc=16|smpl_gm=0|vdroop1=0|batoilo=0|batoilo2=0|batt_vs=30493|mdis_morepower=0|thb_hda=51|cp_on_chip_0=33000|cp_on_chip_1=34000|G3D=37000|cp_on_chip_2=35000|cp_on_chip_3=33000|cp_on_chip_4=33000|rf2_therm=31000|rf1_therm=32000|ISP=35000|TPU=36000|AUR=36000|rfpa_therm=31683|quiet_therm=32240|charging_therm=33954|,thermal_rise,1,single,touched,4096,1024,23,1024,1160481,1024,1070638,0,4,4,ok
1,5,nvhe,4,1795000,1795000,37000,41000,BIG=37000|MID=39000|usb_pwr_therm=30281|btmspkr_therm=30214|disp_therm=30192|north_therm=30904|soc_therm=33686|battery=30500|battery_cycle=5|dc-mains=34500|usbc-therm-adc=345|max77779fg=30500|LITTLE=37000|soc=16|smpl_gm=0|vdroop1=0|batoilo=0|batoilo2=0|batt_vs=30493|mdis_morepower=0|thb_hda=51|cp_on_chip_0=33000|cp_on_chip_1=34000|G3D=36000|cp_on_chip_2=35000|cp_on_chip_3=33000|cp_on_chip_4=33000|rf2_therm=31000|rf1_therm=32000|ISP=35000|TPU=35000|AUR=36000|rfpa_therm=31683|quiet_therm=32240|charging_therm=33954|,BIG=36000|MID=37000|usb_pwr_therm=30281|btmspkr_therm=30214|disp_therm=30192|north_therm=30904|soc_therm=33776|battery=30500|battery_cycle=5|dc-mains=34500|usbc-therm-adc=345|max77779fg=30500|LITTLE=37000|soc=16|smpl_gm=0|vdroop1=0|batoilo=0|batoilo2=0|batt_vs=30493|mdis_morepower=0|thb_hda=51|cp_on_chip_0=33000|cp_on_chip_1=34000|G3D=37000|cp_on_chip_2=35000|cp_on_chip_3=33000|cp_on_chip_4=33000|rf2_therm=31000|rf1_therm=32000|ISP=35000|TPU=36000|AUR=36000|rfpa_therm=31683|quiet_therm=32240|charging_therm=33954|,thermal_rise,1,single,touched,4096,1024,24,1024,1110677,1024,981364,0,4,4,ok
1,5,nvhe,4,1795000,1795000,37000,41000,BIG=37000|MID=39000|usb_pwr_therm=30281|btmspkr_therm=30214|disp_therm=30192|north_therm=30904|soc_therm=33686|battery=30500|battery_cycle=5|dc-mains=34500|usbc-therm-adc=345|max77779fg=30500|LITTLE=37000|soc=16|smpl_gm=0|vdroop1=0|batoilo=0|batoilo2=0|batt_vs=30493|mdis_morepower=0|thb_hda=51|cp_on_chip_0=33000|cp_on_chip_1=34000|G3D=36000|cp_on_chip_2=35000|cp_on_chip_3=33000|cp_on_chip_4=33000|rf2_therm=31000|rf1_therm=32000|ISP=35000|TPU=35000|AUR=36000|rfpa_therm=31683|quiet_therm=32240|charging_therm=33954|,BIG=36000|MID=37000|usb_pwr_therm=30281|btmspkr_therm=30214|disp_therm=30192|north_therm=30904|soc_therm=33776|battery=30500|battery_cycle=5|dc-mains=34500|usbc-therm-adc=345|max77779fg=30500|LITTLE=37000|soc=16|smpl_gm=0|vdroop1=0|batoilo=0|batoilo2=0|batt_vs=30493|mdis_morepower=0|thb_hda=51|cp_on_chip_0=33000|cp_on_chip_1=34000|G3D=37000|cp_on_chip_2=35000|cp_on_chip_3=33000|cp_on_chip_4=33000|rf2_therm=31000|rf1_therm=32000|ISP=35000|TPU=36000|AUR=36000|rfpa_therm=31683|quiet_therm=32240|charging_therm=33954|,thermal_rise,1,single,touched,4096,1024,25,1024,1142130,1024,951010,0,4,4,ok
1,5,nvhe,4,1795000,1795000,37000,41000,BIG=37000|MID=39000|usb_pwr_therm=30281|btmspkr_therm=30214|disp_therm=30192|north_therm=30904|soc_therm=33686|battery=30500|battery_cycle=5|dc-mains=34500|usbc-therm-adc=345|max77779fg=30500|LITTLE=37000|soc=16|smpl_gm=0|vdroop1=0|batoilo=0|batoilo2=0|batt_vs=30493|mdis_morepower=0|thb_hda=51|cp_on_chip_0=33000|cp_on_chip_1=34000|G3D=36000|cp_on_chip_2=35000|cp_on_chip_3=33000|cp_on_chip_4=33000|rf2_therm=31000|rf1_therm=32000|ISP=35000|TPU=35000|AUR=36000|rfpa_therm=31683|quiet_therm=32240|charging_therm=33954|,BIG=36000|MID=37000|usb_pwr_therm=30281|btmspkr_therm=30214|disp_therm=30192|north_therm=30904|soc_therm=33776|battery=30500|battery_cycle=5|dc-mains=34500|usbc-therm-adc=345|max77779fg=30500|LITTLE=37000|soc=16|smpl_gm=0|vdroop1=0|batoilo=0|batoilo2=0|batt_vs=30493|mdis_morepower=0|thb_hda=51|cp_on_chip_0=33000|cp_on_chip_1=34000|G3D=37000|cp_on_chip_2=35000|cp_on_chip_3=33000|cp_on_chip_4=33000|rf2_therm=31000|rf1_therm=32000|ISP=35000|TPU=36000|AUR=36000|rfpa_therm=31683|quiet_therm=32240|charging_therm=33954|,thermal_rise,1,single,touched,4096,1024,26,1024,1031942,1024,944703,0,4,4,ok
1,5,nvhe,4,1795000,1795000,37000,41000,BIG=37000|MID=39000|usb_pwr_therm=30281|btmspkr_therm=30214|disp_therm=30192|north_therm=30904|soc_therm=33686|battery=30500|battery_cycle=5|dc-mains=34500|usbc-therm-adc=345|max77779fg=30500|LITTLE=37000|soc=16|smpl_gm=0|vdroop1=0|batoilo=0|batoilo2=0|batt_vs=30493|mdis_morepower=0|thb_hda=51|cp_on_chip_0=33000|cp_on_chip_1=34000|G3D=36000|cp_on_chip_2=35000|cp_on_chip_3=33000|cp_on_chip_4=33000|rf2_therm=31000|rf1_therm=32000|ISP=35000|TPU=35000|AUR=36000|rfpa_therm=31683|quiet_therm=32240|charging_therm=33954|,BIG=36000|MID=37000|usb_pwr_therm=30281|btmspkr_therm=30214|disp_therm=30192|north_therm=30904|soc_therm=33776|battery=30500|battery_cycle=5|dc-mains=34500|usbc-therm-adc=345|max77779fg=30500|LITTLE=37000|soc=16|smpl_gm=0|vdroop1=0|batoilo=0|batoilo2=0|batt_vs=30493|mdis_morepower=0|thb_hda=51|cp_on_chip_0=33000|cp_on_chip_1=34000|G3D=37000|cp_on_chip_2=35000|cp_on_chip_3=33000|cp_on_chip_4=33000|rf2_therm=31000|rf1_therm=32000|ISP=35000|TPU=36000|AUR=36000|rfpa_therm=31683|quiet_therm=32240|charging_therm=33954|,thermal_rise,1,single,touched,4096,1024,27,1024,1060872,1024,941650,0,4,4,ok
1,5,nvhe,4,1795000,1795000,37000,41000,BIG=37000|MID=39000|usb_pwr_therm=30281|btmspkr_therm=30214|disp_therm=30192|north_therm=30904|soc_therm=33686|battery=30500|battery_cycle=5|dc-mains=34500|usbc-therm-adc=345|max77779fg=30500|LITTLE=37000|soc=16|smpl_gm=0|vdroop1=0|batoilo=0|batoilo2=0|batt_vs=30493|mdis_morepower=0|thb_hda=51|cp_on_chip_0=33000|cp_on_chip_1=34000|G3D=36000|cp_on_chip_2=35000|cp_on_chip_3=33000|cp_on_chip_4=33000|rf2_therm=31000|rf1_therm=32000|ISP=35000|TPU=35000|AUR=36000|rfpa_therm=31683|quiet_therm=32240|charging_therm=33954|,BIG=36000|MID=37000|usb_pwr_therm=30281|btmspkr_therm=30214|disp_therm=30192|north_therm=30904|soc_therm=33776|battery=30500|battery_cycle=5|dc-mains=34500|usbc-therm-adc=345|max77779fg=30500|LITTLE=37000|soc=16|smpl_gm=0|vdroop1=0|batoilo=0|batoilo2=0|batt_vs=30493|mdis_morepower=0|thb_hda=51|cp_on_chip_0=33000|cp_on_chip_1=34000|G3D=37000|cp_on_chip_2=35000|cp_on_chip_3=33000|cp_on_chip_4=33000|rf2_therm=31000|rf1_therm=32000|ISP=35000|TPU=36000|AUR=36000|rfpa_therm=31683|quiet_therm=32240|charging_therm=33954|,thermal_rise,1,single,touched,4096,1024,28,1024,1063273,1024,936361,0,4,4,ok
1,5,nvhe,4,1795000,1795000,37000,41000,BIG=37000|MID=39000|usb_pwr_therm=30281|btmspkr_therm=30214|disp_therm=30192|north_therm=30904|soc_therm=33686|battery=30500|battery_cycle=5|dc-mains=34500|usbc-therm-adc=345|max77779fg=30500|LITTLE=37000|soc=16|smpl_gm=0|vdroop1=0|batoilo=0|batoilo2=0|batt_vs=30493|mdis_morepower=0|thb_hda=51|cp_on_chip_0=33000|cp_on_chip_1=34000|G3D=36000|cp_on_chip_2=35000|cp_on_chip_3=33000|cp_on_chip_4=33000|rf2_therm=31000|rf1_therm=32000|ISP=35000|TPU=35000|AUR=36000|rfpa_therm=31683|quiet_therm=32240|charging_therm=33954|,BIG=36000|MID=37000|usb_pwr_therm=30281|btmspkr_therm=30214|disp_therm=30192|north_therm=30904|soc_therm=33776|battery=30500|battery_cycle=5|dc-mains=34500|usbc-therm-adc=345|max77779fg=30500|LITTLE=37000|soc=16|smpl_gm=0|vdroop1=0|batoilo=0|batoilo2=0|batt_vs=30493|mdis_morepower=0|thb_hda=51|cp_on_chip_0=33000|cp_on_chip_1=34000|G3D=37000|cp_on_chip_2=35000|cp_on_chip_3=33000|cp_on_chip_4=33000|rf2_therm=31000|rf1_therm=32000|ISP=35000|TPU=36000|AUR=36000|rfpa_therm=31683|quiet_therm=32240|charging_therm=33954|,thermal_rise,1,single,touched,4096,1024,29,1024,1099406,1024,912394,0,4,4,ok
1,6,nvhe,4,1945000,357000,38000,39000,BIG=36000|MID=38000|usb_pwr_therm=30303|btmspkr_therm=30214|disp_therm=30192|north_therm=30904|soc_therm=33842|battery=30500|battery_cycle=5|dc-mains=34500|usbc-therm-adc=345|max77779fg=30500|LITTLE=37000|soc=16|smpl_gm=0|vdroop1=0|batoilo=0|batoilo2=0|batt_vs=30493|mdis_morepower=0|thb_hda=51|cp_on_chip_0=33000|cp_on_chip_1=34000|G3D=36000|cp_on_chip_2=35000|cp_on_chip_3=33000|cp_on_chip_4=33000|rf2_therm=31000|rf1_therm=32000|ISP=35000|TPU=36000|AUR=36000|rfpa_therm=31705|quiet_therm=32284|charging_therm=34020|,BIG=37000|MID=37000|usb_pwr_therm=30303|btmspkr_therm=30214|disp_therm=30192|north_therm=30904|soc_therm=33842|battery=30500|battery_cycle=5|dc-mains=34500|usbc-therm-adc=345|max77779fg=30500|LITTLE=37000|soc=16|smpl_gm=0|vdroop1=0|batoilo=0|batoilo2=0|batt_vs=30493|mdis_morepower=0|thb_hda=51|cp_on_chip_0=33000|cp_on_chip_1=34000|G3D=36000|cp_on_chip_2=35000|cp_on_chip_3=33000|cp_on_chip_4=33000|rf2_therm=31000|rf1_therm=32000|ISP=35000|TPU=36000|AUR=36000|rfpa_therm=31705|quiet_therm=32284|charging_therm=34020|,ok,1,batched,untouched,4096,1024,0,1,20752,0,3947,0,4,4,ok
1,6,nvhe,4,1945000,357000,38000,39000,BIG=36000|MID=38000|usb_pwr_therm=30303|btmspkr_therm=30214|disp_therm=30192|north_therm=30904|soc_therm=33842|battery=30500|battery_cycle=5|dc-mains=34500|usbc-therm-adc=345|max77779fg=30500|LITTLE=37000|soc=16|smpl_gm=0|vdroop1=0|batoilo=0|batoilo2=0|batt_vs=30493|mdis_morepower=0|thb_hda=51|cp_on_chip_0=33000|cp_on_chip_1=34000|G3D=36000|cp_on_chip_2=35000|cp_on_chip_3=33000|cp_on_chip_4=33000|rf2_therm=31000|rf1_therm=32000|ISP=35000|TPU=36000|AUR=36000|rfpa_therm=31705|quiet_therm=32284|charging_therm=34020|,BIG=37000|MID=37000|usb_pwr_therm=30303|btmspkr_therm=30214|disp_therm=30192|north_therm=30904|soc_therm=33842|battery=30500|battery_cycle=5|dc-mains=34500|usbc-therm-adc=345|max77779fg=30500|LITTLE=37000|soc=16|smpl_gm=0|vdroop1=0|batoilo=0|batoilo2=0|batt_vs=30493|mdis_morepower=0|thb_hda=51|cp_on_chip_0=33000|cp_on_chip_1=34000|G3D=36000|cp_on_chip_2=35000|cp_on_chip_3=33000|cp_on_chip_4=33000|rf2_therm=31000|rf1_therm=32000|ISP=35000|TPU=36000|AUR=36000|rfpa_therm=31705|quiet_therm=32284|charging_therm=34020|,ok,1,batched,untouched,4096,1024,1,1,14079,0,2278,0,4,4,ok
1,6,nvhe,4,1945000,357000,38000,39000,BIG=36000|MID=38000|usb_pwr_therm=30303|btmspkr_therm=30214|disp_therm=30192|north_therm=30904|soc_therm=33842|battery=30500|battery_cycle=5|dc-mains=34500|usbc-therm-adc=345|max77779fg=30500|LITTLE=37000|soc=16|smpl_gm=0|vdroop1=0|batoilo=0|batoilo2=0|batt_vs=30493|mdis_morepower=0|thb_hda=51|cp_on_chip_0=33000|cp_on_chip_1=34000|G3D=36000|cp_on_chip_2=35000|cp_on_chip_3=33000|cp_on_chip_4=33000|rf2_therm=31000|rf1_therm=32000|ISP=35000|TPU=36000|AUR=36000|rfpa_therm=31705|quiet_therm=32284|charging_therm=34020|,BIG=37000|MID=37000|usb_pwr_therm=30303|btmspkr_therm=30214|disp_therm=30192|north_therm=30904|soc_therm=33842|battery=30500|battery_cycle=5|dc-mains=34500|usbc-therm-adc=345|max77779fg=30500|LITTLE=37000|soc=16|smpl_gm=0|vdroop1=0|batoilo=0|batoilo2=0|batt_vs=30493|mdis_morepower=0|thb_hda=51|cp_on_chip_0=33000|cp_on_chip_1=34000|G3D=36000|cp_on_chip_2=35000|cp_on_chip_3=33000|cp_on_chip_4=33000|rf2_therm=31000|rf1_therm=32000|ISP=35000|TPU=36000|AUR=36000|rfpa_therm=31705|quiet_therm=32284|charging_therm=34020|,ok,1,batched,untouched,4096,1024,2,1,11759,0,2238,0,4,4,ok
1,6,nvhe,4,1945000,357000,38000,39000,BIG=36000|MID=38000|usb_pwr_therm=30303|btmspkr_therm=30214|disp_therm=30192|north_therm=30904|soc_therm=33842|battery=30500|battery_cycle=5|dc-mains=34500|usbc-therm-adc=345|max77779fg=30500|LITTLE=37000|soc=16|smpl_gm=0|vdroop1=0|batoilo=0|batoilo2=0|batt_vs=30493|mdis_morepower=0|thb_hda=51|cp_on_chip_0=33000|cp_on_chip_1=34000|G3D=36000|cp_on_chip_2=35000|cp_on_chip_3=33000|cp_on_chip_4=33000|rf2_therm=31000|rf1_therm=32000|ISP=35000|TPU=36000|AUR=36000|rfpa_therm=31705|quiet_therm=32284|charging_therm=34020|,BIG=37000|MID=37000|usb_pwr_therm=30303|btmspkr_therm=30214|disp_therm=30192|north_therm=30904|soc_therm=33842|battery=30500|battery_cycle=5|dc-mains=34500|usbc-therm-adc=345|max77779fg=30500|LITTLE=37000|soc=16|smpl_gm=0|vdroop1=0|batoilo=0|batoilo2=0|batt_vs=30493|mdis_morepower=0|thb_hda=51|cp_on_chip_0=33000|cp_on_chip_1=34000|G3D=36000|cp_on_chip_2=35000|cp_on_chip_3=33000|cp_on_chip_4=33000|rf2_therm=31000|rf1_therm=32000|ISP=35000|TPU=36000|AUR=36000|rfpa_therm=31705|quiet_therm=32284|charging_therm=34020|,ok,1,batched,untouched,4096,1024,3,1,11678,0,2075,0,4,4,ok
1,6,nvhe,4,1945000,357000,38000,39000,BIG=36000|MID=38000|usb_pwr_therm=30303|btmspkr_therm=30214|disp_therm=30192|north_therm=30904|soc_therm=33842|battery=30500|battery_cycle=5|dc-mains=34500|usbc-therm-adc=345|max77779fg=30500|LITTLE=37000|soc=16|smpl_gm=0|vdroop1=0|batoilo=0|batoilo2=0|batt_vs=30493|mdis_morepower=0|thb_hda=51|cp_on_chip_0=33000|cp_on_chip_1=34000|G3D=36000|cp_on_chip_2=35000|cp_on_chip_3=33000|cp_on_chip_4=33000|rf2_therm=31000|rf1_therm=32000|ISP=35000|TPU=36000|AUR=36000|rfpa_therm=31705|quiet_therm=32284|charging_therm=34020|,BIG=37000|MID=37000|usb_pwr_therm=30303|btmspkr_therm=30214|disp_therm=30192|north_therm=30904|soc_therm=33842|battery=30500|battery_cycle=5|dc-mains=34500|usbc-therm-adc=345|max77779fg=30500|LITTLE=37000|soc=16|smpl_gm=0|vdroop1=0|batoilo=0|batoilo2=0|batt_vs=30493|mdis_morepower=0|thb_hda=51|cp_on_chip_0=33000|cp_on_chip_1=34000|G3D=36000|cp_on_chip_2=35000|cp_on_chip_3=33000|cp_on_chip_4=33000|rf2_therm=31000|rf1_therm=32000|ISP=35000|TPU=36000|AUR=36000|rfpa_therm=31705|quiet_therm=32284|charging_therm=34020|,ok,1,batched,untouched,4096,1024,4,1,10580,0,1994,0,4,4,ok
1,6,nvhe,4,1945000,357000,38000,39000,BIG=36000|MID=38000|usb_pwr_therm=30303|btmspkr_therm=30214|disp_therm=30192|north_therm=30904|soc_therm=33842|battery=30500|battery_cycle=5|dc-mains=34500|usbc-therm-adc=345|max77779fg=30500|LITTLE=37000|soc=16|smpl_gm=0|vdroop1=0|batoilo=0|batoilo2=0|batt_vs=30493|mdis_morepower=0|thb_hda=51|cp_on_chip_0=33000|cp_on_chip_1=34000|G3D=36000|cp_on_chip_2=35000|cp_on_chip_3=33000|cp_on_chip_4=33000|rf2_therm=31000|rf1_therm=32000|ISP=35000|TPU=36000|AUR=36000|rfpa_therm=31705|quiet_therm=32284|charging_therm=34020|,BIG=37000|MID=37000|usb_pwr_therm=30303|btmspkr_therm=30214|disp_therm=30192|north_therm=30904|soc_therm=33842|battery=30500|battery_cycle=5|dc-mains=34500|usbc-therm-adc=345|max77779fg=30500|LITTLE=37000|soc=16|smpl_gm=0|vdroop1=0|batoilo=0|batoilo2=0|batt_vs=30493|mdis_morepower=0|thb_hda=51|cp_on_chip_0=33000|cp_on_chip_1=34000|G3D=36000|cp_on_chip_2=35000|cp_on_chip_3=33000|cp_on_chip_4=33000|rf2_therm=31000|rf1_therm=32000|ISP=35000|TPU=36000|AUR=36000|rfpa_therm=31705|quiet_therm=32284|charging_therm=34020|,ok,1,batched,untouched,4096,1024,5,1,13468,0,2075,0,4,4,ok
1,6,nvhe,4,1945000,357000,38000,39000,BIG=36000|MID=38000|usb_pwr_therm=30303|btmspkr_therm=30214|disp_therm=30192|north_therm=30904|soc_therm=33842|battery=30500|battery_cycle=5|dc-mains=34500|usbc-therm-adc=345|max77779fg=30500|LITTLE=37000|soc=16|smpl_gm=0|vdroop1=0|batoilo=0|batoilo2=0|batt_vs=30493|mdis_morepower=0|thb_hda=51|cp_on_chip_0=33000|cp_on_chip_1=34000|G3D=36000|cp_on_chip_2=35000|cp_on_chip_3=33000|cp_on_chip_4=33000|rf2_therm=31000|rf1_therm=32000|ISP=35000|TPU=36000|AUR=36000|rfpa_therm=31705|quiet_therm=32284|charging_therm=34020|,BIG=37000|MID=37000|usb_pwr_therm=30303|btmspkr_therm=30214|disp_therm=30192|north_therm=30904|soc_therm=33842|battery=30500|battery_cycle=5|dc-mains=34500|usbc-therm-adc=345|max77779fg=30500|LITTLE=37000|soc=16|smpl_gm=0|vdroop1=0|batoilo=0|batoilo2=0|batt_vs=30493|mdis_morepower=0|thb_hda=51|cp_on_chip_0=33000|cp_on_chip_1=34000|G3D=36000|cp_on_chip_2=35000|cp_on_chip_3=33000|cp_on_chip_4=33000|rf2_therm=31000|rf1_therm=32000|ISP=35000|TPU=36000|AUR=36000|rfpa_therm=31705|quiet_therm=32284|charging_therm=34020|,ok,1,batched,untouched,4096,1024,6,1,13387,0,2849,0,4,4,ok
1,6,nvhe,4,1945000,357000,38000,39000,BIG=36000|MID=38000|usb_pwr_therm=30303|btmspkr_therm=30214|disp_therm=30192|north_therm=30904|soc_therm=33842|battery=30500|battery_cycle=5|dc-mains=34500|usbc-therm-adc=345|max77779fg=30500|LITTLE=37000|soc=16|smpl_gm=0|vdroop1=0|batoilo=0|batoilo2=0|batt_vs=30493|mdis_morepower=0|thb_hda=51|cp_on_chip_0=33000|cp_on_chip_1=34000|G3D=36000|cp_on_chip_2=35000|cp_on_chip_3=33000|cp_on_chip_4=33000|rf2_therm=31000|rf1_therm=32000|ISP=35000|TPU=36000|AUR=36000|rfpa_therm=31705|quiet_therm=32284|charging_therm=34020|,BIG=37000|MID=37000|usb_pwr_therm=30303|btmspkr_therm=30214|disp_therm=30192|north_therm=30904|soc_therm=33842|battery=30500|battery_cycle=5|dc-mains=34500|usbc-therm-adc=345|max77779fg=30500|LITTLE=37000|soc=16|smpl_gm=0|vdroop1=0|batoilo=0|batoilo2=0|batt_vs=30493|mdis_morepower=0|thb_hda=51|cp_on_chip_0=33000|cp_on_chip_1=34000|G3D=36000|cp_on_chip_2=35000|cp_on_chip_3=33000|cp_on_chip_4=33000|rf2_therm=31000|rf1_therm=32000|ISP=35000|TPU=36000|AUR=36000|rfpa_therm=31705|quiet_therm=32284|charging_therm=34020|,ok,1,batched,untouched,4096,1024,7,1,14323,0,3133,0,4,4,ok
1,6,nvhe,4,1945000,357000,38000,39000,BIG=36000|MID=38000|usb_pwr_therm=30303|btmspkr_therm=30214|disp_therm=30192|north_therm=30904|soc_therm=33842|battery=30500|battery_cycle=5|dc-mains=34500|usbc-therm-adc=345|max77779fg=30500|LITTLE=37000|soc=16|smpl_gm=0|vdroop1=0|batoilo=0|batoilo2=0|batt_vs=30493|mdis_morepower=0|thb_hda=51|cp_on_chip_0=33000|cp_on_chip_1=34000|G3D=36000|cp_on_chip_2=35000|cp_on_chip_3=33000|cp_on_chip_4=33000|rf2_therm=31000|rf1_therm=32000|ISP=35000|TPU=36000|AUR=36000|rfpa_therm=31705|quiet_therm=32284|charging_therm=34020|,BIG=37000|MID=37000|usb_pwr_therm=30303|btmspkr_therm=30214|disp_therm=30192|north_therm=30904|soc_therm=33842|battery=30500|battery_cycle=5|dc-mains=34500|usbc-therm-adc=345|max77779fg=30500|LITTLE=37000|soc=16|smpl_gm=0|vdroop1=0|batoilo=0|batoilo2=0|batt_vs=30493|mdis_morepower=0|thb_hda=51|cp_on_chip_0=33000|cp_on_chip_1=34000|G3D=36000|cp_on_chip_2=35000|cp_on_chip_3=33000|cp_on_chip_4=33000|rf2_therm=31000|rf1_therm=32000|ISP=35000|TPU=36000|AUR=36000|rfpa_therm=31705|quiet_therm=32284|charging_therm=34020|,ok,1,batched,untouched,4096,1024,8,1,14933,0,3296,0,4,4,ok
1,6,nvhe,4,1945000,357000,38000,39000,BIG=36000|MID=38000|usb_pwr_therm=30303|btmspkr_therm=30214|disp_therm=30192|north_therm=30904|soc_therm=33842|battery=30500|battery_cycle=5|dc-mains=34500|usbc-therm-adc=345|max77779fg=30500|LITTLE=37000|soc=16|smpl_gm=0|vdroop1=0|batoilo=0|batoilo2=0|batt_vs=30493|mdis_morepower=0|thb_hda=51|cp_on_chip_0=33000|cp_on_chip_1=34000|G3D=36000|cp_on_chip_2=35000|cp_on_chip_3=33000|cp_on_chip_4=33000|rf2_therm=31000|rf1_therm=32000|ISP=35000|TPU=36000|AUR=36000|rfpa_therm=31705|quiet_therm=32284|charging_therm=34020|,BIG=37000|MID=37000|usb_pwr_therm=30303|btmspkr_therm=30214|disp_therm=30192|north_therm=30904|soc_therm=33842|battery=30500|battery_cycle=5|dc-mains=34500|usbc-therm-adc=345|max77779fg=30500|LITTLE=37000|soc=16|smpl_gm=0|vdroop1=0|batoilo=0|batoilo2=0|batt_vs=30493|mdis_morepower=0|thb_hda=51|cp_on_chip_0=33000|cp_on_chip_1=34000|G3D=36000|cp_on_chip_2=35000|cp_on_chip_3=33000|cp_on_chip_4=33000|rf2_therm=31000|rf1_therm=32000|ISP=35000|TPU=36000|AUR=36000|rfpa_therm=31705|quiet_therm=32284|charging_therm=34020|,ok,1,batched,untouched,4096,1024,9,1,13793,0,3214,0,4,4,ok
1,6,nvhe,4,1945000,357000,38000,39000,BIG=36000|MID=38000|usb_pwr_therm=30303|btmspkr_therm=30214|disp_therm=30192|north_therm=30904|soc_therm=33842|battery=30500|battery_cycle=5|dc-mains=34500|usbc-therm-adc=345|max77779fg=30500|LITTLE=37000|soc=16|smpl_gm=0|vdroop1=0|batoilo=0|batoilo2=0|batt_vs=30493|mdis_morepower=0|thb_hda=51|cp_on_chip_0=33000|cp_on_chip_1=34000|G3D=36000|cp_on_chip_2=35000|cp_on_chip_3=33000|cp_on_chip_4=33000|rf2_therm=31000|rf1_therm=32000|ISP=35000|TPU=36000|AUR=36000|rfpa_therm=31705|quiet_therm=32284|charging_therm=34020|,BIG=37000|MID=37000|usb_pwr_therm=30303|btmspkr_therm=30214|disp_therm=30192|north_therm=30904|soc_therm=33842|battery=30500|battery_cycle=5|dc-mains=34500|usbc-therm-adc=345|max77779fg=30500|LITTLE=37000|soc=16|smpl_gm=0|vdroop1=0|batoilo=0|batoilo2=0|batt_vs=30493|mdis_morepower=0|thb_hda=51|cp_on_chip_0=33000|cp_on_chip_1=34000|G3D=36000|cp_on_chip_2=35000|cp_on_chip_3=33000|cp_on_chip_4=33000|rf2_therm=31000|rf1_therm=32000|ISP=35000|TPU=36000|AUR=36000|rfpa_therm=31705|quiet_therm=32284|charging_therm=34020|,ok,1,batched,untouched,4096,1024,10,1,13143,0,3255,0,4,4,ok
1,6,nvhe,4,1945000,357000,38000,39000,BIG=36000|MID=38000|usb_pwr_therm=30303|btmspkr_therm=30214|disp_therm=30192|north_therm=30904|soc_therm=33842|battery=30500|battery_cycle=5|dc-mains=34500|usbc-therm-adc=345|max77779fg=30500|LITTLE=37000|soc=16|smpl_gm=0|vdroop1=0|batoilo=0|batoilo2=0|batt_vs=30493|mdis_morepower=0|thb_hda=51|cp_on_chip_0=33000|cp_on_chip_1=34000|G3D=36000|cp_on_chip_2=35000|cp_on_chip_3=33000|cp_on_chip_4=33000|rf2_therm=31000|rf1_therm=32000|ISP=35000|TPU=36000|AUR=36000|rfpa_therm=31705|quiet_therm=32284|charging_therm=34020|,BIG=37000|MID=37000|usb_pwr_therm=30303|btmspkr_therm=30214|disp_therm=30192|north_therm=30904|soc_therm=33842|battery=30500|battery_cycle=5|dc-mains=34500|usbc-therm-adc=345|max77779fg=30500|LITTLE=37000|soc=16|smpl_gm=0|vdroop1=0|batoilo=0|batoilo2=0|batt_vs=30493|mdis_morepower=0|thb_hda=51|cp_on_chip_0=33000|cp_on_chip_1=34000|G3D=36000|cp_on_chip_2=35000|cp_on_chip_3=33000|cp_on_chip_4=33000|rf2_therm=31000|rf1_therm=32000|ISP=35000|TPU=36000|AUR=36000|rfpa_therm=31705|quiet_therm=32284|charging_therm=34020|,ok,1,batched,untouched,4096,1024,11,1,15015,0,3500,0,4,4,ok
1,6,nvhe,4,1945000,357000,38000,39000,BIG=36000|MID=38000|usb_pwr_therm=30303|btmspkr_therm=30214|disp_therm=30192|north_therm=30904|soc_therm=33842|battery=30500|battery_cycle=5|dc-mains=34500|usbc-therm-adc=345|max77779fg=30500|LITTLE=37000|soc=16|smpl_gm=0|vdroop1=0|batoilo=0|batoilo2=0|batt_vs=30493|mdis_morepower=0|thb_hda=51|cp_on_chip_0=33000|cp_on_chip_1=34000|G3D=36000|cp_on_chip_2=35000|cp_on_chip_3=33000|cp_on_chip_4=33000|rf2_therm=31000|rf1_therm=32000|ISP=35000|TPU=36000|AUR=36000|rfpa_therm=31705|quiet_therm=32284|charging_therm=34020|,BIG=37000|MID=37000|usb_pwr_therm=30303|btmspkr_therm=30214|disp_therm=30192|north_therm=30904|soc_therm=33842|battery=30500|battery_cycle=5|dc-mains=34500|usbc-therm-adc=345|max77779fg=30500|LITTLE=37000|soc=16|smpl_gm=0|vdroop1=0|batoilo=0|batoilo2=0|batt_vs=30493|mdis_morepower=0|thb_hda=51|cp_on_chip_0=33000|cp_on_chip_1=34000|G3D=36000|cp_on_chip_2=35000|cp_on_chip_3=33000|cp_on_chip_4=33000|rf2_therm=31000|rf1_therm=32000|ISP=35000|TPU=36000|AUR=36000|rfpa_therm=31705|quiet_therm=32284|charging_therm=34020|,ok,1,batched,untouched,4096,1024,12,1,14526,0,3418,0,4,4,ok
1,6,nvhe,4,1945000,357000,38000,39000,BIG=36000|MID=38000|usb_pwr_therm=30303|btmspkr_therm=30214|disp_therm=30192|north_therm=30904|soc_therm=33842|battery=30500|battery_cycle=5|dc-mains=34500|usbc-therm-adc=345|max77779fg=30500|LITTLE=37000|soc=16|smpl_gm=0|vdroop1=0|batoilo=0|batoilo2=0|batt_vs=30493|mdis_morepower=0|thb_hda=51|cp_on_chip_0=33000|cp_on_chip_1=34000|G3D=36000|cp_on_chip_2=35000|cp_on_chip_3=33000|cp_on_chip_4=33000|rf2_therm=31000|rf1_therm=32000|ISP=35000|TPU=36000|AUR=36000|rfpa_therm=31705|quiet_therm=32284|charging_therm=34020|,BIG=37000|MID=37000|usb_pwr_therm=30303|btmspkr_therm=30214|disp_therm=30192|north_therm=30904|soc_therm=33842|battery=30500|battery_cycle=5|dc-mains=34500|usbc-therm-adc=345|max77779fg=30500|LITTLE=37000|soc=16|smpl_gm=0|vdroop1=0|batoilo=0|batoilo2=0|batt_vs=30493|mdis_morepower=0|thb_hda=51|cp_on_chip_0=33000|cp_on_chip_1=34000|G3D=36000|cp_on_chip_2=35000|cp_on_chip_3=33000|cp_on_chip_4=33000|rf2_therm=31000|rf1_therm=32000|ISP=35000|TPU=36000|AUR=36000|rfpa_therm=31705|quiet_therm=32284|charging_therm=34020|,ok,1,batched,untouched,4096,1024,13,1,12207,0,3215,0,4,4,ok
1,6,nvhe,4,1945000,357000,38000,39000,BIG=36000|MID=38000|usb_pwr_therm=30303|btmspkr_therm=30214|disp_therm=30192|north_therm=30904|soc_therm=33842|battery=30500|battery_cycle=5|dc-mains=34500|usbc-therm-adc=345|max77779fg=30500|LITTLE=37000|soc=16|smpl_gm=0|vdroop1=0|batoilo=0|batoilo2=0|batt_vs=30493|mdis_morepower=0|thb_hda=51|cp_on_chip_0=33000|cp_on_chip_1=34000|G3D=36000|cp_on_chip_2=35000|cp_on_chip_3=33000|cp_on_chip_4=33000|rf2_therm=31000|rf1_therm=32000|ISP=35000|TPU=36000|AUR=36000|rfpa_therm=31705|quiet_therm=32284|charging_therm=34020|,BIG=37000|MID=37000|usb_pwr_therm=30303|btmspkr_therm=30214|disp_therm=30192|north_therm=30904|soc_therm=33842|battery=30500|battery_cycle=5|dc-mains=34500|usbc-therm-adc=345|max77779fg=30500|LITTLE=37000|soc=16|smpl_gm=0|vdroop1=0|batoilo=0|batoilo2=0|batt_vs=30493|mdis_morepower=0|thb_hda=51|cp_on_chip_0=33000|cp_on_chip_1=34000|G3D=36000|cp_on_chip_2=35000|cp_on_chip_3=33000|cp_on_chip_4=33000|rf2_therm=31000|rf1_therm=32000|ISP=35000|TPU=36000|AUR=36000|rfpa_therm=31705|quiet_therm=32284|charging_therm=34020|,ok,1,batched,untouched,4096,1024,14,1,14079,0,3255,0,4,4,ok
1,6,nvhe,4,1945000,357000,38000,39000,BIG=36000|MID=38000|usb_pwr_therm=30303|btmspkr_therm=30214|disp_therm=30192|north_therm=30904|soc_therm=33842|battery=30500|battery_cycle=5|dc-mains=34500|usbc-therm-adc=345|max77779fg=30500|LITTLE=37000|soc=16|smpl_gm=0|vdroop1=0|batoilo=0|batoilo2=0|batt_vs=30493|mdis_morepower=0|thb_hda=51|cp_on_chip_0=33000|cp_on_chip_1=34000|G3D=36000|cp_on_chip_2=35000|cp_on_chip_3=33000|cp_on_chip_4=33000|rf2_therm=31000|rf1_therm=32000|ISP=35000|TPU=36000|AUR=36000|rfpa_therm=31705|quiet_therm=32284|charging_therm=34020|,BIG=37000|MID=37000|usb_pwr_therm=30303|btmspkr_therm=30214|disp_therm=30192|north_therm=30904|soc_therm=33842|battery=30500|battery_cycle=5|dc-mains=34500|usbc-therm-adc=345|max77779fg=30500|LITTLE=37000|soc=16|smpl_gm=0|vdroop1=0|batoilo=0|batoilo2=0|batt_vs=30493|mdis_morepower=0|thb_hda=51|cp_on_chip_0=33000|cp_on_chip_1=34000|G3D=36000|cp_on_chip_2=35000|cp_on_chip_3=33000|cp_on_chip_4=33000|rf2_therm=31000|rf1_therm=32000|ISP=35000|TPU=36000|AUR=36000|rfpa_therm=31705|quiet_therm=32284|charging_therm=34020|,ok,1,batched,untouched,4096,1024,15,1,14078,0,3214,0,4,4,ok
1,6,nvhe,4,1945000,357000,38000,39000,BIG=36000|MID=38000|usb_pwr_therm=30303|btmspkr_therm=30214|disp_therm=30192|north_therm=30904|soc_therm=33842|battery=30500|battery_cycle=5|dc-mains=34500|usbc-therm-adc=345|max77779fg=30500|LITTLE=37000|soc=16|smpl_gm=0|vdroop1=0|batoilo=0|batoilo2=0|batt_vs=30493|mdis_morepower=0|thb_hda=51|cp_on_chip_0=33000|cp_on_chip_1=34000|G3D=36000|cp_on_chip_2=35000|cp_on_chip_3=33000|cp_on_chip_4=33000|rf2_therm=31000|rf1_therm=32000|ISP=35000|TPU=36000|AUR=36000|rfpa_therm=31705|quiet_therm=32284|charging_therm=34020|,BIG=37000|MID=37000|usb_pwr_therm=30303|btmspkr_therm=30214|disp_therm=30192|north_therm=30904|soc_therm=33842|battery=30500|battery_cycle=5|dc-mains=34500|usbc-therm-adc=345|max77779fg=30500|LITTLE=37000|soc=16|smpl_gm=0|vdroop1=0|batoilo=0|batoilo2=0|batt_vs=30493|mdis_morepower=0|thb_hda=51|cp_on_chip_0=33000|cp_on_chip_1=34000|G3D=36000|cp_on_chip_2=35000|cp_on_chip_3=33000|cp_on_chip_4=33000|rf2_therm=31000|rf1_therm=32000|ISP=35000|TPU=36000|AUR=36000|rfpa_therm=31705|quiet_therm=32284|charging_therm=34020|,ok,1,batched,untouched,4096,1024,16,1,15544,0,3295,0,4,4,ok
1,6,nvhe,4,1945000,357000,38000,39000,BIG=36000|MID=38000|usb_pwr_therm=30303|btmspkr_therm=30214|disp_therm=30192|north_therm=30904|soc_therm=33842|battery=30500|battery_cycle=5|dc-mains=34500|usbc-therm-adc=345|max77779fg=30500|LITTLE=37000|soc=16|smpl_gm=0|vdroop1=0|batoilo=0|batoilo2=0|batt_vs=30493|mdis_morepower=0|thb_hda=51|cp_on_chip_0=33000|cp_on_chip_1=34000|G3D=36000|cp_on_chip_2=35000|cp_on_chip_3=33000|cp_on_chip_4=33000|rf2_therm=31000|rf1_therm=32000|ISP=35000|TPU=36000|AUR=36000|rfpa_therm=31705|quiet_therm=32284|charging_therm=34020|,BIG=37000|MID=37000|usb_pwr_therm=30303|btmspkr_therm=30214|disp_therm=30192|north_therm=30904|soc_therm=33842|battery=30500|battery_cycle=5|dc-mains=34500|usbc-therm-adc=345|max77779fg=30500|LITTLE=37000|soc=16|smpl_gm=0|vdroop1=0|batoilo=0|batoilo2=0|batt_vs=30493|mdis_morepower=0|thb_hda=51|cp_on_chip_0=33000|cp_on_chip_1=34000|G3D=36000|cp_on_chip_2=35000|cp_on_chip_3=33000|cp_on_chip_4=33000|rf2_therm=31000|rf1_therm=32000|ISP=35000|TPU=36000|AUR=36000|rfpa_therm=31705|quiet_therm=32284|charging_therm=34020|,ok,1,batched,untouched,4096,1024,17,1,14811,0,3173,0,4,4,ok
1,6,nvhe,4,1945000,357000,38000,39000,BIG=36000|MID=38000|usb_pwr_therm=30303|btmspkr_therm=30214|disp_therm=30192|north_therm=30904|soc_therm=33842|battery=30500|battery_cycle=5|dc-mains=34500|usbc-therm-adc=345|max77779fg=30500|LITTLE=37000|soc=16|smpl_gm=0|vdroop1=0|batoilo=0|batoilo2=0|batt_vs=30493|mdis_morepower=0|thb_hda=51|cp_on_chip_0=33000|cp_on_chip_1=34000|G3D=36000|cp_on_chip_2=35000|cp_on_chip_3=33000|cp_on_chip_4=33000|rf2_therm=31000|rf1_therm=32000|ISP=35000|TPU=36000|AUR=36000|rfpa_therm=31705|quiet_therm=32284|charging_therm=34020|,BIG=37000|MID=37000|usb_pwr_therm=30303|btmspkr_therm=30214|disp_therm=30192|north_therm=30904|soc_therm=33842|battery=30500|battery_cycle=5|dc-mains=34500|usbc-therm-adc=345|max77779fg=30500|LITTLE=37000|soc=16|smpl_gm=0|vdroop1=0|batoilo=0|batoilo2=0|batt_vs=30493|mdis_morepower=0|thb_hda=51|cp_on_chip_0=33000|cp_on_chip_1=34000|G3D=36000|cp_on_chip_2=35000|cp_on_chip_3=33000|cp_on_chip_4=33000|rf2_therm=31000|rf1_therm=32000|ISP=35000|TPU=36000|AUR=36000|rfpa_therm=31705|quiet_therm=32284|charging_therm=34020|,ok,1,batched,untouched,4096,1024,18,1,13428,0,3215,0,4,4,ok
1,6,nvhe,4,1945000,357000,38000,39000,BIG=36000|MID=38000|usb_pwr_therm=30303|btmspkr_therm=30214|disp_therm=30192|north_therm=30904|soc_therm=33842|battery=30500|battery_cycle=5|dc-mains=34500|usbc-therm-adc=345|max77779fg=30500|LITTLE=37000|soc=16|smpl_gm=0|vdroop1=0|batoilo=0|batoilo2=0|batt_vs=30493|mdis_morepower=0|thb_hda=51|cp_on_chip_0=33000|cp_on_chip_1=34000|G3D=36000|cp_on_chip_2=35000|cp_on_chip_3=33000|cp_on_chip_4=33000|rf2_therm=31000|rf1_therm=32000|ISP=35000|TPU=36000|AUR=36000|rfpa_therm=31705|quiet_therm=32284|charging_therm=34020|,BIG=37000|MID=37000|usb_pwr_therm=30303|btmspkr_therm=30214|disp_therm=30192|north_therm=30904|soc_therm=33842|battery=30500|battery_cycle=5|dc-mains=34500|usbc-therm-adc=345|max77779fg=30500|LITTLE=37000|soc=16|smpl_gm=0|vdroop1=0|batoilo=0|batoilo2=0|batt_vs=30493|mdis_morepower=0|thb_hda=51|cp_on_chip_0=33000|cp_on_chip_1=34000|G3D=36000|cp_on_chip_2=35000|cp_on_chip_3=33000|cp_on_chip_4=33000|rf2_therm=31000|rf1_therm=32000|ISP=35000|TPU=36000|AUR=36000|rfpa_therm=31705|quiet_therm=32284|charging_therm=34020|,ok,1,batched,untouched,4096,1024,19,1,14526,0,3255,0,4,4,ok
1,6,nvhe,4,1945000,357000,38000,39000,BIG=36000|MID=38000|usb_pwr_therm=30303|btmspkr_therm=30214|disp_therm=30192|north_therm=30904|soc_therm=33842|battery=30500|battery_cycle=5|dc-mains=34500|usbc-therm-adc=345|max77779fg=30500|LITTLE=37000|soc=16|smpl_gm=0|vdroop1=0|batoilo=0|batoilo2=0|batt_vs=30493|mdis_morepower=0|thb_hda=51|cp_on_chip_0=33000|cp_on_chip_1=34000|G3D=36000|cp_on_chip_2=35000|cp_on_chip_3=33000|cp_on_chip_4=33000|rf2_therm=31000|rf1_therm=32000|ISP=35000|TPU=36000|AUR=36000|rfpa_therm=31705|quiet_therm=32284|charging_therm=34020|,BIG=37000|MID=37000|usb_pwr_therm=30303|btmspkr_therm=30214|disp_therm=30192|north_therm=30904|soc_therm=33842|battery=30500|battery_cycle=5|dc-mains=34500|usbc-therm-adc=345|max77779fg=30500|LITTLE=37000|soc=16|smpl_gm=0|vdroop1=0|batoilo=0|batoilo2=0|batt_vs=30493|mdis_morepower=0|thb_hda=51|cp_on_chip_0=33000|cp_on_chip_1=34000|G3D=36000|cp_on_chip_2=35000|cp_on_chip_3=33000|cp_on_chip_4=33000|rf2_therm=31000|rf1_therm=32000|ISP=35000|TPU=36000|AUR=36000|rfpa_therm=31705|quiet_therm=32284|charging_therm=34020|,ok,1,batched,untouched,4096,1024,20,1,17863,0,3174,0,4,4,ok
1,6,nvhe,4,1945000,357000,38000,39000,BIG=36000|MID=38000|usb_pwr_therm=30303|btmspkr_therm=30214|disp_therm=30192|north_therm=30904|soc_therm=33842|battery=30500|battery_cycle=5|dc-mains=34500|usbc-therm-adc=345|max77779fg=30500|LITTLE=37000|soc=16|smpl_gm=0|vdroop1=0|batoilo=0|batoilo2=0|batt_vs=30493|mdis_morepower=0|thb_hda=51|cp_on_chip_0=33000|cp_on_chip_1=34000|G3D=36000|cp_on_chip_2=35000|cp_on_chip_3=33000|cp_on_chip_4=33000|rf2_therm=31000|rf1_therm=32000|ISP=35000|TPU=36000|AUR=36000|rfpa_therm=31705|quiet_therm=32284|charging_therm=34020|,BIG=37000|MID=37000|usb_pwr_therm=30303|btmspkr_therm=30214|disp_therm=30192|north_therm=30904|soc_therm=33842|battery=30500|battery_cycle=5|dc-mains=34500|usbc-therm-adc=345|max77779fg=30500|LITTLE=37000|soc=16|smpl_gm=0|vdroop1=0|batoilo=0|batoilo2=0|batt_vs=30493|mdis_morepower=0|thb_hda=51|cp_on_chip_0=33000|cp_on_chip_1=34000|G3D=36000|cp_on_chip_2=35000|cp_on_chip_3=33000|cp_on_chip_4=33000|rf2_therm=31000|rf1_therm=32000|ISP=35000|TPU=36000|AUR=36000|rfpa_therm=31705|quiet_therm=32284|charging_therm=34020|,ok,1,batched,untouched,4096,1024,21,1,17496,0,3134,0,4,4,ok
1,6,nvhe,4,1945000,357000,38000,39000,BIG=36000|MID=38000|usb_pwr_therm=30303|btmspkr_therm=30214|disp_therm=30192|north_therm=30904|soc_therm=33842|battery=30500|battery_cycle=5|dc-mains=34500|usbc-therm-adc=345|max77779fg=30500|LITTLE=37000|soc=16|smpl_gm=0|vdroop1=0|batoilo=0|batoilo2=0|batt_vs=30493|mdis_morepower=0|thb_hda=51|cp_on_chip_0=33000|cp_on_chip_1=34000|G3D=36000|cp_on_chip_2=35000|cp_on_chip_3=33000|cp_on_chip_4=33000|rf2_therm=31000|rf1_therm=32000|ISP=35000|TPU=36000|AUR=36000|rfpa_therm=31705|quiet_therm=32284|charging_therm=34020|,BIG=37000|MID=37000|usb_pwr_therm=30303|btmspkr_therm=30214|disp_therm=30192|north_therm=30904|soc_therm=33842|battery=30500|battery_cycle=5|dc-mains=34500|usbc-therm-adc=345|max77779fg=30500|LITTLE=37000|soc=16|smpl_gm=0|vdroop1=0|batoilo=0|batoilo2=0|batt_vs=30493|mdis_morepower=0|thb_hda=51|cp_on_chip_0=33000|cp_on_chip_1=34000|G3D=36000|cp_on_chip_2=35000|cp_on_chip_3=33000|cp_on_chip_4=33000|rf2_therm=31000|rf1_therm=32000|ISP=35000|TPU=36000|AUR=36000|rfpa_therm=31705|quiet_therm=32284|charging_therm=34020|,ok,1,batched,untouched,4096,1024,22,1,17497,0,3173,0,4,4,ok
1,6,nvhe,4,1945000,357000,38000,39000,BIG=36000|MID=38000|usb_pwr_therm=30303|btmspkr_therm=30214|disp_therm=30192|north_therm=30904|soc_therm=33842|battery=30500|battery_cycle=5|dc-mains=34500|usbc-therm-adc=345|max77779fg=30500|LITTLE=37000|soc=16|smpl_gm=0|vdroop1=0|batoilo=0|batoilo2=0|batt_vs=30493|mdis_morepower=0|thb_hda=51|cp_on_chip_0=33000|cp_on_chip_1=34000|G3D=36000|cp_on_chip_2=35000|cp_on_chip_3=33000|cp_on_chip_4=33000|rf2_therm=31000|rf1_therm=32000|ISP=35000|TPU=36000|AUR=36000|rfpa_therm=31705|quiet_therm=32284|charging_therm=34020|,BIG=37000|MID=37000|usb_pwr_therm=30303|btmspkr_therm=30214|disp_therm=30192|north_therm=30904|soc_therm=33842|battery=30500|battery_cycle=5|dc-mains=34500|usbc-therm-adc=345|max77779fg=30500|LITTLE=37000|soc=16|smpl_gm=0|vdroop1=0|batoilo=0|batoilo2=0|batt_vs=30493|mdis_morepower=0|thb_hda=51|cp_on_chip_0=33000|cp_on_chip_1=34000|G3D=36000|cp_on_chip_2=35000|cp_on_chip_3=33000|cp_on_chip_4=33000|rf2_therm=31000|rf1_therm=32000|ISP=35000|TPU=36000|AUR=36000|rfpa_therm=31705|quiet_therm=32284|charging_therm=34020|,ok,1,batched,untouched,4096,1024,23,1,25146,0,3215,0,4,4,ok
1,6,nvhe,4,1945000,357000,38000,39000,BIG=36000|MID=38000|usb_pwr_therm=30303|btmspkr_therm=30214|disp_therm=30192|north_therm=30904|soc_therm=33842|battery=30500|battery_cycle=5|dc-mains=34500|usbc-therm-adc=345|max77779fg=30500|LITTLE=37000|soc=16|smpl_gm=0|vdroop1=0|batoilo=0|batoilo2=0|batt_vs=30493|mdis_morepower=0|thb_hda=51|cp_on_chip_0=33000|cp_on_chip_1=34000|G3D=36000|cp_on_chip_2=35000|cp_on_chip_3=33000|cp_on_chip_4=33000|rf2_therm=31000|rf1_therm=32000|ISP=35000|TPU=36000|AUR=36000|rfpa_therm=31705|quiet_therm=32284|charging_therm=34020|,BIG=37000|MID=37000|usb_pwr_therm=30303|btmspkr_therm=30214|disp_therm=30192|north_therm=30904|soc_therm=33842|battery=30500|battery_cycle=5|dc-mains=34500|usbc-therm-adc=345|max77779fg=30500|LITTLE=37000|soc=16|smpl_gm=0|vdroop1=0|batoilo=0|batoilo2=0|batt_vs=30493|mdis_morepower=0|thb_hda=51|cp_on_chip_0=33000|cp_on_chip_1=34000|G3D=36000|cp_on_chip_2=35000|cp_on_chip_3=33000|cp_on_chip_4=33000|rf2_therm=31000|rf1_therm=32000|ISP=35000|TPU=36000|AUR=36000|rfpa_therm=31705|quiet_therm=32284|charging_therm=34020|,ok,1,batched,untouched,4096,1024,24,1,17334,0,3214,0,4,4,ok
1,6,nvhe,4,1945000,357000,38000,39000,BIG=36000|MID=38000|usb_pwr_therm=30303|btmspkr_therm=30214|disp_therm=30192|north_therm=30904|soc_therm=33842|battery=30500|battery_cycle=5|dc-mains=34500|usbc-therm-adc=345|max77779fg=30500|LITTLE=37000|soc=16|smpl_gm=0|vdroop1=0|batoilo=0|batoilo2=0|batt_vs=30493|mdis_morepower=0|thb_hda=51|cp_on_chip_0=33000|cp_on_chip_1=34000|G3D=36000|cp_on_chip_2=35000|cp_on_chip_3=33000|cp_on_chip_4=33000|rf2_therm=31000|rf1_therm=32000|ISP=35000|TPU=36000|AUR=36000|rfpa_therm=31705|quiet_therm=32284|charging_therm=34020|,BIG=37000|MID=37000|usb_pwr_therm=30303|btmspkr_therm=30214|disp_therm=30192|north_therm=30904|soc_therm=33842|battery=30500|battery_cycle=5|dc-mains=34500|usbc-therm-adc=345|max77779fg=30500|LITTLE=37000|soc=16|smpl_gm=0|vdroop1=0|batoilo=0|batoilo2=0|batt_vs=30493|mdis_morepower=0|thb_hda=51|cp_on_chip_0=33000|cp_on_chip_1=34000|G3D=36000|cp_on_chip_2=35000|cp_on_chip_3=33000|cp_on_chip_4=33000|rf2_therm=31000|rf1_therm=32000|ISP=35000|TPU=36000|AUR=36000|rfpa_therm=31705|quiet_therm=32284|charging_therm=34020|,ok,1,batched,untouched,4096,1024,25,1,20548,0,3133,0,4,4,ok
1,6,nvhe,4,1945000,357000,38000,39000,BIG=36000|MID=38000|usb_pwr_therm=30303|btmspkr_therm=30214|disp_therm=30192|north_therm=30904|soc_therm=33842|battery=30500|battery_cycle=5|dc-mains=34500|usbc-therm-adc=345|max77779fg=30500|LITTLE=37000|soc=16|smpl_gm=0|vdroop1=0|batoilo=0|batoilo2=0|batt_vs=30493|mdis_morepower=0|thb_hda=51|cp_on_chip_0=33000|cp_on_chip_1=34000|G3D=36000|cp_on_chip_2=35000|cp_on_chip_3=33000|cp_on_chip_4=33000|rf2_therm=31000|rf1_therm=32000|ISP=35000|TPU=36000|AUR=36000|rfpa_therm=31705|quiet_therm=32284|charging_therm=34020|,BIG=37000|MID=37000|usb_pwr_therm=30303|btmspkr_therm=30214|disp_therm=30192|north_therm=30904|soc_therm=33842|battery=30500|battery_cycle=5|dc-mains=34500|usbc-therm-adc=345|max77779fg=30500|LITTLE=37000|soc=16|smpl_gm=0|vdroop1=0|batoilo=0|batoilo2=0|batt_vs=30493|mdis_morepower=0|thb_hda=51|cp_on_chip_0=33000|cp_on_chip_1=34000|G3D=36000|cp_on_chip_2=35000|cp_on_chip_3=33000|cp_on_chip_4=33000|rf2_therm=31000|rf1_therm=32000|ISP=35000|TPU=36000|AUR=36000|rfpa_therm=31705|quiet_therm=32284|charging_therm=34020|,ok,1,batched,untouched,4096,1024,26,1,12940,0,3215,0,4,4,ok
1,6,nvhe,4,1945000,357000,38000,39000,BIG=36000|MID=38000|usb_pwr_therm=30303|btmspkr_therm=30214|disp_therm=30192|north_therm=30904|soc_therm=33842|battery=30500|battery_cycle=5|dc-mains=34500|usbc-therm-adc=345|max77779fg=30500|LITTLE=37000|soc=16|smpl_gm=0|vdroop1=0|batoilo=0|batoilo2=0|batt_vs=30493|mdis_morepower=0|thb_hda=51|cp_on_chip_0=33000|cp_on_chip_1=34000|G3D=36000|cp_on_chip_2=35000|cp_on_chip_3=33000|cp_on_chip_4=33000|rf2_therm=31000|rf1_therm=32000|ISP=35000|TPU=36000|AUR=36000|rfpa_therm=31705|quiet_therm=32284|charging_therm=34020|,BIG=37000|MID=37000|usb_pwr_therm=30303|btmspkr_therm=30214|disp_therm=30192|north_therm=30904|soc_therm=33842|battery=30500|battery_cycle=5|dc-mains=34500|usbc-therm-adc=345|max77779fg=30500|LITTLE=37000|soc=16|smpl_gm=0|vdroop1=0|batoilo=0|batoilo2=0|batt_vs=30493|mdis_morepower=0|thb_hda=51|cp_on_chip_0=33000|cp_on_chip_1=34000|G3D=36000|cp_on_chip_2=35000|cp_on_chip_3=33000|cp_on_chip_4=33000|rf2_therm=31000|rf1_therm=32000|ISP=35000|TPU=36000|AUR=36000|rfpa_therm=31705|quiet_therm=32284|charging_therm=34020|,ok,1,batched,untouched,4096,1024,27,1,15462,0,3215,0,4,4,ok
1,6,nvhe,4,1945000,357000,38000,39000,BIG=36000|MID=38000|usb_pwr_therm=30303|btmspkr_therm=30214|disp_therm=30192|north_therm=30904|soc_therm=33842|battery=30500|battery_cycle=5|dc-mains=34500|usbc-therm-adc=345|max77779fg=30500|LITTLE=37000|soc=16|smpl_gm=0|vdroop1=0|batoilo=0|batoilo2=0|batt_vs=30493|mdis_morepower=0|thb_hda=51|cp_on_chip_0=33000|cp_on_chip_1=34000|G3D=36000|cp_on_chip_2=35000|cp_on_chip_3=33000|cp_on_chip_4=33000|rf2_therm=31000|rf1_therm=32000|ISP=35000|TPU=36000|AUR=36000|rfpa_therm=31705|quiet_therm=32284|charging_therm=34020|,BIG=37000|MID=37000|usb_pwr_therm=30303|btmspkr_therm=30214|disp_therm=30192|north_therm=30904|soc_therm=33842|battery=30500|battery_cycle=5|dc-mains=34500|usbc-therm-adc=345|max77779fg=30500|LITTLE=37000|soc=16|smpl_gm=0|vdroop1=0|batoilo=0|batoilo2=0|batt_vs=30493|mdis_morepower=0|thb_hda=51|cp_on_chip_0=33000|cp_on_chip_1=34000|G3D=36000|cp_on_chip_2=35000|cp_on_chip_3=33000|cp_on_chip_4=33000|rf2_therm=31000|rf1_therm=32000|ISP=35000|TPU=36000|AUR=36000|rfpa_therm=31705|quiet_therm=32284|charging_therm=34020|,ok,1,batched,untouched,4096,1024,28,1,18758,0,3336,0,4,4,ok
1,6,nvhe,4,1945000,357000,38000,39000,BIG=36000|MID=38000|usb_pwr_therm=30303|btmspkr_therm=30214|disp_therm=30192|north_therm=30904|soc_therm=33842|battery=30500|battery_cycle=5|dc-mains=34500|usbc-therm-adc=345|max77779fg=30500|LITTLE=37000|soc=16|smpl_gm=0|vdroop1=0|batoilo=0|batoilo2=0|batt_vs=30493|mdis_morepower=0|thb_hda=51|cp_on_chip_0=33000|cp_on_chip_1=34000|G3D=36000|cp_on_chip_2=35000|cp_on_chip_3=33000|cp_on_chip_4=33000|rf2_therm=31000|rf1_therm=32000|ISP=35000|TPU=36000|AUR=36000|rfpa_therm=31705|quiet_therm=32284|charging_therm=34020|,BIG=37000|MID=37000|usb_pwr_therm=30303|btmspkr_therm=30214|disp_therm=30192|north_therm=30904|soc_therm=33842|battery=30500|battery_cycle=5|dc-mains=34500|usbc-therm-adc=345|max77779fg=30500|LITTLE=37000|soc=16|smpl_gm=0|vdroop1=0|batoilo=0|batoilo2=0|batt_vs=30493|mdis_morepower=0|thb_hda=51|cp_on_chip_0=33000|cp_on_chip_1=34000|G3D=36000|cp_on_chip_2=35000|cp_on_chip_3=33000|cp_on_chip_4=33000|rf2_therm=31000|rf1_therm=32000|ISP=35000|TPU=36000|AUR=36000|rfpa_therm=31705|quiet_therm=32284|charging_therm=34020|,ok,1,batched,untouched,4096,1024,29,1,14567,0,3418,0,4,4,ok
1,7,nvhe,4,1795000,578000,37000,39000,BIG=37000|MID=37000|usb_pwr_therm=30303|btmspkr_therm=30214|disp_therm=30192|north_therm=30904|soc_therm=33909|battery=30500|battery_cycle=5|dc-mains=34500|usbc-therm-adc=345|max77779fg=30500|LITTLE=36000|soc=16|smpl_gm=0|vdroop1=0|batoilo=0|batoilo2=0|batt_vs=30493|mdis_morepower=0|thb_hda=51|cp_on_chip_0=33000|cp_on_chip_1=34000|G3D=36000|cp_on_chip_2=35000|cp_on_chip_3=33000|cp_on_chip_4=33000|rf2_therm=31000|rf1_therm=32000|ISP=35000|TPU=36000|AUR=36000|rfpa_therm=31728|quiet_therm=32306|charging_therm=34087|,BIG=39000|MID=37000|usb_pwr_therm=30303|btmspkr_therm=30214|disp_therm=30192|north_therm=30904|soc_therm=33909|battery=30600|battery_cycle=5|dc-mains=34500|usbc-therm-adc=345|max77779fg=30600|LITTLE=37000|soc=16|smpl_gm=0|vdroop1=0|batoilo=0|batoilo2=0|batt_vs=30594|mdis_morepower=0|thb_hda=51|cp_on_chip_0=33000|cp_on_chip_1=34000|G3D=36000|cp_on_chip_2=35000|cp_on_chip_3=33000|cp_on_chip_4=33000|rf2_therm=31000|rf1_therm=32000|ISP=35000|TPU=36000|AUR=36000|rfpa_therm=31750|quiet_therm=32351|charging_therm=34154|,ok,1,single,untouched,4096,512,0,512,15991,0,271973,0,4,4,ok
1,7,nvhe,4,1795000,578000,37000,39000,BIG=37000|MID=37000|usb_pwr_therm=30303|btmspkr_therm=30214|disp_therm=30192|north_therm=30904|soc_therm=33909|battery=30500|battery_cycle=5|dc-mains=34500|usbc-therm-adc=345|max77779fg=30500|LITTLE=36000|soc=16|smpl_gm=0|vdroop1=0|batoilo=0|batoilo2=0|batt_vs=30493|mdis_morepower=0|thb_hda=51|cp_on_chip_0=33000|cp_on_chip_1=34000|G3D=36000|cp_on_chip_2=35000|cp_on_chip_3=33000|cp_on_chip_4=33000|rf2_therm=31000|rf1_therm=32000|ISP=35000|TPU=36000|AUR=36000|rfpa_therm=31728|quiet_therm=32306|charging_therm=34087|,BIG=39000|MID=37000|usb_pwr_therm=30303|btmspkr_therm=30214|disp_therm=30192|north_therm=30904|soc_therm=33909|battery=30600|battery_cycle=5|dc-mains=34500|usbc-therm-adc=345|max77779fg=30600|LITTLE=37000|soc=16|smpl_gm=0|vdroop1=0|batoilo=0|batoilo2=0|batt_vs=30594|mdis_morepower=0|thb_hda=51|cp_on_chip_0=33000|cp_on_chip_1=34000|G3D=36000|cp_on_chip_2=35000|cp_on_chip_3=33000|cp_on_chip_4=33000|rf2_therm=31000|rf1_therm=32000|ISP=35000|TPU=36000|AUR=36000|rfpa_therm=31750|quiet_therm=32351|charging_therm=34154|,ok,1,single,untouched,4096,512,1,512,5208,0,268555,0,4,4,ok
1,7,nvhe,4,1795000,578000,37000,39000,BIG=37000|MID=37000|usb_pwr_therm=30303|btmspkr_therm=30214|disp_therm=30192|north_therm=30904|soc_therm=33909|battery=30500|battery_cycle=5|dc-mains=34500|usbc-therm-adc=345|max77779fg=30500|LITTLE=36000|soc=16|smpl_gm=0|vdroop1=0|batoilo=0|batoilo2=0|batt_vs=30493|mdis_morepower=0|thb_hda=51|cp_on_chip_0=33000|cp_on_chip_1=34000|G3D=36000|cp_on_chip_2=35000|cp_on_chip_3=33000|cp_on_chip_4=33000|rf2_therm=31000|rf1_therm=32000|ISP=35000|TPU=36000|AUR=36000|rfpa_therm=31728|quiet_therm=32306|charging_therm=34087|,BIG=39000|MID=37000|usb_pwr_therm=30303|btmspkr_therm=30214|disp_therm=30192|north_therm=30904|soc_therm=33909|battery=30600|battery_cycle=5|dc-mains=34500|usbc-therm-adc=345|max77779fg=30600|LITTLE=37000|soc=16|smpl_gm=0|vdroop1=0|batoilo=0|batoilo2=0|batt_vs=30594|mdis_morepower=0|thb_hda=51|cp_on_chip_0=33000|cp_on_chip_1=34000|G3D=36000|cp_on_chip_2=35000|cp_on_chip_3=33000|cp_on_chip_4=33000|rf2_therm=31000|rf1_therm=32000|ISP=35000|TPU=36000|AUR=36000|rfpa_therm=31750|quiet_therm=32351|charging_therm=34154|,ok,1,single,untouched,4096,512,2,512,3825,0,268636,0,4,4,ok
1,7,nvhe,4,1795000,578000,37000,39000,BIG=37000|MID=37000|usb_pwr_therm=30303|btmspkr_therm=30214|disp_therm=30192|north_therm=30904|soc_therm=33909|battery=30500|battery_cycle=5|dc-mains=34500|usbc-therm-adc=345|max77779fg=30500|LITTLE=36000|soc=16|smpl_gm=0|vdroop1=0|batoilo=0|batoilo2=0|batt_vs=30493|mdis_morepower=0|thb_hda=51|cp_on_chip_0=33000|cp_on_chip_1=34000|G3D=36000|cp_on_chip_2=35000|cp_on_chip_3=33000|cp_on_chip_4=33000|rf2_therm=31000|rf1_therm=32000|ISP=35000|TPU=36000|AUR=36000|rfpa_therm=31728|quiet_therm=32306|charging_therm=34087|,BIG=39000|MID=37000|usb_pwr_therm=30303|btmspkr_therm=30214|disp_therm=30192|north_therm=30904|soc_therm=33909|battery=30600|battery_cycle=5|dc-mains=34500|usbc-therm-adc=345|max77779fg=30600|LITTLE=37000|soc=16|smpl_gm=0|vdroop1=0|batoilo=0|batoilo2=0|batt_vs=30594|mdis_morepower=0|thb_hda=51|cp_on_chip_0=33000|cp_on_chip_1=34000|G3D=36000|cp_on_chip_2=35000|cp_on_chip_3=33000|cp_on_chip_4=33000|rf2_therm=31000|rf1_therm=32000|ISP=35000|TPU=36000|AUR=36000|rfpa_therm=31750|quiet_therm=32351|charging_therm=34154|,ok,1,single,untouched,4096,512,3,512,4598,0,268718,0,4,4,ok
1,7,nvhe,4,1795000,578000,37000,39000,BIG=37000|MID=37000|usb_pwr_therm=30303|btmspkr_therm=30214|disp_therm=30192|north_therm=30904|soc_therm=33909|battery=30500|battery_cycle=5|dc-mains=34500|usbc-therm-adc=345|max77779fg=30500|LITTLE=36000|soc=16|smpl_gm=0|vdroop1=0|batoilo=0|batoilo2=0|batt_vs=30493|mdis_morepower=0|thb_hda=51|cp_on_chip_0=33000|cp_on_chip_1=34000|G3D=36000|cp_on_chip_2=35000|cp_on_chip_3=33000|cp_on_chip_4=33000|rf2_therm=31000|rf1_therm=32000|ISP=35000|TPU=36000|AUR=36000|rfpa_therm=31728|quiet_therm=32306|charging_therm=34087|,BIG=39000|MID=37000|usb_pwr_therm=30303|btmspkr_therm=30214|disp_therm=30192|north_therm=30904|soc_therm=33909|battery=30600|battery_cycle=5|dc-mains=34500|usbc-therm-adc=345|max77779fg=30600|LITTLE=37000|soc=16|smpl_gm=0|vdroop1=0|batoilo=0|batoilo2=0|batt_vs=30594|mdis_morepower=0|thb_hda=51|cp_on_chip_0=33000|cp_on_chip_1=34000|G3D=36000|cp_on_chip_2=35000|cp_on_chip_3=33000|cp_on_chip_4=33000|rf2_therm=31000|rf1_therm=32000|ISP=35000|TPU=36000|AUR=36000|rfpa_therm=31750|quiet_therm=32351|charging_therm=34154|,ok,1,single,untouched,4096,512,4,512,3458,0,276734,0,4,4,ok
1,7,nvhe,4,1795000,578000,37000,39000,BIG=37000|MID=37000|usb_pwr_therm=30303|btmspkr_therm=30214|disp_therm=30192|north_therm=30904|soc_therm=33909|battery=30500|battery_cycle=5|dc-mains=34500|usbc-therm-adc=345|max77779fg=30500|LITTLE=36000|soc=16|smpl_gm=0|vdroop1=0|batoilo=0|batoilo2=0|batt_vs=30493|mdis_morepower=0|thb_hda=51|cp_on_chip_0=33000|cp_on_chip_1=34000|G3D=36000|cp_on_chip_2=35000|cp_on_chip_3=33000|cp_on_chip_4=33000|rf2_therm=31000|rf1_therm=32000|ISP=35000|TPU=36000|AUR=36000|rfpa_therm=31728|quiet_therm=32306|charging_therm=34087|,BIG=39000|MID=37000|usb_pwr_therm=30303|btmspkr_therm=30214|disp_therm=30192|north_therm=30904|soc_therm=33909|battery=30600|battery_cycle=5|dc-mains=34500|usbc-therm-adc=345|max77779fg=30600|LITTLE=37000|soc=16|smpl_gm=0|vdroop1=0|batoilo=0|batoilo2=0|batt_vs=30594|mdis_morepower=0|thb_hda=51|cp_on_chip_0=33000|cp_on_chip_1=34000|G3D=36000|cp_on_chip_2=35000|cp_on_chip_3=33000|cp_on_chip_4=33000|rf2_therm=31000|rf1_therm=32000|ISP=35000|TPU=36000|AUR=36000|rfpa_therm=31750|quiet_therm=32351|charging_therm=34154|,ok,1,single,untouched,4096,512,5,512,3825,0,268840,0,4,4,ok
1,7,nvhe,4,1795000,578000,37000,39000,BIG=37000|MID=37000|usb_pwr_therm=30303|btmspkr_therm=30214|disp_therm=30192|north_therm=30904|soc_therm=33909|battery=30500|battery_cycle=5|dc-mains=34500|usbc-therm-adc=345|max77779fg=30500|LITTLE=36000|soc=16|smpl_gm=0|vdroop1=0|batoilo=0|batoilo2=0|batt_vs=30493|mdis_morepower=0|thb_hda=51|cp_on_chip_0=33000|cp_on_chip_1=34000|G3D=36000|cp_on_chip_2=35000|cp_on_chip_3=33000|cp_on_chip_4=33000|rf2_therm=31000|rf1_therm=32000|ISP=35000|TPU=36000|AUR=36000|rfpa_therm=31728|quiet_therm=32306|charging_therm=34087|,BIG=39000|MID=37000|usb_pwr_therm=30303|btmspkr_therm=30214|disp_therm=30192|north_therm=30904|soc_therm=33909|battery=30600|battery_cycle=5|dc-mains=34500|usbc-therm-adc=345|max77779fg=30600|LITTLE=37000|soc=16|smpl_gm=0|vdroop1=0|batoilo=0|batoilo2=0|batt_vs=30594|mdis_morepower=0|thb_hda=51|cp_on_chip_0=33000|cp_on_chip_1=34000|G3D=36000|cp_on_chip_2=35000|cp_on_chip_3=33000|cp_on_chip_4=33000|rf2_therm=31000|rf1_therm=32000|ISP=35000|TPU=36000|AUR=36000|rfpa_therm=31750|quiet_therm=32351|charging_therm=34154|,ok,1,single,untouched,4096,512,6,512,3500,0,334229,0,4,4,ok
1,7,nvhe,4,1795000,578000,37000,39000,BIG=37000|MID=37000|usb_pwr_therm=30303|btmspkr_therm=30214|disp_therm=30192|north_therm=30904|soc_therm=33909|battery=30500|battery_cycle=5|dc-mains=34500|usbc-therm-adc=345|max77779fg=30500|LITTLE=36000|soc=16|smpl_gm=0|vdroop1=0|batoilo=0|batoilo2=0|batt_vs=30493|mdis_morepower=0|thb_hda=51|cp_on_chip_0=33000|cp_on_chip_1=34000|G3D=36000|cp_on_chip_2=35000|cp_on_chip_3=33000|cp_on_chip_4=33000|rf2_therm=31000|rf1_therm=32000|ISP=35000|TPU=36000|AUR=36000|rfpa_therm=31728|quiet_therm=32306|charging_therm=34087|,BIG=39000|MID=37000|usb_pwr_therm=30303|btmspkr_therm=30214|disp_therm=30192|north_therm=30904|soc_therm=33909|battery=30600|battery_cycle=5|dc-mains=34500|usbc-therm-adc=345|max77779fg=30600|LITTLE=37000|soc=16|smpl_gm=0|vdroop1=0|batoilo=0|batoilo2=0|batt_vs=30594|mdis_morepower=0|thb_hda=51|cp_on_chip_0=33000|cp_on_chip_1=34000|G3D=36000|cp_on_chip_2=35000|cp_on_chip_3=33000|cp_on_chip_4=33000|rf2_therm=31000|rf1_therm=32000|ISP=35000|TPU=36000|AUR=36000|rfpa_therm=31750|quiet_therm=32351|charging_therm=34154|,ok,1,single,untouched,4096,512,7,512,3824,0,268799,0,4,4,ok
1,7,nvhe,4,1795000,578000,37000,39000,BIG=37000|MID=37000|usb_pwr_therm=30303|btmspkr_therm=30214|disp_therm=30192|north_therm=30904|soc_therm=33909|battery=30500|battery_cycle=5|dc-mains=34500|usbc-therm-adc=345|max77779fg=30500|LITTLE=36000|soc=16|smpl_gm=0|vdroop1=0|batoilo=0|batoilo2=0|batt_vs=30493|mdis_morepower=0|thb_hda=51|cp_on_chip_0=33000|cp_on_chip_1=34000|G3D=36000|cp_on_chip_2=35000|cp_on_chip_3=33000|cp_on_chip_4=33000|rf2_therm=31000|rf1_therm=32000|ISP=35000|TPU=36000|AUR=36000|rfpa_therm=31728|quiet_therm=32306|charging_therm=34087|,BIG=39000|MID=37000|usb_pwr_therm=30303|btmspkr_therm=30214|disp_therm=30192|north_therm=30904|soc_therm=33909|battery=30600|battery_cycle=5|dc-mains=34500|usbc-therm-adc=345|max77779fg=30600|LITTLE=37000|soc=16|smpl_gm=0|vdroop1=0|batoilo=0|batoilo2=0|batt_vs=30594|mdis_morepower=0|thb_hda=51|cp_on_chip_0=33000|cp_on_chip_1=34000|G3D=36000|cp_on_chip_2=35000|cp_on_chip_3=33000|cp_on_chip_4=33000|rf2_therm=31000|rf1_therm=32000|ISP=35000|TPU=36000|AUR=36000|rfpa_therm=31750|quiet_therm=32351|charging_therm=34154|,ok,1,single,untouched,4096,512,8,512,3743,0,268880,0,4,4,ok
1,7,nvhe,4,1795000,578000,37000,39000,BIG=37000|MID=37000|usb_pwr_therm=30303|btmspkr_therm=30214|disp_therm=30192|north_therm=30904|soc_therm=33909|battery=30500|battery_cycle=5|dc-mains=34500|usbc-therm-adc=345|max77779fg=30500|LITTLE=36000|soc=16|smpl_gm=0|vdroop1=0|batoilo=0|batoilo2=0|batt_vs=30493|mdis_morepower=0|thb_hda=51|cp_on_chip_0=33000|cp_on_chip_1=34000|G3D=36000|cp_on_chip_2=35000|cp_on_chip_3=33000|cp_on_chip_4=33000|rf2_therm=31000|rf1_therm=32000|ISP=35000|TPU=36000|AUR=36000|rfpa_therm=31728|quiet_therm=32306|charging_therm=34087|,BIG=39000|MID=37000|usb_pwr_therm=30303|btmspkr_therm=30214|disp_therm=30192|north_therm=30904|soc_therm=33909|battery=30600|battery_cycle=5|dc-mains=34500|usbc-therm-adc=345|max77779fg=30600|LITTLE=37000|soc=16|smpl_gm=0|vdroop1=0|batoilo=0|batoilo2=0|batt_vs=30594|mdis_morepower=0|thb_hda=51|cp_on_chip_0=33000|cp_on_chip_1=34000|G3D=36000|cp_on_chip_2=35000|cp_on_chip_3=33000|cp_on_chip_4=33000|rf2_therm=31000|rf1_therm=32000|ISP=35000|TPU=36000|AUR=36000|rfpa_therm=31750|quiet_therm=32351|charging_therm=34154|,ok,1,single,untouched,4096,512,9,512,28565,0,268270,0,4,4,ok
1,7,nvhe,4,1795000,578000,37000,39000,BIG=37000|MID=37000|usb_pwr_therm=30303|btmspkr_therm=30214|disp_therm=30192|north_therm=30904|soc_therm=33909|battery=30500|battery_cycle=5|dc-mains=34500|usbc-therm-adc=345|max77779fg=30500|LITTLE=36000|soc=16|smpl_gm=0|vdroop1=0|batoilo=0|batoilo2=0|batt_vs=30493|mdis_morepower=0|thb_hda=51|cp_on_chip_0=33000|cp_on_chip_1=34000|G3D=36000|cp_on_chip_2=35000|cp_on_chip_3=33000|cp_on_chip_4=33000|rf2_therm=31000|rf1_therm=32000|ISP=35000|TPU=36000|AUR=36000|rfpa_therm=31728|quiet_therm=32306|charging_therm=34087|,BIG=39000|MID=37000|usb_pwr_therm=30303|btmspkr_therm=30214|disp_therm=30192|north_therm=30904|soc_therm=33909|battery=30600|battery_cycle=5|dc-mains=34500|usbc-therm-adc=345|max77779fg=30600|LITTLE=37000|soc=16|smpl_gm=0|vdroop1=0|batoilo=0|batoilo2=0|batt_vs=30594|mdis_morepower=0|thb_hda=51|cp_on_chip_0=33000|cp_on_chip_1=34000|G3D=36000|cp_on_chip_2=35000|cp_on_chip_3=33000|cp_on_chip_4=33000|rf2_therm=31000|rf1_therm=32000|ISP=35000|TPU=36000|AUR=36000|rfpa_therm=31750|quiet_therm=32351|charging_therm=34154|,ok,1,single,untouched,4096,512,10,512,32430,0,268107,0,4,4,ok
1,7,nvhe,4,1795000,578000,37000,39000,BIG=37000|MID=37000|usb_pwr_therm=30303|btmspkr_therm=30214|disp_therm=30192|north_therm=30904|soc_therm=33909|battery=30500|battery_cycle=5|dc-mains=34500|usbc-therm-adc=345|max77779fg=30500|LITTLE=36000|soc=16|smpl_gm=0|vdroop1=0|batoilo=0|batoilo2=0|batt_vs=30493|mdis_morepower=0|thb_hda=51|cp_on_chip_0=33000|cp_on_chip_1=34000|G3D=36000|cp_on_chip_2=35000|cp_on_chip_3=33000|cp_on_chip_4=33000|rf2_therm=31000|rf1_therm=32000|ISP=35000|TPU=36000|AUR=36000|rfpa_therm=31728|quiet_therm=32306|charging_therm=34087|,BIG=39000|MID=37000|usb_pwr_therm=30303|btmspkr_therm=30214|disp_therm=30192|north_therm=30904|soc_therm=33909|battery=30600|battery_cycle=5|dc-mains=34500|usbc-therm-adc=345|max77779fg=30600|LITTLE=37000|soc=16|smpl_gm=0|vdroop1=0|batoilo=0|batoilo2=0|batt_vs=30594|mdis_morepower=0|thb_hda=51|cp_on_chip_0=33000|cp_on_chip_1=34000|G3D=36000|cp_on_chip_2=35000|cp_on_chip_3=33000|cp_on_chip_4=33000|rf2_therm=31000|rf1_therm=32000|ISP=35000|TPU=36000|AUR=36000|rfpa_therm=31750|quiet_therm=32351|charging_therm=34154|,ok,1,single,untouched,4096,512,11,512,31779,0,269124,0,4,4,ok
1,7,nvhe,4,1795000,578000,37000,39000,BIG=37000|MID=37000|usb_pwr_therm=30303|btmspkr_therm=30214|disp_therm=30192|north_therm=30904|soc_therm=33909|battery=30500|battery_cycle=5|dc-mains=34500|usbc-therm-adc=345|max77779fg=30500|LITTLE=36000|soc=16|smpl_gm=0|vdroop1=0|batoilo=0|batoilo2=0|batt_vs=30493|mdis_morepower=0|thb_hda=51|cp_on_chip_0=33000|cp_on_chip_1=34000|G3D=36000|cp_on_chip_2=35000|cp_on_chip_3=33000|cp_on_chip_4=33000|rf2_therm=31000|rf1_therm=32000|ISP=35000|TPU=36000|AUR=36000|rfpa_therm=31728|quiet_therm=32306|charging_therm=34087|,BIG=39000|MID=37000|usb_pwr_therm=30303|btmspkr_therm=30214|disp_therm=30192|north_therm=30904|soc_therm=33909|battery=30600|battery_cycle=5|dc-mains=34500|usbc-therm-adc=345|max77779fg=30600|LITTLE=37000|soc=16|smpl_gm=0|vdroop1=0|batoilo=0|batoilo2=0|batt_vs=30594|mdis_morepower=0|thb_hda=51|cp_on_chip_0=33000|cp_on_chip_1=34000|G3D=36000|cp_on_chip_2=35000|cp_on_chip_3=33000|cp_on_chip_4=33000|rf2_therm=31000|rf1_therm=32000|ISP=35000|TPU=36000|AUR=36000|rfpa_therm=31750|quiet_therm=32351|charging_therm=34154|,ok,1,single,untouched,4096,512,12,512,31982,0,268921,0,4,4,ok
1,7,nvhe,4,1795000,578000,37000,39000,BIG=37000|MID=37000|usb_pwr_therm=30303|btmspkr_therm=30214|disp_therm=30192|north_therm=30904|soc_therm=33909|battery=30500|battery_cycle=5|dc-mains=34500|usbc-therm-adc=345|max77779fg=30500|LITTLE=36000|soc=16|smpl_gm=0|vdroop1=0|batoilo=0|batoilo2=0|batt_vs=30493|mdis_morepower=0|thb_hda=51|cp_on_chip_0=33000|cp_on_chip_1=34000|G3D=36000|cp_on_chip_2=35000|cp_on_chip_3=33000|cp_on_chip_4=33000|rf2_therm=31000|rf1_therm=32000|ISP=35000|TPU=36000|AUR=36000|rfpa_therm=31728|quiet_therm=32306|charging_therm=34087|,BIG=39000|MID=37000|usb_pwr_therm=30303|btmspkr_therm=30214|disp_therm=30192|north_therm=30904|soc_therm=33909|battery=30600|battery_cycle=5|dc-mains=34500|usbc-therm-adc=345|max77779fg=30600|LITTLE=37000|soc=16|smpl_gm=0|vdroop1=0|batoilo=0|batoilo2=0|batt_vs=30594|mdis_morepower=0|thb_hda=51|cp_on_chip_0=33000|cp_on_chip_1=34000|G3D=36000|cp_on_chip_2=35000|cp_on_chip_3=33000|cp_on_chip_4=33000|rf2_therm=31000|rf1_therm=32000|ISP=35000|TPU=36000|AUR=36000|rfpa_therm=31750|quiet_therm=32351|charging_therm=34154|,ok,1,single,untouched,4096,512,13,512,33569,0,268473,0,4,4,ok
1,7,nvhe,4,1795000,578000,37000,39000,BIG=37000|MID=37000|usb_pwr_therm=30303|btmspkr_therm=30214|disp_therm=30192|north_therm=30904|soc_therm=33909|battery=30500|battery_cycle=5|dc-mains=34500|usbc-therm-adc=345|max77779fg=30500|LITTLE=36000|soc=16|smpl_gm=0|vdroop1=0|batoilo=0|batoilo2=0|batt_vs=30493|mdis_morepower=0|thb_hda=51|cp_on_chip_0=33000|cp_on_chip_1=34000|G3D=36000|cp_on_chip_2=35000|cp_on_chip_3=33000|cp_on_chip_4=33000|rf2_therm=31000|rf1_therm=32000|ISP=35000|TPU=36000|AUR=36000|rfpa_therm=31728|quiet_therm=32306|charging_therm=34087|,BIG=39000|MID=37000|usb_pwr_therm=30303|btmspkr_therm=30214|disp_therm=30192|north_therm=30904|soc_therm=33909|battery=30600|battery_cycle=5|dc-mains=34500|usbc-therm-adc=345|max77779fg=30600|LITTLE=37000|soc=16|smpl_gm=0|vdroop1=0|batoilo=0|batoilo2=0|batt_vs=30594|mdis_morepower=0|thb_hda=51|cp_on_chip_0=33000|cp_on_chip_1=34000|G3D=36000|cp_on_chip_2=35000|cp_on_chip_3=33000|cp_on_chip_4=33000|rf2_therm=31000|rf1_therm=32000|ISP=35000|TPU=36000|AUR=36000|rfpa_therm=31750|quiet_therm=32351|charging_therm=34154|,ok,1,single,untouched,4096,512,14,512,31535,0,268637,0,4,4,ok
1,7,nvhe,4,1795000,578000,37000,39000,BIG=37000|MID=37000|usb_pwr_therm=30303|btmspkr_therm=30214|disp_therm=30192|north_therm=30904|soc_therm=33909|battery=30500|battery_cycle=5|dc-mains=34500|usbc-therm-adc=345|max77779fg=30500|LITTLE=36000|soc=16|smpl_gm=0|vdroop1=0|batoilo=0|batoilo2=0|batt_vs=30493|mdis_morepower=0|thb_hda=51|cp_on_chip_0=33000|cp_on_chip_1=34000|G3D=36000|cp_on_chip_2=35000|cp_on_chip_3=33000|cp_on_chip_4=33000|rf2_therm=31000|rf1_therm=32000|ISP=35000|TPU=36000|AUR=36000|rfpa_therm=31728|quiet_therm=32306|charging_therm=34087|,BIG=39000|MID=37000|usb_pwr_therm=30303|btmspkr_therm=30214|disp_therm=30192|north_therm=30904|soc_therm=33909|battery=30600|battery_cycle=5|dc-mains=34500|usbc-therm-adc=345|max77779fg=30600|LITTLE=37000|soc=16|smpl_gm=0|vdroop1=0|batoilo=0|batoilo2=0|batt_vs=30594|mdis_morepower=0|thb_hda=51|cp_on_chip_0=33000|cp_on_chip_1=34000|G3D=36000|cp_on_chip_2=35000|cp_on_chip_3=33000|cp_on_chip_4=33000|rf2_therm=31000|rf1_therm=32000|ISP=35000|TPU=36000|AUR=36000|rfpa_therm=31750|quiet_therm=32351|charging_therm=34154|,ok,1,single,untouched,4096,512,15,512,33651,0,269083,0,4,4,ok
1,7,nvhe,4,1795000,578000,37000,39000,BIG=37000|MID=37000|usb_pwr_therm=30303|btmspkr_therm=30214|disp_therm=30192|north_therm=30904|soc_therm=33909|battery=30500|battery_cycle=5|dc-mains=34500|usbc-therm-adc=345|max77779fg=30500|LITTLE=36000|soc=16|smpl_gm=0|vdroop1=0|batoilo=0|batoilo2=0|batt_vs=30493|mdis_morepower=0|thb_hda=51|cp_on_chip_0=33000|cp_on_chip_1=34000|G3D=36000|cp_on_chip_2=35000|cp_on_chip_3=33000|cp_on_chip_4=33000|rf2_therm=31000|rf1_therm=32000|ISP=35000|TPU=36000|AUR=36000|rfpa_therm=31728|quiet_therm=32306|charging_therm=34087|,BIG=39000|MID=37000|usb_pwr_therm=30303|btmspkr_therm=30214|disp_therm=30192|north_therm=30904|soc_therm=33909|battery=30600|battery_cycle=5|dc-mains=34500|usbc-therm-adc=345|max77779fg=30600|LITTLE=37000|soc=16|smpl_gm=0|vdroop1=0|batoilo=0|batoilo2=0|batt_vs=30594|mdis_morepower=0|thb_hda=51|cp_on_chip_0=33000|cp_on_chip_1=34000|G3D=36000|cp_on_chip_2=35000|cp_on_chip_3=33000|cp_on_chip_4=33000|rf2_therm=31000|rf1_therm=32000|ISP=35000|TPU=36000|AUR=36000|rfpa_therm=31750|quiet_therm=32351|charging_therm=34154|,ok,1,single,untouched,4096,512,16,512,2604,0,268636,0,4,4,ok
1,7,nvhe,4,1795000,578000,37000,39000,BIG=37000|MID=37000|usb_pwr_therm=30303|btmspkr_therm=30214|disp_therm=30192|north_therm=30904|soc_therm=33909|battery=30500|battery_cycle=5|dc-mains=34500|usbc-therm-adc=345|max77779fg=30500|LITTLE=36000|soc=16|smpl_gm=0|vdroop1=0|batoilo=0|batoilo2=0|batt_vs=30493|mdis_morepower=0|thb_hda=51|cp_on_chip_0=33000|cp_on_chip_1=34000|G3D=36000|cp_on_chip_2=35000|cp_on_chip_3=33000|cp_on_chip_4=33000|rf2_therm=31000|rf1_therm=32000|ISP=35000|TPU=36000|AUR=36000|rfpa_therm=31728|quiet_therm=32306|charging_therm=34087|,BIG=39000|MID=37000|usb_pwr_therm=30303|btmspkr_therm=30214|disp_therm=30192|north_therm=30904|soc_therm=33909|battery=30600|battery_cycle=5|dc-mains=34500|usbc-therm-adc=345|max77779fg=30600|LITTLE=37000|soc=16|smpl_gm=0|vdroop1=0|batoilo=0|batoilo2=0|batt_vs=30594|mdis_morepower=0|thb_hda=51|cp_on_chip_0=33000|cp_on_chip_1=34000|G3D=36000|cp_on_chip_2=35000|cp_on_chip_3=33000|cp_on_chip_4=33000|rf2_therm=31000|rf1_therm=32000|ISP=35000|TPU=36000|AUR=36000|rfpa_therm=31750|quiet_therm=32351|charging_therm=34154|,ok,1,single,untouched,4096,512,17,512,32268,0,268840,0,4,4,ok
1,7,nvhe,4,1795000,578000,37000,39000,BIG=37000|MID=37000|usb_pwr_therm=30303|btmspkr_therm=30214|disp_therm=30192|north_therm=30904|soc_therm=33909|battery=30500|battery_cycle=5|dc-mains=34500|usbc-therm-adc=345|max77779fg=30500|LITTLE=36000|soc=16|smpl_gm=0|vdroop1=0|batoilo=0|batoilo2=0|batt_vs=30493|mdis_morepower=0|thb_hda=51|cp_on_chip_0=33000|cp_on_chip_1=34000|G3D=36000|cp_on_chip_2=35000|cp_on_chip_3=33000|cp_on_chip_4=33000|rf2_therm=31000|rf1_therm=32000|ISP=35000|TPU=36000|AUR=36000|rfpa_therm=31728|quiet_therm=32306|charging_therm=34087|,BIG=39000|MID=37000|usb_pwr_therm=30303|btmspkr_therm=30214|disp_therm=30192|north_therm=30904|soc_therm=33909|battery=30600|battery_cycle=5|dc-mains=34500|usbc-therm-adc=345|max77779fg=30600|LITTLE=37000|soc=16|smpl_gm=0|vdroop1=0|batoilo=0|batoilo2=0|batt_vs=30594|mdis_morepower=0|thb_hda=51|cp_on_chip_0=33000|cp_on_chip_1=34000|G3D=36000|cp_on_chip_2=35000|cp_on_chip_3=33000|cp_on_chip_4=33000|rf2_therm=31000|rf1_therm=32000|ISP=35000|TPU=36000|AUR=36000|rfpa_therm=31750|quiet_therm=32351|charging_therm=34154|,ok,1,single,untouched,4096,512,18,512,2563,0,268798,0,4,4,ok
1,7,nvhe,4,1795000,578000,37000,39000,BIG=37000|MID=37000|usb_pwr_therm=30303|btmspkr_therm=30214|disp_therm=30192|north_therm=30904|soc_therm=33909|battery=30500|battery_cycle=5|dc-mains=34500|usbc-therm-adc=345|max77779fg=30500|LITTLE=36000|soc=16|smpl_gm=0|vdroop1=0|batoilo=0|batoilo2=0|batt_vs=30493|mdis_morepower=0|thb_hda=51|cp_on_chip_0=33000|cp_on_chip_1=34000|G3D=36000|cp_on_chip_2=35000|cp_on_chip_3=33000|cp_on_chip_4=33000|rf2_therm=31000|rf1_therm=32000|ISP=35000|TPU=36000|AUR=36000|rfpa_therm=31728|quiet_therm=32306|charging_therm=34087|,BIG=39000|MID=37000|usb_pwr_therm=30303|btmspkr_therm=30214|disp_therm=30192|north_therm=30904|soc_therm=33909|battery=30600|battery_cycle=5|dc-mains=34500|usbc-therm-adc=345|max77779fg=30600|LITTLE=37000|soc=16|smpl_gm=0|vdroop1=0|batoilo=0|batoilo2=0|batt_vs=30594|mdis_morepower=0|thb_hda=51|cp_on_chip_0=33000|cp_on_chip_1=34000|G3D=36000|cp_on_chip_2=35000|cp_on_chip_3=33000|cp_on_chip_4=33000|rf2_therm=31000|rf1_therm=32000|ISP=35000|TPU=36000|AUR=36000|rfpa_therm=31750|quiet_therm=32351|charging_therm=34154|,ok,1,single,untouched,4096,512,19,512,2605,0,268269,0,4,4,ok
1,7,nvhe,4,1795000,578000,37000,39000,BIG=37000|MID=37000|usb_pwr_therm=30303|btmspkr_therm=30214|disp_therm=30192|north_therm=30904|soc_therm=33909|battery=30500|battery_cycle=5|dc-mains=34500|usbc-therm-adc=345|max77779fg=30500|LITTLE=36000|soc=16|smpl_gm=0|vdroop1=0|batoilo=0|batoilo2=0|batt_vs=30493|mdis_morepower=0|thb_hda=51|cp_on_chip_0=33000|cp_on_chip_1=34000|G3D=36000|cp_on_chip_2=35000|cp_on_chip_3=33000|cp_on_chip_4=33000|rf2_therm=31000|rf1_therm=32000|ISP=35000|TPU=36000|AUR=36000|rfpa_therm=31728|quiet_therm=32306|charging_therm=34087|,BIG=39000|MID=37000|usb_pwr_therm=30303|btmspkr_therm=30214|disp_therm=30192|north_therm=30904|soc_therm=33909|battery=30600|battery_cycle=5|dc-mains=34500|usbc-therm-adc=345|max77779fg=30600|LITTLE=37000|soc=16|smpl_gm=0|vdroop1=0|batoilo=0|batoilo2=0|batt_vs=30594|mdis_morepower=0|thb_hda=51|cp_on_chip_0=33000|cp_on_chip_1=34000|G3D=36000|cp_on_chip_2=35000|cp_on_chip_3=33000|cp_on_chip_4=33000|rf2_therm=31000|rf1_therm=32000|ISP=35000|TPU=36000|AUR=36000|rfpa_therm=31750|quiet_therm=32351|charging_therm=34154|,ok,1,single,untouched,4096,512,20,512,31331,0,281617,0,4,4,ok
1,7,nvhe,4,1795000,578000,37000,39000,BIG=37000|MID=37000|usb_pwr_therm=30303|btmspkr_therm=30214|disp_therm=30192|north_therm=30904|soc_therm=33909|battery=30500|battery_cycle=5|dc-mains=34500|usbc-therm-adc=345|max77779fg=30500|LITTLE=36000|soc=16|smpl_gm=0|vdroop1=0|batoilo=0|batoilo2=0|batt_vs=30493|mdis_morepower=0|thb_hda=51|cp_on_chip_0=33000|cp_on_chip_1=34000|G3D=36000|cp_on_chip_2=35000|cp_on_chip_3=33000|cp_on_chip_4=33000|rf2_therm=31000|rf1_therm=32000|ISP=35000|TPU=36000|AUR=36000|rfpa_therm=31728|quiet_therm=32306|charging_therm=34087|,BIG=39000|MID=37000|usb_pwr_therm=30303|btmspkr_therm=30214|disp_therm=30192|north_therm=30904|soc_therm=33909|battery=30600|battery_cycle=5|dc-mains=34500|usbc-therm-adc=345|max77779fg=30600|LITTLE=37000|soc=16|smpl_gm=0|vdroop1=0|batoilo=0|batoilo2=0|batt_vs=30594|mdis_morepower=0|thb_hda=51|cp_on_chip_0=33000|cp_on_chip_1=34000|G3D=36000|cp_on_chip_2=35000|cp_on_chip_3=33000|cp_on_chip_4=33000|rf2_therm=31000|rf1_therm=32000|ISP=35000|TPU=36000|AUR=36000|rfpa_therm=31750|quiet_therm=32351|charging_therm=34154|,ok,1,single,untouched,4096,512,21,512,2889,0,267985,0,4,4,ok
1,7,nvhe,4,1795000,578000,37000,39000,BIG=37000|MID=37000|usb_pwr_therm=30303|btmspkr_therm=30214|disp_therm=30192|north_therm=30904|soc_therm=33909|battery=30500|battery_cycle=5|dc-mains=34500|usbc-therm-adc=345|max77779fg=30500|LITTLE=36000|soc=16|smpl_gm=0|vdroop1=0|batoilo=0|batoilo2=0|batt_vs=30493|mdis_morepower=0|thb_hda=51|cp_on_chip_0=33000|cp_on_chip_1=34000|G3D=36000|cp_on_chip_2=35000|cp_on_chip_3=33000|cp_on_chip_4=33000|rf2_therm=31000|rf1_therm=32000|ISP=35000|TPU=36000|AUR=36000|rfpa_therm=31728|quiet_therm=32306|charging_therm=34087|,BIG=39000|MID=37000|usb_pwr_therm=30303|btmspkr_therm=30214|disp_therm=30192|north_therm=30904|soc_therm=33909|battery=30600|battery_cycle=5|dc-mains=34500|usbc-therm-adc=345|max77779fg=30600|LITTLE=37000|soc=16|smpl_gm=0|vdroop1=0|batoilo=0|batoilo2=0|batt_vs=30594|mdis_morepower=0|thb_hda=51|cp_on_chip_0=33000|cp_on_chip_1=34000|G3D=36000|cp_on_chip_2=35000|cp_on_chip_3=33000|cp_on_chip_4=33000|rf2_therm=31000|rf1_therm=32000|ISP=35000|TPU=36000|AUR=36000|rfpa_therm=31750|quiet_therm=32351|charging_therm=34154|,ok,1,single,untouched,4096,512,22,512,34464,0,268758,0,4,4,ok
1,7,nvhe,4,1795000,578000,37000,39000,BIG=37000|MID=37000|usb_pwr_therm=30303|btmspkr_therm=30214|disp_therm=30192|north_therm=30904|soc_therm=33909|battery=30500|battery_cycle=5|dc-mains=34500|usbc-therm-adc=345|max77779fg=30500|LITTLE=36000|soc=16|smpl_gm=0|vdroop1=0|batoilo=0|batoilo2=0|batt_vs=30493|mdis_morepower=0|thb_hda=51|cp_on_chip_0=33000|cp_on_chip_1=34000|G3D=36000|cp_on_chip_2=35000|cp_on_chip_3=33000|cp_on_chip_4=33000|rf2_therm=31000|rf1_therm=32000|ISP=35000|TPU=36000|AUR=36000|rfpa_therm=31728|quiet_therm=32306|charging_therm=34087|,BIG=39000|MID=37000|usb_pwr_therm=30303|btmspkr_therm=30214|disp_therm=30192|north_therm=30904|soc_therm=33909|battery=30600|battery_cycle=5|dc-mains=34500|usbc-therm-adc=345|max77779fg=30600|LITTLE=37000|soc=16|smpl_gm=0|vdroop1=0|batoilo=0|batoilo2=0|batt_vs=30594|mdis_morepower=0|thb_hda=51|cp_on_chip_0=33000|cp_on_chip_1=34000|G3D=36000|cp_on_chip_2=35000|cp_on_chip_3=33000|cp_on_chip_4=33000|rf2_therm=31000|rf1_therm=32000|ISP=35000|TPU=36000|AUR=36000|rfpa_therm=31750|quiet_therm=32351|charging_therm=34154|,ok,1,single,untouched,4096,512,23,512,3051,0,268799,0,4,4,ok
1,7,nvhe,4,1795000,578000,37000,39000,BIG=37000|MID=37000|usb_pwr_therm=30303|btmspkr_therm=30214|disp_therm=30192|north_therm=30904|soc_therm=33909|battery=30500|battery_cycle=5|dc-mains=34500|usbc-therm-adc=345|max77779fg=30500|LITTLE=36000|soc=16|smpl_gm=0|vdroop1=0|batoilo=0|batoilo2=0|batt_vs=30493|mdis_morepower=0|thb_hda=51|cp_on_chip_0=33000|cp_on_chip_1=34000|G3D=36000|cp_on_chip_2=35000|cp_on_chip_3=33000|cp_on_chip_4=33000|rf2_therm=31000|rf1_therm=32000|ISP=35000|TPU=36000|AUR=36000|rfpa_therm=31728|quiet_therm=32306|charging_therm=34087|,BIG=39000|MID=37000|usb_pwr_therm=30303|btmspkr_therm=30214|disp_therm=30192|north_therm=30904|soc_therm=33909|battery=30600|battery_cycle=5|dc-mains=34500|usbc-therm-adc=345|max77779fg=30600|LITTLE=37000|soc=16|smpl_gm=0|vdroop1=0|batoilo=0|batoilo2=0|batt_vs=30594|mdis_morepower=0|thb_hda=51|cp_on_chip_0=33000|cp_on_chip_1=34000|G3D=36000|cp_on_chip_2=35000|cp_on_chip_3=33000|cp_on_chip_4=33000|rf2_therm=31000|rf1_therm=32000|ISP=35000|TPU=36000|AUR=36000|rfpa_therm=31750|quiet_therm=32351|charging_therm=34154|,ok,1,single,untouched,4096,512,24,512,2767,0,268311,0,4,4,ok
1,7,nvhe,4,1795000,578000,37000,39000,BIG=37000|MID=37000|usb_pwr_therm=30303|btmspkr_therm=30214|disp_therm=30192|north_therm=30904|soc_therm=33909|battery=30500|battery_cycle=5|dc-mains=34500|usbc-therm-adc=345|max77779fg=30500|LITTLE=36000|soc=16|smpl_gm=0|vdroop1=0|batoilo=0|batoilo2=0|batt_vs=30493|mdis_morepower=0|thb_hda=51|cp_on_chip_0=33000|cp_on_chip_1=34000|G3D=36000|cp_on_chip_2=35000|cp_on_chip_3=33000|cp_on_chip_4=33000|rf2_therm=31000|rf1_therm=32000|ISP=35000|TPU=36000|AUR=36000|rfpa_therm=31728|quiet_therm=32306|charging_therm=34087|,BIG=39000|MID=37000|usb_pwr_therm=30303|btmspkr_therm=30214|disp_therm=30192|north_therm=30904|soc_therm=33909|battery=30600|battery_cycle=5|dc-mains=34500|usbc-therm-adc=345|max77779fg=30600|LITTLE=37000|soc=16|smpl_gm=0|vdroop1=0|batoilo=0|batoilo2=0|batt_vs=30594|mdis_morepower=0|thb_hda=51|cp_on_chip_0=33000|cp_on_chip_1=34000|G3D=36000|cp_on_chip_2=35000|cp_on_chip_3=33000|cp_on_chip_4=33000|rf2_therm=31000|rf1_therm=32000|ISP=35000|TPU=36000|AUR=36000|rfpa_therm=31750|quiet_therm=32351|charging_therm=34154|,ok,1,single,untouched,4096,512,25,512,3825,0,268962,0,4,4,ok
1,7,nvhe,4,1795000,578000,37000,39000,BIG=37000|MID=37000|usb_pwr_therm=30303|btmspkr_therm=30214|disp_therm=30192|north_therm=30904|soc_therm=33909|battery=30500|battery_cycle=5|dc-mains=34500|usbc-therm-adc=345|max77779fg=30500|LITTLE=36000|soc=16|smpl_gm=0|vdroop1=0|batoilo=0|batoilo2=0|batt_vs=30493|mdis_morepower=0|thb_hda=51|cp_on_chip_0=33000|cp_on_chip_1=34000|G3D=36000|cp_on_chip_2=35000|cp_on_chip_3=33000|cp_on_chip_4=33000|rf2_therm=31000|rf1_therm=32000|ISP=35000|TPU=36000|AUR=36000|rfpa_therm=31728|quiet_therm=32306|charging_therm=34087|,BIG=39000|MID=37000|usb_pwr_therm=30303|btmspkr_therm=30214|disp_therm=30192|north_therm=30904|soc_therm=33909|battery=30600|battery_cycle=5|dc-mains=34500|usbc-therm-adc=345|max77779fg=30600|LITTLE=37000|soc=16|smpl_gm=0|vdroop1=0|batoilo=0|batoilo2=0|batt_vs=30594|mdis_morepower=0|thb_hda=51|cp_on_chip_0=33000|cp_on_chip_1=34000|G3D=36000|cp_on_chip_2=35000|cp_on_chip_3=33000|cp_on_chip_4=33000|rf2_therm=31000|rf1_therm=32000|ISP=35000|TPU=36000|AUR=36000|rfpa_therm=31750|quiet_therm=32351|charging_therm=34154|,ok,1,single,untouched,4096,512,26,512,2970,0,268637,0,4,4,ok
1,7,nvhe,4,1795000,578000,37000,39000,BIG=37000|MID=37000|usb_pwr_therm=30303|btmspkr_therm=30214|disp_therm=30192|north_therm=30904|soc_therm=33909|battery=30500|battery_cycle=5|dc-mains=34500|usbc-therm-adc=345|max77779fg=30500|LITTLE=36000|soc=16|smpl_gm=0|vdroop1=0|batoilo=0|batoilo2=0|batt_vs=30493|mdis_morepower=0|thb_hda=51|cp_on_chip_0=33000|cp_on_chip_1=34000|G3D=36000|cp_on_chip_2=35000|cp_on_chip_3=33000|cp_on_chip_4=33000|rf2_therm=31000|rf1_therm=32000|ISP=35000|TPU=36000|AUR=36000|rfpa_therm=31728|quiet_therm=32306|charging_therm=34087|,BIG=39000|MID=37000|usb_pwr_therm=30303|btmspkr_therm=30214|disp_therm=30192|north_therm=30904|soc_therm=33909|battery=30600|battery_cycle=5|dc-mains=34500|usbc-therm-adc=345|max77779fg=30600|LITTLE=37000|soc=16|smpl_gm=0|vdroop1=0|batoilo=0|batoilo2=0|batt_vs=30594|mdis_morepower=0|thb_hda=51|cp_on_chip_0=33000|cp_on_chip_1=34000|G3D=36000|cp_on_chip_2=35000|cp_on_chip_3=33000|cp_on_chip_4=33000|rf2_therm=31000|rf1_therm=32000|ISP=35000|TPU=36000|AUR=36000|rfpa_therm=31750|quiet_therm=32351|charging_therm=34154|,ok,1,single,untouched,4096,512,27,512,6836,0,268758,0,4,4,ok
1,7,nvhe,4,1795000,578000,37000,39000,BIG=37000|MID=37000|usb_pwr_therm=30303|btmspkr_therm=30214|disp_therm=30192|north_therm=30904|soc_therm=33909|battery=30500|battery_cycle=5|dc-mains=34500|usbc-therm-adc=345|max77779fg=30500|LITTLE=36000|soc=16|smpl_gm=0|vdroop1=0|batoilo=0|batoilo2=0|batt_vs=30493|mdis_morepower=0|thb_hda=51|cp_on_chip_0=33000|cp_on_chip_1=34000|G3D=36000|cp_on_chip_2=35000|cp_on_chip_3=33000|cp_on_chip_4=33000|rf2_therm=31000|rf1_therm=32000|ISP=35000|TPU=36000|AUR=36000|rfpa_therm=31728|quiet_therm=32306|charging_therm=34087|,BIG=39000|MID=37000|usb_pwr_therm=30303|btmspkr_therm=30214|disp_therm=30192|north_therm=30904|soc_therm=33909|battery=30600|battery_cycle=5|dc-mains=34500|usbc-therm-adc=345|max77779fg=30600|LITTLE=37000|soc=16|smpl_gm=0|vdroop1=0|batoilo=0|batoilo2=0|batt_vs=30594|mdis_morepower=0|thb_hda=51|cp_on_chip_0=33000|cp_on_chip_1=34000|G3D=36000|cp_on_chip_2=35000|cp_on_chip_3=33000|cp_on_chip_4=33000|rf2_therm=31000|rf1_therm=32000|ISP=35000|TPU=36000|AUR=36000|rfpa_therm=31750|quiet_therm=32351|charging_therm=34154|,ok,1,single,untouched,4096,512,28,512,2605,0,268840,0,4,4,ok
1,7,nvhe,4,1795000,578000,37000,39000,BIG=37000|MID=37000|usb_pwr_therm=30303|btmspkr_therm=30214|disp_therm=30192|north_therm=30904|soc_therm=33909|battery=30500|battery_cycle=5|dc-mains=34500|usbc-therm-adc=345|max77779fg=30500|LITTLE=36000|soc=16|smpl_gm=0|vdroop1=0|batoilo=0|batoilo2=0|batt_vs=30493|mdis_morepower=0|thb_hda=51|cp_on_chip_0=33000|cp_on_chip_1=34000|G3D=36000|cp_on_chip_2=35000|cp_on_chip_3=33000|cp_on_chip_4=33000|rf2_therm=31000|rf1_therm=32000|ISP=35000|TPU=36000|AUR=36000|rfpa_therm=31728|quiet_therm=32306|charging_therm=34087|,BIG=39000|MID=37000|usb_pwr_therm=30303|btmspkr_therm=30214|disp_therm=30192|north_therm=30904|soc_therm=33909|battery=30600|battery_cycle=5|dc-mains=34500|usbc-therm-adc=345|max77779fg=30600|LITTLE=37000|soc=16|smpl_gm=0|vdroop1=0|batoilo=0|batoilo2=0|batt_vs=30594|mdis_morepower=0|thb_hda=51|cp_on_chip_0=33000|cp_on_chip_1=34000|G3D=36000|cp_on_chip_2=35000|cp_on_chip_3=33000|cp_on_chip_4=33000|rf2_therm=31000|rf1_therm=32000|ISP=35000|TPU=36000|AUR=36000|rfpa_therm=31750|quiet_therm=32351|charging_therm=34154|,ok,1,single,untouched,4096,512,29,512,31820,0,268717,0,4,4,ok
1,8,nvhe,4,1795000,1795000,38000,40000,BIG=37000|MID=37000|usb_pwr_therm=30303|btmspkr_therm=30236|disp_therm=30192|north_therm=30926|soc_therm=33998|battery=30600|battery_cycle=5|dc-mains=35000|usbc-therm-adc=350|max77779fg=30600|LITTLE=37000|soc=16|smpl_gm=0|vdroop1=0|batoilo=0|batoilo2=0|batt_vs=30593|mdis_morepower=0|thb_hda=51|cp_on_chip_0=33000|cp_on_chip_1=34000|G3D=37000|cp_on_chip_2=35000|cp_on_chip_3=33000|cp_on_chip_4=33000|rf2_therm=31000|rf1_therm=32000|ISP=35000|TPU=36000|AUR=35000|rfpa_therm=31750|quiet_therm=32351|charging_therm=34154|,BIG=37000|MID=38000|usb_pwr_therm=30303|btmspkr_therm=30236|disp_therm=30192|north_therm=30926|soc_therm=34065|battery=30600|battery_cycle=5|dc-mains=34500|usbc-therm-adc=345|max77779fg=30600|LITTLE=37000|soc=16|smpl_gm=0|vdroop1=0|batoilo=0|batoilo2=0|batt_vs=30593|mdis_morepower=0|thb_hda=51|cp_on_chip_0=33000|cp_on_chip_1=34000|G3D=37000|cp_on_chip_2=35000|cp_on_chip_3=33000|cp_on_chip_4=33000|rf2_therm=31000|rf1_therm=32000|ISP=35000|TPU=36000|AUR=36000|rfpa_therm=31772|quiet_therm=32373|charging_therm=34198|,ok,1,single,touched,4096,512,0,512,3696330,512,1558675,0,4,4,ok
1,8,nvhe,4,1795000,1795000,38000,40000,BIG=37000|MID=37000|usb_pwr_therm=30303|btmspkr_therm=30236|disp_therm=30192|north_therm=30926|soc_therm=33998|battery=30600|battery_cycle=5|dc-mains=35000|usbc-therm-adc=350|max77779fg=30600|LITTLE=37000|soc=16|smpl_gm=0|vdroop1=0|batoilo=0|batoilo2=0|batt_vs=30593|mdis_morepower=0|thb_hda=51|cp_on_chip_0=33000|cp_on_chip_1=34000|G3D=37000|cp_on_chip_2=35000|cp_on_chip_3=33000|cp_on_chip_4=33000|rf2_therm=31000|rf1_therm=32000|ISP=35000|TPU=36000|AUR=35000|rfpa_therm=31750|quiet_therm=32351|charging_therm=34154|,BIG=37000|MID=38000|usb_pwr_therm=30303|btmspkr_therm=30236|disp_therm=30192|north_therm=30926|soc_therm=34065|battery=30600|battery_cycle=5|dc-mains=34500|usbc-therm-adc=345|max77779fg=30600|LITTLE=37000|soc=16|smpl_gm=0|vdroop1=0|batoilo=0|batoilo2=0|batt_vs=30593|mdis_morepower=0|thb_hda=51|cp_on_chip_0=33000|cp_on_chip_1=34000|G3D=37000|cp_on_chip_2=35000|cp_on_chip_3=33000|cp_on_chip_4=33000|rf2_therm=31000|rf1_therm=32000|ISP=35000|TPU=36000|AUR=36000|rfpa_therm=31772|quiet_therm=32373|charging_therm=34198|,ok,1,single,touched,4096,512,1,512,1842774,512,1510742,0,4,4,ok
1,8,nvhe,4,1795000,1795000,38000,40000,BIG=37000|MID=37000|usb_pwr_therm=30303|btmspkr_therm=30236|disp_therm=30192|north_therm=30926|soc_therm=33998|battery=30600|battery_cycle=5|dc-mains=35000|usbc-therm-adc=350|max77779fg=30600|LITTLE=37000|soc=16|smpl_gm=0|vdroop1=0|batoilo=0|batoilo2=0|batt_vs=30593|mdis_morepower=0|thb_hda=51|cp_on_chip_0=33000|cp_on_chip_1=34000|G3D=37000|cp_on_chip_2=35000|cp_on_chip_3=33000|cp_on_chip_4=33000|rf2_therm=31000|rf1_therm=32000|ISP=35000|TPU=36000|AUR=35000|rfpa_therm=31750|quiet_therm=32351|charging_therm=34154|,BIG=37000|MID=38000|usb_pwr_therm=30303|btmspkr_therm=30236|disp_therm=30192|north_therm=30926|soc_therm=34065|battery=30600|battery_cycle=5|dc-mains=34500|usbc-therm-adc=345|max77779fg=30600|LITTLE=37000|soc=16|smpl_gm=0|vdroop1=0|batoilo=0|batoilo2=0|batt_vs=30593|mdis_morepower=0|thb_hda=51|cp_on_chip_0=33000|cp_on_chip_1=34000|G3D=37000|cp_on_chip_2=35000|cp_on_chip_3=33000|cp_on_chip_4=33000|rf2_therm=31000|rf1_therm=32000|ISP=35000|TPU=36000|AUR=36000|rfpa_therm=31772|quiet_therm=32373|charging_therm=34198|,ok,1,single,touched,4096,512,2,512,1818278,512,1596801,0,4,4,ok
1,8,nvhe,4,1795000,1795000,38000,40000,BIG=37000|MID=37000|usb_pwr_therm=30303|btmspkr_therm=30236|disp_therm=30192|north_therm=30926|soc_therm=33998|battery=30600|battery_cycle=5|dc-mains=35000|usbc-therm-adc=350|max77779fg=30600|LITTLE=37000|soc=16|smpl_gm=0|vdroop1=0|batoilo=0|batoilo2=0|batt_vs=30593|mdis_morepower=0|thb_hda=51|cp_on_chip_0=33000|cp_on_chip_1=34000|G3D=37000|cp_on_chip_2=35000|cp_on_chip_3=33000|cp_on_chip_4=33000|rf2_therm=31000|rf1_therm=32000|ISP=35000|TPU=36000|AUR=35000|rfpa_therm=31750|quiet_therm=32351|charging_therm=34154|,BIG=37000|MID=38000|usb_pwr_therm=30303|btmspkr_therm=30236|disp_therm=30192|north_therm=30926|soc_therm=34065|battery=30600|battery_cycle=5|dc-mains=34500|usbc-therm-adc=345|max77779fg=30600|LITTLE=37000|soc=16|smpl_gm=0|vdroop1=0|batoilo=0|batoilo2=0|batt_vs=30593|mdis_morepower=0|thb_hda=51|cp_on_chip_0=33000|cp_on_chip_1=34000|G3D=37000|cp_on_chip_2=35000|cp_on_chip_3=33000|cp_on_chip_4=33000|rf2_therm=31000|rf1_therm=32000|ISP=35000|TPU=36000|AUR=36000|rfpa_therm=31772|quiet_therm=32373|charging_therm=34198|,ok,1,single,touched,4096,512,3,512,1596314,512,1415120,0,4,4,ok
1,8,nvhe,4,1795000,1795000,38000,40000,BIG=37000|MID=37000|usb_pwr_therm=30303|btmspkr_therm=30236|disp_therm=30192|north_therm=30926|soc_therm=33998|battery=30600|battery_cycle=5|dc-mains=35000|usbc-therm-adc=350|max77779fg=30600|LITTLE=37000|soc=16|smpl_gm=0|vdroop1=0|batoilo=0|batoilo2=0|batt_vs=30593|mdis_morepower=0|thb_hda=51|cp_on_chip_0=33000|cp_on_chip_1=34000|G3D=37000|cp_on_chip_2=35000|cp_on_chip_3=33000|cp_on_chip_4=33000|rf2_therm=31000|rf1_therm=32000|ISP=35000|TPU=36000|AUR=35000|rfpa_therm=31750|quiet_therm=32351|charging_therm=34154|,BIG=37000|MID=38000|usb_pwr_therm=30303|btmspkr_therm=30236|disp_therm=30192|north_therm=30926|soc_therm=34065|battery=30600|battery_cycle=5|dc-mains=34500|usbc-therm-adc=345|max77779fg=30600|LITTLE=37000|soc=16|smpl_gm=0|vdroop1=0|batoilo=0|batoilo2=0|batt_vs=30593|mdis_morepower=0|thb_hda=51|cp_on_chip_0=33000|cp_on_chip_1=34000|G3D=37000|cp_on_chip_2=35000|cp_on_chip_3=33000|cp_on_chip_4=33000|rf2_therm=31000|rf1_therm=32000|ISP=35000|TPU=36000|AUR=36000|rfpa_therm=31772|quiet_therm=32373|charging_therm=34198|,ok,1,single,touched,4096,512,4,512,1578044,512,1366780,0,4,4,ok
1,8,nvhe,4,1795000,1795000,38000,40000,BIG=37000|MID=37000|usb_pwr_therm=30303|btmspkr_therm=30236|disp_therm=30192|north_therm=30926|soc_therm=33998|battery=30600|battery_cycle=5|dc-mains=35000|usbc-therm-adc=350|max77779fg=30600|LITTLE=37000|soc=16|smpl_gm=0|vdroop1=0|batoilo=0|batoilo2=0|batt_vs=30593|mdis_morepower=0|thb_hda=51|cp_on_chip_0=33000|cp_on_chip_1=34000|G3D=37000|cp_on_chip_2=35000|cp_on_chip_3=33000|cp_on_chip_4=33000|rf2_therm=31000|rf1_therm=32000|ISP=35000|TPU=36000|AUR=35000|rfpa_therm=31750|quiet_therm=32351|charging_therm=34154|,BIG=37000|MID=38000|usb_pwr_therm=30303|btmspkr_therm=30236|disp_therm=30192|north_therm=30926|soc_therm=34065|battery=30600|battery_cycle=5|dc-mains=34500|usbc-therm-adc=345|max77779fg=30600|LITTLE=37000|soc=16|smpl_gm=0|vdroop1=0|batoilo=0|batoilo2=0|batt_vs=30593|mdis_morepower=0|thb_hda=51|cp_on_chip_0=33000|cp_on_chip_1=34000|G3D=37000|cp_on_chip_2=35000|cp_on_chip_3=33000|cp_on_chip_4=33000|rf2_therm=31000|rf1_therm=32000|ISP=35000|TPU=36000|AUR=36000|rfpa_therm=31772|quiet_therm=32373|charging_therm=34198|,ok,1,single,touched,4096,512,5,512,1440430,512,1147867,0,4,4,ok
1,8,nvhe,4,1795000,1795000,38000,40000,BIG=37000|MID=37000|usb_pwr_therm=30303|btmspkr_therm=30236|disp_therm=30192|north_therm=30926|soc_therm=33998|battery=30600|battery_cycle=5|dc-mains=35000|usbc-therm-adc=350|max77779fg=30600|LITTLE=37000|soc=16|smpl_gm=0|vdroop1=0|batoilo=0|batoilo2=0|batt_vs=30593|mdis_morepower=0|thb_hda=51|cp_on_chip_0=33000|cp_on_chip_1=34000|G3D=37000|cp_on_chip_2=35000|cp_on_chip_3=33000|cp_on_chip_4=33000|rf2_therm=31000|rf1_therm=32000|ISP=35000|TPU=36000|AUR=35000|rfpa_therm=31750|quiet_therm=32351|charging_therm=34154|,BIG=37000|MID=38000|usb_pwr_therm=30303|btmspkr_therm=30236|disp_therm=30192|north_therm=30926|soc_therm=34065|battery=30600|battery_cycle=5|dc-mains=34500|usbc-therm-adc=345|max77779fg=30600|LITTLE=37000|soc=16|smpl_gm=0|vdroop1=0|batoilo=0|batoilo2=0|batt_vs=30593|mdis_morepower=0|thb_hda=51|cp_on_chip_0=33000|cp_on_chip_1=34000|G3D=37000|cp_on_chip_2=35000|cp_on_chip_3=33000|cp_on_chip_4=33000|rf2_therm=31000|rf1_therm=32000|ISP=35000|TPU=36000|AUR=36000|rfpa_therm=31772|quiet_therm=32373|charging_therm=34198|,ok,1,single,touched,4096,512,6,512,1334798,512,1257569,0,4,4,ok
1,8,nvhe,4,1795000,1795000,38000,40000,BIG=37000|MID=37000|usb_pwr_therm=30303|btmspkr_therm=30236|disp_therm=30192|north_therm=30926|soc_therm=33998|battery=30600|battery_cycle=5|dc-mains=35000|usbc-therm-adc=350|max77779fg=30600|LITTLE=37000|soc=16|smpl_gm=0|vdroop1=0|batoilo=0|batoilo2=0|batt_vs=30593|mdis_morepower=0|thb_hda=51|cp_on_chip_0=33000|cp_on_chip_1=34000|G3D=37000|cp_on_chip_2=35000|cp_on_chip_3=33000|cp_on_chip_4=33000|rf2_therm=31000|rf1_therm=32000|ISP=35000|TPU=36000|AUR=35000|rfpa_therm=31750|quiet_therm=32351|charging_therm=34154|,BIG=37000|MID=38000|usb_pwr_therm=30303|btmspkr_therm=30236|disp_therm=30192|north_therm=30926|soc_therm=34065|battery=30600|battery_cycle=5|dc-mains=34500|usbc-therm-adc=345|max77779fg=30600|LITTLE=37000|soc=16|smpl_gm=0|vdroop1=0|batoilo=0|batoilo2=0|batt_vs=30593|mdis_morepower=0|thb_hda=51|cp_on_chip_0=33000|cp_on_chip_1=34000|G3D=37000|cp_on_chip_2=35000|cp_on_chip_3=33000|cp_on_chip_4=33000|rf2_therm=31000|rf1_therm=32000|ISP=35000|TPU=36000|AUR=36000|rfpa_therm=31772|quiet_therm=32373|charging_therm=34198|,ok,1,single,touched,4096,512,7,512,1306844,512,1434612,0,4,4,ok
1,8,nvhe,4,1795000,1795000,38000,40000,BIG=37000|MID=37000|usb_pwr_therm=30303|btmspkr_therm=30236|disp_therm=30192|north_therm=30926|soc_therm=33998|battery=30600|battery_cycle=5|dc-mains=35000|usbc-therm-adc=350|max77779fg=30600|LITTLE=37000|soc=16|smpl_gm=0|vdroop1=0|batoilo=0|batoilo2=0|batt_vs=30593|mdis_morepower=0|thb_hda=51|cp_on_chip_0=33000|cp_on_chip_1=34000|G3D=37000|cp_on_chip_2=35000|cp_on_chip_3=33000|cp_on_chip_4=33000|rf2_therm=31000|rf1_therm=32000|ISP=35000|TPU=36000|AUR=35000|rfpa_therm=31750|quiet_therm=32351|charging_therm=34154|,BIG=37000|MID=38000|usb_pwr_therm=30303|btmspkr_therm=30236|disp_therm=30192|north_therm=30926|soc_therm=34065|battery=30600|battery_cycle=5|dc-mains=34500|usbc-therm-adc=345|max77779fg=30600|LITTLE=37000|soc=16|smpl_gm=0|vdroop1=0|batoilo=0|batoilo2=0|batt_vs=30593|mdis_morepower=0|thb_hda=51|cp_on_chip_0=33000|cp_on_chip_1=34000|G3D=37000|cp_on_chip_2=35000|cp_on_chip_3=33000|cp_on_chip_4=33000|rf2_therm=31000|rf1_therm=32000|ISP=35000|TPU=36000|AUR=36000|rfpa_therm=31772|quiet_therm=32373|charging_therm=34198|,ok,1,single,touched,4096,512,8,512,1227987,512,1015299,0,4,4,ok
1,8,nvhe,4,1795000,1795000,38000,40000,BIG=37000|MID=37000|usb_pwr_therm=30303|btmspkr_therm=30236|disp_therm=30192|north_therm=30926|soc_therm=33998|battery=30600|battery_cycle=5|dc-mains=35000|usbc-therm-adc=350|max77779fg=30600|LITTLE=37000|soc=16|smpl_gm=0|vdroop1=0|batoilo=0|batoilo2=0|batt_vs=30593|mdis_morepower=0|thb_hda=51|cp_on_chip_0=33000|cp_on_chip_1=34000|G3D=37000|cp_on_chip_2=35000|cp_on_chip_3=33000|cp_on_chip_4=33000|rf2_therm=31000|rf1_therm=32000|ISP=35000|TPU=36000|AUR=35000|rfpa_therm=31750|quiet_therm=32351|charging_therm=34154|,BIG=37000|MID=38000|usb_pwr_therm=30303|btmspkr_therm=30236|disp_therm=30192|north_therm=30926|soc_therm=34065|battery=30600|battery_cycle=5|dc-mains=34500|usbc-therm-adc=345|max77779fg=30600|LITTLE=37000|soc=16|smpl_gm=0|vdroop1=0|batoilo=0|batoilo2=0|batt_vs=30593|mdis_morepower=0|thb_hda=51|cp_on_chip_0=33000|cp_on_chip_1=34000|G3D=37000|cp_on_chip_2=35000|cp_on_chip_3=33000|cp_on_chip_4=33000|rf2_therm=31000|rf1_therm=32000|ISP=35000|TPU=36000|AUR=36000|rfpa_therm=31772|quiet_therm=32373|charging_therm=34198|,ok,1,single,touched,4096,512,9,512,1160848,512,1032186,0,4,4,ok
1,8,nvhe,4,1795000,1795000,38000,40000,BIG=37000|MID=37000|usb_pwr_therm=30303|btmspkr_therm=30236|disp_therm=30192|north_therm=30926|soc_therm=33998|battery=30600|battery_cycle=5|dc-mains=35000|usbc-therm-adc=350|max77779fg=30600|LITTLE=37000|soc=16|smpl_gm=0|vdroop1=0|batoilo=0|batoilo2=0|batt_vs=30593|mdis_morepower=0|thb_hda=51|cp_on_chip_0=33000|cp_on_chip_1=34000|G3D=37000|cp_on_chip_2=35000|cp_on_chip_3=33000|cp_on_chip_4=33000|rf2_therm=31000|rf1_therm=32000|ISP=35000|TPU=36000|AUR=35000|rfpa_therm=31750|quiet_therm=32351|charging_therm=34154|,BIG=37000|MID=38000|usb_pwr_therm=30303|btmspkr_therm=30236|disp_therm=30192|north_therm=30926|soc_therm=34065|battery=30600|battery_cycle=5|dc-mains=34500|usbc-therm-adc=345|max77779fg=30600|LITTLE=37000|soc=16|smpl_gm=0|vdroop1=0|batoilo=0|batoilo2=0|batt_vs=30593|mdis_morepower=0|thb_hda=51|cp_on_chip_0=33000|cp_on_chip_1=34000|G3D=37000|cp_on_chip_2=35000|cp_on_chip_3=33000|cp_on_chip_4=33000|rf2_therm=31000|rf1_therm=32000|ISP=35000|TPU=36000|AUR=36000|rfpa_therm=31772|quiet_therm=32373|charging_therm=34198|,ok,1,single,touched,4096,512,10,512,1170044,512,1015137,0,4,4,ok
1,8,nvhe,4,1795000,1795000,38000,40000,BIG=37000|MID=37000|usb_pwr_therm=30303|btmspkr_therm=30236|disp_therm=30192|north_therm=30926|soc_therm=33998|battery=30600|battery_cycle=5|dc-mains=35000|usbc-therm-adc=350|max77779fg=30600|LITTLE=37000|soc=16|smpl_gm=0|vdroop1=0|batoilo=0|batoilo2=0|batt_vs=30593|mdis_morepower=0|thb_hda=51|cp_on_chip_0=33000|cp_on_chip_1=34000|G3D=37000|cp_on_chip_2=35000|cp_on_chip_3=33000|cp_on_chip_4=33000|rf2_therm=31000|rf1_therm=32000|ISP=35000|TPU=36000|AUR=35000|rfpa_therm=31750|quiet_therm=32351|charging_therm=34154|,BIG=37000|MID=38000|usb_pwr_therm=30303|btmspkr_therm=30236|disp_therm=30192|north_therm=30926|soc_therm=34065|battery=30600|battery_cycle=5|dc-mains=34500|usbc-therm-adc=345|max77779fg=30600|LITTLE=37000|soc=16|smpl_gm=0|vdroop1=0|batoilo=0|batoilo2=0|batt_vs=30593|mdis_morepower=0|thb_hda=51|cp_on_chip_0=33000|cp_on_chip_1=34000|G3D=37000|cp_on_chip_2=35000|cp_on_chip_3=33000|cp_on_chip_4=33000|rf2_therm=31000|rf1_therm=32000|ISP=35000|TPU=36000|AUR=36000|rfpa_therm=31772|quiet_therm=32373|charging_therm=34198|,ok,1,single,touched,4096,512,11,512,1161255,512,1311320,0,4,4,ok
1,8,nvhe,4,1795000,1795000,38000,40000,BIG=37000|MID=37000|usb_pwr_therm=30303|btmspkr_therm=30236|disp_therm=30192|north_therm=30926|soc_therm=33998|battery=30600|battery_cycle=5|dc-mains=35000|usbc-therm-adc=350|max77779fg=30600|LITTLE=37000|soc=16|smpl_gm=0|vdroop1=0|batoilo=0|batoilo2=0|batt_vs=30593|mdis_morepower=0|thb_hda=51|cp_on_chip_0=33000|cp_on_chip_1=34000|G3D=37000|cp_on_chip_2=35000|cp_on_chip_3=33000|cp_on_chip_4=33000|rf2_therm=31000|rf1_therm=32000|ISP=35000|TPU=36000|AUR=35000|rfpa_therm=31750|quiet_therm=32351|charging_therm=34154|,BIG=37000|MID=38000|usb_pwr_therm=30303|btmspkr_therm=30236|disp_therm=30192|north_therm=30926|soc_therm=34065|battery=30600|battery_cycle=5|dc-mains=34500|usbc-therm-adc=345|max77779fg=30600|LITTLE=37000|soc=16|smpl_gm=0|vdroop1=0|batoilo=0|batoilo2=0|batt_vs=30593|mdis_morepower=0|thb_hda=51|cp_on_chip_0=33000|cp_on_chip_1=34000|G3D=37000|cp_on_chip_2=35000|cp_on_chip_3=33000|cp_on_chip_4=33000|rf2_therm=31000|rf1_therm=32000|ISP=35000|TPU=36000|AUR=36000|rfpa_therm=31772|quiet_therm=32373|charging_therm=34198|,ok,1,single,touched,4096,512,12,512,1021240,512,891439,0,4,4,ok
1,8,nvhe,4,1795000,1795000,38000,40000,BIG=37000|MID=37000|usb_pwr_therm=30303|btmspkr_therm=30236|disp_therm=30192|north_therm=30926|soc_therm=33998|battery=30600|battery_cycle=5|dc-mains=35000|usbc-therm-adc=350|max77779fg=30600|LITTLE=37000|soc=16|smpl_gm=0|vdroop1=0|batoilo=0|batoilo2=0|batt_vs=30593|mdis_morepower=0|thb_hda=51|cp_on_chip_0=33000|cp_on_chip_1=34000|G3D=37000|cp_on_chip_2=35000|cp_on_chip_3=33000|cp_on_chip_4=33000|rf2_therm=31000|rf1_therm=32000|ISP=35000|TPU=36000|AUR=35000|rfpa_therm=31750|quiet_therm=32351|charging_therm=34154|,BIG=37000|MID=38000|usb_pwr_therm=30303|btmspkr_therm=30236|disp_therm=30192|north_therm=30926|soc_therm=34065|battery=30600|battery_cycle=5|dc-mains=34500|usbc-therm-adc=345|max77779fg=30600|LITTLE=37000|soc=16|smpl_gm=0|vdroop1=0|batoilo=0|batoilo2=0|batt_vs=30593|mdis_morepower=0|thb_hda=51|cp_on_chip_0=33000|cp_on_chip_1=34000|G3D=37000|cp_on_chip_2=35000|cp_on_chip_3=33000|cp_on_chip_4=33000|rf2_therm=31000|rf1_therm=32000|ISP=35000|TPU=36000|AUR=36000|rfpa_therm=31772|quiet_therm=32373|charging_therm=34198|,ok,1,single,touched,4096,512,13,512,1038330,512,897949,0,4,4,ok
1,8,nvhe,4,1795000,1795000,38000,40000,BIG=37000|MID=37000|usb_pwr_therm=30303|btmspkr_therm=30236|disp_therm=30192|north_therm=30926|soc_therm=33998|battery=30600|battery_cycle=5|dc-mains=35000|usbc-therm-adc=350|max77779fg=30600|LITTLE=37000|soc=16|smpl_gm=0|vdroop1=0|batoilo=0|batoilo2=0|batt_vs=30593|mdis_morepower=0|thb_hda=51|cp_on_chip_0=33000|cp_on_chip_1=34000|G3D=37000|cp_on_chip_2=35000|cp_on_chip_3=33000|cp_on_chip_4=33000|rf2_therm=31000|rf1_therm=32000|ISP=35000|TPU=36000|AUR=35000|rfpa_therm=31750|quiet_therm=32351|charging_therm=34154|,BIG=37000|MID=38000|usb_pwr_therm=30303|btmspkr_therm=30236|disp_therm=30192|north_therm=30926|soc_therm=34065|battery=30600|battery_cycle=5|dc-mains=34500|usbc-therm-adc=345|max77779fg=30600|LITTLE=37000|soc=16|smpl_gm=0|vdroop1=0|batoilo=0|batoilo2=0|batt_vs=30593|mdis_morepower=0|thb_hda=51|cp_on_chip_0=33000|cp_on_chip_1=34000|G3D=37000|cp_on_chip_2=35000|cp_on_chip_3=33000|cp_on_chip_4=33000|rf2_therm=31000|rf1_therm=32000|ISP=35000|TPU=36000|AUR=36000|rfpa_therm=31772|quiet_therm=32373|charging_therm=34198|,ok,1,single,touched,4096,512,14,512,1018147,512,889852,0,4,4,ok
1,8,nvhe,4,1795000,1795000,38000,40000,BIG=37000|MID=37000|usb_pwr_therm=30303|btmspkr_therm=30236|disp_therm=30192|north_therm=30926|soc_therm=33998|battery=30600|battery_cycle=5|dc-mains=35000|usbc-therm-adc=350|max77779fg=30600|LITTLE=37000|soc=16|smpl_gm=0|vdroop1=0|batoilo=0|batoilo2=0|batt_vs=30593|mdis_morepower=0|thb_hda=51|cp_on_chip_0=33000|cp_on_chip_1=34000|G3D=37000|cp_on_chip_2=35000|cp_on_chip_3=33000|cp_on_chip_4=33000|rf2_therm=31000|rf1_therm=32000|ISP=35000|TPU=36000|AUR=35000|rfpa_therm=31750|quiet_therm=32351|charging_therm=34154|,BIG=37000|MID=38000|usb_pwr_therm=30303|btmspkr_therm=30236|disp_therm=30192|north_therm=30926|soc_therm=34065|battery=30600|battery_cycle=5|dc-mains=34500|usbc-therm-adc=345|max77779fg=30600|LITTLE=37000|soc=16|smpl_gm=0|vdroop1=0|batoilo=0|batoilo2=0|batt_vs=30593|mdis_morepower=0|thb_hda=51|cp_on_chip_0=33000|cp_on_chip_1=34000|G3D=37000|cp_on_chip_2=35000|cp_on_chip_3=33000|cp_on_chip_4=33000|rf2_therm=31000|rf1_therm=32000|ISP=35000|TPU=36000|AUR=36000|rfpa_therm=31772|quiet_therm=32373|charging_therm=34198|,ok,1,single,touched,4096,512,15,512,1033447,512,914551,0,4,4,ok
1,8,nvhe,4,1795000,1795000,38000,40000,BIG=37000|MID=37000|usb_pwr_therm=30303|btmspkr_therm=30236|disp_therm=30192|north_therm=30926|soc_therm=33998|battery=30600|battery_cycle=5|dc-mains=35000|usbc-therm-adc=350|max77779fg=30600|LITTLE=37000|soc=16|smpl_gm=0|vdroop1=0|batoilo=0|batoilo2=0|batt_vs=30593|mdis_morepower=0|thb_hda=51|cp_on_chip_0=33000|cp_on_chip_1=34000|G3D=37000|cp_on_chip_2=35000|cp_on_chip_3=33000|cp_on_chip_4=33000|rf2_therm=31000|rf1_therm=32000|ISP=35000|TPU=36000|AUR=35000|rfpa_therm=31750|quiet_therm=32351|charging_therm=34154|,BIG=37000|MID=38000|usb_pwr_therm=30303|btmspkr_therm=30236|disp_therm=30192|north_therm=30926|soc_therm=34065|battery=30600|battery_cycle=5|dc-mains=34500|usbc-therm-adc=345|max77779fg=30600|LITTLE=37000|soc=16|smpl_gm=0|vdroop1=0|batoilo=0|batoilo2=0|batt_vs=30593|mdis_morepower=0|thb_hda=51|cp_on_chip_0=33000|cp_on_chip_1=34000|G3D=37000|cp_on_chip_2=35000|cp_on_chip_3=33000|cp_on_chip_4=33000|rf2_therm=31000|rf1_therm=32000|ISP=35000|TPU=36000|AUR=36000|rfpa_therm=31772|quiet_therm=32373|charging_therm=34198|,ok,1,single,touched,4096,512,16,512,1019084,512,889689,0,4,4,ok
1,8,nvhe,4,1795000,1795000,38000,40000,BIG=37000|MID=37000|usb_pwr_therm=30303|btmspkr_therm=30236|disp_therm=30192|north_therm=30926|soc_therm=33998|battery=30600|battery_cycle=5|dc-mains=35000|usbc-therm-adc=350|max77779fg=30600|LITTLE=37000|soc=16|smpl_gm=0|vdroop1=0|batoilo=0|batoilo2=0|batt_vs=30593|mdis_morepower=0|thb_hda=51|cp_on_chip_0=33000|cp_on_chip_1=34000|G3D=37000|cp_on_chip_2=35000|cp_on_chip_3=33000|cp_on_chip_4=33000|rf2_therm=31000|rf1_therm=32000|ISP=35000|TPU=36000|AUR=35000|rfpa_therm=31750|quiet_therm=32351|charging_therm=34154|,BIG=37000|MID=38000|usb_pwr_therm=30303|btmspkr_therm=30236|disp_therm=30192|north_therm=30926|soc_therm=34065|battery=30600|battery_cycle=5|dc-mains=34500|usbc-therm-adc=345|max77779fg=30600|LITTLE=37000|soc=16|smpl_gm=0|vdroop1=0|batoilo=0|batoilo2=0|batt_vs=30593|mdis_morepower=0|thb_hda=51|cp_on_chip_0=33000|cp_on_chip_1=34000|G3D=37000|cp_on_chip_2=35000|cp_on_chip_3=33000|cp_on_chip_4=33000|rf2_therm=31000|rf1_therm=32000|ISP=35000|TPU=36000|AUR=36000|rfpa_therm=31772|quiet_therm=32373|charging_therm=34198|,ok,1,single,touched,4096,512,17,512,1073730,512,1158163,0,4,4,ok
1,8,nvhe,4,1795000,1795000,38000,40000,BIG=37000|MID=37000|usb_pwr_therm=30303|btmspkr_therm=30236|disp_therm=30192|north_therm=30926|soc_therm=33998|battery=30600|battery_cycle=5|dc-mains=35000|usbc-therm-adc=350|max77779fg=30600|LITTLE=37000|soc=16|smpl_gm=0|vdroop1=0|batoilo=0|batoilo2=0|batt_vs=30593|mdis_morepower=0|thb_hda=51|cp_on_chip_0=33000|cp_on_chip_1=34000|G3D=37000|cp_on_chip_2=35000|cp_on_chip_3=33000|cp_on_chip_4=33000|rf2_therm=31000|rf1_therm=32000|ISP=35000|TPU=36000|AUR=35000|rfpa_therm=31750|quiet_therm=32351|charging_therm=34154|,BIG=37000|MID=38000|usb_pwr_therm=30303|btmspkr_therm=30236|disp_therm=30192|north_therm=30926|soc_therm=34065|battery=30600|battery_cycle=5|dc-mains=34500|usbc-therm-adc=345|max77779fg=30600|LITTLE=37000|soc=16|smpl_gm=0|vdroop1=0|batoilo=0|batoilo2=0|batt_vs=30593|mdis_morepower=0|thb_hda=51|cp_on_chip_0=33000|cp_on_chip_1=34000|G3D=37000|cp_on_chip_2=35000|cp_on_chip_3=33000|cp_on_chip_4=33000|rf2_therm=31000|rf1_therm=32000|ISP=35000|TPU=36000|AUR=36000|rfpa_therm=31772|quiet_therm=32373|charging_therm=34198|,ok,1,single,touched,4096,512,18,512,894653,512,798096,0,4,4,ok
1,8,nvhe,4,1795000,1795000,38000,40000,BIG=37000|MID=37000|usb_pwr_therm=30303|btmspkr_therm=30236|disp_therm=30192|north_therm=30926|soc_therm=33998|battery=30600|battery_cycle=5|dc-mains=35000|usbc-therm-adc=350|max77779fg=30600|LITTLE=37000|soc=16|smpl_gm=0|vdroop1=0|batoilo=0|batoilo2=0|batt_vs=30593|mdis_morepower=0|thb_hda=51|cp_on_chip_0=33000|cp_on_chip_1=34000|G3D=37000|cp_on_chip_2=35000|cp_on_chip_3=33000|cp_on_chip_4=33000|rf2_therm=31000|rf1_therm=32000|ISP=35000|TPU=36000|AUR=35000|rfpa_therm=31750|quiet_therm=32351|charging_therm=34154|,BIG=37000|MID=38000|usb_pwr_therm=30303|btmspkr_therm=30236|disp_therm=30192|north_therm=30926|soc_therm=34065|battery=30600|battery_cycle=5|dc-mains=34500|usbc-therm-adc=345|max77779fg=30600|LITTLE=37000|soc=16|smpl_gm=0|vdroop1=0|batoilo=0|batoilo2=0|batt_vs=30593|mdis_morepower=0|thb_hda=51|cp_on_chip_0=33000|cp_on_chip_1=34000|G3D=37000|cp_on_chip_2=35000|cp_on_chip_3=33000|cp_on_chip_4=33000|rf2_therm=31000|rf1_therm=32000|ISP=35000|TPU=36000|AUR=36000|rfpa_therm=31772|quiet_therm=32373|charging_therm=34198|,ok,1,single,touched,4096,512,19,512,892701,512,818115,0,4,4,ok
1,8,nvhe,4,1795000,1795000,38000,40000,BIG=37000|MID=37000|usb_pwr_therm=30303|btmspkr_therm=30236|disp_therm=30192|north_therm=30926|soc_therm=33998|battery=30600|battery_cycle=5|dc-mains=35000|usbc-therm-adc=350|max77779fg=30600|LITTLE=37000|soc=16|smpl_gm=0|vdroop1=0|batoilo=0|batoilo2=0|batt_vs=30593|mdis_morepower=0|thb_hda=51|cp_on_chip_0=33000|cp_on_chip_1=34000|G3D=37000|cp_on_chip_2=35000|cp_on_chip_3=33000|cp_on_chip_4=33000|rf2_therm=31000|rf1_therm=32000|ISP=35000|TPU=36000|AUR=35000|rfpa_therm=31750|quiet_therm=32351|charging_therm=34154|,BIG=37000|MID=38000|usb_pwr_therm=30303|btmspkr_therm=30236|disp_therm=30192|north_therm=30926|soc_therm=34065|battery=30600|battery_cycle=5|dc-mains=34500|usbc-therm-adc=345|max77779fg=30600|LITTLE=37000|soc=16|smpl_gm=0|vdroop1=0|batoilo=0|batoilo2=0|batt_vs=30593|mdis_morepower=0|thb_hda=51|cp_on_chip_0=33000|cp_on_chip_1=34000|G3D=37000|cp_on_chip_2=35000|cp_on_chip_3=33000|cp_on_chip_4=33000|rf2_therm=31000|rf1_therm=32000|ISP=35000|TPU=36000|AUR=36000|rfpa_therm=31772|quiet_therm=32373|charging_therm=34198|,ok,1,single,touched,4096,512,20,512,887696,512,800578,0,4,4,ok
1,8,nvhe,4,1795000,1795000,38000,40000,BIG=37000|MID=37000|usb_pwr_therm=30303|btmspkr_therm=30236|disp_therm=30192|north_therm=30926|soc_therm=33998|battery=30600|battery_cycle=5|dc-mains=35000|usbc-therm-adc=350|max77779fg=30600|LITTLE=37000|soc=16|smpl_gm=0|vdroop1=0|batoilo=0|batoilo2=0|batt_vs=30593|mdis_morepower=0|thb_hda=51|cp_on_chip_0=33000|cp_on_chip_1=34000|G3D=37000|cp_on_chip_2=35000|cp_on_chip_3=33000|cp_on_chip_4=33000|rf2_therm=31000|rf1_therm=32000|ISP=35000|TPU=36000|AUR=35000|rfpa_therm=31750|quiet_therm=32351|charging_therm=34154|,BIG=37000|MID=38000|usb_pwr_therm=30303|btmspkr_therm=30236|disp_therm=30192|north_therm=30926|soc_therm=34065|battery=30600|battery_cycle=5|dc-mains=34500|usbc-therm-adc=345|max77779fg=30600|LITTLE=37000|soc=16|smpl_gm=0|vdroop1=0|batoilo=0|batoilo2=0|batt_vs=30593|mdis_morepower=0|thb_hda=51|cp_on_chip_0=33000|cp_on_chip_1=34000|G3D=37000|cp_on_chip_2=35000|cp_on_chip_3=33000|cp_on_chip_4=33000|rf2_therm=31000|rf1_therm=32000|ISP=35000|TPU=36000|AUR=36000|rfpa_therm=31772|quiet_therm=32373|charging_therm=34198|,ok,1,single,touched,4096,512,21,512,886353,512,893717,0,4,4,ok
1,8,nvhe,4,1795000,1795000,38000,40000,BIG=37000|MID=37000|usb_pwr_therm=30303|btmspkr_therm=30236|disp_therm=30192|north_therm=30926|soc_therm=33998|battery=30600|battery_cycle=5|dc-mains=35000|usbc-therm-adc=350|max77779fg=30600|LITTLE=37000|soc=16|smpl_gm=0|vdroop1=0|batoilo=0|batoilo2=0|batt_vs=30593|mdis_morepower=0|thb_hda=51|cp_on_chip_0=33000|cp_on_chip_1=34000|G3D=37000|cp_on_chip_2=35000|cp_on_chip_3=33000|cp_on_chip_4=33000|rf2_therm=31000|rf1_therm=32000|ISP=35000|TPU=36000|AUR=35000|rfpa_therm=31750|quiet_therm=32351|charging_therm=34154|,BIG=37000|MID=38000|usb_pwr_therm=30303|btmspkr_therm=30236|disp_therm=30192|north_therm=30926|soc_therm=34065|battery=30600|battery_cycle=5|dc-mains=34500|usbc-therm-adc=345|max77779fg=30600|LITTLE=37000|soc=16|smpl_gm=0|vdroop1=0|batoilo=0|batoilo2=0|batt_vs=30593|mdis_morepower=0|thb_hda=51|cp_on_chip_0=33000|cp_on_chip_1=34000|G3D=37000|cp_on_chip_2=35000|cp_on_chip_3=33000|cp_on_chip_4=33000|rf2_therm=31000|rf1_therm=32000|ISP=35000|TPU=36000|AUR=36000|rfpa_therm=31772|quiet_therm=32373|charging_therm=34198|,ok,1,single,touched,4096,512,22,512,866822,512,748291,0,4,4,ok
1,8,nvhe,4,1795000,1795000,38000,40000,BIG=37000|MID=37000|usb_pwr_therm=30303|btmspkr_therm=30236|disp_therm=30192|north_therm=30926|soc_therm=33998|battery=30600|battery_cycle=5|dc-mains=35000|usbc-therm-adc=350|max77779fg=30600|LITTLE=37000|soc=16|smpl_gm=0|vdroop1=0|batoilo=0|batoilo2=0|batt_vs=30593|mdis_morepower=0|thb_hda=51|cp_on_chip_0=33000|cp_on_chip_1=34000|G3D=37000|cp_on_chip_2=35000|cp_on_chip_3=33000|cp_on_chip_4=33000|rf2_therm=31000|rf1_therm=32000|ISP=35000|TPU=36000|AUR=35000|rfpa_therm=31750|quiet_therm=32351|charging_therm=34154|,BIG=37000|MID=38000|usb_pwr_therm=30303|btmspkr_therm=30236|disp_therm=30192|north_therm=30926|soc_therm=34065|battery=30600|battery_cycle=5|dc-mains=34500|usbc-therm-adc=345|max77779fg=30600|LITTLE=37000|soc=16|smpl_gm=0|vdroop1=0|batoilo=0|batoilo2=0|batt_vs=30593|mdis_morepower=0|thb_hda=51|cp_on_chip_0=33000|cp_on_chip_1=34000|G3D=37000|cp_on_chip_2=35000|cp_on_chip_3=33000|cp_on_chip_4=33000|rf2_therm=31000|rf1_therm=32000|ISP=35000|TPU=36000|AUR=36000|rfpa_therm=31772|quiet_therm=32373|charging_therm=34198|,ok,1,single,touched,4096,512,23,512,826334,512,746338,0,4,4,ok
1,8,nvhe,4,1795000,1795000,38000,40000,BIG=37000|MID=37000|usb_pwr_therm=30303|btmspkr_therm=30236|disp_therm=30192|north_therm=30926|soc_therm=33998|battery=30600|battery_cycle=5|dc-mains=35000|usbc-therm-adc=350|max77779fg=30600|LITTLE=37000|soc=16|smpl_gm=0|vdroop1=0|batoilo=0|batoilo2=0|batt_vs=30593|mdis_morepower=0|thb_hda=51|cp_on_chip_0=33000|cp_on_chip_1=34000|G3D=37000|cp_on_chip_2=35000|cp_on_chip_3=33000|cp_on_chip_4=33000|rf2_therm=31000|rf1_therm=32000|ISP=35000|TPU=36000|AUR=35000|rfpa_therm=31750|quiet_therm=32351|charging_therm=34154|,BIG=37000|MID=38000|usb_pwr_therm=30303|btmspkr_therm=30236|disp_therm=30192|north_therm=30926|soc_therm=34065|battery=30600|battery_cycle=5|dc-mains=34500|usbc-therm-adc=345|max77779fg=30600|LITTLE=37000|soc=16|smpl_gm=0|vdroop1=0|batoilo=0|batoilo2=0|batt_vs=30593|mdis_morepower=0|thb_hda=51|cp_on_chip_0=33000|cp_on_chip_1=34000|G3D=37000|cp_on_chip_2=35000|cp_on_chip_3=33000|cp_on_chip_4=33000|rf2_therm=31000|rf1_therm=32000|ISP=35000|TPU=36000|AUR=36000|rfpa_therm=31772|quiet_therm=32373|charging_therm=34198|,ok,1,single,touched,4096,512,24,512,864828,512,987101,0,4,4,ok
1,8,nvhe,4,1795000,1795000,38000,40000,BIG=37000|MID=37000|usb_pwr_therm=30303|btmspkr_therm=30236|disp_therm=30192|north_therm=30926|soc_therm=33998|battery=30600|battery_cycle=5|dc-mains=35000|usbc-therm-adc=350|max77779fg=30600|LITTLE=37000|soc=16|smpl_gm=0|vdroop1=0|batoilo=0|batoilo2=0|batt_vs=30593|mdis_morepower=0|thb_hda=51|cp_on_chip_0=33000|cp_on_chip_1=34000|G3D=37000|cp_on_chip_2=35000|cp_on_chip_3=33000|cp_on_chip_4=33000|rf2_therm=31000|rf1_therm=32000|ISP=35000|TPU=36000|AUR=35000|rfpa_therm=31750|quiet_therm=32351|charging_therm=34154|,BIG=37000|MID=38000|usb_pwr_therm=30303|btmspkr_therm=30236|disp_therm=30192|north_therm=30926|soc_therm=34065|battery=30600|battery_cycle=5|dc-mains=34500|usbc-therm-adc=345|max77779fg=30600|LITTLE=37000|soc=16|smpl_gm=0|vdroop1=0|batoilo=0|batoilo2=0|batt_vs=30593|mdis_morepower=0|thb_hda=51|cp_on_chip_0=33000|cp_on_chip_1=34000|G3D=37000|cp_on_chip_2=35000|cp_on_chip_3=33000|cp_on_chip_4=33000|rf2_therm=31000|rf1_therm=32000|ISP=35000|TPU=36000|AUR=36000|rfpa_therm=31772|quiet_therm=32373|charging_therm=34198|,ok,1,single,touched,4096,512,25,512,790446,512,709431,0,4,4,ok
1,8,nvhe,4,1795000,1795000,38000,40000,BIG=37000|MID=37000|usb_pwr_therm=30303|btmspkr_therm=30236|disp_therm=30192|north_therm=30926|soc_therm=33998|battery=30600|battery_cycle=5|dc-mains=35000|usbc-therm-adc=350|max77779fg=30600|LITTLE=37000|soc=16|smpl_gm=0|vdroop1=0|batoilo=0|batoilo2=0|batt_vs=30593|mdis_morepower=0|thb_hda=51|cp_on_chip_0=33000|cp_on_chip_1=34000|G3D=37000|cp_on_chip_2=35000|cp_on_chip_3=33000|cp_on_chip_4=33000|rf2_therm=31000|rf1_therm=32000|ISP=35000|TPU=36000|AUR=35000|rfpa_therm=31750|quiet_therm=32351|charging_therm=34154|,BIG=37000|MID=38000|usb_pwr_therm=30303|btmspkr_therm=30236|disp_therm=30192|north_therm=30926|soc_therm=34065|battery=30600|battery_cycle=5|dc-mains=34500|usbc-therm-adc=345|max77779fg=30600|LITTLE=37000|soc=16|smpl_gm=0|vdroop1=0|batoilo=0|batoilo2=0|batt_vs=30593|mdis_morepower=0|thb_hda=51|cp_on_chip_0=33000|cp_on_chip_1=34000|G3D=37000|cp_on_chip_2=35000|cp_on_chip_3=33000|cp_on_chip_4=33000|rf2_therm=31000|rf1_therm=32000|ISP=35000|TPU=36000|AUR=36000|rfpa_therm=31772|quiet_therm=32373|charging_therm=34198|,ok,1,single,touched,4096,512,26,512,774983,512,926635,0,4,4,ok
1,8,nvhe,4,1795000,1795000,38000,40000,BIG=37000|MID=37000|usb_pwr_therm=30303|btmspkr_therm=30236|disp_therm=30192|north_therm=30926|soc_therm=33998|battery=30600|battery_cycle=5|dc-mains=35000|usbc-therm-adc=350|max77779fg=30600|LITTLE=37000|soc=16|smpl_gm=0|vdroop1=0|batoilo=0|batoilo2=0|batt_vs=30593|mdis_morepower=0|thb_hda=51|cp_on_chip_0=33000|cp_on_chip_1=34000|G3D=37000|cp_on_chip_2=35000|cp_on_chip_3=33000|cp_on_chip_4=33000|rf2_therm=31000|rf1_therm=32000|ISP=35000|TPU=36000|AUR=35000|rfpa_therm=31750|quiet_therm=32351|charging_therm=34154|,BIG=37000|MID=38000|usb_pwr_therm=30303|btmspkr_therm=30236|disp_therm=30192|north_therm=30926|soc_therm=34065|battery=30600|battery_cycle=5|dc-mains=34500|usbc-therm-adc=345|max77779fg=30600|LITTLE=37000|soc=16|smpl_gm=0|vdroop1=0|batoilo=0|batoilo2=0|batt_vs=30593|mdis_morepower=0|thb_hda=51|cp_on_chip_0=33000|cp_on_chip_1=34000|G3D=37000|cp_on_chip_2=35000|cp_on_chip_3=33000|cp_on_chip_4=33000|rf2_therm=31000|rf1_therm=32000|ISP=35000|TPU=36000|AUR=36000|rfpa_therm=31772|quiet_therm=32373|charging_therm=34198|,ok,1,single,touched,4096,512,27,512,758016,512,663370,0,4,4,ok
1,8,nvhe,4,1795000,1795000,38000,40000,BIG=37000|MID=37000|usb_pwr_therm=30303|btmspkr_therm=30236|disp_therm=30192|north_therm=30926|soc_therm=33998|battery=30600|battery_cycle=5|dc-mains=35000|usbc-therm-adc=350|max77779fg=30600|LITTLE=37000|soc=16|smpl_gm=0|vdroop1=0|batoilo=0|batoilo2=0|batt_vs=30593|mdis_morepower=0|thb_hda=51|cp_on_chip_0=33000|cp_on_chip_1=34000|G3D=37000|cp_on_chip_2=35000|cp_on_chip_3=33000|cp_on_chip_4=33000|rf2_therm=31000|rf1_therm=32000|ISP=35000|TPU=36000|AUR=35000|rfpa_therm=31750|quiet_therm=32351|charging_therm=34154|,BIG=37000|MID=38000|usb_pwr_therm=30303|btmspkr_therm=30236|disp_therm=30192|north_therm=30926|soc_therm=34065|battery=30600|battery_cycle=5|dc-mains=34500|usbc-therm-adc=345|max77779fg=30600|LITTLE=37000|soc=16|smpl_gm=0|vdroop1=0|batoilo=0|batoilo2=0|batt_vs=30593|mdis_morepower=0|thb_hda=51|cp_on_chip_0=33000|cp_on_chip_1=34000|G3D=37000|cp_on_chip_2=35000|cp_on_chip_3=33000|cp_on_chip_4=33000|rf2_therm=31000|rf1_therm=32000|ISP=35000|TPU=36000|AUR=36000|rfpa_therm=31772|quiet_therm=32373|charging_therm=34198|,ok,1,single,touched,4096,512,28,512,719727,512,662842,0,4,4,ok
1,8,nvhe,4,1795000,1795000,38000,40000,BIG=37000|MID=37000|usb_pwr_therm=30303|btmspkr_therm=30236|disp_therm=30192|north_therm=30926|soc_therm=33998|battery=30600|battery_cycle=5|dc-mains=35000|usbc-therm-adc=350|max77779fg=30600|LITTLE=37000|soc=16|smpl_gm=0|vdroop1=0|batoilo=0|batoilo2=0|batt_vs=30593|mdis_morepower=0|thb_hda=51|cp_on_chip_0=33000|cp_on_chip_1=34000|G3D=37000|cp_on_chip_2=35000|cp_on_chip_3=33000|cp_on_chip_4=33000|rf2_therm=31000|rf1_therm=32000|ISP=35000|TPU=36000|AUR=35000|rfpa_therm=31750|quiet_therm=32351|charging_therm=34154|,BIG=37000|MID=38000|usb_pwr_therm=30303|btmspkr_therm=30236|disp_therm=30192|north_therm=30926|soc_therm=34065|battery=30600|battery_cycle=5|dc-mains=34500|usbc-therm-adc=345|max77779fg=30600|LITTLE=37000|soc=16|smpl_gm=0|vdroop1=0|batoilo=0|batoilo2=0|batt_vs=30593|mdis_morepower=0|thb_hda=51|cp_on_chip_0=33000|cp_on_chip_1=34000|G3D=37000|cp_on_chip_2=35000|cp_on_chip_3=33000|cp_on_chip_4=33000|rf2_therm=31000|rf1_therm=32000|ISP=35000|TPU=36000|AUR=36000|rfpa_therm=31772|quiet_therm=32373|charging_therm=34198|,ok,1,single,touched,4096,512,29,512,743367,512,664917,0,4,4,ok
1,9,nvhe,4,1795000,1795000,38000,38000,BIG=37000|MID=37000|usb_pwr_therm=30303|btmspkr_therm=30236|disp_therm=30192|north_therm=30926|soc_therm=34065|battery=30600|battery_cycle=5|dc-mains=35000|usbc-therm-adc=350|max77779fg=30600|LITTLE=37000|soc=16|smpl_gm=0|vdroop1=0|batoilo=0|batoilo2=0|batt_vs=30593|mdis_morepower=0|thb_hda=51|cp_on_chip_0=33000|cp_on_chip_1=34000|G3D=36000|cp_on_chip_2=35000|cp_on_chip_3=33000|cp_on_chip_4=33000|rf2_therm=31000|rf1_therm=32000|ISP=35000|TPU=36000|AUR=36000|rfpa_therm=31794|quiet_therm=32395|charging_therm=34243|,BIG=39000|MID=37000|usb_pwr_therm=30303|btmspkr_therm=30236|disp_therm=30214|north_therm=30926|soc_therm=34132|battery=30600|battery_cycle=5|dc-mains=34500|usbc-therm-adc=350|max77779fg=30600|LITTLE=37000|soc=16|smpl_gm=0|vdroop1=0|batoilo=0|batoilo2=0|batt_vs=30593|mdis_morepower=0|thb_hda=51|cp_on_chip_0=33000|cp_on_chip_1=34000|G3D=37000|cp_on_chip_2=35000|cp_on_chip_3=33000|cp_on_chip_4=33000|rf2_therm=31000|rf1_therm=32000|ISP=35000|TPU=36000|AUR=36000|rfpa_therm=31794|quiet_therm=32395|charging_therm=34243|,ok,1,batched,untouched,4096,512,0,1,24048,0,11027,0,4,4,ok
1,9,nvhe,4,1795000,1795000,38000,38000,BIG=37000|MID=37000|usb_pwr_therm=30303|btmspkr_therm=30236|disp_therm=30192|north_therm=30926|soc_therm=34065|battery=30600|battery_cycle=5|dc-mains=35000|usbc-therm-adc=350|max77779fg=30600|LITTLE=37000|soc=16|smpl_gm=0|vdroop1=0|batoilo=0|batoilo2=0|batt_vs=30593|mdis_morepower=0|thb_hda=51|cp_on_chip_0=33000|cp_on_chip_1=34000|G3D=36000|cp_on_chip_2=35000|cp_on_chip_3=33000|cp_on_chip_4=33000|rf2_therm=31000|rf1_therm=32000|ISP=35000|TPU=36000|AUR=36000|rfpa_therm=31794|quiet_therm=32395|charging_therm=34243|,BIG=39000|MID=37000|usb_pwr_therm=30303|btmspkr_therm=30236|disp_therm=30214|north_therm=30926|soc_therm=34132|battery=30600|battery_cycle=5|dc-mains=34500|usbc-therm-adc=350|max77779fg=30600|LITTLE=37000|soc=16|smpl_gm=0|vdroop1=0|batoilo=0|batoilo2=0|batt_vs=30593|mdis_morepower=0|thb_hda=51|cp_on_chip_0=33000|cp_on_chip_1=34000|G3D=37000|cp_on_chip_2=35000|cp_on_chip_3=33000|cp_on_chip_4=33000|rf2_therm=31000|rf1_therm=32000|ISP=35000|TPU=36000|AUR=36000|rfpa_therm=31794|quiet_therm=32395|charging_therm=34243|,ok,1,batched,untouched,4096,512,1,1,13387,0,2157,0,4,4,ok
1,9,nvhe,4,1795000,1795000,38000,38000,BIG=37000|MID=37000|usb_pwr_therm=30303|btmspkr_therm=30236|disp_therm=30192|north_therm=30926|soc_therm=34065|battery=30600|battery_cycle=5|dc-mains=35000|usbc-therm-adc=350|max77779fg=30600|LITTLE=37000|soc=16|smpl_gm=0|vdroop1=0|batoilo=0|batoilo2=0|batt_vs=30593|mdis_morepower=0|thb_hda=51|cp_on_chip_0=33000|cp_on_chip_1=34000|G3D=36000|cp_on_chip_2=35000|cp_on_chip_3=33000|cp_on_chip_4=33000|rf2_therm=31000|rf1_therm=32000|ISP=35000|TPU=36000|AUR=36000|rfpa_therm=31794|quiet_therm=32395|charging_therm=34243|,BIG=39000|MID=37000|usb_pwr_therm=30303|btmspkr_therm=30236|disp_therm=30214|north_therm=30926|soc_therm=34132|battery=30600|battery_cycle=5|dc-mains=34500|usbc-therm-adc=350|max77779fg=30600|LITTLE=37000|soc=16|smpl_gm=0|vdroop1=0|batoilo=0|batoilo2=0|batt_vs=30593|mdis_morepower=0|thb_hda=51|cp_on_chip_0=33000|cp_on_chip_1=34000|G3D=37000|cp_on_chip_2=35000|cp_on_chip_3=33000|cp_on_chip_4=33000|rf2_therm=31000|rf1_therm=32000|ISP=35000|TPU=36000|AUR=36000|rfpa_therm=31794|quiet_therm=32395|charging_therm=34243|,ok,1,batched,untouched,4096,512,2,1,11312,0,2157,0,4,4,ok
1,9,nvhe,4,1795000,1795000,38000,38000,BIG=37000|MID=37000|usb_pwr_therm=30303|btmspkr_therm=30236|disp_therm=30192|north_therm=30926|soc_therm=34065|battery=30600|battery_cycle=5|dc-mains=35000|usbc-therm-adc=350|max77779fg=30600|LITTLE=37000|soc=16|smpl_gm=0|vdroop1=0|batoilo=0|batoilo2=0|batt_vs=30593|mdis_morepower=0|thb_hda=51|cp_on_chip_0=33000|cp_on_chip_1=34000|G3D=36000|cp_on_chip_2=35000|cp_on_chip_3=33000|cp_on_chip_4=33000|rf2_therm=31000|rf1_therm=32000|ISP=35000|TPU=36000|AUR=36000|rfpa_therm=31794|quiet_therm=32395|charging_therm=34243|,BIG=39000|MID=37000|usb_pwr_therm=30303|btmspkr_therm=30236|disp_therm=30214|north_therm=30926|soc_therm=34132|battery=30600|battery_cycle=5|dc-mains=34500|usbc-therm-adc=350|max77779fg=30600|LITTLE=37000|soc=16|smpl_gm=0|vdroop1=0|batoilo=0|batoilo2=0|batt_vs=30593|mdis_morepower=0|thb_hda=51|cp_on_chip_0=33000|cp_on_chip_1=34000|G3D=37000|cp_on_chip_2=35000|cp_on_chip_3=33000|cp_on_chip_4=33000|rf2_therm=31000|rf1_therm=32000|ISP=35000|TPU=36000|AUR=36000|rfpa_therm=31794|quiet_therm=32395|charging_therm=34243|,ok,1,batched,untouched,4096,512,3,1,11597,0,2197,0,4,4,ok
1,9,nvhe,4,1795000,1795000,38000,38000,BIG=37000|MID=37000|usb_pwr_therm=30303|btmspkr_therm=30236|disp_therm=30192|north_therm=30926|soc_therm=34065|battery=30600|battery_cycle=5|dc-mains=35000|usbc-therm-adc=350|max77779fg=30600|LITTLE=37000|soc=16|smpl_gm=0|vdroop1=0|batoilo=0|batoilo2=0|batt_vs=30593|mdis_morepower=0|thb_hda=51|cp_on_chip_0=33000|cp_on_chip_1=34000|G3D=36000|cp_on_chip_2=35000|cp_on_chip_3=33000|cp_on_chip_4=33000|rf2_therm=31000|rf1_therm=32000|ISP=35000|TPU=36000|AUR=36000|rfpa_therm=31794|quiet_therm=32395|charging_therm=34243|,BIG=39000|MID=37000|usb_pwr_therm=30303|btmspkr_therm=30236|disp_therm=30214|north_therm=30926|soc_therm=34132|battery=30600|battery_cycle=5|dc-mains=34500|usbc-therm-adc=350|max77779fg=30600|LITTLE=37000|soc=16|smpl_gm=0|vdroop1=0|batoilo=0|batoilo2=0|batt_vs=30593|mdis_morepower=0|thb_hda=51|cp_on_chip_0=33000|cp_on_chip_1=34000|G3D=37000|cp_on_chip_2=35000|cp_on_chip_3=33000|cp_on_chip_4=33000|rf2_therm=31000|rf1_therm=32000|ISP=35000|TPU=36000|AUR=36000|rfpa_therm=31794|quiet_therm=32395|charging_therm=34243|,ok,1,batched,untouched,4096,512,4,1,8464,0,2034,0,4,4,ok
1,9,nvhe,4,1795000,1795000,38000,38000,BIG=37000|MID=37000|usb_pwr_therm=30303|btmspkr_therm=30236|disp_therm=30192|north_therm=30926|soc_therm=34065|battery=30600|battery_cycle=5|dc-mains=35000|usbc-therm-adc=350|max77779fg=30600|LITTLE=37000|soc=16|smpl_gm=0|vdroop1=0|batoilo=0|batoilo2=0|batt_vs=30593|mdis_morepower=0|thb_hda=51|cp_on_chip_0=33000|cp_on_chip_1=34000|G3D=36000|cp_on_chip_2=35000|cp_on_chip_3=33000|cp_on_chip_4=33000|rf2_therm=31000|rf1_therm=32000|ISP=35000|TPU=36000|AUR=36000|rfpa_therm=31794|quiet_therm=32395|charging_therm=34243|,BIG=39000|MID=37000|usb_pwr_therm=30303|btmspkr_therm=30236|disp_therm=30214|north_therm=30926|soc_therm=34132|battery=30600|battery_cycle=5|dc-mains=34500|usbc-therm-adc=350|max77779fg=30600|LITTLE=37000|soc=16|smpl_gm=0|vdroop1=0|batoilo=0|batoilo2=0|batt_vs=30593|mdis_morepower=0|thb_hda=51|cp_on_chip_0=33000|cp_on_chip_1=34000|G3D=37000|cp_on_chip_2=35000|cp_on_chip_3=33000|cp_on_chip_4=33000|rf2_therm=31000|rf1_therm=32000|ISP=35000|TPU=36000|AUR=36000|rfpa_therm=31794|quiet_therm=32395|charging_therm=34243|,ok,1,batched,untouched,4096,512,5,1,18270,0,2075,0,4,4,ok
1,9,nvhe,4,1795000,1795000,38000,38000,BIG=37000|MID=37000|usb_pwr_therm=30303|btmspkr_therm=30236|disp_therm=30192|north_therm=30926|soc_therm=34065|battery=30600|battery_cycle=5|dc-mains=35000|usbc-therm-adc=350|max77779fg=30600|LITTLE=37000|soc=16|smpl_gm=0|vdroop1=0|batoilo=0|batoilo2=0|batt_vs=30593|mdis_morepower=0|thb_hda=51|cp_on_chip_0=33000|cp_on_chip_1=34000|G3D=36000|cp_on_chip_2=35000|cp_on_chip_3=33000|cp_on_chip_4=33000|rf2_therm=31000|rf1_therm=32000|ISP=35000|TPU=36000|AUR=36000|rfpa_therm=31794|quiet_therm=32395|charging_therm=34243|,BIG=39000|MID=37000|usb_pwr_therm=30303|btmspkr_therm=30236|disp_therm=30214|north_therm=30926|soc_therm=34132|battery=30600|battery_cycle=5|dc-mains=34500|usbc-therm-adc=350|max77779fg=30600|LITTLE=37000|soc=16|smpl_gm=0|vdroop1=0|batoilo=0|batoilo2=0|batt_vs=30593|mdis_morepower=0|thb_hda=51|cp_on_chip_0=33000|cp_on_chip_1=34000|G3D=37000|cp_on_chip_2=35000|cp_on_chip_3=33000|cp_on_chip_4=33000|rf2_therm=31000|rf1_therm=32000|ISP=35000|TPU=36000|AUR=36000|rfpa_therm=31794|quiet_therm=32395|charging_therm=34243|,ok,1,batched,untouched,4096,512,6,1,11962,0,2889,0,4,4,ok
1,9,nvhe,4,1795000,1795000,38000,38000,BIG=37000|MID=37000|usb_pwr_therm=30303|btmspkr_therm=30236|disp_therm=30192|north_therm=30926|soc_therm=34065|battery=30600|battery_cycle=5|dc-mains=35000|usbc-therm-adc=350|max77779fg=30600|LITTLE=37000|soc=16|smpl_gm=0|vdroop1=0|batoilo=0|batoilo2=0|batt_vs=30593|mdis_morepower=0|thb_hda=51|cp_on_chip_0=33000|cp_on_chip_1=34000|G3D=36000|cp_on_chip_2=35000|cp_on_chip_3=33000|cp_on_chip_4=33000|rf2_therm=31000|rf1_therm=32000|ISP=35000|TPU=36000|AUR=36000|rfpa_therm=31794|quiet_therm=32395|charging_therm=34243|,BIG=39000|MID=37000|usb_pwr_therm=30303|btmspkr_therm=30236|disp_therm=30214|north_therm=30926|soc_therm=34132|battery=30600|battery_cycle=5|dc-mains=34500|usbc-therm-adc=350|max77779fg=30600|LITTLE=37000|soc=16|smpl_gm=0|vdroop1=0|batoilo=0|batoilo2=0|batt_vs=30593|mdis_morepower=0|thb_hda=51|cp_on_chip_0=33000|cp_on_chip_1=34000|G3D=37000|cp_on_chip_2=35000|cp_on_chip_3=33000|cp_on_chip_4=33000|rf2_therm=31000|rf1_therm=32000|ISP=35000|TPU=36000|AUR=36000|rfpa_therm=31794|quiet_therm=32395|charging_therm=34243|,ok,1,batched,untouched,4096,512,7,1,11881,0,2848,0,4,4,ok
1,9,nvhe,4,1795000,1795000,38000,38000,BIG=37000|MID=37000|usb_pwr_therm=30303|btmspkr_therm=30236|disp_therm=30192|north_therm=30926|soc_therm=34065|battery=30600|battery_cycle=5|dc-mains=35000|usbc-therm-adc=350|max77779fg=30600|LITTLE=37000|soc=16|smpl_gm=0|vdroop1=0|batoilo=0|batoilo2=0|batt_vs=30593|mdis_morepower=0|thb_hda=51|cp_on_chip_0=33000|cp_on_chip_1=34000|G3D=36000|cp_on_chip_2=35000|cp_on_chip_3=33000|cp_on_chip_4=33000|rf2_therm=31000|rf1_therm=32000|ISP=35000|TPU=36000|AUR=36000|rfpa_therm=31794|quiet_therm=32395|charging_therm=34243|,BIG=39000|MID=37000|usb_pwr_therm=30303|btmspkr_therm=30236|disp_therm=30214|north_therm=30926|soc_therm=34132|battery=30600|battery_cycle=5|dc-mains=34500|usbc-therm-adc=350|max77779fg=30600|LITTLE=37000|soc=16|smpl_gm=0|vdroop1=0|batoilo=0|batoilo2=0|batt_vs=30593|mdis_morepower=0|thb_hda=51|cp_on_chip_0=33000|cp_on_chip_1=34000|G3D=37000|cp_on_chip_2=35000|cp_on_chip_3=33000|cp_on_chip_4=33000|rf2_therm=31000|rf1_therm=32000|ISP=35000|TPU=36000|AUR=36000|rfpa_therm=31794|quiet_therm=32395|charging_therm=34243|,ok,1,batched,untouched,4096,512,8,1,15014,0,3296,0,4,4,ok
1,9,nvhe,4,1795000,1795000,38000,38000,BIG=37000|MID=37000|usb_pwr_therm=30303|btmspkr_therm=30236|disp_therm=30192|north_therm=30926|soc_therm=34065|battery=30600|battery_cycle=5|dc-mains=35000|usbc-therm-adc=350|max77779fg=30600|LITTLE=37000|soc=16|smpl_gm=0|vdroop1=0|batoilo=0|batoilo2=0|batt_vs=30593|mdis_morepower=0|thb_hda=51|cp_on_chip_0=33000|cp_on_chip_1=34000|G3D=36000|cp_on_chip_2=35000|cp_on_chip_3=33000|cp_on_chip_4=33000|rf2_therm=31000|rf1_therm=32000|ISP=35000|TPU=36000|AUR=36000|rfpa_therm=31794|quiet_therm=32395|charging_therm=34243|,BIG=39000|MID=37000|usb_pwr_therm=30303|btmspkr_therm=30236|disp_therm=30214|north_therm=30926|soc_therm=34132|battery=30600|battery_cycle=5|dc-mains=34500|usbc-therm-adc=350|max77779fg=30600|LITTLE=37000|soc=16|smpl_gm=0|vdroop1=0|batoilo=0|batoilo2=0|batt_vs=30593|mdis_morepower=0|thb_hda=51|cp_on_chip_0=33000|cp_on_chip_1=34000|G3D=37000|cp_on_chip_2=35000|cp_on_chip_3=33000|cp_on_chip_4=33000|rf2_therm=31000|rf1_therm=32000|ISP=35000|TPU=36000|AUR=36000|rfpa_therm=31794|quiet_therm=32395|charging_therm=34243|,ok,1,batched,untouched,4096,512,9,1,13265,0,3133,0,4,4,ok
1,9,nvhe,4,1795000,1795000,38000,38000,BIG=37000|MID=37000|usb_pwr_therm=30303|btmspkr_therm=30236|disp_therm=30192|north_therm=30926|soc_therm=34065|battery=30600|battery_cycle=5|dc-mains=35000|usbc-therm-adc=350|max77779fg=30600|LITTLE=37000|soc=16|smpl_gm=0|vdroop1=0|batoilo=0|batoilo2=0|batt_vs=30593|mdis_morepower=0|thb_hda=51|cp_on_chip_0=33000|cp_on_chip_1=34000|G3D=36000|cp_on_chip_2=35000|cp_on_chip_3=33000|cp_on_chip_4=33000|rf2_therm=31000|rf1_therm=32000|ISP=35000|TPU=36000|AUR=36000|rfpa_therm=31794|quiet_therm=32395|charging_therm=34243|,BIG=39000|MID=37000|usb_pwr_therm=30303|btmspkr_therm=30236|disp_therm=30214|north_therm=30926|soc_therm=34132|battery=30600|battery_cycle=5|dc-mains=34500|usbc-therm-adc=350|max77779fg=30600|LITTLE=37000|soc=16|smpl_gm=0|vdroop1=0|batoilo=0|batoilo2=0|batt_vs=30593|mdis_morepower=0|thb_hda=51|cp_on_chip_0=33000|cp_on_chip_1=34000|G3D=37000|cp_on_chip_2=35000|cp_on_chip_3=33000|cp_on_chip_4=33000|rf2_therm=31000|rf1_therm=32000|ISP=35000|TPU=36000|AUR=36000|rfpa_therm=31794|quiet_therm=32395|charging_therm=34243|,ok,1,batched,untouched,4096,512,10,1,14852,0,3214,0,4,4,ok
1,9,nvhe,4,1795000,1795000,38000,38000,BIG=37000|MID=37000|usb_pwr_therm=30303|btmspkr_therm=30236|disp_therm=30192|north_therm=30926|soc_therm=34065|battery=30600|battery_cycle=5|dc-mains=35000|usbc-therm-adc=350|max77779fg=30600|LITTLE=37000|soc=16|smpl_gm=0|vdroop1=0|batoilo=0|batoilo2=0|batt_vs=30593|mdis_morepower=0|thb_hda=51|cp_on_chip_0=33000|cp_on_chip_1=34000|G3D=36000|cp_on_chip_2=35000|cp_on_chip_3=33000|cp_on_chip_4=33000|rf2_therm=31000|rf1_therm=32000|ISP=35000|TPU=36000|AUR=36000|rfpa_therm=31794|quiet_therm=32395|charging_therm=34243|,BIG=39000|MID=37000|usb_pwr_therm=30303|btmspkr_therm=30236|disp_therm=30214|north_therm=30926|soc_therm=34132|battery=30600|battery_cycle=5|dc-mains=34500|usbc-therm-adc=350|max77779fg=30600|LITTLE=37000|soc=16|smpl_gm=0|vdroop1=0|batoilo=0|batoilo2=0|batt_vs=30593|mdis_morepower=0|thb_hda=51|cp_on_chip_0=33000|cp_on_chip_1=34000|G3D=37000|cp_on_chip_2=35000|cp_on_chip_3=33000|cp_on_chip_4=33000|rf2_therm=31000|rf1_therm=32000|ISP=35000|TPU=36000|AUR=36000|rfpa_therm=31794|quiet_therm=32395|charging_therm=34243|,ok,1,batched,untouched,4096,512,11,1,14038,0,3296,0,4,4,ok
1,9,nvhe,4,1795000,1795000,38000,38000,BIG=37000|MID=37000|usb_pwr_therm=30303|btmspkr_therm=30236|disp_therm=30192|north_therm=30926|soc_therm=34065|battery=30600|battery_cycle=5|dc-mains=35000|usbc-therm-adc=350|max77779fg=30600|LITTLE=37000|soc=16|smpl_gm=0|vdroop1=0|batoilo=0|batoilo2=0|batt_vs=30593|mdis_morepower=0|thb_hda=51|cp_on_chip_0=33000|cp_on_chip_1=34000|G3D=36000|cp_on_chip_2=35000|cp_on_chip_3=33000|cp_on_chip_4=33000|rf2_therm=31000|rf1_therm=32000|ISP=35000|TPU=36000|AUR=36000|rfpa_therm=31794|quiet_therm=32395|charging_therm=34243|,BIG=39000|MID=37000|usb_pwr_therm=30303|btmspkr_therm=30236|disp_therm=30214|north_therm=30926|soc_therm=34132|battery=30600|battery_cycle=5|dc-mains=34500|usbc-therm-adc=350|max77779fg=30600|LITTLE=37000|soc=16|smpl_gm=0|vdroop1=0|batoilo=0|batoilo2=0|batt_vs=30593|mdis_morepower=0|thb_hda=51|cp_on_chip_0=33000|cp_on_chip_1=34000|G3D=37000|cp_on_chip_2=35000|cp_on_chip_3=33000|cp_on_chip_4=33000|rf2_therm=31000|rf1_therm=32000|ISP=35000|TPU=36000|AUR=36000|rfpa_therm=31794|quiet_therm=32395|charging_therm=34243|,ok,1,batched,untouched,4096,512,12,1,15015,0,3296,0,4,4,ok
1,9,nvhe,4,1795000,1795000,38000,38000,BIG=37000|MID=37000|usb_pwr_therm=30303|btmspkr_therm=30236|disp_therm=30192|north_therm=30926|soc_therm=34065|battery=30600|battery_cycle=5|dc-mains=35000|usbc-therm-adc=350|max77779fg=30600|LITTLE=37000|soc=16|smpl_gm=0|vdroop1=0|batoilo=0|batoilo2=0|batt_vs=30593|mdis_morepower=0|thb_hda=51|cp_on_chip_0=33000|cp_on_chip_1=34000|G3D=36000|cp_on_chip_2=35000|cp_on_chip_3=33000|cp_on_chip_4=33000|rf2_therm=31000|rf1_therm=32000|ISP=35000|TPU=36000|AUR=36000|rfpa_therm=31794|quiet_therm=32395|charging_therm=34243|,BIG=39000|MID=37000|usb_pwr_therm=30303|btmspkr_therm=30236|disp_therm=30214|north_therm=30926|soc_therm=34132|battery=30600|battery_cycle=5|dc-mains=34500|usbc-therm-adc=350|max77779fg=30600|LITTLE=37000|soc=16|smpl_gm=0|vdroop1=0|batoilo=0|batoilo2=0|batt_vs=30593|mdis_morepower=0|thb_hda=51|cp_on_chip_0=33000|cp_on_chip_1=34000|G3D=37000|cp_on_chip_2=35000|cp_on_chip_3=33000|cp_on_chip_4=33000|rf2_therm=31000|rf1_therm=32000|ISP=35000|TPU=36000|AUR=36000|rfpa_therm=31794|quiet_therm=32395|charging_therm=34243|,ok,1,batched,untouched,4096,512,13,1,12981,0,3336,0,4,4,ok
1,9,nvhe,4,1795000,1795000,38000,38000,BIG=37000|MID=37000|usb_pwr_therm=30303|btmspkr_therm=30236|disp_therm=30192|north_therm=30926|soc_therm=34065|battery=30600|battery_cycle=5|dc-mains=35000|usbc-therm-adc=350|max77779fg=30600|LITTLE=37000|soc=16|smpl_gm=0|vdroop1=0|batoilo=0|batoilo2=0|batt_vs=30593|mdis_morepower=0|thb_hda=51|cp_on_chip_0=33000|cp_on_chip_1=34000|G3D=36000|cp_on_chip_2=35000|cp_on_chip_3=33000|cp_on_chip_4=33000|rf2_therm=31000|rf1_therm=32000|ISP=35000|TPU=36000|AUR=36000|rfpa_therm=31794|quiet_therm=32395|charging_therm=34243|,BIG=39000|MID=37000|usb_pwr_therm=30303|btmspkr_therm=30236|disp_therm=30214|north_therm=30926|soc_therm=34132|battery=30600|battery_cycle=5|dc-mains=34500|usbc-therm-adc=350|max77779fg=30600|LITTLE=37000|soc=16|smpl_gm=0|vdroop1=0|batoilo=0|batoilo2=0|batt_vs=30593|mdis_morepower=0|thb_hda=51|cp_on_chip_0=33000|cp_on_chip_1=34000|G3D=37000|cp_on_chip_2=35000|cp_on_chip_3=33000|cp_on_chip_4=33000|rf2_therm=31000|rf1_therm=32000|ISP=35000|TPU=36000|AUR=36000|rfpa_therm=31794|quiet_therm=32395|charging_therm=34243|,ok,1,batched,untouched,4096,512,14,1,15381,0,3255,0,4,4,ok
1,9,nvhe,4,1795000,1795000,38000,38000,BIG=37000|MID=37000|usb_pwr_therm=30303|btmspkr_therm=30236|disp_therm=30192|north_therm=30926|soc_therm=34065|battery=30600|battery_cycle=5|dc-mains=35000|usbc-therm-adc=350|max77779fg=30600|LITTLE=37000|soc=16|smpl_gm=0|vdroop1=0|batoilo=0|batoilo2=0|batt_vs=30593|mdis_morepower=0|thb_hda=51|cp_on_chip_0=33000|cp_on_chip_1=34000|G3D=36000|cp_on_chip_2=35000|cp_on_chip_3=33000|cp_on_chip_4=33000|rf2_therm=31000|rf1_therm=32000|ISP=35000|TPU=36000|AUR=36000|rfpa_therm=31794|quiet_therm=32395|charging_therm=34243|,BIG=39000|MID=37000|usb_pwr_therm=30303|btmspkr_therm=30236|disp_therm=30214|north_therm=30926|soc_therm=34132|battery=30600|battery_cycle=5|dc-mains=34500|usbc-therm-adc=350|max77779fg=30600|LITTLE=37000|soc=16|smpl_gm=0|vdroop1=0|batoilo=0|batoilo2=0|batt_vs=30593|mdis_morepower=0|thb_hda=51|cp_on_chip_0=33000|cp_on_chip_1=34000|G3D=37000|cp_on_chip_2=35000|cp_on_chip_3=33000|cp_on_chip_4=33000|rf2_therm=31000|rf1_therm=32000|ISP=35000|TPU=36000|AUR=36000|rfpa_therm=31794|quiet_therm=32395|charging_therm=34243|,ok,1,batched,untouched,4096,512,15,1,14648,0,3256,0,4,4,ok
1,9,nvhe,4,1795000,1795000,38000,38000,BIG=37000|MID=37000|usb_pwr_therm=30303|btmspkr_therm=30236|disp_therm=30192|north_therm=30926|soc_therm=34065|battery=30600|battery_cycle=5|dc-mains=35000|usbc-therm-adc=350|max77779fg=30600|LITTLE=37000|soc=16|smpl_gm=0|vdroop1=0|batoilo=0|batoilo2=0|batt_vs=30593|mdis_morepower=0|thb_hda=51|cp_on_chip_0=33000|cp_on_chip_1=34000|G3D=36000|cp_on_chip_2=35000|cp_on_chip_3=33000|cp_on_chip_4=33000|rf2_therm=31000|rf1_therm=32000|ISP=35000|TPU=36000|AUR=36000|rfpa_therm=31794|quiet_therm=32395|charging_therm=34243|,BIG=39000|MID=37000|usb_pwr_therm=30303|btmspkr_therm=30236|disp_therm=30214|north_therm=30926|soc_therm=34132|battery=30600|battery_cycle=5|dc-mains=34500|usbc-therm-adc=350|max77779fg=30600|LITTLE=37000|soc=16|smpl_gm=0|vdroop1=0|batoilo=0|batoilo2=0|batt_vs=30593|mdis_morepower=0|thb_hda=51|cp_on_chip_0=33000|cp_on_chip_1=34000|G3D=37000|cp_on_chip_2=35000|cp_on_chip_3=33000|cp_on_chip_4=33000|rf2_therm=31000|rf1_therm=32000|ISP=35000|TPU=36000|AUR=36000|rfpa_therm=31794|quiet_therm=32395|charging_therm=34243|,ok,1,batched,untouched,4096,512,16,1,17619,0,3337,0,4,4,ok
1,9,nvhe,4,1795000,1795000,38000,38000,BIG=37000|MID=37000|usb_pwr_therm=30303|btmspkr_therm=30236|disp_therm=30192|north_therm=30926|soc_therm=34065|battery=30600|battery_cycle=5|dc-mains=35000|usbc-therm-adc=350|max77779fg=30600|LITTLE=37000|soc=16|smpl_gm=0|vdroop1=0|batoilo=0|batoilo2=0|batt_vs=30593|mdis_morepower=0|thb_hda=51|cp_on_chip_0=33000|cp_on_chip_1=34000|G3D=36000|cp_on_chip_2=35000|cp_on_chip_3=33000|cp_on_chip_4=33000|rf2_therm=31000|rf1_therm=32000|ISP=35000|TPU=36000|AUR=36000|rfpa_therm=31794|quiet_therm=32395|charging_therm=34243|,BIG=39000|MID=37000|usb_pwr_therm=30303|btmspkr_therm=30236|disp_therm=30214|north_therm=30926|soc_therm=34132|battery=30600|battery_cycle=5|dc-mains=34500|usbc-therm-adc=350|max77779fg=30600|LITTLE=37000|soc=16|smpl_gm=0|vdroop1=0|batoilo=0|batoilo2=0|batt_vs=30593|mdis_morepower=0|thb_hda=51|cp_on_chip_0=33000|cp_on_chip_1=34000|G3D=37000|cp_on_chip_2=35000|cp_on_chip_3=33000|cp_on_chip_4=33000|rf2_therm=31000|rf1_therm=32000|ISP=35000|TPU=36000|AUR=36000|rfpa_therm=31794|quiet_therm=32395|charging_therm=34243|,ok,1,batched,untouched,4096,512,17,1,14730,0,3377,0,4,4,ok
1,9,nvhe,4,1795000,1795000,38000,38000,BIG=37000|MID=37000|usb_pwr_therm=30303|btmspkr_therm=30236|disp_therm=30192|north_therm=30926|soc_therm=34065|battery=30600|battery_cycle=5|dc-mains=35000|usbc-therm-adc=350|max77779fg=30600|LITTLE=37000|soc=16|smpl_gm=0|vdroop1=0|batoilo=0|batoilo2=0|batt_vs=30593|mdis_morepower=0|thb_hda=51|cp_on_chip_0=33000|cp_on_chip_1=34000|G3D=36000|cp_on_chip_2=35000|cp_on_chip_3=33000|cp_on_chip_4=33000|rf2_therm=31000|rf1_therm=32000|ISP=35000|TPU=36000|AUR=36000|rfpa_therm=31794|quiet_therm=32395|charging_therm=34243|,BIG=39000|MID=37000|usb_pwr_therm=30303|btmspkr_therm=30236|disp_therm=30214|north_therm=30926|soc_therm=34132|battery=30600|battery_cycle=5|dc-mains=34500|usbc-therm-adc=350|max77779fg=30600|LITTLE=37000|soc=16|smpl_gm=0|vdroop1=0|batoilo=0|batoilo2=0|batt_vs=30593|mdis_morepower=0|thb_hda=51|cp_on_chip_0=33000|cp_on_chip_1=34000|G3D=37000|cp_on_chip_2=35000|cp_on_chip_3=33000|cp_on_chip_4=33000|rf2_therm=31000|rf1_therm=32000|ISP=35000|TPU=36000|AUR=36000|rfpa_therm=31794|quiet_therm=32395|charging_therm=34243|,ok,1,batched,untouched,4096,512,18,1,22176,0,3418,0,4,4,ok
1,9,nvhe,4,1795000,1795000,38000,38000,BIG=37000|MID=37000|usb_pwr_therm=30303|btmspkr_therm=30236|disp_therm=30192|north_therm=30926|soc_therm=34065|battery=30600|battery_cycle=5|dc-mains=35000|usbc-therm-adc=350|max77779fg=30600|LITTLE=37000|soc=16|smpl_gm=0|vdroop1=0|batoilo=0|batoilo2=0|batt_vs=30593|mdis_morepower=0|thb_hda=51|cp_on_chip_0=33000|cp_on_chip_1=34000|G3D=36000|cp_on_chip_2=35000|cp_on_chip_3=33000|cp_on_chip_4=33000|rf2_therm=31000|rf1_therm=32000|ISP=35000|TPU=36000|AUR=36000|rfpa_therm=31794|quiet_therm=32395|charging_therm=34243|,BIG=39000|MID=37000|usb_pwr_therm=30303|btmspkr_therm=30236|disp_therm=30214|north_therm=30926|soc_therm=34132|battery=30600|battery_cycle=5|dc-mains=34500|usbc-therm-adc=350|max77779fg=30600|LITTLE=37000|soc=16|smpl_gm=0|vdroop1=0|batoilo=0|batoilo2=0|batt_vs=30593|mdis_morepower=0|thb_hda=51|cp_on_chip_0=33000|cp_on_chip_1=34000|G3D=37000|cp_on_chip_2=35000|cp_on_chip_3=33000|cp_on_chip_4=33000|rf2_therm=31000|rf1_therm=32000|ISP=35000|TPU=36000|AUR=36000|rfpa_therm=31794|quiet_therm=32395|charging_therm=34243|,ok,1,batched,untouched,4096,512,19,1,19938,0,3581,0,4,4,ok
1,9,nvhe,4,1795000,1795000,38000,38000,BIG=37000|MID=37000|usb_pwr_therm=30303|btmspkr_therm=30236|disp_therm=30192|north_therm=30926|soc_therm=34065|battery=30600|battery_cycle=5|dc-mains=35000|usbc-therm-adc=350|max77779fg=30600|LITTLE=37000|soc=16|smpl_gm=0|vdroop1=0|batoilo=0|batoilo2=0|batt_vs=30593|mdis_morepower=0|thb_hda=51|cp_on_chip_0=33000|cp_on_chip_1=34000|G3D=36000|cp_on_chip_2=35000|cp_on_chip_3=33000|cp_on_chip_4=33000|rf2_therm=31000|rf1_therm=32000|ISP=35000|TPU=36000|AUR=36000|rfpa_therm=31794|quiet_therm=32395|charging_therm=34243|,BIG=39000|MID=37000|usb_pwr_therm=30303|btmspkr_therm=30236|disp_therm=30214|north_therm=30926|soc_therm=34132|battery=30600|battery_cycle=5|dc-mains=34500|usbc-therm-adc=350|max77779fg=30600|LITTLE=37000|soc=16|smpl_gm=0|vdroop1=0|batoilo=0|batoilo2=0|batt_vs=30593|mdis_morepower=0|thb_hda=51|cp_on_chip_0=33000|cp_on_chip_1=34000|G3D=37000|cp_on_chip_2=35000|cp_on_chip_3=33000|cp_on_chip_4=33000|rf2_therm=31000|rf1_therm=32000|ISP=35000|TPU=36000|AUR=36000|rfpa_therm=31794|quiet_therm=32395|charging_therm=34243|,ok,1,batched,untouched,4096,512,20,1,17090,0,3215,0,4,4,ok
1,9,nvhe,4,1795000,1795000,38000,38000,BIG=37000|MID=37000|usb_pwr_therm=30303|btmspkr_therm=30236|disp_therm=30192|north_therm=30926|soc_therm=34065|battery=30600|battery_cycle=5|dc-mains=35000|usbc-therm-adc=350|max77779fg=30600|LITTLE=37000|soc=16|smpl_gm=0|vdroop1=0|batoilo=0|batoilo2=0|batt_vs=30593|mdis_morepower=0|thb_hda=51|cp_on_chip_0=33000|cp_on_chip_1=34000|G3D=36000|cp_on_chip_2=35000|cp_on_chip_3=33000|cp_on_chip_4=33000|rf2_therm=31000|rf1_therm=32000|ISP=35000|TPU=36000|AUR=36000|rfpa_therm=31794|quiet_therm=32395|charging_therm=34243|,BIG=39000|MID=37000|usb_pwr_therm=30303|btmspkr_therm=30236|disp_therm=30214|north_therm=30926|soc_therm=34132|battery=30600|battery_cycle=5|dc-mains=34500|usbc-therm-adc=350|max77779fg=30600|LITTLE=37000|soc=16|smpl_gm=0|vdroop1=0|batoilo=0|batoilo2=0|batt_vs=30593|mdis_morepower=0|thb_hda=51|cp_on_chip_0=33000|cp_on_chip_1=34000|G3D=37000|cp_on_chip_2=35000|cp_on_chip_3=33000|cp_on_chip_4=33000|rf2_therm=31000|rf1_therm=32000|ISP=35000|TPU=36000|AUR=36000|rfpa_therm=31794|quiet_therm=32395|charging_therm=34243|,ok,1,batched,untouched,4096,512,21,1,18473,0,3337,0,4,4,ok
1,9,nvhe,4,1795000,1795000,38000,38000,BIG=37000|MID=37000|usb_pwr_therm=30303|btmspkr_therm=30236|disp_therm=30192|north_therm=30926|soc_therm=34065|battery=30600|battery_cycle=5|dc-mains=35000|usbc-therm-adc=350|max77779fg=30600|LITTLE=37000|soc=16|smpl_gm=0|vdroop1=0|batoilo=0|batoilo2=0|batt_vs=30593|mdis_morepower=0|thb_hda=51|cp_on_chip_0=33000|cp_on_chip_1=34000|G3D=36000|cp_on_chip_2=35000|cp_on_chip_3=33000|cp_on_chip_4=33000|rf2_therm=31000|rf1_therm=32000|ISP=35000|TPU=36000|AUR=36000|rfpa_therm=31794|quiet_therm=32395|charging_therm=34243|,BIG=39000|MID=37000|usb_pwr_therm=30303|btmspkr_therm=30236|disp_therm=30214|north_therm=30926|soc_therm=34132|battery=30600|battery_cycle=5|dc-mains=34500|usbc-therm-adc=350|max77779fg=30600|LITTLE=37000|soc=16|smpl_gm=0|vdroop1=0|batoilo=0|batoilo2=0|batt_vs=30593|mdis_morepower=0|thb_hda=51|cp_on_chip_0=33000|cp_on_chip_1=34000|G3D=37000|cp_on_chip_2=35000|cp_on_chip_3=33000|cp_on_chip_4=33000|rf2_therm=31000|rf1_therm=32000|ISP=35000|TPU=36000|AUR=36000|rfpa_therm=31794|quiet_therm=32395|charging_therm=34243|,ok,1,batched,untouched,4096,512,22,1,16154,0,3378,0,4,4,ok
1,9,nvhe,4,1795000,1795000,38000,38000,BIG=37000|MID=37000|usb_pwr_therm=30303|btmspkr_therm=30236|disp_therm=30192|north_therm=30926|soc_therm=34065|battery=30600|battery_cycle=5|dc-mains=35000|usbc-therm-adc=350|max77779fg=30600|LITTLE=37000|soc=16|smpl_gm=0|vdroop1=0|batoilo=0|batoilo2=0|batt_vs=30593|mdis_morepower=0|thb_hda=51|cp_on_chip_0=33000|cp_on_chip_1=34000|G3D=36000|cp_on_chip_2=35000|cp_on_chip_3=33000|cp_on_chip_4=33000|rf2_therm=31000|rf1_therm=32000|ISP=35000|TPU=36000|AUR=36000|rfpa_therm=31794|quiet_therm=32395|charging_therm=34243|,BIG=39000|MID=37000|usb_pwr_therm=30303|btmspkr_therm=30236|disp_therm=30214|north_therm=30926|soc_therm=34132|battery=30600|battery_cycle=5|dc-mains=34500|usbc-therm-adc=350|max77779fg=30600|LITTLE=37000|soc=16|smpl_gm=0|vdroop1=0|batoilo=0|batoilo2=0|batt_vs=30593|mdis_morepower=0|thb_hda=51|cp_on_chip_0=33000|cp_on_chip_1=34000|G3D=37000|cp_on_chip_2=35000|cp_on_chip_3=33000|cp_on_chip_4=33000|rf2_therm=31000|rf1_therm=32000|ISP=35000|TPU=36000|AUR=36000|rfpa_therm=31794|quiet_therm=32395|charging_therm=34243|,ok,1,batched,untouched,4096,512,23,1,15502,0,3377,0,4,4,ok
1,9,nvhe,4,1795000,1795000,38000,38000,BIG=37000|MID=37000|usb_pwr_therm=30303|btmspkr_therm=30236|disp_therm=30192|north_therm=30926|soc_therm=34065|battery=30600|battery_cycle=5|dc-mains=35000|usbc-therm-adc=350|max77779fg=30600|LITTLE=37000|soc=16|smpl_gm=0|vdroop1=0|batoilo=0|batoilo2=0|batt_vs=30593|mdis_morepower=0|thb_hda=51|cp_on_chip_0=33000|cp_on_chip_1=34000|G3D=36000|cp_on_chip_2=35000|cp_on_chip_3=33000|cp_on_chip_4=33000|rf2_therm=31000|rf1_therm=32000|ISP=35000|TPU=36000|AUR=36000|rfpa_therm=31794|quiet_therm=32395|charging_therm=34243|,BIG=39000|MID=37000|usb_pwr_therm=30303|btmspkr_therm=30236|disp_therm=30214|north_therm=30926|soc_therm=34132|battery=30600|battery_cycle=5|dc-mains=34500|usbc-therm-adc=350|max77779fg=30600|LITTLE=37000|soc=16|smpl_gm=0|vdroop1=0|batoilo=0|batoilo2=0|batt_vs=30593|mdis_morepower=0|thb_hda=51|cp_on_chip_0=33000|cp_on_chip_1=34000|G3D=37000|cp_on_chip_2=35000|cp_on_chip_3=33000|cp_on_chip_4=33000|rf2_therm=31000|rf1_therm=32000|ISP=35000|TPU=36000|AUR=36000|rfpa_therm=31794|quiet_therm=32395|charging_therm=34243|,ok,1,batched,untouched,4096,512,24,1,16235,0,3337,0,4,4,ok
1,9,nvhe,4,1795000,1795000,38000,38000,BIG=37000|MID=37000|usb_pwr_therm=30303|btmspkr_therm=30236|disp_therm=30192|north_therm=30926|soc_therm=34065|battery=30600|battery_cycle=5|dc-mains=35000|usbc-therm-adc=350|max77779fg=30600|LITTLE=37000|soc=16|smpl_gm=0|vdroop1=0|batoilo=0|batoilo2=0|batt_vs=30593|mdis_morepower=0|thb_hda=51|cp_on_chip_0=33000|cp_on_chip_1=34000|G3D=36000|cp_on_chip_2=35000|cp_on_chip_3=33000|cp_on_chip_4=33000|rf2_therm=31000|rf1_therm=32000|ISP=35000|TPU=36000|AUR=36000|rfpa_therm=31794|quiet_therm=32395|charging_therm=34243|,BIG=39000|MID=37000|usb_pwr_therm=30303|btmspkr_therm=30236|disp_therm=30214|north_therm=30926|soc_therm=34132|battery=30600|battery_cycle=5|dc-mains=34500|usbc-therm-adc=350|max77779fg=30600|LITTLE=37000|soc=16|smpl_gm=0|vdroop1=0|batoilo=0|batoilo2=0|batt_vs=30593|mdis_morepower=0|thb_hda=51|cp_on_chip_0=33000|cp_on_chip_1=34000|G3D=37000|cp_on_chip_2=35000|cp_on_chip_3=33000|cp_on_chip_4=33000|rf2_therm=31000|rf1_therm=32000|ISP=35000|TPU=36000|AUR=36000|rfpa_therm=31794|quiet_therm=32395|charging_therm=34243|,ok,1,batched,untouched,4096,512,25,1,17050,0,3296,0,4,4,ok
1,9,nvhe,4,1795000,1795000,38000,38000,BIG=37000|MID=37000|usb_pwr_therm=30303|btmspkr_therm=30236|disp_therm=30192|north_therm=30926|soc_therm=34065|battery=30600|battery_cycle=5|dc-mains=35000|usbc-therm-adc=350|max77779fg=30600|LITTLE=37000|soc=16|smpl_gm=0|vdroop1=0|batoilo=0|batoilo2=0|batt_vs=30593|mdis_morepower=0|thb_hda=51|cp_on_chip_0=33000|cp_on_chip_1=34000|G3D=36000|cp_on_chip_2=35000|cp_on_chip_3=33000|cp_on_chip_4=33000|rf2_therm=31000|rf1_therm=32000|ISP=35000|TPU=36000|AUR=36000|rfpa_therm=31794|quiet_therm=32395|charging_therm=34243|,BIG=39000|MID=37000|usb_pwr_therm=30303|btmspkr_therm=30236|disp_therm=30214|north_therm=30926|soc_therm=34132|battery=30600|battery_cycle=5|dc-mains=34500|usbc-therm-adc=350|max77779fg=30600|LITTLE=37000|soc=16|smpl_gm=0|vdroop1=0|batoilo=0|batoilo2=0|batt_vs=30593|mdis_morepower=0|thb_hda=51|cp_on_chip_0=33000|cp_on_chip_1=34000|G3D=37000|cp_on_chip_2=35000|cp_on_chip_3=33000|cp_on_chip_4=33000|rf2_therm=31000|rf1_therm=32000|ISP=35000|TPU=36000|AUR=36000|rfpa_therm=31794|quiet_therm=32395|charging_therm=34243|,ok,1,batched,untouched,4096,512,26,1,17171,0,3418,0,4,4,ok
1,9,nvhe,4,1795000,1795000,38000,38000,BIG=37000|MID=37000|usb_pwr_therm=30303|btmspkr_therm=30236|disp_therm=30192|north_therm=30926|soc_therm=34065|battery=30600|battery_cycle=5|dc-mains=35000|usbc-therm-adc=350|max77779fg=30600|LITTLE=37000|soc=16|smpl_gm=0|vdroop1=0|batoilo=0|batoilo2=0|batt_vs=30593|mdis_morepower=0|thb_hda=51|cp_on_chip_0=33000|cp_on_chip_1=34000|G3D=36000|cp_on_chip_2=35000|cp_on_chip_3=33000|cp_on_chip_4=33000|rf2_therm=31000|rf1_therm=32000|ISP=35000|TPU=36000|AUR=36000|rfpa_therm=31794|quiet_therm=32395|charging_therm=34243|,BIG=39000|MID=37000|usb_pwr_therm=30303|btmspkr_therm=30236|disp_therm=30214|north_therm=30926|soc_therm=34132|battery=30600|battery_cycle=5|dc-mains=34500|usbc-therm-adc=350|max77779fg=30600|LITTLE=37000|soc=16|smpl_gm=0|vdroop1=0|batoilo=0|batoilo2=0|batt_vs=30593|mdis_morepower=0|thb_hda=51|cp_on_chip_0=33000|cp_on_chip_1=34000|G3D=37000|cp_on_chip_2=35000|cp_on_chip_3=33000|cp_on_chip_4=33000|rf2_therm=31000|rf1_therm=32000|ISP=35000|TPU=36000|AUR=36000|rfpa_therm=31794|quiet_therm=32395|charging_therm=34243|,ok,1,batched,untouched,4096,512,27,1,15869,0,3377,0,4,4,ok
1,9,nvhe,4,1795000,1795000,38000,38000,BIG=37000|MID=37000|usb_pwr_therm=30303|btmspkr_therm=30236|disp_therm=30192|north_therm=30926|soc_therm=34065|battery=30600|battery_cycle=5|dc-mains=35000|usbc-therm-adc=350|max77779fg=30600|LITTLE=37000|soc=16|smpl_gm=0|vdroop1=0|batoilo=0|batoilo2=0|batt_vs=30593|mdis_morepower=0|thb_hda=51|cp_on_chip_0=33000|cp_on_chip_1=34000|G3D=36000|cp_on_chip_2=35000|cp_on_chip_3=33000|cp_on_chip_4=33000|rf2_therm=31000|rf1_therm=32000|ISP=35000|TPU=36000|AUR=36000|rfpa_therm=31794|quiet_therm=32395|charging_therm=34243|,BIG=39000|MID=37000|usb_pwr_therm=30303|btmspkr_therm=30236|disp_therm=30214|north_therm=30926|soc_therm=34132|battery=30600|battery_cycle=5|dc-mains=34500|usbc-therm-adc=350|max77779fg=30600|LITTLE=37000|soc=16|smpl_gm=0|vdroop1=0|batoilo=0|batoilo2=0|batt_vs=30593|mdis_morepower=0|thb_hda=51|cp_on_chip_0=33000|cp_on_chip_1=34000|G3D=37000|cp_on_chip_2=35000|cp_on_chip_3=33000|cp_on_chip_4=33000|rf2_therm=31000|rf1_therm=32000|ISP=35000|TPU=36000|AUR=36000|rfpa_therm=31794|quiet_therm=32395|charging_therm=34243|,ok,1,batched,untouched,4096,512,28,1,17212,0,3337,0,4,4,ok
1,9,nvhe,4,1795000,1795000,38000,38000,BIG=37000|MID=37000|usb_pwr_therm=30303|btmspkr_therm=30236|disp_therm=30192|north_therm=30926|soc_therm=34065|battery=30600|battery_cycle=5|dc-mains=35000|usbc-therm-adc=350|max77779fg=30600|LITTLE=37000|soc=16|smpl_gm=0|vdroop1=0|batoilo=0|batoilo2=0|batt_vs=30593|mdis_morepower=0|thb_hda=51|cp_on_chip_0=33000|cp_on_chip_1=34000|G3D=36000|cp_on_chip_2=35000|cp_on_chip_3=33000|cp_on_chip_4=33000|rf2_therm=31000|rf1_therm=32000|ISP=35000|TPU=36000|AUR=36000|rfpa_therm=31794|quiet_therm=32395|charging_therm=34243|,BIG=39000|MID=37000|usb_pwr_therm=30303|btmspkr_therm=30236|disp_therm=30214|north_therm=30926|soc_therm=34132|battery=30600|battery_cycle=5|dc-mains=34500|usbc-therm-adc=350|max77779fg=30600|LITTLE=37000|soc=16|smpl_gm=0|vdroop1=0|batoilo=0|batoilo2=0|batt_vs=30593|mdis_morepower=0|thb_hda=51|cp_on_chip_0=33000|cp_on_chip_1=34000|G3D=37000|cp_on_chip_2=35000|cp_on_chip_3=33000|cp_on_chip_4=33000|rf2_therm=31000|rf1_therm=32000|ISP=35000|TPU=36000|AUR=36000|rfpa_therm=31794|quiet_therm=32395|charging_therm=34243|,ok,1,batched,untouched,4096,512,29,1,17375,0,3296,0,4,4,ok
1,10,nvhe,4,1795000,578000,37000,38000,BIG=38000|MID=37000|usb_pwr_therm=30303|btmspkr_therm=30236|disp_therm=30214|north_therm=30926|soc_therm=34176|battery=30600|battery_cycle=5|dc-mains=35000|usbc-therm-adc=350|max77779fg=30600|LITTLE=37000|soc=16|smpl_gm=0|vdroop1=0|batoilo=0|batoilo2=0|batt_vs=30593|mdis_morepower=0|thb_hda=51|cp_on_chip_0=33000|cp_on_chip_1=34000|G3D=36000|cp_on_chip_2=35000|cp_on_chip_3=33000|cp_on_chip_4=33000|rf2_therm=31000|rf1_therm=32000|ISP=35000|TPU=37000|AUR=36000|rfpa_therm=31817|quiet_therm=32440|charging_therm=34287|,BIG=37000|MID=37000|usb_pwr_therm=30303|btmspkr_therm=30236|disp_therm=30236|north_therm=30926|soc_therm=34176|battery=30600|battery_cycle=5|dc-mains=35000|usbc-therm-adc=350|max77779fg=30600|LITTLE=37000|soc=16|smpl_gm=0|vdroop1=0|batoilo=0|batoilo2=0|batt_vs=30594|mdis_morepower=0|thb_hda=51|cp_on_chip_0=33000|cp_on_chip_1=34000|G3D=37000|cp_on_chip_2=35000|cp_on_chip_3=33000|cp_on_chip_4=33000|rf2_therm=31000|rf1_therm=32000|ISP=36000|TPU=36000|AUR=36000|rfpa_therm=31817|quiet_therm=32440|charging_therm=34287|,ok,1,batched,touched,4096,4096,0,1,10719807,4096,1873210,0,4,4,ok
1,10,nvhe,4,1795000,578000,37000,38000,BIG=38000|MID=37000|usb_pwr_therm=30303|btmspkr_therm=30236|disp_therm=30214|north_therm=30926|soc_therm=34176|battery=30600|battery_cycle=5|dc-mains=35000|usbc-therm-adc=350|max77779fg=30600|LITTLE=37000|soc=16|smpl_gm=0|vdroop1=0|batoilo=0|batoilo2=0|batt_vs=30593|mdis_morepower=0|thb_hda=51|cp_on_chip_0=33000|cp_on_chip_1=34000|G3D=36000|cp_on_chip_2=35000|cp_on_chip_3=33000|cp_on_chip_4=33000|rf2_therm=31000|rf1_therm=32000|ISP=35000|TPU=37000|AUR=36000|rfpa_therm=31817|quiet_therm=32440|charging_therm=34287|,BIG=37000|MID=37000|usb_pwr_therm=30303|btmspkr_therm=30236|disp_therm=30236|north_therm=30926|soc_therm=34176|battery=30600|battery_cycle=5|dc-mains=35000|usbc-therm-adc=350|max77779fg=30600|LITTLE=37000|soc=16|smpl_gm=0|vdroop1=0|batoilo=0|batoilo2=0|batt_vs=30594|mdis_morepower=0|thb_hda=51|cp_on_chip_0=33000|cp_on_chip_1=34000|G3D=37000|cp_on_chip_2=35000|cp_on_chip_3=33000|cp_on_chip_4=33000|rf2_therm=31000|rf1_therm=32000|ISP=36000|TPU=36000|AUR=36000|rfpa_therm=31817|quiet_therm=32440|charging_therm=34287|,ok,1,batched,touched,4096,4096,1,1,4981120,4096,849446,0,4,4,ok
1,10,nvhe,4,1795000,578000,37000,38000,BIG=38000|MID=37000|usb_pwr_therm=30303|btmspkr_therm=30236|disp_therm=30214|north_therm=30926|soc_therm=34176|battery=30600|battery_cycle=5|dc-mains=35000|usbc-therm-adc=350|max77779fg=30600|LITTLE=37000|soc=16|smpl_gm=0|vdroop1=0|batoilo=0|batoilo2=0|batt_vs=30593|mdis_morepower=0|thb_hda=51|cp_on_chip_0=33000|cp_on_chip_1=34000|G3D=36000|cp_on_chip_2=35000|cp_on_chip_3=33000|cp_on_chip_4=33000|rf2_therm=31000|rf1_therm=32000|ISP=35000|TPU=37000|AUR=36000|rfpa_therm=31817|quiet_therm=32440|charging_therm=34287|,BIG=37000|MID=37000|usb_pwr_therm=30303|btmspkr_therm=30236|disp_therm=30236|north_therm=30926|soc_therm=34176|battery=30600|battery_cycle=5|dc-mains=35000|usbc-therm-adc=350|max77779fg=30600|LITTLE=37000|soc=16|smpl_gm=0|vdroop1=0|batoilo=0|batoilo2=0|batt_vs=30594|mdis_morepower=0|thb_hda=51|cp_on_chip_0=33000|cp_on_chip_1=34000|G3D=37000|cp_on_chip_2=35000|cp_on_chip_3=33000|cp_on_chip_4=33000|rf2_therm=31000|rf1_therm=32000|ISP=36000|TPU=36000|AUR=36000|rfpa_therm=31817|quiet_therm=32440|charging_therm=34287|,ok,1,batched,touched,4096,4096,2,1,4008464,4096,790650,0,4,4,ok
1,10,nvhe,4,1795000,578000,37000,38000,BIG=38000|MID=37000|usb_pwr_therm=30303|btmspkr_therm=30236|disp_therm=30214|north_therm=30926|soc_therm=34176|battery=30600|battery_cycle=5|dc-mains=35000|usbc-therm-adc=350|max77779fg=30600|LITTLE=37000|soc=16|smpl_gm=0|vdroop1=0|batoilo=0|batoilo2=0|batt_vs=30593|mdis_morepower=0|thb_hda=51|cp_on_chip_0=33000|cp_on_chip_1=34000|G3D=36000|cp_on_chip_2=35000|cp_on_chip_3=33000|cp_on_chip_4=33000|rf2_therm=31000|rf1_therm=32000|ISP=35000|TPU=37000|AUR=36000|rfpa_therm=31817|quiet_therm=32440|charging_therm=34287|,BIG=37000|MID=37000|usb_pwr_therm=30303|btmspkr_therm=30236|disp_therm=30236|north_therm=30926|soc_therm=34176|battery=30600|battery_cycle=5|dc-mains=35000|usbc-therm-adc=350|max77779fg=30600|LITTLE=37000|soc=16|smpl_gm=0|vdroop1=0|batoilo=0|batoilo2=0|batt_vs=30594|mdis_morepower=0|thb_hda=51|cp_on_chip_0=33000|cp_on_chip_1=34000|G3D=37000|cp_on_chip_2=35000|cp_on_chip_3=33000|cp_on_chip_4=33000|rf2_therm=31000|rf1_therm=32000|ISP=36000|TPU=36000|AUR=36000|rfpa_therm=31817|quiet_therm=32440|charging_therm=34287|,ok,1,batched,touched,4096,4096,3,1,3777018,4096,656209,0,4,4,ok
1,10,nvhe,4,1795000,578000,37000,38000,BIG=38000|MID=37000|usb_pwr_therm=30303|btmspkr_therm=30236|disp_therm=30214|north_therm=30926|soc_therm=34176|battery=30600|battery_cycle=5|dc-mains=35000|usbc-therm-adc=350|max77779fg=30600|LITTLE=37000|soc=16|smpl_gm=0|vdroop1=0|batoilo=0|batoilo2=0|batt_vs=30593|mdis_morepower=0|thb_hda=51|cp_on_chip_0=33000|cp_on_chip_1=34000|G3D=36000|cp_on_chip_2=35000|cp_on_chip_3=33000|cp_on_chip_4=33000|rf2_therm=31000|rf1_therm=32000|ISP=35000|TPU=37000|AUR=36000|rfpa_therm=31817|quiet_therm=32440|charging_therm=34287|,BIG=37000|MID=37000|usb_pwr_therm=30303|btmspkr_therm=30236|disp_therm=30236|north_therm=30926|soc_therm=34176|battery=30600|battery_cycle=5|dc-mains=35000|usbc-therm-adc=350|max77779fg=30600|LITTLE=37000|soc=16|smpl_gm=0|vdroop1=0|batoilo=0|batoilo2=0|batt_vs=30594|mdis_morepower=0|thb_hda=51|cp_on_chip_0=33000|cp_on_chip_1=34000|G3D=37000|cp_on_chip_2=35000|cp_on_chip_3=33000|cp_on_chip_4=33000|rf2_therm=31000|rf1_therm=32000|ISP=36000|TPU=36000|AUR=36000|rfpa_therm=31817|quiet_therm=32440|charging_therm=34287|,ok,1,batched,touched,4096,4096,4,1,4042725,4096,920614,0,4,4,ok
1,10,nvhe,4,1795000,578000,37000,38000,BIG=38000|MID=37000|usb_pwr_therm=30303|btmspkr_therm=30236|disp_therm=30214|north_therm=30926|soc_therm=34176|battery=30600|battery_cycle=5|dc-mains=35000|usbc-therm-adc=350|max77779fg=30600|LITTLE=37000|soc=16|smpl_gm=0|vdroop1=0|batoilo=0|batoilo2=0|batt_vs=30593|mdis_morepower=0|thb_hda=51|cp_on_chip_0=33000|cp_on_chip_1=34000|G3D=36000|cp_on_chip_2=35000|cp_on_chip_3=33000|cp_on_chip_4=33000|rf2_therm=31000|rf1_therm=32000|ISP=35000|TPU=37000|AUR=36000|rfpa_therm=31817|quiet_therm=32440|charging_therm=34287|,BIG=37000|MID=37000|usb_pwr_therm=30303|btmspkr_therm=30236|disp_therm=30236|north_therm=30926|soc_therm=34176|battery=30600|battery_cycle=5|dc-mains=35000|usbc-therm-adc=350|max77779fg=30600|LITTLE=37000|soc=16|smpl_gm=0|vdroop1=0|batoilo=0|batoilo2=0|batt_vs=30594|mdis_morepower=0|thb_hda=51|cp_on_chip_0=33000|cp_on_chip_1=34000|G3D=37000|cp_on_chip_2=35000|cp_on_chip_3=33000|cp_on_chip_4=33000|rf2_therm=31000|rf1_therm=32000|ISP=36000|TPU=36000|AUR=36000|rfpa_therm=31817|quiet_therm=32440|charging_therm=34287|,ok,1,batched,touched,4096,4096,5,1,4204752,4096,727458,0,4,4,ok
1,10,nvhe,4,1795000,578000,37000,38000,BIG=38000|MID=37000|usb_pwr_therm=30303|btmspkr_therm=30236|disp_therm=30214|north_therm=30926|soc_therm=34176|battery=30600|battery_cycle=5|dc-mains=35000|usbc-therm-adc=350|max77779fg=30600|LITTLE=37000|soc=16|smpl_gm=0|vdroop1=0|batoilo=0|batoilo2=0|batt_vs=30593|mdis_morepower=0|thb_hda=51|cp_on_chip_0=33000|cp_on_chip_1=34000|G3D=36000|cp_on_chip_2=35000|cp_on_chip_3=33000|cp_on_chip_4=33000|rf2_therm=31000|rf1_therm=32000|ISP=35000|TPU=37000|AUR=36000|rfpa_therm=31817|quiet_therm=32440|charging_therm=34287|,BIG=37000|MID=37000|usb_pwr_therm=30303|btmspkr_therm=30236|disp_therm=30236|north_therm=30926|soc_therm=34176|battery=30600|battery_cycle=5|dc-mains=35000|usbc-therm-adc=350|max77779fg=30600|LITTLE=37000|soc=16|smpl_gm=0|vdroop1=0|batoilo=0|batoilo2=0|batt_vs=30594|mdis_morepower=0|thb_hda=51|cp_on_chip_0=33000|cp_on_chip_1=34000|G3D=37000|cp_on_chip_2=35000|cp_on_chip_3=33000|cp_on_chip_4=33000|rf2_therm=31000|rf1_therm=32000|ISP=36000|TPU=36000|AUR=36000|rfpa_therm=31817|quiet_therm=32440|charging_therm=34287|,ok,1,batched,touched,4096,4096,6,1,4151977,4096,699423,0,4,4,ok
1,10,nvhe,4,1795000,578000,37000,38000,BIG=38000|MID=37000|usb_pwr_therm=30303|btmspkr_therm=30236|disp_therm=30214|north_therm=30926|soc_therm=34176|battery=30600|battery_cycle=5|dc-mains=35000|usbc-therm-adc=350|max77779fg=30600|LITTLE=37000|soc=16|smpl_gm=0|vdroop1=0|batoilo=0|batoilo2=0|batt_vs=30593|mdis_morepower=0|thb_hda=51|cp_on_chip_0=33000|cp_on_chip_1=34000|G3D=36000|cp_on_chip_2=35000|cp_on_chip_3=33000|cp_on_chip_4=33000|rf2_therm=31000|rf1_therm=32000|ISP=35000|TPU=37000|AUR=36000|rfpa_therm=31817|quiet_therm=32440|charging_therm=34287|,BIG=37000|MID=37000|usb_pwr_therm=30303|btmspkr_therm=30236|disp_therm=30236|north_therm=30926|soc_therm=34176|battery=30600|battery_cycle=5|dc-mains=35000|usbc-therm-adc=350|max77779fg=30600|LITTLE=37000|soc=16|smpl_gm=0|vdroop1=0|batoilo=0|batoilo2=0|batt_vs=30594|mdis_morepower=0|thb_hda=51|cp_on_chip_0=33000|cp_on_chip_1=34000|G3D=37000|cp_on_chip_2=35000|cp_on_chip_3=33000|cp_on_chip_4=33000|rf2_therm=31000|rf1_therm=32000|ISP=36000|TPU=36000|AUR=36000|rfpa_therm=31817|quiet_therm=32440|charging_therm=34287|,ok,1,batched,touched,4096,4096,7,1,4024781,4096,689576,0,4,4,ok
1,10,nvhe,4,1795000,578000,37000,38000,BIG=38000|MID=37000|usb_pwr_therm=30303|btmspkr_therm=30236|disp_therm=30214|north_therm=30926|soc_therm=34176|battery=30600|battery_cycle=5|dc-mains=35000|usbc-therm-adc=350|max77779fg=30600|LITTLE=37000|soc=16|smpl_gm=0|vdroop1=0|batoilo=0|batoilo2=0|batt_vs=30593|mdis_morepower=0|thb_hda=51|cp_on_chip_0=33000|cp_on_chip_1=34000|G3D=36000|cp_on_chip_2=35000|cp_on_chip_3=33000|cp_on_chip_4=33000|rf2_therm=31000|rf1_therm=32000|ISP=35000|TPU=37000|AUR=36000|rfpa_therm=31817|quiet_therm=32440|charging_therm=34287|,BIG=37000|MID=37000|usb_pwr_therm=30303|btmspkr_therm=30236|disp_therm=30236|north_therm=30926|soc_therm=34176|battery=30600|battery_cycle=5|dc-mains=35000|usbc-therm-adc=350|max77779fg=30600|LITTLE=37000|soc=16|smpl_gm=0|vdroop1=0|batoilo=0|batoilo2=0|batt_vs=30594|mdis_morepower=0|thb_hda=51|cp_on_chip_0=33000|cp_on_chip_1=34000|G3D=37000|cp_on_chip_2=35000|cp_on_chip_3=33000|cp_on_chip_4=33000|rf2_therm=31000|rf1_therm=32000|ISP=36000|TPU=36000|AUR=36000|rfpa_therm=31817|quiet_therm=32440|charging_therm=34287|,ok,1,batched,touched,4096,4096,8,1,4027221,4096,696818,0,4,4,ok
1,10,nvhe,4,1795000,578000,37000,38000,BIG=38000|MID=37000|usb_pwr_therm=30303|btmspkr_therm=30236|disp_therm=30214|north_therm=30926|soc_therm=34176|battery=30600|battery_cycle=5|dc-mains=35000|usbc-therm-adc=350|max77779fg=30600|LITTLE=37000|soc=16|smpl_gm=0|vdroop1=0|batoilo=0|batoilo2=0|batt_vs=30593|mdis_morepower=0|thb_hda=51|cp_on_chip_0=33000|cp_on_chip_1=34000|G3D=36000|cp_on_chip_2=35000|cp_on_chip_3=33000|cp_on_chip_4=33000|rf2_therm=31000|rf1_therm=32000|ISP=35000|TPU=37000|AUR=36000|rfpa_therm=31817|quiet_therm=32440|charging_therm=34287|,BIG=37000|MID=37000|usb_pwr_therm=30303|btmspkr_therm=30236|disp_therm=30236|north_therm=30926|soc_therm=34176|battery=30600|battery_cycle=5|dc-mains=35000|usbc-therm-adc=350|max77779fg=30600|LITTLE=37000|soc=16|smpl_gm=0|vdroop1=0|batoilo=0|batoilo2=0|batt_vs=30594|mdis_morepower=0|thb_hda=51|cp_on_chip_0=33000|cp_on_chip_1=34000|G3D=37000|cp_on_chip_2=35000|cp_on_chip_3=33000|cp_on_chip_4=33000|rf2_therm=31000|rf1_therm=32000|ISP=36000|TPU=36000|AUR=36000|rfpa_therm=31817|quiet_therm=32440|charging_therm=34287|,ok,1,batched,touched,4096,4096,9,1,4041830,4096,640137,0,4,4,ok
1,10,nvhe,4,1795000,578000,37000,38000,BIG=38000|MID=37000|usb_pwr_therm=30303|btmspkr_therm=30236|disp_therm=30214|north_therm=30926|soc_therm=34176|battery=30600|battery_cycle=5|dc-mains=35000|usbc-therm-adc=350|max77779fg=30600|LITTLE=37000|soc=16|smpl_gm=0|vdroop1=0|batoilo=0|batoilo2=0|batt_vs=30593|mdis_morepower=0|thb_hda=51|cp_on_chip_0=33000|cp_on_chip_1=34000|G3D=36000|cp_on_chip_2=35000|cp_on_chip_3=33000|cp_on_chip_4=33000|rf2_therm=31000|rf1_therm=32000|ISP=35000|TPU=37000|AUR=36000|rfpa_therm=31817|quiet_therm=32440|charging_therm=34287|,BIG=37000|MID=37000|usb_pwr_therm=30303|btmspkr_therm=30236|disp_therm=30236|north_therm=30926|soc_therm=34176|battery=30600|battery_cycle=5|dc-mains=35000|usbc-therm-adc=350|max77779fg=30600|LITTLE=37000|soc=16|smpl_gm=0|vdroop1=0|batoilo=0|batoilo2=0|batt_vs=30594|mdis_morepower=0|thb_hda=51|cp_on_chip_0=33000|cp_on_chip_1=34000|G3D=37000|cp_on_chip_2=35000|cp_on_chip_3=33000|cp_on_chip_4=33000|rf2_therm=31000|rf1_therm=32000|ISP=36000|TPU=36000|AUR=36000|rfpa_therm=31817|quiet_therm=32440|charging_therm=34287|,ok,1,batched,touched,4096,4096,10,1,4005737,4096,622396,0,4,4,ok
1,10,nvhe,4,1795000,578000,37000,38000,BIG=38000|MID=37000|usb_pwr_therm=30303|btmspkr_therm=30236|disp_therm=30214|north_therm=30926|soc_therm=34176|battery=30600|battery_cycle=5|dc-mains=35000|usbc-therm-adc=350|max77779fg=30600|LITTLE=37000|soc=16|smpl_gm=0|vdroop1=0|batoilo=0|batoilo2=0|batt_vs=30593|mdis_morepower=0|thb_hda=51|cp_on_chip_0=33000|cp_on_chip_1=34000|G3D=36000|cp_on_chip_2=35000|cp_on_chip_3=33000|cp_on_chip_4=33000|rf2_therm=31000|rf1_therm=32000|ISP=35000|TPU=37000|AUR=36000|rfpa_therm=31817|quiet_therm=32440|charging_therm=34287|,BIG=37000|MID=37000|usb_pwr_therm=30303|btmspkr_therm=30236|disp_therm=30236|north_therm=30926|soc_therm=34176|battery=30600|battery_cycle=5|dc-mains=35000|usbc-therm-adc=350|max77779fg=30600|LITTLE=37000|soc=16|smpl_gm=0|vdroop1=0|batoilo=0|batoilo2=0|batt_vs=30594|mdis_morepower=0|thb_hda=51|cp_on_chip_0=33000|cp_on_chip_1=34000|G3D=37000|cp_on_chip_2=35000|cp_on_chip_3=33000|cp_on_chip_4=33000|rf2_therm=31000|rf1_therm=32000|ISP=36000|TPU=36000|AUR=36000|rfpa_therm=31817|quiet_therm=32440|charging_therm=34287|,ok,1,batched,touched,4096,4096,11,1,4040446,4096,644288,0,4,4,ok
1,10,nvhe,4,1795000,578000,37000,38000,BIG=38000|MID=37000|usb_pwr_therm=30303|btmspkr_therm=30236|disp_therm=30214|north_therm=30926|soc_therm=34176|battery=30600|battery_cycle=5|dc-mains=35000|usbc-therm-adc=350|max77779fg=30600|LITTLE=37000|soc=16|smpl_gm=0|vdroop1=0|batoilo=0|batoilo2=0|batt_vs=30593|mdis_morepower=0|thb_hda=51|cp_on_chip_0=33000|cp_on_chip_1=34000|G3D=36000|cp_on_chip_2=35000|cp_on_chip_3=33000|cp_on_chip_4=33000|rf2_therm=31000|rf1_therm=32000|ISP=35000|TPU=37000|AUR=36000|rfpa_therm=31817|quiet_therm=32440|charging_therm=34287|,BIG=37000|MID=37000|usb_pwr_therm=30303|btmspkr_therm=30236|disp_therm=30236|north_therm=30926|soc_therm=34176|battery=30600|battery_cycle=5|dc-mains=35000|usbc-therm-adc=350|max77779fg=30600|LITTLE=37000|soc=16|smpl_gm=0|vdroop1=0|batoilo=0|batoilo2=0|batt_vs=30594|mdis_morepower=0|thb_hda=51|cp_on_chip_0=33000|cp_on_chip_1=34000|G3D=37000|cp_on_chip_2=35000|cp_on_chip_3=33000|cp_on_chip_4=33000|rf2_therm=31000|rf1_therm=32000|ISP=36000|TPU=36000|AUR=36000|rfpa_therm=31817|quiet_therm=32440|charging_therm=34287|,ok,1,batched,touched,4096,4096,12,1,3978434,4096,596964,0,4,4,ok
1,10,nvhe,4,1795000,578000,37000,38000,BIG=38000|MID=37000|usb_pwr_therm=30303|btmspkr_therm=30236|disp_therm=30214|north_therm=30926|soc_therm=34176|battery=30600|battery_cycle=5|dc-mains=35000|usbc-therm-adc=350|max77779fg=30600|LITTLE=37000|soc=16|smpl_gm=0|vdroop1=0|batoilo=0|batoilo2=0|batt_vs=30593|mdis_morepower=0|thb_hda=51|cp_on_chip_0=33000|cp_on_chip_1=34000|G3D=36000|cp_on_chip_2=35000|cp_on_chip_3=33000|cp_on_chip_4=33000|rf2_therm=31000|rf1_therm=32000|ISP=35000|TPU=37000|AUR=36000|rfpa_therm=31817|quiet_therm=32440|charging_therm=34287|,BIG=37000|MID=37000|usb_pwr_therm=30303|btmspkr_therm=30236|disp_therm=30236|north_therm=30926|soc_therm=34176|battery=30600|battery_cycle=5|dc-mains=35000|usbc-therm-adc=350|max77779fg=30600|LITTLE=37000|soc=16|smpl_gm=0|vdroop1=0|batoilo=0|batoilo2=0|batt_vs=30594|mdis_morepower=0|thb_hda=51|cp_on_chip_0=33000|cp_on_chip_1=34000|G3D=37000|cp_on_chip_2=35000|cp_on_chip_3=33000|cp_on_chip_4=33000|rf2_therm=31000|rf1_therm=32000|ISP=36000|TPU=36000|AUR=36000|rfpa_therm=31817|quiet_therm=32440|charging_therm=34287|,ok,1,batched,touched,4096,4096,13,1,4019735,4096,587199,0,4,4,ok
1,10,nvhe,4,1795000,578000,37000,38000,BIG=38000|MID=37000|usb_pwr_therm=30303|btmspkr_therm=30236|disp_therm=30214|north_therm=30926|soc_therm=34176|battery=30600|battery_cycle=5|dc-mains=35000|usbc-therm-adc=350|max77779fg=30600|LITTLE=37000|soc=16|smpl_gm=0|vdroop1=0|batoilo=0|batoilo2=0|batt_vs=30593|mdis_morepower=0|thb_hda=51|cp_on_chip_0=33000|cp_on_chip_1=34000|G3D=36000|cp_on_chip_2=35000|cp_on_chip_3=33000|cp_on_chip_4=33000|rf2_therm=31000|rf1_therm=32000|ISP=35000|TPU=37000|AUR=36000|rfpa_therm=31817|quiet_therm=32440|charging_therm=34287|,BIG=37000|MID=37000|usb_pwr_therm=30303|btmspkr_therm=30236|disp_therm=30236|north_therm=30926|soc_therm=34176|battery=30600|battery_cycle=5|dc-mains=35000|usbc-therm-adc=350|max77779fg=30600|LITTLE=37000|soc=16|smpl_gm=0|vdroop1=0|batoilo=0|batoilo2=0|batt_vs=30594|mdis_morepower=0|thb_hda=51|cp_on_chip_0=33000|cp_on_chip_1=34000|G3D=37000|cp_on_chip_2=35000|cp_on_chip_3=33000|cp_on_chip_4=33000|rf2_therm=31000|rf1_therm=32000|ISP=36000|TPU=36000|AUR=36000|rfpa_therm=31817|quiet_therm=32440|charging_therm=34287|,ok,1,batched,touched,4096,4096,14,1,3963379,4096,703166,0,4,4,ok
1,10,nvhe,4,1795000,578000,37000,38000,BIG=38000|MID=37000|usb_pwr_therm=30303|btmspkr_therm=30236|disp_therm=30214|north_therm=30926|soc_therm=34176|battery=30600|battery_cycle=5|dc-mains=35000|usbc-therm-adc=350|max77779fg=30600|LITTLE=37000|soc=16|smpl_gm=0|vdroop1=0|batoilo=0|batoilo2=0|batt_vs=30593|mdis_morepower=0|thb_hda=51|cp_on_chip_0=33000|cp_on_chip_1=34000|G3D=36000|cp_on_chip_2=35000|cp_on_chip_3=33000|cp_on_chip_4=33000|rf2_therm=31000|rf1_therm=32000|ISP=35000|TPU=37000|AUR=36000|rfpa_therm=31817|quiet_therm=32440|charging_therm=34287|,BIG=37000|MID=37000|usb_pwr_therm=30303|btmspkr_therm=30236|disp_therm=30236|north_therm=30926|soc_therm=34176|battery=30600|battery_cycle=5|dc-mains=35000|usbc-therm-adc=350|max77779fg=30600|LITTLE=37000|soc=16|smpl_gm=0|vdroop1=0|batoilo=0|batoilo2=0|batt_vs=30594|mdis_morepower=0|thb_hda=51|cp_on_chip_0=33000|cp_on_chip_1=34000|G3D=37000|cp_on_chip_2=35000|cp_on_chip_3=33000|cp_on_chip_4=33000|rf2_therm=31000|rf1_therm=32000|ISP=36000|TPU=36000|AUR=36000|rfpa_therm=31817|quiet_therm=32440|charging_therm=34287|,ok,1,batched,touched,4096,4096,15,1,4029337,4096,576009,0,4,4,ok
1,10,nvhe,4,1795000,578000,37000,38000,BIG=38000|MID=37000|usb_pwr_therm=30303|btmspkr_therm=30236|disp_therm=30214|north_therm=30926|soc_therm=34176|battery=30600|battery_cycle=5|dc-mains=35000|usbc-therm-adc=350|max77779fg=30600|LITTLE=37000|soc=16|smpl_gm=0|vdroop1=0|batoilo=0|batoilo2=0|batt_vs=30593|mdis_morepower=0|thb_hda=51|cp_on_chip_0=33000|cp_on_chip_1=34000|G3D=36000|cp_on_chip_2=35000|cp_on_chip_3=33000|cp_on_chip_4=33000|rf2_therm=31000|rf1_therm=32000|ISP=35000|TPU=37000|AUR=36000|rfpa_therm=31817|quiet_therm=32440|charging_therm=34287|,BIG=37000|MID=37000|usb_pwr_therm=30303|btmspkr_therm=30236|disp_therm=30236|north_therm=30926|soc_therm=34176|battery=30600|battery_cycle=5|dc-mains=35000|usbc-therm-adc=350|max77779fg=30600|LITTLE=37000|soc=16|smpl_gm=0|vdroop1=0|batoilo=0|batoilo2=0|batt_vs=30594|mdis_morepower=0|thb_hda=51|cp_on_chip_0=33000|cp_on_chip_1=34000|G3D=37000|cp_on_chip_2=35000|cp_on_chip_3=33000|cp_on_chip_4=33000|rf2_therm=31000|rf1_therm=32000|ISP=36000|TPU=36000|AUR=36000|rfpa_therm=31817|quiet_therm=32440|charging_therm=34287|,ok,1,batched,touched,4096,4096,16,1,3862752,4096,600748,0,4,4,ok
1,10,nvhe,4,1795000,578000,37000,38000,BIG=38000|MID=37000|usb_pwr_therm=30303|btmspkr_therm=30236|disp_therm=30214|north_therm=30926|soc_therm=34176|battery=30600|battery_cycle=5|dc-mains=35000|usbc-therm-adc=350|max77779fg=30600|LITTLE=37000|soc=16|smpl_gm=0|vdroop1=0|batoilo=0|batoilo2=0|batt_vs=30593|mdis_morepower=0|thb_hda=51|cp_on_chip_0=33000|cp_on_chip_1=34000|G3D=36000|cp_on_chip_2=35000|cp_on_chip_3=33000|cp_on_chip_4=33000|rf2_therm=31000|rf1_therm=32000|ISP=35000|TPU=37000|AUR=36000|rfpa_therm=31817|quiet_therm=32440|charging_therm=34287|,BIG=37000|MID=37000|usb_pwr_therm=30303|btmspkr_therm=30236|disp_therm=30236|north_therm=30926|soc_therm=34176|battery=30600|battery_cycle=5|dc-mains=35000|usbc-therm-adc=350|max77779fg=30600|LITTLE=37000|soc=16|smpl_gm=0|vdroop1=0|batoilo=0|batoilo2=0|batt_vs=30594|mdis_morepower=0|thb_hda=51|cp_on_chip_0=33000|cp_on_chip_1=34000|G3D=37000|cp_on_chip_2=35000|cp_on_chip_3=33000|cp_on_chip_4=33000|rf2_therm=31000|rf1_therm=32000|ISP=36000|TPU=36000|AUR=36000|rfpa_therm=31817|quiet_therm=32440|charging_therm=34287|,ok,1,batched,touched,4096,4096,17,1,3982951,4096,580485,0,4,4,ok
1,10,nvhe,4,1795000,578000,37000,38000,BIG=38000|MID=37000|usb_pwr_therm=30303|btmspkr_therm=30236|disp_therm=30214|north_therm=30926|soc_therm=34176|battery=30600|battery_cycle=5|dc-mains=35000|usbc-therm-adc=350|max77779fg=30600|LITTLE=37000|soc=16|smpl_gm=0|vdroop1=0|batoilo=0|batoilo2=0|batt_vs=30593|mdis_morepower=0|thb_hda=51|cp_on_chip_0=33000|cp_on_chip_1=34000|G3D=36000|cp_on_chip_2=35000|cp_on_chip_3=33000|cp_on_chip_4=33000|rf2_therm=31000|rf1_therm=32000|ISP=35000|TPU=37000|AUR=36000|rfpa_therm=31817|quiet_therm=32440|charging_therm=34287|,BIG=37000|MID=37000|usb_pwr_therm=30303|btmspkr_therm=30236|disp_therm=30236|north_therm=30926|soc_therm=34176|battery=30600|battery_cycle=5|dc-mains=35000|usbc-therm-adc=350|max77779fg=30600|LITTLE=37000|soc=16|smpl_gm=0|vdroop1=0|batoilo=0|batoilo2=0|batt_vs=30594|mdis_morepower=0|thb_hda=51|cp_on_chip_0=33000|cp_on_chip_1=34000|G3D=37000|cp_on_chip_2=35000|cp_on_chip_3=33000|cp_on_chip_4=33000|rf2_therm=31000|rf1_therm=32000|ISP=36000|TPU=36000|AUR=36000|rfpa_therm=31817|quiet_therm=32440|charging_therm=34287|,ok,1,batched,touched,4096,4096,18,1,4096761,4096,670451,0,4,4,ok
1,10,nvhe,4,1795000,578000,37000,38000,BIG=38000|MID=37000|usb_pwr_therm=30303|btmspkr_therm=30236|disp_therm=30214|north_therm=30926|soc_therm=34176|battery=30600|battery_cycle=5|dc-mains=35000|usbc-therm-adc=350|max77779fg=30600|LITTLE=37000|soc=16|smpl_gm=0|vdroop1=0|batoilo=0|batoilo2=0|batt_vs=30593|mdis_morepower=0|thb_hda=51|cp_on_chip_0=33000|cp_on_chip_1=34000|G3D=36000|cp_on_chip_2=35000|cp_on_chip_3=33000|cp_on_chip_4=33000|rf2_therm=31000|rf1_therm=32000|ISP=35000|TPU=37000|AUR=36000|rfpa_therm=31817|quiet_therm=32440|charging_therm=34287|,BIG=37000|MID=37000|usb_pwr_therm=30303|btmspkr_therm=30236|disp_therm=30236|north_therm=30926|soc_therm=34176|battery=30600|battery_cycle=5|dc-mains=35000|usbc-therm-adc=350|max77779fg=30600|LITTLE=37000|soc=16|smpl_gm=0|vdroop1=0|batoilo=0|batoilo2=0|batt_vs=30594|mdis_morepower=0|thb_hda=51|cp_on_chip_0=33000|cp_on_chip_1=34000|G3D=37000|cp_on_chip_2=35000|cp_on_chip_3=33000|cp_on_chip_4=33000|rf2_therm=31000|rf1_therm=32000|ISP=36000|TPU=36000|AUR=36000|rfpa_therm=31817|quiet_therm=32440|charging_therm=34287|,ok,1,batched,touched,4096,4096,19,1,4030924,4096,657064,0,4,4,ok
1,10,nvhe,4,1795000,578000,37000,38000,BIG=38000|MID=37000|usb_pwr_therm=30303|btmspkr_therm=30236|disp_therm=30214|north_therm=30926|soc_therm=34176|battery=30600|battery_cycle=5|dc-mains=35000|usbc-therm-adc=350|max77779fg=30600|LITTLE=37000|soc=16|smpl_gm=0|vdroop1=0|batoilo=0|batoilo2=0|batt_vs=30593|mdis_morepower=0|thb_hda=51|cp_on_chip_0=33000|cp_on_chip_1=34000|G3D=36000|cp_on_chip_2=35000|cp_on_chip_3=33000|cp_on_chip_4=33000|rf2_therm=31000|rf1_therm=32000|ISP=35000|TPU=37000|AUR=36000|rfpa_therm=31817|quiet_therm=32440|charging_therm=34287|,BIG=37000|MID=37000|usb_pwr_therm=30303|btmspkr_therm=30236|disp_therm=30236|north_therm=30926|soc_therm=34176|battery=30600|battery_cycle=5|dc-mains=35000|usbc-therm-adc=350|max77779fg=30600|LITTLE=37000|soc=16|smpl_gm=0|vdroop1=0|batoilo=0|batoilo2=0|batt_vs=30594|mdis_morepower=0|thb_hda=51|cp_on_chip_0=33000|cp_on_chip_1=34000|G3D=37000|cp_on_chip_2=35000|cp_on_chip_3=33000|cp_on_chip_4=33000|rf2_therm=31000|rf1_therm=32000|ISP=36000|TPU=36000|AUR=36000|rfpa_therm=31817|quiet_therm=32440|charging_therm=34287|,ok,1,batched,touched,4096,4096,20,1,4036499,4096,560343,0,4,4,ok
1,10,nvhe,4,1795000,578000,37000,38000,BIG=38000|MID=37000|usb_pwr_therm=30303|btmspkr_therm=30236|disp_therm=30214|north_therm=30926|soc_therm=34176|battery=30600|battery_cycle=5|dc-mains=35000|usbc-therm-adc=350|max77779fg=30600|LITTLE=37000|soc=16|smpl_gm=0|vdroop1=0|batoilo=0|batoilo2=0|batt_vs=30593|mdis_morepower=0|thb_hda=51|cp_on_chip_0=33000|cp_on_chip_1=34000|G3D=36000|cp_on_chip_2=35000|cp_on_chip_3=33000|cp_on_chip_4=33000|rf2_therm=31000|rf1_therm=32000|ISP=35000|TPU=37000|AUR=36000|rfpa_therm=31817|quiet_therm=32440|charging_therm=34287|,BIG=37000|MID=37000|usb_pwr_therm=30303|btmspkr_therm=30236|disp_therm=30236|north_therm=30926|soc_therm=34176|battery=30600|battery_cycle=5|dc-mains=35000|usbc-therm-adc=350|max77779fg=30600|LITTLE=37000|soc=16|smpl_gm=0|vdroop1=0|batoilo=0|batoilo2=0|batt_vs=30594|mdis_morepower=0|thb_hda=51|cp_on_chip_0=33000|cp_on_chip_1=34000|G3D=37000|cp_on_chip_2=35000|cp_on_chip_3=33000|cp_on_chip_4=33000|rf2_therm=31000|rf1_therm=32000|ISP=36000|TPU=36000|AUR=36000|rfpa_therm=31817|quiet_therm=32440|charging_therm=34287|,ok,1,batched,touched,4096,4096,21,1,3950196,4096,544921,0,4,4,ok
1,10,nvhe,4,1795000,578000,37000,38000,BIG=38000|MID=37000|usb_pwr_therm=30303|btmspkr_therm=30236|disp_therm=30214|north_therm=30926|soc_therm=34176|battery=30600|battery_cycle=5|dc-mains=35000|usbc-therm-adc=350|max77779fg=30600|LITTLE=37000|soc=16|smpl_gm=0|vdroop1=0|batoilo=0|batoilo2=0|batt_vs=30593|mdis_morepower=0|thb_hda=51|cp_on_chip_0=33000|cp_on_chip_1=34000|G3D=36000|cp_on_chip_2=35000|cp_on_chip_3=33000|cp_on_chip_4=33000|rf2_therm=31000|rf1_therm=32000|ISP=35000|TPU=37000|AUR=36000|rfpa_therm=31817|quiet_therm=32440|charging_therm=34287|,BIG=37000|MID=37000|usb_pwr_therm=30303|btmspkr_therm=30236|disp_therm=30236|north_therm=30926|soc_therm=34176|battery=30600|battery_cycle=5|dc-mains=35000|usbc-therm-adc=350|max77779fg=30600|LITTLE=37000|soc=16|smpl_gm=0|vdroop1=0|batoilo=0|batoilo2=0|batt_vs=30594|mdis_morepower=0|thb_hda=51|cp_on_chip_0=33000|cp_on_chip_1=34000|G3D=37000|cp_on_chip_2=35000|cp_on_chip_3=33000|cp_on_chip_4=33000|rf2_therm=31000|rf1_therm=32000|ISP=36000|TPU=36000|AUR=36000|rfpa_therm=31817|quiet_therm=32440|charging_therm=34287|,ok,1,batched,touched,4096,4096,22,1,3920980,4096,599976,0,4,4,ok
1,10,nvhe,4,1795000,578000,37000,38000,BIG=38000|MID=37000|usb_pwr_therm=30303|btmspkr_therm=30236|disp_therm=30214|north_therm=30926|soc_therm=34176|battery=30600|battery_cycle=5|dc-mains=35000|usbc-therm-adc=350|max77779fg=30600|LITTLE=37000|soc=16|smpl_gm=0|vdroop1=0|batoilo=0|batoilo2=0|batt_vs=30593|mdis_morepower=0|thb_hda=51|cp_on_chip_0=33000|cp_on_chip_1=34000|G3D=36000|cp_on_chip_2=35000|cp_on_chip_3=33000|cp_on_chip_4=33000|rf2_therm=31000|rf1_therm=32000|ISP=35000|TPU=37000|AUR=36000|rfpa_therm=31817|quiet_therm=32440|charging_therm=34287|,BIG=37000|MID=37000|usb_pwr_therm=30303|btmspkr_therm=30236|disp_therm=30236|north_therm=30926|soc_therm=34176|battery=30600|battery_cycle=5|dc-mains=35000|usbc-therm-adc=350|max77779fg=30600|LITTLE=37000|soc=16|smpl_gm=0|vdroop1=0|batoilo=0|batoilo2=0|batt_vs=30594|mdis_morepower=0|thb_hda=51|cp_on_chip_0=33000|cp_on_chip_1=34000|G3D=37000|cp_on_chip_2=35000|cp_on_chip_3=33000|cp_on_chip_4=33000|rf2_therm=31000|rf1_therm=32000|ISP=36000|TPU=36000|AUR=36000|rfpa_therm=31817|quiet_therm=32440|charging_therm=34287|,ok,1,batched,touched,4096,4096,23,1,3991170,4096,585815,0,4,4,ok
1,10,nvhe,4,1795000,578000,37000,38000,BIG=38000|MID=37000|usb_pwr_therm=30303|btmspkr_therm=30236|disp_therm=30214|north_therm=30926|soc_therm=34176|battery=30600|battery_cycle=5|dc-mains=35000|usbc-therm-adc=350|max77779fg=30600|LITTLE=37000|soc=16|smpl_gm=0|vdroop1=0|batoilo=0|batoilo2=0|batt_vs=30593|mdis_morepower=0|thb_hda=51|cp_on_chip_0=33000|cp_on_chip_1=34000|G3D=36000|cp_on_chip_2=35000|cp_on_chip_3=33000|cp_on_chip_4=33000|rf2_therm=31000|rf1_therm=32000|ISP=35000|TPU=37000|AUR=36000|rfpa_therm=31817|quiet_therm=32440|charging_therm=34287|,BIG=37000|MID=37000|usb_pwr_therm=30303|btmspkr_therm=30236|disp_therm=30236|north_therm=30926|soc_therm=34176|battery=30600|battery_cycle=5|dc-mains=35000|usbc-therm-adc=350|max77779fg=30600|LITTLE=37000|soc=16|smpl_gm=0|vdroop1=0|batoilo=0|batoilo2=0|batt_vs=30594|mdis_morepower=0|thb_hda=51|cp_on_chip_0=33000|cp_on_chip_1=34000|G3D=37000|cp_on_chip_2=35000|cp_on_chip_3=33000|cp_on_chip_4=33000|rf2_therm=31000|rf1_therm=32000|ISP=36000|TPU=36000|AUR=36000|rfpa_therm=31817|quiet_therm=32440|charging_therm=34287|,ok,1,batched,touched,4096,4096,24,1,4034668,4096,604533,0,4,4,ok
1,10,nvhe,4,1795000,578000,37000,38000,BIG=38000|MID=37000|usb_pwr_therm=30303|btmspkr_therm=30236|disp_therm=30214|north_therm=30926|soc_therm=34176|battery=30600|battery_cycle=5|dc-mains=35000|usbc-therm-adc=350|max77779fg=30600|LITTLE=37000|soc=16|smpl_gm=0|vdroop1=0|batoilo=0|batoilo2=0|batt_vs=30593|mdis_morepower=0|thb_hda=51|cp_on_chip_0=33000|cp_on_chip_1=34000|G3D=36000|cp_on_chip_2=35000|cp_on_chip_3=33000|cp_on_chip_4=33000|rf2_therm=31000|rf1_therm=32000|ISP=35000|TPU=37000|AUR=36000|rfpa_therm=31817|quiet_therm=32440|charging_therm=34287|,BIG=37000|MID=37000|usb_pwr_therm=30303|btmspkr_therm=30236|disp_therm=30236|north_therm=30926|soc_therm=34176|battery=30600|battery_cycle=5|dc-mains=35000|usbc-therm-adc=350|max77779fg=30600|LITTLE=37000|soc=16|smpl_gm=0|vdroop1=0|batoilo=0|batoilo2=0|batt_vs=30594|mdis_morepower=0|thb_hda=51|cp_on_chip_0=33000|cp_on_chip_1=34000|G3D=37000|cp_on_chip_2=35000|cp_on_chip_3=33000|cp_on_chip_4=33000|rf2_therm=31000|rf1_therm=32000|ISP=36000|TPU=36000|AUR=36000|rfpa_therm=31817|quiet_therm=32440|charging_therm=34287|,ok,1,batched,touched,4096,4096,25,1,3948242,4096,585001,0,4,4,ok
1,10,nvhe,4,1795000,578000,37000,38000,BIG=38000|MID=37000|usb_pwr_therm=30303|btmspkr_therm=30236|disp_therm=30214|north_therm=30926|soc_therm=34176|battery=30600|battery_cycle=5|dc-mains=35000|usbc-therm-adc=350|max77779fg=30600|LITTLE=37000|soc=16|smpl_gm=0|vdroop1=0|batoilo=0|batoilo2=0|batt_vs=30593|mdis_morepower=0|thb_hda=51|cp_on_chip_0=33000|cp_on_chip_1=34000|G3D=36000|cp_on_chip_2=35000|cp_on_chip_3=33000|cp_on_chip_4=33000|rf2_therm=31000|rf1_therm=32000|ISP=35000|TPU=37000|AUR=36000|rfpa_therm=31817|quiet_therm=32440|charging_therm=34287|,BIG=37000|MID=37000|usb_pwr_therm=30303|btmspkr_therm=30236|disp_therm=30236|north_therm=30926|soc_therm=34176|battery=30600|battery_cycle=5|dc-mains=35000|usbc-therm-adc=350|max77779fg=30600|LITTLE=37000|soc=16|smpl_gm=0|vdroop1=0|batoilo=0|batoilo2=0|batt_vs=30594|mdis_morepower=0|thb_hda=51|cp_on_chip_0=33000|cp_on_chip_1=34000|G3D=37000|cp_on_chip_2=35000|cp_on_chip_3=33000|cp_on_chip_4=33000|rf2_therm=31000|rf1_therm=32000|ISP=36000|TPU=36000|AUR=36000|rfpa_therm=31817|quiet_therm=32440|charging_therm=34287|,ok,1,batched,touched,4096,4096,26,1,3979777,4096,603882,0,4,4,ok
1,10,nvhe,4,1795000,578000,37000,38000,BIG=38000|MID=37000|usb_pwr_therm=30303|btmspkr_therm=30236|disp_therm=30214|north_therm=30926|soc_therm=34176|battery=30600|battery_cycle=5|dc-mains=35000|usbc-therm-adc=350|max77779fg=30600|LITTLE=37000|soc=16|smpl_gm=0|vdroop1=0|batoilo=0|batoilo2=0|batt_vs=30593|mdis_morepower=0|thb_hda=51|cp_on_chip_0=33000|cp_on_chip_1=34000|G3D=36000|cp_on_chip_2=35000|cp_on_chip_3=33000|cp_on_chip_4=33000|rf2_therm=31000|rf1_therm=32000|ISP=35000|TPU=37000|AUR=36000|rfpa_therm=31817|quiet_therm=32440|charging_therm=34287|,BIG=37000|MID=37000|usb_pwr_therm=30303|btmspkr_therm=30236|disp_therm=30236|north_therm=30926|soc_therm=34176|battery=30600|battery_cycle=5|dc-mains=35000|usbc-therm-adc=350|max77779fg=30600|LITTLE=37000|soc=16|smpl_gm=0|vdroop1=0|batoilo=0|batoilo2=0|batt_vs=30594|mdis_morepower=0|thb_hda=51|cp_on_chip_0=33000|cp_on_chip_1=34000|G3D=37000|cp_on_chip_2=35000|cp_on_chip_3=33000|cp_on_chip_4=33000|rf2_therm=31000|rf1_therm=32000|ISP=36000|TPU=36000|AUR=36000|rfpa_therm=31817|quiet_therm=32440|charging_therm=34287|,ok,1,batched,touched,4096,4096,27,1,3970784,4096,609009,0,4,4,ok
1,10,nvhe,4,1795000,578000,37000,38000,BIG=38000|MID=37000|usb_pwr_therm=30303|btmspkr_therm=30236|disp_therm=30214|north_therm=30926|soc_therm=34176|battery=30600|battery_cycle=5|dc-mains=35000|usbc-therm-adc=350|max77779fg=30600|LITTLE=37000|soc=16|smpl_gm=0|vdroop1=0|batoilo=0|batoilo2=0|batt_vs=30593|mdis_morepower=0|thb_hda=51|cp_on_chip_0=33000|cp_on_chip_1=34000|G3D=36000|cp_on_chip_2=35000|cp_on_chip_3=33000|cp_on_chip_4=33000|rf2_therm=31000|rf1_therm=32000|ISP=35000|TPU=37000|AUR=36000|rfpa_therm=31817|quiet_therm=32440|charging_therm=34287|,BIG=37000|MID=37000|usb_pwr_therm=30303|btmspkr_therm=30236|disp_therm=30236|north_therm=30926|soc_therm=34176|battery=30600|battery_cycle=5|dc-mains=35000|usbc-therm-adc=350|max77779fg=30600|LITTLE=37000|soc=16|smpl_gm=0|vdroop1=0|batoilo=0|batoilo2=0|batt_vs=30594|mdis_morepower=0|thb_hda=51|cp_on_chip_0=33000|cp_on_chip_1=34000|G3D=37000|cp_on_chip_2=35000|cp_on_chip_3=33000|cp_on_chip_4=33000|rf2_therm=31000|rf1_therm=32000|ISP=36000|TPU=36000|AUR=36000|rfpa_therm=31817|quiet_therm=32440|charging_therm=34287|,ok,1,batched,touched,4096,4096,28,1,3979044,4096,525595,0,4,4,ok
1,10,nvhe,4,1795000,578000,37000,38000,BIG=38000|MID=37000|usb_pwr_therm=30303|btmspkr_therm=30236|disp_therm=30214|north_therm=30926|soc_therm=34176|battery=30600|battery_cycle=5|dc-mains=35000|usbc-therm-adc=350|max77779fg=30600|LITTLE=37000|soc=16|smpl_gm=0|vdroop1=0|batoilo=0|batoilo2=0|batt_vs=30593|mdis_morepower=0|thb_hda=51|cp_on_chip_0=33000|cp_on_chip_1=34000|G3D=36000|cp_on_chip_2=35000|cp_on_chip_3=33000|cp_on_chip_4=33000|rf2_therm=31000|rf1_therm=32000|ISP=35000|TPU=37000|AUR=36000|rfpa_therm=31817|quiet_therm=32440|charging_therm=34287|,BIG=37000|MID=37000|usb_pwr_therm=30303|btmspkr_therm=30236|disp_therm=30236|north_therm=30926|soc_therm=34176|battery=30600|battery_cycle=5|dc-mains=35000|usbc-therm-adc=350|max77779fg=30600|LITTLE=37000|soc=16|smpl_gm=0|vdroop1=0|batoilo=0|batoilo2=0|batt_vs=30594|mdis_morepower=0|thb_hda=51|cp_on_chip_0=33000|cp_on_chip_1=34000|G3D=37000|cp_on_chip_2=35000|cp_on_chip_3=33000|cp_on_chip_4=33000|rf2_therm=31000|rf1_therm=32000|ISP=36000|TPU=36000|AUR=36000|rfpa_therm=31817|quiet_therm=32440|charging_therm=34287|,ok,1,batched,touched,4096,4096,29,1,3933797,4096,525268,0,4,4,ok
1,11,nvhe,4,1549000,1795000,39000,38000,BIG=43000|MID=38000|usb_pwr_therm=30303|btmspkr_therm=30236|disp_therm=30236|north_therm=30926|soc_therm=34243|battery=30600|battery_cycle=5|dc-mains=35000|usbc-therm-adc=350|max77779fg=30600|LITTLE=37000|soc=16|smpl_gm=0|vdroop1=0|batoilo=0|batoilo2=0|batt_vs=30594|mdis_morepower=0|thb_hda=51|cp_on_chip_0=33000|cp_on_chip_1=34000|G3D=37000|cp_on_chip_2=35000|cp_on_chip_3=33000|cp_on_chip_4=33000|rf2_therm=31000|rf1_therm=32000|ISP=35000|TPU=36000|AUR=36000|rfpa_therm=31839|quiet_therm=32484|charging_therm=34332|,BIG=37000|MID=37000|usb_pwr_therm=30303|btmspkr_therm=30236|disp_therm=30236|north_therm=30926|soc_therm=34243|battery=30600|battery_cycle=5|dc-mains=35000|usbc-therm-adc=350|max77779fg=30600|LITTLE=37000|soc=16|smpl_gm=0|vdroop1=0|batoilo=0|batoilo2=0|batt_vs=30594|mdis_morepower=0|thb_hda=51|cp_on_chip_0=33000|cp_on_chip_1=34000|G3D=36000|cp_on_chip_2=35000|cp_on_chip_3=33000|cp_on_chip_4=33000|rf2_therm=31000|rf1_therm=32000|ISP=35000|TPU=36000|AUR=36000|rfpa_therm=31839|quiet_therm=32484|charging_therm=34332|,ok,1,batched,untouched,4096,2048,0,1,20834,0,5574,0,4,4,ok
1,11,nvhe,4,1549000,1795000,39000,38000,BIG=43000|MID=38000|usb_pwr_therm=30303|btmspkr_therm=30236|disp_therm=30236|north_therm=30926|soc_therm=34243|battery=30600|battery_cycle=5|dc-mains=35000|usbc-therm-adc=350|max77779fg=30600|LITTLE=37000|soc=16|smpl_gm=0|vdroop1=0|batoilo=0|batoilo2=0|batt_vs=30594|mdis_morepower=0|thb_hda=51|cp_on_chip_0=33000|cp_on_chip_1=34000|G3D=37000|cp_on_chip_2=35000|cp_on_chip_3=33000|cp_on_chip_4=33000|rf2_therm=31000|rf1_therm=32000|ISP=35000|TPU=36000|AUR=36000|rfpa_therm=31839|quiet_therm=32484|charging_therm=34332|,BIG=37000|MID=37000|usb_pwr_therm=30303|btmspkr_therm=30236|disp_therm=30236|north_therm=30926|soc_therm=34243|battery=30600|battery_cycle=5|dc-mains=35000|usbc-therm-adc=350|max77779fg=30600|LITTLE=37000|soc=16|smpl_gm=0|vdroop1=0|batoilo=0|batoilo2=0|batt_vs=30594|mdis_morepower=0|thb_hda=51|cp_on_chip_0=33000|cp_on_chip_1=34000|G3D=36000|cp_on_chip_2=35000|cp_on_chip_3=33000|cp_on_chip_4=33000|rf2_therm=31000|rf1_therm=32000|ISP=35000|TPU=36000|AUR=36000|rfpa_therm=31839|quiet_therm=32484|charging_therm=34332|,ok,1,batched,untouched,4096,2048,1,1,15870,0,2279,0,4,4,ok
1,11,nvhe,4,1549000,1795000,39000,38000,BIG=43000|MID=38000|usb_pwr_therm=30303|btmspkr_therm=30236|disp_therm=30236|north_therm=30926|soc_therm=34243|battery=30600|battery_cycle=5|dc-mains=35000|usbc-therm-adc=350|max77779fg=30600|LITTLE=37000|soc=16|smpl_gm=0|vdroop1=0|batoilo=0|batoilo2=0|batt_vs=30594|mdis_morepower=0|thb_hda=51|cp_on_chip_0=33000|cp_on_chip_1=34000|G3D=37000|cp_on_chip_2=35000|cp_on_chip_3=33000|cp_on_chip_4=33000|rf2_therm=31000|rf1_therm=32000|ISP=35000|TPU=36000|AUR=36000|rfpa_therm=31839|quiet_therm=32484|charging_therm=34332|,BIG=37000|MID=37000|usb_pwr_therm=30303|btmspkr_therm=30236|disp_therm=30236|north_therm=30926|soc_therm=34243|battery=30600|battery_cycle=5|dc-mains=35000|usbc-therm-adc=350|max77779fg=30600|LITTLE=37000|soc=16|smpl_gm=0|vdroop1=0|batoilo=0|batoilo2=0|batt_vs=30594|mdis_morepower=0|thb_hda=51|cp_on_chip_0=33000|cp_on_chip_1=34000|G3D=36000|cp_on_chip_2=35000|cp_on_chip_3=33000|cp_on_chip_4=33000|rf2_therm=31000|rf1_therm=32000|ISP=35000|TPU=36000|AUR=36000|rfpa_therm=31839|quiet_therm=32484|charging_therm=34332|,ok,1,batched,untouched,4096,2048,2,1,10945,0,2116,0,4,4,ok
1,11,nvhe,4,1549000,1795000,39000,38000,BIG=43000|MID=38000|usb_pwr_therm=30303|btmspkr_therm=30236|disp_therm=30236|north_therm=30926|soc_therm=34243|battery=30600|battery_cycle=5|dc-mains=35000|usbc-therm-adc=350|max77779fg=30600|LITTLE=37000|soc=16|smpl_gm=0|vdroop1=0|batoilo=0|batoilo2=0|batt_vs=30594|mdis_morepower=0|thb_hda=51|cp_on_chip_0=33000|cp_on_chip_1=34000|G3D=37000|cp_on_chip_2=35000|cp_on_chip_3=33000|cp_on_chip_4=33000|rf2_therm=31000|rf1_therm=32000|ISP=35000|TPU=36000|AUR=36000|rfpa_therm=31839|quiet_therm=32484|charging_therm=34332|,BIG=37000|MID=37000|usb_pwr_therm=30303|btmspkr_therm=30236|disp_therm=30236|north_therm=30926|soc_therm=34243|battery=30600|battery_cycle=5|dc-mains=35000|usbc-therm-adc=350|max77779fg=30600|LITTLE=37000|soc=16|smpl_gm=0|vdroop1=0|batoilo=0|batoilo2=0|batt_vs=30594|mdis_morepower=0|thb_hda=51|cp_on_chip_0=33000|cp_on_chip_1=34000|G3D=36000|cp_on_chip_2=35000|cp_on_chip_3=33000|cp_on_chip_4=33000|rf2_therm=31000|rf1_therm=32000|ISP=35000|TPU=36000|AUR=36000|rfpa_therm=31839|quiet_therm=32484|charging_therm=34332|,ok,1,batched,untouched,4096,2048,3,1,18310,0,2156,0,4,4,ok
1,11,nvhe,4,1549000,1795000,39000,38000,BIG=43000|MID=38000|usb_pwr_therm=30303|btmspkr_therm=30236|disp_therm=30236|north_therm=30926|soc_therm=34243|battery=30600|battery_cycle=5|dc-mains=35000|usbc-therm-adc=350|max77779fg=30600|LITTLE=37000|soc=16|smpl_gm=0|vdroop1=0|batoilo=0|batoilo2=0|batt_vs=30594|mdis_morepower=0|thb_hda=51|cp_on_chip_0=33000|cp_on_chip_1=34000|G3D=37000|cp_on_chip_2=35000|cp_on_chip_3=33000|cp_on_chip_4=33000|rf2_therm=31000|rf1_therm=32000|ISP=35000|TPU=36000|AUR=36000|rfpa_therm=31839|quiet_therm=32484|charging_therm=34332|,BIG=37000|MID=37000|usb_pwr_therm=30303|btmspkr_therm=30236|disp_therm=30236|north_therm=30926|soc_therm=34243|battery=30600|battery_cycle=5|dc-mains=35000|usbc-therm-adc=350|max77779fg=30600|LITTLE=37000|soc=16|smpl_gm=0|vdroop1=0|batoilo=0|batoilo2=0|batt_vs=30594|mdis_morepower=0|thb_hda=51|cp_on_chip_0=33000|cp_on_chip_1=34000|G3D=36000|cp_on_chip_2=35000|cp_on_chip_3=33000|cp_on_chip_4=33000|rf2_therm=31000|rf1_therm=32000|ISP=35000|TPU=36000|AUR=36000|rfpa_therm=31839|quiet_therm=32484|charging_therm=34332|,ok,1,batched,untouched,4096,2048,4,1,22095,0,3052,0,4,4,ok
1,11,nvhe,4,1549000,1795000,39000,38000,BIG=43000|MID=38000|usb_pwr_therm=30303|btmspkr_therm=30236|disp_therm=30236|north_therm=30926|soc_therm=34243|battery=30600|battery_cycle=5|dc-mains=35000|usbc-therm-adc=350|max77779fg=30600|LITTLE=37000|soc=16|smpl_gm=0|vdroop1=0|batoilo=0|batoilo2=0|batt_vs=30594|mdis_morepower=0|thb_hda=51|cp_on_chip_0=33000|cp_on_chip_1=34000|G3D=37000|cp_on_chip_2=35000|cp_on_chip_3=33000|cp_on_chip_4=33000|rf2_therm=31000|rf1_therm=32000|ISP=35000|TPU=36000|AUR=36000|rfpa_therm=31839|quiet_therm=32484|charging_therm=34332|,BIG=37000|MID=37000|usb_pwr_therm=30303|btmspkr_therm=30236|disp_therm=30236|north_therm=30926|soc_therm=34243|battery=30600|battery_cycle=5|dc-mains=35000|usbc-therm-adc=350|max77779fg=30600|LITTLE=37000|soc=16|smpl_gm=0|vdroop1=0|batoilo=0|batoilo2=0|batt_vs=30594|mdis_morepower=0|thb_hda=51|cp_on_chip_0=33000|cp_on_chip_1=34000|G3D=36000|cp_on_chip_2=35000|cp_on_chip_3=33000|cp_on_chip_4=33000|rf2_therm=31000|rf1_therm=32000|ISP=35000|TPU=36000|AUR=36000|rfpa_therm=31839|quiet_therm=32484|charging_therm=34332|,ok,1,batched,untouched,4096,2048,5,1,16276,0,3255,0,4,4,ok
1,11,nvhe,4,1549000,1795000,39000,38000,BIG=43000|MID=38000|usb_pwr_therm=30303|btmspkr_therm=30236|disp_therm=30236|north_therm=30926|soc_therm=34243|battery=30600|battery_cycle=5|dc-mains=35000|usbc-therm-adc=350|max77779fg=30600|LITTLE=37000|soc=16|smpl_gm=0|vdroop1=0|batoilo=0|batoilo2=0|batt_vs=30594|mdis_morepower=0|thb_hda=51|cp_on_chip_0=33000|cp_on_chip_1=34000|G3D=37000|cp_on_chip_2=35000|cp_on_chip_3=33000|cp_on_chip_4=33000|rf2_therm=31000|rf1_therm=32000|ISP=35000|TPU=36000|AUR=36000|rfpa_therm=31839|quiet_therm=32484|charging_therm=34332|,BIG=37000|MID=37000|usb_pwr_therm=30303|btmspkr_therm=30236|disp_therm=30236|north_therm=30926|soc_therm=34243|battery=30600|battery_cycle=5|dc-mains=35000|usbc-therm-adc=350|max77779fg=30600|LITTLE=37000|soc=16|smpl_gm=0|vdroop1=0|batoilo=0|batoilo2=0|batt_vs=30594|mdis_morepower=0|thb_hda=51|cp_on_chip_0=33000|cp_on_chip_1=34000|G3D=36000|cp_on_chip_2=35000|cp_on_chip_3=33000|cp_on_chip_4=33000|rf2_therm=31000|rf1_therm=32000|ISP=35000|TPU=36000|AUR=36000|rfpa_therm=31839|quiet_therm=32484|charging_therm=34332|,ok,1,batched,untouched,4096,2048,6,1,16601,0,3215,0,4,4,ok
1,11,nvhe,4,1549000,1795000,39000,38000,BIG=43000|MID=38000|usb_pwr_therm=30303|btmspkr_therm=30236|disp_therm=30236|north_therm=30926|soc_therm=34243|battery=30600|battery_cycle=5|dc-mains=35000|usbc-therm-adc=350|max77779fg=30600|LITTLE=37000|soc=16|smpl_gm=0|vdroop1=0|batoilo=0|batoilo2=0|batt_vs=30594|mdis_morepower=0|thb_hda=51|cp_on_chip_0=33000|cp_on_chip_1=34000|G3D=37000|cp_on_chip_2=35000|cp_on_chip_3=33000|cp_on_chip_4=33000|rf2_therm=31000|rf1_therm=32000|ISP=35000|TPU=36000|AUR=36000|rfpa_therm=31839|quiet_therm=32484|charging_therm=34332|,BIG=37000|MID=37000|usb_pwr_therm=30303|btmspkr_therm=30236|disp_therm=30236|north_therm=30926|soc_therm=34243|battery=30600|battery_cycle=5|dc-mains=35000|usbc-therm-adc=350|max77779fg=30600|LITTLE=37000|soc=16|smpl_gm=0|vdroop1=0|batoilo=0|batoilo2=0|batt_vs=30594|mdis_morepower=0|thb_hda=51|cp_on_chip_0=33000|cp_on_chip_1=34000|G3D=36000|cp_on_chip_2=35000|cp_on_chip_3=33000|cp_on_chip_4=33000|rf2_therm=31000|rf1_therm=32000|ISP=35000|TPU=36000|AUR=36000|rfpa_therm=31839|quiet_therm=32484|charging_therm=34332|,ok,1,batched,untouched,4096,2048,7,1,16805,0,3378,0,4,4,ok
1,11,nvhe,4,1549000,1795000,39000,38000,BIG=43000|MID=38000|usb_pwr_therm=30303|btmspkr_therm=30236|disp_therm=30236|north_therm=30926|soc_therm=34243|battery=30600|battery_cycle=5|dc-mains=35000|usbc-therm-adc=350|max77779fg=30600|LITTLE=37000|soc=16|smpl_gm=0|vdroop1=0|batoilo=0|batoilo2=0|batt_vs=30594|mdis_morepower=0|thb_hda=51|cp_on_chip_0=33000|cp_on_chip_1=34000|G3D=37000|cp_on_chip_2=35000|cp_on_chip_3=33000|cp_on_chip_4=33000|rf2_therm=31000|rf1_therm=32000|ISP=35000|TPU=36000|AUR=36000|rfpa_therm=31839|quiet_therm=32484|charging_therm=34332|,BIG=37000|MID=37000|usb_pwr_therm=30303|btmspkr_therm=30236|disp_therm=30236|north_therm=30926|soc_therm=34243|battery=30600|battery_cycle=5|dc-mains=35000|usbc-therm-adc=350|max77779fg=30600|LITTLE=37000|soc=16|smpl_gm=0|vdroop1=0|batoilo=0|batoilo2=0|batt_vs=30594|mdis_morepower=0|thb_hda=51|cp_on_chip_0=33000|cp_on_chip_1=34000|G3D=36000|cp_on_chip_2=35000|cp_on_chip_3=33000|cp_on_chip_4=33000|rf2_therm=31000|rf1_therm=32000|ISP=35000|TPU=36000|AUR=36000|rfpa_therm=31839|quiet_therm=32484|charging_therm=34332|,ok,1,batched,untouched,4096,2048,8,1,17374,0,3377,0,4,4,ok
1,11,nvhe,4,1549000,1795000,39000,38000,BIG=43000|MID=38000|usb_pwr_therm=30303|btmspkr_therm=30236|disp_therm=30236|north_therm=30926|soc_therm=34243|battery=30600|battery_cycle=5|dc-mains=35000|usbc-therm-adc=350|max77779fg=30600|LITTLE=37000|soc=16|smpl_gm=0|vdroop1=0|batoilo=0|batoilo2=0|batt_vs=30594|mdis_morepower=0|thb_hda=51|cp_on_chip_0=33000|cp_on_chip_1=34000|G3D=37000|cp_on_chip_2=35000|cp_on_chip_3=33000|cp_on_chip_4=33000|rf2_therm=31000|rf1_therm=32000|ISP=35000|TPU=36000|AUR=36000|rfpa_therm=31839|quiet_therm=32484|charging_therm=34332|,BIG=37000|MID=37000|usb_pwr_therm=30303|btmspkr_therm=30236|disp_therm=30236|north_therm=30926|soc_therm=34243|battery=30600|battery_cycle=5|dc-mains=35000|usbc-therm-adc=350|max77779fg=30600|LITTLE=37000|soc=16|smpl_gm=0|vdroop1=0|batoilo=0|batoilo2=0|batt_vs=30594|mdis_morepower=0|thb_hda=51|cp_on_chip_0=33000|cp_on_chip_1=34000|G3D=36000|cp_on_chip_2=35000|cp_on_chip_3=33000|cp_on_chip_4=33000|rf2_therm=31000|rf1_therm=32000|ISP=35000|TPU=36000|AUR=36000|rfpa_therm=31839|quiet_therm=32484|charging_therm=34332|,ok,1,batched,untouched,4096,2048,9,1,16276,0,3215,0,4,4,ok
1,11,nvhe,4,1549000,1795000,39000,38000,BIG=43000|MID=38000|usb_pwr_therm=30303|btmspkr_therm=30236|disp_therm=30236|north_therm=30926|soc_therm=34243|battery=30600|battery_cycle=5|dc-mains=35000|usbc-therm-adc=350|max77779fg=30600|LITTLE=37000|soc=16|smpl_gm=0|vdroop1=0|batoilo=0|batoilo2=0|batt_vs=30594|mdis_morepower=0|thb_hda=51|cp_on_chip_0=33000|cp_on_chip_1=34000|G3D=37000|cp_on_chip_2=35000|cp_on_chip_3=33000|cp_on_chip_4=33000|rf2_therm=31000|rf1_therm=32000|ISP=35000|TPU=36000|AUR=36000|rfpa_therm=31839|quiet_therm=32484|charging_therm=34332|,BIG=37000|MID=37000|usb_pwr_therm=30303|btmspkr_therm=30236|disp_therm=30236|north_therm=30926|soc_therm=34243|battery=30600|battery_cycle=5|dc-mains=35000|usbc-therm-adc=350|max77779fg=30600|LITTLE=37000|soc=16|smpl_gm=0|vdroop1=0|batoilo=0|batoilo2=0|batt_vs=30594|mdis_morepower=0|thb_hda=51|cp_on_chip_0=33000|cp_on_chip_1=34000|G3D=36000|cp_on_chip_2=35000|cp_on_chip_3=33000|cp_on_chip_4=33000|rf2_therm=31000|rf1_therm=32000|ISP=35000|TPU=36000|AUR=36000|rfpa_therm=31839|quiet_therm=32484|charging_therm=34332|,ok,1,batched,untouched,4096,2048,10,1,13347,0,3458,0,4,4,ok
1,11,nvhe,4,1549000,1795000,39000,38000,BIG=43000|MID=38000|usb_pwr_therm=30303|btmspkr_therm=30236|disp_therm=30236|north_therm=30926|soc_therm=34243|battery=30600|battery_cycle=5|dc-mains=35000|usbc-therm-adc=350|max77779fg=30600|LITTLE=37000|soc=16|smpl_gm=0|vdroop1=0|batoilo=0|batoilo2=0|batt_vs=30594|mdis_morepower=0|thb_hda=51|cp_on_chip_0=33000|cp_on_chip_1=34000|G3D=37000|cp_on_chip_2=35000|cp_on_chip_3=33000|cp_on_chip_4=33000|rf2_therm=31000|rf1_therm=32000|ISP=35000|TPU=36000|AUR=36000|rfpa_therm=31839|quiet_therm=32484|charging_therm=34332|,BIG=37000|MID=37000|usb_pwr_therm=30303|btmspkr_therm=30236|disp_therm=30236|north_therm=30926|soc_therm=34243|battery=30600|battery_cycle=5|dc-mains=35000|usbc-therm-adc=350|max77779fg=30600|LITTLE=37000|soc=16|smpl_gm=0|vdroop1=0|batoilo=0|batoilo2=0|batt_vs=30594|mdis_morepower=0|thb_hda=51|cp_on_chip_0=33000|cp_on_chip_1=34000|G3D=36000|cp_on_chip_2=35000|cp_on_chip_3=33000|cp_on_chip_4=33000|rf2_therm=31000|rf1_therm=32000|ISP=35000|TPU=36000|AUR=36000|rfpa_therm=31839|quiet_therm=32484|charging_therm=34332|,ok,1,batched,untouched,4096,2048,11,1,14201,0,3377,0,4,4,ok
1,11,nvhe,4,1549000,1795000,39000,38000,BIG=43000|MID=38000|usb_pwr_therm=30303|btmspkr_therm=30236|disp_therm=30236|north_therm=30926|soc_therm=34243|battery=30600|battery_cycle=5|dc-mains=35000|usbc-therm-adc=350|max77779fg=30600|LITTLE=37000|soc=16|smpl_gm=0|vdroop1=0|batoilo=0|batoilo2=0|batt_vs=30594|mdis_morepower=0|thb_hda=51|cp_on_chip_0=33000|cp_on_chip_1=34000|G3D=37000|cp_on_chip_2=35000|cp_on_chip_3=33000|cp_on_chip_4=33000|rf2_therm=31000|rf1_therm=32000|ISP=35000|TPU=36000|AUR=36000|rfpa_therm=31839|quiet_therm=32484|charging_therm=34332|,BIG=37000|MID=37000|usb_pwr_therm=30303|btmspkr_therm=30236|disp_therm=30236|north_therm=30926|soc_therm=34243|battery=30600|battery_cycle=5|dc-mains=35000|usbc-therm-adc=350|max77779fg=30600|LITTLE=37000|soc=16|smpl_gm=0|vdroop1=0|batoilo=0|batoilo2=0|batt_vs=30594|mdis_morepower=0|thb_hda=51|cp_on_chip_0=33000|cp_on_chip_1=34000|G3D=36000|cp_on_chip_2=35000|cp_on_chip_3=33000|cp_on_chip_4=33000|rf2_therm=31000|rf1_therm=32000|ISP=35000|TPU=36000|AUR=36000|rfpa_therm=31839|quiet_therm=32484|charging_therm=34332|,ok,1,batched,untouched,4096,2048,12,1,13509,0,3134,0,4,4,ok
1,11,nvhe,4,1549000,1795000,39000,38000,BIG=43000|MID=38000|usb_pwr_therm=30303|btmspkr_therm=30236|disp_therm=30236|north_therm=30926|soc_therm=34243|battery=30600|battery_cycle=5|dc-mains=35000|usbc-therm-adc=350|max77779fg=30600|LITTLE=37000|soc=16|smpl_gm=0|vdroop1=0|batoilo=0|batoilo2=0|batt_vs=30594|mdis_morepower=0|thb_hda=51|cp_on_chip_0=33000|cp_on_chip_1=34000|G3D=37000|cp_on_chip_2=35000|cp_on_chip_3=33000|cp_on_chip_4=33000|rf2_therm=31000|rf1_therm=32000|ISP=35000|TPU=36000|AUR=36000|rfpa_therm=31839|quiet_therm=32484|charging_therm=34332|,BIG=37000|MID=37000|usb_pwr_therm=30303|btmspkr_therm=30236|disp_therm=30236|north_therm=30926|soc_therm=34243|battery=30600|battery_cycle=5|dc-mains=35000|usbc-therm-adc=350|max77779fg=30600|LITTLE=37000|soc=16|smpl_gm=0|vdroop1=0|batoilo=0|batoilo2=0|batt_vs=30594|mdis_morepower=0|thb_hda=51|cp_on_chip_0=33000|cp_on_chip_1=34000|G3D=36000|cp_on_chip_2=35000|cp_on_chip_3=33000|cp_on_chip_4=33000|rf2_therm=31000|rf1_therm=32000|ISP=35000|TPU=36000|AUR=36000|rfpa_therm=31839|quiet_therm=32484|charging_therm=34332|,ok,1,batched,untouched,4096,2048,13,1,15543,0,3214,0,4,4,ok
1,11,nvhe,4,1549000,1795000,39000,38000,BIG=43000|MID=38000|usb_pwr_therm=30303|btmspkr_therm=30236|disp_therm=30236|north_therm=30926|soc_therm=34243|battery=30600|battery_cycle=5|dc-mains=35000|usbc-therm-adc=350|max77779fg=30600|LITTLE=37000|soc=16|smpl_gm=0|vdroop1=0|batoilo=0|batoilo2=0|batt_vs=30594|mdis_morepower=0|thb_hda=51|cp_on_chip_0=33000|cp_on_chip_1=34000|G3D=37000|cp_on_chip_2=35000|cp_on_chip_3=33000|cp_on_chip_4=33000|rf2_therm=31000|rf1_therm=32000|ISP=35000|TPU=36000|AUR=36000|rfpa_therm=31839|quiet_therm=32484|charging_therm=34332|,BIG=37000|MID=37000|usb_pwr_therm=30303|btmspkr_therm=30236|disp_therm=30236|north_therm=30926|soc_therm=34243|battery=30600|battery_cycle=5|dc-mains=35000|usbc-therm-adc=350|max77779fg=30600|LITTLE=37000|soc=16|smpl_gm=0|vdroop1=0|batoilo=0|batoilo2=0|batt_vs=30594|mdis_morepower=0|thb_hda=51|cp_on_chip_0=33000|cp_on_chip_1=34000|G3D=36000|cp_on_chip_2=35000|cp_on_chip_3=33000|cp_on_chip_4=33000|rf2_therm=31000|rf1_therm=32000|ISP=35000|TPU=36000|AUR=36000|rfpa_therm=31839|quiet_therm=32484|charging_therm=34332|,ok,1,batched,untouched,4096,2048,14,1,22787,0,3296,0,4,4,ok
1,11,nvhe,4,1549000,1795000,39000,38000,BIG=43000|MID=38000|usb_pwr_therm=30303|btmspkr_therm=30236|disp_therm=30236|north_therm=30926|soc_therm=34243|battery=30600|battery_cycle=5|dc-mains=35000|usbc-therm-adc=350|max77779fg=30600|LITTLE=37000|soc=16|smpl_gm=0|vdroop1=0|batoilo=0|batoilo2=0|batt_vs=30594|mdis_morepower=0|thb_hda=51|cp_on_chip_0=33000|cp_on_chip_1=34000|G3D=37000|cp_on_chip_2=35000|cp_on_chip_3=33000|cp_on_chip_4=33000|rf2_therm=31000|rf1_therm=32000|ISP=35000|TPU=36000|AUR=36000|rfpa_therm=31839|quiet_therm=32484|charging_therm=34332|,BIG=37000|MID=37000|usb_pwr_therm=30303|btmspkr_therm=30236|disp_therm=30236|north_therm=30926|soc_therm=34243|battery=30600|battery_cycle=5|dc-mains=35000|usbc-therm-adc=350|max77779fg=30600|LITTLE=37000|soc=16|smpl_gm=0|vdroop1=0|batoilo=0|batoilo2=0|batt_vs=30594|mdis_morepower=0|thb_hda=51|cp_on_chip_0=33000|cp_on_chip_1=34000|G3D=36000|cp_on_chip_2=35000|cp_on_chip_3=33000|cp_on_chip_4=33000|rf2_therm=31000|rf1_therm=32000|ISP=35000|TPU=36000|AUR=36000|rfpa_therm=31839|quiet_therm=32484|charging_therm=34332|,ok,1,batched,untouched,4096,2048,15,1,14933,0,3378,0,4,4,ok
1,11,nvhe,4,1549000,1795000,39000,38000,BIG=43000|MID=38000|usb_pwr_therm=30303|btmspkr_therm=30236|disp_therm=30236|north_therm=30926|soc_therm=34243|battery=30600|battery_cycle=5|dc-mains=35000|usbc-therm-adc=350|max77779fg=30600|LITTLE=37000|soc=16|smpl_gm=0|vdroop1=0|batoilo=0|batoilo2=0|batt_vs=30594|mdis_morepower=0|thb_hda=51|cp_on_chip_0=33000|cp_on_chip_1=34000|G3D=37000|cp_on_chip_2=35000|cp_on_chip_3=33000|cp_on_chip_4=33000|rf2_therm=31000|rf1_therm=32000|ISP=35000|TPU=36000|AUR=36000|rfpa_therm=31839|quiet_therm=32484|charging_therm=34332|,BIG=37000|MID=37000|usb_pwr_therm=30303|btmspkr_therm=30236|disp_therm=30236|north_therm=30926|soc_therm=34243|battery=30600|battery_cycle=5|dc-mains=35000|usbc-therm-adc=350|max77779fg=30600|LITTLE=37000|soc=16|smpl_gm=0|vdroop1=0|batoilo=0|batoilo2=0|batt_vs=30594|mdis_morepower=0|thb_hda=51|cp_on_chip_0=33000|cp_on_chip_1=34000|G3D=36000|cp_on_chip_2=35000|cp_on_chip_3=33000|cp_on_chip_4=33000|rf2_therm=31000|rf1_therm=32000|ISP=35000|TPU=36000|AUR=36000|rfpa_therm=31839|quiet_therm=32484|charging_therm=34332|,ok,1,batched,untouched,4096,2048,16,1,14038,0,3418,0,4,4,ok
1,11,nvhe,4,1549000,1795000,39000,38000,BIG=43000|MID=38000|usb_pwr_therm=30303|btmspkr_therm=30236|disp_therm=30236|north_therm=30926|soc_therm=34243|battery=30600|battery_cycle=5|dc-mains=35000|usbc-therm-adc=350|max77779fg=30600|LITTLE=37000|soc=16|smpl_gm=0|vdroop1=0|batoilo=0|batoilo2=0|batt_vs=30594|mdis_morepower=0|thb_hda=51|cp_on_chip_0=33000|cp_on_chip_1=34000|G3D=37000|cp_on_chip_2=35000|cp_on_chip_3=33000|cp_on_chip_4=33000|rf2_therm=31000|rf1_therm=32000|ISP=35000|TPU=36000|AUR=36000|rfpa_therm=31839|quiet_therm=32484|charging_therm=34332|,BIG=37000|MID=37000|usb_pwr_therm=30303|btmspkr_therm=30236|disp_therm=30236|north_therm=30926|soc_therm=34243|battery=30600|battery_cycle=5|dc-mains=35000|usbc-therm-adc=350|max77779fg=30600|LITTLE=37000|soc=16|smpl_gm=0|vdroop1=0|batoilo=0|batoilo2=0|batt_vs=30594|mdis_morepower=0|thb_hda=51|cp_on_chip_0=33000|cp_on_chip_1=34000|G3D=36000|cp_on_chip_2=35000|cp_on_chip_3=33000|cp_on_chip_4=33000|rf2_therm=31000|rf1_therm=32000|ISP=35000|TPU=36000|AUR=36000|rfpa_therm=31839|quiet_therm=32484|charging_therm=34332|,ok,1,batched,untouched,4096,2048,17,1,14974,0,3296,0,4,4,ok
1,11,nvhe,4,1549000,1795000,39000,38000,BIG=43000|MID=38000|usb_pwr_therm=30303|btmspkr_therm=30236|disp_therm=30236|north_therm=30926|soc_therm=34243|battery=30600|battery_cycle=5|dc-mains=35000|usbc-therm-adc=350|max77779fg=30600|LITTLE=37000|soc=16|smpl_gm=0|vdroop1=0|batoilo=0|batoilo2=0|batt_vs=30594|mdis_morepower=0|thb_hda=51|cp_on_chip_0=33000|cp_on_chip_1=34000|G3D=37000|cp_on_chip_2=35000|cp_on_chip_3=33000|cp_on_chip_4=33000|rf2_therm=31000|rf1_therm=32000|ISP=35000|TPU=36000|AUR=36000|rfpa_therm=31839|quiet_therm=32484|charging_therm=34332|,BIG=37000|MID=37000|usb_pwr_therm=30303|btmspkr_therm=30236|disp_therm=30236|north_therm=30926|soc_therm=34243|battery=30600|battery_cycle=5|dc-mains=35000|usbc-therm-adc=350|max77779fg=30600|LITTLE=37000|soc=16|smpl_gm=0|vdroop1=0|batoilo=0|batoilo2=0|batt_vs=30594|mdis_morepower=0|thb_hda=51|cp_on_chip_0=33000|cp_on_chip_1=34000|G3D=36000|cp_on_chip_2=35000|cp_on_chip_3=33000|cp_on_chip_4=33000|rf2_therm=31000|rf1_therm=32000|ISP=35000|TPU=36000|AUR=36000|rfpa_therm=31839|quiet_therm=32484|charging_therm=34332|,ok,1,batched,untouched,4096,2048,18,1,15136,0,3133,0,4,4,ok
1,11,nvhe,4,1549000,1795000,39000,38000,BIG=43000|MID=38000|usb_pwr_therm=30303|btmspkr_therm=30236|disp_therm=30236|north_therm=30926|soc_therm=34243|battery=30600|battery_cycle=5|dc-mains=35000|usbc-therm-adc=350|max77779fg=30600|LITTLE=37000|soc=16|smpl_gm=0|vdroop1=0|batoilo=0|batoilo2=0|batt_vs=30594|mdis_morepower=0|thb_hda=51|cp_on_chip_0=33000|cp_on_chip_1=34000|G3D=37000|cp_on_chip_2=35000|cp_on_chip_3=33000|cp_on_chip_4=33000|rf2_therm=31000|rf1_therm=32000|ISP=35000|TPU=36000|AUR=36000|rfpa_therm=31839|quiet_therm=32484|charging_therm=34332|,BIG=37000|MID=37000|usb_pwr_therm=30303|btmspkr_therm=30236|disp_therm=30236|north_therm=30926|soc_therm=34243|battery=30600|battery_cycle=5|dc-mains=35000|usbc-therm-adc=350|max77779fg=30600|LITTLE=37000|soc=16|smpl_gm=0|vdroop1=0|batoilo=0|batoilo2=0|batt_vs=30594|mdis_morepower=0|thb_hda=51|cp_on_chip_0=33000|cp_on_chip_1=34000|G3D=36000|cp_on_chip_2=35000|cp_on_chip_3=33000|cp_on_chip_4=33000|rf2_therm=31000|rf1_therm=32000|ISP=35000|TPU=36000|AUR=36000|rfpa_therm=31839|quiet_therm=32484|charging_therm=34332|,ok,1,batched,untouched,4096,2048,19,1,14974,0,3215,0,4,4,ok
1,11,nvhe,4,1549000,1795000,39000,38000,BIG=43000|MID=38000|usb_pwr_therm=30303|btmspkr_therm=30236|disp_therm=30236|north_therm=30926|soc_therm=34243|battery=30600|battery_cycle=5|dc-mains=35000|usbc-therm-adc=350|max77779fg=30600|LITTLE=37000|soc=16|smpl_gm=0|vdroop1=0|batoilo=0|batoilo2=0|batt_vs=30594|mdis_morepower=0|thb_hda=51|cp_on_chip_0=33000|cp_on_chip_1=34000|G3D=37000|cp_on_chip_2=35000|cp_on_chip_3=33000|cp_on_chip_4=33000|rf2_therm=31000|rf1_therm=32000|ISP=35000|TPU=36000|AUR=36000|rfpa_therm=31839|quiet_therm=32484|charging_therm=34332|,BIG=37000|MID=37000|usb_pwr_therm=30303|btmspkr_therm=30236|disp_therm=30236|north_therm=30926|soc_therm=34243|battery=30600|battery_cycle=5|dc-mains=35000|usbc-therm-adc=350|max77779fg=30600|LITTLE=37000|soc=16|smpl_gm=0|vdroop1=0|batoilo=0|batoilo2=0|batt_vs=30594|mdis_morepower=0|thb_hda=51|cp_on_chip_0=33000|cp_on_chip_1=34000|G3D=36000|cp_on_chip_2=35000|cp_on_chip_3=33000|cp_on_chip_4=33000|rf2_therm=31000|rf1_therm=32000|ISP=35000|TPU=36000|AUR=36000|rfpa_therm=31839|quiet_therm=32484|charging_therm=34332|,ok,1,batched,untouched,4096,2048,20,1,19328,0,3092,0,4,4,ok
1,11,nvhe,4,1549000,1795000,39000,38000,BIG=43000|MID=38000|usb_pwr_therm=30303|btmspkr_therm=30236|disp_therm=30236|north_therm=30926|soc_therm=34243|battery=30600|battery_cycle=5|dc-mains=35000|usbc-therm-adc=350|max77779fg=30600|LITTLE=37000|soc=16|smpl_gm=0|vdroop1=0|batoilo=0|batoilo2=0|batt_vs=30594|mdis_morepower=0|thb_hda=51|cp_on_chip_0=33000|cp_on_chip_1=34000|G3D=37000|cp_on_chip_2=35000|cp_on_chip_3=33000|cp_on_chip_4=33000|rf2_therm=31000|rf1_therm=32000|ISP=35000|TPU=36000|AUR=36000|rfpa_therm=31839|quiet_therm=32484|charging_therm=34332|,BIG=37000|MID=37000|usb_pwr_therm=30303|btmspkr_therm=30236|disp_therm=30236|north_therm=30926|soc_therm=34243|battery=30600|battery_cycle=5|dc-mains=35000|usbc-therm-adc=350|max77779fg=30600|LITTLE=37000|soc=16|smpl_gm=0|vdroop1=0|batoilo=0|batoilo2=0|batt_vs=30594|mdis_morepower=0|thb_hda=51|cp_on_chip_0=33000|cp_on_chip_1=34000|G3D=36000|cp_on_chip_2=35000|cp_on_chip_3=33000|cp_on_chip_4=33000|rf2_therm=31000|rf1_therm=32000|ISP=35000|TPU=36000|AUR=36000|rfpa_therm=31839|quiet_therm=32484|charging_therm=34332|,ok,1,batched,untouched,4096,2048,21,1,18758,0,3174,0,4,4,ok
1,11,nvhe,4,1549000,1795000,39000,38000,BIG=43000|MID=38000|usb_pwr_therm=30303|btmspkr_therm=30236|disp_therm=30236|north_therm=30926|soc_therm=34243|battery=30600|battery_cycle=5|dc-mains=35000|usbc-therm-adc=350|max77779fg=30600|LITTLE=37000|soc=16|smpl_gm=0|vdroop1=0|batoilo=0|batoilo2=0|batt_vs=30594|mdis_morepower=0|thb_hda=51|cp_on_chip_0=33000|cp_on_chip_1=34000|G3D=37000|cp_on_chip_2=35000|cp_on_chip_3=33000|cp_on_chip_4=33000|rf2_therm=31000|rf1_therm=32000|ISP=35000|TPU=36000|AUR=36000|rfpa_therm=31839|quiet_therm=32484|charging_therm=34332|,BIG=37000|MID=37000|usb_pwr_therm=30303|btmspkr_therm=30236|disp_therm=30236|north_therm=30926|soc_therm=34243|battery=30600|battery_cycle=5|dc-mains=35000|usbc-therm-adc=350|max77779fg=30600|LITTLE=37000|soc=16|smpl_gm=0|vdroop1=0|batoilo=0|batoilo2=0|batt_vs=30594|mdis_morepower=0|thb_hda=51|cp_on_chip_0=33000|cp_on_chip_1=34000|G3D=36000|cp_on_chip_2=35000|cp_on_chip_3=33000|cp_on_chip_4=33000|rf2_therm=31000|rf1_therm=32000|ISP=35000|TPU=36000|AUR=36000|rfpa_therm=31839|quiet_therm=32484|charging_therm=34332|,ok,1,batched,untouched,4096,2048,22,1,20671,0,3255,0,4,4,ok
1,11,nvhe,4,1549000,1795000,39000,38000,BIG=43000|MID=38000|usb_pwr_therm=30303|btmspkr_therm=30236|disp_therm=30236|north_therm=30926|soc_therm=34243|battery=30600|battery_cycle=5|dc-mains=35000|usbc-therm-adc=350|max77779fg=30600|LITTLE=37000|soc=16|smpl_gm=0|vdroop1=0|batoilo=0|batoilo2=0|batt_vs=30594|mdis_morepower=0|thb_hda=51|cp_on_chip_0=33000|cp_on_chip_1=34000|G3D=37000|cp_on_chip_2=35000|cp_on_chip_3=33000|cp_on_chip_4=33000|rf2_therm=31000|rf1_therm=32000|ISP=35000|TPU=36000|AUR=36000|rfpa_therm=31839|quiet_therm=32484|charging_therm=34332|,BIG=37000|MID=37000|usb_pwr_therm=30303|btmspkr_therm=30236|disp_therm=30236|north_therm=30926|soc_therm=34243|battery=30600|battery_cycle=5|dc-mains=35000|usbc-therm-adc=350|max77779fg=30600|LITTLE=37000|soc=16|smpl_gm=0|vdroop1=0|batoilo=0|batoilo2=0|batt_vs=30594|mdis_morepower=0|thb_hda=51|cp_on_chip_0=33000|cp_on_chip_1=34000|G3D=36000|cp_on_chip_2=35000|cp_on_chip_3=33000|cp_on_chip_4=33000|rf2_therm=31000|rf1_therm=32000|ISP=35000|TPU=36000|AUR=36000|rfpa_therm=31839|quiet_therm=32484|charging_therm=34332|,ok,1,batched,untouched,4096,2048,23,1,19206,0,3296,0,4,4,ok
1,11,nvhe,4,1549000,1795000,39000,38000,BIG=43000|MID=38000|usb_pwr_therm=30303|btmspkr_therm=30236|disp_therm=30236|north_therm=30926|soc_therm=34243|battery=30600|battery_cycle=5|dc-mains=35000|usbc-therm-adc=350|max77779fg=30600|LITTLE=37000|soc=16|smpl_gm=0|vdroop1=0|batoilo=0|batoilo2=0|batt_vs=30594|mdis_morepower=0|thb_hda=51|cp_on_chip_0=33000|cp_on_chip_1=34000|G3D=37000|cp_on_chip_2=35000|cp_on_chip_3=33000|cp_on_chip_4=33000|rf2_therm=31000|rf1_therm=32000|ISP=35000|TPU=36000|AUR=36000|rfpa_therm=31839|quiet_therm=32484|charging_therm=34332|,BIG=37000|MID=37000|usb_pwr_therm=30303|btmspkr_therm=30236|disp_therm=30236|north_therm=30926|soc_therm=34243|battery=30600|battery_cycle=5|dc-mains=35000|usbc-therm-adc=350|max77779fg=30600|LITTLE=37000|soc=16|smpl_gm=0|vdroop1=0|batoilo=0|batoilo2=0|batt_vs=30594|mdis_morepower=0|thb_hda=51|cp_on_chip_0=33000|cp_on_chip_1=34000|G3D=36000|cp_on_chip_2=35000|cp_on_chip_3=33000|cp_on_chip_4=33000|rf2_therm=31000|rf1_therm=32000|ISP=35000|TPU=36000|AUR=36000|rfpa_therm=31839|quiet_therm=32484|charging_therm=34332|,ok,1,batched,untouched,4096,2048,24,1,17823,0,3377,0,4,4,ok
1,11,nvhe,4,1549000,1795000,39000,38000,BIG=43000|MID=38000|usb_pwr_therm=30303|btmspkr_therm=30236|disp_therm=30236|north_therm=30926|soc_therm=34243|battery=30600|battery_cycle=5|dc-mains=35000|usbc-therm-adc=350|max77779fg=30600|LITTLE=37000|soc=16|smpl_gm=0|vdroop1=0|batoilo=0|batoilo2=0|batt_vs=30594|mdis_morepower=0|thb_hda=51|cp_on_chip_0=33000|cp_on_chip_1=34000|G3D=37000|cp_on_chip_2=35000|cp_on_chip_3=33000|cp_on_chip_4=33000|rf2_therm=31000|rf1_therm=32000|ISP=35000|TPU=36000|AUR=36000|rfpa_therm=31839|quiet_therm=32484|charging_therm=34332|,BIG=37000|MID=37000|usb_pwr_therm=30303|btmspkr_therm=30236|disp_therm=30236|north_therm=30926|soc_therm=34243|battery=30600|battery_cycle=5|dc-mains=35000|usbc-therm-adc=350|max77779fg=30600|LITTLE=37000|soc=16|smpl_gm=0|vdroop1=0|batoilo=0|batoilo2=0|batt_vs=30594|mdis_morepower=0|thb_hda=51|cp_on_chip_0=33000|cp_on_chip_1=34000|G3D=36000|cp_on_chip_2=35000|cp_on_chip_3=33000|cp_on_chip_4=33000|rf2_therm=31000|rf1_therm=32000|ISP=35000|TPU=36000|AUR=36000|rfpa_therm=31839|quiet_therm=32484|charging_therm=34332|,ok,1,batched,untouched,4096,2048,25,1,20508,0,3296,0,4,4,ok
1,11,nvhe,4,1549000,1795000,39000,38000,BIG=43000|MID=38000|usb_pwr_therm=30303|btmspkr_therm=30236|disp_therm=30236|north_therm=30926|soc_therm=34243|battery=30600|battery_cycle=5|dc-mains=35000|usbc-therm-adc=350|max77779fg=30600|LITTLE=37000|soc=16|smpl_gm=0|vdroop1=0|batoilo=0|batoilo2=0|batt_vs=30594|mdis_morepower=0|thb_hda=51|cp_on_chip_0=33000|cp_on_chip_1=34000|G3D=37000|cp_on_chip_2=35000|cp_on_chip_3=33000|cp_on_chip_4=33000|rf2_therm=31000|rf1_therm=32000|ISP=35000|TPU=36000|AUR=36000|rfpa_therm=31839|quiet_therm=32484|charging_therm=34332|,BIG=37000|MID=37000|usb_pwr_therm=30303|btmspkr_therm=30236|disp_therm=30236|north_therm=30926|soc_therm=34243|battery=30600|battery_cycle=5|dc-mains=35000|usbc-therm-adc=350|max77779fg=30600|LITTLE=37000|soc=16|smpl_gm=0|vdroop1=0|batoilo=0|batoilo2=0|batt_vs=30594|mdis_morepower=0|thb_hda=51|cp_on_chip_0=33000|cp_on_chip_1=34000|G3D=36000|cp_on_chip_2=35000|cp_on_chip_3=33000|cp_on_chip_4=33000|rf2_therm=31000|rf1_therm=32000|ISP=35000|TPU=36000|AUR=36000|rfpa_therm=31839|quiet_therm=32484|charging_therm=34332|,ok,1,batched,untouched,4096,2048,26,1,26937,0,3418,0,4,4,ok
1,11,nvhe,4,1549000,1795000,39000,38000,BIG=43000|MID=38000|usb_pwr_therm=30303|btmspkr_therm=30236|disp_therm=30236|north_therm=30926|soc_therm=34243|battery=30600|battery_cycle=5|dc-mains=35000|usbc-therm-adc=350|max77779fg=30600|LITTLE=37000|soc=16|smpl_gm=0|vdroop1=0|batoilo=0|batoilo2=0|batt_vs=30594|mdis_morepower=0|thb_hda=51|cp_on_chip_0=33000|cp_on_chip_1=34000|G3D=37000|cp_on_chip_2=35000|cp_on_chip_3=33000|cp_on_chip_4=33000|rf2_therm=31000|rf1_therm=32000|ISP=35000|TPU=36000|AUR=36000|rfpa_therm=31839|quiet_therm=32484|charging_therm=34332|,BIG=37000|MID=37000|usb_pwr_therm=30303|btmspkr_therm=30236|disp_therm=30236|north_therm=30926|soc_therm=34243|battery=30600|battery_cycle=5|dc-mains=35000|usbc-therm-adc=350|max77779fg=30600|LITTLE=37000|soc=16|smpl_gm=0|vdroop1=0|batoilo=0|batoilo2=0|batt_vs=30594|mdis_morepower=0|thb_hda=51|cp_on_chip_0=33000|cp_on_chip_1=34000|G3D=36000|cp_on_chip_2=35000|cp_on_chip_3=33000|cp_on_chip_4=33000|rf2_therm=31000|rf1_therm=32000|ISP=35000|TPU=36000|AUR=36000|rfpa_therm=31839|quiet_therm=32484|charging_therm=34332|,ok,1,batched,untouched,4096,2048,27,1,17172,0,3256,0,4,4,ok
1,11,nvhe,4,1549000,1795000,39000,38000,BIG=43000|MID=38000|usb_pwr_therm=30303|btmspkr_therm=30236|disp_therm=30236|north_therm=30926|soc_therm=34243|battery=30600|battery_cycle=5|dc-mains=35000|usbc-therm-adc=350|max77779fg=30600|LITTLE=37000|soc=16|smpl_gm=0|vdroop1=0|batoilo=0|batoilo2=0|batt_vs=30594|mdis_morepower=0|thb_hda=51|cp_on_chip_0=33000|cp_on_chip_1=34000|G3D=37000|cp_on_chip_2=35000|cp_on_chip_3=33000|cp_on_chip_4=33000|rf2_therm=31000|rf1_therm=32000|ISP=35000|TPU=36000|AUR=36000|rfpa_therm=31839|quiet_therm=32484|charging_therm=34332|,BIG=37000|MID=37000|usb_pwr_therm=30303|btmspkr_therm=30236|disp_therm=30236|north_therm=30926|soc_therm=34243|battery=30600|battery_cycle=5|dc-mains=35000|usbc-therm-adc=350|max77779fg=30600|LITTLE=37000|soc=16|smpl_gm=0|vdroop1=0|batoilo=0|batoilo2=0|batt_vs=30594|mdis_morepower=0|thb_hda=51|cp_on_chip_0=33000|cp_on_chip_1=34000|G3D=36000|cp_on_chip_2=35000|cp_on_chip_3=33000|cp_on_chip_4=33000|rf2_therm=31000|rf1_therm=32000|ISP=35000|TPU=36000|AUR=36000|rfpa_therm=31839|quiet_therm=32484|charging_therm=34332|,ok,1,batched,untouched,4096,2048,28,1,18433,0,3255,0,4,4,ok
1,11,nvhe,4,1549000,1795000,39000,38000,BIG=43000|MID=38000|usb_pwr_therm=30303|btmspkr_therm=30236|disp_therm=30236|north_therm=30926|soc_therm=34243|battery=30600|battery_cycle=5|dc-mains=35000|usbc-therm-adc=350|max77779fg=30600|LITTLE=37000|soc=16|smpl_gm=0|vdroop1=0|batoilo=0|batoilo2=0|batt_vs=30594|mdis_morepower=0|thb_hda=51|cp_on_chip_0=33000|cp_on_chip_1=34000|G3D=37000|cp_on_chip_2=35000|cp_on_chip_3=33000|cp_on_chip_4=33000|rf2_therm=31000|rf1_therm=32000|ISP=35000|TPU=36000|AUR=36000|rfpa_therm=31839|quiet_therm=32484|charging_therm=34332|,BIG=37000|MID=37000|usb_pwr_therm=30303|btmspkr_therm=30236|disp_therm=30236|north_therm=30926|soc_therm=34243|battery=30600|battery_cycle=5|dc-mains=35000|usbc-therm-adc=350|max77779fg=30600|LITTLE=37000|soc=16|smpl_gm=0|vdroop1=0|batoilo=0|batoilo2=0|batt_vs=30594|mdis_morepower=0|thb_hda=51|cp_on_chip_0=33000|cp_on_chip_1=34000|G3D=36000|cp_on_chip_2=35000|cp_on_chip_3=33000|cp_on_chip_4=33000|rf2_therm=31000|rf1_therm=32000|ISP=35000|TPU=36000|AUR=36000|rfpa_therm=31839|quiet_therm=32484|charging_therm=34332|,ok,1,batched,untouched,4096,2048,29,1,18392,0,3255,0,4,4,ok
1,12,nvhe,4,1795000,1549000,38000,40000,BIG=37000|MID=37000|usb_pwr_therm=30303|btmspkr_therm=30236|disp_therm=30236|north_therm=30926|soc_therm=34310|battery=30600|battery_cycle=5|dc-mains=35000|usbc-therm-adc=350|max77779fg=30600|LITTLE=37000|soc=16|smpl_gm=0|vdroop1=0|batoilo=0|batoilo2=0|batt_vs=30593|mdis_morepower=0|thb_hda=51|cp_on_chip_0=33000|cp_on_chip_1=34000|G3D=36000|cp_on_chip_2=35000|cp_on_chip_3=33000|cp_on_chip_4=33000|rf2_therm=31000|rf1_therm=32000|ISP=35000|TPU=36000|AUR=36000|rfpa_therm=31861|quiet_therm=32507|charging_therm=34377|,BIG=37000|MID=38000|usb_pwr_therm=30303|btmspkr_therm=30236|disp_therm=30236|north_therm=30926|soc_therm=34310|battery=30600|battery_cycle=5|dc-mains=35000|usbc-therm-adc=350|max77779fg=30600|LITTLE=37000|soc=16|smpl_gm=0|vdroop1=0|batoilo=0|batoilo2=0|batt_vs=30594|mdis_morepower=0|thb_hda=51|cp_on_chip_0=33000|cp_on_chip_1=34000|G3D=36000|cp_on_chip_2=35000|cp_on_chip_3=33000|cp_on_chip_4=33000|rf2_therm=31000|rf1_therm=32000|ISP=35000|TPU=36000|AUR=36000|rfpa_therm=31861|quiet_therm=32529|charging_therm=34399|,ok,1,single,touched,4096,2048,0,2048,10983114,2048,6385498,0,4,4,ok
1,12,nvhe,4,1795000,1549000,38000,40000,BIG=37000|MID=37000|usb_pwr_therm=30303|btmspkr_therm=30236|disp_therm=30236|north_therm=30926|soc_therm=34310|battery=30600|battery_cycle=5|dc-mains=35000|usbc-therm-adc=350|max77779fg=30600|LITTLE=37000|soc=16|smpl_gm=0|vdroop1=0|batoilo=0|batoilo2=0|batt_vs=30593|mdis_morepower=0|thb_hda=51|cp_on_chip_0=33000|cp_on_chip_1=34000|G3D=36000|cp_on_chip_2=35000|cp_on_chip_3=33000|cp_on_chip_4=33000|rf2_therm=31000|rf1_therm=32000|ISP=35000|TPU=36000|AUR=36000|rfpa_therm=31861|quiet_therm=32507|charging_therm=34377|,BIG=37000|MID=38000|usb_pwr_therm=30303|btmspkr_therm=30236|disp_therm=30236|north_therm=30926|soc_therm=34310|battery=30600|battery_cycle=5|dc-mains=35000|usbc-therm-adc=350|max77779fg=30600|LITTLE=37000|soc=16|smpl_gm=0|vdroop1=0|batoilo=0|batoilo2=0|batt_vs=30594|mdis_morepower=0|thb_hda=51|cp_on_chip_0=33000|cp_on_chip_1=34000|G3D=36000|cp_on_chip_2=35000|cp_on_chip_3=33000|cp_on_chip_4=33000|rf2_therm=31000|rf1_therm=32000|ISP=35000|TPU=36000|AUR=36000|rfpa_therm=31861|quiet_therm=32529|charging_therm=34399|,ok,1,single,touched,4096,2048,1,2048,6175578,2048,4902343,0,4,4,ok
1,12,nvhe,4,1795000,1549000,38000,40000,BIG=37000|MID=37000|usb_pwr_therm=30303|btmspkr_therm=30236|disp_therm=30236|north_therm=30926|soc_therm=34310|battery=30600|battery_cycle=5|dc-mains=35000|usbc-therm-adc=350|max77779fg=30600|LITTLE=37000|soc=16|smpl_gm=0|vdroop1=0|batoilo=0|batoilo2=0|batt_vs=30593|mdis_morepower=0|thb_hda=51|cp_on_chip_0=33000|cp_on_chip_1=34000|G3D=36000|cp_on_chip_2=35000|cp_on_chip_3=33000|cp_on_chip_4=33000|rf2_therm=31000|rf1_therm=32000|ISP=35000|TPU=36000|AUR=36000|rfpa_therm=31861|quiet_therm=32507|charging_therm=34377|,BIG=37000|MID=38000|usb_pwr_therm=30303|btmspkr_therm=30236|disp_therm=30236|north_therm=30926|soc_therm=34310|battery=30600|battery_cycle=5|dc-mains=35000|usbc-therm-adc=350|max77779fg=30600|LITTLE=37000|soc=16|smpl_gm=0|vdroop1=0|batoilo=0|batoilo2=0|batt_vs=30594|mdis_morepower=0|thb_hda=51|cp_on_chip_0=33000|cp_on_chip_1=34000|G3D=36000|cp_on_chip_2=35000|cp_on_chip_3=33000|cp_on_chip_4=33000|rf2_therm=31000|rf1_therm=32000|ISP=35000|TPU=36000|AUR=36000|rfpa_therm=31861|quiet_therm=32529|charging_therm=34399|,ok,1,single,touched,4096,2048,2,2048,5090902,2048,4066284,0,4,4,ok
1,12,nvhe,4,1795000,1549000,38000,40000,BIG=37000|MID=37000|usb_pwr_therm=30303|btmspkr_therm=30236|disp_therm=30236|north_therm=30926|soc_therm=34310|battery=30600|battery_cycle=5|dc-mains=35000|usbc-therm-adc=350|max77779fg=30600|LITTLE=37000|soc=16|smpl_gm=0|vdroop1=0|batoilo=0|batoilo2=0|batt_vs=30593|mdis_morepower=0|thb_hda=51|cp_on_chip_0=33000|cp_on_chip_1=34000|G3D=36000|cp_on_chip_2=35000|cp_on_chip_3=33000|cp_on_chip_4=33000|rf2_therm=31000|rf1_therm=32000|ISP=35000|TPU=36000|AUR=36000|rfpa_therm=31861|quiet_therm=32507|charging_therm=34377|,BIG=37000|MID=38000|usb_pwr_therm=30303|btmspkr_therm=30236|disp_therm=30236|north_therm=30926|soc_therm=34310|battery=30600|battery_cycle=5|dc-mains=35000|usbc-therm-adc=350|max77779fg=30600|LITTLE=37000|soc=16|smpl_gm=0|vdroop1=0|batoilo=0|batoilo2=0|batt_vs=30594|mdis_morepower=0|thb_hda=51|cp_on_chip_0=33000|cp_on_chip_1=34000|G3D=36000|cp_on_chip_2=35000|cp_on_chip_3=33000|cp_on_chip_4=33000|rf2_therm=31000|rf1_therm=32000|ISP=35000|TPU=36000|AUR=36000|rfpa_therm=31861|quiet_therm=32529|charging_therm=34399|,ok,1,single,touched,4096,2048,3,2048,4681438,2048,3438476,0,4,4,ok
1,12,nvhe,4,1795000,1549000,38000,40000,BIG=37000|MID=37000|usb_pwr_therm=30303|btmspkr_therm=30236|disp_therm=30236|north_therm=30926|soc_therm=34310|battery=30600|battery_cycle=5|dc-mains=35000|usbc-therm-adc=350|max77779fg=30600|LITTLE=37000|soc=16|smpl_gm=0|vdroop1=0|batoilo=0|batoilo2=0|batt_vs=30593|mdis_morepower=0|thb_hda=51|cp_on_chip_0=33000|cp_on_chip_1=34000|G3D=36000|cp_on_chip_2=35000|cp_on_chip_3=33000|cp_on_chip_4=33000|rf2_therm=31000|rf1_therm=32000|ISP=35000|TPU=36000|AUR=36000|rfpa_therm=31861|quiet_therm=32507|charging_therm=34377|,BIG=37000|MID=38000|usb_pwr_therm=30303|btmspkr_therm=30236|disp_therm=30236|north_therm=30926|soc_therm=34310|battery=30600|battery_cycle=5|dc-mains=35000|usbc-therm-adc=350|max77779fg=30600|LITTLE=37000|soc=16|smpl_gm=0|vdroop1=0|batoilo=0|batoilo2=0|batt_vs=30594|mdis_morepower=0|thb_hda=51|cp_on_chip_0=33000|cp_on_chip_1=34000|G3D=36000|cp_on_chip_2=35000|cp_on_chip_3=33000|cp_on_chip_4=33000|rf2_therm=31000|rf1_therm=32000|ISP=35000|TPU=36000|AUR=36000|rfpa_therm=31861|quiet_therm=32529|charging_therm=34399|,ok,1,single,touched,4096,2048,4,2048,3843913,2048,3231974,0,4,4,ok
1,12,nvhe,4,1795000,1549000,38000,40000,BIG=37000|MID=37000|usb_pwr_therm=30303|btmspkr_therm=30236|disp_therm=30236|north_therm=30926|soc_therm=34310|battery=30600|battery_cycle=5|dc-mains=35000|usbc-therm-adc=350|max77779fg=30600|LITTLE=37000|soc=16|smpl_gm=0|vdroop1=0|batoilo=0|batoilo2=0|batt_vs=30593|mdis_morepower=0|thb_hda=51|cp_on_chip_0=33000|cp_on_chip_1=34000|G3D=36000|cp_on_chip_2=35000|cp_on_chip_3=33000|cp_on_chip_4=33000|rf2_therm=31000|rf1_therm=32000|ISP=35000|TPU=36000|AUR=36000|rfpa_therm=31861|quiet_therm=32507|charging_therm=34377|,BIG=37000|MID=38000|usb_pwr_therm=30303|btmspkr_therm=30236|disp_therm=30236|north_therm=30926|soc_therm=34310|battery=30600|battery_cycle=5|dc-mains=35000|usbc-therm-adc=350|max77779fg=30600|LITTLE=37000|soc=16|smpl_gm=0|vdroop1=0|batoilo=0|batoilo2=0|batt_vs=30594|mdis_morepower=0|thb_hda=51|cp_on_chip_0=33000|cp_on_chip_1=34000|G3D=36000|cp_on_chip_2=35000|cp_on_chip_3=33000|cp_on_chip_4=33000|rf2_therm=31000|rf1_therm=32000|ISP=35000|TPU=36000|AUR=36000|rfpa_therm=31861|quiet_therm=32529|charging_therm=34399|,ok,1,single,touched,4096,2048,5,2048,3654297,2048,3189169,0,4,4,ok
1,12,nvhe,4,1795000,1549000,38000,40000,BIG=37000|MID=37000|usb_pwr_therm=30303|btmspkr_therm=30236|disp_therm=30236|north_therm=30926|soc_therm=34310|battery=30600|battery_cycle=5|dc-mains=35000|usbc-therm-adc=350|max77779fg=30600|LITTLE=37000|soc=16|smpl_gm=0|vdroop1=0|batoilo=0|batoilo2=0|batt_vs=30593|mdis_morepower=0|thb_hda=51|cp_on_chip_0=33000|cp_on_chip_1=34000|G3D=36000|cp_on_chip_2=35000|cp_on_chip_3=33000|cp_on_chip_4=33000|rf2_therm=31000|rf1_therm=32000|ISP=35000|TPU=36000|AUR=36000|rfpa_therm=31861|quiet_therm=32507|charging_therm=34377|,BIG=37000|MID=38000|usb_pwr_therm=30303|btmspkr_therm=30236|disp_therm=30236|north_therm=30926|soc_therm=34310|battery=30600|battery_cycle=5|dc-mains=35000|usbc-therm-adc=350|max77779fg=30600|LITTLE=37000|soc=16|smpl_gm=0|vdroop1=0|batoilo=0|batoilo2=0|batt_vs=30594|mdis_morepower=0|thb_hda=51|cp_on_chip_0=33000|cp_on_chip_1=34000|G3D=36000|cp_on_chip_2=35000|cp_on_chip_3=33000|cp_on_chip_4=33000|rf2_therm=31000|rf1_therm=32000|ISP=35000|TPU=36000|AUR=36000|rfpa_therm=31861|quiet_therm=32529|charging_therm=34399|,ok,1,single,touched,4096,2048,6,2048,3236490,2048,2962891,0,4,4,ok
1,12,nvhe,4,1795000,1549000,38000,40000,BIG=37000|MID=37000|usb_pwr_therm=30303|btmspkr_therm=30236|disp_therm=30236|north_therm=30926|soc_therm=34310|battery=30600|battery_cycle=5|dc-mains=35000|usbc-therm-adc=350|max77779fg=30600|LITTLE=37000|soc=16|smpl_gm=0|vdroop1=0|batoilo=0|batoilo2=0|batt_vs=30593|mdis_morepower=0|thb_hda=51|cp_on_chip_0=33000|cp_on_chip_1=34000|G3D=36000|cp_on_chip_2=35000|cp_on_chip_3=33000|cp_on_chip_4=33000|rf2_therm=31000|rf1_therm=32000|ISP=35000|TPU=36000|AUR=36000|rfpa_therm=31861|quiet_therm=32507|charging_therm=34377|,BIG=37000|MID=38000|usb_pwr_therm=30303|btmspkr_therm=30236|disp_therm=30236|north_therm=30926|soc_therm=34310|battery=30600|battery_cycle=5|dc-mains=35000|usbc-therm-adc=350|max77779fg=30600|LITTLE=37000|soc=16|smpl_gm=0|vdroop1=0|batoilo=0|batoilo2=0|batt_vs=30594|mdis_morepower=0|thb_hda=51|cp_on_chip_0=33000|cp_on_chip_1=34000|G3D=36000|cp_on_chip_2=35000|cp_on_chip_3=33000|cp_on_chip_4=33000|rf2_therm=31000|rf1_therm=32000|ISP=35000|TPU=36000|AUR=36000|rfpa_therm=31861|quiet_therm=32529|charging_therm=34399|,ok,1,single,touched,4096,2048,7,2048,2956706,2048,2567871,0,4,4,ok
1,12,nvhe,4,1795000,1549000,38000,40000,BIG=37000|MID=37000|usb_pwr_therm=30303|btmspkr_therm=30236|disp_therm=30236|north_therm=30926|soc_therm=34310|battery=30600|battery_cycle=5|dc-mains=35000|usbc-therm-adc=350|max77779fg=30600|LITTLE=37000|soc=16|smpl_gm=0|vdroop1=0|batoilo=0|batoilo2=0|batt_vs=30593|mdis_morepower=0|thb_hda=51|cp_on_chip_0=33000|cp_on_chip_1=34000|G3D=36000|cp_on_chip_2=35000|cp_on_chip_3=33000|cp_on_chip_4=33000|rf2_therm=31000|rf1_therm=32000|ISP=35000|TPU=36000|AUR=36000|rfpa_therm=31861|quiet_therm=32507|charging_therm=34377|,BIG=37000|MID=38000|usb_pwr_therm=30303|btmspkr_therm=30236|disp_therm=30236|north_therm=30926|soc_therm=34310|battery=30600|battery_cycle=5|dc-mains=35000|usbc-therm-adc=350|max77779fg=30600|LITTLE=37000|soc=16|smpl_gm=0|vdroop1=0|batoilo=0|batoilo2=0|batt_vs=30594|mdis_morepower=0|thb_hda=51|cp_on_chip_0=33000|cp_on_chip_1=34000|G3D=36000|cp_on_chip_2=35000|cp_on_chip_3=33000|cp_on_chip_4=33000|rf2_therm=31000|rf1_therm=32000|ISP=35000|TPU=36000|AUR=36000|rfpa_therm=31861|quiet_therm=32529|charging_therm=34399|,ok,1,single,touched,4096,2048,8,2048,2918498,2048,2697754,0,4,4,ok
1,12,nvhe,4,1795000,1549000,38000,40000,BIG=37000|MID=37000|usb_pwr_therm=30303|btmspkr_therm=30236|disp_therm=30236|north_therm=30926|soc_therm=34310|battery=30600|battery_cycle=5|dc-mains=35000|usbc-therm-adc=350|max77779fg=30600|LITTLE=37000|soc=16|smpl_gm=0|vdroop1=0|batoilo=0|batoilo2=0|batt_vs=30593|mdis_morepower=0|thb_hda=51|cp_on_chip_0=33000|cp_on_chip_1=34000|G3D=36000|cp_on_chip_2=35000|cp_on_chip_3=33000|cp_on_chip_4=33000|rf2_therm=31000|rf1_therm=32000|ISP=35000|TPU=36000|AUR=36000|rfpa_therm=31861|quiet_therm=32507|charging_therm=34377|,BIG=37000|MID=38000|usb_pwr_therm=30303|btmspkr_therm=30236|disp_therm=30236|north_therm=30926|soc_therm=34310|battery=30600|battery_cycle=5|dc-mains=35000|usbc-therm-adc=350|max77779fg=30600|LITTLE=37000|soc=16|smpl_gm=0|vdroop1=0|batoilo=0|batoilo2=0|batt_vs=30594|mdis_morepower=0|thb_hda=51|cp_on_chip_0=33000|cp_on_chip_1=34000|G3D=36000|cp_on_chip_2=35000|cp_on_chip_3=33000|cp_on_chip_4=33000|rf2_therm=31000|rf1_therm=32000|ISP=35000|TPU=36000|AUR=36000|rfpa_therm=31861|quiet_therm=32529|charging_therm=34399|,ok,1,single,touched,4096,2048,9,2048,2792847,2048,2405477,0,4,4,ok
1,12,nvhe,4,1795000,1549000,38000,40000,BIG=37000|MID=37000|usb_pwr_therm=30303|btmspkr_therm=30236|disp_therm=30236|north_therm=30926|soc_therm=34310|battery=30600|battery_cycle=5|dc-mains=35000|usbc-therm-adc=350|max77779fg=30600|LITTLE=37000|soc=16|smpl_gm=0|vdroop1=0|batoilo=0|batoilo2=0|batt_vs=30593|mdis_morepower=0|thb_hda=51|cp_on_chip_0=33000|cp_on_chip_1=34000|G3D=36000|cp_on_chip_2=35000|cp_on_chip_3=33000|cp_on_chip_4=33000|rf2_therm=31000|rf1_therm=32000|ISP=35000|TPU=36000|AUR=36000|rfpa_therm=31861|quiet_therm=32507|charging_therm=34377|,BIG=37000|MID=38000|usb_pwr_therm=30303|btmspkr_therm=30236|disp_therm=30236|north_therm=30926|soc_therm=34310|battery=30600|battery_cycle=5|dc-mains=35000|usbc-therm-adc=350|max77779fg=30600|LITTLE=37000|soc=16|smpl_gm=0|vdroop1=0|batoilo=0|batoilo2=0|batt_vs=30594|mdis_morepower=0|thb_hda=51|cp_on_chip_0=33000|cp_on_chip_1=34000|G3D=36000|cp_on_chip_2=35000|cp_on_chip_3=33000|cp_on_chip_4=33000|rf2_therm=31000|rf1_therm=32000|ISP=35000|TPU=36000|AUR=36000|rfpa_therm=31861|quiet_therm=32529|charging_therm=34399|,ok,1,single,touched,4096,2048,10,2048,2722657,2048,2071167,0,4,4,ok
1,12,nvhe,4,1795000,1549000,38000,40000,BIG=37000|MID=37000|usb_pwr_therm=30303|btmspkr_therm=30236|disp_therm=30236|north_therm=30926|soc_therm=34310|battery=30600|battery_cycle=5|dc-mains=35000|usbc-therm-adc=350|max77779fg=30600|LITTLE=37000|soc=16|smpl_gm=0|vdroop1=0|batoilo=0|batoilo2=0|batt_vs=30593|mdis_morepower=0|thb_hda=51|cp_on_chip_0=33000|cp_on_chip_1=34000|G3D=36000|cp_on_chip_2=35000|cp_on_chip_3=33000|cp_on_chip_4=33000|rf2_therm=31000|rf1_therm=32000|ISP=35000|TPU=36000|AUR=36000|rfpa_therm=31861|quiet_therm=32507|charging_therm=34377|,BIG=37000|MID=38000|usb_pwr_therm=30303|btmspkr_therm=30236|disp_therm=30236|north_therm=30926|soc_therm=34310|battery=30600|battery_cycle=5|dc-mains=35000|usbc-therm-adc=350|max77779fg=30600|LITTLE=37000|soc=16|smpl_gm=0|vdroop1=0|batoilo=0|batoilo2=0|batt_vs=30594|mdis_morepower=0|thb_hda=51|cp_on_chip_0=33000|cp_on_chip_1=34000|G3D=36000|cp_on_chip_2=35000|cp_on_chip_3=33000|cp_on_chip_4=33000|rf2_therm=31000|rf1_therm=32000|ISP=35000|TPU=36000|AUR=36000|rfpa_therm=31861|quiet_therm=32529|charging_therm=34399|,ok,1,single,touched,4096,2048,11,2048,2336792,2048,2286295,0,4,4,ok
1,12,nvhe,4,1795000,1549000,38000,40000,BIG=37000|MID=37000|usb_pwr_therm=30303|btmspkr_therm=30236|disp_therm=30236|north_therm=30926|soc_therm=34310|battery=30600|battery_cycle=5|dc-mains=35000|usbc-therm-adc=350|max77779fg=30600|LITTLE=37000|soc=16|smpl_gm=0|vdroop1=0|batoilo=0|batoilo2=0|batt_vs=30593|mdis_morepower=0|thb_hda=51|cp_on_chip_0=33000|cp_on_chip_1=34000|G3D=36000|cp_on_chip_2=35000|cp_on_chip_3=33000|cp_on_chip_4=33000|rf2_therm=31000|rf1_therm=32000|ISP=35000|TPU=36000|AUR=36000|rfpa_therm=31861|quiet_therm=32507|charging_therm=34377|,BIG=37000|MID=38000|usb_pwr_therm=30303|btmspkr_therm=30236|disp_therm=30236|north_therm=30926|soc_therm=34310|battery=30600|battery_cycle=5|dc-mains=35000|usbc-therm-adc=350|max77779fg=30600|LITTLE=37000|soc=16|smpl_gm=0|vdroop1=0|batoilo=0|batoilo2=0|batt_vs=30594|mdis_morepower=0|thb_hda=51|cp_on_chip_0=33000|cp_on_chip_1=34000|G3D=36000|cp_on_chip_2=35000|cp_on_chip_3=33000|cp_on_chip_4=33000|rf2_therm=31000|rf1_therm=32000|ISP=35000|TPU=36000|AUR=36000|rfpa_therm=31861|quiet_therm=32529|charging_therm=34399|,ok,1,single,touched,4096,2048,12,2048,2266236,2048,2218180,0,4,4,ok
1,12,nvhe,4,1795000,1549000,38000,40000,BIG=37000|MID=37000|usb_pwr_therm=30303|btmspkr_therm=30236|disp_therm=30236|north_therm=30926|soc_therm=34310|battery=30600|battery_cycle=5|dc-mains=35000|usbc-therm-adc=350|max77779fg=30600|LITTLE=37000|soc=16|smpl_gm=0|vdroop1=0|batoilo=0|batoilo2=0|batt_vs=30593|mdis_morepower=0|thb_hda=51|cp_on_chip_0=33000|cp_on_chip_1=34000|G3D=36000|cp_on_chip_2=35000|cp_on_chip_3=33000|cp_on_chip_4=33000|rf2_therm=31000|rf1_therm=32000|ISP=35000|TPU=36000|AUR=36000|rfpa_therm=31861|quiet_therm=32507|charging_therm=34377|,BIG=37000|MID=38000|usb_pwr_therm=30303|btmspkr_therm=30236|disp_therm=30236|north_therm=30926|soc_therm=34310|battery=30600|battery_cycle=5|dc-mains=35000|usbc-therm-adc=350|max77779fg=30600|LITTLE=37000|soc=16|smpl_gm=0|vdroop1=0|batoilo=0|batoilo2=0|batt_vs=30594|mdis_morepower=0|thb_hda=51|cp_on_chip_0=33000|cp_on_chip_1=34000|G3D=36000|cp_on_chip_2=35000|cp_on_chip_3=33000|cp_on_chip_4=33000|rf2_therm=31000|rf1_therm=32000|ISP=35000|TPU=36000|AUR=36000|rfpa_therm=31861|quiet_therm=32529|charging_therm=34399|,ok,1,single,touched,4096,2048,13,2048,2130778,2048,1912313,0,4,4,ok
1,12,nvhe,4,1795000,1549000,38000,40000,BIG=37000|MID=37000|usb_pwr_therm=30303|btmspkr_therm=30236|disp_therm=30236|north_therm=30926|soc_therm=34310|battery=30600|battery_cycle=5|dc-mains=35000|usbc-therm-adc=350|max77779fg=30600|LITTLE=37000|soc=16|smpl_gm=0|vdroop1=0|batoilo=0|batoilo2=0|batt_vs=30593|mdis_morepower=0|thb_hda=51|cp_on_chip_0=33000|cp_on_chip_1=34000|G3D=36000|cp_on_chip_2=35000|cp_on_chip_3=33000|cp_on_chip_4=33000|rf2_therm=31000|rf1_therm=32000|ISP=35000|TPU=36000|AUR=36000|rfpa_therm=31861|quiet_therm=32507|charging_therm=34377|,BIG=37000|MID=38000|usb_pwr_therm=30303|btmspkr_therm=30236|disp_therm=30236|north_therm=30926|soc_therm=34310|battery=30600|battery_cycle=5|dc-mains=35000|usbc-therm-adc=350|max77779fg=30600|LITTLE=37000|soc=16|smpl_gm=0|vdroop1=0|batoilo=0|batoilo2=0|batt_vs=30594|mdis_morepower=0|thb_hda=51|cp_on_chip_0=33000|cp_on_chip_1=34000|G3D=36000|cp_on_chip_2=35000|cp_on_chip_3=33000|cp_on_chip_4=33000|rf2_therm=31000|rf1_therm=32000|ISP=35000|TPU=36000|AUR=36000|rfpa_therm=31861|quiet_therm=32529|charging_therm=34399|,ok,1,single,touched,4096,2048,14,2048,2088542,2048,2139811,0,4,4,ok
1,12,nvhe,4,1795000,1549000,38000,40000,BIG=37000|MID=37000|usb_pwr_therm=30303|btmspkr_therm=30236|disp_therm=30236|north_therm=30926|soc_therm=34310|battery=30600|battery_cycle=5|dc-mains=35000|usbc-therm-adc=350|max77779fg=30600|LITTLE=37000|soc=16|smpl_gm=0|vdroop1=0|batoilo=0|batoilo2=0|batt_vs=30593|mdis_morepower=0|thb_hda=51|cp_on_chip_0=33000|cp_on_chip_1=34000|G3D=36000|cp_on_chip_2=35000|cp_on_chip_3=33000|cp_on_chip_4=33000|rf2_therm=31000|rf1_therm=32000|ISP=35000|TPU=36000|AUR=36000|rfpa_therm=31861|quiet_therm=32507|charging_therm=34377|,BIG=37000|MID=38000|usb_pwr_therm=30303|btmspkr_therm=30236|disp_therm=30236|north_therm=30926|soc_therm=34310|battery=30600|battery_cycle=5|dc-mains=35000|usbc-therm-adc=350|max77779fg=30600|LITTLE=37000|soc=16|smpl_gm=0|vdroop1=0|batoilo=0|batoilo2=0|batt_vs=30594|mdis_morepower=0|thb_hda=51|cp_on_chip_0=33000|cp_on_chip_1=34000|G3D=36000|cp_on_chip_2=35000|cp_on_chip_3=33000|cp_on_chip_4=33000|rf2_therm=31000|rf1_therm=32000|ISP=35000|TPU=36000|AUR=36000|rfpa_therm=31861|quiet_therm=32529|charging_therm=34399|,ok,1,single,touched,4096,2048,15,2048,2032959,2048,2027059,0,4,4,ok
1,12,nvhe,4,1795000,1549000,38000,40000,BIG=37000|MID=37000|usb_pwr_therm=30303|btmspkr_therm=30236|disp_therm=30236|north_therm=30926|soc_therm=34310|battery=30600|battery_cycle=5|dc-mains=35000|usbc-therm-adc=350|max77779fg=30600|LITTLE=37000|soc=16|smpl_gm=0|vdroop1=0|batoilo=0|batoilo2=0|batt_vs=30593|mdis_morepower=0|thb_hda=51|cp_on_chip_0=33000|cp_on_chip_1=34000|G3D=36000|cp_on_chip_2=35000|cp_on_chip_3=33000|cp_on_chip_4=33000|rf2_therm=31000|rf1_therm=32000|ISP=35000|TPU=36000|AUR=36000|rfpa_therm=31861|quiet_therm=32507|charging_therm=34377|,BIG=37000|MID=38000|usb_pwr_therm=30303|btmspkr_therm=30236|disp_therm=30236|north_therm=30926|soc_therm=34310|battery=30600|battery_cycle=5|dc-mains=35000|usbc-therm-adc=350|max77779fg=30600|LITTLE=37000|soc=16|smpl_gm=0|vdroop1=0|batoilo=0|batoilo2=0|batt_vs=30594|mdis_morepower=0|thb_hda=51|cp_on_chip_0=33000|cp_on_chip_1=34000|G3D=36000|cp_on_chip_2=35000|cp_on_chip_3=33000|cp_on_chip_4=33000|rf2_therm=31000|rf1_therm=32000|ISP=35000|TPU=36000|AUR=36000|rfpa_therm=31861|quiet_therm=32529|charging_therm=34399|,ok,1,single,touched,4096,2048,16,2048,1954550,2048,1800130,0,4,4,ok
1,12,nvhe,4,1795000,1549000,38000,40000,BIG=37000|MID=37000|usb_pwr_therm=30303|btmspkr_therm=30236|disp_therm=30236|north_therm=30926|soc_therm=34310|battery=30600|battery_cycle=5|dc-mains=35000|usbc-therm-adc=350|max77779fg=30600|LITTLE=37000|soc=16|smpl_gm=0|vdroop1=0|batoilo=0|batoilo2=0|batt_vs=30593|mdis_morepower=0|thb_hda=51|cp_on_chip_0=33000|cp_on_chip_1=34000|G3D=36000|cp_on_chip_2=35000|cp_on_chip_3=33000|cp_on_chip_4=33000|rf2_therm=31000|rf1_therm=32000|ISP=35000|TPU=36000|AUR=36000|rfpa_therm=31861|quiet_therm=32507|charging_therm=34377|,BIG=37000|MID=38000|usb_pwr_therm=30303|btmspkr_therm=30236|disp_therm=30236|north_therm=30926|soc_therm=34310|battery=30600|battery_cycle=5|dc-mains=35000|usbc-therm-adc=350|max77779fg=30600|LITTLE=37000|soc=16|smpl_gm=0|vdroop1=0|batoilo=0|batoilo2=0|batt_vs=30594|mdis_morepower=0|thb_hda=51|cp_on_chip_0=33000|cp_on_chip_1=34000|G3D=36000|cp_on_chip_2=35000|cp_on_chip_3=33000|cp_on_chip_4=33000|rf2_therm=31000|rf1_therm=32000|ISP=35000|TPU=36000|AUR=36000|rfpa_therm=31861|quiet_therm=32529|charging_therm=34399|,ok,1,single,touched,4096,2048,17,2048,1930705,2048,1773925,0,4,4,ok
1,12,nvhe,4,1795000,1549000,38000,40000,BIG=37000|MID=37000|usb_pwr_therm=30303|btmspkr_therm=30236|disp_therm=30236|north_therm=30926|soc_therm=34310|battery=30600|battery_cycle=5|dc-mains=35000|usbc-therm-adc=350|max77779fg=30600|LITTLE=37000|soc=16|smpl_gm=0|vdroop1=0|batoilo=0|batoilo2=0|batt_vs=30593|mdis_morepower=0|thb_hda=51|cp_on_chip_0=33000|cp_on_chip_1=34000|G3D=36000|cp_on_chip_2=35000|cp_on_chip_3=33000|cp_on_chip_4=33000|rf2_therm=31000|rf1_therm=32000|ISP=35000|TPU=36000|AUR=36000|rfpa_therm=31861|quiet_therm=32507|charging_therm=34377|,BIG=37000|MID=38000|usb_pwr_therm=30303|btmspkr_therm=30236|disp_therm=30236|north_therm=30926|soc_therm=34310|battery=30600|battery_cycle=5|dc-mains=35000|usbc-therm-adc=350|max77779fg=30600|LITTLE=37000|soc=16|smpl_gm=0|vdroop1=0|batoilo=0|batoilo2=0|batt_vs=30594|mdis_morepower=0|thb_hda=51|cp_on_chip_0=33000|cp_on_chip_1=34000|G3D=36000|cp_on_chip_2=35000|cp_on_chip_3=33000|cp_on_chip_4=33000|rf2_therm=31000|rf1_therm=32000|ISP=35000|TPU=36000|AUR=36000|rfpa_therm=31861|quiet_therm=32529|charging_therm=34399|,ok,1,single,touched,4096,2048,18,2048,1929158,2048,1685059,0,4,4,ok
1,12,nvhe,4,1795000,1549000,38000,40000,BIG=37000|MID=37000|usb_pwr_therm=30303|btmspkr_therm=30236|disp_therm=30236|north_therm=30926|soc_therm=34310|battery=30600|battery_cycle=5|dc-mains=35000|usbc-therm-adc=350|max77779fg=30600|LITTLE=37000|soc=16|smpl_gm=0|vdroop1=0|batoilo=0|batoilo2=0|batt_vs=30593|mdis_morepower=0|thb_hda=51|cp_on_chip_0=33000|cp_on_chip_1=34000|G3D=36000|cp_on_chip_2=35000|cp_on_chip_3=33000|cp_on_chip_4=33000|rf2_therm=31000|rf1_therm=32000|ISP=35000|TPU=36000|AUR=36000|rfpa_therm=31861|quiet_therm=32507|charging_therm=34377|,BIG=37000|MID=38000|usb_pwr_therm=30303|btmspkr_therm=30236|disp_therm=30236|north_therm=30926|soc_therm=34310|battery=30600|battery_cycle=5|dc-mains=35000|usbc-therm-adc=350|max77779fg=30600|LITTLE=37000|soc=16|smpl_gm=0|vdroop1=0|batoilo=0|batoilo2=0|batt_vs=30594|mdis_morepower=0|thb_hda=51|cp_on_chip_0=33000|cp_on_chip_1=34000|G3D=36000|cp_on_chip_2=35000|cp_on_chip_3=33000|cp_on_chip_4=33000|rf2_therm=31000|rf1_therm=32000|ISP=35000|TPU=36000|AUR=36000|rfpa_therm=31861|quiet_therm=32529|charging_therm=34399|,ok,1,single,touched,4096,2048,19,2048,1941976,2048,1678345,0,4,4,ok
1,12,nvhe,4,1795000,1549000,38000,40000,BIG=37000|MID=37000|usb_pwr_therm=30303|btmspkr_therm=30236|disp_therm=30236|north_therm=30926|soc_therm=34310|battery=30600|battery_cycle=5|dc-mains=35000|usbc-therm-adc=350|max77779fg=30600|LITTLE=37000|soc=16|smpl_gm=0|vdroop1=0|batoilo=0|batoilo2=0|batt_vs=30593|mdis_morepower=0|thb_hda=51|cp_on_chip_0=33000|cp_on_chip_1=34000|G3D=36000|cp_on_chip_2=35000|cp_on_chip_3=33000|cp_on_chip_4=33000|rf2_therm=31000|rf1_therm=32000|ISP=35000|TPU=36000|AUR=36000|rfpa_therm=31861|quiet_therm=32507|charging_therm=34377|,BIG=37000|MID=38000|usb_pwr_therm=30303|btmspkr_therm=30236|disp_therm=30236|north_therm=30926|soc_therm=34310|battery=30600|battery_cycle=5|dc-mains=35000|usbc-therm-adc=350|max77779fg=30600|LITTLE=37000|soc=16|smpl_gm=0|vdroop1=0|batoilo=0|batoilo2=0|batt_vs=30594|mdis_morepower=0|thb_hda=51|cp_on_chip_0=33000|cp_on_chip_1=34000|G3D=36000|cp_on_chip_2=35000|cp_on_chip_3=33000|cp_on_chip_4=33000|rf2_therm=31000|rf1_therm=32000|ISP=35000|TPU=36000|AUR=36000|rfpa_therm=31861|quiet_therm=32529|charging_therm=34399|,ok,1,single,touched,4096,2048,20,2048,1934734,2048,1646810,0,4,4,ok
1,12,nvhe,4,1795000,1549000,38000,40000,BIG=37000|MID=37000|usb_pwr_therm=30303|btmspkr_therm=30236|disp_therm=30236|north_therm=30926|soc_therm=34310|battery=30600|battery_cycle=5|dc-mains=35000|usbc-therm-adc=350|max77779fg=30600|LITTLE=37000|soc=16|smpl_gm=0|vdroop1=0|batoilo=0|batoilo2=0|batt_vs=30593|mdis_morepower=0|thb_hda=51|cp_on_chip_0=33000|cp_on_chip_1=34000|G3D=36000|cp_on_chip_2=35000|cp_on_chip_3=33000|cp_on_chip_4=33000|rf2_therm=31000|rf1_therm=32000|ISP=35000|TPU=36000|AUR=36000|rfpa_therm=31861|quiet_therm=32507|charging_therm=34377|,BIG=37000|MID=38000|usb_pwr_therm=30303|btmspkr_therm=30236|disp_therm=30236|north_therm=30926|soc_therm=34310|battery=30600|battery_cycle=5|dc-mains=35000|usbc-therm-adc=350|max77779fg=30600|LITTLE=37000|soc=16|smpl_gm=0|vdroop1=0|batoilo=0|batoilo2=0|batt_vs=30594|mdis_morepower=0|thb_hda=51|cp_on_chip_0=33000|cp_on_chip_1=34000|G3D=36000|cp_on_chip_2=35000|cp_on_chip_3=33000|cp_on_chip_4=33000|rf2_therm=31000|rf1_therm=32000|ISP=35000|TPU=36000|AUR=36000|rfpa_therm=31861|quiet_therm=32529|charging_therm=34399|,ok,1,single,touched,4096,2048,21,2048,1944499,2048,1656372,0,4,4,ok
1,12,nvhe,4,1795000,1549000,38000,40000,BIG=37000|MID=37000|usb_pwr_therm=30303|btmspkr_therm=30236|disp_therm=30236|north_therm=30926|soc_therm=34310|battery=30600|battery_cycle=5|dc-mains=35000|usbc-therm-adc=350|max77779fg=30600|LITTLE=37000|soc=16|smpl_gm=0|vdroop1=0|batoilo=0|batoilo2=0|batt_vs=30593|mdis_morepower=0|thb_hda=51|cp_on_chip_0=33000|cp_on_chip_1=34000|G3D=36000|cp_on_chip_2=35000|cp_on_chip_3=33000|cp_on_chip_4=33000|rf2_therm=31000|rf1_therm=32000|ISP=35000|TPU=36000|AUR=36000|rfpa_therm=31861|quiet_therm=32507|charging_therm=34377|,BIG=37000|MID=38000|usb_pwr_therm=30303|btmspkr_therm=30236|disp_therm=30236|north_therm=30926|soc_therm=34310|battery=30600|battery_cycle=5|dc-mains=35000|usbc-therm-adc=350|max77779fg=30600|LITTLE=37000|soc=16|smpl_gm=0|vdroop1=0|batoilo=0|batoilo2=0|batt_vs=30594|mdis_morepower=0|thb_hda=51|cp_on_chip_0=33000|cp_on_chip_1=34000|G3D=36000|cp_on_chip_2=35000|cp_on_chip_3=33000|cp_on_chip_4=33000|rf2_therm=31000|rf1_therm=32000|ISP=35000|TPU=36000|AUR=36000|rfpa_therm=31861|quiet_therm=32529|charging_therm=34399|,ok,1,single,touched,4096,2048,22,2048,1931967,2048,1664144,0,4,4,ok
1,12,nvhe,4,1795000,1549000,38000,40000,BIG=37000|MID=37000|usb_pwr_therm=30303|btmspkr_therm=30236|disp_therm=30236|north_therm=30926|soc_therm=34310|battery=30600|battery_cycle=5|dc-mains=35000|usbc-therm-adc=350|max77779fg=30600|LITTLE=37000|soc=16|smpl_gm=0|vdroop1=0|batoilo=0|batoilo2=0|batt_vs=30593|mdis_morepower=0|thb_hda=51|cp_on_chip_0=33000|cp_on_chip_1=34000|G3D=36000|cp_on_chip_2=35000|cp_on_chip_3=33000|cp_on_chip_4=33000|rf2_therm=31000|rf1_therm=32000|ISP=35000|TPU=36000|AUR=36000|rfpa_therm=31861|quiet_therm=32507|charging_therm=34377|,BIG=37000|MID=38000|usb_pwr_therm=30303|btmspkr_therm=30236|disp_therm=30236|north_therm=30926|soc_therm=34310|battery=30600|battery_cycle=5|dc-mains=35000|usbc-therm-adc=350|max77779fg=30600|LITTLE=37000|soc=16|smpl_gm=0|vdroop1=0|batoilo=0|batoilo2=0|batt_vs=30594|mdis_morepower=0|thb_hda=51|cp_on_chip_0=33000|cp_on_chip_1=34000|G3D=36000|cp_on_chip_2=35000|cp_on_chip_3=33000|cp_on_chip_4=33000|rf2_therm=31000|rf1_therm=32000|ISP=35000|TPU=36000|AUR=36000|rfpa_therm=31861|quiet_therm=32529|charging_therm=34399|,ok,1,single,touched,4096,2048,23,2048,1884969,2048,1711181,0,4,4,ok
1,12,nvhe,4,1795000,1549000,38000,40000,BIG=37000|MID=37000|usb_pwr_therm=30303|btmspkr_therm=30236|disp_therm=30236|north_therm=30926|soc_therm=34310|battery=30600|battery_cycle=5|dc-mains=35000|usbc-therm-adc=350|max77779fg=30600|LITTLE=37000|soc=16|smpl_gm=0|vdroop1=0|batoilo=0|batoilo2=0|batt_vs=30593|mdis_morepower=0|thb_hda=51|cp_on_chip_0=33000|cp_on_chip_1=34000|G3D=36000|cp_on_chip_2=35000|cp_on_chip_3=33000|cp_on_chip_4=33000|rf2_therm=31000|rf1_therm=32000|ISP=35000|TPU=36000|AUR=36000|rfpa_therm=31861|quiet_therm=32507|charging_therm=34377|,BIG=37000|MID=38000|usb_pwr_therm=30303|btmspkr_therm=30236|disp_therm=30236|north_therm=30926|soc_therm=34310|battery=30600|battery_cycle=5|dc-mains=35000|usbc-therm-adc=350|max77779fg=30600|LITTLE=37000|soc=16|smpl_gm=0|vdroop1=0|batoilo=0|batoilo2=0|batt_vs=30594|mdis_morepower=0|thb_hda=51|cp_on_chip_0=33000|cp_on_chip_1=34000|G3D=36000|cp_on_chip_2=35000|cp_on_chip_3=33000|cp_on_chip_4=33000|rf2_therm=31000|rf1_therm=32000|ISP=35000|TPU=36000|AUR=36000|rfpa_therm=31861|quiet_therm=32529|charging_therm=34399|,ok,1,single,touched,4096,2048,24,2048,1912394,2048,1663859,0,4,4,ok
1,12,nvhe,4,1795000,1549000,38000,40000,BIG=37000|MID=37000|usb_pwr_therm=30303|btmspkr_therm=30236|disp_therm=30236|north_therm=30926|soc_therm=34310|battery=30600|battery_cycle=5|dc-mains=35000|usbc-therm-adc=350|max77779fg=30600|LITTLE=37000|soc=16|smpl_gm=0|vdroop1=0|batoilo=0|batoilo2=0|batt_vs=30593|mdis_morepower=0|thb_hda=51|cp_on_chip_0=33000|cp_on_chip_1=34000|G3D=36000|cp_on_chip_2=35000|cp_on_chip_3=33000|cp_on_chip_4=33000|rf2_therm=31000|rf1_therm=32000|ISP=35000|TPU=36000|AUR=36000|rfpa_therm=31861|quiet_therm=32507|charging_therm=34377|,BIG=37000|MID=38000|usb_pwr_therm=30303|btmspkr_therm=30236|disp_therm=30236|north_therm=30926|soc_therm=34310|battery=30600|battery_cycle=5|dc-mains=35000|usbc-therm-adc=350|max77779fg=30600|LITTLE=37000|soc=16|smpl_gm=0|vdroop1=0|batoilo=0|batoilo2=0|batt_vs=30594|mdis_morepower=0|thb_hda=51|cp_on_chip_0=33000|cp_on_chip_1=34000|G3D=36000|cp_on_chip_2=35000|cp_on_chip_3=33000|cp_on_chip_4=33000|rf2_therm=31000|rf1_therm=32000|ISP=35000|TPU=36000|AUR=36000|rfpa_therm=31861|quiet_therm=32529|charging_therm=34399|,ok,1,single,touched,4096,2048,25,2048,1922730,2048,1892130,0,4,4,ok
1,12,nvhe,4,1795000,1549000,38000,40000,BIG=37000|MID=37000|usb_pwr_therm=30303|btmspkr_therm=30236|disp_therm=30236|north_therm=30926|soc_therm=34310|battery=30600|battery_cycle=5|dc-mains=35000|usbc-therm-adc=350|max77779fg=30600|LITTLE=37000|soc=16|smpl_gm=0|vdroop1=0|batoilo=0|batoilo2=0|batt_vs=30593|mdis_morepower=0|thb_hda=51|cp_on_chip_0=33000|cp_on_chip_1=34000|G3D=36000|cp_on_chip_2=35000|cp_on_chip_3=33000|cp_on_chip_4=33000|rf2_therm=31000|rf1_therm=32000|ISP=35000|TPU=36000|AUR=36000|rfpa_therm=31861|quiet_therm=32507|charging_therm=34377|,BIG=37000|MID=38000|usb_pwr_therm=30303|btmspkr_therm=30236|disp_therm=30236|north_therm=30926|soc_therm=34310|battery=30600|battery_cycle=5|dc-mains=35000|usbc-therm-adc=350|max77779fg=30600|LITTLE=37000|soc=16|smpl_gm=0|vdroop1=0|batoilo=0|batoilo2=0|batt_vs=30594|mdis_morepower=0|thb_hda=51|cp_on_chip_0=33000|cp_on_chip_1=34000|G3D=36000|cp_on_chip_2=35000|cp_on_chip_3=33000|cp_on_chip_4=33000|rf2_therm=31000|rf1_therm=32000|ISP=35000|TPU=36000|AUR=36000|rfpa_therm=31861|quiet_therm=32529|charging_therm=34399|,ok,1,single,touched,4096,2048,26,2048,1943970,2048,1661784,0,4,4,ok
1,12,nvhe,4,1795000,1549000,38000,40000,BIG=37000|MID=37000|usb_pwr_therm=30303|btmspkr_therm=30236|disp_therm=30236|north_therm=30926|soc_therm=34310|battery=30600|battery_cycle=5|dc-mains=35000|usbc-therm-adc=350|max77779fg=30600|LITTLE=37000|soc=16|smpl_gm=0|vdroop1=0|batoilo=0|batoilo2=0|batt_vs=30593|mdis_morepower=0|thb_hda=51|cp_on_chip_0=33000|cp_on_chip_1=34000|G3D=36000|cp_on_chip_2=35000|cp_on_chip_3=33000|cp_on_chip_4=33000|rf2_therm=31000|rf1_therm=32000|ISP=35000|TPU=36000|AUR=36000|rfpa_therm=31861|quiet_therm=32507|charging_therm=34377|,BIG=37000|MID=38000|usb_pwr_therm=30303|btmspkr_therm=30236|disp_therm=30236|north_therm=30926|soc_therm=34310|battery=30600|battery_cycle=5|dc-mains=35000|usbc-therm-adc=350|max77779fg=30600|LITTLE=37000|soc=16|smpl_gm=0|vdroop1=0|batoilo=0|batoilo2=0|batt_vs=30594|mdis_morepower=0|thb_hda=51|cp_on_chip_0=33000|cp_on_chip_1=34000|G3D=36000|cp_on_chip_2=35000|cp_on_chip_3=33000|cp_on_chip_4=33000|rf2_therm=31000|rf1_therm=32000|ISP=35000|TPU=36000|AUR=36000|rfpa_therm=31861|quiet_therm=32529|charging_therm=34399|,ok,1,single,touched,4096,2048,27,2048,1925375,2048,1950073,0,4,4,ok
1,12,nvhe,4,1795000,1549000,38000,40000,BIG=37000|MID=37000|usb_pwr_therm=30303|btmspkr_therm=30236|disp_therm=30236|north_therm=30926|soc_therm=34310|battery=30600|battery_cycle=5|dc-mains=35000|usbc-therm-adc=350|max77779fg=30600|LITTLE=37000|soc=16|smpl_gm=0|vdroop1=0|batoilo=0|batoilo2=0|batt_vs=30593|mdis_morepower=0|thb_hda=51|cp_on_chip_0=33000|cp_on_chip_1=34000|G3D=36000|cp_on_chip_2=35000|cp_on_chip_3=33000|cp_on_chip_4=33000|rf2_therm=31000|rf1_therm=32000|ISP=35000|TPU=36000|AUR=36000|rfpa_therm=31861|quiet_therm=32507|charging_therm=34377|,BIG=37000|MID=38000|usb_pwr_therm=30303|btmspkr_therm=30236|disp_therm=30236|north_therm=30926|soc_therm=34310|battery=30600|battery_cycle=5|dc-mains=35000|usbc-therm-adc=350|max77779fg=30600|LITTLE=37000|soc=16|smpl_gm=0|vdroop1=0|batoilo=0|batoilo2=0|batt_vs=30594|mdis_morepower=0|thb_hda=51|cp_on_chip_0=33000|cp_on_chip_1=34000|G3D=36000|cp_on_chip_2=35000|cp_on_chip_3=33000|cp_on_chip_4=33000|rf2_therm=31000|rf1_therm=32000|ISP=35000|TPU=36000|AUR=36000|rfpa_therm=31861|quiet_therm=32529|charging_therm=34399|,ok,1,single,touched,4096,2048,28,2048,1922201,2048,1813884,0,4,4,ok
1,12,nvhe,4,1795000,1549000,38000,40000,BIG=37000|MID=37000|usb_pwr_therm=30303|btmspkr_therm=30236|disp_therm=30236|north_therm=30926|soc_therm=34310|battery=30600|battery_cycle=5|dc-mains=35000|usbc-therm-adc=350|max77779fg=30600|LITTLE=37000|soc=16|smpl_gm=0|vdroop1=0|batoilo=0|batoilo2=0|batt_vs=30593|mdis_morepower=0|thb_hda=51|cp_on_chip_0=33000|cp_on_chip_1=34000|G3D=36000|cp_on_chip_2=35000|cp_on_chip_3=33000|cp_on_chip_4=33000|rf2_therm=31000|rf1_therm=32000|ISP=35000|TPU=36000|AUR=36000|rfpa_therm=31861|quiet_therm=32507|charging_therm=34377|,BIG=37000|MID=38000|usb_pwr_therm=30303|btmspkr_therm=30236|disp_therm=30236|north_therm=30926|soc_therm=34310|battery=30600|battery_cycle=5|dc-mains=35000|usbc-therm-adc=350|max77779fg=30600|LITTLE=37000|soc=16|smpl_gm=0|vdroop1=0|batoilo=0|batoilo2=0|batt_vs=30594|mdis_morepower=0|thb_hda=51|cp_on_chip_0=33000|cp_on_chip_1=34000|G3D=36000|cp_on_chip_2=35000|cp_on_chip_3=33000|cp_on_chip_4=33000|rf2_therm=31000|rf1_therm=32000|ISP=35000|TPU=36000|AUR=36000|rfpa_therm=31861|quiet_therm=32529|charging_therm=34399|,ok,1,single,touched,4096,2048,29,2048,1897176,2048,1673950,0,4,4,ok
1,13,nvhe,4,1945000,578000,38000,38000,BIG=36000|MID=37000|usb_pwr_therm=30325|btmspkr_therm=30236|disp_therm=30258|north_therm=30926|soc_therm=34377|battery=30700|battery_cycle=5|dc-mains=35000|usbc-therm-adc=350|max77779fg=30700|LITTLE=37000|soc=16|smpl_gm=0|vdroop1=0|batoilo=0|batoilo2=0|batt_vs=30693|mdis_morepower=0|thb_hda=51|cp_on_chip_0=33000|cp_on_chip_1=34000|G3D=37000|cp_on_chip_2=35000|cp_on_chip_3=33000|cp_on_chip_4=33000|rf2_therm=31000|rf1_therm=32000|ISP=35000|TPU=36000|AUR=36000|rfpa_therm=31861|quiet_therm=32529|charging_therm=34399|,BIG=37000|MID=40000|usb_pwr_therm=30325|btmspkr_therm=30236|disp_therm=30258|north_therm=30926|soc_therm=34421|battery=30700|battery_cycle=5|dc-mains=35000|usbc-therm-adc=350|max77779fg=30700|LITTLE=37000|soc=16|smpl_gm=0|vdroop1=0|batoilo=0|batoilo2=0|batt_vs=30694|mdis_morepower=0|thb_hda=51|cp_on_chip_0=33000|cp_on_chip_1=34000|G3D=37000|cp_on_chip_2=35000|cp_on_chip_3=33000|cp_on_chip_4=33000|rf2_therm=31000|rf1_therm=32000|ISP=35000|TPU=36000|AUR=36000|rfpa_therm=31883|quiet_therm=32551|charging_therm=34443|,ok,1,single,untouched,4096,2048,0,2048,11922,0,1104045,0,4,4,ok
1,13,nvhe,4,1945000,578000,38000,38000,BIG=36000|MID=37000|usb_pwr_therm=30325|btmspkr_therm=30236|disp_therm=30258|north_therm=30926|soc_therm=34377|battery=30700|battery_cycle=5|dc-mains=35000|usbc-therm-adc=350|max77779fg=30700|LITTLE=37000|soc=16|smpl_gm=0|vdroop1=0|batoilo=0|batoilo2=0|batt_vs=30693|mdis_morepower=0|thb_hda=51|cp_on_chip_0=33000|cp_on_chip_1=34000|G3D=37000|cp_on_chip_2=35000|cp_on_chip_3=33000|cp_on_chip_4=33000|rf2_therm=31000|rf1_therm=32000|ISP=35000|TPU=36000|AUR=36000|rfpa_therm=31861|quiet_therm=32529|charging_therm=34399|,BIG=37000|MID=40000|usb_pwr_therm=30325|btmspkr_therm=30236|disp_therm=30258|north_therm=30926|soc_therm=34421|battery=30700|battery_cycle=5|dc-mains=35000|usbc-therm-adc=350|max77779fg=30700|LITTLE=37000|soc=16|smpl_gm=0|vdroop1=0|batoilo=0|batoilo2=0|batt_vs=30694|mdis_morepower=0|thb_hda=51|cp_on_chip_0=33000|cp_on_chip_1=34000|G3D=37000|cp_on_chip_2=35000|cp_on_chip_3=33000|cp_on_chip_4=33000|rf2_therm=31000|rf1_therm=32000|ISP=35000|TPU=36000|AUR=36000|rfpa_therm=31883|quiet_therm=32551|charging_therm=34443|,ok,1,single,untouched,4096,2048,1,2048,8179,0,989705,0,4,4,ok
1,13,nvhe,4,1945000,578000,38000,38000,BIG=36000|MID=37000|usb_pwr_therm=30325|btmspkr_therm=30236|disp_therm=30258|north_therm=30926|soc_therm=34377|battery=30700|battery_cycle=5|dc-mains=35000|usbc-therm-adc=350|max77779fg=30700|LITTLE=37000|soc=16|smpl_gm=0|vdroop1=0|batoilo=0|batoilo2=0|batt_vs=30693|mdis_morepower=0|thb_hda=51|cp_on_chip_0=33000|cp_on_chip_1=34000|G3D=37000|cp_on_chip_2=35000|cp_on_chip_3=33000|cp_on_chip_4=33000|rf2_therm=31000|rf1_therm=32000|ISP=35000|TPU=36000|AUR=36000|rfpa_therm=31861|quiet_therm=32529|charging_therm=34399|,BIG=37000|MID=40000|usb_pwr_therm=30325|btmspkr_therm=30236|disp_therm=30258|north_therm=30926|soc_therm=34421|battery=30700|battery_cycle=5|dc-mains=35000|usbc-therm-adc=350|max77779fg=30700|LITTLE=37000|soc=16|smpl_gm=0|vdroop1=0|batoilo=0|batoilo2=0|batt_vs=30694|mdis_morepower=0|thb_hda=51|cp_on_chip_0=33000|cp_on_chip_1=34000|G3D=37000|cp_on_chip_2=35000|cp_on_chip_3=33000|cp_on_chip_4=33000|rf2_therm=31000|rf1_therm=32000|ISP=35000|TPU=36000|AUR=36000|rfpa_therm=31883|quiet_therm=32551|charging_therm=34443|,ok,1,single,untouched,4096,2048,2,2048,5616,0,989705,0,4,4,ok
1,13,nvhe,4,1945000,578000,38000,38000,BIG=36000|MID=37000|usb_pwr_therm=30325|btmspkr_therm=30236|disp_therm=30258|north_therm=30926|soc_therm=34377|battery=30700|battery_cycle=5|dc-mains=35000|usbc-therm-adc=350|max77779fg=30700|LITTLE=37000|soc=16|smpl_gm=0|vdroop1=0|batoilo=0|batoilo2=0|batt_vs=30693|mdis_morepower=0|thb_hda=51|cp_on_chip_0=33000|cp_on_chip_1=34000|G3D=37000|cp_on_chip_2=35000|cp_on_chip_3=33000|cp_on_chip_4=33000|rf2_therm=31000|rf1_therm=32000|ISP=35000|TPU=36000|AUR=36000|rfpa_therm=31861|quiet_therm=32529|charging_therm=34399|,BIG=37000|MID=40000|usb_pwr_therm=30325|btmspkr_therm=30236|disp_therm=30258|north_therm=30926|soc_therm=34421|battery=30700|battery_cycle=5|dc-mains=35000|usbc-therm-adc=350|max77779fg=30700|LITTLE=37000|soc=16|smpl_gm=0|vdroop1=0|batoilo=0|batoilo2=0|batt_vs=30694|mdis_morepower=0|thb_hda=51|cp_on_chip_0=33000|cp_on_chip_1=34000|G3D=37000|cp_on_chip_2=35000|cp_on_chip_3=33000|cp_on_chip_4=33000|rf2_therm=31000|rf1_therm=32000|ISP=35000|TPU=36000|AUR=36000|rfpa_therm=31883|quiet_therm=32551|charging_therm=34443|,ok,1,single,untouched,4096,2048,3,2048,7324,0,1021932,0,4,4,ok
1,13,nvhe,4,1945000,578000,38000,38000,BIG=36000|MID=37000|usb_pwr_therm=30325|btmspkr_therm=30236|disp_therm=30258|north_therm=30926|soc_therm=34377|battery=30700|battery_cycle=5|dc-mains=35000|usbc-therm-adc=350|max77779fg=30700|LITTLE=37000|soc=16|smpl_gm=0|vdroop1=0|batoilo=0|batoilo2=0|batt_vs=30693|mdis_morepower=0|thb_hda=51|cp_on_chip_0=33000|cp_on_chip_1=34000|G3D=37000|cp_on_chip_2=35000|cp_on_chip_3=33000|cp_on_chip_4=33000|rf2_therm=31000|rf1_therm=32000|ISP=35000|TPU=36000|AUR=36000|rfpa_therm=31861|quiet_therm=32529|charging_therm=34399|,BIG=37000|MID=40000|usb_pwr_therm=30325|btmspkr_therm=30236|disp_therm=30258|north_therm=30926|soc_therm=34421|battery=30700|battery_cycle=5|dc-mains=35000|usbc-therm-adc=350|max77779fg=30700|LITTLE=37000|soc=16|smpl_gm=0|vdroop1=0|batoilo=0|batoilo2=0|batt_vs=30694|mdis_morepower=0|thb_hda=51|cp_on_chip_0=33000|cp_on_chip_1=34000|G3D=37000|cp_on_chip_2=35000|cp_on_chip_3=33000|cp_on_chip_4=33000|rf2_therm=31000|rf1_therm=32000|ISP=35000|TPU=36000|AUR=36000|rfpa_therm=31883|quiet_therm=32551|charging_therm=34443|,ok,1,single,untouched,4096,2048,4,2048,5900,0,989543,0,4,4,ok
1,13,nvhe,4,1945000,578000,38000,38000,BIG=36000|MID=37000|usb_pwr_therm=30325|btmspkr_therm=30236|disp_therm=30258|north_therm=30926|soc_therm=34377|battery=30700|battery_cycle=5|dc-mains=35000|usbc-therm-adc=350|max77779fg=30700|LITTLE=37000|soc=16|smpl_gm=0|vdroop1=0|batoilo=0|batoilo2=0|batt_vs=30693|mdis_morepower=0|thb_hda=51|cp_on_chip_0=33000|cp_on_chip_1=34000|G3D=37000|cp_on_chip_2=35000|cp_on_chip_3=33000|cp_on_chip_4=33000|rf2_therm=31000|rf1_therm=32000|ISP=35000|TPU=36000|AUR=36000|rfpa_therm=31861|quiet_therm=32529|charging_therm=34399|,BIG=37000|MID=40000|usb_pwr_therm=30325|btmspkr_therm=30236|disp_therm=30258|north_therm=30926|soc_therm=34421|battery=30700|battery_cycle=5|dc-mains=35000|usbc-therm-adc=350|max77779fg=30700|LITTLE=37000|soc=16|smpl_gm=0|vdroop1=0|batoilo=0|batoilo2=0|batt_vs=30694|mdis_morepower=0|thb_hda=51|cp_on_chip_0=33000|cp_on_chip_1=34000|G3D=37000|cp_on_chip_2=35000|cp_on_chip_3=33000|cp_on_chip_4=33000|rf2_therm=31000|rf1_therm=32000|ISP=35000|TPU=36000|AUR=36000|rfpa_therm=31883|quiet_therm=32551|charging_therm=34443|,ok,1,single,untouched,4096,2048,5,2048,7731,0,989990,0,4,4,ok
1,13,nvhe,4,1945000,578000,38000,38000,BIG=36000|MID=37000|usb_pwr_therm=30325|btmspkr_therm=30236|disp_therm=30258|north_therm=30926|soc_therm=34377|battery=30700|battery_cycle=5|dc-mains=35000|usbc-therm-adc=350|max77779fg=30700|LITTLE=37000|soc=16|smpl_gm=0|vdroop1=0|batoilo=0|batoilo2=0|batt_vs=30693|mdis_morepower=0|thb_hda=51|cp_on_chip_0=33000|cp_on_chip_1=34000|G3D=37000|cp_on_chip_2=35000|cp_on_chip_3=33000|cp_on_chip_4=33000|rf2_therm=31000|rf1_therm=32000|ISP=35000|TPU=36000|AUR=36000|rfpa_therm=31861|quiet_therm=32529|charging_therm=34399|,BIG=37000|MID=40000|usb_pwr_therm=30325|btmspkr_therm=30236|disp_therm=30258|north_therm=30926|soc_therm=34421|battery=30700|battery_cycle=5|dc-mains=35000|usbc-therm-adc=350|max77779fg=30700|LITTLE=37000|soc=16|smpl_gm=0|vdroop1=0|batoilo=0|batoilo2=0|batt_vs=30694|mdis_morepower=0|thb_hda=51|cp_on_chip_0=33000|cp_on_chip_1=34000|G3D=37000|cp_on_chip_2=35000|cp_on_chip_3=33000|cp_on_chip_4=33000|rf2_therm=31000|rf1_therm=32000|ISP=35000|TPU=36000|AUR=36000|rfpa_therm=31883|quiet_therm=32551|charging_therm=34443|,ok,1,single,untouched,4096,2048,6,2048,8464,0,989461,0,4,4,ok
1,13,nvhe,4,1945000,578000,38000,38000,BIG=36000|MID=37000|usb_pwr_therm=30325|btmspkr_therm=30236|disp_therm=30258|north_therm=30926|soc_therm=34377|battery=30700|battery_cycle=5|dc-mains=35000|usbc-therm-adc=350|max77779fg=30700|LITTLE=37000|soc=16|smpl_gm=0|vdroop1=0|batoilo=0|batoilo2=0|batt_vs=30693|mdis_morepower=0|thb_hda=51|cp_on_chip_0=33000|cp_on_chip_1=34000|G3D=37000|cp_on_chip_2=35000|cp_on_chip_3=33000|cp_on_chip_4=33000|rf2_therm=31000|rf1_therm=32000|ISP=35000|TPU=36000|AUR=36000|rfpa_therm=31861|quiet_therm=32529|charging_therm=34399|,BIG=37000|MID=40000|usb_pwr_therm=30325|btmspkr_therm=30236|disp_therm=30258|north_therm=30926|soc_therm=34421|battery=30700|battery_cycle=5|dc-mains=35000|usbc-therm-adc=350|max77779fg=30700|LITTLE=37000|soc=16|smpl_gm=0|vdroop1=0|batoilo=0|batoilo2=0|batt_vs=30694|mdis_morepower=0|thb_hda=51|cp_on_chip_0=33000|cp_on_chip_1=34000|G3D=37000|cp_on_chip_2=35000|cp_on_chip_3=33000|cp_on_chip_4=33000|rf2_therm=31000|rf1_therm=32000|ISP=35000|TPU=36000|AUR=36000|rfpa_therm=31883|quiet_therm=32551|charging_therm=34443|,ok,1,single,untouched,4096,2048,7,2048,7650,0,1048380,0,4,4,ok
1,13,nvhe,4,1945000,578000,38000,38000,BIG=36000|MID=37000|usb_pwr_therm=30325|btmspkr_therm=30236|disp_therm=30258|north_therm=30926|soc_therm=34377|battery=30700|battery_cycle=5|dc-mains=35000|usbc-therm-adc=350|max77779fg=30700|LITTLE=37000|soc=16|smpl_gm=0|vdroop1=0|batoilo=0|batoilo2=0|batt_vs=30693|mdis_morepower=0|thb_hda=51|cp_on_chip_0=33000|cp_on_chip_1=34000|G3D=37000|cp_on_chip_2=35000|cp_on_chip_3=33000|cp_on_chip_4=33000|rf2_therm=31000|rf1_therm=32000|ISP=35000|TPU=36000|AUR=36000|rfpa_therm=31861|quiet_therm=32529|charging_therm=34399|,BIG=37000|MID=40000|usb_pwr_therm=30325|btmspkr_therm=30236|disp_therm=30258|north_therm=30926|soc_therm=34421|battery=30700|battery_cycle=5|dc-mains=35000|usbc-therm-adc=350|max77779fg=30700|LITTLE=37000|soc=16|smpl_gm=0|vdroop1=0|batoilo=0|batoilo2=0|batt_vs=30694|mdis_morepower=0|thb_hda=51|cp_on_chip_0=33000|cp_on_chip_1=34000|G3D=37000|cp_on_chip_2=35000|cp_on_chip_3=33000|cp_on_chip_4=33000|rf2_therm=31000|rf1_therm=32000|ISP=35000|TPU=36000|AUR=36000|rfpa_therm=31883|quiet_therm=32551|charging_therm=34443|,ok,1,single,untouched,4096,2048,8,2048,4436,0,939494,0,4,4,ok
1,13,nvhe,4,1945000,578000,38000,38000,BIG=36000|MID=37000|usb_pwr_therm=30325|btmspkr_therm=30236|disp_therm=30258|north_therm=30926|soc_therm=34377|battery=30700|battery_cycle=5|dc-mains=35000|usbc-therm-adc=350|max77779fg=30700|LITTLE=37000|soc=16|smpl_gm=0|vdroop1=0|batoilo=0|batoilo2=0|batt_vs=30693|mdis_morepower=0|thb_hda=51|cp_on_chip_0=33000|cp_on_chip_1=34000|G3D=37000|cp_on_chip_2=35000|cp_on_chip_3=33000|cp_on_chip_4=33000|rf2_therm=31000|rf1_therm=32000|ISP=35000|TPU=36000|AUR=36000|rfpa_therm=31861|quiet_therm=32529|charging_therm=34399|,BIG=37000|MID=40000|usb_pwr_therm=30325|btmspkr_therm=30236|disp_therm=30258|north_therm=30926|soc_therm=34421|battery=30700|battery_cycle=5|dc-mains=35000|usbc-therm-adc=350|max77779fg=30700|LITTLE=37000|soc=16|smpl_gm=0|vdroop1=0|batoilo=0|batoilo2=0|batt_vs=30694|mdis_morepower=0|thb_hda=51|cp_on_chip_0=33000|cp_on_chip_1=34000|G3D=37000|cp_on_chip_2=35000|cp_on_chip_3=33000|cp_on_chip_4=33000|rf2_therm=31000|rf1_therm=32000|ISP=35000|TPU=36000|AUR=36000|rfpa_therm=31883|quiet_therm=32551|charging_therm=34443|,ok,1,single,untouched,4096,2048,9,2048,4843,0,975138,0,4,4,ok
1,13,nvhe,4,1945000,578000,38000,38000,BIG=36000|MID=37000|usb_pwr_therm=30325|btmspkr_therm=30236|disp_therm=30258|north_therm=30926|soc_therm=34377|battery=30700|battery_cycle=5|dc-mains=35000|usbc-therm-adc=350|max77779fg=30700|LITTLE=37000|soc=16|smpl_gm=0|vdroop1=0|batoilo=0|batoilo2=0|batt_vs=30693|mdis_morepower=0|thb_hda=51|cp_on_chip_0=33000|cp_on_chip_1=34000|G3D=37000|cp_on_chip_2=35000|cp_on_chip_3=33000|cp_on_chip_4=33000|rf2_therm=31000|rf1_therm=32000|ISP=35000|TPU=36000|AUR=36000|rfpa_therm=31861|quiet_therm=32529|charging_therm=34399|,BIG=37000|MID=40000|usb_pwr_therm=30325|btmspkr_therm=30236|disp_therm=30258|north_therm=30926|soc_therm=34421|battery=30700|battery_cycle=5|dc-mains=35000|usbc-therm-adc=350|max77779fg=30700|LITTLE=37000|soc=16|smpl_gm=0|vdroop1=0|batoilo=0|batoilo2=0|batt_vs=30694|mdis_morepower=0|thb_hda=51|cp_on_chip_0=33000|cp_on_chip_1=34000|G3D=37000|cp_on_chip_2=35000|cp_on_chip_3=33000|cp_on_chip_4=33000|rf2_therm=31000|rf1_therm=32000|ISP=35000|TPU=36000|AUR=36000|rfpa_therm=31883|quiet_therm=32551|charging_therm=34443|,ok,1,single,untouched,4096,2048,10,2048,5737,0,974610,0,4,4,ok
1,13,nvhe,4,1945000,578000,38000,38000,BIG=36000|MID=37000|usb_pwr_therm=30325|btmspkr_therm=30236|disp_therm=30258|north_therm=30926|soc_therm=34377|battery=30700|battery_cycle=5|dc-mains=35000|usbc-therm-adc=350|max77779fg=30700|LITTLE=37000|soc=16|smpl_gm=0|vdroop1=0|batoilo=0|batoilo2=0|batt_vs=30693|mdis_morepower=0|thb_hda=51|cp_on_chip_0=33000|cp_on_chip_1=34000|G3D=37000|cp_on_chip_2=35000|cp_on_chip_3=33000|cp_on_chip_4=33000|rf2_therm=31000|rf1_therm=32000|ISP=35000|TPU=36000|AUR=36000|rfpa_therm=31861|quiet_therm=32529|charging_therm=34399|,BIG=37000|MID=40000|usb_pwr_therm=30325|btmspkr_therm=30236|disp_therm=30258|north_therm=30926|soc_therm=34421|battery=30700|battery_cycle=5|dc-mains=35000|usbc-therm-adc=350|max77779fg=30700|LITTLE=37000|soc=16|smpl_gm=0|vdroop1=0|batoilo=0|batoilo2=0|batt_vs=30694|mdis_morepower=0|thb_hda=51|cp_on_chip_0=33000|cp_on_chip_1=34000|G3D=37000|cp_on_chip_2=35000|cp_on_chip_3=33000|cp_on_chip_4=33000|rf2_therm=31000|rf1_therm=32000|ISP=35000|TPU=36000|AUR=36000|rfpa_therm=31883|quiet_therm=32551|charging_therm=34443|,ok,1,single,untouched,4096,2048,11,2048,7487,0,984294,0,4,4,ok
1,13,nvhe,4,1945000,578000,38000,38000,BIG=36000|MID=37000|usb_pwr_therm=30325|btmspkr_therm=30236|disp_therm=30258|north_therm=30926|soc_therm=34377|battery=30700|battery_cycle=5|dc-mains=35000|usbc-therm-adc=350|max77779fg=30700|LITTLE=37000|soc=16|smpl_gm=0|vdroop1=0|batoilo=0|batoilo2=0|batt_vs=30693|mdis_morepower=0|thb_hda=51|cp_on_chip_0=33000|cp_on_chip_1=34000|G3D=37000|cp_on_chip_2=35000|cp_on_chip_3=33000|cp_on_chip_4=33000|rf2_therm=31000|rf1_therm=32000|ISP=35000|TPU=36000|AUR=36000|rfpa_therm=31861|quiet_therm=32529|charging_therm=34399|,BIG=37000|MID=40000|usb_pwr_therm=30325|btmspkr_therm=30236|disp_therm=30258|north_therm=30926|soc_therm=34421|battery=30700|battery_cycle=5|dc-mains=35000|usbc-therm-adc=350|max77779fg=30700|LITTLE=37000|soc=16|smpl_gm=0|vdroop1=0|batoilo=0|batoilo2=0|batt_vs=30694|mdis_morepower=0|thb_hda=51|cp_on_chip_0=33000|cp_on_chip_1=34000|G3D=37000|cp_on_chip_2=35000|cp_on_chip_3=33000|cp_on_chip_4=33000|rf2_therm=31000|rf1_therm=32000|ISP=35000|TPU=36000|AUR=36000|rfpa_therm=31883|quiet_therm=32551|charging_therm=34443|,ok,1,single,untouched,4096,2048,12,2048,7324,0,973877,0,4,4,ok
1,13,nvhe,4,1945000,578000,38000,38000,BIG=36000|MID=37000|usb_pwr_therm=30325|btmspkr_therm=30236|disp_therm=30258|north_therm=30926|soc_therm=34377|battery=30700|battery_cycle=5|dc-mains=35000|usbc-therm-adc=350|max77779fg=30700|LITTLE=37000|soc=16|smpl_gm=0|vdroop1=0|batoilo=0|batoilo2=0|batt_vs=30693|mdis_morepower=0|thb_hda=51|cp_on_chip_0=33000|cp_on_chip_1=34000|G3D=37000|cp_on_chip_2=35000|cp_on_chip_3=33000|cp_on_chip_4=33000|rf2_therm=31000|rf1_therm=32000|ISP=35000|TPU=36000|AUR=36000|rfpa_therm=31861|quiet_therm=32529|charging_therm=34399|,BIG=37000|MID=40000|usb_pwr_therm=30325|btmspkr_therm=30236|disp_therm=30258|north_therm=30926|soc_therm=34421|battery=30700|battery_cycle=5|dc-mains=35000|usbc-therm-adc=350|max77779fg=30700|LITTLE=37000|soc=16|smpl_gm=0|vdroop1=0|batoilo=0|batoilo2=0|batt_vs=30694|mdis_morepower=0|thb_hda=51|cp_on_chip_0=33000|cp_on_chip_1=34000|G3D=37000|cp_on_chip_2=35000|cp_on_chip_3=33000|cp_on_chip_4=33000|rf2_therm=31000|rf1_therm=32000|ISP=35000|TPU=36000|AUR=36000|rfpa_therm=31883|quiet_therm=32551|charging_therm=34443|,ok,1,single,untouched,4096,2048,13,2048,7080,0,974406,0,4,4,ok
1,13,nvhe,4,1945000,578000,38000,38000,BIG=36000|MID=37000|usb_pwr_therm=30325|btmspkr_therm=30236|disp_therm=30258|north_therm=30926|soc_therm=34377|battery=30700|battery_cycle=5|dc-mains=35000|usbc-therm-adc=350|max77779fg=30700|LITTLE=37000|soc=16|smpl_gm=0|vdroop1=0|batoilo=0|batoilo2=0|batt_vs=30693|mdis_morepower=0|thb_hda=51|cp_on_chip_0=33000|cp_on_chip_1=34000|G3D=37000|cp_on_chip_2=35000|cp_on_chip_3=33000|cp_on_chip_4=33000|rf2_therm=31000|rf1_therm=32000|ISP=35000|TPU=36000|AUR=36000|rfpa_therm=31861|quiet_therm=32529|charging_therm=34399|,BIG=37000|MID=40000|usb_pwr_therm=30325|btmspkr_therm=30236|disp_therm=30258|north_therm=30926|soc_therm=34421|battery=30700|battery_cycle=5|dc-mains=35000|usbc-therm-adc=350|max77779fg=30700|LITTLE=37000|soc=16|smpl_gm=0|vdroop1=0|batoilo=0|batoilo2=0|batt_vs=30694|mdis_morepower=0|thb_hda=51|cp_on_chip_0=33000|cp_on_chip_1=34000|G3D=37000|cp_on_chip_2=35000|cp_on_chip_3=33000|cp_on_chip_4=33000|rf2_therm=31000|rf1_therm=32000|ISP=35000|TPU=36000|AUR=36000|rfpa_therm=31883|quiet_therm=32551|charging_therm=34443|,ok,1,single,untouched,4096,2048,14,2048,7731,0,975667,0,4,4,ok
1,13,nvhe,4,1945000,578000,38000,38000,BIG=36000|MID=37000|usb_pwr_therm=30325|btmspkr_therm=30236|disp_therm=30258|north_therm=30926|soc_therm=34377|battery=30700|battery_cycle=5|dc-mains=35000|usbc-therm-adc=350|max77779fg=30700|LITTLE=37000|soc=16|smpl_gm=0|vdroop1=0|batoilo=0|batoilo2=0|batt_vs=30693|mdis_morepower=0|thb_hda=51|cp_on_chip_0=33000|cp_on_chip_1=34000|G3D=37000|cp_on_chip_2=35000|cp_on_chip_3=33000|cp_on_chip_4=33000|rf2_therm=31000|rf1_therm=32000|ISP=35000|TPU=36000|AUR=36000|rfpa_therm=31861|quiet_therm=32529|charging_therm=34399|,BIG=37000|MID=40000|usb_pwr_therm=30325|btmspkr_therm=30236|disp_therm=30258|north_therm=30926|soc_therm=34421|battery=30700|battery_cycle=5|dc-mains=35000|usbc-therm-adc=350|max77779fg=30700|LITTLE=37000|soc=16|smpl_gm=0|vdroop1=0|batoilo=0|batoilo2=0|batt_vs=30694|mdis_morepower=0|thb_hda=51|cp_on_chip_0=33000|cp_on_chip_1=34000|G3D=37000|cp_on_chip_2=35000|cp_on_chip_3=33000|cp_on_chip_4=33000|rf2_therm=31000|rf1_therm=32000|ISP=35000|TPU=36000|AUR=36000|rfpa_therm=31883|quiet_therm=32551|charging_therm=34443|,ok,1,single,untouched,4096,2048,15,2048,5655,0,996216,0,4,4,ok
1,13,nvhe,4,1945000,578000,38000,38000,BIG=36000|MID=37000|usb_pwr_therm=30325|btmspkr_therm=30236|disp_therm=30258|north_therm=30926|soc_therm=34377|battery=30700|battery_cycle=5|dc-mains=35000|usbc-therm-adc=350|max77779fg=30700|LITTLE=37000|soc=16|smpl_gm=0|vdroop1=0|batoilo=0|batoilo2=0|batt_vs=30693|mdis_morepower=0|thb_hda=51|cp_on_chip_0=33000|cp_on_chip_1=34000|G3D=37000|cp_on_chip_2=35000|cp_on_chip_3=33000|cp_on_chip_4=33000|rf2_therm=31000|rf1_therm=32000|ISP=35000|TPU=36000|AUR=36000|rfpa_therm=31861|quiet_therm=32529|charging_therm=34399|,BIG=37000|MID=40000|usb_pwr_therm=30325|btmspkr_therm=30236|disp_therm=30258|north_therm=30926|soc_therm=34421|battery=30700|battery_cycle=5|dc-mains=35000|usbc-therm-adc=350|max77779fg=30700|LITTLE=37000|soc=16|smpl_gm=0|vdroop1=0|batoilo=0|batoilo2=0|batt_vs=30694|mdis_morepower=0|thb_hda=51|cp_on_chip_0=33000|cp_on_chip_1=34000|G3D=37000|cp_on_chip_2=35000|cp_on_chip_3=33000|cp_on_chip_4=33000|rf2_therm=31000|rf1_therm=32000|ISP=35000|TPU=36000|AUR=36000|rfpa_therm=31883|quiet_therm=32551|charging_therm=34443|,ok,1,single,untouched,4096,2048,16,2048,5697,0,918010,0,4,4,ok
1,13,nvhe,4,1945000,578000,38000,38000,BIG=36000|MID=37000|usb_pwr_therm=30325|btmspkr_therm=30236|disp_therm=30258|north_therm=30926|soc_therm=34377|battery=30700|battery_cycle=5|dc-mains=35000|usbc-therm-adc=350|max77779fg=30700|LITTLE=37000|soc=16|smpl_gm=0|vdroop1=0|batoilo=0|batoilo2=0|batt_vs=30693|mdis_morepower=0|thb_hda=51|cp_on_chip_0=33000|cp_on_chip_1=34000|G3D=37000|cp_on_chip_2=35000|cp_on_chip_3=33000|cp_on_chip_4=33000|rf2_therm=31000|rf1_therm=32000|ISP=35000|TPU=36000|AUR=36000|rfpa_therm=31861|quiet_therm=32529|charging_therm=34399|,BIG=37000|MID=40000|usb_pwr_therm=30325|btmspkr_therm=30236|disp_therm=30258|north_therm=30926|soc_therm=34421|battery=30700|battery_cycle=5|dc-mains=35000|usbc-therm-adc=350|max77779fg=30700|LITTLE=37000|soc=16|smpl_gm=0|vdroop1=0|batoilo=0|batoilo2=0|batt_vs=30694|mdis_morepower=0|thb_hda=51|cp_on_chip_0=33000|cp_on_chip_1=34000|G3D=37000|cp_on_chip_2=35000|cp_on_chip_3=33000|cp_on_chip_4=33000|rf2_therm=31000|rf1_therm=32000|ISP=35000|TPU=36000|AUR=36000|rfpa_therm=31883|quiet_therm=32551|charging_therm=34443|,ok,1,single,untouched,4096,2048,17,2048,7080,0,890543,0,4,4,ok
1,13,nvhe,4,1945000,578000,38000,38000,BIG=36000|MID=37000|usb_pwr_therm=30325|btmspkr_therm=30236|disp_therm=30258|north_therm=30926|soc_therm=34377|battery=30700|battery_cycle=5|dc-mains=35000|usbc-therm-adc=350|max77779fg=30700|LITTLE=37000|soc=16|smpl_gm=0|vdroop1=0|batoilo=0|batoilo2=0|batt_vs=30693|mdis_morepower=0|thb_hda=51|cp_on_chip_0=33000|cp_on_chip_1=34000|G3D=37000|cp_on_chip_2=35000|cp_on_chip_3=33000|cp_on_chip_4=33000|rf2_therm=31000|rf1_therm=32000|ISP=35000|TPU=36000|AUR=36000|rfpa_therm=31861|quiet_therm=32529|charging_therm=34399|,BIG=37000|MID=40000|usb_pwr_therm=30325|btmspkr_therm=30236|disp_therm=30258|north_therm=30926|soc_therm=34421|battery=30700|battery_cycle=5|dc-mains=35000|usbc-therm-adc=350|max77779fg=30700|LITTLE=37000|soc=16|smpl_gm=0|vdroop1=0|batoilo=0|batoilo2=0|batt_vs=30694|mdis_morepower=0|thb_hda=51|cp_on_chip_0=33000|cp_on_chip_1=34000|G3D=37000|cp_on_chip_2=35000|cp_on_chip_3=33000|cp_on_chip_4=33000|rf2_therm=31000|rf1_therm=32000|ISP=35000|TPU=36000|AUR=36000|rfpa_therm=31883|quiet_therm=32551|charging_therm=34443|,ok,1,single,untouched,4096,2048,18,2048,5819,0,901083,0,4,4,ok
1,13,nvhe,4,1945000,578000,38000,38000,BIG=36000|MID=37000|usb_pwr_therm=30325|btmspkr_therm=30236|disp_therm=30258|north_therm=30926|soc_therm=34377|battery=30700|battery_cycle=5|dc-mains=35000|usbc-therm-adc=350|max77779fg=30700|LITTLE=37000|soc=16|smpl_gm=0|vdroop1=0|batoilo=0|batoilo2=0|batt_vs=30693|mdis_morepower=0|thb_hda=51|cp_on_chip_0=33000|cp_on_chip_1=34000|G3D=37000|cp_on_chip_2=35000|cp_on_chip_3=33000|cp_on_chip_4=33000|rf2_therm=31000|rf1_therm=32000|ISP=35000|TPU=36000|AUR=36000|rfpa_therm=31861|quiet_therm=32529|charging_therm=34399|,BIG=37000|MID=40000|usb_pwr_therm=30325|btmspkr_therm=30236|disp_therm=30258|north_therm=30926|soc_therm=34421|battery=30700|battery_cycle=5|dc-mains=35000|usbc-therm-adc=350|max77779fg=30700|LITTLE=37000|soc=16|smpl_gm=0|vdroop1=0|batoilo=0|batoilo2=0|batt_vs=30694|mdis_morepower=0|thb_hda=51|cp_on_chip_0=33000|cp_on_chip_1=34000|G3D=37000|cp_on_chip_2=35000|cp_on_chip_3=33000|cp_on_chip_4=33000|rf2_therm=31000|rf1_therm=32000|ISP=35000|TPU=36000|AUR=36000|rfpa_therm=31883|quiet_therm=32551|charging_therm=34443|,ok,1,single,untouched,4096,2048,19,2048,5249,0,899577,0,4,4,ok
1,13,nvhe,4,1945000,578000,38000,38000,BIG=36000|MID=37000|usb_pwr_therm=30325|btmspkr_therm=30236|disp_therm=30258|north_therm=30926|soc_therm=34377|battery=30700|battery_cycle=5|dc-mains=35000|usbc-therm-adc=350|max77779fg=30700|LITTLE=37000|soc=16|smpl_gm=0|vdroop1=0|batoilo=0|batoilo2=0|batt_vs=30693|mdis_morepower=0|thb_hda=51|cp_on_chip_0=33000|cp_on_chip_1=34000|G3D=37000|cp_on_chip_2=35000|cp_on_chip_3=33000|cp_on_chip_4=33000|rf2_therm=31000|rf1_therm=32000|ISP=35000|TPU=36000|AUR=36000|rfpa_therm=31861|quiet_therm=32529|charging_therm=34399|,BIG=37000|MID=40000|usb_pwr_therm=30325|btmspkr_therm=30236|disp_therm=30258|north_therm=30926|soc_therm=34421|battery=30700|battery_cycle=5|dc-mains=35000|usbc-therm-adc=350|max77779fg=30700|LITTLE=37000|soc=16|smpl_gm=0|vdroop1=0|batoilo=0|batoilo2=0|batt_vs=30694|mdis_morepower=0|thb_hda=51|cp_on_chip_0=33000|cp_on_chip_1=34000|G3D=37000|cp_on_chip_2=35000|cp_on_chip_3=33000|cp_on_chip_4=33000|rf2_therm=31000|rf1_therm=32000|ISP=35000|TPU=36000|AUR=36000|rfpa_therm=31883|quiet_therm=32551|charging_therm=34443|,ok,1,single,untouched,4096,2048,20,2048,6429,0,890910,0,4,4,ok
1,13,nvhe,4,1945000,578000,38000,38000,BIG=36000|MID=37000|usb_pwr_therm=30325|btmspkr_therm=30236|disp_therm=30258|north_therm=30926|soc_therm=34377|battery=30700|battery_cycle=5|dc-mains=35000|usbc-therm-adc=350|max77779fg=30700|LITTLE=37000|soc=16|smpl_gm=0|vdroop1=0|batoilo=0|batoilo2=0|batt_vs=30693|mdis_morepower=0|thb_hda=51|cp_on_chip_0=33000|cp_on_chip_1=34000|G3D=37000|cp_on_chip_2=35000|cp_on_chip_3=33000|cp_on_chip_4=33000|rf2_therm=31000|rf1_therm=32000|ISP=35000|TPU=36000|AUR=36000|rfpa_therm=31861|quiet_therm=32529|charging_therm=34399|,BIG=37000|MID=40000|usb_pwr_therm=30325|btmspkr_therm=30236|disp_therm=30258|north_therm=30926|soc_therm=34421|battery=30700|battery_cycle=5|dc-mains=35000|usbc-therm-adc=350|max77779fg=30700|LITTLE=37000|soc=16|smpl_gm=0|vdroop1=0|batoilo=0|batoilo2=0|batt_vs=30694|mdis_morepower=0|thb_hda=51|cp_on_chip_0=33000|cp_on_chip_1=34000|G3D=37000|cp_on_chip_2=35000|cp_on_chip_3=33000|cp_on_chip_4=33000|rf2_therm=31000|rf1_therm=32000|ISP=35000|TPU=36000|AUR=36000|rfpa_therm=31883|quiet_therm=32551|charging_therm=34443|,ok,1,single,untouched,4096,2048,21,2048,2930,0,890218,0,4,4,ok
1,13,nvhe,4,1945000,578000,38000,38000,BIG=36000|MID=37000|usb_pwr_therm=30325|btmspkr_therm=30236|disp_therm=30258|north_therm=30926|soc_therm=34377|battery=30700|battery_cycle=5|dc-mains=35000|usbc-therm-adc=350|max77779fg=30700|LITTLE=37000|soc=16|smpl_gm=0|vdroop1=0|batoilo=0|batoilo2=0|batt_vs=30693|mdis_morepower=0|thb_hda=51|cp_on_chip_0=33000|cp_on_chip_1=34000|G3D=37000|cp_on_chip_2=35000|cp_on_chip_3=33000|cp_on_chip_4=33000|rf2_therm=31000|rf1_therm=32000|ISP=35000|TPU=36000|AUR=36000|rfpa_therm=31861|quiet_therm=32529|charging_therm=34399|,BIG=37000|MID=40000|usb_pwr_therm=30325|btmspkr_therm=30236|disp_therm=30258|north_therm=30926|soc_therm=34421|battery=30700|battery_cycle=5|dc-mains=35000|usbc-therm-adc=350|max77779fg=30700|LITTLE=37000|soc=16|smpl_gm=0|vdroop1=0|batoilo=0|batoilo2=0|batt_vs=30694|mdis_morepower=0|thb_hda=51|cp_on_chip_0=33000|cp_on_chip_1=34000|G3D=37000|cp_on_chip_2=35000|cp_on_chip_3=33000|cp_on_chip_4=33000|rf2_therm=31000|rf1_therm=32000|ISP=35000|TPU=36000|AUR=36000|rfpa_therm=31883|quiet_therm=32551|charging_therm=34443|,ok,1,single,untouched,4096,2048,22,2048,4029,0,890747,0,4,4,ok
1,13,nvhe,4,1945000,578000,38000,38000,BIG=36000|MID=37000|usb_pwr_therm=30325|btmspkr_therm=30236|disp_therm=30258|north_therm=30926|soc_therm=34377|battery=30700|battery_cycle=5|dc-mains=35000|usbc-therm-adc=350|max77779fg=30700|LITTLE=37000|soc=16|smpl_gm=0|vdroop1=0|batoilo=0|batoilo2=0|batt_vs=30693|mdis_morepower=0|thb_hda=51|cp_on_chip_0=33000|cp_on_chip_1=34000|G3D=37000|cp_on_chip_2=35000|cp_on_chip_3=33000|cp_on_chip_4=33000|rf2_therm=31000|rf1_therm=32000|ISP=35000|TPU=36000|AUR=36000|rfpa_therm=31861|quiet_therm=32529|charging_therm=34399|,BIG=37000|MID=40000|usb_pwr_therm=30325|btmspkr_therm=30236|disp_therm=30258|north_therm=30926|soc_therm=34421|battery=30700|battery_cycle=5|dc-mains=35000|usbc-therm-adc=350|max77779fg=30700|LITTLE=37000|soc=16|smpl_gm=0|vdroop1=0|batoilo=0|batoilo2=0|batt_vs=30694|mdis_morepower=0|thb_hda=51|cp_on_chip_0=33000|cp_on_chip_1=34000|G3D=37000|cp_on_chip_2=35000|cp_on_chip_3=33000|cp_on_chip_4=33000|rf2_therm=31000|rf1_therm=32000|ISP=35000|TPU=36000|AUR=36000|rfpa_therm=31883|quiet_therm=32551|charging_therm=34443|,ok,1,single,untouched,4096,2048,23,2048,4028,0,902384,0,4,4,ok
1,13,nvhe,4,1945000,578000,38000,38000,BIG=36000|MID=37000|usb_pwr_therm=30325|btmspkr_therm=30236|disp_therm=30258|north_therm=30926|soc_therm=34377|battery=30700|battery_cycle=5|dc-mains=35000|usbc-therm-adc=350|max77779fg=30700|LITTLE=37000|soc=16|smpl_gm=0|vdroop1=0|batoilo=0|batoilo2=0|batt_vs=30693|mdis_morepower=0|thb_hda=51|cp_on_chip_0=33000|cp_on_chip_1=34000|G3D=37000|cp_on_chip_2=35000|cp_on_chip_3=33000|cp_on_chip_4=33000|rf2_therm=31000|rf1_therm=32000|ISP=35000|TPU=36000|AUR=36000|rfpa_therm=31861|quiet_therm=32529|charging_therm=34399|,BIG=37000|MID=40000|usb_pwr_therm=30325|btmspkr_therm=30236|disp_therm=30258|north_therm=30926|soc_therm=34421|battery=30700|battery_cycle=5|dc-mains=35000|usbc-therm-adc=350|max77779fg=30700|LITTLE=37000|soc=16|smpl_gm=0|vdroop1=0|batoilo=0|batoilo2=0|batt_vs=30694|mdis_morepower=0|thb_hda=51|cp_on_chip_0=33000|cp_on_chip_1=34000|G3D=37000|cp_on_chip_2=35000|cp_on_chip_3=33000|cp_on_chip_4=33000|rf2_therm=31000|rf1_therm=32000|ISP=35000|TPU=36000|AUR=36000|rfpa_therm=31883|quiet_therm=32551|charging_therm=34443|,ok,1,single,untouched,4096,2048,24,2048,4191,0,924805,0,4,4,ok
1,13,nvhe,4,1945000,578000,38000,38000,BIG=36000|MID=37000|usb_pwr_therm=30325|btmspkr_therm=30236|disp_therm=30258|north_therm=30926|soc_therm=34377|battery=30700|battery_cycle=5|dc-mains=35000|usbc-therm-adc=350|max77779fg=30700|LITTLE=37000|soc=16|smpl_gm=0|vdroop1=0|batoilo=0|batoilo2=0|batt_vs=30693|mdis_morepower=0|thb_hda=51|cp_on_chip_0=33000|cp_on_chip_1=34000|G3D=37000|cp_on_chip_2=35000|cp_on_chip_3=33000|cp_on_chip_4=33000|rf2_therm=31000|rf1_therm=32000|ISP=35000|TPU=36000|AUR=36000|rfpa_therm=31861|quiet_therm=32529|charging_therm=34399|,BIG=37000|MID=40000|usb_pwr_therm=30325|btmspkr_therm=30236|disp_therm=30258|north_therm=30926|soc_therm=34421|battery=30700|battery_cycle=5|dc-mains=35000|usbc-therm-adc=350|max77779fg=30700|LITTLE=37000|soc=16|smpl_gm=0|vdroop1=0|batoilo=0|batoilo2=0|batt_vs=30694|mdis_morepower=0|thb_hda=51|cp_on_chip_0=33000|cp_on_chip_1=34000|G3D=37000|cp_on_chip_2=35000|cp_on_chip_3=33000|cp_on_chip_4=33000|rf2_therm=31000|rf1_therm=32000|ISP=35000|TPU=36000|AUR=36000|rfpa_therm=31883|quiet_therm=32551|charging_therm=34443|,ok,1,single,untouched,4096,2048,25,2048,7894,0,844889,0,4,4,ok
1,13,nvhe,4,1945000,578000,38000,38000,BIG=36000|MID=37000|usb_pwr_therm=30325|btmspkr_therm=30236|disp_therm=30258|north_therm=30926|soc_therm=34377|battery=30700|battery_cycle=5|dc-mains=35000|usbc-therm-adc=350|max77779fg=30700|LITTLE=37000|soc=16|smpl_gm=0|vdroop1=0|batoilo=0|batoilo2=0|batt_vs=30693|mdis_morepower=0|thb_hda=51|cp_on_chip_0=33000|cp_on_chip_1=34000|G3D=37000|cp_on_chip_2=35000|cp_on_chip_3=33000|cp_on_chip_4=33000|rf2_therm=31000|rf1_therm=32000|ISP=35000|TPU=36000|AUR=36000|rfpa_therm=31861|quiet_therm=32529|charging_therm=34399|,BIG=37000|MID=40000|usb_pwr_therm=30325|btmspkr_therm=30236|disp_therm=30258|north_therm=30926|soc_therm=34421|battery=30700|battery_cycle=5|dc-mains=35000|usbc-therm-adc=350|max77779fg=30700|LITTLE=37000|soc=16|smpl_gm=0|vdroop1=0|batoilo=0|batoilo2=0|batt_vs=30694|mdis_morepower=0|thb_hda=51|cp_on_chip_0=33000|cp_on_chip_1=34000|G3D=37000|cp_on_chip_2=35000|cp_on_chip_3=33000|cp_on_chip_4=33000|rf2_therm=31000|rf1_therm=32000|ISP=35000|TPU=36000|AUR=36000|rfpa_therm=31883|quiet_therm=32551|charging_therm=34443|,ok,1,single,untouched,4096,2048,26,2048,3987,0,846110,0,4,4,ok
1,13,nvhe,4,1945000,578000,38000,38000,BIG=36000|MID=37000|usb_pwr_therm=30325|btmspkr_therm=30236|disp_therm=30258|north_therm=30926|soc_therm=34377|battery=30700|battery_cycle=5|dc-mains=35000|usbc-therm-adc=350|max77779fg=30700|LITTLE=37000|soc=16|smpl_gm=0|vdroop1=0|batoilo=0|batoilo2=0|batt_vs=30693|mdis_morepower=0|thb_hda=51|cp_on_chip_0=33000|cp_on_chip_1=34000|G3D=37000|cp_on_chip_2=35000|cp_on_chip_3=33000|cp_on_chip_4=33000|rf2_therm=31000|rf1_therm=32000|ISP=35000|TPU=36000|AUR=36000|rfpa_therm=31861|quiet_therm=32529|charging_therm=34399|,BIG=37000|MID=40000|usb_pwr_therm=30325|btmspkr_therm=30236|disp_therm=30258|north_therm=30926|soc_therm=34421|battery=30700|battery_cycle=5|dc-mains=35000|usbc-therm-adc=350|max77779fg=30700|LITTLE=37000|soc=16|smpl_gm=0|vdroop1=0|batoilo=0|batoilo2=0|batt_vs=30694|mdis_morepower=0|thb_hda=51|cp_on_chip_0=33000|cp_on_chip_1=34000|G3D=37000|cp_on_chip_2=35000|cp_on_chip_3=33000|cp_on_chip_4=33000|rf2_therm=31000|rf1_therm=32000|ISP=35000|TPU=36000|AUR=36000|rfpa_therm=31883|quiet_therm=32551|charging_therm=34443|,ok,1,single,untouched,4096,2048,27,2048,4435,0,845744,0,4,4,ok
1,13,nvhe,4,1945000,578000,38000,38000,BIG=36000|MID=37000|usb_pwr_therm=30325|btmspkr_therm=30236|disp_therm=30258|north_therm=30926|soc_therm=34377|battery=30700|battery_cycle=5|dc-mains=35000|usbc-therm-adc=350|max77779fg=30700|LITTLE=37000|soc=16|smpl_gm=0|vdroop1=0|batoilo=0|batoilo2=0|batt_vs=30693|mdis_morepower=0|thb_hda=51|cp_on_chip_0=33000|cp_on_chip_1=34000|G3D=37000|cp_on_chip_2=35000|cp_on_chip_3=33000|cp_on_chip_4=33000|rf2_therm=31000|rf1_therm=32000|ISP=35000|TPU=36000|AUR=36000|rfpa_therm=31861|quiet_therm=32529|charging_therm=34399|,BIG=37000|MID=40000|usb_pwr_therm=30325|btmspkr_therm=30236|disp_therm=30258|north_therm=30926|soc_therm=34421|battery=30700|battery_cycle=5|dc-mains=35000|usbc-therm-adc=350|max77779fg=30700|LITTLE=37000|soc=16|smpl_gm=0|vdroop1=0|batoilo=0|batoilo2=0|batt_vs=30694|mdis_morepower=0|thb_hda=51|cp_on_chip_0=33000|cp_on_chip_1=34000|G3D=37000|cp_on_chip_2=35000|cp_on_chip_3=33000|cp_on_chip_4=33000|rf2_therm=31000|rf1_therm=32000|ISP=35000|TPU=36000|AUR=36000|rfpa_therm=31883|quiet_therm=32551|charging_therm=34443|,ok,1,single,untouched,4096,2048,28,2048,2849,0,867066,0,4,4,ok
1,13,nvhe,4,1945000,578000,38000,38000,BIG=36000|MID=37000|usb_pwr_therm=30325|btmspkr_therm=30236|disp_therm=30258|north_therm=30926|soc_therm=34377|battery=30700|battery_cycle=5|dc-mains=35000|usbc-therm-adc=350|max77779fg=30700|LITTLE=37000|soc=16|smpl_gm=0|vdroop1=0|batoilo=0|batoilo2=0|batt_vs=30693|mdis_morepower=0|thb_hda=51|cp_on_chip_0=33000|cp_on_chip_1=34000|G3D=37000|cp_on_chip_2=35000|cp_on_chip_3=33000|cp_on_chip_4=33000|rf2_therm=31000|rf1_therm=32000|ISP=35000|TPU=36000|AUR=36000|rfpa_therm=31861|quiet_therm=32529|charging_therm=34399|,BIG=37000|MID=40000|usb_pwr_therm=30325|btmspkr_therm=30236|disp_therm=30258|north_therm=30926|soc_therm=34421|battery=30700|battery_cycle=5|dc-mains=35000|usbc-therm-adc=350|max77779fg=30700|LITTLE=37000|soc=16|smpl_gm=0|vdroop1=0|batoilo=0|batoilo2=0|batt_vs=30694|mdis_morepower=0|thb_hda=51|cp_on_chip_0=33000|cp_on_chip_1=34000|G3D=37000|cp_on_chip_2=35000|cp_on_chip_3=33000|cp_on_chip_4=33000|rf2_therm=31000|rf1_therm=32000|ISP=35000|TPU=36000|AUR=36000|rfpa_therm=31883|quiet_therm=32551|charging_therm=34443|,ok,1,single,untouched,4096,2048,29,2048,2522,0,824300,0,4,4,ok
1,14,nvhe,4,1795000,648000,39000,40000,BIG=36000|MID=38000|usb_pwr_therm=30325|btmspkr_therm=30236|disp_therm=30258|north_therm=30926|soc_therm=34421|battery=30700|battery_cycle=5|dc-mains=35000|usbc-therm-adc=350|max77779fg=30700|LITTLE=37000|soc=16|smpl_gm=0|vdroop1=0|batoilo=0|batoilo2=0|batt_vs=30694|mdis_morepower=0|thb_hda=51|cp_on_chip_0=33000|cp_on_chip_1=34000|G3D=36000|cp_on_chip_2=35000|cp_on_chip_3=33000|cp_on_chip_4=33000|rf2_therm=31000|rf1_therm=32000|ISP=35000|TPU=36000|AUR=36000|rfpa_therm=31906|quiet_therm=32573|charging_therm=34488|,BIG=37000|MID=37000|usb_pwr_therm=30325|btmspkr_therm=30236|disp_therm=30258|north_therm=30926|soc_therm=34443|battery=30700|battery_cycle=5|dc-mains=35000|usbc-therm-adc=350|max77779fg=30700|LITTLE=37000|soc=16|smpl_gm=0|vdroop1=0|batoilo=0|batoilo2=0|batt_vs=30694|mdis_morepower=0|thb_hda=51|cp_on_chip_0=33000|cp_on_chip_1=34000|G3D=37000|cp_on_chip_2=35000|cp_on_chip_3=33000|cp_on_chip_4=33000|rf2_therm=31000|rf1_therm=32000|ISP=35000|TPU=36000|AUR=36000|rfpa_therm=31906|quiet_therm=32573|charging_therm=34488|,ok,1,batched,untouched,4096,4096,0,1,10172,0,3052,0,4,4,ok
1,14,nvhe,4,1795000,648000,39000,40000,BIG=36000|MID=38000|usb_pwr_therm=30325|btmspkr_therm=30236|disp_therm=30258|north_therm=30926|soc_therm=34421|battery=30700|battery_cycle=5|dc-mains=35000|usbc-therm-adc=350|max77779fg=30700|LITTLE=37000|soc=16|smpl_gm=0|vdroop1=0|batoilo=0|batoilo2=0|batt_vs=30694|mdis_morepower=0|thb_hda=51|cp_on_chip_0=33000|cp_on_chip_1=34000|G3D=36000|cp_on_chip_2=35000|cp_on_chip_3=33000|cp_on_chip_4=33000|rf2_therm=31000|rf1_therm=32000|ISP=35000|TPU=36000|AUR=36000|rfpa_therm=31906|quiet_therm=32573|charging_therm=34488|,BIG=37000|MID=37000|usb_pwr_therm=30325|btmspkr_therm=30236|disp_therm=30258|north_therm=30926|soc_therm=34443|battery=30700|battery_cycle=5|dc-mains=35000|usbc-therm-adc=350|max77779fg=30700|LITTLE=37000|soc=16|smpl_gm=0|vdroop1=0|batoilo=0|batoilo2=0|batt_vs=30694|mdis_morepower=0|thb_hda=51|cp_on_chip_0=33000|cp_on_chip_1=34000|G3D=37000|cp_on_chip_2=35000|cp_on_chip_3=33000|cp_on_chip_4=33000|rf2_therm=31000|rf1_therm=32000|ISP=35000|TPU=36000|AUR=36000|rfpa_therm=31906|quiet_therm=32573|charging_therm=34488|,ok,1,batched,untouched,4096,4096,1,1,9643,0,692,0,4,4,ok
1,14,nvhe,4,1795000,648000,39000,40000,BIG=36000|MID=38000|usb_pwr_therm=30325|btmspkr_therm=30236|disp_therm=30258|north_therm=30926|soc_therm=34421|battery=30700|battery_cycle=5|dc-mains=35000|usbc-therm-adc=350|max77779fg=30700|LITTLE=37000|soc=16|smpl_gm=0|vdroop1=0|batoilo=0|batoilo2=0|batt_vs=30694|mdis_morepower=0|thb_hda=51|cp_on_chip_0=33000|cp_on_chip_1=34000|G3D=36000|cp_on_chip_2=35000|cp_on_chip_3=33000|cp_on_chip_4=33000|rf2_therm=31000|rf1_therm=32000|ISP=35000|TPU=36000|AUR=36000|rfpa_therm=31906|quiet_therm=32573|charging_therm=34488|,BIG=37000|MID=37000|usb_pwr_therm=30325|btmspkr_therm=30236|disp_therm=30258|north_therm=30926|soc_therm=34443|battery=30700|battery_cycle=5|dc-mains=35000|usbc-therm-adc=350|max77779fg=30700|LITTLE=37000|soc=16|smpl_gm=0|vdroop1=0|batoilo=0|batoilo2=0|batt_vs=30694|mdis_morepower=0|thb_hda=51|cp_on_chip_0=33000|cp_on_chip_1=34000|G3D=37000|cp_on_chip_2=35000|cp_on_chip_3=33000|cp_on_chip_4=33000|rf2_therm=31000|rf1_therm=32000|ISP=35000|TPU=36000|AUR=36000|rfpa_therm=31906|quiet_therm=32573|charging_therm=34488|,ok,1,batched,untouched,4096,4096,2,1,5940,0,692,0,4,4,ok
1,14,nvhe,4,1795000,648000,39000,40000,BIG=36000|MID=38000|usb_pwr_therm=30325|btmspkr_therm=30236|disp_therm=30258|north_therm=30926|soc_therm=34421|battery=30700|battery_cycle=5|dc-mains=35000|usbc-therm-adc=350|max77779fg=30700|LITTLE=37000|soc=16|smpl_gm=0|vdroop1=0|batoilo=0|batoilo2=0|batt_vs=30694|mdis_morepower=0|thb_hda=51|cp_on_chip_0=33000|cp_on_chip_1=34000|G3D=36000|cp_on_chip_2=35000|cp_on_chip_3=33000|cp_on_chip_4=33000|rf2_therm=31000|rf1_therm=32000|ISP=35000|TPU=36000|AUR=36000|rfpa_therm=31906|quiet_therm=32573|charging_therm=34488|,BIG=37000|MID=37000|usb_pwr_therm=30325|btmspkr_therm=30236|disp_therm=30258|north_therm=30926|soc_therm=34443|battery=30700|battery_cycle=5|dc-mains=35000|usbc-therm-adc=350|max77779fg=30700|LITTLE=37000|soc=16|smpl_gm=0|vdroop1=0|batoilo=0|batoilo2=0|batt_vs=30694|mdis_morepower=0|thb_hda=51|cp_on_chip_0=33000|cp_on_chip_1=34000|G3D=37000|cp_on_chip_2=35000|cp_on_chip_3=33000|cp_on_chip_4=33000|rf2_therm=31000|rf1_therm=32000|ISP=35000|TPU=36000|AUR=36000|rfpa_therm=31906|quiet_therm=32573|charging_therm=34488|,ok,1,batched,untouched,4096,4096,3,1,5452,0,651,0,4,4,ok
1,14,nvhe,4,1795000,648000,39000,40000,BIG=36000|MID=38000|usb_pwr_therm=30325|btmspkr_therm=30236|disp_therm=30258|north_therm=30926|soc_therm=34421|battery=30700|battery_cycle=5|dc-mains=35000|usbc-therm-adc=350|max77779fg=30700|LITTLE=37000|soc=16|smpl_gm=0|vdroop1=0|batoilo=0|batoilo2=0|batt_vs=30694|mdis_morepower=0|thb_hda=51|cp_on_chip_0=33000|cp_on_chip_1=34000|G3D=36000|cp_on_chip_2=35000|cp_on_chip_3=33000|cp_on_chip_4=33000|rf2_therm=31000|rf1_therm=32000|ISP=35000|TPU=36000|AUR=36000|rfpa_therm=31906|quiet_therm=32573|charging_therm=34488|,BIG=37000|MID=37000|usb_pwr_therm=30325|btmspkr_therm=30236|disp_therm=30258|north_therm=30926|soc_therm=34443|battery=30700|battery_cycle=5|dc-mains=35000|usbc-therm-adc=350|max77779fg=30700|LITTLE=37000|soc=16|smpl_gm=0|vdroop1=0|batoilo=0|batoilo2=0|batt_vs=30694|mdis_morepower=0|thb_hda=51|cp_on_chip_0=33000|cp_on_chip_1=34000|G3D=37000|cp_on_chip_2=35000|cp_on_chip_3=33000|cp_on_chip_4=33000|rf2_therm=31000|rf1_therm=32000|ISP=35000|TPU=36000|AUR=36000|rfpa_therm=31906|quiet_therm=32573|charging_therm=34488|,ok,1,batched,untouched,4096,4096,4,1,5737,0,610,0,4,4,ok
1,14,nvhe,4,1795000,648000,39000,40000,BIG=36000|MID=38000|usb_pwr_therm=30325|btmspkr_therm=30236|disp_therm=30258|north_therm=30926|soc_therm=34421|battery=30700|battery_cycle=5|dc-mains=35000|usbc-therm-adc=350|max77779fg=30700|LITTLE=37000|soc=16|smpl_gm=0|vdroop1=0|batoilo=0|batoilo2=0|batt_vs=30694|mdis_morepower=0|thb_hda=51|cp_on_chip_0=33000|cp_on_chip_1=34000|G3D=36000|cp_on_chip_2=35000|cp_on_chip_3=33000|cp_on_chip_4=33000|rf2_therm=31000|rf1_therm=32000|ISP=35000|TPU=36000|AUR=36000|rfpa_therm=31906|quiet_therm=32573|charging_therm=34488|,BIG=37000|MID=37000|usb_pwr_therm=30325|btmspkr_therm=30236|disp_therm=30258|north_therm=30926|soc_therm=34443|battery=30700|battery_cycle=5|dc-mains=35000|usbc-therm-adc=350|max77779fg=30700|LITTLE=37000|soc=16|smpl_gm=0|vdroop1=0|batoilo=0|batoilo2=0|batt_vs=30694|mdis_morepower=0|thb_hda=51|cp_on_chip_0=33000|cp_on_chip_1=34000|G3D=37000|cp_on_chip_2=35000|cp_on_chip_3=33000|cp_on_chip_4=33000|rf2_therm=31000|rf1_therm=32000|ISP=35000|TPU=36000|AUR=36000|rfpa_therm=31906|quiet_therm=32573|charging_therm=34488|,ok,1,batched,untouched,4096,4096,5,1,5778,0,651,0,4,4,ok
1,14,nvhe,4,1795000,648000,39000,40000,BIG=36000|MID=38000|usb_pwr_therm=30325|btmspkr_therm=30236|disp_therm=30258|north_therm=30926|soc_therm=34421|battery=30700|battery_cycle=5|dc-mains=35000|usbc-therm-adc=350|max77779fg=30700|LITTLE=37000|soc=16|smpl_gm=0|vdroop1=0|batoilo=0|batoilo2=0|batt_vs=30694|mdis_morepower=0|thb_hda=51|cp_on_chip_0=33000|cp_on_chip_1=34000|G3D=36000|cp_on_chip_2=35000|cp_on_chip_3=33000|cp_on_chip_4=33000|rf2_therm=31000|rf1_therm=32000|ISP=35000|TPU=36000|AUR=36000|rfpa_therm=31906|quiet_therm=32573|charging_therm=34488|,BIG=37000|MID=37000|usb_pwr_therm=30325|btmspkr_therm=30236|disp_therm=30258|north_therm=30926|soc_therm=34443|battery=30700|battery_cycle=5|dc-mains=35000|usbc-therm-adc=350|max77779fg=30700|LITTLE=37000|soc=16|smpl_gm=0|vdroop1=0|batoilo=0|batoilo2=0|batt_vs=30694|mdis_morepower=0|thb_hda=51|cp_on_chip_0=33000|cp_on_chip_1=34000|G3D=37000|cp_on_chip_2=35000|cp_on_chip_3=33000|cp_on_chip_4=33000|rf2_therm=31000|rf1_therm=32000|ISP=35000|TPU=36000|AUR=36000|rfpa_therm=31906|quiet_therm=32573|charging_therm=34488|,ok,1,batched,untouched,4096,4096,6,1,11556,0,610,0,4,4,ok
1,14,nvhe,4,1795000,648000,39000,40000,BIG=36000|MID=38000|usb_pwr_therm=30325|btmspkr_therm=30236|disp_therm=30258|north_therm=30926|soc_therm=34421|battery=30700|battery_cycle=5|dc-mains=35000|usbc-therm-adc=350|max77779fg=30700|LITTLE=37000|soc=16|smpl_gm=0|vdroop1=0|batoilo=0|batoilo2=0|batt_vs=30694|mdis_morepower=0|thb_hda=51|cp_on_chip_0=33000|cp_on_chip_1=34000|G3D=36000|cp_on_chip_2=35000|cp_on_chip_3=33000|cp_on_chip_4=33000|rf2_therm=31000|rf1_therm=32000|ISP=35000|TPU=36000|AUR=36000|rfpa_therm=31906|quiet_therm=32573|charging_therm=34488|,BIG=37000|MID=37000|usb_pwr_therm=30325|btmspkr_therm=30236|disp_therm=30258|north_therm=30926|soc_therm=34443|battery=30700|battery_cycle=5|dc-mains=35000|usbc-therm-adc=350|max77779fg=30700|LITTLE=37000|soc=16|smpl_gm=0|vdroop1=0|batoilo=0|batoilo2=0|batt_vs=30694|mdis_morepower=0|thb_hda=51|cp_on_chip_0=33000|cp_on_chip_1=34000|G3D=37000|cp_on_chip_2=35000|cp_on_chip_3=33000|cp_on_chip_4=33000|rf2_therm=31000|rf1_therm=32000|ISP=35000|TPU=36000|AUR=36000|rfpa_therm=31906|quiet_therm=32573|charging_therm=34488|,ok,1,batched,untouched,4096,4096,7,1,6144,0,610,0,4,4,ok
1,14,nvhe,4,1795000,648000,39000,40000,BIG=36000|MID=38000|usb_pwr_therm=30325|btmspkr_therm=30236|disp_therm=30258|north_therm=30926|soc_therm=34421|battery=30700|battery_cycle=5|dc-mains=35000|usbc-therm-adc=350|max77779fg=30700|LITTLE=37000|soc=16|smpl_gm=0|vdroop1=0|batoilo=0|batoilo2=0|batt_vs=30694|mdis_morepower=0|thb_hda=51|cp_on_chip_0=33000|cp_on_chip_1=34000|G3D=36000|cp_on_chip_2=35000|cp_on_chip_3=33000|cp_on_chip_4=33000|rf2_therm=31000|rf1_therm=32000|ISP=35000|TPU=36000|AUR=36000|rfpa_therm=31906|quiet_therm=32573|charging_therm=34488|,BIG=37000|MID=37000|usb_pwr_therm=30325|btmspkr_therm=30236|disp_therm=30258|north_therm=30926|soc_therm=34443|battery=30700|battery_cycle=5|dc-mains=35000|usbc-therm-adc=350|max77779fg=30700|LITTLE=37000|soc=16|smpl_gm=0|vdroop1=0|batoilo=0|batoilo2=0|batt_vs=30694|mdis_morepower=0|thb_hda=51|cp_on_chip_0=33000|cp_on_chip_1=34000|G3D=37000|cp_on_chip_2=35000|cp_on_chip_3=33000|cp_on_chip_4=33000|rf2_therm=31000|rf1_therm=32000|ISP=35000|TPU=36000|AUR=36000|rfpa_therm=31906|quiet_therm=32573|charging_therm=34488|,ok,1,batched,untouched,4096,4096,8,1,5737,0,651,0,4,4,ok
1,14,nvhe,4,1795000,648000,39000,40000,BIG=36000|MID=38000|usb_pwr_therm=30325|btmspkr_therm=30236|disp_therm=30258|north_therm=30926|soc_therm=34421|battery=30700|battery_cycle=5|dc-mains=35000|usbc-therm-adc=350|max77779fg=30700|LITTLE=37000|soc=16|smpl_gm=0|vdroop1=0|batoilo=0|batoilo2=0|batt_vs=30694|mdis_morepower=0|thb_hda=51|cp_on_chip_0=33000|cp_on_chip_1=34000|G3D=36000|cp_on_chip_2=35000|cp_on_chip_3=33000|cp_on_chip_4=33000|rf2_therm=31000|rf1_therm=32000|ISP=35000|TPU=36000|AUR=36000|rfpa_therm=31906|quiet_therm=32573|charging_therm=34488|,BIG=37000|MID=37000|usb_pwr_therm=30325|btmspkr_therm=30236|disp_therm=30258|north_therm=30926|soc_therm=34443|battery=30700|battery_cycle=5|dc-mains=35000|usbc-therm-adc=350|max77779fg=30700|LITTLE=37000|soc=16|smpl_gm=0|vdroop1=0|batoilo=0|batoilo2=0|batt_vs=30694|mdis_morepower=0|thb_hda=51|cp_on_chip_0=33000|cp_on_chip_1=34000|G3D=37000|cp_on_chip_2=35000|cp_on_chip_3=33000|cp_on_chip_4=33000|rf2_therm=31000|rf1_therm=32000|ISP=35000|TPU=36000|AUR=36000|rfpa_therm=31906|quiet_therm=32573|charging_therm=34488|,ok,1,batched,untouched,4096,4096,9,1,6754,0,651,0,4,4,ok
1,14,nvhe,4,1795000,648000,39000,40000,BIG=36000|MID=38000|usb_pwr_therm=30325|btmspkr_therm=30236|disp_therm=30258|north_therm=30926|soc_therm=34421|battery=30700|battery_cycle=5|dc-mains=35000|usbc-therm-adc=350|max77779fg=30700|LITTLE=37000|soc=16|smpl_gm=0|vdroop1=0|batoilo=0|batoilo2=0|batt_vs=30694|mdis_morepower=0|thb_hda=51|cp_on_chip_0=33000|cp_on_chip_1=34000|G3D=36000|cp_on_chip_2=35000|cp_on_chip_3=33000|cp_on_chip_4=33000|rf2_therm=31000|rf1_therm=32000|ISP=35000|TPU=36000|AUR=36000|rfpa_therm=31906|quiet_therm=32573|charging_therm=34488|,BIG=37000|MID=37000|usb_pwr_therm=30325|btmspkr_therm=30236|disp_therm=30258|north_therm=30926|soc_therm=34443|battery=30700|battery_cycle=5|dc-mains=35000|usbc-therm-adc=350|max77779fg=30700|LITTLE=37000|soc=16|smpl_gm=0|vdroop1=0|batoilo=0|batoilo2=0|batt_vs=30694|mdis_morepower=0|thb_hda=51|cp_on_chip_0=33000|cp_on_chip_1=34000|G3D=37000|cp_on_chip_2=35000|cp_on_chip_3=33000|cp_on_chip_4=33000|rf2_therm=31000|rf1_therm=32000|ISP=35000|TPU=36000|AUR=36000|rfpa_therm=31906|quiet_therm=32573|charging_therm=34488|,ok,1,batched,untouched,4096,4096,10,1,5371,0,611,0,4,4,ok
1,14,nvhe,4,1795000,648000,39000,40000,BIG=36000|MID=38000|usb_pwr_therm=30325|btmspkr_therm=30236|disp_therm=30258|north_therm=30926|soc_therm=34421|battery=30700|battery_cycle=5|dc-mains=35000|usbc-therm-adc=350|max77779fg=30700|LITTLE=37000|soc=16|smpl_gm=0|vdroop1=0|batoilo=0|batoilo2=0|batt_vs=30694|mdis_morepower=0|thb_hda=51|cp_on_chip_0=33000|cp_on_chip_1=34000|G3D=36000|cp_on_chip_2=35000|cp_on_chip_3=33000|cp_on_chip_4=33000|rf2_therm=31000|rf1_therm=32000|ISP=35000|TPU=36000|AUR=36000|rfpa_therm=31906|quiet_therm=32573|charging_therm=34488|,BIG=37000|MID=37000|usb_pwr_therm=30325|btmspkr_therm=30236|disp_therm=30258|north_therm=30926|soc_therm=34443|battery=30700|battery_cycle=5|dc-mains=35000|usbc-therm-adc=350|max77779fg=30700|LITTLE=37000|soc=16|smpl_gm=0|vdroop1=0|batoilo=0|batoilo2=0|batt_vs=30694|mdis_morepower=0|thb_hda=51|cp_on_chip_0=33000|cp_on_chip_1=34000|G3D=37000|cp_on_chip_2=35000|cp_on_chip_3=33000|cp_on_chip_4=33000|rf2_therm=31000|rf1_therm=32000|ISP=35000|TPU=36000|AUR=36000|rfpa_therm=31906|quiet_therm=32573|charging_therm=34488|,ok,1,batched,untouched,4096,4096,11,1,5453,0,610,0,4,4,ok
1,14,nvhe,4,1795000,648000,39000,40000,BIG=36000|MID=38000|usb_pwr_therm=30325|btmspkr_therm=30236|disp_therm=30258|north_therm=30926|soc_therm=34421|battery=30700|battery_cycle=5|dc-mains=35000|usbc-therm-adc=350|max77779fg=30700|LITTLE=37000|soc=16|smpl_gm=0|vdroop1=0|batoilo=0|batoilo2=0|batt_vs=30694|mdis_morepower=0|thb_hda=51|cp_on_chip_0=33000|cp_on_chip_1=34000|G3D=36000|cp_on_chip_2=35000|cp_on_chip_3=33000|cp_on_chip_4=33000|rf2_therm=31000|rf1_therm=32000|ISP=35000|TPU=36000|AUR=36000|rfpa_therm=31906|quiet_therm=32573|charging_therm=34488|,BIG=37000|MID=37000|usb_pwr_therm=30325|btmspkr_therm=30236|disp_therm=30258|north_therm=30926|soc_therm=34443|battery=30700|battery_cycle=5|dc-mains=35000|usbc-therm-adc=350|max77779fg=30700|LITTLE=37000|soc=16|smpl_gm=0|vdroop1=0|batoilo=0|batoilo2=0|batt_vs=30694|mdis_morepower=0|thb_hda=51|cp_on_chip_0=33000|cp_on_chip_1=34000|G3D=37000|cp_on_chip_2=35000|cp_on_chip_3=33000|cp_on_chip_4=33000|rf2_therm=31000|rf1_therm=32000|ISP=35000|TPU=36000|AUR=36000|rfpa_therm=31906|quiet_therm=32573|charging_therm=34488|,ok,1,batched,untouched,4096,4096,12,1,5290,0,651,0,4,4,ok
1,14,nvhe,4,1795000,648000,39000,40000,BIG=36000|MID=38000|usb_pwr_therm=30325|btmspkr_therm=30236|disp_therm=30258|north_therm=30926|soc_therm=34421|battery=30700|battery_cycle=5|dc-mains=35000|usbc-therm-adc=350|max77779fg=30700|LITTLE=37000|soc=16|smpl_gm=0|vdroop1=0|batoilo=0|batoilo2=0|batt_vs=30694|mdis_morepower=0|thb_hda=51|cp_on_chip_0=33000|cp_on_chip_1=34000|G3D=36000|cp_on_chip_2=35000|cp_on_chip_3=33000|cp_on_chip_4=33000|rf2_therm=31000|rf1_therm=32000|ISP=35000|TPU=36000|AUR=36000|rfpa_therm=31906|quiet_therm=32573|charging_therm=34488|,BIG=37000|MID=37000|usb_pwr_therm=30325|btmspkr_therm=30236|disp_therm=30258|north_therm=30926|soc_therm=34443|battery=30700|battery_cycle=5|dc-mains=35000|usbc-therm-adc=350|max77779fg=30700|LITTLE=37000|soc=16|smpl_gm=0|vdroop1=0|batoilo=0|batoilo2=0|batt_vs=30694|mdis_morepower=0|thb_hda=51|cp_on_chip_0=33000|cp_on_chip_1=34000|G3D=37000|cp_on_chip_2=35000|cp_on_chip_3=33000|cp_on_chip_4=33000|rf2_therm=31000|rf1_therm=32000|ISP=35000|TPU=36000|AUR=36000|rfpa_therm=31906|quiet_therm=32573|charging_therm=34488|,ok,1,batched,untouched,4096,4096,13,1,6104,0,570,0,4,4,ok
1,14,nvhe,4,1795000,648000,39000,40000,BIG=36000|MID=38000|usb_pwr_therm=30325|btmspkr_therm=30236|disp_therm=30258|north_therm=30926|soc_therm=34421|battery=30700|battery_cycle=5|dc-mains=35000|usbc-therm-adc=350|max77779fg=30700|LITTLE=37000|soc=16|smpl_gm=0|vdroop1=0|batoilo=0|batoilo2=0|batt_vs=30694|mdis_morepower=0|thb_hda=51|cp_on_chip_0=33000|cp_on_chip_1=34000|G3D=36000|cp_on_chip_2=35000|cp_on_chip_3=33000|cp_on_chip_4=33000|rf2_therm=31000|rf1_therm=32000|ISP=35000|TPU=36000|AUR=36000|rfpa_therm=31906|quiet_therm=32573|charging_therm=34488|,BIG=37000|MID=37000|usb_pwr_therm=30325|btmspkr_therm=30236|disp_therm=30258|north_therm=30926|soc_therm=34443|battery=30700|battery_cycle=5|dc-mains=35000|usbc-therm-adc=350|max77779fg=30700|LITTLE=37000|soc=16|smpl_gm=0|vdroop1=0|batoilo=0|batoilo2=0|batt_vs=30694|mdis_morepower=0|thb_hda=51|cp_on_chip_0=33000|cp_on_chip_1=34000|G3D=37000|cp_on_chip_2=35000|cp_on_chip_3=33000|cp_on_chip_4=33000|rf2_therm=31000|rf1_therm=32000|ISP=35000|TPU=36000|AUR=36000|rfpa_therm=31906|quiet_therm=32573|charging_therm=34488|,ok,1,batched,untouched,4096,4096,14,1,3256,0,610,0,4,4,ok
1,14,nvhe,4,1795000,648000,39000,40000,BIG=36000|MID=38000|usb_pwr_therm=30325|btmspkr_therm=30236|disp_therm=30258|north_therm=30926|soc_therm=34421|battery=30700|battery_cycle=5|dc-mains=35000|usbc-therm-adc=350|max77779fg=30700|LITTLE=37000|soc=16|smpl_gm=0|vdroop1=0|batoilo=0|batoilo2=0|batt_vs=30694|mdis_morepower=0|thb_hda=51|cp_on_chip_0=33000|cp_on_chip_1=34000|G3D=36000|cp_on_chip_2=35000|cp_on_chip_3=33000|cp_on_chip_4=33000|rf2_therm=31000|rf1_therm=32000|ISP=35000|TPU=36000|AUR=36000|rfpa_therm=31906|quiet_therm=32573|charging_therm=34488|,BIG=37000|MID=37000|usb_pwr_therm=30325|btmspkr_therm=30236|disp_therm=30258|north_therm=30926|soc_therm=34443|battery=30700|battery_cycle=5|dc-mains=35000|usbc-therm-adc=350|max77779fg=30700|LITTLE=37000|soc=16|smpl_gm=0|vdroop1=0|batoilo=0|batoilo2=0|batt_vs=30694|mdis_morepower=0|thb_hda=51|cp_on_chip_0=33000|cp_on_chip_1=34000|G3D=37000|cp_on_chip_2=35000|cp_on_chip_3=33000|cp_on_chip_4=33000|rf2_therm=31000|rf1_therm=32000|ISP=35000|TPU=36000|AUR=36000|rfpa_therm=31906|quiet_therm=32573|charging_therm=34488|,ok,1,batched,untouched,4096,4096,15,1,4354,0,610,0,4,4,ok
1,14,nvhe,4,1795000,648000,39000,40000,BIG=36000|MID=38000|usb_pwr_therm=30325|btmspkr_therm=30236|disp_therm=30258|north_therm=30926|soc_therm=34421|battery=30700|battery_cycle=5|dc-mains=35000|usbc-therm-adc=350|max77779fg=30700|LITTLE=37000|soc=16|smpl_gm=0|vdroop1=0|batoilo=0|batoilo2=0|batt_vs=30694|mdis_morepower=0|thb_hda=51|cp_on_chip_0=33000|cp_on_chip_1=34000|G3D=36000|cp_on_chip_2=35000|cp_on_chip_3=33000|cp_on_chip_4=33000|rf2_therm=31000|rf1_therm=32000|ISP=35000|TPU=36000|AUR=36000|rfpa_therm=31906|quiet_therm=32573|charging_therm=34488|,BIG=37000|MID=37000|usb_pwr_therm=30325|btmspkr_therm=30236|disp_therm=30258|north_therm=30926|soc_therm=34443|battery=30700|battery_cycle=5|dc-mains=35000|usbc-therm-adc=350|max77779fg=30700|LITTLE=37000|soc=16|smpl_gm=0|vdroop1=0|batoilo=0|batoilo2=0|batt_vs=30694|mdis_morepower=0|thb_hda=51|cp_on_chip_0=33000|cp_on_chip_1=34000|G3D=37000|cp_on_chip_2=35000|cp_on_chip_3=33000|cp_on_chip_4=33000|rf2_therm=31000|rf1_therm=32000|ISP=35000|TPU=36000|AUR=36000|rfpa_therm=31906|quiet_therm=32573|charging_therm=34488|,ok,1,batched,untouched,4096,4096,16,1,5045,0,610,0,4,4,ok
1,14,nvhe,4,1795000,648000,39000,40000,BIG=36000|MID=38000|usb_pwr_therm=30325|btmspkr_therm=30236|disp_therm=30258|north_therm=30926|soc_therm=34421|battery=30700|battery_cycle=5|dc-mains=35000|usbc-therm-adc=350|max77779fg=30700|LITTLE=37000|soc=16|smpl_gm=0|vdroop1=0|batoilo=0|batoilo2=0|batt_vs=30694|mdis_morepower=0|thb_hda=51|cp_on_chip_0=33000|cp_on_chip_1=34000|G3D=36000|cp_on_chip_2=35000|cp_on_chip_3=33000|cp_on_chip_4=33000|rf2_therm=31000|rf1_therm=32000|ISP=35000|TPU=36000|AUR=36000|rfpa_therm=31906|quiet_therm=32573|charging_therm=34488|,BIG=37000|MID=37000|usb_pwr_therm=30325|btmspkr_therm=30236|disp_therm=30258|north_therm=30926|soc_therm=34443|battery=30700|battery_cycle=5|dc-mains=35000|usbc-therm-adc=350|max77779fg=30700|LITTLE=37000|soc=16|smpl_gm=0|vdroop1=0|batoilo=0|batoilo2=0|batt_vs=30694|mdis_morepower=0|thb_hda=51|cp_on_chip_0=33000|cp_on_chip_1=34000|G3D=37000|cp_on_chip_2=35000|cp_on_chip_3=33000|cp_on_chip_4=33000|rf2_therm=31000|rf1_therm=32000|ISP=35000|TPU=36000|AUR=36000|rfpa_therm=31906|quiet_therm=32573|charging_therm=34488|,ok,1,batched,untouched,4096,4096,17,1,4923,0,610,0,4,4,ok
1,14,nvhe,4,1795000,648000,39000,40000,BIG=36000|MID=38000|usb_pwr_therm=30325|btmspkr_therm=30236|disp_therm=30258|north_therm=30926|soc_therm=34421|battery=30700|battery_cycle=5|dc-mains=35000|usbc-therm-adc=350|max77779fg=30700|LITTLE=37000|soc=16|smpl_gm=0|vdroop1=0|batoilo=0|batoilo2=0|batt_vs=30694|mdis_morepower=0|thb_hda=51|cp_on_chip_0=33000|cp_on_chip_1=34000|G3D=36000|cp_on_chip_2=35000|cp_on_chip_3=33000|cp_on_chip_4=33000|rf2_therm=31000|rf1_therm=32000|ISP=35000|TPU=36000|AUR=36000|rfpa_therm=31906|quiet_therm=32573|charging_therm=34488|,BIG=37000|MID=37000|usb_pwr_therm=30325|btmspkr_therm=30236|disp_therm=30258|north_therm=30926|soc_therm=34443|battery=30700|battery_cycle=5|dc-mains=35000|usbc-therm-adc=350|max77779fg=30700|LITTLE=37000|soc=16|smpl_gm=0|vdroop1=0|batoilo=0|batoilo2=0|batt_vs=30694|mdis_morepower=0|thb_hda=51|cp_on_chip_0=33000|cp_on_chip_1=34000|G3D=37000|cp_on_chip_2=35000|cp_on_chip_3=33000|cp_on_chip_4=33000|rf2_therm=31000|rf1_therm=32000|ISP=35000|TPU=36000|AUR=36000|rfpa_therm=31906|quiet_therm=32573|charging_therm=34488|,ok,1,batched,untouched,4096,4096,18,1,4598,0,611,0,4,4,ok
1,14,nvhe,4,1795000,648000,39000,40000,BIG=36000|MID=38000|usb_pwr_therm=30325|btmspkr_therm=30236|disp_therm=30258|north_therm=30926|soc_therm=34421|battery=30700|battery_cycle=5|dc-mains=35000|usbc-therm-adc=350|max77779fg=30700|LITTLE=37000|soc=16|smpl_gm=0|vdroop1=0|batoilo=0|batoilo2=0|batt_vs=30694|mdis_morepower=0|thb_hda=51|cp_on_chip_0=33000|cp_on_chip_1=34000|G3D=36000|cp_on_chip_2=35000|cp_on_chip_3=33000|cp_on_chip_4=33000|rf2_therm=31000|rf1_therm=32000|ISP=35000|TPU=36000|AUR=36000|rfpa_therm=31906|quiet_therm=32573|charging_therm=34488|,BIG=37000|MID=37000|usb_pwr_therm=30325|btmspkr_therm=30236|disp_therm=30258|north_therm=30926|soc_therm=34443|battery=30700|battery_cycle=5|dc-mains=35000|usbc-therm-adc=350|max77779fg=30700|LITTLE=37000|soc=16|smpl_gm=0|vdroop1=0|batoilo=0|batoilo2=0|batt_vs=30694|mdis_morepower=0|thb_hda=51|cp_on_chip_0=33000|cp_on_chip_1=34000|G3D=37000|cp_on_chip_2=35000|cp_on_chip_3=33000|cp_on_chip_4=33000|rf2_therm=31000|rf1_therm=32000|ISP=35000|TPU=36000|AUR=36000|rfpa_therm=31906|quiet_therm=32573|charging_therm=34488|,ok,1,batched,untouched,4096,4096,19,1,5737,0,611,0,4,4,ok
1,14,nvhe,4,1795000,648000,39000,40000,BIG=36000|MID=38000|usb_pwr_therm=30325|btmspkr_therm=30236|disp_therm=30258|north_therm=30926|soc_therm=34421|battery=30700|battery_cycle=5|dc-mains=35000|usbc-therm-adc=350|max77779fg=30700|LITTLE=37000|soc=16|smpl_gm=0|vdroop1=0|batoilo=0|batoilo2=0|batt_vs=30694|mdis_morepower=0|thb_hda=51|cp_on_chip_0=33000|cp_on_chip_1=34000|G3D=36000|cp_on_chip_2=35000|cp_on_chip_3=33000|cp_on_chip_4=33000|rf2_therm=31000|rf1_therm=32000|ISP=35000|TPU=36000|AUR=36000|rfpa_therm=31906|quiet_therm=32573|charging_therm=34488|,BIG=37000|MID=37000|usb_pwr_therm=30325|btmspkr_therm=30236|disp_therm=30258|north_therm=30926|soc_therm=34443|battery=30700|battery_cycle=5|dc-mains=35000|usbc-therm-adc=350|max77779fg=30700|LITTLE=37000|soc=16|smpl_gm=0|vdroop1=0|batoilo=0|batoilo2=0|batt_vs=30694|mdis_morepower=0|thb_hda=51|cp_on_chip_0=33000|cp_on_chip_1=34000|G3D=37000|cp_on_chip_2=35000|cp_on_chip_3=33000|cp_on_chip_4=33000|rf2_therm=31000|rf1_therm=32000|ISP=35000|TPU=36000|AUR=36000|rfpa_therm=31906|quiet_therm=32573|charging_therm=34488|,ok,1,batched,untouched,4096,4096,20,1,4353,0,570,0,4,4,ok
1,14,nvhe,4,1795000,648000,39000,40000,BIG=36000|MID=38000|usb_pwr_therm=30325|btmspkr_therm=30236|disp_therm=30258|north_therm=30926|soc_therm=34421|battery=30700|battery_cycle=5|dc-mains=35000|usbc-therm-adc=350|max77779fg=30700|LITTLE=37000|soc=16|smpl_gm=0|vdroop1=0|batoilo=0|batoilo2=0|batt_vs=30694|mdis_morepower=0|thb_hda=51|cp_on_chip_0=33000|cp_on_chip_1=34000|G3D=36000|cp_on_chip_2=35000|cp_on_chip_3=33000|cp_on_chip_4=33000|rf2_therm=31000|rf1_therm=32000|ISP=35000|TPU=36000|AUR=36000|rfpa_therm=31906|quiet_therm=32573|charging_therm=34488|,BIG=37000|MID=37000|usb_pwr_therm=30325|btmspkr_therm=30236|disp_therm=30258|north_therm=30926|soc_therm=34443|battery=30700|battery_cycle=5|dc-mains=35000|usbc-therm-adc=350|max77779fg=30700|LITTLE=37000|soc=16|smpl_gm=0|vdroop1=0|batoilo=0|batoilo2=0|batt_vs=30694|mdis_morepower=0|thb_hda=51|cp_on_chip_0=33000|cp_on_chip_1=34000|G3D=37000|cp_on_chip_2=35000|cp_on_chip_3=33000|cp_on_chip_4=33000|rf2_therm=31000|rf1_therm=32000|ISP=35000|TPU=36000|AUR=36000|rfpa_therm=31906|quiet_therm=32573|charging_therm=34488|,ok,1,batched,untouched,4096,4096,21,1,5778,0,651,0,4,4,ok
1,14,nvhe,4,1795000,648000,39000,40000,BIG=36000|MID=38000|usb_pwr_therm=30325|btmspkr_therm=30236|disp_therm=30258|north_therm=30926|soc_therm=34421|battery=30700|battery_cycle=5|dc-mains=35000|usbc-therm-adc=350|max77779fg=30700|LITTLE=37000|soc=16|smpl_gm=0|vdroop1=0|batoilo=0|batoilo2=0|batt_vs=30694|mdis_morepower=0|thb_hda=51|cp_on_chip_0=33000|cp_on_chip_1=34000|G3D=36000|cp_on_chip_2=35000|cp_on_chip_3=33000|cp_on_chip_4=33000|rf2_therm=31000|rf1_therm=32000|ISP=35000|TPU=36000|AUR=36000|rfpa_therm=31906|quiet_therm=32573|charging_therm=34488|,BIG=37000|MID=37000|usb_pwr_therm=30325|btmspkr_therm=30236|disp_therm=30258|north_therm=30926|soc_therm=34443|battery=30700|battery_cycle=5|dc-mains=35000|usbc-therm-adc=350|max77779fg=30700|LITTLE=37000|soc=16|smpl_gm=0|vdroop1=0|batoilo=0|batoilo2=0|batt_vs=30694|mdis_morepower=0|thb_hda=51|cp_on_chip_0=33000|cp_on_chip_1=34000|G3D=37000|cp_on_chip_2=35000|cp_on_chip_3=33000|cp_on_chip_4=33000|rf2_therm=31000|rf1_therm=32000|ISP=35000|TPU=36000|AUR=36000|rfpa_therm=31906|quiet_therm=32573|charging_therm=34488|,ok,1,batched,untouched,4096,4096,22,1,6103,0,611,0,4,4,ok
1,14,nvhe,4,1795000,648000,39000,40000,BIG=36000|MID=38000|usb_pwr_therm=30325|btmspkr_therm=30236|disp_therm=30258|north_therm=30926|soc_therm=34421|battery=30700|battery_cycle=5|dc-mains=35000|usbc-therm-adc=350|max77779fg=30700|LITTLE=37000|soc=16|smpl_gm=0|vdroop1=0|batoilo=0|batoilo2=0|batt_vs=30694|mdis_morepower=0|thb_hda=51|cp_on_chip_0=33000|cp_on_chip_1=34000|G3D=36000|cp_on_chip_2=35000|cp_on_chip_3=33000|cp_on_chip_4=33000|rf2_therm=31000|rf1_therm=32000|ISP=35000|TPU=36000|AUR=36000|rfpa_therm=31906|quiet_therm=32573|charging_therm=34488|,BIG=37000|MID=37000|usb_pwr_therm=30325|btmspkr_therm=30236|disp_therm=30258|north_therm=30926|soc_therm=34443|battery=30700|battery_cycle=5|dc-mains=35000|usbc-therm-adc=350|max77779fg=30700|LITTLE=37000|soc=16|smpl_gm=0|vdroop1=0|batoilo=0|batoilo2=0|batt_vs=30694|mdis_morepower=0|thb_hda=51|cp_on_chip_0=33000|cp_on_chip_1=34000|G3D=37000|cp_on_chip_2=35000|cp_on_chip_3=33000|cp_on_chip_4=33000|rf2_therm=31000|rf1_therm=32000|ISP=35000|TPU=36000|AUR=36000|rfpa_therm=31906|quiet_therm=32573|charging_therm=34488|,ok,1,batched,untouched,4096,4096,23,1,6999,0,651,0,4,4,ok
1,14,nvhe,4,1795000,648000,39000,40000,BIG=36000|MID=38000|usb_pwr_therm=30325|btmspkr_therm=30236|disp_therm=30258|north_therm=30926|soc_therm=34421|battery=30700|battery_cycle=5|dc-mains=35000|usbc-therm-adc=350|max77779fg=30700|LITTLE=37000|soc=16|smpl_gm=0|vdroop1=0|batoilo=0|batoilo2=0|batt_vs=30694|mdis_morepower=0|thb_hda=51|cp_on_chip_0=33000|cp_on_chip_1=34000|G3D=36000|cp_on_chip_2=35000|cp_on_chip_3=33000|cp_on_chip_4=33000|rf2_therm=31000|rf1_therm=32000|ISP=35000|TPU=36000|AUR=36000|rfpa_therm=31906|quiet_therm=32573|charging_therm=34488|,BIG=37000|MID=37000|usb_pwr_therm=30325|btmspkr_therm=30236|disp_therm=30258|north_therm=30926|soc_therm=34443|battery=30700|battery_cycle=5|dc-mains=35000|usbc-therm-adc=350|max77779fg=30700|LITTLE=37000|soc=16|smpl_gm=0|vdroop1=0|batoilo=0|batoilo2=0|batt_vs=30694|mdis_morepower=0|thb_hda=51|cp_on_chip_0=33000|cp_on_chip_1=34000|G3D=37000|cp_on_chip_2=35000|cp_on_chip_3=33000|cp_on_chip_4=33000|rf2_therm=31000|rf1_therm=32000|ISP=35000|TPU=36000|AUR=36000|rfpa_therm=31906|quiet_therm=32573|charging_therm=34488|,ok,1,batched,untouched,4096,4096,24,1,3784,0,570,0,4,4,ok
1,14,nvhe,4,1795000,648000,39000,40000,BIG=36000|MID=38000|usb_pwr_therm=30325|btmspkr_therm=30236|disp_therm=30258|north_therm=30926|soc_therm=34421|battery=30700|battery_cycle=5|dc-mains=35000|usbc-therm-adc=350|max77779fg=30700|LITTLE=37000|soc=16|smpl_gm=0|vdroop1=0|batoilo=0|batoilo2=0|batt_vs=30694|mdis_morepower=0|thb_hda=51|cp_on_chip_0=33000|cp_on_chip_1=34000|G3D=36000|cp_on_chip_2=35000|cp_on_chip_3=33000|cp_on_chip_4=33000|rf2_therm=31000|rf1_therm=32000|ISP=35000|TPU=36000|AUR=36000|rfpa_therm=31906|quiet_therm=32573|charging_therm=34488|,BIG=37000|MID=37000|usb_pwr_therm=30325|btmspkr_therm=30236|disp_therm=30258|north_therm=30926|soc_therm=34443|battery=30700|battery_cycle=5|dc-mains=35000|usbc-therm-adc=350|max77779fg=30700|LITTLE=37000|soc=16|smpl_gm=0|vdroop1=0|batoilo=0|batoilo2=0|batt_vs=30694|mdis_morepower=0|thb_hda=51|cp_on_chip_0=33000|cp_on_chip_1=34000|G3D=37000|cp_on_chip_2=35000|cp_on_chip_3=33000|cp_on_chip_4=33000|rf2_therm=31000|rf1_therm=32000|ISP=35000|TPU=36000|AUR=36000|rfpa_therm=31906|quiet_therm=32573|charging_therm=34488|,ok,1,batched,untouched,4096,4096,25,1,6958,0,651,0,4,4,ok
1,14,nvhe,4,1795000,648000,39000,40000,BIG=36000|MID=38000|usb_pwr_therm=30325|btmspkr_therm=30236|disp_therm=30258|north_therm=30926|soc_therm=34421|battery=30700|battery_cycle=5|dc-mains=35000|usbc-therm-adc=350|max77779fg=30700|LITTLE=37000|soc=16|smpl_gm=0|vdroop1=0|batoilo=0|batoilo2=0|batt_vs=30694|mdis_morepower=0|thb_hda=51|cp_on_chip_0=33000|cp_on_chip_1=34000|G3D=36000|cp_on_chip_2=35000|cp_on_chip_3=33000|cp_on_chip_4=33000|rf2_therm=31000|rf1_therm=32000|ISP=35000|TPU=36000|AUR=36000|rfpa_therm=31906|quiet_therm=32573|charging_therm=34488|,BIG=37000|MID=37000|usb_pwr_therm=30325|btmspkr_therm=30236|disp_therm=30258|north_therm=30926|soc_therm=34443|battery=30700|battery_cycle=5|dc-mains=35000|usbc-therm-adc=350|max77779fg=30700|LITTLE=37000|soc=16|smpl_gm=0|vdroop1=0|batoilo=0|batoilo2=0|batt_vs=30694|mdis_morepower=0|thb_hda=51|cp_on_chip_0=33000|cp_on_chip_1=34000|G3D=37000|cp_on_chip_2=35000|cp_on_chip_3=33000|cp_on_chip_4=33000|rf2_therm=31000|rf1_therm=32000|ISP=35000|TPU=36000|AUR=36000|rfpa_therm=31906|quiet_therm=32573|charging_therm=34488|,ok,1,batched,untouched,4096,4096,26,1,6104,0,610,0,4,4,ok
1,14,nvhe,4,1795000,648000,39000,40000,BIG=36000|MID=38000|usb_pwr_therm=30325|btmspkr_therm=30236|disp_therm=30258|north_therm=30926|soc_therm=34421|battery=30700|battery_cycle=5|dc-mains=35000|usbc-therm-adc=350|max77779fg=30700|LITTLE=37000|soc=16|smpl_gm=0|vdroop1=0|batoilo=0|batoilo2=0|batt_vs=30694|mdis_morepower=0|thb_hda=51|cp_on_chip_0=33000|cp_on_chip_1=34000|G3D=36000|cp_on_chip_2=35000|cp_on_chip_3=33000|cp_on_chip_4=33000|rf2_therm=31000|rf1_therm=32000|ISP=35000|TPU=36000|AUR=36000|rfpa_therm=31906|quiet_therm=32573|charging_therm=34488|,BIG=37000|MID=37000|usb_pwr_therm=30325|btmspkr_therm=30236|disp_therm=30258|north_therm=30926|soc_therm=34443|battery=30700|battery_cycle=5|dc-mains=35000|usbc-therm-adc=350|max77779fg=30700|LITTLE=37000|soc=16|smpl_gm=0|vdroop1=0|batoilo=0|batoilo2=0|batt_vs=30694|mdis_morepower=0|thb_hda=51|cp_on_chip_0=33000|cp_on_chip_1=34000|G3D=37000|cp_on_chip_2=35000|cp_on_chip_3=33000|cp_on_chip_4=33000|rf2_therm=31000|rf1_therm=32000|ISP=35000|TPU=36000|AUR=36000|rfpa_therm=31906|quiet_therm=32573|charging_therm=34488|,ok,1,batched,untouched,4096,4096,27,1,4964,0,610,0,4,4,ok
1,14,nvhe,4,1795000,648000,39000,40000,BIG=36000|MID=38000|usb_pwr_therm=30325|btmspkr_therm=30236|disp_therm=30258|north_therm=30926|soc_therm=34421|battery=30700|battery_cycle=5|dc-mains=35000|usbc-therm-adc=350|max77779fg=30700|LITTLE=37000|soc=16|smpl_gm=0|vdroop1=0|batoilo=0|batoilo2=0|batt_vs=30694|mdis_morepower=0|thb_hda=51|cp_on_chip_0=33000|cp_on_chip_1=34000|G3D=36000|cp_on_chip_2=35000|cp_on_chip_3=33000|cp_on_chip_4=33000|rf2_therm=31000|rf1_therm=32000|ISP=35000|TPU=36000|AUR=36000|rfpa_therm=31906|quiet_therm=32573|charging_therm=34488|,BIG=37000|MID=37000|usb_pwr_therm=30325|btmspkr_therm=30236|disp_therm=30258|north_therm=30926|soc_therm=34443|battery=30700|battery_cycle=5|dc-mains=35000|usbc-therm-adc=350|max77779fg=30700|LITTLE=37000|soc=16|smpl_gm=0|vdroop1=0|batoilo=0|batoilo2=0|batt_vs=30694|mdis_morepower=0|thb_hda=51|cp_on_chip_0=33000|cp_on_chip_1=34000|G3D=37000|cp_on_chip_2=35000|cp_on_chip_3=33000|cp_on_chip_4=33000|rf2_therm=31000|rf1_therm=32000|ISP=35000|TPU=36000|AUR=36000|rfpa_therm=31906|quiet_therm=32573|charging_therm=34488|,ok,1,batched,untouched,4096,4096,28,1,6104,0,610,0,4,4,ok
1,14,nvhe,4,1795000,648000,39000,40000,BIG=36000|MID=38000|usb_pwr_therm=30325|btmspkr_therm=30236|disp_therm=30258|north_therm=30926|soc_therm=34421|battery=30700|battery_cycle=5|dc-mains=35000|usbc-therm-adc=350|max77779fg=30700|LITTLE=37000|soc=16|smpl_gm=0|vdroop1=0|batoilo=0|batoilo2=0|batt_vs=30694|mdis_morepower=0|thb_hda=51|cp_on_chip_0=33000|cp_on_chip_1=34000|G3D=36000|cp_on_chip_2=35000|cp_on_chip_3=33000|cp_on_chip_4=33000|rf2_therm=31000|rf1_therm=32000|ISP=35000|TPU=36000|AUR=36000|rfpa_therm=31906|quiet_therm=32573|charging_therm=34488|,BIG=37000|MID=37000|usb_pwr_therm=30325|btmspkr_therm=30236|disp_therm=30258|north_therm=30926|soc_therm=34443|battery=30700|battery_cycle=5|dc-mains=35000|usbc-therm-adc=350|max77779fg=30700|LITTLE=37000|soc=16|smpl_gm=0|vdroop1=0|batoilo=0|batoilo2=0|batt_vs=30694|mdis_morepower=0|thb_hda=51|cp_on_chip_0=33000|cp_on_chip_1=34000|G3D=37000|cp_on_chip_2=35000|cp_on_chip_3=33000|cp_on_chip_4=33000|rf2_therm=31000|rf1_therm=32000|ISP=35000|TPU=36000|AUR=36000|rfpa_therm=31906|quiet_therm=32573|charging_therm=34488|,ok,1,batched,untouched,4096,4096,29,1,5330,0,611,0,4,4,ok
1,15,nvhe,4,1795000,1795000,37000,38000,BIG=36000|MID=38000|usb_pwr_therm=30325|btmspkr_therm=30236|disp_therm=30258|north_therm=30926|soc_therm=34466|battery=30700|battery_cycle=5|dc-mains=35000|usbc-therm-adc=350|max77779fg=30700|LITTLE=37000|soc=16|smpl_gm=0|vdroop1=0|batoilo=0|batoilo2=0|batt_vs=30693|mdis_morepower=0|thb_hda=51|cp_on_chip_0=33000|cp_on_chip_1=34000|G3D=37000|cp_on_chip_2=35000|cp_on_chip_3=33000|cp_on_chip_4=33000|rf2_therm=31000|rf1_therm=32000|ISP=35000|TPU=36000|AUR=36000|rfpa_therm=31928|quiet_therm=32596|charging_therm=34532|,BIG=37000|MID=38000|usb_pwr_therm=30325|btmspkr_therm=30236|disp_therm=30258|north_therm=30926|soc_therm=34466|battery=30700|battery_cycle=5|dc-mains=35000|usbc-therm-adc=350|max77779fg=30700|LITTLE=37000|soc=16|smpl_gm=0|vdroop1=0|batoilo=0|batoilo2=0|batt_vs=30694|mdis_morepower=0|thb_hda=51|cp_on_chip_0=33000|cp_on_chip_1=34000|G3D=37000|cp_on_chip_2=35000|cp_on_chip_3=33000|cp_on_chip_4=33000|rf2_therm=31000|rf1_therm=32000|ISP=35000|TPU=36000|AUR=36000|rfpa_therm=31928|quiet_therm=32596|charging_therm=34532|,ok,1,batched,touched,4096,1024,0,1,5871053,1024,1144938,0,4,4,ok
1,15,nvhe,4,1795000,1795000,37000,38000,BIG=36000|MID=38000|usb_pwr_therm=30325|btmspkr_therm=30236|disp_therm=30258|north_therm=30926|soc_therm=34466|battery=30700|battery_cycle=5|dc-mains=35000|usbc-therm-adc=350|max77779fg=30700|LITTLE=37000|soc=16|smpl_gm=0|vdroop1=0|batoilo=0|batoilo2=0|batt_vs=30693|mdis_morepower=0|thb_hda=51|cp_on_chip_0=33000|cp_on_chip_1=34000|G3D=37000|cp_on_chip_2=35000|cp_on_chip_3=33000|cp_on_chip_4=33000|rf2_therm=31000|rf1_therm=32000|ISP=35000|TPU=36000|AUR=36000|rfpa_therm=31928|quiet_therm=32596|charging_therm=34532|,BIG=37000|MID=38000|usb_pwr_therm=30325|btmspkr_therm=30236|disp_therm=30258|north_therm=30926|soc_therm=34466|battery=30700|battery_cycle=5|dc-mains=35000|usbc-therm-adc=350|max77779fg=30700|LITTLE=37000|soc=16|smpl_gm=0|vdroop1=0|batoilo=0|batoilo2=0|batt_vs=30694|mdis_morepower=0|thb_hda=51|cp_on_chip_0=33000|cp_on_chip_1=34000|G3D=37000|cp_on_chip_2=35000|cp_on_chip_3=33000|cp_on_chip_4=33000|rf2_therm=31000|rf1_therm=32000|ISP=35000|TPU=36000|AUR=36000|rfpa_therm=31928|quiet_therm=32596|charging_therm=34532|,ok,1,batched,touched,4096,1024,1,1,3375367,1024,618368,0,4,4,ok
1,15,nvhe,4,1795000,1795000,37000,38000,BIG=36000|MID=38000|usb_pwr_therm=30325|btmspkr_therm=30236|disp_therm=30258|north_therm=30926|soc_therm=34466|battery=30700|battery_cycle=5|dc-mains=35000|usbc-therm-adc=350|max77779fg=30700|LITTLE=37000|soc=16|smpl_gm=0|vdroop1=0|batoilo=0|batoilo2=0|batt_vs=30693|mdis_morepower=0|thb_hda=51|cp_on_chip_0=33000|cp_on_chip_1=34000|G3D=37000|cp_on_chip_2=35000|cp_on_chip_3=33000|cp_on_chip_4=33000|rf2_therm=31000|rf1_therm=32000|ISP=35000|TPU=36000|AUR=36000|rfpa_therm=31928|quiet_therm=32596|charging_therm=34532|,BIG=37000|MID=38000|usb_pwr_therm=30325|btmspkr_therm=30236|disp_therm=30258|north_therm=30926|soc_therm=34466|battery=30700|battery_cycle=5|dc-mains=35000|usbc-therm-adc=350|max77779fg=30700|LITTLE=37000|soc=16|smpl_gm=0|vdroop1=0|batoilo=0|batoilo2=0|batt_vs=30694|mdis_morepower=0|thb_hda=51|cp_on_chip_0=33000|cp_on_chip_1=34000|G3D=37000|cp_on_chip_2=35000|cp_on_chip_3=33000|cp_on_chip_4=33000|rf2_therm=31000|rf1_therm=32000|ISP=35000|TPU=36000|AUR=36000|rfpa_therm=31928|quiet_therm=32596|charging_therm=34532|,ok,1,batched,touched,4096,1024,2,1,3319580,1024,453858,0,4,4,ok
1,15,nvhe,4,1795000,1795000,37000,38000,BIG=36000|MID=38000|usb_pwr_therm=30325|btmspkr_therm=30236|disp_therm=30258|north_therm=30926|soc_therm=34466|battery=30700|battery_cycle=5|dc-mains=35000|usbc-therm-adc=350|max77779fg=30700|LITTLE=37000|soc=16|smpl_gm=0|vdroop1=0|batoilo=0|batoilo2=0|batt_vs=30693|mdis_morepower=0|thb_hda=51|cp_on_chip_0=33000|cp_on_chip_1=34000|G3D=37000|cp_on_chip_2=35000|cp_on_chip_3=33000|cp_on_chip_4=33000|rf2_therm=31000|rf1_therm=32000|ISP=35000|TPU=36000|AUR=36000|rfpa_therm=31928|quiet_therm=32596|charging_therm=34532|,BIG=37000|MID=38000|usb_pwr_therm=30325|btmspkr_therm=30236|disp_therm=30258|north_therm=30926|soc_therm=34466|battery=30700|battery_cycle=5|dc-mains=35000|usbc-therm-adc=350|max77779fg=30700|LITTLE=37000|soc=16|smpl_gm=0|vdroop1=0|batoilo=0|batoilo2=0|batt_vs=30694|mdis_morepower=0|thb_hda=51|cp_on_chip_0=33000|cp_on_chip_1=34000|G3D=37000|cp_on_chip_2=35000|cp_on_chip_3=33000|cp_on_chip_4=33000|rf2_therm=31000|rf1_therm=32000|ISP=35000|TPU=36000|AUR=36000|rfpa_therm=31928|quiet_therm=32596|charging_therm=34532|,ok,1,batched,touched,4096,1024,3,1,2813436,1024,411906,0,4,4,ok
1,15,nvhe,4,1795000,1795000,37000,38000,BIG=36000|MID=38000|usb_pwr_therm=30325|btmspkr_therm=30236|disp_therm=30258|north_therm=30926|soc_therm=34466|battery=30700|battery_cycle=5|dc-mains=35000|usbc-therm-adc=350|max77779fg=30700|LITTLE=37000|soc=16|smpl_gm=0|vdroop1=0|batoilo=0|batoilo2=0|batt_vs=30693|mdis_morepower=0|thb_hda=51|cp_on_chip_0=33000|cp_on_chip_1=34000|G3D=37000|cp_on_chip_2=35000|cp_on_chip_3=33000|cp_on_chip_4=33000|rf2_therm=31000|rf1_therm=32000|ISP=35000|TPU=36000|AUR=36000|rfpa_therm=31928|quiet_therm=32596|charging_therm=34532|,BIG=37000|MID=38000|usb_pwr_therm=30325|btmspkr_therm=30236|disp_therm=30258|north_therm=30926|soc_therm=34466|battery=30700|battery_cycle=5|dc-mains=35000|usbc-therm-adc=350|max77779fg=30700|LITTLE=37000|soc=16|smpl_gm=0|vdroop1=0|batoilo=0|batoilo2=0|batt_vs=30694|mdis_morepower=0|thb_hda=51|cp_on_chip_0=33000|cp_on_chip_1=34000|G3D=37000|cp_on_chip_2=35000|cp_on_chip_3=33000|cp_on_chip_4=33000|rf2_therm=31000|rf1_therm=32000|ISP=35000|TPU=36000|AUR=36000|rfpa_therm=31928|quiet_therm=32596|charging_therm=34532|,ok,1,batched,touched,4096,1024,4,1,2858114,1024,472331,0,4,4,ok
1,15,nvhe,4,1795000,1795000,37000,38000,BIG=36000|MID=38000|usb_pwr_therm=30325|btmspkr_therm=30236|disp_therm=30258|north_therm=30926|soc_therm=34466|battery=30700|battery_cycle=5|dc-mains=35000|usbc-therm-adc=350|max77779fg=30700|LITTLE=37000|soc=16|smpl_gm=0|vdroop1=0|batoilo=0|batoilo2=0|batt_vs=30693|mdis_morepower=0|thb_hda=51|cp_on_chip_0=33000|cp_on_chip_1=34000|G3D=37000|cp_on_chip_2=35000|cp_on_chip_3=33000|cp_on_chip_4=33000|rf2_therm=31000|rf1_therm=32000|ISP=35000|TPU=36000|AUR=36000|rfpa_therm=31928|quiet_therm=32596|charging_therm=34532|,BIG=37000|MID=38000|usb_pwr_therm=30325|btmspkr_therm=30236|disp_therm=30258|north_therm=30926|soc_therm=34466|battery=30700|battery_cycle=5|dc-mains=35000|usbc-therm-adc=350|max77779fg=30700|LITTLE=37000|soc=16|smpl_gm=0|vdroop1=0|batoilo=0|batoilo2=0|batt_vs=30694|mdis_morepower=0|thb_hda=51|cp_on_chip_0=33000|cp_on_chip_1=34000|G3D=37000|cp_on_chip_2=35000|cp_on_chip_3=33000|cp_on_chip_4=33000|rf2_therm=31000|rf1_therm=32000|ISP=35000|TPU=36000|AUR=36000|rfpa_therm=31928|quiet_therm=32596|charging_therm=34532|,ok,1,batched,touched,4096,1024,5,1,2580159,1024,350220,0,4,4,ok
1,15,nvhe,4,1795000,1795000,37000,38000,BIG=36000|MID=38000|usb_pwr_therm=30325|btmspkr_therm=30236|disp_therm=30258|north_therm=30926|soc_therm=34466|battery=30700|battery_cycle=5|dc-mains=35000|usbc-therm-adc=350|max77779fg=30700|LITTLE=37000|soc=16|smpl_gm=0|vdroop1=0|batoilo=0|batoilo2=0|batt_vs=30693|mdis_morepower=0|thb_hda=51|cp_on_chip_0=33000|cp_on_chip_1=34000|G3D=37000|cp_on_chip_2=35000|cp_on_chip_3=33000|cp_on_chip_4=33000|rf2_therm=31000|rf1_therm=32000|ISP=35000|TPU=36000|AUR=36000|rfpa_therm=31928|quiet_therm=32596|charging_therm=34532|,BIG=37000|MID=38000|usb_pwr_therm=30325|btmspkr_therm=30236|disp_therm=30258|north_therm=30926|soc_therm=34466|battery=30700|battery_cycle=5|dc-mains=35000|usbc-therm-adc=350|max77779fg=30700|LITTLE=37000|soc=16|smpl_gm=0|vdroop1=0|batoilo=0|batoilo2=0|batt_vs=30694|mdis_morepower=0|thb_hda=51|cp_on_chip_0=33000|cp_on_chip_1=34000|G3D=37000|cp_on_chip_2=35000|cp_on_chip_3=33000|cp_on_chip_4=33000|rf2_therm=31000|rf1_therm=32000|ISP=35000|TPU=36000|AUR=36000|rfpa_therm=31928|quiet_therm=32596|charging_therm=34532|,ok,1,batched,touched,4096,1024,6,1,2536011,1024,341471,0,4,4,ok
1,15,nvhe,4,1795000,1795000,37000,38000,BIG=36000|MID=38000|usb_pwr_therm=30325|btmspkr_therm=30236|disp_therm=30258|north_therm=30926|soc_therm=34466|battery=30700|battery_cycle=5|dc-mains=35000|usbc-therm-adc=350|max77779fg=30700|LITTLE=37000|soc=16|smpl_gm=0|vdroop1=0|batoilo=0|batoilo2=0|batt_vs=30693|mdis_morepower=0|thb_hda=51|cp_on_chip_0=33000|cp_on_chip_1=34000|G3D=37000|cp_on_chip_2=35000|cp_on_chip_3=33000|cp_on_chip_4=33000|rf2_therm=31000|rf1_therm=32000|ISP=35000|TPU=36000|AUR=36000|rfpa_therm=31928|quiet_therm=32596|charging_therm=34532|,BIG=37000|MID=38000|usb_pwr_therm=30325|btmspkr_therm=30236|disp_therm=30258|north_therm=30926|soc_therm=34466|battery=30700|battery_cycle=5|dc-mains=35000|usbc-therm-adc=350|max77779fg=30700|LITTLE=37000|soc=16|smpl_gm=0|vdroop1=0|batoilo=0|batoilo2=0|batt_vs=30694|mdis_morepower=0|thb_hda=51|cp_on_chip_0=33000|cp_on_chip_1=34000|G3D=37000|cp_on_chip_2=35000|cp_on_chip_3=33000|cp_on_chip_4=33000|rf2_therm=31000|rf1_therm=32000|ISP=35000|TPU=36000|AUR=36000|rfpa_therm=31928|quiet_therm=32596|charging_therm=34532|,ok,1,batched,touched,4096,1024,7,1,2513102,1024,314657,0,4,4,ok
1,15,nvhe,4,1795000,1795000,37000,38000,BIG=36000|MID=38000|usb_pwr_therm=30325|btmspkr_therm=30236|disp_therm=30258|north_therm=30926|soc_therm=34466|battery=30700|battery_cycle=5|dc-mains=35000|usbc-therm-adc=350|max77779fg=30700|LITTLE=37000|soc=16|smpl_gm=0|vdroop1=0|batoilo=0|batoilo2=0|batt_vs=30693|mdis_morepower=0|thb_hda=51|cp_on_chip_0=33000|cp_on_chip_1=34000|G3D=37000|cp_on_chip_2=35000|cp_on_chip_3=33000|cp_on_chip_4=33000|rf2_therm=31000|rf1_therm=32000|ISP=35000|TPU=36000|AUR=36000|rfpa_therm=31928|quiet_therm=32596|charging_therm=34532|,BIG=37000|MID=38000|usb_pwr_therm=30325|btmspkr_therm=30236|disp_therm=30258|north_therm=30926|soc_therm=34466|battery=30700|battery_cycle=5|dc-mains=35000|usbc-therm-adc=350|max77779fg=30700|LITTLE=37000|soc=16|smpl_gm=0|vdroop1=0|batoilo=0|batoilo2=0|batt_vs=30694|mdis_morepower=0|thb_hda=51|cp_on_chip_0=33000|cp_on_chip_1=34000|G3D=37000|cp_on_chip_2=35000|cp_on_chip_3=33000|cp_on_chip_4=33000|rf2_therm=31000|rf1_therm=32000|ISP=35000|TPU=36000|AUR=36000|rfpa_therm=31928|quiet_therm=32596|charging_therm=34532|,ok,1,batched,touched,4096,1024,8,1,2184692,1024,289877,0,4,4,ok
1,15,nvhe,4,1795000,1795000,37000,38000,BIG=36000|MID=38000|usb_pwr_therm=30325|btmspkr_therm=30236|disp_therm=30258|north_therm=30926|soc_therm=34466|battery=30700|battery_cycle=5|dc-mains=35000|usbc-therm-adc=350|max77779fg=30700|LITTLE=37000|soc=16|smpl_gm=0|vdroop1=0|batoilo=0|batoilo2=0|batt_vs=30693|mdis_morepower=0|thb_hda=51|cp_on_chip_0=33000|cp_on_chip_1=34000|G3D=37000|cp_on_chip_2=35000|cp_on_chip_3=33000|cp_on_chip_4=33000|rf2_therm=31000|rf1_therm=32000|ISP=35000|TPU=36000|AUR=36000|rfpa_therm=31928|quiet_therm=32596|charging_therm=34532|,BIG=37000|MID=38000|usb_pwr_therm=30325|btmspkr_therm=30236|disp_therm=30258|north_therm=30926|soc_therm=34466|battery=30700|battery_cycle=5|dc-mains=35000|usbc-therm-adc=350|max77779fg=30700|LITTLE=37000|soc=16|smpl_gm=0|vdroop1=0|batoilo=0|batoilo2=0|batt_vs=30694|mdis_morepower=0|thb_hda=51|cp_on_chip_0=33000|cp_on_chip_1=34000|G3D=37000|cp_on_chip_2=35000|cp_on_chip_3=33000|cp_on_chip_4=33000|rf2_therm=31000|rf1_therm=32000|ISP=35000|TPU=36000|AUR=36000|rfpa_therm=31928|quiet_therm=32596|charging_therm=34532|,ok,1,batched,touched,4096,1024,9,1,2260498,1024,290202,0,4,4,ok
1,15,nvhe,4,1795000,1795000,37000,38000,BIG=36000|MID=38000|usb_pwr_therm=30325|btmspkr_therm=30236|disp_therm=30258|north_therm=30926|soc_therm=34466|battery=30700|battery_cycle=5|dc-mains=35000|usbc-therm-adc=350|max77779fg=30700|LITTLE=37000|soc=16|smpl_gm=0|vdroop1=0|batoilo=0|batoilo2=0|batt_vs=30693|mdis_morepower=0|thb_hda=51|cp_on_chip_0=33000|cp_on_chip_1=34000|G3D=37000|cp_on_chip_2=35000|cp_on_chip_3=33000|cp_on_chip_4=33000|rf2_therm=31000|rf1_therm=32000|ISP=35000|TPU=36000|AUR=36000|rfpa_therm=31928|quiet_therm=32596|charging_therm=34532|,BIG=37000|MID=38000|usb_pwr_therm=30325|btmspkr_therm=30236|disp_therm=30258|north_therm=30926|soc_therm=34466|battery=30700|battery_cycle=5|dc-mains=35000|usbc-therm-adc=350|max77779fg=30700|LITTLE=37000|soc=16|smpl_gm=0|vdroop1=0|batoilo=0|batoilo2=0|batt_vs=30694|mdis_morepower=0|thb_hda=51|cp_on_chip_0=33000|cp_on_chip_1=34000|G3D=37000|cp_on_chip_2=35000|cp_on_chip_3=33000|cp_on_chip_4=33000|rf2_therm=31000|rf1_therm=32000|ISP=35000|TPU=36000|AUR=36000|rfpa_therm=31928|quiet_therm=32596|charging_therm=34532|,ok,1,batched,touched,4096,1024,10,1,2262410,1024,283813,0,4,4,ok
1,15,nvhe,4,1795000,1795000,37000,38000,BIG=36000|MID=38000|usb_pwr_therm=30325|btmspkr_therm=30236|disp_therm=30258|north_therm=30926|soc_therm=34466|battery=30700|battery_cycle=5|dc-mains=35000|usbc-therm-adc=350|max77779fg=30700|LITTLE=37000|soc=16|smpl_gm=0|vdroop1=0|batoilo=0|batoilo2=0|batt_vs=30693|mdis_morepower=0|thb_hda=51|cp_on_chip_0=33000|cp_on_chip_1=34000|G3D=37000|cp_on_chip_2=35000|cp_on_chip_3=33000|cp_on_chip_4=33000|rf2_therm=31000|rf1_therm=32000|ISP=35000|TPU=36000|AUR=36000|rfpa_therm=31928|quiet_therm=32596|charging_therm=34532|,BIG=37000|MID=38000|usb_pwr_therm=30325|btmspkr_therm=30236|disp_therm=30258|north_therm=30926|soc_therm=34466|battery=30700|battery_cycle=5|dc-mains=35000|usbc-therm-adc=350|max77779fg=30700|LITTLE=37000|soc=16|smpl_gm=0|vdroop1=0|batoilo=0|batoilo2=0|batt_vs=30694|mdis_morepower=0|thb_hda=51|cp_on_chip_0=33000|cp_on_chip_1=34000|G3D=37000|cp_on_chip_2=35000|cp_on_chip_3=33000|cp_on_chip_4=33000|rf2_therm=31000|rf1_therm=32000|ISP=35000|TPU=36000|AUR=36000|rfpa_therm=31928|quiet_therm=32596|charging_therm=34532|,ok,1,batched,touched,4096,1024,11,1,1941243,1024,229858,0,4,4,ok
1,15,nvhe,4,1795000,1795000,37000,38000,BIG=36000|MID=38000|usb_pwr_therm=30325|btmspkr_therm=30236|disp_therm=30258|north_therm=30926|soc_therm=34466|battery=30700|battery_cycle=5|dc-mains=35000|usbc-therm-adc=350|max77779fg=30700|LITTLE=37000|soc=16|smpl_gm=0|vdroop1=0|batoilo=0|batoilo2=0|batt_vs=30693|mdis_morepower=0|thb_hda=51|cp_on_chip_0=33000|cp_on_chip_1=34000|G3D=37000|cp_on_chip_2=35000|cp_on_chip_3=33000|cp_on_chip_4=33000|rf2_therm=31000|rf1_therm=32000|ISP=35000|TPU=36000|AUR=36000|rfpa_therm=31928|quiet_therm=32596|charging_therm=34532|,BIG=37000|MID=38000|usb_pwr_therm=30325|btmspkr_therm=30236|disp_therm=30258|north_therm=30926|soc_therm=34466|battery=30700|battery_cycle=5|dc-mains=35000|usbc-therm-adc=350|max77779fg=30700|LITTLE=37000|soc=16|smpl_gm=0|vdroop1=0|batoilo=0|batoilo2=0|batt_vs=30694|mdis_morepower=0|thb_hda=51|cp_on_chip_0=33000|cp_on_chip_1=34000|G3D=37000|cp_on_chip_2=35000|cp_on_chip_3=33000|cp_on_chip_4=33000|rf2_therm=31000|rf1_therm=32000|ISP=35000|TPU=36000|AUR=36000|rfpa_therm=31928|quiet_therm=32596|charging_therm=34532|,ok,1,batched,touched,4096,1024,12,1,1961955,1024,235026,0,4,4,ok
1,15,nvhe,4,1795000,1795000,37000,38000,BIG=36000|MID=38000|usb_pwr_therm=30325|btmspkr_therm=30236|disp_therm=30258|north_therm=30926|soc_therm=34466|battery=30700|battery_cycle=5|dc-mains=35000|usbc-therm-adc=350|max77779fg=30700|LITTLE=37000|soc=16|smpl_gm=0|vdroop1=0|batoilo=0|batoilo2=0|batt_vs=30693|mdis_morepower=0|thb_hda=51|cp_on_chip_0=33000|cp_on_chip_1=34000|G3D=37000|cp_on_chip_2=35000|cp_on_chip_3=33000|cp_on_chip_4=33000|rf2_therm=31000|rf1_therm=32000|ISP=35000|TPU=36000|AUR=36000|rfpa_therm=31928|quiet_therm=32596|charging_therm=34532|,BIG=37000|MID=38000|usb_pwr_therm=30325|btmspkr_therm=30236|disp_therm=30258|north_therm=30926|soc_therm=34466|battery=30700|battery_cycle=5|dc-mains=35000|usbc-therm-adc=350|max77779fg=30700|LITTLE=37000|soc=16|smpl_gm=0|vdroop1=0|batoilo=0|batoilo2=0|batt_vs=30694|mdis_morepower=0|thb_hda=51|cp_on_chip_0=33000|cp_on_chip_1=34000|G3D=37000|cp_on_chip_2=35000|cp_on_chip_3=33000|cp_on_chip_4=33000|rf2_therm=31000|rf1_therm=32000|ISP=35000|TPU=36000|AUR=36000|rfpa_therm=31928|quiet_therm=32596|charging_therm=34532|,ok,1,batched,touched,4096,1024,13,1,1967448,1024,229370,0,4,4,ok
1,15,nvhe,4,1795000,1795000,37000,38000,BIG=36000|MID=38000|usb_pwr_therm=30325|btmspkr_therm=30236|disp_therm=30258|north_therm=30926|soc_therm=34466|battery=30700|battery_cycle=5|dc-mains=35000|usbc-therm-adc=350|max77779fg=30700|LITTLE=37000|soc=16|smpl_gm=0|vdroop1=0|batoilo=0|batoilo2=0|batt_vs=30693|mdis_morepower=0|thb_hda=51|cp_on_chip_0=33000|cp_on_chip_1=34000|G3D=37000|cp_on_chip_2=35000|cp_on_chip_3=33000|cp_on_chip_4=33000|rf2_therm=31000|rf1_therm=32000|ISP=35000|TPU=36000|AUR=36000|rfpa_therm=31928|quiet_therm=32596|charging_therm=34532|,BIG=37000|MID=38000|usb_pwr_therm=30325|btmspkr_therm=30236|disp_therm=30258|north_therm=30926|soc_therm=34466|battery=30700|battery_cycle=5|dc-mains=35000|usbc-therm-adc=350|max77779fg=30700|LITTLE=37000|soc=16|smpl_gm=0|vdroop1=0|batoilo=0|batoilo2=0|batt_vs=30694|mdis_morepower=0|thb_hda=51|cp_on_chip_0=33000|cp_on_chip_1=34000|G3D=37000|cp_on_chip_2=35000|cp_on_chip_3=33000|cp_on_chip_4=33000|rf2_therm=31000|rf1_therm=32000|ISP=35000|TPU=36000|AUR=36000|rfpa_therm=31928|quiet_therm=32596|charging_therm=34532|,ok,1,batched,touched,4096,1024,14,1,1968791,1024,233968,0,4,4,ok
1,15,nvhe,4,1795000,1795000,37000,38000,BIG=36000|MID=38000|usb_pwr_therm=30325|btmspkr_therm=30236|disp_therm=30258|north_therm=30926|soc_therm=34466|battery=30700|battery_cycle=5|dc-mains=35000|usbc-therm-adc=350|max77779fg=30700|LITTLE=37000|soc=16|smpl_gm=0|vdroop1=0|batoilo=0|batoilo2=0|batt_vs=30693|mdis_morepower=0|thb_hda=51|cp_on_chip_0=33000|cp_on_chip_1=34000|G3D=37000|cp_on_chip_2=35000|cp_on_chip_3=33000|cp_on_chip_4=33000|rf2_therm=31000|rf1_therm=32000|ISP=35000|TPU=36000|AUR=36000|rfpa_therm=31928|quiet_therm=32596|charging_therm=34532|,BIG=37000|MID=38000|usb_pwr_therm=30325|btmspkr_therm=30236|disp_therm=30258|north_therm=30926|soc_therm=34466|battery=30700|battery_cycle=5|dc-mains=35000|usbc-therm-adc=350|max77779fg=30700|LITTLE=37000|soc=16|smpl_gm=0|vdroop1=0|batoilo=0|batoilo2=0|batt_vs=30694|mdis_morepower=0|thb_hda=51|cp_on_chip_0=33000|cp_on_chip_1=34000|G3D=37000|cp_on_chip_2=35000|cp_on_chip_3=33000|cp_on_chip_4=33000|rf2_therm=31000|rf1_therm=32000|ISP=35000|TPU=36000|AUR=36000|rfpa_therm=31928|quiet_therm=32596|charging_therm=34532|,ok,1,batched,touched,4096,1024,15,1,1930053,1024,230428,0,4,4,ok
1,15,nvhe,4,1795000,1795000,37000,38000,BIG=36000|MID=38000|usb_pwr_therm=30325|btmspkr_therm=30236|disp_therm=30258|north_therm=30926|soc_therm=34466|battery=30700|battery_cycle=5|dc-mains=35000|usbc-therm-adc=350|max77779fg=30700|LITTLE=37000|soc=16|smpl_gm=0|vdroop1=0|batoilo=0|batoilo2=0|batt_vs=30693|mdis_morepower=0|thb_hda=51|cp_on_chip_0=33000|cp_on_chip_1=34000|G3D=37000|cp_on_chip_2=35000|cp_on_chip_3=33000|cp_on_chip_4=33000|rf2_therm=31000|rf1_therm=32000|ISP=35000|TPU=36000|AUR=36000|rfpa_therm=31928|quiet_therm=32596|charging_therm=34532|,BIG=37000|MID=38000|usb_pwr_therm=30325|btmspkr_therm=30236|disp_therm=30258|north_therm=30926|soc_therm=34466|battery=30700|battery_cycle=5|dc-mains=35000|usbc-therm-adc=350|max77779fg=30700|LITTLE=37000|soc=16|smpl_gm=0|vdroop1=0|batoilo=0|batoilo2=0|batt_vs=30694|mdis_morepower=0|thb_hda=51|cp_on_chip_0=33000|cp_on_chip_1=34000|G3D=37000|cp_on_chip_2=35000|cp_on_chip_3=33000|cp_on_chip_4=33000|rf2_therm=31000|rf1_therm=32000|ISP=35000|TPU=36000|AUR=36000|rfpa_therm=31928|quiet_therm=32596|charging_therm=34532|,ok,1,batched,touched,4096,1024,16,1,1937337,1024,216268,0,4,4,ok
1,15,nvhe,4,1795000,1795000,37000,38000,BIG=36000|MID=38000|usb_pwr_therm=30325|btmspkr_therm=30236|disp_therm=30258|north_therm=30926|soc_therm=34466|battery=30700|battery_cycle=5|dc-mains=35000|usbc-therm-adc=350|max77779fg=30700|LITTLE=37000|soc=16|smpl_gm=0|vdroop1=0|batoilo=0|batoilo2=0|batt_vs=30693|mdis_morepower=0|thb_hda=51|cp_on_chip_0=33000|cp_on_chip_1=34000|G3D=37000|cp_on_chip_2=35000|cp_on_chip_3=33000|cp_on_chip_4=33000|rf2_therm=31000|rf1_therm=32000|ISP=35000|TPU=36000|AUR=36000|rfpa_therm=31928|quiet_therm=32596|charging_therm=34532|,BIG=37000|MID=38000|usb_pwr_therm=30325|btmspkr_therm=30236|disp_therm=30258|north_therm=30926|soc_therm=34466|battery=30700|battery_cycle=5|dc-mains=35000|usbc-therm-adc=350|max77779fg=30700|LITTLE=37000|soc=16|smpl_gm=0|vdroop1=0|batoilo=0|batoilo2=0|batt_vs=30694|mdis_morepower=0|thb_hda=51|cp_on_chip_0=33000|cp_on_chip_1=34000|G3D=37000|cp_on_chip_2=35000|cp_on_chip_3=33000|cp_on_chip_4=33000|rf2_therm=31000|rf1_therm=32000|ISP=35000|TPU=36000|AUR=36000|rfpa_therm=31928|quiet_therm=32596|charging_therm=34532|,ok,1,batched,touched,4096,1024,17,1,1805013,1024,208700,0,4,4,ok
1,15,nvhe,4,1795000,1795000,37000,38000,BIG=36000|MID=38000|usb_pwr_therm=30325|btmspkr_therm=30236|disp_therm=30258|north_therm=30926|soc_therm=34466|battery=30700|battery_cycle=5|dc-mains=35000|usbc-therm-adc=350|max77779fg=30700|LITTLE=37000|soc=16|smpl_gm=0|vdroop1=0|batoilo=0|batoilo2=0|batt_vs=30693|mdis_morepower=0|thb_hda=51|cp_on_chip_0=33000|cp_on_chip_1=34000|G3D=37000|cp_on_chip_2=35000|cp_on_chip_3=33000|cp_on_chip_4=33000|rf2_therm=31000|rf1_therm=32000|ISP=35000|TPU=36000|AUR=36000|rfpa_therm=31928|quiet_therm=32596|charging_therm=34532|,BIG=37000|MID=38000|usb_pwr_therm=30325|btmspkr_therm=30236|disp_therm=30258|north_therm=30926|soc_therm=34466|battery=30700|battery_cycle=5|dc-mains=35000|usbc-therm-adc=350|max77779fg=30700|LITTLE=37000|soc=16|smpl_gm=0|vdroop1=0|batoilo=0|batoilo2=0|batt_vs=30694|mdis_morepower=0|thb_hda=51|cp_on_chip_0=33000|cp_on_chip_1=34000|G3D=37000|cp_on_chip_2=35000|cp_on_chip_3=33000|cp_on_chip_4=33000|rf2_therm=31000|rf1_therm=32000|ISP=35000|TPU=36000|AUR=36000|rfpa_therm=31928|quiet_therm=32596|charging_therm=34532|,ok,1,batched,touched,4096,1024,18,1,1815836,1024,206054,0,4,4,ok
1,15,nvhe,4,1795000,1795000,37000,38000,BIG=36000|MID=38000|usb_pwr_therm=30325|btmspkr_therm=30236|disp_therm=30258|north_therm=30926|soc_therm=34466|battery=30700|battery_cycle=5|dc-mains=35000|usbc-therm-adc=350|max77779fg=30700|LITTLE=37000|soc=16|smpl_gm=0|vdroop1=0|batoilo=0|batoilo2=0|batt_vs=30693|mdis_morepower=0|thb_hda=51|cp_on_chip_0=33000|cp_on_chip_1=34000|G3D=37000|cp_on_chip_2=35000|cp_on_chip_3=33000|cp_on_chip_4=33000|rf2_therm=31000|rf1_therm=32000|ISP=35000|TPU=36000|AUR=36000|rfpa_therm=31928|quiet_therm=32596|charging_therm=34532|,BIG=37000|MID=38000|usb_pwr_therm=30325|btmspkr_therm=30236|disp_therm=30258|north_therm=30926|soc_therm=34466|battery=30700|battery_cycle=5|dc-mains=35000|usbc-therm-adc=350|max77779fg=30700|LITTLE=37000|soc=16|smpl_gm=0|vdroop1=0|batoilo=0|batoilo2=0|batt_vs=30694|mdis_morepower=0|thb_hda=51|cp_on_chip_0=33000|cp_on_chip_1=34000|G3D=37000|cp_on_chip_2=35000|cp_on_chip_3=33000|cp_on_chip_4=33000|rf2_therm=31000|rf1_therm=32000|ISP=35000|TPU=36000|AUR=36000|rfpa_therm=31928|quiet_therm=32596|charging_therm=34532|,ok,1,batched,touched,4096,1024,19,1,1738892,1024,201701,0,4,4,ok
1,15,nvhe,4,1795000,1795000,37000,38000,BIG=36000|MID=38000|usb_pwr_therm=30325|btmspkr_therm=30236|disp_therm=30258|north_therm=30926|soc_therm=34466|battery=30700|battery_cycle=5|dc-mains=35000|usbc-therm-adc=350|max77779fg=30700|LITTLE=37000|soc=16|smpl_gm=0|vdroop1=0|batoilo=0|batoilo2=0|batt_vs=30693|mdis_morepower=0|thb_hda=51|cp_on_chip_0=33000|cp_on_chip_1=34000|G3D=37000|cp_on_chip_2=35000|cp_on_chip_3=33000|cp_on_chip_4=33000|rf2_therm=31000|rf1_therm=32000|ISP=35000|TPU=36000|AUR=36000|rfpa_therm=31928|quiet_therm=32596|charging_therm=34532|,BIG=37000|MID=38000|usb_pwr_therm=30325|btmspkr_therm=30236|disp_therm=30258|north_therm=30926|soc_therm=34466|battery=30700|battery_cycle=5|dc-mains=35000|usbc-therm-adc=350|max77779fg=30700|LITTLE=37000|soc=16|smpl_gm=0|vdroop1=0|batoilo=0|batoilo2=0|batt_vs=30694|mdis_morepower=0|thb_hda=51|cp_on_chip_0=33000|cp_on_chip_1=34000|G3D=37000|cp_on_chip_2=35000|cp_on_chip_3=33000|cp_on_chip_4=33000|rf2_therm=31000|rf1_therm=32000|ISP=35000|TPU=36000|AUR=36000|rfpa_therm=31928|quiet_therm=32596|charging_therm=34532|,ok,1,batched,touched,4096,1024,20,1,1714315,1024,193848,0,4,4,ok
1,15,nvhe,4,1795000,1795000,37000,38000,BIG=36000|MID=38000|usb_pwr_therm=30325|btmspkr_therm=30236|disp_therm=30258|north_therm=30926|soc_therm=34466|battery=30700|battery_cycle=5|dc-mains=35000|usbc-therm-adc=350|max77779fg=30700|LITTLE=37000|soc=16|smpl_gm=0|vdroop1=0|batoilo=0|batoilo2=0|batt_vs=30693|mdis_morepower=0|thb_hda=51|cp_on_chip_0=33000|cp_on_chip_1=34000|G3D=37000|cp_on_chip_2=35000|cp_on_chip_3=33000|cp_on_chip_4=33000|rf2_therm=31000|rf1_therm=32000|ISP=35000|TPU=36000|AUR=36000|rfpa_therm=31928|quiet_therm=32596|charging_therm=34532|,BIG=37000|MID=38000|usb_pwr_therm=30325|btmspkr_therm=30236|disp_therm=30258|north_therm=30926|soc_therm=34466|battery=30700|battery_cycle=5|dc-mains=35000|usbc-therm-adc=350|max77779fg=30700|LITTLE=37000|soc=16|smpl_gm=0|vdroop1=0|batoilo=0|batoilo2=0|batt_vs=30694|mdis_morepower=0|thb_hda=51|cp_on_chip_0=33000|cp_on_chip_1=34000|G3D=37000|cp_on_chip_2=35000|cp_on_chip_3=33000|cp_on_chip_4=33000|rf2_therm=31000|rf1_therm=32000|ISP=35000|TPU=36000|AUR=36000|rfpa_therm=31928|quiet_therm=32596|charging_therm=34532|,ok,1,batched,touched,4096,1024,21,1,1614747,1024,187704,0,4,4,ok
1,15,nvhe,4,1795000,1795000,37000,38000,BIG=36000|MID=38000|usb_pwr_therm=30325|btmspkr_therm=30236|disp_therm=30258|north_therm=30926|soc_therm=34466|battery=30700|battery_cycle=5|dc-mains=35000|usbc-therm-adc=350|max77779fg=30700|LITTLE=37000|soc=16|smpl_gm=0|vdroop1=0|batoilo=0|batoilo2=0|batt_vs=30693|mdis_morepower=0|thb_hda=51|cp_on_chip_0=33000|cp_on_chip_1=34000|G3D=37000|cp_on_chip_2=35000|cp_on_chip_3=33000|cp_on_chip_4=33000|rf2_therm=31000|rf1_therm=32000|ISP=35000|TPU=36000|AUR=36000|rfpa_therm=31928|quiet_therm=32596|charging_therm=34532|,BIG=37000|MID=38000|usb_pwr_therm=30325|btmspkr_therm=30236|disp_therm=30258|north_therm=30926|soc_therm=34466|battery=30700|battery_cycle=5|dc-mains=35000|usbc-therm-adc=350|max77779fg=30700|LITTLE=37000|soc=16|smpl_gm=0|vdroop1=0|batoilo=0|batoilo2=0|batt_vs=30694|mdis_morepower=0|thb_hda=51|cp_on_chip_0=33000|cp_on_chip_1=34000|G3D=37000|cp_on_chip_2=35000|cp_on_chip_3=33000|cp_on_chip_4=33000|rf2_therm=31000|rf1_therm=32000|ISP=35000|TPU=36000|AUR=36000|rfpa_therm=31928|quiet_therm=32596|charging_therm=34532|,ok,1,batched,touched,4096,1024,22,1,1618734,1024,189860,0,4,4,ok
1,15,nvhe,4,1795000,1795000,37000,38000,BIG=36000|MID=38000|usb_pwr_therm=30325|btmspkr_therm=30236|disp_therm=30258|north_therm=30926|soc_therm=34466|battery=30700|battery_cycle=5|dc-mains=35000|usbc-therm-adc=350|max77779fg=30700|LITTLE=37000|soc=16|smpl_gm=0|vdroop1=0|batoilo=0|batoilo2=0|batt_vs=30693|mdis_morepower=0|thb_hda=51|cp_on_chip_0=33000|cp_on_chip_1=34000|G3D=37000|cp_on_chip_2=35000|cp_on_chip_3=33000|cp_on_chip_4=33000|rf2_therm=31000|rf1_therm=32000|ISP=35000|TPU=36000|AUR=36000|rfpa_therm=31928|quiet_therm=32596|charging_therm=34532|,BIG=37000|MID=38000|usb_pwr_therm=30325|btmspkr_therm=30236|disp_therm=30258|north_therm=30926|soc_therm=34466|battery=30700|battery_cycle=5|dc-mains=35000|usbc-therm-adc=350|max77779fg=30700|LITTLE=37000|soc=16|smpl_gm=0|vdroop1=0|batoilo=0|batoilo2=0|batt_vs=30694|mdis_morepower=0|thb_hda=51|cp_on_chip_0=33000|cp_on_chip_1=34000|G3D=37000|cp_on_chip_2=35000|cp_on_chip_3=33000|cp_on_chip_4=33000|rf2_therm=31000|rf1_therm=32000|ISP=35000|TPU=36000|AUR=36000|rfpa_therm=31928|quiet_therm=32596|charging_therm=34532|,ok,1,batched,touched,4096,1024,23,1,1617187,1024,179850,0,4,4,ok
1,15,nvhe,4,1795000,1795000,37000,38000,BIG=36000|MID=38000|usb_pwr_therm=30325|btmspkr_therm=30236|disp_therm=30258|north_therm=30926|soc_therm=34466|battery=30700|battery_cycle=5|dc-mains=35000|usbc-therm-adc=350|max77779fg=30700|LITTLE=37000|soc=16|smpl_gm=0|vdroop1=0|batoilo=0|batoilo2=0|batt_vs=30693|mdis_morepower=0|thb_hda=51|cp_on_chip_0=33000|cp_on_chip_1=34000|G3D=37000|cp_on_chip_2=35000|cp_on_chip_3=33000|cp_on_chip_4=33000|rf2_therm=31000|rf1_therm=32000|ISP=35000|TPU=36000|AUR=36000|rfpa_therm=31928|quiet_therm=32596|charging_therm=34532|,BIG=37000|MID=38000|usb_pwr_therm=30325|btmspkr_therm=30236|disp_therm=30258|north_therm=30926|soc_therm=34466|battery=30700|battery_cycle=5|dc-mains=35000|usbc-therm-adc=350|max77779fg=30700|LITTLE=37000|soc=16|smpl_gm=0|vdroop1=0|batoilo=0|batoilo2=0|batt_vs=30694|mdis_morepower=0|thb_hda=51|cp_on_chip_0=33000|cp_on_chip_1=34000|G3D=37000|cp_on_chip_2=35000|cp_on_chip_3=33000|cp_on_chip_4=33000|rf2_therm=31000|rf1_therm=32000|ISP=35000|TPU=36000|AUR=36000|rfpa_therm=31928|quiet_therm=32596|charging_therm=34532|,ok,1,batched,touched,4096,1024,24,1,1641927,1024,204671,0,4,4,ok
1,15,nvhe,4,1795000,1795000,37000,38000,BIG=36000|MID=38000|usb_pwr_therm=30325|btmspkr_therm=30236|disp_therm=30258|north_therm=30926|soc_therm=34466|battery=30700|battery_cycle=5|dc-mains=35000|usbc-therm-adc=350|max77779fg=30700|LITTLE=37000|soc=16|smpl_gm=0|vdroop1=0|batoilo=0|batoilo2=0|batt_vs=30693|mdis_morepower=0|thb_hda=51|cp_on_chip_0=33000|cp_on_chip_1=34000|G3D=37000|cp_on_chip_2=35000|cp_on_chip_3=33000|cp_on_chip_4=33000|rf2_therm=31000|rf1_therm=32000|ISP=35000|TPU=36000|AUR=36000|rfpa_therm=31928|quiet_therm=32596|charging_therm=34532|,BIG=37000|MID=38000|usb_pwr_therm=30325|btmspkr_therm=30236|disp_therm=30258|north_therm=30926|soc_therm=34466|battery=30700|battery_cycle=5|dc-mains=35000|usbc-therm-adc=350|max77779fg=30700|LITTLE=37000|soc=16|smpl_gm=0|vdroop1=0|batoilo=0|batoilo2=0|batt_vs=30694|mdis_morepower=0|thb_hda=51|cp_on_chip_0=33000|cp_on_chip_1=34000|G3D=37000|cp_on_chip_2=35000|cp_on_chip_3=33000|cp_on_chip_4=33000|rf2_therm=31000|rf1_therm=32000|ISP=35000|TPU=36000|AUR=36000|rfpa_therm=31928|quiet_therm=32596|charging_therm=34532|,ok,1,batched,touched,4096,1024,25,1,1464193,1024,166097,0,4,4,ok
1,15,nvhe,4,1795000,1795000,37000,38000,BIG=36000|MID=38000|usb_pwr_therm=30325|btmspkr_therm=30236|disp_therm=30258|north_therm=30926|soc_therm=34466|battery=30700|battery_cycle=5|dc-mains=35000|usbc-therm-adc=350|max77779fg=30700|LITTLE=37000|soc=16|smpl_gm=0|vdroop1=0|batoilo=0|batoilo2=0|batt_vs=30693|mdis_morepower=0|thb_hda=51|cp_on_chip_0=33000|cp_on_chip_1=34000|G3D=37000|cp_on_chip_2=35000|cp_on_chip_3=33000|cp_on_chip_4=33000|rf2_therm=31000|rf1_therm=32000|ISP=35000|TPU=36000|AUR=36000|rfpa_therm=31928|quiet_therm=32596|charging_therm=34532|,BIG=37000|MID=38000|usb_pwr_therm=30325|btmspkr_therm=30236|disp_therm=30258|north_therm=30926|soc_therm=34466|battery=30700|battery_cycle=5|dc-mains=35000|usbc-therm-adc=350|max77779fg=30700|LITTLE=37000|soc=16|smpl_gm=0|vdroop1=0|batoilo=0|batoilo2=0|batt_vs=30694|mdis_morepower=0|thb_hda=51|cp_on_chip_0=33000|cp_on_chip_1=34000|G3D=37000|cp_on_chip_2=35000|cp_on_chip_3=33000|cp_on_chip_4=33000|rf2_therm=31000|rf1_therm=32000|ISP=35000|TPU=36000|AUR=36000|rfpa_therm=31928|quiet_therm=32596|charging_therm=34532|,ok,1,batched,touched,4096,1024,26,1,1505860,1024,170776,0,4,4,ok
1,15,nvhe,4,1795000,1795000,37000,38000,BIG=36000|MID=38000|usb_pwr_therm=30325|btmspkr_therm=30236|disp_therm=30258|north_therm=30926|soc_therm=34466|battery=30700|battery_cycle=5|dc-mains=35000|usbc-therm-adc=350|max77779fg=30700|LITTLE=37000|soc=16|smpl_gm=0|vdroop1=0|batoilo=0|batoilo2=0|batt_vs=30693|mdis_morepower=0|thb_hda=51|cp_on_chip_0=33000|cp_on_chip_1=34000|G3D=37000|cp_on_chip_2=35000|cp_on_chip_3=33000|cp_on_chip_4=33000|rf2_therm=31000|rf1_therm=32000|ISP=35000|TPU=36000|AUR=36000|rfpa_therm=31928|quiet_therm=32596|charging_therm=34532|,BIG=37000|MID=38000|usb_pwr_therm=30325|btmspkr_therm=30236|disp_therm=30258|north_therm=30926|soc_therm=34466|battery=30700|battery_cycle=5|dc-mains=35000|usbc-therm-adc=350|max77779fg=30700|LITTLE=37000|soc=16|smpl_gm=0|vdroop1=0|batoilo=0|batoilo2=0|batt_vs=30694|mdis_morepower=0|thb_hda=51|cp_on_chip_0=33000|cp_on_chip_1=34000|G3D=37000|cp_on_chip_2=35000|cp_on_chip_3=33000|cp_on_chip_4=33000|rf2_therm=31000|rf1_therm=32000|ISP=35000|TPU=36000|AUR=36000|rfpa_therm=31928|quiet_therm=32596|charging_therm=34532|,ok,1,batched,touched,4096,1024,27,1,1465088,1024,168172,0,4,4,ok
1,15,nvhe,4,1795000,1795000,37000,38000,BIG=36000|MID=38000|usb_pwr_therm=30325|btmspkr_therm=30236|disp_therm=30258|north_therm=30926|soc_therm=34466|battery=30700|battery_cycle=5|dc-mains=35000|usbc-therm-adc=350|max77779fg=30700|LITTLE=37000|soc=16|smpl_gm=0|vdroop1=0|batoilo=0|batoilo2=0|batt_vs=30693|mdis_morepower=0|thb_hda=51|cp_on_chip_0=33000|cp_on_chip_1=34000|G3D=37000|cp_on_chip_2=35000|cp_on_chip_3=33000|cp_on_chip_4=33000|rf2_therm=31000|rf1_therm=32000|ISP=35000|TPU=36000|AUR=36000|rfpa_therm=31928|quiet_therm=32596|charging_therm=34532|,BIG=37000|MID=38000|usb_pwr_therm=30325|btmspkr_therm=30236|disp_therm=30258|north_therm=30926|soc_therm=34466|battery=30700|battery_cycle=5|dc-mains=35000|usbc-therm-adc=350|max77779fg=30700|LITTLE=37000|soc=16|smpl_gm=0|vdroop1=0|batoilo=0|batoilo2=0|batt_vs=30694|mdis_morepower=0|thb_hda=51|cp_on_chip_0=33000|cp_on_chip_1=34000|G3D=37000|cp_on_chip_2=35000|cp_on_chip_3=33000|cp_on_chip_4=33000|rf2_therm=31000|rf1_therm=32000|ISP=35000|TPU=36000|AUR=36000|rfpa_therm=31928|quiet_therm=32596|charging_therm=34532|,ok,1,batched,touched,4096,1024,28,1,1437785,1024,158529,0,4,4,ok
1,15,nvhe,4,1795000,1795000,37000,38000,BIG=36000|MID=38000|usb_pwr_therm=30325|btmspkr_therm=30236|disp_therm=30258|north_therm=30926|soc_therm=34466|battery=30700|battery_cycle=5|dc-mains=35000|usbc-therm-adc=350|max77779fg=30700|LITTLE=37000|soc=16|smpl_gm=0|vdroop1=0|batoilo=0|batoilo2=0|batt_vs=30693|mdis_morepower=0|thb_hda=51|cp_on_chip_0=33000|cp_on_chip_1=34000|G3D=37000|cp_on_chip_2=35000|cp_on_chip_3=33000|cp_on_chip_4=33000|rf2_therm=31000|rf1_therm=32000|ISP=35000|TPU=36000|AUR=36000|rfpa_therm=31928|quiet_therm=32596|charging_therm=34532|,BIG=37000|MID=38000|usb_pwr_therm=30325|btmspkr_therm=30236|disp_therm=30258|north_therm=30926|soc_therm=34466|battery=30700|battery_cycle=5|dc-mains=35000|usbc-therm-adc=350|max77779fg=30700|LITTLE=37000|soc=16|smpl_gm=0|vdroop1=0|batoilo=0|batoilo2=0|batt_vs=30694|mdis_morepower=0|thb_hda=51|cp_on_chip_0=33000|cp_on_chip_1=34000|G3D=37000|cp_on_chip_2=35000|cp_on_chip_3=33000|cp_on_chip_4=33000|rf2_therm=31000|rf1_therm=32000|ISP=35000|TPU=36000|AUR=36000|rfpa_therm=31928|quiet_therm=32596|charging_therm=34532|,ok,1,batched,touched,4096,1024,29,1,1470256,1024,164591,0,4,4,ok
1,16,nvhe,4,1795000,1945000,38000,40000,BIG=36000|MID=37000|usb_pwr_therm=30325|btmspkr_therm=30236|disp_therm=30258|north_therm=30949|soc_therm=34510|battery=30700|battery_cycle=5|dc-mains=35000|usbc-therm-adc=350|max77779fg=30700|LITTLE=37000|soc=16|smpl_gm=0|vdroop1=0|batoilo=0|batoilo2=0|batt_vs=30693|mdis_morepower=0|thb_hda=51|cp_on_chip_0=33000|cp_on_chip_1=34000|G3D=36000|cp_on_chip_2=35000|cp_on_chip_3=33000|cp_on_chip_4=33000|rf2_therm=31000|rf1_therm=32000|ISP=35000|TPU=37000|AUR=37000|rfpa_therm=31950|quiet_therm=32618|charging_therm=34577|,BIG=37000|MID=37000|usb_pwr_therm=30325|btmspkr_therm=30236|disp_therm=30258|north_therm=30949|soc_therm=34510|battery=30700|battery_cycle=5|dc-mains=35000|usbc-therm-adc=350|max77779fg=30700|LITTLE=37000|soc=16|smpl_gm=0|vdroop1=0|batoilo=0|batoilo2=0|batt_vs=30693|mdis_morepower=0|thb_hda=51|cp_on_chip_0=33000|cp_on_chip_1=34000|G3D=37000|cp_on_chip_2=35000|cp_on_chip_3=33000|cp_on_chip_4=33000|rf2_therm=31000|rf1_therm=32000|ISP=35000|TPU=37000|AUR=36000|rfpa_therm=31972|quiet_therm=32640|charging_therm=34599|,ok,1,batched,untouched,4096,8192,0,1,15665,0,3418,0,4,4,ok
1,16,nvhe,4,1795000,1945000,38000,40000,BIG=36000|MID=37000|usb_pwr_therm=30325|btmspkr_therm=30236|disp_therm=30258|north_therm=30949|soc_therm=34510|battery=30700|battery_cycle=5|dc-mains=35000|usbc-therm-adc=350|max77779fg=30700|LITTLE=37000|soc=16|smpl_gm=0|vdroop1=0|batoilo=0|batoilo2=0|batt_vs=30693|mdis_morepower=0|thb_hda=51|cp_on_chip_0=33000|cp_on_chip_1=34000|G3D=36000|cp_on_chip_2=35000|cp_on_chip_3=33000|cp_on_chip_4=33000|rf2_therm=31000|rf1_therm=32000|ISP=35000|TPU=37000|AUR=37000|rfpa_therm=31950|quiet_therm=32618|charging_therm=34577|,BIG=37000|MID=37000|usb_pwr_therm=30325|btmspkr_therm=30236|disp_therm=30258|north_therm=30949|soc_therm=34510|battery=30700|battery_cycle=5|dc-mains=35000|usbc-therm-adc=350|max77779fg=30700|LITTLE=37000|soc=16|smpl_gm=0|vdroop1=0|batoilo=0|batoilo2=0|batt_vs=30693|mdis_morepower=0|thb_hda=51|cp_on_chip_0=33000|cp_on_chip_1=34000|G3D=37000|cp_on_chip_2=35000|cp_on_chip_3=33000|cp_on_chip_4=33000|rf2_therm=31000|rf1_therm=32000|ISP=35000|TPU=37000|AUR=36000|rfpa_therm=31972|quiet_therm=32640|charging_therm=34599|,ok,1,batched,untouched,4096,8192,1,1,8422,0,1343,0,4,4,ok
1,16,nvhe,4,1795000,1945000,38000,40000,BIG=36000|MID=37000|usb_pwr_therm=30325|btmspkr_therm=30236|disp_therm=30258|north_therm=30949|soc_therm=34510|battery=30700|battery_cycle=5|dc-mains=35000|usbc-therm-adc=350|max77779fg=30700|LITTLE=37000|soc=16|smpl_gm=0|vdroop1=0|batoilo=0|batoilo2=0|batt_vs=30693|mdis_morepower=0|thb_hda=51|cp_on_chip_0=33000|cp_on_chip_1=34000|G3D=36000|cp_on_chip_2=35000|cp_on_chip_3=33000|cp_on_chip_4=33000|rf2_therm=31000|rf1_therm=32000|ISP=35000|TPU=37000|AUR=37000|rfpa_therm=31950|quiet_therm=32618|charging_therm=34577|,BIG=37000|MID=37000|usb_pwr_therm=30325|btmspkr_therm=30236|disp_therm=30258|north_therm=30949|soc_therm=34510|battery=30700|battery_cycle=5|dc-mains=35000|usbc-therm-adc=350|max77779fg=30700|LITTLE=37000|soc=16|smpl_gm=0|vdroop1=0|batoilo=0|batoilo2=0|batt_vs=30693|mdis_morepower=0|thb_hda=51|cp_on_chip_0=33000|cp_on_chip_1=34000|G3D=37000|cp_on_chip_2=35000|cp_on_chip_3=33000|cp_on_chip_4=33000|rf2_therm=31000|rf1_therm=32000|ISP=35000|TPU=37000|AUR=36000|rfpa_therm=31972|quiet_therm=32640|charging_therm=34599|,ok,1,batched,untouched,4096,8192,2,1,9480,0,1343,0,4,4,ok
1,16,nvhe,4,1795000,1945000,38000,40000,BIG=36000|MID=37000|usb_pwr_therm=30325|btmspkr_therm=30236|disp_therm=30258|north_therm=30949|soc_therm=34510|battery=30700|battery_cycle=5|dc-mains=35000|usbc-therm-adc=350|max77779fg=30700|LITTLE=37000|soc=16|smpl_gm=0|vdroop1=0|batoilo=0|batoilo2=0|batt_vs=30693|mdis_morepower=0|thb_hda=51|cp_on_chip_0=33000|cp_on_chip_1=34000|G3D=36000|cp_on_chip_2=35000|cp_on_chip_3=33000|cp_on_chip_4=33000|rf2_therm=31000|rf1_therm=32000|ISP=35000|TPU=37000|AUR=37000|rfpa_therm=31950|quiet_therm=32618|charging_therm=34577|,BIG=37000|MID=37000|usb_pwr_therm=30325|btmspkr_therm=30236|disp_therm=30258|north_therm=30949|soc_therm=34510|battery=30700|battery_cycle=5|dc-mains=35000|usbc-therm-adc=350|max77779fg=30700|LITTLE=37000|soc=16|smpl_gm=0|vdroop1=0|batoilo=0|batoilo2=0|batt_vs=30693|mdis_morepower=0|thb_hda=51|cp_on_chip_0=33000|cp_on_chip_1=34000|G3D=37000|cp_on_chip_2=35000|cp_on_chip_3=33000|cp_on_chip_4=33000|rf2_therm=31000|rf1_therm=32000|ISP=35000|TPU=37000|AUR=36000|rfpa_therm=31972|quiet_therm=32640|charging_therm=34599|,ok,1,batched,untouched,4096,8192,3,1,10213,0,1261,0,4,4,ok
1,16,nvhe,4,1795000,1945000,38000,40000,BIG=36000|MID=37000|usb_pwr_therm=30325|btmspkr_therm=30236|disp_therm=30258|north_therm=30949|soc_therm=34510|battery=30700|battery_cycle=5|dc-mains=35000|usbc-therm-adc=350|max77779fg=30700|LITTLE=37000|soc=16|smpl_gm=0|vdroop1=0|batoilo=0|batoilo2=0|batt_vs=30693|mdis_morepower=0|thb_hda=51|cp_on_chip_0=33000|cp_on_chip_1=34000|G3D=36000|cp_on_chip_2=35000|cp_on_chip_3=33000|cp_on_chip_4=33000|rf2_therm=31000|rf1_therm=32000|ISP=35000|TPU=37000|AUR=37000|rfpa_therm=31950|quiet_therm=32618|charging_therm=34577|,BIG=37000|MID=37000|usb_pwr_therm=30325|btmspkr_therm=30236|disp_therm=30258|north_therm=30949|soc_therm=34510|battery=30700|battery_cycle=5|dc-mains=35000|usbc-therm-adc=350|max77779fg=30700|LITTLE=37000|soc=16|smpl_gm=0|vdroop1=0|batoilo=0|batoilo2=0|batt_vs=30693|mdis_morepower=0|thb_hda=51|cp_on_chip_0=33000|cp_on_chip_1=34000|G3D=37000|cp_on_chip_2=35000|cp_on_chip_3=33000|cp_on_chip_4=33000|rf2_therm=31000|rf1_therm=32000|ISP=35000|TPU=37000|AUR=36000|rfpa_therm=31972|quiet_therm=32640|charging_therm=34599|,ok,1,batched,untouched,4096,8192,4,1,9441,0,1343,0,4,4,ok
1,16,nvhe,4,1795000,1945000,38000,40000,BIG=36000|MID=37000|usb_pwr_therm=30325|btmspkr_therm=30236|disp_therm=30258|north_therm=30949|soc_therm=34510|battery=30700|battery_cycle=5|dc-mains=35000|usbc-therm-adc=350|max77779fg=30700|LITTLE=37000|soc=16|smpl_gm=0|vdroop1=0|batoilo=0|batoilo2=0|batt_vs=30693|mdis_morepower=0|thb_hda=51|cp_on_chip_0=33000|cp_on_chip_1=34000|G3D=36000|cp_on_chip_2=35000|cp_on_chip_3=33000|cp_on_chip_4=33000|rf2_therm=31000|rf1_therm=32000|ISP=35000|TPU=37000|AUR=37000|rfpa_therm=31950|quiet_therm=32618|charging_therm=34577|,BIG=37000|MID=37000|usb_pwr_therm=30325|btmspkr_therm=30236|disp_therm=30258|north_therm=30949|soc_therm=34510|battery=30700|battery_cycle=5|dc-mains=35000|usbc-therm-adc=350|max77779fg=30700|LITTLE=37000|soc=16|smpl_gm=0|vdroop1=0|batoilo=0|batoilo2=0|batt_vs=30693|mdis_morepower=0|thb_hda=51|cp_on_chip_0=33000|cp_on_chip_1=34000|G3D=37000|cp_on_chip_2=35000|cp_on_chip_3=33000|cp_on_chip_4=33000|rf2_therm=31000|rf1_therm=32000|ISP=35000|TPU=37000|AUR=36000|rfpa_therm=31972|quiet_therm=32640|charging_therm=34599|,ok,1,batched,untouched,4096,8192,5,1,6592,0,1261,0,4,4,ok
1,16,nvhe,4,1795000,1945000,38000,40000,BIG=36000|MID=37000|usb_pwr_therm=30325|btmspkr_therm=30236|disp_therm=30258|north_therm=30949|soc_therm=34510|battery=30700|battery_cycle=5|dc-mains=35000|usbc-therm-adc=350|max77779fg=30700|LITTLE=37000|soc=16|smpl_gm=0|vdroop1=0|batoilo=0|batoilo2=0|batt_vs=30693|mdis_morepower=0|thb_hda=51|cp_on_chip_0=33000|cp_on_chip_1=34000|G3D=36000|cp_on_chip_2=35000|cp_on_chip_3=33000|cp_on_chip_4=33000|rf2_therm=31000|rf1_therm=32000|ISP=35000|TPU=37000|AUR=37000|rfpa_therm=31950|quiet_therm=32618|charging_therm=34577|,BIG=37000|MID=37000|usb_pwr_therm=30325|btmspkr_therm=30236|disp_therm=30258|north_therm=30949|soc_therm=34510|battery=30700|battery_cycle=5|dc-mains=35000|usbc-therm-adc=350|max77779fg=30700|LITTLE=37000|soc=16|smpl_gm=0|vdroop1=0|batoilo=0|batoilo2=0|batt_vs=30693|mdis_morepower=0|thb_hda=51|cp_on_chip_0=33000|cp_on_chip_1=34000|G3D=37000|cp_on_chip_2=35000|cp_on_chip_3=33000|cp_on_chip_4=33000|rf2_therm=31000|rf1_therm=32000|ISP=35000|TPU=37000|AUR=36000|rfpa_therm=31972|quiet_therm=32640|charging_therm=34599|,ok,1,batched,untouched,4096,8192,6,1,5168,0,1180,0,4,4,ok
1,16,nvhe,4,1795000,1945000,38000,40000,BIG=36000|MID=37000|usb_pwr_therm=30325|btmspkr_therm=30236|disp_therm=30258|north_therm=30949|soc_therm=34510|battery=30700|battery_cycle=5|dc-mains=35000|usbc-therm-adc=350|max77779fg=30700|LITTLE=37000|soc=16|smpl_gm=0|vdroop1=0|batoilo=0|batoilo2=0|batt_vs=30693|mdis_morepower=0|thb_hda=51|cp_on_chip_0=33000|cp_on_chip_1=34000|G3D=36000|cp_on_chip_2=35000|cp_on_chip_3=33000|cp_on_chip_4=33000|rf2_therm=31000|rf1_therm=32000|ISP=35000|TPU=37000|AUR=37000|rfpa_therm=31950|quiet_therm=32618|charging_therm=34577|,BIG=37000|MID=37000|usb_pwr_therm=30325|btmspkr_therm=30236|disp_therm=30258|north_therm=30949|soc_therm=34510|battery=30700|battery_cycle=5|dc-mains=35000|usbc-therm-adc=350|max77779fg=30700|LITTLE=37000|soc=16|smpl_gm=0|vdroop1=0|batoilo=0|batoilo2=0|batt_vs=30693|mdis_morepower=0|thb_hda=51|cp_on_chip_0=33000|cp_on_chip_1=34000|G3D=37000|cp_on_chip_2=35000|cp_on_chip_3=33000|cp_on_chip_4=33000|rf2_therm=31000|rf1_therm=32000|ISP=35000|TPU=37000|AUR=36000|rfpa_therm=31972|quiet_therm=32640|charging_therm=34599|,ok,1,batched,untouched,4096,8192,7,1,7853,0,1221,0,4,4,ok
1,16,nvhe,4,1795000,1945000,38000,40000,BIG=36000|MID=37000|usb_pwr_therm=30325|btmspkr_therm=30236|disp_therm=30258|north_therm=30949|soc_therm=34510|battery=30700|battery_cycle=5|dc-mains=35000|usbc-therm-adc=350|max77779fg=30700|LITTLE=37000|soc=16|smpl_gm=0|vdroop1=0|batoilo=0|batoilo2=0|batt_vs=30693|mdis_morepower=0|thb_hda=51|cp_on_chip_0=33000|cp_on_chip_1=34000|G3D=36000|cp_on_chip_2=35000|cp_on_chip_3=33000|cp_on_chip_4=33000|rf2_therm=31000|rf1_therm=32000|ISP=35000|TPU=37000|AUR=37000|rfpa_therm=31950|quiet_therm=32618|charging_therm=34577|,BIG=37000|MID=37000|usb_pwr_therm=30325|btmspkr_therm=30236|disp_therm=30258|north_therm=30949|soc_therm=34510|battery=30700|battery_cycle=5|dc-mains=35000|usbc-therm-adc=350|max77779fg=30700|LITTLE=37000|soc=16|smpl_gm=0|vdroop1=0|batoilo=0|batoilo2=0|batt_vs=30693|mdis_morepower=0|thb_hda=51|cp_on_chip_0=33000|cp_on_chip_1=34000|G3D=37000|cp_on_chip_2=35000|cp_on_chip_3=33000|cp_on_chip_4=33000|rf2_therm=31000|rf1_therm=32000|ISP=35000|TPU=37000|AUR=36000|rfpa_therm=31972|quiet_therm=32640|charging_therm=34599|,ok,1,batched,untouched,4096,8192,8,1,4272,0,1180,0,4,4,ok
1,16,nvhe,4,1795000,1945000,38000,40000,BIG=36000|MID=37000|usb_pwr_therm=30325|btmspkr_therm=30236|disp_therm=30258|north_therm=30949|soc_therm=34510|battery=30700|battery_cycle=5|dc-mains=35000|usbc-therm-adc=350|max77779fg=30700|LITTLE=37000|soc=16|smpl_gm=0|vdroop1=0|batoilo=0|batoilo2=0|batt_vs=30693|mdis_morepower=0|thb_hda=51|cp_on_chip_0=33000|cp_on_chip_1=34000|G3D=36000|cp_on_chip_2=35000|cp_on_chip_3=33000|cp_on_chip_4=33000|rf2_therm=31000|rf1_therm=32000|ISP=35000|TPU=37000|AUR=37000|rfpa_therm=31950|quiet_therm=32618|charging_therm=34577|,BIG=37000|MID=37000|usb_pwr_therm=30325|btmspkr_therm=30236|disp_therm=30258|north_therm=30949|soc_therm=34510|battery=30700|battery_cycle=5|dc-mains=35000|usbc-therm-adc=350|max77779fg=30700|LITTLE=37000|soc=16|smpl_gm=0|vdroop1=0|batoilo=0|batoilo2=0|batt_vs=30693|mdis_morepower=0|thb_hda=51|cp_on_chip_0=33000|cp_on_chip_1=34000|G3D=37000|cp_on_chip_2=35000|cp_on_chip_3=33000|cp_on_chip_4=33000|rf2_therm=31000|rf1_therm=32000|ISP=35000|TPU=37000|AUR=36000|rfpa_therm=31972|quiet_therm=32640|charging_therm=34599|,ok,1,batched,untouched,4096,8192,9,1,8993,0,1180,0,4,4,ok
1,16,nvhe,4,1795000,1945000,38000,40000,BIG=36000|MID=37000|usb_pwr_therm=30325|btmspkr_therm=30236|disp_therm=30258|north_therm=30949|soc_therm=34510|battery=30700|battery_cycle=5|dc-mains=35000|usbc-therm-adc=350|max77779fg=30700|LITTLE=37000|soc=16|smpl_gm=0|vdroop1=0|batoilo=0|batoilo2=0|batt_vs=30693|mdis_morepower=0|thb_hda=51|cp_on_chip_0=33000|cp_on_chip_1=34000|G3D=36000|cp_on_chip_2=35000|cp_on_chip_3=33000|cp_on_chip_4=33000|rf2_therm=31000|rf1_therm=32000|ISP=35000|TPU=37000|AUR=37000|rfpa_therm=31950|quiet_therm=32618|charging_therm=34577|,BIG=37000|MID=37000|usb_pwr_therm=30325|btmspkr_therm=30236|disp_therm=30258|north_therm=30949|soc_therm=34510|battery=30700|battery_cycle=5|dc-mains=35000|usbc-therm-adc=350|max77779fg=30700|LITTLE=37000|soc=16|smpl_gm=0|vdroop1=0|batoilo=0|batoilo2=0|batt_vs=30693|mdis_morepower=0|thb_hda=51|cp_on_chip_0=33000|cp_on_chip_1=34000|G3D=37000|cp_on_chip_2=35000|cp_on_chip_3=33000|cp_on_chip_4=33000|rf2_therm=31000|rf1_therm=32000|ISP=35000|TPU=37000|AUR=36000|rfpa_therm=31972|quiet_therm=32640|charging_therm=34599|,ok,1,batched,untouched,4096,8192,10,1,7283,0,1221,0,4,4,ok
1,16,nvhe,4,1795000,1945000,38000,40000,BIG=36000|MID=37000|usb_pwr_therm=30325|btmspkr_therm=30236|disp_therm=30258|north_therm=30949|soc_therm=34510|battery=30700|battery_cycle=5|dc-mains=35000|usbc-therm-adc=350|max77779fg=30700|LITTLE=37000|soc=16|smpl_gm=0|vdroop1=0|batoilo=0|batoilo2=0|batt_vs=30693|mdis_morepower=0|thb_hda=51|cp_on_chip_0=33000|cp_on_chip_1=34000|G3D=36000|cp_on_chip_2=35000|cp_on_chip_3=33000|cp_on_chip_4=33000|rf2_therm=31000|rf1_therm=32000|ISP=35000|TPU=37000|AUR=37000|rfpa_therm=31950|quiet_therm=32618|charging_therm=34577|,BIG=37000|MID=37000|usb_pwr_therm=30325|btmspkr_therm=30236|disp_therm=30258|north_therm=30949|soc_therm=34510|battery=30700|battery_cycle=5|dc-mains=35000|usbc-therm-adc=350|max77779fg=30700|LITTLE=37000|soc=16|smpl_gm=0|vdroop1=0|batoilo=0|batoilo2=0|batt_vs=30693|mdis_morepower=0|thb_hda=51|cp_on_chip_0=33000|cp_on_chip_1=34000|G3D=37000|cp_on_chip_2=35000|cp_on_chip_3=33000|cp_on_chip_4=33000|rf2_therm=31000|rf1_therm=32000|ISP=35000|TPU=37000|AUR=36000|rfpa_therm=31972|quiet_therm=32640|charging_therm=34599|,ok,1,batched,untouched,4096,8192,11,1,16276,0,1261,0,4,4,ok
1,16,nvhe,4,1795000,1945000,38000,40000,BIG=36000|MID=37000|usb_pwr_therm=30325|btmspkr_therm=30236|disp_therm=30258|north_therm=30949|soc_therm=34510|battery=30700|battery_cycle=5|dc-mains=35000|usbc-therm-adc=350|max77779fg=30700|LITTLE=37000|soc=16|smpl_gm=0|vdroop1=0|batoilo=0|batoilo2=0|batt_vs=30693|mdis_morepower=0|thb_hda=51|cp_on_chip_0=33000|cp_on_chip_1=34000|G3D=36000|cp_on_chip_2=35000|cp_on_chip_3=33000|cp_on_chip_4=33000|rf2_therm=31000|rf1_therm=32000|ISP=35000|TPU=37000|AUR=37000|rfpa_therm=31950|quiet_therm=32618|charging_therm=34577|,BIG=37000|MID=37000|usb_pwr_therm=30325|btmspkr_therm=30236|disp_therm=30258|north_therm=30949|soc_therm=34510|battery=30700|battery_cycle=5|dc-mains=35000|usbc-therm-adc=350|max77779fg=30700|LITTLE=37000|soc=16|smpl_gm=0|vdroop1=0|batoilo=0|batoilo2=0|batt_vs=30693|mdis_morepower=0|thb_hda=51|cp_on_chip_0=33000|cp_on_chip_1=34000|G3D=37000|cp_on_chip_2=35000|cp_on_chip_3=33000|cp_on_chip_4=33000|rf2_therm=31000|rf1_therm=32000|ISP=35000|TPU=37000|AUR=36000|rfpa_therm=31972|quiet_therm=32640|charging_therm=34599|,ok,1,batched,untouched,4096,8192,12,1,8586,0,1139,0,4,4,ok
1,16,nvhe,4,1795000,1945000,38000,40000,BIG=36000|MID=37000|usb_pwr_therm=30325|btmspkr_therm=30236|disp_therm=30258|north_therm=30949|soc_therm=34510|battery=30700|battery_cycle=5|dc-mains=35000|usbc-therm-adc=350|max77779fg=30700|LITTLE=37000|soc=16|smpl_gm=0|vdroop1=0|batoilo=0|batoilo2=0|batt_vs=30693|mdis_morepower=0|thb_hda=51|cp_on_chip_0=33000|cp_on_chip_1=34000|G3D=36000|cp_on_chip_2=35000|cp_on_chip_3=33000|cp_on_chip_4=33000|rf2_therm=31000|rf1_therm=32000|ISP=35000|TPU=37000|AUR=37000|rfpa_therm=31950|quiet_therm=32618|charging_therm=34577|,BIG=37000|MID=37000|usb_pwr_therm=30325|btmspkr_therm=30236|disp_therm=30258|north_therm=30949|soc_therm=34510|battery=30700|battery_cycle=5|dc-mains=35000|usbc-therm-adc=350|max77779fg=30700|LITTLE=37000|soc=16|smpl_gm=0|vdroop1=0|batoilo=0|batoilo2=0|batt_vs=30693|mdis_morepower=0|thb_hda=51|cp_on_chip_0=33000|cp_on_chip_1=34000|G3D=37000|cp_on_chip_2=35000|cp_on_chip_3=33000|cp_on_chip_4=33000|rf2_therm=31000|rf1_therm=32000|ISP=35000|TPU=37000|AUR=36000|rfpa_therm=31972|quiet_therm=32640|charging_therm=34599|,ok,1,batched,untouched,4096,8192,13,1,8178,0,1220,0,4,4,ok
1,16,nvhe,4,1795000,1945000,38000,40000,BIG=36000|MID=37000|usb_pwr_therm=30325|btmspkr_therm=30236|disp_therm=30258|north_therm=30949|soc_therm=34510|battery=30700|battery_cycle=5|dc-mains=35000|usbc-therm-adc=350|max77779fg=30700|LITTLE=37000|soc=16|smpl_gm=0|vdroop1=0|batoilo=0|batoilo2=0|batt_vs=30693|mdis_morepower=0|thb_hda=51|cp_on_chip_0=33000|cp_on_chip_1=34000|G3D=36000|cp_on_chip_2=35000|cp_on_chip_3=33000|cp_on_chip_4=33000|rf2_therm=31000|rf1_therm=32000|ISP=35000|TPU=37000|AUR=37000|rfpa_therm=31950|quiet_therm=32618|charging_therm=34577|,BIG=37000|MID=37000|usb_pwr_therm=30325|btmspkr_therm=30236|disp_therm=30258|north_therm=30949|soc_therm=34510|battery=30700|battery_cycle=5|dc-mains=35000|usbc-therm-adc=350|max77779fg=30700|LITTLE=37000|soc=16|smpl_gm=0|vdroop1=0|batoilo=0|batoilo2=0|batt_vs=30693|mdis_morepower=0|thb_hda=51|cp_on_chip_0=33000|cp_on_chip_1=34000|G3D=37000|cp_on_chip_2=35000|cp_on_chip_3=33000|cp_on_chip_4=33000|rf2_therm=31000|rf1_therm=32000|ISP=35000|TPU=37000|AUR=36000|rfpa_therm=31972|quiet_therm=32640|charging_therm=34599|,ok,1,batched,untouched,4096,8192,14,1,8707,0,1181,0,4,4,ok
1,16,nvhe,4,1795000,1945000,38000,40000,BIG=36000|MID=37000|usb_pwr_therm=30325|btmspkr_therm=30236|disp_therm=30258|north_therm=30949|soc_therm=34510|battery=30700|battery_cycle=5|dc-mains=35000|usbc-therm-adc=350|max77779fg=30700|LITTLE=37000|soc=16|smpl_gm=0|vdroop1=0|batoilo=0|batoilo2=0|batt_vs=30693|mdis_morepower=0|thb_hda=51|cp_on_chip_0=33000|cp_on_chip_1=34000|G3D=36000|cp_on_chip_2=35000|cp_on_chip_3=33000|cp_on_chip_4=33000|rf2_therm=31000|rf1_therm=32000|ISP=35000|TPU=37000|AUR=37000|rfpa_therm=31950|quiet_therm=32618|charging_therm=34577|,BIG=37000|MID=37000|usb_pwr_therm=30325|btmspkr_therm=30236|disp_therm=30258|north_therm=30949|soc_therm=34510|battery=30700|battery_cycle=5|dc-mains=35000|usbc-therm-adc=350|max77779fg=30700|LITTLE=37000|soc=16|smpl_gm=0|vdroop1=0|batoilo=0|batoilo2=0|batt_vs=30693|mdis_morepower=0|thb_hda=51|cp_on_chip_0=33000|cp_on_chip_1=34000|G3D=37000|cp_on_chip_2=35000|cp_on_chip_3=33000|cp_on_chip_4=33000|rf2_therm=31000|rf1_therm=32000|ISP=35000|TPU=37000|AUR=36000|rfpa_therm=31972|quiet_therm=32640|charging_therm=34599|,ok,1,batched,untouched,4096,8192,15,1,9074,0,1180,0,4,4,ok
1,16,nvhe,4,1795000,1945000,38000,40000,BIG=36000|MID=37000|usb_pwr_therm=30325|btmspkr_therm=30236|disp_therm=30258|north_therm=30949|soc_therm=34510|battery=30700|battery_cycle=5|dc-mains=35000|usbc-therm-adc=350|max77779fg=30700|LITTLE=37000|soc=16|smpl_gm=0|vdroop1=0|batoilo=0|batoilo2=0|batt_vs=30693|mdis_morepower=0|thb_hda=51|cp_on_chip_0=33000|cp_on_chip_1=34000|G3D=36000|cp_on_chip_2=35000|cp_on_chip_3=33000|cp_on_chip_4=33000|rf2_therm=31000|rf1_therm=32000|ISP=35000|TPU=37000|AUR=37000|rfpa_therm=31950|quiet_therm=32618|charging_therm=34577|,BIG=37000|MID=37000|usb_pwr_therm=30325|btmspkr_therm=30236|disp_therm=30258|north_therm=30949|soc_therm=34510|battery=30700|battery_cycle=5|dc-mains=35000|usbc-therm-adc=350|max77779fg=30700|LITTLE=37000|soc=16|smpl_gm=0|vdroop1=0|batoilo=0|batoilo2=0|batt_vs=30693|mdis_morepower=0|thb_hda=51|cp_on_chip_0=33000|cp_on_chip_1=34000|G3D=37000|cp_on_chip_2=35000|cp_on_chip_3=33000|cp_on_chip_4=33000|rf2_therm=31000|rf1_therm=32000|ISP=35000|TPU=37000|AUR=36000|rfpa_therm=31972|quiet_therm=32640|charging_therm=34599|,ok,1,batched,untouched,4096,8192,16,1,9522,0,1221,0,4,4,ok
1,16,nvhe,4,1795000,1945000,38000,40000,BIG=36000|MID=37000|usb_pwr_therm=30325|btmspkr_therm=30236|disp_therm=30258|north_therm=30949|soc_therm=34510|battery=30700|battery_cycle=5|dc-mains=35000|usbc-therm-adc=350|max77779fg=30700|LITTLE=37000|soc=16|smpl_gm=0|vdroop1=0|batoilo=0|batoilo2=0|batt_vs=30693|mdis_morepower=0|thb_hda=51|cp_on_chip_0=33000|cp_on_chip_1=34000|G3D=36000|cp_on_chip_2=35000|cp_on_chip_3=33000|cp_on_chip_4=33000|rf2_therm=31000|rf1_therm=32000|ISP=35000|TPU=37000|AUR=37000|rfpa_therm=31950|quiet_therm=32618|charging_therm=34577|,BIG=37000|MID=37000|usb_pwr_therm=30325|btmspkr_therm=30236|disp_therm=30258|north_therm=30949|soc_therm=34510|battery=30700|battery_cycle=5|dc-mains=35000|usbc-therm-adc=350|max77779fg=30700|LITTLE=37000|soc=16|smpl_gm=0|vdroop1=0|batoilo=0|batoilo2=0|batt_vs=30693|mdis_morepower=0|thb_hda=51|cp_on_chip_0=33000|cp_on_chip_1=34000|G3D=37000|cp_on_chip_2=35000|cp_on_chip_3=33000|cp_on_chip_4=33000|rf2_therm=31000|rf1_therm=32000|ISP=35000|TPU=37000|AUR=36000|rfpa_therm=31972|quiet_therm=32640|charging_therm=34599|,ok,1,batched,untouched,4096,8192,17,1,9765,0,1180,0,4,4,ok
1,16,nvhe,4,1795000,1945000,38000,40000,BIG=36000|MID=37000|usb_pwr_therm=30325|btmspkr_therm=30236|disp_therm=30258|north_therm=30949|soc_therm=34510|battery=30700|battery_cycle=5|dc-mains=35000|usbc-therm-adc=350|max77779fg=30700|LITTLE=37000|soc=16|smpl_gm=0|vdroop1=0|batoilo=0|batoilo2=0|batt_vs=30693|mdis_morepower=0|thb_hda=51|cp_on_chip_0=33000|cp_on_chip_1=34000|G3D=36000|cp_on_chip_2=35000|cp_on_chip_3=33000|cp_on_chip_4=33000|rf2_therm=31000|rf1_therm=32000|ISP=35000|TPU=37000|AUR=37000|rfpa_therm=31950|quiet_therm=32618|charging_therm=34577|,BIG=37000|MID=37000|usb_pwr_therm=30325|btmspkr_therm=30236|disp_therm=30258|north_therm=30949|soc_therm=34510|battery=30700|battery_cycle=5|dc-mains=35000|usbc-therm-adc=350|max77779fg=30700|LITTLE=37000|soc=16|smpl_gm=0|vdroop1=0|batoilo=0|batoilo2=0|batt_vs=30693|mdis_morepower=0|thb_hda=51|cp_on_chip_0=33000|cp_on_chip_1=34000|G3D=37000|cp_on_chip_2=35000|cp_on_chip_3=33000|cp_on_chip_4=33000|rf2_therm=31000|rf1_therm=32000|ISP=35000|TPU=37000|AUR=36000|rfpa_therm=31972|quiet_therm=32640|charging_therm=34599|,ok,1,batched,untouched,4096,8192,18,1,9847,0,1220,0,4,4,ok
1,16,nvhe,4,1795000,1945000,38000,40000,BIG=36000|MID=37000|usb_pwr_therm=30325|btmspkr_therm=30236|disp_therm=30258|north_therm=30949|soc_therm=34510|battery=30700|battery_cycle=5|dc-mains=35000|usbc-therm-adc=350|max77779fg=30700|LITTLE=37000|soc=16|smpl_gm=0|vdroop1=0|batoilo=0|batoilo2=0|batt_vs=30693|mdis_morepower=0|thb_hda=51|cp_on_chip_0=33000|cp_on_chip_1=34000|G3D=36000|cp_on_chip_2=35000|cp_on_chip_3=33000|cp_on_chip_4=33000|rf2_therm=31000|rf1_therm=32000|ISP=35000|TPU=37000|AUR=37000|rfpa_therm=31950|quiet_therm=32618|charging_therm=34577|,BIG=37000|MID=37000|usb_pwr_therm=30325|btmspkr_therm=30236|disp_therm=30258|north_therm=30949|soc_therm=34510|battery=30700|battery_cycle=5|dc-mains=35000|usbc-therm-adc=350|max77779fg=30700|LITTLE=37000|soc=16|smpl_gm=0|vdroop1=0|batoilo=0|batoilo2=0|batt_vs=30693|mdis_morepower=0|thb_hda=51|cp_on_chip_0=33000|cp_on_chip_1=34000|G3D=37000|cp_on_chip_2=35000|cp_on_chip_3=33000|cp_on_chip_4=33000|rf2_therm=31000|rf1_therm=32000|ISP=35000|TPU=37000|AUR=36000|rfpa_therm=31972|quiet_therm=32640|charging_therm=34599|,ok,1,batched,untouched,4096,8192,19,1,6796,0,1180,0,4,4,ok
1,16,nvhe,4,1795000,1945000,38000,40000,BIG=36000|MID=37000|usb_pwr_therm=30325|btmspkr_therm=30236|disp_therm=30258|north_therm=30949|soc_therm=34510|battery=30700|battery_cycle=5|dc-mains=35000|usbc-therm-adc=350|max77779fg=30700|LITTLE=37000|soc=16|smpl_gm=0|vdroop1=0|batoilo=0|batoilo2=0|batt_vs=30693|mdis_morepower=0|thb_hda=51|cp_on_chip_0=33000|cp_on_chip_1=34000|G3D=36000|cp_on_chip_2=35000|cp_on_chip_3=33000|cp_on_chip_4=33000|rf2_therm=31000|rf1_therm=32000|ISP=35000|TPU=37000|AUR=37000|rfpa_therm=31950|quiet_therm=32618|charging_therm=34577|,BIG=37000|MID=37000|usb_pwr_therm=30325|btmspkr_therm=30236|disp_therm=30258|north_therm=30949|soc_therm=34510|battery=30700|battery_cycle=5|dc-mains=35000|usbc-therm-adc=350|max77779fg=30700|LITTLE=37000|soc=16|smpl_gm=0|vdroop1=0|batoilo=0|batoilo2=0|batt_vs=30693|mdis_morepower=0|thb_hda=51|cp_on_chip_0=33000|cp_on_chip_1=34000|G3D=37000|cp_on_chip_2=35000|cp_on_chip_3=33000|cp_on_chip_4=33000|rf2_therm=31000|rf1_therm=32000|ISP=35000|TPU=37000|AUR=36000|rfpa_therm=31972|quiet_therm=32640|charging_therm=34599|,ok,1,batched,untouched,4096,8192,20,1,7731,0,1181,0,4,4,ok
1,16,nvhe,4,1795000,1945000,38000,40000,BIG=36000|MID=37000|usb_pwr_therm=30325|btmspkr_therm=30236|disp_therm=30258|north_therm=30949|soc_therm=34510|battery=30700|battery_cycle=5|dc-mains=35000|usbc-therm-adc=350|max77779fg=30700|LITTLE=37000|soc=16|smpl_gm=0|vdroop1=0|batoilo=0|batoilo2=0|batt_vs=30693|mdis_morepower=0|thb_hda=51|cp_on_chip_0=33000|cp_on_chip_1=34000|G3D=36000|cp_on_chip_2=35000|cp_on_chip_3=33000|cp_on_chip_4=33000|rf2_therm=31000|rf1_therm=32000|ISP=35000|TPU=37000|AUR=37000|rfpa_therm=31950|quiet_therm=32618|charging_therm=34577|,BIG=37000|MID=37000|usb_pwr_therm=30325|btmspkr_therm=30236|disp_therm=30258|north_therm=30949|soc_therm=34510|battery=30700|battery_cycle=5|dc-mains=35000|usbc-therm-adc=350|max77779fg=30700|LITTLE=37000|soc=16|smpl_gm=0|vdroop1=0|batoilo=0|batoilo2=0|batt_vs=30693|mdis_morepower=0|thb_hda=51|cp_on_chip_0=33000|cp_on_chip_1=34000|G3D=37000|cp_on_chip_2=35000|cp_on_chip_3=33000|cp_on_chip_4=33000|rf2_therm=31000|rf1_therm=32000|ISP=35000|TPU=37000|AUR=36000|rfpa_therm=31972|quiet_therm=32640|charging_therm=34599|,ok,1,batched,untouched,4096,8192,21,1,8220,0,1180,0,4,4,ok
1,16,nvhe,4,1795000,1945000,38000,40000,BIG=36000|MID=37000|usb_pwr_therm=30325|btmspkr_therm=30236|disp_therm=30258|north_therm=30949|soc_therm=34510|battery=30700|battery_cycle=5|dc-mains=35000|usbc-therm-adc=350|max77779fg=30700|LITTLE=37000|soc=16|smpl_gm=0|vdroop1=0|batoilo=0|batoilo2=0|batt_vs=30693|mdis_morepower=0|thb_hda=51|cp_on_chip_0=33000|cp_on_chip_1=34000|G3D=36000|cp_on_chip_2=35000|cp_on_chip_3=33000|cp_on_chip_4=33000|rf2_therm=31000|rf1_therm=32000|ISP=35000|TPU=37000|AUR=37000|rfpa_therm=31950|quiet_therm=32618|charging_therm=34577|,BIG=37000|MID=37000|usb_pwr_therm=30325|btmspkr_therm=30236|disp_therm=30258|north_therm=30949|soc_therm=34510|battery=30700|battery_cycle=5|dc-mains=35000|usbc-therm-adc=350|max77779fg=30700|LITTLE=37000|soc=16|smpl_gm=0|vdroop1=0|batoilo=0|batoilo2=0|batt_vs=30693|mdis_morepower=0|thb_hda=51|cp_on_chip_0=33000|cp_on_chip_1=34000|G3D=37000|cp_on_chip_2=35000|cp_on_chip_3=33000|cp_on_chip_4=33000|rf2_therm=31000|rf1_therm=32000|ISP=35000|TPU=37000|AUR=36000|rfpa_therm=31972|quiet_therm=32640|charging_therm=34599|,ok,1,batched,untouched,4096,8192,22,1,7649,0,1221,0,4,4,ok
1,16,nvhe,4,1795000,1945000,38000,40000,BIG=36000|MID=37000|usb_pwr_therm=30325|btmspkr_therm=30236|disp_therm=30258|north_therm=30949|soc_therm=34510|battery=30700|battery_cycle=5|dc-mains=35000|usbc-therm-adc=350|max77779fg=30700|LITTLE=37000|soc=16|smpl_gm=0|vdroop1=0|batoilo=0|batoilo2=0|batt_vs=30693|mdis_morepower=0|thb_hda=51|cp_on_chip_0=33000|cp_on_chip_1=34000|G3D=36000|cp_on_chip_2=35000|cp_on_chip_3=33000|cp_on_chip_4=33000|rf2_therm=31000|rf1_therm=32000|ISP=35000|TPU=37000|AUR=37000|rfpa_therm=31950|quiet_therm=32618|charging_therm=34577|,BIG=37000|MID=37000|usb_pwr_therm=30325|btmspkr_therm=30236|disp_therm=30258|north_therm=30949|soc_therm=34510|battery=30700|battery_cycle=5|dc-mains=35000|usbc-therm-adc=350|max77779fg=30700|LITTLE=37000|soc=16|smpl_gm=0|vdroop1=0|batoilo=0|batoilo2=0|batt_vs=30693|mdis_morepower=0|thb_hda=51|cp_on_chip_0=33000|cp_on_chip_1=34000|G3D=37000|cp_on_chip_2=35000|cp_on_chip_3=33000|cp_on_chip_4=33000|rf2_therm=31000|rf1_therm=32000|ISP=35000|TPU=37000|AUR=36000|rfpa_therm=31972|quiet_therm=32640|charging_therm=34599|,ok,1,batched,untouched,4096,8192,23,1,9603,0,1139,0,4,4,ok
1,16,nvhe,4,1795000,1945000,38000,40000,BIG=36000|MID=37000|usb_pwr_therm=30325|btmspkr_therm=30236|disp_therm=30258|north_therm=30949|soc_therm=34510|battery=30700|battery_cycle=5|dc-mains=35000|usbc-therm-adc=350|max77779fg=30700|LITTLE=37000|soc=16|smpl_gm=0|vdroop1=0|batoilo=0|batoilo2=0|batt_vs=30693|mdis_morepower=0|thb_hda=51|cp_on_chip_0=33000|cp_on_chip_1=34000|G3D=36000|cp_on_chip_2=35000|cp_on_chip_3=33000|cp_on_chip_4=33000|rf2_therm=31000|rf1_therm=32000|ISP=35000|TPU=37000|AUR=37000|rfpa_therm=31950|quiet_therm=32618|charging_therm=34577|,BIG=37000|MID=37000|usb_pwr_therm=30325|btmspkr_therm=30236|disp_therm=30258|north_therm=30949|soc_therm=34510|battery=30700|battery_cycle=5|dc-mains=35000|usbc-therm-adc=350|max77779fg=30700|LITTLE=37000|soc=16|smpl_gm=0|vdroop1=0|batoilo=0|batoilo2=0|batt_vs=30693|mdis_morepower=0|thb_hda=51|cp_on_chip_0=33000|cp_on_chip_1=34000|G3D=37000|cp_on_chip_2=35000|cp_on_chip_3=33000|cp_on_chip_4=33000|rf2_therm=31000|rf1_therm=32000|ISP=35000|TPU=37000|AUR=36000|rfpa_therm=31972|quiet_therm=32640|charging_therm=34599|,ok,1,batched,untouched,4096,8192,24,1,6388,0,1181,0,4,4,ok
1,16,nvhe,4,1795000,1945000,38000,40000,BIG=36000|MID=37000|usb_pwr_therm=30325|btmspkr_therm=30236|disp_therm=30258|north_therm=30949|soc_therm=34510|battery=30700|battery_cycle=5|dc-mains=35000|usbc-therm-adc=350|max77779fg=30700|LITTLE=37000|soc=16|smpl_gm=0|vdroop1=0|batoilo=0|batoilo2=0|batt_vs=30693|mdis_morepower=0|thb_hda=51|cp_on_chip_0=33000|cp_on_chip_1=34000|G3D=36000|cp_on_chip_2=35000|cp_on_chip_3=33000|cp_on_chip_4=33000|rf2_therm=31000|rf1_therm=32000|ISP=35000|TPU=37000|AUR=37000|rfpa_therm=31950|quiet_therm=32618|charging_therm=34577|,BIG=37000|MID=37000|usb_pwr_therm=30325|btmspkr_therm=30236|disp_therm=30258|north_therm=30949|soc_therm=34510|battery=30700|battery_cycle=5|dc-mains=35000|usbc-therm-adc=350|max77779fg=30700|LITTLE=37000|soc=16|smpl_gm=0|vdroop1=0|batoilo=0|batoilo2=0|batt_vs=30693|mdis_morepower=0|thb_hda=51|cp_on_chip_0=33000|cp_on_chip_1=34000|G3D=37000|cp_on_chip_2=35000|cp_on_chip_3=33000|cp_on_chip_4=33000|rf2_therm=31000|rf1_therm=32000|ISP=35000|TPU=37000|AUR=36000|rfpa_therm=31972|quiet_therm=32640|charging_therm=34599|,ok,1,batched,untouched,4096,8192,25,1,9237,0,1221,0,4,4,ok
1,16,nvhe,4,1795000,1945000,38000,40000,BIG=36000|MID=37000|usb_pwr_therm=30325|btmspkr_therm=30236|disp_therm=30258|north_therm=30949|soc_therm=34510|battery=30700|battery_cycle=5|dc-mains=35000|usbc-therm-adc=350|max77779fg=30700|LITTLE=37000|soc=16|smpl_gm=0|vdroop1=0|batoilo=0|batoilo2=0|batt_vs=30693|mdis_morepower=0|thb_hda=51|cp_on_chip_0=33000|cp_on_chip_1=34000|G3D=36000|cp_on_chip_2=35000|cp_on_chip_3=33000|cp_on_chip_4=33000|rf2_therm=31000|rf1_therm=32000|ISP=35000|TPU=37000|AUR=37000|rfpa_therm=31950|quiet_therm=32618|charging_therm=34577|,BIG=37000|MID=37000|usb_pwr_therm=30325|btmspkr_therm=30236|disp_therm=30258|north_therm=30949|soc_therm=34510|battery=30700|battery_cycle=5|dc-mains=35000|usbc-therm-adc=350|max77779fg=30700|LITTLE=37000|soc=16|smpl_gm=0|vdroop1=0|batoilo=0|batoilo2=0|batt_vs=30693|mdis_morepower=0|thb_hda=51|cp_on_chip_0=33000|cp_on_chip_1=34000|G3D=37000|cp_on_chip_2=35000|cp_on_chip_3=33000|cp_on_chip_4=33000|rf2_therm=31000|rf1_therm=32000|ISP=35000|TPU=37000|AUR=36000|rfpa_therm=31972|quiet_therm=32640|charging_therm=34599|,ok,1,batched,untouched,4096,8192,26,1,9440,0,1221,0,4,4,ok
1,16,nvhe,4,1795000,1945000,38000,40000,BIG=36000|MID=37000|usb_pwr_therm=30325|btmspkr_therm=30236|disp_therm=30258|north_therm=30949|soc_therm=34510|battery=30700|battery_cycle=5|dc-mains=35000|usbc-therm-adc=350|max77779fg=30700|LITTLE=37000|soc=16|smpl_gm=0|vdroop1=0|batoilo=0|batoilo2=0|batt_vs=30693|mdis_morepower=0|thb_hda=51|cp_on_chip_0=33000|cp_on_chip_1=34000|G3D=36000|cp_on_chip_2=35000|cp_on_chip_3=33000|cp_on_chip_4=33000|rf2_therm=31000|rf1_therm=32000|ISP=35000|TPU=37000|AUR=37000|rfpa_therm=31950|quiet_therm=32618|charging_therm=34577|,BIG=37000|MID=37000|usb_pwr_therm=30325|btmspkr_therm=30236|disp_therm=30258|north_therm=30949|soc_therm=34510|battery=30700|battery_cycle=5|dc-mains=35000|usbc-therm-adc=350|max77779fg=30700|LITTLE=37000|soc=16|smpl_gm=0|vdroop1=0|batoilo=0|batoilo2=0|batt_vs=30693|mdis_morepower=0|thb_hda=51|cp_on_chip_0=33000|cp_on_chip_1=34000|G3D=37000|cp_on_chip_2=35000|cp_on_chip_3=33000|cp_on_chip_4=33000|rf2_therm=31000|rf1_therm=32000|ISP=35000|TPU=37000|AUR=36000|rfpa_therm=31972|quiet_therm=32640|charging_therm=34599|,ok,1,batched,untouched,4096,8192,27,1,10010,0,1221,0,4,4,ok
1,16,nvhe,4,1795000,1945000,38000,40000,BIG=36000|MID=37000|usb_pwr_therm=30325|btmspkr_therm=30236|disp_therm=30258|north_therm=30949|soc_therm=34510|battery=30700|battery_cycle=5|dc-mains=35000|usbc-therm-adc=350|max77779fg=30700|LITTLE=37000|soc=16|smpl_gm=0|vdroop1=0|batoilo=0|batoilo2=0|batt_vs=30693|mdis_morepower=0|thb_hda=51|cp_on_chip_0=33000|cp_on_chip_1=34000|G3D=36000|cp_on_chip_2=35000|cp_on_chip_3=33000|cp_on_chip_4=33000|rf2_therm=31000|rf1_therm=32000|ISP=35000|TPU=37000|AUR=37000|rfpa_therm=31950|quiet_therm=32618|charging_therm=34577|,BIG=37000|MID=37000|usb_pwr_therm=30325|btmspkr_therm=30236|disp_therm=30258|north_therm=30949|soc_therm=34510|battery=30700|battery_cycle=5|dc-mains=35000|usbc-therm-adc=350|max77779fg=30700|LITTLE=37000|soc=16|smpl_gm=0|vdroop1=0|batoilo=0|batoilo2=0|batt_vs=30693|mdis_morepower=0|thb_hda=51|cp_on_chip_0=33000|cp_on_chip_1=34000|G3D=37000|cp_on_chip_2=35000|cp_on_chip_3=33000|cp_on_chip_4=33000|rf2_therm=31000|rf1_therm=32000|ISP=35000|TPU=37000|AUR=36000|rfpa_therm=31972|quiet_therm=32640|charging_therm=34599|,ok,1,batched,untouched,4096,8192,28,1,8301,0,1220,0,4,4,ok
1,16,nvhe,4,1795000,1945000,38000,40000,BIG=36000|MID=37000|usb_pwr_therm=30325|btmspkr_therm=30236|disp_therm=30258|north_therm=30949|soc_therm=34510|battery=30700|battery_cycle=5|dc-mains=35000|usbc-therm-adc=350|max77779fg=30700|LITTLE=37000|soc=16|smpl_gm=0|vdroop1=0|batoilo=0|batoilo2=0|batt_vs=30693|mdis_morepower=0|thb_hda=51|cp_on_chip_0=33000|cp_on_chip_1=34000|G3D=36000|cp_on_chip_2=35000|cp_on_chip_3=33000|cp_on_chip_4=33000|rf2_therm=31000|rf1_therm=32000|ISP=35000|TPU=37000|AUR=37000|rfpa_therm=31950|quiet_therm=32618|charging_therm=34577|,BIG=37000|MID=37000|usb_pwr_therm=30325|btmspkr_therm=30236|disp_therm=30258|north_therm=30949|soc_therm=34510|battery=30700|battery_cycle=5|dc-mains=35000|usbc-therm-adc=350|max77779fg=30700|LITTLE=37000|soc=16|smpl_gm=0|vdroop1=0|batoilo=0|batoilo2=0|batt_vs=30693|mdis_morepower=0|thb_hda=51|cp_on_chip_0=33000|cp_on_chip_1=34000|G3D=37000|cp_on_chip_2=35000|cp_on_chip_3=33000|cp_on_chip_4=33000|rf2_therm=31000|rf1_therm=32000|ISP=35000|TPU=37000|AUR=36000|rfpa_therm=31972|quiet_therm=32640|charging_therm=34599|,ok,1,batched,untouched,4096,8192,29,1,7527,0,1180,0,4,4,ok
1,17,nvhe,4,1795000,578000,37000,38000,BIG=37000|MID=37000|usb_pwr_therm=30325|btmspkr_therm=30236|disp_therm=30258|north_therm=30971|soc_therm=34555|battery=30700|battery_cycle=5|dc-mains=35000|usbc-therm-adc=350|max77779fg=30700|LITTLE=36000|soc=16|smpl_gm=0|vdroop1=0|batoilo=0|batoilo2=0|batt_vs=30693|mdis_morepower=0|thb_hda=51|cp_on_chip_0=33000|cp_on_chip_1=34000|G3D=36000|cp_on_chip_2=35000|cp_on_chip_3=33000|cp_on_chip_4=33000|rf2_therm=31000|rf1_therm=32000|ISP=35000|TPU=36000|AUR=36000|rfpa_therm=31972|quiet_therm=32640|charging_therm=34599|,BIG=37000|MID=37000|usb_pwr_therm=30325|btmspkr_therm=30236|disp_therm=30258|north_therm=30993|soc_therm=34577|battery=30700|battery_cycle=5|dc-mains=35000|usbc-therm-adc=350|max77779fg=30700|LITTLE=37000|soc=16|smpl_gm=0|vdroop1=0|batoilo=0|batoilo2=0|batt_vs=30694|mdis_morepower=0|thb_hda=51|cp_on_chip_0=33000|cp_on_chip_1=34000|G3D=37000|cp_on_chip_2=35000|cp_on_chip_3=33000|cp_on_chip_4=33000|rf2_therm=31000|rf1_therm=32000|ISP=35000|TPU=36000|AUR=36000|rfpa_therm=31995|quiet_therm=32663|charging_therm=34621|,ok,1,single,untouched,4096,4096,0,4096,9521,0,1683431,0,4,4,ok
1,17,nvhe,4,1795000,578000,37000,38000,BIG=37000|MID=37000|usb_pwr_therm=30325|btmspkr_therm=30236|disp_therm=30258|north_therm=30971|soc_therm=34555|battery=30700|battery_cycle=5|dc-mains=35000|usbc-therm-adc=350|max77779fg=30700|LITTLE=36000|soc=16|smpl_gm=0|vdroop1=0|batoilo=0|batoilo2=0|batt_vs=30693|mdis_morepower=0|thb_hda=51|cp_on_chip_0=33000|cp_on_chip_1=34000|G3D=36000|cp_on_chip_2=35000|cp_on_chip_3=33000|cp_on_chip_4=33000|rf2_therm=31000|rf1_therm=32000|ISP=35000|TPU=36000|AUR=36000|rfpa_therm=31972|quiet_therm=32640|charging_therm=34599|,BIG=37000|MID=37000|usb_pwr_therm=30325|btmspkr_therm=30236|disp_therm=30258|north_therm=30993|soc_therm=34577|battery=30700|battery_cycle=5|dc-mains=35000|usbc-therm-adc=350|max77779fg=30700|LITTLE=37000|soc=16|smpl_gm=0|vdroop1=0|batoilo=0|batoilo2=0|batt_vs=30694|mdis_morepower=0|thb_hda=51|cp_on_chip_0=33000|cp_on_chip_1=34000|G3D=37000|cp_on_chip_2=35000|cp_on_chip_3=33000|cp_on_chip_4=33000|rf2_therm=31000|rf1_therm=32000|ISP=35000|TPU=36000|AUR=36000|rfpa_therm=31995|quiet_therm=32663|charging_therm=34621|,ok,1,single,untouched,4096,4096,1,4096,4069,0,1586874,0,4,4,ok
1,17,nvhe,4,1795000,578000,37000,38000,BIG=37000|MID=37000|usb_pwr_therm=30325|btmspkr_therm=30236|disp_therm=30258|north_therm=30971|soc_therm=34555|battery=30700|battery_cycle=5|dc-mains=35000|usbc-therm-adc=350|max77779fg=30700|LITTLE=36000|soc=16|smpl_gm=0|vdroop1=0|batoilo=0|batoilo2=0|batt_vs=30693|mdis_morepower=0|thb_hda=51|cp_on_chip_0=33000|cp_on_chip_1=34000|G3D=36000|cp_on_chip_2=35000|cp_on_chip_3=33000|cp_on_chip_4=33000|rf2_therm=31000|rf1_therm=32000|ISP=35000|TPU=36000|AUR=36000|rfpa_therm=31972|quiet_therm=32640|charging_therm=34599|,BIG=37000|MID=37000|usb_pwr_therm=30325|btmspkr_therm=30236|disp_therm=30258|north_therm=30993|soc_therm=34577|battery=30700|battery_cycle=5|dc-mains=35000|usbc-therm-adc=350|max77779fg=30700|LITTLE=37000|soc=16|smpl_gm=0|vdroop1=0|batoilo=0|batoilo2=0|batt_vs=30694|mdis_morepower=0|thb_hda=51|cp_on_chip_0=33000|cp_on_chip_1=34000|G3D=37000|cp_on_chip_2=35000|cp_on_chip_3=33000|cp_on_chip_4=33000|rf2_therm=31000|rf1_therm=32000|ISP=35000|TPU=36000|AUR=36000|rfpa_therm=31995|quiet_therm=32663|charging_therm=34621|,ok,1,single,untouched,4096,4096,2,4096,3621,0,1610229,0,4,4,ok
1,17,nvhe,4,1795000,578000,37000,38000,BIG=37000|MID=37000|usb_pwr_therm=30325|btmspkr_therm=30236|disp_therm=30258|north_therm=30971|soc_therm=34555|battery=30700|battery_cycle=5|dc-mains=35000|usbc-therm-adc=350|max77779fg=30700|LITTLE=36000|soc=16|smpl_gm=0|vdroop1=0|batoilo=0|batoilo2=0|batt_vs=30693|mdis_morepower=0|thb_hda=51|cp_on_chip_0=33000|cp_on_chip_1=34000|G3D=36000|cp_on_chip_2=35000|cp_on_chip_3=33000|cp_on_chip_4=33000|rf2_therm=31000|rf1_therm=32000|ISP=35000|TPU=36000|AUR=36000|rfpa_therm=31972|quiet_therm=32640|charging_therm=34599|,BIG=37000|MID=37000|usb_pwr_therm=30325|btmspkr_therm=30236|disp_therm=30258|north_therm=30993|soc_therm=34577|battery=30700|battery_cycle=5|dc-mains=35000|usbc-therm-adc=350|max77779fg=30700|LITTLE=37000|soc=16|smpl_gm=0|vdroop1=0|batoilo=0|batoilo2=0|batt_vs=30694|mdis_morepower=0|thb_hda=51|cp_on_chip_0=33000|cp_on_chip_1=34000|G3D=37000|cp_on_chip_2=35000|cp_on_chip_3=33000|cp_on_chip_4=33000|rf2_therm=31000|rf1_therm=32000|ISP=35000|TPU=36000|AUR=36000|rfpa_therm=31995|quiet_therm=32663|charging_therm=34621|,ok,1,single,untouched,4096,4096,3,4096,3296,0,1586710,0,4,4,ok
1,17,nvhe,4,1795000,578000,37000,38000,BIG=37000|MID=37000|usb_pwr_therm=30325|btmspkr_therm=30236|disp_therm=30258|north_therm=30971|soc_therm=34555|battery=30700|battery_cycle=5|dc-mains=35000|usbc-therm-adc=350|max77779fg=30700|LITTLE=36000|soc=16|smpl_gm=0|vdroop1=0|batoilo=0|batoilo2=0|batt_vs=30693|mdis_morepower=0|thb_hda=51|cp_on_chip_0=33000|cp_on_chip_1=34000|G3D=36000|cp_on_chip_2=35000|cp_on_chip_3=33000|cp_on_chip_4=33000|rf2_therm=31000|rf1_therm=32000|ISP=35000|TPU=36000|AUR=36000|rfpa_therm=31972|quiet_therm=32640|charging_therm=34599|,BIG=37000|MID=37000|usb_pwr_therm=30325|btmspkr_therm=30236|disp_therm=30258|north_therm=30993|soc_therm=34577|battery=30700|battery_cycle=5|dc-mains=35000|usbc-therm-adc=350|max77779fg=30700|LITTLE=37000|soc=16|smpl_gm=0|vdroop1=0|batoilo=0|batoilo2=0|batt_vs=30694|mdis_morepower=0|thb_hda=51|cp_on_chip_0=33000|cp_on_chip_1=34000|G3D=37000|cp_on_chip_2=35000|cp_on_chip_3=33000|cp_on_chip_4=33000|rf2_therm=31000|rf1_therm=32000|ISP=35000|TPU=36000|AUR=36000|rfpa_therm=31995|quiet_therm=32663|charging_therm=34621|,ok,1,single,untouched,4096,4096,4,4096,3174,0,1768351,0,4,4,ok
1,17,nvhe,4,1795000,578000,37000,38000,BIG=37000|MID=37000|usb_pwr_therm=30325|btmspkr_therm=30236|disp_therm=30258|north_therm=30971|soc_therm=34555|battery=30700|battery_cycle=5|dc-mains=35000|usbc-therm-adc=350|max77779fg=30700|LITTLE=36000|soc=16|smpl_gm=0|vdroop1=0|batoilo=0|batoilo2=0|batt_vs=30693|mdis_morepower=0|thb_hda=51|cp_on_chip_0=33000|cp_on_chip_1=34000|G3D=36000|cp_on_chip_2=35000|cp_on_chip_3=33000|cp_on_chip_4=33000|rf2_therm=31000|rf1_therm=32000|ISP=35000|TPU=36000|AUR=36000|rfpa_therm=31972|quiet_therm=32640|charging_therm=34599|,BIG=37000|MID=37000|usb_pwr_therm=30325|btmspkr_therm=30236|disp_therm=30258|north_therm=30993|soc_therm=34577|battery=30700|battery_cycle=5|dc-mains=35000|usbc-therm-adc=350|max77779fg=30700|LITTLE=37000|soc=16|smpl_gm=0|vdroop1=0|batoilo=0|batoilo2=0|batt_vs=30694|mdis_morepower=0|thb_hda=51|cp_on_chip_0=33000|cp_on_chip_1=34000|G3D=37000|cp_on_chip_2=35000|cp_on_chip_3=33000|cp_on_chip_4=33000|rf2_therm=31000|rf1_therm=32000|ISP=35000|TPU=36000|AUR=36000|rfpa_therm=31995|quiet_therm=32663|charging_therm=34621|,ok,1,single,untouched,4096,4096,5,4096,3174,0,1695597,0,4,4,ok
1,17,nvhe,4,1795000,578000,37000,38000,BIG=37000|MID=37000|usb_pwr_therm=30325|btmspkr_therm=30236|disp_therm=30258|north_therm=30971|soc_therm=34555|battery=30700|battery_cycle=5|dc-mains=35000|usbc-therm-adc=350|max77779fg=30700|LITTLE=36000|soc=16|smpl_gm=0|vdroop1=0|batoilo=0|batoilo2=0|batt_vs=30693|mdis_morepower=0|thb_hda=51|cp_on_chip_0=33000|cp_on_chip_1=34000|G3D=36000|cp_on_chip_2=35000|cp_on_chip_3=33000|cp_on_chip_4=33000|rf2_therm=31000|rf1_therm=32000|ISP=35000|TPU=36000|AUR=36000|rfpa_therm=31972|quiet_therm=32640|charging_therm=34599|,BIG=37000|MID=37000|usb_pwr_therm=30325|btmspkr_therm=30236|disp_therm=30258|north_therm=30993|soc_therm=34577|battery=30700|battery_cycle=5|dc-mains=35000|usbc-therm-adc=350|max77779fg=30700|LITTLE=37000|soc=16|smpl_gm=0|vdroop1=0|batoilo=0|batoilo2=0|batt_vs=30694|mdis_morepower=0|thb_hda=51|cp_on_chip_0=33000|cp_on_chip_1=34000|G3D=37000|cp_on_chip_2=35000|cp_on_chip_3=33000|cp_on_chip_4=33000|rf2_therm=31000|rf1_therm=32000|ISP=35000|TPU=36000|AUR=36000|rfpa_therm=31995|quiet_therm=32663|charging_therm=34621|,ok,1,single,untouched,4096,4096,6,4096,3458,0,1786092,0,4,4,ok
1,17,nvhe,4,1795000,578000,37000,38000,BIG=37000|MID=37000|usb_pwr_therm=30325|btmspkr_therm=30236|disp_therm=30258|north_therm=30971|soc_therm=34555|battery=30700|battery_cycle=5|dc-mains=35000|usbc-therm-adc=350|max77779fg=30700|LITTLE=36000|soc=16|smpl_gm=0|vdroop1=0|batoilo=0|batoilo2=0|batt_vs=30693|mdis_morepower=0|thb_hda=51|cp_on_chip_0=33000|cp_on_chip_1=34000|G3D=36000|cp_on_chip_2=35000|cp_on_chip_3=33000|cp_on_chip_4=33000|rf2_therm=31000|rf1_therm=32000|ISP=35000|TPU=36000|AUR=36000|rfpa_therm=31972|quiet_therm=32640|charging_therm=34599|,BIG=37000|MID=37000|usb_pwr_therm=30325|btmspkr_therm=30236|disp_therm=30258|north_therm=30993|soc_therm=34577|battery=30700|battery_cycle=5|dc-mains=35000|usbc-therm-adc=350|max77779fg=30700|LITTLE=37000|soc=16|smpl_gm=0|vdroop1=0|batoilo=0|batoilo2=0|batt_vs=30694|mdis_morepower=0|thb_hda=51|cp_on_chip_0=33000|cp_on_chip_1=34000|G3D=37000|cp_on_chip_2=35000|cp_on_chip_3=33000|cp_on_chip_4=33000|rf2_therm=31000|rf1_therm=32000|ISP=35000|TPU=36000|AUR=36000|rfpa_therm=31995|quiet_therm=32663|charging_therm=34621|,ok,1,single,untouched,4096,4096,7,4096,23397,0,1655314,0,4,4,ok
1,17,nvhe,4,1795000,578000,37000,38000,BIG=37000|MID=37000|usb_pwr_therm=30325|btmspkr_therm=30236|disp_therm=30258|north_therm=30971|soc_therm=34555|battery=30700|battery_cycle=5|dc-mains=35000|usbc-therm-adc=350|max77779fg=30700|LITTLE=36000|soc=16|smpl_gm=0|vdroop1=0|batoilo=0|batoilo2=0|batt_vs=30693|mdis_morepower=0|thb_hda=51|cp_on_chip_0=33000|cp_on_chip_1=34000|G3D=36000|cp_on_chip_2=35000|cp_on_chip_3=33000|cp_on_chip_4=33000|rf2_therm=31000|rf1_therm=32000|ISP=35000|TPU=36000|AUR=36000|rfpa_therm=31972|quiet_therm=32640|charging_therm=34599|,BIG=37000|MID=37000|usb_pwr_therm=30325|btmspkr_therm=30236|disp_therm=30258|north_therm=30993|soc_therm=34577|battery=30700|battery_cycle=5|dc-mains=35000|usbc-therm-adc=350|max77779fg=30700|LITTLE=37000|soc=16|smpl_gm=0|vdroop1=0|batoilo=0|batoilo2=0|batt_vs=30694|mdis_morepower=0|thb_hda=51|cp_on_chip_0=33000|cp_on_chip_1=34000|G3D=37000|cp_on_chip_2=35000|cp_on_chip_3=33000|cp_on_chip_4=33000|rf2_therm=31000|rf1_therm=32000|ISP=35000|TPU=36000|AUR=36000|rfpa_therm=31995|quiet_therm=32663|charging_therm=34621|,ok,1,single,untouched,4096,4096,8,4096,2604,0,1553345,0,4,4,ok
1,17,nvhe,4,1795000,578000,37000,38000,BIG=37000|MID=37000|usb_pwr_therm=30325|btmspkr_therm=30236|disp_therm=30258|north_therm=30971|soc_therm=34555|battery=30700|battery_cycle=5|dc-mains=35000|usbc-therm-adc=350|max77779fg=30700|LITTLE=36000|soc=16|smpl_gm=0|vdroop1=0|batoilo=0|batoilo2=0|batt_vs=30693|mdis_morepower=0|thb_hda=51|cp_on_chip_0=33000|cp_on_chip_1=34000|G3D=36000|cp_on_chip_2=35000|cp_on_chip_3=33000|cp_on_chip_4=33000|rf2_therm=31000|rf1_therm=32000|ISP=35000|TPU=36000|AUR=36000|rfpa_therm=31972|quiet_therm=32640|charging_therm=34599|,BIG=37000|MID=37000|usb_pwr_therm=30325|btmspkr_therm=30236|disp_therm=30258|north_therm=30993|soc_therm=34577|battery=30700|battery_cycle=5|dc-mains=35000|usbc-therm-adc=350|max77779fg=30700|LITTLE=37000|soc=16|smpl_gm=0|vdroop1=0|batoilo=0|batoilo2=0|batt_vs=30694|mdis_morepower=0|thb_hda=51|cp_on_chip_0=33000|cp_on_chip_1=34000|G3D=37000|cp_on_chip_2=35000|cp_on_chip_3=33000|cp_on_chip_4=33000|rf2_therm=31000|rf1_therm=32000|ISP=35000|TPU=36000|AUR=36000|rfpa_therm=31995|quiet_therm=32663|charging_therm=34621|,ok,1,single,untouched,4096,4096,9,4096,1994,0,1533854,0,4,4,ok
1,17,nvhe,4,1795000,578000,37000,38000,BIG=37000|MID=37000|usb_pwr_therm=30325|btmspkr_therm=30236|disp_therm=30258|north_therm=30971|soc_therm=34555|battery=30700|battery_cycle=5|dc-mains=35000|usbc-therm-adc=350|max77779fg=30700|LITTLE=36000|soc=16|smpl_gm=0|vdroop1=0|batoilo=0|batoilo2=0|batt_vs=30693|mdis_morepower=0|thb_hda=51|cp_on_chip_0=33000|cp_on_chip_1=34000|G3D=36000|cp_on_chip_2=35000|cp_on_chip_3=33000|cp_on_chip_4=33000|rf2_therm=31000|rf1_therm=32000|ISP=35000|TPU=36000|AUR=36000|rfpa_therm=31972|quiet_therm=32640|charging_therm=34599|,BIG=37000|MID=37000|usb_pwr_therm=30325|btmspkr_therm=30236|disp_therm=30258|north_therm=30993|soc_therm=34577|battery=30700|battery_cycle=5|dc-mains=35000|usbc-therm-adc=350|max77779fg=30700|LITTLE=37000|soc=16|smpl_gm=0|vdroop1=0|batoilo=0|batoilo2=0|batt_vs=30694|mdis_morepower=0|thb_hda=51|cp_on_chip_0=33000|cp_on_chip_1=34000|G3D=37000|cp_on_chip_2=35000|cp_on_chip_3=33000|cp_on_chip_4=33000|rf2_therm=31000|rf1_therm=32000|ISP=35000|TPU=36000|AUR=36000|rfpa_therm=31995|quiet_therm=32663|charging_therm=34621|,ok,1,single,untouched,4096,4096,10,4096,13591,0,1463257,0,4,4,ok
1,17,nvhe,4,1795000,578000,37000,38000,BIG=37000|MID=37000|usb_pwr_therm=30325|btmspkr_therm=30236|disp_therm=30258|north_therm=30971|soc_therm=34555|battery=30700|battery_cycle=5|dc-mains=35000|usbc-therm-adc=350|max77779fg=30700|LITTLE=36000|soc=16|smpl_gm=0|vdroop1=0|batoilo=0|batoilo2=0|batt_vs=30693|mdis_morepower=0|thb_hda=51|cp_on_chip_0=33000|cp_on_chip_1=34000|G3D=36000|cp_on_chip_2=35000|cp_on_chip_3=33000|cp_on_chip_4=33000|rf2_therm=31000|rf1_therm=32000|ISP=35000|TPU=36000|AUR=36000|rfpa_therm=31972|quiet_therm=32640|charging_therm=34599|,BIG=37000|MID=37000|usb_pwr_therm=30325|btmspkr_therm=30236|disp_therm=30258|north_therm=30993|soc_therm=34577|battery=30700|battery_cycle=5|dc-mains=35000|usbc-therm-adc=350|max77779fg=30700|LITTLE=37000|soc=16|smpl_gm=0|vdroop1=0|batoilo=0|batoilo2=0|batt_vs=30694|mdis_morepower=0|thb_hda=51|cp_on_chip_0=33000|cp_on_chip_1=34000|G3D=37000|cp_on_chip_2=35000|cp_on_chip_3=33000|cp_on_chip_4=33000|rf2_therm=31000|rf1_therm=32000|ISP=35000|TPU=36000|AUR=36000|rfpa_therm=31995|quiet_therm=32663|charging_therm=34621|,ok,1,single,untouched,4096,4096,11,4096,29338,0,1472331,0,4,4,ok
1,17,nvhe,4,1795000,578000,37000,38000,BIG=37000|MID=37000|usb_pwr_therm=30325|btmspkr_therm=30236|disp_therm=30258|north_therm=30971|soc_therm=34555|battery=30700|battery_cycle=5|dc-mains=35000|usbc-therm-adc=350|max77779fg=30700|LITTLE=36000|soc=16|smpl_gm=0|vdroop1=0|batoilo=0|batoilo2=0|batt_vs=30693|mdis_morepower=0|thb_hda=51|cp_on_chip_0=33000|cp_on_chip_1=34000|G3D=36000|cp_on_chip_2=35000|cp_on_chip_3=33000|cp_on_chip_4=33000|rf2_therm=31000|rf1_therm=32000|ISP=35000|TPU=36000|AUR=36000|rfpa_therm=31972|quiet_therm=32640|charging_therm=34599|,BIG=37000|MID=37000|usb_pwr_therm=30325|btmspkr_therm=30236|disp_therm=30258|north_therm=30993|soc_therm=34577|battery=30700|battery_cycle=5|dc-mains=35000|usbc-therm-adc=350|max77779fg=30700|LITTLE=37000|soc=16|smpl_gm=0|vdroop1=0|batoilo=0|batoilo2=0|batt_vs=30694|mdis_morepower=0|thb_hda=51|cp_on_chip_0=33000|cp_on_chip_1=34000|G3D=37000|cp_on_chip_2=35000|cp_on_chip_3=33000|cp_on_chip_4=33000|rf2_therm=31000|rf1_therm=32000|ISP=35000|TPU=36000|AUR=36000|rfpa_therm=31995|quiet_therm=32663|charging_therm=34621|,ok,1,single,untouched,4096,4096,12,4096,27100,0,1463664,0,4,4,ok
1,17,nvhe,4,1795000,578000,37000,38000,BIG=37000|MID=37000|usb_pwr_therm=30325|btmspkr_therm=30236|disp_therm=30258|north_therm=30971|soc_therm=34555|battery=30700|battery_cycle=5|dc-mains=35000|usbc-therm-adc=350|max77779fg=30700|LITTLE=36000|soc=16|smpl_gm=0|vdroop1=0|batoilo=0|batoilo2=0|batt_vs=30693|mdis_morepower=0|thb_hda=51|cp_on_chip_0=33000|cp_on_chip_1=34000|G3D=36000|cp_on_chip_2=35000|cp_on_chip_3=33000|cp_on_chip_4=33000|rf2_therm=31000|rf1_therm=32000|ISP=35000|TPU=36000|AUR=36000|rfpa_therm=31972|quiet_therm=32640|charging_therm=34599|,BIG=37000|MID=37000|usb_pwr_therm=30325|btmspkr_therm=30236|disp_therm=30258|north_therm=30993|soc_therm=34577|battery=30700|battery_cycle=5|dc-mains=35000|usbc-therm-adc=350|max77779fg=30700|LITTLE=37000|soc=16|smpl_gm=0|vdroop1=0|batoilo=0|batoilo2=0|batt_vs=30694|mdis_morepower=0|thb_hda=51|cp_on_chip_0=33000|cp_on_chip_1=34000|G3D=37000|cp_on_chip_2=35000|cp_on_chip_3=33000|cp_on_chip_4=33000|rf2_therm=31000|rf1_therm=32000|ISP=35000|TPU=36000|AUR=36000|rfpa_therm=31995|quiet_therm=32663|charging_therm=34621|,ok,1,single,untouched,4096,4096,13,4096,27629,0,1462565,0,4,4,ok
1,17,nvhe,4,1795000,578000,37000,38000,BIG=37000|MID=37000|usb_pwr_therm=30325|btmspkr_therm=30236|disp_therm=30258|north_therm=30971|soc_therm=34555|battery=30700|battery_cycle=5|dc-mains=35000|usbc-therm-adc=350|max77779fg=30700|LITTLE=36000|soc=16|smpl_gm=0|vdroop1=0|batoilo=0|batoilo2=0|batt_vs=30693|mdis_morepower=0|thb_hda=51|cp_on_chip_0=33000|cp_on_chip_1=34000|G3D=36000|cp_on_chip_2=35000|cp_on_chip_3=33000|cp_on_chip_4=33000|rf2_therm=31000|rf1_therm=32000|ISP=35000|TPU=36000|AUR=36000|rfpa_therm=31972|quiet_therm=32640|charging_therm=34599|,BIG=37000|MID=37000|usb_pwr_therm=30325|btmspkr_therm=30236|disp_therm=30258|north_therm=30993|soc_therm=34577|battery=30700|battery_cycle=5|dc-mains=35000|usbc-therm-adc=350|max77779fg=30700|LITTLE=37000|soc=16|smpl_gm=0|vdroop1=0|batoilo=0|batoilo2=0|batt_vs=30694|mdis_morepower=0|thb_hda=51|cp_on_chip_0=33000|cp_on_chip_1=34000|G3D=37000|cp_on_chip_2=35000|cp_on_chip_3=33000|cp_on_chip_4=33000|rf2_therm=31000|rf1_therm=32000|ISP=35000|TPU=36000|AUR=36000|rfpa_therm=31995|quiet_therm=32663|charging_therm=34621|,ok,1,single,untouched,4096,4096,14,4096,31698,0,1490885,0,4,4,ok
1,17,nvhe,4,1795000,578000,37000,38000,BIG=37000|MID=37000|usb_pwr_therm=30325|btmspkr_therm=30236|disp_therm=30258|north_therm=30971|soc_therm=34555|battery=30700|battery_cycle=5|dc-mains=35000|usbc-therm-adc=350|max77779fg=30700|LITTLE=36000|soc=16|smpl_gm=0|vdroop1=0|batoilo=0|batoilo2=0|batt_vs=30693|mdis_morepower=0|thb_hda=51|cp_on_chip_0=33000|cp_on_chip_1=34000|G3D=36000|cp_on_chip_2=35000|cp_on_chip_3=33000|cp_on_chip_4=33000|rf2_therm=31000|rf1_therm=32000|ISP=35000|TPU=36000|AUR=36000|rfpa_therm=31972|quiet_therm=32640|charging_therm=34599|,BIG=37000|MID=37000|usb_pwr_therm=30325|btmspkr_therm=30236|disp_therm=30258|north_therm=30993|soc_therm=34577|battery=30700|battery_cycle=5|dc-mains=35000|usbc-therm-adc=350|max77779fg=30700|LITTLE=37000|soc=16|smpl_gm=0|vdroop1=0|batoilo=0|batoilo2=0|batt_vs=30694|mdis_morepower=0|thb_hda=51|cp_on_chip_0=33000|cp_on_chip_1=34000|G3D=37000|cp_on_chip_2=35000|cp_on_chip_3=33000|cp_on_chip_4=33000|rf2_therm=31000|rf1_therm=32000|ISP=35000|TPU=36000|AUR=36000|rfpa_therm=31995|quiet_therm=32663|charging_therm=34621|,ok,1,single,untouched,4096,4096,15,4096,31819,0,1463094,0,4,4,ok
1,17,nvhe,4,1795000,578000,37000,38000,BIG=37000|MID=37000|usb_pwr_therm=30325|btmspkr_therm=30236|disp_therm=30258|north_therm=30971|soc_therm=34555|battery=30700|battery_cycle=5|dc-mains=35000|usbc-therm-adc=350|max77779fg=30700|LITTLE=36000|soc=16|smpl_gm=0|vdroop1=0|batoilo=0|batoilo2=0|batt_vs=30693|mdis_morepower=0|thb_hda=51|cp_on_chip_0=33000|cp_on_chip_1=34000|G3D=36000|cp_on_chip_2=35000|cp_on_chip_3=33000|cp_on_chip_4=33000|rf2_therm=31000|rf1_therm=32000|ISP=35000|TPU=36000|AUR=36000|rfpa_therm=31972|quiet_therm=32640|charging_therm=34599|,BIG=37000|MID=37000|usb_pwr_therm=30325|btmspkr_therm=30236|disp_therm=30258|north_therm=30993|soc_therm=34577|battery=30700|battery_cycle=5|dc-mains=35000|usbc-therm-adc=350|max77779fg=30700|LITTLE=37000|soc=16|smpl_gm=0|vdroop1=0|batoilo=0|batoilo2=0|batt_vs=30694|mdis_morepower=0|thb_hda=51|cp_on_chip_0=33000|cp_on_chip_1=34000|G3D=37000|cp_on_chip_2=35000|cp_on_chip_3=33000|cp_on_chip_4=33000|rf2_therm=31000|rf1_therm=32000|ISP=35000|TPU=36000|AUR=36000|rfpa_therm=31995|quiet_therm=32663|charging_therm=34621|,ok,1,single,untouched,4096,4096,16,4096,29135,0,1462240,0,4,4,ok
1,17,nvhe,4,1795000,578000,37000,38000,BIG=37000|MID=37000|usb_pwr_therm=30325|btmspkr_therm=30236|disp_therm=30258|north_therm=30971|soc_therm=34555|battery=30700|battery_cycle=5|dc-mains=35000|usbc-therm-adc=350|max77779fg=30700|LITTLE=36000|soc=16|smpl_gm=0|vdroop1=0|batoilo=0|batoilo2=0|batt_vs=30693|mdis_morepower=0|thb_hda=51|cp_on_chip_0=33000|cp_on_chip_1=34000|G3D=36000|cp_on_chip_2=35000|cp_on_chip_3=33000|cp_on_chip_4=33000|rf2_therm=31000|rf1_therm=32000|ISP=35000|TPU=36000|AUR=36000|rfpa_therm=31972|quiet_therm=32640|charging_therm=34599|,BIG=37000|MID=37000|usb_pwr_therm=30325|btmspkr_therm=30236|disp_therm=30258|north_therm=30993|soc_therm=34577|battery=30700|battery_cycle=5|dc-mains=35000|usbc-therm-adc=350|max77779fg=30700|LITTLE=37000|soc=16|smpl_gm=0|vdroop1=0|batoilo=0|batoilo2=0|batt_vs=30694|mdis_morepower=0|thb_hda=51|cp_on_chip_0=33000|cp_on_chip_1=34000|G3D=37000|cp_on_chip_2=35000|cp_on_chip_3=33000|cp_on_chip_4=33000|rf2_therm=31000|rf1_therm=32000|ISP=35000|TPU=36000|AUR=36000|rfpa_therm=31995|quiet_therm=32663|charging_therm=34621|,ok,1,single,untouched,4096,4096,17,4096,31941,0,1475098,0,4,4,ok
1,17,nvhe,4,1795000,578000,37000,38000,BIG=37000|MID=37000|usb_pwr_therm=30325|btmspkr_therm=30236|disp_therm=30258|north_therm=30971|soc_therm=34555|battery=30700|battery_cycle=5|dc-mains=35000|usbc-therm-adc=350|max77779fg=30700|LITTLE=36000|soc=16|smpl_gm=0|vdroop1=0|batoilo=0|batoilo2=0|batt_vs=30693|mdis_morepower=0|thb_hda=51|cp_on_chip_0=33000|cp_on_chip_1=34000|G3D=36000|cp_on_chip_2=35000|cp_on_chip_3=33000|cp_on_chip_4=33000|rf2_therm=31000|rf1_therm=32000|ISP=35000|TPU=36000|AUR=36000|rfpa_therm=31972|quiet_therm=32640|charging_therm=34599|,BIG=37000|MID=37000|usb_pwr_therm=30325|btmspkr_therm=30236|disp_therm=30258|north_therm=30993|soc_therm=34577|battery=30700|battery_cycle=5|dc-mains=35000|usbc-therm-adc=350|max77779fg=30700|LITTLE=37000|soc=16|smpl_gm=0|vdroop1=0|batoilo=0|batoilo2=0|batt_vs=30694|mdis_morepower=0|thb_hda=51|cp_on_chip_0=33000|cp_on_chip_1=34000|G3D=37000|cp_on_chip_2=35000|cp_on_chip_3=33000|cp_on_chip_4=33000|rf2_therm=31000|rf1_therm=32000|ISP=35000|TPU=36000|AUR=36000|rfpa_therm=31995|quiet_therm=32663|charging_therm=34621|,ok,1,single,untouched,4096,4096,18,4096,2767,0,1462646,0,4,4,ok
1,17,nvhe,4,1795000,578000,37000,38000,BIG=37000|MID=37000|usb_pwr_therm=30325|btmspkr_therm=30236|disp_therm=30258|north_therm=30971|soc_therm=34555|battery=30700|battery_cycle=5|dc-mains=35000|usbc-therm-adc=350|max77779fg=30700|LITTLE=36000|soc=16|smpl_gm=0|vdroop1=0|batoilo=0|batoilo2=0|batt_vs=30693|mdis_morepower=0|thb_hda=51|cp_on_chip_0=33000|cp_on_chip_1=34000|G3D=36000|cp_on_chip_2=35000|cp_on_chip_3=33000|cp_on_chip_4=33000|rf2_therm=31000|rf1_therm=32000|ISP=35000|TPU=36000|AUR=36000|rfpa_therm=31972|quiet_therm=32640|charging_therm=34599|,BIG=37000|MID=37000|usb_pwr_therm=30325|btmspkr_therm=30236|disp_therm=30258|north_therm=30993|soc_therm=34577|battery=30700|battery_cycle=5|dc-mains=35000|usbc-therm-adc=350|max77779fg=30700|LITTLE=37000|soc=16|smpl_gm=0|vdroop1=0|batoilo=0|batoilo2=0|batt_vs=30694|mdis_morepower=0|thb_hda=51|cp_on_chip_0=33000|cp_on_chip_1=34000|G3D=37000|cp_on_chip_2=35000|cp_on_chip_3=33000|cp_on_chip_4=33000|rf2_therm=31000|rf1_therm=32000|ISP=35000|TPU=36000|AUR=36000|rfpa_therm=31995|quiet_therm=32663|charging_therm=34621|,ok,1,single,untouched,4096,4096,19,4096,30721,0,1468466,0,4,4,ok
1,17,nvhe,4,1795000,578000,37000,38000,BIG=37000|MID=37000|usb_pwr_therm=30325|btmspkr_therm=30236|disp_therm=30258|north_therm=30971|soc_therm=34555|battery=30700|battery_cycle=5|dc-mains=35000|usbc-therm-adc=350|max77779fg=30700|LITTLE=36000|soc=16|smpl_gm=0|vdroop1=0|batoilo=0|batoilo2=0|batt_vs=30693|mdis_morepower=0|thb_hda=51|cp_on_chip_0=33000|cp_on_chip_1=34000|G3D=36000|cp_on_chip_2=35000|cp_on_chip_3=33000|cp_on_chip_4=33000|rf2_therm=31000|rf1_therm=32000|ISP=35000|TPU=36000|AUR=36000|rfpa_therm=31972|quiet_therm=32640|charging_therm=34599|,BIG=37000|MID=37000|usb_pwr_therm=30325|btmspkr_therm=30236|disp_therm=30258|north_therm=30993|soc_therm=34577|battery=30700|battery_cycle=5|dc-mains=35000|usbc-therm-adc=350|max77779fg=30700|LITTLE=37000|soc=16|smpl_gm=0|vdroop1=0|batoilo=0|batoilo2=0|batt_vs=30694|mdis_morepower=0|thb_hda=51|cp_on_chip_0=33000|cp_on_chip_1=34000|G3D=37000|cp_on_chip_2=35000|cp_on_chip_3=33000|cp_on_chip_4=33000|rf2_therm=31000|rf1_therm=32000|ISP=35000|TPU=36000|AUR=36000|rfpa_therm=31995|quiet_therm=32663|charging_therm=34621|,ok,1,single,untouched,4096,4096,20,4096,3865,0,1462891,0,4,4,ok
1,17,nvhe,4,1795000,578000,37000,38000,BIG=37000|MID=37000|usb_pwr_therm=30325|btmspkr_therm=30236|disp_therm=30258|north_therm=30971|soc_therm=34555|battery=30700|battery_cycle=5|dc-mains=35000|usbc-therm-adc=350|max77779fg=30700|LITTLE=36000|soc=16|smpl_gm=0|vdroop1=0|batoilo=0|batoilo2=0|batt_vs=30693|mdis_morepower=0|thb_hda=51|cp_on_chip_0=33000|cp_on_chip_1=34000|G3D=36000|cp_on_chip_2=35000|cp_on_chip_3=33000|cp_on_chip_4=33000|rf2_therm=31000|rf1_therm=32000|ISP=35000|TPU=36000|AUR=36000|rfpa_therm=31972|quiet_therm=32640|charging_therm=34599|,BIG=37000|MID=37000|usb_pwr_therm=30325|btmspkr_therm=30236|disp_therm=30258|north_therm=30993|soc_therm=34577|battery=30700|battery_cycle=5|dc-mains=35000|usbc-therm-adc=350|max77779fg=30700|LITTLE=37000|soc=16|smpl_gm=0|vdroop1=0|batoilo=0|batoilo2=0|batt_vs=30694|mdis_morepower=0|thb_hda=51|cp_on_chip_0=33000|cp_on_chip_1=34000|G3D=37000|cp_on_chip_2=35000|cp_on_chip_3=33000|cp_on_chip_4=33000|rf2_therm=31000|rf1_therm=32000|ISP=35000|TPU=36000|AUR=36000|rfpa_therm=31995|quiet_therm=32663|charging_therm=34621|,ok,1,single,untouched,4096,4096,21,4096,30599,0,1462728,0,4,4,ok
1,17,nvhe,4,1795000,578000,37000,38000,BIG=37000|MID=37000|usb_pwr_therm=30325|btmspkr_therm=30236|disp_therm=30258|north_therm=30971|soc_therm=34555|battery=30700|battery_cycle=5|dc-mains=35000|usbc-therm-adc=350|max77779fg=30700|LITTLE=36000|soc=16|smpl_gm=0|vdroop1=0|batoilo=0|batoilo2=0|batt_vs=30693|mdis_morepower=0|thb_hda=51|cp_on_chip_0=33000|cp_on_chip_1=34000|G3D=36000|cp_on_chip_2=35000|cp_on_chip_3=33000|cp_on_chip_4=33000|rf2_therm=31000|rf1_therm=32000|ISP=35000|TPU=36000|AUR=36000|rfpa_therm=31972|quiet_therm=32640|charging_therm=34599|,BIG=37000|MID=37000|usb_pwr_therm=30325|btmspkr_therm=30236|disp_therm=30258|north_therm=30993|soc_therm=34577|battery=30700|battery_cycle=5|dc-mains=35000|usbc-therm-adc=350|max77779fg=30700|LITTLE=37000|soc=16|smpl_gm=0|vdroop1=0|batoilo=0|batoilo2=0|batt_vs=30694|mdis_morepower=0|thb_hda=51|cp_on_chip_0=33000|cp_on_chip_1=34000|G3D=37000|cp_on_chip_2=35000|cp_on_chip_3=33000|cp_on_chip_4=33000|rf2_therm=31000|rf1_therm=32000|ISP=35000|TPU=36000|AUR=36000|rfpa_therm=31995|quiet_therm=32663|charging_therm=34621|,ok,1,single,untouched,4096,4096,22,4096,2197,0,1471232,0,4,4,ok
1,17,nvhe,4,1795000,578000,37000,38000,BIG=37000|MID=37000|usb_pwr_therm=30325|btmspkr_therm=30236|disp_therm=30258|north_therm=30971|soc_therm=34555|battery=30700|battery_cycle=5|dc-mains=35000|usbc-therm-adc=350|max77779fg=30700|LITTLE=36000|soc=16|smpl_gm=0|vdroop1=0|batoilo=0|batoilo2=0|batt_vs=30693|mdis_morepower=0|thb_hda=51|cp_on_chip_0=33000|cp_on_chip_1=34000|G3D=36000|cp_on_chip_2=35000|cp_on_chip_3=33000|cp_on_chip_4=33000|rf2_therm=31000|rf1_therm=32000|ISP=35000|TPU=36000|AUR=36000|rfpa_therm=31972|quiet_therm=32640|charging_therm=34599|,BIG=37000|MID=37000|usb_pwr_therm=30325|btmspkr_therm=30236|disp_therm=30258|north_therm=30993|soc_therm=34577|battery=30700|battery_cycle=5|dc-mains=35000|usbc-therm-adc=350|max77779fg=30700|LITTLE=37000|soc=16|smpl_gm=0|vdroop1=0|batoilo=0|batoilo2=0|batt_vs=30694|mdis_morepower=0|thb_hda=51|cp_on_chip_0=33000|cp_on_chip_1=34000|G3D=37000|cp_on_chip_2=35000|cp_on_chip_3=33000|cp_on_chip_4=33000|rf2_therm=31000|rf1_therm=32000|ISP=35000|TPU=36000|AUR=36000|rfpa_therm=31995|quiet_therm=32663|charging_therm=34621|,ok,1,single,untouched,4096,4096,23,4096,28402,0,1462728,0,4,4,ok
1,17,nvhe,4,1795000,578000,37000,38000,BIG=37000|MID=37000|usb_pwr_therm=30325|btmspkr_therm=30236|disp_therm=30258|north_therm=30971|soc_therm=34555|battery=30700|battery_cycle=5|dc-mains=35000|usbc-therm-adc=350|max77779fg=30700|LITTLE=36000|soc=16|smpl_gm=0|vdroop1=0|batoilo=0|batoilo2=0|batt_vs=30693|mdis_morepower=0|thb_hda=51|cp_on_chip_0=33000|cp_on_chip_1=34000|G3D=36000|cp_on_chip_2=35000|cp_on_chip_3=33000|cp_on_chip_4=33000|rf2_therm=31000|rf1_therm=32000|ISP=35000|TPU=36000|AUR=36000|rfpa_therm=31972|quiet_therm=32640|charging_therm=34599|,BIG=37000|MID=37000|usb_pwr_therm=30325|btmspkr_therm=30236|disp_therm=30258|north_therm=30993|soc_therm=34577|battery=30700|battery_cycle=5|dc-mains=35000|usbc-therm-adc=350|max77779fg=30700|LITTLE=37000|soc=16|smpl_gm=0|vdroop1=0|batoilo=0|batoilo2=0|batt_vs=30694|mdis_morepower=0|thb_hda=51|cp_on_chip_0=33000|cp_on_chip_1=34000|G3D=37000|cp_on_chip_2=35000|cp_on_chip_3=33000|cp_on_chip_4=33000|rf2_therm=31000|rf1_therm=32000|ISP=35000|TPU=36000|AUR=36000|rfpa_therm=31995|quiet_therm=32663|charging_therm=34621|,ok,1,single,untouched,4096,4096,24,4096,33487,0,1463460,0,4,4,ok
1,17,nvhe,4,1795000,578000,37000,38000,BIG=37000|MID=37000|usb_pwr_therm=30325|btmspkr_therm=30236|disp_therm=30258|north_therm=30971|soc_therm=34555|battery=30700|battery_cycle=5|dc-mains=35000|usbc-therm-adc=350|max77779fg=30700|LITTLE=36000|soc=16|smpl_gm=0|vdroop1=0|batoilo=0|batoilo2=0|batt_vs=30693|mdis_morepower=0|thb_hda=51|cp_on_chip_0=33000|cp_on_chip_1=34000|G3D=36000|cp_on_chip_2=35000|cp_on_chip_3=33000|cp_on_chip_4=33000|rf2_therm=31000|rf1_therm=32000|ISP=35000|TPU=36000|AUR=36000|rfpa_therm=31972|quiet_therm=32640|charging_therm=34599|,BIG=37000|MID=37000|usb_pwr_therm=30325|btmspkr_therm=30236|disp_therm=30258|north_therm=30993|soc_therm=34577|battery=30700|battery_cycle=5|dc-mains=35000|usbc-therm-adc=350|max77779fg=30700|LITTLE=37000|soc=16|smpl_gm=0|vdroop1=0|batoilo=0|batoilo2=0|batt_vs=30694|mdis_morepower=0|thb_hda=51|cp_on_chip_0=33000|cp_on_chip_1=34000|G3D=37000|cp_on_chip_2=35000|cp_on_chip_3=33000|cp_on_chip_4=33000|rf2_therm=31000|rf1_therm=32000|ISP=35000|TPU=36000|AUR=36000|rfpa_therm=31995|quiet_therm=32663|charging_therm=34621|,ok,1,single,untouched,4096,4096,25,4096,30437,0,1473632,0,4,4,ok
1,17,nvhe,4,1795000,578000,37000,38000,BIG=37000|MID=37000|usb_pwr_therm=30325|btmspkr_therm=30236|disp_therm=30258|north_therm=30971|soc_therm=34555|battery=30700|battery_cycle=5|dc-mains=35000|usbc-therm-adc=350|max77779fg=30700|LITTLE=36000|soc=16|smpl_gm=0|vdroop1=0|batoilo=0|batoilo2=0|batt_vs=30693|mdis_morepower=0|thb_hda=51|cp_on_chip_0=33000|cp_on_chip_1=34000|G3D=36000|cp_on_chip_2=35000|cp_on_chip_3=33000|cp_on_chip_4=33000|rf2_therm=31000|rf1_therm=32000|ISP=35000|TPU=36000|AUR=36000|rfpa_therm=31972|quiet_therm=32640|charging_therm=34599|,BIG=37000|MID=37000|usb_pwr_therm=30325|btmspkr_therm=30236|disp_therm=30258|north_therm=30993|soc_therm=34577|battery=30700|battery_cycle=5|dc-mains=35000|usbc-therm-adc=350|max77779fg=30700|LITTLE=37000|soc=16|smpl_gm=0|vdroop1=0|batoilo=0|batoilo2=0|batt_vs=30694|mdis_morepower=0|thb_hda=51|cp_on_chip_0=33000|cp_on_chip_1=34000|G3D=37000|cp_on_chip_2=35000|cp_on_chip_3=33000|cp_on_chip_4=33000|rf2_therm=31000|rf1_therm=32000|ISP=35000|TPU=36000|AUR=36000|rfpa_therm=31995|quiet_therm=32663|charging_therm=34621|,ok,1,single,untouched,4096,4096,26,4096,4110,0,1463257,0,4,4,ok
1,17,nvhe,4,1795000,578000,37000,38000,BIG=37000|MID=37000|usb_pwr_therm=30325|btmspkr_therm=30236|disp_therm=30258|north_therm=30971|soc_therm=34555|battery=30700|battery_cycle=5|dc-mains=35000|usbc-therm-adc=350|max77779fg=30700|LITTLE=36000|soc=16|smpl_gm=0|vdroop1=0|batoilo=0|batoilo2=0|batt_vs=30693|mdis_morepower=0|thb_hda=51|cp_on_chip_0=33000|cp_on_chip_1=34000|G3D=36000|cp_on_chip_2=35000|cp_on_chip_3=33000|cp_on_chip_4=33000|rf2_therm=31000|rf1_therm=32000|ISP=35000|TPU=36000|AUR=36000|rfpa_therm=31972|quiet_therm=32640|charging_therm=34599|,BIG=37000|MID=37000|usb_pwr_therm=30325|btmspkr_therm=30236|disp_therm=30258|north_therm=30993|soc_therm=34577|battery=30700|battery_cycle=5|dc-mains=35000|usbc-therm-adc=350|max77779fg=30700|LITTLE=37000|soc=16|smpl_gm=0|vdroop1=0|batoilo=0|batoilo2=0|batt_vs=30694|mdis_morepower=0|thb_hda=51|cp_on_chip_0=33000|cp_on_chip_1=34000|G3D=37000|cp_on_chip_2=35000|cp_on_chip_3=33000|cp_on_chip_4=33000|rf2_therm=31000|rf1_therm=32000|ISP=35000|TPU=36000|AUR=36000|rfpa_therm=31995|quiet_therm=32663|charging_therm=34621|,ok,1,single,untouched,4096,4096,27,4096,30843,0,1498413,0,4,4,ok
1,17,nvhe,4,1795000,578000,37000,38000,BIG=37000|MID=37000|usb_pwr_therm=30325|btmspkr_therm=30236|disp_therm=30258|north_therm=30971|soc_therm=34555|battery=30700|battery_cycle=5|dc-mains=35000|usbc-therm-adc=350|max77779fg=30700|LITTLE=36000|soc=16|smpl_gm=0|vdroop1=0|batoilo=0|batoilo2=0|batt_vs=30693|mdis_morepower=0|thb_hda=51|cp_on_chip_0=33000|cp_on_chip_1=34000|G3D=36000|cp_on_chip_2=35000|cp_on_chip_3=33000|cp_on_chip_4=33000|rf2_therm=31000|rf1_therm=32000|ISP=35000|TPU=36000|AUR=36000|rfpa_therm=31972|quiet_therm=32640|charging_therm=34599|,BIG=37000|MID=37000|usb_pwr_therm=30325|btmspkr_therm=30236|disp_therm=30258|north_therm=30993|soc_therm=34577|battery=30700|battery_cycle=5|dc-mains=35000|usbc-therm-adc=350|max77779fg=30700|LITTLE=37000|soc=16|smpl_gm=0|vdroop1=0|batoilo=0|batoilo2=0|batt_vs=30694|mdis_morepower=0|thb_hda=51|cp_on_chip_0=33000|cp_on_chip_1=34000|G3D=37000|cp_on_chip_2=35000|cp_on_chip_3=33000|cp_on_chip_4=33000|rf2_therm=31000|rf1_therm=32000|ISP=35000|TPU=36000|AUR=36000|rfpa_therm=31995|quiet_therm=32663|charging_therm=34621|,ok,1,single,untouched,4096,4096,28,4096,32836,0,1463338,0,4,4,ok
1,17,nvhe,4,1795000,578000,37000,38000,BIG=37000|MID=37000|usb_pwr_therm=30325|btmspkr_therm=30236|disp_therm=30258|north_therm=30971|soc_therm=34555|battery=30700|battery_cycle=5|dc-mains=35000|usbc-therm-adc=350|max77779fg=30700|LITTLE=36000|soc=16|smpl_gm=0|vdroop1=0|batoilo=0|batoilo2=0|batt_vs=30693|mdis_morepower=0|thb_hda=51|cp_on_chip_0=33000|cp_on_chip_1=34000|G3D=36000|cp_on_chip_2=35000|cp_on_chip_3=33000|cp_on_chip_4=33000|rf2_therm=31000|rf1_therm=32000|ISP=35000|TPU=36000|AUR=36000|rfpa_therm=31972|quiet_therm=32640|charging_therm=34599|,BIG=37000|MID=37000|usb_pwr_therm=30325|btmspkr_therm=30236|disp_therm=30258|north_therm=30993|soc_therm=34577|battery=30700|battery_cycle=5|dc-mains=35000|usbc-therm-adc=350|max77779fg=30700|LITTLE=37000|soc=16|smpl_gm=0|vdroop1=0|batoilo=0|batoilo2=0|batt_vs=30694|mdis_morepower=0|thb_hda=51|cp_on_chip_0=33000|cp_on_chip_1=34000|G3D=37000|cp_on_chip_2=35000|cp_on_chip_3=33000|cp_on_chip_4=33000|rf2_therm=31000|rf1_therm=32000|ISP=35000|TPU=36000|AUR=36000|rfpa_therm=31995|quiet_therm=32663|charging_therm=34621|,ok,1,single,untouched,4096,4096,29,4096,34098,0,1463868,0,4,4,ok
1,18,nvhe,4,1945000,1945000,37000,39000,BIG=36000|MID=37000|usb_pwr_therm=30325|btmspkr_therm=30236|disp_therm=30258|north_therm=30993|soc_therm=34577|battery=30700|battery_cycle=5|dc-mains=35000|usbc-therm-adc=350|max77779fg=30700|LITTLE=37000|soc=16|smpl_gm=0|vdroop1=0|batoilo=0|batoilo2=0|batt_vs=30693|mdis_morepower=0|thb_hda=51|cp_on_chip_0=33000|cp_on_chip_1=34000|G3D=37000|cp_on_chip_2=35000|cp_on_chip_3=33000|cp_on_chip_4=33000|rf2_therm=31000|rf1_therm=32000|ISP=35000|TPU=37000|AUR=36000|rfpa_therm=32017|quiet_therm=32685|charging_therm=34644|,BIG=40000|MID=38000|usb_pwr_therm=30325|btmspkr_therm=30258|disp_therm=30258|north_therm=31015|soc_therm=34599|battery=30700|battery_cycle=5|dc-mains=35000|usbc-therm-adc=350|max77779fg=30700|LITTLE=37000|soc=16|smpl_gm=0|vdroop1=0|batoilo=0|batoilo2=0|batt_vs=30694|mdis_morepower=0|thb_hda=51|cp_on_chip_0=33000|cp_on_chip_1=34000|G3D=37000|cp_on_chip_2=35000|cp_on_chip_3=33000|cp_on_chip_4=33000|rf2_therm=31000|rf1_therm=32000|ISP=35000|TPU=37000|AUR=36000|rfpa_therm=32017|quiet_therm=32685|charging_therm=34644|,ok,1,single,untouched,4096,1024,0,1024,24740,0,1470581,0,4,4,ok
1,18,nvhe,4,1945000,1945000,37000,39000,BIG=36000|MID=37000|usb_pwr_therm=30325|btmspkr_therm=30236|disp_therm=30258|north_therm=30993|soc_therm=34577|battery=30700|battery_cycle=5|dc-mains=35000|usbc-therm-adc=350|max77779fg=30700|LITTLE=37000|soc=16|smpl_gm=0|vdroop1=0|batoilo=0|batoilo2=0|batt_vs=30693|mdis_morepower=0|thb_hda=51|cp_on_chip_0=33000|cp_on_chip_1=34000|G3D=37000|cp_on_chip_2=35000|cp_on_chip_3=33000|cp_on_chip_4=33000|rf2_therm=31000|rf1_therm=32000|ISP=35000|TPU=37000|AUR=36000|rfpa_therm=32017|quiet_therm=32685|charging_therm=34644|,BIG=40000|MID=38000|usb_pwr_therm=30325|btmspkr_therm=30258|disp_therm=30258|north_therm=31015|soc_therm=34599|battery=30700|battery_cycle=5|dc-mains=35000|usbc-therm-adc=350|max77779fg=30700|LITTLE=37000|soc=16|smpl_gm=0|vdroop1=0|batoilo=0|batoilo2=0|batt_vs=30694|mdis_morepower=0|thb_hda=51|cp_on_chip_0=33000|cp_on_chip_1=34000|G3D=37000|cp_on_chip_2=35000|cp_on_chip_3=33000|cp_on_chip_4=33000|rf2_therm=31000|rf1_therm=32000|ISP=35000|TPU=37000|AUR=36000|rfpa_therm=32017|quiet_therm=32685|charging_therm=34644|,ok,1,single,untouched,4096,1024,1,1024,12736,0,1462239,0,4,4,ok
1,18,nvhe,4,1945000,1945000,37000,39000,BIG=36000|MID=37000|usb_pwr_therm=30325|btmspkr_therm=30236|disp_therm=30258|north_therm=30993|soc_therm=34577|battery=30700|battery_cycle=5|dc-mains=35000|usbc-therm-adc=350|max77779fg=30700|LITTLE=37000|soc=16|smpl_gm=0|vdroop1=0|batoilo=0|batoilo2=0|batt_vs=30693|mdis_morepower=0|thb_hda=51|cp_on_chip_0=33000|cp_on_chip_1=34000|G3D=37000|cp_on_chip_2=35000|cp_on_chip_3=33000|cp_on_chip_4=33000|rf2_therm=31000|rf1_therm=32000|ISP=35000|TPU=37000|AUR=36000|rfpa_therm=32017|quiet_therm=32685|charging_therm=34644|,BIG=40000|MID=38000|usb_pwr_therm=30325|btmspkr_therm=30258|disp_therm=30258|north_therm=31015|soc_therm=34599|battery=30700|battery_cycle=5|dc-mains=35000|usbc-therm-adc=350|max77779fg=30700|LITTLE=37000|soc=16|smpl_gm=0|vdroop1=0|batoilo=0|batoilo2=0|batt_vs=30694|mdis_morepower=0|thb_hda=51|cp_on_chip_0=33000|cp_on_chip_1=34000|G3D=37000|cp_on_chip_2=35000|cp_on_chip_3=33000|cp_on_chip_4=33000|rf2_therm=31000|rf1_therm=32000|ISP=35000|TPU=37000|AUR=36000|rfpa_therm=32017|quiet_therm=32685|charging_therm=34644|,ok,1,single,untouched,4096,1024,2,1024,10823,0,1464111,0,4,4,ok
1,18,nvhe,4,1945000,1945000,37000,39000,BIG=36000|MID=37000|usb_pwr_therm=30325|btmspkr_therm=30236|disp_therm=30258|north_therm=30993|soc_therm=34577|battery=30700|battery_cycle=5|dc-mains=35000|usbc-therm-adc=350|max77779fg=30700|LITTLE=37000|soc=16|smpl_gm=0|vdroop1=0|batoilo=0|batoilo2=0|batt_vs=30693|mdis_morepower=0|thb_hda=51|cp_on_chip_0=33000|cp_on_chip_1=34000|G3D=37000|cp_on_chip_2=35000|cp_on_chip_3=33000|cp_on_chip_4=33000|rf2_therm=31000|rf1_therm=32000|ISP=35000|TPU=37000|AUR=36000|rfpa_therm=32017|quiet_therm=32685|charging_therm=34644|,BIG=40000|MID=38000|usb_pwr_therm=30325|btmspkr_therm=30258|disp_therm=30258|north_therm=31015|soc_therm=34599|battery=30700|battery_cycle=5|dc-mains=35000|usbc-therm-adc=350|max77779fg=30700|LITTLE=37000|soc=16|smpl_gm=0|vdroop1=0|batoilo=0|batoilo2=0|batt_vs=30694|mdis_morepower=0|thb_hda=51|cp_on_chip_0=33000|cp_on_chip_1=34000|G3D=37000|cp_on_chip_2=35000|cp_on_chip_3=33000|cp_on_chip_4=33000|rf2_therm=31000|rf1_therm=32000|ISP=35000|TPU=37000|AUR=36000|rfpa_therm=32017|quiet_therm=32685|charging_therm=34644|,ok,1,single,untouched,4096,1024,3,1024,9806,0,1498901,0,4,4,ok
1,18,nvhe,4,1945000,1945000,37000,39000,BIG=36000|MID=37000|usb_pwr_therm=30325|btmspkr_therm=30236|disp_therm=30258|north_therm=30993|soc_therm=34577|battery=30700|battery_cycle=5|dc-mains=35000|usbc-therm-adc=350|max77779fg=30700|LITTLE=37000|soc=16|smpl_gm=0|vdroop1=0|batoilo=0|batoilo2=0|batt_vs=30693|mdis_morepower=0|thb_hda=51|cp_on_chip_0=33000|cp_on_chip_1=34000|G3D=37000|cp_on_chip_2=35000|cp_on_chip_3=33000|cp_on_chip_4=33000|rf2_therm=31000|rf1_therm=32000|ISP=35000|TPU=37000|AUR=36000|rfpa_therm=32017|quiet_therm=32685|charging_therm=34644|,BIG=40000|MID=38000|usb_pwr_therm=30325|btmspkr_therm=30258|disp_therm=30258|north_therm=31015|soc_therm=34599|battery=30700|battery_cycle=5|dc-mains=35000|usbc-therm-adc=350|max77779fg=30700|LITTLE=37000|soc=16|smpl_gm=0|vdroop1=0|batoilo=0|batoilo2=0|batt_vs=30694|mdis_morepower=0|thb_hda=51|cp_on_chip_0=33000|cp_on_chip_1=34000|G3D=37000|cp_on_chip_2=35000|cp_on_chip_3=33000|cp_on_chip_4=33000|rf2_therm=31000|rf1_therm=32000|ISP=35000|TPU=37000|AUR=36000|rfpa_therm=32017|quiet_therm=32685|charging_therm=34644|,ok,1,single,untouched,4096,1024,4,1024,12532,0,1463013,0,4,4,ok
1,18,nvhe,4,1945000,1945000,37000,39000,BIG=36000|MID=37000|usb_pwr_therm=30325|btmspkr_therm=30236|disp_therm=30258|north_therm=30993|soc_therm=34577|battery=30700|battery_cycle=5|dc-mains=35000|usbc-therm-adc=350|max77779fg=30700|LITTLE=37000|soc=16|smpl_gm=0|vdroop1=0|batoilo=0|batoilo2=0|batt_vs=30693|mdis_morepower=0|thb_hda=51|cp_on_chip_0=33000|cp_on_chip_1=34000|G3D=37000|cp_on_chip_2=35000|cp_on_chip_3=33000|cp_on_chip_4=33000|rf2_therm=31000|rf1_therm=32000|ISP=35000|TPU=37000|AUR=36000|rfpa_therm=32017|quiet_therm=32685|charging_therm=34644|,BIG=40000|MID=38000|usb_pwr_therm=30325|btmspkr_therm=30258|disp_therm=30258|north_therm=31015|soc_therm=34599|battery=30700|battery_cycle=5|dc-mains=35000|usbc-therm-adc=350|max77779fg=30700|LITTLE=37000|soc=16|smpl_gm=0|vdroop1=0|batoilo=0|batoilo2=0|batt_vs=30694|mdis_morepower=0|thb_hda=51|cp_on_chip_0=33000|cp_on_chip_1=34000|G3D=37000|cp_on_chip_2=35000|cp_on_chip_3=33000|cp_on_chip_4=33000|rf2_therm=31000|rf1_therm=32000|ISP=35000|TPU=37000|AUR=36000|rfpa_therm=32017|quiet_therm=32685|charging_therm=34644|,ok,1,single,untouched,4096,1024,5,1024,12574,0,1522583,0,4,4,ok
1,18,nvhe,4,1945000,1945000,37000,39000,BIG=36000|MID=37000|usb_pwr_therm=30325|btmspkr_therm=30236|disp_therm=30258|north_therm=30993|soc_therm=34577|battery=30700|battery_cycle=5|dc-mains=35000|usbc-therm-adc=350|max77779fg=30700|LITTLE=37000|soc=16|smpl_gm=0|vdroop1=0|batoilo=0|batoilo2=0|batt_vs=30693|mdis_morepower=0|thb_hda=51|cp_on_chip_0=33000|cp_on_chip_1=34000|G3D=37000|cp_on_chip_2=35000|cp_on_chip_3=33000|cp_on_chip_4=33000|rf2_therm=31000|rf1_therm=32000|ISP=35000|TPU=37000|AUR=36000|rfpa_therm=32017|quiet_therm=32685|charging_therm=34644|,BIG=40000|MID=38000|usb_pwr_therm=30325|btmspkr_therm=30258|disp_therm=30258|north_therm=31015|soc_therm=34599|battery=30700|battery_cycle=5|dc-mains=35000|usbc-therm-adc=350|max77779fg=30700|LITTLE=37000|soc=16|smpl_gm=0|vdroop1=0|batoilo=0|batoilo2=0|batt_vs=30694|mdis_morepower=0|thb_hda=51|cp_on_chip_0=33000|cp_on_chip_1=34000|G3D=37000|cp_on_chip_2=35000|cp_on_chip_3=33000|cp_on_chip_4=33000|rf2_therm=31000|rf1_therm=32000|ISP=35000|TPU=37000|AUR=36000|rfpa_therm=32017|quiet_therm=32685|charging_therm=34644|,ok,1,single,untouched,4096,1024,6,1024,9928,0,1311076,0,4,4,ok
1,18,nvhe,4,1945000,1945000,37000,39000,BIG=36000|MID=37000|usb_pwr_therm=30325|btmspkr_therm=30236|disp_therm=30258|north_therm=30993|soc_therm=34577|battery=30700|battery_cycle=5|dc-mains=35000|usbc-therm-adc=350|max77779fg=30700|LITTLE=37000|soc=16|smpl_gm=0|vdroop1=0|batoilo=0|batoilo2=0|batt_vs=30693|mdis_morepower=0|thb_hda=51|cp_on_chip_0=33000|cp_on_chip_1=34000|G3D=37000|cp_on_chip_2=35000|cp_on_chip_3=33000|cp_on_chip_4=33000|rf2_therm=31000|rf1_therm=32000|ISP=35000|TPU=37000|AUR=36000|rfpa_therm=32017|quiet_therm=32685|charging_therm=34644|,BIG=40000|MID=38000|usb_pwr_therm=30325|btmspkr_therm=30258|disp_therm=30258|north_therm=31015|soc_therm=34599|battery=30700|battery_cycle=5|dc-mains=35000|usbc-therm-adc=350|max77779fg=30700|LITTLE=37000|soc=16|smpl_gm=0|vdroop1=0|batoilo=0|batoilo2=0|batt_vs=30694|mdis_morepower=0|thb_hda=51|cp_on_chip_0=33000|cp_on_chip_1=34000|G3D=37000|cp_on_chip_2=35000|cp_on_chip_3=33000|cp_on_chip_4=33000|rf2_therm=31000|rf1_therm=32000|ISP=35000|TPU=37000|AUR=36000|rfpa_therm=32017|quiet_therm=32685|charging_therm=34644|,ok,1,single,untouched,4096,1024,7,1024,17130,0,1205322,0,4,4,ok
1,18,nvhe,4,1945000,1945000,37000,39000,BIG=36000|MID=37000|usb_pwr_therm=30325|btmspkr_therm=30236|disp_therm=30258|north_therm=30993|soc_therm=34577|battery=30700|battery_cycle=5|dc-mains=35000|usbc-therm-adc=350|max77779fg=30700|LITTLE=37000|soc=16|smpl_gm=0|vdroop1=0|batoilo=0|batoilo2=0|batt_vs=30693|mdis_morepower=0|thb_hda=51|cp_on_chip_0=33000|cp_on_chip_1=34000|G3D=37000|cp_on_chip_2=35000|cp_on_chip_3=33000|cp_on_chip_4=33000|rf2_therm=31000|rf1_therm=32000|ISP=35000|TPU=37000|AUR=36000|rfpa_therm=32017|quiet_therm=32685|charging_therm=34644|,BIG=40000|MID=38000|usb_pwr_therm=30325|btmspkr_therm=30258|disp_therm=30258|north_therm=31015|soc_therm=34599|battery=30700|battery_cycle=5|dc-mains=35000|usbc-therm-adc=350|max77779fg=30700|LITTLE=37000|soc=16|smpl_gm=0|vdroop1=0|batoilo=0|batoilo2=0|batt_vs=30694|mdis_morepower=0|thb_hda=51|cp_on_chip_0=33000|cp_on_chip_1=34000|G3D=37000|cp_on_chip_2=35000|cp_on_chip_3=33000|cp_on_chip_4=33000|rf2_therm=31000|rf1_therm=32000|ISP=35000|TPU=37000|AUR=36000|rfpa_therm=32017|quiet_therm=32685|charging_therm=34644|,ok,1,single,untouched,4096,1024,8,1024,7772,0,1206747,0,4,4,ok
1,18,nvhe,4,1945000,1945000,37000,39000,BIG=36000|MID=37000|usb_pwr_therm=30325|btmspkr_therm=30236|disp_therm=30258|north_therm=30993|soc_therm=34577|battery=30700|battery_cycle=5|dc-mains=35000|usbc-therm-adc=350|max77779fg=30700|LITTLE=37000|soc=16|smpl_gm=0|vdroop1=0|batoilo=0|batoilo2=0|batt_vs=30693|mdis_morepower=0|thb_hda=51|cp_on_chip_0=33000|cp_on_chip_1=34000|G3D=37000|cp_on_chip_2=35000|cp_on_chip_3=33000|cp_on_chip_4=33000|rf2_therm=31000|rf1_therm=32000|ISP=35000|TPU=37000|AUR=36000|rfpa_therm=32017|quiet_therm=32685|charging_therm=34644|,BIG=40000|MID=38000|usb_pwr_therm=30325|btmspkr_therm=30258|disp_therm=30258|north_therm=31015|soc_therm=34599|battery=30700|battery_cycle=5|dc-mains=35000|usbc-therm-adc=350|max77779fg=30700|LITTLE=37000|soc=16|smpl_gm=0|vdroop1=0|batoilo=0|batoilo2=0|batt_vs=30694|mdis_morepower=0|thb_hda=51|cp_on_chip_0=33000|cp_on_chip_1=34000|G3D=37000|cp_on_chip_2=35000|cp_on_chip_3=33000|cp_on_chip_4=33000|rf2_therm=31000|rf1_therm=32000|ISP=35000|TPU=37000|AUR=36000|rfpa_therm=32017|quiet_therm=32685|charging_therm=34644|,ok,1,single,untouched,4096,1024,9,1024,28971,0,1224406,0,4,4,ok
1,18,nvhe,4,1945000,1945000,37000,39000,BIG=36000|MID=37000|usb_pwr_therm=30325|btmspkr_therm=30236|disp_therm=30258|north_therm=30993|soc_therm=34577|battery=30700|battery_cycle=5|dc-mains=35000|usbc-therm-adc=350|max77779fg=30700|LITTLE=37000|soc=16|smpl_gm=0|vdroop1=0|batoilo=0|batoilo2=0|batt_vs=30693|mdis_morepower=0|thb_hda=51|cp_on_chip_0=33000|cp_on_chip_1=34000|G3D=37000|cp_on_chip_2=35000|cp_on_chip_3=33000|cp_on_chip_4=33000|rf2_therm=31000|rf1_therm=32000|ISP=35000|TPU=37000|AUR=36000|rfpa_therm=32017|quiet_therm=32685|charging_therm=34644|,BIG=40000|MID=38000|usb_pwr_therm=30325|btmspkr_therm=30258|disp_therm=30258|north_therm=31015|soc_therm=34599|battery=30700|battery_cycle=5|dc-mains=35000|usbc-therm-adc=350|max77779fg=30700|LITTLE=37000|soc=16|smpl_gm=0|vdroop1=0|batoilo=0|batoilo2=0|batt_vs=30694|mdis_morepower=0|thb_hda=51|cp_on_chip_0=33000|cp_on_chip_1=34000|G3D=37000|cp_on_chip_2=35000|cp_on_chip_3=33000|cp_on_chip_4=33000|rf2_therm=31000|rf1_therm=32000|ISP=35000|TPU=37000|AUR=36000|rfpa_therm=32017|quiet_therm=32685|charging_therm=34644|,ok,1,single,untouched,4096,1024,10,1024,26571,0,1207275,0,4,4,ok
1,18,nvhe,4,1945000,1945000,37000,39000,BIG=36000|MID=37000|usb_pwr_therm=30325|btmspkr_therm=30236|disp_therm=30258|north_therm=30993|soc_therm=34577|battery=30700|battery_cycle=5|dc-mains=35000|usbc-therm-adc=350|max77779fg=30700|LITTLE=37000|soc=16|smpl_gm=0|vdroop1=0|batoilo=0|batoilo2=0|batt_vs=30693|mdis_morepower=0|thb_hda=51|cp_on_chip_0=33000|cp_on_chip_1=34000|G3D=37000|cp_on_chip_2=35000|cp_on_chip_3=33000|cp_on_chip_4=33000|rf2_therm=31000|rf1_therm=32000|ISP=35000|TPU=37000|AUR=36000|rfpa_therm=32017|quiet_therm=32685|charging_therm=34644|,BIG=40000|MID=38000|usb_pwr_therm=30325|btmspkr_therm=30258|disp_therm=30258|north_therm=31015|soc_therm=34599|battery=30700|battery_cycle=5|dc-mains=35000|usbc-therm-adc=350|max77779fg=30700|LITTLE=37000|soc=16|smpl_gm=0|vdroop1=0|batoilo=0|batoilo2=0|batt_vs=30694|mdis_morepower=0|thb_hda=51|cp_on_chip_0=33000|cp_on_chip_1=34000|G3D=37000|cp_on_chip_2=35000|cp_on_chip_3=33000|cp_on_chip_4=33000|rf2_therm=31000|rf1_therm=32000|ISP=35000|TPU=37000|AUR=36000|rfpa_therm=32017|quiet_therm=32685|charging_therm=34644|,ok,1,single,untouched,4096,1024,11,1024,36662,0,1207072,0,4,4,ok
1,18,nvhe,4,1945000,1945000,37000,39000,BIG=36000|MID=37000|usb_pwr_therm=30325|btmspkr_therm=30236|disp_therm=30258|north_therm=30993|soc_therm=34577|battery=30700|battery_cycle=5|dc-mains=35000|usbc-therm-adc=350|max77779fg=30700|LITTLE=37000|soc=16|smpl_gm=0|vdroop1=0|batoilo=0|batoilo2=0|batt_vs=30693|mdis_morepower=0|thb_hda=51|cp_on_chip_0=33000|cp_on_chip_1=34000|G3D=37000|cp_on_chip_2=35000|cp_on_chip_3=33000|cp_on_chip_4=33000|rf2_therm=31000|rf1_therm=32000|ISP=35000|TPU=37000|AUR=36000|rfpa_therm=32017|quiet_therm=32685|charging_therm=34644|,BIG=40000|MID=38000|usb_pwr_therm=30325|btmspkr_therm=30258|disp_therm=30258|north_therm=31015|soc_therm=34599|battery=30700|battery_cycle=5|dc-mains=35000|usbc-therm-adc=350|max77779fg=30700|LITTLE=37000|soc=16|smpl_gm=0|vdroop1=0|batoilo=0|batoilo2=0|batt_vs=30694|mdis_morepower=0|thb_hda=51|cp_on_chip_0=33000|cp_on_chip_1=34000|G3D=37000|cp_on_chip_2=35000|cp_on_chip_3=33000|cp_on_chip_4=33000|rf2_therm=31000|rf1_therm=32000|ISP=35000|TPU=37000|AUR=36000|rfpa_therm=32017|quiet_therm=32685|charging_therm=34644|,ok,1,single,untouched,4096,1024,12,1024,31616,0,1224488,0,4,4,ok
1,18,nvhe,4,1945000,1945000,37000,39000,BIG=36000|MID=37000|usb_pwr_therm=30325|btmspkr_therm=30236|disp_therm=30258|north_therm=30993|soc_therm=34577|battery=30700|battery_cycle=5|dc-mains=35000|usbc-therm-adc=350|max77779fg=30700|LITTLE=37000|soc=16|smpl_gm=0|vdroop1=0|batoilo=0|batoilo2=0|batt_vs=30693|mdis_morepower=0|thb_hda=51|cp_on_chip_0=33000|cp_on_chip_1=34000|G3D=37000|cp_on_chip_2=35000|cp_on_chip_3=33000|cp_on_chip_4=33000|rf2_therm=31000|rf1_therm=32000|ISP=35000|TPU=37000|AUR=36000|rfpa_therm=32017|quiet_therm=32685|charging_therm=34644|,BIG=40000|MID=38000|usb_pwr_therm=30325|btmspkr_therm=30258|disp_therm=30258|north_therm=31015|soc_therm=34599|battery=30700|battery_cycle=5|dc-mains=35000|usbc-therm-adc=350|max77779fg=30700|LITTLE=37000|soc=16|smpl_gm=0|vdroop1=0|batoilo=0|batoilo2=0|batt_vs=30694|mdis_morepower=0|thb_hda=51|cp_on_chip_0=33000|cp_on_chip_1=34000|G3D=37000|cp_on_chip_2=35000|cp_on_chip_3=33000|cp_on_chip_4=33000|rf2_therm=31000|rf1_therm=32000|ISP=35000|TPU=37000|AUR=36000|rfpa_therm=32017|quiet_therm=32685|charging_therm=34644|,ok,1,single,untouched,4096,1024,13,1024,7812,0,1206543,0,4,4,ok
1,18,nvhe,4,1945000,1945000,37000,39000,BIG=36000|MID=37000|usb_pwr_therm=30325|btmspkr_therm=30236|disp_therm=30258|north_therm=30993|soc_therm=34577|battery=30700|battery_cycle=5|dc-mains=35000|usbc-therm-adc=350|max77779fg=30700|LITTLE=37000|soc=16|smpl_gm=0|vdroop1=0|batoilo=0|batoilo2=0|batt_vs=30693|mdis_morepower=0|thb_hda=51|cp_on_chip_0=33000|cp_on_chip_1=34000|G3D=37000|cp_on_chip_2=35000|cp_on_chip_3=33000|cp_on_chip_4=33000|rf2_therm=31000|rf1_therm=32000|ISP=35000|TPU=37000|AUR=36000|rfpa_therm=32017|quiet_therm=32685|charging_therm=34644|,BIG=40000|MID=38000|usb_pwr_therm=30325|btmspkr_therm=30258|disp_therm=30258|north_therm=31015|soc_therm=34599|battery=30700|battery_cycle=5|dc-mains=35000|usbc-therm-adc=350|max77779fg=30700|LITTLE=37000|soc=16|smpl_gm=0|vdroop1=0|batoilo=0|batoilo2=0|batt_vs=30694|mdis_morepower=0|thb_hda=51|cp_on_chip_0=33000|cp_on_chip_1=34000|G3D=37000|cp_on_chip_2=35000|cp_on_chip_3=33000|cp_on_chip_4=33000|rf2_therm=31000|rf1_therm=32000|ISP=35000|TPU=37000|AUR=36000|rfpa_therm=32017|quiet_therm=32685|charging_therm=34644|,ok,1,single,untouched,4096,1024,14,1024,29501,0,1206747,0,4,4,ok
1,18,nvhe,4,1945000,1945000,37000,39000,BIG=36000|MID=37000|usb_pwr_therm=30325|btmspkr_therm=30236|disp_therm=30258|north_therm=30993|soc_therm=34577|battery=30700|battery_cycle=5|dc-mains=35000|usbc-therm-adc=350|max77779fg=30700|LITTLE=37000|soc=16|smpl_gm=0|vdroop1=0|batoilo=0|batoilo2=0|batt_vs=30693|mdis_morepower=0|thb_hda=51|cp_on_chip_0=33000|cp_on_chip_1=34000|G3D=37000|cp_on_chip_2=35000|cp_on_chip_3=33000|cp_on_chip_4=33000|rf2_therm=31000|rf1_therm=32000|ISP=35000|TPU=37000|AUR=36000|rfpa_therm=32017|quiet_therm=32685|charging_therm=34644|,BIG=40000|MID=38000|usb_pwr_therm=30325|btmspkr_therm=30258|disp_therm=30258|north_therm=31015|soc_therm=34599|battery=30700|battery_cycle=5|dc-mains=35000|usbc-therm-adc=350|max77779fg=30700|LITTLE=37000|soc=16|smpl_gm=0|vdroop1=0|batoilo=0|batoilo2=0|batt_vs=30694|mdis_morepower=0|thb_hda=51|cp_on_chip_0=33000|cp_on_chip_1=34000|G3D=37000|cp_on_chip_2=35000|cp_on_chip_3=33000|cp_on_chip_4=33000|rf2_therm=31000|rf1_therm=32000|ISP=35000|TPU=37000|AUR=36000|rfpa_therm=32017|quiet_therm=32685|charging_therm=34644|,ok,1,single,untouched,4096,1024,15,1024,32715,0,1494955,0,4,4,ok
1,18,nvhe,4,1945000,1945000,37000,39000,BIG=36000|MID=37000|usb_pwr_therm=30325|btmspkr_therm=30236|disp_therm=30258|north_therm=30993|soc_therm=34577|battery=30700|battery_cycle=5|dc-mains=35000|usbc-therm-adc=350|max77779fg=30700|LITTLE=37000|soc=16|smpl_gm=0|vdroop1=0|batoilo=0|batoilo2=0|batt_vs=30693|mdis_morepower=0|thb_hda=51|cp_on_chip_0=33000|cp_on_chip_1=34000|G3D=37000|cp_on_chip_2=35000|cp_on_chip_3=33000|cp_on_chip_4=33000|rf2_therm=31000|rf1_therm=32000|ISP=35000|TPU=37000|AUR=36000|rfpa_therm=32017|quiet_therm=32685|charging_therm=34644|,BIG=40000|MID=38000|usb_pwr_therm=30325|btmspkr_therm=30258|disp_therm=30258|north_therm=31015|soc_therm=34599|battery=30700|battery_cycle=5|dc-mains=35000|usbc-therm-adc=350|max77779fg=30700|LITTLE=37000|soc=16|smpl_gm=0|vdroop1=0|batoilo=0|batoilo2=0|batt_vs=30694|mdis_morepower=0|thb_hda=51|cp_on_chip_0=33000|cp_on_chip_1=34000|G3D=37000|cp_on_chip_2=35000|cp_on_chip_3=33000|cp_on_chip_4=33000|rf2_therm=31000|rf1_therm=32000|ISP=35000|TPU=37000|AUR=36000|rfpa_therm=32017|quiet_therm=32685|charging_therm=34644|,ok,1,single,untouched,4096,1024,16,1024,27507,0,1206054,0,4,4,ok
1,18,nvhe,4,1945000,1945000,37000,39000,BIG=36000|MID=37000|usb_pwr_therm=30325|btmspkr_therm=30236|disp_therm=30258|north_therm=30993|soc_therm=34577|battery=30700|battery_cycle=5|dc-mains=35000|usbc-therm-adc=350|max77779fg=30700|LITTLE=37000|soc=16|smpl_gm=0|vdroop1=0|batoilo=0|batoilo2=0|batt_vs=30693|mdis_morepower=0|thb_hda=51|cp_on_chip_0=33000|cp_on_chip_1=34000|G3D=37000|cp_on_chip_2=35000|cp_on_chip_3=33000|cp_on_chip_4=33000|rf2_therm=31000|rf1_therm=32000|ISP=35000|TPU=37000|AUR=36000|rfpa_therm=32017|quiet_therm=32685|charging_therm=34644|,BIG=40000|MID=38000|usb_pwr_therm=30325|btmspkr_therm=30258|disp_therm=30258|north_therm=31015|soc_therm=34599|battery=30700|battery_cycle=5|dc-mains=35000|usbc-therm-adc=350|max77779fg=30700|LITTLE=37000|soc=16|smpl_gm=0|vdroop1=0|batoilo=0|batoilo2=0|batt_vs=30694|mdis_morepower=0|thb_hda=51|cp_on_chip_0=33000|cp_on_chip_1=34000|G3D=37000|cp_on_chip_2=35000|cp_on_chip_3=33000|cp_on_chip_4=33000|rf2_therm=31000|rf1_therm=32000|ISP=35000|TPU=37000|AUR=36000|rfpa_therm=32017|quiet_therm=32685|charging_therm=34644|,ok,1,single,untouched,4096,1024,17,1024,37354,0,1206461,0,4,4,ok
1,18,nvhe,4,1945000,1945000,37000,39000,BIG=36000|MID=37000|usb_pwr_therm=30325|btmspkr_therm=30236|disp_therm=30258|north_therm=30993|soc_therm=34577|battery=30700|battery_cycle=5|dc-mains=35000|usbc-therm-adc=350|max77779fg=30700|LITTLE=37000|soc=16|smpl_gm=0|vdroop1=0|batoilo=0|batoilo2=0|batt_vs=30693|mdis_morepower=0|thb_hda=51|cp_on_chip_0=33000|cp_on_chip_1=34000|G3D=37000|cp_on_chip_2=35000|cp_on_chip_3=33000|cp_on_chip_4=33000|rf2_therm=31000|rf1_therm=32000|ISP=35000|TPU=37000|AUR=36000|rfpa_therm=32017|quiet_therm=32685|charging_therm=34644|,BIG=40000|MID=38000|usb_pwr_therm=30325|btmspkr_therm=30258|disp_therm=30258|north_therm=31015|soc_therm=34599|battery=30700|battery_cycle=5|dc-mains=35000|usbc-therm-adc=350|max77779fg=30700|LITTLE=37000|soc=16|smpl_gm=0|vdroop1=0|batoilo=0|batoilo2=0|batt_vs=30694|mdis_morepower=0|thb_hda=51|cp_on_chip_0=33000|cp_on_chip_1=34000|G3D=37000|cp_on_chip_2=35000|cp_on_chip_3=33000|cp_on_chip_4=33000|rf2_therm=31000|rf1_therm=32000|ISP=35000|TPU=37000|AUR=36000|rfpa_therm=32017|quiet_therm=32685|charging_therm=34644|,ok,1,single,untouched,4096,1024,18,1024,36133,0,1243815,0,4,4,ok
1,18,nvhe,4,1945000,1945000,37000,39000,BIG=36000|MID=37000|usb_pwr_therm=30325|btmspkr_therm=30236|disp_therm=30258|north_therm=30993|soc_therm=34577|battery=30700|battery_cycle=5|dc-mains=35000|usbc-therm-adc=350|max77779fg=30700|LITTLE=37000|soc=16|smpl_gm=0|vdroop1=0|batoilo=0|batoilo2=0|batt_vs=30693|mdis_morepower=0|thb_hda=51|cp_on_chip_0=33000|cp_on_chip_1=34000|G3D=37000|cp_on_chip_2=35000|cp_on_chip_3=33000|cp_on_chip_4=33000|rf2_therm=31000|rf1_therm=32000|ISP=35000|TPU=37000|AUR=36000|rfpa_therm=32017|quiet_therm=32685|charging_therm=34644|,BIG=40000|MID=38000|usb_pwr_therm=30325|btmspkr_therm=30258|disp_therm=30258|north_therm=31015|soc_therm=34599|battery=30700|battery_cycle=5|dc-mains=35000|usbc-therm-adc=350|max77779fg=30700|LITTLE=37000|soc=16|smpl_gm=0|vdroop1=0|batoilo=0|batoilo2=0|batt_vs=30694|mdis_morepower=0|thb_hda=51|cp_on_chip_0=33000|cp_on_chip_1=34000|G3D=37000|cp_on_chip_2=35000|cp_on_chip_3=33000|cp_on_chip_4=33000|rf2_therm=31000|rf1_therm=32000|ISP=35000|TPU=37000|AUR=36000|rfpa_therm=32017|quiet_therm=32685|charging_therm=34644|,ok,1,single,untouched,4096,1024,19,1024,8830,0,1043579,0,4,4,ok
1,18,nvhe,4,1945000,1945000,37000,39000,BIG=36000|MID=37000|usb_pwr_therm=30325|btmspkr_therm=30236|disp_therm=30258|north_therm=30993|soc_therm=34577|battery=30700|battery_cycle=5|dc-mains=35000|usbc-therm-adc=350|max77779fg=30700|LITTLE=37000|soc=16|smpl_gm=0|vdroop1=0|batoilo=0|batoilo2=0|batt_vs=30693|mdis_morepower=0|thb_hda=51|cp_on_chip_0=33000|cp_on_chip_1=34000|G3D=37000|cp_on_chip_2=35000|cp_on_chip_3=33000|cp_on_chip_4=33000|rf2_therm=31000|rf1_therm=32000|ISP=35000|TPU=37000|AUR=36000|rfpa_therm=32017|quiet_therm=32685|charging_therm=34644|,BIG=40000|MID=38000|usb_pwr_therm=30325|btmspkr_therm=30258|disp_therm=30258|north_therm=31015|soc_therm=34599|battery=30700|battery_cycle=5|dc-mains=35000|usbc-therm-adc=350|max77779fg=30700|LITTLE=37000|soc=16|smpl_gm=0|vdroop1=0|batoilo=0|batoilo2=0|batt_vs=30694|mdis_morepower=0|thb_hda=51|cp_on_chip_0=33000|cp_on_chip_1=34000|G3D=37000|cp_on_chip_2=35000|cp_on_chip_3=33000|cp_on_chip_4=33000|rf2_therm=31000|rf1_therm=32000|ISP=35000|TPU=37000|AUR=36000|rfpa_therm=32017|quiet_therm=32685|charging_therm=34644|,ok,1,single,untouched,4096,1024,20,1024,40527,0,1043253,0,4,4,ok
1,18,nvhe,4,1945000,1945000,37000,39000,BIG=36000|MID=37000|usb_pwr_therm=30325|btmspkr_therm=30236|disp_therm=30258|north_therm=30993|soc_therm=34577|battery=30700|battery_cycle=5|dc-mains=35000|usbc-therm-adc=350|max77779fg=30700|LITTLE=37000|soc=16|smpl_gm=0|vdroop1=0|batoilo=0|batoilo2=0|batt_vs=30693|mdis_morepower=0|thb_hda=51|cp_on_chip_0=33000|cp_on_chip_1=34000|G3D=37000|cp_on_chip_2=35000|cp_on_chip_3=33000|cp_on_chip_4=33000|rf2_therm=31000|rf1_therm=32000|ISP=35000|TPU=37000|AUR=36000|rfpa_therm=32017|quiet_therm=32685|charging_therm=34644|,BIG=40000|MID=38000|usb_pwr_therm=30325|btmspkr_therm=30258|disp_therm=30258|north_therm=31015|soc_therm=34599|battery=30700|battery_cycle=5|dc-mains=35000|usbc-therm-adc=350|max77779fg=30700|LITTLE=37000|soc=16|smpl_gm=0|vdroop1=0|batoilo=0|batoilo2=0|batt_vs=30694|mdis_morepower=0|thb_hda=51|cp_on_chip_0=33000|cp_on_chip_1=34000|G3D=37000|cp_on_chip_2=35000|cp_on_chip_3=33000|cp_on_chip_4=33000|rf2_therm=31000|rf1_therm=32000|ISP=35000|TPU=37000|AUR=36000|rfpa_therm=32017|quiet_therm=32685|charging_therm=34644|,ok,1,single,untouched,4096,1024,21,1024,31535,0,1097982,0,4,4,ok
1,18,nvhe,4,1945000,1945000,37000,39000,BIG=36000|MID=37000|usb_pwr_therm=30325|btmspkr_therm=30236|disp_therm=30258|north_therm=30993|soc_therm=34577|battery=30700|battery_cycle=5|dc-mains=35000|usbc-therm-adc=350|max77779fg=30700|LITTLE=37000|soc=16|smpl_gm=0|vdroop1=0|batoilo=0|batoilo2=0|batt_vs=30693|mdis_morepower=0|thb_hda=51|cp_on_chip_0=33000|cp_on_chip_1=34000|G3D=37000|cp_on_chip_2=35000|cp_on_chip_3=33000|cp_on_chip_4=33000|rf2_therm=31000|rf1_therm=32000|ISP=35000|TPU=37000|AUR=36000|rfpa_therm=32017|quiet_therm=32685|charging_therm=34644|,BIG=40000|MID=38000|usb_pwr_therm=30325|btmspkr_therm=30258|disp_therm=30258|north_therm=31015|soc_therm=34599|battery=30700|battery_cycle=5|dc-mains=35000|usbc-therm-adc=350|max77779fg=30700|LITTLE=37000|soc=16|smpl_gm=0|vdroop1=0|batoilo=0|batoilo2=0|batt_vs=30694|mdis_morepower=0|thb_hda=51|cp_on_chip_0=33000|cp_on_chip_1=34000|G3D=37000|cp_on_chip_2=35000|cp_on_chip_3=33000|cp_on_chip_4=33000|rf2_therm=31000|rf1_therm=32000|ISP=35000|TPU=37000|AUR=36000|rfpa_therm=32017|quiet_therm=32685|charging_therm=34644|,ok,1,single,untouched,4096,1024,22,1024,8504,0,978638,0,4,4,ok
1,18,nvhe,4,1945000,1945000,37000,39000,BIG=36000|MID=37000|usb_pwr_therm=30325|btmspkr_therm=30236|disp_therm=30258|north_therm=30993|soc_therm=34577|battery=30700|battery_cycle=5|dc-mains=35000|usbc-therm-adc=350|max77779fg=30700|LITTLE=37000|soc=16|smpl_gm=0|vdroop1=0|batoilo=0|batoilo2=0|batt_vs=30693|mdis_morepower=0|thb_hda=51|cp_on_chip_0=33000|cp_on_chip_1=34000|G3D=37000|cp_on_chip_2=35000|cp_on_chip_3=33000|cp_on_chip_4=33000|rf2_therm=31000|rf1_therm=32000|ISP=35000|TPU=37000|AUR=36000|rfpa_therm=32017|quiet_therm=32685|charging_therm=34644|,BIG=40000|MID=38000|usb_pwr_therm=30325|btmspkr_therm=30258|disp_therm=30258|north_therm=31015|soc_therm=34599|battery=30700|battery_cycle=5|dc-mains=35000|usbc-therm-adc=350|max77779fg=30700|LITTLE=37000|soc=16|smpl_gm=0|vdroop1=0|batoilo=0|batoilo2=0|batt_vs=30694|mdis_morepower=0|thb_hda=51|cp_on_chip_0=33000|cp_on_chip_1=34000|G3D=37000|cp_on_chip_2=35000|cp_on_chip_3=33000|cp_on_chip_4=33000|rf2_therm=31000|rf1_therm=32000|ISP=35000|TPU=37000|AUR=36000|rfpa_therm=32017|quiet_therm=32685|charging_therm=34644|,ok,1,single,untouched,4096,1024,23,1024,12451,0,891072,0,4,4,ok
1,18,nvhe,4,1945000,1945000,37000,39000,BIG=36000|MID=37000|usb_pwr_therm=30325|btmspkr_therm=30236|disp_therm=30258|north_therm=30993|soc_therm=34577|battery=30700|battery_cycle=5|dc-mains=35000|usbc-therm-adc=350|max77779fg=30700|LITTLE=37000|soc=16|smpl_gm=0|vdroop1=0|batoilo=0|batoilo2=0|batt_vs=30693|mdis_morepower=0|thb_hda=51|cp_on_chip_0=33000|cp_on_chip_1=34000|G3D=37000|cp_on_chip_2=35000|cp_on_chip_3=33000|cp_on_chip_4=33000|rf2_therm=31000|rf1_therm=32000|ISP=35000|TPU=37000|AUR=36000|rfpa_therm=32017|quiet_therm=32685|charging_therm=34644|,BIG=40000|MID=38000|usb_pwr_therm=30325|btmspkr_therm=30258|disp_therm=30258|north_therm=31015|soc_therm=34599|battery=30700|battery_cycle=5|dc-mains=35000|usbc-therm-adc=350|max77779fg=30700|LITTLE=37000|soc=16|smpl_gm=0|vdroop1=0|batoilo=0|batoilo2=0|batt_vs=30694|mdis_morepower=0|thb_hda=51|cp_on_chip_0=33000|cp_on_chip_1=34000|G3D=37000|cp_on_chip_2=35000|cp_on_chip_3=33000|cp_on_chip_4=33000|rf2_therm=31000|rf1_therm=32000|ISP=35000|TPU=37000|AUR=36000|rfpa_therm=32017|quiet_therm=32685|charging_therm=34644|,ok,1,single,untouched,4096,1024,24,1024,34261,0,891642,0,4,4,ok
1,18,nvhe,4,1945000,1945000,37000,39000,BIG=36000|MID=37000|usb_pwr_therm=30325|btmspkr_therm=30236|disp_therm=30258|north_therm=30993|soc_therm=34577|battery=30700|battery_cycle=5|dc-mains=35000|usbc-therm-adc=350|max77779fg=30700|LITTLE=37000|soc=16|smpl_gm=0|vdroop1=0|batoilo=0|batoilo2=0|batt_vs=30693|mdis_morepower=0|thb_hda=51|cp_on_chip_0=33000|cp_on_chip_1=34000|G3D=37000|cp_on_chip_2=35000|cp_on_chip_3=33000|cp_on_chip_4=33000|rf2_therm=31000|rf1_therm=32000|ISP=35000|TPU=37000|AUR=36000|rfpa_therm=32017|quiet_therm=32685|charging_therm=34644|,BIG=40000|MID=38000|usb_pwr_therm=30325|btmspkr_therm=30258|disp_therm=30258|north_therm=31015|soc_therm=34599|battery=30700|battery_cycle=5|dc-mains=35000|usbc-therm-adc=350|max77779fg=30700|LITTLE=37000|soc=16|smpl_gm=0|vdroop1=0|batoilo=0|batoilo2=0|batt_vs=30694|mdis_morepower=0|thb_hda=51|cp_on_chip_0=33000|cp_on_chip_1=34000|G3D=37000|cp_on_chip_2=35000|cp_on_chip_3=33000|cp_on_chip_4=33000|rf2_therm=31000|rf1_therm=32000|ISP=35000|TPU=37000|AUR=36000|rfpa_therm=32017|quiet_therm=32685|charging_therm=34644|,ok,1,single,untouched,4096,1024,25,1024,39022,0,890096,0,4,4,ok
1,18,nvhe,4,1945000,1945000,37000,39000,BIG=36000|MID=37000|usb_pwr_therm=30325|btmspkr_therm=30236|disp_therm=30258|north_therm=30993|soc_therm=34577|battery=30700|battery_cycle=5|dc-mains=35000|usbc-therm-adc=350|max77779fg=30700|LITTLE=37000|soc=16|smpl_gm=0|vdroop1=0|batoilo=0|batoilo2=0|batt_vs=30693|mdis_morepower=0|thb_hda=51|cp_on_chip_0=33000|cp_on_chip_1=34000|G3D=37000|cp_on_chip_2=35000|cp_on_chip_3=33000|cp_on_chip_4=33000|rf2_therm=31000|rf1_therm=32000|ISP=35000|TPU=37000|AUR=36000|rfpa_therm=32017|quiet_therm=32685|charging_therm=34644|,BIG=40000|MID=38000|usb_pwr_therm=30325|btmspkr_therm=30258|disp_therm=30258|north_therm=31015|soc_therm=34599|battery=30700|battery_cycle=5|dc-mains=35000|usbc-therm-adc=350|max77779fg=30700|LITTLE=37000|soc=16|smpl_gm=0|vdroop1=0|batoilo=0|batoilo2=0|batt_vs=30694|mdis_morepower=0|thb_hda=51|cp_on_chip_0=33000|cp_on_chip_1=34000|G3D=37000|cp_on_chip_2=35000|cp_on_chip_3=33000|cp_on_chip_4=33000|rf2_therm=31000|rf1_therm=32000|ISP=35000|TPU=37000|AUR=36000|rfpa_therm=32017|quiet_therm=32685|charging_therm=34644|,ok,1,single,untouched,4096,1024,26,1024,34953,0,1222778,0,4,4,ok
1,18,nvhe,4,1945000,1945000,37000,39000,BIG=36000|MID=37000|usb_pwr_therm=30325|btmspkr_therm=30236|disp_therm=30258|north_therm=30993|soc_therm=34577|battery=30700|battery_cycle=5|dc-mains=35000|usbc-therm-adc=350|max77779fg=30700|LITTLE=37000|soc=16|smpl_gm=0|vdroop1=0|batoilo=0|batoilo2=0|batt_vs=30693|mdis_morepower=0|thb_hda=51|cp_on_chip_0=33000|cp_on_chip_1=34000|G3D=37000|cp_on_chip_2=35000|cp_on_chip_3=33000|cp_on_chip_4=33000|rf2_therm=31000|rf1_therm=32000|ISP=35000|TPU=37000|AUR=36000|rfpa_therm=32017|quiet_therm=32685|charging_therm=34644|,BIG=40000|MID=38000|usb_pwr_therm=30325|btmspkr_therm=30258|disp_therm=30258|north_therm=31015|soc_therm=34599|battery=30700|battery_cycle=5|dc-mains=35000|usbc-therm-adc=350|max77779fg=30700|LITTLE=37000|soc=16|smpl_gm=0|vdroop1=0|batoilo=0|batoilo2=0|batt_vs=30694|mdis_morepower=0|thb_hda=51|cp_on_chip_0=33000|cp_on_chip_1=34000|G3D=37000|cp_on_chip_2=35000|cp_on_chip_3=33000|cp_on_chip_4=33000|rf2_therm=31000|rf1_therm=32000|ISP=35000|TPU=37000|AUR=36000|rfpa_therm=32017|quiet_therm=32685|charging_therm=34644|,ok,1,single,untouched,4096,1024,27,1024,27263,0,891561,0,4,4,ok
1,18,nvhe,4,1945000,1945000,37000,39000,BIG=36000|MID=37000|usb_pwr_therm=30325|btmspkr_therm=30236|disp_therm=30258|north_therm=30993|soc_therm=34577|battery=30700|battery_cycle=5|dc-mains=35000|usbc-therm-adc=350|max77779fg=30700|LITTLE=37000|soc=16|smpl_gm=0|vdroop1=0|batoilo=0|batoilo2=0|batt_vs=30693|mdis_morepower=0|thb_hda=51|cp_on_chip_0=33000|cp_on_chip_1=34000|G3D=37000|cp_on_chip_2=35000|cp_on_chip_3=33000|cp_on_chip_4=33000|rf2_therm=31000|rf1_therm=32000|ISP=35000|TPU=37000|AUR=36000|rfpa_therm=32017|quiet_therm=32685|charging_therm=34644|,BIG=40000|MID=38000|usb_pwr_therm=30325|btmspkr_therm=30258|disp_therm=30258|north_therm=31015|soc_therm=34599|battery=30700|battery_cycle=5|dc-mains=35000|usbc-therm-adc=350|max77779fg=30700|LITTLE=37000|soc=16|smpl_gm=0|vdroop1=0|batoilo=0|batoilo2=0|batt_vs=30694|mdis_morepower=0|thb_hda=51|cp_on_chip_0=33000|cp_on_chip_1=34000|G3D=37000|cp_on_chip_2=35000|cp_on_chip_3=33000|cp_on_chip_4=33000|rf2_therm=31000|rf1_therm=32000|ISP=35000|TPU=37000|AUR=36000|rfpa_therm=32017|quiet_therm=32685|charging_therm=34644|,ok,1,single,untouched,4096,1024,28,1024,31169,0,891357,0,4,4,ok
1,18,nvhe,4,1945000,1945000,37000,39000,BIG=36000|MID=37000|usb_pwr_therm=30325|btmspkr_therm=30236|disp_therm=30258|north_therm=30993|soc_therm=34577|battery=30700|battery_cycle=5|dc-mains=35000|usbc-therm-adc=350|max77779fg=30700|LITTLE=37000|soc=16|smpl_gm=0|vdroop1=0|batoilo=0|batoilo2=0|batt_vs=30693|mdis_morepower=0|thb_hda=51|cp_on_chip_0=33000|cp_on_chip_1=34000|G3D=37000|cp_on_chip_2=35000|cp_on_chip_3=33000|cp_on_chip_4=33000|rf2_therm=31000|rf1_therm=32000|ISP=35000|TPU=37000|AUR=36000|rfpa_therm=32017|quiet_therm=32685|charging_therm=34644|,BIG=40000|MID=38000|usb_pwr_therm=30325|btmspkr_therm=30258|disp_therm=30258|north_therm=31015|soc_therm=34599|battery=30700|battery_cycle=5|dc-mains=35000|usbc-therm-adc=350|max77779fg=30700|LITTLE=37000|soc=16|smpl_gm=0|vdroop1=0|batoilo=0|batoilo2=0|batt_vs=30694|mdis_morepower=0|thb_hda=51|cp_on_chip_0=33000|cp_on_chip_1=34000|G3D=37000|cp_on_chip_2=35000|cp_on_chip_3=33000|cp_on_chip_4=33000|rf2_therm=31000|rf1_therm=32000|ISP=35000|TPU=37000|AUR=36000|rfpa_therm=32017|quiet_therm=32685|charging_therm=34644|,ok,1,single,untouched,4096,1024,29,1024,29866,0,891357,0,4,4,ok
1,19,nvhe,4,1795000,578000,39000,38000,BIG=37000|MID=37000|usb_pwr_therm=30325|btmspkr_therm=30258|disp_therm=30258|north_therm=31015|soc_therm=34621|battery=30700|battery_cycle=5|dc-mains=35000|usbc-therm-adc=350|max77779fg=30700|LITTLE=37000|soc=16|smpl_gm=0|vdroop1=0|batoilo=0|batoilo2=0|batt_vs=30693|mdis_morepower=0|thb_hda=51|cp_on_chip_0=33000|cp_on_chip_1=34000|G3D=37000|cp_on_chip_2=35000|cp_on_chip_3=33000|cp_on_chip_4=33000|rf2_therm=31000|rf1_therm=32000|ISP=35000|TPU=36000|AUR=37000|rfpa_therm=32039|quiet_therm=32707|charging_therm=34666|,BIG=37000|MID=38000|usb_pwr_therm=30325|btmspkr_therm=30258|disp_therm=30258|north_therm=31015|soc_therm=34621|battery=30700|battery_cycle=5|dc-mains=35000|usbc-therm-adc=350|max77779fg=30700|LITTLE=37000|soc=16|smpl_gm=0|vdroop1=0|batoilo=0|batoilo2=0|batt_vs=30694|mdis_morepower=0|thb_hda=51|cp_on_chip_0=33000|cp_on_chip_1=34000|G3D=37000|cp_on_chip_2=35000|cp_on_chip_3=33000|cp_on_chip_4=33000|rf2_therm=31000|rf1_therm=32000|ISP=35000|TPU=36000|AUR=36000|rfpa_therm=32039|quiet_therm=32707|charging_therm=34666|,ok,1,single,touched,4096,256,0,256,394491,256,208293,0,4,4,ok
1,19,nvhe,4,1795000,578000,39000,38000,BIG=37000|MID=37000|usb_pwr_therm=30325|btmspkr_therm=30258|disp_therm=30258|north_therm=31015|soc_therm=34621|battery=30700|battery_cycle=5|dc-mains=35000|usbc-therm-adc=350|max77779fg=30700|LITTLE=37000|soc=16|smpl_gm=0|vdroop1=0|batoilo=0|batoilo2=0|batt_vs=30693|mdis_morepower=0|thb_hda=51|cp_on_chip_0=33000|cp_on_chip_1=34000|G3D=37000|cp_on_chip_2=35000|cp_on_chip_3=33000|cp_on_chip_4=33000|rf2_therm=31000|rf1_therm=32000|ISP=35000|TPU=36000|AUR=37000|rfpa_therm=32039|quiet_therm=32707|charging_therm=34666|,BIG=37000|MID=38000|usb_pwr_therm=30325|btmspkr_therm=30258|disp_therm=30258|north_therm=31015|soc_therm=34621|battery=30700|battery_cycle=5|dc-mains=35000|usbc-therm-adc=350|max77779fg=30700|LITTLE=37000|soc=16|smpl_gm=0|vdroop1=0|batoilo=0|batoilo2=0|batt_vs=30694|mdis_morepower=0|thb_hda=51|cp_on_chip_0=33000|cp_on_chip_1=34000|G3D=37000|cp_on_chip_2=35000|cp_on_chip_3=33000|cp_on_chip_4=33000|rf2_therm=31000|rf1_therm=32000|ISP=35000|TPU=36000|AUR=36000|rfpa_therm=32039|quiet_therm=32707|charging_therm=34666|,ok,1,single,touched,4096,256,1,256,215250,256,204631,0,4,4,ok
1,19,nvhe,4,1795000,578000,39000,38000,BIG=37000|MID=37000|usb_pwr_therm=30325|btmspkr_therm=30258|disp_therm=30258|north_therm=31015|soc_therm=34621|battery=30700|battery_cycle=5|dc-mains=35000|usbc-therm-adc=350|max77779fg=30700|LITTLE=37000|soc=16|smpl_gm=0|vdroop1=0|batoilo=0|batoilo2=0|batt_vs=30693|mdis_morepower=0|thb_hda=51|cp_on_chip_0=33000|cp_on_chip_1=34000|G3D=37000|cp_on_chip_2=35000|cp_on_chip_3=33000|cp_on_chip_4=33000|rf2_therm=31000|rf1_therm=32000|ISP=35000|TPU=36000|AUR=37000|rfpa_therm=32039|quiet_therm=32707|charging_therm=34666|,BIG=37000|MID=38000|usb_pwr_therm=30325|btmspkr_therm=30258|disp_therm=30258|north_therm=31015|soc_therm=34621|battery=30700|battery_cycle=5|dc-mains=35000|usbc-therm-adc=350|max77779fg=30700|LITTLE=37000|soc=16|smpl_gm=0|vdroop1=0|batoilo=0|batoilo2=0|batt_vs=30694|mdis_morepower=0|thb_hda=51|cp_on_chip_0=33000|cp_on_chip_1=34000|G3D=37000|cp_on_chip_2=35000|cp_on_chip_3=33000|cp_on_chip_4=33000|rf2_therm=31000|rf1_therm=32000|ISP=35000|TPU=36000|AUR=36000|rfpa_therm=32039|quiet_therm=32707|charging_therm=34666|,ok,1,single,touched,4096,256,2,256,211466,256,205159,0,4,4,ok
1,19,nvhe,4,1795000,578000,39000,38000,BIG=37000|MID=37000|usb_pwr_therm=30325|btmspkr_therm=30258|disp_therm=30258|north_therm=31015|soc_therm=34621|battery=30700|battery_cycle=5|dc-mains=35000|usbc-therm-adc=350|max77779fg=30700|LITTLE=37000|soc=16|smpl_gm=0|vdroop1=0|batoilo=0|batoilo2=0|batt_vs=30693|mdis_morepower=0|thb_hda=51|cp_on_chip_0=33000|cp_on_chip_1=34000|G3D=37000|cp_on_chip_2=35000|cp_on_chip_3=33000|cp_on_chip_4=33000|rf2_therm=31000|rf1_therm=32000|ISP=35000|TPU=36000|AUR=37000|rfpa_therm=32039|quiet_therm=32707|charging_therm=34666|,BIG=37000|MID=38000|usb_pwr_therm=30325|btmspkr_therm=30258|disp_therm=30258|north_therm=31015|soc_therm=34621|battery=30700|battery_cycle=5|dc-mains=35000|usbc-therm-adc=350|max77779fg=30700|LITTLE=37000|soc=16|smpl_gm=0|vdroop1=0|batoilo=0|batoilo2=0|batt_vs=30694|mdis_morepower=0|thb_hda=51|cp_on_chip_0=33000|cp_on_chip_1=34000|G3D=37000|cp_on_chip_2=35000|cp_on_chip_3=33000|cp_on_chip_4=33000|rf2_therm=31000|rf1_therm=32000|ISP=35000|TPU=36000|AUR=36000|rfpa_therm=32039|quiet_therm=32707|charging_therm=34666|,ok,1,single,touched,4096,256,3,256,210124,256,233154,0,4,4,ok
1,19,nvhe,4,1795000,578000,39000,38000,BIG=37000|MID=37000|usb_pwr_therm=30325|btmspkr_therm=30258|disp_therm=30258|north_therm=31015|soc_therm=34621|battery=30700|battery_cycle=5|dc-mains=35000|usbc-therm-adc=350|max77779fg=30700|LITTLE=37000|soc=16|smpl_gm=0|vdroop1=0|batoilo=0|batoilo2=0|batt_vs=30693|mdis_morepower=0|thb_hda=51|cp_on_chip_0=33000|cp_on_chip_1=34000|G3D=37000|cp_on_chip_2=35000|cp_on_chip_3=33000|cp_on_chip_4=33000|rf2_therm=31000|rf1_therm=32000|ISP=35000|TPU=36000|AUR=37000|rfpa_therm=32039|quiet_therm=32707|charging_therm=34666|,BIG=37000|MID=38000|usb_pwr_therm=30325|btmspkr_therm=30258|disp_therm=30258|north_therm=31015|soc_therm=34621|battery=30700|battery_cycle=5|dc-mains=35000|usbc-therm-adc=350|max77779fg=30700|LITTLE=37000|soc=16|smpl_gm=0|vdroop1=0|batoilo=0|batoilo2=0|batt_vs=30694|mdis_morepower=0|thb_hda=51|cp_on_chip_0=33000|cp_on_chip_1=34000|G3D=37000|cp_on_chip_2=35000|cp_on_chip_3=33000|cp_on_chip_4=33000|rf2_therm=31000|rf1_therm=32000|ISP=35000|TPU=36000|AUR=36000|rfpa_therm=32039|quiet_therm=32707|charging_therm=34666|,ok,1,single,touched,4096,256,4,256,213542,256,204916,0,4,4,ok
1,19,nvhe,4,1795000,578000,39000,38000,BIG=37000|MID=37000|usb_pwr_therm=30325|btmspkr_therm=30258|disp_therm=30258|north_therm=31015|soc_therm=34621|battery=30700|battery_cycle=5|dc-mains=35000|usbc-therm-adc=350|max77779fg=30700|LITTLE=37000|soc=16|smpl_gm=0|vdroop1=0|batoilo=0|batoilo2=0|batt_vs=30693|mdis_morepower=0|thb_hda=51|cp_on_chip_0=33000|cp_on_chip_1=34000|G3D=37000|cp_on_chip_2=35000|cp_on_chip_3=33000|cp_on_chip_4=33000|rf2_therm=31000|rf1_therm=32000|ISP=35000|TPU=36000|AUR=37000|rfpa_therm=32039|quiet_therm=32707|charging_therm=34666|,BIG=37000|MID=38000|usb_pwr_therm=30325|btmspkr_therm=30258|disp_therm=30258|north_therm=31015|soc_therm=34621|battery=30700|battery_cycle=5|dc-mains=35000|usbc-therm-adc=350|max77779fg=30700|LITTLE=37000|soc=16|smpl_gm=0|vdroop1=0|batoilo=0|batoilo2=0|batt_vs=30694|mdis_morepower=0|thb_hda=51|cp_on_chip_0=33000|cp_on_chip_1=34000|G3D=37000|cp_on_chip_2=35000|cp_on_chip_3=33000|cp_on_chip_4=33000|rf2_therm=31000|rf1_therm=32000|ISP=35000|TPU=36000|AUR=36000|rfpa_therm=32039|quiet_therm=32707|charging_therm=34666|,ok,1,single,touched,4096,256,5,256,208293,256,204305,0,4,4,ok
1,19,nvhe,4,1795000,578000,39000,38000,BIG=37000|MID=37000|usb_pwr_therm=30325|btmspkr_therm=30258|disp_therm=30258|north_therm=31015|soc_therm=34621|battery=30700|battery_cycle=5|dc-mains=35000|usbc-therm-adc=350|max77779fg=30700|LITTLE=37000|soc=16|smpl_gm=0|vdroop1=0|batoilo=0|batoilo2=0|batt_vs=30693|mdis_morepower=0|thb_hda=51|cp_on_chip_0=33000|cp_on_chip_1=34000|G3D=37000|cp_on_chip_2=35000|cp_on_chip_3=33000|cp_on_chip_4=33000|rf2_therm=31000|rf1_therm=32000|ISP=35000|TPU=36000|AUR=37000|rfpa_therm=32039|quiet_therm=32707|charging_therm=34666|,BIG=37000|MID=38000|usb_pwr_therm=30325|btmspkr_therm=30258|disp_therm=30258|north_therm=31015|soc_therm=34621|battery=30700|battery_cycle=5|dc-mains=35000|usbc-therm-adc=350|max77779fg=30700|LITTLE=37000|soc=16|smpl_gm=0|vdroop1=0|batoilo=0|batoilo2=0|batt_vs=30694|mdis_morepower=0|thb_hda=51|cp_on_chip_0=33000|cp_on_chip_1=34000|G3D=37000|cp_on_chip_2=35000|cp_on_chip_3=33000|cp_on_chip_4=33000|rf2_therm=31000|rf1_therm=32000|ISP=35000|TPU=36000|AUR=36000|rfpa_therm=32039|quiet_therm=32707|charging_therm=34666|,ok,1,single,touched,4096,256,6,256,208129,256,204305,0,4,4,ok
1,19,nvhe,4,1795000,578000,39000,38000,BIG=37000|MID=37000|usb_pwr_therm=30325|btmspkr_therm=30258|disp_therm=30258|north_therm=31015|soc_therm=34621|battery=30700|battery_cycle=5|dc-mains=35000|usbc-therm-adc=350|max77779fg=30700|LITTLE=37000|soc=16|smpl_gm=0|vdroop1=0|batoilo=0|batoilo2=0|batt_vs=30693|mdis_morepower=0|thb_hda=51|cp_on_chip_0=33000|cp_on_chip_1=34000|G3D=37000|cp_on_chip_2=35000|cp_on_chip_3=33000|cp_on_chip_4=33000|rf2_therm=31000|rf1_therm=32000|ISP=35000|TPU=36000|AUR=37000|rfpa_therm=32039|quiet_therm=32707|charging_therm=34666|,BIG=37000|MID=38000|usb_pwr_therm=30325|btmspkr_therm=30258|disp_therm=30258|north_therm=31015|soc_therm=34621|battery=30700|battery_cycle=5|dc-mains=35000|usbc-therm-adc=350|max77779fg=30700|LITTLE=37000|soc=16|smpl_gm=0|vdroop1=0|batoilo=0|batoilo2=0|batt_vs=30694|mdis_morepower=0|thb_hda=51|cp_on_chip_0=33000|cp_on_chip_1=34000|G3D=37000|cp_on_chip_2=35000|cp_on_chip_3=33000|cp_on_chip_4=33000|rf2_therm=31000|rf1_therm=32000|ISP=35000|TPU=36000|AUR=36000|rfpa_therm=32039|quiet_therm=32707|charging_therm=34666|,ok,1,single,touched,4096,256,7,256,207845,256,204386,0,4,4,ok
1,19,nvhe,4,1795000,578000,39000,38000,BIG=37000|MID=37000|usb_pwr_therm=30325|btmspkr_therm=30258|disp_therm=30258|north_therm=31015|soc_therm=34621|battery=30700|battery_cycle=5|dc-mains=35000|usbc-therm-adc=350|max77779fg=30700|LITTLE=37000|soc=16|smpl_gm=0|vdroop1=0|batoilo=0|batoilo2=0|batt_vs=30693|mdis_morepower=0|thb_hda=51|cp_on_chip_0=33000|cp_on_chip_1=34000|G3D=37000|cp_on_chip_2=35000|cp_on_chip_3=33000|cp_on_chip_4=33000|rf2_therm=31000|rf1_therm=32000|ISP=35000|TPU=36000|AUR=37000|rfpa_therm=32039|quiet_therm=32707|charging_therm=34666|,BIG=37000|MID=38000|usb_pwr_therm=30325|btmspkr_therm=30258|disp_therm=30258|north_therm=31015|soc_therm=34621|battery=30700|battery_cycle=5|dc-mains=35000|usbc-therm-adc=350|max77779fg=30700|LITTLE=37000|soc=16|smpl_gm=0|vdroop1=0|batoilo=0|batoilo2=0|batt_vs=30694|mdis_morepower=0|thb_hda=51|cp_on_chip_0=33000|cp_on_chip_1=34000|G3D=37000|cp_on_chip_2=35000|cp_on_chip_3=33000|cp_on_chip_4=33000|rf2_therm=31000|rf1_therm=32000|ISP=35000|TPU=36000|AUR=36000|rfpa_therm=32039|quiet_therm=32707|charging_therm=34666|,ok,1,single,touched,4096,256,8,256,209716,256,204427,0,4,4,ok
1,19,nvhe,4,1795000,578000,39000,38000,BIG=37000|MID=37000|usb_pwr_therm=30325|btmspkr_therm=30258|disp_therm=30258|north_therm=31015|soc_therm=34621|battery=30700|battery_cycle=5|dc-mains=35000|usbc-therm-adc=350|max77779fg=30700|LITTLE=37000|soc=16|smpl_gm=0|vdroop1=0|batoilo=0|batoilo2=0|batt_vs=30693|mdis_morepower=0|thb_hda=51|cp_on_chip_0=33000|cp_on_chip_1=34000|G3D=37000|cp_on_chip_2=35000|cp_on_chip_3=33000|cp_on_chip_4=33000|rf2_therm=31000|rf1_therm=32000|ISP=35000|TPU=36000|AUR=37000|rfpa_therm=32039|quiet_therm=32707|charging_therm=34666|,BIG=37000|MID=38000|usb_pwr_therm=30325|btmspkr_therm=30258|disp_therm=30258|north_therm=31015|soc_therm=34621|battery=30700|battery_cycle=5|dc-mains=35000|usbc-therm-adc=350|max77779fg=30700|LITTLE=37000|soc=16|smpl_gm=0|vdroop1=0|batoilo=0|batoilo2=0|batt_vs=30694|mdis_morepower=0|thb_hda=51|cp_on_chip_0=33000|cp_on_chip_1=34000|G3D=37000|cp_on_chip_2=35000|cp_on_chip_3=33000|cp_on_chip_4=33000|rf2_therm=31000|rf1_therm=32000|ISP=35000|TPU=36000|AUR=36000|rfpa_therm=32039|quiet_therm=32707|charging_therm=34666|,ok,1,single,touched,4096,256,9,256,214722,256,204183,0,4,4,ok
1,19,nvhe,4,1795000,578000,39000,38000,BIG=37000|MID=37000|usb_pwr_therm=30325|btmspkr_therm=30258|disp_therm=30258|north_therm=31015|soc_therm=34621|battery=30700|battery_cycle=5|dc-mains=35000|usbc-therm-adc=350|max77779fg=30700|LITTLE=37000|soc=16|smpl_gm=0|vdroop1=0|batoilo=0|batoilo2=0|batt_vs=30693|mdis_morepower=0|thb_hda=51|cp_on_chip_0=33000|cp_on_chip_1=34000|G3D=37000|cp_on_chip_2=35000|cp_on_chip_3=33000|cp_on_chip_4=33000|rf2_therm=31000|rf1_therm=32000|ISP=35000|TPU=36000|AUR=37000|rfpa_therm=32039|quiet_therm=32707|charging_therm=34666|,BIG=37000|MID=38000|usb_pwr_therm=30325|btmspkr_therm=30258|disp_therm=30258|north_therm=31015|soc_therm=34621|battery=30700|battery_cycle=5|dc-mains=35000|usbc-therm-adc=350|max77779fg=30700|LITTLE=37000|soc=16|smpl_gm=0|vdroop1=0|batoilo=0|batoilo2=0|batt_vs=30694|mdis_morepower=0|thb_hda=51|cp_on_chip_0=33000|cp_on_chip_1=34000|G3D=37000|cp_on_chip_2=35000|cp_on_chip_3=33000|cp_on_chip_4=33000|rf2_therm=31000|rf1_therm=32000|ISP=35000|TPU=36000|AUR=36000|rfpa_therm=32039|quiet_therm=32707|charging_therm=34666|,ok,1,single,touched,4096,256,10,256,209188,256,204590,0,4,4,ok
1,19,nvhe,4,1795000,578000,39000,38000,BIG=37000|MID=37000|usb_pwr_therm=30325|btmspkr_therm=30258|disp_therm=30258|north_therm=31015|soc_therm=34621|battery=30700|battery_cycle=5|dc-mains=35000|usbc-therm-adc=350|max77779fg=30700|LITTLE=37000|soc=16|smpl_gm=0|vdroop1=0|batoilo=0|batoilo2=0|batt_vs=30693|mdis_morepower=0|thb_hda=51|cp_on_chip_0=33000|cp_on_chip_1=34000|G3D=37000|cp_on_chip_2=35000|cp_on_chip_3=33000|cp_on_chip_4=33000|rf2_therm=31000|rf1_therm=32000|ISP=35000|TPU=36000|AUR=37000|rfpa_therm=32039|quiet_therm=32707|charging_therm=34666|,BIG=37000|MID=38000|usb_pwr_therm=30325|btmspkr_therm=30258|disp_therm=30258|north_therm=31015|soc_therm=34621|battery=30700|battery_cycle=5|dc-mains=35000|usbc-therm-adc=350|max77779fg=30700|LITTLE=37000|soc=16|smpl_gm=0|vdroop1=0|batoilo=0|batoilo2=0|batt_vs=30694|mdis_morepower=0|thb_hda=51|cp_on_chip_0=33000|cp_on_chip_1=34000|G3D=37000|cp_on_chip_2=35000|cp_on_chip_3=33000|cp_on_chip_4=33000|rf2_therm=31000|rf1_therm=32000|ISP=35000|TPU=36000|AUR=36000|rfpa_therm=32039|quiet_therm=32707|charging_therm=34666|,ok,1,single,touched,4096,256,11,256,206828,256,204305,0,4,4,ok
1,19,nvhe,4,1795000,578000,39000,38000,BIG=37000|MID=37000|usb_pwr_therm=30325|btmspkr_therm=30258|disp_therm=30258|north_therm=31015|soc_therm=34621|battery=30700|battery_cycle=5|dc-mains=35000|usbc-therm-adc=350|max77779fg=30700|LITTLE=37000|soc=16|smpl_gm=0|vdroop1=0|batoilo=0|batoilo2=0|batt_vs=30693|mdis_morepower=0|thb_hda=51|cp_on_chip_0=33000|cp_on_chip_1=34000|G3D=37000|cp_on_chip_2=35000|cp_on_chip_3=33000|cp_on_chip_4=33000|rf2_therm=31000|rf1_therm=32000|ISP=35000|TPU=36000|AUR=37000|rfpa_therm=32039|quiet_therm=32707|charging_therm=34666|,BIG=37000|MID=38000|usb_pwr_therm=30325|btmspkr_therm=30258|disp_therm=30258|north_therm=31015|soc_therm=34621|battery=30700|battery_cycle=5|dc-mains=35000|usbc-therm-adc=350|max77779fg=30700|LITTLE=37000|soc=16|smpl_gm=0|vdroop1=0|batoilo=0|batoilo2=0|batt_vs=30694|mdis_morepower=0|thb_hda=51|cp_on_chip_0=33000|cp_on_chip_1=34000|G3D=37000|cp_on_chip_2=35000|cp_on_chip_3=33000|cp_on_chip_4=33000|rf2_therm=31000|rf1_therm=32000|ISP=35000|TPU=36000|AUR=36000|rfpa_therm=32039|quiet_therm=32707|charging_therm=34666|,ok,1,single,touched,4096,256,12,256,209879,256,231161,0,4,4,ok
1,19,nvhe,4,1795000,578000,39000,38000,BIG=37000|MID=37000|usb_pwr_therm=30325|btmspkr_therm=30258|disp_therm=30258|north_therm=31015|soc_therm=34621|battery=30700|battery_cycle=5|dc-mains=35000|usbc-therm-adc=350|max77779fg=30700|LITTLE=37000|soc=16|smpl_gm=0|vdroop1=0|batoilo=0|batoilo2=0|batt_vs=30693|mdis_morepower=0|thb_hda=51|cp_on_chip_0=33000|cp_on_chip_1=34000|G3D=37000|cp_on_chip_2=35000|cp_on_chip_3=33000|cp_on_chip_4=33000|rf2_therm=31000|rf1_therm=32000|ISP=35000|TPU=36000|AUR=37000|rfpa_therm=32039|quiet_therm=32707|charging_therm=34666|,BIG=37000|MID=38000|usb_pwr_therm=30325|btmspkr_therm=30258|disp_therm=30258|north_therm=31015|soc_therm=34621|battery=30700|battery_cycle=5|dc-mains=35000|usbc-therm-adc=350|max77779fg=30700|LITTLE=37000|soc=16|smpl_gm=0|vdroop1=0|batoilo=0|batoilo2=0|batt_vs=30694|mdis_morepower=0|thb_hda=51|cp_on_chip_0=33000|cp_on_chip_1=34000|G3D=37000|cp_on_chip_2=35000|cp_on_chip_3=33000|cp_on_chip_4=33000|rf2_therm=31000|rf1_therm=32000|ISP=35000|TPU=36000|AUR=36000|rfpa_therm=32039|quiet_therm=32707|charging_therm=34666|,ok,1,single,touched,4096,256,13,256,214803,256,208170,0,4,4,ok
1,19,nvhe,4,1795000,578000,39000,38000,BIG=37000|MID=37000|usb_pwr_therm=30325|btmspkr_therm=30258|disp_therm=30258|north_therm=31015|soc_therm=34621|battery=30700|battery_cycle=5|dc-mains=35000|usbc-therm-adc=350|max77779fg=30700|LITTLE=37000|soc=16|smpl_gm=0|vdroop1=0|batoilo=0|batoilo2=0|batt_vs=30693|mdis_morepower=0|thb_hda=51|cp_on_chip_0=33000|cp_on_chip_1=34000|G3D=37000|cp_on_chip_2=35000|cp_on_chip_3=33000|cp_on_chip_4=33000|rf2_therm=31000|rf1_therm=32000|ISP=35000|TPU=36000|AUR=37000|rfpa_therm=32039|quiet_therm=32707|charging_therm=34666|,BIG=37000|MID=38000|usb_pwr_therm=30325|btmspkr_therm=30258|disp_therm=30258|north_therm=31015|soc_therm=34621|battery=30700|battery_cycle=5|dc-mains=35000|usbc-therm-adc=350|max77779fg=30700|LITTLE=37000|soc=16|smpl_gm=0|vdroop1=0|batoilo=0|batoilo2=0|batt_vs=30694|mdis_morepower=0|thb_hda=51|cp_on_chip_0=33000|cp_on_chip_1=34000|G3D=37000|cp_on_chip_2=35000|cp_on_chip_3=33000|cp_on_chip_4=33000|rf2_therm=31000|rf1_therm=32000|ISP=35000|TPU=36000|AUR=36000|rfpa_therm=32039|quiet_therm=32707|charging_therm=34666|,ok,1,single,touched,4096,256,14,256,223470,256,229981,0,4,4,ok
1,19,nvhe,4,1795000,578000,39000,38000,BIG=37000|MID=37000|usb_pwr_therm=30325|btmspkr_therm=30258|disp_therm=30258|north_therm=31015|soc_therm=34621|battery=30700|battery_cycle=5|dc-mains=35000|usbc-therm-adc=350|max77779fg=30700|LITTLE=37000|soc=16|smpl_gm=0|vdroop1=0|batoilo=0|batoilo2=0|batt_vs=30693|mdis_morepower=0|thb_hda=51|cp_on_chip_0=33000|cp_on_chip_1=34000|G3D=37000|cp_on_chip_2=35000|cp_on_chip_3=33000|cp_on_chip_4=33000|rf2_therm=31000|rf1_therm=32000|ISP=35000|TPU=36000|AUR=37000|rfpa_therm=32039|quiet_therm=32707|charging_therm=34666|,BIG=37000|MID=38000|usb_pwr_therm=30325|btmspkr_therm=30258|disp_therm=30258|north_therm=31015|soc_therm=34621|battery=30700|battery_cycle=5|dc-mains=35000|usbc-therm-adc=350|max77779fg=30700|LITTLE=37000|soc=16|smpl_gm=0|vdroop1=0|batoilo=0|batoilo2=0|batt_vs=30694|mdis_morepower=0|thb_hda=51|cp_on_chip_0=33000|cp_on_chip_1=34000|G3D=37000|cp_on_chip_2=35000|cp_on_chip_3=33000|cp_on_chip_4=33000|rf2_therm=31000|rf1_therm=32000|ISP=35000|TPU=36000|AUR=36000|rfpa_therm=32039|quiet_therm=32707|charging_therm=34666|,ok,1,single,touched,4096,256,15,256,235840,256,229574,0,4,4,ok
1,19,nvhe,4,1795000,578000,39000,38000,BIG=37000|MID=37000|usb_pwr_therm=30325|btmspkr_therm=30258|disp_therm=30258|north_therm=31015|soc_therm=34621|battery=30700|battery_cycle=5|dc-mains=35000|usbc-therm-adc=350|max77779fg=30700|LITTLE=37000|soc=16|smpl_gm=0|vdroop1=0|batoilo=0|batoilo2=0|batt_vs=30693|mdis_morepower=0|thb_hda=51|cp_on_chip_0=33000|cp_on_chip_1=34000|G3D=37000|cp_on_chip_2=35000|cp_on_chip_3=33000|cp_on_chip_4=33000|rf2_therm=31000|rf1_therm=32000|ISP=35000|TPU=36000|AUR=37000|rfpa_therm=32039|quiet_therm=32707|charging_therm=34666|,BIG=37000|MID=38000|usb_pwr_therm=30325|btmspkr_therm=30258|disp_therm=30258|north_therm=31015|soc_therm=34621|battery=30700|battery_cycle=5|dc-mains=35000|usbc-therm-adc=350|max77779fg=30700|LITTLE=37000|soc=16|smpl_gm=0|vdroop1=0|batoilo=0|batoilo2=0|batt_vs=30694|mdis_morepower=0|thb_hda=51|cp_on_chip_0=33000|cp_on_chip_1=34000|G3D=37000|cp_on_chip_2=35000|cp_on_chip_3=33000|cp_on_chip_4=33000|rf2_therm=31000|rf1_therm=32000|ISP=35000|TPU=36000|AUR=36000|rfpa_therm=32039|quiet_therm=32707|charging_therm=34666|,ok,1,single,touched,4096,256,16,256,234619,256,289307,0,4,4,ok
1,19,nvhe,4,1795000,578000,39000,38000,BIG=37000|MID=37000|usb_pwr_therm=30325|btmspkr_therm=30258|disp_therm=30258|north_therm=31015|soc_therm=34621|battery=30700|battery_cycle=5|dc-mains=35000|usbc-therm-adc=350|max77779fg=30700|LITTLE=37000|soc=16|smpl_gm=0|vdroop1=0|batoilo=0|batoilo2=0|batt_vs=30693|mdis_morepower=0|thb_hda=51|cp_on_chip_0=33000|cp_on_chip_1=34000|G3D=37000|cp_on_chip_2=35000|cp_on_chip_3=33000|cp_on_chip_4=33000|rf2_therm=31000|rf1_therm=32000|ISP=35000|TPU=36000|AUR=37000|rfpa_therm=32039|quiet_therm=32707|charging_therm=34666|,BIG=37000|MID=38000|usb_pwr_therm=30325|btmspkr_therm=30258|disp_therm=30258|north_therm=31015|soc_therm=34621|battery=30700|battery_cycle=5|dc-mains=35000|usbc-therm-adc=350|max77779fg=30700|LITTLE=37000|soc=16|smpl_gm=0|vdroop1=0|batoilo=0|batoilo2=0|batt_vs=30694|mdis_morepower=0|thb_hda=51|cp_on_chip_0=33000|cp_on_chip_1=34000|G3D=37000|cp_on_chip_2=35000|cp_on_chip_3=33000|cp_on_chip_4=33000|rf2_therm=31000|rf1_therm=32000|ISP=35000|TPU=36000|AUR=36000|rfpa_therm=32039|quiet_therm=32707|charging_therm=34666|,ok,1,single,touched,4096,256,17,256,237793,256,233887,0,4,4,ok
1,19,nvhe,4,1795000,578000,39000,38000,BIG=37000|MID=37000|usb_pwr_therm=30325|btmspkr_therm=30258|disp_therm=30258|north_therm=31015|soc_therm=34621|battery=30700|battery_cycle=5|dc-mains=35000|usbc-therm-adc=350|max77779fg=30700|LITTLE=37000|soc=16|smpl_gm=0|vdroop1=0|batoilo=0|batoilo2=0|batt_vs=30693|mdis_morepower=0|thb_hda=51|cp_on_chip_0=33000|cp_on_chip_1=34000|G3D=37000|cp_on_chip_2=35000|cp_on_chip_3=33000|cp_on_chip_4=33000|rf2_therm=31000|rf1_therm=32000|ISP=35000|TPU=36000|AUR=37000|rfpa_therm=32039|quiet_therm=32707|charging_therm=34666|,BIG=37000|MID=38000|usb_pwr_therm=30325|btmspkr_therm=30258|disp_therm=30258|north_therm=31015|soc_therm=34621|battery=30700|battery_cycle=5|dc-mains=35000|usbc-therm-adc=350|max77779fg=30700|LITTLE=37000|soc=16|smpl_gm=0|vdroop1=0|batoilo=0|batoilo2=0|batt_vs=30694|mdis_morepower=0|thb_hda=51|cp_on_chip_0=33000|cp_on_chip_1=34000|G3D=37000|cp_on_chip_2=35000|cp_on_chip_3=33000|cp_on_chip_4=33000|rf2_therm=31000|rf1_therm=32000|ISP=35000|TPU=36000|AUR=36000|rfpa_therm=32039|quiet_therm=32707|charging_therm=34666|,ok,1,single,touched,4096,256,18,256,240316,256,229736,0,4,4,ok
1,19,nvhe,4,1795000,578000,39000,38000,BIG=37000|MID=37000|usb_pwr_therm=30325|btmspkr_therm=30258|disp_therm=30258|north_therm=31015|soc_therm=34621|battery=30700|battery_cycle=5|dc-mains=35000|usbc-therm-adc=350|max77779fg=30700|LITTLE=37000|soc=16|smpl_gm=0|vdroop1=0|batoilo=0|batoilo2=0|batt_vs=30693|mdis_morepower=0|thb_hda=51|cp_on_chip_0=33000|cp_on_chip_1=34000|G3D=37000|cp_on_chip_2=35000|cp_on_chip_3=33000|cp_on_chip_4=33000|rf2_therm=31000|rf1_therm=32000|ISP=35000|TPU=36000|AUR=37000|rfpa_therm=32039|quiet_therm=32707|charging_therm=34666|,BIG=37000|MID=38000|usb_pwr_therm=30325|btmspkr_therm=30258|disp_therm=30258|north_therm=31015|soc_therm=34621|battery=30700|battery_cycle=5|dc-mains=35000|usbc-therm-adc=350|max77779fg=30700|LITTLE=37000|soc=16|smpl_gm=0|vdroop1=0|batoilo=0|batoilo2=0|batt_vs=30694|mdis_morepower=0|thb_hda=51|cp_on_chip_0=33000|cp_on_chip_1=34000|G3D=37000|cp_on_chip_2=35000|cp_on_chip_3=33000|cp_on_chip_4=33000|rf2_therm=31000|rf1_therm=32000|ISP=35000|TPU=36000|AUR=36000|rfpa_therm=32039|quiet_therm=32707|charging_therm=34666|,ok,1,single,touched,4096,256,19,256,236694,256,229981,0,4,4,ok
1,19,nvhe,4,1795000,578000,39000,38000,BIG=37000|MID=37000|usb_pwr_therm=30325|btmspkr_therm=30258|disp_therm=30258|north_therm=31015|soc_therm=34621|battery=30700|battery_cycle=5|dc-mains=35000|usbc-therm-adc=350|max77779fg=30700|LITTLE=37000|soc=16|smpl_gm=0|vdroop1=0|batoilo=0|batoilo2=0|batt_vs=30693|mdis_morepower=0|thb_hda=51|cp_on_chip_0=33000|cp_on_chip_1=34000|G3D=37000|cp_on_chip_2=35000|cp_on_chip_3=33000|cp_on_chip_4=33000|rf2_therm=31000|rf1_therm=32000|ISP=35000|TPU=36000|AUR=37000|rfpa_therm=32039|quiet_therm=32707|charging_therm=34666|,BIG=37000|MID=38000|usb_pwr_therm=30325|btmspkr_therm=30258|disp_therm=30258|north_therm=31015|soc_therm=34621|battery=30700|battery_cycle=5|dc-mains=35000|usbc-therm-adc=350|max77779fg=30700|LITTLE=37000|soc=16|smpl_gm=0|vdroop1=0|batoilo=0|batoilo2=0|batt_vs=30694|mdis_morepower=0|thb_hda=51|cp_on_chip_0=33000|cp_on_chip_1=34000|G3D=37000|cp_on_chip_2=35000|cp_on_chip_3=33000|cp_on_chip_4=33000|rf2_therm=31000|rf1_therm=32000|ISP=35000|TPU=36000|AUR=36000|rfpa_therm=32039|quiet_therm=32707|charging_therm=34666|,ok,1,single,touched,4096,256,20,256,238403,256,229614,0,4,4,ok
1,19,nvhe,4,1795000,578000,39000,38000,BIG=37000|MID=37000|usb_pwr_therm=30325|btmspkr_therm=30258|disp_therm=30258|north_therm=31015|soc_therm=34621|battery=30700|battery_cycle=5|dc-mains=35000|usbc-therm-adc=350|max77779fg=30700|LITTLE=37000|soc=16|smpl_gm=0|vdroop1=0|batoilo=0|batoilo2=0|batt_vs=30693|mdis_morepower=0|thb_hda=51|cp_on_chip_0=33000|cp_on_chip_1=34000|G3D=37000|cp_on_chip_2=35000|cp_on_chip_3=33000|cp_on_chip_4=33000|rf2_therm=31000|rf1_therm=32000|ISP=35000|TPU=36000|AUR=37000|rfpa_therm=32039|quiet_therm=32707|charging_therm=34666|,BIG=37000|MID=38000|usb_pwr_therm=30325|btmspkr_therm=30258|disp_therm=30258|north_therm=31015|soc_therm=34621|battery=30700|battery_cycle=5|dc-mains=35000|usbc-therm-adc=350|max77779fg=30700|LITTLE=37000|soc=16|smpl_gm=0|vdroop1=0|batoilo=0|batoilo2=0|batt_vs=30694|mdis_morepower=0|thb_hda=51|cp_on_chip_0=33000|cp_on_chip_1=34000|G3D=37000|cp_on_chip_2=35000|cp_on_chip_3=33000|cp_on_chip_4=33000|rf2_therm=31000|rf1_therm=32000|ISP=35000|TPU=36000|AUR=36000|rfpa_therm=32039|quiet_therm=32707|charging_therm=34666|,ok,1,single,touched,4096,256,21,256,262980,256,230713,0,4,4,ok
1,19,nvhe,4,1795000,578000,39000,38000,BIG=37000|MID=37000|usb_pwr_therm=30325|btmspkr_therm=30258|disp_therm=30258|north_therm=31015|soc_therm=34621|battery=30700|battery_cycle=5|dc-mains=35000|usbc-therm-adc=350|max77779fg=30700|LITTLE=37000|soc=16|smpl_gm=0|vdroop1=0|batoilo=0|batoilo2=0|batt_vs=30693|mdis_morepower=0|thb_hda=51|cp_on_chip_0=33000|cp_on_chip_1=34000|G3D=37000|cp_on_chip_2=35000|cp_on_chip_3=33000|cp_on_chip_4=33000|rf2_therm=31000|rf1_therm=32000|ISP=35000|TPU=36000|AUR=37000|rfpa_therm=32039|quiet_therm=32707|charging_therm=34666|,BIG=37000|MID=38000|usb_pwr_therm=30325|btmspkr_therm=30258|disp_therm=30258|north_therm=31015|soc_therm=34621|battery=30700|battery_cycle=5|dc-mains=35000|usbc-therm-adc=350|max77779fg=30700|LITTLE=37000|soc=16|smpl_gm=0|vdroop1=0|batoilo=0|batoilo2=0|batt_vs=30694|mdis_morepower=0|thb_hda=51|cp_on_chip_0=33000|cp_on_chip_1=34000|G3D=37000|cp_on_chip_2=35000|cp_on_chip_3=33000|cp_on_chip_4=33000|rf2_therm=31000|rf1_therm=32000|ISP=35000|TPU=36000|AUR=36000|rfpa_therm=32039|quiet_therm=32707|charging_therm=34666|,ok,1,single,touched,4096,256,22,256,242960,256,229329,0,4,4,ok
1,19,nvhe,4,1795000,578000,39000,38000,BIG=37000|MID=37000|usb_pwr_therm=30325|btmspkr_therm=30258|disp_therm=30258|north_therm=31015|soc_therm=34621|battery=30700|battery_cycle=5|dc-mains=35000|usbc-therm-adc=350|max77779fg=30700|LITTLE=37000|soc=16|smpl_gm=0|vdroop1=0|batoilo=0|batoilo2=0|batt_vs=30693|mdis_morepower=0|thb_hda=51|cp_on_chip_0=33000|cp_on_chip_1=34000|G3D=37000|cp_on_chip_2=35000|cp_on_chip_3=33000|cp_on_chip_4=33000|rf2_therm=31000|rf1_therm=32000|ISP=35000|TPU=36000|AUR=37000|rfpa_therm=32039|quiet_therm=32707|charging_therm=34666|,BIG=37000|MID=38000|usb_pwr_therm=30325|btmspkr_therm=30258|disp_therm=30258|north_therm=31015|soc_therm=34621|battery=30700|battery_cycle=5|dc-mains=35000|usbc-therm-adc=350|max77779fg=30700|LITTLE=37000|soc=16|smpl_gm=0|vdroop1=0|batoilo=0|batoilo2=0|batt_vs=30694|mdis_morepower=0|thb_hda=51|cp_on_chip_0=33000|cp_on_chip_1=34000|G3D=37000|cp_on_chip_2=35000|cp_on_chip_3=33000|cp_on_chip_4=33000|rf2_therm=31000|rf1_therm=32000|ISP=35000|TPU=36000|AUR=36000|rfpa_therm=32039|quiet_therm=32707|charging_therm=34666|,ok,1,single,touched,4096,256,23,256,240723,256,229208,0,4,4,ok
1,19,nvhe,4,1795000,578000,39000,38000,BIG=37000|MID=37000|usb_pwr_therm=30325|btmspkr_therm=30258|disp_therm=30258|north_therm=31015|soc_therm=34621|battery=30700|battery_cycle=5|dc-mains=35000|usbc-therm-adc=350|max77779fg=30700|LITTLE=37000|soc=16|smpl_gm=0|vdroop1=0|batoilo=0|batoilo2=0|batt_vs=30693|mdis_morepower=0|thb_hda=51|cp_on_chip_0=33000|cp_on_chip_1=34000|G3D=37000|cp_on_chip_2=35000|cp_on_chip_3=33000|cp_on_chip_4=33000|rf2_therm=31000|rf1_therm=32000|ISP=35000|TPU=36000|AUR=37000|rfpa_therm=32039|quiet_therm=32707|charging_therm=34666|,BIG=37000|MID=38000|usb_pwr_therm=30325|btmspkr_therm=30258|disp_therm=30258|north_therm=31015|soc_therm=34621|battery=30700|battery_cycle=5|dc-mains=35000|usbc-therm-adc=350|max77779fg=30700|LITTLE=37000|soc=16|smpl_gm=0|vdroop1=0|batoilo=0|batoilo2=0|batt_vs=30694|mdis_morepower=0|thb_hda=51|cp_on_chip_0=33000|cp_on_chip_1=34000|G3D=37000|cp_on_chip_2=35000|cp_on_chip_3=33000|cp_on_chip_4=33000|rf2_therm=31000|rf1_therm=32000|ISP=35000|TPU=36000|AUR=36000|rfpa_therm=32039|quiet_therm=32707|charging_therm=34666|,ok,1,single,touched,4096,256,24,256,251505,256,229655,0,4,4,ok
1,19,nvhe,4,1795000,578000,39000,38000,BIG=37000|MID=37000|usb_pwr_therm=30325|btmspkr_therm=30258|disp_therm=30258|north_therm=31015|soc_therm=34621|battery=30700|battery_cycle=5|dc-mains=35000|usbc-therm-adc=350|max77779fg=30700|LITTLE=37000|soc=16|smpl_gm=0|vdroop1=0|batoilo=0|batoilo2=0|batt_vs=30693|mdis_morepower=0|thb_hda=51|cp_on_chip_0=33000|cp_on_chip_1=34000|G3D=37000|cp_on_chip_2=35000|cp_on_chip_3=33000|cp_on_chip_4=33000|rf2_therm=31000|rf1_therm=32000|ISP=35000|TPU=36000|AUR=37000|rfpa_therm=32039|quiet_therm=32707|charging_therm=34666|,BIG=37000|MID=38000|usb_pwr_therm=30325|btmspkr_therm=30258|disp_therm=30258|north_therm=31015|soc_therm=34621|battery=30700|battery_cycle=5|dc-mains=35000|usbc-therm-adc=350|max77779fg=30700|LITTLE=37000|soc=16|smpl_gm=0|vdroop1=0|batoilo=0|batoilo2=0|batt_vs=30694|mdis_morepower=0|thb_hda=51|cp_on_chip_0=33000|cp_on_chip_1=34000|G3D=37000|cp_on_chip_2=35000|cp_on_chip_3=33000|cp_on_chip_4=33000|rf2_therm=31000|rf1_therm=32000|ISP=35000|TPU=36000|AUR=36000|rfpa_therm=32039|quiet_therm=32707|charging_therm=34666|,ok,1,single,touched,4096,256,25,256,238159,256,230021,0,4,4,ok
1,19,nvhe,4,1795000,578000,39000,38000,BIG=37000|MID=37000|usb_pwr_therm=30325|btmspkr_therm=30258|disp_therm=30258|north_therm=31015|soc_therm=34621|battery=30700|battery_cycle=5|dc-mains=35000|usbc-therm-adc=350|max77779fg=30700|LITTLE=37000|soc=16|smpl_gm=0|vdroop1=0|batoilo=0|batoilo2=0|batt_vs=30693|mdis_morepower=0|thb_hda=51|cp_on_chip_0=33000|cp_on_chip_1=34000|G3D=37000|cp_on_chip_2=35000|cp_on_chip_3=33000|cp_on_chip_4=33000|rf2_therm=31000|rf1_therm=32000|ISP=35000|TPU=36000|AUR=37000|rfpa_therm=32039|quiet_therm=32707|charging_therm=34666|,BIG=37000|MID=38000|usb_pwr_therm=30325|btmspkr_therm=30258|disp_therm=30258|north_therm=31015|soc_therm=34621|battery=30700|battery_cycle=5|dc-mains=35000|usbc-therm-adc=350|max77779fg=30700|LITTLE=37000|soc=16|smpl_gm=0|vdroop1=0|batoilo=0|batoilo2=0|batt_vs=30694|mdis_morepower=0|thb_hda=51|cp_on_chip_0=33000|cp_on_chip_1=34000|G3D=37000|cp_on_chip_2=35000|cp_on_chip_3=33000|cp_on_chip_4=33000|rf2_therm=31000|rf1_therm=32000|ISP=35000|TPU=36000|AUR=36000|rfpa_therm=32039|quiet_therm=32707|charging_therm=34666|,ok,1,single,touched,4096,256,26,256,238851,256,229370,0,4,4,ok
1,19,nvhe,4,1795000,578000,39000,38000,BIG=37000|MID=37000|usb_pwr_therm=30325|btmspkr_therm=30258|disp_therm=30258|north_therm=31015|soc_therm=34621|battery=30700|battery_cycle=5|dc-mains=35000|usbc-therm-adc=350|max77779fg=30700|LITTLE=37000|soc=16|smpl_gm=0|vdroop1=0|batoilo=0|batoilo2=0|batt_vs=30693|mdis_morepower=0|thb_hda=51|cp_on_chip_0=33000|cp_on_chip_1=34000|G3D=37000|cp_on_chip_2=35000|cp_on_chip_3=33000|cp_on_chip_4=33000|rf2_therm=31000|rf1_therm=32000|ISP=35000|TPU=36000|AUR=37000|rfpa_therm=32039|quiet_therm=32707|charging_therm=34666|,BIG=37000|MID=38000|usb_pwr_therm=30325|btmspkr_therm=30258|disp_therm=30258|north_therm=31015|soc_therm=34621|battery=30700|battery_cycle=5|dc-mains=35000|usbc-therm-adc=350|max77779fg=30700|LITTLE=37000|soc=16|smpl_gm=0|vdroop1=0|batoilo=0|batoilo2=0|batt_vs=30694|mdis_morepower=0|thb_hda=51|cp_on_chip_0=33000|cp_on_chip_1=34000|G3D=37000|cp_on_chip_2=35000|cp_on_chip_3=33000|cp_on_chip_4=33000|rf2_therm=31000|rf1_therm=32000|ISP=35000|TPU=36000|AUR=36000|rfpa_therm=32039|quiet_therm=32707|charging_therm=34666|,ok,1,single,touched,4096,256,27,256,243409,256,230225,0,4,4,ok
1,19,nvhe,4,1795000,578000,39000,38000,BIG=37000|MID=37000|usb_pwr_therm=30325|btmspkr_therm=30258|disp_therm=30258|north_therm=31015|soc_therm=34621|battery=30700|battery_cycle=5|dc-mains=35000|usbc-therm-adc=350|max77779fg=30700|LITTLE=37000|soc=16|smpl_gm=0|vdroop1=0|batoilo=0|batoilo2=0|batt_vs=30693|mdis_morepower=0|thb_hda=51|cp_on_chip_0=33000|cp_on_chip_1=34000|G3D=37000|cp_on_chip_2=35000|cp_on_chip_3=33000|cp_on_chip_4=33000|rf2_therm=31000|rf1_therm=32000|ISP=35000|TPU=36000|AUR=37000|rfpa_therm=32039|quiet_therm=32707|charging_therm=34666|,BIG=37000|MID=38000|usb_pwr_therm=30325|btmspkr_therm=30258|disp_therm=30258|north_therm=31015|soc_therm=34621|battery=30700|battery_cycle=5|dc-mains=35000|usbc-therm-adc=350|max77779fg=30700|LITTLE=37000|soc=16|smpl_gm=0|vdroop1=0|batoilo=0|batoilo2=0|batt_vs=30694|mdis_morepower=0|thb_hda=51|cp_on_chip_0=33000|cp_on_chip_1=34000|G3D=37000|cp_on_chip_2=35000|cp_on_chip_3=33000|cp_on_chip_4=33000|rf2_therm=31000|rf1_therm=32000|ISP=35000|TPU=36000|AUR=36000|rfpa_therm=32039|quiet_therm=32707|charging_therm=34666|,ok,1,single,touched,4096,256,28,256,239461,256,229614,0,4,4,ok
1,19,nvhe,4,1795000,578000,39000,38000,BIG=37000|MID=37000|usb_pwr_therm=30325|btmspkr_therm=30258|disp_therm=30258|north_therm=31015|soc_therm=34621|battery=30700|battery_cycle=5|dc-mains=35000|usbc-therm-adc=350|max77779fg=30700|LITTLE=37000|soc=16|smpl_gm=0|vdroop1=0|batoilo=0|batoilo2=0|batt_vs=30693|mdis_morepower=0|thb_hda=51|cp_on_chip_0=33000|cp_on_chip_1=34000|G3D=37000|cp_on_chip_2=35000|cp_on_chip_3=33000|cp_on_chip_4=33000|rf2_therm=31000|rf1_therm=32000|ISP=35000|TPU=36000|AUR=37000|rfpa_therm=32039|quiet_therm=32707|charging_therm=34666|,BIG=37000|MID=38000|usb_pwr_therm=30325|btmspkr_therm=30258|disp_therm=30258|north_therm=31015|soc_therm=34621|battery=30700|battery_cycle=5|dc-mains=35000|usbc-therm-adc=350|max77779fg=30700|LITTLE=37000|soc=16|smpl_gm=0|vdroop1=0|batoilo=0|batoilo2=0|batt_vs=30694|mdis_morepower=0|thb_hda=51|cp_on_chip_0=33000|cp_on_chip_1=34000|G3D=37000|cp_on_chip_2=35000|cp_on_chip_3=33000|cp_on_chip_4=33000|rf2_therm=31000|rf1_therm=32000|ISP=35000|TPU=36000|AUR=36000|rfpa_therm=32039|quiet_therm=32707|charging_therm=34666|,ok,1,single,touched,4096,256,29,256,259969,256,294677,0,4,4,ok
1,20,nvhe,4,1795000,578000,37000,38000,BIG=37000|MID=37000|usb_pwr_therm=30325|btmspkr_therm=30258|disp_therm=30258|north_therm=31015|soc_therm=34644|battery=30800|battery_cycle=5|dc-mains=35000|usbc-therm-adc=350|max77779fg=30800|LITTLE=37000|soc=16|smpl_gm=0|vdroop1=0|batoilo=0|batoilo2=0|batt_vs=30793|mdis_morepower=0|thb_hda=51|cp_on_chip_0=33000|cp_on_chip_1=34000|G3D=36000|cp_on_chip_2=35000|cp_on_chip_3=33000|cp_on_chip_4=33000|rf2_therm=31000|rf1_therm=32000|ISP=35000|TPU=37000|AUR=36000|rfpa_therm=32062|quiet_therm=32729|charging_therm=34688|,BIG=40000|MID=39000|usb_pwr_therm=30325|btmspkr_therm=30258|disp_therm=30258|north_therm=31015|soc_therm=34644|battery=30800|battery_cycle=5|dc-mains=35000|usbc-therm-adc=350|max77779fg=30800|LITTLE=37000|soc=16|smpl_gm=0|vdroop1=0|batoilo=0|batoilo2=0|batt_vs=30793|mdis_morepower=0|thb_hda=51|cp_on_chip_0=33000|cp_on_chip_1=34000|G3D=37000|cp_on_chip_2=35000|cp_on_chip_3=33000|cp_on_chip_4=33000|rf2_therm=31000|rf1_therm=32000|ISP=35000|TPU=37000|AUR=37000|rfpa_therm=32062|quiet_therm=32752|charging_therm=34733|,ok,1,single,untouched,4096,256,0,256,53589,0,267659,0,4,4,ok
1,20,nvhe,4,1795000,578000,37000,38000,BIG=37000|MID=37000|usb_pwr_therm=30325|btmspkr_therm=30258|disp_therm=30258|north_therm=31015|soc_therm=34644|battery=30800|battery_cycle=5|dc-mains=35000|usbc-therm-adc=350|max77779fg=30800|LITTLE=37000|soc=16|smpl_gm=0|vdroop1=0|batoilo=0|batoilo2=0|batt_vs=30793|mdis_morepower=0|thb_hda=51|cp_on_chip_0=33000|cp_on_chip_1=34000|G3D=36000|cp_on_chip_2=35000|cp_on_chip_3=33000|cp_on_chip_4=33000|rf2_therm=31000|rf1_therm=32000|ISP=35000|TPU=37000|AUR=36000|rfpa_therm=32062|quiet_therm=32729|charging_therm=34688|,BIG=40000|MID=39000|usb_pwr_therm=30325|btmspkr_therm=30258|disp_therm=30258|north_therm=31015|soc_therm=34644|battery=30800|battery_cycle=5|dc-mains=35000|usbc-therm-adc=350|max77779fg=30800|LITTLE=37000|soc=16|smpl_gm=0|vdroop1=0|batoilo=0|batoilo2=0|batt_vs=30793|mdis_morepower=0|thb_hda=51|cp_on_chip_0=33000|cp_on_chip_1=34000|G3D=37000|cp_on_chip_2=35000|cp_on_chip_3=33000|cp_on_chip_4=33000|rf2_therm=31000|rf1_therm=32000|ISP=35000|TPU=37000|AUR=37000|rfpa_therm=32062|quiet_therm=32752|charging_therm=34733|,ok,1,single,untouched,4096,256,1,256,8260,0,253174,0,4,4,ok
1,20,nvhe,4,1795000,578000,37000,38000,BIG=37000|MID=37000|usb_pwr_therm=30325|btmspkr_therm=30258|disp_therm=30258|north_therm=31015|soc_therm=34644|battery=30800|battery_cycle=5|dc-mains=35000|usbc-therm-adc=350|max77779fg=30800|LITTLE=37000|soc=16|smpl_gm=0|vdroop1=0|batoilo=0|batoilo2=0|batt_vs=30793|mdis_morepower=0|thb_hda=51|cp_on_chip_0=33000|cp_on_chip_1=34000|G3D=36000|cp_on_chip_2=35000|cp_on_chip_3=33000|cp_on_chip_4=33000|rf2_therm=31000|rf1_therm=32000|ISP=35000|TPU=37000|AUR=36000|rfpa_therm=32062|quiet_therm=32729|charging_therm=34688|,BIG=40000|MID=39000|usb_pwr_therm=30325|btmspkr_therm=30258|disp_therm=30258|north_therm=31015|soc_therm=34644|battery=30800|battery_cycle=5|dc-mains=35000|usbc-therm-adc=350|max77779fg=30800|LITTLE=37000|soc=16|smpl_gm=0|vdroop1=0|batoilo=0|batoilo2=0|batt_vs=30793|mdis_morepower=0|thb_hda=51|cp_on_chip_0=33000|cp_on_chip_1=34000|G3D=37000|cp_on_chip_2=35000|cp_on_chip_3=33000|cp_on_chip_4=33000|rf2_therm=31000|rf1_therm=32000|ISP=35000|TPU=37000|AUR=37000|rfpa_therm=32062|quiet_therm=32752|charging_therm=34733|,ok,1,single,untouched,4096,256,2,256,7894,0,252807,0,4,4,ok
1,20,nvhe,4,1795000,578000,37000,38000,BIG=37000|MID=37000|usb_pwr_therm=30325|btmspkr_therm=30258|disp_therm=30258|north_therm=31015|soc_therm=34644|battery=30800|battery_cycle=5|dc-mains=35000|usbc-therm-adc=350|max77779fg=30800|LITTLE=37000|soc=16|smpl_gm=0|vdroop1=0|batoilo=0|batoilo2=0|batt_vs=30793|mdis_morepower=0|thb_hda=51|cp_on_chip_0=33000|cp_on_chip_1=34000|G3D=36000|cp_on_chip_2=35000|cp_on_chip_3=33000|cp_on_chip_4=33000|rf2_therm=31000|rf1_therm=32000|ISP=35000|TPU=37000|AUR=36000|rfpa_therm=32062|quiet_therm=32729|charging_therm=34688|,BIG=40000|MID=39000|usb_pwr_therm=30325|btmspkr_therm=30258|disp_therm=30258|north_therm=31015|soc_therm=34644|battery=30800|battery_cycle=5|dc-mains=35000|usbc-therm-adc=350|max77779fg=30800|LITTLE=37000|soc=16|smpl_gm=0|vdroop1=0|batoilo=0|batoilo2=0|batt_vs=30793|mdis_morepower=0|thb_hda=51|cp_on_chip_0=33000|cp_on_chip_1=34000|G3D=37000|cp_on_chip_2=35000|cp_on_chip_3=33000|cp_on_chip_4=33000|rf2_therm=31000|rf1_therm=32000|ISP=35000|TPU=37000|AUR=37000|rfpa_therm=32062|quiet_therm=32752|charging_therm=34733|,ok,1,single,untouched,4096,256,3,256,36539,0,253377,0,4,4,ok
1,20,nvhe,4,1795000,578000,37000,38000,BIG=37000|MID=37000|usb_pwr_therm=30325|btmspkr_therm=30258|disp_therm=30258|north_therm=31015|soc_therm=34644|battery=30800|battery_cycle=5|dc-mains=35000|usbc-therm-adc=350|max77779fg=30800|LITTLE=37000|soc=16|smpl_gm=0|vdroop1=0|batoilo=0|batoilo2=0|batt_vs=30793|mdis_morepower=0|thb_hda=51|cp_on_chip_0=33000|cp_on_chip_1=34000|G3D=36000|cp_on_chip_2=35000|cp_on_chip_3=33000|cp_on_chip_4=33000|rf2_therm=31000|rf1_therm=32000|ISP=35000|TPU=37000|AUR=36000|rfpa_therm=32062|quiet_therm=32729|charging_therm=34688|,BIG=40000|MID=39000|usb_pwr_therm=30325|btmspkr_therm=30258|disp_therm=30258|north_therm=31015|soc_therm=34644|battery=30800|battery_cycle=5|dc-mains=35000|usbc-therm-adc=350|max77779fg=30800|LITTLE=37000|soc=16|smpl_gm=0|vdroop1=0|batoilo=0|batoilo2=0|batt_vs=30793|mdis_morepower=0|thb_hda=51|cp_on_chip_0=33000|cp_on_chip_1=34000|G3D=37000|cp_on_chip_2=35000|cp_on_chip_3=33000|cp_on_chip_4=33000|rf2_therm=31000|rf1_therm=32000|ISP=35000|TPU=37000|AUR=37000|rfpa_therm=32062|quiet_therm=32752|charging_therm=34733|,ok,1,single,untouched,4096,256,4,256,35197,0,253134,0,4,4,ok
1,20,nvhe,4,1795000,578000,37000,38000,BIG=37000|MID=37000|usb_pwr_therm=30325|btmspkr_therm=30258|disp_therm=30258|north_therm=31015|soc_therm=34644|battery=30800|battery_cycle=5|dc-mains=35000|usbc-therm-adc=350|max77779fg=30800|LITTLE=37000|soc=16|smpl_gm=0|vdroop1=0|batoilo=0|batoilo2=0|batt_vs=30793|mdis_morepower=0|thb_hda=51|cp_on_chip_0=33000|cp_on_chip_1=34000|G3D=36000|cp_on_chip_2=35000|cp_on_chip_3=33000|cp_on_chip_4=33000|rf2_therm=31000|rf1_therm=32000|ISP=35000|TPU=37000|AUR=36000|rfpa_therm=32062|quiet_therm=32729|charging_therm=34688|,BIG=40000|MID=39000|usb_pwr_therm=30325|btmspkr_therm=30258|disp_therm=30258|north_therm=31015|soc_therm=34644|battery=30800|battery_cycle=5|dc-mains=35000|usbc-therm-adc=350|max77779fg=30800|LITTLE=37000|soc=16|smpl_gm=0|vdroop1=0|batoilo=0|batoilo2=0|batt_vs=30793|mdis_morepower=0|thb_hda=51|cp_on_chip_0=33000|cp_on_chip_1=34000|G3D=37000|cp_on_chip_2=35000|cp_on_chip_3=33000|cp_on_chip_4=33000|rf2_therm=31000|rf1_therm=32000|ISP=35000|TPU=37000|AUR=37000|rfpa_therm=32062|quiet_therm=32752|charging_therm=34733|,ok,1,single,untouched,4096,256,5,256,37760,0,253540,0,4,4,ok
1,20,nvhe,4,1795000,578000,37000,38000,BIG=37000|MID=37000|usb_pwr_therm=30325|btmspkr_therm=30258|disp_therm=30258|north_therm=31015|soc_therm=34644|battery=30800|battery_cycle=5|dc-mains=35000|usbc-therm-adc=350|max77779fg=30800|LITTLE=37000|soc=16|smpl_gm=0|vdroop1=0|batoilo=0|batoilo2=0|batt_vs=30793|mdis_morepower=0|thb_hda=51|cp_on_chip_0=33000|cp_on_chip_1=34000|G3D=36000|cp_on_chip_2=35000|cp_on_chip_3=33000|cp_on_chip_4=33000|rf2_therm=31000|rf1_therm=32000|ISP=35000|TPU=37000|AUR=36000|rfpa_therm=32062|quiet_therm=32729|charging_therm=34688|,BIG=40000|MID=39000|usb_pwr_therm=30325|btmspkr_therm=30258|disp_therm=30258|north_therm=31015|soc_therm=34644|battery=30800|battery_cycle=5|dc-mains=35000|usbc-therm-adc=350|max77779fg=30800|LITTLE=37000|soc=16|smpl_gm=0|vdroop1=0|batoilo=0|batoilo2=0|batt_vs=30793|mdis_morepower=0|thb_hda=51|cp_on_chip_0=33000|cp_on_chip_1=34000|G3D=37000|cp_on_chip_2=35000|cp_on_chip_3=33000|cp_on_chip_4=33000|rf2_therm=31000|rf1_therm=32000|ISP=35000|TPU=37000|AUR=37000|rfpa_therm=32062|quiet_therm=32752|charging_therm=34733|,ok,1,single,untouched,4096,256,6,256,41260,0,252727,0,4,4,ok
1,20,nvhe,4,1795000,578000,37000,38000,BIG=37000|MID=37000|usb_pwr_therm=30325|btmspkr_therm=30258|disp_therm=30258|north_therm=31015|soc_therm=34644|battery=30800|battery_cycle=5|dc-mains=35000|usbc-therm-adc=350|max77779fg=30800|LITTLE=37000|soc=16|smpl_gm=0|vdroop1=0|batoilo=0|batoilo2=0|batt_vs=30793|mdis_morepower=0|thb_hda=51|cp_on_chip_0=33000|cp_on_chip_1=34000|G3D=36000|cp_on_chip_2=35000|cp_on_chip_3=33000|cp_on_chip_4=33000|rf2_therm=31000|rf1_therm=32000|ISP=35000|TPU=37000|AUR=36000|rfpa_therm=32062|quiet_therm=32729|charging_therm=34688|,BIG=40000|MID=39000|usb_pwr_therm=30325|btmspkr_therm=30258|disp_therm=30258|north_therm=31015|soc_therm=34644|battery=30800|battery_cycle=5|dc-mains=35000|usbc-therm-adc=350|max77779fg=30800|LITTLE=37000|soc=16|smpl_gm=0|vdroop1=0|batoilo=0|batoilo2=0|batt_vs=30793|mdis_morepower=0|thb_hda=51|cp_on_chip_0=33000|cp_on_chip_1=34000|G3D=37000|cp_on_chip_2=35000|cp_on_chip_3=33000|cp_on_chip_4=33000|rf2_therm=31000|rf1_therm=32000|ISP=35000|TPU=37000|AUR=37000|rfpa_therm=32062|quiet_therm=32752|charging_therm=34733|,ok,1,single,untouched,4096,256,7,256,34709,0,253093,0,4,4,ok
1,20,nvhe,4,1795000,578000,37000,38000,BIG=37000|MID=37000|usb_pwr_therm=30325|btmspkr_therm=30258|disp_therm=30258|north_therm=31015|soc_therm=34644|battery=30800|battery_cycle=5|dc-mains=35000|usbc-therm-adc=350|max77779fg=30800|LITTLE=37000|soc=16|smpl_gm=0|vdroop1=0|batoilo=0|batoilo2=0|batt_vs=30793|mdis_morepower=0|thb_hda=51|cp_on_chip_0=33000|cp_on_chip_1=34000|G3D=36000|cp_on_chip_2=35000|cp_on_chip_3=33000|cp_on_chip_4=33000|rf2_therm=31000|rf1_therm=32000|ISP=35000|TPU=37000|AUR=36000|rfpa_therm=32062|quiet_therm=32729|charging_therm=34688|,BIG=40000|MID=39000|usb_pwr_therm=30325|btmspkr_therm=30258|disp_therm=30258|north_therm=31015|soc_therm=34644|battery=30800|battery_cycle=5|dc-mains=35000|usbc-therm-adc=350|max77779fg=30800|LITTLE=37000|soc=16|smpl_gm=0|vdroop1=0|batoilo=0|batoilo2=0|batt_vs=30793|mdis_morepower=0|thb_hda=51|cp_on_chip_0=33000|cp_on_chip_1=34000|G3D=37000|cp_on_chip_2=35000|cp_on_chip_3=33000|cp_on_chip_4=33000|rf2_therm=31000|rf1_therm=32000|ISP=35000|TPU=37000|AUR=37000|rfpa_therm=32062|quiet_therm=32752|charging_therm=34733|,ok,1,single,untouched,4096,256,8,256,36011,0,252767,0,4,4,ok
1,20,nvhe,4,1795000,578000,37000,38000,BIG=37000|MID=37000|usb_pwr_therm=30325|btmspkr_therm=30258|disp_therm=30258|north_therm=31015|soc_therm=34644|battery=30800|battery_cycle=5|dc-mains=35000|usbc-therm-adc=350|max77779fg=30800|LITTLE=37000|soc=16|smpl_gm=0|vdroop1=0|batoilo=0|batoilo2=0|batt_vs=30793|mdis_morepower=0|thb_hda=51|cp_on_chip_0=33000|cp_on_chip_1=34000|G3D=36000|cp_on_chip_2=35000|cp_on_chip_3=33000|cp_on_chip_4=33000|rf2_therm=31000|rf1_therm=32000|ISP=35000|TPU=37000|AUR=36000|rfpa_therm=32062|quiet_therm=32729|charging_therm=34688|,BIG=40000|MID=39000|usb_pwr_therm=30325|btmspkr_therm=30258|disp_therm=30258|north_therm=31015|soc_therm=34644|battery=30800|battery_cycle=5|dc-mains=35000|usbc-therm-adc=350|max77779fg=30800|LITTLE=37000|soc=16|smpl_gm=0|vdroop1=0|batoilo=0|batoilo2=0|batt_vs=30793|mdis_morepower=0|thb_hda=51|cp_on_chip_0=33000|cp_on_chip_1=34000|G3D=37000|cp_on_chip_2=35000|cp_on_chip_3=33000|cp_on_chip_4=33000|rf2_therm=31000|rf1_therm=32000|ISP=35000|TPU=37000|AUR=37000|rfpa_therm=32062|quiet_therm=32752|charging_therm=34733|,ok,1,single,untouched,4096,256,9,256,34587,0,253418,0,4,4,ok
1,20,nvhe,4,1795000,578000,37000,38000,BIG=37000|MID=37000|usb_pwr_therm=30325|btmspkr_therm=30258|disp_therm=30258|north_therm=31015|soc_therm=34644|battery=30800|battery_cycle=5|dc-mains=35000|usbc-therm-adc=350|max77779fg=30800|LITTLE=37000|soc=16|smpl_gm=0|vdroop1=0|batoilo=0|batoilo2=0|batt_vs=30793|mdis_morepower=0|thb_hda=51|cp_on_chip_0=33000|cp_on_chip_1=34000|G3D=36000|cp_on_chip_2=35000|cp_on_chip_3=33000|cp_on_chip_4=33000|rf2_therm=31000|rf1_therm=32000|ISP=35000|TPU=37000|AUR=36000|rfpa_therm=32062|quiet_therm=32729|charging_therm=34688|,BIG=40000|MID=39000|usb_pwr_therm=30325|btmspkr_therm=30258|disp_therm=30258|north_therm=31015|soc_therm=34644|battery=30800|battery_cycle=5|dc-mains=35000|usbc-therm-adc=350|max77779fg=30800|LITTLE=37000|soc=16|smpl_gm=0|vdroop1=0|batoilo=0|batoilo2=0|batt_vs=30793|mdis_morepower=0|thb_hda=51|cp_on_chip_0=33000|cp_on_chip_1=34000|G3D=37000|cp_on_chip_2=35000|cp_on_chip_3=33000|cp_on_chip_4=33000|rf2_therm=31000|rf1_therm=32000|ISP=35000|TPU=37000|AUR=37000|rfpa_therm=32062|quiet_therm=32752|charging_therm=34733|,ok,1,single,untouched,4096,256,10,256,35766,0,252848,0,4,4,ok
1,20,nvhe,4,1795000,578000,37000,38000,BIG=37000|MID=37000|usb_pwr_therm=30325|btmspkr_therm=30258|disp_therm=30258|north_therm=31015|soc_therm=34644|battery=30800|battery_cycle=5|dc-mains=35000|usbc-therm-adc=350|max77779fg=30800|LITTLE=37000|soc=16|smpl_gm=0|vdroop1=0|batoilo=0|batoilo2=0|batt_vs=30793|mdis_morepower=0|thb_hda=51|cp_on_chip_0=33000|cp_on_chip_1=34000|G3D=36000|cp_on_chip_2=35000|cp_on_chip_3=33000|cp_on_chip_4=33000|rf2_therm=31000|rf1_therm=32000|ISP=35000|TPU=37000|AUR=36000|rfpa_therm=32062|quiet_therm=32729|charging_therm=34688|,BIG=40000|MID=39000|usb_pwr_therm=30325|btmspkr_therm=30258|disp_therm=30258|north_therm=31015|soc_therm=34644|battery=30800|battery_cycle=5|dc-mains=35000|usbc-therm-adc=350|max77779fg=30800|LITTLE=37000|soc=16|smpl_gm=0|vdroop1=0|batoilo=0|batoilo2=0|batt_vs=30793|mdis_morepower=0|thb_hda=51|cp_on_chip_0=33000|cp_on_chip_1=34000|G3D=37000|cp_on_chip_2=35000|cp_on_chip_3=33000|cp_on_chip_4=33000|rf2_therm=31000|rf1_therm=32000|ISP=35000|TPU=37000|AUR=37000|rfpa_therm=32062|quiet_therm=32752|charging_therm=34733|,ok,1,single,untouched,4096,256,11,256,34139,0,253418,0,4,4,ok
1,20,nvhe,4,1795000,578000,37000,38000,BIG=37000|MID=37000|usb_pwr_therm=30325|btmspkr_therm=30258|disp_therm=30258|north_therm=31015|soc_therm=34644|battery=30800|battery_cycle=5|dc-mains=35000|usbc-therm-adc=350|max77779fg=30800|LITTLE=37000|soc=16|smpl_gm=0|vdroop1=0|batoilo=0|batoilo2=0|batt_vs=30793|mdis_morepower=0|thb_hda=51|cp_on_chip_0=33000|cp_on_chip_1=34000|G3D=36000|cp_on_chip_2=35000|cp_on_chip_3=33000|cp_on_chip_4=33000|rf2_therm=31000|rf1_therm=32000|ISP=35000|TPU=37000|AUR=36000|rfpa_therm=32062|quiet_therm=32729|charging_therm=34688|,BIG=40000|MID=39000|usb_pwr_therm=30325|btmspkr_therm=30258|disp_therm=30258|north_therm=31015|soc_therm=34644|battery=30800|battery_cycle=5|dc-mains=35000|usbc-therm-adc=350|max77779fg=30800|LITTLE=37000|soc=16|smpl_gm=0|vdroop1=0|batoilo=0|batoilo2=0|batt_vs=30793|mdis_morepower=0|thb_hda=51|cp_on_chip_0=33000|cp_on_chip_1=34000|G3D=37000|cp_on_chip_2=35000|cp_on_chip_3=33000|cp_on_chip_4=33000|rf2_therm=31000|rf1_therm=32000|ISP=35000|TPU=37000|AUR=37000|rfpa_therm=32062|quiet_therm=32752|charging_therm=34733|,ok,1,single,untouched,4096,256,12,256,5534,0,300415,0,4,4,ok
1,20,nvhe,4,1795000,578000,37000,38000,BIG=37000|MID=37000|usb_pwr_therm=30325|btmspkr_therm=30258|disp_therm=30258|north_therm=31015|soc_therm=34644|battery=30800|battery_cycle=5|dc-mains=35000|usbc-therm-adc=350|max77779fg=30800|LITTLE=37000|soc=16|smpl_gm=0|vdroop1=0|batoilo=0|batoilo2=0|batt_vs=30793|mdis_morepower=0|thb_hda=51|cp_on_chip_0=33000|cp_on_chip_1=34000|G3D=36000|cp_on_chip_2=35000|cp_on_chip_3=33000|cp_on_chip_4=33000|rf2_therm=31000|rf1_therm=32000|ISP=35000|TPU=37000|AUR=36000|rfpa_therm=32062|quiet_therm=32729|charging_therm=34688|,BIG=40000|MID=39000|usb_pwr_therm=30325|btmspkr_therm=30258|disp_therm=30258|north_therm=31015|soc_therm=34644|battery=30800|battery_cycle=5|dc-mains=35000|usbc-therm-adc=350|max77779fg=30800|LITTLE=37000|soc=16|smpl_gm=0|vdroop1=0|batoilo=0|batoilo2=0|batt_vs=30793|mdis_morepower=0|thb_hda=51|cp_on_chip_0=33000|cp_on_chip_1=34000|G3D=37000|cp_on_chip_2=35000|cp_on_chip_3=33000|cp_on_chip_4=33000|rf2_therm=31000|rf1_therm=32000|ISP=35000|TPU=37000|AUR=37000|rfpa_therm=32062|quiet_therm=32752|charging_therm=34733|,ok,1,single,untouched,4096,256,13,256,34953,0,253011,0,4,4,ok
1,20,nvhe,4,1795000,578000,37000,38000,BIG=37000|MID=37000|usb_pwr_therm=30325|btmspkr_therm=30258|disp_therm=30258|north_therm=31015|soc_therm=34644|battery=30800|battery_cycle=5|dc-mains=35000|usbc-therm-adc=350|max77779fg=30800|LITTLE=37000|soc=16|smpl_gm=0|vdroop1=0|batoilo=0|batoilo2=0|batt_vs=30793|mdis_morepower=0|thb_hda=51|cp_on_chip_0=33000|cp_on_chip_1=34000|G3D=36000|cp_on_chip_2=35000|cp_on_chip_3=33000|cp_on_chip_4=33000|rf2_therm=31000|rf1_therm=32000|ISP=35000|TPU=37000|AUR=36000|rfpa_therm=32062|quiet_therm=32729|charging_therm=34688|,BIG=40000|MID=39000|usb_pwr_therm=30325|btmspkr_therm=30258|disp_therm=30258|north_therm=31015|soc_therm=34644|battery=30800|battery_cycle=5|dc-mains=35000|usbc-therm-adc=350|max77779fg=30800|LITTLE=37000|soc=16|smpl_gm=0|vdroop1=0|batoilo=0|batoilo2=0|batt_vs=30793|mdis_morepower=0|thb_hda=51|cp_on_chip_0=33000|cp_on_chip_1=34000|G3D=37000|cp_on_chip_2=35000|cp_on_chip_3=33000|cp_on_chip_4=33000|rf2_therm=31000|rf1_therm=32000|ISP=35000|TPU=37000|AUR=37000|rfpa_therm=32062|quiet_therm=32752|charging_therm=34733|,ok,1,single,untouched,4096,256,14,256,6714,0,253133,0,4,4,ok
1,20,nvhe,4,1795000,578000,37000,38000,BIG=37000|MID=37000|usb_pwr_therm=30325|btmspkr_therm=30258|disp_therm=30258|north_therm=31015|soc_therm=34644|battery=30800|battery_cycle=5|dc-mains=35000|usbc-therm-adc=350|max77779fg=30800|LITTLE=37000|soc=16|smpl_gm=0|vdroop1=0|batoilo=0|batoilo2=0|batt_vs=30793|mdis_morepower=0|thb_hda=51|cp_on_chip_0=33000|cp_on_chip_1=34000|G3D=36000|cp_on_chip_2=35000|cp_on_chip_3=33000|cp_on_chip_4=33000|rf2_therm=31000|rf1_therm=32000|ISP=35000|TPU=37000|AUR=36000|rfpa_therm=32062|quiet_therm=32729|charging_therm=34688|,BIG=40000|MID=39000|usb_pwr_therm=30325|btmspkr_therm=30258|disp_therm=30258|north_therm=31015|soc_therm=34644|battery=30800|battery_cycle=5|dc-mains=35000|usbc-therm-adc=350|max77779fg=30800|LITTLE=37000|soc=16|smpl_gm=0|vdroop1=0|batoilo=0|batoilo2=0|batt_vs=30793|mdis_morepower=0|thb_hda=51|cp_on_chip_0=33000|cp_on_chip_1=34000|G3D=37000|cp_on_chip_2=35000|cp_on_chip_3=33000|cp_on_chip_4=33000|rf2_therm=31000|rf1_therm=32000|ISP=35000|TPU=37000|AUR=37000|rfpa_therm=32062|quiet_therm=32752|charging_therm=34733|,ok,1,single,untouched,4096,256,15,256,52408,0,253215,0,4,4,ok
1,20,nvhe,4,1795000,578000,37000,38000,BIG=37000|MID=37000|usb_pwr_therm=30325|btmspkr_therm=30258|disp_therm=30258|north_therm=31015|soc_therm=34644|battery=30800|battery_cycle=5|dc-mains=35000|usbc-therm-adc=350|max77779fg=30800|LITTLE=37000|soc=16|smpl_gm=0|vdroop1=0|batoilo=0|batoilo2=0|batt_vs=30793|mdis_morepower=0|thb_hda=51|cp_on_chip_0=33000|cp_on_chip_1=34000|G3D=36000|cp_on_chip_2=35000|cp_on_chip_3=33000|cp_on_chip_4=33000|rf2_therm=31000|rf1_therm=32000|ISP=35000|TPU=37000|AUR=36000|rfpa_therm=32062|quiet_therm=32729|charging_therm=34688|,BIG=40000|MID=39000|usb_pwr_therm=30325|btmspkr_therm=30258|disp_therm=30258|north_therm=31015|soc_therm=34644|battery=30800|battery_cycle=5|dc-mains=35000|usbc-therm-adc=350|max77779fg=30800|LITTLE=37000|soc=16|smpl_gm=0|vdroop1=0|batoilo=0|batoilo2=0|batt_vs=30793|mdis_morepower=0|thb_hda=51|cp_on_chip_0=33000|cp_on_chip_1=34000|G3D=37000|cp_on_chip_2=35000|cp_on_chip_3=33000|cp_on_chip_4=33000|rf2_therm=31000|rf1_therm=32000|ISP=35000|TPU=37000|AUR=37000|rfpa_therm=32062|quiet_therm=32752|charging_therm=34733|,ok,1,single,untouched,4096,256,16,256,27872,0,253784,0,4,4,ok
1,20,nvhe,4,1795000,578000,37000,38000,BIG=37000|MID=37000|usb_pwr_therm=30325|btmspkr_therm=30258|disp_therm=30258|north_therm=31015|soc_therm=34644|battery=30800|battery_cycle=5|dc-mains=35000|usbc-therm-adc=350|max77779fg=30800|LITTLE=37000|soc=16|smpl_gm=0|vdroop1=0|batoilo=0|batoilo2=0|batt_vs=30793|mdis_morepower=0|thb_hda=51|cp_on_chip_0=33000|cp_on_chip_1=34000|G3D=36000|cp_on_chip_2=35000|cp_on_chip_3=33000|cp_on_chip_4=33000|rf2_therm=31000|rf1_therm=32000|ISP=35000|TPU=37000|AUR=36000|rfpa_therm=32062|quiet_therm=32729|charging_therm=34688|,BIG=40000|MID=39000|usb_pwr_therm=30325|btmspkr_therm=30258|disp_therm=30258|north_therm=31015|soc_therm=34644|battery=30800|battery_cycle=5|dc-mains=35000|usbc-therm-adc=350|max77779fg=30800|LITTLE=37000|soc=16|smpl_gm=0|vdroop1=0|batoilo=0|batoilo2=0|batt_vs=30793|mdis_morepower=0|thb_hda=51|cp_on_chip_0=33000|cp_on_chip_1=34000|G3D=37000|cp_on_chip_2=35000|cp_on_chip_3=33000|cp_on_chip_4=33000|rf2_therm=31000|rf1_therm=32000|ISP=35000|TPU=37000|AUR=37000|rfpa_therm=32062|quiet_therm=32752|charging_therm=34733|,ok,1,single,untouched,4096,256,17,256,35481,0,252726,0,4,4,ok
1,20,nvhe,4,1795000,578000,37000,38000,BIG=37000|MID=37000|usb_pwr_therm=30325|btmspkr_therm=30258|disp_therm=30258|north_therm=31015|soc_therm=34644|battery=30800|battery_cycle=5|dc-mains=35000|usbc-therm-adc=350|max77779fg=30800|LITTLE=37000|soc=16|smpl_gm=0|vdroop1=0|batoilo=0|batoilo2=0|batt_vs=30793|mdis_morepower=0|thb_hda=51|cp_on_chip_0=33000|cp_on_chip_1=34000|G3D=36000|cp_on_chip_2=35000|cp_on_chip_3=33000|cp_on_chip_4=33000|rf2_therm=31000|rf1_therm=32000|ISP=35000|TPU=37000|AUR=36000|rfpa_therm=32062|quiet_therm=32729|charging_therm=34688|,BIG=40000|MID=39000|usb_pwr_therm=30325|btmspkr_therm=30258|disp_therm=30258|north_therm=31015|soc_therm=34644|battery=30800|battery_cycle=5|dc-mains=35000|usbc-therm-adc=350|max77779fg=30800|LITTLE=37000|soc=16|smpl_gm=0|vdroop1=0|batoilo=0|batoilo2=0|batt_vs=30793|mdis_morepower=0|thb_hda=51|cp_on_chip_0=33000|cp_on_chip_1=34000|G3D=37000|cp_on_chip_2=35000|cp_on_chip_3=33000|cp_on_chip_4=33000|rf2_therm=31000|rf1_therm=32000|ISP=35000|TPU=37000|AUR=37000|rfpa_therm=32062|quiet_therm=32752|charging_therm=34733|,ok,1,single,untouched,4096,256,18,256,5208,0,252808,0,4,4,ok
1,20,nvhe,4,1795000,578000,37000,38000,BIG=37000|MID=37000|usb_pwr_therm=30325|btmspkr_therm=30258|disp_therm=30258|north_therm=31015|soc_therm=34644|battery=30800|battery_cycle=5|dc-mains=35000|usbc-therm-adc=350|max77779fg=30800|LITTLE=37000|soc=16|smpl_gm=0|vdroop1=0|batoilo=0|batoilo2=0|batt_vs=30793|mdis_morepower=0|thb_hda=51|cp_on_chip_0=33000|cp_on_chip_1=34000|G3D=36000|cp_on_chip_2=35000|cp_on_chip_3=33000|cp_on_chip_4=33000|rf2_therm=31000|rf1_therm=32000|ISP=35000|TPU=37000|AUR=36000|rfpa_therm=32062|quiet_therm=32729|charging_therm=34688|,BIG=40000|MID=39000|usb_pwr_therm=30325|btmspkr_therm=30258|disp_therm=30258|north_therm=31015|soc_therm=34644|battery=30800|battery_cycle=5|dc-mains=35000|usbc-therm-adc=350|max77779fg=30800|LITTLE=37000|soc=16|smpl_gm=0|vdroop1=0|batoilo=0|batoilo2=0|batt_vs=30793|mdis_morepower=0|thb_hda=51|cp_on_chip_0=33000|cp_on_chip_1=34000|G3D=37000|cp_on_chip_2=35000|cp_on_chip_3=33000|cp_on_chip_4=33000|rf2_therm=31000|rf1_therm=32000|ISP=35000|TPU=37000|AUR=37000|rfpa_therm=32062|quiet_therm=32752|charging_therm=34733|,ok,1,single,untouched,4096,256,19,256,36011,0,253947,0,4,4,ok
1,20,nvhe,4,1795000,578000,37000,38000,BIG=37000|MID=37000|usb_pwr_therm=30325|btmspkr_therm=30258|disp_therm=30258|north_therm=31015|soc_therm=34644|battery=30800|battery_cycle=5|dc-mains=35000|usbc-therm-adc=350|max77779fg=30800|LITTLE=37000|soc=16|smpl_gm=0|vdroop1=0|batoilo=0|batoilo2=0|batt_vs=30793|mdis_morepower=0|thb_hda=51|cp_on_chip_0=33000|cp_on_chip_1=34000|G3D=36000|cp_on_chip_2=35000|cp_on_chip_3=33000|cp_on_chip_4=33000|rf2_therm=31000|rf1_therm=32000|ISP=35000|TPU=37000|AUR=36000|rfpa_therm=32062|quiet_therm=32729|charging_therm=34688|,BIG=40000|MID=39000|usb_pwr_therm=30325|btmspkr_therm=30258|disp_therm=30258|north_therm=31015|soc_therm=34644|battery=30800|battery_cycle=5|dc-mains=35000|usbc-therm-adc=350|max77779fg=30800|LITTLE=37000|soc=16|smpl_gm=0|vdroop1=0|batoilo=0|batoilo2=0|batt_vs=30793|mdis_morepower=0|thb_hda=51|cp_on_chip_0=33000|cp_on_chip_1=34000|G3D=37000|cp_on_chip_2=35000|cp_on_chip_3=33000|cp_on_chip_4=33000|rf2_therm=31000|rf1_therm=32000|ISP=35000|TPU=37000|AUR=37000|rfpa_therm=32062|quiet_therm=32752|charging_therm=34733|,ok,1,single,untouched,4096,256,20,256,34545,0,253256,0,4,4,ok
1,20,nvhe,4,1795000,578000,37000,38000,BIG=37000|MID=37000|usb_pwr_therm=30325|btmspkr_therm=30258|disp_therm=30258|north_therm=31015|soc_therm=34644|battery=30800|battery_cycle=5|dc-mains=35000|usbc-therm-adc=350|max77779fg=30800|LITTLE=37000|soc=16|smpl_gm=0|vdroop1=0|batoilo=0|batoilo2=0|batt_vs=30793|mdis_morepower=0|thb_hda=51|cp_on_chip_0=33000|cp_on_chip_1=34000|G3D=36000|cp_on_chip_2=35000|cp_on_chip_3=33000|cp_on_chip_4=33000|rf2_therm=31000|rf1_therm=32000|ISP=35000|TPU=37000|AUR=36000|rfpa_therm=32062|quiet_therm=32729|charging_therm=34688|,BIG=40000|MID=39000|usb_pwr_therm=30325|btmspkr_therm=30258|disp_therm=30258|north_therm=31015|soc_therm=34644|battery=30800|battery_cycle=5|dc-mains=35000|usbc-therm-adc=350|max77779fg=30800|LITTLE=37000|soc=16|smpl_gm=0|vdroop1=0|batoilo=0|batoilo2=0|batt_vs=30793|mdis_morepower=0|thb_hda=51|cp_on_chip_0=33000|cp_on_chip_1=34000|G3D=37000|cp_on_chip_2=35000|cp_on_chip_3=33000|cp_on_chip_4=33000|rf2_therm=31000|rf1_therm=32000|ISP=35000|TPU=37000|AUR=37000|rfpa_therm=32062|quiet_therm=32752|charging_therm=34733|,ok,1,single,untouched,4096,256,21,256,5208,0,253459,0,4,4,ok
1,20,nvhe,4,1795000,578000,37000,38000,BIG=37000|MID=37000|usb_pwr_therm=30325|btmspkr_therm=30258|disp_therm=30258|north_therm=31015|soc_therm=34644|battery=30800|battery_cycle=5|dc-mains=35000|usbc-therm-adc=350|max77779fg=30800|LITTLE=37000|soc=16|smpl_gm=0|vdroop1=0|batoilo=0|batoilo2=0|batt_vs=30793|mdis_morepower=0|thb_hda=51|cp_on_chip_0=33000|cp_on_chip_1=34000|G3D=36000|cp_on_chip_2=35000|cp_on_chip_3=33000|cp_on_chip_4=33000|rf2_therm=31000|rf1_therm=32000|ISP=35000|TPU=37000|AUR=36000|rfpa_therm=32062|quiet_therm=32729|charging_therm=34688|,BIG=40000|MID=39000|usb_pwr_therm=30325|btmspkr_therm=30258|disp_therm=30258|north_therm=31015|soc_therm=34644|battery=30800|battery_cycle=5|dc-mains=35000|usbc-therm-adc=350|max77779fg=30800|LITTLE=37000|soc=16|smpl_gm=0|vdroop1=0|batoilo=0|batoilo2=0|batt_vs=30793|mdis_morepower=0|thb_hda=51|cp_on_chip_0=33000|cp_on_chip_1=34000|G3D=37000|cp_on_chip_2=35000|cp_on_chip_3=33000|cp_on_chip_4=33000|rf2_therm=31000|rf1_therm=32000|ISP=35000|TPU=37000|AUR=37000|rfpa_therm=32062|quiet_therm=32752|charging_therm=34733|,ok,1,single,untouched,4096,256,22,256,5412,0,253174,0,4,4,ok
1,20,nvhe,4,1795000,578000,37000,38000,BIG=37000|MID=37000|usb_pwr_therm=30325|btmspkr_therm=30258|disp_therm=30258|north_therm=31015|soc_therm=34644|battery=30800|battery_cycle=5|dc-mains=35000|usbc-therm-adc=350|max77779fg=30800|LITTLE=37000|soc=16|smpl_gm=0|vdroop1=0|batoilo=0|batoilo2=0|batt_vs=30793|mdis_morepower=0|thb_hda=51|cp_on_chip_0=33000|cp_on_chip_1=34000|G3D=36000|cp_on_chip_2=35000|cp_on_chip_3=33000|cp_on_chip_4=33000|rf2_therm=31000|rf1_therm=32000|ISP=35000|TPU=37000|AUR=36000|rfpa_therm=32062|quiet_therm=32729|charging_therm=34688|,BIG=40000|MID=39000|usb_pwr_therm=30325|btmspkr_therm=30258|disp_therm=30258|north_therm=31015|soc_therm=34644|battery=30800|battery_cycle=5|dc-mains=35000|usbc-therm-adc=350|max77779fg=30800|LITTLE=37000|soc=16|smpl_gm=0|vdroop1=0|batoilo=0|batoilo2=0|batt_vs=30793|mdis_morepower=0|thb_hda=51|cp_on_chip_0=33000|cp_on_chip_1=34000|G3D=37000|cp_on_chip_2=35000|cp_on_chip_3=33000|cp_on_chip_4=33000|rf2_therm=31000|rf1_therm=32000|ISP=35000|TPU=37000|AUR=37000|rfpa_therm=32062|quiet_therm=32752|charging_therm=34733|,ok,1,single,untouched,4096,256,23,256,5127,0,253255,0,4,4,ok
1,20,nvhe,4,1795000,578000,37000,38000,BIG=37000|MID=37000|usb_pwr_therm=30325|btmspkr_therm=30258|disp_therm=30258|north_therm=31015|soc_therm=34644|battery=30800|battery_cycle=5|dc-mains=35000|usbc-therm-adc=350|max77779fg=30800|LITTLE=37000|soc=16|smpl_gm=0|vdroop1=0|batoilo=0|batoilo2=0|batt_vs=30793|mdis_morepower=0|thb_hda=51|cp_on_chip_0=33000|cp_on_chip_1=34000|G3D=36000|cp_on_chip_2=35000|cp_on_chip_3=33000|cp_on_chip_4=33000|rf2_therm=31000|rf1_therm=32000|ISP=35000|TPU=37000|AUR=36000|rfpa_therm=32062|quiet_therm=32729|charging_therm=34688|,BIG=40000|MID=39000|usb_pwr_therm=30325|btmspkr_therm=30258|disp_therm=30258|north_therm=31015|soc_therm=34644|battery=30800|battery_cycle=5|dc-mains=35000|usbc-therm-adc=350|max77779fg=30800|LITTLE=37000|soc=16|smpl_gm=0|vdroop1=0|batoilo=0|batoilo2=0|batt_vs=30793|mdis_morepower=0|thb_hda=51|cp_on_chip_0=33000|cp_on_chip_1=34000|G3D=37000|cp_on_chip_2=35000|cp_on_chip_3=33000|cp_on_chip_4=33000|rf2_therm=31000|rf1_therm=32000|ISP=35000|TPU=37000|AUR=37000|rfpa_therm=32062|quiet_therm=32752|charging_therm=34733|,ok,1,single,untouched,4096,256,24,256,5412,0,252400,0,4,4,ok
1,20,nvhe,4,1795000,578000,37000,38000,BIG=37000|MID=37000|usb_pwr_therm=30325|btmspkr_therm=30258|disp_therm=30258|north_therm=31015|soc_therm=34644|battery=30800|battery_cycle=5|dc-mains=35000|usbc-therm-adc=350|max77779fg=30800|LITTLE=37000|soc=16|smpl_gm=0|vdroop1=0|batoilo=0|batoilo2=0|batt_vs=30793|mdis_morepower=0|thb_hda=51|cp_on_chip_0=33000|cp_on_chip_1=34000|G3D=36000|cp_on_chip_2=35000|cp_on_chip_3=33000|cp_on_chip_4=33000|rf2_therm=31000|rf1_therm=32000|ISP=35000|TPU=37000|AUR=36000|rfpa_therm=32062|quiet_therm=32729|charging_therm=34688|,BIG=40000|MID=39000|usb_pwr_therm=30325|btmspkr_therm=30258|disp_therm=30258|north_therm=31015|soc_therm=34644|battery=30800|battery_cycle=5|dc-mains=35000|usbc-therm-adc=350|max77779fg=30800|LITTLE=37000|soc=16|smpl_gm=0|vdroop1=0|batoilo=0|batoilo2=0|batt_vs=30793|mdis_morepower=0|thb_hda=51|cp_on_chip_0=33000|cp_on_chip_1=34000|G3D=37000|cp_on_chip_2=35000|cp_on_chip_3=33000|cp_on_chip_4=33000|rf2_therm=31000|rf1_therm=32000|ISP=35000|TPU=37000|AUR=37000|rfpa_therm=32062|quiet_therm=32752|charging_therm=34733|,ok,1,single,untouched,4096,256,25,256,5412,0,253459,0,4,4,ok
1,20,nvhe,4,1795000,578000,37000,38000,BIG=37000|MID=37000|usb_pwr_therm=30325|btmspkr_therm=30258|disp_therm=30258|north_therm=31015|soc_therm=34644|battery=30800|battery_cycle=5|dc-mains=35000|usbc-therm-adc=350|max77779fg=30800|LITTLE=37000|soc=16|smpl_gm=0|vdroop1=0|batoilo=0|batoilo2=0|batt_vs=30793|mdis_morepower=0|thb_hda=51|cp_on_chip_0=33000|cp_on_chip_1=34000|G3D=36000|cp_on_chip_2=35000|cp_on_chip_3=33000|cp_on_chip_4=33000|rf2_therm=31000|rf1_therm=32000|ISP=35000|TPU=37000|AUR=36000|rfpa_therm=32062|quiet_therm=32729|charging_therm=34688|,BIG=40000|MID=39000|usb_pwr_therm=30325|btmspkr_therm=30258|disp_therm=30258|north_therm=31015|soc_therm=34644|battery=30800|battery_cycle=5|dc-mains=35000|usbc-therm-adc=350|max77779fg=30800|LITTLE=37000|soc=16|smpl_gm=0|vdroop1=0|batoilo=0|batoilo2=0|batt_vs=30793|mdis_morepower=0|thb_hda=51|cp_on_chip_0=33000|cp_on_chip_1=34000|G3D=37000|cp_on_chip_2=35000|cp_on_chip_3=33000|cp_on_chip_4=33000|rf2_therm=31000|rf1_therm=32000|ISP=35000|TPU=37000|AUR=37000|rfpa_therm=32062|quiet_therm=32752|charging_therm=34733|,ok,1,single,untouched,4096,256,26,256,6225,0,256510,0,4,4,ok
1,20,nvhe,4,1795000,578000,37000,38000,BIG=37000|MID=37000|usb_pwr_therm=30325|btmspkr_therm=30258|disp_therm=30258|north_therm=31015|soc_therm=34644|battery=30800|battery_cycle=5|dc-mains=35000|usbc-therm-adc=350|max77779fg=30800|LITTLE=37000|soc=16|smpl_gm=0|vdroop1=0|batoilo=0|batoilo2=0|batt_vs=30793|mdis_morepower=0|thb_hda=51|cp_on_chip_0=33000|cp_on_chip_1=34000|G3D=36000|cp_on_chip_2=35000|cp_on_chip_3=33000|cp_on_chip_4=33000|rf2_therm=31000|rf1_therm=32000|ISP=35000|TPU=37000|AUR=36000|rfpa_therm=32062|quiet_therm=32729|charging_therm=34688|,BIG=40000|MID=39000|usb_pwr_therm=30325|btmspkr_therm=30258|disp_therm=30258|north_therm=31015|soc_therm=34644|battery=30800|battery_cycle=5|dc-mains=35000|usbc-therm-adc=350|max77779fg=30800|LITTLE=37000|soc=16|smpl_gm=0|vdroop1=0|batoilo=0|batoilo2=0|batt_vs=30793|mdis_morepower=0|thb_hda=51|cp_on_chip_0=33000|cp_on_chip_1=34000|G3D=37000|cp_on_chip_2=35000|cp_on_chip_3=33000|cp_on_chip_4=33000|rf2_therm=31000|rf1_therm=32000|ISP=35000|TPU=37000|AUR=37000|rfpa_therm=32062|quiet_therm=32752|charging_therm=34733|,ok,1,single,untouched,4096,256,27,256,5859,0,261719,0,4,4,ok
1,20,nvhe,4,1795000,578000,37000,38000,BIG=37000|MID=37000|usb_pwr_therm=30325|btmspkr_therm=30258|disp_therm=30258|north_therm=31015|soc_therm=34644|battery=30800|battery_cycle=5|dc-mains=35000|usbc-therm-adc=350|max77779fg=30800|LITTLE=37000|soc=16|smpl_gm=0|vdroop1=0|batoilo=0|batoilo2=0|batt_vs=30793|mdis_morepower=0|thb_hda=51|cp_on_chip_0=33000|cp_on_chip_1=34000|G3D=36000|cp_on_chip_2=35000|cp_on_chip_3=33000|cp_on_chip_4=33000|rf2_therm=31000|rf1_therm=32000|ISP=35000|TPU=37000|AUR=36000|rfpa_therm=32062|quiet_therm=32729|charging_therm=34688|,BIG=40000|MID=39000|usb_pwr_therm=30325|btmspkr_therm=30258|disp_therm=30258|north_therm=31015|soc_therm=34644|battery=30800|battery_cycle=5|dc-mains=35000|usbc-therm-adc=350|max77779fg=30800|LITTLE=37000|soc=16|smpl_gm=0|vdroop1=0|batoilo=0|batoilo2=0|batt_vs=30793|mdis_morepower=0|thb_hda=51|cp_on_chip_0=33000|cp_on_chip_1=34000|G3D=37000|cp_on_chip_2=35000|cp_on_chip_3=33000|cp_on_chip_4=33000|rf2_therm=31000|rf1_therm=32000|ISP=35000|TPU=37000|AUR=37000|rfpa_therm=32062|quiet_therm=32752|charging_therm=34733|,ok,1,single,untouched,4096,256,28,256,7976,0,216878,0,4,4,ok
1,20,nvhe,4,1795000,578000,37000,38000,BIG=37000|MID=37000|usb_pwr_therm=30325|btmspkr_therm=30258|disp_therm=30258|north_therm=31015|soc_therm=34644|battery=30800|battery_cycle=5|dc-mains=35000|usbc-therm-adc=350|max77779fg=30800|LITTLE=37000|soc=16|smpl_gm=0|vdroop1=0|batoilo=0|batoilo2=0|batt_vs=30793|mdis_morepower=0|thb_hda=51|cp_on_chip_0=33000|cp_on_chip_1=34000|G3D=36000|cp_on_chip_2=35000|cp_on_chip_3=33000|cp_on_chip_4=33000|rf2_therm=31000|rf1_therm=32000|ISP=35000|TPU=37000|AUR=36000|rfpa_therm=32062|quiet_therm=32729|charging_therm=34688|,BIG=40000|MID=39000|usb_pwr_therm=30325|btmspkr_therm=30258|disp_therm=30258|north_therm=31015|soc_therm=34644|battery=30800|battery_cycle=5|dc-mains=35000|usbc-therm-adc=350|max77779fg=30800|LITTLE=37000|soc=16|smpl_gm=0|vdroop1=0|batoilo=0|batoilo2=0|batt_vs=30793|mdis_morepower=0|thb_hda=51|cp_on_chip_0=33000|cp_on_chip_1=34000|G3D=37000|cp_on_chip_2=35000|cp_on_chip_3=33000|cp_on_chip_4=33000|rf2_therm=31000|rf1_therm=32000|ISP=35000|TPU=37000|AUR=37000|rfpa_therm=32062|quiet_therm=32752|charging_therm=34733|,ok,1,single,untouched,4096,256,29,256,5086,0,217000,0,4,4,ok
1,21,nvhe,4,1945000,1418000,37000,40000,BIG=36000|MID=37000|usb_pwr_therm=30325|btmspkr_therm=30258|disp_therm=30258|north_therm=31038|soc_therm=34688|battery=30800|battery_cycle=5|dc-mains=35000|usbc-therm-adc=350|max77779fg=30800|LITTLE=37000|soc=16|smpl_gm=0|vdroop1=0|batoilo=0|batoilo2=0|batt_vs=30793|mdis_morepower=0|thb_hda=51|cp_on_chip_0=33000|cp_on_chip_1=34000|G3D=37000|cp_on_chip_2=35000|cp_on_chip_3=33000|cp_on_chip_4=33000|rf2_therm=31000|rf1_therm=32000|ISP=35000|TPU=36000|AUR=36000|rfpa_therm=32084|quiet_therm=32752|charging_therm=34733|,BIG=37000|MID=38000|usb_pwr_therm=30325|btmspkr_therm=30258|disp_therm=30258|north_therm=31038|soc_therm=34688|battery=30800|battery_cycle=5|dc-mains=35000|usbc-therm-adc=350|max77779fg=30800|LITTLE=37000|soc=16|smpl_gm=0|vdroop1=0|batoilo=0|batoilo2=0|batt_vs=30793|mdis_morepower=0|thb_hda=51|cp_on_chip_0=33000|cp_on_chip_1=34000|G3D=37000|cp_on_chip_2=35000|cp_on_chip_3=33000|cp_on_chip_4=33000|rf2_therm=31000|rf1_therm=32000|ISP=35000|TPU=37000|AUR=37000|rfpa_therm=32106|quiet_therm=32774|charging_therm=34755|,ok,1,single,untouched,4096,8192,0,8192,11637,0,4958578,0,4,4,ok
1,21,nvhe,4,1945000,1418000,37000,40000,BIG=36000|MID=37000|usb_pwr_therm=30325|btmspkr_therm=30258|disp_therm=30258|north_therm=31038|soc_therm=34688|battery=30800|battery_cycle=5|dc-mains=35000|usbc-therm-adc=350|max77779fg=30800|LITTLE=37000|soc=16|smpl_gm=0|vdroop1=0|batoilo=0|batoilo2=0|batt_vs=30793|mdis_morepower=0|thb_hda=51|cp_on_chip_0=33000|cp_on_chip_1=34000|G3D=37000|cp_on_chip_2=35000|cp_on_chip_3=33000|cp_on_chip_4=33000|rf2_therm=31000|rf1_therm=32000|ISP=35000|TPU=36000|AUR=36000|rfpa_therm=32084|quiet_therm=32752|charging_therm=34733|,BIG=37000|MID=38000|usb_pwr_therm=30325|btmspkr_therm=30258|disp_therm=30258|north_therm=31038|soc_therm=34688|battery=30800|battery_cycle=5|dc-mains=35000|usbc-therm-adc=350|max77779fg=30800|LITTLE=37000|soc=16|smpl_gm=0|vdroop1=0|batoilo=0|batoilo2=0|batt_vs=30793|mdis_morepower=0|thb_hda=51|cp_on_chip_0=33000|cp_on_chip_1=34000|G3D=37000|cp_on_chip_2=35000|cp_on_chip_3=33000|cp_on_chip_4=33000|rf2_therm=31000|rf1_therm=32000|ISP=35000|TPU=37000|AUR=37000|rfpa_therm=32106|quiet_therm=32774|charging_therm=34755|,ok,1,single,untouched,4096,8192,1,8192,4517,0,4947469,0,4,4,ok
1,21,nvhe,4,1945000,1418000,37000,40000,BIG=36000|MID=37000|usb_pwr_therm=30325|btmspkr_therm=30258|disp_therm=30258|north_therm=31038|soc_therm=34688|battery=30800|battery_cycle=5|dc-mains=35000|usbc-therm-adc=350|max77779fg=30800|LITTLE=37000|soc=16|smpl_gm=0|vdroop1=0|batoilo=0|batoilo2=0|batt_vs=30793|mdis_morepower=0|thb_hda=51|cp_on_chip_0=33000|cp_on_chip_1=34000|G3D=37000|cp_on_chip_2=35000|cp_on_chip_3=33000|cp_on_chip_4=33000|rf2_therm=31000|rf1_therm=32000|ISP=35000|TPU=36000|AUR=36000|rfpa_therm=32084|quiet_therm=32752|charging_therm=34733|,BIG=37000|MID=38000|usb_pwr_therm=30325|btmspkr_therm=30258|disp_therm=30258|north_therm=31038|soc_therm=34688|battery=30800|battery_cycle=5|dc-mains=35000|usbc-therm-adc=350|max77779fg=30800|LITTLE=37000|soc=16|smpl_gm=0|vdroop1=0|batoilo=0|batoilo2=0|batt_vs=30793|mdis_morepower=0|thb_hda=51|cp_on_chip_0=33000|cp_on_chip_1=34000|G3D=37000|cp_on_chip_2=35000|cp_on_chip_3=33000|cp_on_chip_4=33000|rf2_therm=31000|rf1_therm=32000|ISP=35000|TPU=37000|AUR=37000|rfpa_therm=32106|quiet_therm=32774|charging_therm=34755|,ok,1,single,untouched,4096,8192,2,8192,3580,0,4911784,0,4,4,ok
1,21,nvhe,4,1945000,1418000,37000,40000,BIG=36000|MID=37000|usb_pwr_therm=30325|btmspkr_therm=30258|disp_therm=30258|north_therm=31038|soc_therm=34688|battery=30800|battery_cycle=5|dc-mains=35000|usbc-therm-adc=350|max77779fg=30800|LITTLE=37000|soc=16|smpl_gm=0|vdroop1=0|batoilo=0|batoilo2=0|batt_vs=30793|mdis_morepower=0|thb_hda=51|cp_on_chip_0=33000|cp_on_chip_1=34000|G3D=37000|cp_on_chip_2=35000|cp_on_chip_3=33000|cp_on_chip_4=33000|rf2_therm=31000|rf1_therm=32000|ISP=35000|TPU=36000|AUR=36000|rfpa_therm=32084|quiet_therm=32752|charging_therm=34733|,BIG=37000|MID=38000|usb_pwr_therm=30325|btmspkr_therm=30258|disp_therm=30258|north_therm=31038|soc_therm=34688|battery=30800|battery_cycle=5|dc-mains=35000|usbc-therm-adc=350|max77779fg=30800|LITTLE=37000|soc=16|smpl_gm=0|vdroop1=0|batoilo=0|batoilo2=0|batt_vs=30793|mdis_morepower=0|thb_hda=51|cp_on_chip_0=33000|cp_on_chip_1=34000|G3D=37000|cp_on_chip_2=35000|cp_on_chip_3=33000|cp_on_chip_4=33000|rf2_therm=31000|rf1_therm=32000|ISP=35000|TPU=37000|AUR=37000|rfpa_therm=32106|quiet_therm=32774|charging_therm=34755|,ok,1,single,untouched,4096,8192,3,8192,7406,0,4931600,0,4,4,ok
1,21,nvhe,4,1945000,1418000,37000,40000,BIG=36000|MID=37000|usb_pwr_therm=30325|btmspkr_therm=30258|disp_therm=30258|north_therm=31038|soc_therm=34688|battery=30800|battery_cycle=5|dc-mains=35000|usbc-therm-adc=350|max77779fg=30800|LITTLE=37000|soc=16|smpl_gm=0|vdroop1=0|batoilo=0|batoilo2=0|batt_vs=30793|mdis_morepower=0|thb_hda=51|cp_on_chip_0=33000|cp_on_chip_1=34000|G3D=37000|cp_on_chip_2=35000|cp_on_chip_3=33000|cp_on_chip_4=33000|rf2_therm=31000|rf1_therm=32000|ISP=35000|TPU=36000|AUR=36000|rfpa_therm=32084|quiet_therm=32752|charging_therm=34733|,BIG=37000|MID=38000|usb_pwr_therm=30325|btmspkr_therm=30258|disp_therm=30258|north_therm=31038|soc_therm=34688|battery=30800|battery_cycle=5|dc-mains=35000|usbc-therm-adc=350|max77779fg=30800|LITTLE=37000|soc=16|smpl_gm=0|vdroop1=0|batoilo=0|batoilo2=0|batt_vs=30793|mdis_morepower=0|thb_hda=51|cp_on_chip_0=33000|cp_on_chip_1=34000|G3D=37000|cp_on_chip_2=35000|cp_on_chip_3=33000|cp_on_chip_4=33000|rf2_therm=31000|rf1_therm=32000|ISP=35000|TPU=37000|AUR=37000|rfpa_therm=32106|quiet_therm=32774|charging_therm=34755|,ok,1,single,untouched,4096,8192,4,8192,26245,0,4909505,0,4,4,ok
1,21,nvhe,4,1945000,1418000,37000,40000,BIG=36000|MID=37000|usb_pwr_therm=30325|btmspkr_therm=30258|disp_therm=30258|north_therm=31038|soc_therm=34688|battery=30800|battery_cycle=5|dc-mains=35000|usbc-therm-adc=350|max77779fg=30800|LITTLE=37000|soc=16|smpl_gm=0|vdroop1=0|batoilo=0|batoilo2=0|batt_vs=30793|mdis_morepower=0|thb_hda=51|cp_on_chip_0=33000|cp_on_chip_1=34000|G3D=37000|cp_on_chip_2=35000|cp_on_chip_3=33000|cp_on_chip_4=33000|rf2_therm=31000|rf1_therm=32000|ISP=35000|TPU=36000|AUR=36000|rfpa_therm=32084|quiet_therm=32752|charging_therm=34733|,BIG=37000|MID=38000|usb_pwr_therm=30325|btmspkr_therm=30258|disp_therm=30258|north_therm=31038|soc_therm=34688|battery=30800|battery_cycle=5|dc-mains=35000|usbc-therm-adc=350|max77779fg=30800|LITTLE=37000|soc=16|smpl_gm=0|vdroop1=0|batoilo=0|batoilo2=0|batt_vs=30793|mdis_morepower=0|thb_hda=51|cp_on_chip_0=33000|cp_on_chip_1=34000|G3D=37000|cp_on_chip_2=35000|cp_on_chip_3=33000|cp_on_chip_4=33000|rf2_therm=31000|rf1_therm=32000|ISP=35000|TPU=37000|AUR=37000|rfpa_therm=32106|quiet_therm=32774|charging_therm=34755|,ok,1,single,untouched,4096,8192,5,8192,32633,0,4948771,0,4,4,ok
1,21,nvhe,4,1945000,1418000,37000,40000,BIG=36000|MID=37000|usb_pwr_therm=30325|btmspkr_therm=30258|disp_therm=30258|north_therm=31038|soc_therm=34688|battery=30800|battery_cycle=5|dc-mains=35000|usbc-therm-adc=350|max77779fg=30800|LITTLE=37000|soc=16|smpl_gm=0|vdroop1=0|batoilo=0|batoilo2=0|batt_vs=30793|mdis_morepower=0|thb_hda=51|cp_on_chip_0=33000|cp_on_chip_1=34000|G3D=37000|cp_on_chip_2=35000|cp_on_chip_3=33000|cp_on_chip_4=33000|rf2_therm=31000|rf1_therm=32000|ISP=35000|TPU=36000|AUR=36000|rfpa_therm=32084|quiet_therm=32752|charging_therm=34733|,BIG=37000|MID=38000|usb_pwr_therm=30325|btmspkr_therm=30258|disp_therm=30258|north_therm=31038|soc_therm=34688|battery=30800|battery_cycle=5|dc-mains=35000|usbc-therm-adc=350|max77779fg=30800|LITTLE=37000|soc=16|smpl_gm=0|vdroop1=0|batoilo=0|batoilo2=0|batt_vs=30793|mdis_morepower=0|thb_hda=51|cp_on_chip_0=33000|cp_on_chip_1=34000|G3D=37000|cp_on_chip_2=35000|cp_on_chip_3=33000|cp_on_chip_4=33000|rf2_therm=31000|rf1_therm=32000|ISP=35000|TPU=37000|AUR=37000|rfpa_therm=32106|quiet_therm=32774|charging_therm=34755|,ok,1,single,untouched,4096,8192,6,8192,3255,0,5292033,0,4,4,ok
1,21,nvhe,4,1945000,1418000,37000,40000,BIG=36000|MID=37000|usb_pwr_therm=30325|btmspkr_therm=30258|disp_therm=30258|north_therm=31038|soc_therm=34688|battery=30800|battery_cycle=5|dc-mains=35000|usbc-therm-adc=350|max77779fg=30800|LITTLE=37000|soc=16|smpl_gm=0|vdroop1=0|batoilo=0|batoilo2=0|batt_vs=30793|mdis_morepower=0|thb_hda=51|cp_on_chip_0=33000|cp_on_chip_1=34000|G3D=37000|cp_on_chip_2=35000|cp_on_chip_3=33000|cp_on_chip_4=33000|rf2_therm=31000|rf1_therm=32000|ISP=35000|TPU=36000|AUR=36000|rfpa_therm=32084|quiet_therm=32752|charging_therm=34733|,BIG=37000|MID=38000|usb_pwr_therm=30325|btmspkr_therm=30258|disp_therm=30258|north_therm=31038|soc_therm=34688|battery=30800|battery_cycle=5|dc-mains=35000|usbc-therm-adc=350|max77779fg=30800|LITTLE=37000|soc=16|smpl_gm=0|vdroop1=0|batoilo=0|batoilo2=0|batt_vs=30793|mdis_morepower=0|thb_hda=51|cp_on_chip_0=33000|cp_on_chip_1=34000|G3D=37000|cp_on_chip_2=35000|cp_on_chip_3=33000|cp_on_chip_4=33000|rf2_therm=31000|rf1_therm=32000|ISP=35000|TPU=37000|AUR=37000|rfpa_therm=32106|quiet_therm=32774|charging_therm=34755|,ok,1,single,untouched,4096,8192,7,8192,3662,0,4982055,0,4,4,ok
1,21,nvhe,4,1945000,1418000,37000,40000,BIG=36000|MID=37000|usb_pwr_therm=30325|btmspkr_therm=30258|disp_therm=30258|north_therm=31038|soc_therm=34688|battery=30800|battery_cycle=5|dc-mains=35000|usbc-therm-adc=350|max77779fg=30800|LITTLE=37000|soc=16|smpl_gm=0|vdroop1=0|batoilo=0|batoilo2=0|batt_vs=30793|mdis_morepower=0|thb_hda=51|cp_on_chip_0=33000|cp_on_chip_1=34000|G3D=37000|cp_on_chip_2=35000|cp_on_chip_3=33000|cp_on_chip_4=33000|rf2_therm=31000|rf1_therm=32000|ISP=35000|TPU=36000|AUR=36000|rfpa_therm=32084|quiet_therm=32752|charging_therm=34733|,BIG=37000|MID=38000|usb_pwr_therm=30325|btmspkr_therm=30258|disp_therm=30258|north_therm=31038|soc_therm=34688|battery=30800|battery_cycle=5|dc-mains=35000|usbc-therm-adc=350|max77779fg=30800|LITTLE=37000|soc=16|smpl_gm=0|vdroop1=0|batoilo=0|batoilo2=0|batt_vs=30793|mdis_morepower=0|thb_hda=51|cp_on_chip_0=33000|cp_on_chip_1=34000|G3D=37000|cp_on_chip_2=35000|cp_on_chip_3=33000|cp_on_chip_4=33000|rf2_therm=31000|rf1_therm=32000|ISP=35000|TPU=37000|AUR=37000|rfpa_therm=32106|quiet_therm=32774|charging_therm=34755|,ok,1,single,untouched,4096,8192,8,8192,23153,0,4767253,0,4,4,ok
1,21,nvhe,4,1945000,1418000,37000,40000,BIG=36000|MID=37000|usb_pwr_therm=30325|btmspkr_therm=30258|disp_therm=30258|north_therm=31038|soc_therm=34688|battery=30800|battery_cycle=5|dc-mains=35000|usbc-therm-adc=350|max77779fg=30800|LITTLE=37000|soc=16|smpl_gm=0|vdroop1=0|batoilo=0|batoilo2=0|batt_vs=30793|mdis_morepower=0|thb_hda=51|cp_on_chip_0=33000|cp_on_chip_1=34000|G3D=37000|cp_on_chip_2=35000|cp_on_chip_3=33000|cp_on_chip_4=33000|rf2_therm=31000|rf1_therm=32000|ISP=35000|TPU=36000|AUR=36000|rfpa_therm=32084|quiet_therm=32752|charging_therm=34733|,BIG=37000|MID=38000|usb_pwr_therm=30325|btmspkr_therm=30258|disp_therm=30258|north_therm=31038|soc_therm=34688|battery=30800|battery_cycle=5|dc-mains=35000|usbc-therm-adc=350|max77779fg=30800|LITTLE=37000|soc=16|smpl_gm=0|vdroop1=0|batoilo=0|batoilo2=0|batt_vs=30793|mdis_morepower=0|thb_hda=51|cp_on_chip_0=33000|cp_on_chip_1=34000|G3D=37000|cp_on_chip_2=35000|cp_on_chip_3=33000|cp_on_chip_4=33000|rf2_therm=31000|rf1_therm=32000|ISP=35000|TPU=37000|AUR=37000|rfpa_therm=32106|quiet_therm=32774|charging_therm=34755|,ok,1,single,untouched,4096,8192,9,8192,2889,0,4267903,0,4,4,ok
1,21,nvhe,4,1945000,1418000,37000,40000,BIG=36000|MID=37000|usb_pwr_therm=30325|btmspkr_therm=30258|disp_therm=30258|north_therm=31038|soc_therm=34688|battery=30800|battery_cycle=5|dc-mains=35000|usbc-therm-adc=350|max77779fg=30800|LITTLE=37000|soc=16|smpl_gm=0|vdroop1=0|batoilo=0|batoilo2=0|batt_vs=30793|mdis_morepower=0|thb_hda=51|cp_on_chip_0=33000|cp_on_chip_1=34000|G3D=37000|cp_on_chip_2=35000|cp_on_chip_3=33000|cp_on_chip_4=33000|rf2_therm=31000|rf1_therm=32000|ISP=35000|TPU=36000|AUR=36000|rfpa_therm=32084|quiet_therm=32752|charging_therm=34733|,BIG=37000|MID=38000|usb_pwr_therm=30325|btmspkr_therm=30258|disp_therm=30258|north_therm=31038|soc_therm=34688|battery=30800|battery_cycle=5|dc-mains=35000|usbc-therm-adc=350|max77779fg=30800|LITTLE=37000|soc=16|smpl_gm=0|vdroop1=0|batoilo=0|batoilo2=0|batt_vs=30793|mdis_morepower=0|thb_hda=51|cp_on_chip_0=33000|cp_on_chip_1=34000|G3D=37000|cp_on_chip_2=35000|cp_on_chip_3=33000|cp_on_chip_4=33000|rf2_therm=31000|rf1_therm=32000|ISP=35000|TPU=37000|AUR=37000|rfpa_therm=32106|quiet_therm=32774|charging_therm=34755|,ok,1,single,untouched,4096,8192,10,8192,27629,0,4115560,0,4,4,ok
1,21,nvhe,4,1945000,1418000,37000,40000,BIG=36000|MID=37000|usb_pwr_therm=30325|btmspkr_therm=30258|disp_therm=30258|north_therm=31038|soc_therm=34688|battery=30800|battery_cycle=5|dc-mains=35000|usbc-therm-adc=350|max77779fg=30800|LITTLE=37000|soc=16|smpl_gm=0|vdroop1=0|batoilo=0|batoilo2=0|batt_vs=30793|mdis_morepower=0|thb_hda=51|cp_on_chip_0=33000|cp_on_chip_1=34000|G3D=37000|cp_on_chip_2=35000|cp_on_chip_3=33000|cp_on_chip_4=33000|rf2_therm=31000|rf1_therm=32000|ISP=35000|TPU=36000|AUR=36000|rfpa_therm=32084|quiet_therm=32752|charging_therm=34733|,BIG=37000|MID=38000|usb_pwr_therm=30325|btmspkr_therm=30258|disp_therm=30258|north_therm=31038|soc_therm=34688|battery=30800|battery_cycle=5|dc-mains=35000|usbc-therm-adc=350|max77779fg=30800|LITTLE=37000|soc=16|smpl_gm=0|vdroop1=0|batoilo=0|batoilo2=0|batt_vs=30793|mdis_morepower=0|thb_hda=51|cp_on_chip_0=33000|cp_on_chip_1=34000|G3D=37000|cp_on_chip_2=35000|cp_on_chip_3=33000|cp_on_chip_4=33000|rf2_therm=31000|rf1_therm=32000|ISP=35000|TPU=37000|AUR=37000|rfpa_therm=32106|quiet_therm=32774|charging_therm=34755|,ok,1,single,untouched,4096,8192,11,8192,2686,0,3931478,0,4,4,ok
1,21,nvhe,4,1945000,1418000,37000,40000,BIG=36000|MID=37000|usb_pwr_therm=30325|btmspkr_therm=30258|disp_therm=30258|north_therm=31038|soc_therm=34688|battery=30800|battery_cycle=5|dc-mains=35000|usbc-therm-adc=350|max77779fg=30800|LITTLE=37000|soc=16|smpl_gm=0|vdroop1=0|batoilo=0|batoilo2=0|batt_vs=30793|mdis_morepower=0|thb_hda=51|cp_on_chip_0=33000|cp_on_chip_1=34000|G3D=37000|cp_on_chip_2=35000|cp_on_chip_3=33000|cp_on_chip_4=33000|rf2_therm=31000|rf1_therm=32000|ISP=35000|TPU=36000|AUR=36000|rfpa_therm=32084|quiet_therm=32752|charging_therm=34733|,BIG=37000|MID=38000|usb_pwr_therm=30325|btmspkr_therm=30258|disp_therm=30258|north_therm=31038|soc_therm=34688|battery=30800|battery_cycle=5|dc-mains=35000|usbc-therm-adc=350|max77779fg=30800|LITTLE=37000|soc=16|smpl_gm=0|vdroop1=0|batoilo=0|batoilo2=0|batt_vs=30793|mdis_morepower=0|thb_hda=51|cp_on_chip_0=33000|cp_on_chip_1=34000|G3D=37000|cp_on_chip_2=35000|cp_on_chip_3=33000|cp_on_chip_4=33000|rf2_therm=31000|rf1_therm=32000|ISP=35000|TPU=37000|AUR=37000|rfpa_therm=32106|quiet_therm=32774|charging_therm=34755|,ok,1,single,untouched,4096,8192,12,8192,2604,0,3799520,0,4,4,ok
1,21,nvhe,4,1945000,1418000,37000,40000,BIG=36000|MID=37000|usb_pwr_therm=30325|btmspkr_therm=30258|disp_therm=30258|north_therm=31038|soc_therm=34688|battery=30800|battery_cycle=5|dc-mains=35000|usbc-therm-adc=350|max77779fg=30800|LITTLE=37000|soc=16|smpl_gm=0|vdroop1=0|batoilo=0|batoilo2=0|batt_vs=30793|mdis_morepower=0|thb_hda=51|cp_on_chip_0=33000|cp_on_chip_1=34000|G3D=37000|cp_on_chip_2=35000|cp_on_chip_3=33000|cp_on_chip_4=33000|rf2_therm=31000|rf1_therm=32000|ISP=35000|TPU=36000|AUR=36000|rfpa_therm=32084|quiet_therm=32752|charging_therm=34733|,BIG=37000|MID=38000|usb_pwr_therm=30325|btmspkr_therm=30258|disp_therm=30258|north_therm=31038|soc_therm=34688|battery=30800|battery_cycle=5|dc-mains=35000|usbc-therm-adc=350|max77779fg=30800|LITTLE=37000|soc=16|smpl_gm=0|vdroop1=0|batoilo=0|batoilo2=0|batt_vs=30793|mdis_morepower=0|thb_hda=51|cp_on_chip_0=33000|cp_on_chip_1=34000|G3D=37000|cp_on_chip_2=35000|cp_on_chip_3=33000|cp_on_chip_4=33000|rf2_therm=31000|rf1_therm=32000|ISP=35000|TPU=37000|AUR=37000|rfpa_therm=32106|quiet_therm=32774|charging_therm=34755|,ok,1,single,untouched,4096,8192,13,8192,24414,0,3575806,0,4,4,ok
1,21,nvhe,4,1945000,1418000,37000,40000,BIG=36000|MID=37000|usb_pwr_therm=30325|btmspkr_therm=30258|disp_therm=30258|north_therm=31038|soc_therm=34688|battery=30800|battery_cycle=5|dc-mains=35000|usbc-therm-adc=350|max77779fg=30800|LITTLE=37000|soc=16|smpl_gm=0|vdroop1=0|batoilo=0|batoilo2=0|batt_vs=30793|mdis_morepower=0|thb_hda=51|cp_on_chip_0=33000|cp_on_chip_1=34000|G3D=37000|cp_on_chip_2=35000|cp_on_chip_3=33000|cp_on_chip_4=33000|rf2_therm=31000|rf1_therm=32000|ISP=35000|TPU=36000|AUR=36000|rfpa_therm=32084|quiet_therm=32752|charging_therm=34733|,BIG=37000|MID=38000|usb_pwr_therm=30325|btmspkr_therm=30258|disp_therm=30258|north_therm=31038|soc_therm=34688|battery=30800|battery_cycle=5|dc-mains=35000|usbc-therm-adc=350|max77779fg=30800|LITTLE=37000|soc=16|smpl_gm=0|vdroop1=0|batoilo=0|batoilo2=0|batt_vs=30793|mdis_morepower=0|thb_hda=51|cp_on_chip_0=33000|cp_on_chip_1=34000|G3D=37000|cp_on_chip_2=35000|cp_on_chip_3=33000|cp_on_chip_4=33000|rf2_therm=31000|rf1_therm=32000|ISP=35000|TPU=37000|AUR=37000|rfpa_therm=32106|quiet_therm=32774|charging_therm=34755|,ok,1,single,untouched,4096,8192,14,8192,2400,0,3556966,0,4,4,ok
1,21,nvhe,4,1945000,1418000,37000,40000,BIG=36000|MID=37000|usb_pwr_therm=30325|btmspkr_therm=30258|disp_therm=30258|north_therm=31038|soc_therm=34688|battery=30800|battery_cycle=5|dc-mains=35000|usbc-therm-adc=350|max77779fg=30800|LITTLE=37000|soc=16|smpl_gm=0|vdroop1=0|batoilo=0|batoilo2=0|batt_vs=30793|mdis_morepower=0|thb_hda=51|cp_on_chip_0=33000|cp_on_chip_1=34000|G3D=37000|cp_on_chip_2=35000|cp_on_chip_3=33000|cp_on_chip_4=33000|rf2_therm=31000|rf1_therm=32000|ISP=35000|TPU=36000|AUR=36000|rfpa_therm=32084|quiet_therm=32752|charging_therm=34733|,BIG=37000|MID=38000|usb_pwr_therm=30325|btmspkr_therm=30258|disp_therm=30258|north_therm=31038|soc_therm=34688|battery=30800|battery_cycle=5|dc-mains=35000|usbc-therm-adc=350|max77779fg=30800|LITTLE=37000|soc=16|smpl_gm=0|vdroop1=0|batoilo=0|batoilo2=0|batt_vs=30793|mdis_morepower=0|thb_hda=51|cp_on_chip_0=33000|cp_on_chip_1=34000|G3D=37000|cp_on_chip_2=35000|cp_on_chip_3=33000|cp_on_chip_4=33000|rf2_therm=31000|rf1_therm=32000|ISP=35000|TPU=37000|AUR=37000|rfpa_therm=32106|quiet_therm=32774|charging_therm=34755|,ok,1,single,untouched,4096,8192,15,8192,21850,0,3387532,0,4,4,ok
1,21,nvhe,4,1945000,1418000,37000,40000,BIG=36000|MID=37000|usb_pwr_therm=30325|btmspkr_therm=30258|disp_therm=30258|north_therm=31038|soc_therm=34688|battery=30800|battery_cycle=5|dc-mains=35000|usbc-therm-adc=350|max77779fg=30800|LITTLE=37000|soc=16|smpl_gm=0|vdroop1=0|batoilo=0|batoilo2=0|batt_vs=30793|mdis_morepower=0|thb_hda=51|cp_on_chip_0=33000|cp_on_chip_1=34000|G3D=37000|cp_on_chip_2=35000|cp_on_chip_3=33000|cp_on_chip_4=33000|rf2_therm=31000|rf1_therm=32000|ISP=35000|TPU=36000|AUR=36000|rfpa_therm=32084|quiet_therm=32752|charging_therm=34733|,BIG=37000|MID=38000|usb_pwr_therm=30325|btmspkr_therm=30258|disp_therm=30258|north_therm=31038|soc_therm=34688|battery=30800|battery_cycle=5|dc-mains=35000|usbc-therm-adc=350|max77779fg=30800|LITTLE=37000|soc=16|smpl_gm=0|vdroop1=0|batoilo=0|batoilo2=0|batt_vs=30793|mdis_morepower=0|thb_hda=51|cp_on_chip_0=33000|cp_on_chip_1=34000|G3D=37000|cp_on_chip_2=35000|cp_on_chip_3=33000|cp_on_chip_4=33000|rf2_therm=31000|rf1_therm=32000|ISP=35000|TPU=37000|AUR=37000|rfpa_therm=32106|quiet_therm=32774|charging_therm=34755|,ok,1,single,untouched,4096,8192,16,8192,26123,0,3416381,0,4,4,ok
1,21,nvhe,4,1945000,1418000,37000,40000,BIG=36000|MID=37000|usb_pwr_therm=30325|btmspkr_therm=30258|disp_therm=30258|north_therm=31038|soc_therm=34688|battery=30800|battery_cycle=5|dc-mains=35000|usbc-therm-adc=350|max77779fg=30800|LITTLE=37000|soc=16|smpl_gm=0|vdroop1=0|batoilo=0|batoilo2=0|batt_vs=30793|mdis_morepower=0|thb_hda=51|cp_on_chip_0=33000|cp_on_chip_1=34000|G3D=37000|cp_on_chip_2=35000|cp_on_chip_3=33000|cp_on_chip_4=33000|rf2_therm=31000|rf1_therm=32000|ISP=35000|TPU=36000|AUR=36000|rfpa_therm=32084|quiet_therm=32752|charging_therm=34733|,BIG=37000|MID=38000|usb_pwr_therm=30325|btmspkr_therm=30258|disp_therm=30258|north_therm=31038|soc_therm=34688|battery=30800|battery_cycle=5|dc-mains=35000|usbc-therm-adc=350|max77779fg=30800|LITTLE=37000|soc=16|smpl_gm=0|vdroop1=0|batoilo=0|batoilo2=0|batt_vs=30793|mdis_morepower=0|thb_hda=51|cp_on_chip_0=33000|cp_on_chip_1=34000|G3D=37000|cp_on_chip_2=35000|cp_on_chip_3=33000|cp_on_chip_4=33000|rf2_therm=31000|rf1_therm=32000|ISP=35000|TPU=37000|AUR=37000|rfpa_therm=32106|quiet_therm=32774|charging_therm=34755|,ok,1,single,untouched,4096,8192,17,8192,2401,0,3385498,0,4,4,ok
1,21,nvhe,4,1945000,1418000,37000,40000,BIG=36000|MID=37000|usb_pwr_therm=30325|btmspkr_therm=30258|disp_therm=30258|north_therm=31038|soc_therm=34688|battery=30800|battery_cycle=5|dc-mains=35000|usbc-therm-adc=350|max77779fg=30800|LITTLE=37000|soc=16|smpl_gm=0|vdroop1=0|batoilo=0|batoilo2=0|batt_vs=30793|mdis_morepower=0|thb_hda=51|cp_on_chip_0=33000|cp_on_chip_1=34000|G3D=37000|cp_on_chip_2=35000|cp_on_chip_3=33000|cp_on_chip_4=33000|rf2_therm=31000|rf1_therm=32000|ISP=35000|TPU=36000|AUR=36000|rfpa_therm=32084|quiet_therm=32752|charging_therm=34733|,BIG=37000|MID=38000|usb_pwr_therm=30325|btmspkr_therm=30258|disp_therm=30258|north_therm=31038|soc_therm=34688|battery=30800|battery_cycle=5|dc-mains=35000|usbc-therm-adc=350|max77779fg=30800|LITTLE=37000|soc=16|smpl_gm=0|vdroop1=0|batoilo=0|batoilo2=0|batt_vs=30793|mdis_morepower=0|thb_hda=51|cp_on_chip_0=33000|cp_on_chip_1=34000|G3D=37000|cp_on_chip_2=35000|cp_on_chip_3=33000|cp_on_chip_4=33000|rf2_therm=31000|rf1_therm=32000|ISP=35000|TPU=37000|AUR=37000|rfpa_therm=32106|quiet_therm=32774|charging_therm=34755|,ok,1,single,untouched,4096,8192,18,8192,1994,0,3179199,0,4,4,ok
1,21,nvhe,4,1945000,1418000,37000,40000,BIG=36000|MID=37000|usb_pwr_therm=30325|btmspkr_therm=30258|disp_therm=30258|north_therm=31038|soc_therm=34688|battery=30800|battery_cycle=5|dc-mains=35000|usbc-therm-adc=350|max77779fg=30800|LITTLE=37000|soc=16|smpl_gm=0|vdroop1=0|batoilo=0|batoilo2=0|batt_vs=30793|mdis_morepower=0|thb_hda=51|cp_on_chip_0=33000|cp_on_chip_1=34000|G3D=37000|cp_on_chip_2=35000|cp_on_chip_3=33000|cp_on_chip_4=33000|rf2_therm=31000|rf1_therm=32000|ISP=35000|TPU=36000|AUR=36000|rfpa_therm=32084|quiet_therm=32752|charging_therm=34733|,BIG=37000|MID=38000|usb_pwr_therm=30325|btmspkr_therm=30258|disp_therm=30258|north_therm=31038|soc_therm=34688|battery=30800|battery_cycle=5|dc-mains=35000|usbc-therm-adc=350|max77779fg=30800|LITTLE=37000|soc=16|smpl_gm=0|vdroop1=0|batoilo=0|batoilo2=0|batt_vs=30793|mdis_morepower=0|thb_hda=51|cp_on_chip_0=33000|cp_on_chip_1=34000|G3D=37000|cp_on_chip_2=35000|cp_on_chip_3=33000|cp_on_chip_4=33000|rf2_therm=31000|rf1_therm=32000|ISP=35000|TPU=37000|AUR=37000|rfpa_therm=32106|quiet_therm=32774|charging_therm=34755|,ok,1,single,untouched,4096,8192,19,8192,2116,0,3064616,0,4,4,ok
1,21,nvhe,4,1945000,1418000,37000,40000,BIG=36000|MID=37000|usb_pwr_therm=30325|btmspkr_therm=30258|disp_therm=30258|north_therm=31038|soc_therm=34688|battery=30800|battery_cycle=5|dc-mains=35000|usbc-therm-adc=350|max77779fg=30800|LITTLE=37000|soc=16|smpl_gm=0|vdroop1=0|batoilo=0|batoilo2=0|batt_vs=30793|mdis_morepower=0|thb_hda=51|cp_on_chip_0=33000|cp_on_chip_1=34000|G3D=37000|cp_on_chip_2=35000|cp_on_chip_3=33000|cp_on_chip_4=33000|rf2_therm=31000|rf1_therm=32000|ISP=35000|TPU=36000|AUR=36000|rfpa_therm=32084|quiet_therm=32752|charging_therm=34733|,BIG=37000|MID=38000|usb_pwr_therm=30325|btmspkr_therm=30258|disp_therm=30258|north_therm=31038|soc_therm=34688|battery=30800|battery_cycle=5|dc-mains=35000|usbc-therm-adc=350|max77779fg=30800|LITTLE=37000|soc=16|smpl_gm=0|vdroop1=0|batoilo=0|batoilo2=0|batt_vs=30793|mdis_morepower=0|thb_hda=51|cp_on_chip_0=33000|cp_on_chip_1=34000|G3D=37000|cp_on_chip_2=35000|cp_on_chip_3=33000|cp_on_chip_4=33000|rf2_therm=31000|rf1_therm=32000|ISP=35000|TPU=37000|AUR=37000|rfpa_therm=32106|quiet_therm=32774|charging_therm=34755|,ok,1,single,untouched,4096,8192,20,8192,27222,0,2926229,0,4,4,ok
1,21,nvhe,4,1945000,1418000,37000,40000,BIG=36000|MID=37000|usb_pwr_therm=30325|btmspkr_therm=30258|disp_therm=30258|north_therm=31038|soc_therm=34688|battery=30800|battery_cycle=5|dc-mains=35000|usbc-therm-adc=350|max77779fg=30800|LITTLE=37000|soc=16|smpl_gm=0|vdroop1=0|batoilo=0|batoilo2=0|batt_vs=30793|mdis_morepower=0|thb_hda=51|cp_on_chip_0=33000|cp_on_chip_1=34000|G3D=37000|cp_on_chip_2=35000|cp_on_chip_3=33000|cp_on_chip_4=33000|rf2_therm=31000|rf1_therm=32000|ISP=35000|TPU=36000|AUR=36000|rfpa_therm=32084|quiet_therm=32752|charging_therm=34733|,BIG=37000|MID=38000|usb_pwr_therm=30325|btmspkr_therm=30258|disp_therm=30258|north_therm=31038|soc_therm=34688|battery=30800|battery_cycle=5|dc-mains=35000|usbc-therm-adc=350|max77779fg=30800|LITTLE=37000|soc=16|smpl_gm=0|vdroop1=0|batoilo=0|batoilo2=0|batt_vs=30793|mdis_morepower=0|thb_hda=51|cp_on_chip_0=33000|cp_on_chip_1=34000|G3D=37000|cp_on_chip_2=35000|cp_on_chip_3=33000|cp_on_chip_4=33000|rf2_therm=31000|rf1_therm=32000|ISP=35000|TPU=37000|AUR=37000|rfpa_therm=32106|quiet_therm=32774|charging_therm=34755|,ok,1,single,untouched,4096,8192,21,8192,1912,0,2917074,0,4,4,ok
1,21,nvhe,4,1945000,1418000,37000,40000,BIG=36000|MID=37000|usb_pwr_therm=30325|btmspkr_therm=30258|disp_therm=30258|north_therm=31038|soc_therm=34688|battery=30800|battery_cycle=5|dc-mains=35000|usbc-therm-adc=350|max77779fg=30800|LITTLE=37000|soc=16|smpl_gm=0|vdroop1=0|batoilo=0|batoilo2=0|batt_vs=30793|mdis_morepower=0|thb_hda=51|cp_on_chip_0=33000|cp_on_chip_1=34000|G3D=37000|cp_on_chip_2=35000|cp_on_chip_3=33000|cp_on_chip_4=33000|rf2_therm=31000|rf1_therm=32000|ISP=35000|TPU=36000|AUR=36000|rfpa_therm=32084|quiet_therm=32752|charging_therm=34733|,BIG=37000|MID=38000|usb_pwr_therm=30325|btmspkr_therm=30258|disp_therm=30258|north_therm=31038|soc_therm=34688|battery=30800|battery_cycle=5|dc-mains=35000|usbc-therm-adc=350|max77779fg=30800|LITTLE=37000|soc=16|smpl_gm=0|vdroop1=0|batoilo=0|batoilo2=0|batt_vs=30793|mdis_morepower=0|thb_hda=51|cp_on_chip_0=33000|cp_on_chip_1=34000|G3D=37000|cp_on_chip_2=35000|cp_on_chip_3=33000|cp_on_chip_4=33000|rf2_therm=31000|rf1_therm=32000|ISP=35000|TPU=37000|AUR=37000|rfpa_therm=32106|quiet_therm=32774|charging_therm=34755|,ok,1,single,untouched,4096,8192,22,8192,29989,0,2923991,0,4,4,ok
1,21,nvhe,4,1945000,1418000,37000,40000,BIG=36000|MID=37000|usb_pwr_therm=30325|btmspkr_therm=30258|disp_therm=30258|north_therm=31038|soc_therm=34688|battery=30800|battery_cycle=5|dc-mains=35000|usbc-therm-adc=350|max77779fg=30800|LITTLE=37000|soc=16|smpl_gm=0|vdroop1=0|batoilo=0|batoilo2=0|batt_vs=30793|mdis_morepower=0|thb_hda=51|cp_on_chip_0=33000|cp_on_chip_1=34000|G3D=37000|cp_on_chip_2=35000|cp_on_chip_3=33000|cp_on_chip_4=33000|rf2_therm=31000|rf1_therm=32000|ISP=35000|TPU=36000|AUR=36000|rfpa_therm=32084|quiet_therm=32752|charging_therm=34733|,BIG=37000|MID=38000|usb_pwr_therm=30325|btmspkr_therm=30258|disp_therm=30258|north_therm=31038|soc_therm=34688|battery=30800|battery_cycle=5|dc-mains=35000|usbc-therm-adc=350|max77779fg=30800|LITTLE=37000|soc=16|smpl_gm=0|vdroop1=0|batoilo=0|batoilo2=0|batt_vs=30793|mdis_morepower=0|thb_hda=51|cp_on_chip_0=33000|cp_on_chip_1=34000|G3D=37000|cp_on_chip_2=35000|cp_on_chip_3=33000|cp_on_chip_4=33000|rf2_therm=31000|rf1_therm=32000|ISP=35000|TPU=37000|AUR=37000|rfpa_therm=32106|quiet_therm=32774|charging_therm=34755|,ok,1,single,untouched,4096,8192,23,8192,32755,0,2952108,0,4,4,ok
1,21,nvhe,4,1945000,1418000,37000,40000,BIG=36000|MID=37000|usb_pwr_therm=30325|btmspkr_therm=30258|disp_therm=30258|north_therm=31038|soc_therm=34688|battery=30800|battery_cycle=5|dc-mains=35000|usbc-therm-adc=350|max77779fg=30800|LITTLE=37000|soc=16|smpl_gm=0|vdroop1=0|batoilo=0|batoilo2=0|batt_vs=30793|mdis_morepower=0|thb_hda=51|cp_on_chip_0=33000|cp_on_chip_1=34000|G3D=37000|cp_on_chip_2=35000|cp_on_chip_3=33000|cp_on_chip_4=33000|rf2_therm=31000|rf1_therm=32000|ISP=35000|TPU=36000|AUR=36000|rfpa_therm=32084|quiet_therm=32752|charging_therm=34733|,BIG=37000|MID=38000|usb_pwr_therm=30325|btmspkr_therm=30258|disp_therm=30258|north_therm=31038|soc_therm=34688|battery=30800|battery_cycle=5|dc-mains=35000|usbc-therm-adc=350|max77779fg=30800|LITTLE=37000|soc=16|smpl_gm=0|vdroop1=0|batoilo=0|batoilo2=0|batt_vs=30793|mdis_morepower=0|thb_hda=51|cp_on_chip_0=33000|cp_on_chip_1=34000|G3D=37000|cp_on_chip_2=35000|cp_on_chip_3=33000|cp_on_chip_4=33000|rf2_therm=31000|rf1_therm=32000|ISP=35000|TPU=37000|AUR=37000|rfpa_therm=32106|quiet_therm=32774|charging_therm=34755|,ok,1,single,untouched,4096,8192,24,8192,25635,0,2947022,0,4,4,ok
1,21,nvhe,4,1945000,1418000,37000,40000,BIG=36000|MID=37000|usb_pwr_therm=30325|btmspkr_therm=30258|disp_therm=30258|north_therm=31038|soc_therm=34688|battery=30800|battery_cycle=5|dc-mains=35000|usbc-therm-adc=350|max77779fg=30800|LITTLE=37000|soc=16|smpl_gm=0|vdroop1=0|batoilo=0|batoilo2=0|batt_vs=30793|mdis_morepower=0|thb_hda=51|cp_on_chip_0=33000|cp_on_chip_1=34000|G3D=37000|cp_on_chip_2=35000|cp_on_chip_3=33000|cp_on_chip_4=33000|rf2_therm=31000|rf1_therm=32000|ISP=35000|TPU=36000|AUR=36000|rfpa_therm=32084|quiet_therm=32752|charging_therm=34733|,BIG=37000|MID=38000|usb_pwr_therm=30325|btmspkr_therm=30258|disp_therm=30258|north_therm=31038|soc_therm=34688|battery=30800|battery_cycle=5|dc-mains=35000|usbc-therm-adc=350|max77779fg=30800|LITTLE=37000|soc=16|smpl_gm=0|vdroop1=0|batoilo=0|batoilo2=0|batt_vs=30793|mdis_morepower=0|thb_hda=51|cp_on_chip_0=33000|cp_on_chip_1=34000|G3D=37000|cp_on_chip_2=35000|cp_on_chip_3=33000|cp_on_chip_4=33000|rf2_therm=31000|rf1_therm=32000|ISP=35000|TPU=37000|AUR=37000|rfpa_therm=32106|quiet_therm=32774|charging_therm=34755|,ok,1,single,untouched,4096,8192,25,8192,28768,0,2916463,0,4,4,ok
1,21,nvhe,4,1945000,1418000,37000,40000,BIG=36000|MID=37000|usb_pwr_therm=30325|btmspkr_therm=30258|disp_therm=30258|north_therm=31038|soc_therm=34688|battery=30800|battery_cycle=5|dc-mains=35000|usbc-therm-adc=350|max77779fg=30800|LITTLE=37000|soc=16|smpl_gm=0|vdroop1=0|batoilo=0|batoilo2=0|batt_vs=30793|mdis_morepower=0|thb_hda=51|cp_on_chip_0=33000|cp_on_chip_1=34000|G3D=37000|cp_on_chip_2=35000|cp_on_chip_3=33000|cp_on_chip_4=33000|rf2_therm=31000|rf1_therm=32000|ISP=35000|TPU=36000|AUR=36000|rfpa_therm=32084|quiet_therm=32752|charging_therm=34733|,BIG=37000|MID=38000|usb_pwr_therm=30325|btmspkr_therm=30258|disp_therm=30258|north_therm=31038|soc_therm=34688|battery=30800|battery_cycle=5|dc-mains=35000|usbc-therm-adc=350|max77779fg=30800|LITTLE=37000|soc=16|smpl_gm=0|vdroop1=0|batoilo=0|batoilo2=0|batt_vs=30793|mdis_morepower=0|thb_hda=51|cp_on_chip_0=33000|cp_on_chip_1=34000|G3D=37000|cp_on_chip_2=35000|cp_on_chip_3=33000|cp_on_chip_4=33000|rf2_therm=31000|rf1_therm=32000|ISP=35000|TPU=37000|AUR=37000|rfpa_therm=32106|quiet_therm=32774|charging_therm=34755|,ok,1,single,untouched,4096,8192,26,8192,31820,0,2924561,0,4,4,ok
1,21,nvhe,4,1945000,1418000,37000,40000,BIG=36000|MID=37000|usb_pwr_therm=30325|btmspkr_therm=30258|disp_therm=30258|north_therm=31038|soc_therm=34688|battery=30800|battery_cycle=5|dc-mains=35000|usbc-therm-adc=350|max77779fg=30800|LITTLE=37000|soc=16|smpl_gm=0|vdroop1=0|batoilo=0|batoilo2=0|batt_vs=30793|mdis_morepower=0|thb_hda=51|cp_on_chip_0=33000|cp_on_chip_1=34000|G3D=37000|cp_on_chip_2=35000|cp_on_chip_3=33000|cp_on_chip_4=33000|rf2_therm=31000|rf1_therm=32000|ISP=35000|TPU=36000|AUR=36000|rfpa_therm=32084|quiet_therm=32752|charging_therm=34733|,BIG=37000|MID=38000|usb_pwr_therm=30325|btmspkr_therm=30258|disp_therm=30258|north_therm=31038|soc_therm=34688|battery=30800|battery_cycle=5|dc-mains=35000|usbc-therm-adc=350|max77779fg=30800|LITTLE=37000|soc=16|smpl_gm=0|vdroop1=0|batoilo=0|batoilo2=0|batt_vs=30793|mdis_morepower=0|thb_hda=51|cp_on_chip_0=33000|cp_on_chip_1=34000|G3D=37000|cp_on_chip_2=35000|cp_on_chip_3=33000|cp_on_chip_4=33000|rf2_therm=31000|rf1_therm=32000|ISP=35000|TPU=37000|AUR=37000|rfpa_therm=32106|quiet_therm=32774|charging_therm=34755|,ok,1,single,untouched,4096,8192,27,8192,29744,0,2927531,0,4,4,ok
1,21,nvhe,4,1945000,1418000,37000,40000,BIG=36000|MID=37000|usb_pwr_therm=30325|btmspkr_therm=30258|disp_therm=30258|north_therm=31038|soc_therm=34688|battery=30800|battery_cycle=5|dc-mains=35000|usbc-therm-adc=350|max77779fg=30800|LITTLE=37000|soc=16|smpl_gm=0|vdroop1=0|batoilo=0|batoilo2=0|batt_vs=30793|mdis_morepower=0|thb_hda=51|cp_on_chip_0=33000|cp_on_chip_1=34000|G3D=37000|cp_on_chip_2=35000|cp_on_chip_3=33000|cp_on_chip_4=33000|rf2_therm=31000|rf1_therm=32000|ISP=35000|TPU=36000|AUR=36000|rfpa_therm=32084|quiet_therm=32752|charging_therm=34733|,BIG=37000|MID=38000|usb_pwr_therm=30325|btmspkr_therm=30258|disp_therm=30258|north_therm=31038|soc_therm=34688|battery=30800|battery_cycle=5|dc-mains=35000|usbc-therm-adc=350|max77779fg=30800|LITTLE=37000|soc=16|smpl_gm=0|vdroop1=0|batoilo=0|batoilo2=0|batt_vs=30793|mdis_morepower=0|thb_hda=51|cp_on_chip_0=33000|cp_on_chip_1=34000|G3D=37000|cp_on_chip_2=35000|cp_on_chip_3=33000|cp_on_chip_4=33000|rf2_therm=31000|rf1_therm=32000|ISP=35000|TPU=37000|AUR=37000|rfpa_therm=32106|quiet_therm=32774|charging_therm=34755|,ok,1,single,untouched,4096,8192,28,8192,3174,0,2924724,0,4,4,ok
1,21,nvhe,4,1945000,1418000,37000,40000,BIG=36000|MID=37000|usb_pwr_therm=30325|btmspkr_therm=30258|disp_therm=30258|north_therm=31038|soc_therm=34688|battery=30800|battery_cycle=5|dc-mains=35000|usbc-therm-adc=350|max77779fg=30800|LITTLE=37000|soc=16|smpl_gm=0|vdroop1=0|batoilo=0|batoilo2=0|batt_vs=30793|mdis_morepower=0|thb_hda=51|cp_on_chip_0=33000|cp_on_chip_1=34000|G3D=37000|cp_on_chip_2=35000|cp_on_chip_3=33000|cp_on_chip_4=33000|rf2_therm=31000|rf1_therm=32000|ISP=35000|TPU=36000|AUR=36000|rfpa_therm=32084|quiet_therm=32752|charging_therm=34733|,BIG=37000|MID=38000|usb_pwr_therm=30325|btmspkr_therm=30258|disp_therm=30258|north_therm=31038|soc_therm=34688|battery=30800|battery_cycle=5|dc-mains=35000|usbc-therm-adc=350|max77779fg=30800|LITTLE=37000|soc=16|smpl_gm=0|vdroop1=0|batoilo=0|batoilo2=0|batt_vs=30793|mdis_morepower=0|thb_hda=51|cp_on_chip_0=33000|cp_on_chip_1=34000|G3D=37000|cp_on_chip_2=35000|cp_on_chip_3=33000|cp_on_chip_4=33000|rf2_therm=31000|rf1_therm=32000|ISP=35000|TPU=37000|AUR=37000|rfpa_therm=32106|quiet_therm=32774|charging_therm=34755|,ok,1,single,untouched,4096,8192,29,8192,28158,0,2917359,0,4,4,ok
1,22,nvhe,4,1795000,1945000,38000,40000,BIG=37000|MID=37000|usb_pwr_therm=30325|btmspkr_therm=30258|disp_therm=30258|north_therm=31060|soc_therm=34733|battery=30800|battery_cycle=5|dc-mains=35000|usbc-therm-adc=350|max77779fg=30800|LITTLE=37000|soc=16|smpl_gm=0|vdroop1=0|batoilo=0|batoilo2=0|batt_vs=30793|mdis_morepower=0|thb_hda=51|cp_on_chip_0=33000|cp_on_chip_1=34000|G3D=37000|cp_on_chip_2=35000|cp_on_chip_3=33000|cp_on_chip_4=33000|rf2_therm=31000|rf1_therm=32000|ISP=35000|TPU=36000|AUR=36000|rfpa_therm=32128|quiet_therm=32796|charging_therm=34777|,BIG=37000|MID=38000|usb_pwr_therm=30325|btmspkr_therm=30258|disp_therm=30258|north_therm=31060|soc_therm=34755|battery=30800|battery_cycle=5|dc-mains=35000|usbc-therm-adc=350|max77779fg=30800|LITTLE=37000|soc=16|smpl_gm=0|vdroop1=0|batoilo=0|batoilo2=0|batt_vs=30794|mdis_morepower=0|thb_hda=51|cp_on_chip_0=33000|cp_on_chip_1=34000|G3D=37000|cp_on_chip_2=35000|cp_on_chip_3=33000|cp_on_chip_4=33000|rf2_therm=31000|rf1_therm=32000|ISP=35000|TPU=37000|AUR=36000|rfpa_therm=32128|quiet_therm=32796|charging_therm=34777|,ok,1,single,touched,4096,4096,0,4096,10239380,4096,7167481,0,4,4,ok
1,22,nvhe,4,1795000,1945000,38000,40000,BIG=37000|MID=37000|usb_pwr_therm=30325|btmspkr_therm=30258|disp_therm=30258|north_therm=31060|soc_therm=34733|battery=30800|battery_cycle=5|dc-mains=35000|usbc-therm-adc=350|max77779fg=30800|LITTLE=37000|soc=16|smpl_gm=0|vdroop1=0|batoilo=0|batoilo2=0|batt_vs=30793|mdis_morepower=0|thb_hda=51|cp_on_chip_0=33000|cp_on_chip_1=34000|G3D=37000|cp_on_chip_2=35000|cp_on_chip_3=33000|cp_on_chip_4=33000|rf2_therm=31000|rf1_therm=32000|ISP=35000|TPU=36000|AUR=36000|rfpa_therm=32128|quiet_therm=32796|charging_therm=34777|,BIG=37000|MID=38000|usb_pwr_therm=30325|btmspkr_therm=30258|disp_therm=30258|north_therm=31060|soc_therm=34755|battery=30800|battery_cycle=5|dc-mains=35000|usbc-therm-adc=350|max77779fg=30800|LITTLE=37000|soc=16|smpl_gm=0|vdroop1=0|batoilo=0|batoilo2=0|batt_vs=30794|mdis_morepower=0|thb_hda=51|cp_on_chip_0=33000|cp_on_chip_1=34000|G3D=37000|cp_on_chip_2=35000|cp_on_chip_3=33000|cp_on_chip_4=33000|rf2_therm=31000|rf1_therm=32000|ISP=35000|TPU=37000|AUR=36000|rfpa_therm=32128|quiet_therm=32796|charging_therm=34777|,ok,1,single,touched,4096,4096,1,4096,5129232,4096,3761515,0,4,4,ok
1,22,nvhe,4,1795000,1945000,38000,40000,BIG=37000|MID=37000|usb_pwr_therm=30325|btmspkr_therm=30258|disp_therm=30258|north_therm=31060|soc_therm=34733|battery=30800|battery_cycle=5|dc-mains=35000|usbc-therm-adc=350|max77779fg=30800|LITTLE=37000|soc=16|smpl_gm=0|vdroop1=0|batoilo=0|batoilo2=0|batt_vs=30793|mdis_morepower=0|thb_hda=51|cp_on_chip_0=33000|cp_on_chip_1=34000|G3D=37000|cp_on_chip_2=35000|cp_on_chip_3=33000|cp_on_chip_4=33000|rf2_therm=31000|rf1_therm=32000|ISP=35000|TPU=36000|AUR=36000|rfpa_therm=32128|quiet_therm=32796|charging_therm=34777|,BIG=37000|MID=38000|usb_pwr_therm=30325|btmspkr_therm=30258|disp_therm=30258|north_therm=31060|soc_therm=34755|battery=30800|battery_cycle=5|dc-mains=35000|usbc-therm-adc=350|max77779fg=30800|LITTLE=37000|soc=16|smpl_gm=0|vdroop1=0|batoilo=0|batoilo2=0|batt_vs=30794|mdis_morepower=0|thb_hda=51|cp_on_chip_0=33000|cp_on_chip_1=34000|G3D=37000|cp_on_chip_2=35000|cp_on_chip_3=33000|cp_on_chip_4=33000|rf2_therm=31000|rf1_therm=32000|ISP=35000|TPU=37000|AUR=36000|rfpa_therm=32128|quiet_therm=32796|charging_therm=34777|,ok,1,single,touched,4096,4096,2,4096,4132935,4096,3911947,0,4,4,ok
1,22,nvhe,4,1795000,1945000,38000,40000,BIG=37000|MID=37000|usb_pwr_therm=30325|btmspkr_therm=30258|disp_therm=30258|north_therm=31060|soc_therm=34733|battery=30800|battery_cycle=5|dc-mains=35000|usbc-therm-adc=350|max77779fg=30800|LITTLE=37000|soc=16|smpl_gm=0|vdroop1=0|batoilo=0|batoilo2=0|batt_vs=30793|mdis_morepower=0|thb_hda=51|cp_on_chip_0=33000|cp_on_chip_1=34000|G3D=37000|cp_on_chip_2=35000|cp_on_chip_3=33000|cp_on_chip_4=33000|rf2_therm=31000|rf1_therm=32000|ISP=35000|TPU=36000|AUR=36000|rfpa_therm=32128|quiet_therm=32796|charging_therm=34777|,BIG=37000|MID=38000|usb_pwr_therm=30325|btmspkr_therm=30258|disp_therm=30258|north_therm=31060|soc_therm=34755|battery=30800|battery_cycle=5|dc-mains=35000|usbc-therm-adc=350|max77779fg=30800|LITTLE=37000|soc=16|smpl_gm=0|vdroop1=0|batoilo=0|batoilo2=0|batt_vs=30794|mdis_morepower=0|thb_hda=51|cp_on_chip_0=33000|cp_on_chip_1=34000|G3D=37000|cp_on_chip_2=35000|cp_on_chip_3=33000|cp_on_chip_4=33000|rf2_therm=31000|rf1_therm=32000|ISP=35000|TPU=37000|AUR=36000|rfpa_therm=32128|quiet_therm=32796|charging_therm=34777|,ok,1,single,touched,4096,4096,3,4096,4177165,4096,3647298,0,4,4,ok
1,22,nvhe,4,1795000,1945000,38000,40000,BIG=37000|MID=37000|usb_pwr_therm=30325|btmspkr_therm=30258|disp_therm=30258|north_therm=31060|soc_therm=34733|battery=30800|battery_cycle=5|dc-mains=35000|usbc-therm-adc=350|max77779fg=30800|LITTLE=37000|soc=16|smpl_gm=0|vdroop1=0|batoilo=0|batoilo2=0|batt_vs=30793|mdis_morepower=0|thb_hda=51|cp_on_chip_0=33000|cp_on_chip_1=34000|G3D=37000|cp_on_chip_2=35000|cp_on_chip_3=33000|cp_on_chip_4=33000|rf2_therm=31000|rf1_therm=32000|ISP=35000|TPU=36000|AUR=36000|rfpa_therm=32128|quiet_therm=32796|charging_therm=34777|,BIG=37000|MID=38000|usb_pwr_therm=30325|btmspkr_therm=30258|disp_therm=30258|north_therm=31060|soc_therm=34755|battery=30800|battery_cycle=5|dc-mains=35000|usbc-therm-adc=350|max77779fg=30800|LITTLE=37000|soc=16|smpl_gm=0|vdroop1=0|batoilo=0|batoilo2=0|batt_vs=30794|mdis_morepower=0|thb_hda=51|cp_on_chip_0=33000|cp_on_chip_1=34000|G3D=37000|cp_on_chip_2=35000|cp_on_chip_3=33000|cp_on_chip_4=33000|rf2_therm=31000|rf1_therm=32000|ISP=35000|TPU=37000|AUR=36000|rfpa_therm=32128|quiet_therm=32796|charging_therm=34777|,ok,1,single,touched,4096,4096,4,4096,4170532,4096,3725912,0,4,4,ok
1,22,nvhe,4,1795000,1945000,38000,40000,BIG=37000|MID=37000|usb_pwr_therm=30325|btmspkr_therm=30258|disp_therm=30258|north_therm=31060|soc_therm=34733|battery=30800|battery_cycle=5|dc-mains=35000|usbc-therm-adc=350|max77779fg=30800|LITTLE=37000|soc=16|smpl_gm=0|vdroop1=0|batoilo=0|batoilo2=0|batt_vs=30793|mdis_morepower=0|thb_hda=51|cp_on_chip_0=33000|cp_on_chip_1=34000|G3D=37000|cp_on_chip_2=35000|cp_on_chip_3=33000|cp_on_chip_4=33000|rf2_therm=31000|rf1_therm=32000|ISP=35000|TPU=36000|AUR=36000|rfpa_therm=32128|quiet_therm=32796|charging_therm=34777|,BIG=37000|MID=38000|usb_pwr_therm=30325|btmspkr_therm=30258|disp_therm=30258|north_therm=31060|soc_therm=34755|battery=30800|battery_cycle=5|dc-mains=35000|usbc-therm-adc=350|max77779fg=30800|LITTLE=37000|soc=16|smpl_gm=0|vdroop1=0|batoilo=0|batoilo2=0|batt_vs=30794|mdis_morepower=0|thb_hda=51|cp_on_chip_0=33000|cp_on_chip_1=34000|G3D=37000|cp_on_chip_2=35000|cp_on_chip_3=33000|cp_on_chip_4=33000|rf2_therm=31000|rf1_therm=32000|ISP=35000|TPU=37000|AUR=36000|rfpa_therm=32128|quiet_therm=32796|charging_therm=34777|,ok,1,single,touched,4096,4096,5,4096,4133789,4096,3644857,0,4,4,ok
1,22,nvhe,4,1795000,1945000,38000,40000,BIG=37000|MID=37000|usb_pwr_therm=30325|btmspkr_therm=30258|disp_therm=30258|north_therm=31060|soc_therm=34733|battery=30800|battery_cycle=5|dc-mains=35000|usbc-therm-adc=350|max77779fg=30800|LITTLE=37000|soc=16|smpl_gm=0|vdroop1=0|batoilo=0|batoilo2=0|batt_vs=30793|mdis_morepower=0|thb_hda=51|cp_on_chip_0=33000|cp_on_chip_1=34000|G3D=37000|cp_on_chip_2=35000|cp_on_chip_3=33000|cp_on_chip_4=33000|rf2_therm=31000|rf1_therm=32000|ISP=35000|TPU=36000|AUR=36000|rfpa_therm=32128|quiet_therm=32796|charging_therm=34777|,BIG=37000|MID=38000|usb_pwr_therm=30325|btmspkr_therm=30258|disp_therm=30258|north_therm=31060|soc_therm=34755|battery=30800|battery_cycle=5|dc-mains=35000|usbc-therm-adc=350|max77779fg=30800|LITTLE=37000|soc=16|smpl_gm=0|vdroop1=0|batoilo=0|batoilo2=0|batt_vs=30794|mdis_morepower=0|thb_hda=51|cp_on_chip_0=33000|cp_on_chip_1=34000|G3D=37000|cp_on_chip_2=35000|cp_on_chip_3=33000|cp_on_chip_4=33000|rf2_therm=31000|rf1_therm=32000|ISP=35000|TPU=37000|AUR=36000|rfpa_therm=32128|quiet_therm=32796|charging_therm=34777|,ok,1,single,touched,4096,4096,6,4096,3933594,4096,3724406,0,4,4,ok
1,22,nvhe,4,1795000,1945000,38000,40000,BIG=37000|MID=37000|usb_pwr_therm=30325|btmspkr_therm=30258|disp_therm=30258|north_therm=31060|soc_therm=34733|battery=30800|battery_cycle=5|dc-mains=35000|usbc-therm-adc=350|max77779fg=30800|LITTLE=37000|soc=16|smpl_gm=0|vdroop1=0|batoilo=0|batoilo2=0|batt_vs=30793|mdis_morepower=0|thb_hda=51|cp_on_chip_0=33000|cp_on_chip_1=34000|G3D=37000|cp_on_chip_2=35000|cp_on_chip_3=33000|cp_on_chip_4=33000|rf2_therm=31000|rf1_therm=32000|ISP=35000|TPU=36000|AUR=36000|rfpa_therm=32128|quiet_therm=32796|charging_therm=34777|,BIG=37000|MID=38000|usb_pwr_therm=30325|btmspkr_therm=30258|disp_therm=30258|north_therm=31060|soc_therm=34755|battery=30800|battery_cycle=5|dc-mains=35000|usbc-therm-adc=350|max77779fg=30800|LITTLE=37000|soc=16|smpl_gm=0|vdroop1=0|batoilo=0|batoilo2=0|batt_vs=30794|mdis_morepower=0|thb_hda=51|cp_on_chip_0=33000|cp_on_chip_1=34000|G3D=37000|cp_on_chip_2=35000|cp_on_chip_3=33000|cp_on_chip_4=33000|rf2_therm=31000|rf1_therm=32000|ISP=35000|TPU=37000|AUR=36000|rfpa_therm=32128|quiet_therm=32796|charging_therm=34777|,ok,1,single,touched,4096,4096,7,4096,4018270,4096,3697510,0,4,4,ok
1,22,nvhe,4,1795000,1945000,38000,40000,BIG=37000|MID=37000|usb_pwr_therm=30325|btmspkr_therm=30258|disp_therm=30258|north_therm=31060|soc_therm=34733|battery=30800|battery_cycle=5|dc-mains=35000|usbc-therm-adc=350|max77779fg=30800|LITTLE=37000|soc=16|smpl_gm=0|vdroop1=0|batoilo=0|batoilo2=0|batt_vs=30793|mdis_morepower=0|thb_hda=51|cp_on_chip_0=33000|cp_on_chip_1=34000|G3D=37000|cp_on_chip_2=35000|cp_on_chip_3=33000|cp_on_chip_4=33000|rf2_therm=31000|rf1_therm=32000|ISP=35000|TPU=36000|AUR=36000|rfpa_therm=32128|quiet_therm=32796|charging_therm=34777|,BIG=37000|MID=38000|usb_pwr_therm=30325|btmspkr_therm=30258|disp_therm=30258|north_therm=31060|soc_therm=34755|battery=30800|battery_cycle=5|dc-mains=35000|usbc-therm-adc=350|max77779fg=30800|LITTLE=37000|soc=16|smpl_gm=0|vdroop1=0|batoilo=0|batoilo2=0|batt_vs=30794|mdis_morepower=0|thb_hda=51|cp_on_chip_0=33000|cp_on_chip_1=34000|G3D=37000|cp_on_chip_2=35000|cp_on_chip_3=33000|cp_on_chip_4=33000|rf2_therm=31000|rf1_therm=32000|ISP=35000|TPU=37000|AUR=36000|rfpa_therm=32128|quiet_therm=32796|charging_therm=34777|,ok,1,single,touched,4096,4096,8,4096,4059652,4096,3454875,0,4,4,ok
1,22,nvhe,4,1795000,1945000,38000,40000,BIG=37000|MID=37000|usb_pwr_therm=30325|btmspkr_therm=30258|disp_therm=30258|north_therm=31060|soc_therm=34733|battery=30800|battery_cycle=5|dc-mains=35000|usbc-therm-adc=350|max77779fg=30800|LITTLE=37000|soc=16|smpl_gm=0|vdroop1=0|batoilo=0|batoilo2=0|batt_vs=30793|mdis_morepower=0|thb_hda=51|cp_on_chip_0=33000|cp_on_chip_1=34000|G3D=37000|cp_on_chip_2=35000|cp_on_chip_3=33000|cp_on_chip_4=33000|rf2_therm=31000|rf1_therm=32000|ISP=35000|TPU=36000|AUR=36000|rfpa_therm=32128|quiet_therm=32796|charging_therm=34777|,BIG=37000|MID=38000|usb_pwr_therm=30325|btmspkr_therm=30258|disp_therm=30258|north_therm=31060|soc_therm=34755|battery=30800|battery_cycle=5|dc-mains=35000|usbc-therm-adc=350|max77779fg=30800|LITTLE=37000|soc=16|smpl_gm=0|vdroop1=0|batoilo=0|batoilo2=0|batt_vs=30794|mdis_morepower=0|thb_hda=51|cp_on_chip_0=33000|cp_on_chip_1=34000|G3D=37000|cp_on_chip_2=35000|cp_on_chip_3=33000|cp_on_chip_4=33000|rf2_therm=31000|rf1_therm=32000|ISP=35000|TPU=37000|AUR=36000|rfpa_therm=32128|quiet_therm=32796|charging_therm=34777|,ok,1,single,touched,4096,4096,9,4096,3956950,4096,3520183,0,4,4,ok
1,22,nvhe,4,1795000,1945000,38000,40000,BIG=37000|MID=37000|usb_pwr_therm=30325|btmspkr_therm=30258|disp_therm=30258|north_therm=31060|soc_therm=34733|battery=30800|battery_cycle=5|dc-mains=35000|usbc-therm-adc=350|max77779fg=30800|LITTLE=37000|soc=16|smpl_gm=0|vdroop1=0|batoilo=0|batoilo2=0|batt_vs=30793|mdis_morepower=0|thb_hda=51|cp_on_chip_0=33000|cp_on_chip_1=34000|G3D=37000|cp_on_chip_2=35000|cp_on_chip_3=33000|cp_on_chip_4=33000|rf2_therm=31000|rf1_therm=32000|ISP=35000|TPU=36000|AUR=36000|rfpa_therm=32128|quiet_therm=32796|charging_therm=34777|,BIG=37000|MID=38000|usb_pwr_therm=30325|btmspkr_therm=30258|disp_therm=30258|north_therm=31060|soc_therm=34755|battery=30800|battery_cycle=5|dc-mains=35000|usbc-therm-adc=350|max77779fg=30800|LITTLE=37000|soc=16|smpl_gm=0|vdroop1=0|batoilo=0|batoilo2=0|batt_vs=30794|mdis_morepower=0|thb_hda=51|cp_on_chip_0=33000|cp_on_chip_1=34000|G3D=37000|cp_on_chip_2=35000|cp_on_chip_3=33000|cp_on_chip_4=33000|rf2_therm=31000|rf1_therm=32000|ISP=35000|TPU=37000|AUR=36000|rfpa_therm=32128|quiet_therm=32796|charging_therm=34777|,ok,1,single,touched,4096,4096,10,4096,3918539,4096,3423909,0,4,4,ok
1,22,nvhe,4,1795000,1945000,38000,40000,BIG=37000|MID=37000|usb_pwr_therm=30325|btmspkr_therm=30258|disp_therm=30258|north_therm=31060|soc_therm=34733|battery=30800|battery_cycle=5|dc-mains=35000|usbc-therm-adc=350|max77779fg=30800|LITTLE=37000|soc=16|smpl_gm=0|vdroop1=0|batoilo=0|batoilo2=0|batt_vs=30793|mdis_morepower=0|thb_hda=51|cp_on_chip_0=33000|cp_on_chip_1=34000|G3D=37000|cp_on_chip_2=35000|cp_on_chip_3=33000|cp_on_chip_4=33000|rf2_therm=31000|rf1_therm=32000|ISP=35000|TPU=36000|AUR=36000|rfpa_therm=32128|quiet_therm=32796|charging_therm=34777|,BIG=37000|MID=38000|usb_pwr_therm=30325|btmspkr_therm=30258|disp_therm=30258|north_therm=31060|soc_therm=34755|battery=30800|battery_cycle=5|dc-mains=35000|usbc-therm-adc=350|max77779fg=30800|LITTLE=37000|soc=16|smpl_gm=0|vdroop1=0|batoilo=0|batoilo2=0|batt_vs=30794|mdis_morepower=0|thb_hda=51|cp_on_chip_0=33000|cp_on_chip_1=34000|G3D=37000|cp_on_chip_2=35000|cp_on_chip_3=33000|cp_on_chip_4=33000|rf2_therm=31000|rf1_therm=32000|ISP=35000|TPU=37000|AUR=36000|rfpa_therm=32128|quiet_therm=32796|charging_therm=34777|,ok,1,single,touched,4096,4096,11,4096,3859415,4096,3414999,0,4,4,ok
1,22,nvhe,4,1795000,1945000,38000,40000,BIG=37000|MID=37000|usb_pwr_therm=30325|btmspkr_therm=30258|disp_therm=30258|north_therm=31060|soc_therm=34733|battery=30800|battery_cycle=5|dc-mains=35000|usbc-therm-adc=350|max77779fg=30800|LITTLE=37000|soc=16|smpl_gm=0|vdroop1=0|batoilo=0|batoilo2=0|batt_vs=30793|mdis_morepower=0|thb_hda=51|cp_on_chip_0=33000|cp_on_chip_1=34000|G3D=37000|cp_on_chip_2=35000|cp_on_chip_3=33000|cp_on_chip_4=33000|rf2_therm=31000|rf1_therm=32000|ISP=35000|TPU=36000|AUR=36000|rfpa_therm=32128|quiet_therm=32796|charging_therm=34777|,BIG=37000|MID=38000|usb_pwr_therm=30325|btmspkr_therm=30258|disp_therm=30258|north_therm=31060|soc_therm=34755|battery=30800|battery_cycle=5|dc-mains=35000|usbc-therm-adc=350|max77779fg=30800|LITTLE=37000|soc=16|smpl_gm=0|vdroop1=0|batoilo=0|batoilo2=0|batt_vs=30794|mdis_morepower=0|thb_hda=51|cp_on_chip_0=33000|cp_on_chip_1=34000|G3D=37000|cp_on_chip_2=35000|cp_on_chip_3=33000|cp_on_chip_4=33000|rf2_therm=31000|rf1_therm=32000|ISP=35000|TPU=37000|AUR=36000|rfpa_therm=32128|quiet_therm=32796|charging_therm=34777|,ok,1,single,touched,4096,4096,12,4096,3961060,4096,3465413,0,4,4,ok
1,22,nvhe,4,1795000,1945000,38000,40000,BIG=37000|MID=37000|usb_pwr_therm=30325|btmspkr_therm=30258|disp_therm=30258|north_therm=31060|soc_therm=34733|battery=30800|battery_cycle=5|dc-mains=35000|usbc-therm-adc=350|max77779fg=30800|LITTLE=37000|soc=16|smpl_gm=0|vdroop1=0|batoilo=0|batoilo2=0|batt_vs=30793|mdis_morepower=0|thb_hda=51|cp_on_chip_0=33000|cp_on_chip_1=34000|G3D=37000|cp_on_chip_2=35000|cp_on_chip_3=33000|cp_on_chip_4=33000|rf2_therm=31000|rf1_therm=32000|ISP=35000|TPU=36000|AUR=36000|rfpa_therm=32128|quiet_therm=32796|charging_therm=34777|,BIG=37000|MID=38000|usb_pwr_therm=30325|btmspkr_therm=30258|disp_therm=30258|north_therm=31060|soc_therm=34755|battery=30800|battery_cycle=5|dc-mains=35000|usbc-therm-adc=350|max77779fg=30800|LITTLE=37000|soc=16|smpl_gm=0|vdroop1=0|batoilo=0|batoilo2=0|batt_vs=30794|mdis_morepower=0|thb_hda=51|cp_on_chip_0=33000|cp_on_chip_1=34000|G3D=37000|cp_on_chip_2=35000|cp_on_chip_3=33000|cp_on_chip_4=33000|rf2_therm=31000|rf1_therm=32000|ISP=35000|TPU=37000|AUR=36000|rfpa_therm=32128|quiet_therm=32796|charging_therm=34777|,ok,1,single,touched,4096,4096,13,4096,4037272,4096,3397257,0,4,4,ok
1,22,nvhe,4,1795000,1945000,38000,40000,BIG=37000|MID=37000|usb_pwr_therm=30325|btmspkr_therm=30258|disp_therm=30258|north_therm=31060|soc_therm=34733|battery=30800|battery_cycle=5|dc-mains=35000|usbc-therm-adc=350|max77779fg=30800|LITTLE=37000|soc=16|smpl_gm=0|vdroop1=0|batoilo=0|batoilo2=0|batt_vs=30793|mdis_morepower=0|thb_hda=51|cp_on_chip_0=33000|cp_on_chip_1=34000|G3D=37000|cp_on_chip_2=35000|cp_on_chip_3=33000|cp_on_chip_4=33000|rf2_therm=31000|rf1_therm=32000|ISP=35000|TPU=36000|AUR=36000|rfpa_therm=32128|quiet_therm=32796|charging_therm=34777|,BIG=37000|MID=38000|usb_pwr_therm=30325|btmspkr_therm=30258|disp_therm=30258|north_therm=31060|soc_therm=34755|battery=30800|battery_cycle=5|dc-mains=35000|usbc-therm-adc=350|max77779fg=30800|LITTLE=37000|soc=16|smpl_gm=0|vdroop1=0|batoilo=0|batoilo2=0|batt_vs=30794|mdis_morepower=0|thb_hda=51|cp_on_chip_0=33000|cp_on_chip_1=34000|G3D=37000|cp_on_chip_2=35000|cp_on_chip_3=33000|cp_on_chip_4=33000|rf2_therm=31000|rf1_therm=32000|ISP=35000|TPU=37000|AUR=36000|rfpa_therm=32128|quiet_therm=32796|charging_therm=34777|,ok,1,single,touched,4096,4096,14,4096,3999349,4096,3462077,0,4,4,ok
1,22,nvhe,4,1795000,1945000,38000,40000,BIG=37000|MID=37000|usb_pwr_therm=30325|btmspkr_therm=30258|disp_therm=30258|north_therm=31060|soc_therm=34733|battery=30800|battery_cycle=5|dc-mains=35000|usbc-therm-adc=350|max77779fg=30800|LITTLE=37000|soc=16|smpl_gm=0|vdroop1=0|batoilo=0|batoilo2=0|batt_vs=30793|mdis_morepower=0|thb_hda=51|cp_on_chip_0=33000|cp_on_chip_1=34000|G3D=37000|cp_on_chip_2=35000|cp_on_chip_3=33000|cp_on_chip_4=33000|rf2_therm=31000|rf1_therm=32000|ISP=35000|TPU=36000|AUR=36000|rfpa_therm=32128|quiet_therm=32796|charging_therm=34777|,BIG=37000|MID=38000|usb_pwr_therm=30325|btmspkr_therm=30258|disp_therm=30258|north_therm=31060|soc_therm=34755|battery=30800|battery_cycle=5|dc-mains=35000|usbc-therm-adc=350|max77779fg=30800|LITTLE=37000|soc=16|smpl_gm=0|vdroop1=0|batoilo=0|batoilo2=0|batt_vs=30794|mdis_morepower=0|thb_hda=51|cp_on_chip_0=33000|cp_on_chip_1=34000|G3D=37000|cp_on_chip_2=35000|cp_on_chip_3=33000|cp_on_chip_4=33000|rf2_therm=31000|rf1_therm=32000|ISP=35000|TPU=37000|AUR=36000|rfpa_therm=32128|quiet_therm=32796|charging_therm=34777|,ok,1,single,touched,4096,4096,15,4096,3984578,4096,3384115,0,4,4,ok
1,22,nvhe,4,1795000,1945000,38000,40000,BIG=37000|MID=37000|usb_pwr_therm=30325|btmspkr_therm=30258|disp_therm=30258|north_therm=31060|soc_therm=34733|battery=30800|battery_cycle=5|dc-mains=35000|usbc-therm-adc=350|max77779fg=30800|LITTLE=37000|soc=16|smpl_gm=0|vdroop1=0|batoilo=0|batoilo2=0|batt_vs=30793|mdis_morepower=0|thb_hda=51|cp_on_chip_0=33000|cp_on_chip_1=34000|G3D=37000|cp_on_chip_2=35000|cp_on_chip_3=33000|cp_on_chip_4=33000|rf2_therm=31000|rf1_therm=32000|ISP=35000|TPU=36000|AUR=36000|rfpa_therm=32128|quiet_therm=32796|charging_therm=34777|,BIG=37000|MID=38000|usb_pwr_therm=30325|btmspkr_therm=30258|disp_therm=30258|north_therm=31060|soc_therm=34755|battery=30800|battery_cycle=5|dc-mains=35000|usbc-therm-adc=350|max77779fg=30800|LITTLE=37000|soc=16|smpl_gm=0|vdroop1=0|batoilo=0|batoilo2=0|batt_vs=30794|mdis_morepower=0|thb_hda=51|cp_on_chip_0=33000|cp_on_chip_1=34000|G3D=37000|cp_on_chip_2=35000|cp_on_chip_3=33000|cp_on_chip_4=33000|rf2_therm=31000|rf1_therm=32000|ISP=35000|TPU=37000|AUR=36000|rfpa_therm=32128|quiet_therm=32796|charging_therm=34777|,ok,1,single,touched,4096,4096,16,4096,3982055,4096,3516358,0,4,4,ok
1,22,nvhe,4,1795000,1945000,38000,40000,BIG=37000|MID=37000|usb_pwr_therm=30325|btmspkr_therm=30258|disp_therm=30258|north_therm=31060|soc_therm=34733|battery=30800|battery_cycle=5|dc-mains=35000|usbc-therm-adc=350|max77779fg=30800|LITTLE=37000|soc=16|smpl_gm=0|vdroop1=0|batoilo=0|batoilo2=0|batt_vs=30793|mdis_morepower=0|thb_hda=51|cp_on_chip_0=33000|cp_on_chip_1=34000|G3D=37000|cp_on_chip_2=35000|cp_on_chip_3=33000|cp_on_chip_4=33000|rf2_therm=31000|rf1_therm=32000|ISP=35000|TPU=36000|AUR=36000|rfpa_therm=32128|quiet_therm=32796|charging_therm=34777|,BIG=37000|MID=38000|usb_pwr_therm=30325|btmspkr_therm=30258|disp_therm=30258|north_therm=31060|soc_therm=34755|battery=30800|battery_cycle=5|dc-mains=35000|usbc-therm-adc=350|max77779fg=30800|LITTLE=37000|soc=16|smpl_gm=0|vdroop1=0|batoilo=0|batoilo2=0|batt_vs=30794|mdis_morepower=0|thb_hda=51|cp_on_chip_0=33000|cp_on_chip_1=34000|G3D=37000|cp_on_chip_2=35000|cp_on_chip_3=33000|cp_on_chip_4=33000|rf2_therm=31000|rf1_therm=32000|ISP=35000|TPU=37000|AUR=36000|rfpa_therm=32128|quiet_therm=32796|charging_therm=34777|,ok,1,single,touched,4096,4096,17,4096,3936157,4096,3341838,0,4,4,ok
1,22,nvhe,4,1795000,1945000,38000,40000,BIG=37000|MID=37000|usb_pwr_therm=30325|btmspkr_therm=30258|disp_therm=30258|north_therm=31060|soc_therm=34733|battery=30800|battery_cycle=5|dc-mains=35000|usbc-therm-adc=350|max77779fg=30800|LITTLE=37000|soc=16|smpl_gm=0|vdroop1=0|batoilo=0|batoilo2=0|batt_vs=30793|mdis_morepower=0|thb_hda=51|cp_on_chip_0=33000|cp_on_chip_1=34000|G3D=37000|cp_on_chip_2=35000|cp_on_chip_3=33000|cp_on_chip_4=33000|rf2_therm=31000|rf1_therm=32000|ISP=35000|TPU=36000|AUR=36000|rfpa_therm=32128|quiet_therm=32796|charging_therm=34777|,BIG=37000|MID=38000|usb_pwr_therm=30325|btmspkr_therm=30258|disp_therm=30258|north_therm=31060|soc_therm=34755|battery=30800|battery_cycle=5|dc-mains=35000|usbc-therm-adc=350|max77779fg=30800|LITTLE=37000|soc=16|smpl_gm=0|vdroop1=0|batoilo=0|batoilo2=0|batt_vs=30794|mdis_morepower=0|thb_hda=51|cp_on_chip_0=33000|cp_on_chip_1=34000|G3D=37000|cp_on_chip_2=35000|cp_on_chip_3=33000|cp_on_chip_4=33000|rf2_therm=31000|rf1_therm=32000|ISP=35000|TPU=37000|AUR=36000|rfpa_therm=32128|quiet_therm=32796|charging_therm=34777|,ok,1,single,touched,4096,4096,18,4096,4151082,4096,2982706,0,4,4,ok
1,22,nvhe,4,1795000,1945000,38000,40000,BIG=37000|MID=37000|usb_pwr_therm=30325|btmspkr_therm=30258|disp_therm=30258|north_therm=31060|soc_therm=34733|battery=30800|battery_cycle=5|dc-mains=35000|usbc-therm-adc=350|max77779fg=30800|LITTLE=37000|soc=16|smpl_gm=0|vdroop1=0|batoilo=0|batoilo2=0|batt_vs=30793|mdis_morepower=0|thb_hda=51|cp_on_chip_0=33000|cp_on_chip_1=34000|G3D=37000|cp_on_chip_2=35000|cp_on_chip_3=33000|cp_on_chip_4=33000|rf2_therm=31000|rf1_therm=32000|ISP=35000|TPU=36000|AUR=36000|rfpa_therm=32128|quiet_therm=32796|charging_therm=34777|,BIG=37000|MID=38000|usb_pwr_therm=30325|btmspkr_therm=30258|disp_therm=30258|north_therm=31060|soc_therm=34755|battery=30800|battery_cycle=5|dc-mains=35000|usbc-therm-adc=350|max77779fg=30800|LITTLE=37000|soc=16|smpl_gm=0|vdroop1=0|batoilo=0|batoilo2=0|batt_vs=30794|mdis_morepower=0|thb_hda=51|cp_on_chip_0=33000|cp_on_chip_1=34000|G3D=37000|cp_on_chip_2=35000|cp_on_chip_3=33000|cp_on_chip_4=33000|rf2_therm=31000|rf1_therm=32000|ISP=35000|TPU=37000|AUR=36000|rfpa_therm=32128|quiet_therm=32796|charging_therm=34777|,ok,1,single,touched,4096,4096,19,4096,4043335,4096,3100952,0,4,4,ok
1,22,nvhe,4,1795000,1945000,38000,40000,BIG=37000|MID=37000|usb_pwr_therm=30325|btmspkr_therm=30258|disp_therm=30258|north_therm=31060|soc_therm=34733|battery=30800|battery_cycle=5|dc-mains=35000|usbc-therm-adc=350|max77779fg=30800|LITTLE=37000|soc=16|smpl_gm=0|vdroop1=0|batoilo=0|batoilo2=0|batt_vs=30793|mdis_morepower=0|thb_hda=51|cp_on_chip_0=33000|cp_on_chip_1=34000|G3D=37000|cp_on_chip_2=35000|cp_on_chip_3=33000|cp_on_chip_4=33000|rf2_therm=31000|rf1_therm=32000|ISP=35000|TPU=36000|AUR=36000|rfpa_therm=32128|quiet_therm=32796|charging_therm=34777|,BIG=37000|MID=38000|usb_pwr_therm=30325|btmspkr_therm=30258|disp_therm=30258|north_therm=31060|soc_therm=34755|battery=30800|battery_cycle=5|dc-mains=35000|usbc-therm-adc=350|max77779fg=30800|LITTLE=37000|soc=16|smpl_gm=0|vdroop1=0|batoilo=0|batoilo2=0|batt_vs=30794|mdis_morepower=0|thb_hda=51|cp_on_chip_0=33000|cp_on_chip_1=34000|G3D=37000|cp_on_chip_2=35000|cp_on_chip_3=33000|cp_on_chip_4=33000|rf2_therm=31000|rf1_therm=32000|ISP=35000|TPU=37000|AUR=36000|rfpa_therm=32128|quiet_therm=32796|charging_therm=34777|,ok,1,single,touched,4096,4096,20,4096,4079874,4096,3751953,0,4,4,ok
1,22,nvhe,4,1795000,1945000,38000,40000,BIG=37000|MID=37000|usb_pwr_therm=30325|btmspkr_therm=30258|disp_therm=30258|north_therm=31060|soc_therm=34733|battery=30800|battery_cycle=5|dc-mains=35000|usbc-therm-adc=350|max77779fg=30800|LITTLE=37000|soc=16|smpl_gm=0|vdroop1=0|batoilo=0|batoilo2=0|batt_vs=30793|mdis_morepower=0|thb_hda=51|cp_on_chip_0=33000|cp_on_chip_1=34000|G3D=37000|cp_on_chip_2=35000|cp_on_chip_3=33000|cp_on_chip_4=33000|rf2_therm=31000|rf1_therm=32000|ISP=35000|TPU=36000|AUR=36000|rfpa_therm=32128|quiet_therm=32796|charging_therm=34777|,BIG=37000|MID=38000|usb_pwr_therm=30325|btmspkr_therm=30258|disp_therm=30258|north_therm=31060|soc_therm=34755|battery=30800|battery_cycle=5|dc-mains=35000|usbc-therm-adc=350|max77779fg=30800|LITTLE=37000|soc=16|smpl_gm=0|vdroop1=0|batoilo=0|batoilo2=0|batt_vs=30794|mdis_morepower=0|thb_hda=51|cp_on_chip_0=33000|cp_on_chip_1=34000|G3D=37000|cp_on_chip_2=35000|cp_on_chip_3=33000|cp_on_chip_4=33000|rf2_therm=31000|rf1_therm=32000|ISP=35000|TPU=37000|AUR=36000|rfpa_therm=32128|quiet_therm=32796|charging_therm=34777|,ok,1,single,touched,4096,4096,21,4096,3995849,4096,3137533,0,4,4,ok
1,22,nvhe,4,1795000,1945000,38000,40000,BIG=37000|MID=37000|usb_pwr_therm=30325|btmspkr_therm=30258|disp_therm=30258|north_therm=31060|soc_therm=34733|battery=30800|battery_cycle=5|dc-mains=35000|usbc-therm-adc=350|max77779fg=30800|LITTLE=37000|soc=16|smpl_gm=0|vdroop1=0|batoilo=0|batoilo2=0|batt_vs=30793|mdis_morepower=0|thb_hda=51|cp_on_chip_0=33000|cp_on_chip_1=34000|G3D=37000|cp_on_chip_2=35000|cp_on_chip_3=33000|cp_on_chip_4=33000|rf2_therm=31000|rf1_therm=32000|ISP=35000|TPU=36000|AUR=36000|rfpa_therm=32128|quiet_therm=32796|charging_therm=34777|,BIG=37000|MID=38000|usb_pwr_therm=30325|btmspkr_therm=30258|disp_therm=30258|north_therm=31060|soc_therm=34755|battery=30800|battery_cycle=5|dc-mains=35000|usbc-therm-adc=350|max77779fg=30800|LITTLE=37000|soc=16|smpl_gm=0|vdroop1=0|batoilo=0|batoilo2=0|batt_vs=30794|mdis_morepower=0|thb_hda=51|cp_on_chip_0=33000|cp_on_chip_1=34000|G3D=37000|cp_on_chip_2=35000|cp_on_chip_3=33000|cp_on_chip_4=33000|rf2_therm=31000|rf1_therm=32000|ISP=35000|TPU=37000|AUR=36000|rfpa_therm=32128|quiet_therm=32796|charging_therm=34777|,ok,1,single,touched,4096,4096,22,4096,4048543,4096,2961751,0,4,4,ok
1,22,nvhe,4,1795000,1945000,38000,40000,BIG=37000|MID=37000|usb_pwr_therm=30325|btmspkr_therm=30258|disp_therm=30258|north_therm=31060|soc_therm=34733|battery=30800|battery_cycle=5|dc-mains=35000|usbc-therm-adc=350|max77779fg=30800|LITTLE=37000|soc=16|smpl_gm=0|vdroop1=0|batoilo=0|batoilo2=0|batt_vs=30793|mdis_morepower=0|thb_hda=51|cp_on_chip_0=33000|cp_on_chip_1=34000|G3D=37000|cp_on_chip_2=35000|cp_on_chip_3=33000|cp_on_chip_4=33000|rf2_therm=31000|rf1_therm=32000|ISP=35000|TPU=36000|AUR=36000|rfpa_therm=32128|quiet_therm=32796|charging_therm=34777|,BIG=37000|MID=38000|usb_pwr_therm=30325|btmspkr_therm=30258|disp_therm=30258|north_therm=31060|soc_therm=34755|battery=30800|battery_cycle=5|dc-mains=35000|usbc-therm-adc=350|max77779fg=30800|LITTLE=37000|soc=16|smpl_gm=0|vdroop1=0|batoilo=0|batoilo2=0|batt_vs=30794|mdis_morepower=0|thb_hda=51|cp_on_chip_0=33000|cp_on_chip_1=34000|G3D=37000|cp_on_chip_2=35000|cp_on_chip_3=33000|cp_on_chip_4=33000|rf2_therm=31000|rf1_therm=32000|ISP=35000|TPU=37000|AUR=36000|rfpa_therm=32128|quiet_therm=32796|charging_therm=34777|,ok,1,single,touched,4096,4096,23,4096,3995077,4096,2958415,0,4,4,ok
1,22,nvhe,4,1795000,1945000,38000,40000,BIG=37000|MID=37000|usb_pwr_therm=30325|btmspkr_therm=30258|disp_therm=30258|north_therm=31060|soc_therm=34733|battery=30800|battery_cycle=5|dc-mains=35000|usbc-therm-adc=350|max77779fg=30800|LITTLE=37000|soc=16|smpl_gm=0|vdroop1=0|batoilo=0|batoilo2=0|batt_vs=30793|mdis_morepower=0|thb_hda=51|cp_on_chip_0=33000|cp_on_chip_1=34000|G3D=37000|cp_on_chip_2=35000|cp_on_chip_3=33000|cp_on_chip_4=33000|rf2_therm=31000|rf1_therm=32000|ISP=35000|TPU=36000|AUR=36000|rfpa_therm=32128|quiet_therm=32796|charging_therm=34777|,BIG=37000|MID=38000|usb_pwr_therm=30325|btmspkr_therm=30258|disp_therm=30258|north_therm=31060|soc_therm=34755|battery=30800|battery_cycle=5|dc-mains=35000|usbc-therm-adc=350|max77779fg=30800|LITTLE=37000|soc=16|smpl_gm=0|vdroop1=0|batoilo=0|batoilo2=0|batt_vs=30794|mdis_morepower=0|thb_hda=51|cp_on_chip_0=33000|cp_on_chip_1=34000|G3D=37000|cp_on_chip_2=35000|cp_on_chip_3=33000|cp_on_chip_4=33000|rf2_therm=31000|rf1_therm=32000|ISP=35000|TPU=37000|AUR=36000|rfpa_therm=32128|quiet_therm=32796|charging_therm=34777|,ok,1,single,touched,4096,4096,24,4096,4058186,4096,3082723,0,4,4,ok
1,22,nvhe,4,1795000,1945000,38000,40000,BIG=37000|MID=37000|usb_pwr_therm=30325|btmspkr_therm=30258|disp_therm=30258|north_therm=31060|soc_therm=34733|battery=30800|battery_cycle=5|dc-mains=35000|usbc-therm-adc=350|max77779fg=30800|LITTLE=37000|soc=16|smpl_gm=0|vdroop1=0|batoilo=0|batoilo2=0|batt_vs=30793|mdis_morepower=0|thb_hda=51|cp_on_chip_0=33000|cp_on_chip_1=34000|G3D=37000|cp_on_chip_2=35000|cp_on_chip_3=33000|cp_on_chip_4=33000|rf2_therm=31000|rf1_therm=32000|ISP=35000|TPU=36000|AUR=36000|rfpa_therm=32128|quiet_therm=32796|charging_therm=34777|,BIG=37000|MID=38000|usb_pwr_therm=30325|btmspkr_therm=30258|disp_therm=30258|north_therm=31060|soc_therm=34755|battery=30800|battery_cycle=5|dc-mains=35000|usbc-therm-adc=350|max77779fg=30800|LITTLE=37000|soc=16|smpl_gm=0|vdroop1=0|batoilo=0|batoilo2=0|batt_vs=30794|mdis_morepower=0|thb_hda=51|cp_on_chip_0=33000|cp_on_chip_1=34000|G3D=37000|cp_on_chip_2=35000|cp_on_chip_3=33000|cp_on_chip_4=33000|rf2_therm=31000|rf1_therm=32000|ISP=35000|TPU=37000|AUR=36000|rfpa_therm=32128|quiet_therm=32796|charging_therm=34777|,ok,1,single,touched,4096,4096,25,4096,4017008,4096,3435628,0,4,4,ok
1,22,nvhe,4,1795000,1945000,38000,40000,BIG=37000|MID=37000|usb_pwr_therm=30325|btmspkr_therm=30258|disp_therm=30258|north_therm=31060|soc_therm=34733|battery=30800|battery_cycle=5|dc-mains=35000|usbc-therm-adc=350|max77779fg=30800|LITTLE=37000|soc=16|smpl_gm=0|vdroop1=0|batoilo=0|batoilo2=0|batt_vs=30793|mdis_morepower=0|thb_hda=51|cp_on_chip_0=33000|cp_on_chip_1=34000|G3D=37000|cp_on_chip_2=35000|cp_on_chip_3=33000|cp_on_chip_4=33000|rf2_therm=31000|rf1_therm=32000|ISP=35000|TPU=36000|AUR=36000|rfpa_therm=32128|quiet_therm=32796|charging_therm=34777|,BIG=37000|MID=38000|usb_pwr_therm=30325|btmspkr_therm=30258|disp_therm=30258|north_therm=31060|soc_therm=34755|battery=30800|battery_cycle=5|dc-mains=35000|usbc-therm-adc=350|max77779fg=30800|LITTLE=37000|soc=16|smpl_gm=0|vdroop1=0|batoilo=0|batoilo2=0|batt_vs=30794|mdis_morepower=0|thb_hda=51|cp_on_chip_0=33000|cp_on_chip_1=34000|G3D=37000|cp_on_chip_2=35000|cp_on_chip_3=33000|cp_on_chip_4=33000|rf2_therm=31000|rf1_therm=32000|ISP=35000|TPU=37000|AUR=36000|rfpa_therm=32128|quiet_therm=32796|charging_therm=34777|,ok,1,single,touched,4096,4096,26,4096,4026611,4096,3165649,0,4,4,ok
1,22,nvhe,4,1795000,1945000,38000,40000,BIG=37000|MID=37000|usb_pwr_therm=30325|btmspkr_therm=30258|disp_therm=30258|north_therm=31060|soc_therm=34733|battery=30800|battery_cycle=5|dc-mains=35000|usbc-therm-adc=350|max77779fg=30800|LITTLE=37000|soc=16|smpl_gm=0|vdroop1=0|batoilo=0|batoilo2=0|batt_vs=30793|mdis_morepower=0|thb_hda=51|cp_on_chip_0=33000|cp_on_chip_1=34000|G3D=37000|cp_on_chip_2=35000|cp_on_chip_3=33000|cp_on_chip_4=33000|rf2_therm=31000|rf1_therm=32000|ISP=35000|TPU=36000|AUR=36000|rfpa_therm=32128|quiet_therm=32796|charging_therm=34777|,BIG=37000|MID=38000|usb_pwr_therm=30325|btmspkr_therm=30258|disp_therm=30258|north_therm=31060|soc_therm=34755|battery=30800|battery_cycle=5|dc-mains=35000|usbc-therm-adc=350|max77779fg=30800|LITTLE=37000|soc=16|smpl_gm=0|vdroop1=0|batoilo=0|batoilo2=0|batt_vs=30794|mdis_morepower=0|thb_hda=51|cp_on_chip_0=33000|cp_on_chip_1=34000|G3D=37000|cp_on_chip_2=35000|cp_on_chip_3=33000|cp_on_chip_4=33000|rf2_therm=31000|rf1_therm=32000|ISP=35000|TPU=37000|AUR=36000|rfpa_therm=32128|quiet_therm=32796|charging_therm=34777|,ok,1,single,touched,4096,4096,27,4096,3981689,4096,3508993,0,4,4,ok
1,22,nvhe,4,1795000,1945000,38000,40000,BIG=37000|MID=37000|usb_pwr_therm=30325|btmspkr_therm=30258|disp_therm=30258|north_therm=31060|soc_therm=34733|battery=30800|battery_cycle=5|dc-mains=35000|usbc-therm-adc=350|max77779fg=30800|LITTLE=37000|soc=16|smpl_gm=0|vdroop1=0|batoilo=0|batoilo2=0|batt_vs=30793|mdis_morepower=0|thb_hda=51|cp_on_chip_0=33000|cp_on_chip_1=34000|G3D=37000|cp_on_chip_2=35000|cp_on_chip_3=33000|cp_on_chip_4=33000|rf2_therm=31000|rf1_therm=32000|ISP=35000|TPU=36000|AUR=36000|rfpa_therm=32128|quiet_therm=32796|charging_therm=34777|,BIG=37000|MID=38000|usb_pwr_therm=30325|btmspkr_therm=30258|disp_therm=30258|north_therm=31060|soc_therm=34755|battery=30800|battery_cycle=5|dc-mains=35000|usbc-therm-adc=350|max77779fg=30800|LITTLE=37000|soc=16|smpl_gm=0|vdroop1=0|batoilo=0|batoilo2=0|batt_vs=30794|mdis_morepower=0|thb_hda=51|cp_on_chip_0=33000|cp_on_chip_1=34000|G3D=37000|cp_on_chip_2=35000|cp_on_chip_3=33000|cp_on_chip_4=33000|rf2_therm=31000|rf1_therm=32000|ISP=35000|TPU=37000|AUR=36000|rfpa_therm=32128|quiet_therm=32796|charging_therm=34777|,ok,1,single,touched,4096,4096,28,4096,4046469,4096,2931031,0,4,4,ok
1,22,nvhe,4,1795000,1945000,38000,40000,BIG=37000|MID=37000|usb_pwr_therm=30325|btmspkr_therm=30258|disp_therm=30258|north_therm=31060|soc_therm=34733|battery=30800|battery_cycle=5|dc-mains=35000|usbc-therm-adc=350|max77779fg=30800|LITTLE=37000|soc=16|smpl_gm=0|vdroop1=0|batoilo=0|batoilo2=0|batt_vs=30793|mdis_morepower=0|thb_hda=51|cp_on_chip_0=33000|cp_on_chip_1=34000|G3D=37000|cp_on_chip_2=35000|cp_on_chip_3=33000|cp_on_chip_4=33000|rf2_therm=31000|rf1_therm=32000|ISP=35000|TPU=36000|AUR=36000|rfpa_therm=32128|quiet_therm=32796|charging_therm=34777|,BIG=37000|MID=38000|usb_pwr_therm=30325|btmspkr_therm=30258|disp_therm=30258|north_therm=31060|soc_therm=34755|battery=30800|battery_cycle=5|dc-mains=35000|usbc-therm-adc=350|max77779fg=30800|LITTLE=37000|soc=16|smpl_gm=0|vdroop1=0|batoilo=0|batoilo2=0|batt_vs=30794|mdis_morepower=0|thb_hda=51|cp_on_chip_0=33000|cp_on_chip_1=34000|G3D=37000|cp_on_chip_2=35000|cp_on_chip_3=33000|cp_on_chip_4=33000|rf2_therm=31000|rf1_therm=32000|ISP=35000|TPU=37000|AUR=36000|rfpa_therm=32128|quiet_therm=32796|charging_therm=34777|,ok,1,single,touched,4096,4096,29,4096,4001221,4096,2925903,0,4,4,ok
1,23,nvhe,4,1795000,2600000,38000,40000,BIG=37000|MID=38000|usb_pwr_therm=30325|btmspkr_therm=30258|disp_therm=30258|north_therm=31082|soc_therm=34755|battery=30800|battery_cycle=5|dc-mains=35000|usbc-therm-adc=350|max77779fg=30800|LITTLE=37000|soc=16|smpl_gm=0|vdroop1=0|batoilo=0|batoilo2=0|batt_vs=30793|mdis_morepower=0|thb_hda=51|cp_on_chip_0=33000|cp_on_chip_1=34000|G3D=37000|cp_on_chip_2=35000|cp_on_chip_3=33000|cp_on_chip_4=33000|rf2_therm=31000|rf1_therm=32000|ISP=35000|TPU=37000|AUR=36000|rfpa_therm=32128|quiet_therm=32818|charging_therm=34799|,BIG=38000|MID=38000|usb_pwr_therm=30325|btmspkr_therm=30258|disp_therm=30258|north_therm=31082|soc_therm=34755|battery=30800|battery_cycle=5|dc-mains=35000|usbc-therm-adc=350|max77779fg=30800|LITTLE=38000|soc=16|smpl_gm=0|vdroop1=0|batoilo=0|batoilo2=0|batt_vs=30794|mdis_morepower=0|thb_hda=51|cp_on_chip_0=33000|cp_on_chip_1=34000|G3D=37000|cp_on_chip_2=35000|cp_on_chip_3=33000|cp_on_chip_4=33000|rf2_therm=31000|rf1_therm=32000|ISP=35000|TPU=37000|AUR=37000|rfpa_therm=32128|quiet_therm=32818|charging_therm=34799|,ok,1,single,touched,4096,8192,0,8192,34096232,8192,19147298,0,4,4,ok
1,23,nvhe,4,1795000,2600000,38000,40000,BIG=37000|MID=38000|usb_pwr_therm=30325|btmspkr_therm=30258|disp_therm=30258|north_therm=31082|soc_therm=34755|battery=30800|battery_cycle=5|dc-mains=35000|usbc-therm-adc=350|max77779fg=30800|LITTLE=37000|soc=16|smpl_gm=0|vdroop1=0|batoilo=0|batoilo2=0|batt_vs=30793|mdis_morepower=0|thb_hda=51|cp_on_chip_0=33000|cp_on_chip_1=34000|G3D=37000|cp_on_chip_2=35000|cp_on_chip_3=33000|cp_on_chip_4=33000|rf2_therm=31000|rf1_therm=32000|ISP=35000|TPU=37000|AUR=36000|rfpa_therm=32128|quiet_therm=32818|charging_therm=34799|,BIG=38000|MID=38000|usb_pwr_therm=30325|btmspkr_therm=30258|disp_therm=30258|north_therm=31082|soc_therm=34755|battery=30800|battery_cycle=5|dc-mains=35000|usbc-therm-adc=350|max77779fg=30800|LITTLE=38000|soc=16|smpl_gm=0|vdroop1=0|batoilo=0|batoilo2=0|batt_vs=30794|mdis_morepower=0|thb_hda=51|cp_on_chip_0=33000|cp_on_chip_1=34000|G3D=37000|cp_on_chip_2=35000|cp_on_chip_3=33000|cp_on_chip_4=33000|rf2_therm=31000|rf1_therm=32000|ISP=35000|TPU=37000|AUR=37000|rfpa_therm=32128|quiet_therm=32818|charging_therm=34799|,ok,1,single,touched,4096,8192,1,8192,16922038,8192,13832886,0,4,4,ok
1,23,nvhe,4,1795000,2600000,38000,40000,BIG=37000|MID=38000|usb_pwr_therm=30325|btmspkr_therm=30258|disp_therm=30258|north_therm=31082|soc_therm=34755|battery=30800|battery_cycle=5|dc-mains=35000|usbc-therm-adc=350|max77779fg=30800|LITTLE=37000|soc=16|smpl_gm=0|vdroop1=0|batoilo=0|batoilo2=0|batt_vs=30793|mdis_morepower=0|thb_hda=51|cp_on_chip_0=33000|cp_on_chip_1=34000|G3D=37000|cp_on_chip_2=35000|cp_on_chip_3=33000|cp_on_chip_4=33000|rf2_therm=31000|rf1_therm=32000|ISP=35000|TPU=37000|AUR=36000|rfpa_therm=32128|quiet_therm=32818|charging_therm=34799|,BIG=38000|MID=38000|usb_pwr_therm=30325|btmspkr_therm=30258|disp_therm=30258|north_therm=31082|soc_therm=34755|battery=30800|battery_cycle=5|dc-mains=35000|usbc-therm-adc=350|max77779fg=30800|LITTLE=38000|soc=16|smpl_gm=0|vdroop1=0|batoilo=0|batoilo2=0|batt_vs=30794|mdis_morepower=0|thb_hda=51|cp_on_chip_0=33000|cp_on_chip_1=34000|G3D=37000|cp_on_chip_2=35000|cp_on_chip_3=33000|cp_on_chip_4=33000|rf2_therm=31000|rf1_therm=32000|ISP=35000|TPU=37000|AUR=37000|rfpa_therm=32128|quiet_therm=32818|charging_therm=34799|,ok,1,single,touched,4096,8192,2,8192,9908528,8192,9523641,0,4,4,ok
1,23,nvhe,4,1795000,2600000,38000,40000,BIG=37000|MID=38000|usb_pwr_therm=30325|btmspkr_therm=30258|disp_therm=30258|north_therm=31082|soc_therm=34755|battery=30800|battery_cycle=5|dc-mains=35000|usbc-therm-adc=350|max77779fg=30800|LITTLE=37000|soc=16|smpl_gm=0|vdroop1=0|batoilo=0|batoilo2=0|batt_vs=30793|mdis_morepower=0|thb_hda=51|cp_on_chip_0=33000|cp_on_chip_1=34000|G3D=37000|cp_on_chip_2=35000|cp_on_chip_3=33000|cp_on_chip_4=33000|rf2_therm=31000|rf1_therm=32000|ISP=35000|TPU=37000|AUR=36000|rfpa_therm=32128|quiet_therm=32818|charging_therm=34799|,BIG=38000|MID=38000|usb_pwr_therm=30325|btmspkr_therm=30258|disp_therm=30258|north_therm=31082|soc_therm=34755|battery=30800|battery_cycle=5|dc-mains=35000|usbc-therm-adc=350|max77779fg=30800|LITTLE=38000|soc=16|smpl_gm=0|vdroop1=0|batoilo=0|batoilo2=0|batt_vs=30794|mdis_morepower=0|thb_hda=51|cp_on_chip_0=33000|cp_on_chip_1=34000|G3D=37000|cp_on_chip_2=35000|cp_on_chip_3=33000|cp_on_chip_4=33000|rf2_therm=31000|rf1_therm=32000|ISP=35000|TPU=37000|AUR=37000|rfpa_therm=32128|quiet_therm=32818|charging_therm=34799|,ok,1,single,touched,4096,8192,3,8192,9231160,8192,8085327,0,4,4,ok
1,23,nvhe,4,1795000,2600000,38000,40000,BIG=37000|MID=38000|usb_pwr_therm=30325|btmspkr_therm=30258|disp_therm=30258|north_therm=31082|soc_therm=34755|battery=30800|battery_cycle=5|dc-mains=35000|usbc-therm-adc=350|max77779fg=30800|LITTLE=37000|soc=16|smpl_gm=0|vdroop1=0|batoilo=0|batoilo2=0|batt_vs=30793|mdis_morepower=0|thb_hda=51|cp_on_chip_0=33000|cp_on_chip_1=34000|G3D=37000|cp_on_chip_2=35000|cp_on_chip_3=33000|cp_on_chip_4=33000|rf2_therm=31000|rf1_therm=32000|ISP=35000|TPU=37000|AUR=36000|rfpa_therm=32128|quiet_therm=32818|charging_therm=34799|,BIG=38000|MID=38000|usb_pwr_therm=30325|btmspkr_therm=30258|disp_therm=30258|north_therm=31082|soc_therm=34755|battery=30800|battery_cycle=5|dc-mains=35000|usbc-therm-adc=350|max77779fg=30800|LITTLE=38000|soc=16|smpl_gm=0|vdroop1=0|batoilo=0|batoilo2=0|batt_vs=30794|mdis_morepower=0|thb_hda=51|cp_on_chip_0=33000|cp_on_chip_1=34000|G3D=37000|cp_on_chip_2=35000|cp_on_chip_3=33000|cp_on_chip_4=33000|rf2_therm=31000|rf1_therm=32000|ISP=35000|TPU=37000|AUR=37000|rfpa_therm=32128|quiet_therm=32818|charging_therm=34799|,ok,1,single,touched,4096,8192,4,8192,8772339,8192,7863729,0,4,4,ok
1,23,nvhe,4,1795000,2600000,38000,40000,BIG=37000|MID=38000|usb_pwr_therm=30325|btmspkr_therm=30258|disp_therm=30258|north_therm=31082|soc_therm=34755|battery=30800|battery_cycle=5|dc-mains=35000|usbc-therm-adc=350|max77779fg=30800|LITTLE=37000|soc=16|smpl_gm=0|vdroop1=0|batoilo=0|batoilo2=0|batt_vs=30793|mdis_morepower=0|thb_hda=51|cp_on_chip_0=33000|cp_on_chip_1=34000|G3D=37000|cp_on_chip_2=35000|cp_on_chip_3=33000|cp_on_chip_4=33000|rf2_therm=31000|rf1_therm=32000|ISP=35000|TPU=37000|AUR=36000|rfpa_therm=32128|quiet_therm=32818|charging_therm=34799|,BIG=38000|MID=38000|usb_pwr_therm=30325|btmspkr_therm=30258|disp_therm=30258|north_therm=31082|soc_therm=34755|battery=30800|battery_cycle=5|dc-mains=35000|usbc-therm-adc=350|max77779fg=30800|LITTLE=38000|soc=16|smpl_gm=0|vdroop1=0|batoilo=0|batoilo2=0|batt_vs=30794|mdis_morepower=0|thb_hda=51|cp_on_chip_0=33000|cp_on_chip_1=34000|G3D=37000|cp_on_chip_2=35000|cp_on_chip_3=33000|cp_on_chip_4=33000|rf2_therm=31000|rf1_therm=32000|ISP=35000|TPU=37000|AUR=37000|rfpa_therm=32128|quiet_therm=32818|charging_therm=34799|,ok,1,single,touched,4096,8192,5,8192,9278524,8192,8036499,0,4,4,ok
1,23,nvhe,4,1795000,2600000,38000,40000,BIG=37000|MID=38000|usb_pwr_therm=30325|btmspkr_therm=30258|disp_therm=30258|north_therm=31082|soc_therm=34755|battery=30800|battery_cycle=5|dc-mains=35000|usbc-therm-adc=350|max77779fg=30800|LITTLE=37000|soc=16|smpl_gm=0|vdroop1=0|batoilo=0|batoilo2=0|batt_vs=30793|mdis_morepower=0|thb_hda=51|cp_on_chip_0=33000|cp_on_chip_1=34000|G3D=37000|cp_on_chip_2=35000|cp_on_chip_3=33000|cp_on_chip_4=33000|rf2_therm=31000|rf1_therm=32000|ISP=35000|TPU=37000|AUR=36000|rfpa_therm=32128|quiet_therm=32818|charging_therm=34799|,BIG=38000|MID=38000|usb_pwr_therm=30325|btmspkr_therm=30258|disp_therm=30258|north_therm=31082|soc_therm=34755|battery=30800|battery_cycle=5|dc-mains=35000|usbc-therm-adc=350|max77779fg=30800|LITTLE=38000|soc=16|smpl_gm=0|vdroop1=0|batoilo=0|batoilo2=0|batt_vs=30794|mdis_morepower=0|thb_hda=51|cp_on_chip_0=33000|cp_on_chip_1=34000|G3D=37000|cp_on_chip_2=35000|cp_on_chip_3=33000|cp_on_chip_4=33000|rf2_therm=31000|rf1_therm=32000|ISP=35000|TPU=37000|AUR=37000|rfpa_therm=32128|quiet_therm=32818|charging_therm=34799|,ok,1,single,touched,4096,8192,6,8192,8910441,8192,7192586,0,4,4,ok
1,23,nvhe,4,1795000,2600000,38000,40000,BIG=37000|MID=38000|usb_pwr_therm=30325|btmspkr_therm=30258|disp_therm=30258|north_therm=31082|soc_therm=34755|battery=30800|battery_cycle=5|dc-mains=35000|usbc-therm-adc=350|max77779fg=30800|LITTLE=37000|soc=16|smpl_gm=0|vdroop1=0|batoilo=0|batoilo2=0|batt_vs=30793|mdis_morepower=0|thb_hda=51|cp_on_chip_0=33000|cp_on_chip_1=34000|G3D=37000|cp_on_chip_2=35000|cp_on_chip_3=33000|cp_on_chip_4=33000|rf2_therm=31000|rf1_therm=32000|ISP=35000|TPU=37000|AUR=36000|rfpa_therm=32128|quiet_therm=32818|charging_therm=34799|,BIG=38000|MID=38000|usb_pwr_therm=30325|btmspkr_therm=30258|disp_therm=30258|north_therm=31082|soc_therm=34755|battery=30800|battery_cycle=5|dc-mains=35000|usbc-therm-adc=350|max77779fg=30800|LITTLE=38000|soc=16|smpl_gm=0|vdroop1=0|batoilo=0|batoilo2=0|batt_vs=30794|mdis_morepower=0|thb_hda=51|cp_on_chip_0=33000|cp_on_chip_1=34000|G3D=37000|cp_on_chip_2=35000|cp_on_chip_3=33000|cp_on_chip_4=33000|rf2_therm=31000|rf1_therm=32000|ISP=35000|TPU=37000|AUR=37000|rfpa_therm=32128|quiet_therm=32818|charging_therm=34799|,ok,1,single,touched,4096,8192,7,8192,8305338,8192,7874837,0,4,4,ok
1,23,nvhe,4,1795000,2600000,38000,40000,BIG=37000|MID=38000|usb_pwr_therm=30325|btmspkr_therm=30258|disp_therm=30258|north_therm=31082|soc_therm=34755|battery=30800|battery_cycle=5|dc-mains=35000|usbc-therm-adc=350|max77779fg=30800|LITTLE=37000|soc=16|smpl_gm=0|vdroop1=0|batoilo=0|batoilo2=0|batt_vs=30793|mdis_morepower=0|thb_hda=51|cp_on_chip_0=33000|cp_on_chip_1=34000|G3D=37000|cp_on_chip_2=35000|cp_on_chip_3=33000|cp_on_chip_4=33000|rf2_therm=31000|rf1_therm=32000|ISP=35000|TPU=37000|AUR=36000|rfpa_therm=32128|quiet_therm=32818|charging_therm=34799|,BIG=38000|MID=38000|usb_pwr_therm=30325|btmspkr_therm=30258|disp_therm=30258|north_therm=31082|soc_therm=34755|battery=30800|battery_cycle=5|dc-mains=35000|usbc-therm-adc=350|max77779fg=30800|LITTLE=38000|soc=16|smpl_gm=0|vdroop1=0|batoilo=0|batoilo2=0|batt_vs=30794|mdis_morepower=0|thb_hda=51|cp_on_chip_0=33000|cp_on_chip_1=34000|G3D=37000|cp_on_chip_2=35000|cp_on_chip_3=33000|cp_on_chip_4=33000|rf2_therm=31000|rf1_therm=32000|ISP=35000|TPU=37000|AUR=37000|rfpa_therm=32128|quiet_therm=32818|charging_therm=34799|,ok,1,single,touched,4096,8192,8,8192,9070231,8192,7142985,0,4,4,ok
1,23,nvhe,4,1795000,2600000,38000,40000,BIG=37000|MID=38000|usb_pwr_therm=30325|btmspkr_therm=30258|disp_therm=30258|north_therm=31082|soc_therm=34755|battery=30800|battery_cycle=5|dc-mains=35000|usbc-therm-adc=350|max77779fg=30800|LITTLE=37000|soc=16|smpl_gm=0|vdroop1=0|batoilo=0|batoilo2=0|batt_vs=30793|mdis_morepower=0|thb_hda=51|cp_on_chip_0=33000|cp_on_chip_1=34000|G3D=37000|cp_on_chip_2=35000|cp_on_chip_3=33000|cp_on_chip_4=33000|rf2_therm=31000|rf1_therm=32000|ISP=35000|TPU=37000|AUR=36000|rfpa_therm=32128|quiet_therm=32818|charging_therm=34799|,BIG=38000|MID=38000|usb_pwr_therm=30325|btmspkr_therm=30258|disp_therm=30258|north_therm=31082|soc_therm=34755|battery=30800|battery_cycle=5|dc-mains=35000|usbc-therm-adc=350|max77779fg=30800|LITTLE=38000|soc=16|smpl_gm=0|vdroop1=0|batoilo=0|batoilo2=0|batt_vs=30794|mdis_morepower=0|thb_hda=51|cp_on_chip_0=33000|cp_on_chip_1=34000|G3D=37000|cp_on_chip_2=35000|cp_on_chip_3=33000|cp_on_chip_4=33000|rf2_therm=31000|rf1_therm=32000|ISP=35000|TPU=37000|AUR=37000|rfpa_therm=32128|quiet_therm=32818|charging_therm=34799|,ok,1,single,touched,4096,8192,9,8192,8825969,8192,7707153,0,4,4,ok
1,23,nvhe,4,1795000,2600000,38000,40000,BIG=37000|MID=38000|usb_pwr_therm=30325|btmspkr_therm=30258|disp_therm=30258|north_therm=31082|soc_therm=34755|battery=30800|battery_cycle=5|dc-mains=35000|usbc-therm-adc=350|max77779fg=30800|LITTLE=37000|soc=16|smpl_gm=0|vdroop1=0|batoilo=0|batoilo2=0|batt_vs=30793|mdis_morepower=0|thb_hda=51|cp_on_chip_0=33000|cp_on_chip_1=34000|G3D=37000|cp_on_chip_2=35000|cp_on_chip_3=33000|cp_on_chip_4=33000|rf2_therm=31000|rf1_therm=32000|ISP=35000|TPU=37000|AUR=36000|rfpa_therm=32128|quiet_therm=32818|charging_therm=34799|,BIG=38000|MID=38000|usb_pwr_therm=30325|btmspkr_therm=30258|disp_therm=30258|north_therm=31082|soc_therm=34755|battery=30800|battery_cycle=5|dc-mains=35000|usbc-therm-adc=350|max77779fg=30800|LITTLE=38000|soc=16|smpl_gm=0|vdroop1=0|batoilo=0|batoilo2=0|batt_vs=30794|mdis_morepower=0|thb_hda=51|cp_on_chip_0=33000|cp_on_chip_1=34000|G3D=37000|cp_on_chip_2=35000|cp_on_chip_3=33000|cp_on_chip_4=33000|rf2_therm=31000|rf1_therm=32000|ISP=35000|TPU=37000|AUR=37000|rfpa_therm=32128|quiet_therm=32818|charging_therm=34799|,ok,1,single,touched,4096,8192,10,8192,8802856,8192,7948853,0,4,4,ok
1,23,nvhe,4,1795000,2600000,38000,40000,BIG=37000|MID=38000|usb_pwr_therm=30325|btmspkr_therm=30258|disp_therm=30258|north_therm=31082|soc_therm=34755|battery=30800|battery_cycle=5|dc-mains=35000|usbc-therm-adc=350|max77779fg=30800|LITTLE=37000|soc=16|smpl_gm=0|vdroop1=0|batoilo=0|batoilo2=0|batt_vs=30793|mdis_morepower=0|thb_hda=51|cp_on_chip_0=33000|cp_on_chip_1=34000|G3D=37000|cp_on_chip_2=35000|cp_on_chip_3=33000|cp_on_chip_4=33000|rf2_therm=31000|rf1_therm=32000|ISP=35000|TPU=37000|AUR=36000|rfpa_therm=32128|quiet_therm=32818|charging_therm=34799|,BIG=38000|MID=38000|usb_pwr_therm=30325|btmspkr_therm=30258|disp_therm=30258|north_therm=31082|soc_therm=34755|battery=30800|battery_cycle=5|dc-mains=35000|usbc-therm-adc=350|max77779fg=30800|LITTLE=38000|soc=16|smpl_gm=0|vdroop1=0|batoilo=0|batoilo2=0|batt_vs=30794|mdis_morepower=0|thb_hda=51|cp_on_chip_0=33000|cp_on_chip_1=34000|G3D=37000|cp_on_chip_2=35000|cp_on_chip_3=33000|cp_on_chip_4=33000|rf2_therm=31000|rf1_therm=32000|ISP=35000|TPU=37000|AUR=37000|rfpa_therm=32128|quiet_therm=32818|charging_therm=34799|,ok,1,single,touched,4096,8192,11,8192,8885864,8192,6910482,0,4,4,ok
1,23,nvhe,4,1795000,2600000,38000,40000,BIG=37000|MID=38000|usb_pwr_therm=30325|btmspkr_therm=30258|disp_therm=30258|north_therm=31082|soc_therm=34755|battery=30800|battery_cycle=5|dc-mains=35000|usbc-therm-adc=350|max77779fg=30800|LITTLE=37000|soc=16|smpl_gm=0|vdroop1=0|batoilo=0|batoilo2=0|batt_vs=30793|mdis_morepower=0|thb_hda=51|cp_on_chip_0=33000|cp_on_chip_1=34000|G3D=37000|cp_on_chip_2=35000|cp_on_chip_3=33000|cp_on_chip_4=33000|rf2_therm=31000|rf1_therm=32000|ISP=35000|TPU=37000|AUR=36000|rfpa_therm=32128|quiet_therm=32818|charging_therm=34799|,BIG=38000|MID=38000|usb_pwr_therm=30325|btmspkr_therm=30258|disp_therm=30258|north_therm=31082|soc_therm=34755|battery=30800|battery_cycle=5|dc-mains=35000|usbc-therm-adc=350|max77779fg=30800|LITTLE=38000|soc=16|smpl_gm=0|vdroop1=0|batoilo=0|batoilo2=0|batt_vs=30794|mdis_morepower=0|thb_hda=51|cp_on_chip_0=33000|cp_on_chip_1=34000|G3D=37000|cp_on_chip_2=35000|cp_on_chip_3=33000|cp_on_chip_4=33000|rf2_therm=31000|rf1_therm=32000|ISP=35000|TPU=37000|AUR=37000|rfpa_therm=32128|quiet_therm=32818|charging_therm=34799|,ok,1,single,touched,4096,8192,12,8192,9090006,8192,7443075,0,4,4,ok
1,23,nvhe,4,1795000,2600000,38000,40000,BIG=37000|MID=38000|usb_pwr_therm=30325|btmspkr_therm=30258|disp_therm=30258|north_therm=31082|soc_therm=34755|battery=30800|battery_cycle=5|dc-mains=35000|usbc-therm-adc=350|max77779fg=30800|LITTLE=37000|soc=16|smpl_gm=0|vdroop1=0|batoilo=0|batoilo2=0|batt_vs=30793|mdis_morepower=0|thb_hda=51|cp_on_chip_0=33000|cp_on_chip_1=34000|G3D=37000|cp_on_chip_2=35000|cp_on_chip_3=33000|cp_on_chip_4=33000|rf2_therm=31000|rf1_therm=32000|ISP=35000|TPU=37000|AUR=36000|rfpa_therm=32128|quiet_therm=32818|charging_therm=34799|,BIG=38000|MID=38000|usb_pwr_therm=30325|btmspkr_therm=30258|disp_therm=30258|north_therm=31082|soc_therm=34755|battery=30800|battery_cycle=5|dc-mains=35000|usbc-therm-adc=350|max77779fg=30800|LITTLE=38000|soc=16|smpl_gm=0|vdroop1=0|batoilo=0|batoilo2=0|batt_vs=30794|mdis_morepower=0|thb_hda=51|cp_on_chip_0=33000|cp_on_chip_1=34000|G3D=37000|cp_on_chip_2=35000|cp_on_chip_3=33000|cp_on_chip_4=33000|rf2_therm=31000|rf1_therm=32000|ISP=35000|TPU=37000|AUR=37000|rfpa_therm=32128|quiet_therm=32818|charging_therm=34799|,ok,1,single,touched,4096,8192,13,8192,8815105,8192,6957763,0,4,4,ok
1,23,nvhe,4,1795000,2600000,38000,40000,BIG=37000|MID=38000|usb_pwr_therm=30325|btmspkr_therm=30258|disp_therm=30258|north_therm=31082|soc_therm=34755|battery=30800|battery_cycle=5|dc-mains=35000|usbc-therm-adc=350|max77779fg=30800|LITTLE=37000|soc=16|smpl_gm=0|vdroop1=0|batoilo=0|batoilo2=0|batt_vs=30793|mdis_morepower=0|thb_hda=51|cp_on_chip_0=33000|cp_on_chip_1=34000|G3D=37000|cp_on_chip_2=35000|cp_on_chip_3=33000|cp_on_chip_4=33000|rf2_therm=31000|rf1_therm=32000|ISP=35000|TPU=37000|AUR=36000|rfpa_therm=32128|quiet_therm=32818|charging_therm=34799|,BIG=38000|MID=38000|usb_pwr_therm=30325|btmspkr_therm=30258|disp_therm=30258|north_therm=31082|soc_therm=34755|battery=30800|battery_cycle=5|dc-mains=35000|usbc-therm-adc=350|max77779fg=30800|LITTLE=38000|soc=16|smpl_gm=0|vdroop1=0|batoilo=0|batoilo2=0|batt_vs=30794|mdis_morepower=0|thb_hda=51|cp_on_chip_0=33000|cp_on_chip_1=34000|G3D=37000|cp_on_chip_2=35000|cp_on_chip_3=33000|cp_on_chip_4=33000|rf2_therm=31000|rf1_therm=32000|ISP=35000|TPU=37000|AUR=37000|rfpa_therm=32128|quiet_therm=32818|charging_therm=34799|,ok,1,single,touched,4096,8192,14,8192,8984294,8192,7558838,0,4,4,ok
1,23,nvhe,4,1795000,2600000,38000,40000,BIG=37000|MID=38000|usb_pwr_therm=30325|btmspkr_therm=30258|disp_therm=30258|north_therm=31082|soc_therm=34755|battery=30800|battery_cycle=5|dc-mains=35000|usbc-therm-adc=350|max77779fg=30800|LITTLE=37000|soc=16|smpl_gm=0|vdroop1=0|batoilo=0|batoilo2=0|batt_vs=30793|mdis_morepower=0|thb_hda=51|cp_on_chip_0=33000|cp_on_chip_1=34000|G3D=37000|cp_on_chip_2=35000|cp_on_chip_3=33000|cp_on_chip_4=33000|rf2_therm=31000|rf1_therm=32000|ISP=35000|TPU=37000|AUR=36000|rfpa_therm=32128|quiet_therm=32818|charging_therm=34799|,BIG=38000|MID=38000|usb_pwr_therm=30325|btmspkr_therm=30258|disp_therm=30258|north_therm=31082|soc_therm=34755|battery=30800|battery_cycle=5|dc-mains=35000|usbc-therm-adc=350|max77779fg=30800|LITTLE=38000|soc=16|smpl_gm=0|vdroop1=0|batoilo=0|batoilo2=0|batt_vs=30794|mdis_morepower=0|thb_hda=51|cp_on_chip_0=33000|cp_on_chip_1=34000|G3D=37000|cp_on_chip_2=35000|cp_on_chip_3=33000|cp_on_chip_4=33000|rf2_therm=31000|rf1_therm=32000|ISP=35000|TPU=37000|AUR=37000|rfpa_therm=32128|quiet_therm=32818|charging_therm=34799|,ok,1,single,touched,4096,8192,15,8192,8782552,8192,6900635,0,4,4,ok
1,23,nvhe,4,1795000,2600000,38000,40000,BIG=37000|MID=38000|usb_pwr_therm=30325|btmspkr_therm=30258|disp_therm=30258|north_therm=31082|soc_therm=34755|battery=30800|battery_cycle=5|dc-mains=35000|usbc-therm-adc=350|max77779fg=30800|LITTLE=37000|soc=16|smpl_gm=0|vdroop1=0|batoilo=0|batoilo2=0|batt_vs=30793|mdis_morepower=0|thb_hda=51|cp_on_chip_0=33000|cp_on_chip_1=34000|G3D=37000|cp_on_chip_2=35000|cp_on_chip_3=33000|cp_on_chip_4=33000|rf2_therm=31000|rf1_therm=32000|ISP=35000|TPU=37000|AUR=36000|rfpa_therm=32128|quiet_therm=32818|charging_therm=34799|,BIG=38000|MID=38000|usb_pwr_therm=30325|btmspkr_therm=30258|disp_therm=30258|north_therm=31082|soc_therm=34755|battery=30800|battery_cycle=5|dc-mains=35000|usbc-therm-adc=350|max77779fg=30800|LITTLE=38000|soc=16|smpl_gm=0|vdroop1=0|batoilo=0|batoilo2=0|batt_vs=30794|mdis_morepower=0|thb_hda=51|cp_on_chip_0=33000|cp_on_chip_1=34000|G3D=37000|cp_on_chip_2=35000|cp_on_chip_3=33000|cp_on_chip_4=33000|rf2_therm=31000|rf1_therm=32000|ISP=35000|TPU=37000|AUR=37000|rfpa_therm=32128|quiet_therm=32818|charging_therm=34799|,ok,1,single,touched,4096,8192,16,8192,8442790,8192,6704386,0,4,4,ok
1,23,nvhe,4,1795000,2600000,38000,40000,BIG=37000|MID=38000|usb_pwr_therm=30325|btmspkr_therm=30258|disp_therm=30258|north_therm=31082|soc_therm=34755|battery=30800|battery_cycle=5|dc-mains=35000|usbc-therm-adc=350|max77779fg=30800|LITTLE=37000|soc=16|smpl_gm=0|vdroop1=0|batoilo=0|batoilo2=0|batt_vs=30793|mdis_morepower=0|thb_hda=51|cp_on_chip_0=33000|cp_on_chip_1=34000|G3D=37000|cp_on_chip_2=35000|cp_on_chip_3=33000|cp_on_chip_4=33000|rf2_therm=31000|rf1_therm=32000|ISP=35000|TPU=37000|AUR=36000|rfpa_therm=32128|quiet_therm=32818|charging_therm=34799|,BIG=38000|MID=38000|usb_pwr_therm=30325|btmspkr_therm=30258|disp_therm=30258|north_therm=31082|soc_therm=34755|battery=30800|battery_cycle=5|dc-mains=35000|usbc-therm-adc=350|max77779fg=30800|LITTLE=38000|soc=16|smpl_gm=0|vdroop1=0|batoilo=0|batoilo2=0|batt_vs=30794|mdis_morepower=0|thb_hda=51|cp_on_chip_0=33000|cp_on_chip_1=34000|G3D=37000|cp_on_chip_2=35000|cp_on_chip_3=33000|cp_on_chip_4=33000|rf2_therm=31000|rf1_therm=32000|ISP=35000|TPU=37000|AUR=37000|rfpa_therm=32128|quiet_therm=32818|charging_therm=34799|,ok,1,single,touched,4096,8192,17,8192,8341797,8192,6558228,0,4,4,ok
1,23,nvhe,4,1795000,2600000,38000,40000,BIG=37000|MID=38000|usb_pwr_therm=30325|btmspkr_therm=30258|disp_therm=30258|north_therm=31082|soc_therm=34755|battery=30800|battery_cycle=5|dc-mains=35000|usbc-therm-adc=350|max77779fg=30800|LITTLE=37000|soc=16|smpl_gm=0|vdroop1=0|batoilo=0|batoilo2=0|batt_vs=30793|mdis_morepower=0|thb_hda=51|cp_on_chip_0=33000|cp_on_chip_1=34000|G3D=37000|cp_on_chip_2=35000|cp_on_chip_3=33000|cp_on_chip_4=33000|rf2_therm=31000|rf1_therm=32000|ISP=35000|TPU=37000|AUR=36000|rfpa_therm=32128|quiet_therm=32818|charging_therm=34799|,BIG=38000|MID=38000|usb_pwr_therm=30325|btmspkr_therm=30258|disp_therm=30258|north_therm=31082|soc_therm=34755|battery=30800|battery_cycle=5|dc-mains=35000|usbc-therm-adc=350|max77779fg=30800|LITTLE=38000|soc=16|smpl_gm=0|vdroop1=0|batoilo=0|batoilo2=0|batt_vs=30794|mdis_morepower=0|thb_hda=51|cp_on_chip_0=33000|cp_on_chip_1=34000|G3D=37000|cp_on_chip_2=35000|cp_on_chip_3=33000|cp_on_chip_4=33000|rf2_therm=31000|rf1_therm=32000|ISP=35000|TPU=37000|AUR=37000|rfpa_therm=32128|quiet_therm=32818|charging_therm=34799|,ok,1,single,touched,4096,8192,18,8192,8380819,8192,6349975,0,4,4,ok
1,23,nvhe,4,1795000,2600000,38000,40000,BIG=37000|MID=38000|usb_pwr_therm=30325|btmspkr_therm=30258|disp_therm=30258|north_therm=31082|soc_therm=34755|battery=30800|battery_cycle=5|dc-mains=35000|usbc-therm-adc=350|max77779fg=30800|LITTLE=37000|soc=16|smpl_gm=0|vdroop1=0|batoilo=0|batoilo2=0|batt_vs=30793|mdis_morepower=0|thb_hda=51|cp_on_chip_0=33000|cp_on_chip_1=34000|G3D=37000|cp_on_chip_2=35000|cp_on_chip_3=33000|cp_on_chip_4=33000|rf2_therm=31000|rf1_therm=32000|ISP=35000|TPU=37000|AUR=36000|rfpa_therm=32128|quiet_therm=32818|charging_therm=34799|,BIG=38000|MID=38000|usb_pwr_therm=30325|btmspkr_therm=30258|disp_therm=30258|north_therm=31082|soc_therm=34755|battery=30800|battery_cycle=5|dc-mains=35000|usbc-therm-adc=350|max77779fg=30800|LITTLE=38000|soc=16|smpl_gm=0|vdroop1=0|batoilo=0|batoilo2=0|batt_vs=30794|mdis_morepower=0|thb_hda=51|cp_on_chip_0=33000|cp_on_chip_1=34000|G3D=37000|cp_on_chip_2=35000|cp_on_chip_3=33000|cp_on_chip_4=33000|rf2_therm=31000|rf1_therm=32000|ISP=35000|TPU=37000|AUR=37000|rfpa_therm=32128|quiet_therm=32818|charging_therm=34799|,ok,1,single,touched,4096,8192,19,8192,8438070,8192,6673909,0,4,4,ok
1,23,nvhe,4,1795000,2600000,38000,40000,BIG=37000|MID=38000|usb_pwr_therm=30325|btmspkr_therm=30258|disp_therm=30258|north_therm=31082|soc_therm=34755|battery=30800|battery_cycle=5|dc-mains=35000|usbc-therm-adc=350|max77779fg=30800|LITTLE=37000|soc=16|smpl_gm=0|vdroop1=0|batoilo=0|batoilo2=0|batt_vs=30793|mdis_morepower=0|thb_hda=51|cp_on_chip_0=33000|cp_on_chip_1=34000|G3D=37000|cp_on_chip_2=35000|cp_on_chip_3=33000|cp_on_chip_4=33000|rf2_therm=31000|rf1_therm=32000|ISP=35000|TPU=37000|AUR=36000|rfpa_therm=32128|quiet_therm=32818|charging_therm=34799|,BIG=38000|MID=38000|usb_pwr_therm=30325|btmspkr_therm=30258|disp_therm=30258|north_therm=31082|soc_therm=34755|battery=30800|battery_cycle=5|dc-mains=35000|usbc-therm-adc=350|max77779fg=30800|LITTLE=38000|soc=16|smpl_gm=0|vdroop1=0|batoilo=0|batoilo2=0|batt_vs=30794|mdis_morepower=0|thb_hda=51|cp_on_chip_0=33000|cp_on_chip_1=34000|G3D=37000|cp_on_chip_2=35000|cp_on_chip_3=33000|cp_on_chip_4=33000|rf2_therm=31000|rf1_therm=32000|ISP=35000|TPU=37000|AUR=37000|rfpa_therm=32128|quiet_therm=32818|charging_therm=34799|,ok,1,single,touched,4096,8192,20,8192,8540039,8192,7795573,0,4,4,ok
1,23,nvhe,4,1795000,2600000,38000,40000,BIG=37000|MID=38000|usb_pwr_therm=30325|btmspkr_therm=30258|disp_therm=30258|north_therm=31082|soc_therm=34755|battery=30800|battery_cycle=5|dc-mains=35000|usbc-therm-adc=350|max77779fg=30800|LITTLE=37000|soc=16|smpl_gm=0|vdroop1=0|batoilo=0|batoilo2=0|batt_vs=30793|mdis_morepower=0|thb_hda=51|cp_on_chip_0=33000|cp_on_chip_1=34000|G3D=37000|cp_on_chip_2=35000|cp_on_chip_3=33000|cp_on_chip_4=33000|rf2_therm=31000|rf1_therm=32000|ISP=35000|TPU=37000|AUR=36000|rfpa_therm=32128|quiet_therm=32818|charging_therm=34799|,BIG=38000|MID=38000|usb_pwr_therm=30325|btmspkr_therm=30258|disp_therm=30258|north_therm=31082|soc_therm=34755|battery=30800|battery_cycle=5|dc-mains=35000|usbc-therm-adc=350|max77779fg=30800|LITTLE=38000|soc=16|smpl_gm=0|vdroop1=0|batoilo=0|batoilo2=0|batt_vs=30794|mdis_morepower=0|thb_hda=51|cp_on_chip_0=33000|cp_on_chip_1=34000|G3D=37000|cp_on_chip_2=35000|cp_on_chip_3=33000|cp_on_chip_4=33000|rf2_therm=31000|rf1_therm=32000|ISP=35000|TPU=37000|AUR=37000|rfpa_therm=32128|quiet_therm=32818|charging_therm=34799|,ok,1,single,touched,4096,8192,21,8192,8537272,8192,6630290,0,4,4,ok
1,23,nvhe,4,1795000,2600000,38000,40000,BIG=37000|MID=38000|usb_pwr_therm=30325|btmspkr_therm=30258|disp_therm=30258|north_therm=31082|soc_therm=34755|battery=30800|battery_cycle=5|dc-mains=35000|usbc-therm-adc=350|max77779fg=30800|LITTLE=37000|soc=16|smpl_gm=0|vdroop1=0|batoilo=0|batoilo2=0|batt_vs=30793|mdis_morepower=0|thb_hda=51|cp_on_chip_0=33000|cp_on_chip_1=34000|G3D=37000|cp_on_chip_2=35000|cp_on_chip_3=33000|cp_on_chip_4=33000|rf2_therm=31000|rf1_therm=32000|ISP=35000|TPU=37000|AUR=36000|rfpa_therm=32128|quiet_therm=32818|charging_therm=34799|,BIG=38000|MID=38000|usb_pwr_therm=30325|btmspkr_therm=30258|disp_therm=30258|north_therm=31082|soc_therm=34755|battery=30800|battery_cycle=5|dc-mains=35000|usbc-therm-adc=350|max77779fg=30800|LITTLE=38000|soc=16|smpl_gm=0|vdroop1=0|batoilo=0|batoilo2=0|batt_vs=30794|mdis_morepower=0|thb_hda=51|cp_on_chip_0=33000|cp_on_chip_1=34000|G3D=37000|cp_on_chip_2=35000|cp_on_chip_3=33000|cp_on_chip_4=33000|rf2_therm=31000|rf1_therm=32000|ISP=35000|TPU=37000|AUR=37000|rfpa_therm=32128|quiet_therm=32818|charging_therm=34799|,ok,1,single,touched,4096,8192,22,8192,8650228,8192,6948201,0,4,4,ok
1,23,nvhe,4,1795000,2600000,38000,40000,BIG=37000|MID=38000|usb_pwr_therm=30325|btmspkr_therm=30258|disp_therm=30258|north_therm=31082|soc_therm=34755|battery=30800|battery_cycle=5|dc-mains=35000|usbc-therm-adc=350|max77779fg=30800|LITTLE=37000|soc=16|smpl_gm=0|vdroop1=0|batoilo=0|batoilo2=0|batt_vs=30793|mdis_morepower=0|thb_hda=51|cp_on_chip_0=33000|cp_on_chip_1=34000|G3D=37000|cp_on_chip_2=35000|cp_on_chip_3=33000|cp_on_chip_4=33000|rf2_therm=31000|rf1_therm=32000|ISP=35000|TPU=37000|AUR=36000|rfpa_therm=32128|quiet_therm=32818|charging_therm=34799|,BIG=38000|MID=38000|usb_pwr_therm=30325|btmspkr_therm=30258|disp_therm=30258|north_therm=31082|soc_therm=34755|battery=30800|battery_cycle=5|dc-mains=35000|usbc-therm-adc=350|max77779fg=30800|LITTLE=38000|soc=16|smpl_gm=0|vdroop1=0|batoilo=0|batoilo2=0|batt_vs=30794|mdis_morepower=0|thb_hda=51|cp_on_chip_0=33000|cp_on_chip_1=34000|G3D=37000|cp_on_chip_2=35000|cp_on_chip_3=33000|cp_on_chip_4=33000|rf2_therm=31000|rf1_therm=32000|ISP=35000|TPU=37000|AUR=37000|rfpa_therm=32128|quiet_therm=32818|charging_therm=34799|,ok,1,single,touched,4096,8192,23,8192,8510498,8192,6905884,0,4,4,ok
1,23,nvhe,4,1795000,2600000,38000,40000,BIG=37000|MID=38000|usb_pwr_therm=30325|btmspkr_therm=30258|disp_therm=30258|north_therm=31082|soc_therm=34755|battery=30800|battery_cycle=5|dc-mains=35000|usbc-therm-adc=350|max77779fg=30800|LITTLE=37000|soc=16|smpl_gm=0|vdroop1=0|batoilo=0|batoilo2=0|batt_vs=30793|mdis_morepower=0|thb_hda=51|cp_on_chip_0=33000|cp_on_chip_1=34000|G3D=37000|cp_on_chip_2=35000|cp_on_chip_3=33000|cp_on_chip_4=33000|rf2_therm=31000|rf1_therm=32000|ISP=35000|TPU=37000|AUR=36000|rfpa_therm=32128|quiet_therm=32818|charging_therm=34799|,BIG=38000|MID=38000|usb_pwr_therm=30325|btmspkr_therm=30258|disp_therm=30258|north_therm=31082|soc_therm=34755|battery=30800|battery_cycle=5|dc-mains=35000|usbc-therm-adc=350|max77779fg=30800|LITTLE=38000|soc=16|smpl_gm=0|vdroop1=0|batoilo=0|batoilo2=0|batt_vs=30794|mdis_morepower=0|thb_hda=51|cp_on_chip_0=33000|cp_on_chip_1=34000|G3D=37000|cp_on_chip_2=35000|cp_on_chip_3=33000|cp_on_chip_4=33000|rf2_therm=31000|rf1_therm=32000|ISP=35000|TPU=37000|AUR=37000|rfpa_therm=32128|quiet_therm=32818|charging_therm=34799|,ok,1,single,touched,4096,8192,24,8192,8596639,8192,6680623,0,4,4,ok
1,23,nvhe,4,1795000,2600000,38000,40000,BIG=37000|MID=38000|usb_pwr_therm=30325|btmspkr_therm=30258|disp_therm=30258|north_therm=31082|soc_therm=34755|battery=30800|battery_cycle=5|dc-mains=35000|usbc-therm-adc=350|max77779fg=30800|LITTLE=37000|soc=16|smpl_gm=0|vdroop1=0|batoilo=0|batoilo2=0|batt_vs=30793|mdis_morepower=0|thb_hda=51|cp_on_chip_0=33000|cp_on_chip_1=34000|G3D=37000|cp_on_chip_2=35000|cp_on_chip_3=33000|cp_on_chip_4=33000|rf2_therm=31000|rf1_therm=32000|ISP=35000|TPU=37000|AUR=36000|rfpa_therm=32128|quiet_therm=32818|charging_therm=34799|,BIG=38000|MID=38000|usb_pwr_therm=30325|btmspkr_therm=30258|disp_therm=30258|north_therm=31082|soc_therm=34755|battery=30800|battery_cycle=5|dc-mains=35000|usbc-therm-adc=350|max77779fg=30800|LITTLE=38000|soc=16|smpl_gm=0|vdroop1=0|batoilo=0|batoilo2=0|batt_vs=30794|mdis_morepower=0|thb_hda=51|cp_on_chip_0=33000|cp_on_chip_1=34000|G3D=37000|cp_on_chip_2=35000|cp_on_chip_3=33000|cp_on_chip_4=33000|rf2_therm=31000|rf1_therm=32000|ISP=35000|TPU=37000|AUR=37000|rfpa_therm=32128|quiet_therm=32818|charging_therm=34799|,ok,1,single,touched,4096,8192,25,8192,8627849,8192,7063843,0,4,4,ok
1,23,nvhe,4,1795000,2600000,38000,40000,BIG=37000|MID=38000|usb_pwr_therm=30325|btmspkr_therm=30258|disp_therm=30258|north_therm=31082|soc_therm=34755|battery=30800|battery_cycle=5|dc-mains=35000|usbc-therm-adc=350|max77779fg=30800|LITTLE=37000|soc=16|smpl_gm=0|vdroop1=0|batoilo=0|batoilo2=0|batt_vs=30793|mdis_morepower=0|thb_hda=51|cp_on_chip_0=33000|cp_on_chip_1=34000|G3D=37000|cp_on_chip_2=35000|cp_on_chip_3=33000|cp_on_chip_4=33000|rf2_therm=31000|rf1_therm=32000|ISP=35000|TPU=37000|AUR=36000|rfpa_therm=32128|quiet_therm=32818|charging_therm=34799|,BIG=38000|MID=38000|usb_pwr_therm=30325|btmspkr_therm=30258|disp_therm=30258|north_therm=31082|soc_therm=34755|battery=30800|battery_cycle=5|dc-mains=35000|usbc-therm-adc=350|max77779fg=30800|LITTLE=38000|soc=16|smpl_gm=0|vdroop1=0|batoilo=0|batoilo2=0|batt_vs=30794|mdis_morepower=0|thb_hda=51|cp_on_chip_0=33000|cp_on_chip_1=34000|G3D=37000|cp_on_chip_2=35000|cp_on_chip_3=33000|cp_on_chip_4=33000|rf2_therm=31000|rf1_therm=32000|ISP=35000|TPU=37000|AUR=37000|rfpa_therm=32128|quiet_therm=32818|charging_therm=34799|,ok,1,single,touched,4096,8192,26,8192,8598226,8192,6976034,0,4,4,ok
1,23,nvhe,4,1795000,2600000,38000,40000,BIG=37000|MID=38000|usb_pwr_therm=30325|btmspkr_therm=30258|disp_therm=30258|north_therm=31082|soc_therm=34755|battery=30800|battery_cycle=5|dc-mains=35000|usbc-therm-adc=350|max77779fg=30800|LITTLE=37000|soc=16|smpl_gm=0|vdroop1=0|batoilo=0|batoilo2=0|batt_vs=30793|mdis_morepower=0|thb_hda=51|cp_on_chip_0=33000|cp_on_chip_1=34000|G3D=37000|cp_on_chip_2=35000|cp_on_chip_3=33000|cp_on_chip_4=33000|rf2_therm=31000|rf1_therm=32000|ISP=35000|TPU=37000|AUR=36000|rfpa_therm=32128|quiet_therm=32818|charging_therm=34799|,BIG=38000|MID=38000|usb_pwr_therm=30325|btmspkr_therm=30258|disp_therm=30258|north_therm=31082|soc_therm=34755|battery=30800|battery_cycle=5|dc-mains=35000|usbc-therm-adc=350|max77779fg=30800|LITTLE=38000|soc=16|smpl_gm=0|vdroop1=0|batoilo=0|batoilo2=0|batt_vs=30794|mdis_morepower=0|thb_hda=51|cp_on_chip_0=33000|cp_on_chip_1=34000|G3D=37000|cp_on_chip_2=35000|cp_on_chip_3=33000|cp_on_chip_4=33000|rf2_therm=31000|rf1_therm=32000|ISP=35000|TPU=37000|AUR=37000|rfpa_therm=32128|quiet_therm=32818|charging_therm=34799|,ok,1,single,touched,4096,8192,27,8192,8760823,8192,7847819,0,4,4,ok
1,23,nvhe,4,1795000,2600000,38000,40000,BIG=37000|MID=38000|usb_pwr_therm=30325|btmspkr_therm=30258|disp_therm=30258|north_therm=31082|soc_therm=34755|battery=30800|battery_cycle=5|dc-mains=35000|usbc-therm-adc=350|max77779fg=30800|LITTLE=37000|soc=16|smpl_gm=0|vdroop1=0|batoilo=0|batoilo2=0|batt_vs=30793|mdis_morepower=0|thb_hda=51|cp_on_chip_0=33000|cp_on_chip_1=34000|G3D=37000|cp_on_chip_2=35000|cp_on_chip_3=33000|cp_on_chip_4=33000|rf2_therm=31000|rf1_therm=32000|ISP=35000|TPU=37000|AUR=36000|rfpa_therm=32128|quiet_therm=32818|charging_therm=34799|,BIG=38000|MID=38000|usb_pwr_therm=30325|btmspkr_therm=30258|disp_therm=30258|north_therm=31082|soc_therm=34755|battery=30800|battery_cycle=5|dc-mains=35000|usbc-therm-adc=350|max77779fg=30800|LITTLE=38000|soc=16|smpl_gm=0|vdroop1=0|batoilo=0|batoilo2=0|batt_vs=30794|mdis_morepower=0|thb_hda=51|cp_on_chip_0=33000|cp_on_chip_1=34000|G3D=37000|cp_on_chip_2=35000|cp_on_chip_3=33000|cp_on_chip_4=33000|rf2_therm=31000|rf1_therm=32000|ISP=35000|TPU=37000|AUR=37000|rfpa_therm=32128|quiet_therm=32818|charging_therm=34799|,ok,1,single,touched,4096,8192,28,8192,8701090,8192,7300659,0,4,4,ok
1,23,nvhe,4,1795000,2600000,38000,40000,BIG=37000|MID=38000|usb_pwr_therm=30325|btmspkr_therm=30258|disp_therm=30258|north_therm=31082|soc_therm=34755|battery=30800|battery_cycle=5|dc-mains=35000|usbc-therm-adc=350|max77779fg=30800|LITTLE=37000|soc=16|smpl_gm=0|vdroop1=0|batoilo=0|batoilo2=0|batt_vs=30793|mdis_morepower=0|thb_hda=51|cp_on_chip_0=33000|cp_on_chip_1=34000|G3D=37000|cp_on_chip_2=35000|cp_on_chip_3=33000|cp_on_chip_4=33000|rf2_therm=31000|rf1_therm=32000|ISP=35000|TPU=37000|AUR=36000|rfpa_therm=32128|quiet_therm=32818|charging_therm=34799|,BIG=38000|MID=38000|usb_pwr_therm=30325|btmspkr_therm=30258|disp_therm=30258|north_therm=31082|soc_therm=34755|battery=30800|battery_cycle=5|dc-mains=35000|usbc-therm-adc=350|max77779fg=30800|LITTLE=38000|soc=16|smpl_gm=0|vdroop1=0|batoilo=0|batoilo2=0|batt_vs=30794|mdis_morepower=0|thb_hda=51|cp_on_chip_0=33000|cp_on_chip_1=34000|G3D=37000|cp_on_chip_2=35000|cp_on_chip_3=33000|cp_on_chip_4=33000|rf2_therm=31000|rf1_therm=32000|ISP=35000|TPU=37000|AUR=37000|rfpa_therm=32128|quiet_therm=32818|charging_therm=34799|,ok,1,single,touched,4096,8192,29,8192,8917603,8192,6809489,0,4,4,ok
1,24,nvhe,4,1795000,1945000,38000,40000,BIG=37000|MID=37000|usb_pwr_therm=30325|btmspkr_therm=30258|disp_therm=30258|north_therm=31082|soc_therm=34799|battery=30800|battery_cycle=5|dc-mains=35000|usbc-therm-adc=350|max77779fg=30800|LITTLE=37000|soc=16|smpl_gm=0|vdroop1=0|batoilo=0|batoilo2=0|batt_vs=30793|mdis_morepower=0|thb_hda=51|cp_on_chip_0=33000|cp_on_chip_1=34000|G3D=37000|cp_on_chip_2=35000|cp_on_chip_3=33000|cp_on_chip_4=33000|rf2_therm=31000|rf1_therm=32000|ISP=36000|TPU=37000|AUR=37000|rfpa_therm=32151|quiet_therm=32841|charging_therm=34844|,BIG=37000|MID=38000|usb_pwr_therm=30325|btmspkr_therm=30258|disp_therm=30258|north_therm=31082|soc_therm=34799|battery=30800|battery_cycle=5|dc-mains=35000|usbc-therm-adc=350|max77779fg=30800|LITTLE=38000|soc=16|smpl_gm=0|vdroop1=0|batoilo=0|batoilo2=0|batt_vs=30794|mdis_morepower=0|thb_hda=51|cp_on_chip_0=33000|cp_on_chip_1=34000|G3D=37000|cp_on_chip_2=35000|cp_on_chip_3=33000|cp_on_chip_4=33000|rf2_therm=31000|rf1_therm=32000|ISP=35000|TPU=37000|AUR=37000|rfpa_therm=32151|quiet_therm=32863|charging_therm=34866|,ok,1,batched,touched,4096,2048,0,1,6045613,2048,1572551,0,4,4,ok
1,24,nvhe,4,1795000,1945000,38000,40000,BIG=37000|MID=37000|usb_pwr_therm=30325|btmspkr_therm=30258|disp_therm=30258|north_therm=31082|soc_therm=34799|battery=30800|battery_cycle=5|dc-mains=35000|usbc-therm-adc=350|max77779fg=30800|LITTLE=37000|soc=16|smpl_gm=0|vdroop1=0|batoilo=0|batoilo2=0|batt_vs=30793|mdis_morepower=0|thb_hda=51|cp_on_chip_0=33000|cp_on_chip_1=34000|G3D=37000|cp_on_chip_2=35000|cp_on_chip_3=33000|cp_on_chip_4=33000|rf2_therm=31000|rf1_therm=32000|ISP=36000|TPU=37000|AUR=37000|rfpa_therm=32151|quiet_therm=32841|charging_therm=34844|,BIG=37000|MID=38000|usb_pwr_therm=30325|btmspkr_therm=30258|disp_therm=30258|north_therm=31082|soc_therm=34799|battery=30800|battery_cycle=5|dc-mains=35000|usbc-therm-adc=350|max77779fg=30800|LITTLE=38000|soc=16|smpl_gm=0|vdroop1=0|batoilo=0|batoilo2=0|batt_vs=30794|mdis_morepower=0|thb_hda=51|cp_on_chip_0=33000|cp_on_chip_1=34000|G3D=37000|cp_on_chip_2=35000|cp_on_chip_3=33000|cp_on_chip_4=33000|rf2_therm=31000|rf1_therm=32000|ISP=35000|TPU=37000|AUR=37000|rfpa_therm=32151|quiet_therm=32863|charging_therm=34866|,ok,1,batched,touched,4096,2048,1,1,3401367,2048,703573,0,4,4,ok
1,24,nvhe,4,1795000,1945000,38000,40000,BIG=37000|MID=37000|usb_pwr_therm=30325|btmspkr_therm=30258|disp_therm=30258|north_therm=31082|soc_therm=34799|battery=30800|battery_cycle=5|dc-mains=35000|usbc-therm-adc=350|max77779fg=30800|LITTLE=37000|soc=16|smpl_gm=0|vdroop1=0|batoilo=0|batoilo2=0|batt_vs=30793|mdis_morepower=0|thb_hda=51|cp_on_chip_0=33000|cp_on_chip_1=34000|G3D=37000|cp_on_chip_2=35000|cp_on_chip_3=33000|cp_on_chip_4=33000|rf2_therm=31000|rf1_therm=32000|ISP=36000|TPU=37000|AUR=37000|rfpa_therm=32151|quiet_therm=32841|charging_therm=34844|,BIG=37000|MID=38000|usb_pwr_therm=30325|btmspkr_therm=30258|disp_therm=30258|north_therm=31082|soc_therm=34799|battery=30800|battery_cycle=5|dc-mains=35000|usbc-therm-adc=350|max77779fg=30800|LITTLE=38000|soc=16|smpl_gm=0|vdroop1=0|batoilo=0|batoilo2=0|batt_vs=30794|mdis_morepower=0|thb_hda=51|cp_on_chip_0=33000|cp_on_chip_1=34000|G3D=37000|cp_on_chip_2=35000|cp_on_chip_3=33000|cp_on_chip_4=33000|rf2_therm=31000|rf1_therm=32000|ISP=35000|TPU=37000|AUR=37000|rfpa_therm=32151|quiet_therm=32863|charging_therm=34866|,ok,1,batched,touched,4096,2048,2,1,2826945,2048,349854,0,4,4,ok
1,24,nvhe,4,1795000,1945000,38000,40000,BIG=37000|MID=37000|usb_pwr_therm=30325|btmspkr_therm=30258|disp_therm=30258|north_therm=31082|soc_therm=34799|battery=30800|battery_cycle=5|dc-mains=35000|usbc-therm-adc=350|max77779fg=30800|LITTLE=37000|soc=16|smpl_gm=0|vdroop1=0|batoilo=0|batoilo2=0|batt_vs=30793|mdis_morepower=0|thb_hda=51|cp_on_chip_0=33000|cp_on_chip_1=34000|G3D=37000|cp_on_chip_2=35000|cp_on_chip_3=33000|cp_on_chip_4=33000|rf2_therm=31000|rf1_therm=32000|ISP=36000|TPU=37000|AUR=37000|rfpa_therm=32151|quiet_therm=32841|charging_therm=34844|,BIG=37000|MID=38000|usb_pwr_therm=30325|btmspkr_therm=30258|disp_therm=30258|north_therm=31082|soc_therm=34799|battery=30800|battery_cycle=5|dc-mains=35000|usbc-therm-adc=350|max77779fg=30800|LITTLE=38000|soc=16|smpl_gm=0|vdroop1=0|batoilo=0|batoilo2=0|batt_vs=30794|mdis_morepower=0|thb_hda=51|cp_on_chip_0=33000|cp_on_chip_1=34000|G3D=37000|cp_on_chip_2=35000|cp_on_chip_3=33000|cp_on_chip_4=33000|rf2_therm=31000|rf1_therm=32000|ISP=35000|TPU=37000|AUR=37000|rfpa_therm=32151|quiet_therm=32863|charging_therm=34866|,ok,1,batched,touched,4096,2048,3,1,2408691,2048,295980,0,4,4,ok
1,24,nvhe,4,1795000,1945000,38000,40000,BIG=37000|MID=37000|usb_pwr_therm=30325|btmspkr_therm=30258|disp_therm=30258|north_therm=31082|soc_therm=34799|battery=30800|battery_cycle=5|dc-mains=35000|usbc-therm-adc=350|max77779fg=30800|LITTLE=37000|soc=16|smpl_gm=0|vdroop1=0|batoilo=0|batoilo2=0|batt_vs=30793|mdis_morepower=0|thb_hda=51|cp_on_chip_0=33000|cp_on_chip_1=34000|G3D=37000|cp_on_chip_2=35000|cp_on_chip_3=33000|cp_on_chip_4=33000|rf2_therm=31000|rf1_therm=32000|ISP=36000|TPU=37000|AUR=37000|rfpa_therm=32151|quiet_therm=32841|charging_therm=34844|,BIG=37000|MID=38000|usb_pwr_therm=30325|btmspkr_therm=30258|disp_therm=30258|north_therm=31082|soc_therm=34799|battery=30800|battery_cycle=5|dc-mains=35000|usbc-therm-adc=350|max77779fg=30800|LITTLE=38000|soc=16|smpl_gm=0|vdroop1=0|batoilo=0|batoilo2=0|batt_vs=30794|mdis_morepower=0|thb_hda=51|cp_on_chip_0=33000|cp_on_chip_1=34000|G3D=37000|cp_on_chip_2=35000|cp_on_chip_3=33000|cp_on_chip_4=33000|rf2_therm=31000|rf1_therm=32000|ISP=35000|TPU=37000|AUR=37000|rfpa_therm=32151|quiet_therm=32863|charging_therm=34866|,ok,1,batched,touched,4096,2048,4,1,2260254,2048,281535,0,4,4,ok
1,24,nvhe,4,1795000,1945000,38000,40000,BIG=37000|MID=37000|usb_pwr_therm=30325|btmspkr_therm=30258|disp_therm=30258|north_therm=31082|soc_therm=34799|battery=30800|battery_cycle=5|dc-mains=35000|usbc-therm-adc=350|max77779fg=30800|LITTLE=37000|soc=16|smpl_gm=0|vdroop1=0|batoilo=0|batoilo2=0|batt_vs=30793|mdis_morepower=0|thb_hda=51|cp_on_chip_0=33000|cp_on_chip_1=34000|G3D=37000|cp_on_chip_2=35000|cp_on_chip_3=33000|cp_on_chip_4=33000|rf2_therm=31000|rf1_therm=32000|ISP=36000|TPU=37000|AUR=37000|rfpa_therm=32151|quiet_therm=32841|charging_therm=34844|,BIG=37000|MID=38000|usb_pwr_therm=30325|btmspkr_therm=30258|disp_therm=30258|north_therm=31082|soc_therm=34799|battery=30800|battery_cycle=5|dc-mains=35000|usbc-therm-adc=350|max77779fg=30800|LITTLE=38000|soc=16|smpl_gm=0|vdroop1=0|batoilo=0|batoilo2=0|batt_vs=30794|mdis_morepower=0|thb_hda=51|cp_on_chip_0=33000|cp_on_chip_1=34000|G3D=37000|cp_on_chip_2=35000|cp_on_chip_3=33000|cp_on_chip_4=33000|rf2_therm=31000|rf1_therm=32000|ISP=35000|TPU=37000|AUR=37000|rfpa_therm=32151|quiet_therm=32863|charging_therm=34866|,ok,1,batched,touched,4096,2048,5,1,2286377,2048,281697,0,4,4,ok
1,24,nvhe,4,1795000,1945000,38000,40000,BIG=37000|MID=37000|usb_pwr_therm=30325|btmspkr_therm=30258|disp_therm=30258|north_therm=31082|soc_therm=34799|battery=30800|battery_cycle=5|dc-mains=35000|usbc-therm-adc=350|max77779fg=30800|LITTLE=37000|soc=16|smpl_gm=0|vdroop1=0|batoilo=0|batoilo2=0|batt_vs=30793|mdis_morepower=0|thb_hda=51|cp_on_chip_0=33000|cp_on_chip_1=34000|G3D=37000|cp_on_chip_2=35000|cp_on_chip_3=33000|cp_on_chip_4=33000|rf2_therm=31000|rf1_therm=32000|ISP=36000|TPU=37000|AUR=37000|rfpa_therm=32151|quiet_therm=32841|charging_therm=34844|,BIG=37000|MID=38000|usb_pwr_therm=30325|btmspkr_therm=30258|disp_therm=30258|north_therm=31082|soc_therm=34799|battery=30800|battery_cycle=5|dc-mains=35000|usbc-therm-adc=350|max77779fg=30800|LITTLE=38000|soc=16|smpl_gm=0|vdroop1=0|batoilo=0|batoilo2=0|batt_vs=30794|mdis_morepower=0|thb_hda=51|cp_on_chip_0=33000|cp_on_chip_1=34000|G3D=37000|cp_on_chip_2=35000|cp_on_chip_3=33000|cp_on_chip_4=33000|rf2_therm=31000|rf1_therm=32000|ISP=35000|TPU=37000|AUR=37000|rfpa_therm=32151|quiet_therm=32863|charging_therm=34866|,ok,1,batched,touched,4096,2048,6,1,2423666,2048,282389,0,4,4,ok
1,24,nvhe,4,1795000,1945000,38000,40000,BIG=37000|MID=37000|usb_pwr_therm=30325|btmspkr_therm=30258|disp_therm=30258|north_therm=31082|soc_therm=34799|battery=30800|battery_cycle=5|dc-mains=35000|usbc-therm-adc=350|max77779fg=30800|LITTLE=37000|soc=16|smpl_gm=0|vdroop1=0|batoilo=0|batoilo2=0|batt_vs=30793|mdis_morepower=0|thb_hda=51|cp_on_chip_0=33000|cp_on_chip_1=34000|G3D=37000|cp_on_chip_2=35000|cp_on_chip_3=33000|cp_on_chip_4=33000|rf2_therm=31000|rf1_therm=32000|ISP=36000|TPU=37000|AUR=37000|rfpa_therm=32151|quiet_therm=32841|charging_therm=34844|,BIG=37000|MID=38000|usb_pwr_therm=30325|btmspkr_therm=30258|disp_therm=30258|north_therm=31082|soc_therm=34799|battery=30800|battery_cycle=5|dc-mains=35000|usbc-therm-adc=350|max77779fg=30800|LITTLE=38000|soc=16|smpl_gm=0|vdroop1=0|batoilo=0|batoilo2=0|batt_vs=30794|mdis_morepower=0|thb_hda=51|cp_on_chip_0=33000|cp_on_chip_1=34000|G3D=37000|cp_on_chip_2=35000|cp_on_chip_3=33000|cp_on_chip_4=33000|rf2_therm=31000|rf1_therm=32000|ISP=35000|TPU=37000|AUR=37000|rfpa_therm=32151|quiet_therm=32863|charging_therm=34866|,ok,1,batched,touched,4096,2048,7,1,2416789,2048,271932,0,4,4,ok
1,24,nvhe,4,1795000,1945000,38000,40000,BIG=37000|MID=37000|usb_pwr_therm=30325|btmspkr_therm=30258|disp_therm=30258|north_therm=31082|soc_therm=34799|battery=30800|battery_cycle=5|dc-mains=35000|usbc-therm-adc=350|max77779fg=30800|LITTLE=37000|soc=16|smpl_gm=0|vdroop1=0|batoilo=0|batoilo2=0|batt_vs=30793|mdis_morepower=0|thb_hda=51|cp_on_chip_0=33000|cp_on_chip_1=34000|G3D=37000|cp_on_chip_2=35000|cp_on_chip_3=33000|cp_on_chip_4=33000|rf2_therm=31000|rf1_therm=32000|ISP=36000|TPU=37000|AUR=37000|rfpa_therm=32151|quiet_therm=32841|charging_therm=34844|,BIG=37000|MID=38000|usb_pwr_therm=30325|btmspkr_therm=30258|disp_therm=30258|north_therm=31082|soc_therm=34799|battery=30800|battery_cycle=5|dc-mains=35000|usbc-therm-adc=350|max77779fg=30800|LITTLE=38000|soc=16|smpl_gm=0|vdroop1=0|batoilo=0|batoilo2=0|batt_vs=30794|mdis_morepower=0|thb_hda=51|cp_on_chip_0=33000|cp_on_chip_1=34000|G3D=37000|cp_on_chip_2=35000|cp_on_chip_3=33000|cp_on_chip_4=33000|rf2_therm=31000|rf1_therm=32000|ISP=35000|TPU=37000|AUR=37000|rfpa_therm=32151|quiet_therm=32863|charging_therm=34866|,ok,1,batched,touched,4096,2048,8,1,2340047,2048,269246,0,4,4,ok
1,24,nvhe,4,1795000,1945000,38000,40000,BIG=37000|MID=37000|usb_pwr_therm=30325|btmspkr_therm=30258|disp_therm=30258|north_therm=31082|soc_therm=34799|battery=30800|battery_cycle=5|dc-mains=35000|usbc-therm-adc=350|max77779fg=30800|LITTLE=37000|soc=16|smpl_gm=0|vdroop1=0|batoilo=0|batoilo2=0|batt_vs=30793|mdis_morepower=0|thb_hda=51|cp_on_chip_0=33000|cp_on_chip_1=34000|G3D=37000|cp_on_chip_2=35000|cp_on_chip_3=33000|cp_on_chip_4=33000|rf2_therm=31000|rf1_therm=32000|ISP=36000|TPU=37000|AUR=37000|rfpa_therm=32151|quiet_therm=32841|charging_therm=34844|,BIG=37000|MID=38000|usb_pwr_therm=30325|btmspkr_therm=30258|disp_therm=30258|north_therm=31082|soc_therm=34799|battery=30800|battery_cycle=5|dc-mains=35000|usbc-therm-adc=350|max77779fg=30800|LITTLE=38000|soc=16|smpl_gm=0|vdroop1=0|batoilo=0|batoilo2=0|batt_vs=30794|mdis_morepower=0|thb_hda=51|cp_on_chip_0=33000|cp_on_chip_1=34000|G3D=37000|cp_on_chip_2=35000|cp_on_chip_3=33000|cp_on_chip_4=33000|rf2_therm=31000|rf1_therm=32000|ISP=35000|TPU=37000|AUR=37000|rfpa_therm=32151|quiet_therm=32863|charging_therm=34866|,ok,1,batched,touched,4096,2048,9,1,2329061,2048,267172,0,4,4,ok
1,24,nvhe,4,1795000,1945000,38000,40000,BIG=37000|MID=37000|usb_pwr_therm=30325|btmspkr_therm=30258|disp_therm=30258|north_therm=31082|soc_therm=34799|battery=30800|battery_cycle=5|dc-mains=35000|usbc-therm-adc=350|max77779fg=30800|LITTLE=37000|soc=16|smpl_gm=0|vdroop1=0|batoilo=0|batoilo2=0|batt_vs=30793|mdis_morepower=0|thb_hda=51|cp_on_chip_0=33000|cp_on_chip_1=34000|G3D=37000|cp_on_chip_2=35000|cp_on_chip_3=33000|cp_on_chip_4=33000|rf2_therm=31000|rf1_therm=32000|ISP=36000|TPU=37000|AUR=37000|rfpa_therm=32151|quiet_therm=32841|charging_therm=34844|,BIG=37000|MID=38000|usb_pwr_therm=30325|btmspkr_therm=30258|disp_therm=30258|north_therm=31082|soc_therm=34799|battery=30800|battery_cycle=5|dc-mains=35000|usbc-therm-adc=350|max77779fg=30800|LITTLE=38000|soc=16|smpl_gm=0|vdroop1=0|batoilo=0|batoilo2=0|batt_vs=30794|mdis_morepower=0|thb_hda=51|cp_on_chip_0=33000|cp_on_chip_1=34000|G3D=37000|cp_on_chip_2=35000|cp_on_chip_3=33000|cp_on_chip_4=33000|rf2_therm=31000|rf1_therm=32000|ISP=35000|TPU=37000|AUR=37000|rfpa_therm=32151|quiet_therm=32863|charging_therm=34866|,ok,1,batched,touched,4096,2048,10,1,2305298,2048,274821,0,4,4,ok
1,24,nvhe,4,1795000,1945000,38000,40000,BIG=37000|MID=37000|usb_pwr_therm=30325|btmspkr_therm=30258|disp_therm=30258|north_therm=31082|soc_therm=34799|battery=30800|battery_cycle=5|dc-mains=35000|usbc-therm-adc=350|max77779fg=30800|LITTLE=37000|soc=16|smpl_gm=0|vdroop1=0|batoilo=0|batoilo2=0|batt_vs=30793|mdis_morepower=0|thb_hda=51|cp_on_chip_0=33000|cp_on_chip_1=34000|G3D=37000|cp_on_chip_2=35000|cp_on_chip_3=33000|cp_on_chip_4=33000|rf2_therm=31000|rf1_therm=32000|ISP=36000|TPU=37000|AUR=37000|rfpa_therm=32151|quiet_therm=32841|charging_therm=34844|,BIG=37000|MID=38000|usb_pwr_therm=30325|btmspkr_therm=30258|disp_therm=30258|north_therm=31082|soc_therm=34799|battery=30800|battery_cycle=5|dc-mains=35000|usbc-therm-adc=350|max77779fg=30800|LITTLE=38000|soc=16|smpl_gm=0|vdroop1=0|batoilo=0|batoilo2=0|batt_vs=30794|mdis_morepower=0|thb_hda=51|cp_on_chip_0=33000|cp_on_chip_1=34000|G3D=37000|cp_on_chip_2=35000|cp_on_chip_3=33000|cp_on_chip_4=33000|rf2_therm=31000|rf1_therm=32000|ISP=35000|TPU=37000|AUR=37000|rfpa_therm=32151|quiet_therm=32863|charging_therm=34866|,ok,1,batched,touched,4096,2048,11,1,2255046,2048,258993,0,4,4,ok
1,24,nvhe,4,1795000,1945000,38000,40000,BIG=37000|MID=37000|usb_pwr_therm=30325|btmspkr_therm=30258|disp_therm=30258|north_therm=31082|soc_therm=34799|battery=30800|battery_cycle=5|dc-mains=35000|usbc-therm-adc=350|max77779fg=30800|LITTLE=37000|soc=16|smpl_gm=0|vdroop1=0|batoilo=0|batoilo2=0|batt_vs=30793|mdis_morepower=0|thb_hda=51|cp_on_chip_0=33000|cp_on_chip_1=34000|G3D=37000|cp_on_chip_2=35000|cp_on_chip_3=33000|cp_on_chip_4=33000|rf2_therm=31000|rf1_therm=32000|ISP=36000|TPU=37000|AUR=37000|rfpa_therm=32151|quiet_therm=32841|charging_therm=34844|,BIG=37000|MID=38000|usb_pwr_therm=30325|btmspkr_therm=30258|disp_therm=30258|north_therm=31082|soc_therm=34799|battery=30800|battery_cycle=5|dc-mains=35000|usbc-therm-adc=350|max77779fg=30800|LITTLE=38000|soc=16|smpl_gm=0|vdroop1=0|batoilo=0|batoilo2=0|batt_vs=30794|mdis_morepower=0|thb_hda=51|cp_on_chip_0=33000|cp_on_chip_1=34000|G3D=37000|cp_on_chip_2=35000|cp_on_chip_3=33000|cp_on_chip_4=33000|rf2_therm=31000|rf1_therm=32000|ISP=35000|TPU=37000|AUR=37000|rfpa_therm=32151|quiet_therm=32863|charging_therm=34866|,ok,1,batched,touched,4096,2048,12,1,2211751,2048,265340,0,4,4,ok
1,24,nvhe,4,1795000,1945000,38000,40000,BIG=37000|MID=37000|usb_pwr_therm=30325|btmspkr_therm=30258|disp_therm=30258|north_therm=31082|soc_therm=34799|battery=30800|battery_cycle=5|dc-mains=35000|usbc-therm-adc=350|max77779fg=30800|LITTLE=37000|soc=16|smpl_gm=0|vdroop1=0|batoilo=0|batoilo2=0|batt_vs=30793|mdis_morepower=0|thb_hda=51|cp_on_chip_0=33000|cp_on_chip_1=34000|G3D=37000|cp_on_chip_2=35000|cp_on_chip_3=33000|cp_on_chip_4=33000|rf2_therm=31000|rf1_therm=32000|ISP=36000|TPU=37000|AUR=37000|rfpa_therm=32151|quiet_therm=32841|charging_therm=34844|,BIG=37000|MID=38000|usb_pwr_therm=30325|btmspkr_therm=30258|disp_therm=30258|north_therm=31082|soc_therm=34799|battery=30800|battery_cycle=5|dc-mains=35000|usbc-therm-adc=350|max77779fg=30800|LITTLE=38000|soc=16|smpl_gm=0|vdroop1=0|batoilo=0|batoilo2=0|batt_vs=30794|mdis_morepower=0|thb_hda=51|cp_on_chip_0=33000|cp_on_chip_1=34000|G3D=37000|cp_on_chip_2=35000|cp_on_chip_3=33000|cp_on_chip_4=33000|rf2_therm=31000|rf1_therm=32000|ISP=35000|TPU=37000|AUR=37000|rfpa_therm=32151|quiet_therm=32863|charging_therm=34866|,ok,1,batched,touched,4096,2048,13,1,2084106,2048,235636,0,4,4,ok
1,24,nvhe,4,1795000,1945000,38000,40000,BIG=37000|MID=37000|usb_pwr_therm=30325|btmspkr_therm=30258|disp_therm=30258|north_therm=31082|soc_therm=34799|battery=30800|battery_cycle=5|dc-mains=35000|usbc-therm-adc=350|max77779fg=30800|LITTLE=37000|soc=16|smpl_gm=0|vdroop1=0|batoilo=0|batoilo2=0|batt_vs=30793|mdis_morepower=0|thb_hda=51|cp_on_chip_0=33000|cp_on_chip_1=34000|G3D=37000|cp_on_chip_2=35000|cp_on_chip_3=33000|cp_on_chip_4=33000|rf2_therm=31000|rf1_therm=32000|ISP=36000|TPU=37000|AUR=37000|rfpa_therm=32151|quiet_therm=32841|charging_therm=34844|,BIG=37000|MID=38000|usb_pwr_therm=30325|btmspkr_therm=30258|disp_therm=30258|north_therm=31082|soc_therm=34799|battery=30800|battery_cycle=5|dc-mains=35000|usbc-therm-adc=350|max77779fg=30800|LITTLE=38000|soc=16|smpl_gm=0|vdroop1=0|batoilo=0|batoilo2=0|batt_vs=30794|mdis_morepower=0|thb_hda=51|cp_on_chip_0=33000|cp_on_chip_1=34000|G3D=37000|cp_on_chip_2=35000|cp_on_chip_3=33000|cp_on_chip_4=33000|rf2_therm=31000|rf1_therm=32000|ISP=35000|TPU=37000|AUR=37000|rfpa_therm=32151|quiet_therm=32863|charging_therm=34866|,ok,1,batched,touched,4096,2048,14,1,1960165,2048,229410,0,4,4,ok
1,24,nvhe,4,1795000,1945000,38000,40000,BIG=37000|MID=37000|usb_pwr_therm=30325|btmspkr_therm=30258|disp_therm=30258|north_therm=31082|soc_therm=34799|battery=30800|battery_cycle=5|dc-mains=35000|usbc-therm-adc=350|max77779fg=30800|LITTLE=37000|soc=16|smpl_gm=0|vdroop1=0|batoilo=0|batoilo2=0|batt_vs=30793|mdis_morepower=0|thb_hda=51|cp_on_chip_0=33000|cp_on_chip_1=34000|G3D=37000|cp_on_chip_2=35000|cp_on_chip_3=33000|cp_on_chip_4=33000|rf2_therm=31000|rf1_therm=32000|ISP=36000|TPU=37000|AUR=37000|rfpa_therm=32151|quiet_therm=32841|charging_therm=34844|,BIG=37000|MID=38000|usb_pwr_therm=30325|btmspkr_therm=30258|disp_therm=30258|north_therm=31082|soc_therm=34799|battery=30800|battery_cycle=5|dc-mains=35000|usbc-therm-adc=350|max77779fg=30800|LITTLE=38000|soc=16|smpl_gm=0|vdroop1=0|batoilo=0|batoilo2=0|batt_vs=30794|mdis_morepower=0|thb_hda=51|cp_on_chip_0=33000|cp_on_chip_1=34000|G3D=37000|cp_on_chip_2=35000|cp_on_chip_3=33000|cp_on_chip_4=33000|rf2_therm=31000|rf1_therm=32000|ISP=35000|TPU=37000|AUR=37000|rfpa_therm=32151|quiet_therm=32863|charging_therm=34866|,ok,1,batched,touched,4096,2048,15,1,2012125,2048,231405,0,4,4,ok
1,24,nvhe,4,1795000,1945000,38000,40000,BIG=37000|MID=37000|usb_pwr_therm=30325|btmspkr_therm=30258|disp_therm=30258|north_therm=31082|soc_therm=34799|battery=30800|battery_cycle=5|dc-mains=35000|usbc-therm-adc=350|max77779fg=30800|LITTLE=37000|soc=16|smpl_gm=0|vdroop1=0|batoilo=0|batoilo2=0|batt_vs=30793|mdis_morepower=0|thb_hda=51|cp_on_chip_0=33000|cp_on_chip_1=34000|G3D=37000|cp_on_chip_2=35000|cp_on_chip_3=33000|cp_on_chip_4=33000|rf2_therm=31000|rf1_therm=32000|ISP=36000|TPU=37000|AUR=37000|rfpa_therm=32151|quiet_therm=32841|charging_therm=34844|,BIG=37000|MID=38000|usb_pwr_therm=30325|btmspkr_therm=30258|disp_therm=30258|north_therm=31082|soc_therm=34799|battery=30800|battery_cycle=5|dc-mains=35000|usbc-therm-adc=350|max77779fg=30800|LITTLE=38000|soc=16|smpl_gm=0|vdroop1=0|batoilo=0|batoilo2=0|batt_vs=30794|mdis_morepower=0|thb_hda=51|cp_on_chip_0=33000|cp_on_chip_1=34000|G3D=37000|cp_on_chip_2=35000|cp_on_chip_3=33000|cp_on_chip_4=33000|rf2_therm=31000|rf1_therm=32000|ISP=35000|TPU=37000|AUR=37000|rfpa_therm=32151|quiet_therm=32863|charging_therm=34866|,ok,1,batched,touched,4096,2048,16,1,1923991,2048,260824,0,4,4,ok
1,24,nvhe,4,1795000,1945000,38000,40000,BIG=37000|MID=37000|usb_pwr_therm=30325|btmspkr_therm=30258|disp_therm=30258|north_therm=31082|soc_therm=34799|battery=30800|battery_cycle=5|dc-mains=35000|usbc-therm-adc=350|max77779fg=30800|LITTLE=37000|soc=16|smpl_gm=0|vdroop1=0|batoilo=0|batoilo2=0|batt_vs=30793|mdis_morepower=0|thb_hda=51|cp_on_chip_0=33000|cp_on_chip_1=34000|G3D=37000|cp_on_chip_2=35000|cp_on_chip_3=33000|cp_on_chip_4=33000|rf2_therm=31000|rf1_therm=32000|ISP=36000|TPU=37000|AUR=37000|rfpa_therm=32151|quiet_therm=32841|charging_therm=34844|,BIG=37000|MID=38000|usb_pwr_therm=30325|btmspkr_therm=30258|disp_therm=30258|north_therm=31082|soc_therm=34799|battery=30800|battery_cycle=5|dc-mains=35000|usbc-therm-adc=350|max77779fg=30800|LITTLE=38000|soc=16|smpl_gm=0|vdroop1=0|batoilo=0|batoilo2=0|batt_vs=30794|mdis_morepower=0|thb_hda=51|cp_on_chip_0=33000|cp_on_chip_1=34000|G3D=37000|cp_on_chip_2=35000|cp_on_chip_3=33000|cp_on_chip_4=33000|rf2_therm=31000|rf1_therm=32000|ISP=35000|TPU=37000|AUR=37000|rfpa_therm=32151|quiet_therm=32863|charging_therm=34866|,ok,1,batched,touched,4096,2048,17,1,1939046,2048,228638,0,4,4,ok
1,24,nvhe,4,1795000,1945000,38000,40000,BIG=37000|MID=37000|usb_pwr_therm=30325|btmspkr_therm=30258|disp_therm=30258|north_therm=31082|soc_therm=34799|battery=30800|battery_cycle=5|dc-mains=35000|usbc-therm-adc=350|max77779fg=30800|LITTLE=37000|soc=16|smpl_gm=0|vdroop1=0|batoilo=0|batoilo2=0|batt_vs=30793|mdis_morepower=0|thb_hda=51|cp_on_chip_0=33000|cp_on_chip_1=34000|G3D=37000|cp_on_chip_2=35000|cp_on_chip_3=33000|cp_on_chip_4=33000|rf2_therm=31000|rf1_therm=32000|ISP=36000|TPU=37000|AUR=37000|rfpa_therm=32151|quiet_therm=32841|charging_therm=34844|,BIG=37000|MID=38000|usb_pwr_therm=30325|btmspkr_therm=30258|disp_therm=30258|north_therm=31082|soc_therm=34799|battery=30800|battery_cycle=5|dc-mains=35000|usbc-therm-adc=350|max77779fg=30800|LITTLE=38000|soc=16|smpl_gm=0|vdroop1=0|batoilo=0|batoilo2=0|batt_vs=30794|mdis_morepower=0|thb_hda=51|cp_on_chip_0=33000|cp_on_chip_1=34000|G3D=37000|cp_on_chip_2=35000|cp_on_chip_3=33000|cp_on_chip_4=33000|rf2_therm=31000|rf1_therm=32000|ISP=35000|TPU=37000|AUR=37000|rfpa_therm=32151|quiet_therm=32863|charging_therm=34866|,ok,1,batched,touched,4096,2048,18,1,1965780,2048,233846,0,4,4,ok
1,24,nvhe,4,1795000,1945000,38000,40000,BIG=37000|MID=37000|usb_pwr_therm=30325|btmspkr_therm=30258|disp_therm=30258|north_therm=31082|soc_therm=34799|battery=30800|battery_cycle=5|dc-mains=35000|usbc-therm-adc=350|max77779fg=30800|LITTLE=37000|soc=16|smpl_gm=0|vdroop1=0|batoilo=0|batoilo2=0|batt_vs=30793|mdis_morepower=0|thb_hda=51|cp_on_chip_0=33000|cp_on_chip_1=34000|G3D=37000|cp_on_chip_2=35000|cp_on_chip_3=33000|cp_on_chip_4=33000|rf2_therm=31000|rf1_therm=32000|ISP=36000|TPU=37000|AUR=37000|rfpa_therm=32151|quiet_therm=32841|charging_therm=34844|,BIG=37000|MID=38000|usb_pwr_therm=30325|btmspkr_therm=30258|disp_therm=30258|north_therm=31082|soc_therm=34799|battery=30800|battery_cycle=5|dc-mains=35000|usbc-therm-adc=350|max77779fg=30800|LITTLE=38000|soc=16|smpl_gm=0|vdroop1=0|batoilo=0|batoilo2=0|batt_vs=30794|mdis_morepower=0|thb_hda=51|cp_on_chip_0=33000|cp_on_chip_1=34000|G3D=37000|cp_on_chip_2=35000|cp_on_chip_3=33000|cp_on_chip_4=33000|rf2_therm=31000|rf1_therm=32000|ISP=35000|TPU=37000|AUR=37000|rfpa_therm=32151|quiet_therm=32863|charging_therm=34866|,ok,1,batched,touched,4096,2048,19,1,1936971,2048,231404,0,4,4,ok
1,24,nvhe,4,1795000,1945000,38000,40000,BIG=37000|MID=37000|usb_pwr_therm=30325|btmspkr_therm=30258|disp_therm=30258|north_therm=31082|soc_therm=34799|battery=30800|battery_cycle=5|dc-mains=35000|usbc-therm-adc=350|max77779fg=30800|LITTLE=37000|soc=16|smpl_gm=0|vdroop1=0|batoilo=0|batoilo2=0|batt_vs=30793|mdis_morepower=0|thb_hda=51|cp_on_chip_0=33000|cp_on_chip_1=34000|G3D=37000|cp_on_chip_2=35000|cp_on_chip_3=33000|cp_on_chip_4=33000|rf2_therm=31000|rf1_therm=32000|ISP=36000|TPU=37000|AUR=37000|rfpa_therm=32151|quiet_therm=32841|charging_therm=34844|,BIG=37000|MID=38000|usb_pwr_therm=30325|btmspkr_therm=30258|disp_therm=30258|north_therm=31082|soc_therm=34799|battery=30800|battery_cycle=5|dc-mains=35000|usbc-therm-adc=350|max77779fg=30800|LITTLE=38000|soc=16|smpl_gm=0|vdroop1=0|batoilo=0|batoilo2=0|batt_vs=30794|mdis_morepower=0|thb_hda=51|cp_on_chip_0=33000|cp_on_chip_1=34000|G3D=37000|cp_on_chip_2=35000|cp_on_chip_3=33000|cp_on_chip_4=33000|rf2_therm=31000|rf1_therm=32000|ISP=35000|TPU=37000|AUR=37000|rfpa_therm=32151|quiet_therm=32863|charging_therm=34866|,ok,1,batched,touched,4096,2048,20,1,1915812,2048,228638,0,4,4,ok
1,24,nvhe,4,1795000,1945000,38000,40000,BIG=37000|MID=37000|usb_pwr_therm=30325|btmspkr_therm=30258|disp_therm=30258|north_therm=31082|soc_therm=34799|battery=30800|battery_cycle=5|dc-mains=35000|usbc-therm-adc=350|max77779fg=30800|LITTLE=37000|soc=16|smpl_gm=0|vdroop1=0|batoilo=0|batoilo2=0|batt_vs=30793|mdis_morepower=0|thb_hda=51|cp_on_chip_0=33000|cp_on_chip_1=34000|G3D=37000|cp_on_chip_2=35000|cp_on_chip_3=33000|cp_on_chip_4=33000|rf2_therm=31000|rf1_therm=32000|ISP=36000|TPU=37000|AUR=37000|rfpa_therm=32151|quiet_therm=32841|charging_therm=34844|,BIG=37000|MID=38000|usb_pwr_therm=30325|btmspkr_therm=30258|disp_therm=30258|north_therm=31082|soc_therm=34799|battery=30800|battery_cycle=5|dc-mains=35000|usbc-therm-adc=350|max77779fg=30800|LITTLE=38000|soc=16|smpl_gm=0|vdroop1=0|batoilo=0|batoilo2=0|batt_vs=30794|mdis_morepower=0|thb_hda=51|cp_on_chip_0=33000|cp_on_chip_1=34000|G3D=37000|cp_on_chip_2=35000|cp_on_chip_3=33000|cp_on_chip_4=33000|rf2_therm=31000|rf1_therm=32000|ISP=35000|TPU=37000|AUR=37000|rfpa_therm=32151|quiet_therm=32863|charging_therm=34866|,ok,1,batched,touched,4096,2048,21,1,1917684,2048,227865,0,4,4,ok
1,24,nvhe,4,1795000,1945000,38000,40000,BIG=37000|MID=37000|usb_pwr_therm=30325|btmspkr_therm=30258|disp_therm=30258|north_therm=31082|soc_therm=34799|battery=30800|battery_cycle=5|dc-mains=35000|usbc-therm-adc=350|max77779fg=30800|LITTLE=37000|soc=16|smpl_gm=0|vdroop1=0|batoilo=0|batoilo2=0|batt_vs=30793|mdis_morepower=0|thb_hda=51|cp_on_chip_0=33000|cp_on_chip_1=34000|G3D=37000|cp_on_chip_2=35000|cp_on_chip_3=33000|cp_on_chip_4=33000|rf2_therm=31000|rf1_therm=32000|ISP=36000|TPU=37000|AUR=37000|rfpa_therm=32151|quiet_therm=32841|charging_therm=34844|,BIG=37000|MID=38000|usb_pwr_therm=30325|btmspkr_therm=30258|disp_therm=30258|north_therm=31082|soc_therm=34799|battery=30800|battery_cycle=5|dc-mains=35000|usbc-therm-adc=350|max77779fg=30800|LITTLE=38000|soc=16|smpl_gm=0|vdroop1=0|batoilo=0|batoilo2=0|batt_vs=30794|mdis_morepower=0|thb_hda=51|cp_on_chip_0=33000|cp_on_chip_1=34000|G3D=37000|cp_on_chip_2=35000|cp_on_chip_3=33000|cp_on_chip_4=33000|rf2_therm=31000|rf1_therm=32000|ISP=35000|TPU=37000|AUR=37000|rfpa_therm=32151|quiet_therm=32863|charging_therm=34866|,ok,1,batched,touched,4096,2048,22,1,1993123,2048,228801,0,4,4,ok
1,24,nvhe,4,1795000,1945000,38000,40000,BIG=37000|MID=37000|usb_pwr_therm=30325|btmspkr_therm=30258|disp_therm=30258|north_therm=31082|soc_therm=34799|battery=30800|battery_cycle=5|dc-mains=35000|usbc-therm-adc=350|max77779fg=30800|LITTLE=37000|soc=16|smpl_gm=0|vdroop1=0|batoilo=0|batoilo2=0|batt_vs=30793|mdis_morepower=0|thb_hda=51|cp_on_chip_0=33000|cp_on_chip_1=34000|G3D=37000|cp_on_chip_2=35000|cp_on_chip_3=33000|cp_on_chip_4=33000|rf2_therm=31000|rf1_therm=32000|ISP=36000|TPU=37000|AUR=37000|rfpa_therm=32151|quiet_therm=32841|charging_therm=34844|,BIG=37000|MID=38000|usb_pwr_therm=30325|btmspkr_therm=30258|disp_therm=30258|north_therm=31082|soc_therm=34799|battery=30800|battery_cycle=5|dc-mains=35000|usbc-therm-adc=350|max77779fg=30800|LITTLE=38000|soc=16|smpl_gm=0|vdroop1=0|batoilo=0|batoilo2=0|batt_vs=30794|mdis_morepower=0|thb_hda=51|cp_on_chip_0=33000|cp_on_chip_1=34000|G3D=37000|cp_on_chip_2=35000|cp_on_chip_3=33000|cp_on_chip_4=33000|rf2_therm=31000|rf1_therm=32000|ISP=35000|TPU=37000|AUR=37000|rfpa_therm=32151|quiet_therm=32863|charging_therm=34866|,ok,1,batched,touched,4096,2048,23,1,1969849,2048,225383,0,4,4,ok
1,24,nvhe,4,1795000,1945000,38000,40000,BIG=37000|MID=37000|usb_pwr_therm=30325|btmspkr_therm=30258|disp_therm=30258|north_therm=31082|soc_therm=34799|battery=30800|battery_cycle=5|dc-mains=35000|usbc-therm-adc=350|max77779fg=30800|LITTLE=37000|soc=16|smpl_gm=0|vdroop1=0|batoilo=0|batoilo2=0|batt_vs=30793|mdis_morepower=0|thb_hda=51|cp_on_chip_0=33000|cp_on_chip_1=34000|G3D=37000|cp_on_chip_2=35000|cp_on_chip_3=33000|cp_on_chip_4=33000|rf2_therm=31000|rf1_therm=32000|ISP=36000|TPU=37000|AUR=37000|rfpa_therm=32151|quiet_therm=32841|charging_therm=34844|,BIG=37000|MID=38000|usb_pwr_therm=30325|btmspkr_therm=30258|disp_therm=30258|north_therm=31082|soc_therm=34799|battery=30800|battery_cycle=5|dc-mains=35000|usbc-therm-adc=350|max77779fg=30800|LITTLE=38000|soc=16|smpl_gm=0|vdroop1=0|batoilo=0|batoilo2=0|batt_vs=30794|mdis_morepower=0|thb_hda=51|cp_on_chip_0=33000|cp_on_chip_1=34000|G3D=37000|cp_on_chip_2=35000|cp_on_chip_3=33000|cp_on_chip_4=33000|rf2_therm=31000|rf1_therm=32000|ISP=35000|TPU=37000|AUR=37000|rfpa_therm=32151|quiet_therm=32863|charging_therm=34866|,ok,1,batched,touched,4096,2048,24,1,1986451,2048,237264,0,4,4,ok
1,24,nvhe,4,1795000,1945000,38000,40000,BIG=37000|MID=37000|usb_pwr_therm=30325|btmspkr_therm=30258|disp_therm=30258|north_therm=31082|soc_therm=34799|battery=30800|battery_cycle=5|dc-mains=35000|usbc-therm-adc=350|max77779fg=30800|LITTLE=37000|soc=16|smpl_gm=0|vdroop1=0|batoilo=0|batoilo2=0|batt_vs=30793|mdis_morepower=0|thb_hda=51|cp_on_chip_0=33000|cp_on_chip_1=34000|G3D=37000|cp_on_chip_2=35000|cp_on_chip_3=33000|cp_on_chip_4=33000|rf2_therm=31000|rf1_therm=32000|ISP=36000|TPU=37000|AUR=37000|rfpa_therm=32151|quiet_therm=32841|charging_therm=34844|,BIG=37000|MID=38000|usb_pwr_therm=30325|btmspkr_therm=30258|disp_therm=30258|north_therm=31082|soc_therm=34799|battery=30800|battery_cycle=5|dc-mains=35000|usbc-therm-adc=350|max77779fg=30800|LITTLE=38000|soc=16|smpl_gm=0|vdroop1=0|batoilo=0|batoilo2=0|batt_vs=30794|mdis_morepower=0|thb_hda=51|cp_on_chip_0=33000|cp_on_chip_1=34000|G3D=37000|cp_on_chip_2=35000|cp_on_chip_3=33000|cp_on_chip_4=33000|rf2_therm=31000|rf1_therm=32000|ISP=35000|TPU=37000|AUR=37000|rfpa_therm=32151|quiet_therm=32863|charging_therm=34866|,ok,1,batched,touched,4096,2048,25,1,1920369,2048,227620,0,4,4,ok
1,24,nvhe,4,1795000,1945000,38000,40000,BIG=37000|MID=37000|usb_pwr_therm=30325|btmspkr_therm=30258|disp_therm=30258|north_therm=31082|soc_therm=34799|battery=30800|battery_cycle=5|dc-mains=35000|usbc-therm-adc=350|max77779fg=30800|LITTLE=37000|soc=16|smpl_gm=0|vdroop1=0|batoilo=0|batoilo2=0|batt_vs=30793|mdis_morepower=0|thb_hda=51|cp_on_chip_0=33000|cp_on_chip_1=34000|G3D=37000|cp_on_chip_2=35000|cp_on_chip_3=33000|cp_on_chip_4=33000|rf2_therm=31000|rf1_therm=32000|ISP=36000|TPU=37000|AUR=37000|rfpa_therm=32151|quiet_therm=32841|charging_therm=34844|,BIG=37000|MID=38000|usb_pwr_therm=30325|btmspkr_therm=30258|disp_therm=30258|north_therm=31082|soc_therm=34799|battery=30800|battery_cycle=5|dc-mains=35000|usbc-therm-adc=350|max77779fg=30800|LITTLE=38000|soc=16|smpl_gm=0|vdroop1=0|batoilo=0|batoilo2=0|batt_vs=30794|mdis_morepower=0|thb_hda=51|cp_on_chip_0=33000|cp_on_chip_1=34000|G3D=37000|cp_on_chip_2=35000|cp_on_chip_3=33000|cp_on_chip_4=33000|rf2_therm=31000|rf1_therm=32000|ISP=35000|TPU=37000|AUR=37000|rfpa_therm=32151|quiet_therm=32863|charging_therm=34866|,ok,1,batched,touched,4096,2048,26,1,1995035,2048,233805,0,4,4,ok
1,24,nvhe,4,1795000,1945000,38000,40000,BIG=37000|MID=37000|usb_pwr_therm=30325|btmspkr_therm=30258|disp_therm=30258|north_therm=31082|soc_therm=34799|battery=30800|battery_cycle=5|dc-mains=35000|usbc-therm-adc=350|max77779fg=30800|LITTLE=37000|soc=16|smpl_gm=0|vdroop1=0|batoilo=0|batoilo2=0|batt_vs=30793|mdis_morepower=0|thb_hda=51|cp_on_chip_0=33000|cp_on_chip_1=34000|G3D=37000|cp_on_chip_2=35000|cp_on_chip_3=33000|cp_on_chip_4=33000|rf2_therm=31000|rf1_therm=32000|ISP=36000|TPU=37000|AUR=37000|rfpa_therm=32151|quiet_therm=32841|charging_therm=34844|,BIG=37000|MID=38000|usb_pwr_therm=30325|btmspkr_therm=30258|disp_therm=30258|north_therm=31082|soc_therm=34799|battery=30800|battery_cycle=5|dc-mains=35000|usbc-therm-adc=350|max77779fg=30800|LITTLE=38000|soc=16|smpl_gm=0|vdroop1=0|batoilo=0|batoilo2=0|batt_vs=30794|mdis_morepower=0|thb_hda=51|cp_on_chip_0=33000|cp_on_chip_1=34000|G3D=37000|cp_on_chip_2=35000|cp_on_chip_3=33000|cp_on_chip_4=33000|rf2_therm=31000|rf1_therm=32000|ISP=35000|TPU=37000|AUR=37000|rfpa_therm=32151|quiet_therm=32863|charging_therm=34866|,ok,1,batched,touched,4096,2048,27,1,1994670,2048,229899,0,4,4,ok
1,24,nvhe,4,1795000,1945000,38000,40000,BIG=37000|MID=37000|usb_pwr_therm=30325|btmspkr_therm=30258|disp_therm=30258|north_therm=31082|soc_therm=34799|battery=30800|battery_cycle=5|dc-mains=35000|usbc-therm-adc=350|max77779fg=30800|LITTLE=37000|soc=16|smpl_gm=0|vdroop1=0|batoilo=0|batoilo2=0|batt_vs=30793|mdis_morepower=0|thb_hda=51|cp_on_chip_0=33000|cp_on_chip_1=34000|G3D=37000|cp_on_chip_2=35000|cp_on_chip_3=33000|cp_on_chip_4=33000|rf2_therm=31000|rf1_therm=32000|ISP=36000|TPU=37000|AUR=37000|rfpa_therm=32151|quiet_therm=32841|charging_therm=34844|,BIG=37000|MID=38000|usb_pwr_therm=30325|btmspkr_therm=30258|disp_therm=30258|north_therm=31082|soc_therm=34799|battery=30800|battery_cycle=5|dc-mains=35000|usbc-therm-adc=350|max77779fg=30800|LITTLE=38000|soc=16|smpl_gm=0|vdroop1=0|batoilo=0|batoilo2=0|batt_vs=30794|mdis_morepower=0|thb_hda=51|cp_on_chip_0=33000|cp_on_chip_1=34000|G3D=37000|cp_on_chip_2=35000|cp_on_chip_3=33000|cp_on_chip_4=33000|rf2_therm=31000|rf1_therm=32000|ISP=35000|TPU=37000|AUR=37000|rfpa_therm=32151|quiet_therm=32863|charging_therm=34866|,ok,1,batched,touched,4096,2048,28,1,1946004,2048,226766,0,4,4,ok
1,24,nvhe,4,1795000,1945000,38000,40000,BIG=37000|MID=37000|usb_pwr_therm=30325|btmspkr_therm=30258|disp_therm=30258|north_therm=31082|soc_therm=34799|battery=30800|battery_cycle=5|dc-mains=35000|usbc-therm-adc=350|max77779fg=30800|LITTLE=37000|soc=16|smpl_gm=0|vdroop1=0|batoilo=0|batoilo2=0|batt_vs=30793|mdis_morepower=0|thb_hda=51|cp_on_chip_0=33000|cp_on_chip_1=34000|G3D=37000|cp_on_chip_2=35000|cp_on_chip_3=33000|cp_on_chip_4=33000|rf2_therm=31000|rf1_therm=32000|ISP=36000|TPU=37000|AUR=37000|rfpa_therm=32151|quiet_therm=32841|charging_therm=34844|,BIG=37000|MID=38000|usb_pwr_therm=30325|btmspkr_therm=30258|disp_therm=30258|north_therm=31082|soc_therm=34799|battery=30800|battery_cycle=5|dc-mains=35000|usbc-therm-adc=350|max77779fg=30800|LITTLE=38000|soc=16|smpl_gm=0|vdroop1=0|batoilo=0|batoilo2=0|batt_vs=30794|mdis_morepower=0|thb_hda=51|cp_on_chip_0=33000|cp_on_chip_1=34000|G3D=37000|cp_on_chip_2=35000|cp_on_chip_3=33000|cp_on_chip_4=33000|rf2_therm=31000|rf1_therm=32000|ISP=35000|TPU=37000|AUR=37000|rfpa_therm=32151|quiet_therm=32863|charging_therm=34866|,ok,1,batched,touched,4096,2048,29,1,1986857,2048,228312,0,4,4,ok
