block_id,task_index,mode_label,cpu_target,freq_before_khz,freq_after_khz,thermal_before_mc,thermal_after_mc,thermal_detail_before,thermal_detail_after,reject_reason,thermal_gate_max_mc,thermal_gate_start_mc,thermal_wait_sec,thermal_gate_ready_mc,schema_version,mode,touch,page_size,pages,run_index,op_count,setup_elapsed_ns,setup_minor_faults_delta,elapsed_ns,timed_minor_faults_delta,cpu_before,cpu_after,status
1,1,protected,4,648000,1795000,37000,37000,BIG=35000|MID=36000|usb_pwr_therm=29257|btmspkr_therm=29212|disp_therm=29279|north_therm=29524|soc_therm=31950|battery=29300|battery_cycle=5|dc-mains=32500|usbc-therm-adc=325|max77779fg=29300|LITTLE=35000|soc=9|smpl_gm=0|vdroop1=0|batoilo=0|batoilo2=0|batt_vs=29293|mdis_morepower=0|thb_hda=51|cp_on_chip_0=36000|cp_on_chip_1=37000|G3D=34000|cp_on_chip_2=37000|cp_on_chip_3=35000|cp_on_chip_4=35000|rf2_therm=33000|rf1_therm=34000|ISP=33000|TPU=34000|AUR=34000|rfpa_therm=30325|quiet_therm=30748|charging_therm=32195|,BIG=35000|MID=36000|usb_pwr_therm=29257|btmspkr_therm=29235|disp_therm=29279|north_therm=29524|soc_therm=32039|battery=29300|battery_cycle=5|dc-mains=32500|usbc-therm-adc=325|max77779fg=29300|LITTLE=35000|soc=9|smpl_gm=0|vdroop1=0|batoilo=0|batoilo2=0|batt_vs=29294|mdis_morepower=0|thb_hda=51|cp_on_chip_0=36000|cp_on_chip_1=37000|G3D=34000|cp_on_chip_2=37000|cp_on_chip_3=35000|cp_on_chip_4=35000|rf2_therm=33000|rf1_therm=34000|ISP=34000|TPU=34000|AUR=34000|rfpa_therm=30325|quiet_therm=30793|charging_therm=32240|,ok,39000,37000,0,37000,1,batched,untouched,4096,256,0,1,41463,0,10539,0,4,4,ok
1,1,protected,4,648000,1795000,37000,37000,BIG=35000|MID=36000|usb_pwr_therm=29257|btmspkr_therm=29212|disp_therm=29279|north_therm=29524|soc_therm=31950|battery=29300|battery_cycle=5|dc-mains=32500|usbc-therm-adc=325|max77779fg=29300|LITTLE=35000|soc=9|smpl_gm=0|vdroop1=0|batoilo=0|batoilo2=0|batt_vs=29293|mdis_morepower=0|thb_hda=51|cp_on_chip_0=36000|cp_on_chip_1=37000|G3D=34000|cp_on_chip_2=37000|cp_on_chip_3=35000|cp_on_chip_4=35000|rf2_therm=33000|rf1_therm=34000|ISP=33000|TPU=34000|AUR=34000|rfpa_therm=30325|quiet_therm=30748|charging_therm=32195|,BIG=35000|MID=36000|usb_pwr_therm=29257|btmspkr_therm=29235|disp_therm=29279|north_therm=29524|soc_therm=32039|battery=29300|battery_cycle=5|dc-mains=32500|usbc-therm-adc=325|max77779fg=29300|LITTLE=35000|soc=9|smpl_gm=0|vdroop1=0|batoilo=0|batoilo2=0|batt_vs=29294|mdis_morepower=0|thb_hda=51|cp_on_chip_0=36000|cp_on_chip_1=37000|G3D=34000|cp_on_chip_2=37000|cp_on_chip_3=35000|cp_on_chip_4=35000|rf2_therm=33000|rf1_therm=34000|ISP=34000|TPU=34000|AUR=34000|rfpa_therm=30325|quiet_therm=30793|charging_therm=32240|,ok,39000,37000,0,37000,1,batched,untouched,4096,256,1,1,13143,0,2645,0,4,4,ok
1,1,protected,4,648000,1795000,37000,37000,BIG=35000|MID=36000|usb_pwr_therm=29257|btmspkr_therm=29212|disp_therm=29279|north_therm=29524|soc_therm=31950|battery=29300|battery_cycle=5|dc-mains=32500|usbc-therm-adc=325|max77779fg=29300|LITTLE=35000|soc=9|smpl_gm=0|vdroop1=0|batoilo=0|batoilo2=0|batt_vs=29293|mdis_morepower=0|thb_hda=51|cp_on_chip_0=36000|cp_on_chip_1=37000|G3D=34000|cp_on_chip_2=37000|cp_on_chip_3=35000|cp_on_chip_4=35000|rf2_therm=33000|rf1_therm=34000|ISP=33000|TPU=34000|AUR=34000|rfpa_therm=30325|quiet_therm=30748|charging_therm=32195|,BIG=35000|MID=36000|usb_pwr_therm=29257|btmspkr_therm=29235|disp_therm=29279|north_therm=29524|soc_therm=32039|battery=29300|battery_cycle=5|dc-mains=32500|usbc-therm-adc=325|max77779fg=29300|LITTLE=35000|soc=9|smpl_gm=0|vdroop1=0|batoilo=0|batoilo2=0|batt_vs=29294|mdis_morepower=0|thb_hda=51|cp_on_chip_0=36000|cp_on_chip_1=37000|G3D=34000|cp_on_chip_2=37000|cp_on_chip_3=35000|cp_on_chip_4=35000|rf2_therm=33000|rf1_therm=34000|ISP=34000|TPU=34000|AUR=34000|rfpa_therm=30325|quiet_therm=30793|charging_therm=32240|,ok,39000,37000,0,37000,1,batched,untouched,4096,256,2,1,20345,0,2767,0,4,4,ok
1,1,protected,4,648000,1795000,37000,37000,BIG=35000|MID=36000|usb_pwr_therm=29257|btmspkr_therm=29212|disp_therm=29279|north_therm=29524|soc_therm=31950|battery=29300|battery_cycle=5|dc-mains=32500|usbc-therm-adc=325|max77779fg=29300|LITTLE=35000|soc=9|smpl_gm=0|vdroop1=0|batoilo=0|batoilo2=0|batt_vs=29293|mdis_morepower=0|thb_hda=51|cp_on_chip_0=36000|cp_on_chip_1=37000|G3D=34000|cp_on_chip_2=37000|cp_on_chip_3=35000|cp_on_chip_4=35000|rf2_therm=33000|rf1_therm=34000|ISP=33000|TPU=34000|AUR=34000|rfpa_therm=30325|quiet_therm=30748|charging_therm=32195|,BIG=35000|MID=36000|usb_pwr_therm=29257|btmspkr_therm=29235|disp_therm=29279|north_therm=29524|soc_therm=32039|battery=29300|battery_cycle=5|dc-mains=32500|usbc-therm-adc=325|max77779fg=29300|LITTLE=35000|soc=9|smpl_gm=0|vdroop1=0|batoilo=0|batoilo2=0|batt_vs=29294|mdis_morepower=0|thb_hda=51|cp_on_chip_0=36000|cp_on_chip_1=37000|G3D=34000|cp_on_chip_2=37000|cp_on_chip_3=35000|cp_on_chip_4=35000|rf2_therm=33000|rf1_therm=34000|ISP=34000|TPU=34000|AUR=34000|rfpa_therm=30325|quiet_therm=30793|charging_therm=32240|,ok,39000,37000,0,37000,1,batched,untouched,4096,256,3,1,12859,0,2442,0,4,4,ok
1,1,protected,4,648000,1795000,37000,37000,BIG=35000|MID=36000|usb_pwr_therm=29257|btmspkr_therm=29212|disp_therm=29279|north_therm=29524|soc_therm=31950|battery=29300|battery_cycle=5|dc-mains=32500|usbc-therm-adc=325|max77779fg=29300|LITTLE=35000|soc=9|smpl_gm=0|vdroop1=0|batoilo=0|batoilo2=0|batt_vs=29293|mdis_morepower=0|thb_hda=51|cp_on_chip_0=36000|cp_on_chip_1=37000|G3D=34000|cp_on_chip_2=37000|cp_on_chip_3=35000|cp_on_chip_4=35000|rf2_therm=33000|rf1_therm=34000|ISP=33000|TPU=34000|AUR=34000|rfpa_therm=30325|quiet_therm=30748|charging_therm=32195|,BIG=35000|MID=36000|usb_pwr_therm=29257|btmspkr_therm=29235|disp_therm=29279|north_therm=29524|soc_therm=32039|battery=29300|battery_cycle=5|dc-mains=32500|usbc-therm-adc=325|max77779fg=29300|LITTLE=35000|soc=9|smpl_gm=0|vdroop1=0|batoilo=0|batoilo2=0|batt_vs=29294|mdis_morepower=0|thb_hda=51|cp_on_chip_0=36000|cp_on_chip_1=37000|G3D=34000|cp_on_chip_2=37000|cp_on_chip_3=35000|cp_on_chip_4=35000|rf2_therm=33000|rf1_therm=34000|ISP=34000|TPU=34000|AUR=34000|rfpa_therm=30325|quiet_therm=30793|charging_therm=32240|,ok,39000,37000,0,37000,1,batched,untouched,4096,256,4,1,10701,0,2605,0,4,4,ok
1,1,protected,4,648000,1795000,37000,37000,BIG=35000|MID=36000|usb_pwr_therm=29257|btmspkr_therm=29212|disp_therm=29279|north_therm=29524|soc_therm=31950|battery=29300|battery_cycle=5|dc-mains=32500|usbc-therm-adc=325|max77779fg=29300|LITTLE=35000|soc=9|smpl_gm=0|vdroop1=0|batoilo=0|batoilo2=0|batt_vs=29293|mdis_morepower=0|thb_hda=51|cp_on_chip_0=36000|cp_on_chip_1=37000|G3D=34000|cp_on_chip_2=37000|cp_on_chip_3=35000|cp_on_chip_4=35000|rf2_therm=33000|rf1_therm=34000|ISP=33000|TPU=34000|AUR=34000|rfpa_therm=30325|quiet_therm=30748|charging_therm=32195|,BIG=35000|MID=36000|usb_pwr_therm=29257|btmspkr_therm=29235|disp_therm=29279|north_therm=29524|soc_therm=32039|battery=29300|battery_cycle=5|dc-mains=32500|usbc-therm-adc=325|max77779fg=29300|LITTLE=35000|soc=9|smpl_gm=0|vdroop1=0|batoilo=0|batoilo2=0|batt_vs=29294|mdis_morepower=0|thb_hda=51|cp_on_chip_0=36000|cp_on_chip_1=37000|G3D=34000|cp_on_chip_2=37000|cp_on_chip_3=35000|cp_on_chip_4=35000|rf2_therm=33000|rf1_therm=34000|ISP=34000|TPU=34000|AUR=34000|rfpa_therm=30325|quiet_therm=30793|charging_therm=32240|,ok,39000,37000,0,37000,1,batched,untouched,4096,256,5,1,10091,0,2441,0,4,4,ok
1,1,protected,4,648000,1795000,37000,37000,BIG=35000|MID=36000|usb_pwr_therm=29257|btmspkr_therm=29212|disp_therm=29279|north_therm=29524|soc_therm=31950|battery=29300|battery_cycle=5|dc-mains=32500|usbc-therm-adc=325|max77779fg=29300|LITTLE=35000|soc=9|smpl_gm=0|vdroop1=0|batoilo=0|batoilo2=0|batt_vs=29293|mdis_morepower=0|thb_hda=51|cp_on_chip_0=36000|cp_on_chip_1=37000|G3D=34000|cp_on_chip_2=37000|cp_on_chip_3=35000|cp_on_chip_4=35000|rf2_therm=33000|rf1_therm=34000|ISP=33000|TPU=34000|AUR=34000|rfpa_therm=30325|quiet_therm=30748|charging_therm=32195|,BIG=35000|MID=36000|usb_pwr_therm=29257|btmspkr_therm=29235|disp_therm=29279|north_therm=29524|soc_therm=32039|battery=29300|battery_cycle=5|dc-mains=32500|usbc-therm-adc=325|max77779fg=29300|LITTLE=35000|soc=9|smpl_gm=0|vdroop1=0|batoilo=0|batoilo2=0|batt_vs=29294|mdis_morepower=0|thb_hda=51|cp_on_chip_0=36000|cp_on_chip_1=37000|G3D=34000|cp_on_chip_2=37000|cp_on_chip_3=35000|cp_on_chip_4=35000|rf2_therm=33000|rf1_therm=34000|ISP=34000|TPU=34000|AUR=34000|rfpa_therm=30325|quiet_therm=30793|charging_therm=32240|,ok,39000,37000,0,37000,1,batched,untouched,4096,256,6,1,11922,0,2360,0,4,4,ok
1,1,protected,4,648000,1795000,37000,37000,BIG=35000|MID=36000|usb_pwr_therm=29257|btmspkr_therm=29212|disp_therm=29279|north_therm=29524|soc_therm=31950|battery=29300|battery_cycle=5|dc-mains=32500|usbc-therm-adc=325|max77779fg=29300|LITTLE=35000|soc=9|smpl_gm=0|vdroop1=0|batoilo=0|batoilo2=0|batt_vs=29293|mdis_morepower=0|thb_hda=51|cp_on_chip_0=36000|cp_on_chip_1=37000|G3D=34000|cp_on_chip_2=37000|cp_on_chip_3=35000|cp_on_chip_4=35000|rf2_therm=33000|rf1_therm=34000|ISP=33000|TPU=34000|AUR=34000|rfpa_therm=30325|quiet_therm=30748|charging_therm=32195|,BIG=35000|MID=36000|usb_pwr_therm=29257|btmspkr_therm=29235|disp_therm=29279|north_therm=29524|soc_therm=32039|battery=29300|battery_cycle=5|dc-mains=32500|usbc-therm-adc=325|max77779fg=29300|LITTLE=35000|soc=9|smpl_gm=0|vdroop1=0|batoilo=0|batoilo2=0|batt_vs=29294|mdis_morepower=0|thb_hda=51|cp_on_chip_0=36000|cp_on_chip_1=37000|G3D=34000|cp_on_chip_2=37000|cp_on_chip_3=35000|cp_on_chip_4=35000|rf2_therm=33000|rf1_therm=34000|ISP=34000|TPU=34000|AUR=34000|rfpa_therm=30325|quiet_therm=30793|charging_therm=32240|,ok,39000,37000,0,37000,1,batched,untouched,4096,256,7,1,9440,0,2482,0,4,4,ok
1,1,protected,4,648000,1795000,37000,37000,BIG=35000|MID=36000|usb_pwr_therm=29257|btmspkr_therm=29212|disp_therm=29279|north_therm=29524|soc_therm=31950|battery=29300|battery_cycle=5|dc-mains=32500|usbc-therm-adc=325|max77779fg=29300|LITTLE=35000|soc=9|smpl_gm=0|vdroop1=0|batoilo=0|batoilo2=0|batt_vs=29293|mdis_morepower=0|thb_hda=51|cp_on_chip_0=36000|cp_on_chip_1=37000|G3D=34000|cp_on_chip_2=37000|cp_on_chip_3=35000|cp_on_chip_4=35000|rf2_therm=33000|rf1_therm=34000|ISP=33000|TPU=34000|AUR=34000|rfpa_therm=30325|quiet_therm=30748|charging_therm=32195|,BIG=35000|MID=36000|usb_pwr_therm=29257|btmspkr_therm=29235|disp_therm=29279|north_therm=29524|soc_therm=32039|battery=29300|battery_cycle=5|dc-mains=32500|usbc-therm-adc=325|max77779fg=29300|LITTLE=35000|soc=9|smpl_gm=0|vdroop1=0|batoilo=0|batoilo2=0|batt_vs=29294|mdis_morepower=0|thb_hda=51|cp_on_chip_0=36000|cp_on_chip_1=37000|G3D=34000|cp_on_chip_2=37000|cp_on_chip_3=35000|cp_on_chip_4=35000|rf2_therm=33000|rf1_therm=34000|ISP=34000|TPU=34000|AUR=34000|rfpa_therm=30325|quiet_therm=30793|charging_therm=32240|,ok,39000,37000,0,37000,1,batched,untouched,4096,256,8,1,9929,0,2482,0,4,4,ok
1,1,protected,4,648000,1795000,37000,37000,BIG=35000|MID=36000|usb_pwr_therm=29257|btmspkr_therm=29212|disp_therm=29279|north_therm=29524|soc_therm=31950|battery=29300|battery_cycle=5|dc-mains=32500|usbc-therm-adc=325|max77779fg=29300|LITTLE=35000|soc=9|smpl_gm=0|vdroop1=0|batoilo=0|batoilo2=0|batt_vs=29293|mdis_morepower=0|thb_hda=51|cp_on_chip_0=36000|cp_on_chip_1=37000|G3D=34000|cp_on_chip_2=37000|cp_on_chip_3=35000|cp_on_chip_4=35000|rf2_therm=33000|rf1_therm=34000|ISP=33000|TPU=34000|AUR=34000|rfpa_therm=30325|quiet_therm=30748|charging_therm=32195|,BIG=35000|MID=36000|usb_pwr_therm=29257|btmspkr_therm=29235|disp_therm=29279|north_therm=29524|soc_therm=32039|battery=29300|battery_cycle=5|dc-mains=32500|usbc-therm-adc=325|max77779fg=29300|LITTLE=35000|soc=9|smpl_gm=0|vdroop1=0|batoilo=0|batoilo2=0|batt_vs=29294|mdis_morepower=0|thb_hda=51|cp_on_chip_0=36000|cp_on_chip_1=37000|G3D=34000|cp_on_chip_2=37000|cp_on_chip_3=35000|cp_on_chip_4=35000|rf2_therm=33000|rf1_therm=34000|ISP=34000|TPU=34000|AUR=34000|rfpa_therm=30325|quiet_therm=30793|charging_therm=32240|,ok,39000,37000,0,37000,1,batched,untouched,4096,256,9,1,9562,0,2523,0,4,4,ok
1,1,protected,4,648000,1795000,37000,37000,BIG=35000|MID=36000|usb_pwr_therm=29257|btmspkr_therm=29212|disp_therm=29279|north_therm=29524|soc_therm=31950|battery=29300|battery_cycle=5|dc-mains=32500|usbc-therm-adc=325|max77779fg=29300|LITTLE=35000|soc=9|smpl_gm=0|vdroop1=0|batoilo=0|batoilo2=0|batt_vs=29293|mdis_morepower=0|thb_hda=51|cp_on_chip_0=36000|cp_on_chip_1=37000|G3D=34000|cp_on_chip_2=37000|cp_on_chip_3=35000|cp_on_chip_4=35000|rf2_therm=33000|rf1_therm=34000|ISP=33000|TPU=34000|AUR=34000|rfpa_therm=30325|quiet_therm=30748|charging_therm=32195|,BIG=35000|MID=36000|usb_pwr_therm=29257|btmspkr_therm=29235|disp_therm=29279|north_therm=29524|soc_therm=32039|battery=29300|battery_cycle=5|dc-mains=32500|usbc-therm-adc=325|max77779fg=29300|LITTLE=35000|soc=9|smpl_gm=0|vdroop1=0|batoilo=0|batoilo2=0|batt_vs=29294|mdis_morepower=0|thb_hda=51|cp_on_chip_0=36000|cp_on_chip_1=37000|G3D=34000|cp_on_chip_2=37000|cp_on_chip_3=35000|cp_on_chip_4=35000|rf2_therm=33000|rf1_therm=34000|ISP=34000|TPU=34000|AUR=34000|rfpa_therm=30325|quiet_therm=30793|charging_therm=32240|,ok,39000,37000,0,37000,1,batched,untouched,4096,256,10,1,10173,0,2482,0,4,4,ok
1,1,protected,4,648000,1795000,37000,37000,BIG=35000|MID=36000|usb_pwr_therm=29257|btmspkr_therm=29212|disp_therm=29279|north_therm=29524|soc_therm=31950|battery=29300|battery_cycle=5|dc-mains=32500|usbc-therm-adc=325|max77779fg=29300|LITTLE=35000|soc=9|smpl_gm=0|vdroop1=0|batoilo=0|batoilo2=0|batt_vs=29293|mdis_morepower=0|thb_hda=51|cp_on_chip_0=36000|cp_on_chip_1=37000|G3D=34000|cp_on_chip_2=37000|cp_on_chip_3=35000|cp_on_chip_4=35000|rf2_therm=33000|rf1_therm=34000|ISP=33000|TPU=34000|AUR=34000|rfpa_therm=30325|quiet_therm=30748|charging_therm=32195|,BIG=35000|MID=36000|usb_pwr_therm=29257|btmspkr_therm=29235|disp_therm=29279|north_therm=29524|soc_therm=32039|battery=29300|battery_cycle=5|dc-mains=32500|usbc-therm-adc=325|max77779fg=29300|LITTLE=35000|soc=9|smpl_gm=0|vdroop1=0|batoilo=0|batoilo2=0|batt_vs=29294|mdis_morepower=0|thb_hda=51|cp_on_chip_0=36000|cp_on_chip_1=37000|G3D=34000|cp_on_chip_2=37000|cp_on_chip_3=35000|cp_on_chip_4=35000|rf2_therm=33000|rf1_therm=34000|ISP=34000|TPU=34000|AUR=34000|rfpa_therm=30325|quiet_therm=30793|charging_therm=32240|,ok,39000,37000,0,37000,1,batched,untouched,4096,256,11,1,9685,0,2604,0,4,4,ok
1,1,protected,4,648000,1795000,37000,37000,BIG=35000|MID=36000|usb_pwr_therm=29257|btmspkr_therm=29212|disp_therm=29279|north_therm=29524|soc_therm=31950|battery=29300|battery_cycle=5|dc-mains=32500|usbc-therm-adc=325|max77779fg=29300|LITTLE=35000|soc=9|smpl_gm=0|vdroop1=0|batoilo=0|batoilo2=0|batt_vs=29293|mdis_morepower=0|thb_hda=51|cp_on_chip_0=36000|cp_on_chip_1=37000|G3D=34000|cp_on_chip_2=37000|cp_on_chip_3=35000|cp_on_chip_4=35000|rf2_therm=33000|rf1_therm=34000|ISP=33000|TPU=34000|AUR=34000|rfpa_therm=30325|quiet_therm=30748|charging_therm=32195|,BIG=35000|MID=36000|usb_pwr_therm=29257|btmspkr_therm=29235|disp_therm=29279|north_therm=29524|soc_therm=32039|battery=29300|battery_cycle=5|dc-mains=32500|usbc-therm-adc=325|max77779fg=29300|LITTLE=35000|soc=9|smpl_gm=0|vdroop1=0|batoilo=0|batoilo2=0|batt_vs=29294|mdis_morepower=0|thb_hda=51|cp_on_chip_0=36000|cp_on_chip_1=37000|G3D=34000|cp_on_chip_2=37000|cp_on_chip_3=35000|cp_on_chip_4=35000|rf2_therm=33000|rf1_therm=34000|ISP=34000|TPU=34000|AUR=34000|rfpa_therm=30325|quiet_therm=30793|charging_therm=32240|,ok,39000,37000,0,37000,1,batched,untouched,4096,256,12,1,11312,0,2563,0,4,4,ok
1,1,protected,4,648000,1795000,37000,37000,BIG=35000|MID=36000|usb_pwr_therm=29257|btmspkr_therm=29212|disp_therm=29279|north_therm=29524|soc_therm=31950|battery=29300|battery_cycle=5|dc-mains=32500|usbc-therm-adc=325|max77779fg=29300|LITTLE=35000|soc=9|smpl_gm=0|vdroop1=0|batoilo=0|batoilo2=0|batt_vs=29293|mdis_morepower=0|thb_hda=51|cp_on_chip_0=36000|cp_on_chip_1=37000|G3D=34000|cp_on_chip_2=37000|cp_on_chip_3=35000|cp_on_chip_4=35000|rf2_therm=33000|rf1_therm=34000|ISP=33000|TPU=34000|AUR=34000|rfpa_therm=30325|quiet_therm=30748|charging_therm=32195|,BIG=35000|MID=36000|usb_pwr_therm=29257|btmspkr_therm=29235|disp_therm=29279|north_therm=29524|soc_therm=32039|battery=29300|battery_cycle=5|dc-mains=32500|usbc-therm-adc=325|max77779fg=29300|LITTLE=35000|soc=9|smpl_gm=0|vdroop1=0|batoilo=0|batoilo2=0|batt_vs=29294|mdis_morepower=0|thb_hda=51|cp_on_chip_0=36000|cp_on_chip_1=37000|G3D=34000|cp_on_chip_2=37000|cp_on_chip_3=35000|cp_on_chip_4=35000|rf2_therm=33000|rf1_therm=34000|ISP=34000|TPU=34000|AUR=34000|rfpa_therm=30325|quiet_therm=30793|charging_therm=32240|,ok,39000,37000,0,37000,1,batched,untouched,4096,256,13,1,9725,0,2522,0,4,4,ok
1,1,protected,4,648000,1795000,37000,37000,BIG=35000|MID=36000|usb_pwr_therm=29257|btmspkr_therm=29212|disp_therm=29279|north_therm=29524|soc_therm=31950|battery=29300|battery_cycle=5|dc-mains=32500|usbc-therm-adc=325|max77779fg=29300|LITTLE=35000|soc=9|smpl_gm=0|vdroop1=0|batoilo=0|batoilo2=0|batt_vs=29293|mdis_morepower=0|thb_hda=51|cp_on_chip_0=36000|cp_on_chip_1=37000|G3D=34000|cp_on_chip_2=37000|cp_on_chip_3=35000|cp_on_chip_4=35000|rf2_therm=33000|rf1_therm=34000|ISP=33000|TPU=34000|AUR=34000|rfpa_therm=30325|quiet_therm=30748|charging_therm=32195|,BIG=35000|MID=36000|usb_pwr_therm=29257|btmspkr_therm=29235|disp_therm=29279|north_therm=29524|soc_therm=32039|battery=29300|battery_cycle=5|dc-mains=32500|usbc-therm-adc=325|max77779fg=29300|LITTLE=35000|soc=9|smpl_gm=0|vdroop1=0|batoilo=0|batoilo2=0|batt_vs=29294|mdis_morepower=0|thb_hda=51|cp_on_chip_0=36000|cp_on_chip_1=37000|G3D=34000|cp_on_chip_2=37000|cp_on_chip_3=35000|cp_on_chip_4=35000|rf2_therm=33000|rf1_therm=34000|ISP=34000|TPU=34000|AUR=34000|rfpa_therm=30325|quiet_therm=30793|charging_therm=32240|,ok,39000,37000,0,37000,1,batched,untouched,4096,256,14,1,9725,0,2482,0,4,4,ok
1,1,protected,4,648000,1795000,37000,37000,BIG=35000|MID=36000|usb_pwr_therm=29257|btmspkr_therm=29212|disp_therm=29279|north_therm=29524|soc_therm=31950|battery=29300|battery_cycle=5|dc-mains=32500|usbc-therm-adc=325|max77779fg=29300|LITTLE=35000|soc=9|smpl_gm=0|vdroop1=0|batoilo=0|batoilo2=0|batt_vs=29293|mdis_morepower=0|thb_hda=51|cp_on_chip_0=36000|cp_on_chip_1=37000|G3D=34000|cp_on_chip_2=37000|cp_on_chip_3=35000|cp_on_chip_4=35000|rf2_therm=33000|rf1_therm=34000|ISP=33000|TPU=34000|AUR=34000|rfpa_therm=30325|quiet_therm=30748|charging_therm=32195|,BIG=35000|MID=36000|usb_pwr_therm=29257|btmspkr_therm=29235|disp_therm=29279|north_therm=29524|soc_therm=32039|battery=29300|battery_cycle=5|dc-mains=32500|usbc-therm-adc=325|max77779fg=29300|LITTLE=35000|soc=9|smpl_gm=0|vdroop1=0|batoilo=0|batoilo2=0|batt_vs=29294|mdis_morepower=0|thb_hda=51|cp_on_chip_0=36000|cp_on_chip_1=37000|G3D=34000|cp_on_chip_2=37000|cp_on_chip_3=35000|cp_on_chip_4=35000|rf2_therm=33000|rf1_therm=34000|ISP=34000|TPU=34000|AUR=34000|rfpa_therm=30325|quiet_therm=30793|charging_therm=32240|,ok,39000,37000,0,37000,1,batched,untouched,4096,256,15,1,9887,0,2523,0,4,4,ok
1,1,protected,4,648000,1795000,37000,37000,BIG=35000|MID=36000|usb_pwr_therm=29257|btmspkr_therm=29212|disp_therm=29279|north_therm=29524|soc_therm=31950|battery=29300|battery_cycle=5|dc-mains=32500|usbc-therm-adc=325|max77779fg=29300|LITTLE=35000|soc=9|smpl_gm=0|vdroop1=0|batoilo=0|batoilo2=0|batt_vs=29293|mdis_morepower=0|thb_hda=51|cp_on_chip_0=36000|cp_on_chip_1=37000|G3D=34000|cp_on_chip_2=37000|cp_on_chip_3=35000|cp_on_chip_4=35000|rf2_therm=33000|rf1_therm=34000|ISP=33000|TPU=34000|AUR=34000|rfpa_therm=30325|quiet_therm=30748|charging_therm=32195|,BIG=35000|MID=36000|usb_pwr_therm=29257|btmspkr_therm=29235|disp_therm=29279|north_therm=29524|soc_therm=32039|battery=29300|battery_cycle=5|dc-mains=32500|usbc-therm-adc=325|max77779fg=29300|LITTLE=35000|soc=9|smpl_gm=0|vdroop1=0|batoilo=0|batoilo2=0|batt_vs=29294|mdis_morepower=0|thb_hda=51|cp_on_chip_0=36000|cp_on_chip_1=37000|G3D=34000|cp_on_chip_2=37000|cp_on_chip_3=35000|cp_on_chip_4=35000|rf2_therm=33000|rf1_therm=34000|ISP=34000|TPU=34000|AUR=34000|rfpa_therm=30325|quiet_therm=30793|charging_therm=32240|,ok,39000,37000,0,37000,1,batched,untouched,4096,256,16,1,10986,0,2522,0,4,4,ok
1,1,protected,4,648000,1795000,37000,37000,BIG=35000|MID=36000|usb_pwr_therm=29257|btmspkr_therm=29212|disp_therm=29279|north_therm=29524|soc_therm=31950|battery=29300|battery_cycle=5|dc-mains=32500|usbc-therm-adc=325|max77779fg=29300|LITTLE=35000|soc=9|smpl_gm=0|vdroop1=0|batoilo=0|batoilo2=0|batt_vs=29293|mdis_morepower=0|thb_hda=51|cp_on_chip_0=36000|cp_on_chip_1=37000|G3D=34000|cp_on_chip_2=37000|cp_on_chip_3=35000|cp_on_chip_4=35000|rf2_therm=33000|rf1_therm=34000|ISP=33000|TPU=34000|AUR=34000|rfpa_therm=30325|quiet_therm=30748|charging_therm=32195|,BIG=35000|MID=36000|usb_pwr_therm=29257|btmspkr_therm=29235|disp_therm=29279|north_therm=29524|soc_therm=32039|battery=29300|battery_cycle=5|dc-mains=32500|usbc-therm-adc=325|max77779fg=29300|LITTLE=35000|soc=9|smpl_gm=0|vdroop1=0|batoilo=0|batoilo2=0|batt_vs=29294|mdis_morepower=0|thb_hda=51|cp_on_chip_0=36000|cp_on_chip_1=37000|G3D=34000|cp_on_chip_2=37000|cp_on_chip_3=35000|cp_on_chip_4=35000|rf2_therm=33000|rf1_therm=34000|ISP=34000|TPU=34000|AUR=34000|rfpa_therm=30325|quiet_therm=30793|charging_therm=32240|,ok,39000,37000,0,37000,1,batched,untouched,4096,256,17,1,10457,0,2441,0,4,4,ok
1,1,protected,4,648000,1795000,37000,37000,BIG=35000|MID=36000|usb_pwr_therm=29257|btmspkr_therm=29212|disp_therm=29279|north_therm=29524|soc_therm=31950|battery=29300|battery_cycle=5|dc-mains=32500|usbc-therm-adc=325|max77779fg=29300|LITTLE=35000|soc=9|smpl_gm=0|vdroop1=0|batoilo=0|batoilo2=0|batt_vs=29293|mdis_morepower=0|thb_hda=51|cp_on_chip_0=36000|cp_on_chip_1=37000|G3D=34000|cp_on_chip_2=37000|cp_on_chip_3=35000|cp_on_chip_4=35000|rf2_therm=33000|rf1_therm=34000|ISP=33000|TPU=34000|AUR=34000|rfpa_therm=30325|quiet_therm=30748|charging_therm=32195|,BIG=35000|MID=36000|usb_pwr_therm=29257|btmspkr_therm=29235|disp_therm=29279|north_therm=29524|soc_therm=32039|battery=29300|battery_cycle=5|dc-mains=32500|usbc-therm-adc=325|max77779fg=29300|LITTLE=35000|soc=9|smpl_gm=0|vdroop1=0|batoilo=0|batoilo2=0|batt_vs=29294|mdis_morepower=0|thb_hda=51|cp_on_chip_0=36000|cp_on_chip_1=37000|G3D=34000|cp_on_chip_2=37000|cp_on_chip_3=35000|cp_on_chip_4=35000|rf2_therm=33000|rf1_therm=34000|ISP=34000|TPU=34000|AUR=34000|rfpa_therm=30325|quiet_therm=30793|charging_therm=32240|,ok,39000,37000,0,37000,1,batched,untouched,4096,256,18,1,10009,0,2482,0,4,4,ok
1,1,protected,4,648000,1795000,37000,37000,BIG=35000|MID=36000|usb_pwr_therm=29257|btmspkr_therm=29212|disp_therm=29279|north_therm=29524|soc_therm=31950|battery=29300|battery_cycle=5|dc-mains=32500|usbc-therm-adc=325|max77779fg=29300|LITTLE=35000|soc=9|smpl_gm=0|vdroop1=0|batoilo=0|batoilo2=0|batt_vs=29293|mdis_morepower=0|thb_hda=51|cp_on_chip_0=36000|cp_on_chip_1=37000|G3D=34000|cp_on_chip_2=37000|cp_on_chip_3=35000|cp_on_chip_4=35000|rf2_therm=33000|rf1_therm=34000|ISP=33000|TPU=34000|AUR=34000|rfpa_therm=30325|quiet_therm=30748|charging_therm=32195|,BIG=35000|MID=36000|usb_pwr_therm=29257|btmspkr_therm=29235|disp_therm=29279|north_therm=29524|soc_therm=32039|battery=29300|battery_cycle=5|dc-mains=32500|usbc-therm-adc=325|max77779fg=29300|LITTLE=35000|soc=9|smpl_gm=0|vdroop1=0|batoilo=0|batoilo2=0|batt_vs=29294|mdis_morepower=0|thb_hda=51|cp_on_chip_0=36000|cp_on_chip_1=37000|G3D=34000|cp_on_chip_2=37000|cp_on_chip_3=35000|cp_on_chip_4=35000|rf2_therm=33000|rf1_therm=34000|ISP=34000|TPU=34000|AUR=34000|rfpa_therm=30325|quiet_therm=30793|charging_therm=32240|,ok,39000,37000,0,37000,1,batched,untouched,4096,256,19,1,11922,0,2563,0,4,4,ok
1,1,protected,4,648000,1795000,37000,37000,BIG=35000|MID=36000|usb_pwr_therm=29257|btmspkr_therm=29212|disp_therm=29279|north_therm=29524|soc_therm=31950|battery=29300|battery_cycle=5|dc-mains=32500|usbc-therm-adc=325|max77779fg=29300|LITTLE=35000|soc=9|smpl_gm=0|vdroop1=0|batoilo=0|batoilo2=0|batt_vs=29293|mdis_morepower=0|thb_hda=51|cp_on_chip_0=36000|cp_on_chip_1=37000|G3D=34000|cp_on_chip_2=37000|cp_on_chip_3=35000|cp_on_chip_4=35000|rf2_therm=33000|rf1_therm=34000|ISP=33000|TPU=34000|AUR=34000|rfpa_therm=30325|quiet_therm=30748|charging_therm=32195|,BIG=35000|MID=36000|usb_pwr_therm=29257|btmspkr_therm=29235|disp_therm=29279|north_therm=29524|soc_therm=32039|battery=29300|battery_cycle=5|dc-mains=32500|usbc-therm-adc=325|max77779fg=29300|LITTLE=35000|soc=9|smpl_gm=0|vdroop1=0|batoilo=0|batoilo2=0|batt_vs=29294|mdis_morepower=0|thb_hda=51|cp_on_chip_0=36000|cp_on_chip_1=37000|G3D=34000|cp_on_chip_2=37000|cp_on_chip_3=35000|cp_on_chip_4=35000|rf2_therm=33000|rf1_therm=34000|ISP=34000|TPU=34000|AUR=34000|rfpa_therm=30325|quiet_therm=30793|charging_therm=32240|,ok,39000,37000,0,37000,1,batched,untouched,4096,256,20,1,11312,0,2482,0,4,4,ok
1,1,protected,4,648000,1795000,37000,37000,BIG=35000|MID=36000|usb_pwr_therm=29257|btmspkr_therm=29212|disp_therm=29279|north_therm=29524|soc_therm=31950|battery=29300|battery_cycle=5|dc-mains=32500|usbc-therm-adc=325|max77779fg=29300|LITTLE=35000|soc=9|smpl_gm=0|vdroop1=0|batoilo=0|batoilo2=0|batt_vs=29293|mdis_morepower=0|thb_hda=51|cp_on_chip_0=36000|cp_on_chip_1=37000|G3D=34000|cp_on_chip_2=37000|cp_on_chip_3=35000|cp_on_chip_4=35000|rf2_therm=33000|rf1_therm=34000|ISP=33000|TPU=34000|AUR=34000|rfpa_therm=30325|quiet_therm=30748|charging_therm=32195|,BIG=35000|MID=36000|usb_pwr_therm=29257|btmspkr_therm=29235|disp_therm=29279|north_therm=29524|soc_therm=32039|battery=29300|battery_cycle=5|dc-mains=32500|usbc-therm-adc=325|max77779fg=29300|LITTLE=35000|soc=9|smpl_gm=0|vdroop1=0|batoilo=0|batoilo2=0|batt_vs=29294|mdis_morepower=0|thb_hda=51|cp_on_chip_0=36000|cp_on_chip_1=37000|G3D=34000|cp_on_chip_2=37000|cp_on_chip_3=35000|cp_on_chip_4=35000|rf2_therm=33000|rf1_therm=34000|ISP=34000|TPU=34000|AUR=34000|rfpa_therm=30325|quiet_therm=30793|charging_therm=32240|,ok,39000,37000,0,37000,1,batched,untouched,4096,256,21,1,9399,0,2401,0,4,4,ok
1,1,protected,4,648000,1795000,37000,37000,BIG=35000|MID=36000|usb_pwr_therm=29257|btmspkr_therm=29212|disp_therm=29279|north_therm=29524|soc_therm=31950|battery=29300|battery_cycle=5|dc-mains=32500|usbc-therm-adc=325|max77779fg=29300|LITTLE=35000|soc=9|smpl_gm=0|vdroop1=0|batoilo=0|batoilo2=0|batt_vs=29293|mdis_morepower=0|thb_hda=51|cp_on_chip_0=36000|cp_on_chip_1=37000|G3D=34000|cp_on_chip_2=37000|cp_on_chip_3=35000|cp_on_chip_4=35000|rf2_therm=33000|rf1_therm=34000|ISP=33000|TPU=34000|AUR=34000|rfpa_therm=30325|quiet_therm=30748|charging_therm=32195|,BIG=35000|MID=36000|usb_pwr_therm=29257|btmspkr_therm=29235|disp_therm=29279|north_therm=29524|soc_therm=32039|battery=29300|battery_cycle=5|dc-mains=32500|usbc-therm-adc=325|max77779fg=29300|LITTLE=35000|soc=9|smpl_gm=0|vdroop1=0|batoilo=0|batoilo2=0|batt_vs=29294|mdis_morepower=0|thb_hda=51|cp_on_chip_0=36000|cp_on_chip_1=37000|G3D=34000|cp_on_chip_2=37000|cp_on_chip_3=35000|cp_on_chip_4=35000|rf2_therm=33000|rf1_therm=34000|ISP=34000|TPU=34000|AUR=34000|rfpa_therm=30325|quiet_therm=30793|charging_therm=32240|,ok,39000,37000,0,37000,1,batched,untouched,4096,256,22,1,9969,0,2482,0,4,4,ok
1,1,protected,4,648000,1795000,37000,37000,BIG=35000|MID=36000|usb_pwr_therm=29257|btmspkr_therm=29212|disp_therm=29279|north_therm=29524|soc_therm=31950|battery=29300|battery_cycle=5|dc-mains=32500|usbc-therm-adc=325|max77779fg=29300|LITTLE=35000|soc=9|smpl_gm=0|vdroop1=0|batoilo=0|batoilo2=0|batt_vs=29293|mdis_morepower=0|thb_hda=51|cp_on_chip_0=36000|cp_on_chip_1=37000|G3D=34000|cp_on_chip_2=37000|cp_on_chip_3=35000|cp_on_chip_4=35000|rf2_therm=33000|rf1_therm=34000|ISP=33000|TPU=34000|AUR=34000|rfpa_therm=30325|quiet_therm=30748|charging_therm=32195|,BIG=35000|MID=36000|usb_pwr_therm=29257|btmspkr_therm=29235|disp_therm=29279|north_therm=29524|soc_therm=32039|battery=29300|battery_cycle=5|dc-mains=32500|usbc-therm-adc=325|max77779fg=29300|LITTLE=35000|soc=9|smpl_gm=0|vdroop1=0|batoilo=0|batoilo2=0|batt_vs=29294|mdis_morepower=0|thb_hda=51|cp_on_chip_0=36000|cp_on_chip_1=37000|G3D=34000|cp_on_chip_2=37000|cp_on_chip_3=35000|cp_on_chip_4=35000|rf2_therm=33000|rf1_therm=34000|ISP=34000|TPU=34000|AUR=34000|rfpa_therm=30325|quiet_therm=30793|charging_therm=32240|,ok,39000,37000,0,37000,1,batched,untouched,4096,256,23,1,9969,0,2563,0,4,4,ok
1,1,protected,4,648000,1795000,37000,37000,BIG=35000|MID=36000|usb_pwr_therm=29257|btmspkr_therm=29212|disp_therm=29279|north_therm=29524|soc_therm=31950|battery=29300|battery_cycle=5|dc-mains=32500|usbc-therm-adc=325|max77779fg=29300|LITTLE=35000|soc=9|smpl_gm=0|vdroop1=0|batoilo=0|batoilo2=0|batt_vs=29293|mdis_morepower=0|thb_hda=51|cp_on_chip_0=36000|cp_on_chip_1=37000|G3D=34000|cp_on_chip_2=37000|cp_on_chip_3=35000|cp_on_chip_4=35000|rf2_therm=33000|rf1_therm=34000|ISP=33000|TPU=34000|AUR=34000|rfpa_therm=30325|quiet_therm=30748|charging_therm=32195|,BIG=35000|MID=36000|usb_pwr_therm=29257|btmspkr_therm=29235|disp_therm=29279|north_therm=29524|soc_therm=32039|battery=29300|battery_cycle=5|dc-mains=32500|usbc-therm-adc=325|max77779fg=29300|LITTLE=35000|soc=9|smpl_gm=0|vdroop1=0|batoilo=0|batoilo2=0|batt_vs=29294|mdis_morepower=0|thb_hda=51|cp_on_chip_0=36000|cp_on_chip_1=37000|G3D=34000|cp_on_chip_2=37000|cp_on_chip_3=35000|cp_on_chip_4=35000|rf2_therm=33000|rf1_therm=34000|ISP=34000|TPU=34000|AUR=34000|rfpa_therm=30325|quiet_therm=30793|charging_therm=32240|,ok,39000,37000,0,37000,1,batched,untouched,4096,256,24,1,9643,0,2523,0,4,4,ok
1,1,protected,4,648000,1795000,37000,37000,BIG=35000|MID=36000|usb_pwr_therm=29257|btmspkr_therm=29212|disp_therm=29279|north_therm=29524|soc_therm=31950|battery=29300|battery_cycle=5|dc-mains=32500|usbc-therm-adc=325|max77779fg=29300|LITTLE=35000|soc=9|smpl_gm=0|vdroop1=0|batoilo=0|batoilo2=0|batt_vs=29293|mdis_morepower=0|thb_hda=51|cp_on_chip_0=36000|cp_on_chip_1=37000|G3D=34000|cp_on_chip_2=37000|cp_on_chip_3=35000|cp_on_chip_4=35000|rf2_therm=33000|rf1_therm=34000|ISP=33000|TPU=34000|AUR=34000|rfpa_therm=30325|quiet_therm=30748|charging_therm=32195|,BIG=35000|MID=36000|usb_pwr_therm=29257|btmspkr_therm=29235|disp_therm=29279|north_therm=29524|soc_therm=32039|battery=29300|battery_cycle=5|dc-mains=32500|usbc-therm-adc=325|max77779fg=29300|LITTLE=35000|soc=9|smpl_gm=0|vdroop1=0|batoilo=0|batoilo2=0|batt_vs=29294|mdis_morepower=0|thb_hda=51|cp_on_chip_0=36000|cp_on_chip_1=37000|G3D=34000|cp_on_chip_2=37000|cp_on_chip_3=35000|cp_on_chip_4=35000|rf2_therm=33000|rf1_therm=34000|ISP=34000|TPU=34000|AUR=34000|rfpa_therm=30325|quiet_therm=30793|charging_therm=32240|,ok,39000,37000,0,37000,1,batched,untouched,4096,256,25,1,9440,0,2482,0,4,4,ok
1,1,protected,4,648000,1795000,37000,37000,BIG=35000|MID=36000|usb_pwr_therm=29257|btmspkr_therm=29212|disp_therm=29279|north_therm=29524|soc_therm=31950|battery=29300|battery_cycle=5|dc-mains=32500|usbc-therm-adc=325|max77779fg=29300|LITTLE=35000|soc=9|smpl_gm=0|vdroop1=0|batoilo=0|batoilo2=0|batt_vs=29293|mdis_morepower=0|thb_hda=51|cp_on_chip_0=36000|cp_on_chip_1=37000|G3D=34000|cp_on_chip_2=37000|cp_on_chip_3=35000|cp_on_chip_4=35000|rf2_therm=33000|rf1_therm=34000|ISP=33000|TPU=34000|AUR=34000|rfpa_therm=30325|quiet_therm=30748|charging_therm=32195|,BIG=35000|MID=36000|usb_pwr_therm=29257|btmspkr_therm=29235|disp_therm=29279|north_therm=29524|soc_therm=32039|battery=29300|battery_cycle=5|dc-mains=32500|usbc-therm-adc=325|max77779fg=29300|LITTLE=35000|soc=9|smpl_gm=0|vdroop1=0|batoilo=0|batoilo2=0|batt_vs=29294|mdis_morepower=0|thb_hda=51|cp_on_chip_0=36000|cp_on_chip_1=37000|G3D=34000|cp_on_chip_2=37000|cp_on_chip_3=35000|cp_on_chip_4=35000|rf2_therm=33000|rf1_therm=34000|ISP=34000|TPU=34000|AUR=34000|rfpa_therm=30325|quiet_therm=30793|charging_therm=32240|,ok,39000,37000,0,37000,1,batched,untouched,4096,256,26,1,9847,0,2482,0,4,4,ok
1,1,protected,4,648000,1795000,37000,37000,BIG=35000|MID=36000|usb_pwr_therm=29257|btmspkr_therm=29212|disp_therm=29279|north_therm=29524|soc_therm=31950|battery=29300|battery_cycle=5|dc-mains=32500|usbc-therm-adc=325|max77779fg=29300|LITTLE=35000|soc=9|smpl_gm=0|vdroop1=0|batoilo=0|batoilo2=0|batt_vs=29293|mdis_morepower=0|thb_hda=51|cp_on_chip_0=36000|cp_on_chip_1=37000|G3D=34000|cp_on_chip_2=37000|cp_on_chip_3=35000|cp_on_chip_4=35000|rf2_therm=33000|rf1_therm=34000|ISP=33000|TPU=34000|AUR=34000|rfpa_therm=30325|quiet_therm=30748|charging_therm=32195|,BIG=35000|MID=36000|usb_pwr_therm=29257|btmspkr_therm=29235|disp_therm=29279|north_therm=29524|soc_therm=32039|battery=29300|battery_cycle=5|dc-mains=32500|usbc-therm-adc=325|max77779fg=29300|LITTLE=35000|soc=9|smpl_gm=0|vdroop1=0|batoilo=0|batoilo2=0|batt_vs=29294|mdis_morepower=0|thb_hda=51|cp_on_chip_0=36000|cp_on_chip_1=37000|G3D=34000|cp_on_chip_2=37000|cp_on_chip_3=35000|cp_on_chip_4=35000|rf2_therm=33000|rf1_therm=34000|ISP=34000|TPU=34000|AUR=34000|rfpa_therm=30325|quiet_therm=30793|charging_therm=32240|,ok,39000,37000,0,37000,1,batched,untouched,4096,256,27,1,10010,0,2482,0,4,4,ok
1,1,protected,4,648000,1795000,37000,37000,BIG=35000|MID=36000|usb_pwr_therm=29257|btmspkr_therm=29212|disp_therm=29279|north_therm=29524|soc_therm=31950|battery=29300|battery_cycle=5|dc-mains=32500|usbc-therm-adc=325|max77779fg=29300|LITTLE=35000|soc=9|smpl_gm=0|vdroop1=0|batoilo=0|batoilo2=0|batt_vs=29293|mdis_morepower=0|thb_hda=51|cp_on_chip_0=36000|cp_on_chip_1=37000|G3D=34000|cp_on_chip_2=37000|cp_on_chip_3=35000|cp_on_chip_4=35000|rf2_therm=33000|rf1_therm=34000|ISP=33000|TPU=34000|AUR=34000|rfpa_therm=30325|quiet_therm=30748|charging_therm=32195|,BIG=35000|MID=36000|usb_pwr_therm=29257|btmspkr_therm=29235|disp_therm=29279|north_therm=29524|soc_therm=32039|battery=29300|battery_cycle=5|dc-mains=32500|usbc-therm-adc=325|max77779fg=29300|LITTLE=35000|soc=9|smpl_gm=0|vdroop1=0|batoilo=0|batoilo2=0|batt_vs=29294|mdis_morepower=0|thb_hda=51|cp_on_chip_0=36000|cp_on_chip_1=37000|G3D=34000|cp_on_chip_2=37000|cp_on_chip_3=35000|cp_on_chip_4=35000|rf2_therm=33000|rf1_therm=34000|ISP=34000|TPU=34000|AUR=34000|rfpa_therm=30325|quiet_therm=30793|charging_therm=32240|,ok,39000,37000,0,37000,1,batched,untouched,4096,256,28,1,10254,0,2441,0,4,4,ok
1,1,protected,4,648000,1795000,37000,37000,BIG=35000|MID=36000|usb_pwr_therm=29257|btmspkr_therm=29212|disp_therm=29279|north_therm=29524|soc_therm=31950|battery=29300|battery_cycle=5|dc-mains=32500|usbc-therm-adc=325|max77779fg=29300|LITTLE=35000|soc=9|smpl_gm=0|vdroop1=0|batoilo=0|batoilo2=0|batt_vs=29293|mdis_morepower=0|thb_hda=51|cp_on_chip_0=36000|cp_on_chip_1=37000|G3D=34000|cp_on_chip_2=37000|cp_on_chip_3=35000|cp_on_chip_4=35000|rf2_therm=33000|rf1_therm=34000|ISP=33000|TPU=34000|AUR=34000|rfpa_therm=30325|quiet_therm=30748|charging_therm=32195|,BIG=35000|MID=36000|usb_pwr_therm=29257|btmspkr_therm=29235|disp_therm=29279|north_therm=29524|soc_therm=32039|battery=29300|battery_cycle=5|dc-mains=32500|usbc-therm-adc=325|max77779fg=29300|LITTLE=35000|soc=9|smpl_gm=0|vdroop1=0|batoilo=0|batoilo2=0|batt_vs=29294|mdis_morepower=0|thb_hda=51|cp_on_chip_0=36000|cp_on_chip_1=37000|G3D=34000|cp_on_chip_2=37000|cp_on_chip_3=35000|cp_on_chip_4=35000|rf2_therm=33000|rf1_therm=34000|ISP=34000|TPU=34000|AUR=34000|rfpa_therm=30325|quiet_therm=30793|charging_therm=32240|,ok,39000,37000,0,37000,1,batched,untouched,4096,256,29,1,10458,0,2441,0,4,4,ok
1,2,protected,4,578000,648000,37000,37000,BIG=37000|MID=36000|usb_pwr_therm=29279|btmspkr_therm=29257|disp_therm=29301|north_therm=29524|soc_therm=32106|battery=29300|battery_cycle=5|dc-mains=33000|usbc-therm-adc=330|max77779fg=29300|LITTLE=35000|soc=9|smpl_gm=0|vdroop1=0|batoilo=0|batoilo2=0|batt_vs=29293|mdis_morepower=0|thb_hda=51|cp_on_chip_0=36000|cp_on_chip_1=37000|G3D=34000|cp_on_chip_2=37000|cp_on_chip_3=35000|cp_on_chip_4=35000|rf2_therm=33000|rf1_therm=34000|ISP=33000|TPU=34000|AUR=34000|rfpa_therm=30348|quiet_therm=30837|charging_therm=32306|,BIG=37000|MID=36000|usb_pwr_therm=29279|btmspkr_therm=29257|disp_therm=29301|north_therm=29524|soc_therm=32106|battery=29300|battery_cycle=5|dc-mains=33000|usbc-therm-adc=330|max77779fg=29300|LITTLE=35000|soc=9|smpl_gm=0|vdroop1=0|batoilo=0|batoilo2=0|batt_vs=29294|mdis_morepower=0|thb_hda=51|cp_on_chip_0=36000|cp_on_chip_1=37000|G3D=34000|cp_on_chip_2=37000|cp_on_chip_3=35000|cp_on_chip_4=35000|rf2_therm=33000|rf1_therm=34000|ISP=34000|TPU=34000|AUR=34000|rfpa_therm=30348|quiet_therm=30837|charging_therm=32306|,ok,39000,37000,0,37000,1,batched,touched,4096,256,0,1,1477458,256,99528,0,4,4,ok
1,2,protected,4,578000,648000,37000,37000,BIG=37000|MID=36000|usb_pwr_therm=29279|btmspkr_therm=29257|disp_therm=29301|north_therm=29524|soc_therm=32106|battery=29300|battery_cycle=5|dc-mains=33000|usbc-therm-adc=330|max77779fg=29300|LITTLE=35000|soc=9|smpl_gm=0|vdroop1=0|batoilo=0|batoilo2=0|batt_vs=29293|mdis_morepower=0|thb_hda=51|cp_on_chip_0=36000|cp_on_chip_1=37000|G3D=34000|cp_on_chip_2=37000|cp_on_chip_3=35000|cp_on_chip_4=35000|rf2_therm=33000|rf1_therm=34000|ISP=33000|TPU=34000|AUR=34000|rfpa_therm=30348|quiet_therm=30837|charging_therm=32306|,BIG=37000|MID=36000|usb_pwr_therm=29279|btmspkr_therm=29257|disp_therm=29301|north_therm=29524|soc_therm=32106|battery=29300|battery_cycle=5|dc-mains=33000|usbc-therm-adc=330|max77779fg=29300|LITTLE=35000|soc=9|smpl_gm=0|vdroop1=0|batoilo=0|batoilo2=0|batt_vs=29294|mdis_morepower=0|thb_hda=51|cp_on_chip_0=36000|cp_on_chip_1=37000|G3D=34000|cp_on_chip_2=37000|cp_on_chip_3=35000|cp_on_chip_4=35000|rf2_therm=33000|rf1_therm=34000|ISP=34000|TPU=34000|AUR=34000|rfpa_therm=30348|quiet_therm=30837|charging_therm=32306|,ok,39000,37000,0,37000,1,batched,touched,4096,256,1,1,971436,256,104166,0,4,4,ok
1,2,protected,4,578000,648000,37000,37000,BIG=37000|MID=36000|usb_pwr_therm=29279|btmspkr_therm=29257|disp_therm=29301|north_therm=29524|soc_therm=32106|battery=29300|battery_cycle=5|dc-mains=33000|usbc-therm-adc=330|max77779fg=29300|LITTLE=35000|soc=9|smpl_gm=0|vdroop1=0|batoilo=0|batoilo2=0|batt_vs=29293|mdis_morepower=0|thb_hda=51|cp_on_chip_0=36000|cp_on_chip_1=37000|G3D=34000|cp_on_chip_2=37000|cp_on_chip_3=35000|cp_on_chip_4=35000|rf2_therm=33000|rf1_therm=34000|ISP=33000|TPU=34000|AUR=34000|rfpa_therm=30348|quiet_therm=30837|charging_therm=32306|,BIG=37000|MID=36000|usb_pwr_therm=29279|btmspkr_therm=29257|disp_therm=29301|north_therm=29524|soc_therm=32106|battery=29300|battery_cycle=5|dc-mains=33000|usbc-therm-adc=330|max77779fg=29300|LITTLE=35000|soc=9|smpl_gm=0|vdroop1=0|batoilo=0|batoilo2=0|batt_vs=29294|mdis_morepower=0|thb_hda=51|cp_on_chip_0=36000|cp_on_chip_1=37000|G3D=34000|cp_on_chip_2=37000|cp_on_chip_3=35000|cp_on_chip_4=35000|rf2_therm=33000|rf1_therm=34000|ISP=34000|TPU=34000|AUR=34000|rfpa_therm=30348|quiet_therm=30837|charging_therm=32306|,ok,39000,37000,0,37000,1,batched,touched,4096,256,2,1,991455,256,89762,0,4,4,ok
1,2,protected,4,578000,648000,37000,37000,BIG=37000|MID=36000|usb_pwr_therm=29279|btmspkr_therm=29257|disp_therm=29301|north_therm=29524|soc_therm=32106|battery=29300|battery_cycle=5|dc-mains=33000|usbc-therm-adc=330|max77779fg=29300|LITTLE=35000|soc=9|smpl_gm=0|vdroop1=0|batoilo=0|batoilo2=0|batt_vs=29293|mdis_morepower=0|thb_hda=51|cp_on_chip_0=36000|cp_on_chip_1=37000|G3D=34000|cp_on_chip_2=37000|cp_on_chip_3=35000|cp_on_chip_4=35000|rf2_therm=33000|rf1_therm=34000|ISP=33000|TPU=34000|AUR=34000|rfpa_therm=30348|quiet_therm=30837|charging_therm=32306|,BIG=37000|MID=36000|usb_pwr_therm=29279|btmspkr_therm=29257|disp_therm=29301|north_therm=29524|soc_therm=32106|battery=29300|battery_cycle=5|dc-mains=33000|usbc-therm-adc=330|max77779fg=29300|LITTLE=35000|soc=9|smpl_gm=0|vdroop1=0|batoilo=0|batoilo2=0|batt_vs=29294|mdis_morepower=0|thb_hda=51|cp_on_chip_0=36000|cp_on_chip_1=37000|G3D=34000|cp_on_chip_2=37000|cp_on_chip_3=35000|cp_on_chip_4=35000|rf2_therm=33000|rf1_therm=34000|ISP=34000|TPU=34000|AUR=34000|rfpa_therm=30348|quiet_therm=30837|charging_therm=32306|,ok,39000,37000,0,37000,1,batched,touched,4096,256,3,1,1018555,256,90291,0,4,4,ok
1,2,protected,4,578000,648000,37000,37000,BIG=37000|MID=36000|usb_pwr_therm=29279|btmspkr_therm=29257|disp_therm=29301|north_therm=29524|soc_therm=32106|battery=29300|battery_cycle=5|dc-mains=33000|usbc-therm-adc=330|max77779fg=29300|LITTLE=35000|soc=9|smpl_gm=0|vdroop1=0|batoilo=0|batoilo2=0|batt_vs=29293|mdis_morepower=0|thb_hda=51|cp_on_chip_0=36000|cp_on_chip_1=37000|G3D=34000|cp_on_chip_2=37000|cp_on_chip_3=35000|cp_on_chip_4=35000|rf2_therm=33000|rf1_therm=34000|ISP=33000|TPU=34000|AUR=34000|rfpa_therm=30348|quiet_therm=30837|charging_therm=32306|,BIG=37000|MID=36000|usb_pwr_therm=29279|btmspkr_therm=29257|disp_therm=29301|north_therm=29524|soc_therm=32106|battery=29300|battery_cycle=5|dc-mains=33000|usbc-therm-adc=330|max77779fg=29300|LITTLE=35000|soc=9|smpl_gm=0|vdroop1=0|batoilo=0|batoilo2=0|batt_vs=29294|mdis_morepower=0|thb_hda=51|cp_on_chip_0=36000|cp_on_chip_1=37000|G3D=34000|cp_on_chip_2=37000|cp_on_chip_3=35000|cp_on_chip_4=35000|rf2_therm=33000|rf1_therm=34000|ISP=34000|TPU=34000|AUR=34000|rfpa_therm=30348|quiet_therm=30837|charging_therm=32306|,ok,39000,37000,0,37000,1,batched,touched,4096,256,4,1,973430,256,91552,0,4,4,ok
1,2,protected,4,578000,648000,37000,37000,BIG=37000|MID=36000|usb_pwr_therm=29279|btmspkr_therm=29257|disp_therm=29301|north_therm=29524|soc_therm=32106|battery=29300|battery_cycle=5|dc-mains=33000|usbc-therm-adc=330|max77779fg=29300|LITTLE=35000|soc=9|smpl_gm=0|vdroop1=0|batoilo=0|batoilo2=0|batt_vs=29293|mdis_morepower=0|thb_hda=51|cp_on_chip_0=36000|cp_on_chip_1=37000|G3D=34000|cp_on_chip_2=37000|cp_on_chip_3=35000|cp_on_chip_4=35000|rf2_therm=33000|rf1_therm=34000|ISP=33000|TPU=34000|AUR=34000|rfpa_therm=30348|quiet_therm=30837|charging_therm=32306|,BIG=37000|MID=36000|usb_pwr_therm=29279|btmspkr_therm=29257|disp_therm=29301|north_therm=29524|soc_therm=32106|battery=29300|battery_cycle=5|dc-mains=33000|usbc-therm-adc=330|max77779fg=29300|LITTLE=35000|soc=9|smpl_gm=0|vdroop1=0|batoilo=0|batoilo2=0|batt_vs=29294|mdis_morepower=0|thb_hda=51|cp_on_chip_0=36000|cp_on_chip_1=37000|G3D=34000|cp_on_chip_2=37000|cp_on_chip_3=35000|cp_on_chip_4=35000|rf2_therm=33000|rf1_therm=34000|ISP=34000|TPU=34000|AUR=34000|rfpa_therm=30348|quiet_therm=30837|charging_therm=32306|,ok,39000,37000,0,37000,1,batched,touched,4096,256,5,1,959717,256,91716,0,4,4,ok
1,2,protected,4,578000,648000,37000,37000,BIG=37000|MID=36000|usb_pwr_therm=29279|btmspkr_therm=29257|disp_therm=29301|north_therm=29524|soc_therm=32106|battery=29300|battery_cycle=5|dc-mains=33000|usbc-therm-adc=330|max77779fg=29300|LITTLE=35000|soc=9|smpl_gm=0|vdroop1=0|batoilo=0|batoilo2=0|batt_vs=29293|mdis_morepower=0|thb_hda=51|cp_on_chip_0=36000|cp_on_chip_1=37000|G3D=34000|cp_on_chip_2=37000|cp_on_chip_3=35000|cp_on_chip_4=35000|rf2_therm=33000|rf1_therm=34000|ISP=33000|TPU=34000|AUR=34000|rfpa_therm=30348|quiet_therm=30837|charging_therm=32306|,BIG=37000|MID=36000|usb_pwr_therm=29279|btmspkr_therm=29257|disp_therm=29301|north_therm=29524|soc_therm=32106|battery=29300|battery_cycle=5|dc-mains=33000|usbc-therm-adc=330|max77779fg=29300|LITTLE=35000|soc=9|smpl_gm=0|vdroop1=0|batoilo=0|batoilo2=0|batt_vs=29294|mdis_morepower=0|thb_hda=51|cp_on_chip_0=36000|cp_on_chip_1=37000|G3D=34000|cp_on_chip_2=37000|cp_on_chip_3=35000|cp_on_chip_4=35000|rf2_therm=33000|rf1_therm=34000|ISP=34000|TPU=34000|AUR=34000|rfpa_therm=30348|quiet_therm=30837|charging_therm=32306|,ok,39000,37000,0,37000,1,batched,touched,4096,256,6,1,970785,256,90536,0,4,4,ok
1,2,protected,4,578000,648000,37000,37000,BIG=37000|MID=36000|usb_pwr_therm=29279|btmspkr_therm=29257|disp_therm=29301|north_therm=29524|soc_therm=32106|battery=29300|battery_cycle=5|dc-mains=33000|usbc-therm-adc=330|max77779fg=29300|LITTLE=35000|soc=9|smpl_gm=0|vdroop1=0|batoilo=0|batoilo2=0|batt_vs=29293|mdis_morepower=0|thb_hda=51|cp_on_chip_0=36000|cp_on_chip_1=37000|G3D=34000|cp_on_chip_2=37000|cp_on_chip_3=35000|cp_on_chip_4=35000|rf2_therm=33000|rf1_therm=34000|ISP=33000|TPU=34000|AUR=34000|rfpa_therm=30348|quiet_therm=30837|charging_therm=32306|,BIG=37000|MID=36000|usb_pwr_therm=29279|btmspkr_therm=29257|disp_therm=29301|north_therm=29524|soc_therm=32106|battery=29300|battery_cycle=5|dc-mains=33000|usbc-therm-adc=330|max77779fg=29300|LITTLE=35000|soc=9|smpl_gm=0|vdroop1=0|batoilo=0|batoilo2=0|batt_vs=29294|mdis_morepower=0|thb_hda=51|cp_on_chip_0=36000|cp_on_chip_1=37000|G3D=34000|cp_on_chip_2=37000|cp_on_chip_3=35000|cp_on_chip_4=35000|rf2_therm=33000|rf1_therm=34000|ISP=34000|TPU=34000|AUR=34000|rfpa_therm=30348|quiet_therm=30837|charging_therm=32306|,ok,39000,37000,0,37000,1,batched,touched,4096,256,7,1,1136109,256,85572,0,4,4,ok
1,2,protected,4,578000,648000,37000,37000,BIG=37000|MID=36000|usb_pwr_therm=29279|btmspkr_therm=29257|disp_therm=29301|north_therm=29524|soc_therm=32106|battery=29300|battery_cycle=5|dc-mains=33000|usbc-therm-adc=330|max77779fg=29300|LITTLE=35000|soc=9|smpl_gm=0|vdroop1=0|batoilo=0|batoilo2=0|batt_vs=29293|mdis_morepower=0|thb_hda=51|cp_on_chip_0=36000|cp_on_chip_1=37000|G3D=34000|cp_on_chip_2=37000|cp_on_chip_3=35000|cp_on_chip_4=35000|rf2_therm=33000|rf1_therm=34000|ISP=33000|TPU=34000|AUR=34000|rfpa_therm=30348|quiet_therm=30837|charging_therm=32306|,BIG=37000|MID=36000|usb_pwr_therm=29279|btmspkr_therm=29257|disp_therm=29301|north_therm=29524|soc_therm=32106|battery=29300|battery_cycle=5|dc-mains=33000|usbc-therm-adc=330|max77779fg=29300|LITTLE=35000|soc=9|smpl_gm=0|vdroop1=0|batoilo=0|batoilo2=0|batt_vs=29294|mdis_morepower=0|thb_hda=51|cp_on_chip_0=36000|cp_on_chip_1=37000|G3D=34000|cp_on_chip_2=37000|cp_on_chip_3=35000|cp_on_chip_4=35000|rf2_therm=33000|rf1_therm=34000|ISP=34000|TPU=34000|AUR=34000|rfpa_therm=30348|quiet_therm=30837|charging_therm=32306|,ok,39000,37000,0,37000,1,batched,touched,4096,256,8,1,889038,256,81340,0,4,4,ok
1,2,protected,4,578000,648000,37000,37000,BIG=37000|MID=36000|usb_pwr_therm=29279|btmspkr_therm=29257|disp_therm=29301|north_therm=29524|soc_therm=32106|battery=29300|battery_cycle=5|dc-mains=33000|usbc-therm-adc=330|max77779fg=29300|LITTLE=35000|soc=9|smpl_gm=0|vdroop1=0|batoilo=0|batoilo2=0|batt_vs=29293|mdis_morepower=0|thb_hda=51|cp_on_chip_0=36000|cp_on_chip_1=37000|G3D=34000|cp_on_chip_2=37000|cp_on_chip_3=35000|cp_on_chip_4=35000|rf2_therm=33000|rf1_therm=34000|ISP=33000|TPU=34000|AUR=34000|rfpa_therm=30348|quiet_therm=30837|charging_therm=32306|,BIG=37000|MID=36000|usb_pwr_therm=29279|btmspkr_therm=29257|disp_therm=29301|north_therm=29524|soc_therm=32106|battery=29300|battery_cycle=5|dc-mains=33000|usbc-therm-adc=330|max77779fg=29300|LITTLE=35000|soc=9|smpl_gm=0|vdroop1=0|batoilo=0|batoilo2=0|batt_vs=29294|mdis_morepower=0|thb_hda=51|cp_on_chip_0=36000|cp_on_chip_1=37000|G3D=34000|cp_on_chip_2=37000|cp_on_chip_3=35000|cp_on_chip_4=35000|rf2_therm=33000|rf1_therm=34000|ISP=34000|TPU=34000|AUR=34000|rfpa_therm=30348|quiet_therm=30837|charging_therm=32306|,ok,39000,37000,0,37000,1,batched,touched,4096,256,9,1,884196,256,81136,0,4,4,ok
1,2,protected,4,578000,648000,37000,37000,BIG=37000|MID=36000|usb_pwr_therm=29279|btmspkr_therm=29257|disp_therm=29301|north_therm=29524|soc_therm=32106|battery=29300|battery_cycle=5|dc-mains=33000|usbc-therm-adc=330|max77779fg=29300|LITTLE=35000|soc=9|smpl_gm=0|vdroop1=0|batoilo=0|batoilo2=0|batt_vs=29293|mdis_morepower=0|thb_hda=51|cp_on_chip_0=36000|cp_on_chip_1=37000|G3D=34000|cp_on_chip_2=37000|cp_on_chip_3=35000|cp_on_chip_4=35000|rf2_therm=33000|rf1_therm=34000|ISP=33000|TPU=34000|AUR=34000|rfpa_therm=30348|quiet_therm=30837|charging_therm=32306|,BIG=37000|MID=36000|usb_pwr_therm=29279|btmspkr_therm=29257|disp_therm=29301|north_therm=29524|soc_therm=32106|battery=29300|battery_cycle=5|dc-mains=33000|usbc-therm-adc=330|max77779fg=29300|LITTLE=35000|soc=9|smpl_gm=0|vdroop1=0|batoilo=0|batoilo2=0|batt_vs=29294|mdis_morepower=0|thb_hda=51|cp_on_chip_0=36000|cp_on_chip_1=37000|G3D=34000|cp_on_chip_2=37000|cp_on_chip_3=35000|cp_on_chip_4=35000|rf2_therm=33000|rf1_therm=34000|ISP=34000|TPU=34000|AUR=34000|rfpa_therm=30348|quiet_therm=30837|charging_therm=32306|,ok,39000,37000,0,37000,1,batched,touched,4096,256,10,1,881266,256,79956,0,4,4,ok
1,2,protected,4,578000,648000,37000,37000,BIG=37000|MID=36000|usb_pwr_therm=29279|btmspkr_therm=29257|disp_therm=29301|north_therm=29524|soc_therm=32106|battery=29300|battery_cycle=5|dc-mains=33000|usbc-therm-adc=330|max77779fg=29300|LITTLE=35000|soc=9|smpl_gm=0|vdroop1=0|batoilo=0|batoilo2=0|batt_vs=29293|mdis_morepower=0|thb_hda=51|cp_on_chip_0=36000|cp_on_chip_1=37000|G3D=34000|cp_on_chip_2=37000|cp_on_chip_3=35000|cp_on_chip_4=35000|rf2_therm=33000|rf1_therm=34000|ISP=33000|TPU=34000|AUR=34000|rfpa_therm=30348|quiet_therm=30837|charging_therm=32306|,BIG=37000|MID=36000|usb_pwr_therm=29279|btmspkr_therm=29257|disp_therm=29301|north_therm=29524|soc_therm=32106|battery=29300|battery_cycle=5|dc-mains=33000|usbc-therm-adc=330|max77779fg=29300|LITTLE=35000|soc=9|smpl_gm=0|vdroop1=0|batoilo=0|batoilo2=0|batt_vs=29294|mdis_morepower=0|thb_hda=51|cp_on_chip_0=36000|cp_on_chip_1=37000|G3D=34000|cp_on_chip_2=37000|cp_on_chip_3=35000|cp_on_chip_4=35000|rf2_therm=33000|rf1_therm=34000|ISP=34000|TPU=34000|AUR=34000|rfpa_therm=30348|quiet_therm=30837|charging_therm=32306|,ok,39000,37000,0,37000,1,batched,touched,4096,256,11,1,914632,256,99528,0,4,4,ok
1,2,protected,4,578000,648000,37000,37000,BIG=37000|MID=36000|usb_pwr_therm=29279|btmspkr_therm=29257|disp_therm=29301|north_therm=29524|soc_therm=32106|battery=29300|battery_cycle=5|dc-mains=33000|usbc-therm-adc=330|max77779fg=29300|LITTLE=35000|soc=9|smpl_gm=0|vdroop1=0|batoilo=0|batoilo2=0|batt_vs=29293|mdis_morepower=0|thb_hda=51|cp_on_chip_0=36000|cp_on_chip_1=37000|G3D=34000|cp_on_chip_2=37000|cp_on_chip_3=35000|cp_on_chip_4=35000|rf2_therm=33000|rf1_therm=34000|ISP=33000|TPU=34000|AUR=34000|rfpa_therm=30348|quiet_therm=30837|charging_therm=32306|,BIG=37000|MID=36000|usb_pwr_therm=29279|btmspkr_therm=29257|disp_therm=29301|north_therm=29524|soc_therm=32106|battery=29300|battery_cycle=5|dc-mains=33000|usbc-therm-adc=330|max77779fg=29300|LITTLE=35000|soc=9|smpl_gm=0|vdroop1=0|batoilo=0|batoilo2=0|batt_vs=29294|mdis_morepower=0|thb_hda=51|cp_on_chip_0=36000|cp_on_chip_1=37000|G3D=34000|cp_on_chip_2=37000|cp_on_chip_3=35000|cp_on_chip_4=35000|rf2_therm=33000|rf1_therm=34000|ISP=34000|TPU=34000|AUR=34000|rfpa_therm=30348|quiet_therm=30837|charging_therm=32306|,ok,39000,37000,0,37000,1,batched,touched,4096,256,12,1,882406,256,80648,0,4,4,ok
1,2,protected,4,578000,648000,37000,37000,BIG=37000|MID=36000|usb_pwr_therm=29279|btmspkr_therm=29257|disp_therm=29301|north_therm=29524|soc_therm=32106|battery=29300|battery_cycle=5|dc-mains=33000|usbc-therm-adc=330|max77779fg=29300|LITTLE=35000|soc=9|smpl_gm=0|vdroop1=0|batoilo=0|batoilo2=0|batt_vs=29293|mdis_morepower=0|thb_hda=51|cp_on_chip_0=36000|cp_on_chip_1=37000|G3D=34000|cp_on_chip_2=37000|cp_on_chip_3=35000|cp_on_chip_4=35000|rf2_therm=33000|rf1_therm=34000|ISP=33000|TPU=34000|AUR=34000|rfpa_therm=30348|quiet_therm=30837|charging_therm=32306|,BIG=37000|MID=36000|usb_pwr_therm=29279|btmspkr_therm=29257|disp_therm=29301|north_therm=29524|soc_therm=32106|battery=29300|battery_cycle=5|dc-mains=33000|usbc-therm-adc=330|max77779fg=29300|LITTLE=35000|soc=9|smpl_gm=0|vdroop1=0|batoilo=0|batoilo2=0|batt_vs=29294|mdis_morepower=0|thb_hda=51|cp_on_chip_0=36000|cp_on_chip_1=37000|G3D=34000|cp_on_chip_2=37000|cp_on_chip_3=35000|cp_on_chip_4=35000|rf2_therm=33000|rf1_therm=34000|ISP=34000|TPU=34000|AUR=34000|rfpa_therm=30348|quiet_therm=30837|charging_therm=32306|,ok,39000,37000,0,37000,1,batched,touched,4096,256,13,1,875366,256,80200,0,4,4,ok
1,2,protected,4,578000,648000,37000,37000,BIG=37000|MID=36000|usb_pwr_therm=29279|btmspkr_therm=29257|disp_therm=29301|north_therm=29524|soc_therm=32106|battery=29300|battery_cycle=5|dc-mains=33000|usbc-therm-adc=330|max77779fg=29300|LITTLE=35000|soc=9|smpl_gm=0|vdroop1=0|batoilo=0|batoilo2=0|batt_vs=29293|mdis_morepower=0|thb_hda=51|cp_on_chip_0=36000|cp_on_chip_1=37000|G3D=34000|cp_on_chip_2=37000|cp_on_chip_3=35000|cp_on_chip_4=35000|rf2_therm=33000|rf1_therm=34000|ISP=33000|TPU=34000|AUR=34000|rfpa_therm=30348|quiet_therm=30837|charging_therm=32306|,BIG=37000|MID=36000|usb_pwr_therm=29279|btmspkr_therm=29257|disp_therm=29301|north_therm=29524|soc_therm=32106|battery=29300|battery_cycle=5|dc-mains=33000|usbc-therm-adc=330|max77779fg=29300|LITTLE=35000|soc=9|smpl_gm=0|vdroop1=0|batoilo=0|batoilo2=0|batt_vs=29294|mdis_morepower=0|thb_hda=51|cp_on_chip_0=36000|cp_on_chip_1=37000|G3D=34000|cp_on_chip_2=37000|cp_on_chip_3=35000|cp_on_chip_4=35000|rf2_therm=33000|rf1_therm=34000|ISP=34000|TPU=34000|AUR=34000|rfpa_therm=30348|quiet_therm=30837|charging_therm=32306|,ok,39000,37000,0,37000,1,batched,touched,4096,256,14,1,873046,256,168579,0,4,4,ok
1,2,protected,4,578000,648000,37000,37000,BIG=37000|MID=36000|usb_pwr_therm=29279|btmspkr_therm=29257|disp_therm=29301|north_therm=29524|soc_therm=32106|battery=29300|battery_cycle=5|dc-mains=33000|usbc-therm-adc=330|max77779fg=29300|LITTLE=35000|soc=9|smpl_gm=0|vdroop1=0|batoilo=0|batoilo2=0|batt_vs=29293|mdis_morepower=0|thb_hda=51|cp_on_chip_0=36000|cp_on_chip_1=37000|G3D=34000|cp_on_chip_2=37000|cp_on_chip_3=35000|cp_on_chip_4=35000|rf2_therm=33000|rf1_therm=34000|ISP=33000|TPU=34000|AUR=34000|rfpa_therm=30348|quiet_therm=30837|charging_therm=32306|,BIG=37000|MID=36000|usb_pwr_therm=29279|btmspkr_therm=29257|disp_therm=29301|north_therm=29524|soc_therm=32106|battery=29300|battery_cycle=5|dc-mains=33000|usbc-therm-adc=330|max77779fg=29300|LITTLE=35000|soc=9|smpl_gm=0|vdroop1=0|batoilo=0|batoilo2=0|batt_vs=29294|mdis_morepower=0|thb_hda=51|cp_on_chip_0=36000|cp_on_chip_1=37000|G3D=34000|cp_on_chip_2=37000|cp_on_chip_3=35000|cp_on_chip_4=35000|rf2_therm=33000|rf1_therm=34000|ISP=34000|TPU=34000|AUR=34000|rfpa_therm=30348|quiet_therm=30837|charging_therm=32306|,ok,39000,37000,0,37000,1,batched,touched,4096,256,15,1,862875,256,68847,0,4,4,ok
1,2,protected,4,578000,648000,37000,37000,BIG=37000|MID=36000|usb_pwr_therm=29279|btmspkr_therm=29257|disp_therm=29301|north_therm=29524|soc_therm=32106|battery=29300|battery_cycle=5|dc-mains=33000|usbc-therm-adc=330|max77779fg=29300|LITTLE=35000|soc=9|smpl_gm=0|vdroop1=0|batoilo=0|batoilo2=0|batt_vs=29293|mdis_morepower=0|thb_hda=51|cp_on_chip_0=36000|cp_on_chip_1=37000|G3D=34000|cp_on_chip_2=37000|cp_on_chip_3=35000|cp_on_chip_4=35000|rf2_therm=33000|rf1_therm=34000|ISP=33000|TPU=34000|AUR=34000|rfpa_therm=30348|quiet_therm=30837|charging_therm=32306|,BIG=37000|MID=36000|usb_pwr_therm=29279|btmspkr_therm=29257|disp_therm=29301|north_therm=29524|soc_therm=32106|battery=29300|battery_cycle=5|dc-mains=33000|usbc-therm-adc=330|max77779fg=29300|LITTLE=35000|soc=9|smpl_gm=0|vdroop1=0|batoilo=0|batoilo2=0|batt_vs=29294|mdis_morepower=0|thb_hda=51|cp_on_chip_0=36000|cp_on_chip_1=37000|G3D=34000|cp_on_chip_2=37000|cp_on_chip_3=35000|cp_on_chip_4=35000|rf2_therm=33000|rf1_therm=34000|ISP=34000|TPU=34000|AUR=34000|rfpa_therm=30348|quiet_therm=30837|charging_therm=32306|,ok,39000,37000,0,37000,1,batched,touched,4096,256,16,1,720052,256,70393,0,4,4,ok
1,2,protected,4,578000,648000,37000,37000,BIG=37000|MID=36000|usb_pwr_therm=29279|btmspkr_therm=29257|disp_therm=29301|north_therm=29524|soc_therm=32106|battery=29300|battery_cycle=5|dc-mains=33000|usbc-therm-adc=330|max77779fg=29300|LITTLE=35000|soc=9|smpl_gm=0|vdroop1=0|batoilo=0|batoilo2=0|batt_vs=29293|mdis_morepower=0|thb_hda=51|cp_on_chip_0=36000|cp_on_chip_1=37000|G3D=34000|cp_on_chip_2=37000|cp_on_chip_3=35000|cp_on_chip_4=35000|rf2_therm=33000|rf1_therm=34000|ISP=33000|TPU=34000|AUR=34000|rfpa_therm=30348|quiet_therm=30837|charging_therm=32306|,BIG=37000|MID=36000|usb_pwr_therm=29279|btmspkr_therm=29257|disp_therm=29301|north_therm=29524|soc_therm=32106|battery=29300|battery_cycle=5|dc-mains=33000|usbc-therm-adc=330|max77779fg=29300|LITTLE=35000|soc=9|smpl_gm=0|vdroop1=0|batoilo=0|batoilo2=0|batt_vs=29294|mdis_morepower=0|thb_hda=51|cp_on_chip_0=36000|cp_on_chip_1=37000|G3D=34000|cp_on_chip_2=37000|cp_on_chip_3=35000|cp_on_chip_4=35000|rf2_therm=33000|rf1_therm=34000|ISP=34000|TPU=34000|AUR=34000|rfpa_therm=30348|quiet_therm=30837|charging_therm=32306|,ok,39000,37000,0,37000,1,batched,touched,4096,256,17,1,731241,256,68034,0,4,4,ok
1,2,protected,4,578000,648000,37000,37000,BIG=37000|MID=36000|usb_pwr_therm=29279|btmspkr_therm=29257|disp_therm=29301|north_therm=29524|soc_therm=32106|battery=29300|battery_cycle=5|dc-mains=33000|usbc-therm-adc=330|max77779fg=29300|LITTLE=35000|soc=9|smpl_gm=0|vdroop1=0|batoilo=0|batoilo2=0|batt_vs=29293|mdis_morepower=0|thb_hda=51|cp_on_chip_0=36000|cp_on_chip_1=37000|G3D=34000|cp_on_chip_2=37000|cp_on_chip_3=35000|cp_on_chip_4=35000|rf2_therm=33000|rf1_therm=34000|ISP=33000|TPU=34000|AUR=34000|rfpa_therm=30348|quiet_therm=30837|charging_therm=32306|,BIG=37000|MID=36000|usb_pwr_therm=29279|btmspkr_therm=29257|disp_therm=29301|north_therm=29524|soc_therm=32106|battery=29300|battery_cycle=5|dc-mains=33000|usbc-therm-adc=330|max77779fg=29300|LITTLE=35000|soc=9|smpl_gm=0|vdroop1=0|batoilo=0|batoilo2=0|batt_vs=29294|mdis_morepower=0|thb_hda=51|cp_on_chip_0=36000|cp_on_chip_1=37000|G3D=34000|cp_on_chip_2=37000|cp_on_chip_3=35000|cp_on_chip_4=35000|rf2_therm=33000|rf1_therm=34000|ISP=34000|TPU=34000|AUR=34000|rfpa_therm=30348|quiet_therm=30837|charging_therm=32306|,ok,39000,37000,0,37000,1,batched,touched,4096,256,18,1,708862,256,67017,0,4,4,ok
1,2,protected,4,578000,648000,37000,37000,BIG=37000|MID=36000|usb_pwr_therm=29279|btmspkr_therm=29257|disp_therm=29301|north_therm=29524|soc_therm=32106|battery=29300|battery_cycle=5|dc-mains=33000|usbc-therm-adc=330|max77779fg=29300|LITTLE=35000|soc=9|smpl_gm=0|vdroop1=0|batoilo=0|batoilo2=0|batt_vs=29293|mdis_morepower=0|thb_hda=51|cp_on_chip_0=36000|cp_on_chip_1=37000|G3D=34000|cp_on_chip_2=37000|cp_on_chip_3=35000|cp_on_chip_4=35000|rf2_therm=33000|rf1_therm=34000|ISP=33000|TPU=34000|AUR=34000|rfpa_therm=30348|quiet_therm=30837|charging_therm=32306|,BIG=37000|MID=36000|usb_pwr_therm=29279|btmspkr_therm=29257|disp_therm=29301|north_therm=29524|soc_therm=32106|battery=29300|battery_cycle=5|dc-mains=33000|usbc-therm-adc=330|max77779fg=29300|LITTLE=35000|soc=9|smpl_gm=0|vdroop1=0|batoilo=0|batoilo2=0|batt_vs=29294|mdis_morepower=0|thb_hda=51|cp_on_chip_0=36000|cp_on_chip_1=37000|G3D=34000|cp_on_chip_2=37000|cp_on_chip_3=35000|cp_on_chip_4=35000|rf2_therm=33000|rf1_therm=34000|ISP=34000|TPU=34000|AUR=34000|rfpa_therm=30348|quiet_therm=30837|charging_therm=32306|,ok,39000,37000,0,37000,1,batched,touched,4096,256,19,1,779785,256,98226,0,4,4,ok
1,2,protected,4,578000,648000,37000,37000,BIG=37000|MID=36000|usb_pwr_therm=29279|btmspkr_therm=29257|disp_therm=29301|north_therm=29524|soc_therm=32106|battery=29300|battery_cycle=5|dc-mains=33000|usbc-therm-adc=330|max77779fg=29300|LITTLE=35000|soc=9|smpl_gm=0|vdroop1=0|batoilo=0|batoilo2=0|batt_vs=29293|mdis_morepower=0|thb_hda=51|cp_on_chip_0=36000|cp_on_chip_1=37000|G3D=34000|cp_on_chip_2=37000|cp_on_chip_3=35000|cp_on_chip_4=35000|rf2_therm=33000|rf1_therm=34000|ISP=33000|TPU=34000|AUR=34000|rfpa_therm=30348|quiet_therm=30837|charging_therm=32306|,BIG=37000|MID=36000|usb_pwr_therm=29279|btmspkr_therm=29257|disp_therm=29301|north_therm=29524|soc_therm=32106|battery=29300|battery_cycle=5|dc-mains=33000|usbc-therm-adc=330|max77779fg=29300|LITTLE=35000|soc=9|smpl_gm=0|vdroop1=0|batoilo=0|batoilo2=0|batt_vs=29294|mdis_morepower=0|thb_hda=51|cp_on_chip_0=36000|cp_on_chip_1=37000|G3D=34000|cp_on_chip_2=37000|cp_on_chip_3=35000|cp_on_chip_4=35000|rf2_therm=33000|rf1_therm=34000|ISP=34000|TPU=34000|AUR=34000|rfpa_therm=30348|quiet_therm=30837|charging_therm=32306|,ok,39000,37000,0,37000,1,batched,touched,4096,256,20,1,725382,256,68766,0,4,4,ok
1,2,protected,4,578000,648000,37000,37000,BIG=37000|MID=36000|usb_pwr_therm=29279|btmspkr_therm=29257|disp_therm=29301|north_therm=29524|soc_therm=32106|battery=29300|battery_cycle=5|dc-mains=33000|usbc-therm-adc=330|max77779fg=29300|LITTLE=35000|soc=9|smpl_gm=0|vdroop1=0|batoilo=0|batoilo2=0|batt_vs=29293|mdis_morepower=0|thb_hda=51|cp_on_chip_0=36000|cp_on_chip_1=37000|G3D=34000|cp_on_chip_2=37000|cp_on_chip_3=35000|cp_on_chip_4=35000|rf2_therm=33000|rf1_therm=34000|ISP=33000|TPU=34000|AUR=34000|rfpa_therm=30348|quiet_therm=30837|charging_therm=32306|,BIG=37000|MID=36000|usb_pwr_therm=29279|btmspkr_therm=29257|disp_therm=29301|north_therm=29524|soc_therm=32106|battery=29300|battery_cycle=5|dc-mains=33000|usbc-therm-adc=330|max77779fg=29300|LITTLE=35000|soc=9|smpl_gm=0|vdroop1=0|batoilo=0|batoilo2=0|batt_vs=29294|mdis_morepower=0|thb_hda=51|cp_on_chip_0=36000|cp_on_chip_1=37000|G3D=34000|cp_on_chip_2=37000|cp_on_chip_3=35000|cp_on_chip_4=35000|rf2_therm=33000|rf1_therm=34000|ISP=34000|TPU=34000|AUR=34000|rfpa_therm=30348|quiet_therm=30837|charging_therm=32306|,ok,39000,37000,0,37000,1,batched,touched,4096,256,21,1,721314,256,67830,0,4,4,ok
1,2,protected,4,578000,648000,37000,37000,BIG=37000|MID=36000|usb_pwr_therm=29279|btmspkr_therm=29257|disp_therm=29301|north_therm=29524|soc_therm=32106|battery=29300|battery_cycle=5|dc-mains=33000|usbc-therm-adc=330|max77779fg=29300|LITTLE=35000|soc=9|smpl_gm=0|vdroop1=0|batoilo=0|batoilo2=0|batt_vs=29293|mdis_morepower=0|thb_hda=51|cp_on_chip_0=36000|cp_on_chip_1=37000|G3D=34000|cp_on_chip_2=37000|cp_on_chip_3=35000|cp_on_chip_4=35000|rf2_therm=33000|rf1_therm=34000|ISP=33000|TPU=34000|AUR=34000|rfpa_therm=30348|quiet_therm=30837|charging_therm=32306|,BIG=37000|MID=36000|usb_pwr_therm=29279|btmspkr_therm=29257|disp_therm=29301|north_therm=29524|soc_therm=32106|battery=29300|battery_cycle=5|dc-mains=33000|usbc-therm-adc=330|max77779fg=29300|LITTLE=35000|soc=9|smpl_gm=0|vdroop1=0|batoilo=0|batoilo2=0|batt_vs=29294|mdis_morepower=0|thb_hda=51|cp_on_chip_0=36000|cp_on_chip_1=37000|G3D=34000|cp_on_chip_2=37000|cp_on_chip_3=35000|cp_on_chip_4=35000|rf2_therm=33000|rf1_therm=34000|ISP=34000|TPU=34000|AUR=34000|rfpa_therm=30348|quiet_therm=30837|charging_therm=32306|,ok,39000,37000,0,37000,1,batched,touched,4096,256,22,1,722575,256,67382,0,4,4,ok
1,2,protected,4,578000,648000,37000,37000,BIG=37000|MID=36000|usb_pwr_therm=29279|btmspkr_therm=29257|disp_therm=29301|north_therm=29524|soc_therm=32106|battery=29300|battery_cycle=5|dc-mains=33000|usbc-therm-adc=330|max77779fg=29300|LITTLE=35000|soc=9|smpl_gm=0|vdroop1=0|batoilo=0|batoilo2=0|batt_vs=29293|mdis_morepower=0|thb_hda=51|cp_on_chip_0=36000|cp_on_chip_1=37000|G3D=34000|cp_on_chip_2=37000|cp_on_chip_3=35000|cp_on_chip_4=35000|rf2_therm=33000|rf1_therm=34000|ISP=33000|TPU=34000|AUR=34000|rfpa_therm=30348|quiet_therm=30837|charging_therm=32306|,BIG=37000|MID=36000|usb_pwr_therm=29279|btmspkr_therm=29257|disp_therm=29301|north_therm=29524|soc_therm=32106|battery=29300|battery_cycle=5|dc-mains=33000|usbc-therm-adc=330|max77779fg=29300|LITTLE=35000|soc=9|smpl_gm=0|vdroop1=0|batoilo=0|batoilo2=0|batt_vs=29294|mdis_morepower=0|thb_hda=51|cp_on_chip_0=36000|cp_on_chip_1=37000|G3D=34000|cp_on_chip_2=37000|cp_on_chip_3=35000|cp_on_chip_4=35000|rf2_therm=33000|rf1_therm=34000|ISP=34000|TPU=34000|AUR=34000|rfpa_therm=30348|quiet_therm=30837|charging_therm=32306|,ok,39000,37000,0,37000,1,batched,touched,4096,256,23,1,727010,256,68034,0,4,4,ok
1,2,protected,4,578000,648000,37000,37000,BIG=37000|MID=36000|usb_pwr_therm=29279|btmspkr_therm=29257|disp_therm=29301|north_therm=29524|soc_therm=32106|battery=29300|battery_cycle=5|dc-mains=33000|usbc-therm-adc=330|max77779fg=29300|LITTLE=35000|soc=9|smpl_gm=0|vdroop1=0|batoilo=0|batoilo2=0|batt_vs=29293|mdis_morepower=0|thb_hda=51|cp_on_chip_0=36000|cp_on_chip_1=37000|G3D=34000|cp_on_chip_2=37000|cp_on_chip_3=35000|cp_on_chip_4=35000|rf2_therm=33000|rf1_therm=34000|ISP=33000|TPU=34000|AUR=34000|rfpa_therm=30348|quiet_therm=30837|charging_therm=32306|,BIG=37000|MID=36000|usb_pwr_therm=29279|btmspkr_therm=29257|disp_therm=29301|north_therm=29524|soc_therm=32106|battery=29300|battery_cycle=5|dc-mains=33000|usbc-therm-adc=330|max77779fg=29300|LITTLE=35000|soc=9|smpl_gm=0|vdroop1=0|batoilo=0|batoilo2=0|batt_vs=29294|mdis_morepower=0|thb_hda=51|cp_on_chip_0=36000|cp_on_chip_1=37000|G3D=34000|cp_on_chip_2=37000|cp_on_chip_3=35000|cp_on_chip_4=35000|rf2_therm=33000|rf1_therm=34000|ISP=34000|TPU=34000|AUR=34000|rfpa_therm=30348|quiet_therm=30837|charging_therm=32306|,ok,39000,37000,0,37000,1,batched,touched,4096,256,24,1,797445,256,68074,0,4,4,ok
1,2,protected,4,578000,648000,37000,37000,BIG=37000|MID=36000|usb_pwr_therm=29279|btmspkr_therm=29257|disp_therm=29301|north_therm=29524|soc_therm=32106|battery=29300|battery_cycle=5|dc-mains=33000|usbc-therm-adc=330|max77779fg=29300|LITTLE=35000|soc=9|smpl_gm=0|vdroop1=0|batoilo=0|batoilo2=0|batt_vs=29293|mdis_morepower=0|thb_hda=51|cp_on_chip_0=36000|cp_on_chip_1=37000|G3D=34000|cp_on_chip_2=37000|cp_on_chip_3=35000|cp_on_chip_4=35000|rf2_therm=33000|rf1_therm=34000|ISP=33000|TPU=34000|AUR=34000|rfpa_therm=30348|quiet_therm=30837|charging_therm=32306|,BIG=37000|MID=36000|usb_pwr_therm=29279|btmspkr_therm=29257|disp_therm=29301|north_therm=29524|soc_therm=32106|battery=29300|battery_cycle=5|dc-mains=33000|usbc-therm-adc=330|max77779fg=29300|LITTLE=35000|soc=9|smpl_gm=0|vdroop1=0|batoilo=0|batoilo2=0|batt_vs=29294|mdis_morepower=0|thb_hda=51|cp_on_chip_0=36000|cp_on_chip_1=37000|G3D=34000|cp_on_chip_2=37000|cp_on_chip_3=35000|cp_on_chip_4=35000|rf2_therm=33000|rf1_therm=34000|ISP=34000|TPU=34000|AUR=34000|rfpa_therm=30348|quiet_therm=30837|charging_therm=32306|,ok,39000,37000,0,37000,1,batched,touched,4096,256,25,1,629679,256,61767,0,4,4,ok
1,2,protected,4,578000,648000,37000,37000,BIG=37000|MID=36000|usb_pwr_therm=29279|btmspkr_therm=29257|disp_therm=29301|north_therm=29524|soc_therm=32106|battery=29300|battery_cycle=5|dc-mains=33000|usbc-therm-adc=330|max77779fg=29300|LITTLE=35000|soc=9|smpl_gm=0|vdroop1=0|batoilo=0|batoilo2=0|batt_vs=29293|mdis_morepower=0|thb_hda=51|cp_on_chip_0=36000|cp_on_chip_1=37000|G3D=34000|cp_on_chip_2=37000|cp_on_chip_3=35000|cp_on_chip_4=35000|rf2_therm=33000|rf1_therm=34000|ISP=33000|TPU=34000|AUR=34000|rfpa_therm=30348|quiet_therm=30837|charging_therm=32306|,BIG=37000|MID=36000|usb_pwr_therm=29279|btmspkr_therm=29257|disp_therm=29301|north_therm=29524|soc_therm=32106|battery=29300|battery_cycle=5|dc-mains=33000|usbc-therm-adc=330|max77779fg=29300|LITTLE=35000|soc=9|smpl_gm=0|vdroop1=0|batoilo=0|batoilo2=0|batt_vs=29294|mdis_morepower=0|thb_hda=51|cp_on_chip_0=36000|cp_on_chip_1=37000|G3D=34000|cp_on_chip_2=37000|cp_on_chip_3=35000|cp_on_chip_4=35000|rf2_therm=33000|rf1_therm=34000|ISP=34000|TPU=34000|AUR=34000|rfpa_therm=30348|quiet_therm=30837|charging_therm=32306|,ok,39000,37000,0,37000,1,batched,touched,4096,256,26,1,625977,256,59530,0,4,4,ok
1,2,protected,4,578000,648000,37000,37000,BIG=37000|MID=36000|usb_pwr_therm=29279|btmspkr_therm=29257|disp_therm=29301|north_therm=29524|soc_therm=32106|battery=29300|battery_cycle=5|dc-mains=33000|usbc-therm-adc=330|max77779fg=29300|LITTLE=35000|soc=9|smpl_gm=0|vdroop1=0|batoilo=0|batoilo2=0|batt_vs=29293|mdis_morepower=0|thb_hda=51|cp_on_chip_0=36000|cp_on_chip_1=37000|G3D=34000|cp_on_chip_2=37000|cp_on_chip_3=35000|cp_on_chip_4=35000|rf2_therm=33000|rf1_therm=34000|ISP=33000|TPU=34000|AUR=34000|rfpa_therm=30348|quiet_therm=30837|charging_therm=32306|,BIG=37000|MID=36000|usb_pwr_therm=29279|btmspkr_therm=29257|disp_therm=29301|north_therm=29524|soc_therm=32106|battery=29300|battery_cycle=5|dc-mains=33000|usbc-therm-adc=330|max77779fg=29300|LITTLE=35000|soc=9|smpl_gm=0|vdroop1=0|batoilo=0|batoilo2=0|batt_vs=29294|mdis_morepower=0|thb_hda=51|cp_on_chip_0=36000|cp_on_chip_1=37000|G3D=34000|cp_on_chip_2=37000|cp_on_chip_3=35000|cp_on_chip_4=35000|rf2_therm=33000|rf1_therm=34000|ISP=34000|TPU=34000|AUR=34000|rfpa_therm=30348|quiet_therm=30837|charging_therm=32306|,ok,39000,37000,0,37000,1,batched,touched,4096,256,27,1,635254,256,59163,0,4,4,ok
1,2,protected,4,578000,648000,37000,37000,BIG=37000|MID=36000|usb_pwr_therm=29279|btmspkr_therm=29257|disp_therm=29301|north_therm=29524|soc_therm=32106|battery=29300|battery_cycle=5|dc-mains=33000|usbc-therm-adc=330|max77779fg=29300|LITTLE=35000|soc=9|smpl_gm=0|vdroop1=0|batoilo=0|batoilo2=0|batt_vs=29293|mdis_morepower=0|thb_hda=51|cp_on_chip_0=36000|cp_on_chip_1=37000|G3D=34000|cp_on_chip_2=37000|cp_on_chip_3=35000|cp_on_chip_4=35000|rf2_therm=33000|rf1_therm=34000|ISP=33000|TPU=34000|AUR=34000|rfpa_therm=30348|quiet_therm=30837|charging_therm=32306|,BIG=37000|MID=36000|usb_pwr_therm=29279|btmspkr_therm=29257|disp_therm=29301|north_therm=29524|soc_therm=32106|battery=29300|battery_cycle=5|dc-mains=33000|usbc-therm-adc=330|max77779fg=29300|LITTLE=35000|soc=9|smpl_gm=0|vdroop1=0|batoilo=0|batoilo2=0|batt_vs=29294|mdis_morepower=0|thb_hda=51|cp_on_chip_0=36000|cp_on_chip_1=37000|G3D=34000|cp_on_chip_2=37000|cp_on_chip_3=35000|cp_on_chip_4=35000|rf2_therm=33000|rf1_therm=34000|ISP=34000|TPU=34000|AUR=34000|rfpa_therm=30348|quiet_therm=30837|charging_therm=32306|,ok,39000,37000,0,37000,1,batched,touched,4096,256,28,1,632325,256,60506,0,4,4,ok
1,2,protected,4,578000,648000,37000,37000,BIG=37000|MID=36000|usb_pwr_therm=29279|btmspkr_therm=29257|disp_therm=29301|north_therm=29524|soc_therm=32106|battery=29300|battery_cycle=5|dc-mains=33000|usbc-therm-adc=330|max77779fg=29300|LITTLE=35000|soc=9|smpl_gm=0|vdroop1=0|batoilo=0|batoilo2=0|batt_vs=29293|mdis_morepower=0|thb_hda=51|cp_on_chip_0=36000|cp_on_chip_1=37000|G3D=34000|cp_on_chip_2=37000|cp_on_chip_3=35000|cp_on_chip_4=35000|rf2_therm=33000|rf1_therm=34000|ISP=33000|TPU=34000|AUR=34000|rfpa_therm=30348|quiet_therm=30837|charging_therm=32306|,BIG=37000|MID=36000|usb_pwr_therm=29279|btmspkr_therm=29257|disp_therm=29301|north_therm=29524|soc_therm=32106|battery=29300|battery_cycle=5|dc-mains=33000|usbc-therm-adc=330|max77779fg=29300|LITTLE=35000|soc=9|smpl_gm=0|vdroop1=0|batoilo=0|batoilo2=0|batt_vs=29294|mdis_morepower=0|thb_hda=51|cp_on_chip_0=36000|cp_on_chip_1=37000|G3D=34000|cp_on_chip_2=37000|cp_on_chip_3=35000|cp_on_chip_4=35000|rf2_therm=33000|rf1_therm=34000|ISP=34000|TPU=34000|AUR=34000|rfpa_therm=30348|quiet_therm=30837|charging_therm=32306|,ok,39000,37000,0,37000,1,batched,touched,4096,256,29,1,668620,256,60628,0,4,4,ok
1,3,protected,4,1795000,578000,37000,38000,BIG=36000|MID=36000|usb_pwr_therm=29301|btmspkr_therm=29257|disp_therm=29301|north_therm=29524|soc_therm=32195|battery=29400|battery_cycle=5|dc-mains=33000|usbc-therm-adc=330|max77779fg=29400|LITTLE=35000|soc=9|smpl_gm=0|vdroop1=0|batoilo=0|batoilo2=0|batt_vs=29393|mdis_morepower=0|thb_hda=51|cp_on_chip_0=36000|cp_on_chip_1=37000|G3D=35000|cp_on_chip_2=37000|cp_on_chip_3=35000|cp_on_chip_4=35000|rf2_therm=33000|rf1_therm=34000|ISP=34000|TPU=34000|AUR=34000|rfpa_therm=30370|quiet_therm=30882|charging_therm=32373|,BIG=35000|MID=36000|usb_pwr_therm=29324|btmspkr_therm=29279|disp_therm=29301|north_therm=29524|soc_therm=32284|battery=29400|battery_cycle=5|dc-mains=33000|usbc-therm-adc=330|max77779fg=29400|LITTLE=36000|soc=9|smpl_gm=0|vdroop1=0|batoilo=0|batoilo2=0|batt_vs=29394|mdis_morepower=0|thb_hda=51|cp_on_chip_0=36000|cp_on_chip_1=37000|G3D=34000|cp_on_chip_2=37000|cp_on_chip_3=35000|cp_on_chip_4=35000|rf2_therm=33000|rf1_therm=34000|ISP=33000|TPU=34000|AUR=34000|rfpa_therm=30392|quiet_therm=30926|charging_therm=32440|,ok,39000,37000,0,37000,1,batched,touched,4096,512,0,1,940918,512,66080,0,4,4,ok
1,3,protected,4,1795000,578000,37000,38000,BIG=36000|MID=36000|usb_pwr_therm=29301|btmspkr_therm=29257|disp_therm=29301|north_therm=29524|soc_therm=32195|battery=29400|battery_cycle=5|dc-mains=33000|usbc-therm-adc=330|max77779fg=29400|LITTLE=35000|soc=9|smpl_gm=0|vdroop1=0|batoilo=0|batoilo2=0|batt_vs=29393|mdis_morepower=0|thb_hda=51|cp_on_chip_0=36000|cp_on_chip_1=37000|G3D=35000|cp_on_chip_2=37000|cp_on_chip_3=35000|cp_on_chip_4=35000|rf2_therm=33000|rf1_therm=34000|ISP=34000|TPU=34000|AUR=34000|rfpa_therm=30370|quiet_therm=30882|charging_therm=32373|,BIG=35000|MID=36000|usb_pwr_therm=29324|btmspkr_therm=29279|disp_therm=29301|north_therm=29524|soc_therm=32284|battery=29400|battery_cycle=5|dc-mains=33000|usbc-therm-adc=330|max77779fg=29400|LITTLE=36000|soc=9|smpl_gm=0|vdroop1=0|batoilo=0|batoilo2=0|batt_vs=29394|mdis_morepower=0|thb_hda=51|cp_on_chip_0=36000|cp_on_chip_1=37000|G3D=34000|cp_on_chip_2=37000|cp_on_chip_3=35000|cp_on_chip_4=35000|rf2_therm=33000|rf1_therm=34000|ISP=33000|TPU=34000|AUR=34000|rfpa_therm=30392|quiet_therm=30926|charging_therm=32440|,ok,39000,37000,0,37000,1,batched,touched,4096,512,1,1,632528,512,56682,0,4,4,ok
1,3,protected,4,1795000,578000,37000,38000,BIG=36000|MID=36000|usb_pwr_therm=29301|btmspkr_therm=29257|disp_therm=29301|north_therm=29524|soc_therm=32195|battery=29400|battery_cycle=5|dc-mains=33000|usbc-therm-adc=330|max77779fg=29400|LITTLE=35000|soc=9|smpl_gm=0|vdroop1=0|batoilo=0|batoilo2=0|batt_vs=29393|mdis_morepower=0|thb_hda=51|cp_on_chip_0=36000|cp_on_chip_1=37000|G3D=35000|cp_on_chip_2=37000|cp_on_chip_3=35000|cp_on_chip_4=35000|rf2_therm=33000|rf1_therm=34000|ISP=34000|TPU=34000|AUR=34000|rfpa_therm=30370|quiet_therm=30882|charging_therm=32373|,BIG=35000|MID=36000|usb_pwr_therm=29324|btmspkr_therm=29279|disp_therm=29301|north_therm=29524|soc_therm=32284|battery=29400|battery_cycle=5|dc-mains=33000|usbc-therm-adc=330|max77779fg=29400|LITTLE=36000|soc=9|smpl_gm=0|vdroop1=0|batoilo=0|batoilo2=0|batt_vs=29394|mdis_morepower=0|thb_hda=51|cp_on_chip_0=36000|cp_on_chip_1=37000|G3D=34000|cp_on_chip_2=37000|cp_on_chip_3=35000|cp_on_chip_4=35000|rf2_therm=33000|rf1_therm=34000|ISP=33000|TPU=34000|AUR=34000|rfpa_therm=30392|quiet_therm=30926|charging_therm=32440|,ok,39000,37000,0,37000,1,batched,touched,4096,512,2,1,612061,512,55746,0,4,4,ok
1,3,protected,4,1795000,578000,37000,38000,BIG=36000|MID=36000|usb_pwr_therm=29301|btmspkr_therm=29257|disp_therm=29301|north_therm=29524|soc_therm=32195|battery=29400|battery_cycle=5|dc-mains=33000|usbc-therm-adc=330|max77779fg=29400|LITTLE=35000|soc=9|smpl_gm=0|vdroop1=0|batoilo=0|batoilo2=0|batt_vs=29393|mdis_morepower=0|thb_hda=51|cp_on_chip_0=36000|cp_on_chip_1=37000|G3D=35000|cp_on_chip_2=37000|cp_on_chip_3=35000|cp_on_chip_4=35000|rf2_therm=33000|rf1_therm=34000|ISP=34000|TPU=34000|AUR=34000|rfpa_therm=30370|quiet_therm=30882|charging_therm=32373|,BIG=35000|MID=36000|usb_pwr_therm=29324|btmspkr_therm=29279|disp_therm=29301|north_therm=29524|soc_therm=32284|battery=29400|battery_cycle=5|dc-mains=33000|usbc-therm-adc=330|max77779fg=29400|LITTLE=36000|soc=9|smpl_gm=0|vdroop1=0|batoilo=0|batoilo2=0|batt_vs=29394|mdis_morepower=0|thb_hda=51|cp_on_chip_0=36000|cp_on_chip_1=37000|G3D=34000|cp_on_chip_2=37000|cp_on_chip_3=35000|cp_on_chip_4=35000|rf2_therm=33000|rf1_therm=34000|ISP=33000|TPU=34000|AUR=34000|rfpa_therm=30392|quiet_therm=30926|charging_therm=32440|,ok,39000,37000,0,37000,1,batched,touched,4096,512,3,1,611369,512,68563,0,4,4,ok
1,3,protected,4,1795000,578000,37000,38000,BIG=36000|MID=36000|usb_pwr_therm=29301|btmspkr_therm=29257|disp_therm=29301|north_therm=29524|soc_therm=32195|battery=29400|battery_cycle=5|dc-mains=33000|usbc-therm-adc=330|max77779fg=29400|LITTLE=35000|soc=9|smpl_gm=0|vdroop1=0|batoilo=0|batoilo2=0|batt_vs=29393|mdis_morepower=0|thb_hda=51|cp_on_chip_0=36000|cp_on_chip_1=37000|G3D=35000|cp_on_chip_2=37000|cp_on_chip_3=35000|cp_on_chip_4=35000|rf2_therm=33000|rf1_therm=34000|ISP=34000|TPU=34000|AUR=34000|rfpa_therm=30370|quiet_therm=30882|charging_therm=32373|,BIG=35000|MID=36000|usb_pwr_therm=29324|btmspkr_therm=29279|disp_therm=29301|north_therm=29524|soc_therm=32284|battery=29400|battery_cycle=5|dc-mains=33000|usbc-therm-adc=330|max77779fg=29400|LITTLE=36000|soc=9|smpl_gm=0|vdroop1=0|batoilo=0|batoilo2=0|batt_vs=29394|mdis_morepower=0|thb_hda=51|cp_on_chip_0=36000|cp_on_chip_1=37000|G3D=34000|cp_on_chip_2=37000|cp_on_chip_3=35000|cp_on_chip_4=35000|rf2_therm=33000|rf1_therm=34000|ISP=33000|TPU=34000|AUR=34000|rfpa_therm=30392|quiet_therm=30926|charging_therm=32440|,ok,39000,37000,0,37000,1,batched,touched,4096,512,4,1,610352,512,82805,0,4,4,ok
1,3,protected,4,1795000,578000,37000,38000,BIG=36000|MID=36000|usb_pwr_therm=29301|btmspkr_therm=29257|disp_therm=29301|north_therm=29524|soc_therm=32195|battery=29400|battery_cycle=5|dc-mains=33000|usbc-therm-adc=330|max77779fg=29400|LITTLE=35000|soc=9|smpl_gm=0|vdroop1=0|batoilo=0|batoilo2=0|batt_vs=29393|mdis_morepower=0|thb_hda=51|cp_on_chip_0=36000|cp_on_chip_1=37000|G3D=35000|cp_on_chip_2=37000|cp_on_chip_3=35000|cp_on_chip_4=35000|rf2_therm=33000|rf1_therm=34000|ISP=34000|TPU=34000|AUR=34000|rfpa_therm=30370|quiet_therm=30882|charging_therm=32373|,BIG=35000|MID=36000|usb_pwr_therm=29324|btmspkr_therm=29279|disp_therm=29301|north_therm=29524|soc_therm=32284|battery=29400|battery_cycle=5|dc-mains=33000|usbc-therm-adc=330|max77779fg=29400|LITTLE=36000|soc=9|smpl_gm=0|vdroop1=0|batoilo=0|batoilo2=0|batt_vs=29394|mdis_morepower=0|thb_hda=51|cp_on_chip_0=36000|cp_on_chip_1=37000|G3D=34000|cp_on_chip_2=37000|cp_on_chip_3=35000|cp_on_chip_4=35000|rf2_therm=33000|rf1_therm=34000|ISP=33000|TPU=34000|AUR=34000|rfpa_therm=30392|quiet_therm=30926|charging_therm=32440|,ok,39000,37000,0,37000,1,batched,touched,4096,512,5,1,615153,512,80770,0,4,4,ok
1,3,protected,4,1795000,578000,37000,38000,BIG=36000|MID=36000|usb_pwr_therm=29301|btmspkr_therm=29257|disp_therm=29301|north_therm=29524|soc_therm=32195|battery=29400|battery_cycle=5|dc-mains=33000|usbc-therm-adc=330|max77779fg=29400|LITTLE=35000|soc=9|smpl_gm=0|vdroop1=0|batoilo=0|batoilo2=0|batt_vs=29393|mdis_morepower=0|thb_hda=51|cp_on_chip_0=36000|cp_on_chip_1=37000|G3D=35000|cp_on_chip_2=37000|cp_on_chip_3=35000|cp_on_chip_4=35000|rf2_therm=33000|rf1_therm=34000|ISP=34000|TPU=34000|AUR=34000|rfpa_therm=30370|quiet_therm=30882|charging_therm=32373|,BIG=35000|MID=36000|usb_pwr_therm=29324|btmspkr_therm=29279|disp_therm=29301|north_therm=29524|soc_therm=32284|battery=29400|battery_cycle=5|dc-mains=33000|usbc-therm-adc=330|max77779fg=29400|LITTLE=36000|soc=9|smpl_gm=0|vdroop1=0|batoilo=0|batoilo2=0|batt_vs=29394|mdis_morepower=0|thb_hda=51|cp_on_chip_0=36000|cp_on_chip_1=37000|G3D=34000|cp_on_chip_2=37000|cp_on_chip_3=35000|cp_on_chip_4=35000|rf2_therm=33000|rf1_therm=34000|ISP=33000|TPU=34000|AUR=34000|rfpa_therm=30392|quiet_therm=30926|charging_therm=32440|,ok,39000,37000,0,37000,1,batched,touched,4096,512,6,1,632731,512,58512,0,4,4,ok
1,3,protected,4,1795000,578000,37000,38000,BIG=36000|MID=36000|usb_pwr_therm=29301|btmspkr_therm=29257|disp_therm=29301|north_therm=29524|soc_therm=32195|battery=29400|battery_cycle=5|dc-mains=33000|usbc-therm-adc=330|max77779fg=29400|LITTLE=35000|soc=9|smpl_gm=0|vdroop1=0|batoilo=0|batoilo2=0|batt_vs=29393|mdis_morepower=0|thb_hda=51|cp_on_chip_0=36000|cp_on_chip_1=37000|G3D=35000|cp_on_chip_2=37000|cp_on_chip_3=35000|cp_on_chip_4=35000|rf2_therm=33000|rf1_therm=34000|ISP=34000|TPU=34000|AUR=34000|rfpa_therm=30370|quiet_therm=30882|charging_therm=32373|,BIG=35000|MID=36000|usb_pwr_therm=29324|btmspkr_therm=29279|disp_therm=29301|north_therm=29524|soc_therm=32284|battery=29400|battery_cycle=5|dc-mains=33000|usbc-therm-adc=330|max77779fg=29400|LITTLE=36000|soc=9|smpl_gm=0|vdroop1=0|batoilo=0|batoilo2=0|batt_vs=29394|mdis_morepower=0|thb_hda=51|cp_on_chip_0=36000|cp_on_chip_1=37000|G3D=34000|cp_on_chip_2=37000|cp_on_chip_3=35000|cp_on_chip_4=35000|rf2_therm=33000|rf1_therm=34000|ISP=33000|TPU=34000|AUR=34000|rfpa_therm=30392|quiet_therm=30926|charging_therm=32440|,ok,39000,37000,0,37000,1,batched,touched,4096,512,7,1,439290,512,48544,0,4,4,ok
1,3,protected,4,1795000,578000,37000,38000,BIG=36000|MID=36000|usb_pwr_therm=29301|btmspkr_therm=29257|disp_therm=29301|north_therm=29524|soc_therm=32195|battery=29400|battery_cycle=5|dc-mains=33000|usbc-therm-adc=330|max77779fg=29400|LITTLE=35000|soc=9|smpl_gm=0|vdroop1=0|batoilo=0|batoilo2=0|batt_vs=29393|mdis_morepower=0|thb_hda=51|cp_on_chip_0=36000|cp_on_chip_1=37000|G3D=35000|cp_on_chip_2=37000|cp_on_chip_3=35000|cp_on_chip_4=35000|rf2_therm=33000|rf1_therm=34000|ISP=34000|TPU=34000|AUR=34000|rfpa_therm=30370|quiet_therm=30882|charging_therm=32373|,BIG=35000|MID=36000|usb_pwr_therm=29324|btmspkr_therm=29279|disp_therm=29301|north_therm=29524|soc_therm=32284|battery=29400|battery_cycle=5|dc-mains=33000|usbc-therm-adc=330|max77779fg=29400|LITTLE=36000|soc=9|smpl_gm=0|vdroop1=0|batoilo=0|batoilo2=0|batt_vs=29394|mdis_morepower=0|thb_hda=51|cp_on_chip_0=36000|cp_on_chip_1=37000|G3D=34000|cp_on_chip_2=37000|cp_on_chip_3=35000|cp_on_chip_4=35000|rf2_therm=33000|rf1_therm=34000|ISP=33000|TPU=34000|AUR=34000|rfpa_therm=30392|quiet_therm=30926|charging_therm=32440|,ok,39000,37000,0,37000,1,batched,touched,4096,512,8,1,451497,512,47851,0,4,4,ok
1,3,protected,4,1795000,578000,37000,38000,BIG=36000|MID=36000|usb_pwr_therm=29301|btmspkr_therm=29257|disp_therm=29301|north_therm=29524|soc_therm=32195|battery=29400|battery_cycle=5|dc-mains=33000|usbc-therm-adc=330|max77779fg=29400|LITTLE=35000|soc=9|smpl_gm=0|vdroop1=0|batoilo=0|batoilo2=0|batt_vs=29393|mdis_morepower=0|thb_hda=51|cp_on_chip_0=36000|cp_on_chip_1=37000|G3D=35000|cp_on_chip_2=37000|cp_on_chip_3=35000|cp_on_chip_4=35000|rf2_therm=33000|rf1_therm=34000|ISP=34000|TPU=34000|AUR=34000|rfpa_therm=30370|quiet_therm=30882|charging_therm=32373|,BIG=35000|MID=36000|usb_pwr_therm=29324|btmspkr_therm=29279|disp_therm=29301|north_therm=29524|soc_therm=32284|battery=29400|battery_cycle=5|dc-mains=33000|usbc-therm-adc=330|max77779fg=29400|LITTLE=36000|soc=9|smpl_gm=0|vdroop1=0|batoilo=0|batoilo2=0|batt_vs=29394|mdis_morepower=0|thb_hda=51|cp_on_chip_0=36000|cp_on_chip_1=37000|G3D=34000|cp_on_chip_2=37000|cp_on_chip_3=35000|cp_on_chip_4=35000|rf2_therm=33000|rf1_therm=34000|ISP=33000|TPU=34000|AUR=34000|rfpa_therm=30392|quiet_therm=30926|charging_therm=32440|,ok,39000,37000,0,37000,1,batched,touched,4096,512,9,1,449626,512,49357,0,4,4,ok
1,3,protected,4,1795000,578000,37000,38000,BIG=36000|MID=36000|usb_pwr_therm=29301|btmspkr_therm=29257|disp_therm=29301|north_therm=29524|soc_therm=32195|battery=29400|battery_cycle=5|dc-mains=33000|usbc-therm-adc=330|max77779fg=29400|LITTLE=35000|soc=9|smpl_gm=0|vdroop1=0|batoilo=0|batoilo2=0|batt_vs=29393|mdis_morepower=0|thb_hda=51|cp_on_chip_0=36000|cp_on_chip_1=37000|G3D=35000|cp_on_chip_2=37000|cp_on_chip_3=35000|cp_on_chip_4=35000|rf2_therm=33000|rf1_therm=34000|ISP=34000|TPU=34000|AUR=34000|rfpa_therm=30370|quiet_therm=30882|charging_therm=32373|,BIG=35000|MID=36000|usb_pwr_therm=29324|btmspkr_therm=29279|disp_therm=29301|north_therm=29524|soc_therm=32284|battery=29400|battery_cycle=5|dc-mains=33000|usbc-therm-adc=330|max77779fg=29400|LITTLE=36000|soc=9|smpl_gm=0|vdroop1=0|batoilo=0|batoilo2=0|batt_vs=29394|mdis_morepower=0|thb_hda=51|cp_on_chip_0=36000|cp_on_chip_1=37000|G3D=34000|cp_on_chip_2=37000|cp_on_chip_3=35000|cp_on_chip_4=35000|rf2_therm=33000|rf1_therm=34000|ISP=33000|TPU=34000|AUR=34000|rfpa_therm=30392|quiet_therm=30926|charging_therm=32440|,ok,39000,37000,0,37000,1,batched,touched,4096,512,10,1,455973,512,49113,0,4,4,ok
1,3,protected,4,1795000,578000,37000,38000,BIG=36000|MID=36000|usb_pwr_therm=29301|btmspkr_therm=29257|disp_therm=29301|north_therm=29524|soc_therm=32195|battery=29400|battery_cycle=5|dc-mains=33000|usbc-therm-adc=330|max77779fg=29400|LITTLE=35000|soc=9|smpl_gm=0|vdroop1=0|batoilo=0|batoilo2=0|batt_vs=29393|mdis_morepower=0|thb_hda=51|cp_on_chip_0=36000|cp_on_chip_1=37000|G3D=35000|cp_on_chip_2=37000|cp_on_chip_3=35000|cp_on_chip_4=35000|rf2_therm=33000|rf1_therm=34000|ISP=34000|TPU=34000|AUR=34000|rfpa_therm=30370|quiet_therm=30882|charging_therm=32373|,BIG=35000|MID=36000|usb_pwr_therm=29324|btmspkr_therm=29279|disp_therm=29301|north_therm=29524|soc_therm=32284|battery=29400|battery_cycle=5|dc-mains=33000|usbc-therm-adc=330|max77779fg=29400|LITTLE=36000|soc=9|smpl_gm=0|vdroop1=0|batoilo=0|batoilo2=0|batt_vs=29394|mdis_morepower=0|thb_hda=51|cp_on_chip_0=36000|cp_on_chip_1=37000|G3D=34000|cp_on_chip_2=37000|cp_on_chip_3=35000|cp_on_chip_4=35000|rf2_therm=33000|rf1_therm=34000|ISP=33000|TPU=34000|AUR=34000|rfpa_therm=30392|quiet_therm=30926|charging_therm=32440|,ok,39000,37000,0,37000,1,batched,touched,4096,512,11,1,449626,512,49398,0,4,4,ok
1,3,protected,4,1795000,578000,37000,38000,BIG=36000|MID=36000|usb_pwr_therm=29301|btmspkr_therm=29257|disp_therm=29301|north_therm=29524|soc_therm=32195|battery=29400|battery_cycle=5|dc-mains=33000|usbc-therm-adc=330|max77779fg=29400|LITTLE=35000|soc=9|smpl_gm=0|vdroop1=0|batoilo=0|batoilo2=0|batt_vs=29393|mdis_morepower=0|thb_hda=51|cp_on_chip_0=36000|cp_on_chip_1=37000|G3D=35000|cp_on_chip_2=37000|cp_on_chip_3=35000|cp_on_chip_4=35000|rf2_therm=33000|rf1_therm=34000|ISP=34000|TPU=34000|AUR=34000|rfpa_therm=30370|quiet_therm=30882|charging_therm=32373|,BIG=35000|MID=36000|usb_pwr_therm=29324|btmspkr_therm=29279|disp_therm=29301|north_therm=29524|soc_therm=32284|battery=29400|battery_cycle=5|dc-mains=33000|usbc-therm-adc=330|max77779fg=29400|LITTLE=36000|soc=9|smpl_gm=0|vdroop1=0|batoilo=0|batoilo2=0|batt_vs=29394|mdis_morepower=0|thb_hda=51|cp_on_chip_0=36000|cp_on_chip_1=37000|G3D=34000|cp_on_chip_2=37000|cp_on_chip_3=35000|cp_on_chip_4=35000|rf2_therm=33000|rf1_therm=34000|ISP=33000|TPU=34000|AUR=34000|rfpa_therm=30392|quiet_therm=30926|charging_therm=32440|,ok,39000,37000,0,37000,1,batched,touched,4096,512,12,1,452067,512,48624,0,4,4,ok
1,3,protected,4,1795000,578000,37000,38000,BIG=36000|MID=36000|usb_pwr_therm=29301|btmspkr_therm=29257|disp_therm=29301|north_therm=29524|soc_therm=32195|battery=29400|battery_cycle=5|dc-mains=33000|usbc-therm-adc=330|max77779fg=29400|LITTLE=35000|soc=9|smpl_gm=0|vdroop1=0|batoilo=0|batoilo2=0|batt_vs=29393|mdis_morepower=0|thb_hda=51|cp_on_chip_0=36000|cp_on_chip_1=37000|G3D=35000|cp_on_chip_2=37000|cp_on_chip_3=35000|cp_on_chip_4=35000|rf2_therm=33000|rf1_therm=34000|ISP=34000|TPU=34000|AUR=34000|rfpa_therm=30370|quiet_therm=30882|charging_therm=32373|,BIG=35000|MID=36000|usb_pwr_therm=29324|btmspkr_therm=29279|disp_therm=29301|north_therm=29524|soc_therm=32284|battery=29400|battery_cycle=5|dc-mains=33000|usbc-therm-adc=330|max77779fg=29400|LITTLE=36000|soc=9|smpl_gm=0|vdroop1=0|batoilo=0|batoilo2=0|batt_vs=29394|mdis_morepower=0|thb_hda=51|cp_on_chip_0=36000|cp_on_chip_1=37000|G3D=34000|cp_on_chip_2=37000|cp_on_chip_3=35000|cp_on_chip_4=35000|rf2_therm=33000|rf1_therm=34000|ISP=33000|TPU=34000|AUR=34000|rfpa_therm=30392|quiet_therm=30926|charging_therm=32440|,ok,39000,37000,0,37000,1,batched,touched,4096,512,13,1,474324,512,45573,0,4,4,ok
1,3,protected,4,1795000,578000,37000,38000,BIG=36000|MID=36000|usb_pwr_therm=29301|btmspkr_therm=29257|disp_therm=29301|north_therm=29524|soc_therm=32195|battery=29400|battery_cycle=5|dc-mains=33000|usbc-therm-adc=330|max77779fg=29400|LITTLE=35000|soc=9|smpl_gm=0|vdroop1=0|batoilo=0|batoilo2=0|batt_vs=29393|mdis_morepower=0|thb_hda=51|cp_on_chip_0=36000|cp_on_chip_1=37000|G3D=35000|cp_on_chip_2=37000|cp_on_chip_3=35000|cp_on_chip_4=35000|rf2_therm=33000|rf1_therm=34000|ISP=34000|TPU=34000|AUR=34000|rfpa_therm=30370|quiet_therm=30882|charging_therm=32373|,BIG=35000|MID=36000|usb_pwr_therm=29324|btmspkr_therm=29279|disp_therm=29301|north_therm=29524|soc_therm=32284|battery=29400|battery_cycle=5|dc-mains=33000|usbc-therm-adc=330|max77779fg=29400|LITTLE=36000|soc=9|smpl_gm=0|vdroop1=0|batoilo=0|batoilo2=0|batt_vs=29394|mdis_morepower=0|thb_hda=51|cp_on_chip_0=36000|cp_on_chip_1=37000|G3D=34000|cp_on_chip_2=37000|cp_on_chip_3=35000|cp_on_chip_4=35000|rf2_therm=33000|rf1_therm=34000|ISP=33000|TPU=34000|AUR=34000|rfpa_therm=30392|quiet_therm=30926|charging_therm=32440|,ok,39000,37000,0,37000,1,batched,touched,4096,512,14,1,453654,512,49560,0,4,4,ok
1,3,protected,4,1795000,578000,37000,38000,BIG=36000|MID=36000|usb_pwr_therm=29301|btmspkr_therm=29257|disp_therm=29301|north_therm=29524|soc_therm=32195|battery=29400|battery_cycle=5|dc-mains=33000|usbc-therm-adc=330|max77779fg=29400|LITTLE=35000|soc=9|smpl_gm=0|vdroop1=0|batoilo=0|batoilo2=0|batt_vs=29393|mdis_morepower=0|thb_hda=51|cp_on_chip_0=36000|cp_on_chip_1=37000|G3D=35000|cp_on_chip_2=37000|cp_on_chip_3=35000|cp_on_chip_4=35000|rf2_therm=33000|rf1_therm=34000|ISP=34000|TPU=34000|AUR=34000|rfpa_therm=30370|quiet_therm=30882|charging_therm=32373|,BIG=35000|MID=36000|usb_pwr_therm=29324|btmspkr_therm=29279|disp_therm=29301|north_therm=29524|soc_therm=32284|battery=29400|battery_cycle=5|dc-mains=33000|usbc-therm-adc=330|max77779fg=29400|LITTLE=36000|soc=9|smpl_gm=0|vdroop1=0|batoilo=0|batoilo2=0|batt_vs=29394|mdis_morepower=0|thb_hda=51|cp_on_chip_0=36000|cp_on_chip_1=37000|G3D=34000|cp_on_chip_2=37000|cp_on_chip_3=35000|cp_on_chip_4=35000|rf2_therm=33000|rf1_therm=34000|ISP=33000|TPU=34000|AUR=34000|rfpa_therm=30392|quiet_therm=30926|charging_therm=32440|,ok,39000,37000,0,37000,1,batched,touched,4096,512,15,1,457967,512,45451,0,4,4,ok
1,3,protected,4,1795000,578000,37000,38000,BIG=36000|MID=36000|usb_pwr_therm=29301|btmspkr_therm=29257|disp_therm=29301|north_therm=29524|soc_therm=32195|battery=29400|battery_cycle=5|dc-mains=33000|usbc-therm-adc=330|max77779fg=29400|LITTLE=35000|soc=9|smpl_gm=0|vdroop1=0|batoilo=0|batoilo2=0|batt_vs=29393|mdis_morepower=0|thb_hda=51|cp_on_chip_0=36000|cp_on_chip_1=37000|G3D=35000|cp_on_chip_2=37000|cp_on_chip_3=35000|cp_on_chip_4=35000|rf2_therm=33000|rf1_therm=34000|ISP=34000|TPU=34000|AUR=34000|rfpa_therm=30370|quiet_therm=30882|charging_therm=32373|,BIG=35000|MID=36000|usb_pwr_therm=29324|btmspkr_therm=29279|disp_therm=29301|north_therm=29524|soc_therm=32284|battery=29400|battery_cycle=5|dc-mains=33000|usbc-therm-adc=330|max77779fg=29400|LITTLE=36000|soc=9|smpl_gm=0|vdroop1=0|batoilo=0|batoilo2=0|batt_vs=29394|mdis_morepower=0|thb_hda=51|cp_on_chip_0=36000|cp_on_chip_1=37000|G3D=34000|cp_on_chip_2=37000|cp_on_chip_3=35000|cp_on_chip_4=35000|rf2_therm=33000|rf1_therm=34000|ISP=33000|TPU=34000|AUR=34000|rfpa_therm=30392|quiet_therm=30926|charging_therm=32440|,ok,39000,37000,0,37000,1,batched,touched,4096,512,16,1,456665,512,48462,0,4,4,ok
1,3,protected,4,1795000,578000,37000,38000,BIG=36000|MID=36000|usb_pwr_therm=29301|btmspkr_therm=29257|disp_therm=29301|north_therm=29524|soc_therm=32195|battery=29400|battery_cycle=5|dc-mains=33000|usbc-therm-adc=330|max77779fg=29400|LITTLE=35000|soc=9|smpl_gm=0|vdroop1=0|batoilo=0|batoilo2=0|batt_vs=29393|mdis_morepower=0|thb_hda=51|cp_on_chip_0=36000|cp_on_chip_1=37000|G3D=35000|cp_on_chip_2=37000|cp_on_chip_3=35000|cp_on_chip_4=35000|rf2_therm=33000|rf1_therm=34000|ISP=34000|TPU=34000|AUR=34000|rfpa_therm=30370|quiet_therm=30882|charging_therm=32373|,BIG=35000|MID=36000|usb_pwr_therm=29324|btmspkr_therm=29279|disp_therm=29301|north_therm=29524|soc_therm=32284|battery=29400|battery_cycle=5|dc-mains=33000|usbc-therm-adc=330|max77779fg=29400|LITTLE=36000|soc=9|smpl_gm=0|vdroop1=0|batoilo=0|batoilo2=0|batt_vs=29394|mdis_morepower=0|thb_hda=51|cp_on_chip_0=36000|cp_on_chip_1=37000|G3D=34000|cp_on_chip_2=37000|cp_on_chip_3=35000|cp_on_chip_4=35000|rf2_therm=33000|rf1_therm=34000|ISP=33000|TPU=34000|AUR=34000|rfpa_therm=30392|quiet_therm=30926|charging_therm=32440|,ok,39000,37000,0,37000,1,batched,touched,4096,512,17,1,458211,512,44434,0,4,4,ok
1,3,protected,4,1795000,578000,37000,38000,BIG=36000|MID=36000|usb_pwr_therm=29301|btmspkr_therm=29257|disp_therm=29301|north_therm=29524|soc_therm=32195|battery=29400|battery_cycle=5|dc-mains=33000|usbc-therm-adc=330|max77779fg=29400|LITTLE=35000|soc=9|smpl_gm=0|vdroop1=0|batoilo=0|batoilo2=0|batt_vs=29393|mdis_morepower=0|thb_hda=51|cp_on_chip_0=36000|cp_on_chip_1=37000|G3D=35000|cp_on_chip_2=37000|cp_on_chip_3=35000|cp_on_chip_4=35000|rf2_therm=33000|rf1_therm=34000|ISP=34000|TPU=34000|AUR=34000|rfpa_therm=30370|quiet_therm=30882|charging_therm=32373|,BIG=35000|MID=36000|usb_pwr_therm=29324|btmspkr_therm=29279|disp_therm=29301|north_therm=29524|soc_therm=32284|battery=29400|battery_cycle=5|dc-mains=33000|usbc-therm-adc=330|max77779fg=29400|LITTLE=36000|soc=9|smpl_gm=0|vdroop1=0|batoilo=0|batoilo2=0|batt_vs=29394|mdis_morepower=0|thb_hda=51|cp_on_chip_0=36000|cp_on_chip_1=37000|G3D=34000|cp_on_chip_2=37000|cp_on_chip_3=35000|cp_on_chip_4=35000|rf2_therm=33000|rf1_therm=34000|ISP=33000|TPU=34000|AUR=34000|rfpa_therm=30392|quiet_therm=30926|charging_therm=32440|,ok,39000,37000,0,37000,1,batched,touched,4096,512,18,1,460897,512,46712,0,4,4,ok
1,3,protected,4,1795000,578000,37000,38000,BIG=36000|MID=36000|usb_pwr_therm=29301|btmspkr_therm=29257|disp_therm=29301|north_therm=29524|soc_therm=32195|battery=29400|battery_cycle=5|dc-mains=33000|usbc-therm-adc=330|max77779fg=29400|LITTLE=35000|soc=9|smpl_gm=0|vdroop1=0|batoilo=0|batoilo2=0|batt_vs=29393|mdis_morepower=0|thb_hda=51|cp_on_chip_0=36000|cp_on_chip_1=37000|G3D=35000|cp_on_chip_2=37000|cp_on_chip_3=35000|cp_on_chip_4=35000|rf2_therm=33000|rf1_therm=34000|ISP=34000|TPU=34000|AUR=34000|rfpa_therm=30370|quiet_therm=30882|charging_therm=32373|,BIG=35000|MID=36000|usb_pwr_therm=29324|btmspkr_therm=29279|disp_therm=29301|north_therm=29524|soc_therm=32284|battery=29400|battery_cycle=5|dc-mains=33000|usbc-therm-adc=330|max77779fg=29400|LITTLE=36000|soc=9|smpl_gm=0|vdroop1=0|batoilo=0|batoilo2=0|batt_vs=29394|mdis_morepower=0|thb_hda=51|cp_on_chip_0=36000|cp_on_chip_1=37000|G3D=34000|cp_on_chip_2=37000|cp_on_chip_3=35000|cp_on_chip_4=35000|rf2_therm=33000|rf1_therm=34000|ISP=33000|TPU=34000|AUR=34000|rfpa_therm=30392|quiet_therm=30926|charging_therm=32440|,ok,39000,37000,0,37000,1,batched,touched,4096,512,19,1,453043,512,48666,0,4,4,ok
1,3,protected,4,1795000,578000,37000,38000,BIG=36000|MID=36000|usb_pwr_therm=29301|btmspkr_therm=29257|disp_therm=29301|north_therm=29524|soc_therm=32195|battery=29400|battery_cycle=5|dc-mains=33000|usbc-therm-adc=330|max77779fg=29400|LITTLE=35000|soc=9|smpl_gm=0|vdroop1=0|batoilo=0|batoilo2=0|batt_vs=29393|mdis_morepower=0|thb_hda=51|cp_on_chip_0=36000|cp_on_chip_1=37000|G3D=35000|cp_on_chip_2=37000|cp_on_chip_3=35000|cp_on_chip_4=35000|rf2_therm=33000|rf1_therm=34000|ISP=34000|TPU=34000|AUR=34000|rfpa_therm=30370|quiet_therm=30882|charging_therm=32373|,BIG=35000|MID=36000|usb_pwr_therm=29324|btmspkr_therm=29279|disp_therm=29301|north_therm=29524|soc_therm=32284|battery=29400|battery_cycle=5|dc-mains=33000|usbc-therm-adc=330|max77779fg=29400|LITTLE=36000|soc=9|smpl_gm=0|vdroop1=0|batoilo=0|batoilo2=0|batt_vs=29394|mdis_morepower=0|thb_hda=51|cp_on_chip_0=36000|cp_on_chip_1=37000|G3D=34000|cp_on_chip_2=37000|cp_on_chip_3=35000|cp_on_chip_4=35000|rf2_therm=33000|rf1_therm=34000|ISP=33000|TPU=34000|AUR=34000|rfpa_therm=30392|quiet_therm=30926|charging_therm=32440|,ok,39000,37000,0,37000,1,batched,touched,4096,512,20,1,456217,512,45735,0,4,4,ok
1,3,protected,4,1795000,578000,37000,38000,BIG=36000|MID=36000|usb_pwr_therm=29301|btmspkr_therm=29257|disp_therm=29301|north_therm=29524|soc_therm=32195|battery=29400|battery_cycle=5|dc-mains=33000|usbc-therm-adc=330|max77779fg=29400|LITTLE=35000|soc=9|smpl_gm=0|vdroop1=0|batoilo=0|batoilo2=0|batt_vs=29393|mdis_morepower=0|thb_hda=51|cp_on_chip_0=36000|cp_on_chip_1=37000|G3D=35000|cp_on_chip_2=37000|cp_on_chip_3=35000|cp_on_chip_4=35000|rf2_therm=33000|rf1_therm=34000|ISP=34000|TPU=34000|AUR=34000|rfpa_therm=30370|quiet_therm=30882|charging_therm=32373|,BIG=35000|MID=36000|usb_pwr_therm=29324|btmspkr_therm=29279|disp_therm=29301|north_therm=29524|soc_therm=32284|battery=29400|battery_cycle=5|dc-mains=33000|usbc-therm-adc=330|max77779fg=29400|LITTLE=36000|soc=9|smpl_gm=0|vdroop1=0|batoilo=0|batoilo2=0|batt_vs=29394|mdis_morepower=0|thb_hda=51|cp_on_chip_0=36000|cp_on_chip_1=37000|G3D=34000|cp_on_chip_2=37000|cp_on_chip_3=35000|cp_on_chip_4=35000|rf2_therm=33000|rf1_therm=34000|ISP=33000|TPU=34000|AUR=34000|rfpa_therm=30392|quiet_therm=30926|charging_therm=32440|,ok,39000,37000,0,37000,1,batched,touched,4096,512,21,1,482991,512,48259,0,4,4,ok
1,3,protected,4,1795000,578000,37000,38000,BIG=36000|MID=36000|usb_pwr_therm=29301|btmspkr_therm=29257|disp_therm=29301|north_therm=29524|soc_therm=32195|battery=29400|battery_cycle=5|dc-mains=33000|usbc-therm-adc=330|max77779fg=29400|LITTLE=35000|soc=9|smpl_gm=0|vdroop1=0|batoilo=0|batoilo2=0|batt_vs=29393|mdis_morepower=0|thb_hda=51|cp_on_chip_0=36000|cp_on_chip_1=37000|G3D=35000|cp_on_chip_2=37000|cp_on_chip_3=35000|cp_on_chip_4=35000|rf2_therm=33000|rf1_therm=34000|ISP=34000|TPU=34000|AUR=34000|rfpa_therm=30370|quiet_therm=30882|charging_therm=32373|,BIG=35000|MID=36000|usb_pwr_therm=29324|btmspkr_therm=29279|disp_therm=29301|north_therm=29524|soc_therm=32284|battery=29400|battery_cycle=5|dc-mains=33000|usbc-therm-adc=330|max77779fg=29400|LITTLE=36000|soc=9|smpl_gm=0|vdroop1=0|batoilo=0|batoilo2=0|batt_vs=29394|mdis_morepower=0|thb_hda=51|cp_on_chip_0=36000|cp_on_chip_1=37000|G3D=34000|cp_on_chip_2=37000|cp_on_chip_3=35000|cp_on_chip_4=35000|rf2_therm=33000|rf1_therm=34000|ISP=33000|TPU=34000|AUR=34000|rfpa_therm=30392|quiet_therm=30926|charging_therm=32440|,ok,39000,37000,0,37000,1,batched,touched,4096,512,22,1,466919,512,48177,0,4,4,ok
1,3,protected,4,1795000,578000,37000,38000,BIG=36000|MID=36000|usb_pwr_therm=29301|btmspkr_therm=29257|disp_therm=29301|north_therm=29524|soc_therm=32195|battery=29400|battery_cycle=5|dc-mains=33000|usbc-therm-adc=330|max77779fg=29400|LITTLE=35000|soc=9|smpl_gm=0|vdroop1=0|batoilo=0|batoilo2=0|batt_vs=29393|mdis_morepower=0|thb_hda=51|cp_on_chip_0=36000|cp_on_chip_1=37000|G3D=35000|cp_on_chip_2=37000|cp_on_chip_3=35000|cp_on_chip_4=35000|rf2_therm=33000|rf1_therm=34000|ISP=34000|TPU=34000|AUR=34000|rfpa_therm=30370|quiet_therm=30882|charging_therm=32373|,BIG=35000|MID=36000|usb_pwr_therm=29324|btmspkr_therm=29279|disp_therm=29301|north_therm=29524|soc_therm=32284|battery=29400|battery_cycle=5|dc-mains=33000|usbc-therm-adc=330|max77779fg=29400|LITTLE=36000|soc=9|smpl_gm=0|vdroop1=0|batoilo=0|batoilo2=0|batt_vs=29394|mdis_morepower=0|thb_hda=51|cp_on_chip_0=36000|cp_on_chip_1=37000|G3D=34000|cp_on_chip_2=37000|cp_on_chip_3=35000|cp_on_chip_4=35000|rf2_therm=33000|rf1_therm=34000|ISP=33000|TPU=34000|AUR=34000|rfpa_therm=30392|quiet_therm=30926|charging_therm=32440|,ok,39000,37000,0,37000,1,batched,touched,4096,512,23,1,465658,512,49724,0,4,4,ok
1,3,protected,4,1795000,578000,37000,38000,BIG=36000|MID=36000|usb_pwr_therm=29301|btmspkr_therm=29257|disp_therm=29301|north_therm=29524|soc_therm=32195|battery=29400|battery_cycle=5|dc-mains=33000|usbc-therm-adc=330|max77779fg=29400|LITTLE=35000|soc=9|smpl_gm=0|vdroop1=0|batoilo=0|batoilo2=0|batt_vs=29393|mdis_morepower=0|thb_hda=51|cp_on_chip_0=36000|cp_on_chip_1=37000|G3D=35000|cp_on_chip_2=37000|cp_on_chip_3=35000|cp_on_chip_4=35000|rf2_therm=33000|rf1_therm=34000|ISP=34000|TPU=34000|AUR=34000|rfpa_therm=30370|quiet_therm=30882|charging_therm=32373|,BIG=35000|MID=36000|usb_pwr_therm=29324|btmspkr_therm=29279|disp_therm=29301|north_therm=29524|soc_therm=32284|battery=29400|battery_cycle=5|dc-mains=33000|usbc-therm-adc=330|max77779fg=29400|LITTLE=36000|soc=9|smpl_gm=0|vdroop1=0|batoilo=0|batoilo2=0|batt_vs=29394|mdis_morepower=0|thb_hda=51|cp_on_chip_0=36000|cp_on_chip_1=37000|G3D=34000|cp_on_chip_2=37000|cp_on_chip_3=35000|cp_on_chip_4=35000|rf2_therm=33000|rf1_therm=34000|ISP=33000|TPU=34000|AUR=34000|rfpa_therm=30392|quiet_therm=30926|charging_therm=32440|,ok,39000,37000,0,37000,1,batched,touched,4096,512,24,1,461833,512,52409,0,4,4,ok
1,3,protected,4,1795000,578000,37000,38000,BIG=36000|MID=36000|usb_pwr_therm=29301|btmspkr_therm=29257|disp_therm=29301|north_therm=29524|soc_therm=32195|battery=29400|battery_cycle=5|dc-mains=33000|usbc-therm-adc=330|max77779fg=29400|LITTLE=35000|soc=9|smpl_gm=0|vdroop1=0|batoilo=0|batoilo2=0|batt_vs=29393|mdis_morepower=0|thb_hda=51|cp_on_chip_0=36000|cp_on_chip_1=37000|G3D=35000|cp_on_chip_2=37000|cp_on_chip_3=35000|cp_on_chip_4=35000|rf2_therm=33000|rf1_therm=34000|ISP=34000|TPU=34000|AUR=34000|rfpa_therm=30370|quiet_therm=30882|charging_therm=32373|,BIG=35000|MID=36000|usb_pwr_therm=29324|btmspkr_therm=29279|disp_therm=29301|north_therm=29524|soc_therm=32284|battery=29400|battery_cycle=5|dc-mains=33000|usbc-therm-adc=330|max77779fg=29400|LITTLE=36000|soc=9|smpl_gm=0|vdroop1=0|batoilo=0|batoilo2=0|batt_vs=29394|mdis_morepower=0|thb_hda=51|cp_on_chip_0=36000|cp_on_chip_1=37000|G3D=34000|cp_on_chip_2=37000|cp_on_chip_3=35000|cp_on_chip_4=35000|rf2_therm=33000|rf1_therm=34000|ISP=33000|TPU=34000|AUR=34000|rfpa_therm=30392|quiet_therm=30926|charging_therm=32440|,ok,39000,37000,0,37000,1,batched,touched,4096,512,25,1,453207,512,50618,0,4,4,ok
1,3,protected,4,1795000,578000,37000,38000,BIG=36000|MID=36000|usb_pwr_therm=29301|btmspkr_therm=29257|disp_therm=29301|north_therm=29524|soc_therm=32195|battery=29400|battery_cycle=5|dc-mains=33000|usbc-therm-adc=330|max77779fg=29400|LITTLE=35000|soc=9|smpl_gm=0|vdroop1=0|batoilo=0|batoilo2=0|batt_vs=29393|mdis_morepower=0|thb_hda=51|cp_on_chip_0=36000|cp_on_chip_1=37000|G3D=35000|cp_on_chip_2=37000|cp_on_chip_3=35000|cp_on_chip_4=35000|rf2_therm=33000|rf1_therm=34000|ISP=34000|TPU=34000|AUR=34000|rfpa_therm=30370|quiet_therm=30882|charging_therm=32373|,BIG=35000|MID=36000|usb_pwr_therm=29324|btmspkr_therm=29279|disp_therm=29301|north_therm=29524|soc_therm=32284|battery=29400|battery_cycle=5|dc-mains=33000|usbc-therm-adc=330|max77779fg=29400|LITTLE=36000|soc=9|smpl_gm=0|vdroop1=0|batoilo=0|batoilo2=0|batt_vs=29394|mdis_morepower=0|thb_hda=51|cp_on_chip_0=36000|cp_on_chip_1=37000|G3D=34000|cp_on_chip_2=37000|cp_on_chip_3=35000|cp_on_chip_4=35000|rf2_therm=33000|rf1_therm=34000|ISP=33000|TPU=34000|AUR=34000|rfpa_therm=30392|quiet_therm=30926|charging_therm=32440|,ok,39000,37000,0,37000,1,batched,touched,4096,512,26,1,458496,512,40080,0,4,4,ok
1,3,protected,4,1795000,578000,37000,38000,BIG=36000|MID=36000|usb_pwr_therm=29301|btmspkr_therm=29257|disp_therm=29301|north_therm=29524|soc_therm=32195|battery=29400|battery_cycle=5|dc-mains=33000|usbc-therm-adc=330|max77779fg=29400|LITTLE=35000|soc=9|smpl_gm=0|vdroop1=0|batoilo=0|batoilo2=0|batt_vs=29393|mdis_morepower=0|thb_hda=51|cp_on_chip_0=36000|cp_on_chip_1=37000|G3D=35000|cp_on_chip_2=37000|cp_on_chip_3=35000|cp_on_chip_4=35000|rf2_therm=33000|rf1_therm=34000|ISP=34000|TPU=34000|AUR=34000|rfpa_therm=30370|quiet_therm=30882|charging_therm=32373|,BIG=35000|MID=36000|usb_pwr_therm=29324|btmspkr_therm=29279|disp_therm=29301|north_therm=29524|soc_therm=32284|battery=29400|battery_cycle=5|dc-mains=33000|usbc-therm-adc=330|max77779fg=29400|LITTLE=36000|soc=9|smpl_gm=0|vdroop1=0|batoilo=0|batoilo2=0|batt_vs=29394|mdis_morepower=0|thb_hda=51|cp_on_chip_0=36000|cp_on_chip_1=37000|G3D=34000|cp_on_chip_2=37000|cp_on_chip_3=35000|cp_on_chip_4=35000|rf2_therm=33000|rf1_therm=34000|ISP=33000|TPU=34000|AUR=34000|rfpa_therm=30392|quiet_therm=30926|charging_therm=32440|,ok,39000,37000,0,37000,1,batched,touched,4096,512,27,1,452189,512,41300,0,4,4,ok
1,3,protected,4,1795000,578000,37000,38000,BIG=36000|MID=36000|usb_pwr_therm=29301|btmspkr_therm=29257|disp_therm=29301|north_therm=29524|soc_therm=32195|battery=29400|battery_cycle=5|dc-mains=33000|usbc-therm-adc=330|max77779fg=29400|LITTLE=35000|soc=9|smpl_gm=0|vdroop1=0|batoilo=0|batoilo2=0|batt_vs=29393|mdis_morepower=0|thb_hda=51|cp_on_chip_0=36000|cp_on_chip_1=37000|G3D=35000|cp_on_chip_2=37000|cp_on_chip_3=35000|cp_on_chip_4=35000|rf2_therm=33000|rf1_therm=34000|ISP=34000|TPU=34000|AUR=34000|rfpa_therm=30370|quiet_therm=30882|charging_therm=32373|,BIG=35000|MID=36000|usb_pwr_therm=29324|btmspkr_therm=29279|disp_therm=29301|north_therm=29524|soc_therm=32284|battery=29400|battery_cycle=5|dc-mains=33000|usbc-therm-adc=330|max77779fg=29400|LITTLE=36000|soc=9|smpl_gm=0|vdroop1=0|batoilo=0|batoilo2=0|batt_vs=29394|mdis_morepower=0|thb_hda=51|cp_on_chip_0=36000|cp_on_chip_1=37000|G3D=34000|cp_on_chip_2=37000|cp_on_chip_3=35000|cp_on_chip_4=35000|rf2_therm=33000|rf1_therm=34000|ISP=33000|TPU=34000|AUR=34000|rfpa_therm=30392|quiet_therm=30926|charging_therm=32440|,ok,39000,37000,0,37000,1,batched,touched,4096,512,28,1,448120,512,39225,0,4,4,ok
1,3,protected,4,1795000,578000,37000,38000,BIG=36000|MID=36000|usb_pwr_therm=29301|btmspkr_therm=29257|disp_therm=29301|north_therm=29524|soc_therm=32195|battery=29400|battery_cycle=5|dc-mains=33000|usbc-therm-adc=330|max77779fg=29400|LITTLE=35000|soc=9|smpl_gm=0|vdroop1=0|batoilo=0|batoilo2=0|batt_vs=29393|mdis_morepower=0|thb_hda=51|cp_on_chip_0=36000|cp_on_chip_1=37000|G3D=35000|cp_on_chip_2=37000|cp_on_chip_3=35000|cp_on_chip_4=35000|rf2_therm=33000|rf1_therm=34000|ISP=34000|TPU=34000|AUR=34000|rfpa_therm=30370|quiet_therm=30882|charging_therm=32373|,BIG=35000|MID=36000|usb_pwr_therm=29324|btmspkr_therm=29279|disp_therm=29301|north_therm=29524|soc_therm=32284|battery=29400|battery_cycle=5|dc-mains=33000|usbc-therm-adc=330|max77779fg=29400|LITTLE=36000|soc=9|smpl_gm=0|vdroop1=0|batoilo=0|batoilo2=0|batt_vs=29394|mdis_morepower=0|thb_hda=51|cp_on_chip_0=36000|cp_on_chip_1=37000|G3D=34000|cp_on_chip_2=37000|cp_on_chip_3=35000|cp_on_chip_4=35000|rf2_therm=33000|rf1_therm=34000|ISP=33000|TPU=34000|AUR=34000|rfpa_therm=30392|quiet_therm=30926|charging_therm=32440|,ok,39000,37000,0,37000,1,batched,touched,4096,512,29,1,473918,512,43864,0,4,4,ok
1,4,protected,4,578000,1795000,37000,38000,BIG=35000|MID=36000|usb_pwr_therm=29324|btmspkr_therm=29279|disp_therm=29301|north_therm=29524|soc_therm=32351|battery=29400|battery_cycle=5|dc-mains=33000|usbc-therm-adc=330|max77779fg=29400|LITTLE=35000|soc=9|smpl_gm=0|vdroop1=0|batoilo=0|batoilo2=0|batt_vs=29393|mdis_morepower=0|thb_hda=51|cp_on_chip_0=36000|cp_on_chip_1=37000|G3D=34000|cp_on_chip_2=37000|cp_on_chip_3=35000|cp_on_chip_4=35000|rf2_therm=33000|rf1_therm=34000|ISP=33000|TPU=34000|AUR=34000|rfpa_therm=30414|quiet_therm=30971|charging_therm=32507|,BIG=36000|MID=36000|usb_pwr_therm=29324|btmspkr_therm=29279|disp_therm=29301|north_therm=29524|soc_therm=32351|battery=29400|battery_cycle=5|dc-mains=33000|usbc-therm-adc=330|max77779fg=29400|LITTLE=36000|soc=9|smpl_gm=0|vdroop1=0|batoilo=0|batoilo2=0|batt_vs=29394|mdis_morepower=0|thb_hda=51|cp_on_chip_0=36000|cp_on_chip_1=37000|G3D=34000|cp_on_chip_2=37000|cp_on_chip_3=35000|cp_on_chip_4=35000|rf2_therm=33000|rf1_therm=34000|ISP=34000|TPU=35000|AUR=35000|rfpa_therm=30459|quiet_therm=31015|charging_therm=32596|,ok,39000,37000,0,37000,1,batched,touched,4096,8192,0,1,12799032,8192,3111084,0,4,4,ok
1,4,protected,4,578000,1795000,37000,38000,BIG=35000|MID=36000|usb_pwr_therm=29324|btmspkr_therm=29279|disp_therm=29301|north_therm=29524|soc_therm=32351|battery=29400|battery_cycle=5|dc-mains=33000|usbc-therm-adc=330|max77779fg=29400|LITTLE=35000|soc=9|smpl_gm=0|vdroop1=0|batoilo=0|batoilo2=0|batt_vs=29393|mdis_morepower=0|thb_hda=51|cp_on_chip_0=36000|cp_on_chip_1=37000|G3D=34000|cp_on_chip_2=37000|cp_on_chip_3=35000|cp_on_chip_4=35000|rf2_therm=33000|rf1_therm=34000|ISP=33000|TPU=34000|AUR=34000|rfpa_therm=30414|quiet_therm=30971|charging_therm=32507|,BIG=36000|MID=36000|usb_pwr_therm=29324|btmspkr_therm=29279|disp_therm=29301|north_therm=29524|soc_therm=32351|battery=29400|battery_cycle=5|dc-mains=33000|usbc-therm-adc=330|max77779fg=29400|LITTLE=36000|soc=9|smpl_gm=0|vdroop1=0|batoilo=0|batoilo2=0|batt_vs=29394|mdis_morepower=0|thb_hda=51|cp_on_chip_0=36000|cp_on_chip_1=37000|G3D=34000|cp_on_chip_2=37000|cp_on_chip_3=35000|cp_on_chip_4=35000|rf2_therm=33000|rf1_therm=34000|ISP=34000|TPU=35000|AUR=35000|rfpa_therm=30459|quiet_therm=31015|charging_therm=32596|,ok,39000,37000,0,37000,1,batched,touched,4096,8192,1,1,8559163,8192,1044678,0,4,4,ok
1,4,protected,4,578000,1795000,37000,38000,BIG=35000|MID=36000|usb_pwr_therm=29324|btmspkr_therm=29279|disp_therm=29301|north_therm=29524|soc_therm=32351|battery=29400|battery_cycle=5|dc-mains=33000|usbc-therm-adc=330|max77779fg=29400|LITTLE=35000|soc=9|smpl_gm=0|vdroop1=0|batoilo=0|batoilo2=0|batt_vs=29393|mdis_morepower=0|thb_hda=51|cp_on_chip_0=36000|cp_on_chip_1=37000|G3D=34000|cp_on_chip_2=37000|cp_on_chip_3=35000|cp_on_chip_4=35000|rf2_therm=33000|rf1_therm=34000|ISP=33000|TPU=34000|AUR=34000|rfpa_therm=30414|quiet_therm=30971|charging_therm=32507|,BIG=36000|MID=36000|usb_pwr_therm=29324|btmspkr_therm=29279|disp_therm=29301|north_therm=29524|soc_therm=32351|battery=29400|battery_cycle=5|dc-mains=33000|usbc-therm-adc=330|max77779fg=29400|LITTLE=36000|soc=9|smpl_gm=0|vdroop1=0|batoilo=0|batoilo2=0|batt_vs=29394|mdis_morepower=0|thb_hda=51|cp_on_chip_0=36000|cp_on_chip_1=37000|G3D=34000|cp_on_chip_2=37000|cp_on_chip_3=35000|cp_on_chip_4=35000|rf2_therm=33000|rf1_therm=34000|ISP=34000|TPU=35000|AUR=35000|rfpa_therm=30459|quiet_therm=31015|charging_therm=32596|,ok,39000,37000,0,37000,1,batched,touched,4096,8192,2,1,7642700,8192,1089193,0,4,4,ok
1,4,protected,4,578000,1795000,37000,38000,BIG=35000|MID=36000|usb_pwr_therm=29324|btmspkr_therm=29279|disp_therm=29301|north_therm=29524|soc_therm=32351|battery=29400|battery_cycle=5|dc-mains=33000|usbc-therm-adc=330|max77779fg=29400|LITTLE=35000|soc=9|smpl_gm=0|vdroop1=0|batoilo=0|batoilo2=0|batt_vs=29393|mdis_morepower=0|thb_hda=51|cp_on_chip_0=36000|cp_on_chip_1=37000|G3D=34000|cp_on_chip_2=37000|cp_on_chip_3=35000|cp_on_chip_4=35000|rf2_therm=33000|rf1_therm=34000|ISP=33000|TPU=34000|AUR=34000|rfpa_therm=30414|quiet_therm=30971|charging_therm=32507|,BIG=36000|MID=36000|usb_pwr_therm=29324|btmspkr_therm=29279|disp_therm=29301|north_therm=29524|soc_therm=32351|battery=29400|battery_cycle=5|dc-mains=33000|usbc-therm-adc=330|max77779fg=29400|LITTLE=36000|soc=9|smpl_gm=0|vdroop1=0|batoilo=0|batoilo2=0|batt_vs=29394|mdis_morepower=0|thb_hda=51|cp_on_chip_0=36000|cp_on_chip_1=37000|G3D=34000|cp_on_chip_2=37000|cp_on_chip_3=35000|cp_on_chip_4=35000|rf2_therm=33000|rf1_therm=34000|ISP=34000|TPU=35000|AUR=35000|rfpa_therm=30459|quiet_therm=31015|charging_therm=32596|,ok,39000,37000,0,37000,1,batched,touched,4096,8192,3,1,7912273,8192,1082683,0,4,4,ok
1,4,protected,4,578000,1795000,37000,38000,BIG=35000|MID=36000|usb_pwr_therm=29324|btmspkr_therm=29279|disp_therm=29301|north_therm=29524|soc_therm=32351|battery=29400|battery_cycle=5|dc-mains=33000|usbc-therm-adc=330|max77779fg=29400|LITTLE=35000|soc=9|smpl_gm=0|vdroop1=0|batoilo=0|batoilo2=0|batt_vs=29393|mdis_morepower=0|thb_hda=51|cp_on_chip_0=36000|cp_on_chip_1=37000|G3D=34000|cp_on_chip_2=37000|cp_on_chip_3=35000|cp_on_chip_4=35000|rf2_therm=33000|rf1_therm=34000|ISP=33000|TPU=34000|AUR=34000|rfpa_therm=30414|quiet_therm=30971|charging_therm=32507|,BIG=36000|MID=36000|usb_pwr_therm=29324|btmspkr_therm=29279|disp_therm=29301|north_therm=29524|soc_therm=32351|battery=29400|battery_cycle=5|dc-mains=33000|usbc-therm-adc=330|max77779fg=29400|LITTLE=36000|soc=9|smpl_gm=0|vdroop1=0|batoilo=0|batoilo2=0|batt_vs=29394|mdis_morepower=0|thb_hda=51|cp_on_chip_0=36000|cp_on_chip_1=37000|G3D=34000|cp_on_chip_2=37000|cp_on_chip_3=35000|cp_on_chip_4=35000|rf2_therm=33000|rf1_therm=34000|ISP=34000|TPU=35000|AUR=35000|rfpa_therm=30459|quiet_therm=31015|charging_therm=32596|,ok,39000,37000,0,37000,1,batched,touched,4096,8192,4,1,7922526,8192,1097981,0,4,4,ok
1,4,protected,4,578000,1795000,37000,38000,BIG=35000|MID=36000|usb_pwr_therm=29324|btmspkr_therm=29279|disp_therm=29301|north_therm=29524|soc_therm=32351|battery=29400|battery_cycle=5|dc-mains=33000|usbc-therm-adc=330|max77779fg=29400|LITTLE=35000|soc=9|smpl_gm=0|vdroop1=0|batoilo=0|batoilo2=0|batt_vs=29393|mdis_morepower=0|thb_hda=51|cp_on_chip_0=36000|cp_on_chip_1=37000|G3D=34000|cp_on_chip_2=37000|cp_on_chip_3=35000|cp_on_chip_4=35000|rf2_therm=33000|rf1_therm=34000|ISP=33000|TPU=34000|AUR=34000|rfpa_therm=30414|quiet_therm=30971|charging_therm=32507|,BIG=36000|MID=36000|usb_pwr_therm=29324|btmspkr_therm=29279|disp_therm=29301|north_therm=29524|soc_therm=32351|battery=29400|battery_cycle=5|dc-mains=33000|usbc-therm-adc=330|max77779fg=29400|LITTLE=36000|soc=9|smpl_gm=0|vdroop1=0|batoilo=0|batoilo2=0|batt_vs=29394|mdis_morepower=0|thb_hda=51|cp_on_chip_0=36000|cp_on_chip_1=37000|G3D=34000|cp_on_chip_2=37000|cp_on_chip_3=35000|cp_on_chip_4=35000|rf2_therm=33000|rf1_therm=34000|ISP=34000|TPU=35000|AUR=35000|rfpa_therm=30459|quiet_therm=31015|charging_therm=32596|,ok,39000,37000,0,37000,1,batched,touched,4096,8192,5,1,7865641,8192,1014201,0,4,4,ok
1,4,protected,4,578000,1795000,37000,38000,BIG=35000|MID=36000|usb_pwr_therm=29324|btmspkr_therm=29279|disp_therm=29301|north_therm=29524|soc_therm=32351|battery=29400|battery_cycle=5|dc-mains=33000|usbc-therm-adc=330|max77779fg=29400|LITTLE=35000|soc=9|smpl_gm=0|vdroop1=0|batoilo=0|batoilo2=0|batt_vs=29393|mdis_morepower=0|thb_hda=51|cp_on_chip_0=36000|cp_on_chip_1=37000|G3D=34000|cp_on_chip_2=37000|cp_on_chip_3=35000|cp_on_chip_4=35000|rf2_therm=33000|rf1_therm=34000|ISP=33000|TPU=34000|AUR=34000|rfpa_therm=30414|quiet_therm=30971|charging_therm=32507|,BIG=36000|MID=36000|usb_pwr_therm=29324|btmspkr_therm=29279|disp_therm=29301|north_therm=29524|soc_therm=32351|battery=29400|battery_cycle=5|dc-mains=33000|usbc-therm-adc=330|max77779fg=29400|LITTLE=36000|soc=9|smpl_gm=0|vdroop1=0|batoilo=0|batoilo2=0|batt_vs=29394|mdis_morepower=0|thb_hda=51|cp_on_chip_0=36000|cp_on_chip_1=37000|G3D=34000|cp_on_chip_2=37000|cp_on_chip_3=35000|cp_on_chip_4=35000|rf2_therm=33000|rf1_therm=34000|ISP=34000|TPU=35000|AUR=35000|rfpa_therm=30459|quiet_therm=31015|charging_therm=32596|,ok,39000,37000,0,37000,1,batched,touched,4096,8192,6,1,7880493,8192,1004150,0,4,4,ok
1,4,protected,4,578000,1795000,37000,38000,BIG=35000|MID=36000|usb_pwr_therm=29324|btmspkr_therm=29279|disp_therm=29301|north_therm=29524|soc_therm=32351|battery=29400|battery_cycle=5|dc-mains=33000|usbc-therm-adc=330|max77779fg=29400|LITTLE=35000|soc=9|smpl_gm=0|vdroop1=0|batoilo=0|batoilo2=0|batt_vs=29393|mdis_morepower=0|thb_hda=51|cp_on_chip_0=36000|cp_on_chip_1=37000|G3D=34000|cp_on_chip_2=37000|cp_on_chip_3=35000|cp_on_chip_4=35000|rf2_therm=33000|rf1_therm=34000|ISP=33000|TPU=34000|AUR=34000|rfpa_therm=30414|quiet_therm=30971|charging_therm=32507|,BIG=36000|MID=36000|usb_pwr_therm=29324|btmspkr_therm=29279|disp_therm=29301|north_therm=29524|soc_therm=32351|battery=29400|battery_cycle=5|dc-mains=33000|usbc-therm-adc=330|max77779fg=29400|LITTLE=36000|soc=9|smpl_gm=0|vdroop1=0|batoilo=0|batoilo2=0|batt_vs=29394|mdis_morepower=0|thb_hda=51|cp_on_chip_0=36000|cp_on_chip_1=37000|G3D=34000|cp_on_chip_2=37000|cp_on_chip_3=35000|cp_on_chip_4=35000|rf2_therm=33000|rf1_therm=34000|ISP=34000|TPU=35000|AUR=35000|rfpa_therm=30459|quiet_therm=31015|charging_therm=32596|,ok,39000,37000,0,37000,1,batched,touched,4096,8192,7,1,7859579,8192,991088,0,4,4,ok
1,4,protected,4,578000,1795000,37000,38000,BIG=35000|MID=36000|usb_pwr_therm=29324|btmspkr_therm=29279|disp_therm=29301|north_therm=29524|soc_therm=32351|battery=29400|battery_cycle=5|dc-mains=33000|usbc-therm-adc=330|max77779fg=29400|LITTLE=35000|soc=9|smpl_gm=0|vdroop1=0|batoilo=0|batoilo2=0|batt_vs=29393|mdis_morepower=0|thb_hda=51|cp_on_chip_0=36000|cp_on_chip_1=37000|G3D=34000|cp_on_chip_2=37000|cp_on_chip_3=35000|cp_on_chip_4=35000|rf2_therm=33000|rf1_therm=34000|ISP=33000|TPU=34000|AUR=34000|rfpa_therm=30414|quiet_therm=30971|charging_therm=32507|,BIG=36000|MID=36000|usb_pwr_therm=29324|btmspkr_therm=29279|disp_therm=29301|north_therm=29524|soc_therm=32351|battery=29400|battery_cycle=5|dc-mains=33000|usbc-therm-adc=330|max77779fg=29400|LITTLE=36000|soc=9|smpl_gm=0|vdroop1=0|batoilo=0|batoilo2=0|batt_vs=29394|mdis_morepower=0|thb_hda=51|cp_on_chip_0=36000|cp_on_chip_1=37000|G3D=34000|cp_on_chip_2=37000|cp_on_chip_3=35000|cp_on_chip_4=35000|rf2_therm=33000|rf1_therm=34000|ISP=34000|TPU=35000|AUR=35000|rfpa_therm=30459|quiet_therm=31015|charging_therm=32596|,ok,39000,37000,0,37000,1,batched,touched,4096,8192,8,1,7853679,8192,984986,0,4,4,ok
1,4,protected,4,578000,1795000,37000,38000,BIG=35000|MID=36000|usb_pwr_therm=29324|btmspkr_therm=29279|disp_therm=29301|north_therm=29524|soc_therm=32351|battery=29400|battery_cycle=5|dc-mains=33000|usbc-therm-adc=330|max77779fg=29400|LITTLE=35000|soc=9|smpl_gm=0|vdroop1=0|batoilo=0|batoilo2=0|batt_vs=29393|mdis_morepower=0|thb_hda=51|cp_on_chip_0=36000|cp_on_chip_1=37000|G3D=34000|cp_on_chip_2=37000|cp_on_chip_3=35000|cp_on_chip_4=35000|rf2_therm=33000|rf1_therm=34000|ISP=33000|TPU=34000|AUR=34000|rfpa_therm=30414|quiet_therm=30971|charging_therm=32507|,BIG=36000|MID=36000|usb_pwr_therm=29324|btmspkr_therm=29279|disp_therm=29301|north_therm=29524|soc_therm=32351|battery=29400|battery_cycle=5|dc-mains=33000|usbc-therm-adc=330|max77779fg=29400|LITTLE=36000|soc=9|smpl_gm=0|vdroop1=0|batoilo=0|batoilo2=0|batt_vs=29394|mdis_morepower=0|thb_hda=51|cp_on_chip_0=36000|cp_on_chip_1=37000|G3D=34000|cp_on_chip_2=37000|cp_on_chip_3=35000|cp_on_chip_4=35000|rf2_therm=33000|rf1_therm=34000|ISP=34000|TPU=35000|AUR=35000|rfpa_therm=30459|quiet_therm=31015|charging_therm=32596|,ok,39000,37000,0,37000,1,batched,touched,4096,8192,9,1,7866373,8192,1042928,0,4,4,ok
1,4,protected,4,578000,1795000,37000,38000,BIG=35000|MID=36000|usb_pwr_therm=29324|btmspkr_therm=29279|disp_therm=29301|north_therm=29524|soc_therm=32351|battery=29400|battery_cycle=5|dc-mains=33000|usbc-therm-adc=330|max77779fg=29400|LITTLE=35000|soc=9|smpl_gm=0|vdroop1=0|batoilo=0|batoilo2=0|batt_vs=29393|mdis_morepower=0|thb_hda=51|cp_on_chip_0=36000|cp_on_chip_1=37000|G3D=34000|cp_on_chip_2=37000|cp_on_chip_3=35000|cp_on_chip_4=35000|rf2_therm=33000|rf1_therm=34000|ISP=33000|TPU=34000|AUR=34000|rfpa_therm=30414|quiet_therm=30971|charging_therm=32507|,BIG=36000|MID=36000|usb_pwr_therm=29324|btmspkr_therm=29279|disp_therm=29301|north_therm=29524|soc_therm=32351|battery=29400|battery_cycle=5|dc-mains=33000|usbc-therm-adc=330|max77779fg=29400|LITTLE=36000|soc=9|smpl_gm=0|vdroop1=0|batoilo=0|batoilo2=0|batt_vs=29394|mdis_morepower=0|thb_hda=51|cp_on_chip_0=36000|cp_on_chip_1=37000|G3D=34000|cp_on_chip_2=37000|cp_on_chip_3=35000|cp_on_chip_4=35000|rf2_therm=33000|rf1_therm=34000|ISP=34000|TPU=35000|AUR=35000|rfpa_therm=30459|quiet_therm=31015|charging_therm=32596|,ok,39000,37000,0,37000,1,batched,touched,4096,8192,10,1,7900228,8192,1016561,0,4,4,ok
1,4,protected,4,578000,1795000,37000,38000,BIG=35000|MID=36000|usb_pwr_therm=29324|btmspkr_therm=29279|disp_therm=29301|north_therm=29524|soc_therm=32351|battery=29400|battery_cycle=5|dc-mains=33000|usbc-therm-adc=330|max77779fg=29400|LITTLE=35000|soc=9|smpl_gm=0|vdroop1=0|batoilo=0|batoilo2=0|batt_vs=29393|mdis_morepower=0|thb_hda=51|cp_on_chip_0=36000|cp_on_chip_1=37000|G3D=34000|cp_on_chip_2=37000|cp_on_chip_3=35000|cp_on_chip_4=35000|rf2_therm=33000|rf1_therm=34000|ISP=33000|TPU=34000|AUR=34000|rfpa_therm=30414|quiet_therm=30971|charging_therm=32507|,BIG=36000|MID=36000|usb_pwr_therm=29324|btmspkr_therm=29279|disp_therm=29301|north_therm=29524|soc_therm=32351|battery=29400|battery_cycle=5|dc-mains=33000|usbc-therm-adc=330|max77779fg=29400|LITTLE=36000|soc=9|smpl_gm=0|vdroop1=0|batoilo=0|batoilo2=0|batt_vs=29394|mdis_morepower=0|thb_hda=51|cp_on_chip_0=36000|cp_on_chip_1=37000|G3D=34000|cp_on_chip_2=37000|cp_on_chip_3=35000|cp_on_chip_4=35000|rf2_therm=33000|rf1_therm=34000|ISP=34000|TPU=35000|AUR=35000|rfpa_therm=30459|quiet_therm=31015|charging_therm=32596|,ok,39000,37000,0,37000,1,batched,touched,4096,8192,11,1,7858887,8192,1017945,0,4,4,ok
1,4,protected,4,578000,1795000,37000,38000,BIG=35000|MID=36000|usb_pwr_therm=29324|btmspkr_therm=29279|disp_therm=29301|north_therm=29524|soc_therm=32351|battery=29400|battery_cycle=5|dc-mains=33000|usbc-therm-adc=330|max77779fg=29400|LITTLE=35000|soc=9|smpl_gm=0|vdroop1=0|batoilo=0|batoilo2=0|batt_vs=29393|mdis_morepower=0|thb_hda=51|cp_on_chip_0=36000|cp_on_chip_1=37000|G3D=34000|cp_on_chip_2=37000|cp_on_chip_3=35000|cp_on_chip_4=35000|rf2_therm=33000|rf1_therm=34000|ISP=33000|TPU=34000|AUR=34000|rfpa_therm=30414|quiet_therm=30971|charging_therm=32507|,BIG=36000|MID=36000|usb_pwr_therm=29324|btmspkr_therm=29279|disp_therm=29301|north_therm=29524|soc_therm=32351|battery=29400|battery_cycle=5|dc-mains=33000|usbc-therm-adc=330|max77779fg=29400|LITTLE=36000|soc=9|smpl_gm=0|vdroop1=0|batoilo=0|batoilo2=0|batt_vs=29394|mdis_morepower=0|thb_hda=51|cp_on_chip_0=36000|cp_on_chip_1=37000|G3D=34000|cp_on_chip_2=37000|cp_on_chip_3=35000|cp_on_chip_4=35000|rf2_therm=33000|rf1_therm=34000|ISP=34000|TPU=35000|AUR=35000|rfpa_therm=30459|quiet_therm=31015|charging_therm=32596|,ok,39000,37000,0,37000,1,batched,touched,4096,8192,12,1,7856893,8192,1014730,0,4,4,ok
1,4,protected,4,578000,1795000,37000,38000,BIG=35000|MID=36000|usb_pwr_therm=29324|btmspkr_therm=29279|disp_therm=29301|north_therm=29524|soc_therm=32351|battery=29400|battery_cycle=5|dc-mains=33000|usbc-therm-adc=330|max77779fg=29400|LITTLE=35000|soc=9|smpl_gm=0|vdroop1=0|batoilo=0|batoilo2=0|batt_vs=29393|mdis_morepower=0|thb_hda=51|cp_on_chip_0=36000|cp_on_chip_1=37000|G3D=34000|cp_on_chip_2=37000|cp_on_chip_3=35000|cp_on_chip_4=35000|rf2_therm=33000|rf1_therm=34000|ISP=33000|TPU=34000|AUR=34000|rfpa_therm=30414|quiet_therm=30971|charging_therm=32507|,BIG=36000|MID=36000|usb_pwr_therm=29324|btmspkr_therm=29279|disp_therm=29301|north_therm=29524|soc_therm=32351|battery=29400|battery_cycle=5|dc-mains=33000|usbc-therm-adc=330|max77779fg=29400|LITTLE=36000|soc=9|smpl_gm=0|vdroop1=0|batoilo=0|batoilo2=0|batt_vs=29394|mdis_morepower=0|thb_hda=51|cp_on_chip_0=36000|cp_on_chip_1=37000|G3D=34000|cp_on_chip_2=37000|cp_on_chip_3=35000|cp_on_chip_4=35000|rf2_therm=33000|rf1_therm=34000|ISP=34000|TPU=35000|AUR=35000|rfpa_therm=30459|quiet_therm=31015|charging_therm=32596|,ok,39000,37000,0,37000,1,batched,touched,4096,8192,13,1,8105428,8192,1094645,0,4,4,ok
1,4,protected,4,578000,1795000,37000,38000,BIG=35000|MID=36000|usb_pwr_therm=29324|btmspkr_therm=29279|disp_therm=29301|north_therm=29524|soc_therm=32351|battery=29400|battery_cycle=5|dc-mains=33000|usbc-therm-adc=330|max77779fg=29400|LITTLE=35000|soc=9|smpl_gm=0|vdroop1=0|batoilo=0|batoilo2=0|batt_vs=29393|mdis_morepower=0|thb_hda=51|cp_on_chip_0=36000|cp_on_chip_1=37000|G3D=34000|cp_on_chip_2=37000|cp_on_chip_3=35000|cp_on_chip_4=35000|rf2_therm=33000|rf1_therm=34000|ISP=33000|TPU=34000|AUR=34000|rfpa_therm=30414|quiet_therm=30971|charging_therm=32507|,BIG=36000|MID=36000|usb_pwr_therm=29324|btmspkr_therm=29279|disp_therm=29301|north_therm=29524|soc_therm=32351|battery=29400|battery_cycle=5|dc-mains=33000|usbc-therm-adc=330|max77779fg=29400|LITTLE=36000|soc=9|smpl_gm=0|vdroop1=0|batoilo=0|batoilo2=0|batt_vs=29394|mdis_morepower=0|thb_hda=51|cp_on_chip_0=36000|cp_on_chip_1=37000|G3D=34000|cp_on_chip_2=37000|cp_on_chip_3=35000|cp_on_chip_4=35000|rf2_therm=33000|rf1_therm=34000|ISP=34000|TPU=35000|AUR=35000|rfpa_therm=30459|quiet_therm=31015|charging_therm=32596|,ok,39000,37000,0,37000,1,batched,touched,4096,8192,14,1,8181966,8192,1008423,0,4,4,ok
1,4,protected,4,578000,1795000,37000,38000,BIG=35000|MID=36000|usb_pwr_therm=29324|btmspkr_therm=29279|disp_therm=29301|north_therm=29524|soc_therm=32351|battery=29400|battery_cycle=5|dc-mains=33000|usbc-therm-adc=330|max77779fg=29400|LITTLE=35000|soc=9|smpl_gm=0|vdroop1=0|batoilo=0|batoilo2=0|batt_vs=29393|mdis_morepower=0|thb_hda=51|cp_on_chip_0=36000|cp_on_chip_1=37000|G3D=34000|cp_on_chip_2=37000|cp_on_chip_3=35000|cp_on_chip_4=35000|rf2_therm=33000|rf1_therm=34000|ISP=33000|TPU=34000|AUR=34000|rfpa_therm=30414|quiet_therm=30971|charging_therm=32507|,BIG=36000|MID=36000|usb_pwr_therm=29324|btmspkr_therm=29279|disp_therm=29301|north_therm=29524|soc_therm=32351|battery=29400|battery_cycle=5|dc-mains=33000|usbc-therm-adc=330|max77779fg=29400|LITTLE=36000|soc=9|smpl_gm=0|vdroop1=0|batoilo=0|batoilo2=0|batt_vs=29394|mdis_morepower=0|thb_hda=51|cp_on_chip_0=36000|cp_on_chip_1=37000|G3D=34000|cp_on_chip_2=37000|cp_on_chip_3=35000|cp_on_chip_4=35000|rf2_therm=33000|rf1_therm=34000|ISP=34000|TPU=35000|AUR=35000|rfpa_therm=30459|quiet_therm=31015|charging_therm=32596|,ok,39000,37000,0,37000,1,batched,touched,4096,8192,15,1,8147583,8192,1005249,0,4,4,ok
1,4,protected,4,578000,1795000,37000,38000,BIG=35000|MID=36000|usb_pwr_therm=29324|btmspkr_therm=29279|disp_therm=29301|north_therm=29524|soc_therm=32351|battery=29400|battery_cycle=5|dc-mains=33000|usbc-therm-adc=330|max77779fg=29400|LITTLE=35000|soc=9|smpl_gm=0|vdroop1=0|batoilo=0|batoilo2=0|batt_vs=29393|mdis_morepower=0|thb_hda=51|cp_on_chip_0=36000|cp_on_chip_1=37000|G3D=34000|cp_on_chip_2=37000|cp_on_chip_3=35000|cp_on_chip_4=35000|rf2_therm=33000|rf1_therm=34000|ISP=33000|TPU=34000|AUR=34000|rfpa_therm=30414|quiet_therm=30971|charging_therm=32507|,BIG=36000|MID=36000|usb_pwr_therm=29324|btmspkr_therm=29279|disp_therm=29301|north_therm=29524|soc_therm=32351|battery=29400|battery_cycle=5|dc-mains=33000|usbc-therm-adc=330|max77779fg=29400|LITTLE=36000|soc=9|smpl_gm=0|vdroop1=0|batoilo=0|batoilo2=0|batt_vs=29394|mdis_morepower=0|thb_hda=51|cp_on_chip_0=36000|cp_on_chip_1=37000|G3D=34000|cp_on_chip_2=37000|cp_on_chip_3=35000|cp_on_chip_4=35000|rf2_therm=33000|rf1_therm=34000|ISP=34000|TPU=35000|AUR=35000|rfpa_therm=30459|quiet_therm=31015|charging_therm=32596|,ok,39000,37000,0,37000,1,batched,touched,4096,8192,16,1,8111613,8192,1118978,0,4,4,ok
1,4,protected,4,578000,1795000,37000,38000,BIG=35000|MID=36000|usb_pwr_therm=29324|btmspkr_therm=29279|disp_therm=29301|north_therm=29524|soc_therm=32351|battery=29400|battery_cycle=5|dc-mains=33000|usbc-therm-adc=330|max77779fg=29400|LITTLE=35000|soc=9|smpl_gm=0|vdroop1=0|batoilo=0|batoilo2=0|batt_vs=29393|mdis_morepower=0|thb_hda=51|cp_on_chip_0=36000|cp_on_chip_1=37000|G3D=34000|cp_on_chip_2=37000|cp_on_chip_3=35000|cp_on_chip_4=35000|rf2_therm=33000|rf1_therm=34000|ISP=33000|TPU=34000|AUR=34000|rfpa_therm=30414|quiet_therm=30971|charging_therm=32507|,BIG=36000|MID=36000|usb_pwr_therm=29324|btmspkr_therm=29279|disp_therm=29301|north_therm=29524|soc_therm=32351|battery=29400|battery_cycle=5|dc-mains=33000|usbc-therm-adc=330|max77779fg=29400|LITTLE=36000|soc=9|smpl_gm=0|vdroop1=0|batoilo=0|batoilo2=0|batt_vs=29394|mdis_morepower=0|thb_hda=51|cp_on_chip_0=36000|cp_on_chip_1=37000|G3D=34000|cp_on_chip_2=37000|cp_on_chip_3=35000|cp_on_chip_4=35000|rf2_therm=33000|rf1_therm=34000|ISP=34000|TPU=35000|AUR=35000|rfpa_therm=30459|quiet_therm=31015|charging_therm=32596|,ok,39000,37000,0,37000,1,batched,touched,4096,8192,17,1,8171793,8192,1082520,0,4,4,ok
1,4,protected,4,578000,1795000,37000,38000,BIG=35000|MID=36000|usb_pwr_therm=29324|btmspkr_therm=29279|disp_therm=29301|north_therm=29524|soc_therm=32351|battery=29400|battery_cycle=5|dc-mains=33000|usbc-therm-adc=330|max77779fg=29400|LITTLE=35000|soc=9|smpl_gm=0|vdroop1=0|batoilo=0|batoilo2=0|batt_vs=29393|mdis_morepower=0|thb_hda=51|cp_on_chip_0=36000|cp_on_chip_1=37000|G3D=34000|cp_on_chip_2=37000|cp_on_chip_3=35000|cp_on_chip_4=35000|rf2_therm=33000|rf1_therm=34000|ISP=33000|TPU=34000|AUR=34000|rfpa_therm=30414|quiet_therm=30971|charging_therm=32507|,BIG=36000|MID=36000|usb_pwr_therm=29324|btmspkr_therm=29279|disp_therm=29301|north_therm=29524|soc_therm=32351|battery=29400|battery_cycle=5|dc-mains=33000|usbc-therm-adc=330|max77779fg=29400|LITTLE=36000|soc=9|smpl_gm=0|vdroop1=0|batoilo=0|batoilo2=0|batt_vs=29394|mdis_morepower=0|thb_hda=51|cp_on_chip_0=36000|cp_on_chip_1=37000|G3D=34000|cp_on_chip_2=37000|cp_on_chip_3=35000|cp_on_chip_4=35000|rf2_therm=33000|rf1_therm=34000|ISP=34000|TPU=35000|AUR=35000|rfpa_therm=30459|quiet_therm=31015|charging_therm=32596|,ok,39000,37000,0,37000,1,batched,touched,4096,8192,18,1,8174845,8192,1068766,0,4,4,ok
1,4,protected,4,578000,1795000,37000,38000,BIG=35000|MID=36000|usb_pwr_therm=29324|btmspkr_therm=29279|disp_therm=29301|north_therm=29524|soc_therm=32351|battery=29400|battery_cycle=5|dc-mains=33000|usbc-therm-adc=330|max77779fg=29400|LITTLE=35000|soc=9|smpl_gm=0|vdroop1=0|batoilo=0|batoilo2=0|batt_vs=29393|mdis_morepower=0|thb_hda=51|cp_on_chip_0=36000|cp_on_chip_1=37000|G3D=34000|cp_on_chip_2=37000|cp_on_chip_3=35000|cp_on_chip_4=35000|rf2_therm=33000|rf1_therm=34000|ISP=33000|TPU=34000|AUR=34000|rfpa_therm=30414|quiet_therm=30971|charging_therm=32507|,BIG=36000|MID=36000|usb_pwr_therm=29324|btmspkr_therm=29279|disp_therm=29301|north_therm=29524|soc_therm=32351|battery=29400|battery_cycle=5|dc-mains=33000|usbc-therm-adc=330|max77779fg=29400|LITTLE=36000|soc=9|smpl_gm=0|vdroop1=0|batoilo=0|batoilo2=0|batt_vs=29394|mdis_morepower=0|thb_hda=51|cp_on_chip_0=36000|cp_on_chip_1=37000|G3D=34000|cp_on_chip_2=37000|cp_on_chip_3=35000|cp_on_chip_4=35000|rf2_therm=33000|rf1_therm=34000|ISP=34000|TPU=35000|AUR=35000|rfpa_therm=30459|quiet_therm=31015|charging_therm=32596|,ok,39000,37000,0,37000,1,batched,touched,4096,8192,19,1,8191813,8192,1100423,0,4,4,ok
1,4,protected,4,578000,1795000,37000,38000,BIG=35000|MID=36000|usb_pwr_therm=29324|btmspkr_therm=29279|disp_therm=29301|north_therm=29524|soc_therm=32351|battery=29400|battery_cycle=5|dc-mains=33000|usbc-therm-adc=330|max77779fg=29400|LITTLE=35000|soc=9|smpl_gm=0|vdroop1=0|batoilo=0|batoilo2=0|batt_vs=29393|mdis_morepower=0|thb_hda=51|cp_on_chip_0=36000|cp_on_chip_1=37000|G3D=34000|cp_on_chip_2=37000|cp_on_chip_3=35000|cp_on_chip_4=35000|rf2_therm=33000|rf1_therm=34000|ISP=33000|TPU=34000|AUR=34000|rfpa_therm=30414|quiet_therm=30971|charging_therm=32507|,BIG=36000|MID=36000|usb_pwr_therm=29324|btmspkr_therm=29279|disp_therm=29301|north_therm=29524|soc_therm=32351|battery=29400|battery_cycle=5|dc-mains=33000|usbc-therm-adc=330|max77779fg=29400|LITTLE=36000|soc=9|smpl_gm=0|vdroop1=0|batoilo=0|batoilo2=0|batt_vs=29394|mdis_morepower=0|thb_hda=51|cp_on_chip_0=36000|cp_on_chip_1=37000|G3D=34000|cp_on_chip_2=37000|cp_on_chip_3=35000|cp_on_chip_4=35000|rf2_therm=33000|rf1_therm=34000|ISP=34000|TPU=35000|AUR=35000|rfpa_therm=30459|quiet_therm=31015|charging_therm=32596|,ok,39000,37000,0,37000,1,batched,touched,4096,8192,20,1,8229614,8192,1064128,0,4,4,ok
1,4,protected,4,578000,1795000,37000,38000,BIG=35000|MID=36000|usb_pwr_therm=29324|btmspkr_therm=29279|disp_therm=29301|north_therm=29524|soc_therm=32351|battery=29400|battery_cycle=5|dc-mains=33000|usbc-therm-adc=330|max77779fg=29400|LITTLE=35000|soc=9|smpl_gm=0|vdroop1=0|batoilo=0|batoilo2=0|batt_vs=29393|mdis_morepower=0|thb_hda=51|cp_on_chip_0=36000|cp_on_chip_1=37000|G3D=34000|cp_on_chip_2=37000|cp_on_chip_3=35000|cp_on_chip_4=35000|rf2_therm=33000|rf1_therm=34000|ISP=33000|TPU=34000|AUR=34000|rfpa_therm=30414|quiet_therm=30971|charging_therm=32507|,BIG=36000|MID=36000|usb_pwr_therm=29324|btmspkr_therm=29279|disp_therm=29301|north_therm=29524|soc_therm=32351|battery=29400|battery_cycle=5|dc-mains=33000|usbc-therm-adc=330|max77779fg=29400|LITTLE=36000|soc=9|smpl_gm=0|vdroop1=0|batoilo=0|batoilo2=0|batt_vs=29394|mdis_morepower=0|thb_hda=51|cp_on_chip_0=36000|cp_on_chip_1=37000|G3D=34000|cp_on_chip_2=37000|cp_on_chip_3=35000|cp_on_chip_4=35000|rf2_therm=33000|rf1_therm=34000|ISP=34000|TPU=35000|AUR=35000|rfpa_therm=30459|quiet_therm=31015|charging_therm=32596|,ok,39000,37000,0,37000,1,batched,touched,4096,8192,21,1,8102905,8192,1071737,0,4,4,ok
1,4,protected,4,578000,1795000,37000,38000,BIG=35000|MID=36000|usb_pwr_therm=29324|btmspkr_therm=29279|disp_therm=29301|north_therm=29524|soc_therm=32351|battery=29400|battery_cycle=5|dc-mains=33000|usbc-therm-adc=330|max77779fg=29400|LITTLE=35000|soc=9|smpl_gm=0|vdroop1=0|batoilo=0|batoilo2=0|batt_vs=29393|mdis_morepower=0|thb_hda=51|cp_on_chip_0=36000|cp_on_chip_1=37000|G3D=34000|cp_on_chip_2=37000|cp_on_chip_3=35000|cp_on_chip_4=35000|rf2_therm=33000|rf1_therm=34000|ISP=33000|TPU=34000|AUR=34000|rfpa_therm=30414|quiet_therm=30971|charging_therm=32507|,BIG=36000|MID=36000|usb_pwr_therm=29324|btmspkr_therm=29279|disp_therm=29301|north_therm=29524|soc_therm=32351|battery=29400|battery_cycle=5|dc-mains=33000|usbc-therm-adc=330|max77779fg=29400|LITTLE=36000|soc=9|smpl_gm=0|vdroop1=0|batoilo=0|batoilo2=0|batt_vs=29394|mdis_morepower=0|thb_hda=51|cp_on_chip_0=36000|cp_on_chip_1=37000|G3D=34000|cp_on_chip_2=37000|cp_on_chip_3=35000|cp_on_chip_4=35000|rf2_therm=33000|rf1_therm=34000|ISP=34000|TPU=35000|AUR=35000|rfpa_therm=30459|quiet_therm=31015|charging_therm=32596|,ok,39000,37000,0,37000,1,batched,touched,4096,8192,22,1,8150635,8192,1109985,0,4,4,ok
1,4,protected,4,578000,1795000,37000,38000,BIG=35000|MID=36000|usb_pwr_therm=29324|btmspkr_therm=29279|disp_therm=29301|north_therm=29524|soc_therm=32351|battery=29400|battery_cycle=5|dc-mains=33000|usbc-therm-adc=330|max77779fg=29400|LITTLE=35000|soc=9|smpl_gm=0|vdroop1=0|batoilo=0|batoilo2=0|batt_vs=29393|mdis_morepower=0|thb_hda=51|cp_on_chip_0=36000|cp_on_chip_1=37000|G3D=34000|cp_on_chip_2=37000|cp_on_chip_3=35000|cp_on_chip_4=35000|rf2_therm=33000|rf1_therm=34000|ISP=33000|TPU=34000|AUR=34000|rfpa_therm=30414|quiet_therm=30971|charging_therm=32507|,BIG=36000|MID=36000|usb_pwr_therm=29324|btmspkr_therm=29279|disp_therm=29301|north_therm=29524|soc_therm=32351|battery=29400|battery_cycle=5|dc-mains=33000|usbc-therm-adc=330|max77779fg=29400|LITTLE=36000|soc=9|smpl_gm=0|vdroop1=0|batoilo=0|batoilo2=0|batt_vs=29394|mdis_morepower=0|thb_hda=51|cp_on_chip_0=36000|cp_on_chip_1=37000|G3D=34000|cp_on_chip_2=37000|cp_on_chip_3=35000|cp_on_chip_4=35000|rf2_therm=33000|rf1_therm=34000|ISP=34000|TPU=35000|AUR=35000|rfpa_therm=30459|quiet_therm=31015|charging_therm=32596|,ok,39000,37000,0,37000,1,batched,touched,4096,8192,23,1,8176107,8192,1023885,0,4,4,ok
1,4,protected,4,578000,1795000,37000,38000,BIG=35000|MID=36000|usb_pwr_therm=29324|btmspkr_therm=29279|disp_therm=29301|north_therm=29524|soc_therm=32351|battery=29400|battery_cycle=5|dc-mains=33000|usbc-therm-adc=330|max77779fg=29400|LITTLE=35000|soc=9|smpl_gm=0|vdroop1=0|batoilo=0|batoilo2=0|batt_vs=29393|mdis_morepower=0|thb_hda=51|cp_on_chip_0=36000|cp_on_chip_1=37000|G3D=34000|cp_on_chip_2=37000|cp_on_chip_3=35000|cp_on_chip_4=35000|rf2_therm=33000|rf1_therm=34000|ISP=33000|TPU=34000|AUR=34000|rfpa_therm=30414|quiet_therm=30971|charging_therm=32507|,BIG=36000|MID=36000|usb_pwr_therm=29324|btmspkr_therm=29279|disp_therm=29301|north_therm=29524|soc_therm=32351|battery=29400|battery_cycle=5|dc-mains=33000|usbc-therm-adc=330|max77779fg=29400|LITTLE=36000|soc=9|smpl_gm=0|vdroop1=0|batoilo=0|batoilo2=0|batt_vs=29394|mdis_morepower=0|thb_hda=51|cp_on_chip_0=36000|cp_on_chip_1=37000|G3D=34000|cp_on_chip_2=37000|cp_on_chip_3=35000|cp_on_chip_4=35000|rf2_therm=33000|rf1_therm=34000|ISP=34000|TPU=35000|AUR=35000|rfpa_therm=30459|quiet_therm=31015|charging_therm=32596|,ok,39000,37000,0,37000,1,batched,touched,4096,8192,24,1,8279745,8192,1029703,0,4,4,ok
1,4,protected,4,578000,1795000,37000,38000,BIG=35000|MID=36000|usb_pwr_therm=29324|btmspkr_therm=29279|disp_therm=29301|north_therm=29524|soc_therm=32351|battery=29400|battery_cycle=5|dc-mains=33000|usbc-therm-adc=330|max77779fg=29400|LITTLE=35000|soc=9|smpl_gm=0|vdroop1=0|batoilo=0|batoilo2=0|batt_vs=29393|mdis_morepower=0|thb_hda=51|cp_on_chip_0=36000|cp_on_chip_1=37000|G3D=34000|cp_on_chip_2=37000|cp_on_chip_3=35000|cp_on_chip_4=35000|rf2_therm=33000|rf1_therm=34000|ISP=33000|TPU=34000|AUR=34000|rfpa_therm=30414|quiet_therm=30971|charging_therm=32507|,BIG=36000|MID=36000|usb_pwr_therm=29324|btmspkr_therm=29279|disp_therm=29301|north_therm=29524|soc_therm=32351|battery=29400|battery_cycle=5|dc-mains=33000|usbc-therm-adc=330|max77779fg=29400|LITTLE=36000|soc=9|smpl_gm=0|vdroop1=0|batoilo=0|batoilo2=0|batt_vs=29394|mdis_morepower=0|thb_hda=51|cp_on_chip_0=36000|cp_on_chip_1=37000|G3D=34000|cp_on_chip_2=37000|cp_on_chip_3=35000|cp_on_chip_4=35000|rf2_therm=33000|rf1_therm=34000|ISP=34000|TPU=35000|AUR=35000|rfpa_therm=30459|quiet_therm=31015|charging_therm=32596|,ok,39000,37000,0,37000,1,batched,touched,4096,8192,25,1,8178507,8192,1091146,0,4,4,ok
1,4,protected,4,578000,1795000,37000,38000,BIG=35000|MID=36000|usb_pwr_therm=29324|btmspkr_therm=29279|disp_therm=29301|north_therm=29524|soc_therm=32351|battery=29400|battery_cycle=5|dc-mains=33000|usbc-therm-adc=330|max77779fg=29400|LITTLE=35000|soc=9|smpl_gm=0|vdroop1=0|batoilo=0|batoilo2=0|batt_vs=29393|mdis_morepower=0|thb_hda=51|cp_on_chip_0=36000|cp_on_chip_1=37000|G3D=34000|cp_on_chip_2=37000|cp_on_chip_3=35000|cp_on_chip_4=35000|rf2_therm=33000|rf1_therm=34000|ISP=33000|TPU=34000|AUR=34000|rfpa_therm=30414|quiet_therm=30971|charging_therm=32507|,BIG=36000|MID=36000|usb_pwr_therm=29324|btmspkr_therm=29279|disp_therm=29301|north_therm=29524|soc_therm=32351|battery=29400|battery_cycle=5|dc-mains=33000|usbc-therm-adc=330|max77779fg=29400|LITTLE=36000|soc=9|smpl_gm=0|vdroop1=0|batoilo=0|batoilo2=0|batt_vs=29394|mdis_morepower=0|thb_hda=51|cp_on_chip_0=36000|cp_on_chip_1=37000|G3D=34000|cp_on_chip_2=37000|cp_on_chip_3=35000|cp_on_chip_4=35000|rf2_therm=33000|rf1_therm=34000|ISP=34000|TPU=35000|AUR=35000|rfpa_therm=30459|quiet_therm=31015|charging_therm=32596|,ok,39000,37000,0,37000,1,batched,touched,4096,8192,26,1,8097575,8192,1015707,0,4,4,ok
1,4,protected,4,578000,1795000,37000,38000,BIG=35000|MID=36000|usb_pwr_therm=29324|btmspkr_therm=29279|disp_therm=29301|north_therm=29524|soc_therm=32351|battery=29400|battery_cycle=5|dc-mains=33000|usbc-therm-adc=330|max77779fg=29400|LITTLE=35000|soc=9|smpl_gm=0|vdroop1=0|batoilo=0|batoilo2=0|batt_vs=29393|mdis_morepower=0|thb_hda=51|cp_on_chip_0=36000|cp_on_chip_1=37000|G3D=34000|cp_on_chip_2=37000|cp_on_chip_3=35000|cp_on_chip_4=35000|rf2_therm=33000|rf1_therm=34000|ISP=33000|TPU=34000|AUR=34000|rfpa_therm=30414|quiet_therm=30971|charging_therm=32507|,BIG=36000|MID=36000|usb_pwr_therm=29324|btmspkr_therm=29279|disp_therm=29301|north_therm=29524|soc_therm=32351|battery=29400|battery_cycle=5|dc-mains=33000|usbc-therm-adc=330|max77779fg=29400|LITTLE=36000|soc=9|smpl_gm=0|vdroop1=0|batoilo=0|batoilo2=0|batt_vs=29394|mdis_morepower=0|thb_hda=51|cp_on_chip_0=36000|cp_on_chip_1=37000|G3D=34000|cp_on_chip_2=37000|cp_on_chip_3=35000|cp_on_chip_4=35000|rf2_therm=33000|rf1_therm=34000|ISP=34000|TPU=35000|AUR=35000|rfpa_therm=30459|quiet_therm=31015|charging_therm=32596|,ok,39000,37000,0,37000,1,batched,touched,4096,8192,27,1,8127482,8192,1032186,0,4,4,ok
1,4,protected,4,578000,1795000,37000,38000,BIG=35000|MID=36000|usb_pwr_therm=29324|btmspkr_therm=29279|disp_therm=29301|north_therm=29524|soc_therm=32351|battery=29400|battery_cycle=5|dc-mains=33000|usbc-therm-adc=330|max77779fg=29400|LITTLE=35000|soc=9|smpl_gm=0|vdroop1=0|batoilo=0|batoilo2=0|batt_vs=29393|mdis_morepower=0|thb_hda=51|cp_on_chip_0=36000|cp_on_chip_1=37000|G3D=34000|cp_on_chip_2=37000|cp_on_chip_3=35000|cp_on_chip_4=35000|rf2_therm=33000|rf1_therm=34000|ISP=33000|TPU=34000|AUR=34000|rfpa_therm=30414|quiet_therm=30971|charging_therm=32507|,BIG=36000|MID=36000|usb_pwr_therm=29324|btmspkr_therm=29279|disp_therm=29301|north_therm=29524|soc_therm=32351|battery=29400|battery_cycle=5|dc-mains=33000|usbc-therm-adc=330|max77779fg=29400|LITTLE=36000|soc=9|smpl_gm=0|vdroop1=0|batoilo=0|batoilo2=0|batt_vs=29394|mdis_morepower=0|thb_hda=51|cp_on_chip_0=36000|cp_on_chip_1=37000|G3D=34000|cp_on_chip_2=37000|cp_on_chip_3=35000|cp_on_chip_4=35000|rf2_therm=33000|rf1_therm=34000|ISP=34000|TPU=35000|AUR=35000|rfpa_therm=30459|quiet_therm=31015|charging_therm=32596|,ok,39000,37000,0,37000,1,batched,touched,4096,8192,28,1,8069377,8192,1040568,0,4,4,ok
1,4,protected,4,578000,1795000,37000,38000,BIG=35000|MID=36000|usb_pwr_therm=29324|btmspkr_therm=29279|disp_therm=29301|north_therm=29524|soc_therm=32351|battery=29400|battery_cycle=5|dc-mains=33000|usbc-therm-adc=330|max77779fg=29400|LITTLE=35000|soc=9|smpl_gm=0|vdroop1=0|batoilo=0|batoilo2=0|batt_vs=29393|mdis_morepower=0|thb_hda=51|cp_on_chip_0=36000|cp_on_chip_1=37000|G3D=34000|cp_on_chip_2=37000|cp_on_chip_3=35000|cp_on_chip_4=35000|rf2_therm=33000|rf1_therm=34000|ISP=33000|TPU=34000|AUR=34000|rfpa_therm=30414|quiet_therm=30971|charging_therm=32507|,BIG=36000|MID=36000|usb_pwr_therm=29324|btmspkr_therm=29279|disp_therm=29301|north_therm=29524|soc_therm=32351|battery=29400|battery_cycle=5|dc-mains=33000|usbc-therm-adc=330|max77779fg=29400|LITTLE=36000|soc=9|smpl_gm=0|vdroop1=0|batoilo=0|batoilo2=0|batt_vs=29394|mdis_morepower=0|thb_hda=51|cp_on_chip_0=36000|cp_on_chip_1=37000|G3D=34000|cp_on_chip_2=37000|cp_on_chip_3=35000|cp_on_chip_4=35000|rf2_therm=33000|rf1_therm=34000|ISP=34000|TPU=35000|AUR=35000|rfpa_therm=30459|quiet_therm=31015|charging_therm=32596|,ok,39000,37000,0,37000,1,batched,touched,4096,8192,29,1,8151285,8192,1157593,0,4,4,ok
1,5,protected,4,578000,1065000,37000,37000,BIG=35000|MID=36000|usb_pwr_therm=29324|btmspkr_therm=29301|disp_therm=29324|north_therm=29546|soc_therm=32462|battery=29400|battery_cycle=5|dc-mains=33500|usbc-therm-adc=335|max77779fg=29400|LITTLE=35000|soc=9|smpl_gm=0|vdroop1=0|batoilo=0|batoilo2=0|batt_vs=29393|mdis_morepower=0|thb_hda=51|cp_on_chip_0=36000|cp_on_chip_1=37000|G3D=34000|cp_on_chip_2=37000|cp_on_chip_3=35000|cp_on_chip_4=35000|rf2_therm=33000|rf1_therm=34000|ISP=34000|TPU=35000|AUR=34000|rfpa_therm=30481|quiet_therm=31060|charging_therm=32663|,BIG=35000|MID=36000|usb_pwr_therm=29346|btmspkr_therm=29324|disp_therm=29324|north_therm=29568|soc_therm=32551|battery=29400|battery_cycle=5|dc-mains=33500|usbc-therm-adc=335|max77779fg=29400|LITTLE=36000|soc=9|smpl_gm=0|vdroop1=0|batoilo=0|batoilo2=0|batt_vs=29393|mdis_morepower=0|thb_hda=51|cp_on_chip_0=36000|cp_on_chip_1=37000|G3D=35000|cp_on_chip_2=37000|cp_on_chip_3=35000|cp_on_chip_4=35000|rf2_therm=33000|rf1_therm=34000|ISP=34000|TPU=35000|AUR=34000|rfpa_therm=30481|quiet_therm=31060|charging_therm=32663|,ok,39000,37000,0,37000,1,single,touched,4096,1024,0,1024,4652628,1024,3946411,0,4,4,ok
1,5,protected,4,578000,1065000,37000,37000,BIG=35000|MID=36000|usb_pwr_therm=29324|btmspkr_therm=29301|disp_therm=29324|north_therm=29546|soc_therm=32462|battery=29400|battery_cycle=5|dc-mains=33500|usbc-therm-adc=335|max77779fg=29400|LITTLE=35000|soc=9|smpl_gm=0|vdroop1=0|batoilo=0|batoilo2=0|batt_vs=29393|mdis_morepower=0|thb_hda=51|cp_on_chip_0=36000|cp_on_chip_1=37000|G3D=34000|cp_on_chip_2=37000|cp_on_chip_3=35000|cp_on_chip_4=35000|rf2_therm=33000|rf1_therm=34000|ISP=34000|TPU=35000|AUR=34000|rfpa_therm=30481|quiet_therm=31060|charging_therm=32663|,BIG=35000|MID=36000|usb_pwr_therm=29346|btmspkr_therm=29324|disp_therm=29324|north_therm=29568|soc_therm=32551|battery=29400|battery_cycle=5|dc-mains=33500|usbc-therm-adc=335|max77779fg=29400|LITTLE=36000|soc=9|smpl_gm=0|vdroop1=0|batoilo=0|batoilo2=0|batt_vs=29393|mdis_morepower=0|thb_hda=51|cp_on_chip_0=36000|cp_on_chip_1=37000|G3D=35000|cp_on_chip_2=37000|cp_on_chip_3=35000|cp_on_chip_4=35000|rf2_therm=33000|rf1_therm=34000|ISP=34000|TPU=35000|AUR=34000|rfpa_therm=30481|quiet_therm=31060|charging_therm=32663|,ok,39000,37000,0,37000,1,single,touched,4096,1024,1,1024,3945191,1024,3572794,0,4,4,ok
1,5,protected,4,578000,1065000,37000,37000,BIG=35000|MID=36000|usb_pwr_therm=29324|btmspkr_therm=29301|disp_therm=29324|north_therm=29546|soc_therm=32462|battery=29400|battery_cycle=5|dc-mains=33500|usbc-therm-adc=335|max77779fg=29400|LITTLE=35000|soc=9|smpl_gm=0|vdroop1=0|batoilo=0|batoilo2=0|batt_vs=29393|mdis_morepower=0|thb_hda=51|cp_on_chip_0=36000|cp_on_chip_1=37000|G3D=34000|cp_on_chip_2=37000|cp_on_chip_3=35000|cp_on_chip_4=35000|rf2_therm=33000|rf1_therm=34000|ISP=34000|TPU=35000|AUR=34000|rfpa_therm=30481|quiet_therm=31060|charging_therm=32663|,BIG=35000|MID=36000|usb_pwr_therm=29346|btmspkr_therm=29324|disp_therm=29324|north_therm=29568|soc_therm=32551|battery=29400|battery_cycle=5|dc-mains=33500|usbc-therm-adc=335|max77779fg=29400|LITTLE=36000|soc=9|smpl_gm=0|vdroop1=0|batoilo=0|batoilo2=0|batt_vs=29393|mdis_morepower=0|thb_hda=51|cp_on_chip_0=36000|cp_on_chip_1=37000|G3D=35000|cp_on_chip_2=37000|cp_on_chip_3=35000|cp_on_chip_4=35000|rf2_therm=33000|rf1_therm=34000|ISP=34000|TPU=35000|AUR=34000|rfpa_therm=30481|quiet_therm=31060|charging_therm=32663|,ok,39000,37000,0,37000,1,single,touched,4096,1024,2,1024,3461995,1024,3060425,0,4,4,ok
1,5,protected,4,578000,1065000,37000,37000,BIG=35000|MID=36000|usb_pwr_therm=29324|btmspkr_therm=29301|disp_therm=29324|north_therm=29546|soc_therm=32462|battery=29400|battery_cycle=5|dc-mains=33500|usbc-therm-adc=335|max77779fg=29400|LITTLE=35000|soc=9|smpl_gm=0|vdroop1=0|batoilo=0|batoilo2=0|batt_vs=29393|mdis_morepower=0|thb_hda=51|cp_on_chip_0=36000|cp_on_chip_1=37000|G3D=34000|cp_on_chip_2=37000|cp_on_chip_3=35000|cp_on_chip_4=35000|rf2_therm=33000|rf1_therm=34000|ISP=34000|TPU=35000|AUR=34000|rfpa_therm=30481|quiet_therm=31060|charging_therm=32663|,BIG=35000|MID=36000|usb_pwr_therm=29346|btmspkr_therm=29324|disp_therm=29324|north_therm=29568|soc_therm=32551|battery=29400|battery_cycle=5|dc-mains=33500|usbc-therm-adc=335|max77779fg=29400|LITTLE=36000|soc=9|smpl_gm=0|vdroop1=0|batoilo=0|batoilo2=0|batt_vs=29393|mdis_morepower=0|thb_hda=51|cp_on_chip_0=36000|cp_on_chip_1=37000|G3D=35000|cp_on_chip_2=37000|cp_on_chip_3=35000|cp_on_chip_4=35000|rf2_therm=33000|rf1_therm=34000|ISP=34000|TPU=35000|AUR=34000|rfpa_therm=30481|quiet_therm=31060|charging_therm=32663|,ok,39000,37000,0,37000,1,single,touched,4096,1024,3,1024,3217977,1024,2982585,0,4,4,ok
1,5,protected,4,578000,1065000,37000,37000,BIG=35000|MID=36000|usb_pwr_therm=29324|btmspkr_therm=29301|disp_therm=29324|north_therm=29546|soc_therm=32462|battery=29400|battery_cycle=5|dc-mains=33500|usbc-therm-adc=335|max77779fg=29400|LITTLE=35000|soc=9|smpl_gm=0|vdroop1=0|batoilo=0|batoilo2=0|batt_vs=29393|mdis_morepower=0|thb_hda=51|cp_on_chip_0=36000|cp_on_chip_1=37000|G3D=34000|cp_on_chip_2=37000|cp_on_chip_3=35000|cp_on_chip_4=35000|rf2_therm=33000|rf1_therm=34000|ISP=34000|TPU=35000|AUR=34000|rfpa_therm=30481|quiet_therm=31060|charging_therm=32663|,BIG=35000|MID=36000|usb_pwr_therm=29346|btmspkr_therm=29324|disp_therm=29324|north_therm=29568|soc_therm=32551|battery=29400|battery_cycle=5|dc-mains=33500|usbc-therm-adc=335|max77779fg=29400|LITTLE=36000|soc=9|smpl_gm=0|vdroop1=0|batoilo=0|batoilo2=0|batt_vs=29393|mdis_morepower=0|thb_hda=51|cp_on_chip_0=36000|cp_on_chip_1=37000|G3D=35000|cp_on_chip_2=37000|cp_on_chip_3=35000|cp_on_chip_4=35000|rf2_therm=33000|rf1_therm=34000|ISP=34000|TPU=35000|AUR=34000|rfpa_therm=30481|quiet_therm=31060|charging_therm=32663|,ok,39000,37000,0,37000,1,single,touched,4096,1024,4,1024,2769897,1024,2772013,0,4,4,ok
1,5,protected,4,578000,1065000,37000,37000,BIG=35000|MID=36000|usb_pwr_therm=29324|btmspkr_therm=29301|disp_therm=29324|north_therm=29546|soc_therm=32462|battery=29400|battery_cycle=5|dc-mains=33500|usbc-therm-adc=335|max77779fg=29400|LITTLE=35000|soc=9|smpl_gm=0|vdroop1=0|batoilo=0|batoilo2=0|batt_vs=29393|mdis_morepower=0|thb_hda=51|cp_on_chip_0=36000|cp_on_chip_1=37000|G3D=34000|cp_on_chip_2=37000|cp_on_chip_3=35000|cp_on_chip_4=35000|rf2_therm=33000|rf1_therm=34000|ISP=34000|TPU=35000|AUR=34000|rfpa_therm=30481|quiet_therm=31060|charging_therm=32663|,BIG=35000|MID=36000|usb_pwr_therm=29346|btmspkr_therm=29324|disp_therm=29324|north_therm=29568|soc_therm=32551|battery=29400|battery_cycle=5|dc-mains=33500|usbc-therm-adc=335|max77779fg=29400|LITTLE=36000|soc=9|smpl_gm=0|vdroop1=0|batoilo=0|batoilo2=0|batt_vs=29393|mdis_morepower=0|thb_hda=51|cp_on_chip_0=36000|cp_on_chip_1=37000|G3D=35000|cp_on_chip_2=37000|cp_on_chip_3=35000|cp_on_chip_4=35000|rf2_therm=33000|rf1_therm=34000|ISP=34000|TPU=35000|AUR=34000|rfpa_therm=30481|quiet_therm=31060|charging_therm=32663|,ok,39000,37000,0,37000,1,single,touched,4096,1024,5,1024,2374512,1024,2373047,0,4,4,ok
1,5,protected,4,578000,1065000,37000,37000,BIG=35000|MID=36000|usb_pwr_therm=29324|btmspkr_therm=29301|disp_therm=29324|north_therm=29546|soc_therm=32462|battery=29400|battery_cycle=5|dc-mains=33500|usbc-therm-adc=335|max77779fg=29400|LITTLE=35000|soc=9|smpl_gm=0|vdroop1=0|batoilo=0|batoilo2=0|batt_vs=29393|mdis_morepower=0|thb_hda=51|cp_on_chip_0=36000|cp_on_chip_1=37000|G3D=34000|cp_on_chip_2=37000|cp_on_chip_3=35000|cp_on_chip_4=35000|rf2_therm=33000|rf1_therm=34000|ISP=34000|TPU=35000|AUR=34000|rfpa_therm=30481|quiet_therm=31060|charging_therm=32663|,BIG=35000|MID=36000|usb_pwr_therm=29346|btmspkr_therm=29324|disp_therm=29324|north_therm=29568|soc_therm=32551|battery=29400|battery_cycle=5|dc-mains=33500|usbc-therm-adc=335|max77779fg=29400|LITTLE=36000|soc=9|smpl_gm=0|vdroop1=0|batoilo=0|batoilo2=0|batt_vs=29393|mdis_morepower=0|thb_hda=51|cp_on_chip_0=36000|cp_on_chip_1=37000|G3D=35000|cp_on_chip_2=37000|cp_on_chip_3=35000|cp_on_chip_4=35000|rf2_therm=33000|rf1_therm=34000|ISP=34000|TPU=35000|AUR=34000|rfpa_therm=30481|quiet_therm=31060|charging_therm=32663|,ok,39000,37000,0,37000,1,single,touched,4096,1024,6,1024,2319499,1024,2086181,0,4,4,ok
1,5,protected,4,578000,1065000,37000,37000,BIG=35000|MID=36000|usb_pwr_therm=29324|btmspkr_therm=29301|disp_therm=29324|north_therm=29546|soc_therm=32462|battery=29400|battery_cycle=5|dc-mains=33500|usbc-therm-adc=335|max77779fg=29400|LITTLE=35000|soc=9|smpl_gm=0|vdroop1=0|batoilo=0|batoilo2=0|batt_vs=29393|mdis_morepower=0|thb_hda=51|cp_on_chip_0=36000|cp_on_chip_1=37000|G3D=34000|cp_on_chip_2=37000|cp_on_chip_3=35000|cp_on_chip_4=35000|rf2_therm=33000|rf1_therm=34000|ISP=34000|TPU=35000|AUR=34000|rfpa_therm=30481|quiet_therm=31060|charging_therm=32663|,BIG=35000|MID=36000|usb_pwr_therm=29346|btmspkr_therm=29324|disp_therm=29324|north_therm=29568|soc_therm=32551|battery=29400|battery_cycle=5|dc-mains=33500|usbc-therm-adc=335|max77779fg=29400|LITTLE=36000|soc=9|smpl_gm=0|vdroop1=0|batoilo=0|batoilo2=0|batt_vs=29393|mdis_morepower=0|thb_hda=51|cp_on_chip_0=36000|cp_on_chip_1=37000|G3D=35000|cp_on_chip_2=37000|cp_on_chip_3=35000|cp_on_chip_4=35000|rf2_therm=33000|rf1_therm=34000|ISP=34000|TPU=35000|AUR=34000|rfpa_therm=30481|quiet_therm=31060|charging_therm=32663|,ok,39000,37000,0,37000,1,single,touched,4096,1024,7,1024,2041138,1024,2005737,0,4,4,ok
1,5,protected,4,578000,1065000,37000,37000,BIG=35000|MID=36000|usb_pwr_therm=29324|btmspkr_therm=29301|disp_therm=29324|north_therm=29546|soc_therm=32462|battery=29400|battery_cycle=5|dc-mains=33500|usbc-therm-adc=335|max77779fg=29400|LITTLE=35000|soc=9|smpl_gm=0|vdroop1=0|batoilo=0|batoilo2=0|batt_vs=29393|mdis_morepower=0|thb_hda=51|cp_on_chip_0=36000|cp_on_chip_1=37000|G3D=34000|cp_on_chip_2=37000|cp_on_chip_3=35000|cp_on_chip_4=35000|rf2_therm=33000|rf1_therm=34000|ISP=34000|TPU=35000|AUR=34000|rfpa_therm=30481|quiet_therm=31060|charging_therm=32663|,BIG=35000|MID=36000|usb_pwr_therm=29346|btmspkr_therm=29324|disp_therm=29324|north_therm=29568|soc_therm=32551|battery=29400|battery_cycle=5|dc-mains=33500|usbc-therm-adc=335|max77779fg=29400|LITTLE=36000|soc=9|smpl_gm=0|vdroop1=0|batoilo=0|batoilo2=0|batt_vs=29393|mdis_morepower=0|thb_hda=51|cp_on_chip_0=36000|cp_on_chip_1=37000|G3D=35000|cp_on_chip_2=37000|cp_on_chip_3=35000|cp_on_chip_4=35000|rf2_therm=33000|rf1_therm=34000|ISP=34000|TPU=35000|AUR=34000|rfpa_therm=30481|quiet_therm=31060|charging_therm=32663|,ok,39000,37000,0,37000,1,single,touched,4096,1024,8,1024,2098837,1024,1883830,0,4,4,ok
1,5,protected,4,578000,1065000,37000,37000,BIG=35000|MID=36000|usb_pwr_therm=29324|btmspkr_therm=29301|disp_therm=29324|north_therm=29546|soc_therm=32462|battery=29400|battery_cycle=5|dc-mains=33500|usbc-therm-adc=335|max77779fg=29400|LITTLE=35000|soc=9|smpl_gm=0|vdroop1=0|batoilo=0|batoilo2=0|batt_vs=29393|mdis_morepower=0|thb_hda=51|cp_on_chip_0=36000|cp_on_chip_1=37000|G3D=34000|cp_on_chip_2=37000|cp_on_chip_3=35000|cp_on_chip_4=35000|rf2_therm=33000|rf1_therm=34000|ISP=34000|TPU=35000|AUR=34000|rfpa_therm=30481|quiet_therm=31060|charging_therm=32663|,BIG=35000|MID=36000|usb_pwr_therm=29346|btmspkr_therm=29324|disp_therm=29324|north_therm=29568|soc_therm=32551|battery=29400|battery_cycle=5|dc-mains=33500|usbc-therm-adc=335|max77779fg=29400|LITTLE=36000|soc=9|smpl_gm=0|vdroop1=0|batoilo=0|batoilo2=0|batt_vs=29393|mdis_morepower=0|thb_hda=51|cp_on_chip_0=36000|cp_on_chip_1=37000|G3D=35000|cp_on_chip_2=37000|cp_on_chip_3=35000|cp_on_chip_4=35000|rf2_therm=33000|rf1_therm=34000|ISP=34000|TPU=35000|AUR=34000|rfpa_therm=30481|quiet_therm=31060|charging_therm=32663|,ok,39000,37000,0,37000,1,single,touched,4096,1024,9,1024,1898356,1024,1840821,0,4,4,ok
1,5,protected,4,578000,1065000,37000,37000,BIG=35000|MID=36000|usb_pwr_therm=29324|btmspkr_therm=29301|disp_therm=29324|north_therm=29546|soc_therm=32462|battery=29400|battery_cycle=5|dc-mains=33500|usbc-therm-adc=335|max77779fg=29400|LITTLE=35000|soc=9|smpl_gm=0|vdroop1=0|batoilo=0|batoilo2=0|batt_vs=29393|mdis_morepower=0|thb_hda=51|cp_on_chip_0=36000|cp_on_chip_1=37000|G3D=34000|cp_on_chip_2=37000|cp_on_chip_3=35000|cp_on_chip_4=35000|rf2_therm=33000|rf1_therm=34000|ISP=34000|TPU=35000|AUR=34000|rfpa_therm=30481|quiet_therm=31060|charging_therm=32663|,BIG=35000|MID=36000|usb_pwr_therm=29346|btmspkr_therm=29324|disp_therm=29324|north_therm=29568|soc_therm=32551|battery=29400|battery_cycle=5|dc-mains=33500|usbc-therm-adc=335|max77779fg=29400|LITTLE=36000|soc=9|smpl_gm=0|vdroop1=0|batoilo=0|batoilo2=0|batt_vs=29393|mdis_morepower=0|thb_hda=51|cp_on_chip_0=36000|cp_on_chip_1=37000|G3D=35000|cp_on_chip_2=37000|cp_on_chip_3=35000|cp_on_chip_4=35000|rf2_therm=33000|rf1_therm=34000|ISP=34000|TPU=35000|AUR=34000|rfpa_therm=30481|quiet_therm=31060|charging_therm=32663|,ok,39000,37000,0,37000,1,single,touched,4096,1024,10,1024,1951335,1024,1945842,0,4,4,ok
1,5,protected,4,578000,1065000,37000,37000,BIG=35000|MID=36000|usb_pwr_therm=29324|btmspkr_therm=29301|disp_therm=29324|north_therm=29546|soc_therm=32462|battery=29400|battery_cycle=5|dc-mains=33500|usbc-therm-adc=335|max77779fg=29400|LITTLE=35000|soc=9|smpl_gm=0|vdroop1=0|batoilo=0|batoilo2=0|batt_vs=29393|mdis_morepower=0|thb_hda=51|cp_on_chip_0=36000|cp_on_chip_1=37000|G3D=34000|cp_on_chip_2=37000|cp_on_chip_3=35000|cp_on_chip_4=35000|rf2_therm=33000|rf1_therm=34000|ISP=34000|TPU=35000|AUR=34000|rfpa_therm=30481|quiet_therm=31060|charging_therm=32663|,BIG=35000|MID=36000|usb_pwr_therm=29346|btmspkr_therm=29324|disp_therm=29324|north_therm=29568|soc_therm=32551|battery=29400|battery_cycle=5|dc-mains=33500|usbc-therm-adc=335|max77779fg=29400|LITTLE=36000|soc=9|smpl_gm=0|vdroop1=0|batoilo=0|batoilo2=0|batt_vs=29393|mdis_morepower=0|thb_hda=51|cp_on_chip_0=36000|cp_on_chip_1=37000|G3D=35000|cp_on_chip_2=37000|cp_on_chip_3=35000|cp_on_chip_4=35000|rf2_therm=33000|rf1_therm=34000|ISP=34000|TPU=35000|AUR=34000|rfpa_therm=30481|quiet_therm=31060|charging_therm=32663|,ok,39000,37000,0,37000,1,single,touched,4096,1024,11,1024,1829834,1024,1816203,0,4,4,ok
1,5,protected,4,578000,1065000,37000,37000,BIG=35000|MID=36000|usb_pwr_therm=29324|btmspkr_therm=29301|disp_therm=29324|north_therm=29546|soc_therm=32462|battery=29400|battery_cycle=5|dc-mains=33500|usbc-therm-adc=335|max77779fg=29400|LITTLE=35000|soc=9|smpl_gm=0|vdroop1=0|batoilo=0|batoilo2=0|batt_vs=29393|mdis_morepower=0|thb_hda=51|cp_on_chip_0=36000|cp_on_chip_1=37000|G3D=34000|cp_on_chip_2=37000|cp_on_chip_3=35000|cp_on_chip_4=35000|rf2_therm=33000|rf1_therm=34000|ISP=34000|TPU=35000|AUR=34000|rfpa_therm=30481|quiet_therm=31060|charging_therm=32663|,BIG=35000|MID=36000|usb_pwr_therm=29346|btmspkr_therm=29324|disp_therm=29324|north_therm=29568|soc_therm=32551|battery=29400|battery_cycle=5|dc-mains=33500|usbc-therm-adc=335|max77779fg=29400|LITTLE=36000|soc=9|smpl_gm=0|vdroop1=0|batoilo=0|batoilo2=0|batt_vs=29393|mdis_morepower=0|thb_hda=51|cp_on_chip_0=36000|cp_on_chip_1=37000|G3D=35000|cp_on_chip_2=37000|cp_on_chip_3=35000|cp_on_chip_4=35000|rf2_therm=33000|rf1_therm=34000|ISP=34000|TPU=35000|AUR=34000|rfpa_therm=30481|quiet_therm=31060|charging_therm=32663|,ok,39000,37000,0,37000,1,single,touched,4096,1024,12,1024,1748372,1024,1821981,0,4,4,ok
1,5,protected,4,578000,1065000,37000,37000,BIG=35000|MID=36000|usb_pwr_therm=29324|btmspkr_therm=29301|disp_therm=29324|north_therm=29546|soc_therm=32462|battery=29400|battery_cycle=5|dc-mains=33500|usbc-therm-adc=335|max77779fg=29400|LITTLE=35000|soc=9|smpl_gm=0|vdroop1=0|batoilo=0|batoilo2=0|batt_vs=29393|mdis_morepower=0|thb_hda=51|cp_on_chip_0=36000|cp_on_chip_1=37000|G3D=34000|cp_on_chip_2=37000|cp_on_chip_3=35000|cp_on_chip_4=35000|rf2_therm=33000|rf1_therm=34000|ISP=34000|TPU=35000|AUR=34000|rfpa_therm=30481|quiet_therm=31060|charging_therm=32663|,BIG=35000|MID=36000|usb_pwr_therm=29346|btmspkr_therm=29324|disp_therm=29324|north_therm=29568|soc_therm=32551|battery=29400|battery_cycle=5|dc-mains=33500|usbc-therm-adc=335|max77779fg=29400|LITTLE=36000|soc=9|smpl_gm=0|vdroop1=0|batoilo=0|batoilo2=0|batt_vs=29393|mdis_morepower=0|thb_hda=51|cp_on_chip_0=36000|cp_on_chip_1=37000|G3D=35000|cp_on_chip_2=37000|cp_on_chip_3=35000|cp_on_chip_4=35000|rf2_therm=33000|rf1_therm=34000|ISP=34000|TPU=35000|AUR=34000|rfpa_therm=30481|quiet_therm=31060|charging_therm=32663|,ok,39000,37000,0,37000,1,single,touched,4096,1024,13,1024,1486124,1024,1589599,0,4,4,ok
1,5,protected,4,578000,1065000,37000,37000,BIG=35000|MID=36000|usb_pwr_therm=29324|btmspkr_therm=29301|disp_therm=29324|north_therm=29546|soc_therm=32462|battery=29400|battery_cycle=5|dc-mains=33500|usbc-therm-adc=335|max77779fg=29400|LITTLE=35000|soc=9|smpl_gm=0|vdroop1=0|batoilo=0|batoilo2=0|batt_vs=29393|mdis_morepower=0|thb_hda=51|cp_on_chip_0=36000|cp_on_chip_1=37000|G3D=34000|cp_on_chip_2=37000|cp_on_chip_3=35000|cp_on_chip_4=35000|rf2_therm=33000|rf1_therm=34000|ISP=34000|TPU=35000|AUR=34000|rfpa_therm=30481|quiet_therm=31060|charging_therm=32663|,BIG=35000|MID=36000|usb_pwr_therm=29346|btmspkr_therm=29324|disp_therm=29324|north_therm=29568|soc_therm=32551|battery=29400|battery_cycle=5|dc-mains=33500|usbc-therm-adc=335|max77779fg=29400|LITTLE=36000|soc=9|smpl_gm=0|vdroop1=0|batoilo=0|batoilo2=0|batt_vs=29393|mdis_morepower=0|thb_hda=51|cp_on_chip_0=36000|cp_on_chip_1=37000|G3D=35000|cp_on_chip_2=37000|cp_on_chip_3=35000|cp_on_chip_4=35000|rf2_therm=33000|rf1_therm=34000|ISP=34000|TPU=35000|AUR=34000|rfpa_therm=30481|quiet_therm=31060|charging_therm=32663|,ok,39000,37000,0,37000,1,single,touched,4096,1024,14,1024,1476522,1024,1464803,0,4,4,ok
1,5,protected,4,578000,1065000,37000,37000,BIG=35000|MID=36000|usb_pwr_therm=29324|btmspkr_therm=29301|disp_therm=29324|north_therm=29546|soc_therm=32462|battery=29400|battery_cycle=5|dc-mains=33500|usbc-therm-adc=335|max77779fg=29400|LITTLE=35000|soc=9|smpl_gm=0|vdroop1=0|batoilo=0|batoilo2=0|batt_vs=29393|mdis_morepower=0|thb_hda=51|cp_on_chip_0=36000|cp_on_chip_1=37000|G3D=34000|cp_on_chip_2=37000|cp_on_chip_3=35000|cp_on_chip_4=35000|rf2_therm=33000|rf1_therm=34000|ISP=34000|TPU=35000|AUR=34000|rfpa_therm=30481|quiet_therm=31060|charging_therm=32663|,BIG=35000|MID=36000|usb_pwr_therm=29346|btmspkr_therm=29324|disp_therm=29324|north_therm=29568|soc_therm=32551|battery=29400|battery_cycle=5|dc-mains=33500|usbc-therm-adc=335|max77779fg=29400|LITTLE=36000|soc=9|smpl_gm=0|vdroop1=0|batoilo=0|batoilo2=0|batt_vs=29393|mdis_morepower=0|thb_hda=51|cp_on_chip_0=36000|cp_on_chip_1=37000|G3D=35000|cp_on_chip_2=37000|cp_on_chip_3=35000|cp_on_chip_4=35000|rf2_therm=33000|rf1_therm=34000|ISP=34000|TPU=35000|AUR=34000|rfpa_therm=30481|quiet_therm=31060|charging_therm=32663|,ok,39000,37000,0,37000,1,single,touched,4096,1024,15,1024,1508016,1024,1487834,0,4,4,ok
1,5,protected,4,578000,1065000,37000,37000,BIG=35000|MID=36000|usb_pwr_therm=29324|btmspkr_therm=29301|disp_therm=29324|north_therm=29546|soc_therm=32462|battery=29400|battery_cycle=5|dc-mains=33500|usbc-therm-adc=335|max77779fg=29400|LITTLE=35000|soc=9|smpl_gm=0|vdroop1=0|batoilo=0|batoilo2=0|batt_vs=29393|mdis_morepower=0|thb_hda=51|cp_on_chip_0=36000|cp_on_chip_1=37000|G3D=34000|cp_on_chip_2=37000|cp_on_chip_3=35000|cp_on_chip_4=35000|rf2_therm=33000|rf1_therm=34000|ISP=34000|TPU=35000|AUR=34000|rfpa_therm=30481|quiet_therm=31060|charging_therm=32663|,BIG=35000|MID=36000|usb_pwr_therm=29346|btmspkr_therm=29324|disp_therm=29324|north_therm=29568|soc_therm=32551|battery=29400|battery_cycle=5|dc-mains=33500|usbc-therm-adc=335|max77779fg=29400|LITTLE=36000|soc=9|smpl_gm=0|vdroop1=0|batoilo=0|batoilo2=0|batt_vs=29393|mdis_morepower=0|thb_hda=51|cp_on_chip_0=36000|cp_on_chip_1=37000|G3D=35000|cp_on_chip_2=37000|cp_on_chip_3=35000|cp_on_chip_4=35000|rf2_therm=33000|rf1_therm=34000|ISP=34000|TPU=35000|AUR=34000|rfpa_therm=30481|quiet_therm=31060|charging_therm=32663|,ok,39000,37000,0,37000,1,single,touched,4096,1024,16,1024,1560913,1024,1729452,0,4,4,ok
1,5,protected,4,578000,1065000,37000,37000,BIG=35000|MID=36000|usb_pwr_therm=29324|btmspkr_therm=29301|disp_therm=29324|north_therm=29546|soc_therm=32462|battery=29400|battery_cycle=5|dc-mains=33500|usbc-therm-adc=335|max77779fg=29400|LITTLE=35000|soc=9|smpl_gm=0|vdroop1=0|batoilo=0|batoilo2=0|batt_vs=29393|mdis_morepower=0|thb_hda=51|cp_on_chip_0=36000|cp_on_chip_1=37000|G3D=34000|cp_on_chip_2=37000|cp_on_chip_3=35000|cp_on_chip_4=35000|rf2_therm=33000|rf1_therm=34000|ISP=34000|TPU=35000|AUR=34000|rfpa_therm=30481|quiet_therm=31060|charging_therm=32663|,BIG=35000|MID=36000|usb_pwr_therm=29346|btmspkr_therm=29324|disp_therm=29324|north_therm=29568|soc_therm=32551|battery=29400|battery_cycle=5|dc-mains=33500|usbc-therm-adc=335|max77779fg=29400|LITTLE=36000|soc=9|smpl_gm=0|vdroop1=0|batoilo=0|batoilo2=0|batt_vs=29393|mdis_morepower=0|thb_hda=51|cp_on_chip_0=36000|cp_on_chip_1=37000|G3D=35000|cp_on_chip_2=37000|cp_on_chip_3=35000|cp_on_chip_4=35000|rf2_therm=33000|rf1_therm=34000|ISP=34000|TPU=35000|AUR=34000|rfpa_therm=30481|quiet_therm=31060|charging_therm=32663|,ok,39000,37000,0,37000,1,single,touched,4096,1024,17,1024,1401368,1024,1437988,0,4,4,ok
1,5,protected,4,578000,1065000,37000,37000,BIG=35000|MID=36000|usb_pwr_therm=29324|btmspkr_therm=29301|disp_therm=29324|north_therm=29546|soc_therm=32462|battery=29400|battery_cycle=5|dc-mains=33500|usbc-therm-adc=335|max77779fg=29400|LITTLE=35000|soc=9|smpl_gm=0|vdroop1=0|batoilo=0|batoilo2=0|batt_vs=29393|mdis_morepower=0|thb_hda=51|cp_on_chip_0=36000|cp_on_chip_1=37000|G3D=34000|cp_on_chip_2=37000|cp_on_chip_3=35000|cp_on_chip_4=35000|rf2_therm=33000|rf1_therm=34000|ISP=34000|TPU=35000|AUR=34000|rfpa_therm=30481|quiet_therm=31060|charging_therm=32663|,BIG=35000|MID=36000|usb_pwr_therm=29346|btmspkr_therm=29324|disp_therm=29324|north_therm=29568|soc_therm=32551|battery=29400|battery_cycle=5|dc-mains=33500|usbc-therm-adc=335|max77779fg=29400|LITTLE=36000|soc=9|smpl_gm=0|vdroop1=0|batoilo=0|batoilo2=0|batt_vs=29393|mdis_morepower=0|thb_hda=51|cp_on_chip_0=36000|cp_on_chip_1=37000|G3D=35000|cp_on_chip_2=37000|cp_on_chip_3=35000|cp_on_chip_4=35000|rf2_therm=33000|rf1_therm=34000|ISP=34000|TPU=35000|AUR=34000|rfpa_therm=30481|quiet_therm=31060|charging_therm=32663|,ok,39000,37000,0,37000,1,single,touched,4096,1024,18,1024,1374716,1024,1560059,0,4,4,ok
1,5,protected,4,578000,1065000,37000,37000,BIG=35000|MID=36000|usb_pwr_therm=29324|btmspkr_therm=29301|disp_therm=29324|north_therm=29546|soc_therm=32462|battery=29400|battery_cycle=5|dc-mains=33500|usbc-therm-adc=335|max77779fg=29400|LITTLE=35000|soc=9|smpl_gm=0|vdroop1=0|batoilo=0|batoilo2=0|batt_vs=29393|mdis_morepower=0|thb_hda=51|cp_on_chip_0=36000|cp_on_chip_1=37000|G3D=34000|cp_on_chip_2=37000|cp_on_chip_3=35000|cp_on_chip_4=35000|rf2_therm=33000|rf1_therm=34000|ISP=34000|TPU=35000|AUR=34000|rfpa_therm=30481|quiet_therm=31060|charging_therm=32663|,BIG=35000|MID=36000|usb_pwr_therm=29346|btmspkr_therm=29324|disp_therm=29324|north_therm=29568|soc_therm=32551|battery=29400|battery_cycle=5|dc-mains=33500|usbc-therm-adc=335|max77779fg=29400|LITTLE=36000|soc=9|smpl_gm=0|vdroop1=0|batoilo=0|batoilo2=0|batt_vs=29393|mdis_morepower=0|thb_hda=51|cp_on_chip_0=36000|cp_on_chip_1=37000|G3D=35000|cp_on_chip_2=37000|cp_on_chip_3=35000|cp_on_chip_4=35000|rf2_therm=33000|rf1_therm=34000|ISP=34000|TPU=35000|AUR=34000|rfpa_therm=30481|quiet_therm=31060|charging_therm=32663|,ok,39000,37000,0,37000,1,single,touched,4096,1024,19,1024,1321086,1024,1154866,0,4,4,ok
1,5,protected,4,578000,1065000,37000,37000,BIG=35000|MID=36000|usb_pwr_therm=29324|btmspkr_therm=29301|disp_therm=29324|north_therm=29546|soc_therm=32462|battery=29400|battery_cycle=5|dc-mains=33500|usbc-therm-adc=335|max77779fg=29400|LITTLE=35000|soc=9|smpl_gm=0|vdroop1=0|batoilo=0|batoilo2=0|batt_vs=29393|mdis_morepower=0|thb_hda=51|cp_on_chip_0=36000|cp_on_chip_1=37000|G3D=34000|cp_on_chip_2=37000|cp_on_chip_3=35000|cp_on_chip_4=35000|rf2_therm=33000|rf1_therm=34000|ISP=34000|TPU=35000|AUR=34000|rfpa_therm=30481|quiet_therm=31060|charging_therm=32663|,BIG=35000|MID=36000|usb_pwr_therm=29346|btmspkr_therm=29324|disp_therm=29324|north_therm=29568|soc_therm=32551|battery=29400|battery_cycle=5|dc-mains=33500|usbc-therm-adc=335|max77779fg=29400|LITTLE=36000|soc=9|smpl_gm=0|vdroop1=0|batoilo=0|batoilo2=0|batt_vs=29393|mdis_morepower=0|thb_hda=51|cp_on_chip_0=36000|cp_on_chip_1=37000|G3D=35000|cp_on_chip_2=37000|cp_on_chip_3=35000|cp_on_chip_4=35000|rf2_therm=33000|rf1_therm=34000|ISP=34000|TPU=35000|AUR=34000|rfpa_therm=30481|quiet_therm=31060|charging_therm=32663|,ok,39000,37000,0,37000,1,single,touched,4096,1024,20,1024,1217570,1024,1240479,0,4,4,ok
1,5,protected,4,578000,1065000,37000,37000,BIG=35000|MID=36000|usb_pwr_therm=29324|btmspkr_therm=29301|disp_therm=29324|north_therm=29546|soc_therm=32462|battery=29400|battery_cycle=5|dc-mains=33500|usbc-therm-adc=335|max77779fg=29400|LITTLE=35000|soc=9|smpl_gm=0|vdroop1=0|batoilo=0|batoilo2=0|batt_vs=29393|mdis_morepower=0|thb_hda=51|cp_on_chip_0=36000|cp_on_chip_1=37000|G3D=34000|cp_on_chip_2=37000|cp_on_chip_3=35000|cp_on_chip_4=35000|rf2_therm=33000|rf1_therm=34000|ISP=34000|TPU=35000|AUR=34000|rfpa_therm=30481|quiet_therm=31060|charging_therm=32663|,BIG=35000|MID=36000|usb_pwr_therm=29346|btmspkr_therm=29324|disp_therm=29324|north_therm=29568|soc_therm=32551|battery=29400|battery_cycle=5|dc-mains=33500|usbc-therm-adc=335|max77779fg=29400|LITTLE=36000|soc=9|smpl_gm=0|vdroop1=0|batoilo=0|batoilo2=0|batt_vs=29393|mdis_morepower=0|thb_hda=51|cp_on_chip_0=36000|cp_on_chip_1=37000|G3D=35000|cp_on_chip_2=37000|cp_on_chip_3=35000|cp_on_chip_4=35000|rf2_therm=33000|rf1_therm=34000|ISP=34000|TPU=35000|AUR=34000|rfpa_therm=30481|quiet_therm=31060|charging_therm=32663|,ok,39000,37000,0,37000,1,single,touched,4096,1024,21,1024,1158081,1024,1162272,0,4,4,ok
1,5,protected,4,578000,1065000,37000,37000,BIG=35000|MID=36000|usb_pwr_therm=29324|btmspkr_therm=29301|disp_therm=29324|north_therm=29546|soc_therm=32462|battery=29400|battery_cycle=5|dc-mains=33500|usbc-therm-adc=335|max77779fg=29400|LITTLE=35000|soc=9|smpl_gm=0|vdroop1=0|batoilo=0|batoilo2=0|batt_vs=29393|mdis_morepower=0|thb_hda=51|cp_on_chip_0=36000|cp_on_chip_1=37000|G3D=34000|cp_on_chip_2=37000|cp_on_chip_3=35000|cp_on_chip_4=35000|rf2_therm=33000|rf1_therm=34000|ISP=34000|TPU=35000|AUR=34000|rfpa_therm=30481|quiet_therm=31060|charging_therm=32663|,BIG=35000|MID=36000|usb_pwr_therm=29346|btmspkr_therm=29324|disp_therm=29324|north_therm=29568|soc_therm=32551|battery=29400|battery_cycle=5|dc-mains=33500|usbc-therm-adc=335|max77779fg=29400|LITTLE=36000|soc=9|smpl_gm=0|vdroop1=0|batoilo=0|batoilo2=0|batt_vs=29393|mdis_morepower=0|thb_hda=51|cp_on_chip_0=36000|cp_on_chip_1=37000|G3D=35000|cp_on_chip_2=37000|cp_on_chip_3=35000|cp_on_chip_4=35000|rf2_therm=33000|rf1_therm=34000|ISP=34000|TPU=35000|AUR=34000|rfpa_therm=30481|quiet_therm=31060|charging_therm=32663|,ok,39000,37000,0,37000,1,single,touched,4096,1024,22,1024,1222005,1024,1121256,0,4,4,ok
1,5,protected,4,578000,1065000,37000,37000,BIG=35000|MID=36000|usb_pwr_therm=29324|btmspkr_therm=29301|disp_therm=29324|north_therm=29546|soc_therm=32462|battery=29400|battery_cycle=5|dc-mains=33500|usbc-therm-adc=335|max77779fg=29400|LITTLE=35000|soc=9|smpl_gm=0|vdroop1=0|batoilo=0|batoilo2=0|batt_vs=29393|mdis_morepower=0|thb_hda=51|cp_on_chip_0=36000|cp_on_chip_1=37000|G3D=34000|cp_on_chip_2=37000|cp_on_chip_3=35000|cp_on_chip_4=35000|rf2_therm=33000|rf1_therm=34000|ISP=34000|TPU=35000|AUR=34000|rfpa_therm=30481|quiet_therm=31060|charging_therm=32663|,BIG=35000|MID=36000|usb_pwr_therm=29346|btmspkr_therm=29324|disp_therm=29324|north_therm=29568|soc_therm=32551|battery=29400|battery_cycle=5|dc-mains=33500|usbc-therm-adc=335|max77779fg=29400|LITTLE=36000|soc=9|smpl_gm=0|vdroop1=0|batoilo=0|batoilo2=0|batt_vs=29393|mdis_morepower=0|thb_hda=51|cp_on_chip_0=36000|cp_on_chip_1=37000|G3D=35000|cp_on_chip_2=37000|cp_on_chip_3=35000|cp_on_chip_4=35000|rf2_therm=33000|rf1_therm=34000|ISP=34000|TPU=35000|AUR=34000|rfpa_therm=30481|quiet_therm=31060|charging_therm=32663|,ok,39000,37000,0,37000,1,single,touched,4096,1024,23,1024,1098389,1024,1256795,0,4,4,ok
1,5,protected,4,578000,1065000,37000,37000,BIG=35000|MID=36000|usb_pwr_therm=29324|btmspkr_therm=29301|disp_therm=29324|north_therm=29546|soc_therm=32462|battery=29400|battery_cycle=5|dc-mains=33500|usbc-therm-adc=335|max77779fg=29400|LITTLE=35000|soc=9|smpl_gm=0|vdroop1=0|batoilo=0|batoilo2=0|batt_vs=29393|mdis_morepower=0|thb_hda=51|cp_on_chip_0=36000|cp_on_chip_1=37000|G3D=34000|cp_on_chip_2=37000|cp_on_chip_3=35000|cp_on_chip_4=35000|rf2_therm=33000|rf1_therm=34000|ISP=34000|TPU=35000|AUR=34000|rfpa_therm=30481|quiet_therm=31060|charging_therm=32663|,BIG=35000|MID=36000|usb_pwr_therm=29346|btmspkr_therm=29324|disp_therm=29324|north_therm=29568|soc_therm=32551|battery=29400|battery_cycle=5|dc-mains=33500|usbc-therm-adc=335|max77779fg=29400|LITTLE=36000|soc=9|smpl_gm=0|vdroop1=0|batoilo=0|batoilo2=0|batt_vs=29393|mdis_morepower=0|thb_hda=51|cp_on_chip_0=36000|cp_on_chip_1=37000|G3D=35000|cp_on_chip_2=37000|cp_on_chip_3=35000|cp_on_chip_4=35000|rf2_therm=33000|rf1_therm=34000|ISP=34000|TPU=35000|AUR=34000|rfpa_therm=30481|quiet_therm=31060|charging_therm=32663|,ok,39000,37000,0,37000,1,single,touched,4096,1024,24,1024,1079427,1024,1060913,0,4,4,ok
1,5,protected,4,578000,1065000,37000,37000,BIG=35000|MID=36000|usb_pwr_therm=29324|btmspkr_therm=29301|disp_therm=29324|north_therm=29546|soc_therm=32462|battery=29400|battery_cycle=5|dc-mains=33500|usbc-therm-adc=335|max77779fg=29400|LITTLE=35000|soc=9|smpl_gm=0|vdroop1=0|batoilo=0|batoilo2=0|batt_vs=29393|mdis_morepower=0|thb_hda=51|cp_on_chip_0=36000|cp_on_chip_1=37000|G3D=34000|cp_on_chip_2=37000|cp_on_chip_3=35000|cp_on_chip_4=35000|rf2_therm=33000|rf1_therm=34000|ISP=34000|TPU=35000|AUR=34000|rfpa_therm=30481|quiet_therm=31060|charging_therm=32663|,BIG=35000|MID=36000|usb_pwr_therm=29346|btmspkr_therm=29324|disp_therm=29324|north_therm=29568|soc_therm=32551|battery=29400|battery_cycle=5|dc-mains=33500|usbc-therm-adc=335|max77779fg=29400|LITTLE=36000|soc=9|smpl_gm=0|vdroop1=0|batoilo=0|batoilo2=0|batt_vs=29393|mdis_morepower=0|thb_hda=51|cp_on_chip_0=36000|cp_on_chip_1=37000|G3D=35000|cp_on_chip_2=37000|cp_on_chip_3=35000|cp_on_chip_4=35000|rf2_therm=33000|rf1_therm=34000|ISP=34000|TPU=35000|AUR=34000|rfpa_therm=30481|quiet_therm=31060|charging_therm=32663|,ok,39000,37000,0,37000,1,single,touched,4096,1024,25,1024,1049235,1024,1144165,0,4,4,ok
1,5,protected,4,578000,1065000,37000,37000,BIG=35000|MID=36000|usb_pwr_therm=29324|btmspkr_therm=29301|disp_therm=29324|north_therm=29546|soc_therm=32462|battery=29400|battery_cycle=5|dc-mains=33500|usbc-therm-adc=335|max77779fg=29400|LITTLE=35000|soc=9|smpl_gm=0|vdroop1=0|batoilo=0|batoilo2=0|batt_vs=29393|mdis_morepower=0|thb_hda=51|cp_on_chip_0=36000|cp_on_chip_1=37000|G3D=34000|cp_on_chip_2=37000|cp_on_chip_3=35000|cp_on_chip_4=35000|rf2_therm=33000|rf1_therm=34000|ISP=34000|TPU=35000|AUR=34000|rfpa_therm=30481|quiet_therm=31060|charging_therm=32663|,BIG=35000|MID=36000|usb_pwr_therm=29346|btmspkr_therm=29324|disp_therm=29324|north_therm=29568|soc_therm=32551|battery=29400|battery_cycle=5|dc-mains=33500|usbc-therm-adc=335|max77779fg=29400|LITTLE=36000|soc=9|smpl_gm=0|vdroop1=0|batoilo=0|batoilo2=0|batt_vs=29393|mdis_morepower=0|thb_hda=51|cp_on_chip_0=36000|cp_on_chip_1=37000|G3D=35000|cp_on_chip_2=37000|cp_on_chip_3=35000|cp_on_chip_4=35000|rf2_therm=33000|rf1_therm=34000|ISP=34000|TPU=35000|AUR=34000|rfpa_therm=30481|quiet_therm=31060|charging_therm=32663|,ok,39000,37000,0,37000,1,single,touched,4096,1024,26,1024,1087403,1024,1044434,0,4,4,ok
1,5,protected,4,578000,1065000,37000,37000,BIG=35000|MID=36000|usb_pwr_therm=29324|btmspkr_therm=29301|disp_therm=29324|north_therm=29546|soc_therm=32462|battery=29400|battery_cycle=5|dc-mains=33500|usbc-therm-adc=335|max77779fg=29400|LITTLE=35000|soc=9|smpl_gm=0|vdroop1=0|batoilo=0|batoilo2=0|batt_vs=29393|mdis_morepower=0|thb_hda=51|cp_on_chip_0=36000|cp_on_chip_1=37000|G3D=34000|cp_on_chip_2=37000|cp_on_chip_3=35000|cp_on_chip_4=35000|rf2_therm=33000|rf1_therm=34000|ISP=34000|TPU=35000|AUR=34000|rfpa_therm=30481|quiet_therm=31060|charging_therm=32663|,BIG=35000|MID=36000|usb_pwr_therm=29346|btmspkr_therm=29324|disp_therm=29324|north_therm=29568|soc_therm=32551|battery=29400|battery_cycle=5|dc-mains=33500|usbc-therm-adc=335|max77779fg=29400|LITTLE=36000|soc=9|smpl_gm=0|vdroop1=0|batoilo=0|batoilo2=0|batt_vs=29393|mdis_morepower=0|thb_hda=51|cp_on_chip_0=36000|cp_on_chip_1=37000|G3D=35000|cp_on_chip_2=37000|cp_on_chip_3=35000|cp_on_chip_4=35000|rf2_therm=33000|rf1_therm=34000|ISP=34000|TPU=35000|AUR=34000|rfpa_therm=30481|quiet_therm=31060|charging_therm=32663|,ok,39000,37000,0,37000,1,single,touched,4096,1024,27,1024,1062663,1024,1367432,0,4,4,ok
1,5,protected,4,578000,1065000,37000,37000,BIG=35000|MID=36000|usb_pwr_therm=29324|btmspkr_therm=29301|disp_therm=29324|north_therm=29546|soc_therm=32462|battery=29400|battery_cycle=5|dc-mains=33500|usbc-therm-adc=335|max77779fg=29400|LITTLE=35000|soc=9|smpl_gm=0|vdroop1=0|batoilo=0|batoilo2=0|batt_vs=29393|mdis_morepower=0|thb_hda=51|cp_on_chip_0=36000|cp_on_chip_1=37000|G3D=34000|cp_on_chip_2=37000|cp_on_chip_3=35000|cp_on_chip_4=35000|rf2_therm=33000|rf1_therm=34000|ISP=34000|TPU=35000|AUR=34000|rfpa_therm=30481|quiet_therm=31060|charging_therm=32663|,BIG=35000|MID=36000|usb_pwr_therm=29346|btmspkr_therm=29324|disp_therm=29324|north_therm=29568|soc_therm=32551|battery=29400|battery_cycle=5|dc-mains=33500|usbc-therm-adc=335|max77779fg=29400|LITTLE=36000|soc=9|smpl_gm=0|vdroop1=0|batoilo=0|batoilo2=0|batt_vs=29393|mdis_morepower=0|thb_hda=51|cp_on_chip_0=36000|cp_on_chip_1=37000|G3D=35000|cp_on_chip_2=37000|cp_on_chip_3=35000|cp_on_chip_4=35000|rf2_therm=33000|rf1_therm=34000|ISP=34000|TPU=35000|AUR=34000|rfpa_therm=30481|quiet_therm=31060|charging_therm=32663|,ok,39000,37000,0,37000,1,single,touched,4096,1024,28,1024,1008708,1024,1032959,0,4,4,ok
1,5,protected,4,578000,1065000,37000,37000,BIG=35000|MID=36000|usb_pwr_therm=29324|btmspkr_therm=29301|disp_therm=29324|north_therm=29546|soc_therm=32462|battery=29400|battery_cycle=5|dc-mains=33500|usbc-therm-adc=335|max77779fg=29400|LITTLE=35000|soc=9|smpl_gm=0|vdroop1=0|batoilo=0|batoilo2=0|batt_vs=29393|mdis_morepower=0|thb_hda=51|cp_on_chip_0=36000|cp_on_chip_1=37000|G3D=34000|cp_on_chip_2=37000|cp_on_chip_3=35000|cp_on_chip_4=35000|rf2_therm=33000|rf1_therm=34000|ISP=34000|TPU=35000|AUR=34000|rfpa_therm=30481|quiet_therm=31060|charging_therm=32663|,BIG=35000|MID=36000|usb_pwr_therm=29346|btmspkr_therm=29324|disp_therm=29324|north_therm=29568|soc_therm=32551|battery=29400|battery_cycle=5|dc-mains=33500|usbc-therm-adc=335|max77779fg=29400|LITTLE=36000|soc=9|smpl_gm=0|vdroop1=0|batoilo=0|batoilo2=0|batt_vs=29393|mdis_morepower=0|thb_hda=51|cp_on_chip_0=36000|cp_on_chip_1=37000|G3D=35000|cp_on_chip_2=37000|cp_on_chip_3=35000|cp_on_chip_4=35000|rf2_therm=33000|rf1_therm=34000|ISP=34000|TPU=35000|AUR=34000|rfpa_therm=30481|quiet_therm=31060|charging_therm=32663|,ok,39000,37000,0,37000,1,single,touched,4096,1024,29,1024,1060954,1024,1045614,0,4,4,ok
1,6,protected,4,648000,578000,37000,38000,BIG=36000|MID=36000|usb_pwr_therm=29346|btmspkr_therm=29346|disp_therm=29324|north_therm=29591|soc_therm=32618|battery=29500|battery_cycle=5|dc-mains=33500|usbc-therm-adc=335|max77779fg=29500|LITTLE=36000|soc=9|smpl_gm=0|vdroop1=0|batoilo=0|batoilo2=0|batt_vs=29493|mdis_morepower=0|thb_hda=51|cp_on_chip_0=36000|cp_on_chip_1=37000|G3D=35000|cp_on_chip_2=37000|cp_on_chip_3=35000|cp_on_chip_4=35000|rf2_therm=33000|rf1_therm=34000|ISP=34000|TPU=35000|AUR=34000|rfpa_therm=30503|quiet_therm=31104|charging_therm=32729|,BIG=36000|MID=36000|usb_pwr_therm=29346|btmspkr_therm=29346|disp_therm=29324|north_therm=29591|soc_therm=32618|battery=29500|battery_cycle=5|dc-mains=33500|usbc-therm-adc=335|max77779fg=29500|LITTLE=36000|soc=9|smpl_gm=0|vdroop1=0|batoilo=0|batoilo2=0|batt_vs=29494|mdis_morepower=0|thb_hda=51|cp_on_chip_0=36000|cp_on_chip_1=37000|G3D=35000|cp_on_chip_2=37000|cp_on_chip_3=35000|cp_on_chip_4=35000|rf2_therm=33000|rf1_therm=34000|ISP=34000|TPU=35000|AUR=35000|rfpa_therm=30526|quiet_therm=31149|charging_therm=32796|,ok,39000,37000,0,37000,1,batched,untouched,4096,1024,0,1,11190,0,1587,0,4,4,ok
1,6,protected,4,648000,578000,37000,38000,BIG=36000|MID=36000|usb_pwr_therm=29346|btmspkr_therm=29346|disp_therm=29324|north_therm=29591|soc_therm=32618|battery=29500|battery_cycle=5|dc-mains=33500|usbc-therm-adc=335|max77779fg=29500|LITTLE=36000|soc=9|smpl_gm=0|vdroop1=0|batoilo=0|batoilo2=0|batt_vs=29493|mdis_morepower=0|thb_hda=51|cp_on_chip_0=36000|cp_on_chip_1=37000|G3D=35000|cp_on_chip_2=37000|cp_on_chip_3=35000|cp_on_chip_4=35000|rf2_therm=33000|rf1_therm=34000|ISP=34000|TPU=35000|AUR=34000|rfpa_therm=30503|quiet_therm=31104|charging_therm=32729|,BIG=36000|MID=36000|usb_pwr_therm=29346|btmspkr_therm=29346|disp_therm=29324|north_therm=29591|soc_therm=32618|battery=29500|battery_cycle=5|dc-mains=33500|usbc-therm-adc=335|max77779fg=29500|LITTLE=36000|soc=9|smpl_gm=0|vdroop1=0|batoilo=0|batoilo2=0|batt_vs=29494|mdis_morepower=0|thb_hda=51|cp_on_chip_0=36000|cp_on_chip_1=37000|G3D=35000|cp_on_chip_2=37000|cp_on_chip_3=35000|cp_on_chip_4=35000|rf2_therm=33000|rf1_therm=34000|ISP=34000|TPU=35000|AUR=35000|rfpa_therm=30526|quiet_therm=31149|charging_therm=32796|,ok,39000,37000,0,37000,1,batched,untouched,4096,1024,1,1,5290,0,935,0,4,4,ok
1,6,protected,4,648000,578000,37000,38000,BIG=36000|MID=36000|usb_pwr_therm=29346|btmspkr_therm=29346|disp_therm=29324|north_therm=29591|soc_therm=32618|battery=29500|battery_cycle=5|dc-mains=33500|usbc-therm-adc=335|max77779fg=29500|LITTLE=36000|soc=9|smpl_gm=0|vdroop1=0|batoilo=0|batoilo2=0|batt_vs=29493|mdis_morepower=0|thb_hda=51|cp_on_chip_0=36000|cp_on_chip_1=37000|G3D=35000|cp_on_chip_2=37000|cp_on_chip_3=35000|cp_on_chip_4=35000|rf2_therm=33000|rf1_therm=34000|ISP=34000|TPU=35000|AUR=34000|rfpa_therm=30503|quiet_therm=31104|charging_therm=32729|,BIG=36000|MID=36000|usb_pwr_therm=29346|btmspkr_therm=29346|disp_therm=29324|north_therm=29591|soc_therm=32618|battery=29500|battery_cycle=5|dc-mains=33500|usbc-therm-adc=335|max77779fg=29500|LITTLE=36000|soc=9|smpl_gm=0|vdroop1=0|batoilo=0|batoilo2=0|batt_vs=29494|mdis_morepower=0|thb_hda=51|cp_on_chip_0=36000|cp_on_chip_1=37000|G3D=35000|cp_on_chip_2=37000|cp_on_chip_3=35000|cp_on_chip_4=35000|rf2_therm=33000|rf1_therm=34000|ISP=34000|TPU=35000|AUR=35000|rfpa_therm=30526|quiet_therm=31149|charging_therm=32796|,ok,39000,37000,0,37000,1,batched,untouched,4096,1024,2,1,4354,0,895,0,4,4,ok
1,6,protected,4,648000,578000,37000,38000,BIG=36000|MID=36000|usb_pwr_therm=29346|btmspkr_therm=29346|disp_therm=29324|north_therm=29591|soc_therm=32618|battery=29500|battery_cycle=5|dc-mains=33500|usbc-therm-adc=335|max77779fg=29500|LITTLE=36000|soc=9|smpl_gm=0|vdroop1=0|batoilo=0|batoilo2=0|batt_vs=29493|mdis_morepower=0|thb_hda=51|cp_on_chip_0=36000|cp_on_chip_1=37000|G3D=35000|cp_on_chip_2=37000|cp_on_chip_3=35000|cp_on_chip_4=35000|rf2_therm=33000|rf1_therm=34000|ISP=34000|TPU=35000|AUR=34000|rfpa_therm=30503|quiet_therm=31104|charging_therm=32729|,BIG=36000|MID=36000|usb_pwr_therm=29346|btmspkr_therm=29346|disp_therm=29324|north_therm=29591|soc_therm=32618|battery=29500|battery_cycle=5|dc-mains=33500|usbc-therm-adc=335|max77779fg=29500|LITTLE=36000|soc=9|smpl_gm=0|vdroop1=0|batoilo=0|batoilo2=0|batt_vs=29494|mdis_morepower=0|thb_hda=51|cp_on_chip_0=36000|cp_on_chip_1=37000|G3D=35000|cp_on_chip_2=37000|cp_on_chip_3=35000|cp_on_chip_4=35000|rf2_therm=33000|rf1_therm=34000|ISP=34000|TPU=35000|AUR=35000|rfpa_therm=30526|quiet_therm=31149|charging_therm=32796|,ok,39000,37000,0,37000,1,batched,untouched,4096,1024,3,1,8179,0,936,0,4,4,ok
1,6,protected,4,648000,578000,37000,38000,BIG=36000|MID=36000|usb_pwr_therm=29346|btmspkr_therm=29346|disp_therm=29324|north_therm=29591|soc_therm=32618|battery=29500|battery_cycle=5|dc-mains=33500|usbc-therm-adc=335|max77779fg=29500|LITTLE=36000|soc=9|smpl_gm=0|vdroop1=0|batoilo=0|batoilo2=0|batt_vs=29493|mdis_morepower=0|thb_hda=51|cp_on_chip_0=36000|cp_on_chip_1=37000|G3D=35000|cp_on_chip_2=37000|cp_on_chip_3=35000|cp_on_chip_4=35000|rf2_therm=33000|rf1_therm=34000|ISP=34000|TPU=35000|AUR=34000|rfpa_therm=30503|quiet_therm=31104|charging_therm=32729|,BIG=36000|MID=36000|usb_pwr_therm=29346|btmspkr_therm=29346|disp_therm=29324|north_therm=29591|soc_therm=32618|battery=29500|battery_cycle=5|dc-mains=33500|usbc-therm-adc=335|max77779fg=29500|LITTLE=36000|soc=9|smpl_gm=0|vdroop1=0|batoilo=0|batoilo2=0|batt_vs=29494|mdis_morepower=0|thb_hda=51|cp_on_chip_0=36000|cp_on_chip_1=37000|G3D=35000|cp_on_chip_2=37000|cp_on_chip_3=35000|cp_on_chip_4=35000|rf2_therm=33000|rf1_therm=34000|ISP=34000|TPU=35000|AUR=35000|rfpa_therm=30526|quiet_therm=31149|charging_therm=32796|,ok,39000,37000,0,37000,1,batched,untouched,4096,1024,4,1,5208,0,855,0,4,4,ok
1,6,protected,4,648000,578000,37000,38000,BIG=36000|MID=36000|usb_pwr_therm=29346|btmspkr_therm=29346|disp_therm=29324|north_therm=29591|soc_therm=32618|battery=29500|battery_cycle=5|dc-mains=33500|usbc-therm-adc=335|max77779fg=29500|LITTLE=36000|soc=9|smpl_gm=0|vdroop1=0|batoilo=0|batoilo2=0|batt_vs=29493|mdis_morepower=0|thb_hda=51|cp_on_chip_0=36000|cp_on_chip_1=37000|G3D=35000|cp_on_chip_2=37000|cp_on_chip_3=35000|cp_on_chip_4=35000|rf2_therm=33000|rf1_therm=34000|ISP=34000|TPU=35000|AUR=34000|rfpa_therm=30503|quiet_therm=31104|charging_therm=32729|,BIG=36000|MID=36000|usb_pwr_therm=29346|btmspkr_therm=29346|disp_therm=29324|north_therm=29591|soc_therm=32618|battery=29500|battery_cycle=5|dc-mains=33500|usbc-therm-adc=335|max77779fg=29500|LITTLE=36000|soc=9|smpl_gm=0|vdroop1=0|batoilo=0|batoilo2=0|batt_vs=29494|mdis_morepower=0|thb_hda=51|cp_on_chip_0=36000|cp_on_chip_1=37000|G3D=35000|cp_on_chip_2=37000|cp_on_chip_3=35000|cp_on_chip_4=35000|rf2_therm=33000|rf1_therm=34000|ISP=34000|TPU=35000|AUR=35000|rfpa_therm=30526|quiet_therm=31149|charging_therm=32796|,ok,39000,37000,0,37000,1,batched,untouched,4096,1024,5,1,5167,0,813,0,4,4,ok
1,6,protected,4,648000,578000,37000,38000,BIG=36000|MID=36000|usb_pwr_therm=29346|btmspkr_therm=29346|disp_therm=29324|north_therm=29591|soc_therm=32618|battery=29500|battery_cycle=5|dc-mains=33500|usbc-therm-adc=335|max77779fg=29500|LITTLE=36000|soc=9|smpl_gm=0|vdroop1=0|batoilo=0|batoilo2=0|batt_vs=29493|mdis_morepower=0|thb_hda=51|cp_on_chip_0=36000|cp_on_chip_1=37000|G3D=35000|cp_on_chip_2=37000|cp_on_chip_3=35000|cp_on_chip_4=35000|rf2_therm=33000|rf1_therm=34000|ISP=34000|TPU=35000|AUR=34000|rfpa_therm=30503|quiet_therm=31104|charging_therm=32729|,BIG=36000|MID=36000|usb_pwr_therm=29346|btmspkr_therm=29346|disp_therm=29324|north_therm=29591|soc_therm=32618|battery=29500|battery_cycle=5|dc-mains=33500|usbc-therm-adc=335|max77779fg=29500|LITTLE=36000|soc=9|smpl_gm=0|vdroop1=0|batoilo=0|batoilo2=0|batt_vs=29494|mdis_morepower=0|thb_hda=51|cp_on_chip_0=36000|cp_on_chip_1=37000|G3D=35000|cp_on_chip_2=37000|cp_on_chip_3=35000|cp_on_chip_4=35000|rf2_therm=33000|rf1_therm=34000|ISP=34000|TPU=35000|AUR=35000|rfpa_therm=30526|quiet_therm=31149|charging_therm=32796|,ok,39000,37000,0,37000,1,batched,untouched,4096,1024,6,1,3743,0,896,0,4,4,ok
1,6,protected,4,648000,578000,37000,38000,BIG=36000|MID=36000|usb_pwr_therm=29346|btmspkr_therm=29346|disp_therm=29324|north_therm=29591|soc_therm=32618|battery=29500|battery_cycle=5|dc-mains=33500|usbc-therm-adc=335|max77779fg=29500|LITTLE=36000|soc=9|smpl_gm=0|vdroop1=0|batoilo=0|batoilo2=0|batt_vs=29493|mdis_morepower=0|thb_hda=51|cp_on_chip_0=36000|cp_on_chip_1=37000|G3D=35000|cp_on_chip_2=37000|cp_on_chip_3=35000|cp_on_chip_4=35000|rf2_therm=33000|rf1_therm=34000|ISP=34000|TPU=35000|AUR=34000|rfpa_therm=30503|quiet_therm=31104|charging_therm=32729|,BIG=36000|MID=36000|usb_pwr_therm=29346|btmspkr_therm=29346|disp_therm=29324|north_therm=29591|soc_therm=32618|battery=29500|battery_cycle=5|dc-mains=33500|usbc-therm-adc=335|max77779fg=29500|LITTLE=36000|soc=9|smpl_gm=0|vdroop1=0|batoilo=0|batoilo2=0|batt_vs=29494|mdis_morepower=0|thb_hda=51|cp_on_chip_0=36000|cp_on_chip_1=37000|G3D=35000|cp_on_chip_2=37000|cp_on_chip_3=35000|cp_on_chip_4=35000|rf2_therm=33000|rf1_therm=34000|ISP=34000|TPU=35000|AUR=35000|rfpa_therm=30526|quiet_therm=31149|charging_therm=32796|,ok,39000,37000,0,37000,1,batched,untouched,4096,1024,7,1,3622,0,895,0,4,4,ok
1,6,protected,4,648000,578000,37000,38000,BIG=36000|MID=36000|usb_pwr_therm=29346|btmspkr_therm=29346|disp_therm=29324|north_therm=29591|soc_therm=32618|battery=29500|battery_cycle=5|dc-mains=33500|usbc-therm-adc=335|max77779fg=29500|LITTLE=36000|soc=9|smpl_gm=0|vdroop1=0|batoilo=0|batoilo2=0|batt_vs=29493|mdis_morepower=0|thb_hda=51|cp_on_chip_0=36000|cp_on_chip_1=37000|G3D=35000|cp_on_chip_2=37000|cp_on_chip_3=35000|cp_on_chip_4=35000|rf2_therm=33000|rf1_therm=34000|ISP=34000|TPU=35000|AUR=34000|rfpa_therm=30503|quiet_therm=31104|charging_therm=32729|,BIG=36000|MID=36000|usb_pwr_therm=29346|btmspkr_therm=29346|disp_therm=29324|north_therm=29591|soc_therm=32618|battery=29500|battery_cycle=5|dc-mains=33500|usbc-therm-adc=335|max77779fg=29500|LITTLE=36000|soc=9|smpl_gm=0|vdroop1=0|batoilo=0|batoilo2=0|batt_vs=29494|mdis_morepower=0|thb_hda=51|cp_on_chip_0=36000|cp_on_chip_1=37000|G3D=35000|cp_on_chip_2=37000|cp_on_chip_3=35000|cp_on_chip_4=35000|rf2_therm=33000|rf1_therm=34000|ISP=34000|TPU=35000|AUR=35000|rfpa_therm=30526|quiet_therm=31149|charging_therm=32796|,ok,39000,37000,0,37000,1,batched,untouched,4096,1024,8,1,4801,0,814,0,4,4,ok
1,6,protected,4,648000,578000,37000,38000,BIG=36000|MID=36000|usb_pwr_therm=29346|btmspkr_therm=29346|disp_therm=29324|north_therm=29591|soc_therm=32618|battery=29500|battery_cycle=5|dc-mains=33500|usbc-therm-adc=335|max77779fg=29500|LITTLE=36000|soc=9|smpl_gm=0|vdroop1=0|batoilo=0|batoilo2=0|batt_vs=29493|mdis_morepower=0|thb_hda=51|cp_on_chip_0=36000|cp_on_chip_1=37000|G3D=35000|cp_on_chip_2=37000|cp_on_chip_3=35000|cp_on_chip_4=35000|rf2_therm=33000|rf1_therm=34000|ISP=34000|TPU=35000|AUR=34000|rfpa_therm=30503|quiet_therm=31104|charging_therm=32729|,BIG=36000|MID=36000|usb_pwr_therm=29346|btmspkr_therm=29346|disp_therm=29324|north_therm=29591|soc_therm=32618|battery=29500|battery_cycle=5|dc-mains=33500|usbc-therm-adc=335|max77779fg=29500|LITTLE=36000|soc=9|smpl_gm=0|vdroop1=0|batoilo=0|batoilo2=0|batt_vs=29494|mdis_morepower=0|thb_hda=51|cp_on_chip_0=36000|cp_on_chip_1=37000|G3D=35000|cp_on_chip_2=37000|cp_on_chip_3=35000|cp_on_chip_4=35000|rf2_therm=33000|rf1_therm=34000|ISP=34000|TPU=35000|AUR=35000|rfpa_therm=30526|quiet_therm=31149|charging_therm=32796|,ok,39000,37000,0,37000,1,batched,untouched,4096,1024,9,1,3214,0,813,0,4,4,ok
1,6,protected,4,648000,578000,37000,38000,BIG=36000|MID=36000|usb_pwr_therm=29346|btmspkr_therm=29346|disp_therm=29324|north_therm=29591|soc_therm=32618|battery=29500|battery_cycle=5|dc-mains=33500|usbc-therm-adc=335|max77779fg=29500|LITTLE=36000|soc=9|smpl_gm=0|vdroop1=0|batoilo=0|batoilo2=0|batt_vs=29493|mdis_morepower=0|thb_hda=51|cp_on_chip_0=36000|cp_on_chip_1=37000|G3D=35000|cp_on_chip_2=37000|cp_on_chip_3=35000|cp_on_chip_4=35000|rf2_therm=33000|rf1_therm=34000|ISP=34000|TPU=35000|AUR=34000|rfpa_therm=30503|quiet_therm=31104|charging_therm=32729|,BIG=36000|MID=36000|usb_pwr_therm=29346|btmspkr_therm=29346|disp_therm=29324|north_therm=29591|soc_therm=32618|battery=29500|battery_cycle=5|dc-mains=33500|usbc-therm-adc=335|max77779fg=29500|LITTLE=36000|soc=9|smpl_gm=0|vdroop1=0|batoilo=0|batoilo2=0|batt_vs=29494|mdis_morepower=0|thb_hda=51|cp_on_chip_0=36000|cp_on_chip_1=37000|G3D=35000|cp_on_chip_2=37000|cp_on_chip_3=35000|cp_on_chip_4=35000|rf2_therm=33000|rf1_therm=34000|ISP=34000|TPU=35000|AUR=35000|rfpa_therm=30526|quiet_therm=31149|charging_therm=32796|,ok,39000,37000,0,37000,1,batched,untouched,4096,1024,10,1,3499,0,895,0,4,4,ok
1,6,protected,4,648000,578000,37000,38000,BIG=36000|MID=36000|usb_pwr_therm=29346|btmspkr_therm=29346|disp_therm=29324|north_therm=29591|soc_therm=32618|battery=29500|battery_cycle=5|dc-mains=33500|usbc-therm-adc=335|max77779fg=29500|LITTLE=36000|soc=9|smpl_gm=0|vdroop1=0|batoilo=0|batoilo2=0|batt_vs=29493|mdis_morepower=0|thb_hda=51|cp_on_chip_0=36000|cp_on_chip_1=37000|G3D=35000|cp_on_chip_2=37000|cp_on_chip_3=35000|cp_on_chip_4=35000|rf2_therm=33000|rf1_therm=34000|ISP=34000|TPU=35000|AUR=34000|rfpa_therm=30503|quiet_therm=31104|charging_therm=32729|,BIG=36000|MID=36000|usb_pwr_therm=29346|btmspkr_therm=29346|disp_therm=29324|north_therm=29591|soc_therm=32618|battery=29500|battery_cycle=5|dc-mains=33500|usbc-therm-adc=335|max77779fg=29500|LITTLE=36000|soc=9|smpl_gm=0|vdroop1=0|batoilo=0|batoilo2=0|batt_vs=29494|mdis_morepower=0|thb_hda=51|cp_on_chip_0=36000|cp_on_chip_1=37000|G3D=35000|cp_on_chip_2=37000|cp_on_chip_3=35000|cp_on_chip_4=35000|rf2_therm=33000|rf1_therm=34000|ISP=34000|TPU=35000|AUR=35000|rfpa_therm=30526|quiet_therm=31149|charging_therm=32796|,ok,39000,37000,0,37000,1,batched,untouched,4096,1024,11,1,4354,0,855,0,4,4,ok
1,6,protected,4,648000,578000,37000,38000,BIG=36000|MID=36000|usb_pwr_therm=29346|btmspkr_therm=29346|disp_therm=29324|north_therm=29591|soc_therm=32618|battery=29500|battery_cycle=5|dc-mains=33500|usbc-therm-adc=335|max77779fg=29500|LITTLE=36000|soc=9|smpl_gm=0|vdroop1=0|batoilo=0|batoilo2=0|batt_vs=29493|mdis_morepower=0|thb_hda=51|cp_on_chip_0=36000|cp_on_chip_1=37000|G3D=35000|cp_on_chip_2=37000|cp_on_chip_3=35000|cp_on_chip_4=35000|rf2_therm=33000|rf1_therm=34000|ISP=34000|TPU=35000|AUR=34000|rfpa_therm=30503|quiet_therm=31104|charging_therm=32729|,BIG=36000|MID=36000|usb_pwr_therm=29346|btmspkr_therm=29346|disp_therm=29324|north_therm=29591|soc_therm=32618|battery=29500|battery_cycle=5|dc-mains=33500|usbc-therm-adc=335|max77779fg=29500|LITTLE=36000|soc=9|smpl_gm=0|vdroop1=0|batoilo=0|batoilo2=0|batt_vs=29494|mdis_morepower=0|thb_hda=51|cp_on_chip_0=36000|cp_on_chip_1=37000|G3D=35000|cp_on_chip_2=37000|cp_on_chip_3=35000|cp_on_chip_4=35000|rf2_therm=33000|rf1_therm=34000|ISP=34000|TPU=35000|AUR=35000|rfpa_therm=30526|quiet_therm=31149|charging_therm=32796|,ok,39000,37000,0,37000,1,batched,untouched,4096,1024,12,1,4150,0,1017,0,4,4,ok
1,6,protected,4,648000,578000,37000,38000,BIG=36000|MID=36000|usb_pwr_therm=29346|btmspkr_therm=29346|disp_therm=29324|north_therm=29591|soc_therm=32618|battery=29500|battery_cycle=5|dc-mains=33500|usbc-therm-adc=335|max77779fg=29500|LITTLE=36000|soc=9|smpl_gm=0|vdroop1=0|batoilo=0|batoilo2=0|batt_vs=29493|mdis_morepower=0|thb_hda=51|cp_on_chip_0=36000|cp_on_chip_1=37000|G3D=35000|cp_on_chip_2=37000|cp_on_chip_3=35000|cp_on_chip_4=35000|rf2_therm=33000|rf1_therm=34000|ISP=34000|TPU=35000|AUR=34000|rfpa_therm=30503|quiet_therm=31104|charging_therm=32729|,BIG=36000|MID=36000|usb_pwr_therm=29346|btmspkr_therm=29346|disp_therm=29324|north_therm=29591|soc_therm=32618|battery=29500|battery_cycle=5|dc-mains=33500|usbc-therm-adc=335|max77779fg=29500|LITTLE=36000|soc=9|smpl_gm=0|vdroop1=0|batoilo=0|batoilo2=0|batt_vs=29494|mdis_morepower=0|thb_hda=51|cp_on_chip_0=36000|cp_on_chip_1=37000|G3D=35000|cp_on_chip_2=37000|cp_on_chip_3=35000|cp_on_chip_4=35000|rf2_therm=33000|rf1_therm=34000|ISP=34000|TPU=35000|AUR=35000|rfpa_therm=30526|quiet_therm=31149|charging_therm=32796|,ok,39000,37000,0,37000,1,batched,untouched,4096,1024,13,1,7731,0,1058,0,4,4,ok
1,6,protected,4,648000,578000,37000,38000,BIG=36000|MID=36000|usb_pwr_therm=29346|btmspkr_therm=29346|disp_therm=29324|north_therm=29591|soc_therm=32618|battery=29500|battery_cycle=5|dc-mains=33500|usbc-therm-adc=335|max77779fg=29500|LITTLE=36000|soc=9|smpl_gm=0|vdroop1=0|batoilo=0|batoilo2=0|batt_vs=29493|mdis_morepower=0|thb_hda=51|cp_on_chip_0=36000|cp_on_chip_1=37000|G3D=35000|cp_on_chip_2=37000|cp_on_chip_3=35000|cp_on_chip_4=35000|rf2_therm=33000|rf1_therm=34000|ISP=34000|TPU=35000|AUR=34000|rfpa_therm=30503|quiet_therm=31104|charging_therm=32729|,BIG=36000|MID=36000|usb_pwr_therm=29346|btmspkr_therm=29346|disp_therm=29324|north_therm=29591|soc_therm=32618|battery=29500|battery_cycle=5|dc-mains=33500|usbc-therm-adc=335|max77779fg=29500|LITTLE=36000|soc=9|smpl_gm=0|vdroop1=0|batoilo=0|batoilo2=0|batt_vs=29494|mdis_morepower=0|thb_hda=51|cp_on_chip_0=36000|cp_on_chip_1=37000|G3D=35000|cp_on_chip_2=37000|cp_on_chip_3=35000|cp_on_chip_4=35000|rf2_therm=33000|rf1_therm=34000|ISP=34000|TPU=35000|AUR=35000|rfpa_therm=30526|quiet_therm=31149|charging_therm=32796|,ok,39000,37000,0,37000,1,batched,untouched,4096,1024,14,1,4680,0,895,0,4,4,ok
1,6,protected,4,648000,578000,37000,38000,BIG=36000|MID=36000|usb_pwr_therm=29346|btmspkr_therm=29346|disp_therm=29324|north_therm=29591|soc_therm=32618|battery=29500|battery_cycle=5|dc-mains=33500|usbc-therm-adc=335|max77779fg=29500|LITTLE=36000|soc=9|smpl_gm=0|vdroop1=0|batoilo=0|batoilo2=0|batt_vs=29493|mdis_morepower=0|thb_hda=51|cp_on_chip_0=36000|cp_on_chip_1=37000|G3D=35000|cp_on_chip_2=37000|cp_on_chip_3=35000|cp_on_chip_4=35000|rf2_therm=33000|rf1_therm=34000|ISP=34000|TPU=35000|AUR=34000|rfpa_therm=30503|quiet_therm=31104|charging_therm=32729|,BIG=36000|MID=36000|usb_pwr_therm=29346|btmspkr_therm=29346|disp_therm=29324|north_therm=29591|soc_therm=32618|battery=29500|battery_cycle=5|dc-mains=33500|usbc-therm-adc=335|max77779fg=29500|LITTLE=36000|soc=9|smpl_gm=0|vdroop1=0|batoilo=0|batoilo2=0|batt_vs=29494|mdis_morepower=0|thb_hda=51|cp_on_chip_0=36000|cp_on_chip_1=37000|G3D=35000|cp_on_chip_2=37000|cp_on_chip_3=35000|cp_on_chip_4=35000|rf2_therm=33000|rf1_therm=34000|ISP=34000|TPU=35000|AUR=35000|rfpa_therm=30526|quiet_therm=31149|charging_therm=32796|,ok,39000,37000,0,37000,1,batched,untouched,4096,1024,15,1,5209,0,936,0,4,4,ok
1,6,protected,4,648000,578000,37000,38000,BIG=36000|MID=36000|usb_pwr_therm=29346|btmspkr_therm=29346|disp_therm=29324|north_therm=29591|soc_therm=32618|battery=29500|battery_cycle=5|dc-mains=33500|usbc-therm-adc=335|max77779fg=29500|LITTLE=36000|soc=9|smpl_gm=0|vdroop1=0|batoilo=0|batoilo2=0|batt_vs=29493|mdis_morepower=0|thb_hda=51|cp_on_chip_0=36000|cp_on_chip_1=37000|G3D=35000|cp_on_chip_2=37000|cp_on_chip_3=35000|cp_on_chip_4=35000|rf2_therm=33000|rf1_therm=34000|ISP=34000|TPU=35000|AUR=34000|rfpa_therm=30503|quiet_therm=31104|charging_therm=32729|,BIG=36000|MID=36000|usb_pwr_therm=29346|btmspkr_therm=29346|disp_therm=29324|north_therm=29591|soc_therm=32618|battery=29500|battery_cycle=5|dc-mains=33500|usbc-therm-adc=335|max77779fg=29500|LITTLE=36000|soc=9|smpl_gm=0|vdroop1=0|batoilo=0|batoilo2=0|batt_vs=29494|mdis_morepower=0|thb_hda=51|cp_on_chip_0=36000|cp_on_chip_1=37000|G3D=35000|cp_on_chip_2=37000|cp_on_chip_3=35000|cp_on_chip_4=35000|rf2_therm=33000|rf1_therm=34000|ISP=34000|TPU=35000|AUR=35000|rfpa_therm=30526|quiet_therm=31149|charging_therm=32796|,ok,39000,37000,0,37000,1,batched,untouched,4096,1024,16,1,4354,0,895,0,4,4,ok
1,6,protected,4,648000,578000,37000,38000,BIG=36000|MID=36000|usb_pwr_therm=29346|btmspkr_therm=29346|disp_therm=29324|north_therm=29591|soc_therm=32618|battery=29500|battery_cycle=5|dc-mains=33500|usbc-therm-adc=335|max77779fg=29500|LITTLE=36000|soc=9|smpl_gm=0|vdroop1=0|batoilo=0|batoilo2=0|batt_vs=29493|mdis_morepower=0|thb_hda=51|cp_on_chip_0=36000|cp_on_chip_1=37000|G3D=35000|cp_on_chip_2=37000|cp_on_chip_3=35000|cp_on_chip_4=35000|rf2_therm=33000|rf1_therm=34000|ISP=34000|TPU=35000|AUR=34000|rfpa_therm=30503|quiet_therm=31104|charging_therm=32729|,BIG=36000|MID=36000|usb_pwr_therm=29346|btmspkr_therm=29346|disp_therm=29324|north_therm=29591|soc_therm=32618|battery=29500|battery_cycle=5|dc-mains=33500|usbc-therm-adc=335|max77779fg=29500|LITTLE=36000|soc=9|smpl_gm=0|vdroop1=0|batoilo=0|batoilo2=0|batt_vs=29494|mdis_morepower=0|thb_hda=51|cp_on_chip_0=36000|cp_on_chip_1=37000|G3D=35000|cp_on_chip_2=37000|cp_on_chip_3=35000|cp_on_chip_4=35000|rf2_therm=33000|rf1_therm=34000|ISP=34000|TPU=35000|AUR=35000|rfpa_therm=30526|quiet_therm=31149|charging_therm=32796|,ok,39000,37000,0,37000,1,batched,untouched,4096,1024,17,1,3540,0,895,0,4,4,ok
1,6,protected,4,648000,578000,37000,38000,BIG=36000|MID=36000|usb_pwr_therm=29346|btmspkr_therm=29346|disp_therm=29324|north_therm=29591|soc_therm=32618|battery=29500|battery_cycle=5|dc-mains=33500|usbc-therm-adc=335|max77779fg=29500|LITTLE=36000|soc=9|smpl_gm=0|vdroop1=0|batoilo=0|batoilo2=0|batt_vs=29493|mdis_morepower=0|thb_hda=51|cp_on_chip_0=36000|cp_on_chip_1=37000|G3D=35000|cp_on_chip_2=37000|cp_on_chip_3=35000|cp_on_chip_4=35000|rf2_therm=33000|rf1_therm=34000|ISP=34000|TPU=35000|AUR=34000|rfpa_therm=30503|quiet_therm=31104|charging_therm=32729|,BIG=36000|MID=36000|usb_pwr_therm=29346|btmspkr_therm=29346|disp_therm=29324|north_therm=29591|soc_therm=32618|battery=29500|battery_cycle=5|dc-mains=33500|usbc-therm-adc=335|max77779fg=29500|LITTLE=36000|soc=9|smpl_gm=0|vdroop1=0|batoilo=0|batoilo2=0|batt_vs=29494|mdis_morepower=0|thb_hda=51|cp_on_chip_0=36000|cp_on_chip_1=37000|G3D=35000|cp_on_chip_2=37000|cp_on_chip_3=35000|cp_on_chip_4=35000|rf2_therm=33000|rf1_therm=34000|ISP=34000|TPU=35000|AUR=35000|rfpa_therm=30526|quiet_therm=31149|charging_therm=32796|,ok,39000,37000,0,37000,1,batched,untouched,4096,1024,18,1,4231,0,855,0,4,4,ok
1,6,protected,4,648000,578000,37000,38000,BIG=36000|MID=36000|usb_pwr_therm=29346|btmspkr_therm=29346|disp_therm=29324|north_therm=29591|soc_therm=32618|battery=29500|battery_cycle=5|dc-mains=33500|usbc-therm-adc=335|max77779fg=29500|LITTLE=36000|soc=9|smpl_gm=0|vdroop1=0|batoilo=0|batoilo2=0|batt_vs=29493|mdis_morepower=0|thb_hda=51|cp_on_chip_0=36000|cp_on_chip_1=37000|G3D=35000|cp_on_chip_2=37000|cp_on_chip_3=35000|cp_on_chip_4=35000|rf2_therm=33000|rf1_therm=34000|ISP=34000|TPU=35000|AUR=34000|rfpa_therm=30503|quiet_therm=31104|charging_therm=32729|,BIG=36000|MID=36000|usb_pwr_therm=29346|btmspkr_therm=29346|disp_therm=29324|north_therm=29591|soc_therm=32618|battery=29500|battery_cycle=5|dc-mains=33500|usbc-therm-adc=335|max77779fg=29500|LITTLE=36000|soc=9|smpl_gm=0|vdroop1=0|batoilo=0|batoilo2=0|batt_vs=29494|mdis_morepower=0|thb_hda=51|cp_on_chip_0=36000|cp_on_chip_1=37000|G3D=35000|cp_on_chip_2=37000|cp_on_chip_3=35000|cp_on_chip_4=35000|rf2_therm=33000|rf1_therm=34000|ISP=34000|TPU=35000|AUR=35000|rfpa_therm=30526|quiet_therm=31149|charging_therm=32796|,ok,39000,37000,0,37000,1,batched,untouched,4096,1024,19,1,4109,0,855,0,4,4,ok
1,6,protected,4,648000,578000,37000,38000,BIG=36000|MID=36000|usb_pwr_therm=29346|btmspkr_therm=29346|disp_therm=29324|north_therm=29591|soc_therm=32618|battery=29500|battery_cycle=5|dc-mains=33500|usbc-therm-adc=335|max77779fg=29500|LITTLE=36000|soc=9|smpl_gm=0|vdroop1=0|batoilo=0|batoilo2=0|batt_vs=29493|mdis_morepower=0|thb_hda=51|cp_on_chip_0=36000|cp_on_chip_1=37000|G3D=35000|cp_on_chip_2=37000|cp_on_chip_3=35000|cp_on_chip_4=35000|rf2_therm=33000|rf1_therm=34000|ISP=34000|TPU=35000|AUR=34000|rfpa_therm=30503|quiet_therm=31104|charging_therm=32729|,BIG=36000|MID=36000|usb_pwr_therm=29346|btmspkr_therm=29346|disp_therm=29324|north_therm=29591|soc_therm=32618|battery=29500|battery_cycle=5|dc-mains=33500|usbc-therm-adc=335|max77779fg=29500|LITTLE=36000|soc=9|smpl_gm=0|vdroop1=0|batoilo=0|batoilo2=0|batt_vs=29494|mdis_morepower=0|thb_hda=51|cp_on_chip_0=36000|cp_on_chip_1=37000|G3D=35000|cp_on_chip_2=37000|cp_on_chip_3=35000|cp_on_chip_4=35000|rf2_therm=33000|rf1_therm=34000|ISP=34000|TPU=35000|AUR=35000|rfpa_therm=30526|quiet_therm=31149|charging_therm=32796|,ok,39000,37000,0,37000,1,batched,untouched,4096,1024,20,1,4801,0,855,0,4,4,ok
1,6,protected,4,648000,578000,37000,38000,BIG=36000|MID=36000|usb_pwr_therm=29346|btmspkr_therm=29346|disp_therm=29324|north_therm=29591|soc_therm=32618|battery=29500|battery_cycle=5|dc-mains=33500|usbc-therm-adc=335|max77779fg=29500|LITTLE=36000|soc=9|smpl_gm=0|vdroop1=0|batoilo=0|batoilo2=0|batt_vs=29493|mdis_morepower=0|thb_hda=51|cp_on_chip_0=36000|cp_on_chip_1=37000|G3D=35000|cp_on_chip_2=37000|cp_on_chip_3=35000|cp_on_chip_4=35000|rf2_therm=33000|rf1_therm=34000|ISP=34000|TPU=35000|AUR=34000|rfpa_therm=30503|quiet_therm=31104|charging_therm=32729|,BIG=36000|MID=36000|usb_pwr_therm=29346|btmspkr_therm=29346|disp_therm=29324|north_therm=29591|soc_therm=32618|battery=29500|battery_cycle=5|dc-mains=33500|usbc-therm-adc=335|max77779fg=29500|LITTLE=36000|soc=9|smpl_gm=0|vdroop1=0|batoilo=0|batoilo2=0|batt_vs=29494|mdis_morepower=0|thb_hda=51|cp_on_chip_0=36000|cp_on_chip_1=37000|G3D=35000|cp_on_chip_2=37000|cp_on_chip_3=35000|cp_on_chip_4=35000|rf2_therm=33000|rf1_therm=34000|ISP=34000|TPU=35000|AUR=35000|rfpa_therm=30526|quiet_therm=31149|charging_therm=32796|,ok,39000,37000,0,37000,1,batched,untouched,4096,1024,21,1,5005,0,814,0,4,4,ok
1,6,protected,4,648000,578000,37000,38000,BIG=36000|MID=36000|usb_pwr_therm=29346|btmspkr_therm=29346|disp_therm=29324|north_therm=29591|soc_therm=32618|battery=29500|battery_cycle=5|dc-mains=33500|usbc-therm-adc=335|max77779fg=29500|LITTLE=36000|soc=9|smpl_gm=0|vdroop1=0|batoilo=0|batoilo2=0|batt_vs=29493|mdis_morepower=0|thb_hda=51|cp_on_chip_0=36000|cp_on_chip_1=37000|G3D=35000|cp_on_chip_2=37000|cp_on_chip_3=35000|cp_on_chip_4=35000|rf2_therm=33000|rf1_therm=34000|ISP=34000|TPU=35000|AUR=34000|rfpa_therm=30503|quiet_therm=31104|charging_therm=32729|,BIG=36000|MID=36000|usb_pwr_therm=29346|btmspkr_therm=29346|disp_therm=29324|north_therm=29591|soc_therm=32618|battery=29500|battery_cycle=5|dc-mains=33500|usbc-therm-adc=335|max77779fg=29500|LITTLE=36000|soc=9|smpl_gm=0|vdroop1=0|batoilo=0|batoilo2=0|batt_vs=29494|mdis_morepower=0|thb_hda=51|cp_on_chip_0=36000|cp_on_chip_1=37000|G3D=35000|cp_on_chip_2=37000|cp_on_chip_3=35000|cp_on_chip_4=35000|rf2_therm=33000|rf1_therm=34000|ISP=34000|TPU=35000|AUR=35000|rfpa_therm=30526|quiet_therm=31149|charging_therm=32796|,ok,39000,37000,0,37000,1,batched,untouched,4096,1024,22,1,5412,0,854,0,4,4,ok
1,6,protected,4,648000,578000,37000,38000,BIG=36000|MID=36000|usb_pwr_therm=29346|btmspkr_therm=29346|disp_therm=29324|north_therm=29591|soc_therm=32618|battery=29500|battery_cycle=5|dc-mains=33500|usbc-therm-adc=335|max77779fg=29500|LITTLE=36000|soc=9|smpl_gm=0|vdroop1=0|batoilo=0|batoilo2=0|batt_vs=29493|mdis_morepower=0|thb_hda=51|cp_on_chip_0=36000|cp_on_chip_1=37000|G3D=35000|cp_on_chip_2=37000|cp_on_chip_3=35000|cp_on_chip_4=35000|rf2_therm=33000|rf1_therm=34000|ISP=34000|TPU=35000|AUR=34000|rfpa_therm=30503|quiet_therm=31104|charging_therm=32729|,BIG=36000|MID=36000|usb_pwr_therm=29346|btmspkr_therm=29346|disp_therm=29324|north_therm=29591|soc_therm=32618|battery=29500|battery_cycle=5|dc-mains=33500|usbc-therm-adc=335|max77779fg=29500|LITTLE=36000|soc=9|smpl_gm=0|vdroop1=0|batoilo=0|batoilo2=0|batt_vs=29494|mdis_morepower=0|thb_hda=51|cp_on_chip_0=36000|cp_on_chip_1=37000|G3D=35000|cp_on_chip_2=37000|cp_on_chip_3=35000|cp_on_chip_4=35000|rf2_therm=33000|rf1_therm=34000|ISP=34000|TPU=35000|AUR=35000|rfpa_therm=30526|quiet_therm=31149|charging_therm=32796|,ok,39000,37000,0,37000,1,batched,untouched,4096,1024,23,1,3133,0,855,0,4,4,ok
1,6,protected,4,648000,578000,37000,38000,BIG=36000|MID=36000|usb_pwr_therm=29346|btmspkr_therm=29346|disp_therm=29324|north_therm=29591|soc_therm=32618|battery=29500|battery_cycle=5|dc-mains=33500|usbc-therm-adc=335|max77779fg=29500|LITTLE=36000|soc=9|smpl_gm=0|vdroop1=0|batoilo=0|batoilo2=0|batt_vs=29493|mdis_morepower=0|thb_hda=51|cp_on_chip_0=36000|cp_on_chip_1=37000|G3D=35000|cp_on_chip_2=37000|cp_on_chip_3=35000|cp_on_chip_4=35000|rf2_therm=33000|rf1_therm=34000|ISP=34000|TPU=35000|AUR=34000|rfpa_therm=30503|quiet_therm=31104|charging_therm=32729|,BIG=36000|MID=36000|usb_pwr_therm=29346|btmspkr_therm=29346|disp_therm=29324|north_therm=29591|soc_therm=32618|battery=29500|battery_cycle=5|dc-mains=33500|usbc-therm-adc=335|max77779fg=29500|LITTLE=36000|soc=9|smpl_gm=0|vdroop1=0|batoilo=0|batoilo2=0|batt_vs=29494|mdis_morepower=0|thb_hda=51|cp_on_chip_0=36000|cp_on_chip_1=37000|G3D=35000|cp_on_chip_2=37000|cp_on_chip_3=35000|cp_on_chip_4=35000|rf2_therm=33000|rf1_therm=34000|ISP=34000|TPU=35000|AUR=35000|rfpa_therm=30526|quiet_therm=31149|charging_therm=32796|,ok,39000,37000,0,37000,1,batched,untouched,4096,1024,24,1,3662,0,854,0,4,4,ok
1,6,protected,4,648000,578000,37000,38000,BIG=36000|MID=36000|usb_pwr_therm=29346|btmspkr_therm=29346|disp_therm=29324|north_therm=29591|soc_therm=32618|battery=29500|battery_cycle=5|dc-mains=33500|usbc-therm-adc=335|max77779fg=29500|LITTLE=36000|soc=9|smpl_gm=0|vdroop1=0|batoilo=0|batoilo2=0|batt_vs=29493|mdis_morepower=0|thb_hda=51|cp_on_chip_0=36000|cp_on_chip_1=37000|G3D=35000|cp_on_chip_2=37000|cp_on_chip_3=35000|cp_on_chip_4=35000|rf2_therm=33000|rf1_therm=34000|ISP=34000|TPU=35000|AUR=34000|rfpa_therm=30503|quiet_therm=31104|charging_therm=32729|,BIG=36000|MID=36000|usb_pwr_therm=29346|btmspkr_therm=29346|disp_therm=29324|north_therm=29591|soc_therm=32618|battery=29500|battery_cycle=5|dc-mains=33500|usbc-therm-adc=335|max77779fg=29500|LITTLE=36000|soc=9|smpl_gm=0|vdroop1=0|batoilo=0|batoilo2=0|batt_vs=29494|mdis_morepower=0|thb_hda=51|cp_on_chip_0=36000|cp_on_chip_1=37000|G3D=35000|cp_on_chip_2=37000|cp_on_chip_3=35000|cp_on_chip_4=35000|rf2_therm=33000|rf1_therm=34000|ISP=34000|TPU=35000|AUR=35000|rfpa_therm=30526|quiet_therm=31149|charging_therm=32796|,ok,39000,37000,0,37000,1,batched,untouched,4096,1024,25,1,6510,0,855,0,4,4,ok
1,6,protected,4,648000,578000,37000,38000,BIG=36000|MID=36000|usb_pwr_therm=29346|btmspkr_therm=29346|disp_therm=29324|north_therm=29591|soc_therm=32618|battery=29500|battery_cycle=5|dc-mains=33500|usbc-therm-adc=335|max77779fg=29500|LITTLE=36000|soc=9|smpl_gm=0|vdroop1=0|batoilo=0|batoilo2=0|batt_vs=29493|mdis_morepower=0|thb_hda=51|cp_on_chip_0=36000|cp_on_chip_1=37000|G3D=35000|cp_on_chip_2=37000|cp_on_chip_3=35000|cp_on_chip_4=35000|rf2_therm=33000|rf1_therm=34000|ISP=34000|TPU=35000|AUR=34000|rfpa_therm=30503|quiet_therm=31104|charging_therm=32729|,BIG=36000|MID=36000|usb_pwr_therm=29346|btmspkr_therm=29346|disp_therm=29324|north_therm=29591|soc_therm=32618|battery=29500|battery_cycle=5|dc-mains=33500|usbc-therm-adc=335|max77779fg=29500|LITTLE=36000|soc=9|smpl_gm=0|vdroop1=0|batoilo=0|batoilo2=0|batt_vs=29494|mdis_morepower=0|thb_hda=51|cp_on_chip_0=36000|cp_on_chip_1=37000|G3D=35000|cp_on_chip_2=37000|cp_on_chip_3=35000|cp_on_chip_4=35000|rf2_therm=33000|rf1_therm=34000|ISP=34000|TPU=35000|AUR=35000|rfpa_therm=30526|quiet_therm=31149|charging_therm=32796|,ok,39000,37000,0,37000,1,batched,untouched,4096,1024,26,1,5778,0,813,0,4,4,ok
1,6,protected,4,648000,578000,37000,38000,BIG=36000|MID=36000|usb_pwr_therm=29346|btmspkr_therm=29346|disp_therm=29324|north_therm=29591|soc_therm=32618|battery=29500|battery_cycle=5|dc-mains=33500|usbc-therm-adc=335|max77779fg=29500|LITTLE=36000|soc=9|smpl_gm=0|vdroop1=0|batoilo=0|batoilo2=0|batt_vs=29493|mdis_morepower=0|thb_hda=51|cp_on_chip_0=36000|cp_on_chip_1=37000|G3D=35000|cp_on_chip_2=37000|cp_on_chip_3=35000|cp_on_chip_4=35000|rf2_therm=33000|rf1_therm=34000|ISP=34000|TPU=35000|AUR=34000|rfpa_therm=30503|quiet_therm=31104|charging_therm=32729|,BIG=36000|MID=36000|usb_pwr_therm=29346|btmspkr_therm=29346|disp_therm=29324|north_therm=29591|soc_therm=32618|battery=29500|battery_cycle=5|dc-mains=33500|usbc-therm-adc=335|max77779fg=29500|LITTLE=36000|soc=9|smpl_gm=0|vdroop1=0|batoilo=0|batoilo2=0|batt_vs=29494|mdis_morepower=0|thb_hda=51|cp_on_chip_0=36000|cp_on_chip_1=37000|G3D=35000|cp_on_chip_2=37000|cp_on_chip_3=35000|cp_on_chip_4=35000|rf2_therm=33000|rf1_therm=34000|ISP=34000|TPU=35000|AUR=35000|rfpa_therm=30526|quiet_therm=31149|charging_therm=32796|,ok,39000,37000,0,37000,1,batched,untouched,4096,1024,27,1,7202,0,855,0,4,4,ok
1,6,protected,4,648000,578000,37000,38000,BIG=36000|MID=36000|usb_pwr_therm=29346|btmspkr_therm=29346|disp_therm=29324|north_therm=29591|soc_therm=32618|battery=29500|battery_cycle=5|dc-mains=33500|usbc-therm-adc=335|max77779fg=29500|LITTLE=36000|soc=9|smpl_gm=0|vdroop1=0|batoilo=0|batoilo2=0|batt_vs=29493|mdis_morepower=0|thb_hda=51|cp_on_chip_0=36000|cp_on_chip_1=37000|G3D=35000|cp_on_chip_2=37000|cp_on_chip_3=35000|cp_on_chip_4=35000|rf2_therm=33000|rf1_therm=34000|ISP=34000|TPU=35000|AUR=34000|rfpa_therm=30503|quiet_therm=31104|charging_therm=32729|,BIG=36000|MID=36000|usb_pwr_therm=29346|btmspkr_therm=29346|disp_therm=29324|north_therm=29591|soc_therm=32618|battery=29500|battery_cycle=5|dc-mains=33500|usbc-therm-adc=335|max77779fg=29500|LITTLE=36000|soc=9|smpl_gm=0|vdroop1=0|batoilo=0|batoilo2=0|batt_vs=29494|mdis_morepower=0|thb_hda=51|cp_on_chip_0=36000|cp_on_chip_1=37000|G3D=35000|cp_on_chip_2=37000|cp_on_chip_3=35000|cp_on_chip_4=35000|rf2_therm=33000|rf1_therm=34000|ISP=34000|TPU=35000|AUR=35000|rfpa_therm=30526|quiet_therm=31149|charging_therm=32796|,ok,39000,37000,0,37000,1,batched,untouched,4096,1024,28,1,5452,0,895,0,4,4,ok
1,6,protected,4,648000,578000,37000,38000,BIG=36000|MID=36000|usb_pwr_therm=29346|btmspkr_therm=29346|disp_therm=29324|north_therm=29591|soc_therm=32618|battery=29500|battery_cycle=5|dc-mains=33500|usbc-therm-adc=335|max77779fg=29500|LITTLE=36000|soc=9|smpl_gm=0|vdroop1=0|batoilo=0|batoilo2=0|batt_vs=29493|mdis_morepower=0|thb_hda=51|cp_on_chip_0=36000|cp_on_chip_1=37000|G3D=35000|cp_on_chip_2=37000|cp_on_chip_3=35000|cp_on_chip_4=35000|rf2_therm=33000|rf1_therm=34000|ISP=34000|TPU=35000|AUR=34000|rfpa_therm=30503|quiet_therm=31104|charging_therm=32729|,BIG=36000|MID=36000|usb_pwr_therm=29346|btmspkr_therm=29346|disp_therm=29324|north_therm=29591|soc_therm=32618|battery=29500|battery_cycle=5|dc-mains=33500|usbc-therm-adc=335|max77779fg=29500|LITTLE=36000|soc=9|smpl_gm=0|vdroop1=0|batoilo=0|batoilo2=0|batt_vs=29494|mdis_morepower=0|thb_hda=51|cp_on_chip_0=36000|cp_on_chip_1=37000|G3D=35000|cp_on_chip_2=37000|cp_on_chip_3=35000|cp_on_chip_4=35000|rf2_therm=33000|rf1_therm=34000|ISP=34000|TPU=35000|AUR=35000|rfpa_therm=30526|quiet_therm=31149|charging_therm=32796|,ok,39000,37000,0,37000,1,batched,untouched,4096,1024,29,1,8748,0,854,0,4,4,ok
1,7,protected,4,1065000,578000,37000,38000,BIG=36000|MID=36000|usb_pwr_therm=29368|btmspkr_therm=29346|disp_therm=29346|north_therm=29613|soc_therm=32707|battery=29500|battery_cycle=5|dc-mains=33500|usbc-therm-adc=335|max77779fg=29500|LITTLE=36000|soc=9|smpl_gm=0|vdroop1=0|batoilo=0|batoilo2=0|batt_vs=29493|mdis_morepower=0|thb_hda=51|cp_on_chip_0=36000|cp_on_chip_1=37000|G3D=35000|cp_on_chip_2=37000|cp_on_chip_3=35000|cp_on_chip_4=35000|rf2_therm=33000|rf1_therm=34000|ISP=34000|TPU=35000|AUR=34000|rfpa_therm=30548|quiet_therm=31171|charging_therm=32863|,BIG=36000|MID=37000|usb_pwr_therm=29390|btmspkr_therm=29368|disp_therm=29346|north_therm=29613|soc_therm=32774|battery=29500|battery_cycle=5|dc-mains=33500|usbc-therm-adc=335|max77779fg=29500|LITTLE=36000|soc=9|smpl_gm=0|vdroop1=0|batoilo=0|batoilo2=0|batt_vs=29493|mdis_morepower=0|thb_hda=51|cp_on_chip_0=36000|cp_on_chip_1=37000|G3D=35000|cp_on_chip_2=37000|cp_on_chip_3=35000|cp_on_chip_4=35000|rf2_therm=33000|rf1_therm=34000|ISP=34000|TPU=35000|AUR=35000|rfpa_therm=30548|quiet_therm=31171|charging_therm=32863|,ok,39000,37000,0,37000,1,single,untouched,4096,512,0,512,40039,0,661987,0,4,4,ok
1,7,protected,4,1065000,578000,37000,38000,BIG=36000|MID=36000|usb_pwr_therm=29368|btmspkr_therm=29346|disp_therm=29346|north_therm=29613|soc_therm=32707|battery=29500|battery_cycle=5|dc-mains=33500|usbc-therm-adc=335|max77779fg=29500|LITTLE=36000|soc=9|smpl_gm=0|vdroop1=0|batoilo=0|batoilo2=0|batt_vs=29493|mdis_morepower=0|thb_hda=51|cp_on_chip_0=36000|cp_on_chip_1=37000|G3D=35000|cp_on_chip_2=37000|cp_on_chip_3=35000|cp_on_chip_4=35000|rf2_therm=33000|rf1_therm=34000|ISP=34000|TPU=35000|AUR=34000|rfpa_therm=30548|quiet_therm=31171|charging_therm=32863|,BIG=36000|MID=37000|usb_pwr_therm=29390|btmspkr_therm=29368|disp_therm=29346|north_therm=29613|soc_therm=32774|battery=29500|battery_cycle=5|dc-mains=33500|usbc-therm-adc=335|max77779fg=29500|LITTLE=36000|soc=9|smpl_gm=0|vdroop1=0|batoilo=0|batoilo2=0|batt_vs=29493|mdis_morepower=0|thb_hda=51|cp_on_chip_0=36000|cp_on_chip_1=37000|G3D=35000|cp_on_chip_2=37000|cp_on_chip_3=35000|cp_on_chip_4=35000|rf2_therm=33000|rf1_therm=34000|ISP=34000|TPU=35000|AUR=35000|rfpa_therm=30548|quiet_therm=31171|charging_therm=32863|,ok,39000,37000,0,37000,1,single,untouched,4096,512,1,512,13427,0,636800,0,4,4,ok
1,7,protected,4,1065000,578000,37000,38000,BIG=36000|MID=36000|usb_pwr_therm=29368|btmspkr_therm=29346|disp_therm=29346|north_therm=29613|soc_therm=32707|battery=29500|battery_cycle=5|dc-mains=33500|usbc-therm-adc=335|max77779fg=29500|LITTLE=36000|soc=9|smpl_gm=0|vdroop1=0|batoilo=0|batoilo2=0|batt_vs=29493|mdis_morepower=0|thb_hda=51|cp_on_chip_0=36000|cp_on_chip_1=37000|G3D=35000|cp_on_chip_2=37000|cp_on_chip_3=35000|cp_on_chip_4=35000|rf2_therm=33000|rf1_therm=34000|ISP=34000|TPU=35000|AUR=34000|rfpa_therm=30548|quiet_therm=31171|charging_therm=32863|,BIG=36000|MID=37000|usb_pwr_therm=29390|btmspkr_therm=29368|disp_therm=29346|north_therm=29613|soc_therm=32774|battery=29500|battery_cycle=5|dc-mains=33500|usbc-therm-adc=335|max77779fg=29500|LITTLE=36000|soc=9|smpl_gm=0|vdroop1=0|batoilo=0|batoilo2=0|batt_vs=29493|mdis_morepower=0|thb_hda=51|cp_on_chip_0=36000|cp_on_chip_1=37000|G3D=35000|cp_on_chip_2=37000|cp_on_chip_3=35000|cp_on_chip_4=35000|rf2_therm=33000|rf1_therm=34000|ISP=34000|TPU=35000|AUR=35000|rfpa_therm=30548|quiet_therm=31171|charging_therm=32863|,ok,39000,37000,0,37000,1,single,untouched,4096,512,2,512,31413,0,710572,0,4,4,ok
1,7,protected,4,1065000,578000,37000,38000,BIG=36000|MID=36000|usb_pwr_therm=29368|btmspkr_therm=29346|disp_therm=29346|north_therm=29613|soc_therm=32707|battery=29500|battery_cycle=5|dc-mains=33500|usbc-therm-adc=335|max77779fg=29500|LITTLE=36000|soc=9|smpl_gm=0|vdroop1=0|batoilo=0|batoilo2=0|batt_vs=29493|mdis_morepower=0|thb_hda=51|cp_on_chip_0=36000|cp_on_chip_1=37000|G3D=35000|cp_on_chip_2=37000|cp_on_chip_3=35000|cp_on_chip_4=35000|rf2_therm=33000|rf1_therm=34000|ISP=34000|TPU=35000|AUR=34000|rfpa_therm=30548|quiet_therm=31171|charging_therm=32863|,BIG=36000|MID=37000|usb_pwr_therm=29390|btmspkr_therm=29368|disp_therm=29346|north_therm=29613|soc_therm=32774|battery=29500|battery_cycle=5|dc-mains=33500|usbc-therm-adc=335|max77779fg=29500|LITTLE=36000|soc=9|smpl_gm=0|vdroop1=0|batoilo=0|batoilo2=0|batt_vs=29493|mdis_morepower=0|thb_hda=51|cp_on_chip_0=36000|cp_on_chip_1=37000|G3D=35000|cp_on_chip_2=37000|cp_on_chip_3=35000|cp_on_chip_4=35000|rf2_therm=33000|rf1_therm=34000|ISP=34000|TPU=35000|AUR=35000|rfpa_therm=30548|quiet_therm=31171|charging_therm=32863|,ok,39000,37000,0,37000,1,single,untouched,4096,512,3,512,23193,0,636433,0,4,4,ok
1,7,protected,4,1065000,578000,37000,38000,BIG=36000|MID=36000|usb_pwr_therm=29368|btmspkr_therm=29346|disp_therm=29346|north_therm=29613|soc_therm=32707|battery=29500|battery_cycle=5|dc-mains=33500|usbc-therm-adc=335|max77779fg=29500|LITTLE=36000|soc=9|smpl_gm=0|vdroop1=0|batoilo=0|batoilo2=0|batt_vs=29493|mdis_morepower=0|thb_hda=51|cp_on_chip_0=36000|cp_on_chip_1=37000|G3D=35000|cp_on_chip_2=37000|cp_on_chip_3=35000|cp_on_chip_4=35000|rf2_therm=33000|rf1_therm=34000|ISP=34000|TPU=35000|AUR=34000|rfpa_therm=30548|quiet_therm=31171|charging_therm=32863|,BIG=36000|MID=37000|usb_pwr_therm=29390|btmspkr_therm=29368|disp_therm=29346|north_therm=29613|soc_therm=32774|battery=29500|battery_cycle=5|dc-mains=33500|usbc-therm-adc=335|max77779fg=29500|LITTLE=36000|soc=9|smpl_gm=0|vdroop1=0|batoilo=0|batoilo2=0|batt_vs=29493|mdis_morepower=0|thb_hda=51|cp_on_chip_0=36000|cp_on_chip_1=37000|G3D=35000|cp_on_chip_2=37000|cp_on_chip_3=35000|cp_on_chip_4=35000|rf2_therm=33000|rf1_therm=34000|ISP=34000|TPU=35000|AUR=35000|rfpa_therm=30548|quiet_therm=31171|charging_therm=32863|,ok,39000,37000,0,37000,1,single,untouched,4096,512,4,512,38086,0,636597,0,4,4,ok
1,7,protected,4,1065000,578000,37000,38000,BIG=36000|MID=36000|usb_pwr_therm=29368|btmspkr_therm=29346|disp_therm=29346|north_therm=29613|soc_therm=32707|battery=29500|battery_cycle=5|dc-mains=33500|usbc-therm-adc=335|max77779fg=29500|LITTLE=36000|soc=9|smpl_gm=0|vdroop1=0|batoilo=0|batoilo2=0|batt_vs=29493|mdis_morepower=0|thb_hda=51|cp_on_chip_0=36000|cp_on_chip_1=37000|G3D=35000|cp_on_chip_2=37000|cp_on_chip_3=35000|cp_on_chip_4=35000|rf2_therm=33000|rf1_therm=34000|ISP=34000|TPU=35000|AUR=34000|rfpa_therm=30548|quiet_therm=31171|charging_therm=32863|,BIG=36000|MID=37000|usb_pwr_therm=29390|btmspkr_therm=29368|disp_therm=29346|north_therm=29613|soc_therm=32774|battery=29500|battery_cycle=5|dc-mains=33500|usbc-therm-adc=335|max77779fg=29500|LITTLE=36000|soc=9|smpl_gm=0|vdroop1=0|batoilo=0|batoilo2=0|batt_vs=29493|mdis_morepower=0|thb_hda=51|cp_on_chip_0=36000|cp_on_chip_1=37000|G3D=35000|cp_on_chip_2=37000|cp_on_chip_3=35000|cp_on_chip_4=35000|rf2_therm=33000|rf1_therm=34000|ISP=34000|TPU=35000|AUR=35000|rfpa_therm=30548|quiet_therm=31171|charging_therm=32863|,ok,39000,37000,0,37000,1,single,untouched,4096,512,5,512,39470,0,636434,0,4,4,ok
1,7,protected,4,1065000,578000,37000,38000,BIG=36000|MID=36000|usb_pwr_therm=29368|btmspkr_therm=29346|disp_therm=29346|north_therm=29613|soc_therm=32707|battery=29500|battery_cycle=5|dc-mains=33500|usbc-therm-adc=335|max77779fg=29500|LITTLE=36000|soc=9|smpl_gm=0|vdroop1=0|batoilo=0|batoilo2=0|batt_vs=29493|mdis_morepower=0|thb_hda=51|cp_on_chip_0=36000|cp_on_chip_1=37000|G3D=35000|cp_on_chip_2=37000|cp_on_chip_3=35000|cp_on_chip_4=35000|rf2_therm=33000|rf1_therm=34000|ISP=34000|TPU=35000|AUR=34000|rfpa_therm=30548|quiet_therm=31171|charging_therm=32863|,BIG=36000|MID=37000|usb_pwr_therm=29390|btmspkr_therm=29368|disp_therm=29346|north_therm=29613|soc_therm=32774|battery=29500|battery_cycle=5|dc-mains=33500|usbc-therm-adc=335|max77779fg=29500|LITTLE=36000|soc=9|smpl_gm=0|vdroop1=0|batoilo=0|batoilo2=0|batt_vs=29493|mdis_morepower=0|thb_hda=51|cp_on_chip_0=36000|cp_on_chip_1=37000|G3D=35000|cp_on_chip_2=37000|cp_on_chip_3=35000|cp_on_chip_4=35000|rf2_therm=33000|rf1_therm=34000|ISP=34000|TPU=35000|AUR=35000|rfpa_therm=30548|quiet_therm=31171|charging_therm=32863|,ok,39000,37000,0,37000,1,single,untouched,4096,512,6,512,39306,0,636515,0,4,4,ok
1,7,protected,4,1065000,578000,37000,38000,BIG=36000|MID=36000|usb_pwr_therm=29368|btmspkr_therm=29346|disp_therm=29346|north_therm=29613|soc_therm=32707|battery=29500|battery_cycle=5|dc-mains=33500|usbc-therm-adc=335|max77779fg=29500|LITTLE=36000|soc=9|smpl_gm=0|vdroop1=0|batoilo=0|batoilo2=0|batt_vs=29493|mdis_morepower=0|thb_hda=51|cp_on_chip_0=36000|cp_on_chip_1=37000|G3D=35000|cp_on_chip_2=37000|cp_on_chip_3=35000|cp_on_chip_4=35000|rf2_therm=33000|rf1_therm=34000|ISP=34000|TPU=35000|AUR=34000|rfpa_therm=30548|quiet_therm=31171|charging_therm=32863|,BIG=36000|MID=37000|usb_pwr_therm=29390|btmspkr_therm=29368|disp_therm=29346|north_therm=29613|soc_therm=32774|battery=29500|battery_cycle=5|dc-mains=33500|usbc-therm-adc=335|max77779fg=29500|LITTLE=36000|soc=9|smpl_gm=0|vdroop1=0|batoilo=0|batoilo2=0|batt_vs=29493|mdis_morepower=0|thb_hda=51|cp_on_chip_0=36000|cp_on_chip_1=37000|G3D=35000|cp_on_chip_2=37000|cp_on_chip_3=35000|cp_on_chip_4=35000|rf2_therm=33000|rf1_therm=34000|ISP=34000|TPU=35000|AUR=35000|rfpa_therm=30548|quiet_therm=31171|charging_therm=32863|,ok,39000,37000,0,37000,1,single,untouched,4096,512,7,512,40283,0,705160,0,4,4,ok
1,7,protected,4,1065000,578000,37000,38000,BIG=36000|MID=36000|usb_pwr_therm=29368|btmspkr_therm=29346|disp_therm=29346|north_therm=29613|soc_therm=32707|battery=29500|battery_cycle=5|dc-mains=33500|usbc-therm-adc=335|max77779fg=29500|LITTLE=36000|soc=9|smpl_gm=0|vdroop1=0|batoilo=0|batoilo2=0|batt_vs=29493|mdis_morepower=0|thb_hda=51|cp_on_chip_0=36000|cp_on_chip_1=37000|G3D=35000|cp_on_chip_2=37000|cp_on_chip_3=35000|cp_on_chip_4=35000|rf2_therm=33000|rf1_therm=34000|ISP=34000|TPU=35000|AUR=34000|rfpa_therm=30548|quiet_therm=31171|charging_therm=32863|,BIG=36000|MID=37000|usb_pwr_therm=29390|btmspkr_therm=29368|disp_therm=29346|north_therm=29613|soc_therm=32774|battery=29500|battery_cycle=5|dc-mains=33500|usbc-therm-adc=335|max77779fg=29500|LITTLE=36000|soc=9|smpl_gm=0|vdroop1=0|batoilo=0|batoilo2=0|batt_vs=29493|mdis_morepower=0|thb_hda=51|cp_on_chip_0=36000|cp_on_chip_1=37000|G3D=35000|cp_on_chip_2=37000|cp_on_chip_3=35000|cp_on_chip_4=35000|rf2_therm=33000|rf1_therm=34000|ISP=34000|TPU=35000|AUR=35000|rfpa_therm=30548|quiet_therm=31171|charging_therm=32863|,ok,39000,37000,0,37000,1,single,untouched,4096,512,8,512,10254,0,627482,0,4,4,ok
1,7,protected,4,1065000,578000,37000,38000,BIG=36000|MID=36000|usb_pwr_therm=29368|btmspkr_therm=29346|disp_therm=29346|north_therm=29613|soc_therm=32707|battery=29500|battery_cycle=5|dc-mains=33500|usbc-therm-adc=335|max77779fg=29500|LITTLE=36000|soc=9|smpl_gm=0|vdroop1=0|batoilo=0|batoilo2=0|batt_vs=29493|mdis_morepower=0|thb_hda=51|cp_on_chip_0=36000|cp_on_chip_1=37000|G3D=35000|cp_on_chip_2=37000|cp_on_chip_3=35000|cp_on_chip_4=35000|rf2_therm=33000|rf1_therm=34000|ISP=34000|TPU=35000|AUR=34000|rfpa_therm=30548|quiet_therm=31171|charging_therm=32863|,BIG=36000|MID=37000|usb_pwr_therm=29390|btmspkr_therm=29368|disp_therm=29346|north_therm=29613|soc_therm=32774|battery=29500|battery_cycle=5|dc-mains=33500|usbc-therm-adc=335|max77779fg=29500|LITTLE=36000|soc=9|smpl_gm=0|vdroop1=0|batoilo=0|batoilo2=0|batt_vs=29493|mdis_morepower=0|thb_hda=51|cp_on_chip_0=36000|cp_on_chip_1=37000|G3D=35000|cp_on_chip_2=37000|cp_on_chip_3=35000|cp_on_chip_4=35000|rf2_therm=33000|rf1_therm=34000|ISP=34000|TPU=35000|AUR=35000|rfpa_therm=30548|quiet_therm=31171|charging_therm=32863|,ok,39000,37000,0,37000,1,single,untouched,4096,512,9,512,6958,0,543294,0,4,4,ok
1,7,protected,4,1065000,578000,37000,38000,BIG=36000|MID=36000|usb_pwr_therm=29368|btmspkr_therm=29346|disp_therm=29346|north_therm=29613|soc_therm=32707|battery=29500|battery_cycle=5|dc-mains=33500|usbc-therm-adc=335|max77779fg=29500|LITTLE=36000|soc=9|smpl_gm=0|vdroop1=0|batoilo=0|batoilo2=0|batt_vs=29493|mdis_morepower=0|thb_hda=51|cp_on_chip_0=36000|cp_on_chip_1=37000|G3D=35000|cp_on_chip_2=37000|cp_on_chip_3=35000|cp_on_chip_4=35000|rf2_therm=33000|rf1_therm=34000|ISP=34000|TPU=35000|AUR=34000|rfpa_therm=30548|quiet_therm=31171|charging_therm=32863|,BIG=36000|MID=37000|usb_pwr_therm=29390|btmspkr_therm=29368|disp_therm=29346|north_therm=29613|soc_therm=32774|battery=29500|battery_cycle=5|dc-mains=33500|usbc-therm-adc=335|max77779fg=29500|LITTLE=36000|soc=9|smpl_gm=0|vdroop1=0|batoilo=0|batoilo2=0|batt_vs=29493|mdis_morepower=0|thb_hda=51|cp_on_chip_0=36000|cp_on_chip_1=37000|G3D=35000|cp_on_chip_2=37000|cp_on_chip_3=35000|cp_on_chip_4=35000|rf2_therm=33000|rf1_therm=34000|ISP=34000|TPU=35000|AUR=35000|rfpa_therm=30548|quiet_therm=31171|charging_therm=32863|,ok,39000,37000,0,37000,1,single,untouched,4096,512,10,512,30639,0,543986,0,4,4,ok
1,7,protected,4,1065000,578000,37000,38000,BIG=36000|MID=36000|usb_pwr_therm=29368|btmspkr_therm=29346|disp_therm=29346|north_therm=29613|soc_therm=32707|battery=29500|battery_cycle=5|dc-mains=33500|usbc-therm-adc=335|max77779fg=29500|LITTLE=36000|soc=9|smpl_gm=0|vdroop1=0|batoilo=0|batoilo2=0|batt_vs=29493|mdis_morepower=0|thb_hda=51|cp_on_chip_0=36000|cp_on_chip_1=37000|G3D=35000|cp_on_chip_2=37000|cp_on_chip_3=35000|cp_on_chip_4=35000|rf2_therm=33000|rf1_therm=34000|ISP=34000|TPU=35000|AUR=34000|rfpa_therm=30548|quiet_therm=31171|charging_therm=32863|,BIG=36000|MID=37000|usb_pwr_therm=29390|btmspkr_therm=29368|disp_therm=29346|north_therm=29613|soc_therm=32774|battery=29500|battery_cycle=5|dc-mains=33500|usbc-therm-adc=335|max77779fg=29500|LITTLE=36000|soc=9|smpl_gm=0|vdroop1=0|batoilo=0|batoilo2=0|batt_vs=29493|mdis_morepower=0|thb_hda=51|cp_on_chip_0=36000|cp_on_chip_1=37000|G3D=35000|cp_on_chip_2=37000|cp_on_chip_3=35000|cp_on_chip_4=35000|rf2_therm=33000|rf1_therm=34000|ISP=34000|TPU=35000|AUR=35000|rfpa_therm=30548|quiet_therm=31171|charging_therm=32863|,ok,39000,37000,0,37000,1,single,untouched,4096,512,11,512,36824,0,543213,0,4,4,ok
1,7,protected,4,1065000,578000,37000,38000,BIG=36000|MID=36000|usb_pwr_therm=29368|btmspkr_therm=29346|disp_therm=29346|north_therm=29613|soc_therm=32707|battery=29500|battery_cycle=5|dc-mains=33500|usbc-therm-adc=335|max77779fg=29500|LITTLE=36000|soc=9|smpl_gm=0|vdroop1=0|batoilo=0|batoilo2=0|batt_vs=29493|mdis_morepower=0|thb_hda=51|cp_on_chip_0=36000|cp_on_chip_1=37000|G3D=35000|cp_on_chip_2=37000|cp_on_chip_3=35000|cp_on_chip_4=35000|rf2_therm=33000|rf1_therm=34000|ISP=34000|TPU=35000|AUR=34000|rfpa_therm=30548|quiet_therm=31171|charging_therm=32863|,BIG=36000|MID=37000|usb_pwr_therm=29390|btmspkr_therm=29368|disp_therm=29346|north_therm=29613|soc_therm=32774|battery=29500|battery_cycle=5|dc-mains=33500|usbc-therm-adc=335|max77779fg=29500|LITTLE=36000|soc=9|smpl_gm=0|vdroop1=0|batoilo=0|batoilo2=0|batt_vs=29493|mdis_morepower=0|thb_hda=51|cp_on_chip_0=36000|cp_on_chip_1=37000|G3D=35000|cp_on_chip_2=37000|cp_on_chip_3=35000|cp_on_chip_4=35000|rf2_therm=33000|rf1_therm=34000|ISP=34000|TPU=35000|AUR=35000|rfpa_therm=30548|quiet_therm=31171|charging_therm=32863|,ok,39000,37000,0,37000,1,single,untouched,4096,512,12,512,39103,0,543294,0,4,4,ok
1,7,protected,4,1065000,578000,37000,38000,BIG=36000|MID=36000|usb_pwr_therm=29368|btmspkr_therm=29346|disp_therm=29346|north_therm=29613|soc_therm=32707|battery=29500|battery_cycle=5|dc-mains=33500|usbc-therm-adc=335|max77779fg=29500|LITTLE=36000|soc=9|smpl_gm=0|vdroop1=0|batoilo=0|batoilo2=0|batt_vs=29493|mdis_morepower=0|thb_hda=51|cp_on_chip_0=36000|cp_on_chip_1=37000|G3D=35000|cp_on_chip_2=37000|cp_on_chip_3=35000|cp_on_chip_4=35000|rf2_therm=33000|rf1_therm=34000|ISP=34000|TPU=35000|AUR=34000|rfpa_therm=30548|quiet_therm=31171|charging_therm=32863|,BIG=36000|MID=37000|usb_pwr_therm=29390|btmspkr_therm=29368|disp_therm=29346|north_therm=29613|soc_therm=32774|battery=29500|battery_cycle=5|dc-mains=33500|usbc-therm-adc=335|max77779fg=29500|LITTLE=36000|soc=9|smpl_gm=0|vdroop1=0|batoilo=0|batoilo2=0|batt_vs=29493|mdis_morepower=0|thb_hda=51|cp_on_chip_0=36000|cp_on_chip_1=37000|G3D=35000|cp_on_chip_2=37000|cp_on_chip_3=35000|cp_on_chip_4=35000|rf2_therm=33000|rf1_therm=34000|ISP=34000|TPU=35000|AUR=35000|rfpa_therm=30548|quiet_therm=31171|charging_therm=32863|,ok,39000,37000,0,37000,1,single,untouched,4096,512,13,512,7243,0,544841,0,4,4,ok
1,7,protected,4,1065000,578000,37000,38000,BIG=36000|MID=36000|usb_pwr_therm=29368|btmspkr_therm=29346|disp_therm=29346|north_therm=29613|soc_therm=32707|battery=29500|battery_cycle=5|dc-mains=33500|usbc-therm-adc=335|max77779fg=29500|LITTLE=36000|soc=9|smpl_gm=0|vdroop1=0|batoilo=0|batoilo2=0|batt_vs=29493|mdis_morepower=0|thb_hda=51|cp_on_chip_0=36000|cp_on_chip_1=37000|G3D=35000|cp_on_chip_2=37000|cp_on_chip_3=35000|cp_on_chip_4=35000|rf2_therm=33000|rf1_therm=34000|ISP=34000|TPU=35000|AUR=34000|rfpa_therm=30548|quiet_therm=31171|charging_therm=32863|,BIG=36000|MID=37000|usb_pwr_therm=29390|btmspkr_therm=29368|disp_therm=29346|north_therm=29613|soc_therm=32774|battery=29500|battery_cycle=5|dc-mains=33500|usbc-therm-adc=335|max77779fg=29500|LITTLE=36000|soc=9|smpl_gm=0|vdroop1=0|batoilo=0|batoilo2=0|batt_vs=29493|mdis_morepower=0|thb_hda=51|cp_on_chip_0=36000|cp_on_chip_1=37000|G3D=35000|cp_on_chip_2=37000|cp_on_chip_3=35000|cp_on_chip_4=35000|rf2_therm=33000|rf1_therm=34000|ISP=34000|TPU=35000|AUR=35000|rfpa_therm=30548|quiet_therm=31171|charging_therm=32863|,ok,39000,37000,0,37000,1,single,untouched,4096,512,14,512,35482,0,594564,0,4,4,ok
1,7,protected,4,1065000,578000,37000,38000,BIG=36000|MID=36000|usb_pwr_therm=29368|btmspkr_therm=29346|disp_therm=29346|north_therm=29613|soc_therm=32707|battery=29500|battery_cycle=5|dc-mains=33500|usbc-therm-adc=335|max77779fg=29500|LITTLE=36000|soc=9|smpl_gm=0|vdroop1=0|batoilo=0|batoilo2=0|batt_vs=29493|mdis_morepower=0|thb_hda=51|cp_on_chip_0=36000|cp_on_chip_1=37000|G3D=35000|cp_on_chip_2=37000|cp_on_chip_3=35000|cp_on_chip_4=35000|rf2_therm=33000|rf1_therm=34000|ISP=34000|TPU=35000|AUR=34000|rfpa_therm=30548|quiet_therm=31171|charging_therm=32863|,BIG=36000|MID=37000|usb_pwr_therm=29390|btmspkr_therm=29368|disp_therm=29346|north_therm=29613|soc_therm=32774|battery=29500|battery_cycle=5|dc-mains=33500|usbc-therm-adc=335|max77779fg=29500|LITTLE=36000|soc=9|smpl_gm=0|vdroop1=0|batoilo=0|batoilo2=0|batt_vs=29493|mdis_morepower=0|thb_hda=51|cp_on_chip_0=36000|cp_on_chip_1=37000|G3D=35000|cp_on_chip_2=37000|cp_on_chip_3=35000|cp_on_chip_4=35000|rf2_therm=33000|rf1_therm=34000|ISP=34000|TPU=35000|AUR=35000|rfpa_therm=30548|quiet_therm=31171|charging_therm=32863|,ok,39000,37000,0,37000,1,single,untouched,4096,512,15,512,12695,0,543254,0,4,4,ok
1,7,protected,4,1065000,578000,37000,38000,BIG=36000|MID=36000|usb_pwr_therm=29368|btmspkr_therm=29346|disp_therm=29346|north_therm=29613|soc_therm=32707|battery=29500|battery_cycle=5|dc-mains=33500|usbc-therm-adc=335|max77779fg=29500|LITTLE=36000|soc=9|smpl_gm=0|vdroop1=0|batoilo=0|batoilo2=0|batt_vs=29493|mdis_morepower=0|thb_hda=51|cp_on_chip_0=36000|cp_on_chip_1=37000|G3D=35000|cp_on_chip_2=37000|cp_on_chip_3=35000|cp_on_chip_4=35000|rf2_therm=33000|rf1_therm=34000|ISP=34000|TPU=35000|AUR=34000|rfpa_therm=30548|quiet_therm=31171|charging_therm=32863|,BIG=36000|MID=37000|usb_pwr_therm=29390|btmspkr_therm=29368|disp_therm=29346|north_therm=29613|soc_therm=32774|battery=29500|battery_cycle=5|dc-mains=33500|usbc-therm-adc=335|max77779fg=29500|LITTLE=36000|soc=9|smpl_gm=0|vdroop1=0|batoilo=0|batoilo2=0|batt_vs=29493|mdis_morepower=0|thb_hda=51|cp_on_chip_0=36000|cp_on_chip_1=37000|G3D=35000|cp_on_chip_2=37000|cp_on_chip_3=35000|cp_on_chip_4=35000|rf2_therm=33000|rf1_therm=34000|ISP=34000|TPU=35000|AUR=35000|rfpa_therm=30548|quiet_therm=31171|charging_therm=32863|,ok,39000,37000,0,37000,1,single,untouched,4096,512,16,512,40446,0,543538,0,4,4,ok
1,7,protected,4,1065000,578000,37000,38000,BIG=36000|MID=36000|usb_pwr_therm=29368|btmspkr_therm=29346|disp_therm=29346|north_therm=29613|soc_therm=32707|battery=29500|battery_cycle=5|dc-mains=33500|usbc-therm-adc=335|max77779fg=29500|LITTLE=36000|soc=9|smpl_gm=0|vdroop1=0|batoilo=0|batoilo2=0|batt_vs=29493|mdis_morepower=0|thb_hda=51|cp_on_chip_0=36000|cp_on_chip_1=37000|G3D=35000|cp_on_chip_2=37000|cp_on_chip_3=35000|cp_on_chip_4=35000|rf2_therm=33000|rf1_therm=34000|ISP=34000|TPU=35000|AUR=34000|rfpa_therm=30548|quiet_therm=31171|charging_therm=32863|,BIG=36000|MID=37000|usb_pwr_therm=29390|btmspkr_therm=29368|disp_therm=29346|north_therm=29613|soc_therm=32774|battery=29500|battery_cycle=5|dc-mains=33500|usbc-therm-adc=335|max77779fg=29500|LITTLE=36000|soc=9|smpl_gm=0|vdroop1=0|batoilo=0|batoilo2=0|batt_vs=29493|mdis_morepower=0|thb_hda=51|cp_on_chip_0=36000|cp_on_chip_1=37000|G3D=35000|cp_on_chip_2=37000|cp_on_chip_3=35000|cp_on_chip_4=35000|rf2_therm=33000|rf1_therm=34000|ISP=34000|TPU=35000|AUR=35000|rfpa_therm=30548|quiet_therm=31171|charging_therm=32863|,ok,39000,37000,0,37000,1,single,untouched,4096,512,17,512,38453,0,542887,0,4,4,ok
1,7,protected,4,1065000,578000,37000,38000,BIG=36000|MID=36000|usb_pwr_therm=29368|btmspkr_therm=29346|disp_therm=29346|north_therm=29613|soc_therm=32707|battery=29500|battery_cycle=5|dc-mains=33500|usbc-therm-adc=335|max77779fg=29500|LITTLE=36000|soc=9|smpl_gm=0|vdroop1=0|batoilo=0|batoilo2=0|batt_vs=29493|mdis_morepower=0|thb_hda=51|cp_on_chip_0=36000|cp_on_chip_1=37000|G3D=35000|cp_on_chip_2=37000|cp_on_chip_3=35000|cp_on_chip_4=35000|rf2_therm=33000|rf1_therm=34000|ISP=34000|TPU=35000|AUR=34000|rfpa_therm=30548|quiet_therm=31171|charging_therm=32863|,BIG=36000|MID=37000|usb_pwr_therm=29390|btmspkr_therm=29368|disp_therm=29346|north_therm=29613|soc_therm=32774|battery=29500|battery_cycle=5|dc-mains=33500|usbc-therm-adc=335|max77779fg=29500|LITTLE=36000|soc=9|smpl_gm=0|vdroop1=0|batoilo=0|batoilo2=0|batt_vs=29493|mdis_morepower=0|thb_hda=51|cp_on_chip_0=36000|cp_on_chip_1=37000|G3D=35000|cp_on_chip_2=37000|cp_on_chip_3=35000|cp_on_chip_4=35000|rf2_therm=33000|rf1_therm=34000|ISP=34000|TPU=35000|AUR=35000|rfpa_therm=30548|quiet_therm=31171|charging_therm=32863|,ok,39000,37000,0,37000,1,single,untouched,4096,512,18,512,36336,0,545899,0,4,4,ok
1,7,protected,4,1065000,578000,37000,38000,BIG=36000|MID=36000|usb_pwr_therm=29368|btmspkr_therm=29346|disp_therm=29346|north_therm=29613|soc_therm=32707|battery=29500|battery_cycle=5|dc-mains=33500|usbc-therm-adc=335|max77779fg=29500|LITTLE=36000|soc=9|smpl_gm=0|vdroop1=0|batoilo=0|batoilo2=0|batt_vs=29493|mdis_morepower=0|thb_hda=51|cp_on_chip_0=36000|cp_on_chip_1=37000|G3D=35000|cp_on_chip_2=37000|cp_on_chip_3=35000|cp_on_chip_4=35000|rf2_therm=33000|rf1_therm=34000|ISP=34000|TPU=35000|AUR=34000|rfpa_therm=30548|quiet_therm=31171|charging_therm=32863|,BIG=36000|MID=37000|usb_pwr_therm=29390|btmspkr_therm=29368|disp_therm=29346|north_therm=29613|soc_therm=32774|battery=29500|battery_cycle=5|dc-mains=33500|usbc-therm-adc=335|max77779fg=29500|LITTLE=36000|soc=9|smpl_gm=0|vdroop1=0|batoilo=0|batoilo2=0|batt_vs=29493|mdis_morepower=0|thb_hda=51|cp_on_chip_0=36000|cp_on_chip_1=37000|G3D=35000|cp_on_chip_2=37000|cp_on_chip_3=35000|cp_on_chip_4=35000|rf2_therm=33000|rf1_therm=34000|ISP=34000|TPU=35000|AUR=35000|rfpa_therm=30548|quiet_therm=31171|charging_therm=32863|,ok,39000,37000,0,37000,1,single,untouched,4096,512,19,512,38575,0,543416,0,4,4,ok
1,7,protected,4,1065000,578000,37000,38000,BIG=36000|MID=36000|usb_pwr_therm=29368|btmspkr_therm=29346|disp_therm=29346|north_therm=29613|soc_therm=32707|battery=29500|battery_cycle=5|dc-mains=33500|usbc-therm-adc=335|max77779fg=29500|LITTLE=36000|soc=9|smpl_gm=0|vdroop1=0|batoilo=0|batoilo2=0|batt_vs=29493|mdis_morepower=0|thb_hda=51|cp_on_chip_0=36000|cp_on_chip_1=37000|G3D=35000|cp_on_chip_2=37000|cp_on_chip_3=35000|cp_on_chip_4=35000|rf2_therm=33000|rf1_therm=34000|ISP=34000|TPU=35000|AUR=34000|rfpa_therm=30548|quiet_therm=31171|charging_therm=32863|,BIG=36000|MID=37000|usb_pwr_therm=29390|btmspkr_therm=29368|disp_therm=29346|north_therm=29613|soc_therm=32774|battery=29500|battery_cycle=5|dc-mains=33500|usbc-therm-adc=335|max77779fg=29500|LITTLE=36000|soc=9|smpl_gm=0|vdroop1=0|batoilo=0|batoilo2=0|batt_vs=29493|mdis_morepower=0|thb_hda=51|cp_on_chip_0=36000|cp_on_chip_1=37000|G3D=35000|cp_on_chip_2=37000|cp_on_chip_3=35000|cp_on_chip_4=35000|rf2_therm=33000|rf1_therm=34000|ISP=34000|TPU=35000|AUR=35000|rfpa_therm=30548|quiet_therm=31171|charging_therm=32863|,ok,39000,37000,0,37000,1,single,untouched,4096,512,20,512,34872,0,543864,0,4,4,ok
1,7,protected,4,1065000,578000,37000,38000,BIG=36000|MID=36000|usb_pwr_therm=29368|btmspkr_therm=29346|disp_therm=29346|north_therm=29613|soc_therm=32707|battery=29500|battery_cycle=5|dc-mains=33500|usbc-therm-adc=335|max77779fg=29500|LITTLE=36000|soc=9|smpl_gm=0|vdroop1=0|batoilo=0|batoilo2=0|batt_vs=29493|mdis_morepower=0|thb_hda=51|cp_on_chip_0=36000|cp_on_chip_1=37000|G3D=35000|cp_on_chip_2=37000|cp_on_chip_3=35000|cp_on_chip_4=35000|rf2_therm=33000|rf1_therm=34000|ISP=34000|TPU=35000|AUR=34000|rfpa_therm=30548|quiet_therm=31171|charging_therm=32863|,BIG=36000|MID=37000|usb_pwr_therm=29390|btmspkr_therm=29368|disp_therm=29346|north_therm=29613|soc_therm=32774|battery=29500|battery_cycle=5|dc-mains=33500|usbc-therm-adc=335|max77779fg=29500|LITTLE=36000|soc=9|smpl_gm=0|vdroop1=0|batoilo=0|batoilo2=0|batt_vs=29493|mdis_morepower=0|thb_hda=51|cp_on_chip_0=36000|cp_on_chip_1=37000|G3D=35000|cp_on_chip_2=37000|cp_on_chip_3=35000|cp_on_chip_4=35000|rf2_therm=33000|rf1_therm=34000|ISP=34000|TPU=35000|AUR=35000|rfpa_therm=30548|quiet_therm=31171|charging_therm=32863|,ok,39000,37000,0,37000,1,single,untouched,4096,512,21,512,35807,0,593221,0,4,4,ok
1,7,protected,4,1065000,578000,37000,38000,BIG=36000|MID=36000|usb_pwr_therm=29368|btmspkr_therm=29346|disp_therm=29346|north_therm=29613|soc_therm=32707|battery=29500|battery_cycle=5|dc-mains=33500|usbc-therm-adc=335|max77779fg=29500|LITTLE=36000|soc=9|smpl_gm=0|vdroop1=0|batoilo=0|batoilo2=0|batt_vs=29493|mdis_morepower=0|thb_hda=51|cp_on_chip_0=36000|cp_on_chip_1=37000|G3D=35000|cp_on_chip_2=37000|cp_on_chip_3=35000|cp_on_chip_4=35000|rf2_therm=33000|rf1_therm=34000|ISP=34000|TPU=35000|AUR=34000|rfpa_therm=30548|quiet_therm=31171|charging_therm=32863|,BIG=36000|MID=37000|usb_pwr_therm=29390|btmspkr_therm=29368|disp_therm=29346|north_therm=29613|soc_therm=32774|battery=29500|battery_cycle=5|dc-mains=33500|usbc-therm-adc=335|max77779fg=29500|LITTLE=36000|soc=9|smpl_gm=0|vdroop1=0|batoilo=0|batoilo2=0|batt_vs=29493|mdis_morepower=0|thb_hda=51|cp_on_chip_0=36000|cp_on_chip_1=37000|G3D=35000|cp_on_chip_2=37000|cp_on_chip_3=35000|cp_on_chip_4=35000|rf2_therm=33000|rf1_therm=34000|ISP=34000|TPU=35000|AUR=35000|rfpa_therm=30548|quiet_therm=31171|charging_therm=32863|,ok,39000,37000,0,37000,1,single,untouched,4096,512,22,512,11393,0,489868,0,4,4,ok
1,7,protected,4,1065000,578000,37000,38000,BIG=36000|MID=36000|usb_pwr_therm=29368|btmspkr_therm=29346|disp_therm=29346|north_therm=29613|soc_therm=32707|battery=29500|battery_cycle=5|dc-mains=33500|usbc-therm-adc=335|max77779fg=29500|LITTLE=36000|soc=9|smpl_gm=0|vdroop1=0|batoilo=0|batoilo2=0|batt_vs=29493|mdis_morepower=0|thb_hda=51|cp_on_chip_0=36000|cp_on_chip_1=37000|G3D=35000|cp_on_chip_2=37000|cp_on_chip_3=35000|cp_on_chip_4=35000|rf2_therm=33000|rf1_therm=34000|ISP=34000|TPU=35000|AUR=34000|rfpa_therm=30548|quiet_therm=31171|charging_therm=32863|,BIG=36000|MID=37000|usb_pwr_therm=29390|btmspkr_therm=29368|disp_therm=29346|north_therm=29613|soc_therm=32774|battery=29500|battery_cycle=5|dc-mains=33500|usbc-therm-adc=335|max77779fg=29500|LITTLE=36000|soc=9|smpl_gm=0|vdroop1=0|batoilo=0|batoilo2=0|batt_vs=29493|mdis_morepower=0|thb_hda=51|cp_on_chip_0=36000|cp_on_chip_1=37000|G3D=35000|cp_on_chip_2=37000|cp_on_chip_3=35000|cp_on_chip_4=35000|rf2_therm=33000|rf1_therm=34000|ISP=34000|TPU=35000|AUR=35000|rfpa_therm=30548|quiet_therm=31171|charging_therm=32863|,ok,39000,37000,0,37000,1,single,untouched,4096,512,23,512,13753,0,474854,0,4,4,ok
1,7,protected,4,1065000,578000,37000,38000,BIG=36000|MID=36000|usb_pwr_therm=29368|btmspkr_therm=29346|disp_therm=29346|north_therm=29613|soc_therm=32707|battery=29500|battery_cycle=5|dc-mains=33500|usbc-therm-adc=335|max77779fg=29500|LITTLE=36000|soc=9|smpl_gm=0|vdroop1=0|batoilo=0|batoilo2=0|batt_vs=29493|mdis_morepower=0|thb_hda=51|cp_on_chip_0=36000|cp_on_chip_1=37000|G3D=35000|cp_on_chip_2=37000|cp_on_chip_3=35000|cp_on_chip_4=35000|rf2_therm=33000|rf1_therm=34000|ISP=34000|TPU=35000|AUR=34000|rfpa_therm=30548|quiet_therm=31171|charging_therm=32863|,BIG=36000|MID=37000|usb_pwr_therm=29390|btmspkr_therm=29368|disp_therm=29346|north_therm=29613|soc_therm=32774|battery=29500|battery_cycle=5|dc-mains=33500|usbc-therm-adc=335|max77779fg=29500|LITTLE=36000|soc=9|smpl_gm=0|vdroop1=0|batoilo=0|batoilo2=0|batt_vs=29493|mdis_morepower=0|thb_hda=51|cp_on_chip_0=36000|cp_on_chip_1=37000|G3D=35000|cp_on_chip_2=37000|cp_on_chip_3=35000|cp_on_chip_4=35000|rf2_therm=33000|rf1_therm=34000|ISP=34000|TPU=35000|AUR=35000|rfpa_therm=30548|quiet_therm=31171|charging_therm=32863|,ok,39000,37000,0,37000,1,single,untouched,4096,512,24,512,34709,0,474162,0,4,4,ok
1,7,protected,4,1065000,578000,37000,38000,BIG=36000|MID=36000|usb_pwr_therm=29368|btmspkr_therm=29346|disp_therm=29346|north_therm=29613|soc_therm=32707|battery=29500|battery_cycle=5|dc-mains=33500|usbc-therm-adc=335|max77779fg=29500|LITTLE=36000|soc=9|smpl_gm=0|vdroop1=0|batoilo=0|batoilo2=0|batt_vs=29493|mdis_morepower=0|thb_hda=51|cp_on_chip_0=36000|cp_on_chip_1=37000|G3D=35000|cp_on_chip_2=37000|cp_on_chip_3=35000|cp_on_chip_4=35000|rf2_therm=33000|rf1_therm=34000|ISP=34000|TPU=35000|AUR=34000|rfpa_therm=30548|quiet_therm=31171|charging_therm=32863|,BIG=36000|MID=37000|usb_pwr_therm=29390|btmspkr_therm=29368|disp_therm=29346|north_therm=29613|soc_therm=32774|battery=29500|battery_cycle=5|dc-mains=33500|usbc-therm-adc=335|max77779fg=29500|LITTLE=36000|soc=9|smpl_gm=0|vdroop1=0|batoilo=0|batoilo2=0|batt_vs=29493|mdis_morepower=0|thb_hda=51|cp_on_chip_0=36000|cp_on_chip_1=37000|G3D=35000|cp_on_chip_2=37000|cp_on_chip_3=35000|cp_on_chip_4=35000|rf2_therm=33000|rf1_therm=34000|ISP=34000|TPU=35000|AUR=35000|rfpa_therm=30548|quiet_therm=31171|charging_therm=32863|,ok,39000,37000,0,37000,1,single,untouched,4096,512,25,512,36214,0,474121,0,4,4,ok
1,7,protected,4,1065000,578000,37000,38000,BIG=36000|MID=36000|usb_pwr_therm=29368|btmspkr_therm=29346|disp_therm=29346|north_therm=29613|soc_therm=32707|battery=29500|battery_cycle=5|dc-mains=33500|usbc-therm-adc=335|max77779fg=29500|LITTLE=36000|soc=9|smpl_gm=0|vdroop1=0|batoilo=0|batoilo2=0|batt_vs=29493|mdis_morepower=0|thb_hda=51|cp_on_chip_0=36000|cp_on_chip_1=37000|G3D=35000|cp_on_chip_2=37000|cp_on_chip_3=35000|cp_on_chip_4=35000|rf2_therm=33000|rf1_therm=34000|ISP=34000|TPU=35000|AUR=34000|rfpa_therm=30548|quiet_therm=31171|charging_therm=32863|,BIG=36000|MID=37000|usb_pwr_therm=29390|btmspkr_therm=29368|disp_therm=29346|north_therm=29613|soc_therm=32774|battery=29500|battery_cycle=5|dc-mains=33500|usbc-therm-adc=335|max77779fg=29500|LITTLE=36000|soc=9|smpl_gm=0|vdroop1=0|batoilo=0|batoilo2=0|batt_vs=29493|mdis_morepower=0|thb_hda=51|cp_on_chip_0=36000|cp_on_chip_1=37000|G3D=35000|cp_on_chip_2=37000|cp_on_chip_3=35000|cp_on_chip_4=35000|rf2_therm=33000|rf1_therm=34000|ISP=34000|TPU=35000|AUR=35000|rfpa_therm=30548|quiet_therm=31171|charging_therm=32863|,ok,39000,37000,0,37000,1,single,untouched,4096,512,26,512,10823,0,474528,0,4,4,ok
1,7,protected,4,1065000,578000,37000,38000,BIG=36000|MID=36000|usb_pwr_therm=29368|btmspkr_therm=29346|disp_therm=29346|north_therm=29613|soc_therm=32707|battery=29500|battery_cycle=5|dc-mains=33500|usbc-therm-adc=335|max77779fg=29500|LITTLE=36000|soc=9|smpl_gm=0|vdroop1=0|batoilo=0|batoilo2=0|batt_vs=29493|mdis_morepower=0|thb_hda=51|cp_on_chip_0=36000|cp_on_chip_1=37000|G3D=35000|cp_on_chip_2=37000|cp_on_chip_3=35000|cp_on_chip_4=35000|rf2_therm=33000|rf1_therm=34000|ISP=34000|TPU=35000|AUR=34000|rfpa_therm=30548|quiet_therm=31171|charging_therm=32863|,BIG=36000|MID=37000|usb_pwr_therm=29390|btmspkr_therm=29368|disp_therm=29346|north_therm=29613|soc_therm=32774|battery=29500|battery_cycle=5|dc-mains=33500|usbc-therm-adc=335|max77779fg=29500|LITTLE=36000|soc=9|smpl_gm=0|vdroop1=0|batoilo=0|batoilo2=0|batt_vs=29493|mdis_morepower=0|thb_hda=51|cp_on_chip_0=36000|cp_on_chip_1=37000|G3D=35000|cp_on_chip_2=37000|cp_on_chip_3=35000|cp_on_chip_4=35000|rf2_therm=33000|rf1_therm=34000|ISP=34000|TPU=35000|AUR=35000|rfpa_therm=30548|quiet_therm=31171|charging_therm=32863|,ok,39000,37000,0,37000,1,single,untouched,4096,512,27,512,6714,0,475179,0,4,4,ok
1,7,protected,4,1065000,578000,37000,38000,BIG=36000|MID=36000|usb_pwr_therm=29368|btmspkr_therm=29346|disp_therm=29346|north_therm=29613|soc_therm=32707|battery=29500|battery_cycle=5|dc-mains=33500|usbc-therm-adc=335|max77779fg=29500|LITTLE=36000|soc=9|smpl_gm=0|vdroop1=0|batoilo=0|batoilo2=0|batt_vs=29493|mdis_morepower=0|thb_hda=51|cp_on_chip_0=36000|cp_on_chip_1=37000|G3D=35000|cp_on_chip_2=37000|cp_on_chip_3=35000|cp_on_chip_4=35000|rf2_therm=33000|rf1_therm=34000|ISP=34000|TPU=35000|AUR=34000|rfpa_therm=30548|quiet_therm=31171|charging_therm=32863|,BIG=36000|MID=37000|usb_pwr_therm=29390|btmspkr_therm=29368|disp_therm=29346|north_therm=29613|soc_therm=32774|battery=29500|battery_cycle=5|dc-mains=33500|usbc-therm-adc=335|max77779fg=29500|LITTLE=36000|soc=9|smpl_gm=0|vdroop1=0|batoilo=0|batoilo2=0|batt_vs=29493|mdis_morepower=0|thb_hda=51|cp_on_chip_0=36000|cp_on_chip_1=37000|G3D=35000|cp_on_chip_2=37000|cp_on_chip_3=35000|cp_on_chip_4=35000|rf2_therm=33000|rf1_therm=34000|ISP=34000|TPU=35000|AUR=35000|rfpa_therm=30548|quiet_therm=31171|charging_therm=32863|,ok,39000,37000,0,37000,1,single,untouched,4096,512,28,512,36540,0,489014,0,4,4,ok
1,7,protected,4,1065000,578000,37000,38000,BIG=36000|MID=36000|usb_pwr_therm=29368|btmspkr_therm=29346|disp_therm=29346|north_therm=29613|soc_therm=32707|battery=29500|battery_cycle=5|dc-mains=33500|usbc-therm-adc=335|max77779fg=29500|LITTLE=36000|soc=9|smpl_gm=0|vdroop1=0|batoilo=0|batoilo2=0|batt_vs=29493|mdis_morepower=0|thb_hda=51|cp_on_chip_0=36000|cp_on_chip_1=37000|G3D=35000|cp_on_chip_2=37000|cp_on_chip_3=35000|cp_on_chip_4=35000|rf2_therm=33000|rf1_therm=34000|ISP=34000|TPU=35000|AUR=34000|rfpa_therm=30548|quiet_therm=31171|charging_therm=32863|,BIG=36000|MID=37000|usb_pwr_therm=29390|btmspkr_therm=29368|disp_therm=29346|north_therm=29613|soc_therm=32774|battery=29500|battery_cycle=5|dc-mains=33500|usbc-therm-adc=335|max77779fg=29500|LITTLE=36000|soc=9|smpl_gm=0|vdroop1=0|batoilo=0|batoilo2=0|batt_vs=29493|mdis_morepower=0|thb_hda=51|cp_on_chip_0=36000|cp_on_chip_1=37000|G3D=35000|cp_on_chip_2=37000|cp_on_chip_3=35000|cp_on_chip_4=35000|rf2_therm=33000|rf1_therm=34000|ISP=34000|TPU=35000|AUR=35000|rfpa_therm=30548|quiet_therm=31171|charging_therm=32863|,ok,39000,37000,0,37000,1,single,untouched,4096,512,29,512,29785,0,474121,0,4,4,ok
1,8,protected,4,357000,1795000,37000,37000,BIG=36000|MID=36000|usb_pwr_therm=29413|btmspkr_therm=29390|disp_therm=29368|north_therm=29635|soc_therm=32818|battery=29500|battery_cycle=5|dc-mains=33500|usbc-therm-adc=335|max77779fg=29500|LITTLE=35000|soc=9|smpl_gm=0|vdroop1=0|batoilo=0|batoilo2=0|batt_vs=29492|mdis_morepower=0|thb_hda=51|cp_on_chip_0=36000|cp_on_chip_1=37000|G3D=35000|cp_on_chip_2=37000|cp_on_chip_3=35000|cp_on_chip_4=35000|rf2_therm=33000|rf1_therm=34000|ISP=34000|TPU=34000|AUR=35000|rfpa_therm=30570|quiet_therm=31216|charging_therm=32930|,BIG=35000|MID=36000|usb_pwr_therm=29413|btmspkr_therm=29390|disp_therm=29368|north_therm=29635|soc_therm=32818|battery=29500|battery_cycle=5|dc-mains=33500|usbc-therm-adc=335|max77779fg=29500|LITTLE=35000|soc=9|smpl_gm=0|vdroop1=0|batoilo=0|batoilo2=0|batt_vs=29493|mdis_morepower=0|thb_hda=51|cp_on_chip_0=36000|cp_on_chip_1=37000|G3D=35000|cp_on_chip_2=37000|cp_on_chip_3=35000|cp_on_chip_4=35000|rf2_therm=33000|rf1_therm=34000|ISP=34000|TPU=35000|AUR=34000|rfpa_therm=30592|quiet_therm=31260|charging_therm=32974|,ok,39000,37000,0,37000,1,single,touched,4096,512,0,512,1597901,512,596924,0,4,4,ok
1,8,protected,4,357000,1795000,37000,37000,BIG=36000|MID=36000|usb_pwr_therm=29413|btmspkr_therm=29390|disp_therm=29368|north_therm=29635|soc_therm=32818|battery=29500|battery_cycle=5|dc-mains=33500|usbc-therm-adc=335|max77779fg=29500|LITTLE=35000|soc=9|smpl_gm=0|vdroop1=0|batoilo=0|batoilo2=0|batt_vs=29492|mdis_morepower=0|thb_hda=51|cp_on_chip_0=36000|cp_on_chip_1=37000|G3D=35000|cp_on_chip_2=37000|cp_on_chip_3=35000|cp_on_chip_4=35000|rf2_therm=33000|rf1_therm=34000|ISP=34000|TPU=34000|AUR=35000|rfpa_therm=30570|quiet_therm=31216|charging_therm=32930|,BIG=35000|MID=36000|usb_pwr_therm=29413|btmspkr_therm=29390|disp_therm=29368|north_therm=29635|soc_therm=32818|battery=29500|battery_cycle=5|dc-mains=33500|usbc-therm-adc=335|max77779fg=29500|LITTLE=35000|soc=9|smpl_gm=0|vdroop1=0|batoilo=0|batoilo2=0|batt_vs=29493|mdis_morepower=0|thb_hda=51|cp_on_chip_0=36000|cp_on_chip_1=37000|G3D=35000|cp_on_chip_2=37000|cp_on_chip_3=35000|cp_on_chip_4=35000|rf2_therm=33000|rf1_therm=34000|ISP=34000|TPU=35000|AUR=34000|rfpa_therm=30592|quiet_therm=31260|charging_therm=32974|,ok,39000,37000,0,37000,1,single,touched,4096,512,1,512,623210,512,572102,0,4,4,ok
1,8,protected,4,357000,1795000,37000,37000,BIG=36000|MID=36000|usb_pwr_therm=29413|btmspkr_therm=29390|disp_therm=29368|north_therm=29635|soc_therm=32818|battery=29500|battery_cycle=5|dc-mains=33500|usbc-therm-adc=335|max77779fg=29500|LITTLE=35000|soc=9|smpl_gm=0|vdroop1=0|batoilo=0|batoilo2=0|batt_vs=29492|mdis_morepower=0|thb_hda=51|cp_on_chip_0=36000|cp_on_chip_1=37000|G3D=35000|cp_on_chip_2=37000|cp_on_chip_3=35000|cp_on_chip_4=35000|rf2_therm=33000|rf1_therm=34000|ISP=34000|TPU=34000|AUR=35000|rfpa_therm=30570|quiet_therm=31216|charging_therm=32930|,BIG=35000|MID=36000|usb_pwr_therm=29413|btmspkr_therm=29390|disp_therm=29368|north_therm=29635|soc_therm=32818|battery=29500|battery_cycle=5|dc-mains=33500|usbc-therm-adc=335|max77779fg=29500|LITTLE=35000|soc=9|smpl_gm=0|vdroop1=0|batoilo=0|batoilo2=0|batt_vs=29493|mdis_morepower=0|thb_hda=51|cp_on_chip_0=36000|cp_on_chip_1=37000|G3D=35000|cp_on_chip_2=37000|cp_on_chip_3=35000|cp_on_chip_4=35000|rf2_therm=33000|rf1_therm=34000|ISP=34000|TPU=35000|AUR=34000|rfpa_therm=30592|quiet_therm=31260|charging_therm=32974|,ok,39000,37000,0,37000,1,single,touched,4096,512,2,512,599446,512,936645,0,4,4,ok
1,8,protected,4,357000,1795000,37000,37000,BIG=36000|MID=36000|usb_pwr_therm=29413|btmspkr_therm=29390|disp_therm=29368|north_therm=29635|soc_therm=32818|battery=29500|battery_cycle=5|dc-mains=33500|usbc-therm-adc=335|max77779fg=29500|LITTLE=35000|soc=9|smpl_gm=0|vdroop1=0|batoilo=0|batoilo2=0|batt_vs=29492|mdis_morepower=0|thb_hda=51|cp_on_chip_0=36000|cp_on_chip_1=37000|G3D=35000|cp_on_chip_2=37000|cp_on_chip_3=35000|cp_on_chip_4=35000|rf2_therm=33000|rf1_therm=34000|ISP=34000|TPU=34000|AUR=35000|rfpa_therm=30570|quiet_therm=31216|charging_therm=32930|,BIG=35000|MID=36000|usb_pwr_therm=29413|btmspkr_therm=29390|disp_therm=29368|north_therm=29635|soc_therm=32818|battery=29500|battery_cycle=5|dc-mains=33500|usbc-therm-adc=335|max77779fg=29500|LITTLE=35000|soc=9|smpl_gm=0|vdroop1=0|batoilo=0|batoilo2=0|batt_vs=29493|mdis_morepower=0|thb_hda=51|cp_on_chip_0=36000|cp_on_chip_1=37000|G3D=35000|cp_on_chip_2=37000|cp_on_chip_3=35000|cp_on_chip_4=35000|rf2_therm=33000|rf1_therm=34000|ISP=34000|TPU=35000|AUR=34000|rfpa_therm=30592|quiet_therm=31260|charging_therm=32974|,ok,39000,37000,0,37000,1,single,touched,4096,512,3,512,583496,512,550781,0,4,4,ok
1,8,protected,4,357000,1795000,37000,37000,BIG=36000|MID=36000|usb_pwr_therm=29413|btmspkr_therm=29390|disp_therm=29368|north_therm=29635|soc_therm=32818|battery=29500|battery_cycle=5|dc-mains=33500|usbc-therm-adc=335|max77779fg=29500|LITTLE=35000|soc=9|smpl_gm=0|vdroop1=0|batoilo=0|batoilo2=0|batt_vs=29492|mdis_morepower=0|thb_hda=51|cp_on_chip_0=36000|cp_on_chip_1=37000|G3D=35000|cp_on_chip_2=37000|cp_on_chip_3=35000|cp_on_chip_4=35000|rf2_therm=33000|rf1_therm=34000|ISP=34000|TPU=34000|AUR=35000|rfpa_therm=30570|quiet_therm=31216|charging_therm=32930|,BIG=35000|MID=36000|usb_pwr_therm=29413|btmspkr_therm=29390|disp_therm=29368|north_therm=29635|soc_therm=32818|battery=29500|battery_cycle=5|dc-mains=33500|usbc-therm-adc=335|max77779fg=29500|LITTLE=35000|soc=9|smpl_gm=0|vdroop1=0|batoilo=0|batoilo2=0|batt_vs=29493|mdis_morepower=0|thb_hda=51|cp_on_chip_0=36000|cp_on_chip_1=37000|G3D=35000|cp_on_chip_2=37000|cp_on_chip_3=35000|cp_on_chip_4=35000|rf2_therm=33000|rf1_therm=34000|ISP=34000|TPU=35000|AUR=34000|rfpa_therm=30592|quiet_therm=31260|charging_therm=32974|,ok,39000,37000,0,37000,1,single,touched,4096,512,4,512,605957,512,549561,0,4,4,ok
1,8,protected,4,357000,1795000,37000,37000,BIG=36000|MID=36000|usb_pwr_therm=29413|btmspkr_therm=29390|disp_therm=29368|north_therm=29635|soc_therm=32818|battery=29500|battery_cycle=5|dc-mains=33500|usbc-therm-adc=335|max77779fg=29500|LITTLE=35000|soc=9|smpl_gm=0|vdroop1=0|batoilo=0|batoilo2=0|batt_vs=29492|mdis_morepower=0|thb_hda=51|cp_on_chip_0=36000|cp_on_chip_1=37000|G3D=35000|cp_on_chip_2=37000|cp_on_chip_3=35000|cp_on_chip_4=35000|rf2_therm=33000|rf1_therm=34000|ISP=34000|TPU=34000|AUR=35000|rfpa_therm=30570|quiet_therm=31216|charging_therm=32930|,BIG=35000|MID=36000|usb_pwr_therm=29413|btmspkr_therm=29390|disp_therm=29368|north_therm=29635|soc_therm=32818|battery=29500|battery_cycle=5|dc-mains=33500|usbc-therm-adc=335|max77779fg=29500|LITTLE=35000|soc=9|smpl_gm=0|vdroop1=0|batoilo=0|batoilo2=0|batt_vs=29493|mdis_morepower=0|thb_hda=51|cp_on_chip_0=36000|cp_on_chip_1=37000|G3D=35000|cp_on_chip_2=37000|cp_on_chip_3=35000|cp_on_chip_4=35000|rf2_therm=33000|rf1_therm=34000|ISP=34000|TPU=35000|AUR=34000|rfpa_therm=30592|quiet_therm=31260|charging_therm=32974|,ok,39000,37000,0,37000,1,single,touched,4096,512,5,512,561361,512,651774,0,4,4,ok
1,8,protected,4,357000,1795000,37000,37000,BIG=36000|MID=36000|usb_pwr_therm=29413|btmspkr_therm=29390|disp_therm=29368|north_therm=29635|soc_therm=32818|battery=29500|battery_cycle=5|dc-mains=33500|usbc-therm-adc=335|max77779fg=29500|LITTLE=35000|soc=9|smpl_gm=0|vdroop1=0|batoilo=0|batoilo2=0|batt_vs=29492|mdis_morepower=0|thb_hda=51|cp_on_chip_0=36000|cp_on_chip_1=37000|G3D=35000|cp_on_chip_2=37000|cp_on_chip_3=35000|cp_on_chip_4=35000|rf2_therm=33000|rf1_therm=34000|ISP=34000|TPU=34000|AUR=35000|rfpa_therm=30570|quiet_therm=31216|charging_therm=32930|,BIG=35000|MID=36000|usb_pwr_therm=29413|btmspkr_therm=29390|disp_therm=29368|north_therm=29635|soc_therm=32818|battery=29500|battery_cycle=5|dc-mains=33500|usbc-therm-adc=335|max77779fg=29500|LITTLE=35000|soc=9|smpl_gm=0|vdroop1=0|batoilo=0|batoilo2=0|batt_vs=29493|mdis_morepower=0|thb_hda=51|cp_on_chip_0=36000|cp_on_chip_1=37000|G3D=35000|cp_on_chip_2=37000|cp_on_chip_3=35000|cp_on_chip_4=35000|rf2_therm=33000|rf1_therm=34000|ISP=34000|TPU=35000|AUR=34000|rfpa_therm=30592|quiet_therm=31260|charging_therm=32974|,ok,39000,37000,0,37000,1,single,touched,4096,512,6,512,576172,512,602986,0,4,4,ok
1,8,protected,4,357000,1795000,37000,37000,BIG=36000|MID=36000|usb_pwr_therm=29413|btmspkr_therm=29390|disp_therm=29368|north_therm=29635|soc_therm=32818|battery=29500|battery_cycle=5|dc-mains=33500|usbc-therm-adc=335|max77779fg=29500|LITTLE=35000|soc=9|smpl_gm=0|vdroop1=0|batoilo=0|batoilo2=0|batt_vs=29492|mdis_morepower=0|thb_hda=51|cp_on_chip_0=36000|cp_on_chip_1=37000|G3D=35000|cp_on_chip_2=37000|cp_on_chip_3=35000|cp_on_chip_4=35000|rf2_therm=33000|rf1_therm=34000|ISP=34000|TPU=34000|AUR=35000|rfpa_therm=30570|quiet_therm=31216|charging_therm=32930|,BIG=35000|MID=36000|usb_pwr_therm=29413|btmspkr_therm=29390|disp_therm=29368|north_therm=29635|soc_therm=32818|battery=29500|battery_cycle=5|dc-mains=33500|usbc-therm-adc=335|max77779fg=29500|LITTLE=35000|soc=9|smpl_gm=0|vdroop1=0|batoilo=0|batoilo2=0|batt_vs=29493|mdis_morepower=0|thb_hda=51|cp_on_chip_0=36000|cp_on_chip_1=37000|G3D=35000|cp_on_chip_2=37000|cp_on_chip_3=35000|cp_on_chip_4=35000|rf2_therm=33000|rf1_therm=34000|ISP=34000|TPU=35000|AUR=34000|rfpa_therm=30592|quiet_therm=31260|charging_therm=32974|,ok,39000,37000,0,37000,1,single,touched,4096,512,7,512,537923,512,529500,0,4,4,ok
1,8,protected,4,357000,1795000,37000,37000,BIG=36000|MID=36000|usb_pwr_therm=29413|btmspkr_therm=29390|disp_therm=29368|north_therm=29635|soc_therm=32818|battery=29500|battery_cycle=5|dc-mains=33500|usbc-therm-adc=335|max77779fg=29500|LITTLE=35000|soc=9|smpl_gm=0|vdroop1=0|batoilo=0|batoilo2=0|batt_vs=29492|mdis_morepower=0|thb_hda=51|cp_on_chip_0=36000|cp_on_chip_1=37000|G3D=35000|cp_on_chip_2=37000|cp_on_chip_3=35000|cp_on_chip_4=35000|rf2_therm=33000|rf1_therm=34000|ISP=34000|TPU=34000|AUR=35000|rfpa_therm=30570|quiet_therm=31216|charging_therm=32930|,BIG=35000|MID=36000|usb_pwr_therm=29413|btmspkr_therm=29390|disp_therm=29368|north_therm=29635|soc_therm=32818|battery=29500|battery_cycle=5|dc-mains=33500|usbc-therm-adc=335|max77779fg=29500|LITTLE=35000|soc=9|smpl_gm=0|vdroop1=0|batoilo=0|batoilo2=0|batt_vs=29493|mdis_morepower=0|thb_hda=51|cp_on_chip_0=36000|cp_on_chip_1=37000|G3D=35000|cp_on_chip_2=37000|cp_on_chip_3=35000|cp_on_chip_4=35000|rf2_therm=33000|rf1_therm=34000|ISP=34000|TPU=35000|AUR=34000|rfpa_therm=30592|quiet_therm=31260|charging_therm=32974|,ok,39000,37000,0,37000,1,single,touched,4096,512,8,512,532633,512,529541,0,4,4,ok
1,8,protected,4,357000,1795000,37000,37000,BIG=36000|MID=36000|usb_pwr_therm=29413|btmspkr_therm=29390|disp_therm=29368|north_therm=29635|soc_therm=32818|battery=29500|battery_cycle=5|dc-mains=33500|usbc-therm-adc=335|max77779fg=29500|LITTLE=35000|soc=9|smpl_gm=0|vdroop1=0|batoilo=0|batoilo2=0|batt_vs=29492|mdis_morepower=0|thb_hda=51|cp_on_chip_0=36000|cp_on_chip_1=37000|G3D=35000|cp_on_chip_2=37000|cp_on_chip_3=35000|cp_on_chip_4=35000|rf2_therm=33000|rf1_therm=34000|ISP=34000|TPU=34000|AUR=35000|rfpa_therm=30570|quiet_therm=31216|charging_therm=32930|,BIG=35000|MID=36000|usb_pwr_therm=29413|btmspkr_therm=29390|disp_therm=29368|north_therm=29635|soc_therm=32818|battery=29500|battery_cycle=5|dc-mains=33500|usbc-therm-adc=335|max77779fg=29500|LITTLE=35000|soc=9|smpl_gm=0|vdroop1=0|batoilo=0|batoilo2=0|batt_vs=29493|mdis_morepower=0|thb_hda=51|cp_on_chip_0=36000|cp_on_chip_1=37000|G3D=35000|cp_on_chip_2=37000|cp_on_chip_3=35000|cp_on_chip_4=35000|rf2_therm=33000|rf1_therm=34000|ISP=34000|TPU=35000|AUR=34000|rfpa_therm=30592|quiet_therm=31260|charging_therm=32974|,ok,39000,37000,0,37000,1,single,touched,4096,512,9,512,564372,512,965006,0,4,4,ok
1,8,protected,4,357000,1795000,37000,37000,BIG=36000|MID=36000|usb_pwr_therm=29413|btmspkr_therm=29390|disp_therm=29368|north_therm=29635|soc_therm=32818|battery=29500|battery_cycle=5|dc-mains=33500|usbc-therm-adc=335|max77779fg=29500|LITTLE=35000|soc=9|smpl_gm=0|vdroop1=0|batoilo=0|batoilo2=0|batt_vs=29492|mdis_morepower=0|thb_hda=51|cp_on_chip_0=36000|cp_on_chip_1=37000|G3D=35000|cp_on_chip_2=37000|cp_on_chip_3=35000|cp_on_chip_4=35000|rf2_therm=33000|rf1_therm=34000|ISP=34000|TPU=34000|AUR=35000|rfpa_therm=30570|quiet_therm=31216|charging_therm=32930|,BIG=35000|MID=36000|usb_pwr_therm=29413|btmspkr_therm=29390|disp_therm=29368|north_therm=29635|soc_therm=32818|battery=29500|battery_cycle=5|dc-mains=33500|usbc-therm-adc=335|max77779fg=29500|LITTLE=35000|soc=9|smpl_gm=0|vdroop1=0|batoilo=0|batoilo2=0|batt_vs=29493|mdis_morepower=0|thb_hda=51|cp_on_chip_0=36000|cp_on_chip_1=37000|G3D=35000|cp_on_chip_2=37000|cp_on_chip_3=35000|cp_on_chip_4=35000|rf2_therm=33000|rf1_therm=34000|ISP=34000|TPU=35000|AUR=34000|rfpa_therm=30592|quiet_therm=31260|charging_therm=32974|,ok,39000,37000,0,37000,1,single,touched,4096,512,10,512,517253,512,482340,0,4,4,ok
1,8,protected,4,357000,1795000,37000,37000,BIG=36000|MID=36000|usb_pwr_therm=29413|btmspkr_therm=29390|disp_therm=29368|north_therm=29635|soc_therm=32818|battery=29500|battery_cycle=5|dc-mains=33500|usbc-therm-adc=335|max77779fg=29500|LITTLE=35000|soc=9|smpl_gm=0|vdroop1=0|batoilo=0|batoilo2=0|batt_vs=29492|mdis_morepower=0|thb_hda=51|cp_on_chip_0=36000|cp_on_chip_1=37000|G3D=35000|cp_on_chip_2=37000|cp_on_chip_3=35000|cp_on_chip_4=35000|rf2_therm=33000|rf1_therm=34000|ISP=34000|TPU=34000|AUR=35000|rfpa_therm=30570|quiet_therm=31216|charging_therm=32930|,BIG=35000|MID=36000|usb_pwr_therm=29413|btmspkr_therm=29390|disp_therm=29368|north_therm=29635|soc_therm=32818|battery=29500|battery_cycle=5|dc-mains=33500|usbc-therm-adc=335|max77779fg=29500|LITTLE=35000|soc=9|smpl_gm=0|vdroop1=0|batoilo=0|batoilo2=0|batt_vs=29493|mdis_morepower=0|thb_hda=51|cp_on_chip_0=36000|cp_on_chip_1=37000|G3D=35000|cp_on_chip_2=37000|cp_on_chip_3=35000|cp_on_chip_4=35000|rf2_therm=33000|rf1_therm=34000|ISP=34000|TPU=35000|AUR=34000|rfpa_therm=30592|quiet_therm=31260|charging_therm=32974|,ok,39000,37000,0,37000,1,single,touched,4096,512,11,512,484090,512,480632,0,4,4,ok
1,8,protected,4,357000,1795000,37000,37000,BIG=36000|MID=36000|usb_pwr_therm=29413|btmspkr_therm=29390|disp_therm=29368|north_therm=29635|soc_therm=32818|battery=29500|battery_cycle=5|dc-mains=33500|usbc-therm-adc=335|max77779fg=29500|LITTLE=35000|soc=9|smpl_gm=0|vdroop1=0|batoilo=0|batoilo2=0|batt_vs=29492|mdis_morepower=0|thb_hda=51|cp_on_chip_0=36000|cp_on_chip_1=37000|G3D=35000|cp_on_chip_2=37000|cp_on_chip_3=35000|cp_on_chip_4=35000|rf2_therm=33000|rf1_therm=34000|ISP=34000|TPU=34000|AUR=35000|rfpa_therm=30570|quiet_therm=31216|charging_therm=32930|,BIG=35000|MID=36000|usb_pwr_therm=29413|btmspkr_therm=29390|disp_therm=29368|north_therm=29635|soc_therm=32818|battery=29500|battery_cycle=5|dc-mains=33500|usbc-therm-adc=335|max77779fg=29500|LITTLE=35000|soc=9|smpl_gm=0|vdroop1=0|batoilo=0|batoilo2=0|batt_vs=29493|mdis_morepower=0|thb_hda=51|cp_on_chip_0=36000|cp_on_chip_1=37000|G3D=35000|cp_on_chip_2=37000|cp_on_chip_3=35000|cp_on_chip_4=35000|rf2_therm=33000|rf1_therm=34000|ISP=34000|TPU=35000|AUR=34000|rfpa_therm=30592|quiet_therm=31260|charging_therm=32974|,ok,39000,37000,0,37000,1,single,touched,4096,512,12,512,478638,512,608073,0,4,4,ok
1,8,protected,4,357000,1795000,37000,37000,BIG=36000|MID=36000|usb_pwr_therm=29413|btmspkr_therm=29390|disp_therm=29368|north_therm=29635|soc_therm=32818|battery=29500|battery_cycle=5|dc-mains=33500|usbc-therm-adc=335|max77779fg=29500|LITTLE=35000|soc=9|smpl_gm=0|vdroop1=0|batoilo=0|batoilo2=0|batt_vs=29492|mdis_morepower=0|thb_hda=51|cp_on_chip_0=36000|cp_on_chip_1=37000|G3D=35000|cp_on_chip_2=37000|cp_on_chip_3=35000|cp_on_chip_4=35000|rf2_therm=33000|rf1_therm=34000|ISP=34000|TPU=34000|AUR=35000|rfpa_therm=30570|quiet_therm=31216|charging_therm=32930|,BIG=35000|MID=36000|usb_pwr_therm=29413|btmspkr_therm=29390|disp_therm=29368|north_therm=29635|soc_therm=32818|battery=29500|battery_cycle=5|dc-mains=33500|usbc-therm-adc=335|max77779fg=29500|LITTLE=35000|soc=9|smpl_gm=0|vdroop1=0|batoilo=0|batoilo2=0|batt_vs=29493|mdis_morepower=0|thb_hda=51|cp_on_chip_0=36000|cp_on_chip_1=37000|G3D=35000|cp_on_chip_2=37000|cp_on_chip_3=35000|cp_on_chip_4=35000|rf2_therm=33000|rf1_therm=34000|ISP=34000|TPU=35000|AUR=34000|rfpa_therm=30592|quiet_therm=31260|charging_therm=32974|,ok,39000,37000,0,37000,1,single,touched,4096,512,13,512,490682,512,500488,0,4,4,ok
1,8,protected,4,357000,1795000,37000,37000,BIG=36000|MID=36000|usb_pwr_therm=29413|btmspkr_therm=29390|disp_therm=29368|north_therm=29635|soc_therm=32818|battery=29500|battery_cycle=5|dc-mains=33500|usbc-therm-adc=335|max77779fg=29500|LITTLE=35000|soc=9|smpl_gm=0|vdroop1=0|batoilo=0|batoilo2=0|batt_vs=29492|mdis_morepower=0|thb_hda=51|cp_on_chip_0=36000|cp_on_chip_1=37000|G3D=35000|cp_on_chip_2=37000|cp_on_chip_3=35000|cp_on_chip_4=35000|rf2_therm=33000|rf1_therm=34000|ISP=34000|TPU=34000|AUR=35000|rfpa_therm=30570|quiet_therm=31216|charging_therm=32930|,BIG=35000|MID=36000|usb_pwr_therm=29413|btmspkr_therm=29390|disp_therm=29368|north_therm=29635|soc_therm=32818|battery=29500|battery_cycle=5|dc-mains=33500|usbc-therm-adc=335|max77779fg=29500|LITTLE=35000|soc=9|smpl_gm=0|vdroop1=0|batoilo=0|batoilo2=0|batt_vs=29493|mdis_morepower=0|thb_hda=51|cp_on_chip_0=36000|cp_on_chip_1=37000|G3D=35000|cp_on_chip_2=37000|cp_on_chip_3=35000|cp_on_chip_4=35000|rf2_therm=33000|rf1_therm=34000|ISP=34000|TPU=35000|AUR=34000|rfpa_therm=30592|quiet_therm=31260|charging_therm=32974|,ok,39000,37000,0,37000,1,single,touched,4096,512,14,512,470052,512,465657,0,4,4,ok
1,8,protected,4,357000,1795000,37000,37000,BIG=36000|MID=36000|usb_pwr_therm=29413|btmspkr_therm=29390|disp_therm=29368|north_therm=29635|soc_therm=32818|battery=29500|battery_cycle=5|dc-mains=33500|usbc-therm-adc=335|max77779fg=29500|LITTLE=35000|soc=9|smpl_gm=0|vdroop1=0|batoilo=0|batoilo2=0|batt_vs=29492|mdis_morepower=0|thb_hda=51|cp_on_chip_0=36000|cp_on_chip_1=37000|G3D=35000|cp_on_chip_2=37000|cp_on_chip_3=35000|cp_on_chip_4=35000|rf2_therm=33000|rf1_therm=34000|ISP=34000|TPU=34000|AUR=35000|rfpa_therm=30570|quiet_therm=31216|charging_therm=32930|,BIG=35000|MID=36000|usb_pwr_therm=29413|btmspkr_therm=29390|disp_therm=29368|north_therm=29635|soc_therm=32818|battery=29500|battery_cycle=5|dc-mains=33500|usbc-therm-adc=335|max77779fg=29500|LITTLE=35000|soc=9|smpl_gm=0|vdroop1=0|batoilo=0|batoilo2=0|batt_vs=29493|mdis_morepower=0|thb_hda=51|cp_on_chip_0=36000|cp_on_chip_1=37000|G3D=35000|cp_on_chip_2=37000|cp_on_chip_3=35000|cp_on_chip_4=35000|rf2_therm=33000|rf1_therm=34000|ISP=34000|TPU=35000|AUR=34000|rfpa_therm=30592|quiet_therm=31260|charging_therm=32974|,ok,39000,37000,0,37000,1,single,touched,4096,512,15,512,445923,512,465495,0,4,4,ok
1,8,protected,4,357000,1795000,37000,37000,BIG=36000|MID=36000|usb_pwr_therm=29413|btmspkr_therm=29390|disp_therm=29368|north_therm=29635|soc_therm=32818|battery=29500|battery_cycle=5|dc-mains=33500|usbc-therm-adc=335|max77779fg=29500|LITTLE=35000|soc=9|smpl_gm=0|vdroop1=0|batoilo=0|batoilo2=0|batt_vs=29492|mdis_morepower=0|thb_hda=51|cp_on_chip_0=36000|cp_on_chip_1=37000|G3D=35000|cp_on_chip_2=37000|cp_on_chip_3=35000|cp_on_chip_4=35000|rf2_therm=33000|rf1_therm=34000|ISP=34000|TPU=34000|AUR=35000|rfpa_therm=30570|quiet_therm=31216|charging_therm=32930|,BIG=35000|MID=36000|usb_pwr_therm=29413|btmspkr_therm=29390|disp_therm=29368|north_therm=29635|soc_therm=32818|battery=29500|battery_cycle=5|dc-mains=33500|usbc-therm-adc=335|max77779fg=29500|LITTLE=35000|soc=9|smpl_gm=0|vdroop1=0|batoilo=0|batoilo2=0|batt_vs=29493|mdis_morepower=0|thb_hda=51|cp_on_chip_0=36000|cp_on_chip_1=37000|G3D=35000|cp_on_chip_2=37000|cp_on_chip_3=35000|cp_on_chip_4=35000|rf2_therm=33000|rf1_therm=34000|ISP=34000|TPU=35000|AUR=34000|rfpa_therm=30592|quiet_therm=31260|charging_therm=32974|,ok,39000,37000,0,37000,1,single,touched,4096,512,16,512,449707,512,513834,0,4,4,ok
1,8,protected,4,357000,1795000,37000,37000,BIG=36000|MID=36000|usb_pwr_therm=29413|btmspkr_therm=29390|disp_therm=29368|north_therm=29635|soc_therm=32818|battery=29500|battery_cycle=5|dc-mains=33500|usbc-therm-adc=335|max77779fg=29500|LITTLE=35000|soc=9|smpl_gm=0|vdroop1=0|batoilo=0|batoilo2=0|batt_vs=29492|mdis_morepower=0|thb_hda=51|cp_on_chip_0=36000|cp_on_chip_1=37000|G3D=35000|cp_on_chip_2=37000|cp_on_chip_3=35000|cp_on_chip_4=35000|rf2_therm=33000|rf1_therm=34000|ISP=34000|TPU=34000|AUR=35000|rfpa_therm=30570|quiet_therm=31216|charging_therm=32930|,BIG=35000|MID=36000|usb_pwr_therm=29413|btmspkr_therm=29390|disp_therm=29368|north_therm=29635|soc_therm=32818|battery=29500|battery_cycle=5|dc-mains=33500|usbc-therm-adc=335|max77779fg=29500|LITTLE=35000|soc=9|smpl_gm=0|vdroop1=0|batoilo=0|batoilo2=0|batt_vs=29493|mdis_morepower=0|thb_hda=51|cp_on_chip_0=36000|cp_on_chip_1=37000|G3D=35000|cp_on_chip_2=37000|cp_on_chip_3=35000|cp_on_chip_4=35000|rf2_therm=33000|rf1_therm=34000|ISP=34000|TPU=35000|AUR=34000|rfpa_therm=30592|quiet_therm=31260|charging_therm=32974|,ok,39000,37000,0,37000,1,single,touched,4096,512,17,512,454753,512,465332,0,4,4,ok
1,8,protected,4,357000,1795000,37000,37000,BIG=36000|MID=36000|usb_pwr_therm=29413|btmspkr_therm=29390|disp_therm=29368|north_therm=29635|soc_therm=32818|battery=29500|battery_cycle=5|dc-mains=33500|usbc-therm-adc=335|max77779fg=29500|LITTLE=35000|soc=9|smpl_gm=0|vdroop1=0|batoilo=0|batoilo2=0|batt_vs=29492|mdis_morepower=0|thb_hda=51|cp_on_chip_0=36000|cp_on_chip_1=37000|G3D=35000|cp_on_chip_2=37000|cp_on_chip_3=35000|cp_on_chip_4=35000|rf2_therm=33000|rf1_therm=34000|ISP=34000|TPU=34000|AUR=35000|rfpa_therm=30570|quiet_therm=31216|charging_therm=32930|,BIG=35000|MID=36000|usb_pwr_therm=29413|btmspkr_therm=29390|disp_therm=29368|north_therm=29635|soc_therm=32818|battery=29500|battery_cycle=5|dc-mains=33500|usbc-therm-adc=335|max77779fg=29500|LITTLE=35000|soc=9|smpl_gm=0|vdroop1=0|batoilo=0|batoilo2=0|batt_vs=29493|mdis_morepower=0|thb_hda=51|cp_on_chip_0=36000|cp_on_chip_1=37000|G3D=35000|cp_on_chip_2=37000|cp_on_chip_3=35000|cp_on_chip_4=35000|rf2_therm=33000|rf1_therm=34000|ISP=34000|TPU=35000|AUR=34000|rfpa_therm=30592|quiet_therm=31260|charging_therm=32974|,ok,39000,37000,0,37000,1,single,touched,4096,512,18,512,441081,512,453735,0,4,4,ok
1,8,protected,4,357000,1795000,37000,37000,BIG=36000|MID=36000|usb_pwr_therm=29413|btmspkr_therm=29390|disp_therm=29368|north_therm=29635|soc_therm=32818|battery=29500|battery_cycle=5|dc-mains=33500|usbc-therm-adc=335|max77779fg=29500|LITTLE=35000|soc=9|smpl_gm=0|vdroop1=0|batoilo=0|batoilo2=0|batt_vs=29492|mdis_morepower=0|thb_hda=51|cp_on_chip_0=36000|cp_on_chip_1=37000|G3D=35000|cp_on_chip_2=37000|cp_on_chip_3=35000|cp_on_chip_4=35000|rf2_therm=33000|rf1_therm=34000|ISP=34000|TPU=34000|AUR=35000|rfpa_therm=30570|quiet_therm=31216|charging_therm=32930|,BIG=35000|MID=36000|usb_pwr_therm=29413|btmspkr_therm=29390|disp_therm=29368|north_therm=29635|soc_therm=32818|battery=29500|battery_cycle=5|dc-mains=33500|usbc-therm-adc=335|max77779fg=29500|LITTLE=35000|soc=9|smpl_gm=0|vdroop1=0|batoilo=0|batoilo2=0|batt_vs=29493|mdis_morepower=0|thb_hda=51|cp_on_chip_0=36000|cp_on_chip_1=37000|G3D=35000|cp_on_chip_2=37000|cp_on_chip_3=35000|cp_on_chip_4=35000|rf2_therm=33000|rf1_therm=34000|ISP=34000|TPU=35000|AUR=34000|rfpa_therm=30592|quiet_therm=31260|charging_therm=32974|,ok,39000,37000,0,37000,1,single,touched,4096,512,19,512,454956,512,459555,0,4,4,ok
1,8,protected,4,357000,1795000,37000,37000,BIG=36000|MID=36000|usb_pwr_therm=29413|btmspkr_therm=29390|disp_therm=29368|north_therm=29635|soc_therm=32818|battery=29500|battery_cycle=5|dc-mains=33500|usbc-therm-adc=335|max77779fg=29500|LITTLE=35000|soc=9|smpl_gm=0|vdroop1=0|batoilo=0|batoilo2=0|batt_vs=29492|mdis_morepower=0|thb_hda=51|cp_on_chip_0=36000|cp_on_chip_1=37000|G3D=35000|cp_on_chip_2=37000|cp_on_chip_3=35000|cp_on_chip_4=35000|rf2_therm=33000|rf1_therm=34000|ISP=34000|TPU=34000|AUR=35000|rfpa_therm=30570|quiet_therm=31216|charging_therm=32930|,BIG=35000|MID=36000|usb_pwr_therm=29413|btmspkr_therm=29390|disp_therm=29368|north_therm=29635|soc_therm=32818|battery=29500|battery_cycle=5|dc-mains=33500|usbc-therm-adc=335|max77779fg=29500|LITTLE=35000|soc=9|smpl_gm=0|vdroop1=0|batoilo=0|batoilo2=0|batt_vs=29493|mdis_morepower=0|thb_hda=51|cp_on_chip_0=36000|cp_on_chip_1=37000|G3D=35000|cp_on_chip_2=37000|cp_on_chip_3=35000|cp_on_chip_4=35000|rf2_therm=33000|rf1_therm=34000|ISP=34000|TPU=35000|AUR=34000|rfpa_therm=30592|quiet_therm=31260|charging_therm=32974|,ok,39000,37000,0,37000,1,single,touched,4096,512,20,512,448771,512,453695,0,4,4,ok
1,8,protected,4,357000,1795000,37000,37000,BIG=36000|MID=36000|usb_pwr_therm=29413|btmspkr_therm=29390|disp_therm=29368|north_therm=29635|soc_therm=32818|battery=29500|battery_cycle=5|dc-mains=33500|usbc-therm-adc=335|max77779fg=29500|LITTLE=35000|soc=9|smpl_gm=0|vdroop1=0|batoilo=0|batoilo2=0|batt_vs=29492|mdis_morepower=0|thb_hda=51|cp_on_chip_0=36000|cp_on_chip_1=37000|G3D=35000|cp_on_chip_2=37000|cp_on_chip_3=35000|cp_on_chip_4=35000|rf2_therm=33000|rf1_therm=34000|ISP=34000|TPU=34000|AUR=35000|rfpa_therm=30570|quiet_therm=31216|charging_therm=32930|,BIG=35000|MID=36000|usb_pwr_therm=29413|btmspkr_therm=29390|disp_therm=29368|north_therm=29635|soc_therm=32818|battery=29500|battery_cycle=5|dc-mains=33500|usbc-therm-adc=335|max77779fg=29500|LITTLE=35000|soc=9|smpl_gm=0|vdroop1=0|batoilo=0|batoilo2=0|batt_vs=29493|mdis_morepower=0|thb_hda=51|cp_on_chip_0=36000|cp_on_chip_1=37000|G3D=35000|cp_on_chip_2=37000|cp_on_chip_3=35000|cp_on_chip_4=35000|rf2_therm=33000|rf1_therm=34000|ISP=34000|TPU=35000|AUR=34000|rfpa_therm=30592|quiet_therm=31260|charging_therm=32974|,ok,39000,37000,0,37000,1,single,touched,4096,512,21,512,477987,512,448039,0,4,4,ok
1,8,protected,4,357000,1795000,37000,37000,BIG=36000|MID=36000|usb_pwr_therm=29413|btmspkr_therm=29390|disp_therm=29368|north_therm=29635|soc_therm=32818|battery=29500|battery_cycle=5|dc-mains=33500|usbc-therm-adc=335|max77779fg=29500|LITTLE=35000|soc=9|smpl_gm=0|vdroop1=0|batoilo=0|batoilo2=0|batt_vs=29492|mdis_morepower=0|thb_hda=51|cp_on_chip_0=36000|cp_on_chip_1=37000|G3D=35000|cp_on_chip_2=37000|cp_on_chip_3=35000|cp_on_chip_4=35000|rf2_therm=33000|rf1_therm=34000|ISP=34000|TPU=34000|AUR=35000|rfpa_therm=30570|quiet_therm=31216|charging_therm=32930|,BIG=35000|MID=36000|usb_pwr_therm=29413|btmspkr_therm=29390|disp_therm=29368|north_therm=29635|soc_therm=32818|battery=29500|battery_cycle=5|dc-mains=33500|usbc-therm-adc=335|max77779fg=29500|LITTLE=35000|soc=9|smpl_gm=0|vdroop1=0|batoilo=0|batoilo2=0|batt_vs=29493|mdis_morepower=0|thb_hda=51|cp_on_chip_0=36000|cp_on_chip_1=37000|G3D=35000|cp_on_chip_2=37000|cp_on_chip_3=35000|cp_on_chip_4=35000|rf2_therm=33000|rf1_therm=34000|ISP=34000|TPU=35000|AUR=34000|rfpa_therm=30592|quiet_therm=31260|charging_therm=32974|,ok,39000,37000,0,37000,1,single,touched,4096,512,22,512,454305,512,447551,0,4,4,ok
1,8,protected,4,357000,1795000,37000,37000,BIG=36000|MID=36000|usb_pwr_therm=29413|btmspkr_therm=29390|disp_therm=29368|north_therm=29635|soc_therm=32818|battery=29500|battery_cycle=5|dc-mains=33500|usbc-therm-adc=335|max77779fg=29500|LITTLE=35000|soc=9|smpl_gm=0|vdroop1=0|batoilo=0|batoilo2=0|batt_vs=29492|mdis_morepower=0|thb_hda=51|cp_on_chip_0=36000|cp_on_chip_1=37000|G3D=35000|cp_on_chip_2=37000|cp_on_chip_3=35000|cp_on_chip_4=35000|rf2_therm=33000|rf1_therm=34000|ISP=34000|TPU=34000|AUR=35000|rfpa_therm=30570|quiet_therm=31216|charging_therm=32930|,BIG=35000|MID=36000|usb_pwr_therm=29413|btmspkr_therm=29390|disp_therm=29368|north_therm=29635|soc_therm=32818|battery=29500|battery_cycle=5|dc-mains=33500|usbc-therm-adc=335|max77779fg=29500|LITTLE=35000|soc=9|smpl_gm=0|vdroop1=0|batoilo=0|batoilo2=0|batt_vs=29493|mdis_morepower=0|thb_hda=51|cp_on_chip_0=36000|cp_on_chip_1=37000|G3D=35000|cp_on_chip_2=37000|cp_on_chip_3=35000|cp_on_chip_4=35000|rf2_therm=33000|rf1_therm=34000|ISP=34000|TPU=35000|AUR=34000|rfpa_therm=30592|quiet_therm=31260|charging_therm=32974|,ok,39000,37000,0,37000,1,single,touched,4096,512,23,512,440918,512,493978,0,4,4,ok
1,8,protected,4,357000,1795000,37000,37000,BIG=36000|MID=36000|usb_pwr_therm=29413|btmspkr_therm=29390|disp_therm=29368|north_therm=29635|soc_therm=32818|battery=29500|battery_cycle=5|dc-mains=33500|usbc-therm-adc=335|max77779fg=29500|LITTLE=35000|soc=9|smpl_gm=0|vdroop1=0|batoilo=0|batoilo2=0|batt_vs=29492|mdis_morepower=0|thb_hda=51|cp_on_chip_0=36000|cp_on_chip_1=37000|G3D=35000|cp_on_chip_2=37000|cp_on_chip_3=35000|cp_on_chip_4=35000|rf2_therm=33000|rf1_therm=34000|ISP=34000|TPU=34000|AUR=35000|rfpa_therm=30570|quiet_therm=31216|charging_therm=32930|,BIG=35000|MID=36000|usb_pwr_therm=29413|btmspkr_therm=29390|disp_therm=29368|north_therm=29635|soc_therm=32818|battery=29500|battery_cycle=5|dc-mains=33500|usbc-therm-adc=335|max77779fg=29500|LITTLE=35000|soc=9|smpl_gm=0|vdroop1=0|batoilo=0|batoilo2=0|batt_vs=29493|mdis_morepower=0|thb_hda=51|cp_on_chip_0=36000|cp_on_chip_1=37000|G3D=35000|cp_on_chip_2=37000|cp_on_chip_3=35000|cp_on_chip_4=35000|rf2_therm=33000|rf1_therm=34000|ISP=34000|TPU=35000|AUR=34000|rfpa_therm=30592|quiet_therm=31260|charging_therm=32974|,ok,39000,37000,0,37000,1,single,touched,4096,512,24,512,438151,512,448161,0,4,4,ok
1,8,protected,4,357000,1795000,37000,37000,BIG=36000|MID=36000|usb_pwr_therm=29413|btmspkr_therm=29390|disp_therm=29368|north_therm=29635|soc_therm=32818|battery=29500|battery_cycle=5|dc-mains=33500|usbc-therm-adc=335|max77779fg=29500|LITTLE=35000|soc=9|smpl_gm=0|vdroop1=0|batoilo=0|batoilo2=0|batt_vs=29492|mdis_morepower=0|thb_hda=51|cp_on_chip_0=36000|cp_on_chip_1=37000|G3D=35000|cp_on_chip_2=37000|cp_on_chip_3=35000|cp_on_chip_4=35000|rf2_therm=33000|rf1_therm=34000|ISP=34000|TPU=34000|AUR=35000|rfpa_therm=30570|quiet_therm=31216|charging_therm=32930|,BIG=35000|MID=36000|usb_pwr_therm=29413|btmspkr_therm=29390|disp_therm=29368|north_therm=29635|soc_therm=32818|battery=29500|battery_cycle=5|dc-mains=33500|usbc-therm-adc=335|max77779fg=29500|LITTLE=35000|soc=9|smpl_gm=0|vdroop1=0|batoilo=0|batoilo2=0|batt_vs=29493|mdis_morepower=0|thb_hda=51|cp_on_chip_0=36000|cp_on_chip_1=37000|G3D=35000|cp_on_chip_2=37000|cp_on_chip_3=35000|cp_on_chip_4=35000|rf2_therm=33000|rf1_therm=34000|ISP=34000|TPU=35000|AUR=34000|rfpa_therm=30592|quiet_therm=31260|charging_therm=32974|,ok,39000,37000,0,37000,1,single,touched,4096,512,25,512,454712,512,448404,0,4,4,ok
1,8,protected,4,357000,1795000,37000,37000,BIG=36000|MID=36000|usb_pwr_therm=29413|btmspkr_therm=29390|disp_therm=29368|north_therm=29635|soc_therm=32818|battery=29500|battery_cycle=5|dc-mains=33500|usbc-therm-adc=335|max77779fg=29500|LITTLE=35000|soc=9|smpl_gm=0|vdroop1=0|batoilo=0|batoilo2=0|batt_vs=29492|mdis_morepower=0|thb_hda=51|cp_on_chip_0=36000|cp_on_chip_1=37000|G3D=35000|cp_on_chip_2=37000|cp_on_chip_3=35000|cp_on_chip_4=35000|rf2_therm=33000|rf1_therm=34000|ISP=34000|TPU=34000|AUR=35000|rfpa_therm=30570|quiet_therm=31216|charging_therm=32930|,BIG=35000|MID=36000|usb_pwr_therm=29413|btmspkr_therm=29390|disp_therm=29368|north_therm=29635|soc_therm=32818|battery=29500|battery_cycle=5|dc-mains=33500|usbc-therm-adc=335|max77779fg=29500|LITTLE=35000|soc=9|smpl_gm=0|vdroop1=0|batoilo=0|batoilo2=0|batt_vs=29493|mdis_morepower=0|thb_hda=51|cp_on_chip_0=36000|cp_on_chip_1=37000|G3D=35000|cp_on_chip_2=37000|cp_on_chip_3=35000|cp_on_chip_4=35000|rf2_therm=33000|rf1_therm=34000|ISP=34000|TPU=35000|AUR=34000|rfpa_therm=30592|quiet_therm=31260|charging_therm=32974|,ok,39000,37000,0,37000,1,single,touched,4096,512,26,512,443562,512,447672,0,4,4,ok
1,8,protected,4,357000,1795000,37000,37000,BIG=36000|MID=36000|usb_pwr_therm=29413|btmspkr_therm=29390|disp_therm=29368|north_therm=29635|soc_therm=32818|battery=29500|battery_cycle=5|dc-mains=33500|usbc-therm-adc=335|max77779fg=29500|LITTLE=35000|soc=9|smpl_gm=0|vdroop1=0|batoilo=0|batoilo2=0|batt_vs=29492|mdis_morepower=0|thb_hda=51|cp_on_chip_0=36000|cp_on_chip_1=37000|G3D=35000|cp_on_chip_2=37000|cp_on_chip_3=35000|cp_on_chip_4=35000|rf2_therm=33000|rf1_therm=34000|ISP=34000|TPU=34000|AUR=35000|rfpa_therm=30570|quiet_therm=31216|charging_therm=32930|,BIG=35000|MID=36000|usb_pwr_therm=29413|btmspkr_therm=29390|disp_therm=29368|north_therm=29635|soc_therm=32818|battery=29500|battery_cycle=5|dc-mains=33500|usbc-therm-adc=335|max77779fg=29500|LITTLE=35000|soc=9|smpl_gm=0|vdroop1=0|batoilo=0|batoilo2=0|batt_vs=29493|mdis_morepower=0|thb_hda=51|cp_on_chip_0=36000|cp_on_chip_1=37000|G3D=35000|cp_on_chip_2=37000|cp_on_chip_3=35000|cp_on_chip_4=35000|rf2_therm=33000|rf1_therm=34000|ISP=34000|TPU=35000|AUR=34000|rfpa_therm=30592|quiet_therm=31260|charging_therm=32974|,ok,39000,37000,0,37000,1,single,touched,4096,512,27,512,438070,512,448609,0,4,4,ok
1,8,protected,4,357000,1795000,37000,37000,BIG=36000|MID=36000|usb_pwr_therm=29413|btmspkr_therm=29390|disp_therm=29368|north_therm=29635|soc_therm=32818|battery=29500|battery_cycle=5|dc-mains=33500|usbc-therm-adc=335|max77779fg=29500|LITTLE=35000|soc=9|smpl_gm=0|vdroop1=0|batoilo=0|batoilo2=0|batt_vs=29492|mdis_morepower=0|thb_hda=51|cp_on_chip_0=36000|cp_on_chip_1=37000|G3D=35000|cp_on_chip_2=37000|cp_on_chip_3=35000|cp_on_chip_4=35000|rf2_therm=33000|rf1_therm=34000|ISP=34000|TPU=34000|AUR=35000|rfpa_therm=30570|quiet_therm=31216|charging_therm=32930|,BIG=35000|MID=36000|usb_pwr_therm=29413|btmspkr_therm=29390|disp_therm=29368|north_therm=29635|soc_therm=32818|battery=29500|battery_cycle=5|dc-mains=33500|usbc-therm-adc=335|max77779fg=29500|LITTLE=35000|soc=9|smpl_gm=0|vdroop1=0|batoilo=0|batoilo2=0|batt_vs=29493|mdis_morepower=0|thb_hda=51|cp_on_chip_0=36000|cp_on_chip_1=37000|G3D=35000|cp_on_chip_2=37000|cp_on_chip_3=35000|cp_on_chip_4=35000|rf2_therm=33000|rf1_therm=34000|ISP=34000|TPU=35000|AUR=34000|rfpa_therm=30592|quiet_therm=31260|charging_therm=32974|,ok,39000,37000,0,37000,1,single,touched,4096,512,28,512,439290,512,452799,0,4,4,ok
1,8,protected,4,357000,1795000,37000,37000,BIG=36000|MID=36000|usb_pwr_therm=29413|btmspkr_therm=29390|disp_therm=29368|north_therm=29635|soc_therm=32818|battery=29500|battery_cycle=5|dc-mains=33500|usbc-therm-adc=335|max77779fg=29500|LITTLE=35000|soc=9|smpl_gm=0|vdroop1=0|batoilo=0|batoilo2=0|batt_vs=29492|mdis_morepower=0|thb_hda=51|cp_on_chip_0=36000|cp_on_chip_1=37000|G3D=35000|cp_on_chip_2=37000|cp_on_chip_3=35000|cp_on_chip_4=35000|rf2_therm=33000|rf1_therm=34000|ISP=34000|TPU=34000|AUR=35000|rfpa_therm=30570|quiet_therm=31216|charging_therm=32930|,BIG=35000|MID=36000|usb_pwr_therm=29413|btmspkr_therm=29390|disp_therm=29368|north_therm=29635|soc_therm=32818|battery=29500|battery_cycle=5|dc-mains=33500|usbc-therm-adc=335|max77779fg=29500|LITTLE=35000|soc=9|smpl_gm=0|vdroop1=0|batoilo=0|batoilo2=0|batt_vs=29493|mdis_morepower=0|thb_hda=51|cp_on_chip_0=36000|cp_on_chip_1=37000|G3D=35000|cp_on_chip_2=37000|cp_on_chip_3=35000|cp_on_chip_4=35000|rf2_therm=33000|rf1_therm=34000|ISP=34000|TPU=35000|AUR=34000|rfpa_therm=30592|quiet_therm=31260|charging_therm=32974|,ok,39000,37000,0,37000,1,single,touched,4096,512,29,512,436971,512,478108,0,4,4,ok
1,9,protected,4,578000,578000,37000,37000,BIG=36000|MID=36000|usb_pwr_therm=29413|btmspkr_therm=29390|disp_therm=29368|north_therm=29657|soc_therm=32885|battery=29600|battery_cycle=5|dc-mains=33500|usbc-therm-adc=335|max77779fg=29600|LITTLE=35000|soc=9|smpl_gm=0|vdroop1=0|batoilo=0|batoilo2=0|batt_vs=29593|mdis_morepower=0|thb_hda=51|cp_on_chip_0=36000|cp_on_chip_1=37000|G3D=35000|cp_on_chip_2=37000|cp_on_chip_3=35000|cp_on_chip_4=35000|rf2_therm=33000|rf1_therm=34000|ISP=34000|TPU=35000|AUR=34000|rfpa_therm=30615|quiet_therm=31282|charging_therm=33019|,BIG=35000|MID=37000|usb_pwr_therm=29435|btmspkr_therm=29390|disp_therm=29368|north_therm=29680|soc_therm=32930|battery=29600|battery_cycle=5|dc-mains=33500|usbc-therm-adc=335|max77779fg=29600|LITTLE=36000|soc=9|smpl_gm=0|vdroop1=0|batoilo=0|batoilo2=0|batt_vs=29594|mdis_morepower=0|thb_hda=51|cp_on_chip_0=36000|cp_on_chip_1=37000|G3D=35000|cp_on_chip_2=37000|cp_on_chip_3=35000|cp_on_chip_4=35000|rf2_therm=33000|rf1_therm=34000|ISP=34000|TPU=35000|AUR=35000|rfpa_therm=30615|quiet_therm=31282|charging_therm=33019|,ok,39000,37000,0,37000,1,batched,untouched,4096,512,0,1,21525,0,4883,0,4,4,ok
1,9,protected,4,578000,578000,37000,37000,BIG=36000|MID=36000|usb_pwr_therm=29413|btmspkr_therm=29390|disp_therm=29368|north_therm=29657|soc_therm=32885|battery=29600|battery_cycle=5|dc-mains=33500|usbc-therm-adc=335|max77779fg=29600|LITTLE=35000|soc=9|smpl_gm=0|vdroop1=0|batoilo=0|batoilo2=0|batt_vs=29593|mdis_morepower=0|thb_hda=51|cp_on_chip_0=36000|cp_on_chip_1=37000|G3D=35000|cp_on_chip_2=37000|cp_on_chip_3=35000|cp_on_chip_4=35000|rf2_therm=33000|rf1_therm=34000|ISP=34000|TPU=35000|AUR=34000|rfpa_therm=30615|quiet_therm=31282|charging_therm=33019|,BIG=35000|MID=37000|usb_pwr_therm=29435|btmspkr_therm=29390|disp_therm=29368|north_therm=29680|soc_therm=32930|battery=29600|battery_cycle=5|dc-mains=33500|usbc-therm-adc=335|max77779fg=29600|LITTLE=36000|soc=9|smpl_gm=0|vdroop1=0|batoilo=0|batoilo2=0|batt_vs=29594|mdis_morepower=0|thb_hda=51|cp_on_chip_0=36000|cp_on_chip_1=37000|G3D=35000|cp_on_chip_2=37000|cp_on_chip_3=35000|cp_on_chip_4=35000|rf2_therm=33000|rf1_therm=34000|ISP=34000|TPU=35000|AUR=35000|rfpa_therm=30615|quiet_therm=31282|charging_therm=33019|,ok,39000,37000,0,37000,1,batched,untouched,4096,512,1,1,11963,0,2767,0,4,4,ok
1,9,protected,4,578000,578000,37000,37000,BIG=36000|MID=36000|usb_pwr_therm=29413|btmspkr_therm=29390|disp_therm=29368|north_therm=29657|soc_therm=32885|battery=29600|battery_cycle=5|dc-mains=33500|usbc-therm-adc=335|max77779fg=29600|LITTLE=35000|soc=9|smpl_gm=0|vdroop1=0|batoilo=0|batoilo2=0|batt_vs=29593|mdis_morepower=0|thb_hda=51|cp_on_chip_0=36000|cp_on_chip_1=37000|G3D=35000|cp_on_chip_2=37000|cp_on_chip_3=35000|cp_on_chip_4=35000|rf2_therm=33000|rf1_therm=34000|ISP=34000|TPU=35000|AUR=34000|rfpa_therm=30615|quiet_therm=31282|charging_therm=33019|,BIG=35000|MID=37000|usb_pwr_therm=29435|btmspkr_therm=29390|disp_therm=29368|north_therm=29680|soc_therm=32930|battery=29600|battery_cycle=5|dc-mains=33500|usbc-therm-adc=335|max77779fg=29600|LITTLE=36000|soc=9|smpl_gm=0|vdroop1=0|batoilo=0|batoilo2=0|batt_vs=29594|mdis_morepower=0|thb_hda=51|cp_on_chip_0=36000|cp_on_chip_1=37000|G3D=35000|cp_on_chip_2=37000|cp_on_chip_3=35000|cp_on_chip_4=35000|rf2_therm=33000|rf1_therm=34000|ISP=34000|TPU=35000|AUR=35000|rfpa_therm=30615|quiet_therm=31282|charging_therm=33019|,ok,39000,37000,0,37000,1,batched,untouched,4096,512,2,1,13346,0,2523,0,4,4,ok
1,9,protected,4,578000,578000,37000,37000,BIG=36000|MID=36000|usb_pwr_therm=29413|btmspkr_therm=29390|disp_therm=29368|north_therm=29657|soc_therm=32885|battery=29600|battery_cycle=5|dc-mains=33500|usbc-therm-adc=335|max77779fg=29600|LITTLE=35000|soc=9|smpl_gm=0|vdroop1=0|batoilo=0|batoilo2=0|batt_vs=29593|mdis_morepower=0|thb_hda=51|cp_on_chip_0=36000|cp_on_chip_1=37000|G3D=35000|cp_on_chip_2=37000|cp_on_chip_3=35000|cp_on_chip_4=35000|rf2_therm=33000|rf1_therm=34000|ISP=34000|TPU=35000|AUR=34000|rfpa_therm=30615|quiet_therm=31282|charging_therm=33019|,BIG=35000|MID=37000|usb_pwr_therm=29435|btmspkr_therm=29390|disp_therm=29368|north_therm=29680|soc_therm=32930|battery=29600|battery_cycle=5|dc-mains=33500|usbc-therm-adc=335|max77779fg=29600|LITTLE=36000|soc=9|smpl_gm=0|vdroop1=0|batoilo=0|batoilo2=0|batt_vs=29594|mdis_morepower=0|thb_hda=51|cp_on_chip_0=36000|cp_on_chip_1=37000|G3D=35000|cp_on_chip_2=37000|cp_on_chip_3=35000|cp_on_chip_4=35000|rf2_therm=33000|rf1_therm=34000|ISP=34000|TPU=35000|AUR=35000|rfpa_therm=30615|quiet_therm=31282|charging_therm=33019|,ok,39000,37000,0,37000,1,batched,untouched,4096,512,3,1,14201,0,2442,0,4,4,ok
1,9,protected,4,578000,578000,37000,37000,BIG=36000|MID=36000|usb_pwr_therm=29413|btmspkr_therm=29390|disp_therm=29368|north_therm=29657|soc_therm=32885|battery=29600|battery_cycle=5|dc-mains=33500|usbc-therm-adc=335|max77779fg=29600|LITTLE=35000|soc=9|smpl_gm=0|vdroop1=0|batoilo=0|batoilo2=0|batt_vs=29593|mdis_morepower=0|thb_hda=51|cp_on_chip_0=36000|cp_on_chip_1=37000|G3D=35000|cp_on_chip_2=37000|cp_on_chip_3=35000|cp_on_chip_4=35000|rf2_therm=33000|rf1_therm=34000|ISP=34000|TPU=35000|AUR=34000|rfpa_therm=30615|quiet_therm=31282|charging_therm=33019|,BIG=35000|MID=37000|usb_pwr_therm=29435|btmspkr_therm=29390|disp_therm=29368|north_therm=29680|soc_therm=32930|battery=29600|battery_cycle=5|dc-mains=33500|usbc-therm-adc=335|max77779fg=29600|LITTLE=36000|soc=9|smpl_gm=0|vdroop1=0|batoilo=0|batoilo2=0|batt_vs=29594|mdis_morepower=0|thb_hda=51|cp_on_chip_0=36000|cp_on_chip_1=37000|G3D=35000|cp_on_chip_2=37000|cp_on_chip_3=35000|cp_on_chip_4=35000|rf2_therm=33000|rf1_therm=34000|ISP=34000|TPU=35000|AUR=35000|rfpa_therm=30615|quiet_therm=31282|charging_therm=33019|,ok,39000,37000,0,37000,1,batched,untouched,4096,512,4,1,13672,0,2319,0,4,4,ok
1,9,protected,4,578000,578000,37000,37000,BIG=36000|MID=36000|usb_pwr_therm=29413|btmspkr_therm=29390|disp_therm=29368|north_therm=29657|soc_therm=32885|battery=29600|battery_cycle=5|dc-mains=33500|usbc-therm-adc=335|max77779fg=29600|LITTLE=35000|soc=9|smpl_gm=0|vdroop1=0|batoilo=0|batoilo2=0|batt_vs=29593|mdis_morepower=0|thb_hda=51|cp_on_chip_0=36000|cp_on_chip_1=37000|G3D=35000|cp_on_chip_2=37000|cp_on_chip_3=35000|cp_on_chip_4=35000|rf2_therm=33000|rf1_therm=34000|ISP=34000|TPU=35000|AUR=34000|rfpa_therm=30615|quiet_therm=31282|charging_therm=33019|,BIG=35000|MID=37000|usb_pwr_therm=29435|btmspkr_therm=29390|disp_therm=29368|north_therm=29680|soc_therm=32930|battery=29600|battery_cycle=5|dc-mains=33500|usbc-therm-adc=335|max77779fg=29600|LITTLE=36000|soc=9|smpl_gm=0|vdroop1=0|batoilo=0|batoilo2=0|batt_vs=29594|mdis_morepower=0|thb_hda=51|cp_on_chip_0=36000|cp_on_chip_1=37000|G3D=35000|cp_on_chip_2=37000|cp_on_chip_3=35000|cp_on_chip_4=35000|rf2_therm=33000|rf1_therm=34000|ISP=34000|TPU=35000|AUR=35000|rfpa_therm=30615|quiet_therm=31282|charging_therm=33019|,ok,39000,37000,0,37000,1,batched,untouched,4096,512,5,1,38411,0,2401,0,4,4,ok
1,9,protected,4,578000,578000,37000,37000,BIG=36000|MID=36000|usb_pwr_therm=29413|btmspkr_therm=29390|disp_therm=29368|north_therm=29657|soc_therm=32885|battery=29600|battery_cycle=5|dc-mains=33500|usbc-therm-adc=335|max77779fg=29600|LITTLE=35000|soc=9|smpl_gm=0|vdroop1=0|batoilo=0|batoilo2=0|batt_vs=29593|mdis_morepower=0|thb_hda=51|cp_on_chip_0=36000|cp_on_chip_1=37000|G3D=35000|cp_on_chip_2=37000|cp_on_chip_3=35000|cp_on_chip_4=35000|rf2_therm=33000|rf1_therm=34000|ISP=34000|TPU=35000|AUR=34000|rfpa_therm=30615|quiet_therm=31282|charging_therm=33019|,BIG=35000|MID=37000|usb_pwr_therm=29435|btmspkr_therm=29390|disp_therm=29368|north_therm=29680|soc_therm=32930|battery=29600|battery_cycle=5|dc-mains=33500|usbc-therm-adc=335|max77779fg=29600|LITTLE=36000|soc=9|smpl_gm=0|vdroop1=0|batoilo=0|batoilo2=0|batt_vs=29594|mdis_morepower=0|thb_hda=51|cp_on_chip_0=36000|cp_on_chip_1=37000|G3D=35000|cp_on_chip_2=37000|cp_on_chip_3=35000|cp_on_chip_4=35000|rf2_therm=33000|rf1_therm=34000|ISP=34000|TPU=35000|AUR=35000|rfpa_therm=30615|quiet_therm=31282|charging_therm=33019|,ok,39000,37000,0,37000,1,batched,untouched,4096,512,6,1,35645,0,2278,0,4,4,ok
1,9,protected,4,578000,578000,37000,37000,BIG=36000|MID=36000|usb_pwr_therm=29413|btmspkr_therm=29390|disp_therm=29368|north_therm=29657|soc_therm=32885|battery=29600|battery_cycle=5|dc-mains=33500|usbc-therm-adc=335|max77779fg=29600|LITTLE=35000|soc=9|smpl_gm=0|vdroop1=0|batoilo=0|batoilo2=0|batt_vs=29593|mdis_morepower=0|thb_hda=51|cp_on_chip_0=36000|cp_on_chip_1=37000|G3D=35000|cp_on_chip_2=37000|cp_on_chip_3=35000|cp_on_chip_4=35000|rf2_therm=33000|rf1_therm=34000|ISP=34000|TPU=35000|AUR=34000|rfpa_therm=30615|quiet_therm=31282|charging_therm=33019|,BIG=35000|MID=37000|usb_pwr_therm=29435|btmspkr_therm=29390|disp_therm=29368|north_therm=29680|soc_therm=32930|battery=29600|battery_cycle=5|dc-mains=33500|usbc-therm-adc=335|max77779fg=29600|LITTLE=36000|soc=9|smpl_gm=0|vdroop1=0|batoilo=0|batoilo2=0|batt_vs=29594|mdis_morepower=0|thb_hda=51|cp_on_chip_0=36000|cp_on_chip_1=37000|G3D=35000|cp_on_chip_2=37000|cp_on_chip_3=35000|cp_on_chip_4=35000|rf2_therm=33000|rf1_therm=34000|ISP=34000|TPU=35000|AUR=35000|rfpa_therm=30615|quiet_therm=31282|charging_therm=33019|,ok,39000,37000,0,37000,1,batched,untouched,4096,512,7,1,38005,0,2400,0,4,4,ok
1,9,protected,4,578000,578000,37000,37000,BIG=36000|MID=36000|usb_pwr_therm=29413|btmspkr_therm=29390|disp_therm=29368|north_therm=29657|soc_therm=32885|battery=29600|battery_cycle=5|dc-mains=33500|usbc-therm-adc=335|max77779fg=29600|LITTLE=35000|soc=9|smpl_gm=0|vdroop1=0|batoilo=0|batoilo2=0|batt_vs=29593|mdis_morepower=0|thb_hda=51|cp_on_chip_0=36000|cp_on_chip_1=37000|G3D=35000|cp_on_chip_2=37000|cp_on_chip_3=35000|cp_on_chip_4=35000|rf2_therm=33000|rf1_therm=34000|ISP=34000|TPU=35000|AUR=34000|rfpa_therm=30615|quiet_therm=31282|charging_therm=33019|,BIG=35000|MID=37000|usb_pwr_therm=29435|btmspkr_therm=29390|disp_therm=29368|north_therm=29680|soc_therm=32930|battery=29600|battery_cycle=5|dc-mains=33500|usbc-therm-adc=335|max77779fg=29600|LITTLE=36000|soc=9|smpl_gm=0|vdroop1=0|batoilo=0|batoilo2=0|batt_vs=29594|mdis_morepower=0|thb_hda=51|cp_on_chip_0=36000|cp_on_chip_1=37000|G3D=35000|cp_on_chip_2=37000|cp_on_chip_3=35000|cp_on_chip_4=35000|rf2_therm=33000|rf1_therm=34000|ISP=34000|TPU=35000|AUR=35000|rfpa_therm=30615|quiet_therm=31282|charging_therm=33019|,ok,39000,37000,0,37000,1,batched,untouched,4096,512,8,1,38289,0,2645,0,4,4,ok
1,9,protected,4,578000,578000,37000,37000,BIG=36000|MID=36000|usb_pwr_therm=29413|btmspkr_therm=29390|disp_therm=29368|north_therm=29657|soc_therm=32885|battery=29600|battery_cycle=5|dc-mains=33500|usbc-therm-adc=335|max77779fg=29600|LITTLE=35000|soc=9|smpl_gm=0|vdroop1=0|batoilo=0|batoilo2=0|batt_vs=29593|mdis_morepower=0|thb_hda=51|cp_on_chip_0=36000|cp_on_chip_1=37000|G3D=35000|cp_on_chip_2=37000|cp_on_chip_3=35000|cp_on_chip_4=35000|rf2_therm=33000|rf1_therm=34000|ISP=34000|TPU=35000|AUR=34000|rfpa_therm=30615|quiet_therm=31282|charging_therm=33019|,BIG=35000|MID=37000|usb_pwr_therm=29435|btmspkr_therm=29390|disp_therm=29368|north_therm=29680|soc_therm=32930|battery=29600|battery_cycle=5|dc-mains=33500|usbc-therm-adc=335|max77779fg=29600|LITTLE=36000|soc=9|smpl_gm=0|vdroop1=0|batoilo=0|batoilo2=0|batt_vs=29594|mdis_morepower=0|thb_hda=51|cp_on_chip_0=36000|cp_on_chip_1=37000|G3D=35000|cp_on_chip_2=37000|cp_on_chip_3=35000|cp_on_chip_4=35000|rf2_therm=33000|rf1_therm=34000|ISP=34000|TPU=35000|AUR=35000|rfpa_therm=30615|quiet_therm=31282|charging_therm=33019|,ok,39000,37000,0,37000,1,batched,untouched,4096,512,9,1,41667,0,2442,0,4,4,ok
1,9,protected,4,578000,578000,37000,37000,BIG=36000|MID=36000|usb_pwr_therm=29413|btmspkr_therm=29390|disp_therm=29368|north_therm=29657|soc_therm=32885|battery=29600|battery_cycle=5|dc-mains=33500|usbc-therm-adc=335|max77779fg=29600|LITTLE=35000|soc=9|smpl_gm=0|vdroop1=0|batoilo=0|batoilo2=0|batt_vs=29593|mdis_morepower=0|thb_hda=51|cp_on_chip_0=36000|cp_on_chip_1=37000|G3D=35000|cp_on_chip_2=37000|cp_on_chip_3=35000|cp_on_chip_4=35000|rf2_therm=33000|rf1_therm=34000|ISP=34000|TPU=35000|AUR=34000|rfpa_therm=30615|quiet_therm=31282|charging_therm=33019|,BIG=35000|MID=37000|usb_pwr_therm=29435|btmspkr_therm=29390|disp_therm=29368|north_therm=29680|soc_therm=32930|battery=29600|battery_cycle=5|dc-mains=33500|usbc-therm-adc=335|max77779fg=29600|LITTLE=36000|soc=9|smpl_gm=0|vdroop1=0|batoilo=0|batoilo2=0|batt_vs=29594|mdis_morepower=0|thb_hda=51|cp_on_chip_0=36000|cp_on_chip_1=37000|G3D=35000|cp_on_chip_2=37000|cp_on_chip_3=35000|cp_on_chip_4=35000|rf2_therm=33000|rf1_therm=34000|ISP=34000|TPU=35000|AUR=35000|rfpa_therm=30615|quiet_therm=31282|charging_therm=33019|,ok,39000,37000,0,37000,1,batched,untouched,4096,512,10,1,11231,0,2360,0,4,4,ok
1,9,protected,4,578000,578000,37000,37000,BIG=36000|MID=36000|usb_pwr_therm=29413|btmspkr_therm=29390|disp_therm=29368|north_therm=29657|soc_therm=32885|battery=29600|battery_cycle=5|dc-mains=33500|usbc-therm-adc=335|max77779fg=29600|LITTLE=35000|soc=9|smpl_gm=0|vdroop1=0|batoilo=0|batoilo2=0|batt_vs=29593|mdis_morepower=0|thb_hda=51|cp_on_chip_0=36000|cp_on_chip_1=37000|G3D=35000|cp_on_chip_2=37000|cp_on_chip_3=35000|cp_on_chip_4=35000|rf2_therm=33000|rf1_therm=34000|ISP=34000|TPU=35000|AUR=34000|rfpa_therm=30615|quiet_therm=31282|charging_therm=33019|,BIG=35000|MID=37000|usb_pwr_therm=29435|btmspkr_therm=29390|disp_therm=29368|north_therm=29680|soc_therm=32930|battery=29600|battery_cycle=5|dc-mains=33500|usbc-therm-adc=335|max77779fg=29600|LITTLE=36000|soc=9|smpl_gm=0|vdroop1=0|batoilo=0|batoilo2=0|batt_vs=29594|mdis_morepower=0|thb_hda=51|cp_on_chip_0=36000|cp_on_chip_1=37000|G3D=35000|cp_on_chip_2=37000|cp_on_chip_3=35000|cp_on_chip_4=35000|rf2_therm=33000|rf1_therm=34000|ISP=34000|TPU=35000|AUR=35000|rfpa_therm=30615|quiet_therm=31282|charging_therm=33019|,ok,39000,37000,0,37000,1,batched,untouched,4096,512,11,1,16602,0,3255,0,4,4,ok
1,9,protected,4,578000,578000,37000,37000,BIG=36000|MID=36000|usb_pwr_therm=29413|btmspkr_therm=29390|disp_therm=29368|north_therm=29657|soc_therm=32885|battery=29600|battery_cycle=5|dc-mains=33500|usbc-therm-adc=335|max77779fg=29600|LITTLE=35000|soc=9|smpl_gm=0|vdroop1=0|batoilo=0|batoilo2=0|batt_vs=29593|mdis_morepower=0|thb_hda=51|cp_on_chip_0=36000|cp_on_chip_1=37000|G3D=35000|cp_on_chip_2=37000|cp_on_chip_3=35000|cp_on_chip_4=35000|rf2_therm=33000|rf1_therm=34000|ISP=34000|TPU=35000|AUR=34000|rfpa_therm=30615|quiet_therm=31282|charging_therm=33019|,BIG=35000|MID=37000|usb_pwr_therm=29435|btmspkr_therm=29390|disp_therm=29368|north_therm=29680|soc_therm=32930|battery=29600|battery_cycle=5|dc-mains=33500|usbc-therm-adc=335|max77779fg=29600|LITTLE=36000|soc=9|smpl_gm=0|vdroop1=0|batoilo=0|batoilo2=0|batt_vs=29594|mdis_morepower=0|thb_hda=51|cp_on_chip_0=36000|cp_on_chip_1=37000|G3D=35000|cp_on_chip_2=37000|cp_on_chip_3=35000|cp_on_chip_4=35000|rf2_therm=33000|rf1_therm=34000|ISP=34000|TPU=35000|AUR=35000|rfpa_therm=30615|quiet_therm=31282|charging_therm=33019|,ok,39000,37000,0,37000,1,batched,untouched,4096,512,12,1,11474,0,2482,0,4,4,ok
1,9,protected,4,578000,578000,37000,37000,BIG=36000|MID=36000|usb_pwr_therm=29413|btmspkr_therm=29390|disp_therm=29368|north_therm=29657|soc_therm=32885|battery=29600|battery_cycle=5|dc-mains=33500|usbc-therm-adc=335|max77779fg=29600|LITTLE=35000|soc=9|smpl_gm=0|vdroop1=0|batoilo=0|batoilo2=0|batt_vs=29593|mdis_morepower=0|thb_hda=51|cp_on_chip_0=36000|cp_on_chip_1=37000|G3D=35000|cp_on_chip_2=37000|cp_on_chip_3=35000|cp_on_chip_4=35000|rf2_therm=33000|rf1_therm=34000|ISP=34000|TPU=35000|AUR=34000|rfpa_therm=30615|quiet_therm=31282|charging_therm=33019|,BIG=35000|MID=37000|usb_pwr_therm=29435|btmspkr_therm=29390|disp_therm=29368|north_therm=29680|soc_therm=32930|battery=29600|battery_cycle=5|dc-mains=33500|usbc-therm-adc=335|max77779fg=29600|LITTLE=36000|soc=9|smpl_gm=0|vdroop1=0|batoilo=0|batoilo2=0|batt_vs=29594|mdis_morepower=0|thb_hda=51|cp_on_chip_0=36000|cp_on_chip_1=37000|G3D=35000|cp_on_chip_2=37000|cp_on_chip_3=35000|cp_on_chip_4=35000|rf2_therm=33000|rf1_therm=34000|ISP=34000|TPU=35000|AUR=35000|rfpa_therm=30615|quiet_therm=31282|charging_therm=33019|,ok,39000,37000,0,37000,1,batched,untouched,4096,512,13,1,11556,0,2482,0,4,4,ok
1,9,protected,4,578000,578000,37000,37000,BIG=36000|MID=36000|usb_pwr_therm=29413|btmspkr_therm=29390|disp_therm=29368|north_therm=29657|soc_therm=32885|battery=29600|battery_cycle=5|dc-mains=33500|usbc-therm-adc=335|max77779fg=29600|LITTLE=35000|soc=9|smpl_gm=0|vdroop1=0|batoilo=0|batoilo2=0|batt_vs=29593|mdis_morepower=0|thb_hda=51|cp_on_chip_0=36000|cp_on_chip_1=37000|G3D=35000|cp_on_chip_2=37000|cp_on_chip_3=35000|cp_on_chip_4=35000|rf2_therm=33000|rf1_therm=34000|ISP=34000|TPU=35000|AUR=34000|rfpa_therm=30615|quiet_therm=31282|charging_therm=33019|,BIG=35000|MID=37000|usb_pwr_therm=29435|btmspkr_therm=29390|disp_therm=29368|north_therm=29680|soc_therm=32930|battery=29600|battery_cycle=5|dc-mains=33500|usbc-therm-adc=335|max77779fg=29600|LITTLE=36000|soc=9|smpl_gm=0|vdroop1=0|batoilo=0|batoilo2=0|batt_vs=29594|mdis_morepower=0|thb_hda=51|cp_on_chip_0=36000|cp_on_chip_1=37000|G3D=35000|cp_on_chip_2=37000|cp_on_chip_3=35000|cp_on_chip_4=35000|rf2_therm=33000|rf1_therm=34000|ISP=34000|TPU=35000|AUR=35000|rfpa_therm=30615|quiet_therm=31282|charging_therm=33019|,ok,39000,37000,0,37000,1,batched,untouched,4096,512,14,1,10620,0,2482,0,4,4,ok
1,9,protected,4,578000,578000,37000,37000,BIG=36000|MID=36000|usb_pwr_therm=29413|btmspkr_therm=29390|disp_therm=29368|north_therm=29657|soc_therm=32885|battery=29600|battery_cycle=5|dc-mains=33500|usbc-therm-adc=335|max77779fg=29600|LITTLE=35000|soc=9|smpl_gm=0|vdroop1=0|batoilo=0|batoilo2=0|batt_vs=29593|mdis_morepower=0|thb_hda=51|cp_on_chip_0=36000|cp_on_chip_1=37000|G3D=35000|cp_on_chip_2=37000|cp_on_chip_3=35000|cp_on_chip_4=35000|rf2_therm=33000|rf1_therm=34000|ISP=34000|TPU=35000|AUR=34000|rfpa_therm=30615|quiet_therm=31282|charging_therm=33019|,BIG=35000|MID=37000|usb_pwr_therm=29435|btmspkr_therm=29390|disp_therm=29368|north_therm=29680|soc_therm=32930|battery=29600|battery_cycle=5|dc-mains=33500|usbc-therm-adc=335|max77779fg=29600|LITTLE=36000|soc=9|smpl_gm=0|vdroop1=0|batoilo=0|batoilo2=0|batt_vs=29594|mdis_morepower=0|thb_hda=51|cp_on_chip_0=36000|cp_on_chip_1=37000|G3D=35000|cp_on_chip_2=37000|cp_on_chip_3=35000|cp_on_chip_4=35000|rf2_therm=33000|rf1_therm=34000|ISP=34000|TPU=35000|AUR=35000|rfpa_therm=30615|quiet_therm=31282|charging_therm=33019|,ok,39000,37000,0,37000,1,batched,untouched,4096,512,15,1,38045,0,2482,0,4,4,ok
1,9,protected,4,578000,578000,37000,37000,BIG=36000|MID=36000|usb_pwr_therm=29413|btmspkr_therm=29390|disp_therm=29368|north_therm=29657|soc_therm=32885|battery=29600|battery_cycle=5|dc-mains=33500|usbc-therm-adc=335|max77779fg=29600|LITTLE=35000|soc=9|smpl_gm=0|vdroop1=0|batoilo=0|batoilo2=0|batt_vs=29593|mdis_morepower=0|thb_hda=51|cp_on_chip_0=36000|cp_on_chip_1=37000|G3D=35000|cp_on_chip_2=37000|cp_on_chip_3=35000|cp_on_chip_4=35000|rf2_therm=33000|rf1_therm=34000|ISP=34000|TPU=35000|AUR=34000|rfpa_therm=30615|quiet_therm=31282|charging_therm=33019|,BIG=35000|MID=37000|usb_pwr_therm=29435|btmspkr_therm=29390|disp_therm=29368|north_therm=29680|soc_therm=32930|battery=29600|battery_cycle=5|dc-mains=33500|usbc-therm-adc=335|max77779fg=29600|LITTLE=36000|soc=9|smpl_gm=0|vdroop1=0|batoilo=0|batoilo2=0|batt_vs=29594|mdis_morepower=0|thb_hda=51|cp_on_chip_0=36000|cp_on_chip_1=37000|G3D=35000|cp_on_chip_2=37000|cp_on_chip_3=35000|cp_on_chip_4=35000|rf2_therm=33000|rf1_therm=34000|ISP=34000|TPU=35000|AUR=35000|rfpa_therm=30615|quiet_therm=31282|charging_therm=33019|,ok,39000,37000,0,37000,1,batched,untouched,4096,512,16,1,37923,0,2482,0,4,4,ok
1,9,protected,4,578000,578000,37000,37000,BIG=36000|MID=36000|usb_pwr_therm=29413|btmspkr_therm=29390|disp_therm=29368|north_therm=29657|soc_therm=32885|battery=29600|battery_cycle=5|dc-mains=33500|usbc-therm-adc=335|max77779fg=29600|LITTLE=35000|soc=9|smpl_gm=0|vdroop1=0|batoilo=0|batoilo2=0|batt_vs=29593|mdis_morepower=0|thb_hda=51|cp_on_chip_0=36000|cp_on_chip_1=37000|G3D=35000|cp_on_chip_2=37000|cp_on_chip_3=35000|cp_on_chip_4=35000|rf2_therm=33000|rf1_therm=34000|ISP=34000|TPU=35000|AUR=34000|rfpa_therm=30615|quiet_therm=31282|charging_therm=33019|,BIG=35000|MID=37000|usb_pwr_therm=29435|btmspkr_therm=29390|disp_therm=29368|north_therm=29680|soc_therm=32930|battery=29600|battery_cycle=5|dc-mains=33500|usbc-therm-adc=335|max77779fg=29600|LITTLE=36000|soc=9|smpl_gm=0|vdroop1=0|batoilo=0|batoilo2=0|batt_vs=29594|mdis_morepower=0|thb_hda=51|cp_on_chip_0=36000|cp_on_chip_1=37000|G3D=35000|cp_on_chip_2=37000|cp_on_chip_3=35000|cp_on_chip_4=35000|rf2_therm=33000|rf1_therm=34000|ISP=34000|TPU=35000|AUR=35000|rfpa_therm=30615|quiet_therm=31282|charging_therm=33019|,ok,39000,37000,0,37000,1,batched,untouched,4096,512,17,1,42155,0,2400,0,4,4,ok
1,9,protected,4,578000,578000,37000,37000,BIG=36000|MID=36000|usb_pwr_therm=29413|btmspkr_therm=29390|disp_therm=29368|north_therm=29657|soc_therm=32885|battery=29600|battery_cycle=5|dc-mains=33500|usbc-therm-adc=335|max77779fg=29600|LITTLE=35000|soc=9|smpl_gm=0|vdroop1=0|batoilo=0|batoilo2=0|batt_vs=29593|mdis_morepower=0|thb_hda=51|cp_on_chip_0=36000|cp_on_chip_1=37000|G3D=35000|cp_on_chip_2=37000|cp_on_chip_3=35000|cp_on_chip_4=35000|rf2_therm=33000|rf1_therm=34000|ISP=34000|TPU=35000|AUR=34000|rfpa_therm=30615|quiet_therm=31282|charging_therm=33019|,BIG=35000|MID=37000|usb_pwr_therm=29435|btmspkr_therm=29390|disp_therm=29368|north_therm=29680|soc_therm=32930|battery=29600|battery_cycle=5|dc-mains=33500|usbc-therm-adc=335|max77779fg=29600|LITTLE=36000|soc=9|smpl_gm=0|vdroop1=0|batoilo=0|batoilo2=0|batt_vs=29594|mdis_morepower=0|thb_hda=51|cp_on_chip_0=36000|cp_on_chip_1=37000|G3D=35000|cp_on_chip_2=37000|cp_on_chip_3=35000|cp_on_chip_4=35000|rf2_therm=33000|rf1_therm=34000|ISP=34000|TPU=35000|AUR=35000|rfpa_therm=30615|quiet_therm=31282|charging_therm=33019|,ok,39000,37000,0,37000,1,batched,untouched,4096,512,18,1,37882,0,2442,0,4,4,ok
1,9,protected,4,578000,578000,37000,37000,BIG=36000|MID=36000|usb_pwr_therm=29413|btmspkr_therm=29390|disp_therm=29368|north_therm=29657|soc_therm=32885|battery=29600|battery_cycle=5|dc-mains=33500|usbc-therm-adc=335|max77779fg=29600|LITTLE=35000|soc=9|smpl_gm=0|vdroop1=0|batoilo=0|batoilo2=0|batt_vs=29593|mdis_morepower=0|thb_hda=51|cp_on_chip_0=36000|cp_on_chip_1=37000|G3D=35000|cp_on_chip_2=37000|cp_on_chip_3=35000|cp_on_chip_4=35000|rf2_therm=33000|rf1_therm=34000|ISP=34000|TPU=35000|AUR=34000|rfpa_therm=30615|quiet_therm=31282|charging_therm=33019|,BIG=35000|MID=37000|usb_pwr_therm=29435|btmspkr_therm=29390|disp_therm=29368|north_therm=29680|soc_therm=32930|battery=29600|battery_cycle=5|dc-mains=33500|usbc-therm-adc=335|max77779fg=29600|LITTLE=36000|soc=9|smpl_gm=0|vdroop1=0|batoilo=0|batoilo2=0|batt_vs=29594|mdis_morepower=0|thb_hda=51|cp_on_chip_0=36000|cp_on_chip_1=37000|G3D=35000|cp_on_chip_2=37000|cp_on_chip_3=35000|cp_on_chip_4=35000|rf2_therm=33000|rf1_therm=34000|ISP=34000|TPU=35000|AUR=35000|rfpa_therm=30615|quiet_therm=31282|charging_therm=33019|,ok,39000,37000,0,37000,1,batched,untouched,4096,512,19,1,38982,0,2483,0,4,4,ok
1,9,protected,4,578000,578000,37000,37000,BIG=36000|MID=36000|usb_pwr_therm=29413|btmspkr_therm=29390|disp_therm=29368|north_therm=29657|soc_therm=32885|battery=29600|battery_cycle=5|dc-mains=33500|usbc-therm-adc=335|max77779fg=29600|LITTLE=35000|soc=9|smpl_gm=0|vdroop1=0|batoilo=0|batoilo2=0|batt_vs=29593|mdis_morepower=0|thb_hda=51|cp_on_chip_0=36000|cp_on_chip_1=37000|G3D=35000|cp_on_chip_2=37000|cp_on_chip_3=35000|cp_on_chip_4=35000|rf2_therm=33000|rf1_therm=34000|ISP=34000|TPU=35000|AUR=34000|rfpa_therm=30615|quiet_therm=31282|charging_therm=33019|,BIG=35000|MID=37000|usb_pwr_therm=29435|btmspkr_therm=29390|disp_therm=29368|north_therm=29680|soc_therm=32930|battery=29600|battery_cycle=5|dc-mains=33500|usbc-therm-adc=335|max77779fg=29600|LITTLE=36000|soc=9|smpl_gm=0|vdroop1=0|batoilo=0|batoilo2=0|batt_vs=29594|mdis_morepower=0|thb_hda=51|cp_on_chip_0=36000|cp_on_chip_1=37000|G3D=35000|cp_on_chip_2=37000|cp_on_chip_3=35000|cp_on_chip_4=35000|rf2_therm=33000|rf1_therm=34000|ISP=34000|TPU=35000|AUR=35000|rfpa_therm=30615|quiet_therm=31282|charging_therm=33019|,ok,39000,37000,0,37000,1,batched,untouched,4096,512,20,1,11027,0,2482,0,4,4,ok
1,9,protected,4,578000,578000,37000,37000,BIG=36000|MID=36000|usb_pwr_therm=29413|btmspkr_therm=29390|disp_therm=29368|north_therm=29657|soc_therm=32885|battery=29600|battery_cycle=5|dc-mains=33500|usbc-therm-adc=335|max77779fg=29600|LITTLE=35000|soc=9|smpl_gm=0|vdroop1=0|batoilo=0|batoilo2=0|batt_vs=29593|mdis_morepower=0|thb_hda=51|cp_on_chip_0=36000|cp_on_chip_1=37000|G3D=35000|cp_on_chip_2=37000|cp_on_chip_3=35000|cp_on_chip_4=35000|rf2_therm=33000|rf1_therm=34000|ISP=34000|TPU=35000|AUR=34000|rfpa_therm=30615|quiet_therm=31282|charging_therm=33019|,BIG=35000|MID=37000|usb_pwr_therm=29435|btmspkr_therm=29390|disp_therm=29368|north_therm=29680|soc_therm=32930|battery=29600|battery_cycle=5|dc-mains=33500|usbc-therm-adc=335|max77779fg=29600|LITTLE=36000|soc=9|smpl_gm=0|vdroop1=0|batoilo=0|batoilo2=0|batt_vs=29594|mdis_morepower=0|thb_hda=51|cp_on_chip_0=36000|cp_on_chip_1=37000|G3D=35000|cp_on_chip_2=37000|cp_on_chip_3=35000|cp_on_chip_4=35000|rf2_therm=33000|rf1_therm=34000|ISP=34000|TPU=35000|AUR=35000|rfpa_therm=30615|quiet_therm=31282|charging_therm=33019|,ok,39000,37000,0,37000,1,batched,untouched,4096,512,21,1,41626,0,2442,0,4,4,ok
1,9,protected,4,578000,578000,37000,37000,BIG=36000|MID=36000|usb_pwr_therm=29413|btmspkr_therm=29390|disp_therm=29368|north_therm=29657|soc_therm=32885|battery=29600|battery_cycle=5|dc-mains=33500|usbc-therm-adc=335|max77779fg=29600|LITTLE=35000|soc=9|smpl_gm=0|vdroop1=0|batoilo=0|batoilo2=0|batt_vs=29593|mdis_morepower=0|thb_hda=51|cp_on_chip_0=36000|cp_on_chip_1=37000|G3D=35000|cp_on_chip_2=37000|cp_on_chip_3=35000|cp_on_chip_4=35000|rf2_therm=33000|rf1_therm=34000|ISP=34000|TPU=35000|AUR=34000|rfpa_therm=30615|quiet_therm=31282|charging_therm=33019|,BIG=35000|MID=37000|usb_pwr_therm=29435|btmspkr_therm=29390|disp_therm=29368|north_therm=29680|soc_therm=32930|battery=29600|battery_cycle=5|dc-mains=33500|usbc-therm-adc=335|max77779fg=29600|LITTLE=36000|soc=9|smpl_gm=0|vdroop1=0|batoilo=0|batoilo2=0|batt_vs=29594|mdis_morepower=0|thb_hda=51|cp_on_chip_0=36000|cp_on_chip_1=37000|G3D=35000|cp_on_chip_2=37000|cp_on_chip_3=35000|cp_on_chip_4=35000|rf2_therm=33000|rf1_therm=34000|ISP=34000|TPU=35000|AUR=35000|rfpa_therm=30615|quiet_therm=31282|charging_therm=33019|,ok,39000,37000,0,37000,1,batched,untouched,4096,512,22,1,18921,0,2442,0,4,4,ok
1,9,protected,4,578000,578000,37000,37000,BIG=36000|MID=36000|usb_pwr_therm=29413|btmspkr_therm=29390|disp_therm=29368|north_therm=29657|soc_therm=32885|battery=29600|battery_cycle=5|dc-mains=33500|usbc-therm-adc=335|max77779fg=29600|LITTLE=35000|soc=9|smpl_gm=0|vdroop1=0|batoilo=0|batoilo2=0|batt_vs=29593|mdis_morepower=0|thb_hda=51|cp_on_chip_0=36000|cp_on_chip_1=37000|G3D=35000|cp_on_chip_2=37000|cp_on_chip_3=35000|cp_on_chip_4=35000|rf2_therm=33000|rf1_therm=34000|ISP=34000|TPU=35000|AUR=34000|rfpa_therm=30615|quiet_therm=31282|charging_therm=33019|,BIG=35000|MID=37000|usb_pwr_therm=29435|btmspkr_therm=29390|disp_therm=29368|north_therm=29680|soc_therm=32930|battery=29600|battery_cycle=5|dc-mains=33500|usbc-therm-adc=335|max77779fg=29600|LITTLE=36000|soc=9|smpl_gm=0|vdroop1=0|batoilo=0|batoilo2=0|batt_vs=29594|mdis_morepower=0|thb_hda=51|cp_on_chip_0=36000|cp_on_chip_1=37000|G3D=35000|cp_on_chip_2=37000|cp_on_chip_3=35000|cp_on_chip_4=35000|rf2_therm=33000|rf1_therm=34000|ISP=34000|TPU=35000|AUR=35000|rfpa_therm=30615|quiet_therm=31282|charging_therm=33019|,ok,39000,37000,0,37000,1,batched,untouched,4096,512,23,1,12655,0,2400,0,4,4,ok
1,9,protected,4,578000,578000,37000,37000,BIG=36000|MID=36000|usb_pwr_therm=29413|btmspkr_therm=29390|disp_therm=29368|north_therm=29657|soc_therm=32885|battery=29600|battery_cycle=5|dc-mains=33500|usbc-therm-adc=335|max77779fg=29600|LITTLE=35000|soc=9|smpl_gm=0|vdroop1=0|batoilo=0|batoilo2=0|batt_vs=29593|mdis_morepower=0|thb_hda=51|cp_on_chip_0=36000|cp_on_chip_1=37000|G3D=35000|cp_on_chip_2=37000|cp_on_chip_3=35000|cp_on_chip_4=35000|rf2_therm=33000|rf1_therm=34000|ISP=34000|TPU=35000|AUR=34000|rfpa_therm=30615|quiet_therm=31282|charging_therm=33019|,BIG=35000|MID=37000|usb_pwr_therm=29435|btmspkr_therm=29390|disp_therm=29368|north_therm=29680|soc_therm=32930|battery=29600|battery_cycle=5|dc-mains=33500|usbc-therm-adc=335|max77779fg=29600|LITTLE=36000|soc=9|smpl_gm=0|vdroop1=0|batoilo=0|batoilo2=0|batt_vs=29594|mdis_morepower=0|thb_hda=51|cp_on_chip_0=36000|cp_on_chip_1=37000|G3D=35000|cp_on_chip_2=37000|cp_on_chip_3=35000|cp_on_chip_4=35000|rf2_therm=33000|rf1_therm=34000|ISP=34000|TPU=35000|AUR=35000|rfpa_therm=30615|quiet_therm=31282|charging_therm=33019|,ok,39000,37000,0,37000,1,batched,untouched,4096,512,24,1,38249,0,2401,0,4,4,ok
1,9,protected,4,578000,578000,37000,37000,BIG=36000|MID=36000|usb_pwr_therm=29413|btmspkr_therm=29390|disp_therm=29368|north_therm=29657|soc_therm=32885|battery=29600|battery_cycle=5|dc-mains=33500|usbc-therm-adc=335|max77779fg=29600|LITTLE=35000|soc=9|smpl_gm=0|vdroop1=0|batoilo=0|batoilo2=0|batt_vs=29593|mdis_morepower=0|thb_hda=51|cp_on_chip_0=36000|cp_on_chip_1=37000|G3D=35000|cp_on_chip_2=37000|cp_on_chip_3=35000|cp_on_chip_4=35000|rf2_therm=33000|rf1_therm=34000|ISP=34000|TPU=35000|AUR=34000|rfpa_therm=30615|quiet_therm=31282|charging_therm=33019|,BIG=35000|MID=37000|usb_pwr_therm=29435|btmspkr_therm=29390|disp_therm=29368|north_therm=29680|soc_therm=32930|battery=29600|battery_cycle=5|dc-mains=33500|usbc-therm-adc=335|max77779fg=29600|LITTLE=36000|soc=9|smpl_gm=0|vdroop1=0|batoilo=0|batoilo2=0|batt_vs=29594|mdis_morepower=0|thb_hda=51|cp_on_chip_0=36000|cp_on_chip_1=37000|G3D=35000|cp_on_chip_2=37000|cp_on_chip_3=35000|cp_on_chip_4=35000|rf2_therm=33000|rf1_therm=34000|ISP=34000|TPU=35000|AUR=35000|rfpa_therm=30615|quiet_therm=31282|charging_therm=33019|,ok,39000,37000,0,37000,1,batched,untouched,4096,512,25,1,13549,0,2401,0,4,4,ok
1,9,protected,4,578000,578000,37000,37000,BIG=36000|MID=36000|usb_pwr_therm=29413|btmspkr_therm=29390|disp_therm=29368|north_therm=29657|soc_therm=32885|battery=29600|battery_cycle=5|dc-mains=33500|usbc-therm-adc=335|max77779fg=29600|LITTLE=35000|soc=9|smpl_gm=0|vdroop1=0|batoilo=0|batoilo2=0|batt_vs=29593|mdis_morepower=0|thb_hda=51|cp_on_chip_0=36000|cp_on_chip_1=37000|G3D=35000|cp_on_chip_2=37000|cp_on_chip_3=35000|cp_on_chip_4=35000|rf2_therm=33000|rf1_therm=34000|ISP=34000|TPU=35000|AUR=34000|rfpa_therm=30615|quiet_therm=31282|charging_therm=33019|,BIG=35000|MID=37000|usb_pwr_therm=29435|btmspkr_therm=29390|disp_therm=29368|north_therm=29680|soc_therm=32930|battery=29600|battery_cycle=5|dc-mains=33500|usbc-therm-adc=335|max77779fg=29600|LITTLE=36000|soc=9|smpl_gm=0|vdroop1=0|batoilo=0|batoilo2=0|batt_vs=29594|mdis_morepower=0|thb_hda=51|cp_on_chip_0=36000|cp_on_chip_1=37000|G3D=35000|cp_on_chip_2=37000|cp_on_chip_3=35000|cp_on_chip_4=35000|rf2_therm=33000|rf1_therm=34000|ISP=34000|TPU=35000|AUR=35000|rfpa_therm=30615|quiet_therm=31282|charging_therm=33019|,ok,39000,37000,0,37000,1,batched,untouched,4096,512,26,1,37069,0,2442,0,4,4,ok
1,9,protected,4,578000,578000,37000,37000,BIG=36000|MID=36000|usb_pwr_therm=29413|btmspkr_therm=29390|disp_therm=29368|north_therm=29657|soc_therm=32885|battery=29600|battery_cycle=5|dc-mains=33500|usbc-therm-adc=335|max77779fg=29600|LITTLE=35000|soc=9|smpl_gm=0|vdroop1=0|batoilo=0|batoilo2=0|batt_vs=29593|mdis_morepower=0|thb_hda=51|cp_on_chip_0=36000|cp_on_chip_1=37000|G3D=35000|cp_on_chip_2=37000|cp_on_chip_3=35000|cp_on_chip_4=35000|rf2_therm=33000|rf1_therm=34000|ISP=34000|TPU=35000|AUR=34000|rfpa_therm=30615|quiet_therm=31282|charging_therm=33019|,BIG=35000|MID=37000|usb_pwr_therm=29435|btmspkr_therm=29390|disp_therm=29368|north_therm=29680|soc_therm=32930|battery=29600|battery_cycle=5|dc-mains=33500|usbc-therm-adc=335|max77779fg=29600|LITTLE=36000|soc=9|smpl_gm=0|vdroop1=0|batoilo=0|batoilo2=0|batt_vs=29594|mdis_morepower=0|thb_hda=51|cp_on_chip_0=36000|cp_on_chip_1=37000|G3D=35000|cp_on_chip_2=37000|cp_on_chip_3=35000|cp_on_chip_4=35000|rf2_therm=33000|rf1_therm=34000|ISP=34000|TPU=35000|AUR=35000|rfpa_therm=30615|quiet_therm=31282|charging_therm=33019|,ok,39000,37000,0,37000,1,batched,untouched,4096,512,27,1,14445,0,2930,0,4,4,ok
1,9,protected,4,578000,578000,37000,37000,BIG=36000|MID=36000|usb_pwr_therm=29413|btmspkr_therm=29390|disp_therm=29368|north_therm=29657|soc_therm=32885|battery=29600|battery_cycle=5|dc-mains=33500|usbc-therm-adc=335|max77779fg=29600|LITTLE=35000|soc=9|smpl_gm=0|vdroop1=0|batoilo=0|batoilo2=0|batt_vs=29593|mdis_morepower=0|thb_hda=51|cp_on_chip_0=36000|cp_on_chip_1=37000|G3D=35000|cp_on_chip_2=37000|cp_on_chip_3=35000|cp_on_chip_4=35000|rf2_therm=33000|rf1_therm=34000|ISP=34000|TPU=35000|AUR=34000|rfpa_therm=30615|quiet_therm=31282|charging_therm=33019|,BIG=35000|MID=37000|usb_pwr_therm=29435|btmspkr_therm=29390|disp_therm=29368|north_therm=29680|soc_therm=32930|battery=29600|battery_cycle=5|dc-mains=33500|usbc-therm-adc=335|max77779fg=29600|LITTLE=36000|soc=9|smpl_gm=0|vdroop1=0|batoilo=0|batoilo2=0|batt_vs=29594|mdis_morepower=0|thb_hda=51|cp_on_chip_0=36000|cp_on_chip_1=37000|G3D=35000|cp_on_chip_2=37000|cp_on_chip_3=35000|cp_on_chip_4=35000|rf2_therm=33000|rf1_therm=34000|ISP=34000|TPU=35000|AUR=35000|rfpa_therm=30615|quiet_therm=31282|charging_therm=33019|,ok,39000,37000,0,37000,1,batched,untouched,4096,512,28,1,7894,0,2564,0,4,4,ok
1,9,protected,4,578000,578000,37000,37000,BIG=36000|MID=36000|usb_pwr_therm=29413|btmspkr_therm=29390|disp_therm=29368|north_therm=29657|soc_therm=32885|battery=29600|battery_cycle=5|dc-mains=33500|usbc-therm-adc=335|max77779fg=29600|LITTLE=35000|soc=9|smpl_gm=0|vdroop1=0|batoilo=0|batoilo2=0|batt_vs=29593|mdis_morepower=0|thb_hda=51|cp_on_chip_0=36000|cp_on_chip_1=37000|G3D=35000|cp_on_chip_2=37000|cp_on_chip_3=35000|cp_on_chip_4=35000|rf2_therm=33000|rf1_therm=34000|ISP=34000|TPU=35000|AUR=34000|rfpa_therm=30615|quiet_therm=31282|charging_therm=33019|,BIG=35000|MID=37000|usb_pwr_therm=29435|btmspkr_therm=29390|disp_therm=29368|north_therm=29680|soc_therm=32930|battery=29600|battery_cycle=5|dc-mains=33500|usbc-therm-adc=335|max77779fg=29600|LITTLE=36000|soc=9|smpl_gm=0|vdroop1=0|batoilo=0|batoilo2=0|batt_vs=29594|mdis_morepower=0|thb_hda=51|cp_on_chip_0=36000|cp_on_chip_1=37000|G3D=35000|cp_on_chip_2=37000|cp_on_chip_3=35000|cp_on_chip_4=35000|rf2_therm=33000|rf1_therm=34000|ISP=34000|TPU=35000|AUR=35000|rfpa_therm=30615|quiet_therm=31282|charging_therm=33019|,ok,39000,37000,0,37000,1,batched,untouched,4096,512,29,1,10661,0,2482,0,4,4,ok
1,10,protected,4,2130000,1549000,37000,37000,BIG=36000|MID=36000|usb_pwr_therm=29435|btmspkr_therm=29390|disp_therm=29390|north_therm=29702|soc_therm=32974|battery=29600|battery_cycle=5|dc-mains=33500|usbc-therm-adc=335|max77779fg=29600|LITTLE=36000|soc=9|smpl_gm=0|vdroop1=0|batoilo=0|batoilo2=0|batt_vs=29593|mdis_morepower=0|thb_hda=51|cp_on_chip_0=36000|cp_on_chip_1=37000|G3D=34000|cp_on_chip_2=37000|cp_on_chip_3=35000|cp_on_chip_4=35000|rf2_therm=33000|rf1_therm=34000|ISP=33000|TPU=35000|AUR=34000|rfpa_therm=30637|quiet_therm=31305|charging_therm=33063|,BIG=37000|MID=36000|usb_pwr_therm=29435|btmspkr_therm=29390|disp_therm=29390|north_therm=29724|soc_therm=33041|battery=29600|battery_cycle=5|dc-mains=33500|usbc-therm-adc=335|max77779fg=29600|LITTLE=36000|soc=9|smpl_gm=0|vdroop1=0|batoilo=0|batoilo2=0|batt_vs=29594|mdis_morepower=0|thb_hda=51|cp_on_chip_0=36000|cp_on_chip_1=37000|G3D=35000|cp_on_chip_2=37000|cp_on_chip_3=35000|cp_on_chip_4=35000|rf2_therm=33000|rf1_therm=34000|ISP=34000|TPU=35000|AUR=35000|rfpa_therm=30659|quiet_therm=31327|charging_therm=33108|,ok,39000,37000,0,37000,1,batched,touched,4096,4096,0,1,7601034,4096,1982097,0,4,4,ok
1,10,protected,4,2130000,1549000,37000,37000,BIG=36000|MID=36000|usb_pwr_therm=29435|btmspkr_therm=29390|disp_therm=29390|north_therm=29702|soc_therm=32974|battery=29600|battery_cycle=5|dc-mains=33500|usbc-therm-adc=335|max77779fg=29600|LITTLE=36000|soc=9|smpl_gm=0|vdroop1=0|batoilo=0|batoilo2=0|batt_vs=29593|mdis_morepower=0|thb_hda=51|cp_on_chip_0=36000|cp_on_chip_1=37000|G3D=34000|cp_on_chip_2=37000|cp_on_chip_3=35000|cp_on_chip_4=35000|rf2_therm=33000|rf1_therm=34000|ISP=33000|TPU=35000|AUR=34000|rfpa_therm=30637|quiet_therm=31305|charging_therm=33063|,BIG=37000|MID=36000|usb_pwr_therm=29435|btmspkr_therm=29390|disp_therm=29390|north_therm=29724|soc_therm=33041|battery=29600|battery_cycle=5|dc-mains=33500|usbc-therm-adc=335|max77779fg=29600|LITTLE=36000|soc=9|smpl_gm=0|vdroop1=0|batoilo=0|batoilo2=0|batt_vs=29594|mdis_morepower=0|thb_hda=51|cp_on_chip_0=36000|cp_on_chip_1=37000|G3D=35000|cp_on_chip_2=37000|cp_on_chip_3=35000|cp_on_chip_4=35000|rf2_therm=33000|rf1_therm=34000|ISP=34000|TPU=35000|AUR=35000|rfpa_therm=30659|quiet_therm=31327|charging_therm=33108|,ok,39000,37000,0,37000,1,batched,touched,4096,4096,1,1,5208659,4096,658041,0,4,4,ok
1,10,protected,4,2130000,1549000,37000,37000,BIG=36000|MID=36000|usb_pwr_therm=29435|btmspkr_therm=29390|disp_therm=29390|north_therm=29702|soc_therm=32974|battery=29600|battery_cycle=5|dc-mains=33500|usbc-therm-adc=335|max77779fg=29600|LITTLE=36000|soc=9|smpl_gm=0|vdroop1=0|batoilo=0|batoilo2=0|batt_vs=29593|mdis_morepower=0|thb_hda=51|cp_on_chip_0=36000|cp_on_chip_1=37000|G3D=34000|cp_on_chip_2=37000|cp_on_chip_3=35000|cp_on_chip_4=35000|rf2_therm=33000|rf1_therm=34000|ISP=33000|TPU=35000|AUR=34000|rfpa_therm=30637|quiet_therm=31305|charging_therm=33063|,BIG=37000|MID=36000|usb_pwr_therm=29435|btmspkr_therm=29390|disp_therm=29390|north_therm=29724|soc_therm=33041|battery=29600|battery_cycle=5|dc-mains=33500|usbc-therm-adc=335|max77779fg=29600|LITTLE=36000|soc=9|smpl_gm=0|vdroop1=0|batoilo=0|batoilo2=0|batt_vs=29594|mdis_morepower=0|thb_hda=51|cp_on_chip_0=36000|cp_on_chip_1=37000|G3D=35000|cp_on_chip_2=37000|cp_on_chip_3=35000|cp_on_chip_4=35000|rf2_therm=33000|rf1_therm=34000|ISP=34000|TPU=35000|AUR=35000|rfpa_therm=30659|quiet_therm=31327|charging_therm=33108|,ok,39000,37000,0,37000,1,batched,touched,4096,4096,2,1,4019816,4096,499145,0,4,4,ok
1,10,protected,4,2130000,1549000,37000,37000,BIG=36000|MID=36000|usb_pwr_therm=29435|btmspkr_therm=29390|disp_therm=29390|north_therm=29702|soc_therm=32974|battery=29600|battery_cycle=5|dc-mains=33500|usbc-therm-adc=335|max77779fg=29600|LITTLE=36000|soc=9|smpl_gm=0|vdroop1=0|batoilo=0|batoilo2=0|batt_vs=29593|mdis_morepower=0|thb_hda=51|cp_on_chip_0=36000|cp_on_chip_1=37000|G3D=34000|cp_on_chip_2=37000|cp_on_chip_3=35000|cp_on_chip_4=35000|rf2_therm=33000|rf1_therm=34000|ISP=33000|TPU=35000|AUR=34000|rfpa_therm=30637|quiet_therm=31305|charging_therm=33063|,BIG=37000|MID=36000|usb_pwr_therm=29435|btmspkr_therm=29390|disp_therm=29390|north_therm=29724|soc_therm=33041|battery=29600|battery_cycle=5|dc-mains=33500|usbc-therm-adc=335|max77779fg=29600|LITTLE=36000|soc=9|smpl_gm=0|vdroop1=0|batoilo=0|batoilo2=0|batt_vs=29594|mdis_morepower=0|thb_hda=51|cp_on_chip_0=36000|cp_on_chip_1=37000|G3D=35000|cp_on_chip_2=37000|cp_on_chip_3=35000|cp_on_chip_4=35000|rf2_therm=33000|rf1_therm=34000|ISP=34000|TPU=35000|AUR=35000|rfpa_therm=30659|quiet_therm=31327|charging_therm=33108|,ok,39000,37000,0,37000,1,batched,touched,4096,4096,3,1,4058431,4096,534464,0,4,4,ok
1,10,protected,4,2130000,1549000,37000,37000,BIG=36000|MID=36000|usb_pwr_therm=29435|btmspkr_therm=29390|disp_therm=29390|north_therm=29702|soc_therm=32974|battery=29600|battery_cycle=5|dc-mains=33500|usbc-therm-adc=335|max77779fg=29600|LITTLE=36000|soc=9|smpl_gm=0|vdroop1=0|batoilo=0|batoilo2=0|batt_vs=29593|mdis_morepower=0|thb_hda=51|cp_on_chip_0=36000|cp_on_chip_1=37000|G3D=34000|cp_on_chip_2=37000|cp_on_chip_3=35000|cp_on_chip_4=35000|rf2_therm=33000|rf1_therm=34000|ISP=33000|TPU=35000|AUR=34000|rfpa_therm=30637|quiet_therm=31305|charging_therm=33063|,BIG=37000|MID=36000|usb_pwr_therm=29435|btmspkr_therm=29390|disp_therm=29390|north_therm=29724|soc_therm=33041|battery=29600|battery_cycle=5|dc-mains=33500|usbc-therm-adc=335|max77779fg=29600|LITTLE=36000|soc=9|smpl_gm=0|vdroop1=0|batoilo=0|batoilo2=0|batt_vs=29594|mdis_morepower=0|thb_hda=51|cp_on_chip_0=36000|cp_on_chip_1=37000|G3D=35000|cp_on_chip_2=37000|cp_on_chip_3=35000|cp_on_chip_4=35000|rf2_therm=33000|rf1_therm=34000|ISP=34000|TPU=35000|AUR=35000|rfpa_therm=30659|quiet_therm=31327|charging_therm=33108|,ok,39000,37000,0,37000,1,batched,touched,4096,4096,4,1,4103231,4096,536499,0,4,4,ok
1,10,protected,4,2130000,1549000,37000,37000,BIG=36000|MID=36000|usb_pwr_therm=29435|btmspkr_therm=29390|disp_therm=29390|north_therm=29702|soc_therm=32974|battery=29600|battery_cycle=5|dc-mains=33500|usbc-therm-adc=335|max77779fg=29600|LITTLE=36000|soc=9|smpl_gm=0|vdroop1=0|batoilo=0|batoilo2=0|batt_vs=29593|mdis_morepower=0|thb_hda=51|cp_on_chip_0=36000|cp_on_chip_1=37000|G3D=34000|cp_on_chip_2=37000|cp_on_chip_3=35000|cp_on_chip_4=35000|rf2_therm=33000|rf1_therm=34000|ISP=33000|TPU=35000|AUR=34000|rfpa_therm=30637|quiet_therm=31305|charging_therm=33063|,BIG=37000|MID=36000|usb_pwr_therm=29435|btmspkr_therm=29390|disp_therm=29390|north_therm=29724|soc_therm=33041|battery=29600|battery_cycle=5|dc-mains=33500|usbc-therm-adc=335|max77779fg=29600|LITTLE=36000|soc=9|smpl_gm=0|vdroop1=0|batoilo=0|batoilo2=0|batt_vs=29594|mdis_morepower=0|thb_hda=51|cp_on_chip_0=36000|cp_on_chip_1=37000|G3D=35000|cp_on_chip_2=37000|cp_on_chip_3=35000|cp_on_chip_4=35000|rf2_therm=33000|rf1_therm=34000|ISP=34000|TPU=35000|AUR=35000|rfpa_therm=30659|quiet_therm=31327|charging_therm=33108|,ok,39000,37000,0,37000,1,batched,touched,4096,4096,5,1,4061889,4096,507772,0,4,4,ok
1,10,protected,4,2130000,1549000,37000,37000,BIG=36000|MID=36000|usb_pwr_therm=29435|btmspkr_therm=29390|disp_therm=29390|north_therm=29702|soc_therm=32974|battery=29600|battery_cycle=5|dc-mains=33500|usbc-therm-adc=335|max77779fg=29600|LITTLE=36000|soc=9|smpl_gm=0|vdroop1=0|batoilo=0|batoilo2=0|batt_vs=29593|mdis_morepower=0|thb_hda=51|cp_on_chip_0=36000|cp_on_chip_1=37000|G3D=34000|cp_on_chip_2=37000|cp_on_chip_3=35000|cp_on_chip_4=35000|rf2_therm=33000|rf1_therm=34000|ISP=33000|TPU=35000|AUR=34000|rfpa_therm=30637|quiet_therm=31305|charging_therm=33063|,BIG=37000|MID=36000|usb_pwr_therm=29435|btmspkr_therm=29390|disp_therm=29390|north_therm=29724|soc_therm=33041|battery=29600|battery_cycle=5|dc-mains=33500|usbc-therm-adc=335|max77779fg=29600|LITTLE=36000|soc=9|smpl_gm=0|vdroop1=0|batoilo=0|batoilo2=0|batt_vs=29594|mdis_morepower=0|thb_hda=51|cp_on_chip_0=36000|cp_on_chip_1=37000|G3D=35000|cp_on_chip_2=37000|cp_on_chip_3=35000|cp_on_chip_4=35000|rf2_therm=33000|rf1_therm=34000|ISP=34000|TPU=35000|AUR=35000|rfpa_therm=30659|quiet_therm=31327|charging_therm=33108|,ok,39000,37000,0,37000,1,batched,touched,4096,4096,6,1,4042684,4096,518839,0,4,4,ok
1,10,protected,4,2130000,1549000,37000,37000,BIG=36000|MID=36000|usb_pwr_therm=29435|btmspkr_therm=29390|disp_therm=29390|north_therm=29702|soc_therm=32974|battery=29600|battery_cycle=5|dc-mains=33500|usbc-therm-adc=335|max77779fg=29600|LITTLE=36000|soc=9|smpl_gm=0|vdroop1=0|batoilo=0|batoilo2=0|batt_vs=29593|mdis_morepower=0|thb_hda=51|cp_on_chip_0=36000|cp_on_chip_1=37000|G3D=34000|cp_on_chip_2=37000|cp_on_chip_3=35000|cp_on_chip_4=35000|rf2_therm=33000|rf1_therm=34000|ISP=33000|TPU=35000|AUR=34000|rfpa_therm=30637|quiet_therm=31305|charging_therm=33063|,BIG=37000|MID=36000|usb_pwr_therm=29435|btmspkr_therm=29390|disp_therm=29390|north_therm=29724|soc_therm=33041|battery=29600|battery_cycle=5|dc-mains=33500|usbc-therm-adc=335|max77779fg=29600|LITTLE=36000|soc=9|smpl_gm=0|vdroop1=0|batoilo=0|batoilo2=0|batt_vs=29594|mdis_morepower=0|thb_hda=51|cp_on_chip_0=36000|cp_on_chip_1=37000|G3D=35000|cp_on_chip_2=37000|cp_on_chip_3=35000|cp_on_chip_4=35000|rf2_therm=33000|rf1_therm=34000|ISP=34000|TPU=35000|AUR=35000|rfpa_therm=30659|quiet_therm=31327|charging_therm=33108|,ok,39000,37000,0,37000,1,batched,touched,4096,4096,7,1,4015950,4096,500570,0,4,4,ok
1,10,protected,4,2130000,1549000,37000,37000,BIG=36000|MID=36000|usb_pwr_therm=29435|btmspkr_therm=29390|disp_therm=29390|north_therm=29702|soc_therm=32974|battery=29600|battery_cycle=5|dc-mains=33500|usbc-therm-adc=335|max77779fg=29600|LITTLE=36000|soc=9|smpl_gm=0|vdroop1=0|batoilo=0|batoilo2=0|batt_vs=29593|mdis_morepower=0|thb_hda=51|cp_on_chip_0=36000|cp_on_chip_1=37000|G3D=34000|cp_on_chip_2=37000|cp_on_chip_3=35000|cp_on_chip_4=35000|rf2_therm=33000|rf1_therm=34000|ISP=33000|TPU=35000|AUR=34000|rfpa_therm=30637|quiet_therm=31305|charging_therm=33063|,BIG=37000|MID=36000|usb_pwr_therm=29435|btmspkr_therm=29390|disp_therm=29390|north_therm=29724|soc_therm=33041|battery=29600|battery_cycle=5|dc-mains=33500|usbc-therm-adc=335|max77779fg=29600|LITTLE=36000|soc=9|smpl_gm=0|vdroop1=0|batoilo=0|batoilo2=0|batt_vs=29594|mdis_morepower=0|thb_hda=51|cp_on_chip_0=36000|cp_on_chip_1=37000|G3D=35000|cp_on_chip_2=37000|cp_on_chip_3=35000|cp_on_chip_4=35000|rf2_therm=33000|rf1_therm=34000|ISP=34000|TPU=35000|AUR=35000|rfpa_therm=30659|quiet_therm=31327|charging_therm=33108|,ok,39000,37000,0,37000,1,batched,touched,4096,4096,8,1,4029866,4096,504516,0,4,4,ok
1,10,protected,4,2130000,1549000,37000,37000,BIG=36000|MID=36000|usb_pwr_therm=29435|btmspkr_therm=29390|disp_therm=29390|north_therm=29702|soc_therm=32974|battery=29600|battery_cycle=5|dc-mains=33500|usbc-therm-adc=335|max77779fg=29600|LITTLE=36000|soc=9|smpl_gm=0|vdroop1=0|batoilo=0|batoilo2=0|batt_vs=29593|mdis_morepower=0|thb_hda=51|cp_on_chip_0=36000|cp_on_chip_1=37000|G3D=34000|cp_on_chip_2=37000|cp_on_chip_3=35000|cp_on_chip_4=35000|rf2_therm=33000|rf1_therm=34000|ISP=33000|TPU=35000|AUR=34000|rfpa_therm=30637|quiet_therm=31305|charging_therm=33063|,BIG=37000|MID=36000|usb_pwr_therm=29435|btmspkr_therm=29390|disp_therm=29390|north_therm=29724|soc_therm=33041|battery=29600|battery_cycle=5|dc-mains=33500|usbc-therm-adc=335|max77779fg=29600|LITTLE=36000|soc=9|smpl_gm=0|vdroop1=0|batoilo=0|batoilo2=0|batt_vs=29594|mdis_morepower=0|thb_hda=51|cp_on_chip_0=36000|cp_on_chip_1=37000|G3D=35000|cp_on_chip_2=37000|cp_on_chip_3=35000|cp_on_chip_4=35000|rf2_therm=33000|rf1_therm=34000|ISP=34000|TPU=35000|AUR=35000|rfpa_therm=30659|quiet_therm=31327|charging_therm=33108|,ok,39000,37000,0,37000,1,batched,touched,4096,4096,9,1,3998413,4096,500366,0,4,4,ok
1,10,protected,4,2130000,1549000,37000,37000,BIG=36000|MID=36000|usb_pwr_therm=29435|btmspkr_therm=29390|disp_therm=29390|north_therm=29702|soc_therm=32974|battery=29600|battery_cycle=5|dc-mains=33500|usbc-therm-adc=335|max77779fg=29600|LITTLE=36000|soc=9|smpl_gm=0|vdroop1=0|batoilo=0|batoilo2=0|batt_vs=29593|mdis_morepower=0|thb_hda=51|cp_on_chip_0=36000|cp_on_chip_1=37000|G3D=34000|cp_on_chip_2=37000|cp_on_chip_3=35000|cp_on_chip_4=35000|rf2_therm=33000|rf1_therm=34000|ISP=33000|TPU=35000|AUR=34000|rfpa_therm=30637|quiet_therm=31305|charging_therm=33063|,BIG=37000|MID=36000|usb_pwr_therm=29435|btmspkr_therm=29390|disp_therm=29390|north_therm=29724|soc_therm=33041|battery=29600|battery_cycle=5|dc-mains=33500|usbc-therm-adc=335|max77779fg=29600|LITTLE=36000|soc=9|smpl_gm=0|vdroop1=0|batoilo=0|batoilo2=0|batt_vs=29594|mdis_morepower=0|thb_hda=51|cp_on_chip_0=36000|cp_on_chip_1=37000|G3D=35000|cp_on_chip_2=37000|cp_on_chip_3=35000|cp_on_chip_4=35000|rf2_therm=33000|rf1_therm=34000|ISP=34000|TPU=35000|AUR=35000|rfpa_therm=30659|quiet_therm=31327|charging_therm=33108|,ok,39000,37000,0,37000,1,batched,touched,4096,4096,10,1,4003133,4096,503092,0,4,4,ok
1,10,protected,4,2130000,1549000,37000,37000,BIG=36000|MID=36000|usb_pwr_therm=29435|btmspkr_therm=29390|disp_therm=29390|north_therm=29702|soc_therm=32974|battery=29600|battery_cycle=5|dc-mains=33500|usbc-therm-adc=335|max77779fg=29600|LITTLE=36000|soc=9|smpl_gm=0|vdroop1=0|batoilo=0|batoilo2=0|batt_vs=29593|mdis_morepower=0|thb_hda=51|cp_on_chip_0=36000|cp_on_chip_1=37000|G3D=34000|cp_on_chip_2=37000|cp_on_chip_3=35000|cp_on_chip_4=35000|rf2_therm=33000|rf1_therm=34000|ISP=33000|TPU=35000|AUR=34000|rfpa_therm=30637|quiet_therm=31305|charging_therm=33063|,BIG=37000|MID=36000|usb_pwr_therm=29435|btmspkr_therm=29390|disp_therm=29390|north_therm=29724|soc_therm=33041|battery=29600|battery_cycle=5|dc-mains=33500|usbc-therm-adc=335|max77779fg=29600|LITTLE=36000|soc=9|smpl_gm=0|vdroop1=0|batoilo=0|batoilo2=0|batt_vs=29594|mdis_morepower=0|thb_hda=51|cp_on_chip_0=36000|cp_on_chip_1=37000|G3D=35000|cp_on_chip_2=37000|cp_on_chip_3=35000|cp_on_chip_4=35000|rf2_therm=33000|rf1_therm=34000|ISP=34000|TPU=35000|AUR=35000|rfpa_therm=30659|quiet_therm=31327|charging_therm=33108|,ok,39000,37000,0,37000,1,batched,touched,4096,4096,11,1,4043213,4096,487061,0,4,4,ok
1,10,protected,4,2130000,1549000,37000,37000,BIG=36000|MID=36000|usb_pwr_therm=29435|btmspkr_therm=29390|disp_therm=29390|north_therm=29702|soc_therm=32974|battery=29600|battery_cycle=5|dc-mains=33500|usbc-therm-adc=335|max77779fg=29600|LITTLE=36000|soc=9|smpl_gm=0|vdroop1=0|batoilo=0|batoilo2=0|batt_vs=29593|mdis_morepower=0|thb_hda=51|cp_on_chip_0=36000|cp_on_chip_1=37000|G3D=34000|cp_on_chip_2=37000|cp_on_chip_3=35000|cp_on_chip_4=35000|rf2_therm=33000|rf1_therm=34000|ISP=33000|TPU=35000|AUR=34000|rfpa_therm=30637|quiet_therm=31305|charging_therm=33063|,BIG=37000|MID=36000|usb_pwr_therm=29435|btmspkr_therm=29390|disp_therm=29390|north_therm=29724|soc_therm=33041|battery=29600|battery_cycle=5|dc-mains=33500|usbc-therm-adc=335|max77779fg=29600|LITTLE=36000|soc=9|smpl_gm=0|vdroop1=0|batoilo=0|batoilo2=0|batt_vs=29594|mdis_morepower=0|thb_hda=51|cp_on_chip_0=36000|cp_on_chip_1=37000|G3D=35000|cp_on_chip_2=37000|cp_on_chip_3=35000|cp_on_chip_4=35000|rf2_therm=33000|rf1_therm=34000|ISP=34000|TPU=35000|AUR=35000|rfpa_therm=30659|quiet_therm=31327|charging_therm=33108|,ok,39000,37000,0,37000,1,batched,touched,4096,4096,12,1,4039673,4096,492676,0,4,4,ok
1,10,protected,4,2130000,1549000,37000,37000,BIG=36000|MID=36000|usb_pwr_therm=29435|btmspkr_therm=29390|disp_therm=29390|north_therm=29702|soc_therm=32974|battery=29600|battery_cycle=5|dc-mains=33500|usbc-therm-adc=335|max77779fg=29600|LITTLE=36000|soc=9|smpl_gm=0|vdroop1=0|batoilo=0|batoilo2=0|batt_vs=29593|mdis_morepower=0|thb_hda=51|cp_on_chip_0=36000|cp_on_chip_1=37000|G3D=34000|cp_on_chip_2=37000|cp_on_chip_3=35000|cp_on_chip_4=35000|rf2_therm=33000|rf1_therm=34000|ISP=33000|TPU=35000|AUR=34000|rfpa_therm=30637|quiet_therm=31305|charging_therm=33063|,BIG=37000|MID=36000|usb_pwr_therm=29435|btmspkr_therm=29390|disp_therm=29390|north_therm=29724|soc_therm=33041|battery=29600|battery_cycle=5|dc-mains=33500|usbc-therm-adc=335|max77779fg=29600|LITTLE=36000|soc=9|smpl_gm=0|vdroop1=0|batoilo=0|batoilo2=0|batt_vs=29594|mdis_morepower=0|thb_hda=51|cp_on_chip_0=36000|cp_on_chip_1=37000|G3D=35000|cp_on_chip_2=37000|cp_on_chip_3=35000|cp_on_chip_4=35000|rf2_therm=33000|rf1_therm=34000|ISP=34000|TPU=35000|AUR=35000|rfpa_therm=30659|quiet_therm=31327|charging_therm=33108|,ok,39000,37000,0,37000,1,batched,touched,4096,4096,13,1,4046793,4096,517782,0,4,4,ok
1,10,protected,4,2130000,1549000,37000,37000,BIG=36000|MID=36000|usb_pwr_therm=29435|btmspkr_therm=29390|disp_therm=29390|north_therm=29702|soc_therm=32974|battery=29600|battery_cycle=5|dc-mains=33500|usbc-therm-adc=335|max77779fg=29600|LITTLE=36000|soc=9|smpl_gm=0|vdroop1=0|batoilo=0|batoilo2=0|batt_vs=29593|mdis_morepower=0|thb_hda=51|cp_on_chip_0=36000|cp_on_chip_1=37000|G3D=34000|cp_on_chip_2=37000|cp_on_chip_3=35000|cp_on_chip_4=35000|rf2_therm=33000|rf1_therm=34000|ISP=33000|TPU=35000|AUR=34000|rfpa_therm=30637|quiet_therm=31305|charging_therm=33063|,BIG=37000|MID=36000|usb_pwr_therm=29435|btmspkr_therm=29390|disp_therm=29390|north_therm=29724|soc_therm=33041|battery=29600|battery_cycle=5|dc-mains=33500|usbc-therm-adc=335|max77779fg=29600|LITTLE=36000|soc=9|smpl_gm=0|vdroop1=0|batoilo=0|batoilo2=0|batt_vs=29594|mdis_morepower=0|thb_hda=51|cp_on_chip_0=36000|cp_on_chip_1=37000|G3D=35000|cp_on_chip_2=37000|cp_on_chip_3=35000|cp_on_chip_4=35000|rf2_therm=33000|rf1_therm=34000|ISP=34000|TPU=35000|AUR=35000|rfpa_therm=30659|quiet_therm=31327|charging_therm=33108|,ok,39000,37000,0,37000,1,batched,touched,4096,4096,14,1,4035156,4096,482869,0,4,4,ok
1,10,protected,4,2130000,1549000,37000,37000,BIG=36000|MID=36000|usb_pwr_therm=29435|btmspkr_therm=29390|disp_therm=29390|north_therm=29702|soc_therm=32974|battery=29600|battery_cycle=5|dc-mains=33500|usbc-therm-adc=335|max77779fg=29600|LITTLE=36000|soc=9|smpl_gm=0|vdroop1=0|batoilo=0|batoilo2=0|batt_vs=29593|mdis_morepower=0|thb_hda=51|cp_on_chip_0=36000|cp_on_chip_1=37000|G3D=34000|cp_on_chip_2=37000|cp_on_chip_3=35000|cp_on_chip_4=35000|rf2_therm=33000|rf1_therm=34000|ISP=33000|TPU=35000|AUR=34000|rfpa_therm=30637|quiet_therm=31305|charging_therm=33063|,BIG=37000|MID=36000|usb_pwr_therm=29435|btmspkr_therm=29390|disp_therm=29390|north_therm=29724|soc_therm=33041|battery=29600|battery_cycle=5|dc-mains=33500|usbc-therm-adc=335|max77779fg=29600|LITTLE=36000|soc=9|smpl_gm=0|vdroop1=0|batoilo=0|batoilo2=0|batt_vs=29594|mdis_morepower=0|thb_hda=51|cp_on_chip_0=36000|cp_on_chip_1=37000|G3D=35000|cp_on_chip_2=37000|cp_on_chip_3=35000|cp_on_chip_4=35000|rf2_therm=33000|rf1_therm=34000|ISP=34000|TPU=35000|AUR=35000|rfpa_therm=30659|quiet_therm=31327|charging_therm=33108|,ok,39000,37000,0,37000,1,batched,touched,4096,4096,15,1,4009359,4096,475545,0,4,4,ok
1,10,protected,4,2130000,1549000,37000,37000,BIG=36000|MID=36000|usb_pwr_therm=29435|btmspkr_therm=29390|disp_therm=29390|north_therm=29702|soc_therm=32974|battery=29600|battery_cycle=5|dc-mains=33500|usbc-therm-adc=335|max77779fg=29600|LITTLE=36000|soc=9|smpl_gm=0|vdroop1=0|batoilo=0|batoilo2=0|batt_vs=29593|mdis_morepower=0|thb_hda=51|cp_on_chip_0=36000|cp_on_chip_1=37000|G3D=34000|cp_on_chip_2=37000|cp_on_chip_3=35000|cp_on_chip_4=35000|rf2_therm=33000|rf1_therm=34000|ISP=33000|TPU=35000|AUR=34000|rfpa_therm=30637|quiet_therm=31305|charging_therm=33063|,BIG=37000|MID=36000|usb_pwr_therm=29435|btmspkr_therm=29390|disp_therm=29390|north_therm=29724|soc_therm=33041|battery=29600|battery_cycle=5|dc-mains=33500|usbc-therm-adc=335|max77779fg=29600|LITTLE=36000|soc=9|smpl_gm=0|vdroop1=0|batoilo=0|batoilo2=0|batt_vs=29594|mdis_morepower=0|thb_hda=51|cp_on_chip_0=36000|cp_on_chip_1=37000|G3D=35000|cp_on_chip_2=37000|cp_on_chip_3=35000|cp_on_chip_4=35000|rf2_therm=33000|rf1_therm=34000|ISP=34000|TPU=35000|AUR=35000|rfpa_therm=30659|quiet_therm=31327|charging_therm=33108|,ok,39000,37000,0,37000,1,batched,touched,4096,4096,16,1,4018799,4096,470825,0,4,4,ok
1,10,protected,4,2130000,1549000,37000,37000,BIG=36000|MID=36000|usb_pwr_therm=29435|btmspkr_therm=29390|disp_therm=29390|north_therm=29702|soc_therm=32974|battery=29600|battery_cycle=5|dc-mains=33500|usbc-therm-adc=335|max77779fg=29600|LITTLE=36000|soc=9|smpl_gm=0|vdroop1=0|batoilo=0|batoilo2=0|batt_vs=29593|mdis_morepower=0|thb_hda=51|cp_on_chip_0=36000|cp_on_chip_1=37000|G3D=34000|cp_on_chip_2=37000|cp_on_chip_3=35000|cp_on_chip_4=35000|rf2_therm=33000|rf1_therm=34000|ISP=33000|TPU=35000|AUR=34000|rfpa_therm=30637|quiet_therm=31305|charging_therm=33063|,BIG=37000|MID=36000|usb_pwr_therm=29435|btmspkr_therm=29390|disp_therm=29390|north_therm=29724|soc_therm=33041|battery=29600|battery_cycle=5|dc-mains=33500|usbc-therm-adc=335|max77779fg=29600|LITTLE=36000|soc=9|smpl_gm=0|vdroop1=0|batoilo=0|batoilo2=0|batt_vs=29594|mdis_morepower=0|thb_hda=51|cp_on_chip_0=36000|cp_on_chip_1=37000|G3D=35000|cp_on_chip_2=37000|cp_on_chip_3=35000|cp_on_chip_4=35000|rf2_therm=33000|rf1_therm=34000|ISP=34000|TPU=35000|AUR=35000|rfpa_therm=30659|quiet_therm=31327|charging_therm=33108|,ok,39000,37000,0,37000,1,batched,touched,4096,4096,17,1,4007568,4096,472900,0,4,4,ok
1,10,protected,4,2130000,1549000,37000,37000,BIG=36000|MID=36000|usb_pwr_therm=29435|btmspkr_therm=29390|disp_therm=29390|north_therm=29702|soc_therm=32974|battery=29600|battery_cycle=5|dc-mains=33500|usbc-therm-adc=335|max77779fg=29600|LITTLE=36000|soc=9|smpl_gm=0|vdroop1=0|batoilo=0|batoilo2=0|batt_vs=29593|mdis_morepower=0|thb_hda=51|cp_on_chip_0=36000|cp_on_chip_1=37000|G3D=34000|cp_on_chip_2=37000|cp_on_chip_3=35000|cp_on_chip_4=35000|rf2_therm=33000|rf1_therm=34000|ISP=33000|TPU=35000|AUR=34000|rfpa_therm=30637|quiet_therm=31305|charging_therm=33063|,BIG=37000|MID=36000|usb_pwr_therm=29435|btmspkr_therm=29390|disp_therm=29390|north_therm=29724|soc_therm=33041|battery=29600|battery_cycle=5|dc-mains=33500|usbc-therm-adc=335|max77779fg=29600|LITTLE=36000|soc=9|smpl_gm=0|vdroop1=0|batoilo=0|batoilo2=0|batt_vs=29594|mdis_morepower=0|thb_hda=51|cp_on_chip_0=36000|cp_on_chip_1=37000|G3D=35000|cp_on_chip_2=37000|cp_on_chip_3=35000|cp_on_chip_4=35000|rf2_therm=33000|rf1_therm=34000|ISP=34000|TPU=35000|AUR=35000|rfpa_therm=30659|quiet_therm=31327|charging_therm=33108|,ok,39000,37000,0,37000,1,batched,touched,4096,4096,18,1,4021769,4096,476807,0,4,4,ok
1,10,protected,4,2130000,1549000,37000,37000,BIG=36000|MID=36000|usb_pwr_therm=29435|btmspkr_therm=29390|disp_therm=29390|north_therm=29702|soc_therm=32974|battery=29600|battery_cycle=5|dc-mains=33500|usbc-therm-adc=335|max77779fg=29600|LITTLE=36000|soc=9|smpl_gm=0|vdroop1=0|batoilo=0|batoilo2=0|batt_vs=29593|mdis_morepower=0|thb_hda=51|cp_on_chip_0=36000|cp_on_chip_1=37000|G3D=34000|cp_on_chip_2=37000|cp_on_chip_3=35000|cp_on_chip_4=35000|rf2_therm=33000|rf1_therm=34000|ISP=33000|TPU=35000|AUR=34000|rfpa_therm=30637|quiet_therm=31305|charging_therm=33063|,BIG=37000|MID=36000|usb_pwr_therm=29435|btmspkr_therm=29390|disp_therm=29390|north_therm=29724|soc_therm=33041|battery=29600|battery_cycle=5|dc-mains=33500|usbc-therm-adc=335|max77779fg=29600|LITTLE=36000|soc=9|smpl_gm=0|vdroop1=0|batoilo=0|batoilo2=0|batt_vs=29594|mdis_morepower=0|thb_hda=51|cp_on_chip_0=36000|cp_on_chip_1=37000|G3D=35000|cp_on_chip_2=37000|cp_on_chip_3=35000|cp_on_chip_4=35000|rf2_therm=33000|rf1_therm=34000|ISP=34000|TPU=35000|AUR=35000|rfpa_therm=30659|quiet_therm=31327|charging_therm=33108|,ok,39000,37000,0,37000,1,batched,touched,4096,4096,19,1,4028971,4096,475382,0,4,4,ok
1,10,protected,4,2130000,1549000,37000,37000,BIG=36000|MID=36000|usb_pwr_therm=29435|btmspkr_therm=29390|disp_therm=29390|north_therm=29702|soc_therm=32974|battery=29600|battery_cycle=5|dc-mains=33500|usbc-therm-adc=335|max77779fg=29600|LITTLE=36000|soc=9|smpl_gm=0|vdroop1=0|batoilo=0|batoilo2=0|batt_vs=29593|mdis_morepower=0|thb_hda=51|cp_on_chip_0=36000|cp_on_chip_1=37000|G3D=34000|cp_on_chip_2=37000|cp_on_chip_3=35000|cp_on_chip_4=35000|rf2_therm=33000|rf1_therm=34000|ISP=33000|TPU=35000|AUR=34000|rfpa_therm=30637|quiet_therm=31305|charging_therm=33063|,BIG=37000|MID=36000|usb_pwr_therm=29435|btmspkr_therm=29390|disp_therm=29390|north_therm=29724|soc_therm=33041|battery=29600|battery_cycle=5|dc-mains=33500|usbc-therm-adc=335|max77779fg=29600|LITTLE=36000|soc=9|smpl_gm=0|vdroop1=0|batoilo=0|batoilo2=0|batt_vs=29594|mdis_morepower=0|thb_hda=51|cp_on_chip_0=36000|cp_on_chip_1=37000|G3D=35000|cp_on_chip_2=37000|cp_on_chip_3=35000|cp_on_chip_4=35000|rf2_therm=33000|rf1_therm=34000|ISP=34000|TPU=35000|AUR=35000|rfpa_therm=30659|quiet_therm=31327|charging_therm=33108|,ok,39000,37000,0,37000,1,batched,touched,4096,4096,20,1,4008097,4096,477783,0,4,4,ok
1,10,protected,4,2130000,1549000,37000,37000,BIG=36000|MID=36000|usb_pwr_therm=29435|btmspkr_therm=29390|disp_therm=29390|north_therm=29702|soc_therm=32974|battery=29600|battery_cycle=5|dc-mains=33500|usbc-therm-adc=335|max77779fg=29600|LITTLE=36000|soc=9|smpl_gm=0|vdroop1=0|batoilo=0|batoilo2=0|batt_vs=29593|mdis_morepower=0|thb_hda=51|cp_on_chip_0=36000|cp_on_chip_1=37000|G3D=34000|cp_on_chip_2=37000|cp_on_chip_3=35000|cp_on_chip_4=35000|rf2_therm=33000|rf1_therm=34000|ISP=33000|TPU=35000|AUR=34000|rfpa_therm=30637|quiet_therm=31305|charging_therm=33063|,BIG=37000|MID=36000|usb_pwr_therm=29435|btmspkr_therm=29390|disp_therm=29390|north_therm=29724|soc_therm=33041|battery=29600|battery_cycle=5|dc-mains=33500|usbc-therm-adc=335|max77779fg=29600|LITTLE=36000|soc=9|smpl_gm=0|vdroop1=0|batoilo=0|batoilo2=0|batt_vs=29594|mdis_morepower=0|thb_hda=51|cp_on_chip_0=36000|cp_on_chip_1=37000|G3D=35000|cp_on_chip_2=37000|cp_on_chip_3=35000|cp_on_chip_4=35000|rf2_therm=33000|rf1_therm=34000|ISP=34000|TPU=35000|AUR=35000|rfpa_therm=30659|quiet_therm=31327|charging_therm=33108|,ok,39000,37000,0,37000,1,batched,touched,4096,4096,21,1,4036214,4096,502035,0,4,4,ok
1,10,protected,4,2130000,1549000,37000,37000,BIG=36000|MID=36000|usb_pwr_therm=29435|btmspkr_therm=29390|disp_therm=29390|north_therm=29702|soc_therm=32974|battery=29600|battery_cycle=5|dc-mains=33500|usbc-therm-adc=335|max77779fg=29600|LITTLE=36000|soc=9|smpl_gm=0|vdroop1=0|batoilo=0|batoilo2=0|batt_vs=29593|mdis_morepower=0|thb_hda=51|cp_on_chip_0=36000|cp_on_chip_1=37000|G3D=34000|cp_on_chip_2=37000|cp_on_chip_3=35000|cp_on_chip_4=35000|rf2_therm=33000|rf1_therm=34000|ISP=33000|TPU=35000|AUR=34000|rfpa_therm=30637|quiet_therm=31305|charging_therm=33063|,BIG=37000|MID=36000|usb_pwr_therm=29435|btmspkr_therm=29390|disp_therm=29390|north_therm=29724|soc_therm=33041|battery=29600|battery_cycle=5|dc-mains=33500|usbc-therm-adc=335|max77779fg=29600|LITTLE=36000|soc=9|smpl_gm=0|vdroop1=0|batoilo=0|batoilo2=0|batt_vs=29594|mdis_morepower=0|thb_hda=51|cp_on_chip_0=36000|cp_on_chip_1=37000|G3D=35000|cp_on_chip_2=37000|cp_on_chip_3=35000|cp_on_chip_4=35000|rf2_therm=33000|rf1_therm=34000|ISP=34000|TPU=35000|AUR=35000|rfpa_therm=30659|quiet_therm=31327|charging_therm=33108|,ok,39000,37000,0,37000,1,batched,touched,4096,4096,22,1,3973267,4096,471843,0,4,4,ok
1,10,protected,4,2130000,1549000,37000,37000,BIG=36000|MID=36000|usb_pwr_therm=29435|btmspkr_therm=29390|disp_therm=29390|north_therm=29702|soc_therm=32974|battery=29600|battery_cycle=5|dc-mains=33500|usbc-therm-adc=335|max77779fg=29600|LITTLE=36000|soc=9|smpl_gm=0|vdroop1=0|batoilo=0|batoilo2=0|batt_vs=29593|mdis_morepower=0|thb_hda=51|cp_on_chip_0=36000|cp_on_chip_1=37000|G3D=34000|cp_on_chip_2=37000|cp_on_chip_3=35000|cp_on_chip_4=35000|rf2_therm=33000|rf1_therm=34000|ISP=33000|TPU=35000|AUR=34000|rfpa_therm=30637|quiet_therm=31305|charging_therm=33063|,BIG=37000|MID=36000|usb_pwr_therm=29435|btmspkr_therm=29390|disp_therm=29390|north_therm=29724|soc_therm=33041|battery=29600|battery_cycle=5|dc-mains=33500|usbc-therm-adc=335|max77779fg=29600|LITTLE=36000|soc=9|smpl_gm=0|vdroop1=0|batoilo=0|batoilo2=0|batt_vs=29594|mdis_morepower=0|thb_hda=51|cp_on_chip_0=36000|cp_on_chip_1=37000|G3D=35000|cp_on_chip_2=37000|cp_on_chip_3=35000|cp_on_chip_4=35000|rf2_therm=33000|rf1_therm=34000|ISP=34000|TPU=35000|AUR=35000|rfpa_therm=30659|quiet_therm=31327|charging_therm=33108|,ok,39000,37000,0,37000,1,batched,touched,4096,4096,23,1,4020426,4096,473632,0,4,4,ok
1,10,protected,4,2130000,1549000,37000,37000,BIG=36000|MID=36000|usb_pwr_therm=29435|btmspkr_therm=29390|disp_therm=29390|north_therm=29702|soc_therm=32974|battery=29600|battery_cycle=5|dc-mains=33500|usbc-therm-adc=335|max77779fg=29600|LITTLE=36000|soc=9|smpl_gm=0|vdroop1=0|batoilo=0|batoilo2=0|batt_vs=29593|mdis_morepower=0|thb_hda=51|cp_on_chip_0=36000|cp_on_chip_1=37000|G3D=34000|cp_on_chip_2=37000|cp_on_chip_3=35000|cp_on_chip_4=35000|rf2_therm=33000|rf1_therm=34000|ISP=33000|TPU=35000|AUR=34000|rfpa_therm=30637|quiet_therm=31305|charging_therm=33063|,BIG=37000|MID=36000|usb_pwr_therm=29435|btmspkr_therm=29390|disp_therm=29390|north_therm=29724|soc_therm=33041|battery=29600|battery_cycle=5|dc-mains=33500|usbc-therm-adc=335|max77779fg=29600|LITTLE=36000|soc=9|smpl_gm=0|vdroop1=0|batoilo=0|batoilo2=0|batt_vs=29594|mdis_morepower=0|thb_hda=51|cp_on_chip_0=36000|cp_on_chip_1=37000|G3D=35000|cp_on_chip_2=37000|cp_on_chip_3=35000|cp_on_chip_4=35000|rf2_therm=33000|rf1_therm=34000|ISP=34000|TPU=35000|AUR=35000|rfpa_therm=30659|quiet_therm=31327|charging_therm=33108|,ok,39000,37000,0,37000,1,batched,touched,4096,4096,24,1,4014567,4096,469401,0,4,4,ok
1,10,protected,4,2130000,1549000,37000,37000,BIG=36000|MID=36000|usb_pwr_therm=29435|btmspkr_therm=29390|disp_therm=29390|north_therm=29702|soc_therm=32974|battery=29600|battery_cycle=5|dc-mains=33500|usbc-therm-adc=335|max77779fg=29600|LITTLE=36000|soc=9|smpl_gm=0|vdroop1=0|batoilo=0|batoilo2=0|batt_vs=29593|mdis_morepower=0|thb_hda=51|cp_on_chip_0=36000|cp_on_chip_1=37000|G3D=34000|cp_on_chip_2=37000|cp_on_chip_3=35000|cp_on_chip_4=35000|rf2_therm=33000|rf1_therm=34000|ISP=33000|TPU=35000|AUR=34000|rfpa_therm=30637|quiet_therm=31305|charging_therm=33063|,BIG=37000|MID=36000|usb_pwr_therm=29435|btmspkr_therm=29390|disp_therm=29390|north_therm=29724|soc_therm=33041|battery=29600|battery_cycle=5|dc-mains=33500|usbc-therm-adc=335|max77779fg=29600|LITTLE=36000|soc=9|smpl_gm=0|vdroop1=0|batoilo=0|batoilo2=0|batt_vs=29594|mdis_morepower=0|thb_hda=51|cp_on_chip_0=36000|cp_on_chip_1=37000|G3D=35000|cp_on_chip_2=37000|cp_on_chip_3=35000|cp_on_chip_4=35000|rf2_therm=33000|rf1_therm=34000|ISP=34000|TPU=35000|AUR=35000|rfpa_therm=30659|quiet_therm=31327|charging_therm=33108|,ok,39000,37000,0,37000,1,batched,touched,4096,4096,25,1,4035971,4096,479329,0,4,4,ok
1,10,protected,4,2130000,1549000,37000,37000,BIG=36000|MID=36000|usb_pwr_therm=29435|btmspkr_therm=29390|disp_therm=29390|north_therm=29702|soc_therm=32974|battery=29600|battery_cycle=5|dc-mains=33500|usbc-therm-adc=335|max77779fg=29600|LITTLE=36000|soc=9|smpl_gm=0|vdroop1=0|batoilo=0|batoilo2=0|batt_vs=29593|mdis_morepower=0|thb_hda=51|cp_on_chip_0=36000|cp_on_chip_1=37000|G3D=34000|cp_on_chip_2=37000|cp_on_chip_3=35000|cp_on_chip_4=35000|rf2_therm=33000|rf1_therm=34000|ISP=33000|TPU=35000|AUR=34000|rfpa_therm=30637|quiet_therm=31305|charging_therm=33063|,BIG=37000|MID=36000|usb_pwr_therm=29435|btmspkr_therm=29390|disp_therm=29390|north_therm=29724|soc_therm=33041|battery=29600|battery_cycle=5|dc-mains=33500|usbc-therm-adc=335|max77779fg=29600|LITTLE=36000|soc=9|smpl_gm=0|vdroop1=0|batoilo=0|batoilo2=0|batt_vs=29594|mdis_morepower=0|thb_hda=51|cp_on_chip_0=36000|cp_on_chip_1=37000|G3D=35000|cp_on_chip_2=37000|cp_on_chip_3=35000|cp_on_chip_4=35000|rf2_therm=33000|rf1_therm=34000|ISP=34000|TPU=35000|AUR=35000|rfpa_therm=30659|quiet_therm=31327|charging_therm=33108|,ok,39000,37000,0,37000,1,batched,touched,4096,4096,26,1,4052653,4096,474650,0,4,4,ok
1,10,protected,4,2130000,1549000,37000,37000,BIG=36000|MID=36000|usb_pwr_therm=29435|btmspkr_therm=29390|disp_therm=29390|north_therm=29702|soc_therm=32974|battery=29600|battery_cycle=5|dc-mains=33500|usbc-therm-adc=335|max77779fg=29600|LITTLE=36000|soc=9|smpl_gm=0|vdroop1=0|batoilo=0|batoilo2=0|batt_vs=29593|mdis_morepower=0|thb_hda=51|cp_on_chip_0=36000|cp_on_chip_1=37000|G3D=34000|cp_on_chip_2=37000|cp_on_chip_3=35000|cp_on_chip_4=35000|rf2_therm=33000|rf1_therm=34000|ISP=33000|TPU=35000|AUR=34000|rfpa_therm=30637|quiet_therm=31305|charging_therm=33063|,BIG=37000|MID=36000|usb_pwr_therm=29435|btmspkr_therm=29390|disp_therm=29390|north_therm=29724|soc_therm=33041|battery=29600|battery_cycle=5|dc-mains=33500|usbc-therm-adc=335|max77779fg=29600|LITTLE=36000|soc=9|smpl_gm=0|vdroop1=0|batoilo=0|batoilo2=0|batt_vs=29594|mdis_morepower=0|thb_hda=51|cp_on_chip_0=36000|cp_on_chip_1=37000|G3D=35000|cp_on_chip_2=37000|cp_on_chip_3=35000|cp_on_chip_4=35000|rf2_therm=33000|rf1_therm=34000|ISP=34000|TPU=35000|AUR=35000|rfpa_therm=30659|quiet_therm=31327|charging_therm=33108|,ok,39000,37000,0,37000,1,batched,touched,4096,4096,27,1,4025391,4096,470174,0,4,4,ok
1,10,protected,4,2130000,1549000,37000,37000,BIG=36000|MID=36000|usb_pwr_therm=29435|btmspkr_therm=29390|disp_therm=29390|north_therm=29702|soc_therm=32974|battery=29600|battery_cycle=5|dc-mains=33500|usbc-therm-adc=335|max77779fg=29600|LITTLE=36000|soc=9|smpl_gm=0|vdroop1=0|batoilo=0|batoilo2=0|batt_vs=29593|mdis_morepower=0|thb_hda=51|cp_on_chip_0=36000|cp_on_chip_1=37000|G3D=34000|cp_on_chip_2=37000|cp_on_chip_3=35000|cp_on_chip_4=35000|rf2_therm=33000|rf1_therm=34000|ISP=33000|TPU=35000|AUR=34000|rfpa_therm=30637|quiet_therm=31305|charging_therm=33063|,BIG=37000|MID=36000|usb_pwr_therm=29435|btmspkr_therm=29390|disp_therm=29390|north_therm=29724|soc_therm=33041|battery=29600|battery_cycle=5|dc-mains=33500|usbc-therm-adc=335|max77779fg=29600|LITTLE=36000|soc=9|smpl_gm=0|vdroop1=0|batoilo=0|batoilo2=0|batt_vs=29594|mdis_morepower=0|thb_hda=51|cp_on_chip_0=36000|cp_on_chip_1=37000|G3D=35000|cp_on_chip_2=37000|cp_on_chip_3=35000|cp_on_chip_4=35000|rf2_therm=33000|rf1_therm=34000|ISP=34000|TPU=35000|AUR=35000|rfpa_therm=30659|quiet_therm=31327|charging_therm=33108|,ok,39000,37000,0,37000,1,batched,touched,4096,4096,28,1,3951213,4096,465739,0,4,4,ok
1,10,protected,4,2130000,1549000,37000,37000,BIG=36000|MID=36000|usb_pwr_therm=29435|btmspkr_therm=29390|disp_therm=29390|north_therm=29702|soc_therm=32974|battery=29600|battery_cycle=5|dc-mains=33500|usbc-therm-adc=335|max77779fg=29600|LITTLE=36000|soc=9|smpl_gm=0|vdroop1=0|batoilo=0|batoilo2=0|batt_vs=29593|mdis_morepower=0|thb_hda=51|cp_on_chip_0=36000|cp_on_chip_1=37000|G3D=34000|cp_on_chip_2=37000|cp_on_chip_3=35000|cp_on_chip_4=35000|rf2_therm=33000|rf1_therm=34000|ISP=33000|TPU=35000|AUR=34000|rfpa_therm=30637|quiet_therm=31305|charging_therm=33063|,BIG=37000|MID=36000|usb_pwr_therm=29435|btmspkr_therm=29390|disp_therm=29390|north_therm=29724|soc_therm=33041|battery=29600|battery_cycle=5|dc-mains=33500|usbc-therm-adc=335|max77779fg=29600|LITTLE=36000|soc=9|smpl_gm=0|vdroop1=0|batoilo=0|batoilo2=0|batt_vs=29594|mdis_morepower=0|thb_hda=51|cp_on_chip_0=36000|cp_on_chip_1=37000|G3D=35000|cp_on_chip_2=37000|cp_on_chip_3=35000|cp_on_chip_4=35000|rf2_therm=33000|rf1_therm=34000|ISP=34000|TPU=35000|AUR=35000|rfpa_therm=30659|quiet_therm=31327|charging_therm=33108|,ok,39000,37000,0,37000,1,batched,touched,4096,4096,29,1,3991699,4096,487345,0,4,4,ok
1,11,protected,4,578000,1795000,38000,37000,BIG=35000|MID=36000|usb_pwr_therm=29457|btmspkr_therm=29413|disp_therm=29413|north_therm=29747|soc_therm=33085|battery=29600|battery_cycle=5|dc-mains=33500|usbc-therm-adc=335|max77779fg=29600|LITTLE=36000|soc=9|smpl_gm=0|vdroop1=0|batoilo=0|batoilo2=0|batt_vs=29593|mdis_morepower=0|thb_hda=51|cp_on_chip_0=36000|cp_on_chip_1=37000|G3D=35000|cp_on_chip_2=37000|cp_on_chip_3=35000|cp_on_chip_4=35000|rf2_therm=33000|rf1_therm=34000|ISP=34000|TPU=35000|AUR=35000|rfpa_therm=30681|quiet_therm=31349|charging_therm=33152|,BIG=36000|MID=36000|usb_pwr_therm=29457|btmspkr_therm=29413|disp_therm=29413|north_therm=29747|soc_therm=33085|battery=29600|battery_cycle=5|dc-mains=33500|usbc-therm-adc=335|max77779fg=29600|LITTLE=36000|soc=9|smpl_gm=0|vdroop1=0|batoilo=0|batoilo2=0|batt_vs=29594|mdis_morepower=0|thb_hda=51|cp_on_chip_0=36000|cp_on_chip_1=37000|G3D=35000|cp_on_chip_2=37000|cp_on_chip_3=35000|cp_on_chip_4=35000|rf2_therm=33000|rf1_therm=34000|ISP=34000|TPU=35000|AUR=34000|rfpa_therm=30681|quiet_therm=31349|charging_therm=33152|,ok,39000,37000,0,37000,1,batched,untouched,4096,2048,0,1,12329,0,5168,0,4,4,ok
1,11,protected,4,578000,1795000,38000,37000,BIG=35000|MID=36000|usb_pwr_therm=29457|btmspkr_therm=29413|disp_therm=29413|north_therm=29747|soc_therm=33085|battery=29600|battery_cycle=5|dc-mains=33500|usbc-therm-adc=335|max77779fg=29600|LITTLE=36000|soc=9|smpl_gm=0|vdroop1=0|batoilo=0|batoilo2=0|batt_vs=29593|mdis_morepower=0|thb_hda=51|cp_on_chip_0=36000|cp_on_chip_1=37000|G3D=35000|cp_on_chip_2=37000|cp_on_chip_3=35000|cp_on_chip_4=35000|rf2_therm=33000|rf1_therm=34000|ISP=34000|TPU=35000|AUR=35000|rfpa_therm=30681|quiet_therm=31349|charging_therm=33152|,BIG=36000|MID=36000|usb_pwr_therm=29457|btmspkr_therm=29413|disp_therm=29413|north_therm=29747|soc_therm=33085|battery=29600|battery_cycle=5|dc-mains=33500|usbc-therm-adc=335|max77779fg=29600|LITTLE=36000|soc=9|smpl_gm=0|vdroop1=0|batoilo=0|batoilo2=0|batt_vs=29594|mdis_morepower=0|thb_hda=51|cp_on_chip_0=36000|cp_on_chip_1=37000|G3D=35000|cp_on_chip_2=37000|cp_on_chip_3=35000|cp_on_chip_4=35000|rf2_therm=33000|rf1_therm=34000|ISP=34000|TPU=35000|AUR=34000|rfpa_therm=30681|quiet_therm=31349|charging_therm=33152|,ok,39000,37000,0,37000,1,batched,untouched,4096,2048,1,1,7080,0,895,0,4,4,ok
1,11,protected,4,578000,1795000,38000,37000,BIG=35000|MID=36000|usb_pwr_therm=29457|btmspkr_therm=29413|disp_therm=29413|north_therm=29747|soc_therm=33085|battery=29600|battery_cycle=5|dc-mains=33500|usbc-therm-adc=335|max77779fg=29600|LITTLE=36000|soc=9|smpl_gm=0|vdroop1=0|batoilo=0|batoilo2=0|batt_vs=29593|mdis_morepower=0|thb_hda=51|cp_on_chip_0=36000|cp_on_chip_1=37000|G3D=35000|cp_on_chip_2=37000|cp_on_chip_3=35000|cp_on_chip_4=35000|rf2_therm=33000|rf1_therm=34000|ISP=34000|TPU=35000|AUR=35000|rfpa_therm=30681|quiet_therm=31349|charging_therm=33152|,BIG=36000|MID=36000|usb_pwr_therm=29457|btmspkr_therm=29413|disp_therm=29413|north_therm=29747|soc_therm=33085|battery=29600|battery_cycle=5|dc-mains=33500|usbc-therm-adc=335|max77779fg=29600|LITTLE=36000|soc=9|smpl_gm=0|vdroop1=0|batoilo=0|batoilo2=0|batt_vs=29594|mdis_morepower=0|thb_hda=51|cp_on_chip_0=36000|cp_on_chip_1=37000|G3D=35000|cp_on_chip_2=37000|cp_on_chip_3=35000|cp_on_chip_4=35000|rf2_therm=33000|rf1_therm=34000|ISP=34000|TPU=35000|AUR=34000|rfpa_therm=30681|quiet_therm=31349|charging_therm=33152|,ok,39000,37000,0,37000,1,batched,untouched,4096,2048,2,1,6389,0,854,0,4,4,ok
1,11,protected,4,578000,1795000,38000,37000,BIG=35000|MID=36000|usb_pwr_therm=29457|btmspkr_therm=29413|disp_therm=29413|north_therm=29747|soc_therm=33085|battery=29600|battery_cycle=5|dc-mains=33500|usbc-therm-adc=335|max77779fg=29600|LITTLE=36000|soc=9|smpl_gm=0|vdroop1=0|batoilo=0|batoilo2=0|batt_vs=29593|mdis_morepower=0|thb_hda=51|cp_on_chip_0=36000|cp_on_chip_1=37000|G3D=35000|cp_on_chip_2=37000|cp_on_chip_3=35000|cp_on_chip_4=35000|rf2_therm=33000|rf1_therm=34000|ISP=34000|TPU=35000|AUR=35000|rfpa_therm=30681|quiet_therm=31349|charging_therm=33152|,BIG=36000|MID=36000|usb_pwr_therm=29457|btmspkr_therm=29413|disp_therm=29413|north_therm=29747|soc_therm=33085|battery=29600|battery_cycle=5|dc-mains=33500|usbc-therm-adc=335|max77779fg=29600|LITTLE=36000|soc=9|smpl_gm=0|vdroop1=0|batoilo=0|batoilo2=0|batt_vs=29594|mdis_morepower=0|thb_hda=51|cp_on_chip_0=36000|cp_on_chip_1=37000|G3D=35000|cp_on_chip_2=37000|cp_on_chip_3=35000|cp_on_chip_4=35000|rf2_therm=33000|rf1_therm=34000|ISP=34000|TPU=35000|AUR=34000|rfpa_therm=30681|quiet_therm=31349|charging_therm=33152|,ok,39000,37000,0,37000,1,batched,untouched,4096,2048,3,1,6104,0,813,0,4,4,ok
1,11,protected,4,578000,1795000,38000,37000,BIG=35000|MID=36000|usb_pwr_therm=29457|btmspkr_therm=29413|disp_therm=29413|north_therm=29747|soc_therm=33085|battery=29600|battery_cycle=5|dc-mains=33500|usbc-therm-adc=335|max77779fg=29600|LITTLE=36000|soc=9|smpl_gm=0|vdroop1=0|batoilo=0|batoilo2=0|batt_vs=29593|mdis_morepower=0|thb_hda=51|cp_on_chip_0=36000|cp_on_chip_1=37000|G3D=35000|cp_on_chip_2=37000|cp_on_chip_3=35000|cp_on_chip_4=35000|rf2_therm=33000|rf1_therm=34000|ISP=34000|TPU=35000|AUR=35000|rfpa_therm=30681|quiet_therm=31349|charging_therm=33152|,BIG=36000|MID=36000|usb_pwr_therm=29457|btmspkr_therm=29413|disp_therm=29413|north_therm=29747|soc_therm=33085|battery=29600|battery_cycle=5|dc-mains=33500|usbc-therm-adc=335|max77779fg=29600|LITTLE=36000|soc=9|smpl_gm=0|vdroop1=0|batoilo=0|batoilo2=0|batt_vs=29594|mdis_morepower=0|thb_hda=51|cp_on_chip_0=36000|cp_on_chip_1=37000|G3D=35000|cp_on_chip_2=37000|cp_on_chip_3=35000|cp_on_chip_4=35000|rf2_therm=33000|rf1_therm=34000|ISP=34000|TPU=35000|AUR=34000|rfpa_therm=30681|quiet_therm=31349|charging_therm=33152|,ok,39000,37000,0,37000,1,batched,untouched,4096,2048,4,1,6104,0,854,0,4,4,ok
1,11,protected,4,578000,1795000,38000,37000,BIG=35000|MID=36000|usb_pwr_therm=29457|btmspkr_therm=29413|disp_therm=29413|north_therm=29747|soc_therm=33085|battery=29600|battery_cycle=5|dc-mains=33500|usbc-therm-adc=335|max77779fg=29600|LITTLE=36000|soc=9|smpl_gm=0|vdroop1=0|batoilo=0|batoilo2=0|batt_vs=29593|mdis_morepower=0|thb_hda=51|cp_on_chip_0=36000|cp_on_chip_1=37000|G3D=35000|cp_on_chip_2=37000|cp_on_chip_3=35000|cp_on_chip_4=35000|rf2_therm=33000|rf1_therm=34000|ISP=34000|TPU=35000|AUR=35000|rfpa_therm=30681|quiet_therm=31349|charging_therm=33152|,BIG=36000|MID=36000|usb_pwr_therm=29457|btmspkr_therm=29413|disp_therm=29413|north_therm=29747|soc_therm=33085|battery=29600|battery_cycle=5|dc-mains=33500|usbc-therm-adc=335|max77779fg=29600|LITTLE=36000|soc=9|smpl_gm=0|vdroop1=0|batoilo=0|batoilo2=0|batt_vs=29594|mdis_morepower=0|thb_hda=51|cp_on_chip_0=36000|cp_on_chip_1=37000|G3D=35000|cp_on_chip_2=37000|cp_on_chip_3=35000|cp_on_chip_4=35000|rf2_therm=33000|rf1_therm=34000|ISP=34000|TPU=35000|AUR=34000|rfpa_therm=30681|quiet_therm=31349|charging_therm=33152|,ok,39000,37000,0,37000,1,batched,untouched,4096,2048,5,1,8626,0,814,0,4,4,ok
1,11,protected,4,578000,1795000,38000,37000,BIG=35000|MID=36000|usb_pwr_therm=29457|btmspkr_therm=29413|disp_therm=29413|north_therm=29747|soc_therm=33085|battery=29600|battery_cycle=5|dc-mains=33500|usbc-therm-adc=335|max77779fg=29600|LITTLE=36000|soc=9|smpl_gm=0|vdroop1=0|batoilo=0|batoilo2=0|batt_vs=29593|mdis_morepower=0|thb_hda=51|cp_on_chip_0=36000|cp_on_chip_1=37000|G3D=35000|cp_on_chip_2=37000|cp_on_chip_3=35000|cp_on_chip_4=35000|rf2_therm=33000|rf1_therm=34000|ISP=34000|TPU=35000|AUR=35000|rfpa_therm=30681|quiet_therm=31349|charging_therm=33152|,BIG=36000|MID=36000|usb_pwr_therm=29457|btmspkr_therm=29413|disp_therm=29413|north_therm=29747|soc_therm=33085|battery=29600|battery_cycle=5|dc-mains=33500|usbc-therm-adc=335|max77779fg=29600|LITTLE=36000|soc=9|smpl_gm=0|vdroop1=0|batoilo=0|batoilo2=0|batt_vs=29594|mdis_morepower=0|thb_hda=51|cp_on_chip_0=36000|cp_on_chip_1=37000|G3D=35000|cp_on_chip_2=37000|cp_on_chip_3=35000|cp_on_chip_4=35000|rf2_therm=33000|rf1_therm=34000|ISP=34000|TPU=35000|AUR=34000|rfpa_therm=30681|quiet_therm=31349|charging_therm=33152|,ok,39000,37000,0,37000,1,batched,untouched,4096,2048,6,1,6877,0,855,0,4,4,ok
1,11,protected,4,578000,1795000,38000,37000,BIG=35000|MID=36000|usb_pwr_therm=29457|btmspkr_therm=29413|disp_therm=29413|north_therm=29747|soc_therm=33085|battery=29600|battery_cycle=5|dc-mains=33500|usbc-therm-adc=335|max77779fg=29600|LITTLE=36000|soc=9|smpl_gm=0|vdroop1=0|batoilo=0|batoilo2=0|batt_vs=29593|mdis_morepower=0|thb_hda=51|cp_on_chip_0=36000|cp_on_chip_1=37000|G3D=35000|cp_on_chip_2=37000|cp_on_chip_3=35000|cp_on_chip_4=35000|rf2_therm=33000|rf1_therm=34000|ISP=34000|TPU=35000|AUR=35000|rfpa_therm=30681|quiet_therm=31349|charging_therm=33152|,BIG=36000|MID=36000|usb_pwr_therm=29457|btmspkr_therm=29413|disp_therm=29413|north_therm=29747|soc_therm=33085|battery=29600|battery_cycle=5|dc-mains=33500|usbc-therm-adc=335|max77779fg=29600|LITTLE=36000|soc=9|smpl_gm=0|vdroop1=0|batoilo=0|batoilo2=0|batt_vs=29594|mdis_morepower=0|thb_hda=51|cp_on_chip_0=36000|cp_on_chip_1=37000|G3D=35000|cp_on_chip_2=37000|cp_on_chip_3=35000|cp_on_chip_4=35000|rf2_therm=33000|rf1_therm=34000|ISP=34000|TPU=35000|AUR=34000|rfpa_therm=30681|quiet_therm=31349|charging_therm=33152|,ok,39000,37000,0,37000,1,batched,untouched,4096,2048,7,1,11637,0,854,0,4,4,ok
1,11,protected,4,578000,1795000,38000,37000,BIG=35000|MID=36000|usb_pwr_therm=29457|btmspkr_therm=29413|disp_therm=29413|north_therm=29747|soc_therm=33085|battery=29600|battery_cycle=5|dc-mains=33500|usbc-therm-adc=335|max77779fg=29600|LITTLE=36000|soc=9|smpl_gm=0|vdroop1=0|batoilo=0|batoilo2=0|batt_vs=29593|mdis_morepower=0|thb_hda=51|cp_on_chip_0=36000|cp_on_chip_1=37000|G3D=35000|cp_on_chip_2=37000|cp_on_chip_3=35000|cp_on_chip_4=35000|rf2_therm=33000|rf1_therm=34000|ISP=34000|TPU=35000|AUR=35000|rfpa_therm=30681|quiet_therm=31349|charging_therm=33152|,BIG=36000|MID=36000|usb_pwr_therm=29457|btmspkr_therm=29413|disp_therm=29413|north_therm=29747|soc_therm=33085|battery=29600|battery_cycle=5|dc-mains=33500|usbc-therm-adc=335|max77779fg=29600|LITTLE=36000|soc=9|smpl_gm=0|vdroop1=0|batoilo=0|batoilo2=0|batt_vs=29594|mdis_morepower=0|thb_hda=51|cp_on_chip_0=36000|cp_on_chip_1=37000|G3D=35000|cp_on_chip_2=37000|cp_on_chip_3=35000|cp_on_chip_4=35000|rf2_therm=33000|rf1_therm=34000|ISP=34000|TPU=35000|AUR=34000|rfpa_therm=30681|quiet_therm=31349|charging_therm=33152|,ok,39000,37000,0,37000,1,batched,untouched,4096,2048,8,1,6633,0,773,0,4,4,ok
1,11,protected,4,578000,1795000,38000,37000,BIG=35000|MID=36000|usb_pwr_therm=29457|btmspkr_therm=29413|disp_therm=29413|north_therm=29747|soc_therm=33085|battery=29600|battery_cycle=5|dc-mains=33500|usbc-therm-adc=335|max77779fg=29600|LITTLE=36000|soc=9|smpl_gm=0|vdroop1=0|batoilo=0|batoilo2=0|batt_vs=29593|mdis_morepower=0|thb_hda=51|cp_on_chip_0=36000|cp_on_chip_1=37000|G3D=35000|cp_on_chip_2=37000|cp_on_chip_3=35000|cp_on_chip_4=35000|rf2_therm=33000|rf1_therm=34000|ISP=34000|TPU=35000|AUR=35000|rfpa_therm=30681|quiet_therm=31349|charging_therm=33152|,BIG=36000|MID=36000|usb_pwr_therm=29457|btmspkr_therm=29413|disp_therm=29413|north_therm=29747|soc_therm=33085|battery=29600|battery_cycle=5|dc-mains=33500|usbc-therm-adc=335|max77779fg=29600|LITTLE=36000|soc=9|smpl_gm=0|vdroop1=0|batoilo=0|batoilo2=0|batt_vs=29594|mdis_morepower=0|thb_hda=51|cp_on_chip_0=36000|cp_on_chip_1=37000|G3D=35000|cp_on_chip_2=37000|cp_on_chip_3=35000|cp_on_chip_4=35000|rf2_therm=33000|rf1_therm=34000|ISP=34000|TPU=35000|AUR=34000|rfpa_therm=30681|quiet_therm=31349|charging_therm=33152|,ok,39000,37000,0,37000,1,batched,untouched,4096,2048,9,1,5371,0,813,0,4,4,ok
1,11,protected,4,578000,1795000,38000,37000,BIG=35000|MID=36000|usb_pwr_therm=29457|btmspkr_therm=29413|disp_therm=29413|north_therm=29747|soc_therm=33085|battery=29600|battery_cycle=5|dc-mains=33500|usbc-therm-adc=335|max77779fg=29600|LITTLE=36000|soc=9|smpl_gm=0|vdroop1=0|batoilo=0|batoilo2=0|batt_vs=29593|mdis_morepower=0|thb_hda=51|cp_on_chip_0=36000|cp_on_chip_1=37000|G3D=35000|cp_on_chip_2=37000|cp_on_chip_3=35000|cp_on_chip_4=35000|rf2_therm=33000|rf1_therm=34000|ISP=34000|TPU=35000|AUR=35000|rfpa_therm=30681|quiet_therm=31349|charging_therm=33152|,BIG=36000|MID=36000|usb_pwr_therm=29457|btmspkr_therm=29413|disp_therm=29413|north_therm=29747|soc_therm=33085|battery=29600|battery_cycle=5|dc-mains=33500|usbc-therm-adc=335|max77779fg=29600|LITTLE=36000|soc=9|smpl_gm=0|vdroop1=0|batoilo=0|batoilo2=0|batt_vs=29594|mdis_morepower=0|thb_hda=51|cp_on_chip_0=36000|cp_on_chip_1=37000|G3D=35000|cp_on_chip_2=37000|cp_on_chip_3=35000|cp_on_chip_4=35000|rf2_therm=33000|rf1_therm=34000|ISP=34000|TPU=35000|AUR=34000|rfpa_therm=30681|quiet_therm=31349|charging_therm=33152|,ok,39000,37000,0,37000,1,batched,untouched,4096,2048,10,1,11312,0,854,0,4,4,ok
1,11,protected,4,578000,1795000,38000,37000,BIG=35000|MID=36000|usb_pwr_therm=29457|btmspkr_therm=29413|disp_therm=29413|north_therm=29747|soc_therm=33085|battery=29600|battery_cycle=5|dc-mains=33500|usbc-therm-adc=335|max77779fg=29600|LITTLE=36000|soc=9|smpl_gm=0|vdroop1=0|batoilo=0|batoilo2=0|batt_vs=29593|mdis_morepower=0|thb_hda=51|cp_on_chip_0=36000|cp_on_chip_1=37000|G3D=35000|cp_on_chip_2=37000|cp_on_chip_3=35000|cp_on_chip_4=35000|rf2_therm=33000|rf1_therm=34000|ISP=34000|TPU=35000|AUR=35000|rfpa_therm=30681|quiet_therm=31349|charging_therm=33152|,BIG=36000|MID=36000|usb_pwr_therm=29457|btmspkr_therm=29413|disp_therm=29413|north_therm=29747|soc_therm=33085|battery=29600|battery_cycle=5|dc-mains=33500|usbc-therm-adc=335|max77779fg=29600|LITTLE=36000|soc=9|smpl_gm=0|vdroop1=0|batoilo=0|batoilo2=0|batt_vs=29594|mdis_morepower=0|thb_hda=51|cp_on_chip_0=36000|cp_on_chip_1=37000|G3D=35000|cp_on_chip_2=37000|cp_on_chip_3=35000|cp_on_chip_4=35000|rf2_therm=33000|rf1_therm=34000|ISP=34000|TPU=35000|AUR=34000|rfpa_therm=30681|quiet_therm=31349|charging_therm=33152|,ok,39000,37000,0,37000,1,batched,untouched,4096,2048,11,1,3622,0,814,0,4,4,ok
1,11,protected,4,578000,1795000,38000,37000,BIG=35000|MID=36000|usb_pwr_therm=29457|btmspkr_therm=29413|disp_therm=29413|north_therm=29747|soc_therm=33085|battery=29600|battery_cycle=5|dc-mains=33500|usbc-therm-adc=335|max77779fg=29600|LITTLE=36000|soc=9|smpl_gm=0|vdroop1=0|batoilo=0|batoilo2=0|batt_vs=29593|mdis_morepower=0|thb_hda=51|cp_on_chip_0=36000|cp_on_chip_1=37000|G3D=35000|cp_on_chip_2=37000|cp_on_chip_3=35000|cp_on_chip_4=35000|rf2_therm=33000|rf1_therm=34000|ISP=34000|TPU=35000|AUR=35000|rfpa_therm=30681|quiet_therm=31349|charging_therm=33152|,BIG=36000|MID=36000|usb_pwr_therm=29457|btmspkr_therm=29413|disp_therm=29413|north_therm=29747|soc_therm=33085|battery=29600|battery_cycle=5|dc-mains=33500|usbc-therm-adc=335|max77779fg=29600|LITTLE=36000|soc=9|smpl_gm=0|vdroop1=0|batoilo=0|batoilo2=0|batt_vs=29594|mdis_morepower=0|thb_hda=51|cp_on_chip_0=36000|cp_on_chip_1=37000|G3D=35000|cp_on_chip_2=37000|cp_on_chip_3=35000|cp_on_chip_4=35000|rf2_therm=33000|rf1_therm=34000|ISP=34000|TPU=35000|AUR=34000|rfpa_therm=30681|quiet_therm=31349|charging_therm=33152|,ok,39000,37000,0,37000,1,batched,untouched,4096,2048,12,1,5249,0,773,0,4,4,ok
1,11,protected,4,578000,1795000,38000,37000,BIG=35000|MID=36000|usb_pwr_therm=29457|btmspkr_therm=29413|disp_therm=29413|north_therm=29747|soc_therm=33085|battery=29600|battery_cycle=5|dc-mains=33500|usbc-therm-adc=335|max77779fg=29600|LITTLE=36000|soc=9|smpl_gm=0|vdroop1=0|batoilo=0|batoilo2=0|batt_vs=29593|mdis_morepower=0|thb_hda=51|cp_on_chip_0=36000|cp_on_chip_1=37000|G3D=35000|cp_on_chip_2=37000|cp_on_chip_3=35000|cp_on_chip_4=35000|rf2_therm=33000|rf1_therm=34000|ISP=34000|TPU=35000|AUR=35000|rfpa_therm=30681|quiet_therm=31349|charging_therm=33152|,BIG=36000|MID=36000|usb_pwr_therm=29457|btmspkr_therm=29413|disp_therm=29413|north_therm=29747|soc_therm=33085|battery=29600|battery_cycle=5|dc-mains=33500|usbc-therm-adc=335|max77779fg=29600|LITTLE=36000|soc=9|smpl_gm=0|vdroop1=0|batoilo=0|batoilo2=0|batt_vs=29594|mdis_morepower=0|thb_hda=51|cp_on_chip_0=36000|cp_on_chip_1=37000|G3D=35000|cp_on_chip_2=37000|cp_on_chip_3=35000|cp_on_chip_4=35000|rf2_therm=33000|rf1_therm=34000|ISP=34000|TPU=35000|AUR=34000|rfpa_therm=30681|quiet_therm=31349|charging_therm=33152|,ok,39000,37000,0,37000,1,batched,untouched,4096,2048,13,1,5616,0,1425,0,4,4,ok
1,11,protected,4,578000,1795000,38000,37000,BIG=35000|MID=36000|usb_pwr_therm=29457|btmspkr_therm=29413|disp_therm=29413|north_therm=29747|soc_therm=33085|battery=29600|battery_cycle=5|dc-mains=33500|usbc-therm-adc=335|max77779fg=29600|LITTLE=36000|soc=9|smpl_gm=0|vdroop1=0|batoilo=0|batoilo2=0|batt_vs=29593|mdis_morepower=0|thb_hda=51|cp_on_chip_0=36000|cp_on_chip_1=37000|G3D=35000|cp_on_chip_2=37000|cp_on_chip_3=35000|cp_on_chip_4=35000|rf2_therm=33000|rf1_therm=34000|ISP=34000|TPU=35000|AUR=35000|rfpa_therm=30681|quiet_therm=31349|charging_therm=33152|,BIG=36000|MID=36000|usb_pwr_therm=29457|btmspkr_therm=29413|disp_therm=29413|north_therm=29747|soc_therm=33085|battery=29600|battery_cycle=5|dc-mains=33500|usbc-therm-adc=335|max77779fg=29600|LITTLE=36000|soc=9|smpl_gm=0|vdroop1=0|batoilo=0|batoilo2=0|batt_vs=29594|mdis_morepower=0|thb_hda=51|cp_on_chip_0=36000|cp_on_chip_1=37000|G3D=35000|cp_on_chip_2=37000|cp_on_chip_3=35000|cp_on_chip_4=35000|rf2_therm=33000|rf1_therm=34000|ISP=34000|TPU=35000|AUR=34000|rfpa_therm=30681|quiet_therm=31349|charging_therm=33152|,ok,39000,37000,0,37000,1,batched,untouched,4096,2048,14,1,7731,0,1302,0,4,4,ok
1,11,protected,4,578000,1795000,38000,37000,BIG=35000|MID=36000|usb_pwr_therm=29457|btmspkr_therm=29413|disp_therm=29413|north_therm=29747|soc_therm=33085|battery=29600|battery_cycle=5|dc-mains=33500|usbc-therm-adc=335|max77779fg=29600|LITTLE=36000|soc=9|smpl_gm=0|vdroop1=0|batoilo=0|batoilo2=0|batt_vs=29593|mdis_morepower=0|thb_hda=51|cp_on_chip_0=36000|cp_on_chip_1=37000|G3D=35000|cp_on_chip_2=37000|cp_on_chip_3=35000|cp_on_chip_4=35000|rf2_therm=33000|rf1_therm=34000|ISP=34000|TPU=35000|AUR=35000|rfpa_therm=30681|quiet_therm=31349|charging_therm=33152|,BIG=36000|MID=36000|usb_pwr_therm=29457|btmspkr_therm=29413|disp_therm=29413|north_therm=29747|soc_therm=33085|battery=29600|battery_cycle=5|dc-mains=33500|usbc-therm-adc=335|max77779fg=29600|LITTLE=36000|soc=9|smpl_gm=0|vdroop1=0|batoilo=0|batoilo2=0|batt_vs=29594|mdis_morepower=0|thb_hda=51|cp_on_chip_0=36000|cp_on_chip_1=37000|G3D=35000|cp_on_chip_2=37000|cp_on_chip_3=35000|cp_on_chip_4=35000|rf2_therm=33000|rf1_therm=34000|ISP=34000|TPU=35000|AUR=34000|rfpa_therm=30681|quiet_therm=31349|charging_therm=33152|,ok,39000,37000,0,37000,1,batched,untouched,4096,2048,15,1,5290,0,1302,0,4,4,ok
1,11,protected,4,578000,1795000,38000,37000,BIG=35000|MID=36000|usb_pwr_therm=29457|btmspkr_therm=29413|disp_therm=29413|north_therm=29747|soc_therm=33085|battery=29600|battery_cycle=5|dc-mains=33500|usbc-therm-adc=335|max77779fg=29600|LITTLE=36000|soc=9|smpl_gm=0|vdroop1=0|batoilo=0|batoilo2=0|batt_vs=29593|mdis_morepower=0|thb_hda=51|cp_on_chip_0=36000|cp_on_chip_1=37000|G3D=35000|cp_on_chip_2=37000|cp_on_chip_3=35000|cp_on_chip_4=35000|rf2_therm=33000|rf1_therm=34000|ISP=34000|TPU=35000|AUR=35000|rfpa_therm=30681|quiet_therm=31349|charging_therm=33152|,BIG=36000|MID=36000|usb_pwr_therm=29457|btmspkr_therm=29413|disp_therm=29413|north_therm=29747|soc_therm=33085|battery=29600|battery_cycle=5|dc-mains=33500|usbc-therm-adc=335|max77779fg=29600|LITTLE=36000|soc=9|smpl_gm=0|vdroop1=0|batoilo=0|batoilo2=0|batt_vs=29594|mdis_morepower=0|thb_hda=51|cp_on_chip_0=36000|cp_on_chip_1=37000|G3D=35000|cp_on_chip_2=37000|cp_on_chip_3=35000|cp_on_chip_4=35000|rf2_therm=33000|rf1_therm=34000|ISP=34000|TPU=35000|AUR=34000|rfpa_therm=30681|quiet_therm=31349|charging_therm=33152|,ok,39000,37000,0,37000,1,batched,untouched,4096,2048,16,1,13916,0,1221,0,4,4,ok
1,11,protected,4,578000,1795000,38000,37000,BIG=35000|MID=36000|usb_pwr_therm=29457|btmspkr_therm=29413|disp_therm=29413|north_therm=29747|soc_therm=33085|battery=29600|battery_cycle=5|dc-mains=33500|usbc-therm-adc=335|max77779fg=29600|LITTLE=36000|soc=9|smpl_gm=0|vdroop1=0|batoilo=0|batoilo2=0|batt_vs=29593|mdis_morepower=0|thb_hda=51|cp_on_chip_0=36000|cp_on_chip_1=37000|G3D=35000|cp_on_chip_2=37000|cp_on_chip_3=35000|cp_on_chip_4=35000|rf2_therm=33000|rf1_therm=34000|ISP=34000|TPU=35000|AUR=35000|rfpa_therm=30681|quiet_therm=31349|charging_therm=33152|,BIG=36000|MID=36000|usb_pwr_therm=29457|btmspkr_therm=29413|disp_therm=29413|north_therm=29747|soc_therm=33085|battery=29600|battery_cycle=5|dc-mains=33500|usbc-therm-adc=335|max77779fg=29600|LITTLE=36000|soc=9|smpl_gm=0|vdroop1=0|batoilo=0|batoilo2=0|batt_vs=29594|mdis_morepower=0|thb_hda=51|cp_on_chip_0=36000|cp_on_chip_1=37000|G3D=35000|cp_on_chip_2=37000|cp_on_chip_3=35000|cp_on_chip_4=35000|rf2_therm=33000|rf1_therm=34000|ISP=34000|TPU=35000|AUR=34000|rfpa_therm=30681|quiet_therm=31349|charging_therm=33152|,ok,39000,37000,0,37000,1,batched,untouched,4096,2048,17,1,5941,0,1180,0,4,4,ok
1,11,protected,4,578000,1795000,38000,37000,BIG=35000|MID=36000|usb_pwr_therm=29457|btmspkr_therm=29413|disp_therm=29413|north_therm=29747|soc_therm=33085|battery=29600|battery_cycle=5|dc-mains=33500|usbc-therm-adc=335|max77779fg=29600|LITTLE=36000|soc=9|smpl_gm=0|vdroop1=0|batoilo=0|batoilo2=0|batt_vs=29593|mdis_morepower=0|thb_hda=51|cp_on_chip_0=36000|cp_on_chip_1=37000|G3D=35000|cp_on_chip_2=37000|cp_on_chip_3=35000|cp_on_chip_4=35000|rf2_therm=33000|rf1_therm=34000|ISP=34000|TPU=35000|AUR=35000|rfpa_therm=30681|quiet_therm=31349|charging_therm=33152|,BIG=36000|MID=36000|usb_pwr_therm=29457|btmspkr_therm=29413|disp_therm=29413|north_therm=29747|soc_therm=33085|battery=29600|battery_cycle=5|dc-mains=33500|usbc-therm-adc=335|max77779fg=29600|LITTLE=36000|soc=9|smpl_gm=0|vdroop1=0|batoilo=0|batoilo2=0|batt_vs=29594|mdis_morepower=0|thb_hda=51|cp_on_chip_0=36000|cp_on_chip_1=37000|G3D=35000|cp_on_chip_2=37000|cp_on_chip_3=35000|cp_on_chip_4=35000|rf2_therm=33000|rf1_therm=34000|ISP=34000|TPU=35000|AUR=34000|rfpa_therm=30681|quiet_therm=31349|charging_therm=33152|,ok,39000,37000,0,37000,1,batched,untouched,4096,2048,18,1,4842,0,1221,0,4,4,ok
1,11,protected,4,578000,1795000,38000,37000,BIG=35000|MID=36000|usb_pwr_therm=29457|btmspkr_therm=29413|disp_therm=29413|north_therm=29747|soc_therm=33085|battery=29600|battery_cycle=5|dc-mains=33500|usbc-therm-adc=335|max77779fg=29600|LITTLE=36000|soc=9|smpl_gm=0|vdroop1=0|batoilo=0|batoilo2=0|batt_vs=29593|mdis_morepower=0|thb_hda=51|cp_on_chip_0=36000|cp_on_chip_1=37000|G3D=35000|cp_on_chip_2=37000|cp_on_chip_3=35000|cp_on_chip_4=35000|rf2_therm=33000|rf1_therm=34000|ISP=34000|TPU=35000|AUR=35000|rfpa_therm=30681|quiet_therm=31349|charging_therm=33152|,BIG=36000|MID=36000|usb_pwr_therm=29457|btmspkr_therm=29413|disp_therm=29413|north_therm=29747|soc_therm=33085|battery=29600|battery_cycle=5|dc-mains=33500|usbc-therm-adc=335|max77779fg=29600|LITTLE=36000|soc=9|smpl_gm=0|vdroop1=0|batoilo=0|batoilo2=0|batt_vs=29594|mdis_morepower=0|thb_hda=51|cp_on_chip_0=36000|cp_on_chip_1=37000|G3D=35000|cp_on_chip_2=37000|cp_on_chip_3=35000|cp_on_chip_4=35000|rf2_therm=33000|rf1_therm=34000|ISP=34000|TPU=35000|AUR=34000|rfpa_therm=30681|quiet_therm=31349|charging_therm=33152|,ok,39000,37000,0,37000,1,batched,untouched,4096,2048,19,1,7243,0,1221,0,4,4,ok
1,11,protected,4,578000,1795000,38000,37000,BIG=35000|MID=36000|usb_pwr_therm=29457|btmspkr_therm=29413|disp_therm=29413|north_therm=29747|soc_therm=33085|battery=29600|battery_cycle=5|dc-mains=33500|usbc-therm-adc=335|max77779fg=29600|LITTLE=36000|soc=9|smpl_gm=0|vdroop1=0|batoilo=0|batoilo2=0|batt_vs=29593|mdis_morepower=0|thb_hda=51|cp_on_chip_0=36000|cp_on_chip_1=37000|G3D=35000|cp_on_chip_2=37000|cp_on_chip_3=35000|cp_on_chip_4=35000|rf2_therm=33000|rf1_therm=34000|ISP=34000|TPU=35000|AUR=35000|rfpa_therm=30681|quiet_therm=31349|charging_therm=33152|,BIG=36000|MID=36000|usb_pwr_therm=29457|btmspkr_therm=29413|disp_therm=29413|north_therm=29747|soc_therm=33085|battery=29600|battery_cycle=5|dc-mains=33500|usbc-therm-adc=335|max77779fg=29600|LITTLE=36000|soc=9|smpl_gm=0|vdroop1=0|batoilo=0|batoilo2=0|batt_vs=29594|mdis_morepower=0|thb_hda=51|cp_on_chip_0=36000|cp_on_chip_1=37000|G3D=35000|cp_on_chip_2=37000|cp_on_chip_3=35000|cp_on_chip_4=35000|rf2_therm=33000|rf1_therm=34000|ISP=34000|TPU=35000|AUR=34000|rfpa_therm=30681|quiet_therm=31349|charging_therm=33152|,ok,39000,37000,0,37000,1,batched,untouched,4096,2048,20,1,5574,0,1180,0,4,4,ok
1,11,protected,4,578000,1795000,38000,37000,BIG=35000|MID=36000|usb_pwr_therm=29457|btmspkr_therm=29413|disp_therm=29413|north_therm=29747|soc_therm=33085|battery=29600|battery_cycle=5|dc-mains=33500|usbc-therm-adc=335|max77779fg=29600|LITTLE=36000|soc=9|smpl_gm=0|vdroop1=0|batoilo=0|batoilo2=0|batt_vs=29593|mdis_morepower=0|thb_hda=51|cp_on_chip_0=36000|cp_on_chip_1=37000|G3D=35000|cp_on_chip_2=37000|cp_on_chip_3=35000|cp_on_chip_4=35000|rf2_therm=33000|rf1_therm=34000|ISP=34000|TPU=35000|AUR=35000|rfpa_therm=30681|quiet_therm=31349|charging_therm=33152|,BIG=36000|MID=36000|usb_pwr_therm=29457|btmspkr_therm=29413|disp_therm=29413|north_therm=29747|soc_therm=33085|battery=29600|battery_cycle=5|dc-mains=33500|usbc-therm-adc=335|max77779fg=29600|LITTLE=36000|soc=9|smpl_gm=0|vdroop1=0|batoilo=0|batoilo2=0|batt_vs=29594|mdis_morepower=0|thb_hda=51|cp_on_chip_0=36000|cp_on_chip_1=37000|G3D=35000|cp_on_chip_2=37000|cp_on_chip_3=35000|cp_on_chip_4=35000|rf2_therm=33000|rf1_therm=34000|ISP=34000|TPU=35000|AUR=34000|rfpa_therm=30681|quiet_therm=31349|charging_therm=33152|,ok,39000,37000,0,37000,1,batched,untouched,4096,2048,21,1,4801,0,1220,0,4,4,ok
1,11,protected,4,578000,1795000,38000,37000,BIG=35000|MID=36000|usb_pwr_therm=29457|btmspkr_therm=29413|disp_therm=29413|north_therm=29747|soc_therm=33085|battery=29600|battery_cycle=5|dc-mains=33500|usbc-therm-adc=335|max77779fg=29600|LITTLE=36000|soc=9|smpl_gm=0|vdroop1=0|batoilo=0|batoilo2=0|batt_vs=29593|mdis_morepower=0|thb_hda=51|cp_on_chip_0=36000|cp_on_chip_1=37000|G3D=35000|cp_on_chip_2=37000|cp_on_chip_3=35000|cp_on_chip_4=35000|rf2_therm=33000|rf1_therm=34000|ISP=34000|TPU=35000|AUR=35000|rfpa_therm=30681|quiet_therm=31349|charging_therm=33152|,BIG=36000|MID=36000|usb_pwr_therm=29457|btmspkr_therm=29413|disp_therm=29413|north_therm=29747|soc_therm=33085|battery=29600|battery_cycle=5|dc-mains=33500|usbc-therm-adc=335|max77779fg=29600|LITTLE=36000|soc=9|smpl_gm=0|vdroop1=0|batoilo=0|batoilo2=0|batt_vs=29594|mdis_morepower=0|thb_hda=51|cp_on_chip_0=36000|cp_on_chip_1=37000|G3D=35000|cp_on_chip_2=37000|cp_on_chip_3=35000|cp_on_chip_4=35000|rf2_therm=33000|rf1_therm=34000|ISP=34000|TPU=35000|AUR=34000|rfpa_therm=30681|quiet_therm=31349|charging_therm=33152|,ok,39000,37000,0,37000,1,batched,untouched,4096,2048,22,1,5697,0,1180,0,4,4,ok
1,11,protected,4,578000,1795000,38000,37000,BIG=35000|MID=36000|usb_pwr_therm=29457|btmspkr_therm=29413|disp_therm=29413|north_therm=29747|soc_therm=33085|battery=29600|battery_cycle=5|dc-mains=33500|usbc-therm-adc=335|max77779fg=29600|LITTLE=36000|soc=9|smpl_gm=0|vdroop1=0|batoilo=0|batoilo2=0|batt_vs=29593|mdis_morepower=0|thb_hda=51|cp_on_chip_0=36000|cp_on_chip_1=37000|G3D=35000|cp_on_chip_2=37000|cp_on_chip_3=35000|cp_on_chip_4=35000|rf2_therm=33000|rf1_therm=34000|ISP=34000|TPU=35000|AUR=35000|rfpa_therm=30681|quiet_therm=31349|charging_therm=33152|,BIG=36000|MID=36000|usb_pwr_therm=29457|btmspkr_therm=29413|disp_therm=29413|north_therm=29747|soc_therm=33085|battery=29600|battery_cycle=5|dc-mains=33500|usbc-therm-adc=335|max77779fg=29600|LITTLE=36000|soc=9|smpl_gm=0|vdroop1=0|batoilo=0|batoilo2=0|batt_vs=29594|mdis_morepower=0|thb_hda=51|cp_on_chip_0=36000|cp_on_chip_1=37000|G3D=35000|cp_on_chip_2=37000|cp_on_chip_3=35000|cp_on_chip_4=35000|rf2_therm=33000|rf1_therm=34000|ISP=34000|TPU=35000|AUR=34000|rfpa_therm=30681|quiet_therm=31349|charging_therm=33152|,ok,39000,37000,0,37000,1,batched,untouched,4096,2048,23,1,6674,0,1180,0,4,4,ok
1,11,protected,4,578000,1795000,38000,37000,BIG=35000|MID=36000|usb_pwr_therm=29457|btmspkr_therm=29413|disp_therm=29413|north_therm=29747|soc_therm=33085|battery=29600|battery_cycle=5|dc-mains=33500|usbc-therm-adc=335|max77779fg=29600|LITTLE=36000|soc=9|smpl_gm=0|vdroop1=0|batoilo=0|batoilo2=0|batt_vs=29593|mdis_morepower=0|thb_hda=51|cp_on_chip_0=36000|cp_on_chip_1=37000|G3D=35000|cp_on_chip_2=37000|cp_on_chip_3=35000|cp_on_chip_4=35000|rf2_therm=33000|rf1_therm=34000|ISP=34000|TPU=35000|AUR=35000|rfpa_therm=30681|quiet_therm=31349|charging_therm=33152|,BIG=36000|MID=36000|usb_pwr_therm=29457|btmspkr_therm=29413|disp_therm=29413|north_therm=29747|soc_therm=33085|battery=29600|battery_cycle=5|dc-mains=33500|usbc-therm-adc=335|max77779fg=29600|LITTLE=36000|soc=9|smpl_gm=0|vdroop1=0|batoilo=0|batoilo2=0|batt_vs=29594|mdis_morepower=0|thb_hda=51|cp_on_chip_0=36000|cp_on_chip_1=37000|G3D=35000|cp_on_chip_2=37000|cp_on_chip_3=35000|cp_on_chip_4=35000|rf2_therm=33000|rf1_therm=34000|ISP=34000|TPU=35000|AUR=34000|rfpa_therm=30681|quiet_therm=31349|charging_therm=33152|,ok,39000,37000,0,37000,1,batched,untouched,4096,2048,24,1,5167,0,1221,0,4,4,ok
1,11,protected,4,578000,1795000,38000,37000,BIG=35000|MID=36000|usb_pwr_therm=29457|btmspkr_therm=29413|disp_therm=29413|north_therm=29747|soc_therm=33085|battery=29600|battery_cycle=5|dc-mains=33500|usbc-therm-adc=335|max77779fg=29600|LITTLE=36000|soc=9|smpl_gm=0|vdroop1=0|batoilo=0|batoilo2=0|batt_vs=29593|mdis_morepower=0|thb_hda=51|cp_on_chip_0=36000|cp_on_chip_1=37000|G3D=35000|cp_on_chip_2=37000|cp_on_chip_3=35000|cp_on_chip_4=35000|rf2_therm=33000|rf1_therm=34000|ISP=34000|TPU=35000|AUR=35000|rfpa_therm=30681|quiet_therm=31349|charging_therm=33152|,BIG=36000|MID=36000|usb_pwr_therm=29457|btmspkr_therm=29413|disp_therm=29413|north_therm=29747|soc_therm=33085|battery=29600|battery_cycle=5|dc-mains=33500|usbc-therm-adc=335|max77779fg=29600|LITTLE=36000|soc=9|smpl_gm=0|vdroop1=0|batoilo=0|batoilo2=0|batt_vs=29594|mdis_morepower=0|thb_hda=51|cp_on_chip_0=36000|cp_on_chip_1=37000|G3D=35000|cp_on_chip_2=37000|cp_on_chip_3=35000|cp_on_chip_4=35000|rf2_therm=33000|rf1_therm=34000|ISP=34000|TPU=35000|AUR=34000|rfpa_therm=30681|quiet_therm=31349|charging_therm=33152|,ok,39000,37000,0,37000,1,batched,untouched,4096,2048,25,1,5493,0,1221,0,4,4,ok
1,11,protected,4,578000,1795000,38000,37000,BIG=35000|MID=36000|usb_pwr_therm=29457|btmspkr_therm=29413|disp_therm=29413|north_therm=29747|soc_therm=33085|battery=29600|battery_cycle=5|dc-mains=33500|usbc-therm-adc=335|max77779fg=29600|LITTLE=36000|soc=9|smpl_gm=0|vdroop1=0|batoilo=0|batoilo2=0|batt_vs=29593|mdis_morepower=0|thb_hda=51|cp_on_chip_0=36000|cp_on_chip_1=37000|G3D=35000|cp_on_chip_2=37000|cp_on_chip_3=35000|cp_on_chip_4=35000|rf2_therm=33000|rf1_therm=34000|ISP=34000|TPU=35000|AUR=35000|rfpa_therm=30681|quiet_therm=31349|charging_therm=33152|,BIG=36000|MID=36000|usb_pwr_therm=29457|btmspkr_therm=29413|disp_therm=29413|north_therm=29747|soc_therm=33085|battery=29600|battery_cycle=5|dc-mains=33500|usbc-therm-adc=335|max77779fg=29600|LITTLE=36000|soc=9|smpl_gm=0|vdroop1=0|batoilo=0|batoilo2=0|batt_vs=29594|mdis_morepower=0|thb_hda=51|cp_on_chip_0=36000|cp_on_chip_1=37000|G3D=35000|cp_on_chip_2=37000|cp_on_chip_3=35000|cp_on_chip_4=35000|rf2_therm=33000|rf1_therm=34000|ISP=34000|TPU=35000|AUR=34000|rfpa_therm=30681|quiet_therm=31349|charging_therm=33152|,ok,39000,37000,0,37000,1,batched,untouched,4096,2048,26,1,4191,0,1180,0,4,4,ok
1,11,protected,4,578000,1795000,38000,37000,BIG=35000|MID=36000|usb_pwr_therm=29457|btmspkr_therm=29413|disp_therm=29413|north_therm=29747|soc_therm=33085|battery=29600|battery_cycle=5|dc-mains=33500|usbc-therm-adc=335|max77779fg=29600|LITTLE=36000|soc=9|smpl_gm=0|vdroop1=0|batoilo=0|batoilo2=0|batt_vs=29593|mdis_morepower=0|thb_hda=51|cp_on_chip_0=36000|cp_on_chip_1=37000|G3D=35000|cp_on_chip_2=37000|cp_on_chip_3=35000|cp_on_chip_4=35000|rf2_therm=33000|rf1_therm=34000|ISP=34000|TPU=35000|AUR=35000|rfpa_therm=30681|quiet_therm=31349|charging_therm=33152|,BIG=36000|MID=36000|usb_pwr_therm=29457|btmspkr_therm=29413|disp_therm=29413|north_therm=29747|soc_therm=33085|battery=29600|battery_cycle=5|dc-mains=33500|usbc-therm-adc=335|max77779fg=29600|LITTLE=36000|soc=9|smpl_gm=0|vdroop1=0|batoilo=0|batoilo2=0|batt_vs=29594|mdis_morepower=0|thb_hda=51|cp_on_chip_0=36000|cp_on_chip_1=37000|G3D=35000|cp_on_chip_2=37000|cp_on_chip_3=35000|cp_on_chip_4=35000|rf2_therm=33000|rf1_therm=34000|ISP=34000|TPU=35000|AUR=34000|rfpa_therm=30681|quiet_therm=31349|charging_therm=33152|,ok,39000,37000,0,37000,1,batched,untouched,4096,2048,27,1,4151,0,1221,0,4,4,ok
1,11,protected,4,578000,1795000,38000,37000,BIG=35000|MID=36000|usb_pwr_therm=29457|btmspkr_therm=29413|disp_therm=29413|north_therm=29747|soc_therm=33085|battery=29600|battery_cycle=5|dc-mains=33500|usbc-therm-adc=335|max77779fg=29600|LITTLE=36000|soc=9|smpl_gm=0|vdroop1=0|batoilo=0|batoilo2=0|batt_vs=29593|mdis_morepower=0|thb_hda=51|cp_on_chip_0=36000|cp_on_chip_1=37000|G3D=35000|cp_on_chip_2=37000|cp_on_chip_3=35000|cp_on_chip_4=35000|rf2_therm=33000|rf1_therm=34000|ISP=34000|TPU=35000|AUR=35000|rfpa_therm=30681|quiet_therm=31349|charging_therm=33152|,BIG=36000|MID=36000|usb_pwr_therm=29457|btmspkr_therm=29413|disp_therm=29413|north_therm=29747|soc_therm=33085|battery=29600|battery_cycle=5|dc-mains=33500|usbc-therm-adc=335|max77779fg=29600|LITTLE=36000|soc=9|smpl_gm=0|vdroop1=0|batoilo=0|batoilo2=0|batt_vs=29594|mdis_morepower=0|thb_hda=51|cp_on_chip_0=36000|cp_on_chip_1=37000|G3D=35000|cp_on_chip_2=37000|cp_on_chip_3=35000|cp_on_chip_4=35000|rf2_therm=33000|rf1_therm=34000|ISP=34000|TPU=35000|AUR=34000|rfpa_therm=30681|quiet_therm=31349|charging_therm=33152|,ok,39000,37000,0,37000,1,batched,untouched,4096,2048,28,1,6062,0,1180,0,4,4,ok
1,11,protected,4,578000,1795000,38000,37000,BIG=35000|MID=36000|usb_pwr_therm=29457|btmspkr_therm=29413|disp_therm=29413|north_therm=29747|soc_therm=33085|battery=29600|battery_cycle=5|dc-mains=33500|usbc-therm-adc=335|max77779fg=29600|LITTLE=36000|soc=9|smpl_gm=0|vdroop1=0|batoilo=0|batoilo2=0|batt_vs=29593|mdis_morepower=0|thb_hda=51|cp_on_chip_0=36000|cp_on_chip_1=37000|G3D=35000|cp_on_chip_2=37000|cp_on_chip_3=35000|cp_on_chip_4=35000|rf2_therm=33000|rf1_therm=34000|ISP=34000|TPU=35000|AUR=35000|rfpa_therm=30681|quiet_therm=31349|charging_therm=33152|,BIG=36000|MID=36000|usb_pwr_therm=29457|btmspkr_therm=29413|disp_therm=29413|north_therm=29747|soc_therm=33085|battery=29600|battery_cycle=5|dc-mains=33500|usbc-therm-adc=335|max77779fg=29600|LITTLE=36000|soc=9|smpl_gm=0|vdroop1=0|batoilo=0|batoilo2=0|batt_vs=29594|mdis_morepower=0|thb_hda=51|cp_on_chip_0=36000|cp_on_chip_1=37000|G3D=35000|cp_on_chip_2=37000|cp_on_chip_3=35000|cp_on_chip_4=35000|rf2_therm=33000|rf1_therm=34000|ISP=34000|TPU=35000|AUR=34000|rfpa_therm=30681|quiet_therm=31349|charging_therm=33152|,ok,39000,37000,0,37000,1,batched,untouched,4096,2048,29,1,4882,0,1180,0,4,4,ok
1,12,protected,4,578000,578000,37000,38000,BIG=36000|MID=38000|usb_pwr_therm=29479|btmspkr_therm=29435|disp_therm=29435|north_therm=29769|soc_therm=33130|battery=29600|battery_cycle=5|dc-mains=33500|usbc-therm-adc=335|max77779fg=29600|LITTLE=36000|soc=9|smpl_gm=0|vdroop1=0|batoilo=0|batoilo2=0|batt_vs=29593|mdis_morepower=0|thb_hda=51|cp_on_chip_0=36000|cp_on_chip_1=37000|G3D=35000|cp_on_chip_2=37000|cp_on_chip_3=35000|cp_on_chip_4=35000|rf2_therm=33000|rf1_therm=34000|ISP=34000|TPU=35000|AUR=35000|rfpa_therm=30726|quiet_therm=31394|charging_therm=33197|,BIG=36000|MID=37000|usb_pwr_therm=29502|btmspkr_therm=29435|disp_therm=29413|north_therm=29791|soc_therm=33197|battery=29600|battery_cycle=5|dc-mains=33500|usbc-therm-adc=335|max77779fg=29600|LITTLE=36000|soc=9|smpl_gm=0|vdroop1=0|batoilo=0|batoilo2=0|batt_vs=29593|mdis_morepower=0|thb_hda=51|cp_on_chip_0=36000|cp_on_chip_1=37000|G3D=35000|cp_on_chip_2=37000|cp_on_chip_3=35000|cp_on_chip_4=35000|rf2_therm=33000|rf1_therm=34000|ISP=34000|TPU=35000|AUR=35000|rfpa_therm=30748|quiet_therm=31416|charging_therm=33241|,ok,39000,38000,0,38000,1,single,touched,4096,2048,0,2048,4324951,2048,3231568,0,4,4,ok
1,12,protected,4,578000,578000,37000,38000,BIG=36000|MID=38000|usb_pwr_therm=29479|btmspkr_therm=29435|disp_therm=29435|north_therm=29769|soc_therm=33130|battery=29600|battery_cycle=5|dc-mains=33500|usbc-therm-adc=335|max77779fg=29600|LITTLE=36000|soc=9|smpl_gm=0|vdroop1=0|batoilo=0|batoilo2=0|batt_vs=29593|mdis_morepower=0|thb_hda=51|cp_on_chip_0=36000|cp_on_chip_1=37000|G3D=35000|cp_on_chip_2=37000|cp_on_chip_3=35000|cp_on_chip_4=35000|rf2_therm=33000|rf1_therm=34000|ISP=34000|TPU=35000|AUR=35000|rfpa_therm=30726|quiet_therm=31394|charging_therm=33197|,BIG=36000|MID=37000|usb_pwr_therm=29502|btmspkr_therm=29435|disp_therm=29413|north_therm=29791|soc_therm=33197|battery=29600|battery_cycle=5|dc-mains=33500|usbc-therm-adc=335|max77779fg=29600|LITTLE=36000|soc=9|smpl_gm=0|vdroop1=0|batoilo=0|batoilo2=0|batt_vs=29593|mdis_morepower=0|thb_hda=51|cp_on_chip_0=36000|cp_on_chip_1=37000|G3D=35000|cp_on_chip_2=37000|cp_on_chip_3=35000|cp_on_chip_4=35000|rf2_therm=33000|rf1_therm=34000|ISP=34000|TPU=35000|AUR=35000|rfpa_therm=30748|quiet_therm=31416|charging_therm=33241|,ok,39000,38000,0,38000,1,single,touched,4096,2048,1,2048,2811605,2048,3500163,0,4,4,ok
1,12,protected,4,578000,578000,37000,38000,BIG=36000|MID=38000|usb_pwr_therm=29479|btmspkr_therm=29435|disp_therm=29435|north_therm=29769|soc_therm=33130|battery=29600|battery_cycle=5|dc-mains=33500|usbc-therm-adc=335|max77779fg=29600|LITTLE=36000|soc=9|smpl_gm=0|vdroop1=0|batoilo=0|batoilo2=0|batt_vs=29593|mdis_morepower=0|thb_hda=51|cp_on_chip_0=36000|cp_on_chip_1=37000|G3D=35000|cp_on_chip_2=37000|cp_on_chip_3=35000|cp_on_chip_4=35000|rf2_therm=33000|rf1_therm=34000|ISP=34000|TPU=35000|AUR=35000|rfpa_therm=30726|quiet_therm=31394|charging_therm=33197|,BIG=36000|MID=37000|usb_pwr_therm=29502|btmspkr_therm=29435|disp_therm=29413|north_therm=29791|soc_therm=33197|battery=29600|battery_cycle=5|dc-mains=33500|usbc-therm-adc=335|max77779fg=29600|LITTLE=36000|soc=9|smpl_gm=0|vdroop1=0|batoilo=0|batoilo2=0|batt_vs=29593|mdis_morepower=0|thb_hda=51|cp_on_chip_0=36000|cp_on_chip_1=37000|G3D=35000|cp_on_chip_2=37000|cp_on_chip_3=35000|cp_on_chip_4=35000|rf2_therm=33000|rf1_therm=34000|ISP=34000|TPU=35000|AUR=35000|rfpa_therm=30748|quiet_therm=31416|charging_therm=33241|,ok,39000,38000,0,38000,1,single,touched,4096,2048,2,2048,2560221,2048,2345622,0,4,4,ok
1,12,protected,4,578000,578000,37000,38000,BIG=36000|MID=38000|usb_pwr_therm=29479|btmspkr_therm=29435|disp_therm=29435|north_therm=29769|soc_therm=33130|battery=29600|battery_cycle=5|dc-mains=33500|usbc-therm-adc=335|max77779fg=29600|LITTLE=36000|soc=9|smpl_gm=0|vdroop1=0|batoilo=0|batoilo2=0|batt_vs=29593|mdis_morepower=0|thb_hda=51|cp_on_chip_0=36000|cp_on_chip_1=37000|G3D=35000|cp_on_chip_2=37000|cp_on_chip_3=35000|cp_on_chip_4=35000|rf2_therm=33000|rf1_therm=34000|ISP=34000|TPU=35000|AUR=35000|rfpa_therm=30726|quiet_therm=31394|charging_therm=33197|,BIG=36000|MID=37000|usb_pwr_therm=29502|btmspkr_therm=29435|disp_therm=29413|north_therm=29791|soc_therm=33197|battery=29600|battery_cycle=5|dc-mains=33500|usbc-therm-adc=335|max77779fg=29600|LITTLE=36000|soc=9|smpl_gm=0|vdroop1=0|batoilo=0|batoilo2=0|batt_vs=29593|mdis_morepower=0|thb_hda=51|cp_on_chip_0=36000|cp_on_chip_1=37000|G3D=35000|cp_on_chip_2=37000|cp_on_chip_3=35000|cp_on_chip_4=35000|rf2_therm=33000|rf1_therm=34000|ISP=34000|TPU=35000|AUR=35000|rfpa_therm=30748|quiet_therm=31416|charging_therm=33241|,ok,39000,38000,0,38000,1,single,touched,4096,2048,3,2048,2402466,2048,2257406,0,4,4,ok
1,12,protected,4,578000,578000,37000,38000,BIG=36000|MID=38000|usb_pwr_therm=29479|btmspkr_therm=29435|disp_therm=29435|north_therm=29769|soc_therm=33130|battery=29600|battery_cycle=5|dc-mains=33500|usbc-therm-adc=335|max77779fg=29600|LITTLE=36000|soc=9|smpl_gm=0|vdroop1=0|batoilo=0|batoilo2=0|batt_vs=29593|mdis_morepower=0|thb_hda=51|cp_on_chip_0=36000|cp_on_chip_1=37000|G3D=35000|cp_on_chip_2=37000|cp_on_chip_3=35000|cp_on_chip_4=35000|rf2_therm=33000|rf1_therm=34000|ISP=34000|TPU=35000|AUR=35000|rfpa_therm=30726|quiet_therm=31394|charging_therm=33197|,BIG=36000|MID=37000|usb_pwr_therm=29502|btmspkr_therm=29435|disp_therm=29413|north_therm=29791|soc_therm=33197|battery=29600|battery_cycle=5|dc-mains=33500|usbc-therm-adc=335|max77779fg=29600|LITTLE=36000|soc=9|smpl_gm=0|vdroop1=0|batoilo=0|batoilo2=0|batt_vs=29593|mdis_morepower=0|thb_hda=51|cp_on_chip_0=36000|cp_on_chip_1=37000|G3D=35000|cp_on_chip_2=37000|cp_on_chip_3=35000|cp_on_chip_4=35000|rf2_therm=33000|rf1_therm=34000|ISP=34000|TPU=35000|AUR=35000|rfpa_therm=30748|quiet_therm=31416|charging_therm=33241|,ok,39000,38000,0,38000,1,single,touched,4096,2048,4,2048,2295613,2048,2176839,0,4,4,ok
1,12,protected,4,578000,578000,37000,38000,BIG=36000|MID=38000|usb_pwr_therm=29479|btmspkr_therm=29435|disp_therm=29435|north_therm=29769|soc_therm=33130|battery=29600|battery_cycle=5|dc-mains=33500|usbc-therm-adc=335|max77779fg=29600|LITTLE=36000|soc=9|smpl_gm=0|vdroop1=0|batoilo=0|batoilo2=0|batt_vs=29593|mdis_morepower=0|thb_hda=51|cp_on_chip_0=36000|cp_on_chip_1=37000|G3D=35000|cp_on_chip_2=37000|cp_on_chip_3=35000|cp_on_chip_4=35000|rf2_therm=33000|rf1_therm=34000|ISP=34000|TPU=35000|AUR=35000|rfpa_therm=30726|quiet_therm=31394|charging_therm=33197|,BIG=36000|MID=37000|usb_pwr_therm=29502|btmspkr_therm=29435|disp_therm=29413|north_therm=29791|soc_therm=33197|battery=29600|battery_cycle=5|dc-mains=33500|usbc-therm-adc=335|max77779fg=29600|LITTLE=36000|soc=9|smpl_gm=0|vdroop1=0|batoilo=0|batoilo2=0|batt_vs=29593|mdis_morepower=0|thb_hda=51|cp_on_chip_0=36000|cp_on_chip_1=37000|G3D=35000|cp_on_chip_2=37000|cp_on_chip_3=35000|cp_on_chip_4=35000|rf2_therm=33000|rf1_therm=34000|ISP=34000|TPU=35000|AUR=35000|rfpa_therm=30748|quiet_therm=31416|charging_therm=33241|,ok,39000,38000,0,38000,1,single,touched,4096,2048,5,2048,2250245,2048,2431112,0,4,4,ok
1,12,protected,4,578000,578000,37000,38000,BIG=36000|MID=38000|usb_pwr_therm=29479|btmspkr_therm=29435|disp_therm=29435|north_therm=29769|soc_therm=33130|battery=29600|battery_cycle=5|dc-mains=33500|usbc-therm-adc=335|max77779fg=29600|LITTLE=36000|soc=9|smpl_gm=0|vdroop1=0|batoilo=0|batoilo2=0|batt_vs=29593|mdis_morepower=0|thb_hda=51|cp_on_chip_0=36000|cp_on_chip_1=37000|G3D=35000|cp_on_chip_2=37000|cp_on_chip_3=35000|cp_on_chip_4=35000|rf2_therm=33000|rf1_therm=34000|ISP=34000|TPU=35000|AUR=35000|rfpa_therm=30726|quiet_therm=31394|charging_therm=33197|,BIG=36000|MID=37000|usb_pwr_therm=29502|btmspkr_therm=29435|disp_therm=29413|north_therm=29791|soc_therm=33197|battery=29600|battery_cycle=5|dc-mains=33500|usbc-therm-adc=335|max77779fg=29600|LITTLE=36000|soc=9|smpl_gm=0|vdroop1=0|batoilo=0|batoilo2=0|batt_vs=29593|mdis_morepower=0|thb_hda=51|cp_on_chip_0=36000|cp_on_chip_1=37000|G3D=35000|cp_on_chip_2=37000|cp_on_chip_3=35000|cp_on_chip_4=35000|rf2_therm=33000|rf1_therm=34000|ISP=34000|TPU=35000|AUR=35000|rfpa_therm=30748|quiet_therm=31416|charging_therm=33241|,ok,39000,38000,0,38000,1,single,touched,4096,2048,6,2048,2107666,2048,2311686,0,4,4,ok
1,12,protected,4,578000,578000,37000,38000,BIG=36000|MID=38000|usb_pwr_therm=29479|btmspkr_therm=29435|disp_therm=29435|north_therm=29769|soc_therm=33130|battery=29600|battery_cycle=5|dc-mains=33500|usbc-therm-adc=335|max77779fg=29600|LITTLE=36000|soc=9|smpl_gm=0|vdroop1=0|batoilo=0|batoilo2=0|batt_vs=29593|mdis_morepower=0|thb_hda=51|cp_on_chip_0=36000|cp_on_chip_1=37000|G3D=35000|cp_on_chip_2=37000|cp_on_chip_3=35000|cp_on_chip_4=35000|rf2_therm=33000|rf1_therm=34000|ISP=34000|TPU=35000|AUR=35000|rfpa_therm=30726|quiet_therm=31394|charging_therm=33197|,BIG=36000|MID=37000|usb_pwr_therm=29502|btmspkr_therm=29435|disp_therm=29413|north_therm=29791|soc_therm=33197|battery=29600|battery_cycle=5|dc-mains=33500|usbc-therm-adc=335|max77779fg=29600|LITTLE=36000|soc=9|smpl_gm=0|vdroop1=0|batoilo=0|batoilo2=0|batt_vs=29593|mdis_morepower=0|thb_hda=51|cp_on_chip_0=36000|cp_on_chip_1=37000|G3D=35000|cp_on_chip_2=37000|cp_on_chip_3=35000|cp_on_chip_4=35000|rf2_therm=33000|rf1_therm=34000|ISP=34000|TPU=35000|AUR=35000|rfpa_therm=30748|quiet_therm=31416|charging_therm=33241|,ok,39000,38000,0,38000,1,single,touched,4096,2048,7,2048,1996215,2048,2060872,0,4,4,ok
1,12,protected,4,578000,578000,37000,38000,BIG=36000|MID=38000|usb_pwr_therm=29479|btmspkr_therm=29435|disp_therm=29435|north_therm=29769|soc_therm=33130|battery=29600|battery_cycle=5|dc-mains=33500|usbc-therm-adc=335|max77779fg=29600|LITTLE=36000|soc=9|smpl_gm=0|vdroop1=0|batoilo=0|batoilo2=0|batt_vs=29593|mdis_morepower=0|thb_hda=51|cp_on_chip_0=36000|cp_on_chip_1=37000|G3D=35000|cp_on_chip_2=37000|cp_on_chip_3=35000|cp_on_chip_4=35000|rf2_therm=33000|rf1_therm=34000|ISP=34000|TPU=35000|AUR=35000|rfpa_therm=30726|quiet_therm=31394|charging_therm=33197|,BIG=36000|MID=37000|usb_pwr_therm=29502|btmspkr_therm=29435|disp_therm=29413|north_therm=29791|soc_therm=33197|battery=29600|battery_cycle=5|dc-mains=33500|usbc-therm-adc=335|max77779fg=29600|LITTLE=36000|soc=9|smpl_gm=0|vdroop1=0|batoilo=0|batoilo2=0|batt_vs=29593|mdis_morepower=0|thb_hda=51|cp_on_chip_0=36000|cp_on_chip_1=37000|G3D=35000|cp_on_chip_2=37000|cp_on_chip_3=35000|cp_on_chip_4=35000|rf2_therm=33000|rf1_therm=34000|ISP=34000|TPU=35000|AUR=35000|rfpa_therm=30748|quiet_therm=31416|charging_therm=33241|,ok,39000,38000,0,38000,1,single,touched,4096,2048,8,2048,1988769,2048,2044108,0,4,4,ok
1,12,protected,4,578000,578000,37000,38000,BIG=36000|MID=38000|usb_pwr_therm=29479|btmspkr_therm=29435|disp_therm=29435|north_therm=29769|soc_therm=33130|battery=29600|battery_cycle=5|dc-mains=33500|usbc-therm-adc=335|max77779fg=29600|LITTLE=36000|soc=9|smpl_gm=0|vdroop1=0|batoilo=0|batoilo2=0|batt_vs=29593|mdis_morepower=0|thb_hda=51|cp_on_chip_0=36000|cp_on_chip_1=37000|G3D=35000|cp_on_chip_2=37000|cp_on_chip_3=35000|cp_on_chip_4=35000|rf2_therm=33000|rf1_therm=34000|ISP=34000|TPU=35000|AUR=35000|rfpa_therm=30726|quiet_therm=31394|charging_therm=33197|,BIG=36000|MID=37000|usb_pwr_therm=29502|btmspkr_therm=29435|disp_therm=29413|north_therm=29791|soc_therm=33197|battery=29600|battery_cycle=5|dc-mains=33500|usbc-therm-adc=335|max77779fg=29600|LITTLE=36000|soc=9|smpl_gm=0|vdroop1=0|batoilo=0|batoilo2=0|batt_vs=29593|mdis_morepower=0|thb_hda=51|cp_on_chip_0=36000|cp_on_chip_1=37000|G3D=35000|cp_on_chip_2=37000|cp_on_chip_3=35000|cp_on_chip_4=35000|rf2_therm=33000|rf1_therm=34000|ISP=34000|TPU=35000|AUR=35000|rfpa_therm=30748|quiet_therm=31416|charging_therm=33241|,ok,39000,38000,0,38000,1,single,touched,4096,2048,9,2048,1969727,2048,1979980,0,4,4,ok
1,12,protected,4,578000,578000,37000,38000,BIG=36000|MID=38000|usb_pwr_therm=29479|btmspkr_therm=29435|disp_therm=29435|north_therm=29769|soc_therm=33130|battery=29600|battery_cycle=5|dc-mains=33500|usbc-therm-adc=335|max77779fg=29600|LITTLE=36000|soc=9|smpl_gm=0|vdroop1=0|batoilo=0|batoilo2=0|batt_vs=29593|mdis_morepower=0|thb_hda=51|cp_on_chip_0=36000|cp_on_chip_1=37000|G3D=35000|cp_on_chip_2=37000|cp_on_chip_3=35000|cp_on_chip_4=35000|rf2_therm=33000|rf1_therm=34000|ISP=34000|TPU=35000|AUR=35000|rfpa_therm=30726|quiet_therm=31394|charging_therm=33197|,BIG=36000|MID=37000|usb_pwr_therm=29502|btmspkr_therm=29435|disp_therm=29413|north_therm=29791|soc_therm=33197|battery=29600|battery_cycle=5|dc-mains=33500|usbc-therm-adc=335|max77779fg=29600|LITTLE=36000|soc=9|smpl_gm=0|vdroop1=0|batoilo=0|batoilo2=0|batt_vs=29593|mdis_morepower=0|thb_hda=51|cp_on_chip_0=36000|cp_on_chip_1=37000|G3D=35000|cp_on_chip_2=37000|cp_on_chip_3=35000|cp_on_chip_4=35000|rf2_therm=33000|rf1_therm=34000|ISP=34000|TPU=35000|AUR=35000|rfpa_therm=30748|quiet_therm=31416|charging_therm=33241|,ok,39000,38000,0,38000,1,single,touched,4096,2048,10,2048,1982178,2048,1979248,0,4,4,ok
1,12,protected,4,578000,578000,37000,38000,BIG=36000|MID=38000|usb_pwr_therm=29479|btmspkr_therm=29435|disp_therm=29435|north_therm=29769|soc_therm=33130|battery=29600|battery_cycle=5|dc-mains=33500|usbc-therm-adc=335|max77779fg=29600|LITTLE=36000|soc=9|smpl_gm=0|vdroop1=0|batoilo=0|batoilo2=0|batt_vs=29593|mdis_morepower=0|thb_hda=51|cp_on_chip_0=36000|cp_on_chip_1=37000|G3D=35000|cp_on_chip_2=37000|cp_on_chip_3=35000|cp_on_chip_4=35000|rf2_therm=33000|rf1_therm=34000|ISP=34000|TPU=35000|AUR=35000|rfpa_therm=30726|quiet_therm=31394|charging_therm=33197|,BIG=36000|MID=37000|usb_pwr_therm=29502|btmspkr_therm=29435|disp_therm=29413|north_therm=29791|soc_therm=33197|battery=29600|battery_cycle=5|dc-mains=33500|usbc-therm-adc=335|max77779fg=29600|LITTLE=36000|soc=9|smpl_gm=0|vdroop1=0|batoilo=0|batoilo2=0|batt_vs=29593|mdis_morepower=0|thb_hda=51|cp_on_chip_0=36000|cp_on_chip_1=37000|G3D=35000|cp_on_chip_2=37000|cp_on_chip_3=35000|cp_on_chip_4=35000|rf2_therm=33000|rf1_therm=34000|ISP=34000|TPU=35000|AUR=35000|rfpa_therm=30748|quiet_therm=31416|charging_therm=33241|,ok,39000,38000,0,38000,1,single,touched,4096,2048,11,2048,1969686,2048,1996989,0,4,4,ok
1,12,protected,4,578000,578000,37000,38000,BIG=36000|MID=38000|usb_pwr_therm=29479|btmspkr_therm=29435|disp_therm=29435|north_therm=29769|soc_therm=33130|battery=29600|battery_cycle=5|dc-mains=33500|usbc-therm-adc=335|max77779fg=29600|LITTLE=36000|soc=9|smpl_gm=0|vdroop1=0|batoilo=0|batoilo2=0|batt_vs=29593|mdis_morepower=0|thb_hda=51|cp_on_chip_0=36000|cp_on_chip_1=37000|G3D=35000|cp_on_chip_2=37000|cp_on_chip_3=35000|cp_on_chip_4=35000|rf2_therm=33000|rf1_therm=34000|ISP=34000|TPU=35000|AUR=35000|rfpa_therm=30726|quiet_therm=31394|charging_therm=33197|,BIG=36000|MID=37000|usb_pwr_therm=29502|btmspkr_therm=29435|disp_therm=29413|north_therm=29791|soc_therm=33197|battery=29600|battery_cycle=5|dc-mains=33500|usbc-therm-adc=335|max77779fg=29600|LITTLE=36000|soc=9|smpl_gm=0|vdroop1=0|batoilo=0|batoilo2=0|batt_vs=29593|mdis_morepower=0|thb_hda=51|cp_on_chip_0=36000|cp_on_chip_1=37000|G3D=35000|cp_on_chip_2=37000|cp_on_chip_3=35000|cp_on_chip_4=35000|rf2_therm=33000|rf1_therm=34000|ISP=34000|TPU=35000|AUR=35000|rfpa_therm=30748|quiet_therm=31416|charging_therm=33241|,ok,39000,38000,0,38000,1,single,touched,4096,2048,12,2048,1976522,2048,1953816,0,4,4,ok
1,12,protected,4,578000,578000,37000,38000,BIG=36000|MID=38000|usb_pwr_therm=29479|btmspkr_therm=29435|disp_therm=29435|north_therm=29769|soc_therm=33130|battery=29600|battery_cycle=5|dc-mains=33500|usbc-therm-adc=335|max77779fg=29600|LITTLE=36000|soc=9|smpl_gm=0|vdroop1=0|batoilo=0|batoilo2=0|batt_vs=29593|mdis_morepower=0|thb_hda=51|cp_on_chip_0=36000|cp_on_chip_1=37000|G3D=35000|cp_on_chip_2=37000|cp_on_chip_3=35000|cp_on_chip_4=35000|rf2_therm=33000|rf1_therm=34000|ISP=34000|TPU=35000|AUR=35000|rfpa_therm=30726|quiet_therm=31394|charging_therm=33197|,BIG=36000|MID=37000|usb_pwr_therm=29502|btmspkr_therm=29435|disp_therm=29413|north_therm=29791|soc_therm=33197|battery=29600|battery_cycle=5|dc-mains=33500|usbc-therm-adc=335|max77779fg=29600|LITTLE=36000|soc=9|smpl_gm=0|vdroop1=0|batoilo=0|batoilo2=0|batt_vs=29593|mdis_morepower=0|thb_hda=51|cp_on_chip_0=36000|cp_on_chip_1=37000|G3D=35000|cp_on_chip_2=37000|cp_on_chip_3=35000|cp_on_chip_4=35000|rf2_therm=33000|rf1_therm=34000|ISP=34000|TPU=35000|AUR=35000|rfpa_therm=30748|quiet_therm=31416|charging_therm=33241|,ok,39000,38000,0,38000,1,single,touched,4096,2048,13,2048,1979655,2048,2379598,0,4,4,ok
1,12,protected,4,578000,578000,37000,38000,BIG=36000|MID=38000|usb_pwr_therm=29479|btmspkr_therm=29435|disp_therm=29435|north_therm=29769|soc_therm=33130|battery=29600|battery_cycle=5|dc-mains=33500|usbc-therm-adc=335|max77779fg=29600|LITTLE=36000|soc=9|smpl_gm=0|vdroop1=0|batoilo=0|batoilo2=0|batt_vs=29593|mdis_morepower=0|thb_hda=51|cp_on_chip_0=36000|cp_on_chip_1=37000|G3D=35000|cp_on_chip_2=37000|cp_on_chip_3=35000|cp_on_chip_4=35000|rf2_therm=33000|rf1_therm=34000|ISP=34000|TPU=35000|AUR=35000|rfpa_therm=30726|quiet_therm=31394|charging_therm=33197|,BIG=36000|MID=37000|usb_pwr_therm=29502|btmspkr_therm=29435|disp_therm=29413|north_therm=29791|soc_therm=33197|battery=29600|battery_cycle=5|dc-mains=33500|usbc-therm-adc=335|max77779fg=29600|LITTLE=36000|soc=9|smpl_gm=0|vdroop1=0|batoilo=0|batoilo2=0|batt_vs=29593|mdis_morepower=0|thb_hda=51|cp_on_chip_0=36000|cp_on_chip_1=37000|G3D=35000|cp_on_chip_2=37000|cp_on_chip_3=35000|cp_on_chip_4=35000|rf2_therm=33000|rf1_therm=34000|ISP=34000|TPU=35000|AUR=35000|rfpa_therm=30748|quiet_therm=31416|charging_therm=33241|,ok,39000,38000,0,38000,1,single,touched,4096,2048,14,2048,1951945,2048,2009237,0,4,4,ok
1,12,protected,4,578000,578000,37000,38000,BIG=36000|MID=38000|usb_pwr_therm=29479|btmspkr_therm=29435|disp_therm=29435|north_therm=29769|soc_therm=33130|battery=29600|battery_cycle=5|dc-mains=33500|usbc-therm-adc=335|max77779fg=29600|LITTLE=36000|soc=9|smpl_gm=0|vdroop1=0|batoilo=0|batoilo2=0|batt_vs=29593|mdis_morepower=0|thb_hda=51|cp_on_chip_0=36000|cp_on_chip_1=37000|G3D=35000|cp_on_chip_2=37000|cp_on_chip_3=35000|cp_on_chip_4=35000|rf2_therm=33000|rf1_therm=34000|ISP=34000|TPU=35000|AUR=35000|rfpa_therm=30726|quiet_therm=31394|charging_therm=33197|,BIG=36000|MID=37000|usb_pwr_therm=29502|btmspkr_therm=29435|disp_therm=29413|north_therm=29791|soc_therm=33197|battery=29600|battery_cycle=5|dc-mains=33500|usbc-therm-adc=335|max77779fg=29600|LITTLE=36000|soc=9|smpl_gm=0|vdroop1=0|batoilo=0|batoilo2=0|batt_vs=29593|mdis_morepower=0|thb_hda=51|cp_on_chip_0=36000|cp_on_chip_1=37000|G3D=35000|cp_on_chip_2=37000|cp_on_chip_3=35000|cp_on_chip_4=35000|rf2_therm=33000|rf1_therm=34000|ISP=34000|TPU=35000|AUR=35000|rfpa_therm=30748|quiet_therm=31416|charging_therm=33241|,ok,39000,38000,0,38000,1,single,touched,4096,2048,15,2048,1968384,2048,1976603,0,4,4,ok
1,12,protected,4,578000,578000,37000,38000,BIG=36000|MID=38000|usb_pwr_therm=29479|btmspkr_therm=29435|disp_therm=29435|north_therm=29769|soc_therm=33130|battery=29600|battery_cycle=5|dc-mains=33500|usbc-therm-adc=335|max77779fg=29600|LITTLE=36000|soc=9|smpl_gm=0|vdroop1=0|batoilo=0|batoilo2=0|batt_vs=29593|mdis_morepower=0|thb_hda=51|cp_on_chip_0=36000|cp_on_chip_1=37000|G3D=35000|cp_on_chip_2=37000|cp_on_chip_3=35000|cp_on_chip_4=35000|rf2_therm=33000|rf1_therm=34000|ISP=34000|TPU=35000|AUR=35000|rfpa_therm=30726|quiet_therm=31394|charging_therm=33197|,BIG=36000|MID=37000|usb_pwr_therm=29502|btmspkr_therm=29435|disp_therm=29413|north_therm=29791|soc_therm=33197|battery=29600|battery_cycle=5|dc-mains=33500|usbc-therm-adc=335|max77779fg=29600|LITTLE=36000|soc=9|smpl_gm=0|vdroop1=0|batoilo=0|batoilo2=0|batt_vs=29593|mdis_morepower=0|thb_hda=51|cp_on_chip_0=36000|cp_on_chip_1=37000|G3D=35000|cp_on_chip_2=37000|cp_on_chip_3=35000|cp_on_chip_4=35000|rf2_therm=33000|rf1_therm=34000|ISP=34000|TPU=35000|AUR=35000|rfpa_therm=30748|quiet_therm=31416|charging_therm=33241|,ok,39000,38000,0,38000,1,single,touched,4096,2048,16,2048,1980061,2048,1965454,0,4,4,ok
1,12,protected,4,578000,578000,37000,38000,BIG=36000|MID=38000|usb_pwr_therm=29479|btmspkr_therm=29435|disp_therm=29435|north_therm=29769|soc_therm=33130|battery=29600|battery_cycle=5|dc-mains=33500|usbc-therm-adc=335|max77779fg=29600|LITTLE=36000|soc=9|smpl_gm=0|vdroop1=0|batoilo=0|batoilo2=0|batt_vs=29593|mdis_morepower=0|thb_hda=51|cp_on_chip_0=36000|cp_on_chip_1=37000|G3D=35000|cp_on_chip_2=37000|cp_on_chip_3=35000|cp_on_chip_4=35000|rf2_therm=33000|rf1_therm=34000|ISP=34000|TPU=35000|AUR=35000|rfpa_therm=30726|quiet_therm=31394|charging_therm=33197|,BIG=36000|MID=37000|usb_pwr_therm=29502|btmspkr_therm=29435|disp_therm=29413|north_therm=29791|soc_therm=33197|battery=29600|battery_cycle=5|dc-mains=33500|usbc-therm-adc=335|max77779fg=29600|LITTLE=36000|soc=9|smpl_gm=0|vdroop1=0|batoilo=0|batoilo2=0|batt_vs=29593|mdis_morepower=0|thb_hda=51|cp_on_chip_0=36000|cp_on_chip_1=37000|G3D=35000|cp_on_chip_2=37000|cp_on_chip_3=35000|cp_on_chip_4=35000|rf2_therm=33000|rf1_therm=34000|ISP=34000|TPU=35000|AUR=35000|rfpa_therm=30748|quiet_therm=31416|charging_therm=33241|,ok,39000,38000,0,38000,1,single,touched,4096,2048,17,2048,1988159,2048,2053711,0,4,4,ok
1,12,protected,4,578000,578000,37000,38000,BIG=36000|MID=38000|usb_pwr_therm=29479|btmspkr_therm=29435|disp_therm=29435|north_therm=29769|soc_therm=33130|battery=29600|battery_cycle=5|dc-mains=33500|usbc-therm-adc=335|max77779fg=29600|LITTLE=36000|soc=9|smpl_gm=0|vdroop1=0|batoilo=0|batoilo2=0|batt_vs=29593|mdis_morepower=0|thb_hda=51|cp_on_chip_0=36000|cp_on_chip_1=37000|G3D=35000|cp_on_chip_2=37000|cp_on_chip_3=35000|cp_on_chip_4=35000|rf2_therm=33000|rf1_therm=34000|ISP=34000|TPU=35000|AUR=35000|rfpa_therm=30726|quiet_therm=31394|charging_therm=33197|,BIG=36000|MID=37000|usb_pwr_therm=29502|btmspkr_therm=29435|disp_therm=29413|north_therm=29791|soc_therm=33197|battery=29600|battery_cycle=5|dc-mains=33500|usbc-therm-adc=335|max77779fg=29600|LITTLE=36000|soc=9|smpl_gm=0|vdroop1=0|batoilo=0|batoilo2=0|batt_vs=29593|mdis_morepower=0|thb_hda=51|cp_on_chip_0=36000|cp_on_chip_1=37000|G3D=35000|cp_on_chip_2=37000|cp_on_chip_3=35000|cp_on_chip_4=35000|rf2_therm=33000|rf1_therm=34000|ISP=34000|TPU=35000|AUR=35000|rfpa_therm=30748|quiet_therm=31416|charging_therm=33241|,ok,39000,38000,0,38000,1,single,touched,4096,2048,18,2048,1987915,2048,1910563,0,4,4,ok
1,12,protected,4,578000,578000,37000,38000,BIG=36000|MID=38000|usb_pwr_therm=29479|btmspkr_therm=29435|disp_therm=29435|north_therm=29769|soc_therm=33130|battery=29600|battery_cycle=5|dc-mains=33500|usbc-therm-adc=335|max77779fg=29600|LITTLE=36000|soc=9|smpl_gm=0|vdroop1=0|batoilo=0|batoilo2=0|batt_vs=29593|mdis_morepower=0|thb_hda=51|cp_on_chip_0=36000|cp_on_chip_1=37000|G3D=35000|cp_on_chip_2=37000|cp_on_chip_3=35000|cp_on_chip_4=35000|rf2_therm=33000|rf1_therm=34000|ISP=34000|TPU=35000|AUR=35000|rfpa_therm=30726|quiet_therm=31394|charging_therm=33197|,BIG=36000|MID=37000|usb_pwr_therm=29502|btmspkr_therm=29435|disp_therm=29413|north_therm=29791|soc_therm=33197|battery=29600|battery_cycle=5|dc-mains=33500|usbc-therm-adc=335|max77779fg=29600|LITTLE=36000|soc=9|smpl_gm=0|vdroop1=0|batoilo=0|batoilo2=0|batt_vs=29593|mdis_morepower=0|thb_hda=51|cp_on_chip_0=36000|cp_on_chip_1=37000|G3D=35000|cp_on_chip_2=37000|cp_on_chip_3=35000|cp_on_chip_4=35000|rf2_therm=33000|rf1_therm=34000|ISP=34000|TPU=35000|AUR=35000|rfpa_therm=30748|quiet_therm=31416|charging_therm=33241|,ok,39000,38000,0,38000,1,single,touched,4096,2048,19,2048,1996989,2048,2018108,0,4,4,ok
1,12,protected,4,578000,578000,37000,38000,BIG=36000|MID=38000|usb_pwr_therm=29479|btmspkr_therm=29435|disp_therm=29435|north_therm=29769|soc_therm=33130|battery=29600|battery_cycle=5|dc-mains=33500|usbc-therm-adc=335|max77779fg=29600|LITTLE=36000|soc=9|smpl_gm=0|vdroop1=0|batoilo=0|batoilo2=0|batt_vs=29593|mdis_morepower=0|thb_hda=51|cp_on_chip_0=36000|cp_on_chip_1=37000|G3D=35000|cp_on_chip_2=37000|cp_on_chip_3=35000|cp_on_chip_4=35000|rf2_therm=33000|rf1_therm=34000|ISP=34000|TPU=35000|AUR=35000|rfpa_therm=30726|quiet_therm=31394|charging_therm=33197|,BIG=36000|MID=37000|usb_pwr_therm=29502|btmspkr_therm=29435|disp_therm=29413|north_therm=29791|soc_therm=33197|battery=29600|battery_cycle=5|dc-mains=33500|usbc-therm-adc=335|max77779fg=29600|LITTLE=36000|soc=9|smpl_gm=0|vdroop1=0|batoilo=0|batoilo2=0|batt_vs=29593|mdis_morepower=0|thb_hda=51|cp_on_chip_0=36000|cp_on_chip_1=37000|G3D=35000|cp_on_chip_2=37000|cp_on_chip_3=35000|cp_on_chip_4=35000|rf2_therm=33000|rf1_therm=34000|ISP=34000|TPU=35000|AUR=35000|rfpa_therm=30748|quiet_therm=31416|charging_therm=33241|,ok,39000,38000,0,38000,1,single,touched,4096,2048,20,2048,1925944,2048,2028280,0,4,4,ok
1,12,protected,4,578000,578000,37000,38000,BIG=36000|MID=38000|usb_pwr_therm=29479|btmspkr_therm=29435|disp_therm=29435|north_therm=29769|soc_therm=33130|battery=29600|battery_cycle=5|dc-mains=33500|usbc-therm-adc=335|max77779fg=29600|LITTLE=36000|soc=9|smpl_gm=0|vdroop1=0|batoilo=0|batoilo2=0|batt_vs=29593|mdis_morepower=0|thb_hda=51|cp_on_chip_0=36000|cp_on_chip_1=37000|G3D=35000|cp_on_chip_2=37000|cp_on_chip_3=35000|cp_on_chip_4=35000|rf2_therm=33000|rf1_therm=34000|ISP=34000|TPU=35000|AUR=35000|rfpa_therm=30726|quiet_therm=31394|charging_therm=33197|,BIG=36000|MID=37000|usb_pwr_therm=29502|btmspkr_therm=29435|disp_therm=29413|north_therm=29791|soc_therm=33197|battery=29600|battery_cycle=5|dc-mains=33500|usbc-therm-adc=335|max77779fg=29600|LITTLE=36000|soc=9|smpl_gm=0|vdroop1=0|batoilo=0|batoilo2=0|batt_vs=29593|mdis_morepower=0|thb_hda=51|cp_on_chip_0=36000|cp_on_chip_1=37000|G3D=35000|cp_on_chip_2=37000|cp_on_chip_3=35000|cp_on_chip_4=35000|rf2_therm=33000|rf1_therm=34000|ISP=34000|TPU=35000|AUR=35000|rfpa_therm=30748|quiet_therm=31416|charging_therm=33241|,ok,39000,38000,0,38000,1,single,touched,4096,2048,21,2048,1981283,2048,2238282,0,4,4,ok
1,12,protected,4,578000,578000,37000,38000,BIG=36000|MID=38000|usb_pwr_therm=29479|btmspkr_therm=29435|disp_therm=29435|north_therm=29769|soc_therm=33130|battery=29600|battery_cycle=5|dc-mains=33500|usbc-therm-adc=335|max77779fg=29600|LITTLE=36000|soc=9|smpl_gm=0|vdroop1=0|batoilo=0|batoilo2=0|batt_vs=29593|mdis_morepower=0|thb_hda=51|cp_on_chip_0=36000|cp_on_chip_1=37000|G3D=35000|cp_on_chip_2=37000|cp_on_chip_3=35000|cp_on_chip_4=35000|rf2_therm=33000|rf1_therm=34000|ISP=34000|TPU=35000|AUR=35000|rfpa_therm=30726|quiet_therm=31394|charging_therm=33197|,BIG=36000|MID=37000|usb_pwr_therm=29502|btmspkr_therm=29435|disp_therm=29413|north_therm=29791|soc_therm=33197|battery=29600|battery_cycle=5|dc-mains=33500|usbc-therm-adc=335|max77779fg=29600|LITTLE=36000|soc=9|smpl_gm=0|vdroop1=0|batoilo=0|batoilo2=0|batt_vs=29593|mdis_morepower=0|thb_hda=51|cp_on_chip_0=36000|cp_on_chip_1=37000|G3D=35000|cp_on_chip_2=37000|cp_on_chip_3=35000|cp_on_chip_4=35000|rf2_therm=33000|rf1_therm=34000|ISP=34000|TPU=35000|AUR=35000|rfpa_therm=30748|quiet_therm=31416|charging_therm=33241|,ok,39000,38000,0,38000,1,single,touched,4096,2048,22,2048,1996582,2048,1849365,0,4,4,ok
1,12,protected,4,578000,578000,37000,38000,BIG=36000|MID=38000|usb_pwr_therm=29479|btmspkr_therm=29435|disp_therm=29435|north_therm=29769|soc_therm=33130|battery=29600|battery_cycle=5|dc-mains=33500|usbc-therm-adc=335|max77779fg=29600|LITTLE=36000|soc=9|smpl_gm=0|vdroop1=0|batoilo=0|batoilo2=0|batt_vs=29593|mdis_morepower=0|thb_hda=51|cp_on_chip_0=36000|cp_on_chip_1=37000|G3D=35000|cp_on_chip_2=37000|cp_on_chip_3=35000|cp_on_chip_4=35000|rf2_therm=33000|rf1_therm=34000|ISP=34000|TPU=35000|AUR=35000|rfpa_therm=30726|quiet_therm=31394|charging_therm=33197|,BIG=36000|MID=37000|usb_pwr_therm=29502|btmspkr_therm=29435|disp_therm=29413|north_therm=29791|soc_therm=33197|battery=29600|battery_cycle=5|dc-mains=33500|usbc-therm-adc=335|max77779fg=29600|LITTLE=36000|soc=9|smpl_gm=0|vdroop1=0|batoilo=0|batoilo2=0|batt_vs=29593|mdis_morepower=0|thb_hda=51|cp_on_chip_0=36000|cp_on_chip_1=37000|G3D=35000|cp_on_chip_2=37000|cp_on_chip_3=35000|cp_on_chip_4=35000|rf2_therm=33000|rf1_therm=34000|ISP=34000|TPU=35000|AUR=35000|rfpa_therm=30748|quiet_therm=31416|charging_therm=33241|,ok,39000,38000,0,38000,1,single,touched,4096,2048,23,2048,1975627,2048,1897827,0,4,4,ok
1,12,protected,4,578000,578000,37000,38000,BIG=36000|MID=38000|usb_pwr_therm=29479|btmspkr_therm=29435|disp_therm=29435|north_therm=29769|soc_therm=33130|battery=29600|battery_cycle=5|dc-mains=33500|usbc-therm-adc=335|max77779fg=29600|LITTLE=36000|soc=9|smpl_gm=0|vdroop1=0|batoilo=0|batoilo2=0|batt_vs=29593|mdis_morepower=0|thb_hda=51|cp_on_chip_0=36000|cp_on_chip_1=37000|G3D=35000|cp_on_chip_2=37000|cp_on_chip_3=35000|cp_on_chip_4=35000|rf2_therm=33000|rf1_therm=34000|ISP=34000|TPU=35000|AUR=35000|rfpa_therm=30726|quiet_therm=31394|charging_therm=33197|,BIG=36000|MID=37000|usb_pwr_therm=29502|btmspkr_therm=29435|disp_therm=29413|north_therm=29791|soc_therm=33197|battery=29600|battery_cycle=5|dc-mains=33500|usbc-therm-adc=335|max77779fg=29600|LITTLE=36000|soc=9|smpl_gm=0|vdroop1=0|batoilo=0|batoilo2=0|batt_vs=29593|mdis_morepower=0|thb_hda=51|cp_on_chip_0=36000|cp_on_chip_1=37000|G3D=35000|cp_on_chip_2=37000|cp_on_chip_3=35000|cp_on_chip_4=35000|rf2_therm=33000|rf1_therm=34000|ISP=34000|TPU=35000|AUR=35000|rfpa_therm=30748|quiet_therm=31416|charging_therm=33241|,ok,39000,38000,0,38000,1,single,touched,4096,2048,24,2048,1961954,2048,1685425,0,4,4,ok
1,12,protected,4,578000,578000,37000,38000,BIG=36000|MID=38000|usb_pwr_therm=29479|btmspkr_therm=29435|disp_therm=29435|north_therm=29769|soc_therm=33130|battery=29600|battery_cycle=5|dc-mains=33500|usbc-therm-adc=335|max77779fg=29600|LITTLE=36000|soc=9|smpl_gm=0|vdroop1=0|batoilo=0|batoilo2=0|batt_vs=29593|mdis_morepower=0|thb_hda=51|cp_on_chip_0=36000|cp_on_chip_1=37000|G3D=35000|cp_on_chip_2=37000|cp_on_chip_3=35000|cp_on_chip_4=35000|rf2_therm=33000|rf1_therm=34000|ISP=34000|TPU=35000|AUR=35000|rfpa_therm=30726|quiet_therm=31394|charging_therm=33197|,BIG=36000|MID=37000|usb_pwr_therm=29502|btmspkr_therm=29435|disp_therm=29413|north_therm=29791|soc_therm=33197|battery=29600|battery_cycle=5|dc-mains=33500|usbc-therm-adc=335|max77779fg=29600|LITTLE=36000|soc=9|smpl_gm=0|vdroop1=0|batoilo=0|batoilo2=0|batt_vs=29593|mdis_morepower=0|thb_hda=51|cp_on_chip_0=36000|cp_on_chip_1=37000|G3D=35000|cp_on_chip_2=37000|cp_on_chip_3=35000|cp_on_chip_4=35000|rf2_therm=33000|rf1_therm=34000|ISP=34000|TPU=35000|AUR=35000|rfpa_therm=30748|quiet_therm=31416|charging_therm=33241|,ok,39000,38000,0,38000,1,single,touched,4096,2048,25,2048,1987386,2048,1660726,0,4,4,ok
1,12,protected,4,578000,578000,37000,38000,BIG=36000|MID=38000|usb_pwr_therm=29479|btmspkr_therm=29435|disp_therm=29435|north_therm=29769|soc_therm=33130|battery=29600|battery_cycle=5|dc-mains=33500|usbc-therm-adc=335|max77779fg=29600|LITTLE=36000|soc=9|smpl_gm=0|vdroop1=0|batoilo=0|batoilo2=0|batt_vs=29593|mdis_morepower=0|thb_hda=51|cp_on_chip_0=36000|cp_on_chip_1=37000|G3D=35000|cp_on_chip_2=37000|cp_on_chip_3=35000|cp_on_chip_4=35000|rf2_therm=33000|rf1_therm=34000|ISP=34000|TPU=35000|AUR=35000|rfpa_therm=30726|quiet_therm=31394|charging_therm=33197|,BIG=36000|MID=37000|usb_pwr_therm=29502|btmspkr_therm=29435|disp_therm=29413|north_therm=29791|soc_therm=33197|battery=29600|battery_cycle=5|dc-mains=33500|usbc-therm-adc=335|max77779fg=29600|LITTLE=36000|soc=9|smpl_gm=0|vdroop1=0|batoilo=0|batoilo2=0|batt_vs=29593|mdis_morepower=0|thb_hda=51|cp_on_chip_0=36000|cp_on_chip_1=37000|G3D=35000|cp_on_chip_2=37000|cp_on_chip_3=35000|cp_on_chip_4=35000|rf2_therm=33000|rf1_therm=34000|ISP=34000|TPU=35000|AUR=35000|rfpa_therm=30748|quiet_therm=31416|charging_therm=33241|,ok,39000,38000,0,38000,1,single,touched,4096,2048,26,2048,1961507,2048,2428385,0,4,4,ok
1,12,protected,4,578000,578000,37000,38000,BIG=36000|MID=38000|usb_pwr_therm=29479|btmspkr_therm=29435|disp_therm=29435|north_therm=29769|soc_therm=33130|battery=29600|battery_cycle=5|dc-mains=33500|usbc-therm-adc=335|max77779fg=29600|LITTLE=36000|soc=9|smpl_gm=0|vdroop1=0|batoilo=0|batoilo2=0|batt_vs=29593|mdis_morepower=0|thb_hda=51|cp_on_chip_0=36000|cp_on_chip_1=37000|G3D=35000|cp_on_chip_2=37000|cp_on_chip_3=35000|cp_on_chip_4=35000|rf2_therm=33000|rf1_therm=34000|ISP=34000|TPU=35000|AUR=35000|rfpa_therm=30726|quiet_therm=31394|charging_therm=33197|,BIG=36000|MID=37000|usb_pwr_therm=29502|btmspkr_therm=29435|disp_therm=29413|north_therm=29791|soc_therm=33197|battery=29600|battery_cycle=5|dc-mains=33500|usbc-therm-adc=335|max77779fg=29600|LITTLE=36000|soc=9|smpl_gm=0|vdroop1=0|batoilo=0|batoilo2=0|batt_vs=29593|mdis_morepower=0|thb_hda=51|cp_on_chip_0=36000|cp_on_chip_1=37000|G3D=35000|cp_on_chip_2=37000|cp_on_chip_3=35000|cp_on_chip_4=35000|rf2_therm=33000|rf1_therm=34000|ISP=34000|TPU=35000|AUR=35000|rfpa_therm=30748|quiet_therm=31416|charging_therm=33241|,ok,39000,38000,0,38000,1,single,touched,4096,2048,27,2048,1980143,2048,2037476,0,4,4,ok
1,12,protected,4,578000,578000,37000,38000,BIG=36000|MID=38000|usb_pwr_therm=29479|btmspkr_therm=29435|disp_therm=29435|north_therm=29769|soc_therm=33130|battery=29600|battery_cycle=5|dc-mains=33500|usbc-therm-adc=335|max77779fg=29600|LITTLE=36000|soc=9|smpl_gm=0|vdroop1=0|batoilo=0|batoilo2=0|batt_vs=29593|mdis_morepower=0|thb_hda=51|cp_on_chip_0=36000|cp_on_chip_1=37000|G3D=35000|cp_on_chip_2=37000|cp_on_chip_3=35000|cp_on_chip_4=35000|rf2_therm=33000|rf1_therm=34000|ISP=34000|TPU=35000|AUR=35000|rfpa_therm=30726|quiet_therm=31394|charging_therm=33197|,BIG=36000|MID=37000|usb_pwr_therm=29502|btmspkr_therm=29435|disp_therm=29413|north_therm=29791|soc_therm=33197|battery=29600|battery_cycle=5|dc-mains=33500|usbc-therm-adc=335|max77779fg=29600|LITTLE=36000|soc=9|smpl_gm=0|vdroop1=0|batoilo=0|batoilo2=0|batt_vs=29593|mdis_morepower=0|thb_hda=51|cp_on_chip_0=36000|cp_on_chip_1=37000|G3D=35000|cp_on_chip_2=37000|cp_on_chip_3=35000|cp_on_chip_4=35000|rf2_therm=33000|rf1_therm=34000|ISP=34000|TPU=35000|AUR=35000|rfpa_therm=30748|quiet_therm=31416|charging_therm=33241|,ok,39000,38000,0,38000,1,single,touched,4096,2048,28,2048,1987061,2048,1805664,0,4,4,ok
1,12,protected,4,578000,578000,37000,38000,BIG=36000|MID=38000|usb_pwr_therm=29479|btmspkr_therm=29435|disp_therm=29435|north_therm=29769|soc_therm=33130|battery=29600|battery_cycle=5|dc-mains=33500|usbc-therm-adc=335|max77779fg=29600|LITTLE=36000|soc=9|smpl_gm=0|vdroop1=0|batoilo=0|batoilo2=0|batt_vs=29593|mdis_morepower=0|thb_hda=51|cp_on_chip_0=36000|cp_on_chip_1=37000|G3D=35000|cp_on_chip_2=37000|cp_on_chip_3=35000|cp_on_chip_4=35000|rf2_therm=33000|rf1_therm=34000|ISP=34000|TPU=35000|AUR=35000|rfpa_therm=30726|quiet_therm=31394|charging_therm=33197|,BIG=36000|MID=37000|usb_pwr_therm=29502|btmspkr_therm=29435|disp_therm=29413|north_therm=29791|soc_therm=33197|battery=29600|battery_cycle=5|dc-mains=33500|usbc-therm-adc=335|max77779fg=29600|LITTLE=36000|soc=9|smpl_gm=0|vdroop1=0|batoilo=0|batoilo2=0|batt_vs=29593|mdis_morepower=0|thb_hda=51|cp_on_chip_0=36000|cp_on_chip_1=37000|G3D=35000|cp_on_chip_2=37000|cp_on_chip_3=35000|cp_on_chip_4=35000|rf2_therm=33000|rf1_therm=34000|ISP=34000|TPU=35000|AUR=35000|rfpa_therm=30748|quiet_therm=31416|charging_therm=33241|,ok,39000,38000,0,38000,1,single,touched,4096,2048,29,2048,1965983,2048,1934855,0,4,4,ok
1,13,protected,4,578000,648000,37000,37000,BIG=37000|MID=36000|usb_pwr_therm=29502|btmspkr_therm=29457|disp_therm=29435|north_therm=29813|soc_therm=33219|battery=29700|battery_cycle=5|dc-mains=33500|usbc-therm-adc=335|max77779fg=29700|LITTLE=36000|soc=9|smpl_gm=0|vdroop1=0|batoilo=0|batoilo2=0|batt_vs=29693|mdis_morepower=0|thb_hda=51|cp_on_chip_0=36000|cp_on_chip_1=37000|G3D=35000|cp_on_chip_2=37000|cp_on_chip_3=35000|cp_on_chip_4=35000|rf2_therm=33000|rf1_therm=34000|ISP=34000|TPU=35000|AUR=34000|rfpa_therm=30770|quiet_therm=31438|charging_therm=33286|,BIG=36000|MID=36000|usb_pwr_therm=29502|btmspkr_therm=29457|disp_therm=29435|north_therm=29813|soc_therm=33219|battery=29700|battery_cycle=5|dc-mains=33500|usbc-therm-adc=335|max77779fg=29700|LITTLE=36000|soc=9|smpl_gm=0|vdroop1=0|batoilo=0|batoilo2=0|batt_vs=29693|mdis_morepower=0|thb_hda=51|cp_on_chip_0=36000|cp_on_chip_1=37000|G3D=35000|cp_on_chip_2=37000|cp_on_chip_3=35000|cp_on_chip_4=35000|rf2_therm=33000|rf1_therm=34000|ISP=34000|TPU=35000|AUR=35000|rfpa_therm=30770|quiet_therm=31438|charging_therm=33286|,ok,39000,37000,0,37000,1,single,untouched,4096,2048,0,2048,6429,0,1059571,0,4,4,ok
1,13,protected,4,578000,648000,37000,37000,BIG=37000|MID=36000|usb_pwr_therm=29502|btmspkr_therm=29457|disp_therm=29435|north_therm=29813|soc_therm=33219|battery=29700|battery_cycle=5|dc-mains=33500|usbc-therm-adc=335|max77779fg=29700|LITTLE=36000|soc=9|smpl_gm=0|vdroop1=0|batoilo=0|batoilo2=0|batt_vs=29693|mdis_morepower=0|thb_hda=51|cp_on_chip_0=36000|cp_on_chip_1=37000|G3D=35000|cp_on_chip_2=37000|cp_on_chip_3=35000|cp_on_chip_4=35000|rf2_therm=33000|rf1_therm=34000|ISP=34000|TPU=35000|AUR=34000|rfpa_therm=30770|quiet_therm=31438|charging_therm=33286|,BIG=36000|MID=36000|usb_pwr_therm=29502|btmspkr_therm=29457|disp_therm=29435|north_therm=29813|soc_therm=33219|battery=29700|battery_cycle=5|dc-mains=33500|usbc-therm-adc=335|max77779fg=29700|LITTLE=36000|soc=9|smpl_gm=0|vdroop1=0|batoilo=0|batoilo2=0|batt_vs=29693|mdis_morepower=0|thb_hda=51|cp_on_chip_0=36000|cp_on_chip_1=37000|G3D=35000|cp_on_chip_2=37000|cp_on_chip_3=35000|cp_on_chip_4=35000|rf2_therm=33000|rf1_therm=34000|ISP=34000|TPU=35000|AUR=35000|rfpa_therm=30770|quiet_therm=31438|charging_therm=33286|,ok,39000,37000,0,37000,1,single,untouched,4096,2048,1,2048,4028,0,1132325,0,4,4,ok
1,13,protected,4,578000,648000,37000,37000,BIG=37000|MID=36000|usb_pwr_therm=29502|btmspkr_therm=29457|disp_therm=29435|north_therm=29813|soc_therm=33219|battery=29700|battery_cycle=5|dc-mains=33500|usbc-therm-adc=335|max77779fg=29700|LITTLE=36000|soc=9|smpl_gm=0|vdroop1=0|batoilo=0|batoilo2=0|batt_vs=29693|mdis_morepower=0|thb_hda=51|cp_on_chip_0=36000|cp_on_chip_1=37000|G3D=35000|cp_on_chip_2=37000|cp_on_chip_3=35000|cp_on_chip_4=35000|rf2_therm=33000|rf1_therm=34000|ISP=34000|TPU=35000|AUR=34000|rfpa_therm=30770|quiet_therm=31438|charging_therm=33286|,BIG=36000|MID=36000|usb_pwr_therm=29502|btmspkr_therm=29457|disp_therm=29435|north_therm=29813|soc_therm=33219|battery=29700|battery_cycle=5|dc-mains=33500|usbc-therm-adc=335|max77779fg=29700|LITTLE=36000|soc=9|smpl_gm=0|vdroop1=0|batoilo=0|batoilo2=0|batt_vs=29693|mdis_morepower=0|thb_hda=51|cp_on_chip_0=36000|cp_on_chip_1=37000|G3D=35000|cp_on_chip_2=37000|cp_on_chip_3=35000|cp_on_chip_4=35000|rf2_therm=33000|rf1_therm=34000|ISP=34000|TPU=35000|AUR=35000|rfpa_therm=30770|quiet_therm=31438|charging_therm=33286|,ok,39000,37000,0,37000,1,single,untouched,4096,2048,2,2048,45248,0,1058594,0,4,4,ok
1,13,protected,4,578000,648000,37000,37000,BIG=37000|MID=36000|usb_pwr_therm=29502|btmspkr_therm=29457|disp_therm=29435|north_therm=29813|soc_therm=33219|battery=29700|battery_cycle=5|dc-mains=33500|usbc-therm-adc=335|max77779fg=29700|LITTLE=36000|soc=9|smpl_gm=0|vdroop1=0|batoilo=0|batoilo2=0|batt_vs=29693|mdis_morepower=0|thb_hda=51|cp_on_chip_0=36000|cp_on_chip_1=37000|G3D=35000|cp_on_chip_2=37000|cp_on_chip_3=35000|cp_on_chip_4=35000|rf2_therm=33000|rf1_therm=34000|ISP=34000|TPU=35000|AUR=34000|rfpa_therm=30770|quiet_therm=31438|charging_therm=33286|,BIG=36000|MID=36000|usb_pwr_therm=29502|btmspkr_therm=29457|disp_therm=29435|north_therm=29813|soc_therm=33219|battery=29700|battery_cycle=5|dc-mains=33500|usbc-therm-adc=335|max77779fg=29700|LITTLE=36000|soc=9|smpl_gm=0|vdroop1=0|batoilo=0|batoilo2=0|batt_vs=29693|mdis_morepower=0|thb_hda=51|cp_on_chip_0=36000|cp_on_chip_1=37000|G3D=35000|cp_on_chip_2=37000|cp_on_chip_3=35000|cp_on_chip_4=35000|rf2_therm=33000|rf1_therm=34000|ISP=34000|TPU=35000|AUR=35000|rfpa_therm=30770|quiet_therm=31438|charging_therm=33286|,ok,39000,37000,0,37000,1,single,untouched,4096,2048,3,2048,3743,0,1059001,0,4,4,ok
1,13,protected,4,578000,648000,37000,37000,BIG=37000|MID=36000|usb_pwr_therm=29502|btmspkr_therm=29457|disp_therm=29435|north_therm=29813|soc_therm=33219|battery=29700|battery_cycle=5|dc-mains=33500|usbc-therm-adc=335|max77779fg=29700|LITTLE=36000|soc=9|smpl_gm=0|vdroop1=0|batoilo=0|batoilo2=0|batt_vs=29693|mdis_morepower=0|thb_hda=51|cp_on_chip_0=36000|cp_on_chip_1=37000|G3D=35000|cp_on_chip_2=37000|cp_on_chip_3=35000|cp_on_chip_4=35000|rf2_therm=33000|rf1_therm=34000|ISP=34000|TPU=35000|AUR=34000|rfpa_therm=30770|quiet_therm=31438|charging_therm=33286|,BIG=36000|MID=36000|usb_pwr_therm=29502|btmspkr_therm=29457|disp_therm=29435|north_therm=29813|soc_therm=33219|battery=29700|battery_cycle=5|dc-mains=33500|usbc-therm-adc=335|max77779fg=29700|LITTLE=36000|soc=9|smpl_gm=0|vdroop1=0|batoilo=0|batoilo2=0|batt_vs=29693|mdis_morepower=0|thb_hda=51|cp_on_chip_0=36000|cp_on_chip_1=37000|G3D=35000|cp_on_chip_2=37000|cp_on_chip_3=35000|cp_on_chip_4=35000|rf2_therm=33000|rf1_therm=34000|ISP=34000|TPU=35000|AUR=35000|rfpa_therm=30770|quiet_therm=31438|charging_therm=33286|,ok,39000,37000,0,37000,1,single,untouched,4096,2048,4,2048,2400,0,1058634,0,4,4,ok
1,13,protected,4,578000,648000,37000,37000,BIG=37000|MID=36000|usb_pwr_therm=29502|btmspkr_therm=29457|disp_therm=29435|north_therm=29813|soc_therm=33219|battery=29700|battery_cycle=5|dc-mains=33500|usbc-therm-adc=335|max77779fg=29700|LITTLE=36000|soc=9|smpl_gm=0|vdroop1=0|batoilo=0|batoilo2=0|batt_vs=29693|mdis_morepower=0|thb_hda=51|cp_on_chip_0=36000|cp_on_chip_1=37000|G3D=35000|cp_on_chip_2=37000|cp_on_chip_3=35000|cp_on_chip_4=35000|rf2_therm=33000|rf1_therm=34000|ISP=34000|TPU=35000|AUR=34000|rfpa_therm=30770|quiet_therm=31438|charging_therm=33286|,BIG=36000|MID=36000|usb_pwr_therm=29502|btmspkr_therm=29457|disp_therm=29435|north_therm=29813|soc_therm=33219|battery=29700|battery_cycle=5|dc-mains=33500|usbc-therm-adc=335|max77779fg=29700|LITTLE=36000|soc=9|smpl_gm=0|vdroop1=0|batoilo=0|batoilo2=0|batt_vs=29693|mdis_morepower=0|thb_hda=51|cp_on_chip_0=36000|cp_on_chip_1=37000|G3D=35000|cp_on_chip_2=37000|cp_on_chip_3=35000|cp_on_chip_4=35000|rf2_therm=33000|rf1_therm=34000|ISP=34000|TPU=35000|AUR=35000|rfpa_therm=30770|quiet_therm=31438|charging_therm=33286|,ok,39000,37000,0,37000,1,single,untouched,4096,2048,5,2048,3377,0,1145263,0,4,4,ok
1,13,protected,4,578000,648000,37000,37000,BIG=37000|MID=36000|usb_pwr_therm=29502|btmspkr_therm=29457|disp_therm=29435|north_therm=29813|soc_therm=33219|battery=29700|battery_cycle=5|dc-mains=33500|usbc-therm-adc=335|max77779fg=29700|LITTLE=36000|soc=9|smpl_gm=0|vdroop1=0|batoilo=0|batoilo2=0|batt_vs=29693|mdis_morepower=0|thb_hda=51|cp_on_chip_0=36000|cp_on_chip_1=37000|G3D=35000|cp_on_chip_2=37000|cp_on_chip_3=35000|cp_on_chip_4=35000|rf2_therm=33000|rf1_therm=34000|ISP=34000|TPU=35000|AUR=34000|rfpa_therm=30770|quiet_therm=31438|charging_therm=33286|,BIG=36000|MID=36000|usb_pwr_therm=29502|btmspkr_therm=29457|disp_therm=29435|north_therm=29813|soc_therm=33219|battery=29700|battery_cycle=5|dc-mains=33500|usbc-therm-adc=335|max77779fg=29700|LITTLE=36000|soc=9|smpl_gm=0|vdroop1=0|batoilo=0|batoilo2=0|batt_vs=29693|mdis_morepower=0|thb_hda=51|cp_on_chip_0=36000|cp_on_chip_1=37000|G3D=35000|cp_on_chip_2=37000|cp_on_chip_3=35000|cp_on_chip_4=35000|rf2_therm=33000|rf1_therm=34000|ISP=34000|TPU=35000|AUR=35000|rfpa_therm=30770|quiet_therm=31438|charging_therm=33286|,ok,39000,37000,0,37000,1,single,untouched,4096,2048,6,2048,30070,0,1058919,0,4,4,ok
1,13,protected,4,578000,648000,37000,37000,BIG=37000|MID=36000|usb_pwr_therm=29502|btmspkr_therm=29457|disp_therm=29435|north_therm=29813|soc_therm=33219|battery=29700|battery_cycle=5|dc-mains=33500|usbc-therm-adc=335|max77779fg=29700|LITTLE=36000|soc=9|smpl_gm=0|vdroop1=0|batoilo=0|batoilo2=0|batt_vs=29693|mdis_morepower=0|thb_hda=51|cp_on_chip_0=36000|cp_on_chip_1=37000|G3D=35000|cp_on_chip_2=37000|cp_on_chip_3=35000|cp_on_chip_4=35000|rf2_therm=33000|rf1_therm=34000|ISP=34000|TPU=35000|AUR=34000|rfpa_therm=30770|quiet_therm=31438|charging_therm=33286|,BIG=36000|MID=36000|usb_pwr_therm=29502|btmspkr_therm=29457|disp_therm=29435|north_therm=29813|soc_therm=33219|battery=29700|battery_cycle=5|dc-mains=33500|usbc-therm-adc=335|max77779fg=29700|LITTLE=36000|soc=9|smpl_gm=0|vdroop1=0|batoilo=0|batoilo2=0|batt_vs=29693|mdis_morepower=0|thb_hda=51|cp_on_chip_0=36000|cp_on_chip_1=37000|G3D=35000|cp_on_chip_2=37000|cp_on_chip_3=35000|cp_on_chip_4=35000|rf2_therm=33000|rf1_therm=34000|ISP=34000|TPU=35000|AUR=35000|rfpa_therm=30770|quiet_therm=31438|charging_therm=33286|,ok,39000,37000,0,37000,1,single,untouched,4096,2048,7,2048,19939,0,1059611,0,4,4,ok
1,13,protected,4,578000,648000,37000,37000,BIG=37000|MID=36000|usb_pwr_therm=29502|btmspkr_therm=29457|disp_therm=29435|north_therm=29813|soc_therm=33219|battery=29700|battery_cycle=5|dc-mains=33500|usbc-therm-adc=335|max77779fg=29700|LITTLE=36000|soc=9|smpl_gm=0|vdroop1=0|batoilo=0|batoilo2=0|batt_vs=29693|mdis_morepower=0|thb_hda=51|cp_on_chip_0=36000|cp_on_chip_1=37000|G3D=35000|cp_on_chip_2=37000|cp_on_chip_3=35000|cp_on_chip_4=35000|rf2_therm=33000|rf1_therm=34000|ISP=34000|TPU=35000|AUR=34000|rfpa_therm=30770|quiet_therm=31438|charging_therm=33286|,BIG=36000|MID=36000|usb_pwr_therm=29502|btmspkr_therm=29457|disp_therm=29435|north_therm=29813|soc_therm=33219|battery=29700|battery_cycle=5|dc-mains=33500|usbc-therm-adc=335|max77779fg=29700|LITTLE=36000|soc=9|smpl_gm=0|vdroop1=0|batoilo=0|batoilo2=0|batt_vs=29693|mdis_morepower=0|thb_hda=51|cp_on_chip_0=36000|cp_on_chip_1=37000|G3D=35000|cp_on_chip_2=37000|cp_on_chip_3=35000|cp_on_chip_4=35000|rf2_therm=33000|rf1_therm=34000|ISP=34000|TPU=35000|AUR=35000|rfpa_therm=30770|quiet_therm=31438|charging_therm=33286|,ok,39000,37000,0,37000,1,single,untouched,4096,2048,8,2048,3580,0,1240479,0,4,4,ok
1,13,protected,4,578000,648000,37000,37000,BIG=37000|MID=36000|usb_pwr_therm=29502|btmspkr_therm=29457|disp_therm=29435|north_therm=29813|soc_therm=33219|battery=29700|battery_cycle=5|dc-mains=33500|usbc-therm-adc=335|max77779fg=29700|LITTLE=36000|soc=9|smpl_gm=0|vdroop1=0|batoilo=0|batoilo2=0|batt_vs=29693|mdis_morepower=0|thb_hda=51|cp_on_chip_0=36000|cp_on_chip_1=37000|G3D=35000|cp_on_chip_2=37000|cp_on_chip_3=35000|cp_on_chip_4=35000|rf2_therm=33000|rf1_therm=34000|ISP=34000|TPU=35000|AUR=34000|rfpa_therm=30770|quiet_therm=31438|charging_therm=33286|,BIG=36000|MID=36000|usb_pwr_therm=29502|btmspkr_therm=29457|disp_therm=29435|north_therm=29813|soc_therm=33219|battery=29700|battery_cycle=5|dc-mains=33500|usbc-therm-adc=335|max77779fg=29700|LITTLE=36000|soc=9|smpl_gm=0|vdroop1=0|batoilo=0|batoilo2=0|batt_vs=29693|mdis_morepower=0|thb_hda=51|cp_on_chip_0=36000|cp_on_chip_1=37000|G3D=35000|cp_on_chip_2=37000|cp_on_chip_3=35000|cp_on_chip_4=35000|rf2_therm=33000|rf1_therm=34000|ISP=34000|TPU=35000|AUR=35000|rfpa_therm=30770|quiet_therm=31438|charging_therm=33286|,ok,39000,37000,0,37000,1,single,untouched,4096,2048,9,2048,3621,0,1111491,0,4,4,ok
1,13,protected,4,578000,648000,37000,37000,BIG=37000|MID=36000|usb_pwr_therm=29502|btmspkr_therm=29457|disp_therm=29435|north_therm=29813|soc_therm=33219|battery=29700|battery_cycle=5|dc-mains=33500|usbc-therm-adc=335|max77779fg=29700|LITTLE=36000|soc=9|smpl_gm=0|vdroop1=0|batoilo=0|batoilo2=0|batt_vs=29693|mdis_morepower=0|thb_hda=51|cp_on_chip_0=36000|cp_on_chip_1=37000|G3D=35000|cp_on_chip_2=37000|cp_on_chip_3=35000|cp_on_chip_4=35000|rf2_therm=33000|rf1_therm=34000|ISP=34000|TPU=35000|AUR=34000|rfpa_therm=30770|quiet_therm=31438|charging_therm=33286|,BIG=36000|MID=36000|usb_pwr_therm=29502|btmspkr_therm=29457|disp_therm=29435|north_therm=29813|soc_therm=33219|battery=29700|battery_cycle=5|dc-mains=33500|usbc-therm-adc=335|max77779fg=29700|LITTLE=36000|soc=9|smpl_gm=0|vdroop1=0|batoilo=0|batoilo2=0|batt_vs=29693|mdis_morepower=0|thb_hda=51|cp_on_chip_0=36000|cp_on_chip_1=37000|G3D=35000|cp_on_chip_2=37000|cp_on_chip_3=35000|cp_on_chip_4=35000|rf2_therm=33000|rf1_therm=34000|ISP=34000|TPU=35000|AUR=35000|rfpa_therm=30770|quiet_therm=31438|charging_therm=33286|,ok,39000,37000,0,37000,1,single,untouched,4096,2048,10,2048,28931,0,1159384,0,4,4,ok
1,13,protected,4,578000,648000,37000,37000,BIG=37000|MID=36000|usb_pwr_therm=29502|btmspkr_therm=29457|disp_therm=29435|north_therm=29813|soc_therm=33219|battery=29700|battery_cycle=5|dc-mains=33500|usbc-therm-adc=335|max77779fg=29700|LITTLE=36000|soc=9|smpl_gm=0|vdroop1=0|batoilo=0|batoilo2=0|batt_vs=29693|mdis_morepower=0|thb_hda=51|cp_on_chip_0=36000|cp_on_chip_1=37000|G3D=35000|cp_on_chip_2=37000|cp_on_chip_3=35000|cp_on_chip_4=35000|rf2_therm=33000|rf1_therm=34000|ISP=34000|TPU=35000|AUR=34000|rfpa_therm=30770|quiet_therm=31438|charging_therm=33286|,BIG=36000|MID=36000|usb_pwr_therm=29502|btmspkr_therm=29457|disp_therm=29435|north_therm=29813|soc_therm=33219|battery=29700|battery_cycle=5|dc-mains=33500|usbc-therm-adc=335|max77779fg=29700|LITTLE=36000|soc=9|smpl_gm=0|vdroop1=0|batoilo=0|batoilo2=0|batt_vs=29693|mdis_morepower=0|thb_hda=51|cp_on_chip_0=36000|cp_on_chip_1=37000|G3D=35000|cp_on_chip_2=37000|cp_on_chip_3=35000|cp_on_chip_4=35000|rf2_therm=33000|rf1_therm=34000|ISP=34000|TPU=35000|AUR=35000|rfpa_therm=30770|quiet_therm=31438|charging_therm=33286|,ok,39000,37000,0,37000,1,single,untouched,4096,2048,11,2048,7893,0,1187867,0,4,4,ok
1,13,protected,4,578000,648000,37000,37000,BIG=37000|MID=36000|usb_pwr_therm=29502|btmspkr_therm=29457|disp_therm=29435|north_therm=29813|soc_therm=33219|battery=29700|battery_cycle=5|dc-mains=33500|usbc-therm-adc=335|max77779fg=29700|LITTLE=36000|soc=9|smpl_gm=0|vdroop1=0|batoilo=0|batoilo2=0|batt_vs=29693|mdis_morepower=0|thb_hda=51|cp_on_chip_0=36000|cp_on_chip_1=37000|G3D=35000|cp_on_chip_2=37000|cp_on_chip_3=35000|cp_on_chip_4=35000|rf2_therm=33000|rf1_therm=34000|ISP=34000|TPU=35000|AUR=34000|rfpa_therm=30770|quiet_therm=31438|charging_therm=33286|,BIG=36000|MID=36000|usb_pwr_therm=29502|btmspkr_therm=29457|disp_therm=29435|north_therm=29813|soc_therm=33219|battery=29700|battery_cycle=5|dc-mains=33500|usbc-therm-adc=335|max77779fg=29700|LITTLE=36000|soc=9|smpl_gm=0|vdroop1=0|batoilo=0|batoilo2=0|batt_vs=29693|mdis_morepower=0|thb_hda=51|cp_on_chip_0=36000|cp_on_chip_1=37000|G3D=35000|cp_on_chip_2=37000|cp_on_chip_3=35000|cp_on_chip_4=35000|rf2_therm=33000|rf1_therm=34000|ISP=34000|TPU=35000|AUR=35000|rfpa_therm=30770|quiet_therm=31438|charging_therm=33286|,ok,39000,37000,0,37000,1,single,untouched,4096,2048,12,2048,3580,0,1160726,0,4,4,ok
1,13,protected,4,578000,648000,37000,37000,BIG=37000|MID=36000|usb_pwr_therm=29502|btmspkr_therm=29457|disp_therm=29435|north_therm=29813|soc_therm=33219|battery=29700|battery_cycle=5|dc-mains=33500|usbc-therm-adc=335|max77779fg=29700|LITTLE=36000|soc=9|smpl_gm=0|vdroop1=0|batoilo=0|batoilo2=0|batt_vs=29693|mdis_morepower=0|thb_hda=51|cp_on_chip_0=36000|cp_on_chip_1=37000|G3D=35000|cp_on_chip_2=37000|cp_on_chip_3=35000|cp_on_chip_4=35000|rf2_therm=33000|rf1_therm=34000|ISP=34000|TPU=35000|AUR=34000|rfpa_therm=30770|quiet_therm=31438|charging_therm=33286|,BIG=36000|MID=36000|usb_pwr_therm=29502|btmspkr_therm=29457|disp_therm=29435|north_therm=29813|soc_therm=33219|battery=29700|battery_cycle=5|dc-mains=33500|usbc-therm-adc=335|max77779fg=29700|LITTLE=36000|soc=9|smpl_gm=0|vdroop1=0|batoilo=0|batoilo2=0|batt_vs=29693|mdis_morepower=0|thb_hda=51|cp_on_chip_0=36000|cp_on_chip_1=37000|G3D=35000|cp_on_chip_2=37000|cp_on_chip_3=35000|cp_on_chip_4=35000|rf2_therm=33000|rf1_therm=34000|ISP=34000|TPU=35000|AUR=35000|rfpa_therm=30770|quiet_therm=31438|charging_therm=33286|,ok,39000,37000,0,37000,1,single,untouched,4096,2048,13,2048,4680,0,1224731,0,4,4,ok
1,13,protected,4,578000,648000,37000,37000,BIG=37000|MID=36000|usb_pwr_therm=29502|btmspkr_therm=29457|disp_therm=29435|north_therm=29813|soc_therm=33219|battery=29700|battery_cycle=5|dc-mains=33500|usbc-therm-adc=335|max77779fg=29700|LITTLE=36000|soc=9|smpl_gm=0|vdroop1=0|batoilo=0|batoilo2=0|batt_vs=29693|mdis_morepower=0|thb_hda=51|cp_on_chip_0=36000|cp_on_chip_1=37000|G3D=35000|cp_on_chip_2=37000|cp_on_chip_3=35000|cp_on_chip_4=35000|rf2_therm=33000|rf1_therm=34000|ISP=34000|TPU=35000|AUR=34000|rfpa_therm=30770|quiet_therm=31438|charging_therm=33286|,BIG=36000|MID=36000|usb_pwr_therm=29502|btmspkr_therm=29457|disp_therm=29435|north_therm=29813|soc_therm=33219|battery=29700|battery_cycle=5|dc-mains=33500|usbc-therm-adc=335|max77779fg=29700|LITTLE=36000|soc=9|smpl_gm=0|vdroop1=0|batoilo=0|batoilo2=0|batt_vs=29693|mdis_morepower=0|thb_hda=51|cp_on_chip_0=36000|cp_on_chip_1=37000|G3D=35000|cp_on_chip_2=37000|cp_on_chip_3=35000|cp_on_chip_4=35000|rf2_therm=33000|rf1_therm=34000|ISP=34000|TPU=35000|AUR=35000|rfpa_therm=30770|quiet_therm=31438|charging_therm=33286|,ok,39000,37000,0,37000,1,single,untouched,4096,2048,14,2048,24088,0,1223348,0,4,4,ok
1,13,protected,4,578000,648000,37000,37000,BIG=37000|MID=36000|usb_pwr_therm=29502|btmspkr_therm=29457|disp_therm=29435|north_therm=29813|soc_therm=33219|battery=29700|battery_cycle=5|dc-mains=33500|usbc-therm-adc=335|max77779fg=29700|LITTLE=36000|soc=9|smpl_gm=0|vdroop1=0|batoilo=0|batoilo2=0|batt_vs=29693|mdis_morepower=0|thb_hda=51|cp_on_chip_0=36000|cp_on_chip_1=37000|G3D=35000|cp_on_chip_2=37000|cp_on_chip_3=35000|cp_on_chip_4=35000|rf2_therm=33000|rf1_therm=34000|ISP=34000|TPU=35000|AUR=34000|rfpa_therm=30770|quiet_therm=31438|charging_therm=33286|,BIG=36000|MID=36000|usb_pwr_therm=29502|btmspkr_therm=29457|disp_therm=29435|north_therm=29813|soc_therm=33219|battery=29700|battery_cycle=5|dc-mains=33500|usbc-therm-adc=335|max77779fg=29700|LITTLE=36000|soc=9|smpl_gm=0|vdroop1=0|batoilo=0|batoilo2=0|batt_vs=29693|mdis_morepower=0|thb_hda=51|cp_on_chip_0=36000|cp_on_chip_1=37000|G3D=35000|cp_on_chip_2=37000|cp_on_chip_3=35000|cp_on_chip_4=35000|rf2_therm=33000|rf1_therm=34000|ISP=34000|TPU=35000|AUR=35000|rfpa_therm=30770|quiet_therm=31438|charging_therm=33286|,ok,39000,37000,0,37000,1,single,untouched,4096,2048,15,2048,3703,0,1351766,0,4,4,ok
1,13,protected,4,578000,648000,37000,37000,BIG=37000|MID=36000|usb_pwr_therm=29502|btmspkr_therm=29457|disp_therm=29435|north_therm=29813|soc_therm=33219|battery=29700|battery_cycle=5|dc-mains=33500|usbc-therm-adc=335|max77779fg=29700|LITTLE=36000|soc=9|smpl_gm=0|vdroop1=0|batoilo=0|batoilo2=0|batt_vs=29693|mdis_morepower=0|thb_hda=51|cp_on_chip_0=36000|cp_on_chip_1=37000|G3D=35000|cp_on_chip_2=37000|cp_on_chip_3=35000|cp_on_chip_4=35000|rf2_therm=33000|rf1_therm=34000|ISP=34000|TPU=35000|AUR=34000|rfpa_therm=30770|quiet_therm=31438|charging_therm=33286|,BIG=36000|MID=36000|usb_pwr_therm=29502|btmspkr_therm=29457|disp_therm=29435|north_therm=29813|soc_therm=33219|battery=29700|battery_cycle=5|dc-mains=33500|usbc-therm-adc=335|max77779fg=29700|LITTLE=36000|soc=9|smpl_gm=0|vdroop1=0|batoilo=0|batoilo2=0|batt_vs=29693|mdis_morepower=0|thb_hda=51|cp_on_chip_0=36000|cp_on_chip_1=37000|G3D=35000|cp_on_chip_2=37000|cp_on_chip_3=35000|cp_on_chip_4=35000|rf2_therm=33000|rf1_therm=34000|ISP=34000|TPU=35000|AUR=35000|rfpa_therm=30770|quiet_therm=31438|charging_therm=33286|,ok,39000,37000,0,37000,1,single,untouched,4096,2048,16,2048,4924,0,1223226,0,4,4,ok
1,13,protected,4,578000,648000,37000,37000,BIG=37000|MID=36000|usb_pwr_therm=29502|btmspkr_therm=29457|disp_therm=29435|north_therm=29813|soc_therm=33219|battery=29700|battery_cycle=5|dc-mains=33500|usbc-therm-adc=335|max77779fg=29700|LITTLE=36000|soc=9|smpl_gm=0|vdroop1=0|batoilo=0|batoilo2=0|batt_vs=29693|mdis_morepower=0|thb_hda=51|cp_on_chip_0=36000|cp_on_chip_1=37000|G3D=35000|cp_on_chip_2=37000|cp_on_chip_3=35000|cp_on_chip_4=35000|rf2_therm=33000|rf1_therm=34000|ISP=34000|TPU=35000|AUR=34000|rfpa_therm=30770|quiet_therm=31438|charging_therm=33286|,BIG=36000|MID=36000|usb_pwr_therm=29502|btmspkr_therm=29457|disp_therm=29435|north_therm=29813|soc_therm=33219|battery=29700|battery_cycle=5|dc-mains=33500|usbc-therm-adc=335|max77779fg=29700|LITTLE=36000|soc=9|smpl_gm=0|vdroop1=0|batoilo=0|batoilo2=0|batt_vs=29693|mdis_morepower=0|thb_hda=51|cp_on_chip_0=36000|cp_on_chip_1=37000|G3D=35000|cp_on_chip_2=37000|cp_on_chip_3=35000|cp_on_chip_4=35000|rf2_therm=33000|rf1_therm=34000|ISP=34000|TPU=35000|AUR=35000|rfpa_therm=30770|quiet_therm=31438|charging_therm=33286|,ok,39000,37000,0,37000,1,single,untouched,4096,2048,17,2048,27547,0,1223551,0,4,4,ok
1,13,protected,4,578000,648000,37000,37000,BIG=37000|MID=36000|usb_pwr_therm=29502|btmspkr_therm=29457|disp_therm=29435|north_therm=29813|soc_therm=33219|battery=29700|battery_cycle=5|dc-mains=33500|usbc-therm-adc=335|max77779fg=29700|LITTLE=36000|soc=9|smpl_gm=0|vdroop1=0|batoilo=0|batoilo2=0|batt_vs=29693|mdis_morepower=0|thb_hda=51|cp_on_chip_0=36000|cp_on_chip_1=37000|G3D=35000|cp_on_chip_2=37000|cp_on_chip_3=35000|cp_on_chip_4=35000|rf2_therm=33000|rf1_therm=34000|ISP=34000|TPU=35000|AUR=34000|rfpa_therm=30770|quiet_therm=31438|charging_therm=33286|,BIG=36000|MID=36000|usb_pwr_therm=29502|btmspkr_therm=29457|disp_therm=29435|north_therm=29813|soc_therm=33219|battery=29700|battery_cycle=5|dc-mains=33500|usbc-therm-adc=335|max77779fg=29700|LITTLE=36000|soc=9|smpl_gm=0|vdroop1=0|batoilo=0|batoilo2=0|batt_vs=29693|mdis_morepower=0|thb_hda=51|cp_on_chip_0=36000|cp_on_chip_1=37000|G3D=35000|cp_on_chip_2=37000|cp_on_chip_3=35000|cp_on_chip_4=35000|rf2_therm=33000|rf1_therm=34000|ISP=34000|TPU=35000|AUR=35000|rfpa_therm=30770|quiet_therm=31438|charging_therm=33286|,ok,39000,37000,0,37000,1,single,untouched,4096,2048,18,2048,4395,0,1535034,0,4,4,ok
1,13,protected,4,578000,648000,37000,37000,BIG=37000|MID=36000|usb_pwr_therm=29502|btmspkr_therm=29457|disp_therm=29435|north_therm=29813|soc_therm=33219|battery=29700|battery_cycle=5|dc-mains=33500|usbc-therm-adc=335|max77779fg=29700|LITTLE=36000|soc=9|smpl_gm=0|vdroop1=0|batoilo=0|batoilo2=0|batt_vs=29693|mdis_morepower=0|thb_hda=51|cp_on_chip_0=36000|cp_on_chip_1=37000|G3D=35000|cp_on_chip_2=37000|cp_on_chip_3=35000|cp_on_chip_4=35000|rf2_therm=33000|rf1_therm=34000|ISP=34000|TPU=35000|AUR=34000|rfpa_therm=30770|quiet_therm=31438|charging_therm=33286|,BIG=36000|MID=36000|usb_pwr_therm=29502|btmspkr_therm=29457|disp_therm=29435|north_therm=29813|soc_therm=33219|battery=29700|battery_cycle=5|dc-mains=33500|usbc-therm-adc=335|max77779fg=29700|LITTLE=36000|soc=9|smpl_gm=0|vdroop1=0|batoilo=0|batoilo2=0|batt_vs=29693|mdis_morepower=0|thb_hda=51|cp_on_chip_0=36000|cp_on_chip_1=37000|G3D=35000|cp_on_chip_2=37000|cp_on_chip_3=35000|cp_on_chip_4=35000|rf2_therm=33000|rf1_therm=34000|ISP=34000|TPU=35000|AUR=35000|rfpa_therm=30770|quiet_therm=31438|charging_therm=33286|,ok,39000,37000,0,37000,1,single,untouched,4096,2048,19,2048,5900,0,1223958,0,4,4,ok
1,13,protected,4,578000,648000,37000,37000,BIG=37000|MID=36000|usb_pwr_therm=29502|btmspkr_therm=29457|disp_therm=29435|north_therm=29813|soc_therm=33219|battery=29700|battery_cycle=5|dc-mains=33500|usbc-therm-adc=335|max77779fg=29700|LITTLE=36000|soc=9|smpl_gm=0|vdroop1=0|batoilo=0|batoilo2=0|batt_vs=29693|mdis_morepower=0|thb_hda=51|cp_on_chip_0=36000|cp_on_chip_1=37000|G3D=35000|cp_on_chip_2=37000|cp_on_chip_3=35000|cp_on_chip_4=35000|rf2_therm=33000|rf1_therm=34000|ISP=34000|TPU=35000|AUR=34000|rfpa_therm=30770|quiet_therm=31438|charging_therm=33286|,BIG=36000|MID=36000|usb_pwr_therm=29502|btmspkr_therm=29457|disp_therm=29435|north_therm=29813|soc_therm=33219|battery=29700|battery_cycle=5|dc-mains=33500|usbc-therm-adc=335|max77779fg=29700|LITTLE=36000|soc=9|smpl_gm=0|vdroop1=0|batoilo=0|batoilo2=0|batt_vs=29693|mdis_morepower=0|thb_hda=51|cp_on_chip_0=36000|cp_on_chip_1=37000|G3D=35000|cp_on_chip_2=37000|cp_on_chip_3=35000|cp_on_chip_4=35000|rf2_therm=33000|rf1_therm=34000|ISP=34000|TPU=35000|AUR=35000|rfpa_therm=30770|quiet_therm=31438|charging_therm=33286|,ok,39000,37000,0,37000,1,single,untouched,4096,2048,20,2048,24984,0,1223592,0,4,4,ok
1,13,protected,4,578000,648000,37000,37000,BIG=37000|MID=36000|usb_pwr_therm=29502|btmspkr_therm=29457|disp_therm=29435|north_therm=29813|soc_therm=33219|battery=29700|battery_cycle=5|dc-mains=33500|usbc-therm-adc=335|max77779fg=29700|LITTLE=36000|soc=9|smpl_gm=0|vdroop1=0|batoilo=0|batoilo2=0|batt_vs=29693|mdis_morepower=0|thb_hda=51|cp_on_chip_0=36000|cp_on_chip_1=37000|G3D=35000|cp_on_chip_2=37000|cp_on_chip_3=35000|cp_on_chip_4=35000|rf2_therm=33000|rf1_therm=34000|ISP=34000|TPU=35000|AUR=34000|rfpa_therm=30770|quiet_therm=31438|charging_therm=33286|,BIG=36000|MID=36000|usb_pwr_therm=29502|btmspkr_therm=29457|disp_therm=29435|north_therm=29813|soc_therm=33219|battery=29700|battery_cycle=5|dc-mains=33500|usbc-therm-adc=335|max77779fg=29700|LITTLE=36000|soc=9|smpl_gm=0|vdroop1=0|batoilo=0|batoilo2=0|batt_vs=29693|mdis_morepower=0|thb_hda=51|cp_on_chip_0=36000|cp_on_chip_1=37000|G3D=35000|cp_on_chip_2=37000|cp_on_chip_3=35000|cp_on_chip_4=35000|rf2_therm=33000|rf1_therm=34000|ISP=34000|TPU=35000|AUR=35000|rfpa_therm=30770|quiet_therm=31438|charging_therm=33286|,ok,39000,37000,0,37000,1,single,untouched,4096,2048,21,2048,22827,0,1412394,0,4,4,ok
1,13,protected,4,578000,648000,37000,37000,BIG=37000|MID=36000|usb_pwr_therm=29502|btmspkr_therm=29457|disp_therm=29435|north_therm=29813|soc_therm=33219|battery=29700|battery_cycle=5|dc-mains=33500|usbc-therm-adc=335|max77779fg=29700|LITTLE=36000|soc=9|smpl_gm=0|vdroop1=0|batoilo=0|batoilo2=0|batt_vs=29693|mdis_morepower=0|thb_hda=51|cp_on_chip_0=36000|cp_on_chip_1=37000|G3D=35000|cp_on_chip_2=37000|cp_on_chip_3=35000|cp_on_chip_4=35000|rf2_therm=33000|rf1_therm=34000|ISP=34000|TPU=35000|AUR=34000|rfpa_therm=30770|quiet_therm=31438|charging_therm=33286|,BIG=36000|MID=36000|usb_pwr_therm=29502|btmspkr_therm=29457|disp_therm=29435|north_therm=29813|soc_therm=33219|battery=29700|battery_cycle=5|dc-mains=33500|usbc-therm-adc=335|max77779fg=29700|LITTLE=36000|soc=9|smpl_gm=0|vdroop1=0|batoilo=0|batoilo2=0|batt_vs=29693|mdis_morepower=0|thb_hda=51|cp_on_chip_0=36000|cp_on_chip_1=37000|G3D=35000|cp_on_chip_2=37000|cp_on_chip_3=35000|cp_on_chip_4=35000|rf2_therm=33000|rf1_therm=34000|ISP=34000|TPU=35000|AUR=35000|rfpa_therm=30770|quiet_therm=31438|charging_therm=33286|,ok,39000,37000,0,37000,1,single,untouched,4096,2048,22,2048,19043,0,1538737,0,4,4,ok
1,13,protected,4,578000,648000,37000,37000,BIG=37000|MID=36000|usb_pwr_therm=29502|btmspkr_therm=29457|disp_therm=29435|north_therm=29813|soc_therm=33219|battery=29700|battery_cycle=5|dc-mains=33500|usbc-therm-adc=335|max77779fg=29700|LITTLE=36000|soc=9|smpl_gm=0|vdroop1=0|batoilo=0|batoilo2=0|batt_vs=29693|mdis_morepower=0|thb_hda=51|cp_on_chip_0=36000|cp_on_chip_1=37000|G3D=35000|cp_on_chip_2=37000|cp_on_chip_3=35000|cp_on_chip_4=35000|rf2_therm=33000|rf1_therm=34000|ISP=34000|TPU=35000|AUR=34000|rfpa_therm=30770|quiet_therm=31438|charging_therm=33286|,BIG=36000|MID=36000|usb_pwr_therm=29502|btmspkr_therm=29457|disp_therm=29435|north_therm=29813|soc_therm=33219|battery=29700|battery_cycle=5|dc-mains=33500|usbc-therm-adc=335|max77779fg=29700|LITTLE=36000|soc=9|smpl_gm=0|vdroop1=0|batoilo=0|batoilo2=0|batt_vs=29693|mdis_morepower=0|thb_hda=51|cp_on_chip_0=36000|cp_on_chip_1=37000|G3D=35000|cp_on_chip_2=37000|cp_on_chip_3=35000|cp_on_chip_4=35000|rf2_therm=33000|rf1_therm=34000|ISP=34000|TPU=35000|AUR=35000|rfpa_therm=30770|quiet_therm=31438|charging_therm=33286|,ok,39000,37000,0,37000,1,single,untouched,4096,2048,23,2048,22787,0,1658977,0,4,4,ok
1,13,protected,4,578000,648000,37000,37000,BIG=37000|MID=36000|usb_pwr_therm=29502|btmspkr_therm=29457|disp_therm=29435|north_therm=29813|soc_therm=33219|battery=29700|battery_cycle=5|dc-mains=33500|usbc-therm-adc=335|max77779fg=29700|LITTLE=36000|soc=9|smpl_gm=0|vdroop1=0|batoilo=0|batoilo2=0|batt_vs=29693|mdis_morepower=0|thb_hda=51|cp_on_chip_0=36000|cp_on_chip_1=37000|G3D=35000|cp_on_chip_2=37000|cp_on_chip_3=35000|cp_on_chip_4=35000|rf2_therm=33000|rf1_therm=34000|ISP=34000|TPU=35000|AUR=34000|rfpa_therm=30770|quiet_therm=31438|charging_therm=33286|,BIG=36000|MID=36000|usb_pwr_therm=29502|btmspkr_therm=29457|disp_therm=29435|north_therm=29813|soc_therm=33219|battery=29700|battery_cycle=5|dc-mains=33500|usbc-therm-adc=335|max77779fg=29700|LITTLE=36000|soc=9|smpl_gm=0|vdroop1=0|batoilo=0|batoilo2=0|batt_vs=29693|mdis_morepower=0|thb_hda=51|cp_on_chip_0=36000|cp_on_chip_1=37000|G3D=35000|cp_on_chip_2=37000|cp_on_chip_3=35000|cp_on_chip_4=35000|rf2_therm=33000|rf1_therm=34000|ISP=34000|TPU=35000|AUR=35000|rfpa_therm=30770|quiet_therm=31438|charging_therm=33286|,ok,39000,37000,0,37000,1,single,untouched,4096,2048,24,2048,24048,0,1544677,0,4,4,ok
1,13,protected,4,578000,648000,37000,37000,BIG=37000|MID=36000|usb_pwr_therm=29502|btmspkr_therm=29457|disp_therm=29435|north_therm=29813|soc_therm=33219|battery=29700|battery_cycle=5|dc-mains=33500|usbc-therm-adc=335|max77779fg=29700|LITTLE=36000|soc=9|smpl_gm=0|vdroop1=0|batoilo=0|batoilo2=0|batt_vs=29693|mdis_morepower=0|thb_hda=51|cp_on_chip_0=36000|cp_on_chip_1=37000|G3D=35000|cp_on_chip_2=37000|cp_on_chip_3=35000|cp_on_chip_4=35000|rf2_therm=33000|rf1_therm=34000|ISP=34000|TPU=35000|AUR=34000|rfpa_therm=30770|quiet_therm=31438|charging_therm=33286|,BIG=36000|MID=36000|usb_pwr_therm=29502|btmspkr_therm=29457|disp_therm=29435|north_therm=29813|soc_therm=33219|battery=29700|battery_cycle=5|dc-mains=33500|usbc-therm-adc=335|max77779fg=29700|LITTLE=36000|soc=9|smpl_gm=0|vdroop1=0|batoilo=0|batoilo2=0|batt_vs=29693|mdis_morepower=0|thb_hda=51|cp_on_chip_0=36000|cp_on_chip_1=37000|G3D=35000|cp_on_chip_2=37000|cp_on_chip_3=35000|cp_on_chip_4=35000|rf2_therm=33000|rf1_therm=34000|ISP=34000|TPU=35000|AUR=35000|rfpa_therm=30770|quiet_therm=31438|charging_therm=33286|,ok,39000,37000,0,37000,1,single,untouched,4096,2048,25,2048,27059,0,1544760,0,4,4,ok
1,13,protected,4,578000,648000,37000,37000,BIG=37000|MID=36000|usb_pwr_therm=29502|btmspkr_therm=29457|disp_therm=29435|north_therm=29813|soc_therm=33219|battery=29700|battery_cycle=5|dc-mains=33500|usbc-therm-adc=335|max77779fg=29700|LITTLE=36000|soc=9|smpl_gm=0|vdroop1=0|batoilo=0|batoilo2=0|batt_vs=29693|mdis_morepower=0|thb_hda=51|cp_on_chip_0=36000|cp_on_chip_1=37000|G3D=35000|cp_on_chip_2=37000|cp_on_chip_3=35000|cp_on_chip_4=35000|rf2_therm=33000|rf1_therm=34000|ISP=34000|TPU=35000|AUR=34000|rfpa_therm=30770|quiet_therm=31438|charging_therm=33286|,BIG=36000|MID=36000|usb_pwr_therm=29502|btmspkr_therm=29457|disp_therm=29435|north_therm=29813|soc_therm=33219|battery=29700|battery_cycle=5|dc-mains=33500|usbc-therm-adc=335|max77779fg=29700|LITTLE=36000|soc=9|smpl_gm=0|vdroop1=0|batoilo=0|batoilo2=0|batt_vs=29693|mdis_morepower=0|thb_hda=51|cp_on_chip_0=36000|cp_on_chip_1=37000|G3D=35000|cp_on_chip_2=37000|cp_on_chip_3=35000|cp_on_chip_4=35000|rf2_therm=33000|rf1_therm=34000|ISP=34000|TPU=35000|AUR=35000|rfpa_therm=30770|quiet_therm=31438|charging_therm=33286|,ok,39000,37000,0,37000,1,single,untouched,4096,2048,26,2048,27914,0,1565063,0,4,4,ok
1,13,protected,4,578000,648000,37000,37000,BIG=37000|MID=36000|usb_pwr_therm=29502|btmspkr_therm=29457|disp_therm=29435|north_therm=29813|soc_therm=33219|battery=29700|battery_cycle=5|dc-mains=33500|usbc-therm-adc=335|max77779fg=29700|LITTLE=36000|soc=9|smpl_gm=0|vdroop1=0|batoilo=0|batoilo2=0|batt_vs=29693|mdis_morepower=0|thb_hda=51|cp_on_chip_0=36000|cp_on_chip_1=37000|G3D=35000|cp_on_chip_2=37000|cp_on_chip_3=35000|cp_on_chip_4=35000|rf2_therm=33000|rf1_therm=34000|ISP=34000|TPU=35000|AUR=34000|rfpa_therm=30770|quiet_therm=31438|charging_therm=33286|,BIG=36000|MID=36000|usb_pwr_therm=29502|btmspkr_therm=29457|disp_therm=29435|north_therm=29813|soc_therm=33219|battery=29700|battery_cycle=5|dc-mains=33500|usbc-therm-adc=335|max77779fg=29700|LITTLE=36000|soc=9|smpl_gm=0|vdroop1=0|batoilo=0|batoilo2=0|batt_vs=29693|mdis_morepower=0|thb_hda=51|cp_on_chip_0=36000|cp_on_chip_1=37000|G3D=35000|cp_on_chip_2=37000|cp_on_chip_3=35000|cp_on_chip_4=35000|rf2_therm=33000|rf1_therm=34000|ISP=34000|TPU=35000|AUR=35000|rfpa_therm=30770|quiet_therm=31438|charging_therm=33286|,ok,39000,37000,0,37000,1,single,untouched,4096,2048,27,2048,5534,0,1331177,0,4,4,ok
1,13,protected,4,578000,648000,37000,37000,BIG=37000|MID=36000|usb_pwr_therm=29502|btmspkr_therm=29457|disp_therm=29435|north_therm=29813|soc_therm=33219|battery=29700|battery_cycle=5|dc-mains=33500|usbc-therm-adc=335|max77779fg=29700|LITTLE=36000|soc=9|smpl_gm=0|vdroop1=0|batoilo=0|batoilo2=0|batt_vs=29693|mdis_morepower=0|thb_hda=51|cp_on_chip_0=36000|cp_on_chip_1=37000|G3D=35000|cp_on_chip_2=37000|cp_on_chip_3=35000|cp_on_chip_4=35000|rf2_therm=33000|rf1_therm=34000|ISP=34000|TPU=35000|AUR=34000|rfpa_therm=30770|quiet_therm=31438|charging_therm=33286|,BIG=36000|MID=36000|usb_pwr_therm=29502|btmspkr_therm=29457|disp_therm=29435|north_therm=29813|soc_therm=33219|battery=29700|battery_cycle=5|dc-mains=33500|usbc-therm-adc=335|max77779fg=29700|LITTLE=36000|soc=9|smpl_gm=0|vdroop1=0|batoilo=0|batoilo2=0|batt_vs=29693|mdis_morepower=0|thb_hda=51|cp_on_chip_0=36000|cp_on_chip_1=37000|G3D=35000|cp_on_chip_2=37000|cp_on_chip_3=35000|cp_on_chip_4=35000|rf2_therm=33000|rf1_therm=34000|ISP=34000|TPU=35000|AUR=35000|rfpa_therm=30770|quiet_therm=31438|charging_therm=33286|,ok,39000,37000,0,37000,1,single,untouched,4096,2048,28,2048,30761,0,1326823,0,4,4,ok
1,13,protected,4,578000,648000,37000,37000,BIG=37000|MID=36000|usb_pwr_therm=29502|btmspkr_therm=29457|disp_therm=29435|north_therm=29813|soc_therm=33219|battery=29700|battery_cycle=5|dc-mains=33500|usbc-therm-adc=335|max77779fg=29700|LITTLE=36000|soc=9|smpl_gm=0|vdroop1=0|batoilo=0|batoilo2=0|batt_vs=29693|mdis_morepower=0|thb_hda=51|cp_on_chip_0=36000|cp_on_chip_1=37000|G3D=35000|cp_on_chip_2=37000|cp_on_chip_3=35000|cp_on_chip_4=35000|rf2_therm=33000|rf1_therm=34000|ISP=34000|TPU=35000|AUR=34000|rfpa_therm=30770|quiet_therm=31438|charging_therm=33286|,BIG=36000|MID=36000|usb_pwr_therm=29502|btmspkr_therm=29457|disp_therm=29435|north_therm=29813|soc_therm=33219|battery=29700|battery_cycle=5|dc-mains=33500|usbc-therm-adc=335|max77779fg=29700|LITTLE=36000|soc=9|smpl_gm=0|vdroop1=0|batoilo=0|batoilo2=0|batt_vs=29693|mdis_morepower=0|thb_hda=51|cp_on_chip_0=36000|cp_on_chip_1=37000|G3D=35000|cp_on_chip_2=37000|cp_on_chip_3=35000|cp_on_chip_4=35000|rf2_therm=33000|rf1_therm=34000|ISP=34000|TPU=35000|AUR=35000|rfpa_therm=30770|quiet_therm=31438|charging_therm=33286|,ok,39000,37000,0,37000,1,single,untouched,4096,2048,29,2048,4638,0,1362345,0,4,4,ok
1,14,protected,4,1795000,1065000,37000,37000,BIG=36000|MID=37000|usb_pwr_therm=29524|btmspkr_therm=29479|disp_therm=29457|north_therm=29836|soc_therm=33264|battery=29700|battery_cycle=5|dc-mains=33500|usbc-therm-adc=335|max77779fg=29700|LITTLE=36000|soc=9|smpl_gm=0|vdroop1=0|batoilo=0|batoilo2=0|batt_vs=29692|mdis_morepower=0|thb_hda=51|cp_on_chip_0=36000|cp_on_chip_1=37000|G3D=35000|cp_on_chip_2=37000|cp_on_chip_3=35000|cp_on_chip_4=35000|rf2_therm=33000|rf1_therm=34000|ISP=34000|TPU=35000|AUR=35000|rfpa_therm=30793|quiet_therm=31461|charging_therm=33353|,BIG=36000|MID=36000|usb_pwr_therm=29524|btmspkr_therm=29502|disp_therm=29479|north_therm=29858|soc_therm=33308|battery=29700|battery_cycle=5|dc-mains=33500|usbc-therm-adc=335|max77779fg=29700|LITTLE=36000|soc=9|smpl_gm=0|vdroop1=0|batoilo=0|batoilo2=0|batt_vs=29693|mdis_morepower=0|thb_hda=51|cp_on_chip_0=36000|cp_on_chip_1=37000|G3D=35000|cp_on_chip_2=37000|cp_on_chip_3=35000|cp_on_chip_4=35000|rf2_therm=33000|rf1_therm=34000|ISP=34000|TPU=35000|AUR=34000|rfpa_therm=30815|quiet_therm=31483|charging_therm=33353|,ok,39000,37000,0,37000,1,batched,untouched,4096,4096,0,1,14933,0,6592,0,4,4,ok
1,14,protected,4,1795000,1065000,37000,37000,BIG=36000|MID=37000|usb_pwr_therm=29524|btmspkr_therm=29479|disp_therm=29457|north_therm=29836|soc_therm=33264|battery=29700|battery_cycle=5|dc-mains=33500|usbc-therm-adc=335|max77779fg=29700|LITTLE=36000|soc=9|smpl_gm=0|vdroop1=0|batoilo=0|batoilo2=0|batt_vs=29692|mdis_morepower=0|thb_hda=51|cp_on_chip_0=36000|cp_on_chip_1=37000|G3D=35000|cp_on_chip_2=37000|cp_on_chip_3=35000|cp_on_chip_4=35000|rf2_therm=33000|rf1_therm=34000|ISP=34000|TPU=35000|AUR=35000|rfpa_therm=30793|quiet_therm=31461|charging_therm=33353|,BIG=36000|MID=36000|usb_pwr_therm=29524|btmspkr_therm=29502|disp_therm=29479|north_therm=29858|soc_therm=33308|battery=29700|battery_cycle=5|dc-mains=33500|usbc-therm-adc=335|max77779fg=29700|LITTLE=36000|soc=9|smpl_gm=0|vdroop1=0|batoilo=0|batoilo2=0|batt_vs=29693|mdis_morepower=0|thb_hda=51|cp_on_chip_0=36000|cp_on_chip_1=37000|G3D=35000|cp_on_chip_2=37000|cp_on_chip_3=35000|cp_on_chip_4=35000|rf2_therm=33000|rf1_therm=34000|ISP=34000|TPU=35000|AUR=34000|rfpa_therm=30815|quiet_therm=31483|charging_therm=33353|,ok,39000,37000,0,37000,1,batched,untouched,4096,4096,1,1,7243,0,1221,0,4,4,ok
1,14,protected,4,1795000,1065000,37000,37000,BIG=36000|MID=37000|usb_pwr_therm=29524|btmspkr_therm=29479|disp_therm=29457|north_therm=29836|soc_therm=33264|battery=29700|battery_cycle=5|dc-mains=33500|usbc-therm-adc=335|max77779fg=29700|LITTLE=36000|soc=9|smpl_gm=0|vdroop1=0|batoilo=0|batoilo2=0|batt_vs=29692|mdis_morepower=0|thb_hda=51|cp_on_chip_0=36000|cp_on_chip_1=37000|G3D=35000|cp_on_chip_2=37000|cp_on_chip_3=35000|cp_on_chip_4=35000|rf2_therm=33000|rf1_therm=34000|ISP=34000|TPU=35000|AUR=35000|rfpa_therm=30793|quiet_therm=31461|charging_therm=33353|,BIG=36000|MID=36000|usb_pwr_therm=29524|btmspkr_therm=29502|disp_therm=29479|north_therm=29858|soc_therm=33308|battery=29700|battery_cycle=5|dc-mains=33500|usbc-therm-adc=335|max77779fg=29700|LITTLE=36000|soc=9|smpl_gm=0|vdroop1=0|batoilo=0|batoilo2=0|batt_vs=29693|mdis_morepower=0|thb_hda=51|cp_on_chip_0=36000|cp_on_chip_1=37000|G3D=35000|cp_on_chip_2=37000|cp_on_chip_3=35000|cp_on_chip_4=35000|rf2_therm=33000|rf1_therm=34000|ISP=34000|TPU=35000|AUR=34000|rfpa_therm=30815|quiet_therm=31483|charging_therm=33353|,ok,39000,37000,0,37000,1,batched,untouched,4096,4096,2,1,6918,0,1139,0,4,4,ok
1,14,protected,4,1795000,1065000,37000,37000,BIG=36000|MID=37000|usb_pwr_therm=29524|btmspkr_therm=29479|disp_therm=29457|north_therm=29836|soc_therm=33264|battery=29700|battery_cycle=5|dc-mains=33500|usbc-therm-adc=335|max77779fg=29700|LITTLE=36000|soc=9|smpl_gm=0|vdroop1=0|batoilo=0|batoilo2=0|batt_vs=29692|mdis_morepower=0|thb_hda=51|cp_on_chip_0=36000|cp_on_chip_1=37000|G3D=35000|cp_on_chip_2=37000|cp_on_chip_3=35000|cp_on_chip_4=35000|rf2_therm=33000|rf1_therm=34000|ISP=34000|TPU=35000|AUR=35000|rfpa_therm=30793|quiet_therm=31461|charging_therm=33353|,BIG=36000|MID=36000|usb_pwr_therm=29524|btmspkr_therm=29502|disp_therm=29479|north_therm=29858|soc_therm=33308|battery=29700|battery_cycle=5|dc-mains=33500|usbc-therm-adc=335|max77779fg=29700|LITTLE=36000|soc=9|smpl_gm=0|vdroop1=0|batoilo=0|batoilo2=0|batt_vs=29693|mdis_morepower=0|thb_hda=51|cp_on_chip_0=36000|cp_on_chip_1=37000|G3D=35000|cp_on_chip_2=37000|cp_on_chip_3=35000|cp_on_chip_4=35000|rf2_therm=33000|rf1_therm=34000|ISP=34000|TPU=35000|AUR=34000|rfpa_therm=30815|quiet_therm=31483|charging_therm=33353|,ok,39000,37000,0,37000,1,batched,untouched,4096,4096,3,1,6388,0,1099,0,4,4,ok
1,14,protected,4,1795000,1065000,37000,37000,BIG=36000|MID=37000|usb_pwr_therm=29524|btmspkr_therm=29479|disp_therm=29457|north_therm=29836|soc_therm=33264|battery=29700|battery_cycle=5|dc-mains=33500|usbc-therm-adc=335|max77779fg=29700|LITTLE=36000|soc=9|smpl_gm=0|vdroop1=0|batoilo=0|batoilo2=0|batt_vs=29692|mdis_morepower=0|thb_hda=51|cp_on_chip_0=36000|cp_on_chip_1=37000|G3D=35000|cp_on_chip_2=37000|cp_on_chip_3=35000|cp_on_chip_4=35000|rf2_therm=33000|rf1_therm=34000|ISP=34000|TPU=35000|AUR=35000|rfpa_therm=30793|quiet_therm=31461|charging_therm=33353|,BIG=36000|MID=36000|usb_pwr_therm=29524|btmspkr_therm=29502|disp_therm=29479|north_therm=29858|soc_therm=33308|battery=29700|battery_cycle=5|dc-mains=33500|usbc-therm-adc=335|max77779fg=29700|LITTLE=36000|soc=9|smpl_gm=0|vdroop1=0|batoilo=0|batoilo2=0|batt_vs=29693|mdis_morepower=0|thb_hda=51|cp_on_chip_0=36000|cp_on_chip_1=37000|G3D=35000|cp_on_chip_2=37000|cp_on_chip_3=35000|cp_on_chip_4=35000|rf2_therm=33000|rf1_therm=34000|ISP=34000|TPU=35000|AUR=34000|rfpa_therm=30815|quiet_therm=31483|charging_therm=33353|,ok,39000,37000,0,37000,1,batched,untouched,4096,4096,4,1,7365,0,1099,0,4,4,ok
1,14,protected,4,1795000,1065000,37000,37000,BIG=36000|MID=37000|usb_pwr_therm=29524|btmspkr_therm=29479|disp_therm=29457|north_therm=29836|soc_therm=33264|battery=29700|battery_cycle=5|dc-mains=33500|usbc-therm-adc=335|max77779fg=29700|LITTLE=36000|soc=9|smpl_gm=0|vdroop1=0|batoilo=0|batoilo2=0|batt_vs=29692|mdis_morepower=0|thb_hda=51|cp_on_chip_0=36000|cp_on_chip_1=37000|G3D=35000|cp_on_chip_2=37000|cp_on_chip_3=35000|cp_on_chip_4=35000|rf2_therm=33000|rf1_therm=34000|ISP=34000|TPU=35000|AUR=35000|rfpa_therm=30793|quiet_therm=31461|charging_therm=33353|,BIG=36000|MID=36000|usb_pwr_therm=29524|btmspkr_therm=29502|disp_therm=29479|north_therm=29858|soc_therm=33308|battery=29700|battery_cycle=5|dc-mains=33500|usbc-therm-adc=335|max77779fg=29700|LITTLE=36000|soc=9|smpl_gm=0|vdroop1=0|batoilo=0|batoilo2=0|batt_vs=29693|mdis_morepower=0|thb_hda=51|cp_on_chip_0=36000|cp_on_chip_1=37000|G3D=35000|cp_on_chip_2=37000|cp_on_chip_3=35000|cp_on_chip_4=35000|rf2_therm=33000|rf1_therm=34000|ISP=34000|TPU=35000|AUR=34000|rfpa_therm=30815|quiet_therm=31483|charging_therm=33353|,ok,39000,37000,0,37000,1,batched,untouched,4096,4096,5,1,7935,0,1058,0,4,4,ok
1,14,protected,4,1795000,1065000,37000,37000,BIG=36000|MID=37000|usb_pwr_therm=29524|btmspkr_therm=29479|disp_therm=29457|north_therm=29836|soc_therm=33264|battery=29700|battery_cycle=5|dc-mains=33500|usbc-therm-adc=335|max77779fg=29700|LITTLE=36000|soc=9|smpl_gm=0|vdroop1=0|batoilo=0|batoilo2=0|batt_vs=29692|mdis_morepower=0|thb_hda=51|cp_on_chip_0=36000|cp_on_chip_1=37000|G3D=35000|cp_on_chip_2=37000|cp_on_chip_3=35000|cp_on_chip_4=35000|rf2_therm=33000|rf1_therm=34000|ISP=34000|TPU=35000|AUR=35000|rfpa_therm=30793|quiet_therm=31461|charging_therm=33353|,BIG=36000|MID=36000|usb_pwr_therm=29524|btmspkr_therm=29502|disp_therm=29479|north_therm=29858|soc_therm=33308|battery=29700|battery_cycle=5|dc-mains=33500|usbc-therm-adc=335|max77779fg=29700|LITTLE=36000|soc=9|smpl_gm=0|vdroop1=0|batoilo=0|batoilo2=0|batt_vs=29693|mdis_morepower=0|thb_hda=51|cp_on_chip_0=36000|cp_on_chip_1=37000|G3D=35000|cp_on_chip_2=37000|cp_on_chip_3=35000|cp_on_chip_4=35000|rf2_therm=33000|rf1_therm=34000|ISP=34000|TPU=35000|AUR=34000|rfpa_therm=30815|quiet_therm=31483|charging_therm=33353|,ok,39000,37000,0,37000,1,batched,untouched,4096,4096,6,1,7568,0,1058,0,4,4,ok
1,14,protected,4,1795000,1065000,37000,37000,BIG=36000|MID=37000|usb_pwr_therm=29524|btmspkr_therm=29479|disp_therm=29457|north_therm=29836|soc_therm=33264|battery=29700|battery_cycle=5|dc-mains=33500|usbc-therm-adc=335|max77779fg=29700|LITTLE=36000|soc=9|smpl_gm=0|vdroop1=0|batoilo=0|batoilo2=0|batt_vs=29692|mdis_morepower=0|thb_hda=51|cp_on_chip_0=36000|cp_on_chip_1=37000|G3D=35000|cp_on_chip_2=37000|cp_on_chip_3=35000|cp_on_chip_4=35000|rf2_therm=33000|rf1_therm=34000|ISP=34000|TPU=35000|AUR=35000|rfpa_therm=30793|quiet_therm=31461|charging_therm=33353|,BIG=36000|MID=36000|usb_pwr_therm=29524|btmspkr_therm=29502|disp_therm=29479|north_therm=29858|soc_therm=33308|battery=29700|battery_cycle=5|dc-mains=33500|usbc-therm-adc=335|max77779fg=29700|LITTLE=36000|soc=9|smpl_gm=0|vdroop1=0|batoilo=0|batoilo2=0|batt_vs=29693|mdis_morepower=0|thb_hda=51|cp_on_chip_0=36000|cp_on_chip_1=37000|G3D=35000|cp_on_chip_2=37000|cp_on_chip_3=35000|cp_on_chip_4=35000|rf2_therm=33000|rf1_therm=34000|ISP=34000|TPU=35000|AUR=34000|rfpa_therm=30815|quiet_therm=31483|charging_therm=33353|,ok,39000,37000,0,37000,1,batched,untouched,4096,4096,7,1,7771,0,1058,0,4,4,ok
1,14,protected,4,1795000,1065000,37000,37000,BIG=36000|MID=37000|usb_pwr_therm=29524|btmspkr_therm=29479|disp_therm=29457|north_therm=29836|soc_therm=33264|battery=29700|battery_cycle=5|dc-mains=33500|usbc-therm-adc=335|max77779fg=29700|LITTLE=36000|soc=9|smpl_gm=0|vdroop1=0|batoilo=0|batoilo2=0|batt_vs=29692|mdis_morepower=0|thb_hda=51|cp_on_chip_0=36000|cp_on_chip_1=37000|G3D=35000|cp_on_chip_2=37000|cp_on_chip_3=35000|cp_on_chip_4=35000|rf2_therm=33000|rf1_therm=34000|ISP=34000|TPU=35000|AUR=35000|rfpa_therm=30793|quiet_therm=31461|charging_therm=33353|,BIG=36000|MID=36000|usb_pwr_therm=29524|btmspkr_therm=29502|disp_therm=29479|north_therm=29858|soc_therm=33308|battery=29700|battery_cycle=5|dc-mains=33500|usbc-therm-adc=335|max77779fg=29700|LITTLE=36000|soc=9|smpl_gm=0|vdroop1=0|batoilo=0|batoilo2=0|batt_vs=29693|mdis_morepower=0|thb_hda=51|cp_on_chip_0=36000|cp_on_chip_1=37000|G3D=35000|cp_on_chip_2=37000|cp_on_chip_3=35000|cp_on_chip_4=35000|rf2_therm=33000|rf1_therm=34000|ISP=34000|TPU=35000|AUR=34000|rfpa_therm=30815|quiet_therm=31483|charging_therm=33353|,ok,39000,37000,0,37000,1,batched,untouched,4096,4096,8,1,5208,0,1140,0,4,4,ok
1,14,protected,4,1795000,1065000,37000,37000,BIG=36000|MID=37000|usb_pwr_therm=29524|btmspkr_therm=29479|disp_therm=29457|north_therm=29836|soc_therm=33264|battery=29700|battery_cycle=5|dc-mains=33500|usbc-therm-adc=335|max77779fg=29700|LITTLE=36000|soc=9|smpl_gm=0|vdroop1=0|batoilo=0|batoilo2=0|batt_vs=29692|mdis_morepower=0|thb_hda=51|cp_on_chip_0=36000|cp_on_chip_1=37000|G3D=35000|cp_on_chip_2=37000|cp_on_chip_3=35000|cp_on_chip_4=35000|rf2_therm=33000|rf1_therm=34000|ISP=34000|TPU=35000|AUR=35000|rfpa_therm=30793|quiet_therm=31461|charging_therm=33353|,BIG=36000|MID=36000|usb_pwr_therm=29524|btmspkr_therm=29502|disp_therm=29479|north_therm=29858|soc_therm=33308|battery=29700|battery_cycle=5|dc-mains=33500|usbc-therm-adc=335|max77779fg=29700|LITTLE=36000|soc=9|smpl_gm=0|vdroop1=0|batoilo=0|batoilo2=0|batt_vs=29693|mdis_morepower=0|thb_hda=51|cp_on_chip_0=36000|cp_on_chip_1=37000|G3D=35000|cp_on_chip_2=37000|cp_on_chip_3=35000|cp_on_chip_4=35000|rf2_therm=33000|rf1_therm=34000|ISP=34000|TPU=35000|AUR=34000|rfpa_therm=30815|quiet_therm=31483|charging_therm=33353|,ok,39000,37000,0,37000,1,batched,untouched,4096,4096,9,1,4842,0,1058,0,4,4,ok
1,14,protected,4,1795000,1065000,37000,37000,BIG=36000|MID=37000|usb_pwr_therm=29524|btmspkr_therm=29479|disp_therm=29457|north_therm=29836|soc_therm=33264|battery=29700|battery_cycle=5|dc-mains=33500|usbc-therm-adc=335|max77779fg=29700|LITTLE=36000|soc=9|smpl_gm=0|vdroop1=0|batoilo=0|batoilo2=0|batt_vs=29692|mdis_morepower=0|thb_hda=51|cp_on_chip_0=36000|cp_on_chip_1=37000|G3D=35000|cp_on_chip_2=37000|cp_on_chip_3=35000|cp_on_chip_4=35000|rf2_therm=33000|rf1_therm=34000|ISP=34000|TPU=35000|AUR=35000|rfpa_therm=30793|quiet_therm=31461|charging_therm=33353|,BIG=36000|MID=36000|usb_pwr_therm=29524|btmspkr_therm=29502|disp_therm=29479|north_therm=29858|soc_therm=33308|battery=29700|battery_cycle=5|dc-mains=33500|usbc-therm-adc=335|max77779fg=29700|LITTLE=36000|soc=9|smpl_gm=0|vdroop1=0|batoilo=0|batoilo2=0|batt_vs=29693|mdis_morepower=0|thb_hda=51|cp_on_chip_0=36000|cp_on_chip_1=37000|G3D=35000|cp_on_chip_2=37000|cp_on_chip_3=35000|cp_on_chip_4=35000|rf2_therm=33000|rf1_therm=34000|ISP=34000|TPU=35000|AUR=34000|rfpa_therm=30815|quiet_therm=31483|charging_therm=33353|,ok,39000,37000,0,37000,1,batched,untouched,4096,4096,10,1,11515,0,1058,0,4,4,ok
1,14,protected,4,1795000,1065000,37000,37000,BIG=36000|MID=37000|usb_pwr_therm=29524|btmspkr_therm=29479|disp_therm=29457|north_therm=29836|soc_therm=33264|battery=29700|battery_cycle=5|dc-mains=33500|usbc-therm-adc=335|max77779fg=29700|LITTLE=36000|soc=9|smpl_gm=0|vdroop1=0|batoilo=0|batoilo2=0|batt_vs=29692|mdis_morepower=0|thb_hda=51|cp_on_chip_0=36000|cp_on_chip_1=37000|G3D=35000|cp_on_chip_2=37000|cp_on_chip_3=35000|cp_on_chip_4=35000|rf2_therm=33000|rf1_therm=34000|ISP=34000|TPU=35000|AUR=35000|rfpa_therm=30793|quiet_therm=31461|charging_therm=33353|,BIG=36000|MID=36000|usb_pwr_therm=29524|btmspkr_therm=29502|disp_therm=29479|north_therm=29858|soc_therm=33308|battery=29700|battery_cycle=5|dc-mains=33500|usbc-therm-adc=335|max77779fg=29700|LITTLE=36000|soc=9|smpl_gm=0|vdroop1=0|batoilo=0|batoilo2=0|batt_vs=29693|mdis_morepower=0|thb_hda=51|cp_on_chip_0=36000|cp_on_chip_1=37000|G3D=35000|cp_on_chip_2=37000|cp_on_chip_3=35000|cp_on_chip_4=35000|rf2_therm=33000|rf1_therm=34000|ISP=34000|TPU=35000|AUR=34000|rfpa_therm=30815|quiet_therm=31483|charging_therm=33353|,ok,39000,37000,0,37000,1,batched,untouched,4096,4096,11,1,3337,0,1099,0,4,4,ok
1,14,protected,4,1795000,1065000,37000,37000,BIG=36000|MID=37000|usb_pwr_therm=29524|btmspkr_therm=29479|disp_therm=29457|north_therm=29836|soc_therm=33264|battery=29700|battery_cycle=5|dc-mains=33500|usbc-therm-adc=335|max77779fg=29700|LITTLE=36000|soc=9|smpl_gm=0|vdroop1=0|batoilo=0|batoilo2=0|batt_vs=29692|mdis_morepower=0|thb_hda=51|cp_on_chip_0=36000|cp_on_chip_1=37000|G3D=35000|cp_on_chip_2=37000|cp_on_chip_3=35000|cp_on_chip_4=35000|rf2_therm=33000|rf1_therm=34000|ISP=34000|TPU=35000|AUR=35000|rfpa_therm=30793|quiet_therm=31461|charging_therm=33353|,BIG=36000|MID=36000|usb_pwr_therm=29524|btmspkr_therm=29502|disp_therm=29479|north_therm=29858|soc_therm=33308|battery=29700|battery_cycle=5|dc-mains=33500|usbc-therm-adc=335|max77779fg=29700|LITTLE=36000|soc=9|smpl_gm=0|vdroop1=0|batoilo=0|batoilo2=0|batt_vs=29693|mdis_morepower=0|thb_hda=51|cp_on_chip_0=36000|cp_on_chip_1=37000|G3D=35000|cp_on_chip_2=37000|cp_on_chip_3=35000|cp_on_chip_4=35000|rf2_therm=33000|rf1_therm=34000|ISP=34000|TPU=35000|AUR=34000|rfpa_therm=30815|quiet_therm=31483|charging_therm=33353|,ok,39000,37000,0,37000,1,batched,untouched,4096,4096,12,1,3377,0,1017,0,4,4,ok
1,14,protected,4,1795000,1065000,37000,37000,BIG=36000|MID=37000|usb_pwr_therm=29524|btmspkr_therm=29479|disp_therm=29457|north_therm=29836|soc_therm=33264|battery=29700|battery_cycle=5|dc-mains=33500|usbc-therm-adc=335|max77779fg=29700|LITTLE=36000|soc=9|smpl_gm=0|vdroop1=0|batoilo=0|batoilo2=0|batt_vs=29692|mdis_morepower=0|thb_hda=51|cp_on_chip_0=36000|cp_on_chip_1=37000|G3D=35000|cp_on_chip_2=37000|cp_on_chip_3=35000|cp_on_chip_4=35000|rf2_therm=33000|rf1_therm=34000|ISP=34000|TPU=35000|AUR=35000|rfpa_therm=30793|quiet_therm=31461|charging_therm=33353|,BIG=36000|MID=36000|usb_pwr_therm=29524|btmspkr_therm=29502|disp_therm=29479|north_therm=29858|soc_therm=33308|battery=29700|battery_cycle=5|dc-mains=33500|usbc-therm-adc=335|max77779fg=29700|LITTLE=36000|soc=9|smpl_gm=0|vdroop1=0|batoilo=0|batoilo2=0|batt_vs=29693|mdis_morepower=0|thb_hda=51|cp_on_chip_0=36000|cp_on_chip_1=37000|G3D=35000|cp_on_chip_2=37000|cp_on_chip_3=35000|cp_on_chip_4=35000|rf2_therm=33000|rf1_therm=34000|ISP=34000|TPU=35000|AUR=34000|rfpa_therm=30815|quiet_therm=31483|charging_therm=33353|,ok,39000,37000,0,37000,1,batched,untouched,4096,4096,13,1,4639,0,1017,0,4,4,ok
1,14,protected,4,1795000,1065000,37000,37000,BIG=36000|MID=37000|usb_pwr_therm=29524|btmspkr_therm=29479|disp_therm=29457|north_therm=29836|soc_therm=33264|battery=29700|battery_cycle=5|dc-mains=33500|usbc-therm-adc=335|max77779fg=29700|LITTLE=36000|soc=9|smpl_gm=0|vdroop1=0|batoilo=0|batoilo2=0|batt_vs=29692|mdis_morepower=0|thb_hda=51|cp_on_chip_0=36000|cp_on_chip_1=37000|G3D=35000|cp_on_chip_2=37000|cp_on_chip_3=35000|cp_on_chip_4=35000|rf2_therm=33000|rf1_therm=34000|ISP=34000|TPU=35000|AUR=35000|rfpa_therm=30793|quiet_therm=31461|charging_therm=33353|,BIG=36000|MID=36000|usb_pwr_therm=29524|btmspkr_therm=29502|disp_therm=29479|north_therm=29858|soc_therm=33308|battery=29700|battery_cycle=5|dc-mains=33500|usbc-therm-adc=335|max77779fg=29700|LITTLE=36000|soc=9|smpl_gm=0|vdroop1=0|batoilo=0|batoilo2=0|batt_vs=29693|mdis_morepower=0|thb_hda=51|cp_on_chip_0=36000|cp_on_chip_1=37000|G3D=35000|cp_on_chip_2=37000|cp_on_chip_3=35000|cp_on_chip_4=35000|rf2_therm=33000|rf1_therm=34000|ISP=34000|TPU=35000|AUR=34000|rfpa_therm=30815|quiet_therm=31483|charging_therm=33353|,ok,39000,37000,0,37000,1,batched,untouched,4096,4096,14,1,4842,0,1384,0,4,4,ok
1,14,protected,4,1795000,1065000,37000,37000,BIG=36000|MID=37000|usb_pwr_therm=29524|btmspkr_therm=29479|disp_therm=29457|north_therm=29836|soc_therm=33264|battery=29700|battery_cycle=5|dc-mains=33500|usbc-therm-adc=335|max77779fg=29700|LITTLE=36000|soc=9|smpl_gm=0|vdroop1=0|batoilo=0|batoilo2=0|batt_vs=29692|mdis_morepower=0|thb_hda=51|cp_on_chip_0=36000|cp_on_chip_1=37000|G3D=35000|cp_on_chip_2=37000|cp_on_chip_3=35000|cp_on_chip_4=35000|rf2_therm=33000|rf1_therm=34000|ISP=34000|TPU=35000|AUR=35000|rfpa_therm=30793|quiet_therm=31461|charging_therm=33353|,BIG=36000|MID=36000|usb_pwr_therm=29524|btmspkr_therm=29502|disp_therm=29479|north_therm=29858|soc_therm=33308|battery=29700|battery_cycle=5|dc-mains=33500|usbc-therm-adc=335|max77779fg=29700|LITTLE=36000|soc=9|smpl_gm=0|vdroop1=0|batoilo=0|batoilo2=0|batt_vs=29693|mdis_morepower=0|thb_hda=51|cp_on_chip_0=36000|cp_on_chip_1=37000|G3D=35000|cp_on_chip_2=37000|cp_on_chip_3=35000|cp_on_chip_4=35000|rf2_therm=33000|rf1_therm=34000|ISP=34000|TPU=35000|AUR=34000|rfpa_therm=30815|quiet_therm=31483|charging_therm=33353|,ok,39000,37000,0,37000,1,batched,untouched,4096,4096,15,1,4517,0,1384,0,4,4,ok
1,14,protected,4,1795000,1065000,37000,37000,BIG=36000|MID=37000|usb_pwr_therm=29524|btmspkr_therm=29479|disp_therm=29457|north_therm=29836|soc_therm=33264|battery=29700|battery_cycle=5|dc-mains=33500|usbc-therm-adc=335|max77779fg=29700|LITTLE=36000|soc=9|smpl_gm=0|vdroop1=0|batoilo=0|batoilo2=0|batt_vs=29692|mdis_morepower=0|thb_hda=51|cp_on_chip_0=36000|cp_on_chip_1=37000|G3D=35000|cp_on_chip_2=37000|cp_on_chip_3=35000|cp_on_chip_4=35000|rf2_therm=33000|rf1_therm=34000|ISP=34000|TPU=35000|AUR=35000|rfpa_therm=30793|quiet_therm=31461|charging_therm=33353|,BIG=36000|MID=36000|usb_pwr_therm=29524|btmspkr_therm=29502|disp_therm=29479|north_therm=29858|soc_therm=33308|battery=29700|battery_cycle=5|dc-mains=33500|usbc-therm-adc=335|max77779fg=29700|LITTLE=36000|soc=9|smpl_gm=0|vdroop1=0|batoilo=0|batoilo2=0|batt_vs=29693|mdis_morepower=0|thb_hda=51|cp_on_chip_0=36000|cp_on_chip_1=37000|G3D=35000|cp_on_chip_2=37000|cp_on_chip_3=35000|cp_on_chip_4=35000|rf2_therm=33000|rf1_therm=34000|ISP=34000|TPU=35000|AUR=34000|rfpa_therm=30815|quiet_therm=31483|charging_therm=33353|,ok,39000,37000,0,37000,1,batched,untouched,4096,4096,16,1,7487,0,1383,0,4,4,ok
1,14,protected,4,1795000,1065000,37000,37000,BIG=36000|MID=37000|usb_pwr_therm=29524|btmspkr_therm=29479|disp_therm=29457|north_therm=29836|soc_therm=33264|battery=29700|battery_cycle=5|dc-mains=33500|usbc-therm-adc=335|max77779fg=29700|LITTLE=36000|soc=9|smpl_gm=0|vdroop1=0|batoilo=0|batoilo2=0|batt_vs=29692|mdis_morepower=0|thb_hda=51|cp_on_chip_0=36000|cp_on_chip_1=37000|G3D=35000|cp_on_chip_2=37000|cp_on_chip_3=35000|cp_on_chip_4=35000|rf2_therm=33000|rf1_therm=34000|ISP=34000|TPU=35000|AUR=35000|rfpa_therm=30793|quiet_therm=31461|charging_therm=33353|,BIG=36000|MID=36000|usb_pwr_therm=29524|btmspkr_therm=29502|disp_therm=29479|north_therm=29858|soc_therm=33308|battery=29700|battery_cycle=5|dc-mains=33500|usbc-therm-adc=335|max77779fg=29700|LITTLE=36000|soc=9|smpl_gm=0|vdroop1=0|batoilo=0|batoilo2=0|batt_vs=29693|mdis_morepower=0|thb_hda=51|cp_on_chip_0=36000|cp_on_chip_1=37000|G3D=35000|cp_on_chip_2=37000|cp_on_chip_3=35000|cp_on_chip_4=35000|rf2_therm=33000|rf1_therm=34000|ISP=34000|TPU=35000|AUR=34000|rfpa_therm=30815|quiet_therm=31483|charging_therm=33353|,ok,39000,37000,0,37000,1,batched,untouched,4096,4096,17,1,4638,0,1424,0,4,4,ok
1,14,protected,4,1795000,1065000,37000,37000,BIG=36000|MID=37000|usb_pwr_therm=29524|btmspkr_therm=29479|disp_therm=29457|north_therm=29836|soc_therm=33264|battery=29700|battery_cycle=5|dc-mains=33500|usbc-therm-adc=335|max77779fg=29700|LITTLE=36000|soc=9|smpl_gm=0|vdroop1=0|batoilo=0|batoilo2=0|batt_vs=29692|mdis_morepower=0|thb_hda=51|cp_on_chip_0=36000|cp_on_chip_1=37000|G3D=35000|cp_on_chip_2=37000|cp_on_chip_3=35000|cp_on_chip_4=35000|rf2_therm=33000|rf1_therm=34000|ISP=34000|TPU=35000|AUR=35000|rfpa_therm=30793|quiet_therm=31461|charging_therm=33353|,BIG=36000|MID=36000|usb_pwr_therm=29524|btmspkr_therm=29502|disp_therm=29479|north_therm=29858|soc_therm=33308|battery=29700|battery_cycle=5|dc-mains=33500|usbc-therm-adc=335|max77779fg=29700|LITTLE=36000|soc=9|smpl_gm=0|vdroop1=0|batoilo=0|batoilo2=0|batt_vs=29693|mdis_morepower=0|thb_hda=51|cp_on_chip_0=36000|cp_on_chip_1=37000|G3D=35000|cp_on_chip_2=37000|cp_on_chip_3=35000|cp_on_chip_4=35000|rf2_therm=33000|rf1_therm=34000|ISP=34000|TPU=35000|AUR=34000|rfpa_therm=30815|quiet_therm=31483|charging_therm=33353|,ok,39000,37000,0,37000,1,batched,untouched,4096,4096,18,1,4679,0,814,0,4,4,ok
1,14,protected,4,1795000,1065000,37000,37000,BIG=36000|MID=37000|usb_pwr_therm=29524|btmspkr_therm=29479|disp_therm=29457|north_therm=29836|soc_therm=33264|battery=29700|battery_cycle=5|dc-mains=33500|usbc-therm-adc=335|max77779fg=29700|LITTLE=36000|soc=9|smpl_gm=0|vdroop1=0|batoilo=0|batoilo2=0|batt_vs=29692|mdis_morepower=0|thb_hda=51|cp_on_chip_0=36000|cp_on_chip_1=37000|G3D=35000|cp_on_chip_2=37000|cp_on_chip_3=35000|cp_on_chip_4=35000|rf2_therm=33000|rf1_therm=34000|ISP=34000|TPU=35000|AUR=35000|rfpa_therm=30793|quiet_therm=31461|charging_therm=33353|,BIG=36000|MID=36000|usb_pwr_therm=29524|btmspkr_therm=29502|disp_therm=29479|north_therm=29858|soc_therm=33308|battery=29700|battery_cycle=5|dc-mains=33500|usbc-therm-adc=335|max77779fg=29700|LITTLE=36000|soc=9|smpl_gm=0|vdroop1=0|batoilo=0|batoilo2=0|batt_vs=29693|mdis_morepower=0|thb_hda=51|cp_on_chip_0=36000|cp_on_chip_1=37000|G3D=35000|cp_on_chip_2=37000|cp_on_chip_3=35000|cp_on_chip_4=35000|rf2_therm=33000|rf1_therm=34000|ISP=34000|TPU=35000|AUR=34000|rfpa_therm=30815|quiet_therm=31483|charging_therm=33353|,ok,39000,37000,0,37000,1,batched,untouched,4096,4096,19,1,4150,0,855,0,4,4,ok
1,14,protected,4,1795000,1065000,37000,37000,BIG=36000|MID=37000|usb_pwr_therm=29524|btmspkr_therm=29479|disp_therm=29457|north_therm=29836|soc_therm=33264|battery=29700|battery_cycle=5|dc-mains=33500|usbc-therm-adc=335|max77779fg=29700|LITTLE=36000|soc=9|smpl_gm=0|vdroop1=0|batoilo=0|batoilo2=0|batt_vs=29692|mdis_morepower=0|thb_hda=51|cp_on_chip_0=36000|cp_on_chip_1=37000|G3D=35000|cp_on_chip_2=37000|cp_on_chip_3=35000|cp_on_chip_4=35000|rf2_therm=33000|rf1_therm=34000|ISP=34000|TPU=35000|AUR=35000|rfpa_therm=30793|quiet_therm=31461|charging_therm=33353|,BIG=36000|MID=36000|usb_pwr_therm=29524|btmspkr_therm=29502|disp_therm=29479|north_therm=29858|soc_therm=33308|battery=29700|battery_cycle=5|dc-mains=33500|usbc-therm-adc=335|max77779fg=29700|LITTLE=36000|soc=9|smpl_gm=0|vdroop1=0|batoilo=0|batoilo2=0|batt_vs=29693|mdis_morepower=0|thb_hda=51|cp_on_chip_0=36000|cp_on_chip_1=37000|G3D=35000|cp_on_chip_2=37000|cp_on_chip_3=35000|cp_on_chip_4=35000|rf2_therm=33000|rf1_therm=34000|ISP=34000|TPU=35000|AUR=34000|rfpa_therm=30815|quiet_therm=31483|charging_therm=33353|,ok,39000,37000,0,37000,1,batched,untouched,4096,4096,20,1,3215,0,855,0,4,4,ok
1,14,protected,4,1795000,1065000,37000,37000,BIG=36000|MID=37000|usb_pwr_therm=29524|btmspkr_therm=29479|disp_therm=29457|north_therm=29836|soc_therm=33264|battery=29700|battery_cycle=5|dc-mains=33500|usbc-therm-adc=335|max77779fg=29700|LITTLE=36000|soc=9|smpl_gm=0|vdroop1=0|batoilo=0|batoilo2=0|batt_vs=29692|mdis_morepower=0|thb_hda=51|cp_on_chip_0=36000|cp_on_chip_1=37000|G3D=35000|cp_on_chip_2=37000|cp_on_chip_3=35000|cp_on_chip_4=35000|rf2_therm=33000|rf1_therm=34000|ISP=34000|TPU=35000|AUR=35000|rfpa_therm=30793|quiet_therm=31461|charging_therm=33353|,BIG=36000|MID=36000|usb_pwr_therm=29524|btmspkr_therm=29502|disp_therm=29479|north_therm=29858|soc_therm=33308|battery=29700|battery_cycle=5|dc-mains=33500|usbc-therm-adc=335|max77779fg=29700|LITTLE=36000|soc=9|smpl_gm=0|vdroop1=0|batoilo=0|batoilo2=0|batt_vs=29693|mdis_morepower=0|thb_hda=51|cp_on_chip_0=36000|cp_on_chip_1=37000|G3D=35000|cp_on_chip_2=37000|cp_on_chip_3=35000|cp_on_chip_4=35000|rf2_therm=33000|rf1_therm=34000|ISP=34000|TPU=35000|AUR=34000|rfpa_therm=30815|quiet_therm=31483|charging_therm=33353|,ok,39000,37000,0,37000,1,batched,untouched,4096,4096,21,1,3499,0,814,0,4,4,ok
1,14,protected,4,1795000,1065000,37000,37000,BIG=36000|MID=37000|usb_pwr_therm=29524|btmspkr_therm=29479|disp_therm=29457|north_therm=29836|soc_therm=33264|battery=29700|battery_cycle=5|dc-mains=33500|usbc-therm-adc=335|max77779fg=29700|LITTLE=36000|soc=9|smpl_gm=0|vdroop1=0|batoilo=0|batoilo2=0|batt_vs=29692|mdis_morepower=0|thb_hda=51|cp_on_chip_0=36000|cp_on_chip_1=37000|G3D=35000|cp_on_chip_2=37000|cp_on_chip_3=35000|cp_on_chip_4=35000|rf2_therm=33000|rf1_therm=34000|ISP=34000|TPU=35000|AUR=35000|rfpa_therm=30793|quiet_therm=31461|charging_therm=33353|,BIG=36000|MID=36000|usb_pwr_therm=29524|btmspkr_therm=29502|disp_therm=29479|north_therm=29858|soc_therm=33308|battery=29700|battery_cycle=5|dc-mains=33500|usbc-therm-adc=335|max77779fg=29700|LITTLE=36000|soc=9|smpl_gm=0|vdroop1=0|batoilo=0|batoilo2=0|batt_vs=29693|mdis_morepower=0|thb_hda=51|cp_on_chip_0=36000|cp_on_chip_1=37000|G3D=35000|cp_on_chip_2=37000|cp_on_chip_3=35000|cp_on_chip_4=35000|rf2_therm=33000|rf1_therm=34000|ISP=34000|TPU=35000|AUR=34000|rfpa_therm=30815|quiet_therm=31483|charging_therm=33353|,ok,39000,37000,0,37000,1,batched,untouched,4096,4096,22,1,6267,0,895,0,4,4,ok
1,14,protected,4,1795000,1065000,37000,37000,BIG=36000|MID=37000|usb_pwr_therm=29524|btmspkr_therm=29479|disp_therm=29457|north_therm=29836|soc_therm=33264|battery=29700|battery_cycle=5|dc-mains=33500|usbc-therm-adc=335|max77779fg=29700|LITTLE=36000|soc=9|smpl_gm=0|vdroop1=0|batoilo=0|batoilo2=0|batt_vs=29692|mdis_morepower=0|thb_hda=51|cp_on_chip_0=36000|cp_on_chip_1=37000|G3D=35000|cp_on_chip_2=37000|cp_on_chip_3=35000|cp_on_chip_4=35000|rf2_therm=33000|rf1_therm=34000|ISP=34000|TPU=35000|AUR=35000|rfpa_therm=30793|quiet_therm=31461|charging_therm=33353|,BIG=36000|MID=36000|usb_pwr_therm=29524|btmspkr_therm=29502|disp_therm=29479|north_therm=29858|soc_therm=33308|battery=29700|battery_cycle=5|dc-mains=33500|usbc-therm-adc=335|max77779fg=29700|LITTLE=36000|soc=9|smpl_gm=0|vdroop1=0|batoilo=0|batoilo2=0|batt_vs=29693|mdis_morepower=0|thb_hda=51|cp_on_chip_0=36000|cp_on_chip_1=37000|G3D=35000|cp_on_chip_2=37000|cp_on_chip_3=35000|cp_on_chip_4=35000|rf2_therm=33000|rf1_therm=34000|ISP=34000|TPU=35000|AUR=34000|rfpa_therm=30815|quiet_therm=31483|charging_therm=33353|,ok,39000,37000,0,37000,1,batched,untouched,4096,4096,23,1,4598,0,854,0,4,4,ok
1,14,protected,4,1795000,1065000,37000,37000,BIG=36000|MID=37000|usb_pwr_therm=29524|btmspkr_therm=29479|disp_therm=29457|north_therm=29836|soc_therm=33264|battery=29700|battery_cycle=5|dc-mains=33500|usbc-therm-adc=335|max77779fg=29700|LITTLE=36000|soc=9|smpl_gm=0|vdroop1=0|batoilo=0|batoilo2=0|batt_vs=29692|mdis_morepower=0|thb_hda=51|cp_on_chip_0=36000|cp_on_chip_1=37000|G3D=35000|cp_on_chip_2=37000|cp_on_chip_3=35000|cp_on_chip_4=35000|rf2_therm=33000|rf1_therm=34000|ISP=34000|TPU=35000|AUR=35000|rfpa_therm=30793|quiet_therm=31461|charging_therm=33353|,BIG=36000|MID=36000|usb_pwr_therm=29524|btmspkr_therm=29502|disp_therm=29479|north_therm=29858|soc_therm=33308|battery=29700|battery_cycle=5|dc-mains=33500|usbc-therm-adc=335|max77779fg=29700|LITTLE=36000|soc=9|smpl_gm=0|vdroop1=0|batoilo=0|batoilo2=0|batt_vs=29693|mdis_morepower=0|thb_hda=51|cp_on_chip_0=36000|cp_on_chip_1=37000|G3D=35000|cp_on_chip_2=37000|cp_on_chip_3=35000|cp_on_chip_4=35000|rf2_therm=33000|rf1_therm=34000|ISP=34000|TPU=35000|AUR=34000|rfpa_therm=30815|quiet_therm=31483|charging_therm=33353|,ok,39000,37000,0,37000,1,batched,untouched,4096,4096,24,1,5330,0,855,0,4,4,ok
1,14,protected,4,1795000,1065000,37000,37000,BIG=36000|MID=37000|usb_pwr_therm=29524|btmspkr_therm=29479|disp_therm=29457|north_therm=29836|soc_therm=33264|battery=29700|battery_cycle=5|dc-mains=33500|usbc-therm-adc=335|max77779fg=29700|LITTLE=36000|soc=9|smpl_gm=0|vdroop1=0|batoilo=0|batoilo2=0|batt_vs=29692|mdis_morepower=0|thb_hda=51|cp_on_chip_0=36000|cp_on_chip_1=37000|G3D=35000|cp_on_chip_2=37000|cp_on_chip_3=35000|cp_on_chip_4=35000|rf2_therm=33000|rf1_therm=34000|ISP=34000|TPU=35000|AUR=35000|rfpa_therm=30793|quiet_therm=31461|charging_therm=33353|,BIG=36000|MID=36000|usb_pwr_therm=29524|btmspkr_therm=29502|disp_therm=29479|north_therm=29858|soc_therm=33308|battery=29700|battery_cycle=5|dc-mains=33500|usbc-therm-adc=335|max77779fg=29700|LITTLE=36000|soc=9|smpl_gm=0|vdroop1=0|batoilo=0|batoilo2=0|batt_vs=29693|mdis_morepower=0|thb_hda=51|cp_on_chip_0=36000|cp_on_chip_1=37000|G3D=35000|cp_on_chip_2=37000|cp_on_chip_3=35000|cp_on_chip_4=35000|rf2_therm=33000|rf1_therm=34000|ISP=34000|TPU=35000|AUR=34000|rfpa_therm=30815|quiet_therm=31483|charging_therm=33353|,ok,39000,37000,0,37000,1,batched,untouched,4096,4096,25,1,3662,0,895,0,4,4,ok
1,14,protected,4,1795000,1065000,37000,37000,BIG=36000|MID=37000|usb_pwr_therm=29524|btmspkr_therm=29479|disp_therm=29457|north_therm=29836|soc_therm=33264|battery=29700|battery_cycle=5|dc-mains=33500|usbc-therm-adc=335|max77779fg=29700|LITTLE=36000|soc=9|smpl_gm=0|vdroop1=0|batoilo=0|batoilo2=0|batt_vs=29692|mdis_morepower=0|thb_hda=51|cp_on_chip_0=36000|cp_on_chip_1=37000|G3D=35000|cp_on_chip_2=37000|cp_on_chip_3=35000|cp_on_chip_4=35000|rf2_therm=33000|rf1_therm=34000|ISP=34000|TPU=35000|AUR=35000|rfpa_therm=30793|quiet_therm=31461|charging_therm=33353|,BIG=36000|MID=36000|usb_pwr_therm=29524|btmspkr_therm=29502|disp_therm=29479|north_therm=29858|soc_therm=33308|battery=29700|battery_cycle=5|dc-mains=33500|usbc-therm-adc=335|max77779fg=29700|LITTLE=36000|soc=9|smpl_gm=0|vdroop1=0|batoilo=0|batoilo2=0|batt_vs=29693|mdis_morepower=0|thb_hda=51|cp_on_chip_0=36000|cp_on_chip_1=37000|G3D=35000|cp_on_chip_2=37000|cp_on_chip_3=35000|cp_on_chip_4=35000|rf2_therm=33000|rf1_therm=34000|ISP=34000|TPU=35000|AUR=34000|rfpa_therm=30815|quiet_therm=31483|charging_therm=33353|,ok,39000,37000,0,37000,1,batched,untouched,4096,4096,26,1,2848,0,855,0,4,4,ok
1,14,protected,4,1795000,1065000,37000,37000,BIG=36000|MID=37000|usb_pwr_therm=29524|btmspkr_therm=29479|disp_therm=29457|north_therm=29836|soc_therm=33264|battery=29700|battery_cycle=5|dc-mains=33500|usbc-therm-adc=335|max77779fg=29700|LITTLE=36000|soc=9|smpl_gm=0|vdroop1=0|batoilo=0|batoilo2=0|batt_vs=29692|mdis_morepower=0|thb_hda=51|cp_on_chip_0=36000|cp_on_chip_1=37000|G3D=35000|cp_on_chip_2=37000|cp_on_chip_3=35000|cp_on_chip_4=35000|rf2_therm=33000|rf1_therm=34000|ISP=34000|TPU=35000|AUR=35000|rfpa_therm=30793|quiet_therm=31461|charging_therm=33353|,BIG=36000|MID=36000|usb_pwr_therm=29524|btmspkr_therm=29502|disp_therm=29479|north_therm=29858|soc_therm=33308|battery=29700|battery_cycle=5|dc-mains=33500|usbc-therm-adc=335|max77779fg=29700|LITTLE=36000|soc=9|smpl_gm=0|vdroop1=0|batoilo=0|batoilo2=0|batt_vs=29693|mdis_morepower=0|thb_hda=51|cp_on_chip_0=36000|cp_on_chip_1=37000|G3D=35000|cp_on_chip_2=37000|cp_on_chip_3=35000|cp_on_chip_4=35000|rf2_therm=33000|rf1_therm=34000|ISP=34000|TPU=35000|AUR=34000|rfpa_therm=30815|quiet_therm=31483|charging_therm=33353|,ok,39000,37000,0,37000,1,batched,untouched,4096,4096,27,1,3255,0,855,0,4,4,ok
1,14,protected,4,1795000,1065000,37000,37000,BIG=36000|MID=37000|usb_pwr_therm=29524|btmspkr_therm=29479|disp_therm=29457|north_therm=29836|soc_therm=33264|battery=29700|battery_cycle=5|dc-mains=33500|usbc-therm-adc=335|max77779fg=29700|LITTLE=36000|soc=9|smpl_gm=0|vdroop1=0|batoilo=0|batoilo2=0|batt_vs=29692|mdis_morepower=0|thb_hda=51|cp_on_chip_0=36000|cp_on_chip_1=37000|G3D=35000|cp_on_chip_2=37000|cp_on_chip_3=35000|cp_on_chip_4=35000|rf2_therm=33000|rf1_therm=34000|ISP=34000|TPU=35000|AUR=35000|rfpa_therm=30793|quiet_therm=31461|charging_therm=33353|,BIG=36000|MID=36000|usb_pwr_therm=29524|btmspkr_therm=29502|disp_therm=29479|north_therm=29858|soc_therm=33308|battery=29700|battery_cycle=5|dc-mains=33500|usbc-therm-adc=335|max77779fg=29700|LITTLE=36000|soc=9|smpl_gm=0|vdroop1=0|batoilo=0|batoilo2=0|batt_vs=29693|mdis_morepower=0|thb_hda=51|cp_on_chip_0=36000|cp_on_chip_1=37000|G3D=35000|cp_on_chip_2=37000|cp_on_chip_3=35000|cp_on_chip_4=35000|rf2_therm=33000|rf1_therm=34000|ISP=34000|TPU=35000|AUR=34000|rfpa_therm=30815|quiet_therm=31483|charging_therm=33353|,ok,39000,37000,0,37000,1,batched,untouched,4096,4096,28,1,5371,0,854,0,4,4,ok
1,14,protected,4,1795000,1065000,37000,37000,BIG=36000|MID=37000|usb_pwr_therm=29524|btmspkr_therm=29479|disp_therm=29457|north_therm=29836|soc_therm=33264|battery=29700|battery_cycle=5|dc-mains=33500|usbc-therm-adc=335|max77779fg=29700|LITTLE=36000|soc=9|smpl_gm=0|vdroop1=0|batoilo=0|batoilo2=0|batt_vs=29692|mdis_morepower=0|thb_hda=51|cp_on_chip_0=36000|cp_on_chip_1=37000|G3D=35000|cp_on_chip_2=37000|cp_on_chip_3=35000|cp_on_chip_4=35000|rf2_therm=33000|rf1_therm=34000|ISP=34000|TPU=35000|AUR=35000|rfpa_therm=30793|quiet_therm=31461|charging_therm=33353|,BIG=36000|MID=36000|usb_pwr_therm=29524|btmspkr_therm=29502|disp_therm=29479|north_therm=29858|soc_therm=33308|battery=29700|battery_cycle=5|dc-mains=33500|usbc-therm-adc=335|max77779fg=29700|LITTLE=36000|soc=9|smpl_gm=0|vdroop1=0|batoilo=0|batoilo2=0|batt_vs=29693|mdis_morepower=0|thb_hda=51|cp_on_chip_0=36000|cp_on_chip_1=37000|G3D=35000|cp_on_chip_2=37000|cp_on_chip_3=35000|cp_on_chip_4=35000|rf2_therm=33000|rf1_therm=34000|ISP=34000|TPU=35000|AUR=34000|rfpa_therm=30815|quiet_therm=31483|charging_therm=33353|,ok,39000,37000,0,37000,1,batched,untouched,4096,4096,29,1,4801,0,855,0,4,4,ok
1,15,protected,4,648000,578000,38000,37000,BIG=36000|MID=36000|usb_pwr_therm=29546|btmspkr_therm=29502|disp_therm=29502|north_therm=29880|soc_therm=33330|battery=29700|battery_cycle=5|dc-mains=34000|usbc-therm-adc=340|max77779fg=29700|LITTLE=36000|soc=9|smpl_gm=0|vdroop1=0|batoilo=0|batoilo2=0|batt_vs=29693|mdis_morepower=0|thb_hda=51|cp_on_chip_0=36000|cp_on_chip_1=37000|G3D=35000|cp_on_chip_2=37000|cp_on_chip_3=35000|cp_on_chip_4=35000|rf2_therm=33000|rf1_therm=34000|ISP=34000|TPU=35000|AUR=34000|rfpa_therm=30837|quiet_therm=31505|charging_therm=33375|,BIG=36000|MID=36000|usb_pwr_therm=29546|btmspkr_therm=29502|disp_therm=29502|north_therm=29880|soc_therm=33330|battery=29700|battery_cycle=5|dc-mains=33500|usbc-therm-adc=335|max77779fg=29700|LITTLE=36000|soc=9|smpl_gm=0|vdroop1=0|batoilo=0|batoilo2=0|batt_vs=29693|mdis_morepower=0|thb_hda=51|cp_on_chip_0=36000|cp_on_chip_1=37000|G3D=35000|cp_on_chip_2=37000|cp_on_chip_3=35000|cp_on_chip_4=35000|rf2_therm=33000|rf1_therm=34000|ISP=34000|TPU=35000|AUR=35000|rfpa_therm=30859|quiet_therm=31527|charging_therm=33397|,ok,39000,37000,0,37000,1,batched,touched,4096,1024,0,1,2963419,1024,740438,0,4,4,ok
1,15,protected,4,648000,578000,38000,37000,BIG=36000|MID=36000|usb_pwr_therm=29546|btmspkr_therm=29502|disp_therm=29502|north_therm=29880|soc_therm=33330|battery=29700|battery_cycle=5|dc-mains=34000|usbc-therm-adc=340|max77779fg=29700|LITTLE=36000|soc=9|smpl_gm=0|vdroop1=0|batoilo=0|batoilo2=0|batt_vs=29693|mdis_morepower=0|thb_hda=51|cp_on_chip_0=36000|cp_on_chip_1=37000|G3D=35000|cp_on_chip_2=37000|cp_on_chip_3=35000|cp_on_chip_4=35000|rf2_therm=33000|rf1_therm=34000|ISP=34000|TPU=35000|AUR=34000|rfpa_therm=30837|quiet_therm=31505|charging_therm=33375|,BIG=36000|MID=36000|usb_pwr_therm=29546|btmspkr_therm=29502|disp_therm=29502|north_therm=29880|soc_therm=33330|battery=29700|battery_cycle=5|dc-mains=33500|usbc-therm-adc=335|max77779fg=29700|LITTLE=36000|soc=9|smpl_gm=0|vdroop1=0|batoilo=0|batoilo2=0|batt_vs=29693|mdis_morepower=0|thb_hda=51|cp_on_chip_0=36000|cp_on_chip_1=37000|G3D=35000|cp_on_chip_2=37000|cp_on_chip_3=35000|cp_on_chip_4=35000|rf2_therm=33000|rf1_therm=34000|ISP=34000|TPU=35000|AUR=35000|rfpa_therm=30859|quiet_therm=31527|charging_therm=33397|,ok,39000,37000,0,37000,1,batched,touched,4096,1024,1,1,1265462,1024,313476,0,4,4,ok
1,15,protected,4,648000,578000,38000,37000,BIG=36000|MID=36000|usb_pwr_therm=29546|btmspkr_therm=29502|disp_therm=29502|north_therm=29880|soc_therm=33330|battery=29700|battery_cycle=5|dc-mains=34000|usbc-therm-adc=340|max77779fg=29700|LITTLE=36000|soc=9|smpl_gm=0|vdroop1=0|batoilo=0|batoilo2=0|batt_vs=29693|mdis_morepower=0|thb_hda=51|cp_on_chip_0=36000|cp_on_chip_1=37000|G3D=35000|cp_on_chip_2=37000|cp_on_chip_3=35000|cp_on_chip_4=35000|rf2_therm=33000|rf1_therm=34000|ISP=34000|TPU=35000|AUR=34000|rfpa_therm=30837|quiet_therm=31505|charging_therm=33375|,BIG=36000|MID=36000|usb_pwr_therm=29546|btmspkr_therm=29502|disp_therm=29502|north_therm=29880|soc_therm=33330|battery=29700|battery_cycle=5|dc-mains=33500|usbc-therm-adc=335|max77779fg=29700|LITTLE=36000|soc=9|smpl_gm=0|vdroop1=0|batoilo=0|batoilo2=0|batt_vs=29693|mdis_morepower=0|thb_hda=51|cp_on_chip_0=36000|cp_on_chip_1=37000|G3D=35000|cp_on_chip_2=37000|cp_on_chip_3=35000|cp_on_chip_4=35000|rf2_therm=33000|rf1_therm=34000|ISP=34000|TPU=35000|AUR=35000|rfpa_therm=30859|quiet_therm=31527|charging_therm=33397|,ok,39000,37000,0,37000,1,batched,touched,4096,1024,2,1,1189941,1024,189576,0,4,4,ok
1,15,protected,4,648000,578000,38000,37000,BIG=36000|MID=36000|usb_pwr_therm=29546|btmspkr_therm=29502|disp_therm=29502|north_therm=29880|soc_therm=33330|battery=29700|battery_cycle=5|dc-mains=34000|usbc-therm-adc=340|max77779fg=29700|LITTLE=36000|soc=9|smpl_gm=0|vdroop1=0|batoilo=0|batoilo2=0|batt_vs=29693|mdis_morepower=0|thb_hda=51|cp_on_chip_0=36000|cp_on_chip_1=37000|G3D=35000|cp_on_chip_2=37000|cp_on_chip_3=35000|cp_on_chip_4=35000|rf2_therm=33000|rf1_therm=34000|ISP=34000|TPU=35000|AUR=34000|rfpa_therm=30837|quiet_therm=31505|charging_therm=33375|,BIG=36000|MID=36000|usb_pwr_therm=29546|btmspkr_therm=29502|disp_therm=29502|north_therm=29880|soc_therm=33330|battery=29700|battery_cycle=5|dc-mains=33500|usbc-therm-adc=335|max77779fg=29700|LITTLE=36000|soc=9|smpl_gm=0|vdroop1=0|batoilo=0|batoilo2=0|batt_vs=29693|mdis_morepower=0|thb_hda=51|cp_on_chip_0=36000|cp_on_chip_1=37000|G3D=35000|cp_on_chip_2=37000|cp_on_chip_3=35000|cp_on_chip_4=35000|rf2_therm=33000|rf1_therm=34000|ISP=34000|TPU=35000|AUR=35000|rfpa_therm=30859|quiet_therm=31527|charging_therm=33397|,ok,39000,37000,0,37000,1,batched,touched,4096,1024,3,1,972046,1024,137817,0,4,4,ok
1,15,protected,4,648000,578000,38000,37000,BIG=36000|MID=36000|usb_pwr_therm=29546|btmspkr_therm=29502|disp_therm=29502|north_therm=29880|soc_therm=33330|battery=29700|battery_cycle=5|dc-mains=34000|usbc-therm-adc=340|max77779fg=29700|LITTLE=36000|soc=9|smpl_gm=0|vdroop1=0|batoilo=0|batoilo2=0|batt_vs=29693|mdis_morepower=0|thb_hda=51|cp_on_chip_0=36000|cp_on_chip_1=37000|G3D=35000|cp_on_chip_2=37000|cp_on_chip_3=35000|cp_on_chip_4=35000|rf2_therm=33000|rf1_therm=34000|ISP=34000|TPU=35000|AUR=34000|rfpa_therm=30837|quiet_therm=31505|charging_therm=33375|,BIG=36000|MID=36000|usb_pwr_therm=29546|btmspkr_therm=29502|disp_therm=29502|north_therm=29880|soc_therm=33330|battery=29700|battery_cycle=5|dc-mains=33500|usbc-therm-adc=335|max77779fg=29700|LITTLE=36000|soc=9|smpl_gm=0|vdroop1=0|batoilo=0|batoilo2=0|batt_vs=29693|mdis_morepower=0|thb_hda=51|cp_on_chip_0=36000|cp_on_chip_1=37000|G3D=35000|cp_on_chip_2=37000|cp_on_chip_3=35000|cp_on_chip_4=35000|rf2_therm=33000|rf1_therm=34000|ISP=34000|TPU=35000|AUR=35000|rfpa_therm=30859|quiet_therm=31527|charging_therm=33397|,ok,39000,37000,0,37000,1,batched,touched,4096,1024,4,1,928915,1024,128987,0,4,4,ok
1,15,protected,4,648000,578000,38000,37000,BIG=36000|MID=36000|usb_pwr_therm=29546|btmspkr_therm=29502|disp_therm=29502|north_therm=29880|soc_therm=33330|battery=29700|battery_cycle=5|dc-mains=34000|usbc-therm-adc=340|max77779fg=29700|LITTLE=36000|soc=9|smpl_gm=0|vdroop1=0|batoilo=0|batoilo2=0|batt_vs=29693|mdis_morepower=0|thb_hda=51|cp_on_chip_0=36000|cp_on_chip_1=37000|G3D=35000|cp_on_chip_2=37000|cp_on_chip_3=35000|cp_on_chip_4=35000|rf2_therm=33000|rf1_therm=34000|ISP=34000|TPU=35000|AUR=34000|rfpa_therm=30837|quiet_therm=31505|charging_therm=33375|,BIG=36000|MID=36000|usb_pwr_therm=29546|btmspkr_therm=29502|disp_therm=29502|north_therm=29880|soc_therm=33330|battery=29700|battery_cycle=5|dc-mains=33500|usbc-therm-adc=335|max77779fg=29700|LITTLE=36000|soc=9|smpl_gm=0|vdroop1=0|batoilo=0|batoilo2=0|batt_vs=29693|mdis_morepower=0|thb_hda=51|cp_on_chip_0=36000|cp_on_chip_1=37000|G3D=35000|cp_on_chip_2=37000|cp_on_chip_3=35000|cp_on_chip_4=35000|rf2_therm=33000|rf1_therm=34000|ISP=34000|TPU=35000|AUR=35000|rfpa_therm=30859|quiet_therm=31527|charging_therm=33397|,ok,39000,37000,0,37000,1,batched,touched,4096,1024,5,1,948283,1024,114665,0,4,4,ok
1,15,protected,4,648000,578000,38000,37000,BIG=36000|MID=36000|usb_pwr_therm=29546|btmspkr_therm=29502|disp_therm=29502|north_therm=29880|soc_therm=33330|battery=29700|battery_cycle=5|dc-mains=34000|usbc-therm-adc=340|max77779fg=29700|LITTLE=36000|soc=9|smpl_gm=0|vdroop1=0|batoilo=0|batoilo2=0|batt_vs=29693|mdis_morepower=0|thb_hda=51|cp_on_chip_0=36000|cp_on_chip_1=37000|G3D=35000|cp_on_chip_2=37000|cp_on_chip_3=35000|cp_on_chip_4=35000|rf2_therm=33000|rf1_therm=34000|ISP=34000|TPU=35000|AUR=34000|rfpa_therm=30837|quiet_therm=31505|charging_therm=33375|,BIG=36000|MID=36000|usb_pwr_therm=29546|btmspkr_therm=29502|disp_therm=29502|north_therm=29880|soc_therm=33330|battery=29700|battery_cycle=5|dc-mains=33500|usbc-therm-adc=335|max77779fg=29700|LITTLE=36000|soc=9|smpl_gm=0|vdroop1=0|batoilo=0|batoilo2=0|batt_vs=29693|mdis_morepower=0|thb_hda=51|cp_on_chip_0=36000|cp_on_chip_1=37000|G3D=35000|cp_on_chip_2=37000|cp_on_chip_3=35000|cp_on_chip_4=35000|rf2_therm=33000|rf1_therm=34000|ISP=34000|TPU=35000|AUR=35000|rfpa_therm=30859|quiet_therm=31527|charging_therm=33397|,ok,39000,37000,0,37000,1,batched,touched,4096,1024,6,1,937704,1024,117513,0,4,4,ok
1,15,protected,4,648000,578000,38000,37000,BIG=36000|MID=36000|usb_pwr_therm=29546|btmspkr_therm=29502|disp_therm=29502|north_therm=29880|soc_therm=33330|battery=29700|battery_cycle=5|dc-mains=34000|usbc-therm-adc=340|max77779fg=29700|LITTLE=36000|soc=9|smpl_gm=0|vdroop1=0|batoilo=0|batoilo2=0|batt_vs=29693|mdis_morepower=0|thb_hda=51|cp_on_chip_0=36000|cp_on_chip_1=37000|G3D=35000|cp_on_chip_2=37000|cp_on_chip_3=35000|cp_on_chip_4=35000|rf2_therm=33000|rf1_therm=34000|ISP=34000|TPU=35000|AUR=34000|rfpa_therm=30837|quiet_therm=31505|charging_therm=33375|,BIG=36000|MID=36000|usb_pwr_therm=29546|btmspkr_therm=29502|disp_therm=29502|north_therm=29880|soc_therm=33330|battery=29700|battery_cycle=5|dc-mains=33500|usbc-therm-adc=335|max77779fg=29700|LITTLE=36000|soc=9|smpl_gm=0|vdroop1=0|batoilo=0|batoilo2=0|batt_vs=29693|mdis_morepower=0|thb_hda=51|cp_on_chip_0=36000|cp_on_chip_1=37000|G3D=35000|cp_on_chip_2=37000|cp_on_chip_3=35000|cp_on_chip_4=35000|rf2_therm=33000|rf1_therm=34000|ISP=34000|TPU=35000|AUR=35000|rfpa_therm=30859|quiet_therm=31527|charging_therm=33397|,ok,39000,37000,0,37000,1,batched,touched,4096,1024,7,1,918823,1024,115153,0,4,4,ok
1,15,protected,4,648000,578000,38000,37000,BIG=36000|MID=36000|usb_pwr_therm=29546|btmspkr_therm=29502|disp_therm=29502|north_therm=29880|soc_therm=33330|battery=29700|battery_cycle=5|dc-mains=34000|usbc-therm-adc=340|max77779fg=29700|LITTLE=36000|soc=9|smpl_gm=0|vdroop1=0|batoilo=0|batoilo2=0|batt_vs=29693|mdis_morepower=0|thb_hda=51|cp_on_chip_0=36000|cp_on_chip_1=37000|G3D=35000|cp_on_chip_2=37000|cp_on_chip_3=35000|cp_on_chip_4=35000|rf2_therm=33000|rf1_therm=34000|ISP=34000|TPU=35000|AUR=34000|rfpa_therm=30837|quiet_therm=31505|charging_therm=33375|,BIG=36000|MID=36000|usb_pwr_therm=29546|btmspkr_therm=29502|disp_therm=29502|north_therm=29880|soc_therm=33330|battery=29700|battery_cycle=5|dc-mains=33500|usbc-therm-adc=335|max77779fg=29700|LITTLE=36000|soc=9|smpl_gm=0|vdroop1=0|batoilo=0|batoilo2=0|batt_vs=29693|mdis_morepower=0|thb_hda=51|cp_on_chip_0=36000|cp_on_chip_1=37000|G3D=35000|cp_on_chip_2=37000|cp_on_chip_3=35000|cp_on_chip_4=35000|rf2_therm=33000|rf1_therm=34000|ISP=34000|TPU=35000|AUR=35000|rfpa_therm=30859|quiet_therm=31527|charging_therm=33397|,ok,39000,37000,0,37000,1,batched,touched,4096,1024,8,1,916137,1024,113647,0,4,4,ok
1,15,protected,4,648000,578000,38000,37000,BIG=36000|MID=36000|usb_pwr_therm=29546|btmspkr_therm=29502|disp_therm=29502|north_therm=29880|soc_therm=33330|battery=29700|battery_cycle=5|dc-mains=34000|usbc-therm-adc=340|max77779fg=29700|LITTLE=36000|soc=9|smpl_gm=0|vdroop1=0|batoilo=0|batoilo2=0|batt_vs=29693|mdis_morepower=0|thb_hda=51|cp_on_chip_0=36000|cp_on_chip_1=37000|G3D=35000|cp_on_chip_2=37000|cp_on_chip_3=35000|cp_on_chip_4=35000|rf2_therm=33000|rf1_therm=34000|ISP=34000|TPU=35000|AUR=34000|rfpa_therm=30837|quiet_therm=31505|charging_therm=33375|,BIG=36000|MID=36000|usb_pwr_therm=29546|btmspkr_therm=29502|disp_therm=29502|north_therm=29880|soc_therm=33330|battery=29700|battery_cycle=5|dc-mains=33500|usbc-therm-adc=335|max77779fg=29700|LITTLE=36000|soc=9|smpl_gm=0|vdroop1=0|batoilo=0|batoilo2=0|batt_vs=29693|mdis_morepower=0|thb_hda=51|cp_on_chip_0=36000|cp_on_chip_1=37000|G3D=35000|cp_on_chip_2=37000|cp_on_chip_3=35000|cp_on_chip_4=35000|rf2_therm=33000|rf1_therm=34000|ISP=34000|TPU=35000|AUR=35000|rfpa_therm=30859|quiet_therm=31527|charging_therm=33397|,ok,39000,37000,0,37000,1,batched,touched,4096,1024,9,1,972331,1024,139648,0,4,4,ok
1,15,protected,4,648000,578000,38000,37000,BIG=36000|MID=36000|usb_pwr_therm=29546|btmspkr_therm=29502|disp_therm=29502|north_therm=29880|soc_therm=33330|battery=29700|battery_cycle=5|dc-mains=34000|usbc-therm-adc=340|max77779fg=29700|LITTLE=36000|soc=9|smpl_gm=0|vdroop1=0|batoilo=0|batoilo2=0|batt_vs=29693|mdis_morepower=0|thb_hda=51|cp_on_chip_0=36000|cp_on_chip_1=37000|G3D=35000|cp_on_chip_2=37000|cp_on_chip_3=35000|cp_on_chip_4=35000|rf2_therm=33000|rf1_therm=34000|ISP=34000|TPU=35000|AUR=34000|rfpa_therm=30837|quiet_therm=31505|charging_therm=33375|,BIG=36000|MID=36000|usb_pwr_therm=29546|btmspkr_therm=29502|disp_therm=29502|north_therm=29880|soc_therm=33330|battery=29700|battery_cycle=5|dc-mains=33500|usbc-therm-adc=335|max77779fg=29700|LITTLE=36000|soc=9|smpl_gm=0|vdroop1=0|batoilo=0|batoilo2=0|batt_vs=29693|mdis_morepower=0|thb_hda=51|cp_on_chip_0=36000|cp_on_chip_1=37000|G3D=35000|cp_on_chip_2=37000|cp_on_chip_3=35000|cp_on_chip_4=35000|rf2_therm=33000|rf1_therm=34000|ISP=34000|TPU=35000|AUR=35000|rfpa_therm=30859|quiet_therm=31527|charging_therm=33397|,ok,39000,37000,0,37000,1,batched,touched,4096,1024,10,1,966309,1024,115438,0,4,4,ok
1,15,protected,4,648000,578000,38000,37000,BIG=36000|MID=36000|usb_pwr_therm=29546|btmspkr_therm=29502|disp_therm=29502|north_therm=29880|soc_therm=33330|battery=29700|battery_cycle=5|dc-mains=34000|usbc-therm-adc=340|max77779fg=29700|LITTLE=36000|soc=9|smpl_gm=0|vdroop1=0|batoilo=0|batoilo2=0|batt_vs=29693|mdis_morepower=0|thb_hda=51|cp_on_chip_0=36000|cp_on_chip_1=37000|G3D=35000|cp_on_chip_2=37000|cp_on_chip_3=35000|cp_on_chip_4=35000|rf2_therm=33000|rf1_therm=34000|ISP=34000|TPU=35000|AUR=34000|rfpa_therm=30837|quiet_therm=31505|charging_therm=33375|,BIG=36000|MID=36000|usb_pwr_therm=29546|btmspkr_therm=29502|disp_therm=29502|north_therm=29880|soc_therm=33330|battery=29700|battery_cycle=5|dc-mains=33500|usbc-therm-adc=335|max77779fg=29700|LITTLE=36000|soc=9|smpl_gm=0|vdroop1=0|batoilo=0|batoilo2=0|batt_vs=29693|mdis_morepower=0|thb_hda=51|cp_on_chip_0=36000|cp_on_chip_1=37000|G3D=35000|cp_on_chip_2=37000|cp_on_chip_3=35000|cp_on_chip_4=35000|rf2_therm=33000|rf1_therm=34000|ISP=34000|TPU=35000|AUR=35000|rfpa_therm=30859|quiet_therm=31527|charging_therm=33397|,ok,39000,37000,0,37000,1,batched,touched,4096,1024,11,1,977742,1024,114135,0,4,4,ok
1,15,protected,4,648000,578000,38000,37000,BIG=36000|MID=36000|usb_pwr_therm=29546|btmspkr_therm=29502|disp_therm=29502|north_therm=29880|soc_therm=33330|battery=29700|battery_cycle=5|dc-mains=34000|usbc-therm-adc=340|max77779fg=29700|LITTLE=36000|soc=9|smpl_gm=0|vdroop1=0|batoilo=0|batoilo2=0|batt_vs=29693|mdis_morepower=0|thb_hda=51|cp_on_chip_0=36000|cp_on_chip_1=37000|G3D=35000|cp_on_chip_2=37000|cp_on_chip_3=35000|cp_on_chip_4=35000|rf2_therm=33000|rf1_therm=34000|ISP=34000|TPU=35000|AUR=34000|rfpa_therm=30837|quiet_therm=31505|charging_therm=33375|,BIG=36000|MID=36000|usb_pwr_therm=29546|btmspkr_therm=29502|disp_therm=29502|north_therm=29880|soc_therm=33330|battery=29700|battery_cycle=5|dc-mains=33500|usbc-therm-adc=335|max77779fg=29700|LITTLE=36000|soc=9|smpl_gm=0|vdroop1=0|batoilo=0|batoilo2=0|batt_vs=29693|mdis_morepower=0|thb_hda=51|cp_on_chip_0=36000|cp_on_chip_1=37000|G3D=35000|cp_on_chip_2=37000|cp_on_chip_3=35000|cp_on_chip_4=35000|rf2_therm=33000|rf1_therm=34000|ISP=34000|TPU=35000|AUR=35000|rfpa_therm=30859|quiet_therm=31527|charging_therm=33397|,ok,39000,37000,0,37000,1,batched,touched,4096,1024,12,1,965414,1024,153808,0,4,4,ok
1,15,protected,4,648000,578000,38000,37000,BIG=36000|MID=36000|usb_pwr_therm=29546|btmspkr_therm=29502|disp_therm=29502|north_therm=29880|soc_therm=33330|battery=29700|battery_cycle=5|dc-mains=34000|usbc-therm-adc=340|max77779fg=29700|LITTLE=36000|soc=9|smpl_gm=0|vdroop1=0|batoilo=0|batoilo2=0|batt_vs=29693|mdis_morepower=0|thb_hda=51|cp_on_chip_0=36000|cp_on_chip_1=37000|G3D=35000|cp_on_chip_2=37000|cp_on_chip_3=35000|cp_on_chip_4=35000|rf2_therm=33000|rf1_therm=34000|ISP=34000|TPU=35000|AUR=34000|rfpa_therm=30837|quiet_therm=31505|charging_therm=33375|,BIG=36000|MID=36000|usb_pwr_therm=29546|btmspkr_therm=29502|disp_therm=29502|north_therm=29880|soc_therm=33330|battery=29700|battery_cycle=5|dc-mains=33500|usbc-therm-adc=335|max77779fg=29700|LITTLE=36000|soc=9|smpl_gm=0|vdroop1=0|batoilo=0|batoilo2=0|batt_vs=29693|mdis_morepower=0|thb_hda=51|cp_on_chip_0=36000|cp_on_chip_1=37000|G3D=35000|cp_on_chip_2=37000|cp_on_chip_3=35000|cp_on_chip_4=35000|rf2_therm=33000|rf1_therm=34000|ISP=34000|TPU=35000|AUR=35000|rfpa_therm=30859|quiet_therm=31527|charging_therm=33397|,ok,39000,37000,0,37000,1,batched,touched,4096,1024,13,1,967082,1024,114584,0,4,4,ok
1,15,protected,4,648000,578000,38000,37000,BIG=36000|MID=36000|usb_pwr_therm=29546|btmspkr_therm=29502|disp_therm=29502|north_therm=29880|soc_therm=33330|battery=29700|battery_cycle=5|dc-mains=34000|usbc-therm-adc=340|max77779fg=29700|LITTLE=36000|soc=9|smpl_gm=0|vdroop1=0|batoilo=0|batoilo2=0|batt_vs=29693|mdis_morepower=0|thb_hda=51|cp_on_chip_0=36000|cp_on_chip_1=37000|G3D=35000|cp_on_chip_2=37000|cp_on_chip_3=35000|cp_on_chip_4=35000|rf2_therm=33000|rf1_therm=34000|ISP=34000|TPU=35000|AUR=34000|rfpa_therm=30837|quiet_therm=31505|charging_therm=33375|,BIG=36000|MID=36000|usb_pwr_therm=29546|btmspkr_therm=29502|disp_therm=29502|north_therm=29880|soc_therm=33330|battery=29700|battery_cycle=5|dc-mains=33500|usbc-therm-adc=335|max77779fg=29700|LITTLE=36000|soc=9|smpl_gm=0|vdroop1=0|batoilo=0|batoilo2=0|batt_vs=29693|mdis_morepower=0|thb_hda=51|cp_on_chip_0=36000|cp_on_chip_1=37000|G3D=35000|cp_on_chip_2=37000|cp_on_chip_3=35000|cp_on_chip_4=35000|rf2_therm=33000|rf1_therm=34000|ISP=34000|TPU=35000|AUR=35000|rfpa_therm=30859|quiet_therm=31527|charging_therm=33397|,ok,39000,37000,0,37000,1,batched,touched,4096,1024,14,1,967814,1024,114828,0,4,4,ok
1,15,protected,4,648000,578000,38000,37000,BIG=36000|MID=36000|usb_pwr_therm=29546|btmspkr_therm=29502|disp_therm=29502|north_therm=29880|soc_therm=33330|battery=29700|battery_cycle=5|dc-mains=34000|usbc-therm-adc=340|max77779fg=29700|LITTLE=36000|soc=9|smpl_gm=0|vdroop1=0|batoilo=0|batoilo2=0|batt_vs=29693|mdis_morepower=0|thb_hda=51|cp_on_chip_0=36000|cp_on_chip_1=37000|G3D=35000|cp_on_chip_2=37000|cp_on_chip_3=35000|cp_on_chip_4=35000|rf2_therm=33000|rf1_therm=34000|ISP=34000|TPU=35000|AUR=34000|rfpa_therm=30837|quiet_therm=31505|charging_therm=33375|,BIG=36000|MID=36000|usb_pwr_therm=29546|btmspkr_therm=29502|disp_therm=29502|north_therm=29880|soc_therm=33330|battery=29700|battery_cycle=5|dc-mains=33500|usbc-therm-adc=335|max77779fg=29700|LITTLE=36000|soc=9|smpl_gm=0|vdroop1=0|batoilo=0|batoilo2=0|batt_vs=29693|mdis_morepower=0|thb_hda=51|cp_on_chip_0=36000|cp_on_chip_1=37000|G3D=35000|cp_on_chip_2=37000|cp_on_chip_3=35000|cp_on_chip_4=35000|rf2_therm=33000|rf1_therm=34000|ISP=34000|TPU=35000|AUR=35000|rfpa_therm=30859|quiet_therm=31527|charging_therm=33397|,ok,39000,37000,0,37000,1,batched,touched,4096,1024,15,1,961426,1024,112997,0,4,4,ok
1,15,protected,4,648000,578000,38000,37000,BIG=36000|MID=36000|usb_pwr_therm=29546|btmspkr_therm=29502|disp_therm=29502|north_therm=29880|soc_therm=33330|battery=29700|battery_cycle=5|dc-mains=34000|usbc-therm-adc=340|max77779fg=29700|LITTLE=36000|soc=9|smpl_gm=0|vdroop1=0|batoilo=0|batoilo2=0|batt_vs=29693|mdis_morepower=0|thb_hda=51|cp_on_chip_0=36000|cp_on_chip_1=37000|G3D=35000|cp_on_chip_2=37000|cp_on_chip_3=35000|cp_on_chip_4=35000|rf2_therm=33000|rf1_therm=34000|ISP=34000|TPU=35000|AUR=34000|rfpa_therm=30837|quiet_therm=31505|charging_therm=33375|,BIG=36000|MID=36000|usb_pwr_therm=29546|btmspkr_therm=29502|disp_therm=29502|north_therm=29880|soc_therm=33330|battery=29700|battery_cycle=5|dc-mains=33500|usbc-therm-adc=335|max77779fg=29700|LITTLE=36000|soc=9|smpl_gm=0|vdroop1=0|batoilo=0|batoilo2=0|batt_vs=29693|mdis_morepower=0|thb_hda=51|cp_on_chip_0=36000|cp_on_chip_1=37000|G3D=35000|cp_on_chip_2=37000|cp_on_chip_3=35000|cp_on_chip_4=35000|rf2_therm=33000|rf1_therm=34000|ISP=34000|TPU=35000|AUR=35000|rfpa_therm=30859|quiet_therm=31527|charging_therm=33397|,ok,39000,37000,0,37000,1,batched,touched,4096,1024,16,1,999715,1024,113403,0,4,4,ok
1,15,protected,4,648000,578000,38000,37000,BIG=36000|MID=36000|usb_pwr_therm=29546|btmspkr_therm=29502|disp_therm=29502|north_therm=29880|soc_therm=33330|battery=29700|battery_cycle=5|dc-mains=34000|usbc-therm-adc=340|max77779fg=29700|LITTLE=36000|soc=9|smpl_gm=0|vdroop1=0|batoilo=0|batoilo2=0|batt_vs=29693|mdis_morepower=0|thb_hda=51|cp_on_chip_0=36000|cp_on_chip_1=37000|G3D=35000|cp_on_chip_2=37000|cp_on_chip_3=35000|cp_on_chip_4=35000|rf2_therm=33000|rf1_therm=34000|ISP=34000|TPU=35000|AUR=34000|rfpa_therm=30837|quiet_therm=31505|charging_therm=33375|,BIG=36000|MID=36000|usb_pwr_therm=29546|btmspkr_therm=29502|disp_therm=29502|north_therm=29880|soc_therm=33330|battery=29700|battery_cycle=5|dc-mains=33500|usbc-therm-adc=335|max77779fg=29700|LITTLE=36000|soc=9|smpl_gm=0|vdroop1=0|batoilo=0|batoilo2=0|batt_vs=29693|mdis_morepower=0|thb_hda=51|cp_on_chip_0=36000|cp_on_chip_1=37000|G3D=35000|cp_on_chip_2=37000|cp_on_chip_3=35000|cp_on_chip_4=35000|rf2_therm=33000|rf1_therm=34000|ISP=34000|TPU=35000|AUR=35000|rfpa_therm=30859|quiet_therm=31527|charging_therm=33397|,ok,39000,37000,0,37000,1,batched,touched,4096,1024,17,1,971639,1024,112671,0,4,4,ok
1,15,protected,4,648000,578000,38000,37000,BIG=36000|MID=36000|usb_pwr_therm=29546|btmspkr_therm=29502|disp_therm=29502|north_therm=29880|soc_therm=33330|battery=29700|battery_cycle=5|dc-mains=34000|usbc-therm-adc=340|max77779fg=29700|LITTLE=36000|soc=9|smpl_gm=0|vdroop1=0|batoilo=0|batoilo2=0|batt_vs=29693|mdis_morepower=0|thb_hda=51|cp_on_chip_0=36000|cp_on_chip_1=37000|G3D=35000|cp_on_chip_2=37000|cp_on_chip_3=35000|cp_on_chip_4=35000|rf2_therm=33000|rf1_therm=34000|ISP=34000|TPU=35000|AUR=34000|rfpa_therm=30837|quiet_therm=31505|charging_therm=33375|,BIG=36000|MID=36000|usb_pwr_therm=29546|btmspkr_therm=29502|disp_therm=29502|north_therm=29880|soc_therm=33330|battery=29700|battery_cycle=5|dc-mains=33500|usbc-therm-adc=335|max77779fg=29700|LITTLE=36000|soc=9|smpl_gm=0|vdroop1=0|batoilo=0|batoilo2=0|batt_vs=29693|mdis_morepower=0|thb_hda=51|cp_on_chip_0=36000|cp_on_chip_1=37000|G3D=35000|cp_on_chip_2=37000|cp_on_chip_3=35000|cp_on_chip_4=35000|rf2_therm=33000|rf1_therm=34000|ISP=34000|TPU=35000|AUR=35000|rfpa_therm=30859|quiet_therm=31527|charging_therm=33397|,ok,39000,37000,0,37000,1,batched,touched,4096,1024,18,1,984049,1024,114258,0,4,4,ok
1,15,protected,4,648000,578000,38000,37000,BIG=36000|MID=36000|usb_pwr_therm=29546|btmspkr_therm=29502|disp_therm=29502|north_therm=29880|soc_therm=33330|battery=29700|battery_cycle=5|dc-mains=34000|usbc-therm-adc=340|max77779fg=29700|LITTLE=36000|soc=9|smpl_gm=0|vdroop1=0|batoilo=0|batoilo2=0|batt_vs=29693|mdis_morepower=0|thb_hda=51|cp_on_chip_0=36000|cp_on_chip_1=37000|G3D=35000|cp_on_chip_2=37000|cp_on_chip_3=35000|cp_on_chip_4=35000|rf2_therm=33000|rf1_therm=34000|ISP=34000|TPU=35000|AUR=34000|rfpa_therm=30837|quiet_therm=31505|charging_therm=33375|,BIG=36000|MID=36000|usb_pwr_therm=29546|btmspkr_therm=29502|disp_therm=29502|north_therm=29880|soc_therm=33330|battery=29700|battery_cycle=5|dc-mains=33500|usbc-therm-adc=335|max77779fg=29700|LITTLE=36000|soc=9|smpl_gm=0|vdroop1=0|batoilo=0|batoilo2=0|batt_vs=29693|mdis_morepower=0|thb_hda=51|cp_on_chip_0=36000|cp_on_chip_1=37000|G3D=35000|cp_on_chip_2=37000|cp_on_chip_3=35000|cp_on_chip_4=35000|rf2_therm=33000|rf1_therm=34000|ISP=34000|TPU=35000|AUR=35000|rfpa_therm=30859|quiet_therm=31527|charging_therm=33397|,ok,39000,37000,0,37000,1,batched,touched,4096,1024,19,1,974121,1024,111044,0,4,4,ok
1,15,protected,4,648000,578000,38000,37000,BIG=36000|MID=36000|usb_pwr_therm=29546|btmspkr_therm=29502|disp_therm=29502|north_therm=29880|soc_therm=33330|battery=29700|battery_cycle=5|dc-mains=34000|usbc-therm-adc=340|max77779fg=29700|LITTLE=36000|soc=9|smpl_gm=0|vdroop1=0|batoilo=0|batoilo2=0|batt_vs=29693|mdis_morepower=0|thb_hda=51|cp_on_chip_0=36000|cp_on_chip_1=37000|G3D=35000|cp_on_chip_2=37000|cp_on_chip_3=35000|cp_on_chip_4=35000|rf2_therm=33000|rf1_therm=34000|ISP=34000|TPU=35000|AUR=34000|rfpa_therm=30837|quiet_therm=31505|charging_therm=33375|,BIG=36000|MID=36000|usb_pwr_therm=29546|btmspkr_therm=29502|disp_therm=29502|north_therm=29880|soc_therm=33330|battery=29700|battery_cycle=5|dc-mains=33500|usbc-therm-adc=335|max77779fg=29700|LITTLE=36000|soc=9|smpl_gm=0|vdroop1=0|batoilo=0|batoilo2=0|batt_vs=29693|mdis_morepower=0|thb_hda=51|cp_on_chip_0=36000|cp_on_chip_1=37000|G3D=35000|cp_on_chip_2=37000|cp_on_chip_3=35000|cp_on_chip_4=35000|rf2_therm=33000|rf1_therm=34000|ISP=34000|TPU=35000|AUR=35000|rfpa_therm=30859|quiet_therm=31527|charging_therm=33397|,ok,39000,37000,0,37000,1,batched,touched,4096,1024,20,1,1012696,1024,114176,0,4,4,ok
1,15,protected,4,648000,578000,38000,37000,BIG=36000|MID=36000|usb_pwr_therm=29546|btmspkr_therm=29502|disp_therm=29502|north_therm=29880|soc_therm=33330|battery=29700|battery_cycle=5|dc-mains=34000|usbc-therm-adc=340|max77779fg=29700|LITTLE=36000|soc=9|smpl_gm=0|vdroop1=0|batoilo=0|batoilo2=0|batt_vs=29693|mdis_morepower=0|thb_hda=51|cp_on_chip_0=36000|cp_on_chip_1=37000|G3D=35000|cp_on_chip_2=37000|cp_on_chip_3=35000|cp_on_chip_4=35000|rf2_therm=33000|rf1_therm=34000|ISP=34000|TPU=35000|AUR=34000|rfpa_therm=30837|quiet_therm=31505|charging_therm=33375|,BIG=36000|MID=36000|usb_pwr_therm=29546|btmspkr_therm=29502|disp_therm=29502|north_therm=29880|soc_therm=33330|battery=29700|battery_cycle=5|dc-mains=33500|usbc-therm-adc=335|max77779fg=29700|LITTLE=36000|soc=9|smpl_gm=0|vdroop1=0|batoilo=0|batoilo2=0|batt_vs=29693|mdis_morepower=0|thb_hda=51|cp_on_chip_0=36000|cp_on_chip_1=37000|G3D=35000|cp_on_chip_2=37000|cp_on_chip_3=35000|cp_on_chip_4=35000|rf2_therm=33000|rf1_therm=34000|ISP=34000|TPU=35000|AUR=35000|rfpa_therm=30859|quiet_therm=31527|charging_therm=33397|,ok,39000,37000,0,37000,1,batched,touched,4096,1024,21,1,968344,1024,114949,0,4,4,ok
1,15,protected,4,648000,578000,38000,37000,BIG=36000|MID=36000|usb_pwr_therm=29546|btmspkr_therm=29502|disp_therm=29502|north_therm=29880|soc_therm=33330|battery=29700|battery_cycle=5|dc-mains=34000|usbc-therm-adc=340|max77779fg=29700|LITTLE=36000|soc=9|smpl_gm=0|vdroop1=0|batoilo=0|batoilo2=0|batt_vs=29693|mdis_morepower=0|thb_hda=51|cp_on_chip_0=36000|cp_on_chip_1=37000|G3D=35000|cp_on_chip_2=37000|cp_on_chip_3=35000|cp_on_chip_4=35000|rf2_therm=33000|rf1_therm=34000|ISP=34000|TPU=35000|AUR=34000|rfpa_therm=30837|quiet_therm=31505|charging_therm=33375|,BIG=36000|MID=36000|usb_pwr_therm=29546|btmspkr_therm=29502|disp_therm=29502|north_therm=29880|soc_therm=33330|battery=29700|battery_cycle=5|dc-mains=33500|usbc-therm-adc=335|max77779fg=29700|LITTLE=36000|soc=9|smpl_gm=0|vdroop1=0|batoilo=0|batoilo2=0|batt_vs=29693|mdis_morepower=0|thb_hda=51|cp_on_chip_0=36000|cp_on_chip_1=37000|G3D=35000|cp_on_chip_2=37000|cp_on_chip_3=35000|cp_on_chip_4=35000|rf2_therm=33000|rf1_therm=34000|ISP=34000|TPU=35000|AUR=35000|rfpa_therm=30859|quiet_therm=31527|charging_therm=33397|,ok,39000,37000,0,37000,1,batched,touched,4096,1024,22,1,972127,1024,116333,0,4,4,ok
1,15,protected,4,648000,578000,38000,37000,BIG=36000|MID=36000|usb_pwr_therm=29546|btmspkr_therm=29502|disp_therm=29502|north_therm=29880|soc_therm=33330|battery=29700|battery_cycle=5|dc-mains=34000|usbc-therm-adc=340|max77779fg=29700|LITTLE=36000|soc=9|smpl_gm=0|vdroop1=0|batoilo=0|batoilo2=0|batt_vs=29693|mdis_morepower=0|thb_hda=51|cp_on_chip_0=36000|cp_on_chip_1=37000|G3D=35000|cp_on_chip_2=37000|cp_on_chip_3=35000|cp_on_chip_4=35000|rf2_therm=33000|rf1_therm=34000|ISP=34000|TPU=35000|AUR=34000|rfpa_therm=30837|quiet_therm=31505|charging_therm=33375|,BIG=36000|MID=36000|usb_pwr_therm=29546|btmspkr_therm=29502|disp_therm=29502|north_therm=29880|soc_therm=33330|battery=29700|battery_cycle=5|dc-mains=33500|usbc-therm-adc=335|max77779fg=29700|LITTLE=36000|soc=9|smpl_gm=0|vdroop1=0|batoilo=0|batoilo2=0|batt_vs=29693|mdis_morepower=0|thb_hda=51|cp_on_chip_0=36000|cp_on_chip_1=37000|G3D=35000|cp_on_chip_2=37000|cp_on_chip_3=35000|cp_on_chip_4=35000|rf2_therm=33000|rf1_therm=34000|ISP=34000|TPU=35000|AUR=35000|rfpa_therm=30859|quiet_therm=31527|charging_therm=33397|,ok,39000,37000,0,37000,1,batched,touched,4096,1024,23,1,1000692,1024,115764,0,4,4,ok
1,15,protected,4,648000,578000,38000,37000,BIG=36000|MID=36000|usb_pwr_therm=29546|btmspkr_therm=29502|disp_therm=29502|north_therm=29880|soc_therm=33330|battery=29700|battery_cycle=5|dc-mains=34000|usbc-therm-adc=340|max77779fg=29700|LITTLE=36000|soc=9|smpl_gm=0|vdroop1=0|batoilo=0|batoilo2=0|batt_vs=29693|mdis_morepower=0|thb_hda=51|cp_on_chip_0=36000|cp_on_chip_1=37000|G3D=35000|cp_on_chip_2=37000|cp_on_chip_3=35000|cp_on_chip_4=35000|rf2_therm=33000|rf1_therm=34000|ISP=34000|TPU=35000|AUR=34000|rfpa_therm=30837|quiet_therm=31505|charging_therm=33375|,BIG=36000|MID=36000|usb_pwr_therm=29546|btmspkr_therm=29502|disp_therm=29502|north_therm=29880|soc_therm=33330|battery=29700|battery_cycle=5|dc-mains=33500|usbc-therm-adc=335|max77779fg=29700|LITTLE=36000|soc=9|smpl_gm=0|vdroop1=0|batoilo=0|batoilo2=0|batt_vs=29693|mdis_morepower=0|thb_hda=51|cp_on_chip_0=36000|cp_on_chip_1=37000|G3D=35000|cp_on_chip_2=37000|cp_on_chip_3=35000|cp_on_chip_4=35000|rf2_therm=33000|rf1_therm=34000|ISP=34000|TPU=35000|AUR=35000|rfpa_therm=30859|quiet_therm=31527|charging_therm=33397|,ok,39000,37000,0,37000,1,batched,touched,4096,1024,24,1,971029,1024,116170,0,4,4,ok
1,15,protected,4,648000,578000,38000,37000,BIG=36000|MID=36000|usb_pwr_therm=29546|btmspkr_therm=29502|disp_therm=29502|north_therm=29880|soc_therm=33330|battery=29700|battery_cycle=5|dc-mains=34000|usbc-therm-adc=340|max77779fg=29700|LITTLE=36000|soc=9|smpl_gm=0|vdroop1=0|batoilo=0|batoilo2=0|batt_vs=29693|mdis_morepower=0|thb_hda=51|cp_on_chip_0=36000|cp_on_chip_1=37000|G3D=35000|cp_on_chip_2=37000|cp_on_chip_3=35000|cp_on_chip_4=35000|rf2_therm=33000|rf1_therm=34000|ISP=34000|TPU=35000|AUR=34000|rfpa_therm=30837|quiet_therm=31505|charging_therm=33375|,BIG=36000|MID=36000|usb_pwr_therm=29546|btmspkr_therm=29502|disp_therm=29502|north_therm=29880|soc_therm=33330|battery=29700|battery_cycle=5|dc-mains=33500|usbc-therm-adc=335|max77779fg=29700|LITTLE=36000|soc=9|smpl_gm=0|vdroop1=0|batoilo=0|batoilo2=0|batt_vs=29693|mdis_morepower=0|thb_hda=51|cp_on_chip_0=36000|cp_on_chip_1=37000|G3D=35000|cp_on_chip_2=37000|cp_on_chip_3=35000|cp_on_chip_4=35000|rf2_therm=33000|rf1_therm=34000|ISP=34000|TPU=35000|AUR=35000|rfpa_therm=30859|quiet_therm=31527|charging_therm=33397|,ok,39000,37000,0,37000,1,batched,touched,4096,1024,25,1,980510,1024,114909,0,4,4,ok
1,15,protected,4,648000,578000,38000,37000,BIG=36000|MID=36000|usb_pwr_therm=29546|btmspkr_therm=29502|disp_therm=29502|north_therm=29880|soc_therm=33330|battery=29700|battery_cycle=5|dc-mains=34000|usbc-therm-adc=340|max77779fg=29700|LITTLE=36000|soc=9|smpl_gm=0|vdroop1=0|batoilo=0|batoilo2=0|batt_vs=29693|mdis_morepower=0|thb_hda=51|cp_on_chip_0=36000|cp_on_chip_1=37000|G3D=35000|cp_on_chip_2=37000|cp_on_chip_3=35000|cp_on_chip_4=35000|rf2_therm=33000|rf1_therm=34000|ISP=34000|TPU=35000|AUR=34000|rfpa_therm=30837|quiet_therm=31505|charging_therm=33375|,BIG=36000|MID=36000|usb_pwr_therm=29546|btmspkr_therm=29502|disp_therm=29502|north_therm=29880|soc_therm=33330|battery=29700|battery_cycle=5|dc-mains=33500|usbc-therm-adc=335|max77779fg=29700|LITTLE=36000|soc=9|smpl_gm=0|vdroop1=0|batoilo=0|batoilo2=0|batt_vs=29693|mdis_morepower=0|thb_hda=51|cp_on_chip_0=36000|cp_on_chip_1=37000|G3D=35000|cp_on_chip_2=37000|cp_on_chip_3=35000|cp_on_chip_4=35000|rf2_therm=33000|rf1_therm=34000|ISP=34000|TPU=35000|AUR=35000|rfpa_therm=30859|quiet_therm=31527|charging_therm=33397|,ok,39000,37000,0,37000,1,batched,touched,4096,1024,26,1,974446,1024,109945,0,4,4,ok
1,15,protected,4,648000,578000,38000,37000,BIG=36000|MID=36000|usb_pwr_therm=29546|btmspkr_therm=29502|disp_therm=29502|north_therm=29880|soc_therm=33330|battery=29700|battery_cycle=5|dc-mains=34000|usbc-therm-adc=340|max77779fg=29700|LITTLE=36000|soc=9|smpl_gm=0|vdroop1=0|batoilo=0|batoilo2=0|batt_vs=29693|mdis_morepower=0|thb_hda=51|cp_on_chip_0=36000|cp_on_chip_1=37000|G3D=35000|cp_on_chip_2=37000|cp_on_chip_3=35000|cp_on_chip_4=35000|rf2_therm=33000|rf1_therm=34000|ISP=34000|TPU=35000|AUR=34000|rfpa_therm=30837|quiet_therm=31505|charging_therm=33375|,BIG=36000|MID=36000|usb_pwr_therm=29546|btmspkr_therm=29502|disp_therm=29502|north_therm=29880|soc_therm=33330|battery=29700|battery_cycle=5|dc-mains=33500|usbc-therm-adc=335|max77779fg=29700|LITTLE=36000|soc=9|smpl_gm=0|vdroop1=0|batoilo=0|batoilo2=0|batt_vs=29693|mdis_morepower=0|thb_hda=51|cp_on_chip_0=36000|cp_on_chip_1=37000|G3D=35000|cp_on_chip_2=37000|cp_on_chip_3=35000|cp_on_chip_4=35000|rf2_therm=33000|rf1_therm=34000|ISP=34000|TPU=35000|AUR=35000|rfpa_therm=30859|quiet_therm=31527|charging_therm=33397|,ok,39000,37000,0,37000,1,batched,touched,4096,1024,27,1,1011027,1024,116577,0,4,4,ok
1,15,protected,4,648000,578000,38000,37000,BIG=36000|MID=36000|usb_pwr_therm=29546|btmspkr_therm=29502|disp_therm=29502|north_therm=29880|soc_therm=33330|battery=29700|battery_cycle=5|dc-mains=34000|usbc-therm-adc=340|max77779fg=29700|LITTLE=36000|soc=9|smpl_gm=0|vdroop1=0|batoilo=0|batoilo2=0|batt_vs=29693|mdis_morepower=0|thb_hda=51|cp_on_chip_0=36000|cp_on_chip_1=37000|G3D=35000|cp_on_chip_2=37000|cp_on_chip_3=35000|cp_on_chip_4=35000|rf2_therm=33000|rf1_therm=34000|ISP=34000|TPU=35000|AUR=34000|rfpa_therm=30837|quiet_therm=31505|charging_therm=33375|,BIG=36000|MID=36000|usb_pwr_therm=29546|btmspkr_therm=29502|disp_therm=29502|north_therm=29880|soc_therm=33330|battery=29700|battery_cycle=5|dc-mains=33500|usbc-therm-adc=335|max77779fg=29700|LITTLE=36000|soc=9|smpl_gm=0|vdroop1=0|batoilo=0|batoilo2=0|batt_vs=29693|mdis_morepower=0|thb_hda=51|cp_on_chip_0=36000|cp_on_chip_1=37000|G3D=35000|cp_on_chip_2=37000|cp_on_chip_3=35000|cp_on_chip_4=35000|rf2_therm=33000|rf1_therm=34000|ISP=34000|TPU=35000|AUR=35000|rfpa_therm=30859|quiet_therm=31527|charging_therm=33397|,ok,39000,37000,0,37000,1,batched,touched,4096,1024,28,1,972005,1024,118449,0,4,4,ok
1,15,protected,4,648000,578000,38000,37000,BIG=36000|MID=36000|usb_pwr_therm=29546|btmspkr_therm=29502|disp_therm=29502|north_therm=29880|soc_therm=33330|battery=29700|battery_cycle=5|dc-mains=34000|usbc-therm-adc=340|max77779fg=29700|LITTLE=36000|soc=9|smpl_gm=0|vdroop1=0|batoilo=0|batoilo2=0|batt_vs=29693|mdis_morepower=0|thb_hda=51|cp_on_chip_0=36000|cp_on_chip_1=37000|G3D=35000|cp_on_chip_2=37000|cp_on_chip_3=35000|cp_on_chip_4=35000|rf2_therm=33000|rf1_therm=34000|ISP=34000|TPU=35000|AUR=34000|rfpa_therm=30837|quiet_therm=31505|charging_therm=33375|,BIG=36000|MID=36000|usb_pwr_therm=29546|btmspkr_therm=29502|disp_therm=29502|north_therm=29880|soc_therm=33330|battery=29700|battery_cycle=5|dc-mains=33500|usbc-therm-adc=335|max77779fg=29700|LITTLE=36000|soc=9|smpl_gm=0|vdroop1=0|batoilo=0|batoilo2=0|batt_vs=29693|mdis_morepower=0|thb_hda=51|cp_on_chip_0=36000|cp_on_chip_1=37000|G3D=35000|cp_on_chip_2=37000|cp_on_chip_3=35000|cp_on_chip_4=35000|rf2_therm=33000|rf1_therm=34000|ISP=34000|TPU=35000|AUR=35000|rfpa_therm=30859|quiet_therm=31527|charging_therm=33397|,ok,39000,37000,0,37000,1,batched,touched,4096,1024,29,1,967570,1024,112305,0,4,4,ok
1,16,protected,4,578000,648000,37000,37000,BIG=36000|MID=37000|usb_pwr_therm=29546|btmspkr_therm=29502|disp_therm=29502|north_therm=29902|soc_therm=33375|battery=29700|battery_cycle=5|dc-mains=33500|usbc-therm-adc=335|max77779fg=29700|LITTLE=36000|soc=8|smpl_gm=0|vdroop1=0|batoilo=0|batoilo2=0|batt_vs=29693|mdis_morepower=0|thb_hda=51|cp_on_chip_0=36000|cp_on_chip_1=37000|G3D=35000|cp_on_chip_2=37000|cp_on_chip_3=35000|cp_on_chip_4=35000|rf2_therm=33000|rf1_therm=34000|ISP=34000|TPU=35000|AUR=35000|rfpa_therm=30882|quiet_therm=31550|charging_therm=33419|,BIG=36000|MID=36000|usb_pwr_therm=29568|btmspkr_therm=29524|disp_therm=29524|north_therm=29925|soc_therm=33419|battery=29700|battery_cycle=5|dc-mains=34000|usbc-therm-adc=340|max77779fg=29700|LITTLE=36000|soc=8|smpl_gm=0|vdroop1=0|batoilo=0|batoilo2=0|batt_vs=29693|mdis_morepower=0|thb_hda=51|cp_on_chip_0=36000|cp_on_chip_1=37000|G3D=35000|cp_on_chip_2=37000|cp_on_chip_3=35000|cp_on_chip_4=35000|rf2_therm=33000|rf1_therm=34000|ISP=34000|TPU=35000|AUR=35000|rfpa_therm=30882|quiet_therm=31550|charging_therm=33419|,ok,39000,37000,0,37000,1,batched,untouched,4096,8192,0,1,12655,0,6185,0,4,4,ok
1,16,protected,4,578000,648000,37000,37000,BIG=36000|MID=37000|usb_pwr_therm=29546|btmspkr_therm=29502|disp_therm=29502|north_therm=29902|soc_therm=33375|battery=29700|battery_cycle=5|dc-mains=33500|usbc-therm-adc=335|max77779fg=29700|LITTLE=36000|soc=8|smpl_gm=0|vdroop1=0|batoilo=0|batoilo2=0|batt_vs=29693|mdis_morepower=0|thb_hda=51|cp_on_chip_0=36000|cp_on_chip_1=37000|G3D=35000|cp_on_chip_2=37000|cp_on_chip_3=35000|cp_on_chip_4=35000|rf2_therm=33000|rf1_therm=34000|ISP=34000|TPU=35000|AUR=35000|rfpa_therm=30882|quiet_therm=31550|charging_therm=33419|,BIG=36000|MID=36000|usb_pwr_therm=29568|btmspkr_therm=29524|disp_therm=29524|north_therm=29925|soc_therm=33419|battery=29700|battery_cycle=5|dc-mains=34000|usbc-therm-adc=340|max77779fg=29700|LITTLE=36000|soc=8|smpl_gm=0|vdroop1=0|batoilo=0|batoilo2=0|batt_vs=29693|mdis_morepower=0|thb_hda=51|cp_on_chip_0=36000|cp_on_chip_1=37000|G3D=35000|cp_on_chip_2=37000|cp_on_chip_3=35000|cp_on_chip_4=35000|rf2_therm=33000|rf1_therm=34000|ISP=34000|TPU=35000|AUR=35000|rfpa_therm=30882|quiet_therm=31550|charging_therm=33419|,ok,39000,37000,0,37000,1,batched,untouched,4096,8192,1,1,7609,0,1221,0,4,4,ok
1,16,protected,4,578000,648000,37000,37000,BIG=36000|MID=37000|usb_pwr_therm=29546|btmspkr_therm=29502|disp_therm=29502|north_therm=29902|soc_therm=33375|battery=29700|battery_cycle=5|dc-mains=33500|usbc-therm-adc=335|max77779fg=29700|LITTLE=36000|soc=8|smpl_gm=0|vdroop1=0|batoilo=0|batoilo2=0|batt_vs=29693|mdis_morepower=0|thb_hda=51|cp_on_chip_0=36000|cp_on_chip_1=37000|G3D=35000|cp_on_chip_2=37000|cp_on_chip_3=35000|cp_on_chip_4=35000|rf2_therm=33000|rf1_therm=34000|ISP=34000|TPU=35000|AUR=35000|rfpa_therm=30882|quiet_therm=31550|charging_therm=33419|,BIG=36000|MID=36000|usb_pwr_therm=29568|btmspkr_therm=29524|disp_therm=29524|north_therm=29925|soc_therm=33419|battery=29700|battery_cycle=5|dc-mains=34000|usbc-therm-adc=340|max77779fg=29700|LITTLE=36000|soc=8|smpl_gm=0|vdroop1=0|batoilo=0|batoilo2=0|batt_vs=29693|mdis_morepower=0|thb_hda=51|cp_on_chip_0=36000|cp_on_chip_1=37000|G3D=35000|cp_on_chip_2=37000|cp_on_chip_3=35000|cp_on_chip_4=35000|rf2_therm=33000|rf1_therm=34000|ISP=34000|TPU=35000|AUR=35000|rfpa_therm=30882|quiet_therm=31550|charging_therm=33419|,ok,39000,37000,0,37000,1,batched,untouched,4096,8192,2,1,6592,0,1139,0,4,4,ok
1,16,protected,4,578000,648000,37000,37000,BIG=36000|MID=37000|usb_pwr_therm=29546|btmspkr_therm=29502|disp_therm=29502|north_therm=29902|soc_therm=33375|battery=29700|battery_cycle=5|dc-mains=33500|usbc-therm-adc=335|max77779fg=29700|LITTLE=36000|soc=8|smpl_gm=0|vdroop1=0|batoilo=0|batoilo2=0|batt_vs=29693|mdis_morepower=0|thb_hda=51|cp_on_chip_0=36000|cp_on_chip_1=37000|G3D=35000|cp_on_chip_2=37000|cp_on_chip_3=35000|cp_on_chip_4=35000|rf2_therm=33000|rf1_therm=34000|ISP=34000|TPU=35000|AUR=35000|rfpa_therm=30882|quiet_therm=31550|charging_therm=33419|,BIG=36000|MID=36000|usb_pwr_therm=29568|btmspkr_therm=29524|disp_therm=29524|north_therm=29925|soc_therm=33419|battery=29700|battery_cycle=5|dc-mains=34000|usbc-therm-adc=340|max77779fg=29700|LITTLE=36000|soc=8|smpl_gm=0|vdroop1=0|batoilo=0|batoilo2=0|batt_vs=29693|mdis_morepower=0|thb_hda=51|cp_on_chip_0=36000|cp_on_chip_1=37000|G3D=35000|cp_on_chip_2=37000|cp_on_chip_3=35000|cp_on_chip_4=35000|rf2_therm=33000|rf1_therm=34000|ISP=34000|TPU=35000|AUR=35000|rfpa_therm=30882|quiet_therm=31550|charging_therm=33419|,ok,39000,37000,0,37000,1,batched,untouched,4096,8192,3,1,6144,0,1180,0,4,4,ok
1,16,protected,4,578000,648000,37000,37000,BIG=36000|MID=37000|usb_pwr_therm=29546|btmspkr_therm=29502|disp_therm=29502|north_therm=29902|soc_therm=33375|battery=29700|battery_cycle=5|dc-mains=33500|usbc-therm-adc=335|max77779fg=29700|LITTLE=36000|soc=8|smpl_gm=0|vdroop1=0|batoilo=0|batoilo2=0|batt_vs=29693|mdis_morepower=0|thb_hda=51|cp_on_chip_0=36000|cp_on_chip_1=37000|G3D=35000|cp_on_chip_2=37000|cp_on_chip_3=35000|cp_on_chip_4=35000|rf2_therm=33000|rf1_therm=34000|ISP=34000|TPU=35000|AUR=35000|rfpa_therm=30882|quiet_therm=31550|charging_therm=33419|,BIG=36000|MID=36000|usb_pwr_therm=29568|btmspkr_therm=29524|disp_therm=29524|north_therm=29925|soc_therm=33419|battery=29700|battery_cycle=5|dc-mains=34000|usbc-therm-adc=340|max77779fg=29700|LITTLE=36000|soc=8|smpl_gm=0|vdroop1=0|batoilo=0|batoilo2=0|batt_vs=29693|mdis_morepower=0|thb_hda=51|cp_on_chip_0=36000|cp_on_chip_1=37000|G3D=35000|cp_on_chip_2=37000|cp_on_chip_3=35000|cp_on_chip_4=35000|rf2_therm=33000|rf1_therm=34000|ISP=34000|TPU=35000|AUR=35000|rfpa_therm=30882|quiet_therm=31550|charging_therm=33419|,ok,39000,37000,0,37000,1,batched,untouched,4096,8192,4,1,7039,0,1180,0,4,4,ok
1,16,protected,4,578000,648000,37000,37000,BIG=36000|MID=37000|usb_pwr_therm=29546|btmspkr_therm=29502|disp_therm=29502|north_therm=29902|soc_therm=33375|battery=29700|battery_cycle=5|dc-mains=33500|usbc-therm-adc=335|max77779fg=29700|LITTLE=36000|soc=8|smpl_gm=0|vdroop1=0|batoilo=0|batoilo2=0|batt_vs=29693|mdis_morepower=0|thb_hda=51|cp_on_chip_0=36000|cp_on_chip_1=37000|G3D=35000|cp_on_chip_2=37000|cp_on_chip_3=35000|cp_on_chip_4=35000|rf2_therm=33000|rf1_therm=34000|ISP=34000|TPU=35000|AUR=35000|rfpa_therm=30882|quiet_therm=31550|charging_therm=33419|,BIG=36000|MID=36000|usb_pwr_therm=29568|btmspkr_therm=29524|disp_therm=29524|north_therm=29925|soc_therm=33419|battery=29700|battery_cycle=5|dc-mains=34000|usbc-therm-adc=340|max77779fg=29700|LITTLE=36000|soc=8|smpl_gm=0|vdroop1=0|batoilo=0|batoilo2=0|batt_vs=29693|mdis_morepower=0|thb_hda=51|cp_on_chip_0=36000|cp_on_chip_1=37000|G3D=35000|cp_on_chip_2=37000|cp_on_chip_3=35000|cp_on_chip_4=35000|rf2_therm=33000|rf1_therm=34000|ISP=34000|TPU=35000|AUR=35000|rfpa_therm=30882|quiet_therm=31550|charging_therm=33419|,ok,39000,37000,0,37000,1,batched,untouched,4096,8192,5,1,5493,0,1140,0,4,4,ok
1,16,protected,4,578000,648000,37000,37000,BIG=36000|MID=37000|usb_pwr_therm=29546|btmspkr_therm=29502|disp_therm=29502|north_therm=29902|soc_therm=33375|battery=29700|battery_cycle=5|dc-mains=33500|usbc-therm-adc=335|max77779fg=29700|LITTLE=36000|soc=8|smpl_gm=0|vdroop1=0|batoilo=0|batoilo2=0|batt_vs=29693|mdis_morepower=0|thb_hda=51|cp_on_chip_0=36000|cp_on_chip_1=37000|G3D=35000|cp_on_chip_2=37000|cp_on_chip_3=35000|cp_on_chip_4=35000|rf2_therm=33000|rf1_therm=34000|ISP=34000|TPU=35000|AUR=35000|rfpa_therm=30882|quiet_therm=31550|charging_therm=33419|,BIG=36000|MID=36000|usb_pwr_therm=29568|btmspkr_therm=29524|disp_therm=29524|north_therm=29925|soc_therm=33419|battery=29700|battery_cycle=5|dc-mains=34000|usbc-therm-adc=340|max77779fg=29700|LITTLE=36000|soc=8|smpl_gm=0|vdroop1=0|batoilo=0|batoilo2=0|batt_vs=29693|mdis_morepower=0|thb_hda=51|cp_on_chip_0=36000|cp_on_chip_1=37000|G3D=35000|cp_on_chip_2=37000|cp_on_chip_3=35000|cp_on_chip_4=35000|rf2_therm=33000|rf1_therm=34000|ISP=34000|TPU=35000|AUR=35000|rfpa_therm=30882|quiet_therm=31550|charging_therm=33419|,ok,39000,37000,0,37000,1,batched,untouched,4096,8192,6,1,6145,0,1099,0,4,4,ok
1,16,protected,4,578000,648000,37000,37000,BIG=36000|MID=37000|usb_pwr_therm=29546|btmspkr_therm=29502|disp_therm=29502|north_therm=29902|soc_therm=33375|battery=29700|battery_cycle=5|dc-mains=33500|usbc-therm-adc=335|max77779fg=29700|LITTLE=36000|soc=8|smpl_gm=0|vdroop1=0|batoilo=0|batoilo2=0|batt_vs=29693|mdis_morepower=0|thb_hda=51|cp_on_chip_0=36000|cp_on_chip_1=37000|G3D=35000|cp_on_chip_2=37000|cp_on_chip_3=35000|cp_on_chip_4=35000|rf2_therm=33000|rf1_therm=34000|ISP=34000|TPU=35000|AUR=35000|rfpa_therm=30882|quiet_therm=31550|charging_therm=33419|,BIG=36000|MID=36000|usb_pwr_therm=29568|btmspkr_therm=29524|disp_therm=29524|north_therm=29925|soc_therm=33419|battery=29700|battery_cycle=5|dc-mains=34000|usbc-therm-adc=340|max77779fg=29700|LITTLE=36000|soc=8|smpl_gm=0|vdroop1=0|batoilo=0|batoilo2=0|batt_vs=29693|mdis_morepower=0|thb_hda=51|cp_on_chip_0=36000|cp_on_chip_1=37000|G3D=35000|cp_on_chip_2=37000|cp_on_chip_3=35000|cp_on_chip_4=35000|rf2_therm=33000|rf1_therm=34000|ISP=34000|TPU=35000|AUR=35000|rfpa_therm=30882|quiet_therm=31550|charging_therm=33419|,ok,39000,37000,0,37000,1,batched,untouched,4096,8192,7,1,6632,0,1098,0,4,4,ok
1,16,protected,4,578000,648000,37000,37000,BIG=36000|MID=37000|usb_pwr_therm=29546|btmspkr_therm=29502|disp_therm=29502|north_therm=29902|soc_therm=33375|battery=29700|battery_cycle=5|dc-mains=33500|usbc-therm-adc=335|max77779fg=29700|LITTLE=36000|soc=8|smpl_gm=0|vdroop1=0|batoilo=0|batoilo2=0|batt_vs=29693|mdis_morepower=0|thb_hda=51|cp_on_chip_0=36000|cp_on_chip_1=37000|G3D=35000|cp_on_chip_2=37000|cp_on_chip_3=35000|cp_on_chip_4=35000|rf2_therm=33000|rf1_therm=34000|ISP=34000|TPU=35000|AUR=35000|rfpa_therm=30882|quiet_therm=31550|charging_therm=33419|,BIG=36000|MID=36000|usb_pwr_therm=29568|btmspkr_therm=29524|disp_therm=29524|north_therm=29925|soc_therm=33419|battery=29700|battery_cycle=5|dc-mains=34000|usbc-therm-adc=340|max77779fg=29700|LITTLE=36000|soc=8|smpl_gm=0|vdroop1=0|batoilo=0|batoilo2=0|batt_vs=29693|mdis_morepower=0|thb_hda=51|cp_on_chip_0=36000|cp_on_chip_1=37000|G3D=35000|cp_on_chip_2=37000|cp_on_chip_3=35000|cp_on_chip_4=35000|rf2_therm=33000|rf1_therm=34000|ISP=34000|TPU=35000|AUR=35000|rfpa_therm=30882|quiet_therm=31550|charging_therm=33419|,ok,39000,37000,0,37000,1,batched,untouched,4096,8192,8,1,5209,0,1140,0,4,4,ok
1,16,protected,4,578000,648000,37000,37000,BIG=36000|MID=37000|usb_pwr_therm=29546|btmspkr_therm=29502|disp_therm=29502|north_therm=29902|soc_therm=33375|battery=29700|battery_cycle=5|dc-mains=33500|usbc-therm-adc=335|max77779fg=29700|LITTLE=36000|soc=8|smpl_gm=0|vdroop1=0|batoilo=0|batoilo2=0|batt_vs=29693|mdis_morepower=0|thb_hda=51|cp_on_chip_0=36000|cp_on_chip_1=37000|G3D=35000|cp_on_chip_2=37000|cp_on_chip_3=35000|cp_on_chip_4=35000|rf2_therm=33000|rf1_therm=34000|ISP=34000|TPU=35000|AUR=35000|rfpa_therm=30882|quiet_therm=31550|charging_therm=33419|,BIG=36000|MID=36000|usb_pwr_therm=29568|btmspkr_therm=29524|disp_therm=29524|north_therm=29925|soc_therm=33419|battery=29700|battery_cycle=5|dc-mains=34000|usbc-therm-adc=340|max77779fg=29700|LITTLE=36000|soc=8|smpl_gm=0|vdroop1=0|batoilo=0|batoilo2=0|batt_vs=29693|mdis_morepower=0|thb_hda=51|cp_on_chip_0=36000|cp_on_chip_1=37000|G3D=35000|cp_on_chip_2=37000|cp_on_chip_3=35000|cp_on_chip_4=35000|rf2_therm=33000|rf1_therm=34000|ISP=34000|TPU=35000|AUR=35000|rfpa_therm=30882|quiet_therm=31550|charging_therm=33419|,ok,39000,37000,0,37000,1,batched,untouched,4096,8192,9,1,5778,0,1139,0,4,4,ok
1,16,protected,4,578000,648000,37000,37000,BIG=36000|MID=37000|usb_pwr_therm=29546|btmspkr_therm=29502|disp_therm=29502|north_therm=29902|soc_therm=33375|battery=29700|battery_cycle=5|dc-mains=33500|usbc-therm-adc=335|max77779fg=29700|LITTLE=36000|soc=8|smpl_gm=0|vdroop1=0|batoilo=0|batoilo2=0|batt_vs=29693|mdis_morepower=0|thb_hda=51|cp_on_chip_0=36000|cp_on_chip_1=37000|G3D=35000|cp_on_chip_2=37000|cp_on_chip_3=35000|cp_on_chip_4=35000|rf2_therm=33000|rf1_therm=34000|ISP=34000|TPU=35000|AUR=35000|rfpa_therm=30882|quiet_therm=31550|charging_therm=33419|,BIG=36000|MID=36000|usb_pwr_therm=29568|btmspkr_therm=29524|disp_therm=29524|north_therm=29925|soc_therm=33419|battery=29700|battery_cycle=5|dc-mains=34000|usbc-therm-adc=340|max77779fg=29700|LITTLE=36000|soc=8|smpl_gm=0|vdroop1=0|batoilo=0|batoilo2=0|batt_vs=29693|mdis_morepower=0|thb_hda=51|cp_on_chip_0=36000|cp_on_chip_1=37000|G3D=35000|cp_on_chip_2=37000|cp_on_chip_3=35000|cp_on_chip_4=35000|rf2_therm=33000|rf1_therm=34000|ISP=34000|TPU=35000|AUR=35000|rfpa_therm=30882|quiet_therm=31550|charging_therm=33419|,ok,39000,37000,0,37000,1,batched,untouched,4096,8192,10,1,6592,0,1139,0,4,4,ok
1,16,protected,4,578000,648000,37000,37000,BIG=36000|MID=37000|usb_pwr_therm=29546|btmspkr_therm=29502|disp_therm=29502|north_therm=29902|soc_therm=33375|battery=29700|battery_cycle=5|dc-mains=33500|usbc-therm-adc=335|max77779fg=29700|LITTLE=36000|soc=8|smpl_gm=0|vdroop1=0|batoilo=0|batoilo2=0|batt_vs=29693|mdis_morepower=0|thb_hda=51|cp_on_chip_0=36000|cp_on_chip_1=37000|G3D=35000|cp_on_chip_2=37000|cp_on_chip_3=35000|cp_on_chip_4=35000|rf2_therm=33000|rf1_therm=34000|ISP=34000|TPU=35000|AUR=35000|rfpa_therm=30882|quiet_therm=31550|charging_therm=33419|,BIG=36000|MID=36000|usb_pwr_therm=29568|btmspkr_therm=29524|disp_therm=29524|north_therm=29925|soc_therm=33419|battery=29700|battery_cycle=5|dc-mains=34000|usbc-therm-adc=340|max77779fg=29700|LITTLE=36000|soc=8|smpl_gm=0|vdroop1=0|batoilo=0|batoilo2=0|batt_vs=29693|mdis_morepower=0|thb_hda=51|cp_on_chip_0=36000|cp_on_chip_1=37000|G3D=35000|cp_on_chip_2=37000|cp_on_chip_3=35000|cp_on_chip_4=35000|rf2_therm=33000|rf1_therm=34000|ISP=34000|TPU=35000|AUR=35000|rfpa_therm=30882|quiet_therm=31550|charging_therm=33419|,ok,39000,37000,0,37000,1,batched,untouched,4096,8192,11,1,6999,0,1099,0,4,4,ok
1,16,protected,4,578000,648000,37000,37000,BIG=36000|MID=37000|usb_pwr_therm=29546|btmspkr_therm=29502|disp_therm=29502|north_therm=29902|soc_therm=33375|battery=29700|battery_cycle=5|dc-mains=33500|usbc-therm-adc=335|max77779fg=29700|LITTLE=36000|soc=8|smpl_gm=0|vdroop1=0|batoilo=0|batoilo2=0|batt_vs=29693|mdis_morepower=0|thb_hda=51|cp_on_chip_0=36000|cp_on_chip_1=37000|G3D=35000|cp_on_chip_2=37000|cp_on_chip_3=35000|cp_on_chip_4=35000|rf2_therm=33000|rf1_therm=34000|ISP=34000|TPU=35000|AUR=35000|rfpa_therm=30882|quiet_therm=31550|charging_therm=33419|,BIG=36000|MID=36000|usb_pwr_therm=29568|btmspkr_therm=29524|disp_therm=29524|north_therm=29925|soc_therm=33419|battery=29700|battery_cycle=5|dc-mains=34000|usbc-therm-adc=340|max77779fg=29700|LITTLE=36000|soc=8|smpl_gm=0|vdroop1=0|batoilo=0|batoilo2=0|batt_vs=29693|mdis_morepower=0|thb_hda=51|cp_on_chip_0=36000|cp_on_chip_1=37000|G3D=35000|cp_on_chip_2=37000|cp_on_chip_3=35000|cp_on_chip_4=35000|rf2_therm=33000|rf1_therm=34000|ISP=34000|TPU=35000|AUR=35000|rfpa_therm=30882|quiet_therm=31550|charging_therm=33419|,ok,39000,37000,0,37000,1,batched,untouched,4096,8192,12,1,5738,0,1139,0,4,4,ok
1,16,protected,4,578000,648000,37000,37000,BIG=36000|MID=37000|usb_pwr_therm=29546|btmspkr_therm=29502|disp_therm=29502|north_therm=29902|soc_therm=33375|battery=29700|battery_cycle=5|dc-mains=33500|usbc-therm-adc=335|max77779fg=29700|LITTLE=36000|soc=8|smpl_gm=0|vdroop1=0|batoilo=0|batoilo2=0|batt_vs=29693|mdis_morepower=0|thb_hda=51|cp_on_chip_0=36000|cp_on_chip_1=37000|G3D=35000|cp_on_chip_2=37000|cp_on_chip_3=35000|cp_on_chip_4=35000|rf2_therm=33000|rf1_therm=34000|ISP=34000|TPU=35000|AUR=35000|rfpa_therm=30882|quiet_therm=31550|charging_therm=33419|,BIG=36000|MID=36000|usb_pwr_therm=29568|btmspkr_therm=29524|disp_therm=29524|north_therm=29925|soc_therm=33419|battery=29700|battery_cycle=5|dc-mains=34000|usbc-therm-adc=340|max77779fg=29700|LITTLE=36000|soc=8|smpl_gm=0|vdroop1=0|batoilo=0|batoilo2=0|batt_vs=29693|mdis_morepower=0|thb_hda=51|cp_on_chip_0=36000|cp_on_chip_1=37000|G3D=35000|cp_on_chip_2=37000|cp_on_chip_3=35000|cp_on_chip_4=35000|rf2_therm=33000|rf1_therm=34000|ISP=34000|TPU=35000|AUR=35000|rfpa_therm=30882|quiet_therm=31550|charging_therm=33419|,ok,39000,37000,0,37000,1,batched,untouched,4096,8192,13,1,7894,0,1139,0,4,4,ok
1,16,protected,4,578000,648000,37000,37000,BIG=36000|MID=37000|usb_pwr_therm=29546|btmspkr_therm=29502|disp_therm=29502|north_therm=29902|soc_therm=33375|battery=29700|battery_cycle=5|dc-mains=33500|usbc-therm-adc=335|max77779fg=29700|LITTLE=36000|soc=8|smpl_gm=0|vdroop1=0|batoilo=0|batoilo2=0|batt_vs=29693|mdis_morepower=0|thb_hda=51|cp_on_chip_0=36000|cp_on_chip_1=37000|G3D=35000|cp_on_chip_2=37000|cp_on_chip_3=35000|cp_on_chip_4=35000|rf2_therm=33000|rf1_therm=34000|ISP=34000|TPU=35000|AUR=35000|rfpa_therm=30882|quiet_therm=31550|charging_therm=33419|,BIG=36000|MID=36000|usb_pwr_therm=29568|btmspkr_therm=29524|disp_therm=29524|north_therm=29925|soc_therm=33419|battery=29700|battery_cycle=5|dc-mains=34000|usbc-therm-adc=340|max77779fg=29700|LITTLE=36000|soc=8|smpl_gm=0|vdroop1=0|batoilo=0|batoilo2=0|batt_vs=29693|mdis_morepower=0|thb_hda=51|cp_on_chip_0=36000|cp_on_chip_1=37000|G3D=35000|cp_on_chip_2=37000|cp_on_chip_3=35000|cp_on_chip_4=35000|rf2_therm=33000|rf1_therm=34000|ISP=34000|TPU=35000|AUR=35000|rfpa_therm=30882|quiet_therm=31550|charging_therm=33419|,ok,39000,37000,0,37000,1,batched,untouched,4096,8192,14,1,8057,0,1099,0,4,4,ok
1,16,protected,4,578000,648000,37000,37000,BIG=36000|MID=37000|usb_pwr_therm=29546|btmspkr_therm=29502|disp_therm=29502|north_therm=29902|soc_therm=33375|battery=29700|battery_cycle=5|dc-mains=33500|usbc-therm-adc=335|max77779fg=29700|LITTLE=36000|soc=8|smpl_gm=0|vdroop1=0|batoilo=0|batoilo2=0|batt_vs=29693|mdis_morepower=0|thb_hda=51|cp_on_chip_0=36000|cp_on_chip_1=37000|G3D=35000|cp_on_chip_2=37000|cp_on_chip_3=35000|cp_on_chip_4=35000|rf2_therm=33000|rf1_therm=34000|ISP=34000|TPU=35000|AUR=35000|rfpa_therm=30882|quiet_therm=31550|charging_therm=33419|,BIG=36000|MID=36000|usb_pwr_therm=29568|btmspkr_therm=29524|disp_therm=29524|north_therm=29925|soc_therm=33419|battery=29700|battery_cycle=5|dc-mains=34000|usbc-therm-adc=340|max77779fg=29700|LITTLE=36000|soc=8|smpl_gm=0|vdroop1=0|batoilo=0|batoilo2=0|batt_vs=29693|mdis_morepower=0|thb_hda=51|cp_on_chip_0=36000|cp_on_chip_1=37000|G3D=35000|cp_on_chip_2=37000|cp_on_chip_3=35000|cp_on_chip_4=35000|rf2_therm=33000|rf1_therm=34000|ISP=34000|TPU=35000|AUR=35000|rfpa_therm=30882|quiet_therm=31550|charging_therm=33419|,ok,39000,37000,0,37000,1,batched,untouched,4096,8192,15,1,5208,0,1140,0,4,4,ok
1,16,protected,4,578000,648000,37000,37000,BIG=36000|MID=37000|usb_pwr_therm=29546|btmspkr_therm=29502|disp_therm=29502|north_therm=29902|soc_therm=33375|battery=29700|battery_cycle=5|dc-mains=33500|usbc-therm-adc=335|max77779fg=29700|LITTLE=36000|soc=8|smpl_gm=0|vdroop1=0|batoilo=0|batoilo2=0|batt_vs=29693|mdis_morepower=0|thb_hda=51|cp_on_chip_0=36000|cp_on_chip_1=37000|G3D=35000|cp_on_chip_2=37000|cp_on_chip_3=35000|cp_on_chip_4=35000|rf2_therm=33000|rf1_therm=34000|ISP=34000|TPU=35000|AUR=35000|rfpa_therm=30882|quiet_therm=31550|charging_therm=33419|,BIG=36000|MID=36000|usb_pwr_therm=29568|btmspkr_therm=29524|disp_therm=29524|north_therm=29925|soc_therm=33419|battery=29700|battery_cycle=5|dc-mains=34000|usbc-therm-adc=340|max77779fg=29700|LITTLE=36000|soc=8|smpl_gm=0|vdroop1=0|batoilo=0|batoilo2=0|batt_vs=29693|mdis_morepower=0|thb_hda=51|cp_on_chip_0=36000|cp_on_chip_1=37000|G3D=35000|cp_on_chip_2=37000|cp_on_chip_3=35000|cp_on_chip_4=35000|rf2_therm=33000|rf1_therm=34000|ISP=34000|TPU=35000|AUR=35000|rfpa_therm=30882|quiet_therm=31550|charging_therm=33419|,ok,39000,37000,0,37000,1,batched,untouched,4096,8192,16,1,4964,0,1139,0,4,4,ok
1,16,protected,4,578000,648000,37000,37000,BIG=36000|MID=37000|usb_pwr_therm=29546|btmspkr_therm=29502|disp_therm=29502|north_therm=29902|soc_therm=33375|battery=29700|battery_cycle=5|dc-mains=33500|usbc-therm-adc=335|max77779fg=29700|LITTLE=36000|soc=8|smpl_gm=0|vdroop1=0|batoilo=0|batoilo2=0|batt_vs=29693|mdis_morepower=0|thb_hda=51|cp_on_chip_0=36000|cp_on_chip_1=37000|G3D=35000|cp_on_chip_2=37000|cp_on_chip_3=35000|cp_on_chip_4=35000|rf2_therm=33000|rf1_therm=34000|ISP=34000|TPU=35000|AUR=35000|rfpa_therm=30882|quiet_therm=31550|charging_therm=33419|,BIG=36000|MID=36000|usb_pwr_therm=29568|btmspkr_therm=29524|disp_therm=29524|north_therm=29925|soc_therm=33419|battery=29700|battery_cycle=5|dc-mains=34000|usbc-therm-adc=340|max77779fg=29700|LITTLE=36000|soc=8|smpl_gm=0|vdroop1=0|batoilo=0|batoilo2=0|batt_vs=29693|mdis_morepower=0|thb_hda=51|cp_on_chip_0=36000|cp_on_chip_1=37000|G3D=35000|cp_on_chip_2=37000|cp_on_chip_3=35000|cp_on_chip_4=35000|rf2_therm=33000|rf1_therm=34000|ISP=34000|TPU=35000|AUR=35000|rfpa_therm=30882|quiet_therm=31550|charging_therm=33419|,ok,39000,37000,0,37000,1,batched,untouched,4096,8192,17,1,5575,0,1099,0,4,4,ok
1,16,protected,4,578000,648000,37000,37000,BIG=36000|MID=37000|usb_pwr_therm=29546|btmspkr_therm=29502|disp_therm=29502|north_therm=29902|soc_therm=33375|battery=29700|battery_cycle=5|dc-mains=33500|usbc-therm-adc=335|max77779fg=29700|LITTLE=36000|soc=8|smpl_gm=0|vdroop1=0|batoilo=0|batoilo2=0|batt_vs=29693|mdis_morepower=0|thb_hda=51|cp_on_chip_0=36000|cp_on_chip_1=37000|G3D=35000|cp_on_chip_2=37000|cp_on_chip_3=35000|cp_on_chip_4=35000|rf2_therm=33000|rf1_therm=34000|ISP=34000|TPU=35000|AUR=35000|rfpa_therm=30882|quiet_therm=31550|charging_therm=33419|,BIG=36000|MID=36000|usb_pwr_therm=29568|btmspkr_therm=29524|disp_therm=29524|north_therm=29925|soc_therm=33419|battery=29700|battery_cycle=5|dc-mains=34000|usbc-therm-adc=340|max77779fg=29700|LITTLE=36000|soc=8|smpl_gm=0|vdroop1=0|batoilo=0|batoilo2=0|batt_vs=29693|mdis_morepower=0|thb_hda=51|cp_on_chip_0=36000|cp_on_chip_1=37000|G3D=35000|cp_on_chip_2=37000|cp_on_chip_3=35000|cp_on_chip_4=35000|rf2_therm=33000|rf1_therm=34000|ISP=34000|TPU=35000|AUR=35000|rfpa_therm=30882|quiet_therm=31550|charging_therm=33419|,ok,39000,37000,0,37000,1,batched,untouched,4096,8192,18,1,4517,0,1139,0,4,4,ok
1,16,protected,4,578000,648000,37000,37000,BIG=36000|MID=37000|usb_pwr_therm=29546|btmspkr_therm=29502|disp_therm=29502|north_therm=29902|soc_therm=33375|battery=29700|battery_cycle=5|dc-mains=33500|usbc-therm-adc=335|max77779fg=29700|LITTLE=36000|soc=8|smpl_gm=0|vdroop1=0|batoilo=0|batoilo2=0|batt_vs=29693|mdis_morepower=0|thb_hda=51|cp_on_chip_0=36000|cp_on_chip_1=37000|G3D=35000|cp_on_chip_2=37000|cp_on_chip_3=35000|cp_on_chip_4=35000|rf2_therm=33000|rf1_therm=34000|ISP=34000|TPU=35000|AUR=35000|rfpa_therm=30882|quiet_therm=31550|charging_therm=33419|,BIG=36000|MID=36000|usb_pwr_therm=29568|btmspkr_therm=29524|disp_therm=29524|north_therm=29925|soc_therm=33419|battery=29700|battery_cycle=5|dc-mains=34000|usbc-therm-adc=340|max77779fg=29700|LITTLE=36000|soc=8|smpl_gm=0|vdroop1=0|batoilo=0|batoilo2=0|batt_vs=29693|mdis_morepower=0|thb_hda=51|cp_on_chip_0=36000|cp_on_chip_1=37000|G3D=35000|cp_on_chip_2=37000|cp_on_chip_3=35000|cp_on_chip_4=35000|rf2_therm=33000|rf1_therm=34000|ISP=34000|TPU=35000|AUR=35000|rfpa_therm=30882|quiet_therm=31550|charging_therm=33419|,ok,39000,37000,0,37000,1,batched,untouched,4096,8192,19,1,4517,0,1058,0,4,4,ok
1,16,protected,4,578000,648000,37000,37000,BIG=36000|MID=37000|usb_pwr_therm=29546|btmspkr_therm=29502|disp_therm=29502|north_therm=29902|soc_therm=33375|battery=29700|battery_cycle=5|dc-mains=33500|usbc-therm-adc=335|max77779fg=29700|LITTLE=36000|soc=8|smpl_gm=0|vdroop1=0|batoilo=0|batoilo2=0|batt_vs=29693|mdis_morepower=0|thb_hda=51|cp_on_chip_0=36000|cp_on_chip_1=37000|G3D=35000|cp_on_chip_2=37000|cp_on_chip_3=35000|cp_on_chip_4=35000|rf2_therm=33000|rf1_therm=34000|ISP=34000|TPU=35000|AUR=35000|rfpa_therm=30882|quiet_therm=31550|charging_therm=33419|,BIG=36000|MID=36000|usb_pwr_therm=29568|btmspkr_therm=29524|disp_therm=29524|north_therm=29925|soc_therm=33419|battery=29700|battery_cycle=5|dc-mains=34000|usbc-therm-adc=340|max77779fg=29700|LITTLE=36000|soc=8|smpl_gm=0|vdroop1=0|batoilo=0|batoilo2=0|batt_vs=29693|mdis_morepower=0|thb_hda=51|cp_on_chip_0=36000|cp_on_chip_1=37000|G3D=35000|cp_on_chip_2=37000|cp_on_chip_3=35000|cp_on_chip_4=35000|rf2_therm=33000|rf1_therm=34000|ISP=34000|TPU=35000|AUR=35000|rfpa_therm=30882|quiet_therm=31550|charging_therm=33419|,ok,39000,37000,0,37000,1,batched,untouched,4096,8192,20,1,4273,0,1139,0,4,4,ok
1,16,protected,4,578000,648000,37000,37000,BIG=36000|MID=37000|usb_pwr_therm=29546|btmspkr_therm=29502|disp_therm=29502|north_therm=29902|soc_therm=33375|battery=29700|battery_cycle=5|dc-mains=33500|usbc-therm-adc=335|max77779fg=29700|LITTLE=36000|soc=8|smpl_gm=0|vdroop1=0|batoilo=0|batoilo2=0|batt_vs=29693|mdis_morepower=0|thb_hda=51|cp_on_chip_0=36000|cp_on_chip_1=37000|G3D=35000|cp_on_chip_2=37000|cp_on_chip_3=35000|cp_on_chip_4=35000|rf2_therm=33000|rf1_therm=34000|ISP=34000|TPU=35000|AUR=35000|rfpa_therm=30882|quiet_therm=31550|charging_therm=33419|,BIG=36000|MID=36000|usb_pwr_therm=29568|btmspkr_therm=29524|disp_therm=29524|north_therm=29925|soc_therm=33419|battery=29700|battery_cycle=5|dc-mains=34000|usbc-therm-adc=340|max77779fg=29700|LITTLE=36000|soc=8|smpl_gm=0|vdroop1=0|batoilo=0|batoilo2=0|batt_vs=29693|mdis_morepower=0|thb_hda=51|cp_on_chip_0=36000|cp_on_chip_1=37000|G3D=35000|cp_on_chip_2=37000|cp_on_chip_3=35000|cp_on_chip_4=35000|rf2_therm=33000|rf1_therm=34000|ISP=34000|TPU=35000|AUR=35000|rfpa_therm=30882|quiet_therm=31550|charging_therm=33419|,ok,39000,37000,0,37000,1,batched,untouched,4096,8192,21,1,5778,0,1099,0,4,4,ok
1,16,protected,4,578000,648000,37000,37000,BIG=36000|MID=37000|usb_pwr_therm=29546|btmspkr_therm=29502|disp_therm=29502|north_therm=29902|soc_therm=33375|battery=29700|battery_cycle=5|dc-mains=33500|usbc-therm-adc=335|max77779fg=29700|LITTLE=36000|soc=8|smpl_gm=0|vdroop1=0|batoilo=0|batoilo2=0|batt_vs=29693|mdis_morepower=0|thb_hda=51|cp_on_chip_0=36000|cp_on_chip_1=37000|G3D=35000|cp_on_chip_2=37000|cp_on_chip_3=35000|cp_on_chip_4=35000|rf2_therm=33000|rf1_therm=34000|ISP=34000|TPU=35000|AUR=35000|rfpa_therm=30882|quiet_therm=31550|charging_therm=33419|,BIG=36000|MID=36000|usb_pwr_therm=29568|btmspkr_therm=29524|disp_therm=29524|north_therm=29925|soc_therm=33419|battery=29700|battery_cycle=5|dc-mains=34000|usbc-therm-adc=340|max77779fg=29700|LITTLE=36000|soc=8|smpl_gm=0|vdroop1=0|batoilo=0|batoilo2=0|batt_vs=29693|mdis_morepower=0|thb_hda=51|cp_on_chip_0=36000|cp_on_chip_1=37000|G3D=35000|cp_on_chip_2=37000|cp_on_chip_3=35000|cp_on_chip_4=35000|rf2_therm=33000|rf1_therm=34000|ISP=34000|TPU=35000|AUR=35000|rfpa_therm=30882|quiet_therm=31550|charging_therm=33419|,ok,39000,37000,0,37000,1,batched,untouched,4096,8192,22,1,5086,0,1098,0,4,4,ok
1,16,protected,4,578000,648000,37000,37000,BIG=36000|MID=37000|usb_pwr_therm=29546|btmspkr_therm=29502|disp_therm=29502|north_therm=29902|soc_therm=33375|battery=29700|battery_cycle=5|dc-mains=33500|usbc-therm-adc=335|max77779fg=29700|LITTLE=36000|soc=8|smpl_gm=0|vdroop1=0|batoilo=0|batoilo2=0|batt_vs=29693|mdis_morepower=0|thb_hda=51|cp_on_chip_0=36000|cp_on_chip_1=37000|G3D=35000|cp_on_chip_2=37000|cp_on_chip_3=35000|cp_on_chip_4=35000|rf2_therm=33000|rf1_therm=34000|ISP=34000|TPU=35000|AUR=35000|rfpa_therm=30882|quiet_therm=31550|charging_therm=33419|,BIG=36000|MID=36000|usb_pwr_therm=29568|btmspkr_therm=29524|disp_therm=29524|north_therm=29925|soc_therm=33419|battery=29700|battery_cycle=5|dc-mains=34000|usbc-therm-adc=340|max77779fg=29700|LITTLE=36000|soc=8|smpl_gm=0|vdroop1=0|batoilo=0|batoilo2=0|batt_vs=29693|mdis_morepower=0|thb_hda=51|cp_on_chip_0=36000|cp_on_chip_1=37000|G3D=35000|cp_on_chip_2=37000|cp_on_chip_3=35000|cp_on_chip_4=35000|rf2_therm=33000|rf1_therm=34000|ISP=34000|TPU=35000|AUR=35000|rfpa_therm=30882|quiet_therm=31550|charging_therm=33419|,ok,39000,37000,0,37000,1,batched,untouched,4096,8192,23,1,5452,0,1098,0,4,4,ok
1,16,protected,4,578000,648000,37000,37000,BIG=36000|MID=37000|usb_pwr_therm=29546|btmspkr_therm=29502|disp_therm=29502|north_therm=29902|soc_therm=33375|battery=29700|battery_cycle=5|dc-mains=33500|usbc-therm-adc=335|max77779fg=29700|LITTLE=36000|soc=8|smpl_gm=0|vdroop1=0|batoilo=0|batoilo2=0|batt_vs=29693|mdis_morepower=0|thb_hda=51|cp_on_chip_0=36000|cp_on_chip_1=37000|G3D=35000|cp_on_chip_2=37000|cp_on_chip_3=35000|cp_on_chip_4=35000|rf2_therm=33000|rf1_therm=34000|ISP=34000|TPU=35000|AUR=35000|rfpa_therm=30882|quiet_therm=31550|charging_therm=33419|,BIG=36000|MID=36000|usb_pwr_therm=29568|btmspkr_therm=29524|disp_therm=29524|north_therm=29925|soc_therm=33419|battery=29700|battery_cycle=5|dc-mains=34000|usbc-therm-adc=340|max77779fg=29700|LITTLE=36000|soc=8|smpl_gm=0|vdroop1=0|batoilo=0|batoilo2=0|batt_vs=29693|mdis_morepower=0|thb_hda=51|cp_on_chip_0=36000|cp_on_chip_1=37000|G3D=35000|cp_on_chip_2=37000|cp_on_chip_3=35000|cp_on_chip_4=35000|rf2_therm=33000|rf1_therm=34000|ISP=34000|TPU=35000|AUR=35000|rfpa_therm=30882|quiet_therm=31550|charging_therm=33419|,ok,39000,37000,0,37000,1,batched,untouched,4096,8192,24,1,5127,0,1099,0,4,4,ok
1,16,protected,4,578000,648000,37000,37000,BIG=36000|MID=37000|usb_pwr_therm=29546|btmspkr_therm=29502|disp_therm=29502|north_therm=29902|soc_therm=33375|battery=29700|battery_cycle=5|dc-mains=33500|usbc-therm-adc=335|max77779fg=29700|LITTLE=36000|soc=8|smpl_gm=0|vdroop1=0|batoilo=0|batoilo2=0|batt_vs=29693|mdis_morepower=0|thb_hda=51|cp_on_chip_0=36000|cp_on_chip_1=37000|G3D=35000|cp_on_chip_2=37000|cp_on_chip_3=35000|cp_on_chip_4=35000|rf2_therm=33000|rf1_therm=34000|ISP=34000|TPU=35000|AUR=35000|rfpa_therm=30882|quiet_therm=31550|charging_therm=33419|,BIG=36000|MID=36000|usb_pwr_therm=29568|btmspkr_therm=29524|disp_therm=29524|north_therm=29925|soc_therm=33419|battery=29700|battery_cycle=5|dc-mains=34000|usbc-therm-adc=340|max77779fg=29700|LITTLE=36000|soc=8|smpl_gm=0|vdroop1=0|batoilo=0|batoilo2=0|batt_vs=29693|mdis_morepower=0|thb_hda=51|cp_on_chip_0=36000|cp_on_chip_1=37000|G3D=35000|cp_on_chip_2=37000|cp_on_chip_3=35000|cp_on_chip_4=35000|rf2_therm=33000|rf1_therm=34000|ISP=34000|TPU=35000|AUR=35000|rfpa_therm=30882|quiet_therm=31550|charging_therm=33419|,ok,39000,37000,0,37000,1,batched,untouched,4096,8192,25,1,4598,0,1098,0,4,4,ok
1,16,protected,4,578000,648000,37000,37000,BIG=36000|MID=37000|usb_pwr_therm=29546|btmspkr_therm=29502|disp_therm=29502|north_therm=29902|soc_therm=33375|battery=29700|battery_cycle=5|dc-mains=33500|usbc-therm-adc=335|max77779fg=29700|LITTLE=36000|soc=8|smpl_gm=0|vdroop1=0|batoilo=0|batoilo2=0|batt_vs=29693|mdis_morepower=0|thb_hda=51|cp_on_chip_0=36000|cp_on_chip_1=37000|G3D=35000|cp_on_chip_2=37000|cp_on_chip_3=35000|cp_on_chip_4=35000|rf2_therm=33000|rf1_therm=34000|ISP=34000|TPU=35000|AUR=35000|rfpa_therm=30882|quiet_therm=31550|charging_therm=33419|,BIG=36000|MID=36000|usb_pwr_therm=29568|btmspkr_therm=29524|disp_therm=29524|north_therm=29925|soc_therm=33419|battery=29700|battery_cycle=5|dc-mains=34000|usbc-therm-adc=340|max77779fg=29700|LITTLE=36000|soc=8|smpl_gm=0|vdroop1=0|batoilo=0|batoilo2=0|batt_vs=29693|mdis_morepower=0|thb_hda=51|cp_on_chip_0=36000|cp_on_chip_1=37000|G3D=35000|cp_on_chip_2=37000|cp_on_chip_3=35000|cp_on_chip_4=35000|rf2_therm=33000|rf1_therm=34000|ISP=34000|TPU=35000|AUR=35000|rfpa_therm=30882|quiet_therm=31550|charging_therm=33419|,ok,39000,37000,0,37000,1,batched,untouched,4096,8192,26,1,5574,0,1140,0,4,4,ok
1,16,protected,4,578000,648000,37000,37000,BIG=36000|MID=37000|usb_pwr_therm=29546|btmspkr_therm=29502|disp_therm=29502|north_therm=29902|soc_therm=33375|battery=29700|battery_cycle=5|dc-mains=33500|usbc-therm-adc=335|max77779fg=29700|LITTLE=36000|soc=8|smpl_gm=0|vdroop1=0|batoilo=0|batoilo2=0|batt_vs=29693|mdis_morepower=0|thb_hda=51|cp_on_chip_0=36000|cp_on_chip_1=37000|G3D=35000|cp_on_chip_2=37000|cp_on_chip_3=35000|cp_on_chip_4=35000|rf2_therm=33000|rf1_therm=34000|ISP=34000|TPU=35000|AUR=35000|rfpa_therm=30882|quiet_therm=31550|charging_therm=33419|,BIG=36000|MID=36000|usb_pwr_therm=29568|btmspkr_therm=29524|disp_therm=29524|north_therm=29925|soc_therm=33419|battery=29700|battery_cycle=5|dc-mains=34000|usbc-therm-adc=340|max77779fg=29700|LITTLE=36000|soc=8|smpl_gm=0|vdroop1=0|batoilo=0|batoilo2=0|batt_vs=29693|mdis_morepower=0|thb_hda=51|cp_on_chip_0=36000|cp_on_chip_1=37000|G3D=35000|cp_on_chip_2=37000|cp_on_chip_3=35000|cp_on_chip_4=35000|rf2_therm=33000|rf1_therm=34000|ISP=34000|TPU=35000|AUR=35000|rfpa_therm=30882|quiet_therm=31550|charging_therm=33419|,ok,39000,37000,0,37000,1,batched,untouched,4096,8192,27,1,5453,0,1139,0,4,4,ok
1,16,protected,4,578000,648000,37000,37000,BIG=36000|MID=37000|usb_pwr_therm=29546|btmspkr_therm=29502|disp_therm=29502|north_therm=29902|soc_therm=33375|battery=29700|battery_cycle=5|dc-mains=33500|usbc-therm-adc=335|max77779fg=29700|LITTLE=36000|soc=8|smpl_gm=0|vdroop1=0|batoilo=0|batoilo2=0|batt_vs=29693|mdis_morepower=0|thb_hda=51|cp_on_chip_0=36000|cp_on_chip_1=37000|G3D=35000|cp_on_chip_2=37000|cp_on_chip_3=35000|cp_on_chip_4=35000|rf2_therm=33000|rf1_therm=34000|ISP=34000|TPU=35000|AUR=35000|rfpa_therm=30882|quiet_therm=31550|charging_therm=33419|,BIG=36000|MID=36000|usb_pwr_therm=29568|btmspkr_therm=29524|disp_therm=29524|north_therm=29925|soc_therm=33419|battery=29700|battery_cycle=5|dc-mains=34000|usbc-therm-adc=340|max77779fg=29700|LITTLE=36000|soc=8|smpl_gm=0|vdroop1=0|batoilo=0|batoilo2=0|batt_vs=29693|mdis_morepower=0|thb_hda=51|cp_on_chip_0=36000|cp_on_chip_1=37000|G3D=35000|cp_on_chip_2=37000|cp_on_chip_3=35000|cp_on_chip_4=35000|rf2_therm=33000|rf1_therm=34000|ISP=34000|TPU=35000|AUR=35000|rfpa_therm=30882|quiet_therm=31550|charging_therm=33419|,ok,39000,37000,0,37000,1,batched,untouched,4096,8192,28,1,7447,0,1098,0,4,4,ok
1,16,protected,4,578000,648000,37000,37000,BIG=36000|MID=37000|usb_pwr_therm=29546|btmspkr_therm=29502|disp_therm=29502|north_therm=29902|soc_therm=33375|battery=29700|battery_cycle=5|dc-mains=33500|usbc-therm-adc=335|max77779fg=29700|LITTLE=36000|soc=8|smpl_gm=0|vdroop1=0|batoilo=0|batoilo2=0|batt_vs=29693|mdis_morepower=0|thb_hda=51|cp_on_chip_0=36000|cp_on_chip_1=37000|G3D=35000|cp_on_chip_2=37000|cp_on_chip_3=35000|cp_on_chip_4=35000|rf2_therm=33000|rf1_therm=34000|ISP=34000|TPU=35000|AUR=35000|rfpa_therm=30882|quiet_therm=31550|charging_therm=33419|,BIG=36000|MID=36000|usb_pwr_therm=29568|btmspkr_therm=29524|disp_therm=29524|north_therm=29925|soc_therm=33419|battery=29700|battery_cycle=5|dc-mains=34000|usbc-therm-adc=340|max77779fg=29700|LITTLE=36000|soc=8|smpl_gm=0|vdroop1=0|batoilo=0|batoilo2=0|batt_vs=29693|mdis_morepower=0|thb_hda=51|cp_on_chip_0=36000|cp_on_chip_1=37000|G3D=35000|cp_on_chip_2=37000|cp_on_chip_3=35000|cp_on_chip_4=35000|rf2_therm=33000|rf1_therm=34000|ISP=34000|TPU=35000|AUR=35000|rfpa_therm=30882|quiet_therm=31550|charging_therm=33419|,ok,39000,37000,0,37000,1,batched,untouched,4096,8192,29,1,6551,0,1099,0,4,4,ok
1,17,protected,4,2130000,1549000,38000,38000,BIG=36000|MID=37000|usb_pwr_therm=29591|btmspkr_therm=29546|disp_therm=29546|north_therm=29947|soc_therm=33442|battery=29800|battery_cycle=5|dc-mains=34000|usbc-therm-adc=340|max77779fg=29800|LITTLE=36000|soc=8|smpl_gm=0|vdroop1=0|batoilo=0|batoilo2=0|batt_vs=29793|mdis_morepower=0|thb_hda=51|cp_on_chip_0=36000|cp_on_chip_1=37000|G3D=35000|cp_on_chip_2=37000|cp_on_chip_3=35000|cp_on_chip_4=35000|rf2_therm=33000|rf1_therm=34000|ISP=34000|TPU=35000|AUR=35000|rfpa_therm=30904|quiet_therm=31572|charging_therm=33442|,BIG=36000|MID=37000|usb_pwr_therm=29591|btmspkr_therm=29546|disp_therm=29546|north_therm=29947|soc_therm=33442|battery=29800|battery_cycle=5|dc-mains=34000|usbc-therm-adc=340|max77779fg=29800|LITTLE=36000|soc=8|smpl_gm=0|vdroop1=0|batoilo=0|batoilo2=0|batt_vs=29794|mdis_morepower=0|thb_hda=51|cp_on_chip_0=36000|cp_on_chip_1=37000|G3D=35000|cp_on_chip_2=37000|cp_on_chip_3=35000|cp_on_chip_4=35000|rf2_therm=33000|rf1_therm=34000|ISP=34000|TPU=35000|AUR=35000|rfpa_therm=30926|quiet_therm=31594|charging_therm=33486|,ok,39000,37000,0,37000,1,single,untouched,4096,4096,0,4096,20020,0,8219645,0,4,4,ok
1,17,protected,4,2130000,1549000,38000,38000,BIG=36000|MID=37000|usb_pwr_therm=29591|btmspkr_therm=29546|disp_therm=29546|north_therm=29947|soc_therm=33442|battery=29800|battery_cycle=5|dc-mains=34000|usbc-therm-adc=340|max77779fg=29800|LITTLE=36000|soc=8|smpl_gm=0|vdroop1=0|batoilo=0|batoilo2=0|batt_vs=29793|mdis_morepower=0|thb_hda=51|cp_on_chip_0=36000|cp_on_chip_1=37000|G3D=35000|cp_on_chip_2=37000|cp_on_chip_3=35000|cp_on_chip_4=35000|rf2_therm=33000|rf1_therm=34000|ISP=34000|TPU=35000|AUR=35000|rfpa_therm=30904|quiet_therm=31572|charging_therm=33442|,BIG=36000|MID=37000|usb_pwr_therm=29591|btmspkr_therm=29546|disp_therm=29546|north_therm=29947|soc_therm=33442|battery=29800|battery_cycle=5|dc-mains=34000|usbc-therm-adc=340|max77779fg=29800|LITTLE=36000|soc=8|smpl_gm=0|vdroop1=0|batoilo=0|batoilo2=0|batt_vs=29794|mdis_morepower=0|thb_hda=51|cp_on_chip_0=36000|cp_on_chip_1=37000|G3D=35000|cp_on_chip_2=37000|cp_on_chip_3=35000|cp_on_chip_4=35000|rf2_therm=33000|rf1_therm=34000|ISP=34000|TPU=35000|AUR=35000|rfpa_therm=30926|quiet_therm=31594|charging_therm=33486|,ok,39000,37000,0,37000,1,single,untouched,4096,4096,1,4096,8545,0,4679117,0,4,4,ok
1,17,protected,4,2130000,1549000,38000,38000,BIG=36000|MID=37000|usb_pwr_therm=29591|btmspkr_therm=29546|disp_therm=29546|north_therm=29947|soc_therm=33442|battery=29800|battery_cycle=5|dc-mains=34000|usbc-therm-adc=340|max77779fg=29800|LITTLE=36000|soc=8|smpl_gm=0|vdroop1=0|batoilo=0|batoilo2=0|batt_vs=29793|mdis_morepower=0|thb_hda=51|cp_on_chip_0=36000|cp_on_chip_1=37000|G3D=35000|cp_on_chip_2=37000|cp_on_chip_3=35000|cp_on_chip_4=35000|rf2_therm=33000|rf1_therm=34000|ISP=34000|TPU=35000|AUR=35000|rfpa_therm=30904|quiet_therm=31572|charging_therm=33442|,BIG=36000|MID=37000|usb_pwr_therm=29591|btmspkr_therm=29546|disp_therm=29546|north_therm=29947|soc_therm=33442|battery=29800|battery_cycle=5|dc-mains=34000|usbc-therm-adc=340|max77779fg=29800|LITTLE=36000|soc=8|smpl_gm=0|vdroop1=0|batoilo=0|batoilo2=0|batt_vs=29794|mdis_morepower=0|thb_hda=51|cp_on_chip_0=36000|cp_on_chip_1=37000|G3D=35000|cp_on_chip_2=37000|cp_on_chip_3=35000|cp_on_chip_4=35000|rf2_therm=33000|rf1_therm=34000|ISP=34000|TPU=35000|AUR=35000|rfpa_therm=30926|quiet_therm=31594|charging_therm=33486|,ok,39000,37000,0,37000,1,single,untouched,4096,4096,2,4096,6836,0,4338216,0,4,4,ok
1,17,protected,4,2130000,1549000,38000,38000,BIG=36000|MID=37000|usb_pwr_therm=29591|btmspkr_therm=29546|disp_therm=29546|north_therm=29947|soc_therm=33442|battery=29800|battery_cycle=5|dc-mains=34000|usbc-therm-adc=340|max77779fg=29800|LITTLE=36000|soc=8|smpl_gm=0|vdroop1=0|batoilo=0|batoilo2=0|batt_vs=29793|mdis_morepower=0|thb_hda=51|cp_on_chip_0=36000|cp_on_chip_1=37000|G3D=35000|cp_on_chip_2=37000|cp_on_chip_3=35000|cp_on_chip_4=35000|rf2_therm=33000|rf1_therm=34000|ISP=34000|TPU=35000|AUR=35000|rfpa_therm=30904|quiet_therm=31572|charging_therm=33442|,BIG=36000|MID=37000|usb_pwr_therm=29591|btmspkr_therm=29546|disp_therm=29546|north_therm=29947|soc_therm=33442|battery=29800|battery_cycle=5|dc-mains=34000|usbc-therm-adc=340|max77779fg=29800|LITTLE=36000|soc=8|smpl_gm=0|vdroop1=0|batoilo=0|batoilo2=0|batt_vs=29794|mdis_morepower=0|thb_hda=51|cp_on_chip_0=36000|cp_on_chip_1=37000|G3D=35000|cp_on_chip_2=37000|cp_on_chip_3=35000|cp_on_chip_4=35000|rf2_therm=33000|rf1_therm=34000|ISP=34000|TPU=35000|AUR=35000|rfpa_therm=30926|quiet_therm=31594|charging_therm=33486|,ok,39000,37000,0,37000,1,single,untouched,4096,4096,3,4096,6877,0,3965373,0,4,4,ok
1,17,protected,4,2130000,1549000,38000,38000,BIG=36000|MID=37000|usb_pwr_therm=29591|btmspkr_therm=29546|disp_therm=29546|north_therm=29947|soc_therm=33442|battery=29800|battery_cycle=5|dc-mains=34000|usbc-therm-adc=340|max77779fg=29800|LITTLE=36000|soc=8|smpl_gm=0|vdroop1=0|batoilo=0|batoilo2=0|batt_vs=29793|mdis_morepower=0|thb_hda=51|cp_on_chip_0=36000|cp_on_chip_1=37000|G3D=35000|cp_on_chip_2=37000|cp_on_chip_3=35000|cp_on_chip_4=35000|rf2_therm=33000|rf1_therm=34000|ISP=34000|TPU=35000|AUR=35000|rfpa_therm=30904|quiet_therm=31572|charging_therm=33442|,BIG=36000|MID=37000|usb_pwr_therm=29591|btmspkr_therm=29546|disp_therm=29546|north_therm=29947|soc_therm=33442|battery=29800|battery_cycle=5|dc-mains=34000|usbc-therm-adc=340|max77779fg=29800|LITTLE=36000|soc=8|smpl_gm=0|vdroop1=0|batoilo=0|batoilo2=0|batt_vs=29794|mdis_morepower=0|thb_hda=51|cp_on_chip_0=36000|cp_on_chip_1=37000|G3D=35000|cp_on_chip_2=37000|cp_on_chip_3=35000|cp_on_chip_4=35000|rf2_therm=33000|rf1_therm=34000|ISP=34000|TPU=35000|AUR=35000|rfpa_therm=30926|quiet_therm=31594|charging_therm=33486|,ok,39000,37000,0,37000,1,single,untouched,4096,4096,4,4096,5900,0,3790568,0,4,4,ok
1,17,protected,4,2130000,1549000,38000,38000,BIG=36000|MID=37000|usb_pwr_therm=29591|btmspkr_therm=29546|disp_therm=29546|north_therm=29947|soc_therm=33442|battery=29800|battery_cycle=5|dc-mains=34000|usbc-therm-adc=340|max77779fg=29800|LITTLE=36000|soc=8|smpl_gm=0|vdroop1=0|batoilo=0|batoilo2=0|batt_vs=29793|mdis_morepower=0|thb_hda=51|cp_on_chip_0=36000|cp_on_chip_1=37000|G3D=35000|cp_on_chip_2=37000|cp_on_chip_3=35000|cp_on_chip_4=35000|rf2_therm=33000|rf1_therm=34000|ISP=34000|TPU=35000|AUR=35000|rfpa_therm=30904|quiet_therm=31572|charging_therm=33442|,BIG=36000|MID=37000|usb_pwr_therm=29591|btmspkr_therm=29546|disp_therm=29546|north_therm=29947|soc_therm=33442|battery=29800|battery_cycle=5|dc-mains=34000|usbc-therm-adc=340|max77779fg=29800|LITTLE=36000|soc=8|smpl_gm=0|vdroop1=0|batoilo=0|batoilo2=0|batt_vs=29794|mdis_morepower=0|thb_hda=51|cp_on_chip_0=36000|cp_on_chip_1=37000|G3D=35000|cp_on_chip_2=37000|cp_on_chip_3=35000|cp_on_chip_4=35000|rf2_therm=33000|rf1_therm=34000|ISP=34000|TPU=35000|AUR=35000|rfpa_therm=30926|quiet_therm=31594|charging_therm=33486|,ok,39000,37000,0,37000,1,single,untouched,4096,4096,5,4096,30070,0,3614543,0,4,4,ok
1,17,protected,4,2130000,1549000,38000,38000,BIG=36000|MID=37000|usb_pwr_therm=29591|btmspkr_therm=29546|disp_therm=29546|north_therm=29947|soc_therm=33442|battery=29800|battery_cycle=5|dc-mains=34000|usbc-therm-adc=340|max77779fg=29800|LITTLE=36000|soc=8|smpl_gm=0|vdroop1=0|batoilo=0|batoilo2=0|batt_vs=29793|mdis_morepower=0|thb_hda=51|cp_on_chip_0=36000|cp_on_chip_1=37000|G3D=35000|cp_on_chip_2=37000|cp_on_chip_3=35000|cp_on_chip_4=35000|rf2_therm=33000|rf1_therm=34000|ISP=34000|TPU=35000|AUR=35000|rfpa_therm=30904|quiet_therm=31572|charging_therm=33442|,BIG=36000|MID=37000|usb_pwr_therm=29591|btmspkr_therm=29546|disp_therm=29546|north_therm=29947|soc_therm=33442|battery=29800|battery_cycle=5|dc-mains=34000|usbc-therm-adc=340|max77779fg=29800|LITTLE=36000|soc=8|smpl_gm=0|vdroop1=0|batoilo=0|batoilo2=0|batt_vs=29794|mdis_morepower=0|thb_hda=51|cp_on_chip_0=36000|cp_on_chip_1=37000|G3D=35000|cp_on_chip_2=37000|cp_on_chip_3=35000|cp_on_chip_4=35000|rf2_therm=33000|rf1_therm=34000|ISP=34000|TPU=35000|AUR=35000|rfpa_therm=30926|quiet_therm=31594|charging_therm=33486|,ok,39000,37000,0,37000,1,single,untouched,4096,4096,6,4096,5127,0,3517904,0,4,4,ok
1,17,protected,4,2130000,1549000,38000,38000,BIG=36000|MID=37000|usb_pwr_therm=29591|btmspkr_therm=29546|disp_therm=29546|north_therm=29947|soc_therm=33442|battery=29800|battery_cycle=5|dc-mains=34000|usbc-therm-adc=340|max77779fg=29800|LITTLE=36000|soc=8|smpl_gm=0|vdroop1=0|batoilo=0|batoilo2=0|batt_vs=29793|mdis_morepower=0|thb_hda=51|cp_on_chip_0=36000|cp_on_chip_1=37000|G3D=35000|cp_on_chip_2=37000|cp_on_chip_3=35000|cp_on_chip_4=35000|rf2_therm=33000|rf1_therm=34000|ISP=34000|TPU=35000|AUR=35000|rfpa_therm=30904|quiet_therm=31572|charging_therm=33442|,BIG=36000|MID=37000|usb_pwr_therm=29591|btmspkr_therm=29546|disp_therm=29546|north_therm=29947|soc_therm=33442|battery=29800|battery_cycle=5|dc-mains=34000|usbc-therm-adc=340|max77779fg=29800|LITTLE=36000|soc=8|smpl_gm=0|vdroop1=0|batoilo=0|batoilo2=0|batt_vs=29794|mdis_morepower=0|thb_hda=51|cp_on_chip_0=36000|cp_on_chip_1=37000|G3D=35000|cp_on_chip_2=37000|cp_on_chip_3=35000|cp_on_chip_4=35000|rf2_therm=33000|rf1_therm=34000|ISP=34000|TPU=35000|AUR=35000|rfpa_therm=30926|quiet_therm=31594|charging_therm=33486|,ok,39000,37000,0,37000,1,single,untouched,4096,4096,7,4096,4802,0,3449870,0,4,4,ok
1,17,protected,4,2130000,1549000,38000,38000,BIG=36000|MID=37000|usb_pwr_therm=29591|btmspkr_therm=29546|disp_therm=29546|north_therm=29947|soc_therm=33442|battery=29800|battery_cycle=5|dc-mains=34000|usbc-therm-adc=340|max77779fg=29800|LITTLE=36000|soc=8|smpl_gm=0|vdroop1=0|batoilo=0|batoilo2=0|batt_vs=29793|mdis_morepower=0|thb_hda=51|cp_on_chip_0=36000|cp_on_chip_1=37000|G3D=35000|cp_on_chip_2=37000|cp_on_chip_3=35000|cp_on_chip_4=35000|rf2_therm=33000|rf1_therm=34000|ISP=34000|TPU=35000|AUR=35000|rfpa_therm=30904|quiet_therm=31572|charging_therm=33442|,BIG=36000|MID=37000|usb_pwr_therm=29591|btmspkr_therm=29546|disp_therm=29546|north_therm=29947|soc_therm=33442|battery=29800|battery_cycle=5|dc-mains=34000|usbc-therm-adc=340|max77779fg=29800|LITTLE=36000|soc=8|smpl_gm=0|vdroop1=0|batoilo=0|batoilo2=0|batt_vs=29794|mdis_morepower=0|thb_hda=51|cp_on_chip_0=36000|cp_on_chip_1=37000|G3D=35000|cp_on_chip_2=37000|cp_on_chip_3=35000|cp_on_chip_4=35000|rf2_therm=33000|rf1_therm=34000|ISP=34000|TPU=35000|AUR=35000|rfpa_therm=30926|quiet_therm=31594|charging_therm=33486|,ok,39000,37000,0,37000,1,single,untouched,4096,4096,8,4096,4110,0,3261068,0,4,4,ok
1,17,protected,4,2130000,1549000,38000,38000,BIG=36000|MID=37000|usb_pwr_therm=29591|btmspkr_therm=29546|disp_therm=29546|north_therm=29947|soc_therm=33442|battery=29800|battery_cycle=5|dc-mains=34000|usbc-therm-adc=340|max77779fg=29800|LITTLE=36000|soc=8|smpl_gm=0|vdroop1=0|batoilo=0|batoilo2=0|batt_vs=29793|mdis_morepower=0|thb_hda=51|cp_on_chip_0=36000|cp_on_chip_1=37000|G3D=35000|cp_on_chip_2=37000|cp_on_chip_3=35000|cp_on_chip_4=35000|rf2_therm=33000|rf1_therm=34000|ISP=34000|TPU=35000|AUR=35000|rfpa_therm=30904|quiet_therm=31572|charging_therm=33442|,BIG=36000|MID=37000|usb_pwr_therm=29591|btmspkr_therm=29546|disp_therm=29546|north_therm=29947|soc_therm=33442|battery=29800|battery_cycle=5|dc-mains=34000|usbc-therm-adc=340|max77779fg=29800|LITTLE=36000|soc=8|smpl_gm=0|vdroop1=0|batoilo=0|batoilo2=0|batt_vs=29794|mdis_morepower=0|thb_hda=51|cp_on_chip_0=36000|cp_on_chip_1=37000|G3D=35000|cp_on_chip_2=37000|cp_on_chip_3=35000|cp_on_chip_4=35000|rf2_therm=33000|rf1_therm=34000|ISP=34000|TPU=35000|AUR=35000|rfpa_therm=30926|quiet_therm=31594|charging_therm=33486|,ok,39000,37000,0,37000,1,single,untouched,4096,4096,9,4096,12329,0,3013753,0,4,4,ok
1,17,protected,4,2130000,1549000,38000,38000,BIG=36000|MID=37000|usb_pwr_therm=29591|btmspkr_therm=29546|disp_therm=29546|north_therm=29947|soc_therm=33442|battery=29800|battery_cycle=5|dc-mains=34000|usbc-therm-adc=340|max77779fg=29800|LITTLE=36000|soc=8|smpl_gm=0|vdroop1=0|batoilo=0|batoilo2=0|batt_vs=29793|mdis_morepower=0|thb_hda=51|cp_on_chip_0=36000|cp_on_chip_1=37000|G3D=35000|cp_on_chip_2=37000|cp_on_chip_3=35000|cp_on_chip_4=35000|rf2_therm=33000|rf1_therm=34000|ISP=34000|TPU=35000|AUR=35000|rfpa_therm=30904|quiet_therm=31572|charging_therm=33442|,BIG=36000|MID=37000|usb_pwr_therm=29591|btmspkr_therm=29546|disp_therm=29546|north_therm=29947|soc_therm=33442|battery=29800|battery_cycle=5|dc-mains=34000|usbc-therm-adc=340|max77779fg=29800|LITTLE=36000|soc=8|smpl_gm=0|vdroop1=0|batoilo=0|batoilo2=0|batt_vs=29794|mdis_morepower=0|thb_hda=51|cp_on_chip_0=36000|cp_on_chip_1=37000|G3D=35000|cp_on_chip_2=37000|cp_on_chip_3=35000|cp_on_chip_4=35000|rf2_therm=33000|rf1_therm=34000|ISP=34000|TPU=35000|AUR=35000|rfpa_therm=30926|quiet_therm=31594|charging_therm=33486|,ok,39000,37000,0,37000,1,single,untouched,4096,4096,10,4096,5086,0,2635539,0,4,4,ok
1,17,protected,4,2130000,1549000,38000,38000,BIG=36000|MID=37000|usb_pwr_therm=29591|btmspkr_therm=29546|disp_therm=29546|north_therm=29947|soc_therm=33442|battery=29800|battery_cycle=5|dc-mains=34000|usbc-therm-adc=340|max77779fg=29800|LITTLE=36000|soc=8|smpl_gm=0|vdroop1=0|batoilo=0|batoilo2=0|batt_vs=29793|mdis_morepower=0|thb_hda=51|cp_on_chip_0=36000|cp_on_chip_1=37000|G3D=35000|cp_on_chip_2=37000|cp_on_chip_3=35000|cp_on_chip_4=35000|rf2_therm=33000|rf1_therm=34000|ISP=34000|TPU=35000|AUR=35000|rfpa_therm=30904|quiet_therm=31572|charging_therm=33442|,BIG=36000|MID=37000|usb_pwr_therm=29591|btmspkr_therm=29546|disp_therm=29546|north_therm=29947|soc_therm=33442|battery=29800|battery_cycle=5|dc-mains=34000|usbc-therm-adc=340|max77779fg=29800|LITTLE=36000|soc=8|smpl_gm=0|vdroop1=0|batoilo=0|batoilo2=0|batt_vs=29794|mdis_morepower=0|thb_hda=51|cp_on_chip_0=36000|cp_on_chip_1=37000|G3D=35000|cp_on_chip_2=37000|cp_on_chip_3=35000|cp_on_chip_4=35000|rf2_therm=33000|rf1_therm=34000|ISP=34000|TPU=35000|AUR=35000|rfpa_therm=30926|quiet_therm=31594|charging_therm=33486|,ok,39000,37000,0,37000,1,single,untouched,4096,4096,11,4096,5737,0,2579020,0,4,4,ok
1,17,protected,4,2130000,1549000,38000,38000,BIG=36000|MID=37000|usb_pwr_therm=29591|btmspkr_therm=29546|disp_therm=29546|north_therm=29947|soc_therm=33442|battery=29800|battery_cycle=5|dc-mains=34000|usbc-therm-adc=340|max77779fg=29800|LITTLE=36000|soc=8|smpl_gm=0|vdroop1=0|batoilo=0|batoilo2=0|batt_vs=29793|mdis_morepower=0|thb_hda=51|cp_on_chip_0=36000|cp_on_chip_1=37000|G3D=35000|cp_on_chip_2=37000|cp_on_chip_3=35000|cp_on_chip_4=35000|rf2_therm=33000|rf1_therm=34000|ISP=34000|TPU=35000|AUR=35000|rfpa_therm=30904|quiet_therm=31572|charging_therm=33442|,BIG=36000|MID=37000|usb_pwr_therm=29591|btmspkr_therm=29546|disp_therm=29546|north_therm=29947|soc_therm=33442|battery=29800|battery_cycle=5|dc-mains=34000|usbc-therm-adc=340|max77779fg=29800|LITTLE=36000|soc=8|smpl_gm=0|vdroop1=0|batoilo=0|batoilo2=0|batt_vs=29794|mdis_morepower=0|thb_hda=51|cp_on_chip_0=36000|cp_on_chip_1=37000|G3D=35000|cp_on_chip_2=37000|cp_on_chip_3=35000|cp_on_chip_4=35000|rf2_therm=33000|rf1_therm=34000|ISP=34000|TPU=35000|AUR=35000|rfpa_therm=30926|quiet_therm=31594|charging_therm=33486|,ok,39000,37000,0,37000,1,single,untouched,4096,4096,12,4096,5860,0,2601197,0,4,4,ok
1,17,protected,4,2130000,1549000,38000,38000,BIG=36000|MID=37000|usb_pwr_therm=29591|btmspkr_therm=29546|disp_therm=29546|north_therm=29947|soc_therm=33442|battery=29800|battery_cycle=5|dc-mains=34000|usbc-therm-adc=340|max77779fg=29800|LITTLE=36000|soc=8|smpl_gm=0|vdroop1=0|batoilo=0|batoilo2=0|batt_vs=29793|mdis_morepower=0|thb_hda=51|cp_on_chip_0=36000|cp_on_chip_1=37000|G3D=35000|cp_on_chip_2=37000|cp_on_chip_3=35000|cp_on_chip_4=35000|rf2_therm=33000|rf1_therm=34000|ISP=34000|TPU=35000|AUR=35000|rfpa_therm=30904|quiet_therm=31572|charging_therm=33442|,BIG=36000|MID=37000|usb_pwr_therm=29591|btmspkr_therm=29546|disp_therm=29546|north_therm=29947|soc_therm=33442|battery=29800|battery_cycle=5|dc-mains=34000|usbc-therm-adc=340|max77779fg=29800|LITTLE=36000|soc=8|smpl_gm=0|vdroop1=0|batoilo=0|batoilo2=0|batt_vs=29794|mdis_morepower=0|thb_hda=51|cp_on_chip_0=36000|cp_on_chip_1=37000|G3D=35000|cp_on_chip_2=37000|cp_on_chip_3=35000|cp_on_chip_4=35000|rf2_therm=33000|rf1_therm=34000|ISP=34000|TPU=35000|AUR=35000|rfpa_therm=30926|quiet_therm=31594|charging_therm=33486|,ok,39000,37000,0,37000,1,single,untouched,4096,4096,13,4096,5656,0,2569540,0,4,4,ok
1,17,protected,4,2130000,1549000,38000,38000,BIG=36000|MID=37000|usb_pwr_therm=29591|btmspkr_therm=29546|disp_therm=29546|north_therm=29947|soc_therm=33442|battery=29800|battery_cycle=5|dc-mains=34000|usbc-therm-adc=340|max77779fg=29800|LITTLE=36000|soc=8|smpl_gm=0|vdroop1=0|batoilo=0|batoilo2=0|batt_vs=29793|mdis_morepower=0|thb_hda=51|cp_on_chip_0=36000|cp_on_chip_1=37000|G3D=35000|cp_on_chip_2=37000|cp_on_chip_3=35000|cp_on_chip_4=35000|rf2_therm=33000|rf1_therm=34000|ISP=34000|TPU=35000|AUR=35000|rfpa_therm=30904|quiet_therm=31572|charging_therm=33442|,BIG=36000|MID=37000|usb_pwr_therm=29591|btmspkr_therm=29546|disp_therm=29546|north_therm=29947|soc_therm=33442|battery=29800|battery_cycle=5|dc-mains=34000|usbc-therm-adc=340|max77779fg=29800|LITTLE=36000|soc=8|smpl_gm=0|vdroop1=0|batoilo=0|batoilo2=0|batt_vs=29794|mdis_morepower=0|thb_hda=51|cp_on_chip_0=36000|cp_on_chip_1=37000|G3D=35000|cp_on_chip_2=37000|cp_on_chip_3=35000|cp_on_chip_4=35000|rf2_therm=33000|rf1_therm=34000|ISP=34000|TPU=35000|AUR=35000|rfpa_therm=30926|quiet_therm=31594|charging_therm=33486|,ok,39000,37000,0,37000,1,single,untouched,4096,4096,14,4096,5330,0,2529500,0,4,4,ok
1,17,protected,4,2130000,1549000,38000,38000,BIG=36000|MID=37000|usb_pwr_therm=29591|btmspkr_therm=29546|disp_therm=29546|north_therm=29947|soc_therm=33442|battery=29800|battery_cycle=5|dc-mains=34000|usbc-therm-adc=340|max77779fg=29800|LITTLE=36000|soc=8|smpl_gm=0|vdroop1=0|batoilo=0|batoilo2=0|batt_vs=29793|mdis_morepower=0|thb_hda=51|cp_on_chip_0=36000|cp_on_chip_1=37000|G3D=35000|cp_on_chip_2=37000|cp_on_chip_3=35000|cp_on_chip_4=35000|rf2_therm=33000|rf1_therm=34000|ISP=34000|TPU=35000|AUR=35000|rfpa_therm=30904|quiet_therm=31572|charging_therm=33442|,BIG=36000|MID=37000|usb_pwr_therm=29591|btmspkr_therm=29546|disp_therm=29546|north_therm=29947|soc_therm=33442|battery=29800|battery_cycle=5|dc-mains=34000|usbc-therm-adc=340|max77779fg=29800|LITTLE=36000|soc=8|smpl_gm=0|vdroop1=0|batoilo=0|batoilo2=0|batt_vs=29794|mdis_morepower=0|thb_hda=51|cp_on_chip_0=36000|cp_on_chip_1=37000|G3D=35000|cp_on_chip_2=37000|cp_on_chip_3=35000|cp_on_chip_4=35000|rf2_therm=33000|rf1_therm=34000|ISP=34000|TPU=35000|AUR=35000|rfpa_therm=30926|quiet_therm=31594|charging_therm=33486|,ok,39000,37000,0,37000,1,single,untouched,4096,4096,15,4096,4598,0,2369344,0,4,4,ok
1,17,protected,4,2130000,1549000,38000,38000,BIG=36000|MID=37000|usb_pwr_therm=29591|btmspkr_therm=29546|disp_therm=29546|north_therm=29947|soc_therm=33442|battery=29800|battery_cycle=5|dc-mains=34000|usbc-therm-adc=340|max77779fg=29800|LITTLE=36000|soc=8|smpl_gm=0|vdroop1=0|batoilo=0|batoilo2=0|batt_vs=29793|mdis_morepower=0|thb_hda=51|cp_on_chip_0=36000|cp_on_chip_1=37000|G3D=35000|cp_on_chip_2=37000|cp_on_chip_3=35000|cp_on_chip_4=35000|rf2_therm=33000|rf1_therm=34000|ISP=34000|TPU=35000|AUR=35000|rfpa_therm=30904|quiet_therm=31572|charging_therm=33442|,BIG=36000|MID=37000|usb_pwr_therm=29591|btmspkr_therm=29546|disp_therm=29546|north_therm=29947|soc_therm=33442|battery=29800|battery_cycle=5|dc-mains=34000|usbc-therm-adc=340|max77779fg=29800|LITTLE=36000|soc=8|smpl_gm=0|vdroop1=0|batoilo=0|batoilo2=0|batt_vs=29794|mdis_morepower=0|thb_hda=51|cp_on_chip_0=36000|cp_on_chip_1=37000|G3D=35000|cp_on_chip_2=37000|cp_on_chip_3=35000|cp_on_chip_4=35000|rf2_therm=33000|rf1_therm=34000|ISP=34000|TPU=35000|AUR=35000|rfpa_therm=30926|quiet_therm=31594|charging_therm=33486|,ok,39000,37000,0,37000,1,single,untouched,4096,4096,16,4096,4923,0,2379924,0,4,4,ok
1,17,protected,4,2130000,1549000,38000,38000,BIG=36000|MID=37000|usb_pwr_therm=29591|btmspkr_therm=29546|disp_therm=29546|north_therm=29947|soc_therm=33442|battery=29800|battery_cycle=5|dc-mains=34000|usbc-therm-adc=340|max77779fg=29800|LITTLE=36000|soc=8|smpl_gm=0|vdroop1=0|batoilo=0|batoilo2=0|batt_vs=29793|mdis_morepower=0|thb_hda=51|cp_on_chip_0=36000|cp_on_chip_1=37000|G3D=35000|cp_on_chip_2=37000|cp_on_chip_3=35000|cp_on_chip_4=35000|rf2_therm=33000|rf1_therm=34000|ISP=34000|TPU=35000|AUR=35000|rfpa_therm=30904|quiet_therm=31572|charging_therm=33442|,BIG=36000|MID=37000|usb_pwr_therm=29591|btmspkr_therm=29546|disp_therm=29546|north_therm=29947|soc_therm=33442|battery=29800|battery_cycle=5|dc-mains=34000|usbc-therm-adc=340|max77779fg=29800|LITTLE=36000|soc=8|smpl_gm=0|vdroop1=0|batoilo=0|batoilo2=0|batt_vs=29794|mdis_morepower=0|thb_hda=51|cp_on_chip_0=36000|cp_on_chip_1=37000|G3D=35000|cp_on_chip_2=37000|cp_on_chip_3=35000|cp_on_chip_4=35000|rf2_therm=33000|rf1_therm=34000|ISP=34000|TPU=35000|AUR=35000|rfpa_therm=30926|quiet_therm=31594|charging_therm=33486|,ok,39000,37000,0,37000,1,single,untouched,4096,4096,17,4096,10294,0,2392782,0,4,4,ok
1,17,protected,4,2130000,1549000,38000,38000,BIG=36000|MID=37000|usb_pwr_therm=29591|btmspkr_therm=29546|disp_therm=29546|north_therm=29947|soc_therm=33442|battery=29800|battery_cycle=5|dc-mains=34000|usbc-therm-adc=340|max77779fg=29800|LITTLE=36000|soc=8|smpl_gm=0|vdroop1=0|batoilo=0|batoilo2=0|batt_vs=29793|mdis_morepower=0|thb_hda=51|cp_on_chip_0=36000|cp_on_chip_1=37000|G3D=35000|cp_on_chip_2=37000|cp_on_chip_3=35000|cp_on_chip_4=35000|rf2_therm=33000|rf1_therm=34000|ISP=34000|TPU=35000|AUR=35000|rfpa_therm=30904|quiet_therm=31572|charging_therm=33442|,BIG=36000|MID=37000|usb_pwr_therm=29591|btmspkr_therm=29546|disp_therm=29546|north_therm=29947|soc_therm=33442|battery=29800|battery_cycle=5|dc-mains=34000|usbc-therm-adc=340|max77779fg=29800|LITTLE=36000|soc=8|smpl_gm=0|vdroop1=0|batoilo=0|batoilo2=0|batt_vs=29794|mdis_morepower=0|thb_hda=51|cp_on_chip_0=36000|cp_on_chip_1=37000|G3D=35000|cp_on_chip_2=37000|cp_on_chip_3=35000|cp_on_chip_4=35000|rf2_therm=33000|rf1_therm=34000|ISP=34000|TPU=35000|AUR=35000|rfpa_therm=30926|quiet_therm=31594|charging_therm=33486|,ok,39000,37000,0,37000,1,single,untouched,4096,4096,18,4096,4395,0,2370890,0,4,4,ok
1,17,protected,4,2130000,1549000,38000,38000,BIG=36000|MID=37000|usb_pwr_therm=29591|btmspkr_therm=29546|disp_therm=29546|north_therm=29947|soc_therm=33442|battery=29800|battery_cycle=5|dc-mains=34000|usbc-therm-adc=340|max77779fg=29800|LITTLE=36000|soc=8|smpl_gm=0|vdroop1=0|batoilo=0|batoilo2=0|batt_vs=29793|mdis_morepower=0|thb_hda=51|cp_on_chip_0=36000|cp_on_chip_1=37000|G3D=35000|cp_on_chip_2=37000|cp_on_chip_3=35000|cp_on_chip_4=35000|rf2_therm=33000|rf1_therm=34000|ISP=34000|TPU=35000|AUR=35000|rfpa_therm=30904|quiet_therm=31572|charging_therm=33442|,BIG=36000|MID=37000|usb_pwr_therm=29591|btmspkr_therm=29546|disp_therm=29546|north_therm=29947|soc_therm=33442|battery=29800|battery_cycle=5|dc-mains=34000|usbc-therm-adc=340|max77779fg=29800|LITTLE=36000|soc=8|smpl_gm=0|vdroop1=0|batoilo=0|batoilo2=0|batt_vs=29794|mdis_morepower=0|thb_hda=51|cp_on_chip_0=36000|cp_on_chip_1=37000|G3D=35000|cp_on_chip_2=37000|cp_on_chip_3=35000|cp_on_chip_4=35000|rf2_therm=33000|rf1_therm=34000|ISP=34000|TPU=35000|AUR=35000|rfpa_therm=30926|quiet_therm=31594|charging_therm=33486|,ok,39000,37000,0,37000,1,single,untouched,4096,4096,19,4096,4273,0,2291341,0,4,4,ok
1,17,protected,4,2130000,1549000,38000,38000,BIG=36000|MID=37000|usb_pwr_therm=29591|btmspkr_therm=29546|disp_therm=29546|north_therm=29947|soc_therm=33442|battery=29800|battery_cycle=5|dc-mains=34000|usbc-therm-adc=340|max77779fg=29800|LITTLE=36000|soc=8|smpl_gm=0|vdroop1=0|batoilo=0|batoilo2=0|batt_vs=29793|mdis_morepower=0|thb_hda=51|cp_on_chip_0=36000|cp_on_chip_1=37000|G3D=35000|cp_on_chip_2=37000|cp_on_chip_3=35000|cp_on_chip_4=35000|rf2_therm=33000|rf1_therm=34000|ISP=34000|TPU=35000|AUR=35000|rfpa_therm=30904|quiet_therm=31572|charging_therm=33442|,BIG=36000|MID=37000|usb_pwr_therm=29591|btmspkr_therm=29546|disp_therm=29546|north_therm=29947|soc_therm=33442|battery=29800|battery_cycle=5|dc-mains=34000|usbc-therm-adc=340|max77779fg=29800|LITTLE=36000|soc=8|smpl_gm=0|vdroop1=0|batoilo=0|batoilo2=0|batt_vs=29794|mdis_morepower=0|thb_hda=51|cp_on_chip_0=36000|cp_on_chip_1=37000|G3D=35000|cp_on_chip_2=37000|cp_on_chip_3=35000|cp_on_chip_4=35000|rf2_therm=33000|rf1_therm=34000|ISP=34000|TPU=35000|AUR=35000|rfpa_therm=30926|quiet_therm=31594|charging_therm=33486|,ok,39000,37000,0,37000,1,single,untouched,4096,4096,20,4096,3622,0,2164795,0,4,4,ok
1,17,protected,4,2130000,1549000,38000,38000,BIG=36000|MID=37000|usb_pwr_therm=29591|btmspkr_therm=29546|disp_therm=29546|north_therm=29947|soc_therm=33442|battery=29800|battery_cycle=5|dc-mains=34000|usbc-therm-adc=340|max77779fg=29800|LITTLE=36000|soc=8|smpl_gm=0|vdroop1=0|batoilo=0|batoilo2=0|batt_vs=29793|mdis_morepower=0|thb_hda=51|cp_on_chip_0=36000|cp_on_chip_1=37000|G3D=35000|cp_on_chip_2=37000|cp_on_chip_3=35000|cp_on_chip_4=35000|rf2_therm=33000|rf1_therm=34000|ISP=34000|TPU=35000|AUR=35000|rfpa_therm=30904|quiet_therm=31572|charging_therm=33442|,BIG=36000|MID=37000|usb_pwr_therm=29591|btmspkr_therm=29546|disp_therm=29546|north_therm=29947|soc_therm=33442|battery=29800|battery_cycle=5|dc-mains=34000|usbc-therm-adc=340|max77779fg=29800|LITTLE=36000|soc=8|smpl_gm=0|vdroop1=0|batoilo=0|batoilo2=0|batt_vs=29794|mdis_morepower=0|thb_hda=51|cp_on_chip_0=36000|cp_on_chip_1=37000|G3D=35000|cp_on_chip_2=37000|cp_on_chip_3=35000|cp_on_chip_4=35000|rf2_therm=33000|rf1_therm=34000|ISP=34000|TPU=35000|AUR=35000|rfpa_therm=30926|quiet_therm=31594|charging_therm=33486|,ok,39000,37000,0,37000,1,single,untouched,4096,4096,21,4096,3825,0,2123413,0,4,4,ok
1,17,protected,4,2130000,1549000,38000,38000,BIG=36000|MID=37000|usb_pwr_therm=29591|btmspkr_therm=29546|disp_therm=29546|north_therm=29947|soc_therm=33442|battery=29800|battery_cycle=5|dc-mains=34000|usbc-therm-adc=340|max77779fg=29800|LITTLE=36000|soc=8|smpl_gm=0|vdroop1=0|batoilo=0|batoilo2=0|batt_vs=29793|mdis_morepower=0|thb_hda=51|cp_on_chip_0=36000|cp_on_chip_1=37000|G3D=35000|cp_on_chip_2=37000|cp_on_chip_3=35000|cp_on_chip_4=35000|rf2_therm=33000|rf1_therm=34000|ISP=34000|TPU=35000|AUR=35000|rfpa_therm=30904|quiet_therm=31572|charging_therm=33442|,BIG=36000|MID=37000|usb_pwr_therm=29591|btmspkr_therm=29546|disp_therm=29546|north_therm=29947|soc_therm=33442|battery=29800|battery_cycle=5|dc-mains=34000|usbc-therm-adc=340|max77779fg=29800|LITTLE=36000|soc=8|smpl_gm=0|vdroop1=0|batoilo=0|batoilo2=0|batt_vs=29794|mdis_morepower=0|thb_hda=51|cp_on_chip_0=36000|cp_on_chip_1=37000|G3D=35000|cp_on_chip_2=37000|cp_on_chip_3=35000|cp_on_chip_4=35000|rf2_therm=33000|rf1_therm=34000|ISP=34000|TPU=35000|AUR=35000|rfpa_therm=30926|quiet_therm=31594|charging_therm=33486|,ok,39000,37000,0,37000,1,single,untouched,4096,4096,22,4096,3906,0,2055704,0,4,4,ok
1,17,protected,4,2130000,1549000,38000,38000,BIG=36000|MID=37000|usb_pwr_therm=29591|btmspkr_therm=29546|disp_therm=29546|north_therm=29947|soc_therm=33442|battery=29800|battery_cycle=5|dc-mains=34000|usbc-therm-adc=340|max77779fg=29800|LITTLE=36000|soc=8|smpl_gm=0|vdroop1=0|batoilo=0|batoilo2=0|batt_vs=29793|mdis_morepower=0|thb_hda=51|cp_on_chip_0=36000|cp_on_chip_1=37000|G3D=35000|cp_on_chip_2=37000|cp_on_chip_3=35000|cp_on_chip_4=35000|rf2_therm=33000|rf1_therm=34000|ISP=34000|TPU=35000|AUR=35000|rfpa_therm=30904|quiet_therm=31572|charging_therm=33442|,BIG=36000|MID=37000|usb_pwr_therm=29591|btmspkr_therm=29546|disp_therm=29546|north_therm=29947|soc_therm=33442|battery=29800|battery_cycle=5|dc-mains=34000|usbc-therm-adc=340|max77779fg=29800|LITTLE=36000|soc=8|smpl_gm=0|vdroop1=0|batoilo=0|batoilo2=0|batt_vs=29794|mdis_morepower=0|thb_hda=51|cp_on_chip_0=36000|cp_on_chip_1=37000|G3D=35000|cp_on_chip_2=37000|cp_on_chip_3=35000|cp_on_chip_4=35000|rf2_therm=33000|rf1_therm=34000|ISP=34000|TPU=35000|AUR=35000|rfpa_therm=30926|quiet_therm=31594|charging_therm=33486|,ok,39000,37000,0,37000,1,single,untouched,4096,4096,23,4096,4191,0,2007040,0,4,4,ok
1,17,protected,4,2130000,1549000,38000,38000,BIG=36000|MID=37000|usb_pwr_therm=29591|btmspkr_therm=29546|disp_therm=29546|north_therm=29947|soc_therm=33442|battery=29800|battery_cycle=5|dc-mains=34000|usbc-therm-adc=340|max77779fg=29800|LITTLE=36000|soc=8|smpl_gm=0|vdroop1=0|batoilo=0|batoilo2=0|batt_vs=29793|mdis_morepower=0|thb_hda=51|cp_on_chip_0=36000|cp_on_chip_1=37000|G3D=35000|cp_on_chip_2=37000|cp_on_chip_3=35000|cp_on_chip_4=35000|rf2_therm=33000|rf1_therm=34000|ISP=34000|TPU=35000|AUR=35000|rfpa_therm=30904|quiet_therm=31572|charging_therm=33442|,BIG=36000|MID=37000|usb_pwr_therm=29591|btmspkr_therm=29546|disp_therm=29546|north_therm=29947|soc_therm=33442|battery=29800|battery_cycle=5|dc-mains=34000|usbc-therm-adc=340|max77779fg=29800|LITTLE=36000|soc=8|smpl_gm=0|vdroop1=0|batoilo=0|batoilo2=0|batt_vs=29794|mdis_morepower=0|thb_hda=51|cp_on_chip_0=36000|cp_on_chip_1=37000|G3D=35000|cp_on_chip_2=37000|cp_on_chip_3=35000|cp_on_chip_4=35000|rf2_therm=33000|rf1_therm=34000|ISP=34000|TPU=35000|AUR=35000|rfpa_therm=30926|quiet_therm=31594|charging_therm=33486|,ok,39000,37000,0,37000,1,single,untouched,4096,4096,24,4096,3703,0,1947388,0,4,4,ok
1,17,protected,4,2130000,1549000,38000,38000,BIG=36000|MID=37000|usb_pwr_therm=29591|btmspkr_therm=29546|disp_therm=29546|north_therm=29947|soc_therm=33442|battery=29800|battery_cycle=5|dc-mains=34000|usbc-therm-adc=340|max77779fg=29800|LITTLE=36000|soc=8|smpl_gm=0|vdroop1=0|batoilo=0|batoilo2=0|batt_vs=29793|mdis_morepower=0|thb_hda=51|cp_on_chip_0=36000|cp_on_chip_1=37000|G3D=35000|cp_on_chip_2=37000|cp_on_chip_3=35000|cp_on_chip_4=35000|rf2_therm=33000|rf1_therm=34000|ISP=34000|TPU=35000|AUR=35000|rfpa_therm=30904|quiet_therm=31572|charging_therm=33442|,BIG=36000|MID=37000|usb_pwr_therm=29591|btmspkr_therm=29546|disp_therm=29546|north_therm=29947|soc_therm=33442|battery=29800|battery_cycle=5|dc-mains=34000|usbc-therm-adc=340|max77779fg=29800|LITTLE=36000|soc=8|smpl_gm=0|vdroop1=0|batoilo=0|batoilo2=0|batt_vs=29794|mdis_morepower=0|thb_hda=51|cp_on_chip_0=36000|cp_on_chip_1=37000|G3D=35000|cp_on_chip_2=37000|cp_on_chip_3=35000|cp_on_chip_4=35000|rf2_therm=33000|rf1_therm=34000|ISP=34000|TPU=35000|AUR=35000|rfpa_therm=30926|quiet_therm=31594|charging_therm=33486|,ok,39000,37000,0,37000,1,single,untouched,4096,4096,25,4096,3499,0,1954102,0,4,4,ok
1,17,protected,4,2130000,1549000,38000,38000,BIG=36000|MID=37000|usb_pwr_therm=29591|btmspkr_therm=29546|disp_therm=29546|north_therm=29947|soc_therm=33442|battery=29800|battery_cycle=5|dc-mains=34000|usbc-therm-adc=340|max77779fg=29800|LITTLE=36000|soc=8|smpl_gm=0|vdroop1=0|batoilo=0|batoilo2=0|batt_vs=29793|mdis_morepower=0|thb_hda=51|cp_on_chip_0=36000|cp_on_chip_1=37000|G3D=35000|cp_on_chip_2=37000|cp_on_chip_3=35000|cp_on_chip_4=35000|rf2_therm=33000|rf1_therm=34000|ISP=34000|TPU=35000|AUR=35000|rfpa_therm=30904|quiet_therm=31572|charging_therm=33442|,BIG=36000|MID=37000|usb_pwr_therm=29591|btmspkr_therm=29546|disp_therm=29546|north_therm=29947|soc_therm=33442|battery=29800|battery_cycle=5|dc-mains=34000|usbc-therm-adc=340|max77779fg=29800|LITTLE=36000|soc=8|smpl_gm=0|vdroop1=0|batoilo=0|batoilo2=0|batt_vs=29794|mdis_morepower=0|thb_hda=51|cp_on_chip_0=36000|cp_on_chip_1=37000|G3D=35000|cp_on_chip_2=37000|cp_on_chip_3=35000|cp_on_chip_4=35000|rf2_therm=33000|rf1_therm=34000|ISP=34000|TPU=35000|AUR=35000|rfpa_therm=30926|quiet_therm=31594|charging_therm=33486|,ok,39000,37000,0,37000,1,single,untouched,4096,4096,26,4096,2726,0,1946207,0,4,4,ok
1,17,protected,4,2130000,1549000,38000,38000,BIG=36000|MID=37000|usb_pwr_therm=29591|btmspkr_therm=29546|disp_therm=29546|north_therm=29947|soc_therm=33442|battery=29800|battery_cycle=5|dc-mains=34000|usbc-therm-adc=340|max77779fg=29800|LITTLE=36000|soc=8|smpl_gm=0|vdroop1=0|batoilo=0|batoilo2=0|batt_vs=29793|mdis_morepower=0|thb_hda=51|cp_on_chip_0=36000|cp_on_chip_1=37000|G3D=35000|cp_on_chip_2=37000|cp_on_chip_3=35000|cp_on_chip_4=35000|rf2_therm=33000|rf1_therm=34000|ISP=34000|TPU=35000|AUR=35000|rfpa_therm=30904|quiet_therm=31572|charging_therm=33442|,BIG=36000|MID=37000|usb_pwr_therm=29591|btmspkr_therm=29546|disp_therm=29546|north_therm=29947|soc_therm=33442|battery=29800|battery_cycle=5|dc-mains=34000|usbc-therm-adc=340|max77779fg=29800|LITTLE=36000|soc=8|smpl_gm=0|vdroop1=0|batoilo=0|batoilo2=0|batt_vs=29794|mdis_morepower=0|thb_hda=51|cp_on_chip_0=36000|cp_on_chip_1=37000|G3D=35000|cp_on_chip_2=37000|cp_on_chip_3=35000|cp_on_chip_4=35000|rf2_therm=33000|rf1_therm=34000|ISP=34000|TPU=35000|AUR=35000|rfpa_therm=30926|quiet_therm=31594|charging_therm=33486|,ok,39000,37000,0,37000,1,single,untouched,4096,4096,27,4096,3418,0,1966919,0,4,4,ok
1,17,protected,4,2130000,1549000,38000,38000,BIG=36000|MID=37000|usb_pwr_therm=29591|btmspkr_therm=29546|disp_therm=29546|north_therm=29947|soc_therm=33442|battery=29800|battery_cycle=5|dc-mains=34000|usbc-therm-adc=340|max77779fg=29800|LITTLE=36000|soc=8|smpl_gm=0|vdroop1=0|batoilo=0|batoilo2=0|batt_vs=29793|mdis_morepower=0|thb_hda=51|cp_on_chip_0=36000|cp_on_chip_1=37000|G3D=35000|cp_on_chip_2=37000|cp_on_chip_3=35000|cp_on_chip_4=35000|rf2_therm=33000|rf1_therm=34000|ISP=34000|TPU=35000|AUR=35000|rfpa_therm=30904|quiet_therm=31572|charging_therm=33442|,BIG=36000|MID=37000|usb_pwr_therm=29591|btmspkr_therm=29546|disp_therm=29546|north_therm=29947|soc_therm=33442|battery=29800|battery_cycle=5|dc-mains=34000|usbc-therm-adc=340|max77779fg=29800|LITTLE=36000|soc=8|smpl_gm=0|vdroop1=0|batoilo=0|batoilo2=0|batt_vs=29794|mdis_morepower=0|thb_hda=51|cp_on_chip_0=36000|cp_on_chip_1=37000|G3D=35000|cp_on_chip_2=37000|cp_on_chip_3=35000|cp_on_chip_4=35000|rf2_therm=33000|rf1_therm=34000|ISP=34000|TPU=35000|AUR=35000|rfpa_therm=30926|quiet_therm=31594|charging_therm=33486|,ok,39000,37000,0,37000,1,single,untouched,4096,4096,28,4096,3296,0,1947958,0,4,4,ok
1,17,protected,4,2130000,1549000,38000,38000,BIG=36000|MID=37000|usb_pwr_therm=29591|btmspkr_therm=29546|disp_therm=29546|north_therm=29947|soc_therm=33442|battery=29800|battery_cycle=5|dc-mains=34000|usbc-therm-adc=340|max77779fg=29800|LITTLE=36000|soc=8|smpl_gm=0|vdroop1=0|batoilo=0|batoilo2=0|batt_vs=29793|mdis_morepower=0|thb_hda=51|cp_on_chip_0=36000|cp_on_chip_1=37000|G3D=35000|cp_on_chip_2=37000|cp_on_chip_3=35000|cp_on_chip_4=35000|rf2_therm=33000|rf1_therm=34000|ISP=34000|TPU=35000|AUR=35000|rfpa_therm=30904|quiet_therm=31572|charging_therm=33442|,BIG=36000|MID=37000|usb_pwr_therm=29591|btmspkr_therm=29546|disp_therm=29546|north_therm=29947|soc_therm=33442|battery=29800|battery_cycle=5|dc-mains=34000|usbc-therm-adc=340|max77779fg=29800|LITTLE=36000|soc=8|smpl_gm=0|vdroop1=0|batoilo=0|batoilo2=0|batt_vs=29794|mdis_morepower=0|thb_hda=51|cp_on_chip_0=36000|cp_on_chip_1=37000|G3D=35000|cp_on_chip_2=37000|cp_on_chip_3=35000|cp_on_chip_4=35000|rf2_therm=33000|rf1_therm=34000|ISP=34000|TPU=35000|AUR=35000|rfpa_therm=30926|quiet_therm=31594|charging_therm=33486|,ok,39000,37000,0,37000,1,single,untouched,4096,4096,29,4096,3255,0,1843424,0,4,4,ok
1,18,protected,4,578000,2130000,37000,40000,BIG=36000|MID=37000|usb_pwr_therm=29591|btmspkr_therm=29546|disp_therm=29568|north_therm=29969|soc_therm=33486|battery=29800|battery_cycle=5|dc-mains=34000|usbc-therm-adc=335|max77779fg=29800|LITTLE=36000|soc=8|smpl_gm=0|vdroop1=0|batoilo=0|batoilo2=0|batt_vs=29793|mdis_morepower=0|thb_hda=51|cp_on_chip_0=36000|cp_on_chip_1=37000|G3D=35000|cp_on_chip_2=37000|cp_on_chip_3=35000|cp_on_chip_4=35000|rf2_therm=33000|rf1_therm=34000|ISP=34000|TPU=35000|AUR=35000|rfpa_therm=30949|quiet_therm=31616|charging_therm=33508|,BIG=37000|MID=36000|usb_pwr_therm=29613|btmspkr_therm=29546|disp_therm=29568|north_therm=29991|soc_therm=33508|battery=29800|battery_cycle=5|dc-mains=33500|usbc-therm-adc=335|max77779fg=29800|LITTLE=36000|soc=8|smpl_gm=0|vdroop1=0|batoilo=0|batoilo2=0|batt_vs=29794|mdis_morepower=0|thb_hda=51|cp_on_chip_0=36000|cp_on_chip_1=37000|G3D=35000|cp_on_chip_2=37000|cp_on_chip_3=35000|cp_on_chip_4=35000|rf2_therm=33000|rf1_therm=34000|ISP=34000|TPU=35000|AUR=35000|rfpa_therm=30949|quiet_therm=31616|charging_therm=33508|,ok,39000,37000,0,37000,1,single,untouched,4096,1024,0,1024,12167,0,648396,0,4,4,ok
1,18,protected,4,578000,2130000,37000,40000,BIG=36000|MID=37000|usb_pwr_therm=29591|btmspkr_therm=29546|disp_therm=29568|north_therm=29969|soc_therm=33486|battery=29800|battery_cycle=5|dc-mains=34000|usbc-therm-adc=335|max77779fg=29800|LITTLE=36000|soc=8|smpl_gm=0|vdroop1=0|batoilo=0|batoilo2=0|batt_vs=29793|mdis_morepower=0|thb_hda=51|cp_on_chip_0=36000|cp_on_chip_1=37000|G3D=35000|cp_on_chip_2=37000|cp_on_chip_3=35000|cp_on_chip_4=35000|rf2_therm=33000|rf1_therm=34000|ISP=34000|TPU=35000|AUR=35000|rfpa_therm=30949|quiet_therm=31616|charging_therm=33508|,BIG=37000|MID=36000|usb_pwr_therm=29613|btmspkr_therm=29546|disp_therm=29568|north_therm=29991|soc_therm=33508|battery=29800|battery_cycle=5|dc-mains=33500|usbc-therm-adc=335|max77779fg=29800|LITTLE=36000|soc=8|smpl_gm=0|vdroop1=0|batoilo=0|batoilo2=0|batt_vs=29794|mdis_morepower=0|thb_hda=51|cp_on_chip_0=36000|cp_on_chip_1=37000|G3D=35000|cp_on_chip_2=37000|cp_on_chip_3=35000|cp_on_chip_4=35000|rf2_therm=33000|rf1_therm=34000|ISP=34000|TPU=35000|AUR=35000|rfpa_therm=30949|quiet_therm=31616|charging_therm=33508|,ok,39000,37000,0,37000,1,single,untouched,4096,1024,1,1024,5615,0,712647,0,4,4,ok
1,18,protected,4,578000,2130000,37000,40000,BIG=36000|MID=37000|usb_pwr_therm=29591|btmspkr_therm=29546|disp_therm=29568|north_therm=29969|soc_therm=33486|battery=29800|battery_cycle=5|dc-mains=34000|usbc-therm-adc=335|max77779fg=29800|LITTLE=36000|soc=8|smpl_gm=0|vdroop1=0|batoilo=0|batoilo2=0|batt_vs=29793|mdis_morepower=0|thb_hda=51|cp_on_chip_0=36000|cp_on_chip_1=37000|G3D=35000|cp_on_chip_2=37000|cp_on_chip_3=35000|cp_on_chip_4=35000|rf2_therm=33000|rf1_therm=34000|ISP=34000|TPU=35000|AUR=35000|rfpa_therm=30949|quiet_therm=31616|charging_therm=33508|,BIG=37000|MID=36000|usb_pwr_therm=29613|btmspkr_therm=29546|disp_therm=29568|north_therm=29991|soc_therm=33508|battery=29800|battery_cycle=5|dc-mains=33500|usbc-therm-adc=335|max77779fg=29800|LITTLE=36000|soc=8|smpl_gm=0|vdroop1=0|batoilo=0|batoilo2=0|batt_vs=29794|mdis_morepower=0|thb_hda=51|cp_on_chip_0=36000|cp_on_chip_1=37000|G3D=35000|cp_on_chip_2=37000|cp_on_chip_3=35000|cp_on_chip_4=35000|rf2_therm=33000|rf1_therm=34000|ISP=34000|TPU=35000|AUR=35000|rfpa_therm=30949|quiet_therm=31616|charging_therm=33508|,ok,39000,37000,0,37000,1,single,untouched,4096,1024,2,1024,6185,0,642294,0,4,4,ok
1,18,protected,4,578000,2130000,37000,40000,BIG=36000|MID=37000|usb_pwr_therm=29591|btmspkr_therm=29546|disp_therm=29568|north_therm=29969|soc_therm=33486|battery=29800|battery_cycle=5|dc-mains=34000|usbc-therm-adc=335|max77779fg=29800|LITTLE=36000|soc=8|smpl_gm=0|vdroop1=0|batoilo=0|batoilo2=0|batt_vs=29793|mdis_morepower=0|thb_hda=51|cp_on_chip_0=36000|cp_on_chip_1=37000|G3D=35000|cp_on_chip_2=37000|cp_on_chip_3=35000|cp_on_chip_4=35000|rf2_therm=33000|rf1_therm=34000|ISP=34000|TPU=35000|AUR=35000|rfpa_therm=30949|quiet_therm=31616|charging_therm=33508|,BIG=37000|MID=36000|usb_pwr_therm=29613|btmspkr_therm=29546|disp_therm=29568|north_therm=29991|soc_therm=33508|battery=29800|battery_cycle=5|dc-mains=33500|usbc-therm-adc=335|max77779fg=29800|LITTLE=36000|soc=8|smpl_gm=0|vdroop1=0|batoilo=0|batoilo2=0|batt_vs=29794|mdis_morepower=0|thb_hda=51|cp_on_chip_0=36000|cp_on_chip_1=37000|G3D=35000|cp_on_chip_2=37000|cp_on_chip_3=35000|cp_on_chip_4=35000|rf2_therm=33000|rf1_therm=34000|ISP=34000|TPU=35000|AUR=35000|rfpa_therm=30949|quiet_therm=31616|charging_therm=33508|,ok,39000,37000,0,37000,1,single,untouched,4096,1024,3,1024,6103,0,643026,0,4,4,ok
1,18,protected,4,578000,2130000,37000,40000,BIG=36000|MID=37000|usb_pwr_therm=29591|btmspkr_therm=29546|disp_therm=29568|north_therm=29969|soc_therm=33486|battery=29800|battery_cycle=5|dc-mains=34000|usbc-therm-adc=335|max77779fg=29800|LITTLE=36000|soc=8|smpl_gm=0|vdroop1=0|batoilo=0|batoilo2=0|batt_vs=29793|mdis_morepower=0|thb_hda=51|cp_on_chip_0=36000|cp_on_chip_1=37000|G3D=35000|cp_on_chip_2=37000|cp_on_chip_3=35000|cp_on_chip_4=35000|rf2_therm=33000|rf1_therm=34000|ISP=34000|TPU=35000|AUR=35000|rfpa_therm=30949|quiet_therm=31616|charging_therm=33508|,BIG=37000|MID=36000|usb_pwr_therm=29613|btmspkr_therm=29546|disp_therm=29568|north_therm=29991|soc_therm=33508|battery=29800|battery_cycle=5|dc-mains=33500|usbc-therm-adc=335|max77779fg=29800|LITTLE=36000|soc=8|smpl_gm=0|vdroop1=0|batoilo=0|batoilo2=0|batt_vs=29794|mdis_morepower=0|thb_hda=51|cp_on_chip_0=36000|cp_on_chip_1=37000|G3D=35000|cp_on_chip_2=37000|cp_on_chip_3=35000|cp_on_chip_4=35000|rf2_therm=33000|rf1_therm=34000|ISP=34000|TPU=35000|AUR=35000|rfpa_therm=30949|quiet_therm=31616|charging_therm=33508|,ok,39000,37000,0,37000,1,single,untouched,4096,1024,4,1024,5819,0,642863,0,4,4,ok
1,18,protected,4,578000,2130000,37000,40000,BIG=36000|MID=37000|usb_pwr_therm=29591|btmspkr_therm=29546|disp_therm=29568|north_therm=29969|soc_therm=33486|battery=29800|battery_cycle=5|dc-mains=34000|usbc-therm-adc=335|max77779fg=29800|LITTLE=36000|soc=8|smpl_gm=0|vdroop1=0|batoilo=0|batoilo2=0|batt_vs=29793|mdis_morepower=0|thb_hda=51|cp_on_chip_0=36000|cp_on_chip_1=37000|G3D=35000|cp_on_chip_2=37000|cp_on_chip_3=35000|cp_on_chip_4=35000|rf2_therm=33000|rf1_therm=34000|ISP=34000|TPU=35000|AUR=35000|rfpa_therm=30949|quiet_therm=31616|charging_therm=33508|,BIG=37000|MID=36000|usb_pwr_therm=29613|btmspkr_therm=29546|disp_therm=29568|north_therm=29991|soc_therm=33508|battery=29800|battery_cycle=5|dc-mains=33500|usbc-therm-adc=335|max77779fg=29800|LITTLE=36000|soc=8|smpl_gm=0|vdroop1=0|batoilo=0|batoilo2=0|batt_vs=29794|mdis_morepower=0|thb_hda=51|cp_on_chip_0=36000|cp_on_chip_1=37000|G3D=35000|cp_on_chip_2=37000|cp_on_chip_3=35000|cp_on_chip_4=35000|rf2_therm=33000|rf1_therm=34000|ISP=34000|TPU=35000|AUR=35000|rfpa_therm=30949|quiet_therm=31616|charging_therm=33508|,ok,39000,37000,0,37000,1,single,untouched,4096,1024,5,1024,8138,0,643269,0,4,4,ok
1,18,protected,4,578000,2130000,37000,40000,BIG=36000|MID=37000|usb_pwr_therm=29591|btmspkr_therm=29546|disp_therm=29568|north_therm=29969|soc_therm=33486|battery=29800|battery_cycle=5|dc-mains=34000|usbc-therm-adc=335|max77779fg=29800|LITTLE=36000|soc=8|smpl_gm=0|vdroop1=0|batoilo=0|batoilo2=0|batt_vs=29793|mdis_morepower=0|thb_hda=51|cp_on_chip_0=36000|cp_on_chip_1=37000|G3D=35000|cp_on_chip_2=37000|cp_on_chip_3=35000|cp_on_chip_4=35000|rf2_therm=33000|rf1_therm=34000|ISP=34000|TPU=35000|AUR=35000|rfpa_therm=30949|quiet_therm=31616|charging_therm=33508|,BIG=37000|MID=36000|usb_pwr_therm=29613|btmspkr_therm=29546|disp_therm=29568|north_therm=29991|soc_therm=33508|battery=29800|battery_cycle=5|dc-mains=33500|usbc-therm-adc=335|max77779fg=29800|LITTLE=36000|soc=8|smpl_gm=0|vdroop1=0|batoilo=0|batoilo2=0|batt_vs=29794|mdis_morepower=0|thb_hda=51|cp_on_chip_0=36000|cp_on_chip_1=37000|G3D=35000|cp_on_chip_2=37000|cp_on_chip_3=35000|cp_on_chip_4=35000|rf2_therm=33000|rf1_therm=34000|ISP=34000|TPU=35000|AUR=35000|rfpa_therm=30949|quiet_therm=31616|charging_therm=33508|,ok,39000,37000,0,37000,1,single,untouched,4096,1024,6,1024,6552,0,642822,0,4,4,ok
1,18,protected,4,578000,2130000,37000,40000,BIG=36000|MID=37000|usb_pwr_therm=29591|btmspkr_therm=29546|disp_therm=29568|north_therm=29969|soc_therm=33486|battery=29800|battery_cycle=5|dc-mains=34000|usbc-therm-adc=335|max77779fg=29800|LITTLE=36000|soc=8|smpl_gm=0|vdroop1=0|batoilo=0|batoilo2=0|batt_vs=29793|mdis_morepower=0|thb_hda=51|cp_on_chip_0=36000|cp_on_chip_1=37000|G3D=35000|cp_on_chip_2=37000|cp_on_chip_3=35000|cp_on_chip_4=35000|rf2_therm=33000|rf1_therm=34000|ISP=34000|TPU=35000|AUR=35000|rfpa_therm=30949|quiet_therm=31616|charging_therm=33508|,BIG=37000|MID=36000|usb_pwr_therm=29613|btmspkr_therm=29546|disp_therm=29568|north_therm=29991|soc_therm=33508|battery=29800|battery_cycle=5|dc-mains=33500|usbc-therm-adc=335|max77779fg=29800|LITTLE=36000|soc=8|smpl_gm=0|vdroop1=0|batoilo=0|batoilo2=0|batt_vs=29794|mdis_morepower=0|thb_hda=51|cp_on_chip_0=36000|cp_on_chip_1=37000|G3D=35000|cp_on_chip_2=37000|cp_on_chip_3=35000|cp_on_chip_4=35000|rf2_therm=33000|rf1_therm=34000|ISP=34000|TPU=35000|AUR=35000|rfpa_therm=30949|quiet_therm=31616|charging_therm=33508|,ok,39000,37000,0,37000,1,single,untouched,4096,1024,7,1024,5045,0,690918,0,4,4,ok
1,18,protected,4,578000,2130000,37000,40000,BIG=36000|MID=37000|usb_pwr_therm=29591|btmspkr_therm=29546|disp_therm=29568|north_therm=29969|soc_therm=33486|battery=29800|battery_cycle=5|dc-mains=34000|usbc-therm-adc=335|max77779fg=29800|LITTLE=36000|soc=8|smpl_gm=0|vdroop1=0|batoilo=0|batoilo2=0|batt_vs=29793|mdis_morepower=0|thb_hda=51|cp_on_chip_0=36000|cp_on_chip_1=37000|G3D=35000|cp_on_chip_2=37000|cp_on_chip_3=35000|cp_on_chip_4=35000|rf2_therm=33000|rf1_therm=34000|ISP=34000|TPU=35000|AUR=35000|rfpa_therm=30949|quiet_therm=31616|charging_therm=33508|,BIG=37000|MID=36000|usb_pwr_therm=29613|btmspkr_therm=29546|disp_therm=29568|north_therm=29991|soc_therm=33508|battery=29800|battery_cycle=5|dc-mains=33500|usbc-therm-adc=335|max77779fg=29800|LITTLE=36000|soc=8|smpl_gm=0|vdroop1=0|batoilo=0|batoilo2=0|batt_vs=29794|mdis_morepower=0|thb_hda=51|cp_on_chip_0=36000|cp_on_chip_1=37000|G3D=35000|cp_on_chip_2=37000|cp_on_chip_3=35000|cp_on_chip_4=35000|rf2_therm=33000|rf1_therm=34000|ISP=34000|TPU=35000|AUR=35000|rfpa_therm=30949|quiet_therm=31616|charging_therm=33508|,ok,39000,37000,0,37000,1,single,untouched,4096,1024,8,1024,8545,0,643026,0,4,4,ok
1,18,protected,4,578000,2130000,37000,40000,BIG=36000|MID=37000|usb_pwr_therm=29591|btmspkr_therm=29546|disp_therm=29568|north_therm=29969|soc_therm=33486|battery=29800|battery_cycle=5|dc-mains=34000|usbc-therm-adc=335|max77779fg=29800|LITTLE=36000|soc=8|smpl_gm=0|vdroop1=0|batoilo=0|batoilo2=0|batt_vs=29793|mdis_morepower=0|thb_hda=51|cp_on_chip_0=36000|cp_on_chip_1=37000|G3D=35000|cp_on_chip_2=37000|cp_on_chip_3=35000|cp_on_chip_4=35000|rf2_therm=33000|rf1_therm=34000|ISP=34000|TPU=35000|AUR=35000|rfpa_therm=30949|quiet_therm=31616|charging_therm=33508|,BIG=37000|MID=36000|usb_pwr_therm=29613|btmspkr_therm=29546|disp_therm=29568|north_therm=29991|soc_therm=33508|battery=29800|battery_cycle=5|dc-mains=33500|usbc-therm-adc=335|max77779fg=29800|LITTLE=36000|soc=8|smpl_gm=0|vdroop1=0|batoilo=0|batoilo2=0|batt_vs=29794|mdis_morepower=0|thb_hda=51|cp_on_chip_0=36000|cp_on_chip_1=37000|G3D=35000|cp_on_chip_2=37000|cp_on_chip_3=35000|cp_on_chip_4=35000|rf2_therm=33000|rf1_therm=34000|ISP=34000|TPU=35000|AUR=35000|rfpa_therm=30949|quiet_therm=31616|charging_therm=33508|,ok,39000,37000,0,37000,1,single,untouched,4096,1024,9,1024,7325,0,643189,0,4,4,ok
1,18,protected,4,578000,2130000,37000,40000,BIG=36000|MID=37000|usb_pwr_therm=29591|btmspkr_therm=29546|disp_therm=29568|north_therm=29969|soc_therm=33486|battery=29800|battery_cycle=5|dc-mains=34000|usbc-therm-adc=335|max77779fg=29800|LITTLE=36000|soc=8|smpl_gm=0|vdroop1=0|batoilo=0|batoilo2=0|batt_vs=29793|mdis_morepower=0|thb_hda=51|cp_on_chip_0=36000|cp_on_chip_1=37000|G3D=35000|cp_on_chip_2=37000|cp_on_chip_3=35000|cp_on_chip_4=35000|rf2_therm=33000|rf1_therm=34000|ISP=34000|TPU=35000|AUR=35000|rfpa_therm=30949|quiet_therm=31616|charging_therm=33508|,BIG=37000|MID=36000|usb_pwr_therm=29613|btmspkr_therm=29546|disp_therm=29568|north_therm=29991|soc_therm=33508|battery=29800|battery_cycle=5|dc-mains=33500|usbc-therm-adc=335|max77779fg=29800|LITTLE=36000|soc=8|smpl_gm=0|vdroop1=0|batoilo=0|batoilo2=0|batt_vs=29794|mdis_morepower=0|thb_hda=51|cp_on_chip_0=36000|cp_on_chip_1=37000|G3D=35000|cp_on_chip_2=37000|cp_on_chip_3=35000|cp_on_chip_4=35000|rf2_therm=33000|rf1_therm=34000|ISP=34000|TPU=35000|AUR=35000|rfpa_therm=30949|quiet_therm=31616|charging_therm=33508|,ok,39000,37000,0,37000,1,single,untouched,4096,1024,10,1024,5859,0,642741,0,4,4,ok
1,18,protected,4,578000,2130000,37000,40000,BIG=36000|MID=37000|usb_pwr_therm=29591|btmspkr_therm=29546|disp_therm=29568|north_therm=29969|soc_therm=33486|battery=29800|battery_cycle=5|dc-mains=34000|usbc-therm-adc=335|max77779fg=29800|LITTLE=36000|soc=8|smpl_gm=0|vdroop1=0|batoilo=0|batoilo2=0|batt_vs=29793|mdis_morepower=0|thb_hda=51|cp_on_chip_0=36000|cp_on_chip_1=37000|G3D=35000|cp_on_chip_2=37000|cp_on_chip_3=35000|cp_on_chip_4=35000|rf2_therm=33000|rf1_therm=34000|ISP=34000|TPU=35000|AUR=35000|rfpa_therm=30949|quiet_therm=31616|charging_therm=33508|,BIG=37000|MID=36000|usb_pwr_therm=29613|btmspkr_therm=29546|disp_therm=29568|north_therm=29991|soc_therm=33508|battery=29800|battery_cycle=5|dc-mains=33500|usbc-therm-adc=335|max77779fg=29800|LITTLE=36000|soc=8|smpl_gm=0|vdroop1=0|batoilo=0|batoilo2=0|batt_vs=29794|mdis_morepower=0|thb_hda=51|cp_on_chip_0=36000|cp_on_chip_1=37000|G3D=35000|cp_on_chip_2=37000|cp_on_chip_3=35000|cp_on_chip_4=35000|rf2_therm=33000|rf1_therm=34000|ISP=34000|TPU=35000|AUR=35000|rfpa_therm=30949|quiet_therm=31616|charging_therm=33508|,ok,39000,37000,0,37000,1,single,untouched,4096,1024,11,1024,4964,0,643107,0,4,4,ok
1,18,protected,4,578000,2130000,37000,40000,BIG=36000|MID=37000|usb_pwr_therm=29591|btmspkr_therm=29546|disp_therm=29568|north_therm=29969|soc_therm=33486|battery=29800|battery_cycle=5|dc-mains=34000|usbc-therm-adc=335|max77779fg=29800|LITTLE=36000|soc=8|smpl_gm=0|vdroop1=0|batoilo=0|batoilo2=0|batt_vs=29793|mdis_morepower=0|thb_hda=51|cp_on_chip_0=36000|cp_on_chip_1=37000|G3D=35000|cp_on_chip_2=37000|cp_on_chip_3=35000|cp_on_chip_4=35000|rf2_therm=33000|rf1_therm=34000|ISP=34000|TPU=35000|AUR=35000|rfpa_therm=30949|quiet_therm=31616|charging_therm=33508|,BIG=37000|MID=36000|usb_pwr_therm=29613|btmspkr_therm=29546|disp_therm=29568|north_therm=29991|soc_therm=33508|battery=29800|battery_cycle=5|dc-mains=33500|usbc-therm-adc=335|max77779fg=29800|LITTLE=36000|soc=8|smpl_gm=0|vdroop1=0|batoilo=0|batoilo2=0|batt_vs=29794|mdis_morepower=0|thb_hda=51|cp_on_chip_0=36000|cp_on_chip_1=37000|G3D=35000|cp_on_chip_2=37000|cp_on_chip_3=35000|cp_on_chip_4=35000|rf2_therm=33000|rf1_therm=34000|ISP=34000|TPU=35000|AUR=35000|rfpa_therm=30949|quiet_therm=31616|charging_therm=33508|,ok,39000,37000,0,37000,1,single,untouched,4096,1024,12,1024,5127,0,642619,0,4,4,ok
1,18,protected,4,578000,2130000,37000,40000,BIG=36000|MID=37000|usb_pwr_therm=29591|btmspkr_therm=29546|disp_therm=29568|north_therm=29969|soc_therm=33486|battery=29800|battery_cycle=5|dc-mains=34000|usbc-therm-adc=335|max77779fg=29800|LITTLE=36000|soc=8|smpl_gm=0|vdroop1=0|batoilo=0|batoilo2=0|batt_vs=29793|mdis_morepower=0|thb_hda=51|cp_on_chip_0=36000|cp_on_chip_1=37000|G3D=35000|cp_on_chip_2=37000|cp_on_chip_3=35000|cp_on_chip_4=35000|rf2_therm=33000|rf1_therm=34000|ISP=34000|TPU=35000|AUR=35000|rfpa_therm=30949|quiet_therm=31616|charging_therm=33508|,BIG=37000|MID=36000|usb_pwr_therm=29613|btmspkr_therm=29546|disp_therm=29568|north_therm=29991|soc_therm=33508|battery=29800|battery_cycle=5|dc-mains=33500|usbc-therm-adc=335|max77779fg=29800|LITTLE=36000|soc=8|smpl_gm=0|vdroop1=0|batoilo=0|batoilo2=0|batt_vs=29794|mdis_morepower=0|thb_hda=51|cp_on_chip_0=36000|cp_on_chip_1=37000|G3D=35000|cp_on_chip_2=37000|cp_on_chip_3=35000|cp_on_chip_4=35000|rf2_therm=33000|rf1_therm=34000|ISP=34000|TPU=35000|AUR=35000|rfpa_therm=30949|quiet_therm=31616|charging_therm=33508|,ok,39000,37000,0,37000,1,single,untouched,4096,1024,13,1024,9602,0,647298,0,4,4,ok
1,18,protected,4,578000,2130000,37000,40000,BIG=36000|MID=37000|usb_pwr_therm=29591|btmspkr_therm=29546|disp_therm=29568|north_therm=29969|soc_therm=33486|battery=29800|battery_cycle=5|dc-mains=34000|usbc-therm-adc=335|max77779fg=29800|LITTLE=36000|soc=8|smpl_gm=0|vdroop1=0|batoilo=0|batoilo2=0|batt_vs=29793|mdis_morepower=0|thb_hda=51|cp_on_chip_0=36000|cp_on_chip_1=37000|G3D=35000|cp_on_chip_2=37000|cp_on_chip_3=35000|cp_on_chip_4=35000|rf2_therm=33000|rf1_therm=34000|ISP=34000|TPU=35000|AUR=35000|rfpa_therm=30949|quiet_therm=31616|charging_therm=33508|,BIG=37000|MID=36000|usb_pwr_therm=29613|btmspkr_therm=29546|disp_therm=29568|north_therm=29991|soc_therm=33508|battery=29800|battery_cycle=5|dc-mains=33500|usbc-therm-adc=335|max77779fg=29800|LITTLE=36000|soc=8|smpl_gm=0|vdroop1=0|batoilo=0|batoilo2=0|batt_vs=29794|mdis_morepower=0|thb_hda=51|cp_on_chip_0=36000|cp_on_chip_1=37000|G3D=35000|cp_on_chip_2=37000|cp_on_chip_3=35000|cp_on_chip_4=35000|rf2_therm=33000|rf1_therm=34000|ISP=34000|TPU=35000|AUR=35000|rfpa_therm=30949|quiet_therm=31616|charging_therm=33508|,ok,39000,37000,0,37000,1,single,untouched,4096,1024,14,1024,7161,0,593547,0,4,4,ok
1,18,protected,4,578000,2130000,37000,40000,BIG=36000|MID=37000|usb_pwr_therm=29591|btmspkr_therm=29546|disp_therm=29568|north_therm=29969|soc_therm=33486|battery=29800|battery_cycle=5|dc-mains=34000|usbc-therm-adc=335|max77779fg=29800|LITTLE=36000|soc=8|smpl_gm=0|vdroop1=0|batoilo=0|batoilo2=0|batt_vs=29793|mdis_morepower=0|thb_hda=51|cp_on_chip_0=36000|cp_on_chip_1=37000|G3D=35000|cp_on_chip_2=37000|cp_on_chip_3=35000|cp_on_chip_4=35000|rf2_therm=33000|rf1_therm=34000|ISP=34000|TPU=35000|AUR=35000|rfpa_therm=30949|quiet_therm=31616|charging_therm=33508|,BIG=37000|MID=36000|usb_pwr_therm=29613|btmspkr_therm=29546|disp_therm=29568|north_therm=29991|soc_therm=33508|battery=29800|battery_cycle=5|dc-mains=33500|usbc-therm-adc=335|max77779fg=29800|LITTLE=36000|soc=8|smpl_gm=0|vdroop1=0|batoilo=0|batoilo2=0|batt_vs=29794|mdis_morepower=0|thb_hda=51|cp_on_chip_0=36000|cp_on_chip_1=37000|G3D=35000|cp_on_chip_2=37000|cp_on_chip_3=35000|cp_on_chip_4=35000|rf2_therm=33000|rf1_therm=34000|ISP=34000|TPU=35000|AUR=35000|rfpa_therm=30949|quiet_therm=31616|charging_therm=33508|,ok,39000,37000,0,37000,1,single,untouched,4096,1024,15,1024,6307,0,592692,0,4,4,ok
1,18,protected,4,578000,2130000,37000,40000,BIG=36000|MID=37000|usb_pwr_therm=29591|btmspkr_therm=29546|disp_therm=29568|north_therm=29969|soc_therm=33486|battery=29800|battery_cycle=5|dc-mains=34000|usbc-therm-adc=335|max77779fg=29800|LITTLE=36000|soc=8|smpl_gm=0|vdroop1=0|batoilo=0|batoilo2=0|batt_vs=29793|mdis_morepower=0|thb_hda=51|cp_on_chip_0=36000|cp_on_chip_1=37000|G3D=35000|cp_on_chip_2=37000|cp_on_chip_3=35000|cp_on_chip_4=35000|rf2_therm=33000|rf1_therm=34000|ISP=34000|TPU=35000|AUR=35000|rfpa_therm=30949|quiet_therm=31616|charging_therm=33508|,BIG=37000|MID=36000|usb_pwr_therm=29613|btmspkr_therm=29546|disp_therm=29568|north_therm=29991|soc_therm=33508|battery=29800|battery_cycle=5|dc-mains=33500|usbc-therm-adc=335|max77779fg=29800|LITTLE=36000|soc=8|smpl_gm=0|vdroop1=0|batoilo=0|batoilo2=0|batt_vs=29794|mdis_morepower=0|thb_hda=51|cp_on_chip_0=36000|cp_on_chip_1=37000|G3D=35000|cp_on_chip_2=37000|cp_on_chip_3=35000|cp_on_chip_4=35000|rf2_therm=33000|rf1_therm=34000|ISP=34000|TPU=35000|AUR=35000|rfpa_therm=30949|quiet_therm=31616|charging_therm=33508|,ok,39000,37000,0,37000,1,single,untouched,4096,1024,16,1024,6307,0,592977,0,4,4,ok
1,18,protected,4,578000,2130000,37000,40000,BIG=36000|MID=37000|usb_pwr_therm=29591|btmspkr_therm=29546|disp_therm=29568|north_therm=29969|soc_therm=33486|battery=29800|battery_cycle=5|dc-mains=34000|usbc-therm-adc=335|max77779fg=29800|LITTLE=36000|soc=8|smpl_gm=0|vdroop1=0|batoilo=0|batoilo2=0|batt_vs=29793|mdis_morepower=0|thb_hda=51|cp_on_chip_0=36000|cp_on_chip_1=37000|G3D=35000|cp_on_chip_2=37000|cp_on_chip_3=35000|cp_on_chip_4=35000|rf2_therm=33000|rf1_therm=34000|ISP=34000|TPU=35000|AUR=35000|rfpa_therm=30949|quiet_therm=31616|charging_therm=33508|,BIG=37000|MID=36000|usb_pwr_therm=29613|btmspkr_therm=29546|disp_therm=29568|north_therm=29991|soc_therm=33508|battery=29800|battery_cycle=5|dc-mains=33500|usbc-therm-adc=335|max77779fg=29800|LITTLE=36000|soc=8|smpl_gm=0|vdroop1=0|batoilo=0|batoilo2=0|batt_vs=29794|mdis_morepower=0|thb_hda=51|cp_on_chip_0=36000|cp_on_chip_1=37000|G3D=35000|cp_on_chip_2=37000|cp_on_chip_3=35000|cp_on_chip_4=35000|rf2_therm=33000|rf1_therm=34000|ISP=34000|TPU=35000|AUR=35000|rfpa_therm=30949|quiet_therm=31616|charging_therm=33508|,ok,39000,37000,0,37000,1,single,untouched,4096,1024,17,1024,7446,0,592610,0,4,4,ok
1,18,protected,4,578000,2130000,37000,40000,BIG=36000|MID=37000|usb_pwr_therm=29591|btmspkr_therm=29546|disp_therm=29568|north_therm=29969|soc_therm=33486|battery=29800|battery_cycle=5|dc-mains=34000|usbc-therm-adc=335|max77779fg=29800|LITTLE=36000|soc=8|smpl_gm=0|vdroop1=0|batoilo=0|batoilo2=0|batt_vs=29793|mdis_morepower=0|thb_hda=51|cp_on_chip_0=36000|cp_on_chip_1=37000|G3D=35000|cp_on_chip_2=37000|cp_on_chip_3=35000|cp_on_chip_4=35000|rf2_therm=33000|rf1_therm=34000|ISP=34000|TPU=35000|AUR=35000|rfpa_therm=30949|quiet_therm=31616|charging_therm=33508|,BIG=37000|MID=36000|usb_pwr_therm=29613|btmspkr_therm=29546|disp_therm=29568|north_therm=29991|soc_therm=33508|battery=29800|battery_cycle=5|dc-mains=33500|usbc-therm-adc=335|max77779fg=29800|LITTLE=36000|soc=8|smpl_gm=0|vdroop1=0|batoilo=0|batoilo2=0|batt_vs=29794|mdis_morepower=0|thb_hda=51|cp_on_chip_0=36000|cp_on_chip_1=37000|G3D=35000|cp_on_chip_2=37000|cp_on_chip_3=35000|cp_on_chip_4=35000|rf2_therm=33000|rf1_therm=34000|ISP=34000|TPU=35000|AUR=35000|rfpa_therm=30949|quiet_therm=31616|charging_therm=33508|,ok,39000,37000,0,37000,1,single,untouched,4096,1024,18,1024,7813,0,593465,0,4,4,ok
1,18,protected,4,578000,2130000,37000,40000,BIG=36000|MID=37000|usb_pwr_therm=29591|btmspkr_therm=29546|disp_therm=29568|north_therm=29969|soc_therm=33486|battery=29800|battery_cycle=5|dc-mains=34000|usbc-therm-adc=335|max77779fg=29800|LITTLE=36000|soc=8|smpl_gm=0|vdroop1=0|batoilo=0|batoilo2=0|batt_vs=29793|mdis_morepower=0|thb_hda=51|cp_on_chip_0=36000|cp_on_chip_1=37000|G3D=35000|cp_on_chip_2=37000|cp_on_chip_3=35000|cp_on_chip_4=35000|rf2_therm=33000|rf1_therm=34000|ISP=34000|TPU=35000|AUR=35000|rfpa_therm=30949|quiet_therm=31616|charging_therm=33508|,BIG=37000|MID=36000|usb_pwr_therm=29613|btmspkr_therm=29546|disp_therm=29568|north_therm=29991|soc_therm=33508|battery=29800|battery_cycle=5|dc-mains=33500|usbc-therm-adc=335|max77779fg=29800|LITTLE=36000|soc=8|smpl_gm=0|vdroop1=0|batoilo=0|batoilo2=0|batt_vs=29794|mdis_morepower=0|thb_hda=51|cp_on_chip_0=36000|cp_on_chip_1=37000|G3D=35000|cp_on_chip_2=37000|cp_on_chip_3=35000|cp_on_chip_4=35000|rf2_therm=33000|rf1_therm=34000|ISP=34000|TPU=35000|AUR=35000|rfpa_therm=30949|quiet_therm=31616|charging_therm=33508|,ok,39000,37000,0,37000,1,single,untouched,4096,1024,19,1024,6103,0,601359,0,4,4,ok
1,18,protected,4,578000,2130000,37000,40000,BIG=36000|MID=37000|usb_pwr_therm=29591|btmspkr_therm=29546|disp_therm=29568|north_therm=29969|soc_therm=33486|battery=29800|battery_cycle=5|dc-mains=34000|usbc-therm-adc=335|max77779fg=29800|LITTLE=36000|soc=8|smpl_gm=0|vdroop1=0|batoilo=0|batoilo2=0|batt_vs=29793|mdis_morepower=0|thb_hda=51|cp_on_chip_0=36000|cp_on_chip_1=37000|G3D=35000|cp_on_chip_2=37000|cp_on_chip_3=35000|cp_on_chip_4=35000|rf2_therm=33000|rf1_therm=34000|ISP=34000|TPU=35000|AUR=35000|rfpa_therm=30949|quiet_therm=31616|charging_therm=33508|,BIG=37000|MID=36000|usb_pwr_therm=29613|btmspkr_therm=29546|disp_therm=29568|north_therm=29991|soc_therm=33508|battery=29800|battery_cycle=5|dc-mains=33500|usbc-therm-adc=335|max77779fg=29800|LITTLE=36000|soc=8|smpl_gm=0|vdroop1=0|batoilo=0|batoilo2=0|batt_vs=29794|mdis_morepower=0|thb_hda=51|cp_on_chip_0=36000|cp_on_chip_1=37000|G3D=35000|cp_on_chip_2=37000|cp_on_chip_3=35000|cp_on_chip_4=35000|rf2_therm=33000|rf1_therm=34000|ISP=34000|TPU=35000|AUR=35000|rfpa_therm=30949|quiet_therm=31616|charging_therm=33508|,ok,39000,37000,0,37000,1,single,untouched,4096,1024,20,1024,5901,0,592896,0,4,4,ok
1,18,protected,4,578000,2130000,37000,40000,BIG=36000|MID=37000|usb_pwr_therm=29591|btmspkr_therm=29546|disp_therm=29568|north_therm=29969|soc_therm=33486|battery=29800|battery_cycle=5|dc-mains=34000|usbc-therm-adc=335|max77779fg=29800|LITTLE=36000|soc=8|smpl_gm=0|vdroop1=0|batoilo=0|batoilo2=0|batt_vs=29793|mdis_morepower=0|thb_hda=51|cp_on_chip_0=36000|cp_on_chip_1=37000|G3D=35000|cp_on_chip_2=37000|cp_on_chip_3=35000|cp_on_chip_4=35000|rf2_therm=33000|rf1_therm=34000|ISP=34000|TPU=35000|AUR=35000|rfpa_therm=30949|quiet_therm=31616|charging_therm=33508|,BIG=37000|MID=36000|usb_pwr_therm=29613|btmspkr_therm=29546|disp_therm=29568|north_therm=29991|soc_therm=33508|battery=29800|battery_cycle=5|dc-mains=33500|usbc-therm-adc=335|max77779fg=29800|LITTLE=36000|soc=8|smpl_gm=0|vdroop1=0|batoilo=0|batoilo2=0|batt_vs=29794|mdis_morepower=0|thb_hda=51|cp_on_chip_0=36000|cp_on_chip_1=37000|G3D=35000|cp_on_chip_2=37000|cp_on_chip_3=35000|cp_on_chip_4=35000|rf2_therm=33000|rf1_therm=34000|ISP=34000|TPU=35000|AUR=35000|rfpa_therm=30949|quiet_therm=31616|charging_therm=33508|,ok,39000,37000,0,37000,1,single,untouched,4096,1024,21,1024,5412,0,593303,0,4,4,ok
1,18,protected,4,578000,2130000,37000,40000,BIG=36000|MID=37000|usb_pwr_therm=29591|btmspkr_therm=29546|disp_therm=29568|north_therm=29969|soc_therm=33486|battery=29800|battery_cycle=5|dc-mains=34000|usbc-therm-adc=335|max77779fg=29800|LITTLE=36000|soc=8|smpl_gm=0|vdroop1=0|batoilo=0|batoilo2=0|batt_vs=29793|mdis_morepower=0|thb_hda=51|cp_on_chip_0=36000|cp_on_chip_1=37000|G3D=35000|cp_on_chip_2=37000|cp_on_chip_3=35000|cp_on_chip_4=35000|rf2_therm=33000|rf1_therm=34000|ISP=34000|TPU=35000|AUR=35000|rfpa_therm=30949|quiet_therm=31616|charging_therm=33508|,BIG=37000|MID=36000|usb_pwr_therm=29613|btmspkr_therm=29546|disp_therm=29568|north_therm=29991|soc_therm=33508|battery=29800|battery_cycle=5|dc-mains=33500|usbc-therm-adc=335|max77779fg=29800|LITTLE=36000|soc=8|smpl_gm=0|vdroop1=0|batoilo=0|batoilo2=0|batt_vs=29794|mdis_morepower=0|thb_hda=51|cp_on_chip_0=36000|cp_on_chip_1=37000|G3D=35000|cp_on_chip_2=37000|cp_on_chip_3=35000|cp_on_chip_4=35000|rf2_therm=33000|rf1_therm=34000|ISP=34000|TPU=35000|AUR=35000|rfpa_therm=30949|quiet_therm=31616|charging_therm=33508|,ok,39000,37000,0,37000,1,single,untouched,4096,1024,22,1024,4842,0,592448,0,4,4,ok
1,18,protected,4,578000,2130000,37000,40000,BIG=36000|MID=37000|usb_pwr_therm=29591|btmspkr_therm=29546|disp_therm=29568|north_therm=29969|soc_therm=33486|battery=29800|battery_cycle=5|dc-mains=34000|usbc-therm-adc=335|max77779fg=29800|LITTLE=36000|soc=8|smpl_gm=0|vdroop1=0|batoilo=0|batoilo2=0|batt_vs=29793|mdis_morepower=0|thb_hda=51|cp_on_chip_0=36000|cp_on_chip_1=37000|G3D=35000|cp_on_chip_2=37000|cp_on_chip_3=35000|cp_on_chip_4=35000|rf2_therm=33000|rf1_therm=34000|ISP=34000|TPU=35000|AUR=35000|rfpa_therm=30949|quiet_therm=31616|charging_therm=33508|,BIG=37000|MID=36000|usb_pwr_therm=29613|btmspkr_therm=29546|disp_therm=29568|north_therm=29991|soc_therm=33508|battery=29800|battery_cycle=5|dc-mains=33500|usbc-therm-adc=335|max77779fg=29800|LITTLE=36000|soc=8|smpl_gm=0|vdroop1=0|batoilo=0|batoilo2=0|batt_vs=29794|mdis_morepower=0|thb_hda=51|cp_on_chip_0=36000|cp_on_chip_1=37000|G3D=35000|cp_on_chip_2=37000|cp_on_chip_3=35000|cp_on_chip_4=35000|rf2_therm=33000|rf1_therm=34000|ISP=34000|TPU=35000|AUR=35000|rfpa_therm=30949|quiet_therm=31616|charging_therm=33508|,ok,39000,37000,0,37000,1,single,untouched,4096,1024,23,1024,4720,0,592408,0,4,4,ok
1,18,protected,4,578000,2130000,37000,40000,BIG=36000|MID=37000|usb_pwr_therm=29591|btmspkr_therm=29546|disp_therm=29568|north_therm=29969|soc_therm=33486|battery=29800|battery_cycle=5|dc-mains=34000|usbc-therm-adc=335|max77779fg=29800|LITTLE=36000|soc=8|smpl_gm=0|vdroop1=0|batoilo=0|batoilo2=0|batt_vs=29793|mdis_morepower=0|thb_hda=51|cp_on_chip_0=36000|cp_on_chip_1=37000|G3D=35000|cp_on_chip_2=37000|cp_on_chip_3=35000|cp_on_chip_4=35000|rf2_therm=33000|rf1_therm=34000|ISP=34000|TPU=35000|AUR=35000|rfpa_therm=30949|quiet_therm=31616|charging_therm=33508|,BIG=37000|MID=36000|usb_pwr_therm=29613|btmspkr_therm=29546|disp_therm=29568|north_therm=29991|soc_therm=33508|battery=29800|battery_cycle=5|dc-mains=33500|usbc-therm-adc=335|max77779fg=29800|LITTLE=36000|soc=8|smpl_gm=0|vdroop1=0|batoilo=0|batoilo2=0|batt_vs=29794|mdis_morepower=0|thb_hda=51|cp_on_chip_0=36000|cp_on_chip_1=37000|G3D=35000|cp_on_chip_2=37000|cp_on_chip_3=35000|cp_on_chip_4=35000|rf2_therm=33000|rf1_therm=34000|ISP=34000|TPU=35000|AUR=35000|rfpa_therm=30949|quiet_therm=31616|charging_therm=33508|,ok,39000,37000,0,37000,1,single,untouched,4096,1024,24,1024,5005,0,592570,0,4,4,ok
1,18,protected,4,578000,2130000,37000,40000,BIG=36000|MID=37000|usb_pwr_therm=29591|btmspkr_therm=29546|disp_therm=29568|north_therm=29969|soc_therm=33486|battery=29800|battery_cycle=5|dc-mains=34000|usbc-therm-adc=335|max77779fg=29800|LITTLE=36000|soc=8|smpl_gm=0|vdroop1=0|batoilo=0|batoilo2=0|batt_vs=29793|mdis_morepower=0|thb_hda=51|cp_on_chip_0=36000|cp_on_chip_1=37000|G3D=35000|cp_on_chip_2=37000|cp_on_chip_3=35000|cp_on_chip_4=35000|rf2_therm=33000|rf1_therm=34000|ISP=34000|TPU=35000|AUR=35000|rfpa_therm=30949|quiet_therm=31616|charging_therm=33508|,BIG=37000|MID=36000|usb_pwr_therm=29613|btmspkr_therm=29546|disp_therm=29568|north_therm=29991|soc_therm=33508|battery=29800|battery_cycle=5|dc-mains=33500|usbc-therm-adc=335|max77779fg=29800|LITTLE=36000|soc=8|smpl_gm=0|vdroop1=0|batoilo=0|batoilo2=0|batt_vs=29794|mdis_morepower=0|thb_hda=51|cp_on_chip_0=36000|cp_on_chip_1=37000|G3D=35000|cp_on_chip_2=37000|cp_on_chip_3=35000|cp_on_chip_4=35000|rf2_therm=33000|rf1_therm=34000|ISP=34000|TPU=35000|AUR=35000|rfpa_therm=30949|quiet_therm=31616|charging_therm=33508|,ok,39000,37000,0,37000,1,single,untouched,4096,1024,25,1024,7161,0,634195,0,4,4,ok
1,18,protected,4,578000,2130000,37000,40000,BIG=36000|MID=37000|usb_pwr_therm=29591|btmspkr_therm=29546|disp_therm=29568|north_therm=29969|soc_therm=33486|battery=29800|battery_cycle=5|dc-mains=34000|usbc-therm-adc=335|max77779fg=29800|LITTLE=36000|soc=8|smpl_gm=0|vdroop1=0|batoilo=0|batoilo2=0|batt_vs=29793|mdis_morepower=0|thb_hda=51|cp_on_chip_0=36000|cp_on_chip_1=37000|G3D=35000|cp_on_chip_2=37000|cp_on_chip_3=35000|cp_on_chip_4=35000|rf2_therm=33000|rf1_therm=34000|ISP=34000|TPU=35000|AUR=35000|rfpa_therm=30949|quiet_therm=31616|charging_therm=33508|,BIG=37000|MID=36000|usb_pwr_therm=29613|btmspkr_therm=29546|disp_therm=29568|north_therm=29991|soc_therm=33508|battery=29800|battery_cycle=5|dc-mains=33500|usbc-therm-adc=335|max77779fg=29800|LITTLE=36000|soc=8|smpl_gm=0|vdroop1=0|batoilo=0|batoilo2=0|batt_vs=29794|mdis_morepower=0|thb_hda=51|cp_on_chip_0=36000|cp_on_chip_1=37000|G3D=35000|cp_on_chip_2=37000|cp_on_chip_3=35000|cp_on_chip_4=35000|rf2_therm=33000|rf1_therm=34000|ISP=34000|TPU=35000|AUR=35000|rfpa_therm=30949|quiet_therm=31616|charging_therm=33508|,ok,39000,37000,0,37000,1,single,untouched,4096,1024,26,1024,4680,0,594970,0,4,4,ok
1,18,protected,4,578000,2130000,37000,40000,BIG=36000|MID=37000|usb_pwr_therm=29591|btmspkr_therm=29546|disp_therm=29568|north_therm=29969|soc_therm=33486|battery=29800|battery_cycle=5|dc-mains=34000|usbc-therm-adc=335|max77779fg=29800|LITTLE=36000|soc=8|smpl_gm=0|vdroop1=0|batoilo=0|batoilo2=0|batt_vs=29793|mdis_morepower=0|thb_hda=51|cp_on_chip_0=36000|cp_on_chip_1=37000|G3D=35000|cp_on_chip_2=37000|cp_on_chip_3=35000|cp_on_chip_4=35000|rf2_therm=33000|rf1_therm=34000|ISP=34000|TPU=35000|AUR=35000|rfpa_therm=30949|quiet_therm=31616|charging_therm=33508|,BIG=37000|MID=36000|usb_pwr_therm=29613|btmspkr_therm=29546|disp_therm=29568|north_therm=29991|soc_therm=33508|battery=29800|battery_cycle=5|dc-mains=33500|usbc-therm-adc=335|max77779fg=29800|LITTLE=36000|soc=8|smpl_gm=0|vdroop1=0|batoilo=0|batoilo2=0|batt_vs=29794|mdis_morepower=0|thb_hda=51|cp_on_chip_0=36000|cp_on_chip_1=37000|G3D=35000|cp_on_chip_2=37000|cp_on_chip_3=35000|cp_on_chip_4=35000|rf2_therm=33000|rf1_therm=34000|ISP=34000|TPU=35000|AUR=35000|rfpa_therm=30949|quiet_therm=31616|charging_therm=33508|,ok,39000,37000,0,37000,1,single,untouched,4096,1024,27,1024,5127,0,592570,0,4,4,ok
1,18,protected,4,578000,2130000,37000,40000,BIG=36000|MID=37000|usb_pwr_therm=29591|btmspkr_therm=29546|disp_therm=29568|north_therm=29969|soc_therm=33486|battery=29800|battery_cycle=5|dc-mains=34000|usbc-therm-adc=335|max77779fg=29800|LITTLE=36000|soc=8|smpl_gm=0|vdroop1=0|batoilo=0|batoilo2=0|batt_vs=29793|mdis_morepower=0|thb_hda=51|cp_on_chip_0=36000|cp_on_chip_1=37000|G3D=35000|cp_on_chip_2=37000|cp_on_chip_3=35000|cp_on_chip_4=35000|rf2_therm=33000|rf1_therm=34000|ISP=34000|TPU=35000|AUR=35000|rfpa_therm=30949|quiet_therm=31616|charging_therm=33508|,BIG=37000|MID=36000|usb_pwr_therm=29613|btmspkr_therm=29546|disp_therm=29568|north_therm=29991|soc_therm=33508|battery=29800|battery_cycle=5|dc-mains=33500|usbc-therm-adc=335|max77779fg=29800|LITTLE=36000|soc=8|smpl_gm=0|vdroop1=0|batoilo=0|batoilo2=0|batt_vs=29794|mdis_morepower=0|thb_hda=51|cp_on_chip_0=36000|cp_on_chip_1=37000|G3D=35000|cp_on_chip_2=37000|cp_on_chip_3=35000|cp_on_chip_4=35000|rf2_therm=33000|rf1_therm=34000|ISP=34000|TPU=35000|AUR=35000|rfpa_therm=30949|quiet_therm=31616|charging_therm=33508|,ok,39000,37000,0,37000,1,single,untouched,4096,1024,28,1024,4883,0,592407,0,4,4,ok
1,18,protected,4,578000,2130000,37000,40000,BIG=36000|MID=37000|usb_pwr_therm=29591|btmspkr_therm=29546|disp_therm=29568|north_therm=29969|soc_therm=33486|battery=29800|battery_cycle=5|dc-mains=34000|usbc-therm-adc=335|max77779fg=29800|LITTLE=36000|soc=8|smpl_gm=0|vdroop1=0|batoilo=0|batoilo2=0|batt_vs=29793|mdis_morepower=0|thb_hda=51|cp_on_chip_0=36000|cp_on_chip_1=37000|G3D=35000|cp_on_chip_2=37000|cp_on_chip_3=35000|cp_on_chip_4=35000|rf2_therm=33000|rf1_therm=34000|ISP=34000|TPU=35000|AUR=35000|rfpa_therm=30949|quiet_therm=31616|charging_therm=33508|,BIG=37000|MID=36000|usb_pwr_therm=29613|btmspkr_therm=29546|disp_therm=29568|north_therm=29991|soc_therm=33508|battery=29800|battery_cycle=5|dc-mains=33500|usbc-therm-adc=335|max77779fg=29800|LITTLE=36000|soc=8|smpl_gm=0|vdroop1=0|batoilo=0|batoilo2=0|batt_vs=29794|mdis_morepower=0|thb_hda=51|cp_on_chip_0=36000|cp_on_chip_1=37000|G3D=35000|cp_on_chip_2=37000|cp_on_chip_3=35000|cp_on_chip_4=35000|rf2_therm=33000|rf1_therm=34000|ISP=34000|TPU=35000|AUR=35000|rfpa_therm=30949|quiet_therm=31616|charging_therm=33508|,ok,39000,37000,0,37000,1,single,untouched,4096,1024,29,1024,5371,0,592285,0,4,4,ok
1,19,protected,4,1795000,648000,37000,40000,BIG=36000|MID=37000|usb_pwr_therm=29635|btmspkr_therm=29568|disp_therm=29591|north_therm=30014|soc_therm=33531|battery=29800|battery_cycle=5|dc-mains=34000|usbc-therm-adc=340|max77779fg=29800|LITTLE=36000|soc=8|smpl_gm=0|vdroop1=0|batoilo=0|batoilo2=0|batt_vs=29793|mdis_morepower=0|thb_hda=51|cp_on_chip_0=36000|cp_on_chip_1=37000|G3D=35000|cp_on_chip_2=37000|cp_on_chip_3=35000|cp_on_chip_4=35000|rf2_therm=33000|rf1_therm=34000|ISP=34000|TPU=35000|AUR=35000|rfpa_therm=30971|quiet_therm=31639|charging_therm=33531|,BIG=36000|MID=36000|usb_pwr_therm=29635|btmspkr_therm=29568|disp_therm=29591|north_therm=30014|soc_therm=33531|battery=29800|battery_cycle=5|dc-mains=34000|usbc-therm-adc=340|max77779fg=29800|LITTLE=36000|soc=8|smpl_gm=0|vdroop1=0|batoilo=0|batoilo2=0|batt_vs=29793|mdis_morepower=0|thb_hda=51|cp_on_chip_0=36000|cp_on_chip_1=37000|G3D=35000|cp_on_chip_2=37000|cp_on_chip_3=35000|cp_on_chip_4=35000|rf2_therm=33000|rf1_therm=34000|ISP=34000|TPU=35000|AUR=35000|rfpa_therm=30993|quiet_therm=31661|charging_therm=33575|,ok,39000,37000,0,37000,1,single,touched,4096,256,0,256,764364,256,253907,0,4,4,ok
1,19,protected,4,1795000,648000,37000,40000,BIG=36000|MID=37000|usb_pwr_therm=29635|btmspkr_therm=29568|disp_therm=29591|north_therm=30014|soc_therm=33531|battery=29800|battery_cycle=5|dc-mains=34000|usbc-therm-adc=340|max77779fg=29800|LITTLE=36000|soc=8|smpl_gm=0|vdroop1=0|batoilo=0|batoilo2=0|batt_vs=29793|mdis_morepower=0|thb_hda=51|cp_on_chip_0=36000|cp_on_chip_1=37000|G3D=35000|cp_on_chip_2=37000|cp_on_chip_3=35000|cp_on_chip_4=35000|rf2_therm=33000|rf1_therm=34000|ISP=34000|TPU=35000|AUR=35000|rfpa_therm=30971|quiet_therm=31639|charging_therm=33531|,BIG=36000|MID=36000|usb_pwr_therm=29635|btmspkr_therm=29568|disp_therm=29591|north_therm=30014|soc_therm=33531|battery=29800|battery_cycle=5|dc-mains=34000|usbc-therm-adc=340|max77779fg=29800|LITTLE=36000|soc=8|smpl_gm=0|vdroop1=0|batoilo=0|batoilo2=0|batt_vs=29793|mdis_morepower=0|thb_hda=51|cp_on_chip_0=36000|cp_on_chip_1=37000|G3D=35000|cp_on_chip_2=37000|cp_on_chip_3=35000|cp_on_chip_4=35000|rf2_therm=33000|rf1_therm=34000|ISP=34000|TPU=35000|AUR=35000|rfpa_therm=30993|quiet_therm=31661|charging_therm=33575|,ok,39000,37000,0,37000,1,single,touched,4096,256,1,256,250651,256,245076,0,4,4,ok
1,19,protected,4,1795000,648000,37000,40000,BIG=36000|MID=37000|usb_pwr_therm=29635|btmspkr_therm=29568|disp_therm=29591|north_therm=30014|soc_therm=33531|battery=29800|battery_cycle=5|dc-mains=34000|usbc-therm-adc=340|max77779fg=29800|LITTLE=36000|soc=8|smpl_gm=0|vdroop1=0|batoilo=0|batoilo2=0|batt_vs=29793|mdis_morepower=0|thb_hda=51|cp_on_chip_0=36000|cp_on_chip_1=37000|G3D=35000|cp_on_chip_2=37000|cp_on_chip_3=35000|cp_on_chip_4=35000|rf2_therm=33000|rf1_therm=34000|ISP=34000|TPU=35000|AUR=35000|rfpa_therm=30971|quiet_therm=31639|charging_therm=33531|,BIG=36000|MID=36000|usb_pwr_therm=29635|btmspkr_therm=29568|disp_therm=29591|north_therm=30014|soc_therm=33531|battery=29800|battery_cycle=5|dc-mains=34000|usbc-therm-adc=340|max77779fg=29800|LITTLE=36000|soc=8|smpl_gm=0|vdroop1=0|batoilo=0|batoilo2=0|batt_vs=29793|mdis_morepower=0|thb_hda=51|cp_on_chip_0=36000|cp_on_chip_1=37000|G3D=35000|cp_on_chip_2=37000|cp_on_chip_3=35000|cp_on_chip_4=35000|rf2_therm=33000|rf1_therm=34000|ISP=34000|TPU=35000|AUR=35000|rfpa_therm=30993|quiet_therm=31661|charging_therm=33575|,ok,39000,37000,0,37000,1,single,touched,4096,256,2,256,251587,256,240886,0,4,4,ok
1,19,protected,4,1795000,648000,37000,40000,BIG=36000|MID=37000|usb_pwr_therm=29635|btmspkr_therm=29568|disp_therm=29591|north_therm=30014|soc_therm=33531|battery=29800|battery_cycle=5|dc-mains=34000|usbc-therm-adc=340|max77779fg=29800|LITTLE=36000|soc=8|smpl_gm=0|vdroop1=0|batoilo=0|batoilo2=0|batt_vs=29793|mdis_morepower=0|thb_hda=51|cp_on_chip_0=36000|cp_on_chip_1=37000|G3D=35000|cp_on_chip_2=37000|cp_on_chip_3=35000|cp_on_chip_4=35000|rf2_therm=33000|rf1_therm=34000|ISP=34000|TPU=35000|AUR=35000|rfpa_therm=30971|quiet_therm=31639|charging_therm=33531|,BIG=36000|MID=36000|usb_pwr_therm=29635|btmspkr_therm=29568|disp_therm=29591|north_therm=30014|soc_therm=33531|battery=29800|battery_cycle=5|dc-mains=34000|usbc-therm-adc=340|max77779fg=29800|LITTLE=36000|soc=8|smpl_gm=0|vdroop1=0|batoilo=0|batoilo2=0|batt_vs=29793|mdis_morepower=0|thb_hda=51|cp_on_chip_0=36000|cp_on_chip_1=37000|G3D=35000|cp_on_chip_2=37000|cp_on_chip_3=35000|cp_on_chip_4=35000|rf2_therm=33000|rf1_therm=34000|ISP=34000|TPU=35000|AUR=35000|rfpa_therm=30993|quiet_therm=31661|charging_therm=33575|,ok,39000,37000,0,37000,1,single,touched,4096,256,3,256,261312,256,244100,0,4,4,ok
1,19,protected,4,1795000,648000,37000,40000,BIG=36000|MID=37000|usb_pwr_therm=29635|btmspkr_therm=29568|disp_therm=29591|north_therm=30014|soc_therm=33531|battery=29800|battery_cycle=5|dc-mains=34000|usbc-therm-adc=340|max77779fg=29800|LITTLE=36000|soc=8|smpl_gm=0|vdroop1=0|batoilo=0|batoilo2=0|batt_vs=29793|mdis_morepower=0|thb_hda=51|cp_on_chip_0=36000|cp_on_chip_1=37000|G3D=35000|cp_on_chip_2=37000|cp_on_chip_3=35000|cp_on_chip_4=35000|rf2_therm=33000|rf1_therm=34000|ISP=34000|TPU=35000|AUR=35000|rfpa_therm=30971|quiet_therm=31639|charging_therm=33531|,BIG=36000|MID=36000|usb_pwr_therm=29635|btmspkr_therm=29568|disp_therm=29591|north_therm=30014|soc_therm=33531|battery=29800|battery_cycle=5|dc-mains=34000|usbc-therm-adc=340|max77779fg=29800|LITTLE=36000|soc=8|smpl_gm=0|vdroop1=0|batoilo=0|batoilo2=0|batt_vs=29793|mdis_morepower=0|thb_hda=51|cp_on_chip_0=36000|cp_on_chip_1=37000|G3D=35000|cp_on_chip_2=37000|cp_on_chip_3=35000|cp_on_chip_4=35000|rf2_therm=33000|rf1_therm=34000|ISP=34000|TPU=35000|AUR=35000|rfpa_therm=30993|quiet_therm=31661|charging_therm=33575|,ok,39000,37000,0,37000,1,single,touched,4096,256,4,256,268026,256,244914,0,4,4,ok
1,19,protected,4,1795000,648000,37000,40000,BIG=36000|MID=37000|usb_pwr_therm=29635|btmspkr_therm=29568|disp_therm=29591|north_therm=30014|soc_therm=33531|battery=29800|battery_cycle=5|dc-mains=34000|usbc-therm-adc=340|max77779fg=29800|LITTLE=36000|soc=8|smpl_gm=0|vdroop1=0|batoilo=0|batoilo2=0|batt_vs=29793|mdis_morepower=0|thb_hda=51|cp_on_chip_0=36000|cp_on_chip_1=37000|G3D=35000|cp_on_chip_2=37000|cp_on_chip_3=35000|cp_on_chip_4=35000|rf2_therm=33000|rf1_therm=34000|ISP=34000|TPU=35000|AUR=35000|rfpa_therm=30971|quiet_therm=31639|charging_therm=33531|,BIG=36000|MID=36000|usb_pwr_therm=29635|btmspkr_therm=29568|disp_therm=29591|north_therm=30014|soc_therm=33531|battery=29800|battery_cycle=5|dc-mains=34000|usbc-therm-adc=340|max77779fg=29800|LITTLE=36000|soc=8|smpl_gm=0|vdroop1=0|batoilo=0|batoilo2=0|batt_vs=29793|mdis_morepower=0|thb_hda=51|cp_on_chip_0=36000|cp_on_chip_1=37000|G3D=35000|cp_on_chip_2=37000|cp_on_chip_3=35000|cp_on_chip_4=35000|rf2_therm=33000|rf1_therm=34000|ISP=34000|TPU=35000|AUR=35000|rfpa_therm=30993|quiet_therm=31661|charging_therm=33575|,ok,39000,37000,0,37000,1,single,touched,4096,256,5,256,242757,256,246175,0,4,4,ok
1,19,protected,4,1795000,648000,37000,40000,BIG=36000|MID=37000|usb_pwr_therm=29635|btmspkr_therm=29568|disp_therm=29591|north_therm=30014|soc_therm=33531|battery=29800|battery_cycle=5|dc-mains=34000|usbc-therm-adc=340|max77779fg=29800|LITTLE=36000|soc=8|smpl_gm=0|vdroop1=0|batoilo=0|batoilo2=0|batt_vs=29793|mdis_morepower=0|thb_hda=51|cp_on_chip_0=36000|cp_on_chip_1=37000|G3D=35000|cp_on_chip_2=37000|cp_on_chip_3=35000|cp_on_chip_4=35000|rf2_therm=33000|rf1_therm=34000|ISP=34000|TPU=35000|AUR=35000|rfpa_therm=30971|quiet_therm=31639|charging_therm=33531|,BIG=36000|MID=36000|usb_pwr_therm=29635|btmspkr_therm=29568|disp_therm=29591|north_therm=30014|soc_therm=33531|battery=29800|battery_cycle=5|dc-mains=34000|usbc-therm-adc=340|max77779fg=29800|LITTLE=36000|soc=8|smpl_gm=0|vdroop1=0|batoilo=0|batoilo2=0|batt_vs=29793|mdis_morepower=0|thb_hda=51|cp_on_chip_0=36000|cp_on_chip_1=37000|G3D=35000|cp_on_chip_2=37000|cp_on_chip_3=35000|cp_on_chip_4=35000|rf2_therm=33000|rf1_therm=34000|ISP=34000|TPU=35000|AUR=35000|rfpa_therm=30993|quiet_therm=31661|charging_therm=33575|,ok,39000,37000,0,37000,1,single,touched,4096,256,6,256,292684,256,246419,0,4,4,ok
1,19,protected,4,1795000,648000,37000,40000,BIG=36000|MID=37000|usb_pwr_therm=29635|btmspkr_therm=29568|disp_therm=29591|north_therm=30014|soc_therm=33531|battery=29800|battery_cycle=5|dc-mains=34000|usbc-therm-adc=340|max77779fg=29800|LITTLE=36000|soc=8|smpl_gm=0|vdroop1=0|batoilo=0|batoilo2=0|batt_vs=29793|mdis_morepower=0|thb_hda=51|cp_on_chip_0=36000|cp_on_chip_1=37000|G3D=35000|cp_on_chip_2=37000|cp_on_chip_3=35000|cp_on_chip_4=35000|rf2_therm=33000|rf1_therm=34000|ISP=34000|TPU=35000|AUR=35000|rfpa_therm=30971|quiet_therm=31639|charging_therm=33531|,BIG=36000|MID=36000|usb_pwr_therm=29635|btmspkr_therm=29568|disp_therm=29591|north_therm=30014|soc_therm=33531|battery=29800|battery_cycle=5|dc-mains=34000|usbc-therm-adc=340|max77779fg=29800|LITTLE=36000|soc=8|smpl_gm=0|vdroop1=0|batoilo=0|batoilo2=0|batt_vs=29793|mdis_morepower=0|thb_hda=51|cp_on_chip_0=36000|cp_on_chip_1=37000|G3D=35000|cp_on_chip_2=37000|cp_on_chip_3=35000|cp_on_chip_4=35000|rf2_therm=33000|rf1_therm=34000|ISP=34000|TPU=35000|AUR=35000|rfpa_therm=30993|quiet_therm=31661|charging_therm=33575|,ok,39000,37000,0,37000,1,single,touched,4096,256,7,256,250285,256,245646,0,4,4,ok
1,19,protected,4,1795000,648000,37000,40000,BIG=36000|MID=37000|usb_pwr_therm=29635|btmspkr_therm=29568|disp_therm=29591|north_therm=30014|soc_therm=33531|battery=29800|battery_cycle=5|dc-mains=34000|usbc-therm-adc=340|max77779fg=29800|LITTLE=36000|soc=8|smpl_gm=0|vdroop1=0|batoilo=0|batoilo2=0|batt_vs=29793|mdis_morepower=0|thb_hda=51|cp_on_chip_0=36000|cp_on_chip_1=37000|G3D=35000|cp_on_chip_2=37000|cp_on_chip_3=35000|cp_on_chip_4=35000|rf2_therm=33000|rf1_therm=34000|ISP=34000|TPU=35000|AUR=35000|rfpa_therm=30971|quiet_therm=31639|charging_therm=33531|,BIG=36000|MID=36000|usb_pwr_therm=29635|btmspkr_therm=29568|disp_therm=29591|north_therm=30014|soc_therm=33531|battery=29800|battery_cycle=5|dc-mains=34000|usbc-therm-adc=340|max77779fg=29800|LITTLE=36000|soc=8|smpl_gm=0|vdroop1=0|batoilo=0|batoilo2=0|batt_vs=29793|mdis_morepower=0|thb_hda=51|cp_on_chip_0=36000|cp_on_chip_1=37000|G3D=35000|cp_on_chip_2=37000|cp_on_chip_3=35000|cp_on_chip_4=35000|rf2_therm=33000|rf1_therm=34000|ISP=34000|TPU=35000|AUR=35000|rfpa_therm=30993|quiet_therm=31661|charging_therm=33575|,ok,39000,37000,0,37000,1,single,touched,4096,256,8,256,266154,256,245850,0,4,4,ok
1,19,protected,4,1795000,648000,37000,40000,BIG=36000|MID=37000|usb_pwr_therm=29635|btmspkr_therm=29568|disp_therm=29591|north_therm=30014|soc_therm=33531|battery=29800|battery_cycle=5|dc-mains=34000|usbc-therm-adc=340|max77779fg=29800|LITTLE=36000|soc=8|smpl_gm=0|vdroop1=0|batoilo=0|batoilo2=0|batt_vs=29793|mdis_morepower=0|thb_hda=51|cp_on_chip_0=36000|cp_on_chip_1=37000|G3D=35000|cp_on_chip_2=37000|cp_on_chip_3=35000|cp_on_chip_4=35000|rf2_therm=33000|rf1_therm=34000|ISP=34000|TPU=35000|AUR=35000|rfpa_therm=30971|quiet_therm=31639|charging_therm=33531|,BIG=36000|MID=36000|usb_pwr_therm=29635|btmspkr_therm=29568|disp_therm=29591|north_therm=30014|soc_therm=33531|battery=29800|battery_cycle=5|dc-mains=34000|usbc-therm-adc=340|max77779fg=29800|LITTLE=36000|soc=8|smpl_gm=0|vdroop1=0|batoilo=0|batoilo2=0|batt_vs=29793|mdis_morepower=0|thb_hda=51|cp_on_chip_0=36000|cp_on_chip_1=37000|G3D=35000|cp_on_chip_2=37000|cp_on_chip_3=35000|cp_on_chip_4=35000|rf2_therm=33000|rf1_therm=34000|ISP=34000|TPU=35000|AUR=35000|rfpa_therm=30993|quiet_therm=31661|charging_therm=33575|,ok,39000,37000,0,37000,1,single,touched,4096,256,9,256,263387,256,245728,0,4,4,ok
1,19,protected,4,1795000,648000,37000,40000,BIG=36000|MID=37000|usb_pwr_therm=29635|btmspkr_therm=29568|disp_therm=29591|north_therm=30014|soc_therm=33531|battery=29800|battery_cycle=5|dc-mains=34000|usbc-therm-adc=340|max77779fg=29800|LITTLE=36000|soc=8|smpl_gm=0|vdroop1=0|batoilo=0|batoilo2=0|batt_vs=29793|mdis_morepower=0|thb_hda=51|cp_on_chip_0=36000|cp_on_chip_1=37000|G3D=35000|cp_on_chip_2=37000|cp_on_chip_3=35000|cp_on_chip_4=35000|rf2_therm=33000|rf1_therm=34000|ISP=34000|TPU=35000|AUR=35000|rfpa_therm=30971|quiet_therm=31639|charging_therm=33531|,BIG=36000|MID=36000|usb_pwr_therm=29635|btmspkr_therm=29568|disp_therm=29591|north_therm=30014|soc_therm=33531|battery=29800|battery_cycle=5|dc-mains=34000|usbc-therm-adc=340|max77779fg=29800|LITTLE=36000|soc=8|smpl_gm=0|vdroop1=0|batoilo=0|batoilo2=0|batt_vs=29793|mdis_morepower=0|thb_hda=51|cp_on_chip_0=36000|cp_on_chip_1=37000|G3D=35000|cp_on_chip_2=37000|cp_on_chip_3=35000|cp_on_chip_4=35000|rf2_therm=33000|rf1_therm=34000|ISP=34000|TPU=35000|AUR=35000|rfpa_therm=30993|quiet_therm=31661|charging_therm=33575|,ok,39000,37000,0,37000,1,single,touched,4096,256,10,256,242431,256,245605,0,4,4,ok
1,19,protected,4,1795000,648000,37000,40000,BIG=36000|MID=37000|usb_pwr_therm=29635|btmspkr_therm=29568|disp_therm=29591|north_therm=30014|soc_therm=33531|battery=29800|battery_cycle=5|dc-mains=34000|usbc-therm-adc=340|max77779fg=29800|LITTLE=36000|soc=8|smpl_gm=0|vdroop1=0|batoilo=0|batoilo2=0|batt_vs=29793|mdis_morepower=0|thb_hda=51|cp_on_chip_0=36000|cp_on_chip_1=37000|G3D=35000|cp_on_chip_2=37000|cp_on_chip_3=35000|cp_on_chip_4=35000|rf2_therm=33000|rf1_therm=34000|ISP=34000|TPU=35000|AUR=35000|rfpa_therm=30971|quiet_therm=31639|charging_therm=33531|,BIG=36000|MID=36000|usb_pwr_therm=29635|btmspkr_therm=29568|disp_therm=29591|north_therm=30014|soc_therm=33531|battery=29800|battery_cycle=5|dc-mains=34000|usbc-therm-adc=340|max77779fg=29800|LITTLE=36000|soc=8|smpl_gm=0|vdroop1=0|batoilo=0|batoilo2=0|batt_vs=29793|mdis_morepower=0|thb_hda=51|cp_on_chip_0=36000|cp_on_chip_1=37000|G3D=35000|cp_on_chip_2=37000|cp_on_chip_3=35000|cp_on_chip_4=35000|rf2_therm=33000|rf1_therm=34000|ISP=34000|TPU=35000|AUR=35000|rfpa_therm=30993|quiet_therm=31661|charging_therm=33575|,ok,39000,37000,0,37000,1,single,touched,4096,256,11,256,266113,256,245484,0,4,4,ok
1,19,protected,4,1795000,648000,37000,40000,BIG=36000|MID=37000|usb_pwr_therm=29635|btmspkr_therm=29568|disp_therm=29591|north_therm=30014|soc_therm=33531|battery=29800|battery_cycle=5|dc-mains=34000|usbc-therm-adc=340|max77779fg=29800|LITTLE=36000|soc=8|smpl_gm=0|vdroop1=0|batoilo=0|batoilo2=0|batt_vs=29793|mdis_morepower=0|thb_hda=51|cp_on_chip_0=36000|cp_on_chip_1=37000|G3D=35000|cp_on_chip_2=37000|cp_on_chip_3=35000|cp_on_chip_4=35000|rf2_therm=33000|rf1_therm=34000|ISP=34000|TPU=35000|AUR=35000|rfpa_therm=30971|quiet_therm=31639|charging_therm=33531|,BIG=36000|MID=36000|usb_pwr_therm=29635|btmspkr_therm=29568|disp_therm=29591|north_therm=30014|soc_therm=33531|battery=29800|battery_cycle=5|dc-mains=34000|usbc-therm-adc=340|max77779fg=29800|LITTLE=36000|soc=8|smpl_gm=0|vdroop1=0|batoilo=0|batoilo2=0|batt_vs=29793|mdis_morepower=0|thb_hda=51|cp_on_chip_0=36000|cp_on_chip_1=37000|G3D=35000|cp_on_chip_2=37000|cp_on_chip_3=35000|cp_on_chip_4=35000|rf2_therm=33000|rf1_therm=34000|ISP=34000|TPU=35000|AUR=35000|rfpa_therm=30993|quiet_therm=31661|charging_therm=33575|,ok,39000,37000,0,37000,1,single,touched,4096,256,12,256,265014,256,245728,0,4,4,ok
1,19,protected,4,1795000,648000,37000,40000,BIG=36000|MID=37000|usb_pwr_therm=29635|btmspkr_therm=29568|disp_therm=29591|north_therm=30014|soc_therm=33531|battery=29800|battery_cycle=5|dc-mains=34000|usbc-therm-adc=340|max77779fg=29800|LITTLE=36000|soc=8|smpl_gm=0|vdroop1=0|batoilo=0|batoilo2=0|batt_vs=29793|mdis_morepower=0|thb_hda=51|cp_on_chip_0=36000|cp_on_chip_1=37000|G3D=35000|cp_on_chip_2=37000|cp_on_chip_3=35000|cp_on_chip_4=35000|rf2_therm=33000|rf1_therm=34000|ISP=34000|TPU=35000|AUR=35000|rfpa_therm=30971|quiet_therm=31639|charging_therm=33531|,BIG=36000|MID=36000|usb_pwr_therm=29635|btmspkr_therm=29568|disp_therm=29591|north_therm=30014|soc_therm=33531|battery=29800|battery_cycle=5|dc-mains=34000|usbc-therm-adc=340|max77779fg=29800|LITTLE=36000|soc=8|smpl_gm=0|vdroop1=0|batoilo=0|batoilo2=0|batt_vs=29793|mdis_morepower=0|thb_hda=51|cp_on_chip_0=36000|cp_on_chip_1=37000|G3D=35000|cp_on_chip_2=37000|cp_on_chip_3=35000|cp_on_chip_4=35000|rf2_therm=33000|rf1_therm=34000|ISP=34000|TPU=35000|AUR=35000|rfpa_therm=30993|quiet_therm=31661|charging_therm=33575|,ok,39000,37000,0,37000,1,single,touched,4096,256,13,256,254883,256,420328,0,4,4,ok
1,19,protected,4,1795000,648000,37000,40000,BIG=36000|MID=37000|usb_pwr_therm=29635|btmspkr_therm=29568|disp_therm=29591|north_therm=30014|soc_therm=33531|battery=29800|battery_cycle=5|dc-mains=34000|usbc-therm-adc=340|max77779fg=29800|LITTLE=36000|soc=8|smpl_gm=0|vdroop1=0|batoilo=0|batoilo2=0|batt_vs=29793|mdis_morepower=0|thb_hda=51|cp_on_chip_0=36000|cp_on_chip_1=37000|G3D=35000|cp_on_chip_2=37000|cp_on_chip_3=35000|cp_on_chip_4=35000|rf2_therm=33000|rf1_therm=34000|ISP=34000|TPU=35000|AUR=35000|rfpa_therm=30971|quiet_therm=31639|charging_therm=33531|,BIG=36000|MID=36000|usb_pwr_therm=29635|btmspkr_therm=29568|disp_therm=29591|north_therm=30014|soc_therm=33531|battery=29800|battery_cycle=5|dc-mains=34000|usbc-therm-adc=340|max77779fg=29800|LITTLE=36000|soc=8|smpl_gm=0|vdroop1=0|batoilo=0|batoilo2=0|batt_vs=29793|mdis_morepower=0|thb_hda=51|cp_on_chip_0=36000|cp_on_chip_1=37000|G3D=35000|cp_on_chip_2=37000|cp_on_chip_3=35000|cp_on_chip_4=35000|rf2_therm=33000|rf1_therm=34000|ISP=34000|TPU=35000|AUR=35000|rfpa_therm=30993|quiet_therm=31661|charging_therm=33575|,ok,39000,37000,0,37000,1,single,touched,4096,256,14,256,263957,256,250651,0,4,4,ok
1,19,protected,4,1795000,648000,37000,40000,BIG=36000|MID=37000|usb_pwr_therm=29635|btmspkr_therm=29568|disp_therm=29591|north_therm=30014|soc_therm=33531|battery=29800|battery_cycle=5|dc-mains=34000|usbc-therm-adc=340|max77779fg=29800|LITTLE=36000|soc=8|smpl_gm=0|vdroop1=0|batoilo=0|batoilo2=0|batt_vs=29793|mdis_morepower=0|thb_hda=51|cp_on_chip_0=36000|cp_on_chip_1=37000|G3D=35000|cp_on_chip_2=37000|cp_on_chip_3=35000|cp_on_chip_4=35000|rf2_therm=33000|rf1_therm=34000|ISP=34000|TPU=35000|AUR=35000|rfpa_therm=30971|quiet_therm=31639|charging_therm=33531|,BIG=36000|MID=36000|usb_pwr_therm=29635|btmspkr_therm=29568|disp_therm=29591|north_therm=30014|soc_therm=33531|battery=29800|battery_cycle=5|dc-mains=34000|usbc-therm-adc=340|max77779fg=29800|LITTLE=36000|soc=8|smpl_gm=0|vdroop1=0|batoilo=0|batoilo2=0|batt_vs=29793|mdis_morepower=0|thb_hda=51|cp_on_chip_0=36000|cp_on_chip_1=37000|G3D=35000|cp_on_chip_2=37000|cp_on_chip_3=35000|cp_on_chip_4=35000|rf2_therm=33000|rf1_therm=34000|ISP=34000|TPU=35000|AUR=35000|rfpa_therm=30993|quiet_therm=31661|charging_therm=33575|,ok,39000,37000,0,37000,1,single,touched,4096,256,15,256,265869,256,249227,0,4,4,ok
1,19,protected,4,1795000,648000,37000,40000,BIG=36000|MID=37000|usb_pwr_therm=29635|btmspkr_therm=29568|disp_therm=29591|north_therm=30014|soc_therm=33531|battery=29800|battery_cycle=5|dc-mains=34000|usbc-therm-adc=340|max77779fg=29800|LITTLE=36000|soc=8|smpl_gm=0|vdroop1=0|batoilo=0|batoilo2=0|batt_vs=29793|mdis_morepower=0|thb_hda=51|cp_on_chip_0=36000|cp_on_chip_1=37000|G3D=35000|cp_on_chip_2=37000|cp_on_chip_3=35000|cp_on_chip_4=35000|rf2_therm=33000|rf1_therm=34000|ISP=34000|TPU=35000|AUR=35000|rfpa_therm=30971|quiet_therm=31639|charging_therm=33531|,BIG=36000|MID=36000|usb_pwr_therm=29635|btmspkr_therm=29568|disp_therm=29591|north_therm=30014|soc_therm=33531|battery=29800|battery_cycle=5|dc-mains=34000|usbc-therm-adc=340|max77779fg=29800|LITTLE=36000|soc=8|smpl_gm=0|vdroop1=0|batoilo=0|batoilo2=0|batt_vs=29793|mdis_morepower=0|thb_hda=51|cp_on_chip_0=36000|cp_on_chip_1=37000|G3D=35000|cp_on_chip_2=37000|cp_on_chip_3=35000|cp_on_chip_4=35000|rf2_therm=33000|rf1_therm=34000|ISP=34000|TPU=35000|AUR=35000|rfpa_therm=30993|quiet_therm=31661|charging_therm=33575|,ok,39000,37000,0,37000,1,single,touched,4096,256,16,256,262898,256,249390,0,4,4,ok
1,19,protected,4,1795000,648000,37000,40000,BIG=36000|MID=37000|usb_pwr_therm=29635|btmspkr_therm=29568|disp_therm=29591|north_therm=30014|soc_therm=33531|battery=29800|battery_cycle=5|dc-mains=34000|usbc-therm-adc=340|max77779fg=29800|LITTLE=36000|soc=8|smpl_gm=0|vdroop1=0|batoilo=0|batoilo2=0|batt_vs=29793|mdis_morepower=0|thb_hda=51|cp_on_chip_0=36000|cp_on_chip_1=37000|G3D=35000|cp_on_chip_2=37000|cp_on_chip_3=35000|cp_on_chip_4=35000|rf2_therm=33000|rf1_therm=34000|ISP=34000|TPU=35000|AUR=35000|rfpa_therm=30971|quiet_therm=31639|charging_therm=33531|,BIG=36000|MID=36000|usb_pwr_therm=29635|btmspkr_therm=29568|disp_therm=29591|north_therm=30014|soc_therm=33531|battery=29800|battery_cycle=5|dc-mains=34000|usbc-therm-adc=340|max77779fg=29800|LITTLE=36000|soc=8|smpl_gm=0|vdroop1=0|batoilo=0|batoilo2=0|batt_vs=29793|mdis_morepower=0|thb_hda=51|cp_on_chip_0=36000|cp_on_chip_1=37000|G3D=35000|cp_on_chip_2=37000|cp_on_chip_3=35000|cp_on_chip_4=35000|rf2_therm=33000|rf1_therm=34000|ISP=34000|TPU=35000|AUR=35000|rfpa_therm=30993|quiet_therm=31661|charging_therm=33575|,ok,39000,37000,0,37000,1,single,touched,4096,256,17,256,263387,256,249430,0,4,4,ok
1,19,protected,4,1795000,648000,37000,40000,BIG=36000|MID=37000|usb_pwr_therm=29635|btmspkr_therm=29568|disp_therm=29591|north_therm=30014|soc_therm=33531|battery=29800|battery_cycle=5|dc-mains=34000|usbc-therm-adc=340|max77779fg=29800|LITTLE=36000|soc=8|smpl_gm=0|vdroop1=0|batoilo=0|batoilo2=0|batt_vs=29793|mdis_morepower=0|thb_hda=51|cp_on_chip_0=36000|cp_on_chip_1=37000|G3D=35000|cp_on_chip_2=37000|cp_on_chip_3=35000|cp_on_chip_4=35000|rf2_therm=33000|rf1_therm=34000|ISP=34000|TPU=35000|AUR=35000|rfpa_therm=30971|quiet_therm=31639|charging_therm=33531|,BIG=36000|MID=36000|usb_pwr_therm=29635|btmspkr_therm=29568|disp_therm=29591|north_therm=30014|soc_therm=33531|battery=29800|battery_cycle=5|dc-mains=34000|usbc-therm-adc=340|max77779fg=29800|LITTLE=36000|soc=8|smpl_gm=0|vdroop1=0|batoilo=0|batoilo2=0|batt_vs=29793|mdis_morepower=0|thb_hda=51|cp_on_chip_0=36000|cp_on_chip_1=37000|G3D=35000|cp_on_chip_2=37000|cp_on_chip_3=35000|cp_on_chip_4=35000|rf2_therm=33000|rf1_therm=34000|ISP=34000|TPU=35000|AUR=35000|rfpa_therm=30993|quiet_therm=31661|charging_therm=33575|,ok,39000,37000,0,37000,1,single,touched,4096,256,18,256,261149,256,250488,0,4,4,ok
1,19,protected,4,1795000,648000,37000,40000,BIG=36000|MID=37000|usb_pwr_therm=29635|btmspkr_therm=29568|disp_therm=29591|north_therm=30014|soc_therm=33531|battery=29800|battery_cycle=5|dc-mains=34000|usbc-therm-adc=340|max77779fg=29800|LITTLE=36000|soc=8|smpl_gm=0|vdroop1=0|batoilo=0|batoilo2=0|batt_vs=29793|mdis_morepower=0|thb_hda=51|cp_on_chip_0=36000|cp_on_chip_1=37000|G3D=35000|cp_on_chip_2=37000|cp_on_chip_3=35000|cp_on_chip_4=35000|rf2_therm=33000|rf1_therm=34000|ISP=34000|TPU=35000|AUR=35000|rfpa_therm=30971|quiet_therm=31639|charging_therm=33531|,BIG=36000|MID=36000|usb_pwr_therm=29635|btmspkr_therm=29568|disp_therm=29591|north_therm=30014|soc_therm=33531|battery=29800|battery_cycle=5|dc-mains=34000|usbc-therm-adc=340|max77779fg=29800|LITTLE=36000|soc=8|smpl_gm=0|vdroop1=0|batoilo=0|batoilo2=0|batt_vs=29793|mdis_morepower=0|thb_hda=51|cp_on_chip_0=36000|cp_on_chip_1=37000|G3D=35000|cp_on_chip_2=37000|cp_on_chip_3=35000|cp_on_chip_4=35000|rf2_therm=33000|rf1_therm=34000|ISP=34000|TPU=35000|AUR=35000|rfpa_therm=30993|quiet_therm=31661|charging_therm=33575|,ok,39000,37000,0,37000,1,single,touched,4096,256,19,256,238729,256,249349,0,4,4,ok
1,19,protected,4,1795000,648000,37000,40000,BIG=36000|MID=37000|usb_pwr_therm=29635|btmspkr_therm=29568|disp_therm=29591|north_therm=30014|soc_therm=33531|battery=29800|battery_cycle=5|dc-mains=34000|usbc-therm-adc=340|max77779fg=29800|LITTLE=36000|soc=8|smpl_gm=0|vdroop1=0|batoilo=0|batoilo2=0|batt_vs=29793|mdis_morepower=0|thb_hda=51|cp_on_chip_0=36000|cp_on_chip_1=37000|G3D=35000|cp_on_chip_2=37000|cp_on_chip_3=35000|cp_on_chip_4=35000|rf2_therm=33000|rf1_therm=34000|ISP=34000|TPU=35000|AUR=35000|rfpa_therm=30971|quiet_therm=31639|charging_therm=33531|,BIG=36000|MID=36000|usb_pwr_therm=29635|btmspkr_therm=29568|disp_therm=29591|north_therm=30014|soc_therm=33531|battery=29800|battery_cycle=5|dc-mains=34000|usbc-therm-adc=340|max77779fg=29800|LITTLE=36000|soc=8|smpl_gm=0|vdroop1=0|batoilo=0|batoilo2=0|batt_vs=29793|mdis_morepower=0|thb_hda=51|cp_on_chip_0=36000|cp_on_chip_1=37000|G3D=35000|cp_on_chip_2=37000|cp_on_chip_3=35000|cp_on_chip_4=35000|rf2_therm=33000|rf1_therm=34000|ISP=34000|TPU=35000|AUR=35000|rfpa_therm=30993|quiet_therm=31661|charging_therm=33575|,ok,39000,37000,0,37000,1,single,touched,4096,256,20,256,263021,256,249553,0,4,4,ok
1,19,protected,4,1795000,648000,37000,40000,BIG=36000|MID=37000|usb_pwr_therm=29635|btmspkr_therm=29568|disp_therm=29591|north_therm=30014|soc_therm=33531|battery=29800|battery_cycle=5|dc-mains=34000|usbc-therm-adc=340|max77779fg=29800|LITTLE=36000|soc=8|smpl_gm=0|vdroop1=0|batoilo=0|batoilo2=0|batt_vs=29793|mdis_morepower=0|thb_hda=51|cp_on_chip_0=36000|cp_on_chip_1=37000|G3D=35000|cp_on_chip_2=37000|cp_on_chip_3=35000|cp_on_chip_4=35000|rf2_therm=33000|rf1_therm=34000|ISP=34000|TPU=35000|AUR=35000|rfpa_therm=30971|quiet_therm=31639|charging_therm=33531|,BIG=36000|MID=36000|usb_pwr_therm=29635|btmspkr_therm=29568|disp_therm=29591|north_therm=30014|soc_therm=33531|battery=29800|battery_cycle=5|dc-mains=34000|usbc-therm-adc=340|max77779fg=29800|LITTLE=36000|soc=8|smpl_gm=0|vdroop1=0|batoilo=0|batoilo2=0|batt_vs=29793|mdis_morepower=0|thb_hda=51|cp_on_chip_0=36000|cp_on_chip_1=37000|G3D=35000|cp_on_chip_2=37000|cp_on_chip_3=35000|cp_on_chip_4=35000|rf2_therm=33000|rf1_therm=34000|ISP=34000|TPU=35000|AUR=35000|rfpa_therm=30993|quiet_therm=31661|charging_therm=33575|,ok,39000,37000,0,37000,1,single,touched,4096,256,21,256,248494,256,250163,0,4,4,ok
1,19,protected,4,1795000,648000,37000,40000,BIG=36000|MID=37000|usb_pwr_therm=29635|btmspkr_therm=29568|disp_therm=29591|north_therm=30014|soc_therm=33531|battery=29800|battery_cycle=5|dc-mains=34000|usbc-therm-adc=340|max77779fg=29800|LITTLE=36000|soc=8|smpl_gm=0|vdroop1=0|batoilo=0|batoilo2=0|batt_vs=29793|mdis_morepower=0|thb_hda=51|cp_on_chip_0=36000|cp_on_chip_1=37000|G3D=35000|cp_on_chip_2=37000|cp_on_chip_3=35000|cp_on_chip_4=35000|rf2_therm=33000|rf1_therm=34000|ISP=34000|TPU=35000|AUR=35000|rfpa_therm=30971|quiet_therm=31639|charging_therm=33531|,BIG=36000|MID=36000|usb_pwr_therm=29635|btmspkr_therm=29568|disp_therm=29591|north_therm=30014|soc_therm=33531|battery=29800|battery_cycle=5|dc-mains=34000|usbc-therm-adc=340|max77779fg=29800|LITTLE=36000|soc=8|smpl_gm=0|vdroop1=0|batoilo=0|batoilo2=0|batt_vs=29793|mdis_morepower=0|thb_hda=51|cp_on_chip_0=36000|cp_on_chip_1=37000|G3D=35000|cp_on_chip_2=37000|cp_on_chip_3=35000|cp_on_chip_4=35000|rf2_therm=33000|rf1_therm=34000|ISP=34000|TPU=35000|AUR=35000|rfpa_therm=30993|quiet_therm=31661|charging_therm=33575|,ok,39000,37000,0,37000,1,single,touched,4096,256,22,256,246134,256,251057,0,4,4,ok
1,19,protected,4,1795000,648000,37000,40000,BIG=36000|MID=37000|usb_pwr_therm=29635|btmspkr_therm=29568|disp_therm=29591|north_therm=30014|soc_therm=33531|battery=29800|battery_cycle=5|dc-mains=34000|usbc-therm-adc=340|max77779fg=29800|LITTLE=36000|soc=8|smpl_gm=0|vdroop1=0|batoilo=0|batoilo2=0|batt_vs=29793|mdis_morepower=0|thb_hda=51|cp_on_chip_0=36000|cp_on_chip_1=37000|G3D=35000|cp_on_chip_2=37000|cp_on_chip_3=35000|cp_on_chip_4=35000|rf2_therm=33000|rf1_therm=34000|ISP=34000|TPU=35000|AUR=35000|rfpa_therm=30971|quiet_therm=31639|charging_therm=33531|,BIG=36000|MID=36000|usb_pwr_therm=29635|btmspkr_therm=29568|disp_therm=29591|north_therm=30014|soc_therm=33531|battery=29800|battery_cycle=5|dc-mains=34000|usbc-therm-adc=340|max77779fg=29800|LITTLE=36000|soc=8|smpl_gm=0|vdroop1=0|batoilo=0|batoilo2=0|batt_vs=29793|mdis_morepower=0|thb_hda=51|cp_on_chip_0=36000|cp_on_chip_1=37000|G3D=35000|cp_on_chip_2=37000|cp_on_chip_3=35000|cp_on_chip_4=35000|rf2_therm=33000|rf1_therm=34000|ISP=34000|TPU=35000|AUR=35000|rfpa_therm=30993|quiet_therm=31661|charging_therm=33575|,ok,39000,37000,0,37000,1,single,touched,4096,256,23,256,244996,256,249471,0,4,4,ok
1,19,protected,4,1795000,648000,37000,40000,BIG=36000|MID=37000|usb_pwr_therm=29635|btmspkr_therm=29568|disp_therm=29591|north_therm=30014|soc_therm=33531|battery=29800|battery_cycle=5|dc-mains=34000|usbc-therm-adc=340|max77779fg=29800|LITTLE=36000|soc=8|smpl_gm=0|vdroop1=0|batoilo=0|batoilo2=0|batt_vs=29793|mdis_morepower=0|thb_hda=51|cp_on_chip_0=36000|cp_on_chip_1=37000|G3D=35000|cp_on_chip_2=37000|cp_on_chip_3=35000|cp_on_chip_4=35000|rf2_therm=33000|rf1_therm=34000|ISP=34000|TPU=35000|AUR=35000|rfpa_therm=30971|quiet_therm=31639|charging_therm=33531|,BIG=36000|MID=36000|usb_pwr_therm=29635|btmspkr_therm=29568|disp_therm=29591|north_therm=30014|soc_therm=33531|battery=29800|battery_cycle=5|dc-mains=34000|usbc-therm-adc=340|max77779fg=29800|LITTLE=36000|soc=8|smpl_gm=0|vdroop1=0|batoilo=0|batoilo2=0|batt_vs=29793|mdis_morepower=0|thb_hda=51|cp_on_chip_0=36000|cp_on_chip_1=37000|G3D=35000|cp_on_chip_2=37000|cp_on_chip_3=35000|cp_on_chip_4=35000|rf2_therm=33000|rf1_therm=34000|ISP=34000|TPU=35000|AUR=35000|rfpa_therm=30993|quiet_therm=31661|charging_therm=33575|,ok,39000,37000,0,37000,1,single,touched,4096,256,24,256,261840,256,249756,0,4,4,ok
1,19,protected,4,1795000,648000,37000,40000,BIG=36000|MID=37000|usb_pwr_therm=29635|btmspkr_therm=29568|disp_therm=29591|north_therm=30014|soc_therm=33531|battery=29800|battery_cycle=5|dc-mains=34000|usbc-therm-adc=340|max77779fg=29800|LITTLE=36000|soc=8|smpl_gm=0|vdroop1=0|batoilo=0|batoilo2=0|batt_vs=29793|mdis_morepower=0|thb_hda=51|cp_on_chip_0=36000|cp_on_chip_1=37000|G3D=35000|cp_on_chip_2=37000|cp_on_chip_3=35000|cp_on_chip_4=35000|rf2_therm=33000|rf1_therm=34000|ISP=34000|TPU=35000|AUR=35000|rfpa_therm=30971|quiet_therm=31639|charging_therm=33531|,BIG=36000|MID=36000|usb_pwr_therm=29635|btmspkr_therm=29568|disp_therm=29591|north_therm=30014|soc_therm=33531|battery=29800|battery_cycle=5|dc-mains=34000|usbc-therm-adc=340|max77779fg=29800|LITTLE=36000|soc=8|smpl_gm=0|vdroop1=0|batoilo=0|batoilo2=0|batt_vs=29793|mdis_morepower=0|thb_hda=51|cp_on_chip_0=36000|cp_on_chip_1=37000|G3D=35000|cp_on_chip_2=37000|cp_on_chip_3=35000|cp_on_chip_4=35000|rf2_therm=33000|rf1_therm=34000|ISP=34000|TPU=35000|AUR=35000|rfpa_therm=30993|quiet_therm=31661|charging_therm=33575|,ok,39000,37000,0,37000,1,single,touched,4096,256,25,256,259603,256,248942,0,4,4,ok
1,19,protected,4,1795000,648000,37000,40000,BIG=36000|MID=37000|usb_pwr_therm=29635|btmspkr_therm=29568|disp_therm=29591|north_therm=30014|soc_therm=33531|battery=29800|battery_cycle=5|dc-mains=34000|usbc-therm-adc=340|max77779fg=29800|LITTLE=36000|soc=8|smpl_gm=0|vdroop1=0|batoilo=0|batoilo2=0|batt_vs=29793|mdis_morepower=0|thb_hda=51|cp_on_chip_0=36000|cp_on_chip_1=37000|G3D=35000|cp_on_chip_2=37000|cp_on_chip_3=35000|cp_on_chip_4=35000|rf2_therm=33000|rf1_therm=34000|ISP=34000|TPU=35000|AUR=35000|rfpa_therm=30971|quiet_therm=31639|charging_therm=33531|,BIG=36000|MID=36000|usb_pwr_therm=29635|btmspkr_therm=29568|disp_therm=29591|north_therm=30014|soc_therm=33531|battery=29800|battery_cycle=5|dc-mains=34000|usbc-therm-adc=340|max77779fg=29800|LITTLE=36000|soc=8|smpl_gm=0|vdroop1=0|batoilo=0|batoilo2=0|batt_vs=29793|mdis_morepower=0|thb_hda=51|cp_on_chip_0=36000|cp_on_chip_1=37000|G3D=35000|cp_on_chip_2=37000|cp_on_chip_3=35000|cp_on_chip_4=35000|rf2_therm=33000|rf1_therm=34000|ISP=34000|TPU=35000|AUR=35000|rfpa_therm=30993|quiet_therm=31661|charging_therm=33575|,ok,39000,37000,0,37000,1,single,touched,4096,256,26,256,261678,256,250367,0,4,4,ok
1,19,protected,4,1795000,648000,37000,40000,BIG=36000|MID=37000|usb_pwr_therm=29635|btmspkr_therm=29568|disp_therm=29591|north_therm=30014|soc_therm=33531|battery=29800|battery_cycle=5|dc-mains=34000|usbc-therm-adc=340|max77779fg=29800|LITTLE=36000|soc=8|smpl_gm=0|vdroop1=0|batoilo=0|batoilo2=0|batt_vs=29793|mdis_morepower=0|thb_hda=51|cp_on_chip_0=36000|cp_on_chip_1=37000|G3D=35000|cp_on_chip_2=37000|cp_on_chip_3=35000|cp_on_chip_4=35000|rf2_therm=33000|rf1_therm=34000|ISP=34000|TPU=35000|AUR=35000|rfpa_therm=30971|quiet_therm=31639|charging_therm=33531|,BIG=36000|MID=36000|usb_pwr_therm=29635|btmspkr_therm=29568|disp_therm=29591|north_therm=30014|soc_therm=33531|battery=29800|battery_cycle=5|dc-mains=34000|usbc-therm-adc=340|max77779fg=29800|LITTLE=36000|soc=8|smpl_gm=0|vdroop1=0|batoilo=0|batoilo2=0|batt_vs=29793|mdis_morepower=0|thb_hda=51|cp_on_chip_0=36000|cp_on_chip_1=37000|G3D=35000|cp_on_chip_2=37000|cp_on_chip_3=35000|cp_on_chip_4=35000|rf2_therm=33000|rf1_therm=34000|ISP=34000|TPU=35000|AUR=35000|rfpa_therm=30993|quiet_therm=31661|charging_therm=33575|,ok,39000,37000,0,37000,1,single,touched,4096,256,27,256,236979,256,249512,0,4,4,ok
1,19,protected,4,1795000,648000,37000,40000,BIG=36000|MID=37000|usb_pwr_therm=29635|btmspkr_therm=29568|disp_therm=29591|north_therm=30014|soc_therm=33531|battery=29800|battery_cycle=5|dc-mains=34000|usbc-therm-adc=340|max77779fg=29800|LITTLE=36000|soc=8|smpl_gm=0|vdroop1=0|batoilo=0|batoilo2=0|batt_vs=29793|mdis_morepower=0|thb_hda=51|cp_on_chip_0=36000|cp_on_chip_1=37000|G3D=35000|cp_on_chip_2=37000|cp_on_chip_3=35000|cp_on_chip_4=35000|rf2_therm=33000|rf1_therm=34000|ISP=34000|TPU=35000|AUR=35000|rfpa_therm=30971|quiet_therm=31639|charging_therm=33531|,BIG=36000|MID=36000|usb_pwr_therm=29635|btmspkr_therm=29568|disp_therm=29591|north_therm=30014|soc_therm=33531|battery=29800|battery_cycle=5|dc-mains=34000|usbc-therm-adc=340|max77779fg=29800|LITTLE=36000|soc=8|smpl_gm=0|vdroop1=0|batoilo=0|batoilo2=0|batt_vs=29793|mdis_morepower=0|thb_hda=51|cp_on_chip_0=36000|cp_on_chip_1=37000|G3D=35000|cp_on_chip_2=37000|cp_on_chip_3=35000|cp_on_chip_4=35000|rf2_therm=33000|rf1_therm=34000|ISP=34000|TPU=35000|AUR=35000|rfpa_therm=30993|quiet_therm=31661|charging_therm=33575|,ok,39000,37000,0,37000,1,single,touched,4096,256,28,256,238769,256,448201,0,4,4,ok
1,19,protected,4,1795000,648000,37000,40000,BIG=36000|MID=37000|usb_pwr_therm=29635|btmspkr_therm=29568|disp_therm=29591|north_therm=30014|soc_therm=33531|battery=29800|battery_cycle=5|dc-mains=34000|usbc-therm-adc=340|max77779fg=29800|LITTLE=36000|soc=8|smpl_gm=0|vdroop1=0|batoilo=0|batoilo2=0|batt_vs=29793|mdis_morepower=0|thb_hda=51|cp_on_chip_0=36000|cp_on_chip_1=37000|G3D=35000|cp_on_chip_2=37000|cp_on_chip_3=35000|cp_on_chip_4=35000|rf2_therm=33000|rf1_therm=34000|ISP=34000|TPU=35000|AUR=35000|rfpa_therm=30971|quiet_therm=31639|charging_therm=33531|,BIG=36000|MID=36000|usb_pwr_therm=29635|btmspkr_therm=29568|disp_therm=29591|north_therm=30014|soc_therm=33531|battery=29800|battery_cycle=5|dc-mains=34000|usbc-therm-adc=340|max77779fg=29800|LITTLE=36000|soc=8|smpl_gm=0|vdroop1=0|batoilo=0|batoilo2=0|batt_vs=29793|mdis_morepower=0|thb_hda=51|cp_on_chip_0=36000|cp_on_chip_1=37000|G3D=35000|cp_on_chip_2=37000|cp_on_chip_3=35000|cp_on_chip_4=35000|rf2_therm=33000|rf1_therm=34000|ISP=34000|TPU=35000|AUR=35000|rfpa_therm=30993|quiet_therm=31661|charging_therm=33575|,ok,39000,37000,0,37000,1,single,touched,4096,256,29,256,245890,256,251058,0,4,4,ok
1,20,protected,4,910000,1945000,37000,37000,BIG=36000|MID=36000|usb_pwr_therm=29635|btmspkr_therm=29568|disp_therm=29591|north_therm=30036|soc_therm=33575|battery=29800|battery_cycle=5|dc-mains=34000|usbc-therm-adc=340|max77779fg=29800|LITTLE=36000|soc=8|smpl_gm=0|vdroop1=0|batoilo=0|batoilo2=0|batt_vs=29793|mdis_morepower=0|thb_hda=51|cp_on_chip_0=36000|cp_on_chip_1=37000|G3D=35000|cp_on_chip_2=37000|cp_on_chip_3=35000|cp_on_chip_4=35000|rf2_therm=33000|rf1_therm=34000|ISP=34000|TPU=35000|AUR=35000|rfpa_therm=31015|quiet_therm=31683|charging_therm=33597|,BIG=36000|MID=37000|usb_pwr_therm=29635|btmspkr_therm=29591|disp_therm=29613|north_therm=30058|soc_therm=33597|battery=29800|battery_cycle=5|dc-mains=34000|usbc-therm-adc=340|max77779fg=29800|LITTLE=36000|soc=8|smpl_gm=0|vdroop1=0|batoilo=0|batoilo2=0|batt_vs=29793|mdis_morepower=0|thb_hda=51|cp_on_chip_0=36000|cp_on_chip_1=37000|G3D=35000|cp_on_chip_2=37000|cp_on_chip_3=35000|cp_on_chip_4=35000|rf2_therm=33000|rf1_therm=34000|ISP=34000|TPU=35000|AUR=35000|rfpa_therm=31015|quiet_therm=31683|charging_therm=33597|,ok,39000,37000,0,37000,1,single,untouched,4096,256,0,256,75643,0,822551,0,4,4,ok
1,20,protected,4,910000,1945000,37000,37000,BIG=36000|MID=36000|usb_pwr_therm=29635|btmspkr_therm=29568|disp_therm=29591|north_therm=30036|soc_therm=33575|battery=29800|battery_cycle=5|dc-mains=34000|usbc-therm-adc=340|max77779fg=29800|LITTLE=36000|soc=8|smpl_gm=0|vdroop1=0|batoilo=0|batoilo2=0|batt_vs=29793|mdis_morepower=0|thb_hda=51|cp_on_chip_0=36000|cp_on_chip_1=37000|G3D=35000|cp_on_chip_2=37000|cp_on_chip_3=35000|cp_on_chip_4=35000|rf2_therm=33000|rf1_therm=34000|ISP=34000|TPU=35000|AUR=35000|rfpa_therm=31015|quiet_therm=31683|charging_therm=33597|,BIG=36000|MID=37000|usb_pwr_therm=29635|btmspkr_therm=29591|disp_therm=29613|north_therm=30058|soc_therm=33597|battery=29800|battery_cycle=5|dc-mains=34000|usbc-therm-adc=340|max77779fg=29800|LITTLE=36000|soc=8|smpl_gm=0|vdroop1=0|batoilo=0|batoilo2=0|batt_vs=29793|mdis_morepower=0|thb_hda=51|cp_on_chip_0=36000|cp_on_chip_1=37000|G3D=35000|cp_on_chip_2=37000|cp_on_chip_3=35000|cp_on_chip_4=35000|rf2_therm=33000|rf1_therm=34000|ISP=34000|TPU=35000|AUR=35000|rfpa_therm=31015|quiet_therm=31683|charging_therm=33597|,ok,39000,37000,0,37000,1,single,untouched,4096,256,1,256,28239,0,355794,0,4,4,ok
1,20,protected,4,910000,1945000,37000,37000,BIG=36000|MID=36000|usb_pwr_therm=29635|btmspkr_therm=29568|disp_therm=29591|north_therm=30036|soc_therm=33575|battery=29800|battery_cycle=5|dc-mains=34000|usbc-therm-adc=340|max77779fg=29800|LITTLE=36000|soc=8|smpl_gm=0|vdroop1=0|batoilo=0|batoilo2=0|batt_vs=29793|mdis_morepower=0|thb_hda=51|cp_on_chip_0=36000|cp_on_chip_1=37000|G3D=35000|cp_on_chip_2=37000|cp_on_chip_3=35000|cp_on_chip_4=35000|rf2_therm=33000|rf1_therm=34000|ISP=34000|TPU=35000|AUR=35000|rfpa_therm=31015|quiet_therm=31683|charging_therm=33597|,BIG=36000|MID=37000|usb_pwr_therm=29635|btmspkr_therm=29591|disp_therm=29613|north_therm=30058|soc_therm=33597|battery=29800|battery_cycle=5|dc-mains=34000|usbc-therm-adc=340|max77779fg=29800|LITTLE=36000|soc=8|smpl_gm=0|vdroop1=0|batoilo=0|batoilo2=0|batt_vs=29793|mdis_morepower=0|thb_hda=51|cp_on_chip_0=36000|cp_on_chip_1=37000|G3D=35000|cp_on_chip_2=37000|cp_on_chip_3=35000|cp_on_chip_4=35000|rf2_therm=33000|rf1_therm=34000|ISP=34000|TPU=35000|AUR=35000|rfpa_therm=31015|quiet_therm=31683|charging_therm=33597|,ok,39000,37000,0,37000,1,single,untouched,4096,256,2,256,7121,0,316122,0,4,4,ok
1,20,protected,4,910000,1945000,37000,37000,BIG=36000|MID=36000|usb_pwr_therm=29635|btmspkr_therm=29568|disp_therm=29591|north_therm=30036|soc_therm=33575|battery=29800|battery_cycle=5|dc-mains=34000|usbc-therm-adc=340|max77779fg=29800|LITTLE=36000|soc=8|smpl_gm=0|vdroop1=0|batoilo=0|batoilo2=0|batt_vs=29793|mdis_morepower=0|thb_hda=51|cp_on_chip_0=36000|cp_on_chip_1=37000|G3D=35000|cp_on_chip_2=37000|cp_on_chip_3=35000|cp_on_chip_4=35000|rf2_therm=33000|rf1_therm=34000|ISP=34000|TPU=35000|AUR=35000|rfpa_therm=31015|quiet_therm=31683|charging_therm=33597|,BIG=36000|MID=37000|usb_pwr_therm=29635|btmspkr_therm=29591|disp_therm=29613|north_therm=30058|soc_therm=33597|battery=29800|battery_cycle=5|dc-mains=34000|usbc-therm-adc=340|max77779fg=29800|LITTLE=36000|soc=8|smpl_gm=0|vdroop1=0|batoilo=0|batoilo2=0|batt_vs=29793|mdis_morepower=0|thb_hda=51|cp_on_chip_0=36000|cp_on_chip_1=37000|G3D=35000|cp_on_chip_2=37000|cp_on_chip_3=35000|cp_on_chip_4=35000|rf2_therm=33000|rf1_therm=34000|ISP=34000|TPU=35000|AUR=35000|rfpa_therm=31015|quiet_therm=31683|charging_therm=33597|,ok,39000,37000,0,37000,1,single,untouched,4096,256,3,256,20467,0,332561,0,4,4,ok
1,20,protected,4,910000,1945000,37000,37000,BIG=36000|MID=36000|usb_pwr_therm=29635|btmspkr_therm=29568|disp_therm=29591|north_therm=30036|soc_therm=33575|battery=29800|battery_cycle=5|dc-mains=34000|usbc-therm-adc=340|max77779fg=29800|LITTLE=36000|soc=8|smpl_gm=0|vdroop1=0|batoilo=0|batoilo2=0|batt_vs=29793|mdis_morepower=0|thb_hda=51|cp_on_chip_0=36000|cp_on_chip_1=37000|G3D=35000|cp_on_chip_2=37000|cp_on_chip_3=35000|cp_on_chip_4=35000|rf2_therm=33000|rf1_therm=34000|ISP=34000|TPU=35000|AUR=35000|rfpa_therm=31015|quiet_therm=31683|charging_therm=33597|,BIG=36000|MID=37000|usb_pwr_therm=29635|btmspkr_therm=29591|disp_therm=29613|north_therm=30058|soc_therm=33597|battery=29800|battery_cycle=5|dc-mains=34000|usbc-therm-adc=340|max77779fg=29800|LITTLE=36000|soc=8|smpl_gm=0|vdroop1=0|batoilo=0|batoilo2=0|batt_vs=29793|mdis_morepower=0|thb_hda=51|cp_on_chip_0=36000|cp_on_chip_1=37000|G3D=35000|cp_on_chip_2=37000|cp_on_chip_3=35000|cp_on_chip_4=35000|rf2_therm=33000|rf1_therm=34000|ISP=34000|TPU=35000|AUR=35000|rfpa_therm=31015|quiet_therm=31683|charging_therm=33597|,ok,39000,37000,0,37000,1,single,untouched,4096,256,4,256,45654,0,419475,0,4,4,ok
1,20,protected,4,910000,1945000,37000,37000,BIG=36000|MID=36000|usb_pwr_therm=29635|btmspkr_therm=29568|disp_therm=29591|north_therm=30036|soc_therm=33575|battery=29800|battery_cycle=5|dc-mains=34000|usbc-therm-adc=340|max77779fg=29800|LITTLE=36000|soc=8|smpl_gm=0|vdroop1=0|batoilo=0|batoilo2=0|batt_vs=29793|mdis_morepower=0|thb_hda=51|cp_on_chip_0=36000|cp_on_chip_1=37000|G3D=35000|cp_on_chip_2=37000|cp_on_chip_3=35000|cp_on_chip_4=35000|rf2_therm=33000|rf1_therm=34000|ISP=34000|TPU=35000|AUR=35000|rfpa_therm=31015|quiet_therm=31683|charging_therm=33597|,BIG=36000|MID=37000|usb_pwr_therm=29635|btmspkr_therm=29591|disp_therm=29613|north_therm=30058|soc_therm=33597|battery=29800|battery_cycle=5|dc-mains=34000|usbc-therm-adc=340|max77779fg=29800|LITTLE=36000|soc=8|smpl_gm=0|vdroop1=0|batoilo=0|batoilo2=0|batt_vs=29793|mdis_morepower=0|thb_hda=51|cp_on_chip_0=36000|cp_on_chip_1=37000|G3D=35000|cp_on_chip_2=37000|cp_on_chip_3=35000|cp_on_chip_4=35000|rf2_therm=33000|rf1_therm=34000|ISP=34000|TPU=35000|AUR=35000|rfpa_therm=31015|quiet_therm=31683|charging_therm=33597|,ok,39000,37000,0,37000,1,single,untouched,4096,256,5,256,8260,0,332357,0,4,4,ok
1,20,protected,4,910000,1945000,37000,37000,BIG=36000|MID=36000|usb_pwr_therm=29635|btmspkr_therm=29568|disp_therm=29591|north_therm=30036|soc_therm=33575|battery=29800|battery_cycle=5|dc-mains=34000|usbc-therm-adc=340|max77779fg=29800|LITTLE=36000|soc=8|smpl_gm=0|vdroop1=0|batoilo=0|batoilo2=0|batt_vs=29793|mdis_morepower=0|thb_hda=51|cp_on_chip_0=36000|cp_on_chip_1=37000|G3D=35000|cp_on_chip_2=37000|cp_on_chip_3=35000|cp_on_chip_4=35000|rf2_therm=33000|rf1_therm=34000|ISP=34000|TPU=35000|AUR=35000|rfpa_therm=31015|quiet_therm=31683|charging_therm=33597|,BIG=36000|MID=37000|usb_pwr_therm=29635|btmspkr_therm=29591|disp_therm=29613|north_therm=30058|soc_therm=33597|battery=29800|battery_cycle=5|dc-mains=34000|usbc-therm-adc=340|max77779fg=29800|LITTLE=36000|soc=8|smpl_gm=0|vdroop1=0|batoilo=0|batoilo2=0|batt_vs=29793|mdis_morepower=0|thb_hda=51|cp_on_chip_0=36000|cp_on_chip_1=37000|G3D=35000|cp_on_chip_2=37000|cp_on_chip_3=35000|cp_on_chip_4=35000|rf2_therm=33000|rf1_therm=34000|ISP=34000|TPU=35000|AUR=35000|rfpa_therm=31015|quiet_therm=31683|charging_therm=33597|,ok,39000,37000,0,37000,1,single,untouched,4096,256,6,256,30111,0,333130,0,4,4,ok
1,20,protected,4,910000,1945000,37000,37000,BIG=36000|MID=36000|usb_pwr_therm=29635|btmspkr_therm=29568|disp_therm=29591|north_therm=30036|soc_therm=33575|battery=29800|battery_cycle=5|dc-mains=34000|usbc-therm-adc=340|max77779fg=29800|LITTLE=36000|soc=8|smpl_gm=0|vdroop1=0|batoilo=0|batoilo2=0|batt_vs=29793|mdis_morepower=0|thb_hda=51|cp_on_chip_0=36000|cp_on_chip_1=37000|G3D=35000|cp_on_chip_2=37000|cp_on_chip_3=35000|cp_on_chip_4=35000|rf2_therm=33000|rf1_therm=34000|ISP=34000|TPU=35000|AUR=35000|rfpa_therm=31015|quiet_therm=31683|charging_therm=33597|,BIG=36000|MID=37000|usb_pwr_therm=29635|btmspkr_therm=29591|disp_therm=29613|north_therm=30058|soc_therm=33597|battery=29800|battery_cycle=5|dc-mains=34000|usbc-therm-adc=340|max77779fg=29800|LITTLE=36000|soc=8|smpl_gm=0|vdroop1=0|batoilo=0|batoilo2=0|batt_vs=29793|mdis_morepower=0|thb_hda=51|cp_on_chip_0=36000|cp_on_chip_1=37000|G3D=35000|cp_on_chip_2=37000|cp_on_chip_3=35000|cp_on_chip_4=35000|rf2_therm=33000|rf1_therm=34000|ISP=34000|TPU=35000|AUR=35000|rfpa_therm=31015|quiet_therm=31683|charging_therm=33597|,ok,39000,37000,0,37000,1,single,untouched,4096,256,7,256,35115,0,332357,0,4,4,ok
1,20,protected,4,910000,1945000,37000,37000,BIG=36000|MID=36000|usb_pwr_therm=29635|btmspkr_therm=29568|disp_therm=29591|north_therm=30036|soc_therm=33575|battery=29800|battery_cycle=5|dc-mains=34000|usbc-therm-adc=340|max77779fg=29800|LITTLE=36000|soc=8|smpl_gm=0|vdroop1=0|batoilo=0|batoilo2=0|batt_vs=29793|mdis_morepower=0|thb_hda=51|cp_on_chip_0=36000|cp_on_chip_1=37000|G3D=35000|cp_on_chip_2=37000|cp_on_chip_3=35000|cp_on_chip_4=35000|rf2_therm=33000|rf1_therm=34000|ISP=34000|TPU=35000|AUR=35000|rfpa_therm=31015|quiet_therm=31683|charging_therm=33597|,BIG=36000|MID=37000|usb_pwr_therm=29635|btmspkr_therm=29591|disp_therm=29613|north_therm=30058|soc_therm=33597|battery=29800|battery_cycle=5|dc-mains=34000|usbc-therm-adc=340|max77779fg=29800|LITTLE=36000|soc=8|smpl_gm=0|vdroop1=0|batoilo=0|batoilo2=0|batt_vs=29793|mdis_morepower=0|thb_hda=51|cp_on_chip_0=36000|cp_on_chip_1=37000|G3D=35000|cp_on_chip_2=37000|cp_on_chip_3=35000|cp_on_chip_4=35000|rf2_therm=33000|rf1_therm=34000|ISP=34000|TPU=35000|AUR=35000|rfpa_therm=31015|quiet_therm=31683|charging_therm=33597|,ok,39000,37000,0,37000,1,single,untouched,4096,256,8,256,36011,0,332438,0,4,4,ok
1,20,protected,4,910000,1945000,37000,37000,BIG=36000|MID=36000|usb_pwr_therm=29635|btmspkr_therm=29568|disp_therm=29591|north_therm=30036|soc_therm=33575|battery=29800|battery_cycle=5|dc-mains=34000|usbc-therm-adc=340|max77779fg=29800|LITTLE=36000|soc=8|smpl_gm=0|vdroop1=0|batoilo=0|batoilo2=0|batt_vs=29793|mdis_morepower=0|thb_hda=51|cp_on_chip_0=36000|cp_on_chip_1=37000|G3D=35000|cp_on_chip_2=37000|cp_on_chip_3=35000|cp_on_chip_4=35000|rf2_therm=33000|rf1_therm=34000|ISP=34000|TPU=35000|AUR=35000|rfpa_therm=31015|quiet_therm=31683|charging_therm=33597|,BIG=36000|MID=37000|usb_pwr_therm=29635|btmspkr_therm=29591|disp_therm=29613|north_therm=30058|soc_therm=33597|battery=29800|battery_cycle=5|dc-mains=34000|usbc-therm-adc=340|max77779fg=29800|LITTLE=36000|soc=8|smpl_gm=0|vdroop1=0|batoilo=0|batoilo2=0|batt_vs=29793|mdis_morepower=0|thb_hda=51|cp_on_chip_0=36000|cp_on_chip_1=37000|G3D=35000|cp_on_chip_2=37000|cp_on_chip_3=35000|cp_on_chip_4=35000|rf2_therm=33000|rf1_therm=34000|ISP=34000|TPU=35000|AUR=35000|rfpa_therm=31015|quiet_therm=31683|charging_therm=33597|,ok,39000,37000,0,37000,1,single,untouched,4096,256,9,256,30925,0,332153,0,4,4,ok
1,20,protected,4,910000,1945000,37000,37000,BIG=36000|MID=36000|usb_pwr_therm=29635|btmspkr_therm=29568|disp_therm=29591|north_therm=30036|soc_therm=33575|battery=29800|battery_cycle=5|dc-mains=34000|usbc-therm-adc=340|max77779fg=29800|LITTLE=36000|soc=8|smpl_gm=0|vdroop1=0|batoilo=0|batoilo2=0|batt_vs=29793|mdis_morepower=0|thb_hda=51|cp_on_chip_0=36000|cp_on_chip_1=37000|G3D=35000|cp_on_chip_2=37000|cp_on_chip_3=35000|cp_on_chip_4=35000|rf2_therm=33000|rf1_therm=34000|ISP=34000|TPU=35000|AUR=35000|rfpa_therm=31015|quiet_therm=31683|charging_therm=33597|,BIG=36000|MID=37000|usb_pwr_therm=29635|btmspkr_therm=29591|disp_therm=29613|north_therm=30058|soc_therm=33597|battery=29800|battery_cycle=5|dc-mains=34000|usbc-therm-adc=340|max77779fg=29800|LITTLE=36000|soc=8|smpl_gm=0|vdroop1=0|batoilo=0|batoilo2=0|batt_vs=29793|mdis_morepower=0|thb_hda=51|cp_on_chip_0=36000|cp_on_chip_1=37000|G3D=35000|cp_on_chip_2=37000|cp_on_chip_3=35000|cp_on_chip_4=35000|rf2_therm=33000|rf1_therm=34000|ISP=34000|TPU=35000|AUR=35000|rfpa_therm=31015|quiet_therm=31683|charging_therm=33597|,ok,39000,37000,0,37000,1,single,untouched,4096,256,10,256,38371,0,333618,0,4,4,ok
1,20,protected,4,910000,1945000,37000,37000,BIG=36000|MID=36000|usb_pwr_therm=29635|btmspkr_therm=29568|disp_therm=29591|north_therm=30036|soc_therm=33575|battery=29800|battery_cycle=5|dc-mains=34000|usbc-therm-adc=340|max77779fg=29800|LITTLE=36000|soc=8|smpl_gm=0|vdroop1=0|batoilo=0|batoilo2=0|batt_vs=29793|mdis_morepower=0|thb_hda=51|cp_on_chip_0=36000|cp_on_chip_1=37000|G3D=35000|cp_on_chip_2=37000|cp_on_chip_3=35000|cp_on_chip_4=35000|rf2_therm=33000|rf1_therm=34000|ISP=34000|TPU=35000|AUR=35000|rfpa_therm=31015|quiet_therm=31683|charging_therm=33597|,BIG=36000|MID=37000|usb_pwr_therm=29635|btmspkr_therm=29591|disp_therm=29613|north_therm=30058|soc_therm=33597|battery=29800|battery_cycle=5|dc-mains=34000|usbc-therm-adc=340|max77779fg=29800|LITTLE=36000|soc=8|smpl_gm=0|vdroop1=0|batoilo=0|batoilo2=0|batt_vs=29793|mdis_morepower=0|thb_hda=51|cp_on_chip_0=36000|cp_on_chip_1=37000|G3D=35000|cp_on_chip_2=37000|cp_on_chip_3=35000|cp_on_chip_4=35000|rf2_therm=33000|rf1_therm=34000|ISP=34000|TPU=35000|AUR=35000|rfpa_therm=31015|quiet_therm=31683|charging_therm=33597|,ok,39000,37000,0,37000,1,single,untouched,4096,256,11,256,31006,0,332112,0,4,4,ok
1,20,protected,4,910000,1945000,37000,37000,BIG=36000|MID=36000|usb_pwr_therm=29635|btmspkr_therm=29568|disp_therm=29591|north_therm=30036|soc_therm=33575|battery=29800|battery_cycle=5|dc-mains=34000|usbc-therm-adc=340|max77779fg=29800|LITTLE=36000|soc=8|smpl_gm=0|vdroop1=0|batoilo=0|batoilo2=0|batt_vs=29793|mdis_morepower=0|thb_hda=51|cp_on_chip_0=36000|cp_on_chip_1=37000|G3D=35000|cp_on_chip_2=37000|cp_on_chip_3=35000|cp_on_chip_4=35000|rf2_therm=33000|rf1_therm=34000|ISP=34000|TPU=35000|AUR=35000|rfpa_therm=31015|quiet_therm=31683|charging_therm=33597|,BIG=36000|MID=37000|usb_pwr_therm=29635|btmspkr_therm=29591|disp_therm=29613|north_therm=30058|soc_therm=33597|battery=29800|battery_cycle=5|dc-mains=34000|usbc-therm-adc=340|max77779fg=29800|LITTLE=36000|soc=8|smpl_gm=0|vdroop1=0|batoilo=0|batoilo2=0|batt_vs=29793|mdis_morepower=0|thb_hda=51|cp_on_chip_0=36000|cp_on_chip_1=37000|G3D=35000|cp_on_chip_2=37000|cp_on_chip_3=35000|cp_on_chip_4=35000|rf2_therm=33000|rf1_therm=34000|ISP=34000|TPU=35000|AUR=35000|rfpa_therm=31015|quiet_therm=31683|charging_therm=33597|,ok,39000,37000,0,37000,1,single,untouched,4096,256,12,256,37638,0,332601,0,4,4,ok
1,20,protected,4,910000,1945000,37000,37000,BIG=36000|MID=36000|usb_pwr_therm=29635|btmspkr_therm=29568|disp_therm=29591|north_therm=30036|soc_therm=33575|battery=29800|battery_cycle=5|dc-mains=34000|usbc-therm-adc=340|max77779fg=29800|LITTLE=36000|soc=8|smpl_gm=0|vdroop1=0|batoilo=0|batoilo2=0|batt_vs=29793|mdis_morepower=0|thb_hda=51|cp_on_chip_0=36000|cp_on_chip_1=37000|G3D=35000|cp_on_chip_2=37000|cp_on_chip_3=35000|cp_on_chip_4=35000|rf2_therm=33000|rf1_therm=34000|ISP=34000|TPU=35000|AUR=35000|rfpa_therm=31015|quiet_therm=31683|charging_therm=33597|,BIG=36000|MID=37000|usb_pwr_therm=29635|btmspkr_therm=29591|disp_therm=29613|north_therm=30058|soc_therm=33597|battery=29800|battery_cycle=5|dc-mains=34000|usbc-therm-adc=340|max77779fg=29800|LITTLE=36000|soc=8|smpl_gm=0|vdroop1=0|batoilo=0|batoilo2=0|batt_vs=29793|mdis_morepower=0|thb_hda=51|cp_on_chip_0=36000|cp_on_chip_1=37000|G3D=35000|cp_on_chip_2=37000|cp_on_chip_3=35000|cp_on_chip_4=35000|rf2_therm=33000|rf1_therm=34000|ISP=34000|TPU=35000|AUR=35000|rfpa_therm=31015|quiet_therm=31683|charging_therm=33597|,ok,39000,37000,0,37000,1,single,untouched,4096,256,13,256,29622,0,333008,0,4,4,ok
1,20,protected,4,910000,1945000,37000,37000,BIG=36000|MID=36000|usb_pwr_therm=29635|btmspkr_therm=29568|disp_therm=29591|north_therm=30036|soc_therm=33575|battery=29800|battery_cycle=5|dc-mains=34000|usbc-therm-adc=340|max77779fg=29800|LITTLE=36000|soc=8|smpl_gm=0|vdroop1=0|batoilo=0|batoilo2=0|batt_vs=29793|mdis_morepower=0|thb_hda=51|cp_on_chip_0=36000|cp_on_chip_1=37000|G3D=35000|cp_on_chip_2=37000|cp_on_chip_3=35000|cp_on_chip_4=35000|rf2_therm=33000|rf1_therm=34000|ISP=34000|TPU=35000|AUR=35000|rfpa_therm=31015|quiet_therm=31683|charging_therm=33597|,BIG=36000|MID=37000|usb_pwr_therm=29635|btmspkr_therm=29591|disp_therm=29613|north_therm=30058|soc_therm=33597|battery=29800|battery_cycle=5|dc-mains=34000|usbc-therm-adc=340|max77779fg=29800|LITTLE=36000|soc=8|smpl_gm=0|vdroop1=0|batoilo=0|batoilo2=0|batt_vs=29793|mdis_morepower=0|thb_hda=51|cp_on_chip_0=36000|cp_on_chip_1=37000|G3D=35000|cp_on_chip_2=37000|cp_on_chip_3=35000|cp_on_chip_4=35000|rf2_therm=33000|rf1_therm=34000|ISP=34000|TPU=35000|AUR=35000|rfpa_therm=31015|quiet_therm=31683|charging_therm=33597|,ok,39000,37000,0,37000,1,single,untouched,4096,256,14,256,38086,0,332316,0,4,4,ok
1,20,protected,4,910000,1945000,37000,37000,BIG=36000|MID=36000|usb_pwr_therm=29635|btmspkr_therm=29568|disp_therm=29591|north_therm=30036|soc_therm=33575|battery=29800|battery_cycle=5|dc-mains=34000|usbc-therm-adc=340|max77779fg=29800|LITTLE=36000|soc=8|smpl_gm=0|vdroop1=0|batoilo=0|batoilo2=0|batt_vs=29793|mdis_morepower=0|thb_hda=51|cp_on_chip_0=36000|cp_on_chip_1=37000|G3D=35000|cp_on_chip_2=37000|cp_on_chip_3=35000|cp_on_chip_4=35000|rf2_therm=33000|rf1_therm=34000|ISP=34000|TPU=35000|AUR=35000|rfpa_therm=31015|quiet_therm=31683|charging_therm=33597|,BIG=36000|MID=37000|usb_pwr_therm=29635|btmspkr_therm=29591|disp_therm=29613|north_therm=30058|soc_therm=33597|battery=29800|battery_cycle=5|dc-mains=34000|usbc-therm-adc=340|max77779fg=29800|LITTLE=36000|soc=8|smpl_gm=0|vdroop1=0|batoilo=0|batoilo2=0|batt_vs=29793|mdis_morepower=0|thb_hda=51|cp_on_chip_0=36000|cp_on_chip_1=37000|G3D=35000|cp_on_chip_2=37000|cp_on_chip_3=35000|cp_on_chip_4=35000|rf2_therm=33000|rf1_therm=34000|ISP=34000|TPU=35000|AUR=35000|rfpa_therm=31015|quiet_therm=31683|charging_therm=33597|,ok,39000,37000,0,37000,1,single,untouched,4096,256,15,256,37354,0,409180,0,4,4,ok
1,20,protected,4,910000,1945000,37000,37000,BIG=36000|MID=36000|usb_pwr_therm=29635|btmspkr_therm=29568|disp_therm=29591|north_therm=30036|soc_therm=33575|battery=29800|battery_cycle=5|dc-mains=34000|usbc-therm-adc=340|max77779fg=29800|LITTLE=36000|soc=8|smpl_gm=0|vdroop1=0|batoilo=0|batoilo2=0|batt_vs=29793|mdis_morepower=0|thb_hda=51|cp_on_chip_0=36000|cp_on_chip_1=37000|G3D=35000|cp_on_chip_2=37000|cp_on_chip_3=35000|cp_on_chip_4=35000|rf2_therm=33000|rf1_therm=34000|ISP=34000|TPU=35000|AUR=35000|rfpa_therm=31015|quiet_therm=31683|charging_therm=33597|,BIG=36000|MID=37000|usb_pwr_therm=29635|btmspkr_therm=29591|disp_therm=29613|north_therm=30058|soc_therm=33597|battery=29800|battery_cycle=5|dc-mains=34000|usbc-therm-adc=340|max77779fg=29800|LITTLE=36000|soc=8|smpl_gm=0|vdroop1=0|batoilo=0|batoilo2=0|batt_vs=29793|mdis_morepower=0|thb_hda=51|cp_on_chip_0=36000|cp_on_chip_1=37000|G3D=35000|cp_on_chip_2=37000|cp_on_chip_3=35000|cp_on_chip_4=35000|rf2_therm=33000|rf1_therm=34000|ISP=34000|TPU=35000|AUR=35000|rfpa_therm=31015|quiet_therm=31683|charging_therm=33597|,ok,39000,37000,0,37000,1,single,untouched,4096,256,16,256,19124,0,337076,0,4,4,ok
1,20,protected,4,910000,1945000,37000,37000,BIG=36000|MID=36000|usb_pwr_therm=29635|btmspkr_therm=29568|disp_therm=29591|north_therm=30036|soc_therm=33575|battery=29800|battery_cycle=5|dc-mains=34000|usbc-therm-adc=340|max77779fg=29800|LITTLE=36000|soc=8|smpl_gm=0|vdroop1=0|batoilo=0|batoilo2=0|batt_vs=29793|mdis_morepower=0|thb_hda=51|cp_on_chip_0=36000|cp_on_chip_1=37000|G3D=35000|cp_on_chip_2=37000|cp_on_chip_3=35000|cp_on_chip_4=35000|rf2_therm=33000|rf1_therm=34000|ISP=34000|TPU=35000|AUR=35000|rfpa_therm=31015|quiet_therm=31683|charging_therm=33597|,BIG=36000|MID=37000|usb_pwr_therm=29635|btmspkr_therm=29591|disp_therm=29613|north_therm=30058|soc_therm=33597|battery=29800|battery_cycle=5|dc-mains=34000|usbc-therm-adc=340|max77779fg=29800|LITTLE=36000|soc=8|smpl_gm=0|vdroop1=0|batoilo=0|batoilo2=0|batt_vs=29793|mdis_morepower=0|thb_hda=51|cp_on_chip_0=36000|cp_on_chip_1=37000|G3D=35000|cp_on_chip_2=37000|cp_on_chip_3=35000|cp_on_chip_4=35000|rf2_therm=33000|rf1_therm=34000|ISP=34000|TPU=35000|AUR=35000|rfpa_therm=31015|quiet_therm=31683|charging_therm=33597|,ok,39000,37000,0,37000,1,single,untouched,4096,256,17,256,6836,0,283894,0,4,4,ok
1,20,protected,4,910000,1945000,37000,37000,BIG=36000|MID=36000|usb_pwr_therm=29635|btmspkr_therm=29568|disp_therm=29591|north_therm=30036|soc_therm=33575|battery=29800|battery_cycle=5|dc-mains=34000|usbc-therm-adc=340|max77779fg=29800|LITTLE=36000|soc=8|smpl_gm=0|vdroop1=0|batoilo=0|batoilo2=0|batt_vs=29793|mdis_morepower=0|thb_hda=51|cp_on_chip_0=36000|cp_on_chip_1=37000|G3D=35000|cp_on_chip_2=37000|cp_on_chip_3=35000|cp_on_chip_4=35000|rf2_therm=33000|rf1_therm=34000|ISP=34000|TPU=35000|AUR=35000|rfpa_therm=31015|quiet_therm=31683|charging_therm=33597|,BIG=36000|MID=37000|usb_pwr_therm=29635|btmspkr_therm=29591|disp_therm=29613|north_therm=30058|soc_therm=33597|battery=29800|battery_cycle=5|dc-mains=34000|usbc-therm-adc=340|max77779fg=29800|LITTLE=36000|soc=8|smpl_gm=0|vdroop1=0|batoilo=0|batoilo2=0|batt_vs=29793|mdis_morepower=0|thb_hda=51|cp_on_chip_0=36000|cp_on_chip_1=37000|G3D=35000|cp_on_chip_2=37000|cp_on_chip_3=35000|cp_on_chip_4=35000|rf2_therm=33000|rf1_therm=34000|ISP=34000|TPU=35000|AUR=35000|rfpa_therm=31015|quiet_therm=31683|charging_therm=33597|,ok,39000,37000,0,37000,1,single,untouched,4096,256,18,256,6713,0,284180,0,4,4,ok
1,20,protected,4,910000,1945000,37000,37000,BIG=36000|MID=36000|usb_pwr_therm=29635|btmspkr_therm=29568|disp_therm=29591|north_therm=30036|soc_therm=33575|battery=29800|battery_cycle=5|dc-mains=34000|usbc-therm-adc=340|max77779fg=29800|LITTLE=36000|soc=8|smpl_gm=0|vdroop1=0|batoilo=0|batoilo2=0|batt_vs=29793|mdis_morepower=0|thb_hda=51|cp_on_chip_0=36000|cp_on_chip_1=37000|G3D=35000|cp_on_chip_2=37000|cp_on_chip_3=35000|cp_on_chip_4=35000|rf2_therm=33000|rf1_therm=34000|ISP=34000|TPU=35000|AUR=35000|rfpa_therm=31015|quiet_therm=31683|charging_therm=33597|,BIG=36000|MID=37000|usb_pwr_therm=29635|btmspkr_therm=29591|disp_therm=29613|north_therm=30058|soc_therm=33597|battery=29800|battery_cycle=5|dc-mains=34000|usbc-therm-adc=340|max77779fg=29800|LITTLE=36000|soc=8|smpl_gm=0|vdroop1=0|batoilo=0|batoilo2=0|batt_vs=29793|mdis_morepower=0|thb_hda=51|cp_on_chip_0=36000|cp_on_chip_1=37000|G3D=35000|cp_on_chip_2=37000|cp_on_chip_3=35000|cp_on_chip_4=35000|rf2_therm=33000|rf1_therm=34000|ISP=34000|TPU=35000|AUR=35000|rfpa_therm=31015|quiet_therm=31683|charging_therm=33597|,ok,39000,37000,0,37000,1,single,untouched,4096,256,19,256,7935,0,283854,0,4,4,ok
1,20,protected,4,910000,1945000,37000,37000,BIG=36000|MID=36000|usb_pwr_therm=29635|btmspkr_therm=29568|disp_therm=29591|north_therm=30036|soc_therm=33575|battery=29800|battery_cycle=5|dc-mains=34000|usbc-therm-adc=340|max77779fg=29800|LITTLE=36000|soc=8|smpl_gm=0|vdroop1=0|batoilo=0|batoilo2=0|batt_vs=29793|mdis_morepower=0|thb_hda=51|cp_on_chip_0=36000|cp_on_chip_1=37000|G3D=35000|cp_on_chip_2=37000|cp_on_chip_3=35000|cp_on_chip_4=35000|rf2_therm=33000|rf1_therm=34000|ISP=34000|TPU=35000|AUR=35000|rfpa_therm=31015|quiet_therm=31683|charging_therm=33597|,BIG=36000|MID=37000|usb_pwr_therm=29635|btmspkr_therm=29591|disp_therm=29613|north_therm=30058|soc_therm=33597|battery=29800|battery_cycle=5|dc-mains=34000|usbc-therm-adc=340|max77779fg=29800|LITTLE=36000|soc=8|smpl_gm=0|vdroop1=0|batoilo=0|batoilo2=0|batt_vs=29793|mdis_morepower=0|thb_hda=51|cp_on_chip_0=36000|cp_on_chip_1=37000|G3D=35000|cp_on_chip_2=37000|cp_on_chip_3=35000|cp_on_chip_4=35000|rf2_therm=33000|rf1_therm=34000|ISP=34000|TPU=35000|AUR=35000|rfpa_therm=31015|quiet_therm=31683|charging_therm=33597|,ok,39000,37000,0,37000,1,single,untouched,4096,256,20,256,5818,0,284586,0,4,4,ok
1,20,protected,4,910000,1945000,37000,37000,BIG=36000|MID=36000|usb_pwr_therm=29635|btmspkr_therm=29568|disp_therm=29591|north_therm=30036|soc_therm=33575|battery=29800|battery_cycle=5|dc-mains=34000|usbc-therm-adc=340|max77779fg=29800|LITTLE=36000|soc=8|smpl_gm=0|vdroop1=0|batoilo=0|batoilo2=0|batt_vs=29793|mdis_morepower=0|thb_hda=51|cp_on_chip_0=36000|cp_on_chip_1=37000|G3D=35000|cp_on_chip_2=37000|cp_on_chip_3=35000|cp_on_chip_4=35000|rf2_therm=33000|rf1_therm=34000|ISP=34000|TPU=35000|AUR=35000|rfpa_therm=31015|quiet_therm=31683|charging_therm=33597|,BIG=36000|MID=37000|usb_pwr_therm=29635|btmspkr_therm=29591|disp_therm=29613|north_therm=30058|soc_therm=33597|battery=29800|battery_cycle=5|dc-mains=34000|usbc-therm-adc=340|max77779fg=29800|LITTLE=36000|soc=8|smpl_gm=0|vdroop1=0|batoilo=0|batoilo2=0|batt_vs=29793|mdis_morepower=0|thb_hda=51|cp_on_chip_0=36000|cp_on_chip_1=37000|G3D=35000|cp_on_chip_2=37000|cp_on_chip_3=35000|cp_on_chip_4=35000|rf2_therm=33000|rf1_therm=34000|ISP=34000|TPU=35000|AUR=35000|rfpa_therm=31015|quiet_therm=31683|charging_therm=33597|,ok,39000,37000,0,37000,1,single,untouched,4096,256,21,256,6144,0,284383,0,4,4,ok
1,20,protected,4,910000,1945000,37000,37000,BIG=36000|MID=36000|usb_pwr_therm=29635|btmspkr_therm=29568|disp_therm=29591|north_therm=30036|soc_therm=33575|battery=29800|battery_cycle=5|dc-mains=34000|usbc-therm-adc=340|max77779fg=29800|LITTLE=36000|soc=8|smpl_gm=0|vdroop1=0|batoilo=0|batoilo2=0|batt_vs=29793|mdis_morepower=0|thb_hda=51|cp_on_chip_0=36000|cp_on_chip_1=37000|G3D=35000|cp_on_chip_2=37000|cp_on_chip_3=35000|cp_on_chip_4=35000|rf2_therm=33000|rf1_therm=34000|ISP=34000|TPU=35000|AUR=35000|rfpa_therm=31015|quiet_therm=31683|charging_therm=33597|,BIG=36000|MID=37000|usb_pwr_therm=29635|btmspkr_therm=29591|disp_therm=29613|north_therm=30058|soc_therm=33597|battery=29800|battery_cycle=5|dc-mains=34000|usbc-therm-adc=340|max77779fg=29800|LITTLE=36000|soc=8|smpl_gm=0|vdroop1=0|batoilo=0|batoilo2=0|batt_vs=29793|mdis_morepower=0|thb_hda=51|cp_on_chip_0=36000|cp_on_chip_1=37000|G3D=35000|cp_on_chip_2=37000|cp_on_chip_3=35000|cp_on_chip_4=35000|rf2_therm=33000|rf1_therm=34000|ISP=34000|TPU=35000|AUR=35000|rfpa_therm=31015|quiet_therm=31683|charging_therm=33597|,ok,39000,37000,0,37000,1,single,untouched,4096,256,22,256,7650,0,283528,0,4,4,ok
1,20,protected,4,910000,1945000,37000,37000,BIG=36000|MID=36000|usb_pwr_therm=29635|btmspkr_therm=29568|disp_therm=29591|north_therm=30036|soc_therm=33575|battery=29800|battery_cycle=5|dc-mains=34000|usbc-therm-adc=340|max77779fg=29800|LITTLE=36000|soc=8|smpl_gm=0|vdroop1=0|batoilo=0|batoilo2=0|batt_vs=29793|mdis_morepower=0|thb_hda=51|cp_on_chip_0=36000|cp_on_chip_1=37000|G3D=35000|cp_on_chip_2=37000|cp_on_chip_3=35000|cp_on_chip_4=35000|rf2_therm=33000|rf1_therm=34000|ISP=34000|TPU=35000|AUR=35000|rfpa_therm=31015|quiet_therm=31683|charging_therm=33597|,BIG=36000|MID=37000|usb_pwr_therm=29635|btmspkr_therm=29591|disp_therm=29613|north_therm=30058|soc_therm=33597|battery=29800|battery_cycle=5|dc-mains=34000|usbc-therm-adc=340|max77779fg=29800|LITTLE=36000|soc=8|smpl_gm=0|vdroop1=0|batoilo=0|batoilo2=0|batt_vs=29793|mdis_morepower=0|thb_hda=51|cp_on_chip_0=36000|cp_on_chip_1=37000|G3D=35000|cp_on_chip_2=37000|cp_on_chip_3=35000|cp_on_chip_4=35000|rf2_therm=33000|rf1_therm=34000|ISP=34000|TPU=35000|AUR=35000|rfpa_therm=31015|quiet_therm=31683|charging_therm=33597|,ok,39000,37000,0,37000,1,single,untouched,4096,256,23,256,6185,0,283447,0,4,4,ok
1,20,protected,4,910000,1945000,37000,37000,BIG=36000|MID=36000|usb_pwr_therm=29635|btmspkr_therm=29568|disp_therm=29591|north_therm=30036|soc_therm=33575|battery=29800|battery_cycle=5|dc-mains=34000|usbc-therm-adc=340|max77779fg=29800|LITTLE=36000|soc=8|smpl_gm=0|vdroop1=0|batoilo=0|batoilo2=0|batt_vs=29793|mdis_morepower=0|thb_hda=51|cp_on_chip_0=36000|cp_on_chip_1=37000|G3D=35000|cp_on_chip_2=37000|cp_on_chip_3=35000|cp_on_chip_4=35000|rf2_therm=33000|rf1_therm=34000|ISP=34000|TPU=35000|AUR=35000|rfpa_therm=31015|quiet_therm=31683|charging_therm=33597|,BIG=36000|MID=37000|usb_pwr_therm=29635|btmspkr_therm=29591|disp_therm=29613|north_therm=30058|soc_therm=33597|battery=29800|battery_cycle=5|dc-mains=34000|usbc-therm-adc=340|max77779fg=29800|LITTLE=36000|soc=8|smpl_gm=0|vdroop1=0|batoilo=0|batoilo2=0|batt_vs=29793|mdis_morepower=0|thb_hda=51|cp_on_chip_0=36000|cp_on_chip_1=37000|G3D=35000|cp_on_chip_2=37000|cp_on_chip_3=35000|cp_on_chip_4=35000|rf2_therm=33000|rf1_therm=34000|ISP=34000|TPU=35000|AUR=35000|rfpa_therm=31015|quiet_therm=31683|charging_therm=33597|,ok,39000,37000,0,37000,1,single,untouched,4096,256,24,256,9359,0,283935,0,4,4,ok
1,20,protected,4,910000,1945000,37000,37000,BIG=36000|MID=36000|usb_pwr_therm=29635|btmspkr_therm=29568|disp_therm=29591|north_therm=30036|soc_therm=33575|battery=29800|battery_cycle=5|dc-mains=34000|usbc-therm-adc=340|max77779fg=29800|LITTLE=36000|soc=8|smpl_gm=0|vdroop1=0|batoilo=0|batoilo2=0|batt_vs=29793|mdis_morepower=0|thb_hda=51|cp_on_chip_0=36000|cp_on_chip_1=37000|G3D=35000|cp_on_chip_2=37000|cp_on_chip_3=35000|cp_on_chip_4=35000|rf2_therm=33000|rf1_therm=34000|ISP=34000|TPU=35000|AUR=35000|rfpa_therm=31015|quiet_therm=31683|charging_therm=33597|,BIG=36000|MID=37000|usb_pwr_therm=29635|btmspkr_therm=29591|disp_therm=29613|north_therm=30058|soc_therm=33597|battery=29800|battery_cycle=5|dc-mains=34000|usbc-therm-adc=340|max77779fg=29800|LITTLE=36000|soc=8|smpl_gm=0|vdroop1=0|batoilo=0|batoilo2=0|batt_vs=29793|mdis_morepower=0|thb_hda=51|cp_on_chip_0=36000|cp_on_chip_1=37000|G3D=35000|cp_on_chip_2=37000|cp_on_chip_3=35000|cp_on_chip_4=35000|rf2_therm=33000|rf1_therm=34000|ISP=34000|TPU=35000|AUR=35000|rfpa_therm=31015|quiet_therm=31683|charging_therm=33597|,ok,39000,37000,0,37000,1,single,untouched,4096,256,25,256,6429,0,283244,0,4,4,ok
1,20,protected,4,910000,1945000,37000,37000,BIG=36000|MID=36000|usb_pwr_therm=29635|btmspkr_therm=29568|disp_therm=29591|north_therm=30036|soc_therm=33575|battery=29800|battery_cycle=5|dc-mains=34000|usbc-therm-adc=340|max77779fg=29800|LITTLE=36000|soc=8|smpl_gm=0|vdroop1=0|batoilo=0|batoilo2=0|batt_vs=29793|mdis_morepower=0|thb_hda=51|cp_on_chip_0=36000|cp_on_chip_1=37000|G3D=35000|cp_on_chip_2=37000|cp_on_chip_3=35000|cp_on_chip_4=35000|rf2_therm=33000|rf1_therm=34000|ISP=34000|TPU=35000|AUR=35000|rfpa_therm=31015|quiet_therm=31683|charging_therm=33597|,BIG=36000|MID=37000|usb_pwr_therm=29635|btmspkr_therm=29591|disp_therm=29613|north_therm=30058|soc_therm=33597|battery=29800|battery_cycle=5|dc-mains=34000|usbc-therm-adc=340|max77779fg=29800|LITTLE=36000|soc=8|smpl_gm=0|vdroop1=0|batoilo=0|batoilo2=0|batt_vs=29793|mdis_morepower=0|thb_hda=51|cp_on_chip_0=36000|cp_on_chip_1=37000|G3D=35000|cp_on_chip_2=37000|cp_on_chip_3=35000|cp_on_chip_4=35000|rf2_therm=33000|rf1_therm=34000|ISP=34000|TPU=35000|AUR=35000|rfpa_therm=31015|quiet_therm=31683|charging_therm=33597|,ok,39000,37000,0,37000,1,single,untouched,4096,256,26,256,7284,0,283651,0,4,4,ok
1,20,protected,4,910000,1945000,37000,37000,BIG=36000|MID=36000|usb_pwr_therm=29635|btmspkr_therm=29568|disp_therm=29591|north_therm=30036|soc_therm=33575|battery=29800|battery_cycle=5|dc-mains=34000|usbc-therm-adc=340|max77779fg=29800|LITTLE=36000|soc=8|smpl_gm=0|vdroop1=0|batoilo=0|batoilo2=0|batt_vs=29793|mdis_morepower=0|thb_hda=51|cp_on_chip_0=36000|cp_on_chip_1=37000|G3D=35000|cp_on_chip_2=37000|cp_on_chip_3=35000|cp_on_chip_4=35000|rf2_therm=33000|rf1_therm=34000|ISP=34000|TPU=35000|AUR=35000|rfpa_therm=31015|quiet_therm=31683|charging_therm=33597|,BIG=36000|MID=37000|usb_pwr_therm=29635|btmspkr_therm=29591|disp_therm=29613|north_therm=30058|soc_therm=33597|battery=29800|battery_cycle=5|dc-mains=34000|usbc-therm-adc=340|max77779fg=29800|LITTLE=36000|soc=8|smpl_gm=0|vdroop1=0|batoilo=0|batoilo2=0|batt_vs=29793|mdis_morepower=0|thb_hda=51|cp_on_chip_0=36000|cp_on_chip_1=37000|G3D=35000|cp_on_chip_2=37000|cp_on_chip_3=35000|cp_on_chip_4=35000|rf2_therm=33000|rf1_therm=34000|ISP=34000|TPU=35000|AUR=35000|rfpa_therm=31015|quiet_therm=31683|charging_therm=33597|,ok,39000,37000,0,37000,1,single,untouched,4096,256,27,256,10214,0,313273,0,4,4,ok
1,20,protected,4,910000,1945000,37000,37000,BIG=36000|MID=36000|usb_pwr_therm=29635|btmspkr_therm=29568|disp_therm=29591|north_therm=30036|soc_therm=33575|battery=29800|battery_cycle=5|dc-mains=34000|usbc-therm-adc=340|max77779fg=29800|LITTLE=36000|soc=8|smpl_gm=0|vdroop1=0|batoilo=0|batoilo2=0|batt_vs=29793|mdis_morepower=0|thb_hda=51|cp_on_chip_0=36000|cp_on_chip_1=37000|G3D=35000|cp_on_chip_2=37000|cp_on_chip_3=35000|cp_on_chip_4=35000|rf2_therm=33000|rf1_therm=34000|ISP=34000|TPU=35000|AUR=35000|rfpa_therm=31015|quiet_therm=31683|charging_therm=33597|,BIG=36000|MID=37000|usb_pwr_therm=29635|btmspkr_therm=29591|disp_therm=29613|north_therm=30058|soc_therm=33597|battery=29800|battery_cycle=5|dc-mains=34000|usbc-therm-adc=340|max77779fg=29800|LITTLE=36000|soc=8|smpl_gm=0|vdroop1=0|batoilo=0|batoilo2=0|batt_vs=29793|mdis_morepower=0|thb_hda=51|cp_on_chip_0=36000|cp_on_chip_1=37000|G3D=35000|cp_on_chip_2=37000|cp_on_chip_3=35000|cp_on_chip_4=35000|rf2_therm=33000|rf1_therm=34000|ISP=34000|TPU=35000|AUR=35000|rfpa_therm=31015|quiet_therm=31683|charging_therm=33597|,ok,39000,37000,0,37000,1,single,untouched,4096,256,28,256,7324,0,283854,0,4,4,ok
1,20,protected,4,910000,1945000,37000,37000,BIG=36000|MID=36000|usb_pwr_therm=29635|btmspkr_therm=29568|disp_therm=29591|north_therm=30036|soc_therm=33575|battery=29800|battery_cycle=5|dc-mains=34000|usbc-therm-adc=340|max77779fg=29800|LITTLE=36000|soc=8|smpl_gm=0|vdroop1=0|batoilo=0|batoilo2=0|batt_vs=29793|mdis_morepower=0|thb_hda=51|cp_on_chip_0=36000|cp_on_chip_1=37000|G3D=35000|cp_on_chip_2=37000|cp_on_chip_3=35000|cp_on_chip_4=35000|rf2_therm=33000|rf1_therm=34000|ISP=34000|TPU=35000|AUR=35000|rfpa_therm=31015|quiet_therm=31683|charging_therm=33597|,BIG=36000|MID=37000|usb_pwr_therm=29635|btmspkr_therm=29591|disp_therm=29613|north_therm=30058|soc_therm=33597|battery=29800|battery_cycle=5|dc-mains=34000|usbc-therm-adc=340|max77779fg=29800|LITTLE=36000|soc=8|smpl_gm=0|vdroop1=0|batoilo=0|batoilo2=0|batt_vs=29793|mdis_morepower=0|thb_hda=51|cp_on_chip_0=36000|cp_on_chip_1=37000|G3D=35000|cp_on_chip_2=37000|cp_on_chip_3=35000|cp_on_chip_4=35000|rf2_therm=33000|rf1_therm=34000|ISP=34000|TPU=35000|AUR=35000|rfpa_therm=31015|quiet_therm=31683|charging_therm=33597|,ok,39000,37000,0,37000,1,single,untouched,4096,256,29,256,8382,0,283528,0,4,4,ok
1,21,protected,4,578000,1549000,39000,38000,BIG=36000|MID=36000|usb_pwr_therm=29635|btmspkr_therm=29613|disp_therm=29613|north_therm=30080|soc_therm=33620|battery=29900|battery_cycle=5|dc-mains=34000|usbc-therm-adc=340|max77779fg=29900|LITTLE=36000|soc=8|smpl_gm=0|vdroop1=0|batoilo=0|batoilo2=0|batt_vs=29892|mdis_morepower=0|thb_hda=51|cp_on_chip_0=36000|cp_on_chip_1=37000|G3D=35000|cp_on_chip_2=37000|cp_on_chip_3=35000|cp_on_chip_4=35000|rf2_therm=33000|rf1_therm=34000|ISP=34000|TPU=35000|AUR=35000|rfpa_therm=31038|quiet_therm=31705|charging_therm=33620|,BIG=36000|MID=37000|usb_pwr_therm=29635|btmspkr_therm=29613|disp_therm=29613|north_therm=30080|soc_therm=33620|battery=29900|battery_cycle=5|dc-mains=34000|usbc-therm-adc=340|max77779fg=29900|LITTLE=36000|soc=8|smpl_gm=0|vdroop1=0|batoilo=0|batoilo2=0|batt_vs=29893|mdis_morepower=0|thb_hda=51|cp_on_chip_0=36000|cp_on_chip_1=37000|G3D=35000|cp_on_chip_2=37000|cp_on_chip_3=35000|cp_on_chip_4=35000|rf2_therm=33000|rf1_therm=34000|ISP=34000|TPU=35000|AUR=35000|rfpa_therm=31060|quiet_therm=31728|charging_therm=33642|,ok,39000,37000,0,37000,1,single,untouched,4096,8192,0,8192,24332,0,5302165,0,4,4,ok
1,21,protected,4,578000,1549000,39000,38000,BIG=36000|MID=36000|usb_pwr_therm=29635|btmspkr_therm=29613|disp_therm=29613|north_therm=30080|soc_therm=33620|battery=29900|battery_cycle=5|dc-mains=34000|usbc-therm-adc=340|max77779fg=29900|LITTLE=36000|soc=8|smpl_gm=0|vdroop1=0|batoilo=0|batoilo2=0|batt_vs=29892|mdis_morepower=0|thb_hda=51|cp_on_chip_0=36000|cp_on_chip_1=37000|G3D=35000|cp_on_chip_2=37000|cp_on_chip_3=35000|cp_on_chip_4=35000|rf2_therm=33000|rf1_therm=34000|ISP=34000|TPU=35000|AUR=35000|rfpa_therm=31038|quiet_therm=31705|charging_therm=33620|,BIG=36000|MID=37000|usb_pwr_therm=29635|btmspkr_therm=29613|disp_therm=29613|north_therm=30080|soc_therm=33620|battery=29900|battery_cycle=5|dc-mains=34000|usbc-therm-adc=340|max77779fg=29900|LITTLE=36000|soc=8|smpl_gm=0|vdroop1=0|batoilo=0|batoilo2=0|batt_vs=29893|mdis_morepower=0|thb_hda=51|cp_on_chip_0=36000|cp_on_chip_1=37000|G3D=35000|cp_on_chip_2=37000|cp_on_chip_3=35000|cp_on_chip_4=35000|rf2_therm=33000|rf1_therm=34000|ISP=34000|TPU=35000|AUR=35000|rfpa_therm=31060|quiet_therm=31728|charging_therm=33642|,ok,39000,37000,0,37000,1,single,untouched,4096,8192,1,8192,10620,0,4977661,0,4,4,ok
1,21,protected,4,578000,1549000,39000,38000,BIG=36000|MID=36000|usb_pwr_therm=29635|btmspkr_therm=29613|disp_therm=29613|north_therm=30080|soc_therm=33620|battery=29900|battery_cycle=5|dc-mains=34000|usbc-therm-adc=340|max77779fg=29900|LITTLE=36000|soc=8|smpl_gm=0|vdroop1=0|batoilo=0|batoilo2=0|batt_vs=29892|mdis_morepower=0|thb_hda=51|cp_on_chip_0=36000|cp_on_chip_1=37000|G3D=35000|cp_on_chip_2=37000|cp_on_chip_3=35000|cp_on_chip_4=35000|rf2_therm=33000|rf1_therm=34000|ISP=34000|TPU=35000|AUR=35000|rfpa_therm=31038|quiet_therm=31705|charging_therm=33620|,BIG=36000|MID=37000|usb_pwr_therm=29635|btmspkr_therm=29613|disp_therm=29613|north_therm=30080|soc_therm=33620|battery=29900|battery_cycle=5|dc-mains=34000|usbc-therm-adc=340|max77779fg=29900|LITTLE=36000|soc=8|smpl_gm=0|vdroop1=0|batoilo=0|batoilo2=0|batt_vs=29893|mdis_morepower=0|thb_hda=51|cp_on_chip_0=36000|cp_on_chip_1=37000|G3D=35000|cp_on_chip_2=37000|cp_on_chip_3=35000|cp_on_chip_4=35000|rf2_therm=33000|rf1_therm=34000|ISP=34000|TPU=35000|AUR=35000|rfpa_therm=31060|quiet_therm=31728|charging_therm=33642|,ok,39000,37000,0,37000,1,single,untouched,4096,8192,2,8192,26083,0,4858806,0,4,4,ok
1,21,protected,4,578000,1549000,39000,38000,BIG=36000|MID=36000|usb_pwr_therm=29635|btmspkr_therm=29613|disp_therm=29613|north_therm=30080|soc_therm=33620|battery=29900|battery_cycle=5|dc-mains=34000|usbc-therm-adc=340|max77779fg=29900|LITTLE=36000|soc=8|smpl_gm=0|vdroop1=0|batoilo=0|batoilo2=0|batt_vs=29892|mdis_morepower=0|thb_hda=51|cp_on_chip_0=36000|cp_on_chip_1=37000|G3D=35000|cp_on_chip_2=37000|cp_on_chip_3=35000|cp_on_chip_4=35000|rf2_therm=33000|rf1_therm=34000|ISP=34000|TPU=35000|AUR=35000|rfpa_therm=31038|quiet_therm=31705|charging_therm=33620|,BIG=36000|MID=37000|usb_pwr_therm=29635|btmspkr_therm=29613|disp_therm=29613|north_therm=30080|soc_therm=33620|battery=29900|battery_cycle=5|dc-mains=34000|usbc-therm-adc=340|max77779fg=29900|LITTLE=36000|soc=8|smpl_gm=0|vdroop1=0|batoilo=0|batoilo2=0|batt_vs=29893|mdis_morepower=0|thb_hda=51|cp_on_chip_0=36000|cp_on_chip_1=37000|G3D=35000|cp_on_chip_2=37000|cp_on_chip_3=35000|cp_on_chip_4=35000|rf2_therm=33000|rf1_therm=34000|ISP=34000|TPU=35000|AUR=35000|rfpa_therm=31060|quiet_therm=31728|charging_therm=33642|,ok,39000,37000,0,37000,1,single,untouched,4096,8192,3,8192,8423,0,4377929,0,4,4,ok
1,21,protected,4,578000,1549000,39000,38000,BIG=36000|MID=36000|usb_pwr_therm=29635|btmspkr_therm=29613|disp_therm=29613|north_therm=30080|soc_therm=33620|battery=29900|battery_cycle=5|dc-mains=34000|usbc-therm-adc=340|max77779fg=29900|LITTLE=36000|soc=8|smpl_gm=0|vdroop1=0|batoilo=0|batoilo2=0|batt_vs=29892|mdis_morepower=0|thb_hda=51|cp_on_chip_0=36000|cp_on_chip_1=37000|G3D=35000|cp_on_chip_2=37000|cp_on_chip_3=35000|cp_on_chip_4=35000|rf2_therm=33000|rf1_therm=34000|ISP=34000|TPU=35000|AUR=35000|rfpa_therm=31038|quiet_therm=31705|charging_therm=33620|,BIG=36000|MID=37000|usb_pwr_therm=29635|btmspkr_therm=29613|disp_therm=29613|north_therm=30080|soc_therm=33620|battery=29900|battery_cycle=5|dc-mains=34000|usbc-therm-adc=340|max77779fg=29900|LITTLE=36000|soc=8|smpl_gm=0|vdroop1=0|batoilo=0|batoilo2=0|batt_vs=29893|mdis_morepower=0|thb_hda=51|cp_on_chip_0=36000|cp_on_chip_1=37000|G3D=35000|cp_on_chip_2=37000|cp_on_chip_3=35000|cp_on_chip_4=35000|rf2_therm=33000|rf1_therm=34000|ISP=34000|TPU=35000|AUR=35000|rfpa_therm=31060|quiet_therm=31728|charging_therm=33642|,ok,39000,37000,0,37000,1,single,untouched,4096,8192,4,8192,12410,0,4368205,0,4,4,ok
1,21,protected,4,578000,1549000,39000,38000,BIG=36000|MID=36000|usb_pwr_therm=29635|btmspkr_therm=29613|disp_therm=29613|north_therm=30080|soc_therm=33620|battery=29900|battery_cycle=5|dc-mains=34000|usbc-therm-adc=340|max77779fg=29900|LITTLE=36000|soc=8|smpl_gm=0|vdroop1=0|batoilo=0|batoilo2=0|batt_vs=29892|mdis_morepower=0|thb_hda=51|cp_on_chip_0=36000|cp_on_chip_1=37000|G3D=35000|cp_on_chip_2=37000|cp_on_chip_3=35000|cp_on_chip_4=35000|rf2_therm=33000|rf1_therm=34000|ISP=34000|TPU=35000|AUR=35000|rfpa_therm=31038|quiet_therm=31705|charging_therm=33620|,BIG=36000|MID=37000|usb_pwr_therm=29635|btmspkr_therm=29613|disp_therm=29613|north_therm=30080|soc_therm=33620|battery=29900|battery_cycle=5|dc-mains=34000|usbc-therm-adc=340|max77779fg=29900|LITTLE=36000|soc=8|smpl_gm=0|vdroop1=0|batoilo=0|batoilo2=0|batt_vs=29893|mdis_morepower=0|thb_hda=51|cp_on_chip_0=36000|cp_on_chip_1=37000|G3D=35000|cp_on_chip_2=37000|cp_on_chip_3=35000|cp_on_chip_4=35000|rf2_therm=33000|rf1_therm=34000|ISP=34000|TPU=35000|AUR=35000|rfpa_therm=31060|quiet_therm=31728|charging_therm=33642|,ok,39000,37000,0,37000,1,single,untouched,4096,8192,5,8192,21281,0,4132324,0,4,4,ok
1,21,protected,4,578000,1549000,39000,38000,BIG=36000|MID=36000|usb_pwr_therm=29635|btmspkr_therm=29613|disp_therm=29613|north_therm=30080|soc_therm=33620|battery=29900|battery_cycle=5|dc-mains=34000|usbc-therm-adc=340|max77779fg=29900|LITTLE=36000|soc=8|smpl_gm=0|vdroop1=0|batoilo=0|batoilo2=0|batt_vs=29892|mdis_morepower=0|thb_hda=51|cp_on_chip_0=36000|cp_on_chip_1=37000|G3D=35000|cp_on_chip_2=37000|cp_on_chip_3=35000|cp_on_chip_4=35000|rf2_therm=33000|rf1_therm=34000|ISP=34000|TPU=35000|AUR=35000|rfpa_therm=31038|quiet_therm=31705|charging_therm=33620|,BIG=36000|MID=37000|usb_pwr_therm=29635|btmspkr_therm=29613|disp_therm=29613|north_therm=30080|soc_therm=33620|battery=29900|battery_cycle=5|dc-mains=34000|usbc-therm-adc=340|max77779fg=29900|LITTLE=36000|soc=8|smpl_gm=0|vdroop1=0|batoilo=0|batoilo2=0|batt_vs=29893|mdis_morepower=0|thb_hda=51|cp_on_chip_0=36000|cp_on_chip_1=37000|G3D=35000|cp_on_chip_2=37000|cp_on_chip_3=35000|cp_on_chip_4=35000|rf2_therm=33000|rf1_therm=34000|ISP=34000|TPU=35000|AUR=35000|rfpa_therm=31060|quiet_therm=31728|charging_therm=33642|,ok,39000,37000,0,37000,1,single,untouched,4096,8192,6,8192,28158,0,3937174,0,4,4,ok
1,21,protected,4,578000,1549000,39000,38000,BIG=36000|MID=36000|usb_pwr_therm=29635|btmspkr_therm=29613|disp_therm=29613|north_therm=30080|soc_therm=33620|battery=29900|battery_cycle=5|dc-mains=34000|usbc-therm-adc=340|max77779fg=29900|LITTLE=36000|soc=8|smpl_gm=0|vdroop1=0|batoilo=0|batoilo2=0|batt_vs=29892|mdis_morepower=0|thb_hda=51|cp_on_chip_0=36000|cp_on_chip_1=37000|G3D=35000|cp_on_chip_2=37000|cp_on_chip_3=35000|cp_on_chip_4=35000|rf2_therm=33000|rf1_therm=34000|ISP=34000|TPU=35000|AUR=35000|rfpa_therm=31038|quiet_therm=31705|charging_therm=33620|,BIG=36000|MID=37000|usb_pwr_therm=29635|btmspkr_therm=29613|disp_therm=29613|north_therm=30080|soc_therm=33620|battery=29900|battery_cycle=5|dc-mains=34000|usbc-therm-adc=340|max77779fg=29900|LITTLE=36000|soc=8|smpl_gm=0|vdroop1=0|batoilo=0|batoilo2=0|batt_vs=29893|mdis_morepower=0|thb_hda=51|cp_on_chip_0=36000|cp_on_chip_1=37000|G3D=35000|cp_on_chip_2=37000|cp_on_chip_3=35000|cp_on_chip_4=35000|rf2_therm=33000|rf1_therm=34000|ISP=34000|TPU=35000|AUR=35000|rfpa_therm=31060|quiet_therm=31728|charging_therm=33642|,ok,39000,37000,0,37000,1,single,untouched,4096,8192,7,8192,25797,0,3971924,0,4,4,ok
1,21,protected,4,578000,1549000,39000,38000,BIG=36000|MID=36000|usb_pwr_therm=29635|btmspkr_therm=29613|disp_therm=29613|north_therm=30080|soc_therm=33620|battery=29900|battery_cycle=5|dc-mains=34000|usbc-therm-adc=340|max77779fg=29900|LITTLE=36000|soc=8|smpl_gm=0|vdroop1=0|batoilo=0|batoilo2=0|batt_vs=29892|mdis_morepower=0|thb_hda=51|cp_on_chip_0=36000|cp_on_chip_1=37000|G3D=35000|cp_on_chip_2=37000|cp_on_chip_3=35000|cp_on_chip_4=35000|rf2_therm=33000|rf1_therm=34000|ISP=34000|TPU=35000|AUR=35000|rfpa_therm=31038|quiet_therm=31705|charging_therm=33620|,BIG=36000|MID=37000|usb_pwr_therm=29635|btmspkr_therm=29613|disp_therm=29613|north_therm=30080|soc_therm=33620|battery=29900|battery_cycle=5|dc-mains=34000|usbc-therm-adc=340|max77779fg=29900|LITTLE=36000|soc=8|smpl_gm=0|vdroop1=0|batoilo=0|batoilo2=0|batt_vs=29893|mdis_morepower=0|thb_hda=51|cp_on_chip_0=36000|cp_on_chip_1=37000|G3D=35000|cp_on_chip_2=37000|cp_on_chip_3=35000|cp_on_chip_4=35000|rf2_therm=33000|rf1_therm=34000|ISP=34000|TPU=35000|AUR=35000|rfpa_therm=31060|quiet_therm=31728|charging_therm=33642|,ok,39000,37000,0,37000,1,single,untouched,4096,8192,8,8192,26204,0,3880331,0,4,4,ok
1,21,protected,4,578000,1549000,39000,38000,BIG=36000|MID=36000|usb_pwr_therm=29635|btmspkr_therm=29613|disp_therm=29613|north_therm=30080|soc_therm=33620|battery=29900|battery_cycle=5|dc-mains=34000|usbc-therm-adc=340|max77779fg=29900|LITTLE=36000|soc=8|smpl_gm=0|vdroop1=0|batoilo=0|batoilo2=0|batt_vs=29892|mdis_morepower=0|thb_hda=51|cp_on_chip_0=36000|cp_on_chip_1=37000|G3D=35000|cp_on_chip_2=37000|cp_on_chip_3=35000|cp_on_chip_4=35000|rf2_therm=33000|rf1_therm=34000|ISP=34000|TPU=35000|AUR=35000|rfpa_therm=31038|quiet_therm=31705|charging_therm=33620|,BIG=36000|MID=37000|usb_pwr_therm=29635|btmspkr_therm=29613|disp_therm=29613|north_therm=30080|soc_therm=33620|battery=29900|battery_cycle=5|dc-mains=34000|usbc-therm-adc=340|max77779fg=29900|LITTLE=36000|soc=8|smpl_gm=0|vdroop1=0|batoilo=0|batoilo2=0|batt_vs=29893|mdis_morepower=0|thb_hda=51|cp_on_chip_0=36000|cp_on_chip_1=37000|G3D=35000|cp_on_chip_2=37000|cp_on_chip_3=35000|cp_on_chip_4=35000|rf2_therm=33000|rf1_therm=34000|ISP=34000|TPU=35000|AUR=35000|rfpa_therm=31060|quiet_therm=31728|charging_therm=33642|,ok,39000,37000,0,37000,1,single,untouched,4096,8192,9,8192,29663,0,3585205,0,4,4,ok
1,21,protected,4,578000,1549000,39000,38000,BIG=36000|MID=36000|usb_pwr_therm=29635|btmspkr_therm=29613|disp_therm=29613|north_therm=30080|soc_therm=33620|battery=29900|battery_cycle=5|dc-mains=34000|usbc-therm-adc=340|max77779fg=29900|LITTLE=36000|soc=8|smpl_gm=0|vdroop1=0|batoilo=0|batoilo2=0|batt_vs=29892|mdis_morepower=0|thb_hda=51|cp_on_chip_0=36000|cp_on_chip_1=37000|G3D=35000|cp_on_chip_2=37000|cp_on_chip_3=35000|cp_on_chip_4=35000|rf2_therm=33000|rf1_therm=34000|ISP=34000|TPU=35000|AUR=35000|rfpa_therm=31038|quiet_therm=31705|charging_therm=33620|,BIG=36000|MID=37000|usb_pwr_therm=29635|btmspkr_therm=29613|disp_therm=29613|north_therm=30080|soc_therm=33620|battery=29900|battery_cycle=5|dc-mains=34000|usbc-therm-adc=340|max77779fg=29900|LITTLE=36000|soc=8|smpl_gm=0|vdroop1=0|batoilo=0|batoilo2=0|batt_vs=29893|mdis_morepower=0|thb_hda=51|cp_on_chip_0=36000|cp_on_chip_1=37000|G3D=35000|cp_on_chip_2=37000|cp_on_chip_3=35000|cp_on_chip_4=35000|rf2_therm=33000|rf1_therm=34000|ISP=34000|TPU=35000|AUR=35000|rfpa_therm=31060|quiet_therm=31728|charging_therm=33642|,ok,39000,37000,0,37000,1,single,untouched,4096,8192,10,8192,34139,0,3612386,0,4,4,ok
1,21,protected,4,578000,1549000,39000,38000,BIG=36000|MID=36000|usb_pwr_therm=29635|btmspkr_therm=29613|disp_therm=29613|north_therm=30080|soc_therm=33620|battery=29900|battery_cycle=5|dc-mains=34000|usbc-therm-adc=340|max77779fg=29900|LITTLE=36000|soc=8|smpl_gm=0|vdroop1=0|batoilo=0|batoilo2=0|batt_vs=29892|mdis_morepower=0|thb_hda=51|cp_on_chip_0=36000|cp_on_chip_1=37000|G3D=35000|cp_on_chip_2=37000|cp_on_chip_3=35000|cp_on_chip_4=35000|rf2_therm=33000|rf1_therm=34000|ISP=34000|TPU=35000|AUR=35000|rfpa_therm=31038|quiet_therm=31705|charging_therm=33620|,BIG=36000|MID=37000|usb_pwr_therm=29635|btmspkr_therm=29613|disp_therm=29613|north_therm=30080|soc_therm=33620|battery=29900|battery_cycle=5|dc-mains=34000|usbc-therm-adc=340|max77779fg=29900|LITTLE=36000|soc=8|smpl_gm=0|vdroop1=0|batoilo=0|batoilo2=0|batt_vs=29893|mdis_morepower=0|thb_hda=51|cp_on_chip_0=36000|cp_on_chip_1=37000|G3D=35000|cp_on_chip_2=37000|cp_on_chip_3=35000|cp_on_chip_4=35000|rf2_therm=33000|rf1_therm=34000|ISP=34000|TPU=35000|AUR=35000|rfpa_therm=31060|quiet_therm=31728|charging_therm=33642|,ok,39000,37000,0,37000,1,single,untouched,4096,8192,11,8192,4761,0,3588135,0,4,4,ok
1,21,protected,4,578000,1549000,39000,38000,BIG=36000|MID=36000|usb_pwr_therm=29635|btmspkr_therm=29613|disp_therm=29613|north_therm=30080|soc_therm=33620|battery=29900|battery_cycle=5|dc-mains=34000|usbc-therm-adc=340|max77779fg=29900|LITTLE=36000|soc=8|smpl_gm=0|vdroop1=0|batoilo=0|batoilo2=0|batt_vs=29892|mdis_morepower=0|thb_hda=51|cp_on_chip_0=36000|cp_on_chip_1=37000|G3D=35000|cp_on_chip_2=37000|cp_on_chip_3=35000|cp_on_chip_4=35000|rf2_therm=33000|rf1_therm=34000|ISP=34000|TPU=35000|AUR=35000|rfpa_therm=31038|quiet_therm=31705|charging_therm=33620|,BIG=36000|MID=37000|usb_pwr_therm=29635|btmspkr_therm=29613|disp_therm=29613|north_therm=30080|soc_therm=33620|battery=29900|battery_cycle=5|dc-mains=34000|usbc-therm-adc=340|max77779fg=29900|LITTLE=36000|soc=8|smpl_gm=0|vdroop1=0|batoilo=0|batoilo2=0|batt_vs=29893|mdis_morepower=0|thb_hda=51|cp_on_chip_0=36000|cp_on_chip_1=37000|G3D=35000|cp_on_chip_2=37000|cp_on_chip_3=35000|cp_on_chip_4=35000|rf2_therm=33000|rf1_therm=34000|ISP=34000|TPU=35000|AUR=35000|rfpa_therm=31060|quiet_therm=31728|charging_therm=33642|,ok,39000,37000,0,37000,1,single,untouched,4096,8192,12,8192,32389,0,3578736,0,4,4,ok
1,21,protected,4,578000,1549000,39000,38000,BIG=36000|MID=36000|usb_pwr_therm=29635|btmspkr_therm=29613|disp_therm=29613|north_therm=30080|soc_therm=33620|battery=29900|battery_cycle=5|dc-mains=34000|usbc-therm-adc=340|max77779fg=29900|LITTLE=36000|soc=8|smpl_gm=0|vdroop1=0|batoilo=0|batoilo2=0|batt_vs=29892|mdis_morepower=0|thb_hda=51|cp_on_chip_0=36000|cp_on_chip_1=37000|G3D=35000|cp_on_chip_2=37000|cp_on_chip_3=35000|cp_on_chip_4=35000|rf2_therm=33000|rf1_therm=34000|ISP=34000|TPU=35000|AUR=35000|rfpa_therm=31038|quiet_therm=31705|charging_therm=33620|,BIG=36000|MID=37000|usb_pwr_therm=29635|btmspkr_therm=29613|disp_therm=29613|north_therm=30080|soc_therm=33620|battery=29900|battery_cycle=5|dc-mains=34000|usbc-therm-adc=340|max77779fg=29900|LITTLE=36000|soc=8|smpl_gm=0|vdroop1=0|batoilo=0|batoilo2=0|batt_vs=29893|mdis_morepower=0|thb_hda=51|cp_on_chip_0=36000|cp_on_chip_1=37000|G3D=35000|cp_on_chip_2=37000|cp_on_chip_3=35000|cp_on_chip_4=35000|rf2_therm=33000|rf1_therm=34000|ISP=34000|TPU=35000|AUR=35000|rfpa_therm=31060|quiet_therm=31728|charging_therm=33642|,ok,39000,37000,0,37000,1,single,untouched,4096,8192,13,8192,4313,0,3585409,0,4,4,ok
1,21,protected,4,578000,1549000,39000,38000,BIG=36000|MID=36000|usb_pwr_therm=29635|btmspkr_therm=29613|disp_therm=29613|north_therm=30080|soc_therm=33620|battery=29900|battery_cycle=5|dc-mains=34000|usbc-therm-adc=340|max77779fg=29900|LITTLE=36000|soc=8|smpl_gm=0|vdroop1=0|batoilo=0|batoilo2=0|batt_vs=29892|mdis_morepower=0|thb_hda=51|cp_on_chip_0=36000|cp_on_chip_1=37000|G3D=35000|cp_on_chip_2=37000|cp_on_chip_3=35000|cp_on_chip_4=35000|rf2_therm=33000|rf1_therm=34000|ISP=34000|TPU=35000|AUR=35000|rfpa_therm=31038|quiet_therm=31705|charging_therm=33620|,BIG=36000|MID=37000|usb_pwr_therm=29635|btmspkr_therm=29613|disp_therm=29613|north_therm=30080|soc_therm=33620|battery=29900|battery_cycle=5|dc-mains=34000|usbc-therm-adc=340|max77779fg=29900|LITTLE=36000|soc=8|smpl_gm=0|vdroop1=0|batoilo=0|batoilo2=0|batt_vs=29893|mdis_morepower=0|thb_hda=51|cp_on_chip_0=36000|cp_on_chip_1=37000|G3D=35000|cp_on_chip_2=37000|cp_on_chip_3=35000|cp_on_chip_4=35000|rf2_therm=33000|rf1_therm=34000|ISP=34000|TPU=35000|AUR=35000|rfpa_therm=31060|quiet_therm=31728|charging_therm=33642|,ok,39000,37000,0,37000,1,single,untouched,4096,8192,14,8192,31413,0,3609701,0,4,4,ok
1,21,protected,4,578000,1549000,39000,38000,BIG=36000|MID=36000|usb_pwr_therm=29635|btmspkr_therm=29613|disp_therm=29613|north_therm=30080|soc_therm=33620|battery=29900|battery_cycle=5|dc-mains=34000|usbc-therm-adc=340|max77779fg=29900|LITTLE=36000|soc=8|smpl_gm=0|vdroop1=0|batoilo=0|batoilo2=0|batt_vs=29892|mdis_morepower=0|thb_hda=51|cp_on_chip_0=36000|cp_on_chip_1=37000|G3D=35000|cp_on_chip_2=37000|cp_on_chip_3=35000|cp_on_chip_4=35000|rf2_therm=33000|rf1_therm=34000|ISP=34000|TPU=35000|AUR=35000|rfpa_therm=31038|quiet_therm=31705|charging_therm=33620|,BIG=36000|MID=37000|usb_pwr_therm=29635|btmspkr_therm=29613|disp_therm=29613|north_therm=30080|soc_therm=33620|battery=29900|battery_cycle=5|dc-mains=34000|usbc-therm-adc=340|max77779fg=29900|LITTLE=36000|soc=8|smpl_gm=0|vdroop1=0|batoilo=0|batoilo2=0|batt_vs=29893|mdis_morepower=0|thb_hda=51|cp_on_chip_0=36000|cp_on_chip_1=37000|G3D=35000|cp_on_chip_2=37000|cp_on_chip_3=35000|cp_on_chip_4=35000|rf2_therm=33000|rf1_therm=34000|ISP=34000|TPU=35000|AUR=35000|rfpa_therm=31060|quiet_therm=31728|charging_therm=33642|,ok,39000,37000,0,37000,1,single,untouched,4096,8192,15,8192,29744,0,3681641,0,4,4,ok
1,21,protected,4,578000,1549000,39000,38000,BIG=36000|MID=36000|usb_pwr_therm=29635|btmspkr_therm=29613|disp_therm=29613|north_therm=30080|soc_therm=33620|battery=29900|battery_cycle=5|dc-mains=34000|usbc-therm-adc=340|max77779fg=29900|LITTLE=36000|soc=8|smpl_gm=0|vdroop1=0|batoilo=0|batoilo2=0|batt_vs=29892|mdis_morepower=0|thb_hda=51|cp_on_chip_0=36000|cp_on_chip_1=37000|G3D=35000|cp_on_chip_2=37000|cp_on_chip_3=35000|cp_on_chip_4=35000|rf2_therm=33000|rf1_therm=34000|ISP=34000|TPU=35000|AUR=35000|rfpa_therm=31038|quiet_therm=31705|charging_therm=33620|,BIG=36000|MID=37000|usb_pwr_therm=29635|btmspkr_therm=29613|disp_therm=29613|north_therm=30080|soc_therm=33620|battery=29900|battery_cycle=5|dc-mains=34000|usbc-therm-adc=340|max77779fg=29900|LITTLE=36000|soc=8|smpl_gm=0|vdroop1=0|batoilo=0|batoilo2=0|batt_vs=29893|mdis_morepower=0|thb_hda=51|cp_on_chip_0=36000|cp_on_chip_1=37000|G3D=35000|cp_on_chip_2=37000|cp_on_chip_3=35000|cp_on_chip_4=35000|rf2_therm=33000|rf1_therm=34000|ISP=34000|TPU=35000|AUR=35000|rfpa_therm=31060|quiet_therm=31728|charging_therm=33642|,ok,39000,37000,0,37000,1,single,untouched,4096,8192,16,8192,12817,0,3580729,0,4,4,ok
1,21,protected,4,578000,1549000,39000,38000,BIG=36000|MID=36000|usb_pwr_therm=29635|btmspkr_therm=29613|disp_therm=29613|north_therm=30080|soc_therm=33620|battery=29900|battery_cycle=5|dc-mains=34000|usbc-therm-adc=340|max77779fg=29900|LITTLE=36000|soc=8|smpl_gm=0|vdroop1=0|batoilo=0|batoilo2=0|batt_vs=29892|mdis_morepower=0|thb_hda=51|cp_on_chip_0=36000|cp_on_chip_1=37000|G3D=35000|cp_on_chip_2=37000|cp_on_chip_3=35000|cp_on_chip_4=35000|rf2_therm=33000|rf1_therm=34000|ISP=34000|TPU=35000|AUR=35000|rfpa_therm=31038|quiet_therm=31705|charging_therm=33620|,BIG=36000|MID=37000|usb_pwr_therm=29635|btmspkr_therm=29613|disp_therm=29613|north_therm=30080|soc_therm=33620|battery=29900|battery_cycle=5|dc-mains=34000|usbc-therm-adc=340|max77779fg=29900|LITTLE=36000|soc=8|smpl_gm=0|vdroop1=0|batoilo=0|batoilo2=0|batt_vs=29893|mdis_morepower=0|thb_hda=51|cp_on_chip_0=36000|cp_on_chip_1=37000|G3D=35000|cp_on_chip_2=37000|cp_on_chip_3=35000|cp_on_chip_4=35000|rf2_therm=33000|rf1_therm=34000|ISP=34000|TPU=35000|AUR=35000|rfpa_therm=31060|quiet_therm=31728|charging_therm=33642|,ok,39000,37000,0,37000,1,single,untouched,4096,8192,17,8192,5778,0,3584513,0,4,4,ok
1,21,protected,4,578000,1549000,39000,38000,BIG=36000|MID=36000|usb_pwr_therm=29635|btmspkr_therm=29613|disp_therm=29613|north_therm=30080|soc_therm=33620|battery=29900|battery_cycle=5|dc-mains=34000|usbc-therm-adc=340|max77779fg=29900|LITTLE=36000|soc=8|smpl_gm=0|vdroop1=0|batoilo=0|batoilo2=0|batt_vs=29892|mdis_morepower=0|thb_hda=51|cp_on_chip_0=36000|cp_on_chip_1=37000|G3D=35000|cp_on_chip_2=37000|cp_on_chip_3=35000|cp_on_chip_4=35000|rf2_therm=33000|rf1_therm=34000|ISP=34000|TPU=35000|AUR=35000|rfpa_therm=31038|quiet_therm=31705|charging_therm=33620|,BIG=36000|MID=37000|usb_pwr_therm=29635|btmspkr_therm=29613|disp_therm=29613|north_therm=30080|soc_therm=33620|battery=29900|battery_cycle=5|dc-mains=34000|usbc-therm-adc=340|max77779fg=29900|LITTLE=36000|soc=8|smpl_gm=0|vdroop1=0|batoilo=0|batoilo2=0|batt_vs=29893|mdis_morepower=0|thb_hda=51|cp_on_chip_0=36000|cp_on_chip_1=37000|G3D=35000|cp_on_chip_2=37000|cp_on_chip_3=35000|cp_on_chip_4=35000|rf2_therm=33000|rf1_therm=34000|ISP=34000|TPU=35000|AUR=35000|rfpa_therm=31060|quiet_therm=31728|charging_therm=33642|,ok,39000,37000,0,37000,1,single,untouched,4096,8192,18,8192,31453,0,3580811,0,4,4,ok
1,21,protected,4,578000,1549000,39000,38000,BIG=36000|MID=36000|usb_pwr_therm=29635|btmspkr_therm=29613|disp_therm=29613|north_therm=30080|soc_therm=33620|battery=29900|battery_cycle=5|dc-mains=34000|usbc-therm-adc=340|max77779fg=29900|LITTLE=36000|soc=8|smpl_gm=0|vdroop1=0|batoilo=0|batoilo2=0|batt_vs=29892|mdis_morepower=0|thb_hda=51|cp_on_chip_0=36000|cp_on_chip_1=37000|G3D=35000|cp_on_chip_2=37000|cp_on_chip_3=35000|cp_on_chip_4=35000|rf2_therm=33000|rf1_therm=34000|ISP=34000|TPU=35000|AUR=35000|rfpa_therm=31038|quiet_therm=31705|charging_therm=33620|,BIG=36000|MID=37000|usb_pwr_therm=29635|btmspkr_therm=29613|disp_therm=29613|north_therm=30080|soc_therm=33620|battery=29900|battery_cycle=5|dc-mains=34000|usbc-therm-adc=340|max77779fg=29900|LITTLE=36000|soc=8|smpl_gm=0|vdroop1=0|batoilo=0|batoilo2=0|batt_vs=29893|mdis_morepower=0|thb_hda=51|cp_on_chip_0=36000|cp_on_chip_1=37000|G3D=35000|cp_on_chip_2=37000|cp_on_chip_3=35000|cp_on_chip_4=35000|rf2_therm=33000|rf1_therm=34000|ISP=34000|TPU=35000|AUR=35000|rfpa_therm=31060|quiet_therm=31728|charging_therm=33642|,ok,39000,37000,0,37000,1,single,untouched,4096,8192,19,8192,5453,0,3582031,0,4,4,ok
1,21,protected,4,578000,1549000,39000,38000,BIG=36000|MID=36000|usb_pwr_therm=29635|btmspkr_therm=29613|disp_therm=29613|north_therm=30080|soc_therm=33620|battery=29900|battery_cycle=5|dc-mains=34000|usbc-therm-adc=340|max77779fg=29900|LITTLE=36000|soc=8|smpl_gm=0|vdroop1=0|batoilo=0|batoilo2=0|batt_vs=29892|mdis_morepower=0|thb_hda=51|cp_on_chip_0=36000|cp_on_chip_1=37000|G3D=35000|cp_on_chip_2=37000|cp_on_chip_3=35000|cp_on_chip_4=35000|rf2_therm=33000|rf1_therm=34000|ISP=34000|TPU=35000|AUR=35000|rfpa_therm=31038|quiet_therm=31705|charging_therm=33620|,BIG=36000|MID=37000|usb_pwr_therm=29635|btmspkr_therm=29613|disp_therm=29613|north_therm=30080|soc_therm=33620|battery=29900|battery_cycle=5|dc-mains=34000|usbc-therm-adc=340|max77779fg=29900|LITTLE=36000|soc=8|smpl_gm=0|vdroop1=0|batoilo=0|batoilo2=0|batt_vs=29893|mdis_morepower=0|thb_hda=51|cp_on_chip_0=36000|cp_on_chip_1=37000|G3D=35000|cp_on_chip_2=37000|cp_on_chip_3=35000|cp_on_chip_4=35000|rf2_therm=33000|rf1_therm=34000|ISP=34000|TPU=35000|AUR=35000|rfpa_therm=31060|quiet_therm=31728|charging_therm=33642|,ok,39000,37000,0,37000,1,single,untouched,4096,8192,20,8192,35400,0,3611206,0,4,4,ok
1,21,protected,4,578000,1549000,39000,38000,BIG=36000|MID=36000|usb_pwr_therm=29635|btmspkr_therm=29613|disp_therm=29613|north_therm=30080|soc_therm=33620|battery=29900|battery_cycle=5|dc-mains=34000|usbc-therm-adc=340|max77779fg=29900|LITTLE=36000|soc=8|smpl_gm=0|vdroop1=0|batoilo=0|batoilo2=0|batt_vs=29892|mdis_morepower=0|thb_hda=51|cp_on_chip_0=36000|cp_on_chip_1=37000|G3D=35000|cp_on_chip_2=37000|cp_on_chip_3=35000|cp_on_chip_4=35000|rf2_therm=33000|rf1_therm=34000|ISP=34000|TPU=35000|AUR=35000|rfpa_therm=31038|quiet_therm=31705|charging_therm=33620|,BIG=36000|MID=37000|usb_pwr_therm=29635|btmspkr_therm=29613|disp_therm=29613|north_therm=30080|soc_therm=33620|battery=29900|battery_cycle=5|dc-mains=34000|usbc-therm-adc=340|max77779fg=29900|LITTLE=36000|soc=8|smpl_gm=0|vdroop1=0|batoilo=0|batoilo2=0|batt_vs=29893|mdis_morepower=0|thb_hda=51|cp_on_chip_0=36000|cp_on_chip_1=37000|G3D=35000|cp_on_chip_2=37000|cp_on_chip_3=35000|cp_on_chip_4=35000|rf2_therm=33000|rf1_therm=34000|ISP=34000|TPU=35000|AUR=35000|rfpa_therm=31060|quiet_therm=31728|charging_therm=33642|,ok,39000,37000,0,37000,1,single,untouched,4096,8192,21,8192,6714,0,3578899,0,4,4,ok
1,21,protected,4,578000,1549000,39000,38000,BIG=36000|MID=36000|usb_pwr_therm=29635|btmspkr_therm=29613|disp_therm=29613|north_therm=30080|soc_therm=33620|battery=29900|battery_cycle=5|dc-mains=34000|usbc-therm-adc=340|max77779fg=29900|LITTLE=36000|soc=8|smpl_gm=0|vdroop1=0|batoilo=0|batoilo2=0|batt_vs=29892|mdis_morepower=0|thb_hda=51|cp_on_chip_0=36000|cp_on_chip_1=37000|G3D=35000|cp_on_chip_2=37000|cp_on_chip_3=35000|cp_on_chip_4=35000|rf2_therm=33000|rf1_therm=34000|ISP=34000|TPU=35000|AUR=35000|rfpa_therm=31038|quiet_therm=31705|charging_therm=33620|,BIG=36000|MID=37000|usb_pwr_therm=29635|btmspkr_therm=29613|disp_therm=29613|north_therm=30080|soc_therm=33620|battery=29900|battery_cycle=5|dc-mains=34000|usbc-therm-adc=340|max77779fg=29900|LITTLE=36000|soc=8|smpl_gm=0|vdroop1=0|batoilo=0|batoilo2=0|batt_vs=29893|mdis_morepower=0|thb_hda=51|cp_on_chip_0=36000|cp_on_chip_1=37000|G3D=35000|cp_on_chip_2=37000|cp_on_chip_3=35000|cp_on_chip_4=35000|rf2_therm=33000|rf1_therm=34000|ISP=34000|TPU=35000|AUR=35000|rfpa_therm=31060|quiet_therm=31728|charging_therm=33642|,ok,39000,37000,0,37000,1,single,untouched,4096,8192,22,8192,30640,0,3617024,0,4,4,ok
1,21,protected,4,578000,1549000,39000,38000,BIG=36000|MID=36000|usb_pwr_therm=29635|btmspkr_therm=29613|disp_therm=29613|north_therm=30080|soc_therm=33620|battery=29900|battery_cycle=5|dc-mains=34000|usbc-therm-adc=340|max77779fg=29900|LITTLE=36000|soc=8|smpl_gm=0|vdroop1=0|batoilo=0|batoilo2=0|batt_vs=29892|mdis_morepower=0|thb_hda=51|cp_on_chip_0=36000|cp_on_chip_1=37000|G3D=35000|cp_on_chip_2=37000|cp_on_chip_3=35000|cp_on_chip_4=35000|rf2_therm=33000|rf1_therm=34000|ISP=34000|TPU=35000|AUR=35000|rfpa_therm=31038|quiet_therm=31705|charging_therm=33620|,BIG=36000|MID=37000|usb_pwr_therm=29635|btmspkr_therm=29613|disp_therm=29613|north_therm=30080|soc_therm=33620|battery=29900|battery_cycle=5|dc-mains=34000|usbc-therm-adc=340|max77779fg=29900|LITTLE=36000|soc=8|smpl_gm=0|vdroop1=0|batoilo=0|batoilo2=0|batt_vs=29893|mdis_morepower=0|thb_hda=51|cp_on_chip_0=36000|cp_on_chip_1=37000|G3D=35000|cp_on_chip_2=37000|cp_on_chip_3=35000|cp_on_chip_4=35000|rf2_therm=33000|rf1_therm=34000|ISP=34000|TPU=35000|AUR=35000|rfpa_therm=31060|quiet_therm=31728|charging_therm=33642|,ok,39000,37000,0,37000,1,single,untouched,4096,8192,23,8192,3377,0,3579142,0,4,4,ok
1,21,protected,4,578000,1549000,39000,38000,BIG=36000|MID=36000|usb_pwr_therm=29635|btmspkr_therm=29613|disp_therm=29613|north_therm=30080|soc_therm=33620|battery=29900|battery_cycle=5|dc-mains=34000|usbc-therm-adc=340|max77779fg=29900|LITTLE=36000|soc=8|smpl_gm=0|vdroop1=0|batoilo=0|batoilo2=0|batt_vs=29892|mdis_morepower=0|thb_hda=51|cp_on_chip_0=36000|cp_on_chip_1=37000|G3D=35000|cp_on_chip_2=37000|cp_on_chip_3=35000|cp_on_chip_4=35000|rf2_therm=33000|rf1_therm=34000|ISP=34000|TPU=35000|AUR=35000|rfpa_therm=31038|quiet_therm=31705|charging_therm=33620|,BIG=36000|MID=37000|usb_pwr_therm=29635|btmspkr_therm=29613|disp_therm=29613|north_therm=30080|soc_therm=33620|battery=29900|battery_cycle=5|dc-mains=34000|usbc-therm-adc=340|max77779fg=29900|LITTLE=36000|soc=8|smpl_gm=0|vdroop1=0|batoilo=0|batoilo2=0|batt_vs=29893|mdis_morepower=0|thb_hda=51|cp_on_chip_0=36000|cp_on_chip_1=37000|G3D=35000|cp_on_chip_2=37000|cp_on_chip_3=35000|cp_on_chip_4=35000|rf2_therm=33000|rf1_therm=34000|ISP=34000|TPU=35000|AUR=35000|rfpa_therm=31060|quiet_therm=31728|charging_therm=33642|,ok,39000,37000,0,37000,1,single,untouched,4096,8192,24,8192,33081,0,3612183,0,4,4,ok
1,21,protected,4,578000,1549000,39000,38000,BIG=36000|MID=36000|usb_pwr_therm=29635|btmspkr_therm=29613|disp_therm=29613|north_therm=30080|soc_therm=33620|battery=29900|battery_cycle=5|dc-mains=34000|usbc-therm-adc=340|max77779fg=29900|LITTLE=36000|soc=8|smpl_gm=0|vdroop1=0|batoilo=0|batoilo2=0|batt_vs=29892|mdis_morepower=0|thb_hda=51|cp_on_chip_0=36000|cp_on_chip_1=37000|G3D=35000|cp_on_chip_2=37000|cp_on_chip_3=35000|cp_on_chip_4=35000|rf2_therm=33000|rf1_therm=34000|ISP=34000|TPU=35000|AUR=35000|rfpa_therm=31038|quiet_therm=31705|charging_therm=33620|,BIG=36000|MID=37000|usb_pwr_therm=29635|btmspkr_therm=29613|disp_therm=29613|north_therm=30080|soc_therm=33620|battery=29900|battery_cycle=5|dc-mains=34000|usbc-therm-adc=340|max77779fg=29900|LITTLE=36000|soc=8|smpl_gm=0|vdroop1=0|batoilo=0|batoilo2=0|batt_vs=29893|mdis_morepower=0|thb_hda=51|cp_on_chip_0=36000|cp_on_chip_1=37000|G3D=35000|cp_on_chip_2=37000|cp_on_chip_3=35000|cp_on_chip_4=35000|rf2_therm=33000|rf1_therm=34000|ISP=34000|TPU=35000|AUR=35000|rfpa_therm=31060|quiet_therm=31728|charging_therm=33642|,ok,39000,37000,0,37000,1,single,untouched,4096,8192,25,8192,32308,0,3607503,0,4,4,ok
1,21,protected,4,578000,1549000,39000,38000,BIG=36000|MID=36000|usb_pwr_therm=29635|btmspkr_therm=29613|disp_therm=29613|north_therm=30080|soc_therm=33620|battery=29900|battery_cycle=5|dc-mains=34000|usbc-therm-adc=340|max77779fg=29900|LITTLE=36000|soc=8|smpl_gm=0|vdroop1=0|batoilo=0|batoilo2=0|batt_vs=29892|mdis_morepower=0|thb_hda=51|cp_on_chip_0=36000|cp_on_chip_1=37000|G3D=35000|cp_on_chip_2=37000|cp_on_chip_3=35000|cp_on_chip_4=35000|rf2_therm=33000|rf1_therm=34000|ISP=34000|TPU=35000|AUR=35000|rfpa_therm=31038|quiet_therm=31705|charging_therm=33620|,BIG=36000|MID=37000|usb_pwr_therm=29635|btmspkr_therm=29613|disp_therm=29613|north_therm=30080|soc_therm=33620|battery=29900|battery_cycle=5|dc-mains=34000|usbc-therm-adc=340|max77779fg=29900|LITTLE=36000|soc=8|smpl_gm=0|vdroop1=0|batoilo=0|batoilo2=0|batt_vs=29893|mdis_morepower=0|thb_hda=51|cp_on_chip_0=36000|cp_on_chip_1=37000|G3D=35000|cp_on_chip_2=37000|cp_on_chip_3=35000|cp_on_chip_4=35000|rf2_therm=33000|rf1_therm=34000|ISP=34000|TPU=35000|AUR=35000|rfpa_therm=31060|quiet_therm=31728|charging_therm=33642|,ok,39000,37000,0,37000,1,single,untouched,4096,8192,26,8192,29867,0,3585531,0,4,4,ok
1,21,protected,4,578000,1549000,39000,38000,BIG=36000|MID=36000|usb_pwr_therm=29635|btmspkr_therm=29613|disp_therm=29613|north_therm=30080|soc_therm=33620|battery=29900|battery_cycle=5|dc-mains=34000|usbc-therm-adc=340|max77779fg=29900|LITTLE=36000|soc=8|smpl_gm=0|vdroop1=0|batoilo=0|batoilo2=0|batt_vs=29892|mdis_morepower=0|thb_hda=51|cp_on_chip_0=36000|cp_on_chip_1=37000|G3D=35000|cp_on_chip_2=37000|cp_on_chip_3=35000|cp_on_chip_4=35000|rf2_therm=33000|rf1_therm=34000|ISP=34000|TPU=35000|AUR=35000|rfpa_therm=31038|quiet_therm=31705|charging_therm=33620|,BIG=36000|MID=37000|usb_pwr_therm=29635|btmspkr_therm=29613|disp_therm=29613|north_therm=30080|soc_therm=33620|battery=29900|battery_cycle=5|dc-mains=34000|usbc-therm-adc=340|max77779fg=29900|LITTLE=36000|soc=8|smpl_gm=0|vdroop1=0|batoilo=0|batoilo2=0|batt_vs=29893|mdis_morepower=0|thb_hda=51|cp_on_chip_0=36000|cp_on_chip_1=37000|G3D=35000|cp_on_chip_2=37000|cp_on_chip_3=35000|cp_on_chip_4=35000|rf2_therm=33000|rf1_therm=34000|ISP=34000|TPU=35000|AUR=35000|rfpa_therm=31060|quiet_therm=31728|charging_therm=33642|,ok,39000,37000,0,37000,1,single,untouched,4096,8192,27,8192,9156,0,3588216,0,4,4,ok
1,21,protected,4,578000,1549000,39000,38000,BIG=36000|MID=36000|usb_pwr_therm=29635|btmspkr_therm=29613|disp_therm=29613|north_therm=30080|soc_therm=33620|battery=29900|battery_cycle=5|dc-mains=34000|usbc-therm-adc=340|max77779fg=29900|LITTLE=36000|soc=8|smpl_gm=0|vdroop1=0|batoilo=0|batoilo2=0|batt_vs=29892|mdis_morepower=0|thb_hda=51|cp_on_chip_0=36000|cp_on_chip_1=37000|G3D=35000|cp_on_chip_2=37000|cp_on_chip_3=35000|cp_on_chip_4=35000|rf2_therm=33000|rf1_therm=34000|ISP=34000|TPU=35000|AUR=35000|rfpa_therm=31038|quiet_therm=31705|charging_therm=33620|,BIG=36000|MID=37000|usb_pwr_therm=29635|btmspkr_therm=29613|disp_therm=29613|north_therm=30080|soc_therm=33620|battery=29900|battery_cycle=5|dc-mains=34000|usbc-therm-adc=340|max77779fg=29900|LITTLE=36000|soc=8|smpl_gm=0|vdroop1=0|batoilo=0|batoilo2=0|batt_vs=29893|mdis_morepower=0|thb_hda=51|cp_on_chip_0=36000|cp_on_chip_1=37000|G3D=35000|cp_on_chip_2=37000|cp_on_chip_3=35000|cp_on_chip_4=35000|rf2_therm=33000|rf1_therm=34000|ISP=34000|TPU=35000|AUR=35000|rfpa_therm=31060|quiet_therm=31728|charging_therm=33642|,ok,39000,37000,0,37000,1,single,untouched,4096,8192,28,8192,4557,0,3586507,0,4,4,ok
1,21,protected,4,578000,1549000,39000,38000,BIG=36000|MID=36000|usb_pwr_therm=29635|btmspkr_therm=29613|disp_therm=29613|north_therm=30080|soc_therm=33620|battery=29900|battery_cycle=5|dc-mains=34000|usbc-therm-adc=340|max77779fg=29900|LITTLE=36000|soc=8|smpl_gm=0|vdroop1=0|batoilo=0|batoilo2=0|batt_vs=29892|mdis_morepower=0|thb_hda=51|cp_on_chip_0=36000|cp_on_chip_1=37000|G3D=35000|cp_on_chip_2=37000|cp_on_chip_3=35000|cp_on_chip_4=35000|rf2_therm=33000|rf1_therm=34000|ISP=34000|TPU=35000|AUR=35000|rfpa_therm=31038|quiet_therm=31705|charging_therm=33620|,BIG=36000|MID=37000|usb_pwr_therm=29635|btmspkr_therm=29613|disp_therm=29613|north_therm=30080|soc_therm=33620|battery=29900|battery_cycle=5|dc-mains=34000|usbc-therm-adc=340|max77779fg=29900|LITTLE=36000|soc=8|smpl_gm=0|vdroop1=0|batoilo=0|batoilo2=0|batt_vs=29893|mdis_morepower=0|thb_hda=51|cp_on_chip_0=36000|cp_on_chip_1=37000|G3D=35000|cp_on_chip_2=37000|cp_on_chip_3=35000|cp_on_chip_4=35000|rf2_therm=33000|rf1_therm=34000|ISP=34000|TPU=35000|AUR=35000|rfpa_therm=31060|quiet_therm=31728|charging_therm=33642|,ok,39000,37000,0,37000,1,single,untouched,4096,8192,29,8192,30802,0,3585205,0,4,4,ok
1,22,protected,4,1795000,1795000,37000,38000,BIG=36000|MID=36000|usb_pwr_therm=29635|btmspkr_therm=29613|disp_therm=29613|north_therm=30103|soc_therm=33664|battery=29900|battery_cycle=5|dc-mains=34000|usbc-therm-adc=340|max77779fg=29900|LITTLE=36000|soc=8|smpl_gm=0|vdroop1=0|batoilo=0|batoilo2=0|batt_vs=29893|mdis_morepower=0|thb_hda=51|cp_on_chip_0=36000|cp_on_chip_1=37000|G3D=35000|cp_on_chip_2=37000|cp_on_chip_3=35000|cp_on_chip_4=35000|rf2_therm=33000|rf1_therm=34000|ISP=34000|TPU=35000|AUR=35000|rfpa_therm=31082|quiet_therm=31750|charging_therm=33664|,BIG=36000|MID=36000|usb_pwr_therm=29635|btmspkr_therm=29613|disp_therm=29613|north_therm=30125|soc_therm=33686|battery=29900|battery_cycle=5|dc-mains=34000|usbc-therm-adc=340|max77779fg=29900|LITTLE=36000|soc=8|smpl_gm=0|vdroop1=0|batoilo=0|batoilo2=0|batt_vs=29894|mdis_morepower=0|thb_hda=51|cp_on_chip_0=36000|cp_on_chip_1=37000|G3D=35000|cp_on_chip_2=37000|cp_on_chip_3=35000|cp_on_chip_4=35000|rf2_therm=33000|rf1_therm=34000|ISP=34000|TPU=35000|AUR=35000|rfpa_therm=31082|quiet_therm=31750|charging_therm=33664|,ok,39000,37000,0,37000,1,single,touched,4096,4096,0,4096,16798177,4096,12159831,0,4,4,ok
1,22,protected,4,1795000,1795000,37000,38000,BIG=36000|MID=36000|usb_pwr_therm=29635|btmspkr_therm=29613|disp_therm=29613|north_therm=30103|soc_therm=33664|battery=29900|battery_cycle=5|dc-mains=34000|usbc-therm-adc=340|max77779fg=29900|LITTLE=36000|soc=8|smpl_gm=0|vdroop1=0|batoilo=0|batoilo2=0|batt_vs=29893|mdis_morepower=0|thb_hda=51|cp_on_chip_0=36000|cp_on_chip_1=37000|G3D=35000|cp_on_chip_2=37000|cp_on_chip_3=35000|cp_on_chip_4=35000|rf2_therm=33000|rf1_therm=34000|ISP=34000|TPU=35000|AUR=35000|rfpa_therm=31082|quiet_therm=31750|charging_therm=33664|,BIG=36000|MID=36000|usb_pwr_therm=29635|btmspkr_therm=29613|disp_therm=29613|north_therm=30125|soc_therm=33686|battery=29900|battery_cycle=5|dc-mains=34000|usbc-therm-adc=340|max77779fg=29900|LITTLE=36000|soc=8|smpl_gm=0|vdroop1=0|batoilo=0|batoilo2=0|batt_vs=29894|mdis_morepower=0|thb_hda=51|cp_on_chip_0=36000|cp_on_chip_1=37000|G3D=35000|cp_on_chip_2=37000|cp_on_chip_3=35000|cp_on_chip_4=35000|rf2_therm=33000|rf1_therm=34000|ISP=34000|TPU=35000|AUR=35000|rfpa_therm=31082|quiet_therm=31750|charging_therm=33664|,ok,39000,37000,0,37000,1,single,touched,4096,4096,1,4096,10567423,4096,8655395,0,4,4,ok
1,22,protected,4,1795000,1795000,37000,38000,BIG=36000|MID=36000|usb_pwr_therm=29635|btmspkr_therm=29613|disp_therm=29613|north_therm=30103|soc_therm=33664|battery=29900|battery_cycle=5|dc-mains=34000|usbc-therm-adc=340|max77779fg=29900|LITTLE=36000|soc=8|smpl_gm=0|vdroop1=0|batoilo=0|batoilo2=0|batt_vs=29893|mdis_morepower=0|thb_hda=51|cp_on_chip_0=36000|cp_on_chip_1=37000|G3D=35000|cp_on_chip_2=37000|cp_on_chip_3=35000|cp_on_chip_4=35000|rf2_therm=33000|rf1_therm=34000|ISP=34000|TPU=35000|AUR=35000|rfpa_therm=31082|quiet_therm=31750|charging_therm=33664|,BIG=36000|MID=36000|usb_pwr_therm=29635|btmspkr_therm=29613|disp_therm=29613|north_therm=30125|soc_therm=33686|battery=29900|battery_cycle=5|dc-mains=34000|usbc-therm-adc=340|max77779fg=29900|LITTLE=36000|soc=8|smpl_gm=0|vdroop1=0|batoilo=0|batoilo2=0|batt_vs=29894|mdis_morepower=0|thb_hda=51|cp_on_chip_0=36000|cp_on_chip_1=37000|G3D=35000|cp_on_chip_2=37000|cp_on_chip_3=35000|cp_on_chip_4=35000|rf2_therm=33000|rf1_therm=34000|ISP=34000|TPU=35000|AUR=35000|rfpa_therm=31082|quiet_therm=31750|charging_therm=33664|,ok,39000,37000,0,37000,1,single,touched,4096,4096,2,4096,8237753,4096,7210856,0,4,4,ok
1,22,protected,4,1795000,1795000,37000,38000,BIG=36000|MID=36000|usb_pwr_therm=29635|btmspkr_therm=29613|disp_therm=29613|north_therm=30103|soc_therm=33664|battery=29900|battery_cycle=5|dc-mains=34000|usbc-therm-adc=340|max77779fg=29900|LITTLE=36000|soc=8|smpl_gm=0|vdroop1=0|batoilo=0|batoilo2=0|batt_vs=29893|mdis_morepower=0|thb_hda=51|cp_on_chip_0=36000|cp_on_chip_1=37000|G3D=35000|cp_on_chip_2=37000|cp_on_chip_3=35000|cp_on_chip_4=35000|rf2_therm=33000|rf1_therm=34000|ISP=34000|TPU=35000|AUR=35000|rfpa_therm=31082|quiet_therm=31750|charging_therm=33664|,BIG=36000|MID=36000|usb_pwr_therm=29635|btmspkr_therm=29613|disp_therm=29613|north_therm=30125|soc_therm=33686|battery=29900|battery_cycle=5|dc-mains=34000|usbc-therm-adc=340|max77779fg=29900|LITTLE=36000|soc=8|smpl_gm=0|vdroop1=0|batoilo=0|batoilo2=0|batt_vs=29894|mdis_morepower=0|thb_hda=51|cp_on_chip_0=36000|cp_on_chip_1=37000|G3D=35000|cp_on_chip_2=37000|cp_on_chip_3=35000|cp_on_chip_4=35000|rf2_therm=33000|rf1_therm=34000|ISP=34000|TPU=35000|AUR=35000|rfpa_therm=31082|quiet_therm=31750|charging_therm=33664|,ok,39000,37000,0,37000,1,single,touched,4096,4096,3,4096,6843465,4096,6184285,0,4,4,ok
1,22,protected,4,1795000,1795000,37000,38000,BIG=36000|MID=36000|usb_pwr_therm=29635|btmspkr_therm=29613|disp_therm=29613|north_therm=30103|soc_therm=33664|battery=29900|battery_cycle=5|dc-mains=34000|usbc-therm-adc=340|max77779fg=29900|LITTLE=36000|soc=8|smpl_gm=0|vdroop1=0|batoilo=0|batoilo2=0|batt_vs=29893|mdis_morepower=0|thb_hda=51|cp_on_chip_0=36000|cp_on_chip_1=37000|G3D=35000|cp_on_chip_2=37000|cp_on_chip_3=35000|cp_on_chip_4=35000|rf2_therm=33000|rf1_therm=34000|ISP=34000|TPU=35000|AUR=35000|rfpa_therm=31082|quiet_therm=31750|charging_therm=33664|,BIG=36000|MID=36000|usb_pwr_therm=29635|btmspkr_therm=29613|disp_therm=29613|north_therm=30125|soc_therm=33686|battery=29900|battery_cycle=5|dc-mains=34000|usbc-therm-adc=340|max77779fg=29900|LITTLE=36000|soc=8|smpl_gm=0|vdroop1=0|batoilo=0|batoilo2=0|batt_vs=29894|mdis_morepower=0|thb_hda=51|cp_on_chip_0=36000|cp_on_chip_1=37000|G3D=35000|cp_on_chip_2=37000|cp_on_chip_3=35000|cp_on_chip_4=35000|rf2_therm=33000|rf1_therm=34000|ISP=34000|TPU=35000|AUR=35000|rfpa_therm=31082|quiet_therm=31750|charging_therm=33664|,ok,39000,37000,0,37000,1,single,touched,4096,4096,4,4096,6130615,4096,5309000,0,4,4,ok
1,22,protected,4,1795000,1795000,37000,38000,BIG=36000|MID=36000|usb_pwr_therm=29635|btmspkr_therm=29613|disp_therm=29613|north_therm=30103|soc_therm=33664|battery=29900|battery_cycle=5|dc-mains=34000|usbc-therm-adc=340|max77779fg=29900|LITTLE=36000|soc=8|smpl_gm=0|vdroop1=0|batoilo=0|batoilo2=0|batt_vs=29893|mdis_morepower=0|thb_hda=51|cp_on_chip_0=36000|cp_on_chip_1=37000|G3D=35000|cp_on_chip_2=37000|cp_on_chip_3=35000|cp_on_chip_4=35000|rf2_therm=33000|rf1_therm=34000|ISP=34000|TPU=35000|AUR=35000|rfpa_therm=31082|quiet_therm=31750|charging_therm=33664|,BIG=36000|MID=36000|usb_pwr_therm=29635|btmspkr_therm=29613|disp_therm=29613|north_therm=30125|soc_therm=33686|battery=29900|battery_cycle=5|dc-mains=34000|usbc-therm-adc=340|max77779fg=29900|LITTLE=36000|soc=8|smpl_gm=0|vdroop1=0|batoilo=0|batoilo2=0|batt_vs=29894|mdis_morepower=0|thb_hda=51|cp_on_chip_0=36000|cp_on_chip_1=37000|G3D=35000|cp_on_chip_2=37000|cp_on_chip_3=35000|cp_on_chip_4=35000|rf2_therm=33000|rf1_therm=34000|ISP=34000|TPU=35000|AUR=35000|rfpa_therm=31082|quiet_therm=31750|charging_therm=33664|,ok,39000,37000,0,37000,1,single,touched,4096,4096,5,4096,5202596,4096,4850260,0,4,4,ok
1,22,protected,4,1795000,1795000,37000,38000,BIG=36000|MID=36000|usb_pwr_therm=29635|btmspkr_therm=29613|disp_therm=29613|north_therm=30103|soc_therm=33664|battery=29900|battery_cycle=5|dc-mains=34000|usbc-therm-adc=340|max77779fg=29900|LITTLE=36000|soc=8|smpl_gm=0|vdroop1=0|batoilo=0|batoilo2=0|batt_vs=29893|mdis_morepower=0|thb_hda=51|cp_on_chip_0=36000|cp_on_chip_1=37000|G3D=35000|cp_on_chip_2=37000|cp_on_chip_3=35000|cp_on_chip_4=35000|rf2_therm=33000|rf1_therm=34000|ISP=34000|TPU=35000|AUR=35000|rfpa_therm=31082|quiet_therm=31750|charging_therm=33664|,BIG=36000|MID=36000|usb_pwr_therm=29635|btmspkr_therm=29613|disp_therm=29613|north_therm=30125|soc_therm=33686|battery=29900|battery_cycle=5|dc-mains=34000|usbc-therm-adc=340|max77779fg=29900|LITTLE=36000|soc=8|smpl_gm=0|vdroop1=0|batoilo=0|batoilo2=0|batt_vs=29894|mdis_morepower=0|thb_hda=51|cp_on_chip_0=36000|cp_on_chip_1=37000|G3D=35000|cp_on_chip_2=37000|cp_on_chip_3=35000|cp_on_chip_4=35000|rf2_therm=33000|rf1_therm=34000|ISP=34000|TPU=35000|AUR=35000|rfpa_therm=31082|quiet_therm=31750|charging_therm=33664|,ok,39000,37000,0,37000,1,single,touched,4096,4096,6,4096,4472900,4096,4939169,0,4,4,ok
1,22,protected,4,1795000,1795000,37000,38000,BIG=36000|MID=36000|usb_pwr_therm=29635|btmspkr_therm=29613|disp_therm=29613|north_therm=30103|soc_therm=33664|battery=29900|battery_cycle=5|dc-mains=34000|usbc-therm-adc=340|max77779fg=29900|LITTLE=36000|soc=8|smpl_gm=0|vdroop1=0|batoilo=0|batoilo2=0|batt_vs=29893|mdis_morepower=0|thb_hda=51|cp_on_chip_0=36000|cp_on_chip_1=37000|G3D=35000|cp_on_chip_2=37000|cp_on_chip_3=35000|cp_on_chip_4=35000|rf2_therm=33000|rf1_therm=34000|ISP=34000|TPU=35000|AUR=35000|rfpa_therm=31082|quiet_therm=31750|charging_therm=33664|,BIG=36000|MID=36000|usb_pwr_therm=29635|btmspkr_therm=29613|disp_therm=29613|north_therm=30125|soc_therm=33686|battery=29900|battery_cycle=5|dc-mains=34000|usbc-therm-adc=340|max77779fg=29900|LITTLE=36000|soc=8|smpl_gm=0|vdroop1=0|batoilo=0|batoilo2=0|batt_vs=29894|mdis_morepower=0|thb_hda=51|cp_on_chip_0=36000|cp_on_chip_1=37000|G3D=35000|cp_on_chip_2=37000|cp_on_chip_3=35000|cp_on_chip_4=35000|rf2_therm=33000|rf1_therm=34000|ISP=34000|TPU=35000|AUR=35000|rfpa_therm=31082|quiet_therm=31750|charging_therm=33664|,ok,39000,37000,0,37000,1,single,touched,4096,4096,7,4096,4033244,4096,4003092,0,4,4,ok
1,22,protected,4,1795000,1795000,37000,38000,BIG=36000|MID=36000|usb_pwr_therm=29635|btmspkr_therm=29613|disp_therm=29613|north_therm=30103|soc_therm=33664|battery=29900|battery_cycle=5|dc-mains=34000|usbc-therm-adc=340|max77779fg=29900|LITTLE=36000|soc=8|smpl_gm=0|vdroop1=0|batoilo=0|batoilo2=0|batt_vs=29893|mdis_morepower=0|thb_hda=51|cp_on_chip_0=36000|cp_on_chip_1=37000|G3D=35000|cp_on_chip_2=37000|cp_on_chip_3=35000|cp_on_chip_4=35000|rf2_therm=33000|rf1_therm=34000|ISP=34000|TPU=35000|AUR=35000|rfpa_therm=31082|quiet_therm=31750|charging_therm=33664|,BIG=36000|MID=36000|usb_pwr_therm=29635|btmspkr_therm=29613|disp_therm=29613|north_therm=30125|soc_therm=33686|battery=29900|battery_cycle=5|dc-mains=34000|usbc-therm-adc=340|max77779fg=29900|LITTLE=36000|soc=8|smpl_gm=0|vdroop1=0|batoilo=0|batoilo2=0|batt_vs=29894|mdis_morepower=0|thb_hda=51|cp_on_chip_0=36000|cp_on_chip_1=37000|G3D=35000|cp_on_chip_2=37000|cp_on_chip_3=35000|cp_on_chip_4=35000|rf2_therm=33000|rf1_therm=34000|ISP=34000|TPU=35000|AUR=35000|rfpa_therm=31082|quiet_therm=31750|charging_therm=33664|,ok,39000,37000,0,37000,1,single,touched,4096,4096,8,4096,4034424,4096,4004272,0,4,4,ok
1,22,protected,4,1795000,1795000,37000,38000,BIG=36000|MID=36000|usb_pwr_therm=29635|btmspkr_therm=29613|disp_therm=29613|north_therm=30103|soc_therm=33664|battery=29900|battery_cycle=5|dc-mains=34000|usbc-therm-adc=340|max77779fg=29900|LITTLE=36000|soc=8|smpl_gm=0|vdroop1=0|batoilo=0|batoilo2=0|batt_vs=29893|mdis_morepower=0|thb_hda=51|cp_on_chip_0=36000|cp_on_chip_1=37000|G3D=35000|cp_on_chip_2=37000|cp_on_chip_3=35000|cp_on_chip_4=35000|rf2_therm=33000|rf1_therm=34000|ISP=34000|TPU=35000|AUR=35000|rfpa_therm=31082|quiet_therm=31750|charging_therm=33664|,BIG=36000|MID=36000|usb_pwr_therm=29635|btmspkr_therm=29613|disp_therm=29613|north_therm=30125|soc_therm=33686|battery=29900|battery_cycle=5|dc-mains=34000|usbc-therm-adc=340|max77779fg=29900|LITTLE=36000|soc=8|smpl_gm=0|vdroop1=0|batoilo=0|batoilo2=0|batt_vs=29894|mdis_morepower=0|thb_hda=51|cp_on_chip_0=36000|cp_on_chip_1=37000|G3D=35000|cp_on_chip_2=37000|cp_on_chip_3=35000|cp_on_chip_4=35000|rf2_therm=33000|rf1_therm=34000|ISP=34000|TPU=35000|AUR=35000|rfpa_therm=31082|quiet_therm=31750|charging_therm=33664|,ok,39000,37000,0,37000,1,single,touched,4096,4096,9,4096,4031779,4096,3974731,0,4,4,ok
1,22,protected,4,1795000,1795000,37000,38000,BIG=36000|MID=36000|usb_pwr_therm=29635|btmspkr_therm=29613|disp_therm=29613|north_therm=30103|soc_therm=33664|battery=29900|battery_cycle=5|dc-mains=34000|usbc-therm-adc=340|max77779fg=29900|LITTLE=36000|soc=8|smpl_gm=0|vdroop1=0|batoilo=0|batoilo2=0|batt_vs=29893|mdis_morepower=0|thb_hda=51|cp_on_chip_0=36000|cp_on_chip_1=37000|G3D=35000|cp_on_chip_2=37000|cp_on_chip_3=35000|cp_on_chip_4=35000|rf2_therm=33000|rf1_therm=34000|ISP=34000|TPU=35000|AUR=35000|rfpa_therm=31082|quiet_therm=31750|charging_therm=33664|,BIG=36000|MID=36000|usb_pwr_therm=29635|btmspkr_therm=29613|disp_therm=29613|north_therm=30125|soc_therm=33686|battery=29900|battery_cycle=5|dc-mains=34000|usbc-therm-adc=340|max77779fg=29900|LITTLE=36000|soc=8|smpl_gm=0|vdroop1=0|batoilo=0|batoilo2=0|batt_vs=29894|mdis_morepower=0|thb_hda=51|cp_on_chip_0=36000|cp_on_chip_1=37000|G3D=35000|cp_on_chip_2=37000|cp_on_chip_3=35000|cp_on_chip_4=35000|rf2_therm=33000|rf1_therm=34000|ISP=34000|TPU=35000|AUR=35000|rfpa_therm=31082|quiet_therm=31750|charging_therm=33664|,ok,39000,37000,0,37000,1,single,touched,4096,4096,10,4096,4004313,4096,3993327,0,4,4,ok
1,22,protected,4,1795000,1795000,37000,38000,BIG=36000|MID=36000|usb_pwr_therm=29635|btmspkr_therm=29613|disp_therm=29613|north_therm=30103|soc_therm=33664|battery=29900|battery_cycle=5|dc-mains=34000|usbc-therm-adc=340|max77779fg=29900|LITTLE=36000|soc=8|smpl_gm=0|vdroop1=0|batoilo=0|batoilo2=0|batt_vs=29893|mdis_morepower=0|thb_hda=51|cp_on_chip_0=36000|cp_on_chip_1=37000|G3D=35000|cp_on_chip_2=37000|cp_on_chip_3=35000|cp_on_chip_4=35000|rf2_therm=33000|rf1_therm=34000|ISP=34000|TPU=35000|AUR=35000|rfpa_therm=31082|quiet_therm=31750|charging_therm=33664|,BIG=36000|MID=36000|usb_pwr_therm=29635|btmspkr_therm=29613|disp_therm=29613|north_therm=30125|soc_therm=33686|battery=29900|battery_cycle=5|dc-mains=34000|usbc-therm-adc=340|max77779fg=29900|LITTLE=36000|soc=8|smpl_gm=0|vdroop1=0|batoilo=0|batoilo2=0|batt_vs=29894|mdis_morepower=0|thb_hda=51|cp_on_chip_0=36000|cp_on_chip_1=37000|G3D=35000|cp_on_chip_2=37000|cp_on_chip_3=35000|cp_on_chip_4=35000|rf2_therm=33000|rf1_therm=34000|ISP=34000|TPU=35000|AUR=35000|rfpa_therm=31082|quiet_therm=31750|charging_therm=33664|,ok,39000,37000,0,37000,1,single,touched,4096,4096,11,4096,4071004,4096,4006103,0,4,4,ok
1,22,protected,4,1795000,1795000,37000,38000,BIG=36000|MID=36000|usb_pwr_therm=29635|btmspkr_therm=29613|disp_therm=29613|north_therm=30103|soc_therm=33664|battery=29900|battery_cycle=5|dc-mains=34000|usbc-therm-adc=340|max77779fg=29900|LITTLE=36000|soc=8|smpl_gm=0|vdroop1=0|batoilo=0|batoilo2=0|batt_vs=29893|mdis_morepower=0|thb_hda=51|cp_on_chip_0=36000|cp_on_chip_1=37000|G3D=35000|cp_on_chip_2=37000|cp_on_chip_3=35000|cp_on_chip_4=35000|rf2_therm=33000|rf1_therm=34000|ISP=34000|TPU=35000|AUR=35000|rfpa_therm=31082|quiet_therm=31750|charging_therm=33664|,BIG=36000|MID=36000|usb_pwr_therm=29635|btmspkr_therm=29613|disp_therm=29613|north_therm=30125|soc_therm=33686|battery=29900|battery_cycle=5|dc-mains=34000|usbc-therm-adc=340|max77779fg=29900|LITTLE=36000|soc=8|smpl_gm=0|vdroop1=0|batoilo=0|batoilo2=0|batt_vs=29894|mdis_morepower=0|thb_hda=51|cp_on_chip_0=36000|cp_on_chip_1=37000|G3D=35000|cp_on_chip_2=37000|cp_on_chip_3=35000|cp_on_chip_4=35000|rf2_therm=33000|rf1_therm=34000|ISP=34000|TPU=35000|AUR=35000|rfpa_therm=31082|quiet_therm=31750|charging_therm=33664|,ok,39000,37000,0,37000,1,single,touched,4096,4096,12,4096,3996989,4096,4329467,0,4,4,ok
1,22,protected,4,1795000,1795000,37000,38000,BIG=36000|MID=36000|usb_pwr_therm=29635|btmspkr_therm=29613|disp_therm=29613|north_therm=30103|soc_therm=33664|battery=29900|battery_cycle=5|dc-mains=34000|usbc-therm-adc=340|max77779fg=29900|LITTLE=36000|soc=8|smpl_gm=0|vdroop1=0|batoilo=0|batoilo2=0|batt_vs=29893|mdis_morepower=0|thb_hda=51|cp_on_chip_0=36000|cp_on_chip_1=37000|G3D=35000|cp_on_chip_2=37000|cp_on_chip_3=35000|cp_on_chip_4=35000|rf2_therm=33000|rf1_therm=34000|ISP=34000|TPU=35000|AUR=35000|rfpa_therm=31082|quiet_therm=31750|charging_therm=33664|,BIG=36000|MID=36000|usb_pwr_therm=29635|btmspkr_therm=29613|disp_therm=29613|north_therm=30125|soc_therm=33686|battery=29900|battery_cycle=5|dc-mains=34000|usbc-therm-adc=340|max77779fg=29900|LITTLE=36000|soc=8|smpl_gm=0|vdroop1=0|batoilo=0|batoilo2=0|batt_vs=29894|mdis_morepower=0|thb_hda=51|cp_on_chip_0=36000|cp_on_chip_1=37000|G3D=35000|cp_on_chip_2=37000|cp_on_chip_3=35000|cp_on_chip_4=35000|rf2_therm=33000|rf1_therm=34000|ISP=34000|TPU=35000|AUR=35000|rfpa_therm=31082|quiet_therm=31750|charging_therm=33664|,ok,39000,37000,0,37000,1,single,touched,4096,4096,13,4096,4023804,4096,3785360,0,4,4,ok
1,22,protected,4,1795000,1795000,37000,38000,BIG=36000|MID=36000|usb_pwr_therm=29635|btmspkr_therm=29613|disp_therm=29613|north_therm=30103|soc_therm=33664|battery=29900|battery_cycle=5|dc-mains=34000|usbc-therm-adc=340|max77779fg=29900|LITTLE=36000|soc=8|smpl_gm=0|vdroop1=0|batoilo=0|batoilo2=0|batt_vs=29893|mdis_morepower=0|thb_hda=51|cp_on_chip_0=36000|cp_on_chip_1=37000|G3D=35000|cp_on_chip_2=37000|cp_on_chip_3=35000|cp_on_chip_4=35000|rf2_therm=33000|rf1_therm=34000|ISP=34000|TPU=35000|AUR=35000|rfpa_therm=31082|quiet_therm=31750|charging_therm=33664|,BIG=36000|MID=36000|usb_pwr_therm=29635|btmspkr_therm=29613|disp_therm=29613|north_therm=30125|soc_therm=33686|battery=29900|battery_cycle=5|dc-mains=34000|usbc-therm-adc=340|max77779fg=29900|LITTLE=36000|soc=8|smpl_gm=0|vdroop1=0|batoilo=0|batoilo2=0|batt_vs=29894|mdis_morepower=0|thb_hda=51|cp_on_chip_0=36000|cp_on_chip_1=37000|G3D=35000|cp_on_chip_2=37000|cp_on_chip_3=35000|cp_on_chip_4=35000|rf2_therm=33000|rf1_therm=34000|ISP=34000|TPU=35000|AUR=35000|rfpa_therm=31082|quiet_therm=31750|charging_therm=33664|,ok,39000,37000,0,37000,1,single,touched,4096,4096,14,4096,4054687,4096,3502889,0,4,4,ok
1,22,protected,4,1795000,1795000,37000,38000,BIG=36000|MID=36000|usb_pwr_therm=29635|btmspkr_therm=29613|disp_therm=29613|north_therm=30103|soc_therm=33664|battery=29900|battery_cycle=5|dc-mains=34000|usbc-therm-adc=340|max77779fg=29900|LITTLE=36000|soc=8|smpl_gm=0|vdroop1=0|batoilo=0|batoilo2=0|batt_vs=29893|mdis_morepower=0|thb_hda=51|cp_on_chip_0=36000|cp_on_chip_1=37000|G3D=35000|cp_on_chip_2=37000|cp_on_chip_3=35000|cp_on_chip_4=35000|rf2_therm=33000|rf1_therm=34000|ISP=34000|TPU=35000|AUR=35000|rfpa_therm=31082|quiet_therm=31750|charging_therm=33664|,BIG=36000|MID=36000|usb_pwr_therm=29635|btmspkr_therm=29613|disp_therm=29613|north_therm=30125|soc_therm=33686|battery=29900|battery_cycle=5|dc-mains=34000|usbc-therm-adc=340|max77779fg=29900|LITTLE=36000|soc=8|smpl_gm=0|vdroop1=0|batoilo=0|batoilo2=0|batt_vs=29894|mdis_morepower=0|thb_hda=51|cp_on_chip_0=36000|cp_on_chip_1=37000|G3D=35000|cp_on_chip_2=37000|cp_on_chip_3=35000|cp_on_chip_4=35000|rf2_therm=33000|rf1_therm=34000|ISP=34000|TPU=35000|AUR=35000|rfpa_therm=31082|quiet_therm=31750|charging_therm=33664|,ok,39000,37000,0,37000,1,single,touched,4096,4096,15,4096,4017375,4096,3392497,0,4,4,ok
1,22,protected,4,1795000,1795000,37000,38000,BIG=36000|MID=36000|usb_pwr_therm=29635|btmspkr_therm=29613|disp_therm=29613|north_therm=30103|soc_therm=33664|battery=29900|battery_cycle=5|dc-mains=34000|usbc-therm-adc=340|max77779fg=29900|LITTLE=36000|soc=8|smpl_gm=0|vdroop1=0|batoilo=0|batoilo2=0|batt_vs=29893|mdis_morepower=0|thb_hda=51|cp_on_chip_0=36000|cp_on_chip_1=37000|G3D=35000|cp_on_chip_2=37000|cp_on_chip_3=35000|cp_on_chip_4=35000|rf2_therm=33000|rf1_therm=34000|ISP=34000|TPU=35000|AUR=35000|rfpa_therm=31082|quiet_therm=31750|charging_therm=33664|,BIG=36000|MID=36000|usb_pwr_therm=29635|btmspkr_therm=29613|disp_therm=29613|north_therm=30125|soc_therm=33686|battery=29900|battery_cycle=5|dc-mains=34000|usbc-therm-adc=340|max77779fg=29900|LITTLE=36000|soc=8|smpl_gm=0|vdroop1=0|batoilo=0|batoilo2=0|batt_vs=29894|mdis_morepower=0|thb_hda=51|cp_on_chip_0=36000|cp_on_chip_1=37000|G3D=35000|cp_on_chip_2=37000|cp_on_chip_3=35000|cp_on_chip_4=35000|rf2_therm=33000|rf1_therm=34000|ISP=34000|TPU=35000|AUR=35000|rfpa_therm=31082|quiet_therm=31750|charging_therm=33664|,ok,39000,37000,0,37000,1,single,touched,4096,4096,16,4096,4071778,4096,3602457,0,4,4,ok
1,22,protected,4,1795000,1795000,37000,38000,BIG=36000|MID=36000|usb_pwr_therm=29635|btmspkr_therm=29613|disp_therm=29613|north_therm=30103|soc_therm=33664|battery=29900|battery_cycle=5|dc-mains=34000|usbc-therm-adc=340|max77779fg=29900|LITTLE=36000|soc=8|smpl_gm=0|vdroop1=0|batoilo=0|batoilo2=0|batt_vs=29893|mdis_morepower=0|thb_hda=51|cp_on_chip_0=36000|cp_on_chip_1=37000|G3D=35000|cp_on_chip_2=37000|cp_on_chip_3=35000|cp_on_chip_4=35000|rf2_therm=33000|rf1_therm=34000|ISP=34000|TPU=35000|AUR=35000|rfpa_therm=31082|quiet_therm=31750|charging_therm=33664|,BIG=36000|MID=36000|usb_pwr_therm=29635|btmspkr_therm=29613|disp_therm=29613|north_therm=30125|soc_therm=33686|battery=29900|battery_cycle=5|dc-mains=34000|usbc-therm-adc=340|max77779fg=29900|LITTLE=36000|soc=8|smpl_gm=0|vdroop1=0|batoilo=0|batoilo2=0|batt_vs=29894|mdis_morepower=0|thb_hda=51|cp_on_chip_0=36000|cp_on_chip_1=37000|G3D=35000|cp_on_chip_2=37000|cp_on_chip_3=35000|cp_on_chip_4=35000|rf2_therm=33000|rf1_therm=34000|ISP=34000|TPU=35000|AUR=35000|rfpa_therm=31082|quiet_therm=31750|charging_therm=33664|,ok,39000,37000,0,37000,1,single,touched,4096,4096,17,4096,4022909,4096,3665812,0,4,4,ok
1,22,protected,4,1795000,1795000,37000,38000,BIG=36000|MID=36000|usb_pwr_therm=29635|btmspkr_therm=29613|disp_therm=29613|north_therm=30103|soc_therm=33664|battery=29900|battery_cycle=5|dc-mains=34000|usbc-therm-adc=340|max77779fg=29900|LITTLE=36000|soc=8|smpl_gm=0|vdroop1=0|batoilo=0|batoilo2=0|batt_vs=29893|mdis_morepower=0|thb_hda=51|cp_on_chip_0=36000|cp_on_chip_1=37000|G3D=35000|cp_on_chip_2=37000|cp_on_chip_3=35000|cp_on_chip_4=35000|rf2_therm=33000|rf1_therm=34000|ISP=34000|TPU=35000|AUR=35000|rfpa_therm=31082|quiet_therm=31750|charging_therm=33664|,BIG=36000|MID=36000|usb_pwr_therm=29635|btmspkr_therm=29613|disp_therm=29613|north_therm=30125|soc_therm=33686|battery=29900|battery_cycle=5|dc-mains=34000|usbc-therm-adc=340|max77779fg=29900|LITTLE=36000|soc=8|smpl_gm=0|vdroop1=0|batoilo=0|batoilo2=0|batt_vs=29894|mdis_morepower=0|thb_hda=51|cp_on_chip_0=36000|cp_on_chip_1=37000|G3D=35000|cp_on_chip_2=37000|cp_on_chip_3=35000|cp_on_chip_4=35000|rf2_therm=33000|rf1_therm=34000|ISP=34000|TPU=35000|AUR=35000|rfpa_therm=31082|quiet_therm=31750|charging_therm=33664|,ok,39000,37000,0,37000,1,single,touched,4096,4096,18,4096,4054810,4096,3366984,0,4,4,ok
1,22,protected,4,1795000,1795000,37000,38000,BIG=36000|MID=36000|usb_pwr_therm=29635|btmspkr_therm=29613|disp_therm=29613|north_therm=30103|soc_therm=33664|battery=29900|battery_cycle=5|dc-mains=34000|usbc-therm-adc=340|max77779fg=29900|LITTLE=36000|soc=8|smpl_gm=0|vdroop1=0|batoilo=0|batoilo2=0|batt_vs=29893|mdis_morepower=0|thb_hda=51|cp_on_chip_0=36000|cp_on_chip_1=37000|G3D=35000|cp_on_chip_2=37000|cp_on_chip_3=35000|cp_on_chip_4=35000|rf2_therm=33000|rf1_therm=34000|ISP=34000|TPU=35000|AUR=35000|rfpa_therm=31082|quiet_therm=31750|charging_therm=33664|,BIG=36000|MID=36000|usb_pwr_therm=29635|btmspkr_therm=29613|disp_therm=29613|north_therm=30125|soc_therm=33686|battery=29900|battery_cycle=5|dc-mains=34000|usbc-therm-adc=340|max77779fg=29900|LITTLE=36000|soc=8|smpl_gm=0|vdroop1=0|batoilo=0|batoilo2=0|batt_vs=29894|mdis_morepower=0|thb_hda=51|cp_on_chip_0=36000|cp_on_chip_1=37000|G3D=35000|cp_on_chip_2=37000|cp_on_chip_3=35000|cp_on_chip_4=35000|rf2_therm=33000|rf1_therm=34000|ISP=34000|TPU=35000|AUR=35000|rfpa_therm=31082|quiet_therm=31750|charging_therm=33664|,ok,39000,37000,0,37000,1,single,touched,4096,4096,19,4096,4089559,4096,4190755,0,4,4,ok
1,22,protected,4,1795000,1795000,37000,38000,BIG=36000|MID=36000|usb_pwr_therm=29635|btmspkr_therm=29613|disp_therm=29613|north_therm=30103|soc_therm=33664|battery=29900|battery_cycle=5|dc-mains=34000|usbc-therm-adc=340|max77779fg=29900|LITTLE=36000|soc=8|smpl_gm=0|vdroop1=0|batoilo=0|batoilo2=0|batt_vs=29893|mdis_morepower=0|thb_hda=51|cp_on_chip_0=36000|cp_on_chip_1=37000|G3D=35000|cp_on_chip_2=37000|cp_on_chip_3=35000|cp_on_chip_4=35000|rf2_therm=33000|rf1_therm=34000|ISP=34000|TPU=35000|AUR=35000|rfpa_therm=31082|quiet_therm=31750|charging_therm=33664|,BIG=36000|MID=36000|usb_pwr_therm=29635|btmspkr_therm=29613|disp_therm=29613|north_therm=30125|soc_therm=33686|battery=29900|battery_cycle=5|dc-mains=34000|usbc-therm-adc=340|max77779fg=29900|LITTLE=36000|soc=8|smpl_gm=0|vdroop1=0|batoilo=0|batoilo2=0|batt_vs=29894|mdis_morepower=0|thb_hda=51|cp_on_chip_0=36000|cp_on_chip_1=37000|G3D=35000|cp_on_chip_2=37000|cp_on_chip_3=35000|cp_on_chip_4=35000|rf2_therm=33000|rf1_therm=34000|ISP=34000|TPU=35000|AUR=35000|rfpa_therm=31082|quiet_therm=31750|charging_therm=33664|,ok,39000,37000,0,37000,1,single,touched,4096,4096,20,4096,4039429,4096,3623495,0,4,4,ok
1,22,protected,4,1795000,1795000,37000,38000,BIG=36000|MID=36000|usb_pwr_therm=29635|btmspkr_therm=29613|disp_therm=29613|north_therm=30103|soc_therm=33664|battery=29900|battery_cycle=5|dc-mains=34000|usbc-therm-adc=340|max77779fg=29900|LITTLE=36000|soc=8|smpl_gm=0|vdroop1=0|batoilo=0|batoilo2=0|batt_vs=29893|mdis_morepower=0|thb_hda=51|cp_on_chip_0=36000|cp_on_chip_1=37000|G3D=35000|cp_on_chip_2=37000|cp_on_chip_3=35000|cp_on_chip_4=35000|rf2_therm=33000|rf1_therm=34000|ISP=34000|TPU=35000|AUR=35000|rfpa_therm=31082|quiet_therm=31750|charging_therm=33664|,BIG=36000|MID=36000|usb_pwr_therm=29635|btmspkr_therm=29613|disp_therm=29613|north_therm=30125|soc_therm=33686|battery=29900|battery_cycle=5|dc-mains=34000|usbc-therm-adc=340|max77779fg=29900|LITTLE=36000|soc=8|smpl_gm=0|vdroop1=0|batoilo=0|batoilo2=0|batt_vs=29894|mdis_morepower=0|thb_hda=51|cp_on_chip_0=36000|cp_on_chip_1=37000|G3D=35000|cp_on_chip_2=37000|cp_on_chip_3=35000|cp_on_chip_4=35000|rf2_therm=33000|rf1_therm=34000|ISP=34000|TPU=35000|AUR=35000|rfpa_therm=31082|quiet_therm=31750|charging_therm=33664|,ok,39000,37000,0,37000,1,single,touched,4096,4096,21,4096,4039714,4096,3388428,0,4,4,ok
1,22,protected,4,1795000,1795000,37000,38000,BIG=36000|MID=36000|usb_pwr_therm=29635|btmspkr_therm=29613|disp_therm=29613|north_therm=30103|soc_therm=33664|battery=29900|battery_cycle=5|dc-mains=34000|usbc-therm-adc=340|max77779fg=29900|LITTLE=36000|soc=8|smpl_gm=0|vdroop1=0|batoilo=0|batoilo2=0|batt_vs=29893|mdis_morepower=0|thb_hda=51|cp_on_chip_0=36000|cp_on_chip_1=37000|G3D=35000|cp_on_chip_2=37000|cp_on_chip_3=35000|cp_on_chip_4=35000|rf2_therm=33000|rf1_therm=34000|ISP=34000|TPU=35000|AUR=35000|rfpa_therm=31082|quiet_therm=31750|charging_therm=33664|,BIG=36000|MID=36000|usb_pwr_therm=29635|btmspkr_therm=29613|disp_therm=29613|north_therm=30125|soc_therm=33686|battery=29900|battery_cycle=5|dc-mains=34000|usbc-therm-adc=340|max77779fg=29900|LITTLE=36000|soc=8|smpl_gm=0|vdroop1=0|batoilo=0|batoilo2=0|batt_vs=29894|mdis_morepower=0|thb_hda=51|cp_on_chip_0=36000|cp_on_chip_1=37000|G3D=35000|cp_on_chip_2=37000|cp_on_chip_3=35000|cp_on_chip_4=35000|rf2_therm=33000|rf1_therm=34000|ISP=34000|TPU=35000|AUR=35000|rfpa_therm=31082|quiet_therm=31750|charging_therm=33664|,ok,39000,37000,0,37000,1,single,touched,4096,4096,22,4096,4067546,4096,3392822,0,4,4,ok
1,22,protected,4,1795000,1795000,37000,38000,BIG=36000|MID=36000|usb_pwr_therm=29635|btmspkr_therm=29613|disp_therm=29613|north_therm=30103|soc_therm=33664|battery=29900|battery_cycle=5|dc-mains=34000|usbc-therm-adc=340|max77779fg=29900|LITTLE=36000|soc=8|smpl_gm=0|vdroop1=0|batoilo=0|batoilo2=0|batt_vs=29893|mdis_morepower=0|thb_hda=51|cp_on_chip_0=36000|cp_on_chip_1=37000|G3D=35000|cp_on_chip_2=37000|cp_on_chip_3=35000|cp_on_chip_4=35000|rf2_therm=33000|rf1_therm=34000|ISP=34000|TPU=35000|AUR=35000|rfpa_therm=31082|quiet_therm=31750|charging_therm=33664|,BIG=36000|MID=36000|usb_pwr_therm=29635|btmspkr_therm=29613|disp_therm=29613|north_therm=30125|soc_therm=33686|battery=29900|battery_cycle=5|dc-mains=34000|usbc-therm-adc=340|max77779fg=29900|LITTLE=36000|soc=8|smpl_gm=0|vdroop1=0|batoilo=0|batoilo2=0|batt_vs=29894|mdis_morepower=0|thb_hda=51|cp_on_chip_0=36000|cp_on_chip_1=37000|G3D=35000|cp_on_chip_2=37000|cp_on_chip_3=35000|cp_on_chip_4=35000|rf2_therm=33000|rf1_therm=34000|ISP=34000|TPU=35000|AUR=35000|rfpa_therm=31082|quiet_therm=31750|charging_therm=33664|,ok,39000,37000,0,37000,1,single,touched,4096,4096,23,4096,4057333,4096,3604045,0,4,4,ok
1,22,protected,4,1795000,1795000,37000,38000,BIG=36000|MID=36000|usb_pwr_therm=29635|btmspkr_therm=29613|disp_therm=29613|north_therm=30103|soc_therm=33664|battery=29900|battery_cycle=5|dc-mains=34000|usbc-therm-adc=340|max77779fg=29900|LITTLE=36000|soc=8|smpl_gm=0|vdroop1=0|batoilo=0|batoilo2=0|batt_vs=29893|mdis_morepower=0|thb_hda=51|cp_on_chip_0=36000|cp_on_chip_1=37000|G3D=35000|cp_on_chip_2=37000|cp_on_chip_3=35000|cp_on_chip_4=35000|rf2_therm=33000|rf1_therm=34000|ISP=34000|TPU=35000|AUR=35000|rfpa_therm=31082|quiet_therm=31750|charging_therm=33664|,BIG=36000|MID=36000|usb_pwr_therm=29635|btmspkr_therm=29613|disp_therm=29613|north_therm=30125|soc_therm=33686|battery=29900|battery_cycle=5|dc-mains=34000|usbc-therm-adc=340|max77779fg=29900|LITTLE=36000|soc=8|smpl_gm=0|vdroop1=0|batoilo=0|batoilo2=0|batt_vs=29894|mdis_morepower=0|thb_hda=51|cp_on_chip_0=36000|cp_on_chip_1=37000|G3D=35000|cp_on_chip_2=37000|cp_on_chip_3=35000|cp_on_chip_4=35000|rf2_therm=33000|rf1_therm=34000|ISP=34000|TPU=35000|AUR=35000|rfpa_therm=31082|quiet_therm=31750|charging_therm=33664|,ok,39000,37000,0,37000,1,single,touched,4096,4096,24,4096,4039226,4096,3624105,0,4,4,ok
1,22,protected,4,1795000,1795000,37000,38000,BIG=36000|MID=36000|usb_pwr_therm=29635|btmspkr_therm=29613|disp_therm=29613|north_therm=30103|soc_therm=33664|battery=29900|battery_cycle=5|dc-mains=34000|usbc-therm-adc=340|max77779fg=29900|LITTLE=36000|soc=8|smpl_gm=0|vdroop1=0|batoilo=0|batoilo2=0|batt_vs=29893|mdis_morepower=0|thb_hda=51|cp_on_chip_0=36000|cp_on_chip_1=37000|G3D=35000|cp_on_chip_2=37000|cp_on_chip_3=35000|cp_on_chip_4=35000|rf2_therm=33000|rf1_therm=34000|ISP=34000|TPU=35000|AUR=35000|rfpa_therm=31082|quiet_therm=31750|charging_therm=33664|,BIG=36000|MID=36000|usb_pwr_therm=29635|btmspkr_therm=29613|disp_therm=29613|north_therm=30125|soc_therm=33686|battery=29900|battery_cycle=5|dc-mains=34000|usbc-therm-adc=340|max77779fg=29900|LITTLE=36000|soc=8|smpl_gm=0|vdroop1=0|batoilo=0|batoilo2=0|batt_vs=29894|mdis_morepower=0|thb_hda=51|cp_on_chip_0=36000|cp_on_chip_1=37000|G3D=35000|cp_on_chip_2=37000|cp_on_chip_3=35000|cp_on_chip_4=35000|rf2_therm=33000|rf1_therm=34000|ISP=34000|TPU=35000|AUR=35000|rfpa_therm=31082|quiet_therm=31750|charging_therm=33664|,ok,39000,37000,0,37000,1,single,touched,4096,4096,25,4096,4057048,4096,3463664,0,4,4,ok
1,22,protected,4,1795000,1795000,37000,38000,BIG=36000|MID=36000|usb_pwr_therm=29635|btmspkr_therm=29613|disp_therm=29613|north_therm=30103|soc_therm=33664|battery=29900|battery_cycle=5|dc-mains=34000|usbc-therm-adc=340|max77779fg=29900|LITTLE=36000|soc=8|smpl_gm=0|vdroop1=0|batoilo=0|batoilo2=0|batt_vs=29893|mdis_morepower=0|thb_hda=51|cp_on_chip_0=36000|cp_on_chip_1=37000|G3D=35000|cp_on_chip_2=37000|cp_on_chip_3=35000|cp_on_chip_4=35000|rf2_therm=33000|rf1_therm=34000|ISP=34000|TPU=35000|AUR=35000|rfpa_therm=31082|quiet_therm=31750|charging_therm=33664|,BIG=36000|MID=36000|usb_pwr_therm=29635|btmspkr_therm=29613|disp_therm=29613|north_therm=30125|soc_therm=33686|battery=29900|battery_cycle=5|dc-mains=34000|usbc-therm-adc=340|max77779fg=29900|LITTLE=36000|soc=8|smpl_gm=0|vdroop1=0|batoilo=0|batoilo2=0|batt_vs=29894|mdis_morepower=0|thb_hda=51|cp_on_chip_0=36000|cp_on_chip_1=37000|G3D=35000|cp_on_chip_2=37000|cp_on_chip_3=35000|cp_on_chip_4=35000|rf2_therm=33000|rf1_therm=34000|ISP=34000|TPU=35000|AUR=35000|rfpa_therm=31082|quiet_therm=31750|charging_therm=33664|,ok,39000,37000,0,37000,1,single,touched,4096,4096,26,4096,3997681,4096,3918417,0,4,4,ok
1,22,protected,4,1795000,1795000,37000,38000,BIG=36000|MID=36000|usb_pwr_therm=29635|btmspkr_therm=29613|disp_therm=29613|north_therm=30103|soc_therm=33664|battery=29900|battery_cycle=5|dc-mains=34000|usbc-therm-adc=340|max77779fg=29900|LITTLE=36000|soc=8|smpl_gm=0|vdroop1=0|batoilo=0|batoilo2=0|batt_vs=29893|mdis_morepower=0|thb_hda=51|cp_on_chip_0=36000|cp_on_chip_1=37000|G3D=35000|cp_on_chip_2=37000|cp_on_chip_3=35000|cp_on_chip_4=35000|rf2_therm=33000|rf1_therm=34000|ISP=34000|TPU=35000|AUR=35000|rfpa_therm=31082|quiet_therm=31750|charging_therm=33664|,BIG=36000|MID=36000|usb_pwr_therm=29635|btmspkr_therm=29613|disp_therm=29613|north_therm=30125|soc_therm=33686|battery=29900|battery_cycle=5|dc-mains=34000|usbc-therm-adc=340|max77779fg=29900|LITTLE=36000|soc=8|smpl_gm=0|vdroop1=0|batoilo=0|batoilo2=0|batt_vs=29894|mdis_morepower=0|thb_hda=51|cp_on_chip_0=36000|cp_on_chip_1=37000|G3D=35000|cp_on_chip_2=37000|cp_on_chip_3=35000|cp_on_chip_4=35000|rf2_therm=33000|rf1_therm=34000|ISP=34000|TPU=35000|AUR=35000|rfpa_therm=31082|quiet_therm=31750|charging_therm=33664|,ok,39000,37000,0,37000,1,single,touched,4096,4096,27,4096,4064656,4096,3847412,0,4,4,ok
1,22,protected,4,1795000,1795000,37000,38000,BIG=36000|MID=36000|usb_pwr_therm=29635|btmspkr_therm=29613|disp_therm=29613|north_therm=30103|soc_therm=33664|battery=29900|battery_cycle=5|dc-mains=34000|usbc-therm-adc=340|max77779fg=29900|LITTLE=36000|soc=8|smpl_gm=0|vdroop1=0|batoilo=0|batoilo2=0|batt_vs=29893|mdis_morepower=0|thb_hda=51|cp_on_chip_0=36000|cp_on_chip_1=37000|G3D=35000|cp_on_chip_2=37000|cp_on_chip_3=35000|cp_on_chip_4=35000|rf2_therm=33000|rf1_therm=34000|ISP=34000|TPU=35000|AUR=35000|rfpa_therm=31082|quiet_therm=31750|charging_therm=33664|,BIG=36000|MID=36000|usb_pwr_therm=29635|btmspkr_therm=29613|disp_therm=29613|north_therm=30125|soc_therm=33686|battery=29900|battery_cycle=5|dc-mains=34000|usbc-therm-adc=340|max77779fg=29900|LITTLE=36000|soc=8|smpl_gm=0|vdroop1=0|batoilo=0|batoilo2=0|batt_vs=29894|mdis_morepower=0|thb_hda=51|cp_on_chip_0=36000|cp_on_chip_1=37000|G3D=35000|cp_on_chip_2=37000|cp_on_chip_3=35000|cp_on_chip_4=35000|rf2_therm=33000|rf1_therm=34000|ISP=34000|TPU=35000|AUR=35000|rfpa_therm=31082|quiet_therm=31750|charging_therm=33664|,ok,39000,37000,0,37000,1,single,touched,4096,4096,28,4096,4050537,4096,3947184,0,4,4,ok
1,22,protected,4,1795000,1795000,37000,38000,BIG=36000|MID=36000|usb_pwr_therm=29635|btmspkr_therm=29613|disp_therm=29613|north_therm=30103|soc_therm=33664|battery=29900|battery_cycle=5|dc-mains=34000|usbc-therm-adc=340|max77779fg=29900|LITTLE=36000|soc=8|smpl_gm=0|vdroop1=0|batoilo=0|batoilo2=0|batt_vs=29893|mdis_morepower=0|thb_hda=51|cp_on_chip_0=36000|cp_on_chip_1=37000|G3D=35000|cp_on_chip_2=37000|cp_on_chip_3=35000|cp_on_chip_4=35000|rf2_therm=33000|rf1_therm=34000|ISP=34000|TPU=35000|AUR=35000|rfpa_therm=31082|quiet_therm=31750|charging_therm=33664|,BIG=36000|MID=36000|usb_pwr_therm=29635|btmspkr_therm=29613|disp_therm=29613|north_therm=30125|soc_therm=33686|battery=29900|battery_cycle=5|dc-mains=34000|usbc-therm-adc=340|max77779fg=29900|LITTLE=36000|soc=8|smpl_gm=0|vdroop1=0|batoilo=0|batoilo2=0|batt_vs=29894|mdis_morepower=0|thb_hda=51|cp_on_chip_0=36000|cp_on_chip_1=37000|G3D=35000|cp_on_chip_2=37000|cp_on_chip_3=35000|cp_on_chip_4=35000|rf2_therm=33000|rf1_therm=34000|ISP=34000|TPU=35000|AUR=35000|rfpa_therm=31082|quiet_therm=31750|charging_therm=33664|,ok,39000,37000,0,37000,1,single,touched,4096,4096,29,4096,4017903,4096,3390747,0,4,4,ok
1,23,protected,4,1418000,1795000,38000,41000,BIG=36000|MID=36000|usb_pwr_therm=29635|btmspkr_therm=29635|disp_therm=29613|north_therm=30147|soc_therm=33709|battery=29900|battery_cycle=5|dc-mains=34000|usbc-therm-adc=340|max77779fg=29900|LITTLE=36000|soc=8|smpl_gm=0|vdroop1=0|batoilo=0|batoilo2=0|batt_vs=29894|mdis_morepower=0|thb_hda=51|cp_on_chip_0=36000|cp_on_chip_1=37000|G3D=35000|cp_on_chip_2=37000|cp_on_chip_3=35000|cp_on_chip_4=35000|rf2_therm=33000|rf1_therm=34000|ISP=34000|TPU=35000|AUR=35000|rfpa_therm=31104|quiet_therm=31772|charging_therm=33686|,BIG=36000|MID=37000|usb_pwr_therm=29657|btmspkr_therm=29635|disp_therm=29613|north_therm=30169|soc_therm=33753|battery=29900|battery_cycle=5|dc-mains=34000|usbc-therm-adc=340|max77779fg=29900|LITTLE=37000|soc=8|smpl_gm=0|vdroop1=0|batoilo=0|batoilo2=0|batt_vs=29898|mdis_morepower=0|thb_hda=51|cp_on_chip_0=36000|cp_on_chip_1=37000|G3D=35000|cp_on_chip_2=37000|cp_on_chip_3=35000|cp_on_chip_4=35000|rf2_therm=33000|rf1_therm=34000|ISP=34000|TPU=35000|AUR=35000|rfpa_therm=31127|quiet_therm=31794|charging_therm=33709|,ok,39000,37000,0,37000,1,single,touched,4096,8192,0,8192,21664714,8192,17217652,0,4,4,ok
1,23,protected,4,1418000,1795000,38000,41000,BIG=36000|MID=36000|usb_pwr_therm=29635|btmspkr_therm=29635|disp_therm=29613|north_therm=30147|soc_therm=33709|battery=29900|battery_cycle=5|dc-mains=34000|usbc-therm-adc=340|max77779fg=29900|LITTLE=36000|soc=8|smpl_gm=0|vdroop1=0|batoilo=0|batoilo2=0|batt_vs=29894|mdis_morepower=0|thb_hda=51|cp_on_chip_0=36000|cp_on_chip_1=37000|G3D=35000|cp_on_chip_2=37000|cp_on_chip_3=35000|cp_on_chip_4=35000|rf2_therm=33000|rf1_therm=34000|ISP=34000|TPU=35000|AUR=35000|rfpa_therm=31104|quiet_therm=31772|charging_therm=33686|,BIG=36000|MID=37000|usb_pwr_therm=29657|btmspkr_therm=29635|disp_therm=29613|north_therm=30169|soc_therm=33753|battery=29900|battery_cycle=5|dc-mains=34000|usbc-therm-adc=340|max77779fg=29900|LITTLE=37000|soc=8|smpl_gm=0|vdroop1=0|batoilo=0|batoilo2=0|batt_vs=29898|mdis_morepower=0|thb_hda=51|cp_on_chip_0=36000|cp_on_chip_1=37000|G3D=35000|cp_on_chip_2=37000|cp_on_chip_3=35000|cp_on_chip_4=35000|rf2_therm=33000|rf1_therm=34000|ISP=34000|TPU=35000|AUR=35000|rfpa_therm=31127|quiet_therm=31794|charging_therm=33709|,ok,39000,37000,0,37000,1,single,touched,4096,8192,1,8192,13266643,8192,11104899,0,4,4,ok
1,23,protected,4,1418000,1795000,38000,41000,BIG=36000|MID=36000|usb_pwr_therm=29635|btmspkr_therm=29635|disp_therm=29613|north_therm=30147|soc_therm=33709|battery=29900|battery_cycle=5|dc-mains=34000|usbc-therm-adc=340|max77779fg=29900|LITTLE=36000|soc=8|smpl_gm=0|vdroop1=0|batoilo=0|batoilo2=0|batt_vs=29894|mdis_morepower=0|thb_hda=51|cp_on_chip_0=36000|cp_on_chip_1=37000|G3D=35000|cp_on_chip_2=37000|cp_on_chip_3=35000|cp_on_chip_4=35000|rf2_therm=33000|rf1_therm=34000|ISP=34000|TPU=35000|AUR=35000|rfpa_therm=31104|quiet_therm=31772|charging_therm=33686|,BIG=36000|MID=37000|usb_pwr_therm=29657|btmspkr_therm=29635|disp_therm=29613|north_therm=30169|soc_therm=33753|battery=29900|battery_cycle=5|dc-mains=34000|usbc-therm-adc=340|max77779fg=29900|LITTLE=37000|soc=8|smpl_gm=0|vdroop1=0|batoilo=0|batoilo2=0|batt_vs=29898|mdis_morepower=0|thb_hda=51|cp_on_chip_0=36000|cp_on_chip_1=37000|G3D=35000|cp_on_chip_2=37000|cp_on_chip_3=35000|cp_on_chip_4=35000|rf2_therm=33000|rf1_therm=34000|ISP=34000|TPU=35000|AUR=35000|rfpa_therm=31127|quiet_therm=31794|charging_therm=33709|,ok,39000,37000,0,37000,1,single,touched,4096,8192,2,8192,9939616,8192,9218506,0,4,4,ok
1,23,protected,4,1418000,1795000,38000,41000,BIG=36000|MID=36000|usb_pwr_therm=29635|btmspkr_therm=29635|disp_therm=29613|north_therm=30147|soc_therm=33709|battery=29900|battery_cycle=5|dc-mains=34000|usbc-therm-adc=340|max77779fg=29900|LITTLE=36000|soc=8|smpl_gm=0|vdroop1=0|batoilo=0|batoilo2=0|batt_vs=29894|mdis_morepower=0|thb_hda=51|cp_on_chip_0=36000|cp_on_chip_1=37000|G3D=35000|cp_on_chip_2=37000|cp_on_chip_3=35000|cp_on_chip_4=35000|rf2_therm=33000|rf1_therm=34000|ISP=34000|TPU=35000|AUR=35000|rfpa_therm=31104|quiet_therm=31772|charging_therm=33686|,BIG=36000|MID=37000|usb_pwr_therm=29657|btmspkr_therm=29635|disp_therm=29613|north_therm=30169|soc_therm=33753|battery=29900|battery_cycle=5|dc-mains=34000|usbc-therm-adc=340|max77779fg=29900|LITTLE=37000|soc=8|smpl_gm=0|vdroop1=0|batoilo=0|batoilo2=0|batt_vs=29898|mdis_morepower=0|thb_hda=51|cp_on_chip_0=36000|cp_on_chip_1=37000|G3D=35000|cp_on_chip_2=37000|cp_on_chip_3=35000|cp_on_chip_4=35000|rf2_therm=33000|rf1_therm=34000|ISP=34000|TPU=35000|AUR=35000|rfpa_therm=31127|quiet_therm=31794|charging_therm=33709|,ok,39000,37000,0,37000,1,single,touched,4096,8192,3,8192,8482625,8192,8067058,0,4,4,ok
1,23,protected,4,1418000,1795000,38000,41000,BIG=36000|MID=36000|usb_pwr_therm=29635|btmspkr_therm=29635|disp_therm=29613|north_therm=30147|soc_therm=33709|battery=29900|battery_cycle=5|dc-mains=34000|usbc-therm-adc=340|max77779fg=29900|LITTLE=36000|soc=8|smpl_gm=0|vdroop1=0|batoilo=0|batoilo2=0|batt_vs=29894|mdis_morepower=0|thb_hda=51|cp_on_chip_0=36000|cp_on_chip_1=37000|G3D=35000|cp_on_chip_2=37000|cp_on_chip_3=35000|cp_on_chip_4=35000|rf2_therm=33000|rf1_therm=34000|ISP=34000|TPU=35000|AUR=35000|rfpa_therm=31104|quiet_therm=31772|charging_therm=33686|,BIG=36000|MID=37000|usb_pwr_therm=29657|btmspkr_therm=29635|disp_therm=29613|north_therm=30169|soc_therm=33753|battery=29900|battery_cycle=5|dc-mains=34000|usbc-therm-adc=340|max77779fg=29900|LITTLE=37000|soc=8|smpl_gm=0|vdroop1=0|batoilo=0|batoilo2=0|batt_vs=29898|mdis_morepower=0|thb_hda=51|cp_on_chip_0=36000|cp_on_chip_1=37000|G3D=35000|cp_on_chip_2=37000|cp_on_chip_3=35000|cp_on_chip_4=35000|rf2_therm=33000|rf1_therm=34000|ISP=34000|TPU=35000|AUR=35000|rfpa_therm=31127|quiet_therm=31794|charging_therm=33709|,ok,39000,37000,0,37000,1,single,touched,4096,8192,4,8192,8250448,8192,8180054,0,4,4,ok
1,23,protected,4,1418000,1795000,38000,41000,BIG=36000|MID=36000|usb_pwr_therm=29635|btmspkr_therm=29635|disp_therm=29613|north_therm=30147|soc_therm=33709|battery=29900|battery_cycle=5|dc-mains=34000|usbc-therm-adc=340|max77779fg=29900|LITTLE=36000|soc=8|smpl_gm=0|vdroop1=0|batoilo=0|batoilo2=0|batt_vs=29894|mdis_morepower=0|thb_hda=51|cp_on_chip_0=36000|cp_on_chip_1=37000|G3D=35000|cp_on_chip_2=37000|cp_on_chip_3=35000|cp_on_chip_4=35000|rf2_therm=33000|rf1_therm=34000|ISP=34000|TPU=35000|AUR=35000|rfpa_therm=31104|quiet_therm=31772|charging_therm=33686|,BIG=36000|MID=37000|usb_pwr_therm=29657|btmspkr_therm=29635|disp_therm=29613|north_therm=30169|soc_therm=33753|battery=29900|battery_cycle=5|dc-mains=34000|usbc-therm-adc=340|max77779fg=29900|LITTLE=37000|soc=8|smpl_gm=0|vdroop1=0|batoilo=0|batoilo2=0|batt_vs=29898|mdis_morepower=0|thb_hda=51|cp_on_chip_0=36000|cp_on_chip_1=37000|G3D=35000|cp_on_chip_2=37000|cp_on_chip_3=35000|cp_on_chip_4=35000|rf2_therm=33000|rf1_therm=34000|ISP=34000|TPU=35000|AUR=35000|rfpa_therm=31127|quiet_therm=31794|charging_therm=33709|,ok,39000,37000,0,37000,1,single,touched,4096,8192,5,8192,8224243,8192,8217855,0,4,4,ok
1,23,protected,4,1418000,1795000,38000,41000,BIG=36000|MID=36000|usb_pwr_therm=29635|btmspkr_therm=29635|disp_therm=29613|north_therm=30147|soc_therm=33709|battery=29900|battery_cycle=5|dc-mains=34000|usbc-therm-adc=340|max77779fg=29900|LITTLE=36000|soc=8|smpl_gm=0|vdroop1=0|batoilo=0|batoilo2=0|batt_vs=29894|mdis_morepower=0|thb_hda=51|cp_on_chip_0=36000|cp_on_chip_1=37000|G3D=35000|cp_on_chip_2=37000|cp_on_chip_3=35000|cp_on_chip_4=35000|rf2_therm=33000|rf1_therm=34000|ISP=34000|TPU=35000|AUR=35000|rfpa_therm=31104|quiet_therm=31772|charging_therm=33686|,BIG=36000|MID=37000|usb_pwr_therm=29657|btmspkr_therm=29635|disp_therm=29613|north_therm=30169|soc_therm=33753|battery=29900|battery_cycle=5|dc-mains=34000|usbc-therm-adc=340|max77779fg=29900|LITTLE=37000|soc=8|smpl_gm=0|vdroop1=0|batoilo=0|batoilo2=0|batt_vs=29898|mdis_morepower=0|thb_hda=51|cp_on_chip_0=36000|cp_on_chip_1=37000|G3D=35000|cp_on_chip_2=37000|cp_on_chip_3=35000|cp_on_chip_4=35000|rf2_therm=33000|rf1_therm=34000|ISP=34000|TPU=35000|AUR=35000|rfpa_therm=31127|quiet_therm=31794|charging_therm=33709|,ok,39000,37000,0,37000,1,single,touched,4096,8192,6,8192,8086792,8192,7943888,0,4,4,ok
1,23,protected,4,1418000,1795000,38000,41000,BIG=36000|MID=36000|usb_pwr_therm=29635|btmspkr_therm=29635|disp_therm=29613|north_therm=30147|soc_therm=33709|battery=29900|battery_cycle=5|dc-mains=34000|usbc-therm-adc=340|max77779fg=29900|LITTLE=36000|soc=8|smpl_gm=0|vdroop1=0|batoilo=0|batoilo2=0|batt_vs=29894|mdis_morepower=0|thb_hda=51|cp_on_chip_0=36000|cp_on_chip_1=37000|G3D=35000|cp_on_chip_2=37000|cp_on_chip_3=35000|cp_on_chip_4=35000|rf2_therm=33000|rf1_therm=34000|ISP=34000|TPU=35000|AUR=35000|rfpa_therm=31104|quiet_therm=31772|charging_therm=33686|,BIG=36000|MID=37000|usb_pwr_therm=29657|btmspkr_therm=29635|disp_therm=29613|north_therm=30169|soc_therm=33753|battery=29900|battery_cycle=5|dc-mains=34000|usbc-therm-adc=340|max77779fg=29900|LITTLE=37000|soc=8|smpl_gm=0|vdroop1=0|batoilo=0|batoilo2=0|batt_vs=29898|mdis_morepower=0|thb_hda=51|cp_on_chip_0=36000|cp_on_chip_1=37000|G3D=35000|cp_on_chip_2=37000|cp_on_chip_3=35000|cp_on_chip_4=35000|rf2_therm=33000|rf1_therm=34000|ISP=34000|TPU=35000|AUR=35000|rfpa_therm=31127|quiet_therm=31794|charging_therm=33709|,ok,39000,37000,0,37000,1,single,touched,4096,8192,7,8192,8132284,8192,7006958,0,4,4,ok
1,23,protected,4,1418000,1795000,38000,41000,BIG=36000|MID=36000|usb_pwr_therm=29635|btmspkr_therm=29635|disp_therm=29613|north_therm=30147|soc_therm=33709|battery=29900|battery_cycle=5|dc-mains=34000|usbc-therm-adc=340|max77779fg=29900|LITTLE=36000|soc=8|smpl_gm=0|vdroop1=0|batoilo=0|batoilo2=0|batt_vs=29894|mdis_morepower=0|thb_hda=51|cp_on_chip_0=36000|cp_on_chip_1=37000|G3D=35000|cp_on_chip_2=37000|cp_on_chip_3=35000|cp_on_chip_4=35000|rf2_therm=33000|rf1_therm=34000|ISP=34000|TPU=35000|AUR=35000|rfpa_therm=31104|quiet_therm=31772|charging_therm=33686|,BIG=36000|MID=37000|usb_pwr_therm=29657|btmspkr_therm=29635|disp_therm=29613|north_therm=30169|soc_therm=33753|battery=29900|battery_cycle=5|dc-mains=34000|usbc-therm-adc=340|max77779fg=29900|LITTLE=37000|soc=8|smpl_gm=0|vdroop1=0|batoilo=0|batoilo2=0|batt_vs=29898|mdis_morepower=0|thb_hda=51|cp_on_chip_0=36000|cp_on_chip_1=37000|G3D=35000|cp_on_chip_2=37000|cp_on_chip_3=35000|cp_on_chip_4=35000|rf2_therm=33000|rf1_therm=34000|ISP=34000|TPU=35000|AUR=35000|rfpa_therm=31127|quiet_therm=31794|charging_therm=33709|,ok,39000,37000,0,37000,1,single,touched,4096,8192,8,8192,8090495,8192,7795776,0,4,4,ok
1,23,protected,4,1418000,1795000,38000,41000,BIG=36000|MID=36000|usb_pwr_therm=29635|btmspkr_therm=29635|disp_therm=29613|north_therm=30147|soc_therm=33709|battery=29900|battery_cycle=5|dc-mains=34000|usbc-therm-adc=340|max77779fg=29900|LITTLE=36000|soc=8|smpl_gm=0|vdroop1=0|batoilo=0|batoilo2=0|batt_vs=29894|mdis_morepower=0|thb_hda=51|cp_on_chip_0=36000|cp_on_chip_1=37000|G3D=35000|cp_on_chip_2=37000|cp_on_chip_3=35000|cp_on_chip_4=35000|rf2_therm=33000|rf1_therm=34000|ISP=34000|TPU=35000|AUR=35000|rfpa_therm=31104|quiet_therm=31772|charging_therm=33686|,BIG=36000|MID=37000|usb_pwr_therm=29657|btmspkr_therm=29635|disp_therm=29613|north_therm=30169|soc_therm=33753|battery=29900|battery_cycle=5|dc-mains=34000|usbc-therm-adc=340|max77779fg=29900|LITTLE=37000|soc=8|smpl_gm=0|vdroop1=0|batoilo=0|batoilo2=0|batt_vs=29898|mdis_morepower=0|thb_hda=51|cp_on_chip_0=36000|cp_on_chip_1=37000|G3D=35000|cp_on_chip_2=37000|cp_on_chip_3=35000|cp_on_chip_4=35000|rf2_therm=33000|rf1_therm=34000|ISP=34000|TPU=35000|AUR=35000|rfpa_therm=31127|quiet_therm=31794|charging_therm=33709|,ok,39000,37000,0,37000,1,single,touched,4096,8192,9,8192,8042195,8192,7017212,0,4,4,ok
1,23,protected,4,1418000,1795000,38000,41000,BIG=36000|MID=36000|usb_pwr_therm=29635|btmspkr_therm=29635|disp_therm=29613|north_therm=30147|soc_therm=33709|battery=29900|battery_cycle=5|dc-mains=34000|usbc-therm-adc=340|max77779fg=29900|LITTLE=36000|soc=8|smpl_gm=0|vdroop1=0|batoilo=0|batoilo2=0|batt_vs=29894|mdis_morepower=0|thb_hda=51|cp_on_chip_0=36000|cp_on_chip_1=37000|G3D=35000|cp_on_chip_2=37000|cp_on_chip_3=35000|cp_on_chip_4=35000|rf2_therm=33000|rf1_therm=34000|ISP=34000|TPU=35000|AUR=35000|rfpa_therm=31104|quiet_therm=31772|charging_therm=33686|,BIG=36000|MID=37000|usb_pwr_therm=29657|btmspkr_therm=29635|disp_therm=29613|north_therm=30169|soc_therm=33753|battery=29900|battery_cycle=5|dc-mains=34000|usbc-therm-adc=340|max77779fg=29900|LITTLE=37000|soc=8|smpl_gm=0|vdroop1=0|batoilo=0|batoilo2=0|batt_vs=29898|mdis_morepower=0|thb_hda=51|cp_on_chip_0=36000|cp_on_chip_1=37000|G3D=35000|cp_on_chip_2=37000|cp_on_chip_3=35000|cp_on_chip_4=35000|rf2_therm=33000|rf1_therm=34000|ISP=34000|TPU=35000|AUR=35000|rfpa_therm=31127|quiet_therm=31794|charging_therm=33709|,ok,39000,37000,0,37000,1,single,touched,4096,8192,10,8192,7973103,8192,6941447,0,4,4,ok
1,23,protected,4,1418000,1795000,38000,41000,BIG=36000|MID=36000|usb_pwr_therm=29635|btmspkr_therm=29635|disp_therm=29613|north_therm=30147|soc_therm=33709|battery=29900|battery_cycle=5|dc-mains=34000|usbc-therm-adc=340|max77779fg=29900|LITTLE=36000|soc=8|smpl_gm=0|vdroop1=0|batoilo=0|batoilo2=0|batt_vs=29894|mdis_morepower=0|thb_hda=51|cp_on_chip_0=36000|cp_on_chip_1=37000|G3D=35000|cp_on_chip_2=37000|cp_on_chip_3=35000|cp_on_chip_4=35000|rf2_therm=33000|rf1_therm=34000|ISP=34000|TPU=35000|AUR=35000|rfpa_therm=31104|quiet_therm=31772|charging_therm=33686|,BIG=36000|MID=37000|usb_pwr_therm=29657|btmspkr_therm=29635|disp_therm=29613|north_therm=30169|soc_therm=33753|battery=29900|battery_cycle=5|dc-mains=34000|usbc-therm-adc=340|max77779fg=29900|LITTLE=37000|soc=8|smpl_gm=0|vdroop1=0|batoilo=0|batoilo2=0|batt_vs=29898|mdis_morepower=0|thb_hda=51|cp_on_chip_0=36000|cp_on_chip_1=37000|G3D=35000|cp_on_chip_2=37000|cp_on_chip_3=35000|cp_on_chip_4=35000|rf2_therm=33000|rf1_therm=34000|ISP=34000|TPU=35000|AUR=35000|rfpa_therm=31127|quiet_therm=31794|charging_therm=33709|,ok,39000,37000,0,37000,1,single,touched,4096,8192,11,8192,7972168,8192,7965902,0,4,4,ok
1,23,protected,4,1418000,1795000,38000,41000,BIG=36000|MID=36000|usb_pwr_therm=29635|btmspkr_therm=29635|disp_therm=29613|north_therm=30147|soc_therm=33709|battery=29900|battery_cycle=5|dc-mains=34000|usbc-therm-adc=340|max77779fg=29900|LITTLE=36000|soc=8|smpl_gm=0|vdroop1=0|batoilo=0|batoilo2=0|batt_vs=29894|mdis_morepower=0|thb_hda=51|cp_on_chip_0=36000|cp_on_chip_1=37000|G3D=35000|cp_on_chip_2=37000|cp_on_chip_3=35000|cp_on_chip_4=35000|rf2_therm=33000|rf1_therm=34000|ISP=34000|TPU=35000|AUR=35000|rfpa_therm=31104|quiet_therm=31772|charging_therm=33686|,BIG=36000|MID=37000|usb_pwr_therm=29657|btmspkr_therm=29635|disp_therm=29613|north_therm=30169|soc_therm=33753|battery=29900|battery_cycle=5|dc-mains=34000|usbc-therm-adc=340|max77779fg=29900|LITTLE=37000|soc=8|smpl_gm=0|vdroop1=0|batoilo=0|batoilo2=0|batt_vs=29898|mdis_morepower=0|thb_hda=51|cp_on_chip_0=36000|cp_on_chip_1=37000|G3D=35000|cp_on_chip_2=37000|cp_on_chip_3=35000|cp_on_chip_4=35000|rf2_therm=33000|rf1_therm=34000|ISP=34000|TPU=35000|AUR=35000|rfpa_therm=31127|quiet_therm=31794|charging_therm=33709|,ok,39000,37000,0,37000,1,single,touched,4096,8192,12,8192,7999471,8192,6923665,0,4,4,ok
1,23,protected,4,1418000,1795000,38000,41000,BIG=36000|MID=36000|usb_pwr_therm=29635|btmspkr_therm=29635|disp_therm=29613|north_therm=30147|soc_therm=33709|battery=29900|battery_cycle=5|dc-mains=34000|usbc-therm-adc=340|max77779fg=29900|LITTLE=36000|soc=8|smpl_gm=0|vdroop1=0|batoilo=0|batoilo2=0|batt_vs=29894|mdis_morepower=0|thb_hda=51|cp_on_chip_0=36000|cp_on_chip_1=37000|G3D=35000|cp_on_chip_2=37000|cp_on_chip_3=35000|cp_on_chip_4=35000|rf2_therm=33000|rf1_therm=34000|ISP=34000|TPU=35000|AUR=35000|rfpa_therm=31104|quiet_therm=31772|charging_therm=33686|,BIG=36000|MID=37000|usb_pwr_therm=29657|btmspkr_therm=29635|disp_therm=29613|north_therm=30169|soc_therm=33753|battery=29900|battery_cycle=5|dc-mains=34000|usbc-therm-adc=340|max77779fg=29900|LITTLE=37000|soc=8|smpl_gm=0|vdroop1=0|batoilo=0|batoilo2=0|batt_vs=29898|mdis_morepower=0|thb_hda=51|cp_on_chip_0=36000|cp_on_chip_1=37000|G3D=35000|cp_on_chip_2=37000|cp_on_chip_3=35000|cp_on_chip_4=35000|rf2_therm=33000|rf1_therm=34000|ISP=34000|TPU=35000|AUR=35000|rfpa_therm=31127|quiet_therm=31794|charging_therm=33709|,ok,39000,37000,0,37000,1,single,touched,4096,8192,13,8192,8121541,8192,7116943,0,4,4,ok
1,23,protected,4,1418000,1795000,38000,41000,BIG=36000|MID=36000|usb_pwr_therm=29635|btmspkr_therm=29635|disp_therm=29613|north_therm=30147|soc_therm=33709|battery=29900|battery_cycle=5|dc-mains=34000|usbc-therm-adc=340|max77779fg=29900|LITTLE=36000|soc=8|smpl_gm=0|vdroop1=0|batoilo=0|batoilo2=0|batt_vs=29894|mdis_morepower=0|thb_hda=51|cp_on_chip_0=36000|cp_on_chip_1=37000|G3D=35000|cp_on_chip_2=37000|cp_on_chip_3=35000|cp_on_chip_4=35000|rf2_therm=33000|rf1_therm=34000|ISP=34000|TPU=35000|AUR=35000|rfpa_therm=31104|quiet_therm=31772|charging_therm=33686|,BIG=36000|MID=37000|usb_pwr_therm=29657|btmspkr_therm=29635|disp_therm=29613|north_therm=30169|soc_therm=33753|battery=29900|battery_cycle=5|dc-mains=34000|usbc-therm-adc=340|max77779fg=29900|LITTLE=37000|soc=8|smpl_gm=0|vdroop1=0|batoilo=0|batoilo2=0|batt_vs=29898|mdis_morepower=0|thb_hda=51|cp_on_chip_0=36000|cp_on_chip_1=37000|G3D=35000|cp_on_chip_2=37000|cp_on_chip_3=35000|cp_on_chip_4=35000|rf2_therm=33000|rf1_therm=34000|ISP=34000|TPU=35000|AUR=35000|rfpa_therm=31127|quiet_therm=31794|charging_therm=33709|,ok,39000,37000,0,37000,1,single,touched,4096,8192,14,8192,8193522,8192,7519857,0,4,4,ok
1,23,protected,4,1418000,1795000,38000,41000,BIG=36000|MID=36000|usb_pwr_therm=29635|btmspkr_therm=29635|disp_therm=29613|north_therm=30147|soc_therm=33709|battery=29900|battery_cycle=5|dc-mains=34000|usbc-therm-adc=340|max77779fg=29900|LITTLE=36000|soc=8|smpl_gm=0|vdroop1=0|batoilo=0|batoilo2=0|batt_vs=29894|mdis_morepower=0|thb_hda=51|cp_on_chip_0=36000|cp_on_chip_1=37000|G3D=35000|cp_on_chip_2=37000|cp_on_chip_3=35000|cp_on_chip_4=35000|rf2_therm=33000|rf1_therm=34000|ISP=34000|TPU=35000|AUR=35000|rfpa_therm=31104|quiet_therm=31772|charging_therm=33686|,BIG=36000|MID=37000|usb_pwr_therm=29657|btmspkr_therm=29635|disp_therm=29613|north_therm=30169|soc_therm=33753|battery=29900|battery_cycle=5|dc-mains=34000|usbc-therm-adc=340|max77779fg=29900|LITTLE=37000|soc=8|smpl_gm=0|vdroop1=0|batoilo=0|batoilo2=0|batt_vs=29898|mdis_morepower=0|thb_hda=51|cp_on_chip_0=36000|cp_on_chip_1=37000|G3D=35000|cp_on_chip_2=37000|cp_on_chip_3=35000|cp_on_chip_4=35000|rf2_therm=33000|rf1_therm=34000|ISP=34000|TPU=35000|AUR=35000|rfpa_therm=31127|quiet_therm=31794|charging_therm=33709|,ok,39000,37000,0,37000,1,single,touched,4096,8192,15,8192,8133464,8192,7034058,0,4,4,ok
1,23,protected,4,1418000,1795000,38000,41000,BIG=36000|MID=36000|usb_pwr_therm=29635|btmspkr_therm=29635|disp_therm=29613|north_therm=30147|soc_therm=33709|battery=29900|battery_cycle=5|dc-mains=34000|usbc-therm-adc=340|max77779fg=29900|LITTLE=36000|soc=8|smpl_gm=0|vdroop1=0|batoilo=0|batoilo2=0|batt_vs=29894|mdis_morepower=0|thb_hda=51|cp_on_chip_0=36000|cp_on_chip_1=37000|G3D=35000|cp_on_chip_2=37000|cp_on_chip_3=35000|cp_on_chip_4=35000|rf2_therm=33000|rf1_therm=34000|ISP=34000|TPU=35000|AUR=35000|rfpa_therm=31104|quiet_therm=31772|charging_therm=33686|,BIG=36000|MID=37000|usb_pwr_therm=29657|btmspkr_therm=29635|disp_therm=29613|north_therm=30169|soc_therm=33753|battery=29900|battery_cycle=5|dc-mains=34000|usbc-therm-adc=340|max77779fg=29900|LITTLE=37000|soc=8|smpl_gm=0|vdroop1=0|batoilo=0|batoilo2=0|batt_vs=29898|mdis_morepower=0|thb_hda=51|cp_on_chip_0=36000|cp_on_chip_1=37000|G3D=35000|cp_on_chip_2=37000|cp_on_chip_3=35000|cp_on_chip_4=35000|rf2_therm=33000|rf1_therm=34000|ISP=34000|TPU=35000|AUR=35000|rfpa_therm=31127|quiet_therm=31794|charging_therm=33709|,ok,39000,37000,0,37000,1,single,touched,4096,8192,16,8192,8130372,8192,7870402,0,4,4,ok
1,23,protected,4,1418000,1795000,38000,41000,BIG=36000|MID=36000|usb_pwr_therm=29635|btmspkr_therm=29635|disp_therm=29613|north_therm=30147|soc_therm=33709|battery=29900|battery_cycle=5|dc-mains=34000|usbc-therm-adc=340|max77779fg=29900|LITTLE=36000|soc=8|smpl_gm=0|vdroop1=0|batoilo=0|batoilo2=0|batt_vs=29894|mdis_morepower=0|thb_hda=51|cp_on_chip_0=36000|cp_on_chip_1=37000|G3D=35000|cp_on_chip_2=37000|cp_on_chip_3=35000|cp_on_chip_4=35000|rf2_therm=33000|rf1_therm=34000|ISP=34000|TPU=35000|AUR=35000|rfpa_therm=31104|quiet_therm=31772|charging_therm=33686|,BIG=36000|MID=37000|usb_pwr_therm=29657|btmspkr_therm=29635|disp_therm=29613|north_therm=30169|soc_therm=33753|battery=29900|battery_cycle=5|dc-mains=34000|usbc-therm-adc=340|max77779fg=29900|LITTLE=37000|soc=8|smpl_gm=0|vdroop1=0|batoilo=0|batoilo2=0|batt_vs=29898|mdis_morepower=0|thb_hda=51|cp_on_chip_0=36000|cp_on_chip_1=37000|G3D=35000|cp_on_chip_2=37000|cp_on_chip_3=35000|cp_on_chip_4=35000|rf2_therm=33000|rf1_therm=34000|ISP=34000|TPU=35000|AUR=35000|rfpa_therm=31127|quiet_therm=31794|charging_therm=33709|,ok,39000,37000,0,37000,1,single,touched,4096,8192,17,8192,8171549,8192,7311157,0,4,4,ok
1,23,protected,4,1418000,1795000,38000,41000,BIG=36000|MID=36000|usb_pwr_therm=29635|btmspkr_therm=29635|disp_therm=29613|north_therm=30147|soc_therm=33709|battery=29900|battery_cycle=5|dc-mains=34000|usbc-therm-adc=340|max77779fg=29900|LITTLE=36000|soc=8|smpl_gm=0|vdroop1=0|batoilo=0|batoilo2=0|batt_vs=29894|mdis_morepower=0|thb_hda=51|cp_on_chip_0=36000|cp_on_chip_1=37000|G3D=35000|cp_on_chip_2=37000|cp_on_chip_3=35000|cp_on_chip_4=35000|rf2_therm=33000|rf1_therm=34000|ISP=34000|TPU=35000|AUR=35000|rfpa_therm=31104|quiet_therm=31772|charging_therm=33686|,BIG=36000|MID=37000|usb_pwr_therm=29657|btmspkr_therm=29635|disp_therm=29613|north_therm=30169|soc_therm=33753|battery=29900|battery_cycle=5|dc-mains=34000|usbc-therm-adc=340|max77779fg=29900|LITTLE=37000|soc=8|smpl_gm=0|vdroop1=0|batoilo=0|batoilo2=0|batt_vs=29898|mdis_morepower=0|thb_hda=51|cp_on_chip_0=36000|cp_on_chip_1=37000|G3D=35000|cp_on_chip_2=37000|cp_on_chip_3=35000|cp_on_chip_4=35000|rf2_therm=33000|rf1_therm=34000|ISP=34000|TPU=35000|AUR=35000|rfpa_therm=31127|quiet_therm=31794|charging_therm=33709|,ok,39000,37000,0,37000,1,single,touched,4096,8192,18,8192,8178589,8192,8056478,0,4,4,ok
1,23,protected,4,1418000,1795000,38000,41000,BIG=36000|MID=36000|usb_pwr_therm=29635|btmspkr_therm=29635|disp_therm=29613|north_therm=30147|soc_therm=33709|battery=29900|battery_cycle=5|dc-mains=34000|usbc-therm-adc=340|max77779fg=29900|LITTLE=36000|soc=8|smpl_gm=0|vdroop1=0|batoilo=0|batoilo2=0|batt_vs=29894|mdis_morepower=0|thb_hda=51|cp_on_chip_0=36000|cp_on_chip_1=37000|G3D=35000|cp_on_chip_2=37000|cp_on_chip_3=35000|cp_on_chip_4=35000|rf2_therm=33000|rf1_therm=34000|ISP=34000|TPU=35000|AUR=35000|rfpa_therm=31104|quiet_therm=31772|charging_therm=33686|,BIG=36000|MID=37000|usb_pwr_therm=29657|btmspkr_therm=29635|disp_therm=29613|north_therm=30169|soc_therm=33753|battery=29900|battery_cycle=5|dc-mains=34000|usbc-therm-adc=340|max77779fg=29900|LITTLE=37000|soc=8|smpl_gm=0|vdroop1=0|batoilo=0|batoilo2=0|batt_vs=29898|mdis_morepower=0|thb_hda=51|cp_on_chip_0=36000|cp_on_chip_1=37000|G3D=35000|cp_on_chip_2=37000|cp_on_chip_3=35000|cp_on_chip_4=35000|rf2_therm=33000|rf1_therm=34000|ISP=34000|TPU=35000|AUR=35000|rfpa_therm=31127|quiet_therm=31794|charging_therm=33709|,ok,39000,37000,0,37000,1,single,touched,4096,8192,19,8192,8216634,8192,7013102,0,4,4,ok
1,23,protected,4,1418000,1795000,38000,41000,BIG=36000|MID=36000|usb_pwr_therm=29635|btmspkr_therm=29635|disp_therm=29613|north_therm=30147|soc_therm=33709|battery=29900|battery_cycle=5|dc-mains=34000|usbc-therm-adc=340|max77779fg=29900|LITTLE=36000|soc=8|smpl_gm=0|vdroop1=0|batoilo=0|batoilo2=0|batt_vs=29894|mdis_morepower=0|thb_hda=51|cp_on_chip_0=36000|cp_on_chip_1=37000|G3D=35000|cp_on_chip_2=37000|cp_on_chip_3=35000|cp_on_chip_4=35000|rf2_therm=33000|rf1_therm=34000|ISP=34000|TPU=35000|AUR=35000|rfpa_therm=31104|quiet_therm=31772|charging_therm=33686|,BIG=36000|MID=37000|usb_pwr_therm=29657|btmspkr_therm=29635|disp_therm=29613|north_therm=30169|soc_therm=33753|battery=29900|battery_cycle=5|dc-mains=34000|usbc-therm-adc=340|max77779fg=29900|LITTLE=37000|soc=8|smpl_gm=0|vdroop1=0|batoilo=0|batoilo2=0|batt_vs=29898|mdis_morepower=0|thb_hda=51|cp_on_chip_0=36000|cp_on_chip_1=37000|G3D=35000|cp_on_chip_2=37000|cp_on_chip_3=35000|cp_on_chip_4=35000|rf2_therm=33000|rf1_therm=34000|ISP=34000|TPU=35000|AUR=35000|rfpa_therm=31127|quiet_therm=31794|charging_therm=33709|,ok,39000,37000,0,37000,1,single,touched,4096,8192,20,8192,8175293,8192,7147624,0,4,4,ok
1,23,protected,4,1418000,1795000,38000,41000,BIG=36000|MID=36000|usb_pwr_therm=29635|btmspkr_therm=29635|disp_therm=29613|north_therm=30147|soc_therm=33709|battery=29900|battery_cycle=5|dc-mains=34000|usbc-therm-adc=340|max77779fg=29900|LITTLE=36000|soc=8|smpl_gm=0|vdroop1=0|batoilo=0|batoilo2=0|batt_vs=29894|mdis_morepower=0|thb_hda=51|cp_on_chip_0=36000|cp_on_chip_1=37000|G3D=35000|cp_on_chip_2=37000|cp_on_chip_3=35000|cp_on_chip_4=35000|rf2_therm=33000|rf1_therm=34000|ISP=34000|TPU=35000|AUR=35000|rfpa_therm=31104|quiet_therm=31772|charging_therm=33686|,BIG=36000|MID=37000|usb_pwr_therm=29657|btmspkr_therm=29635|disp_therm=29613|north_therm=30169|soc_therm=33753|battery=29900|battery_cycle=5|dc-mains=34000|usbc-therm-adc=340|max77779fg=29900|LITTLE=37000|soc=8|smpl_gm=0|vdroop1=0|batoilo=0|batoilo2=0|batt_vs=29898|mdis_morepower=0|thb_hda=51|cp_on_chip_0=36000|cp_on_chip_1=37000|G3D=35000|cp_on_chip_2=37000|cp_on_chip_3=35000|cp_on_chip_4=35000|rf2_therm=33000|rf1_therm=34000|ISP=34000|TPU=35000|AUR=35000|rfpa_therm=31127|quiet_therm=31794|charging_therm=33709|,ok,39000,37000,0,37000,1,single,touched,4096,8192,21,8192,8142903,8192,7694295,0,4,4,ok
1,23,protected,4,1418000,1795000,38000,41000,BIG=36000|MID=36000|usb_pwr_therm=29635|btmspkr_therm=29635|disp_therm=29613|north_therm=30147|soc_therm=33709|battery=29900|battery_cycle=5|dc-mains=34000|usbc-therm-adc=340|max77779fg=29900|LITTLE=36000|soc=8|smpl_gm=0|vdroop1=0|batoilo=0|batoilo2=0|batt_vs=29894|mdis_morepower=0|thb_hda=51|cp_on_chip_0=36000|cp_on_chip_1=37000|G3D=35000|cp_on_chip_2=37000|cp_on_chip_3=35000|cp_on_chip_4=35000|rf2_therm=33000|rf1_therm=34000|ISP=34000|TPU=35000|AUR=35000|rfpa_therm=31104|quiet_therm=31772|charging_therm=33686|,BIG=36000|MID=37000|usb_pwr_therm=29657|btmspkr_therm=29635|disp_therm=29613|north_therm=30169|soc_therm=33753|battery=29900|battery_cycle=5|dc-mains=34000|usbc-therm-adc=340|max77779fg=29900|LITTLE=37000|soc=8|smpl_gm=0|vdroop1=0|batoilo=0|batoilo2=0|batt_vs=29898|mdis_morepower=0|thb_hda=51|cp_on_chip_0=36000|cp_on_chip_1=37000|G3D=35000|cp_on_chip_2=37000|cp_on_chip_3=35000|cp_on_chip_4=35000|rf2_therm=33000|rf1_therm=34000|ISP=34000|TPU=35000|AUR=35000|rfpa_therm=31127|quiet_therm=31794|charging_therm=33709|,ok,39000,37000,0,37000,1,single,touched,4096,8192,22,8192,8141358,8192,7003499,0,4,4,ok
1,23,protected,4,1418000,1795000,38000,41000,BIG=36000|MID=36000|usb_pwr_therm=29635|btmspkr_therm=29635|disp_therm=29613|north_therm=30147|soc_therm=33709|battery=29900|battery_cycle=5|dc-mains=34000|usbc-therm-adc=340|max77779fg=29900|LITTLE=36000|soc=8|smpl_gm=0|vdroop1=0|batoilo=0|batoilo2=0|batt_vs=29894|mdis_morepower=0|thb_hda=51|cp_on_chip_0=36000|cp_on_chip_1=37000|G3D=35000|cp_on_chip_2=37000|cp_on_chip_3=35000|cp_on_chip_4=35000|rf2_therm=33000|rf1_therm=34000|ISP=34000|TPU=35000|AUR=35000|rfpa_therm=31104|quiet_therm=31772|charging_therm=33686|,BIG=36000|MID=37000|usb_pwr_therm=29657|btmspkr_therm=29635|disp_therm=29613|north_therm=30169|soc_therm=33753|battery=29900|battery_cycle=5|dc-mains=34000|usbc-therm-adc=340|max77779fg=29900|LITTLE=37000|soc=8|smpl_gm=0|vdroop1=0|batoilo=0|batoilo2=0|batt_vs=29898|mdis_morepower=0|thb_hda=51|cp_on_chip_0=36000|cp_on_chip_1=37000|G3D=35000|cp_on_chip_2=37000|cp_on_chip_3=35000|cp_on_chip_4=35000|rf2_therm=33000|rf1_therm=34000|ISP=34000|TPU=35000|AUR=35000|rfpa_therm=31127|quiet_therm=31794|charging_therm=33709|,ok,39000,37000,0,37000,1,single,touched,4096,8192,23,8192,8140096,8192,7106486,0,4,4,ok
1,23,protected,4,1418000,1795000,38000,41000,BIG=36000|MID=36000|usb_pwr_therm=29635|btmspkr_therm=29635|disp_therm=29613|north_therm=30147|soc_therm=33709|battery=29900|battery_cycle=5|dc-mains=34000|usbc-therm-adc=340|max77779fg=29900|LITTLE=36000|soc=8|smpl_gm=0|vdroop1=0|batoilo=0|batoilo2=0|batt_vs=29894|mdis_morepower=0|thb_hda=51|cp_on_chip_0=36000|cp_on_chip_1=37000|G3D=35000|cp_on_chip_2=37000|cp_on_chip_3=35000|cp_on_chip_4=35000|rf2_therm=33000|rf1_therm=34000|ISP=34000|TPU=35000|AUR=35000|rfpa_therm=31104|quiet_therm=31772|charging_therm=33686|,BIG=36000|MID=37000|usb_pwr_therm=29657|btmspkr_therm=29635|disp_therm=29613|north_therm=30169|soc_therm=33753|battery=29900|battery_cycle=5|dc-mains=34000|usbc-therm-adc=340|max77779fg=29900|LITTLE=37000|soc=8|smpl_gm=0|vdroop1=0|batoilo=0|batoilo2=0|batt_vs=29898|mdis_morepower=0|thb_hda=51|cp_on_chip_0=36000|cp_on_chip_1=37000|G3D=35000|cp_on_chip_2=37000|cp_on_chip_3=35000|cp_on_chip_4=35000|rf2_therm=33000|rf1_therm=34000|ISP=34000|TPU=35000|AUR=35000|rfpa_therm=31127|quiet_therm=31794|charging_therm=33709|,ok,39000,37000,0,37000,1,single,touched,4096,8192,24,8192,8102213,8192,7068034,0,4,4,ok
1,23,protected,4,1418000,1795000,38000,41000,BIG=36000|MID=36000|usb_pwr_therm=29635|btmspkr_therm=29635|disp_therm=29613|north_therm=30147|soc_therm=33709|battery=29900|battery_cycle=5|dc-mains=34000|usbc-therm-adc=340|max77779fg=29900|LITTLE=36000|soc=8|smpl_gm=0|vdroop1=0|batoilo=0|batoilo2=0|batt_vs=29894|mdis_morepower=0|thb_hda=51|cp_on_chip_0=36000|cp_on_chip_1=37000|G3D=35000|cp_on_chip_2=37000|cp_on_chip_3=35000|cp_on_chip_4=35000|rf2_therm=33000|rf1_therm=34000|ISP=34000|TPU=35000|AUR=35000|rfpa_therm=31104|quiet_therm=31772|charging_therm=33686|,BIG=36000|MID=37000|usb_pwr_therm=29657|btmspkr_therm=29635|disp_therm=29613|north_therm=30169|soc_therm=33753|battery=29900|battery_cycle=5|dc-mains=34000|usbc-therm-adc=340|max77779fg=29900|LITTLE=37000|soc=8|smpl_gm=0|vdroop1=0|batoilo=0|batoilo2=0|batt_vs=29898|mdis_morepower=0|thb_hda=51|cp_on_chip_0=36000|cp_on_chip_1=37000|G3D=35000|cp_on_chip_2=37000|cp_on_chip_3=35000|cp_on_chip_4=35000|rf2_therm=33000|rf1_therm=34000|ISP=34000|TPU=35000|AUR=35000|rfpa_therm=31127|quiet_therm=31794|charging_therm=33709|,ok,39000,37000,0,37000,1,single,touched,4096,8192,25,8192,8116496,8192,6884928,0,4,4,ok
1,23,protected,4,1418000,1795000,38000,41000,BIG=36000|MID=36000|usb_pwr_therm=29635|btmspkr_therm=29635|disp_therm=29613|north_therm=30147|soc_therm=33709|battery=29900|battery_cycle=5|dc-mains=34000|usbc-therm-adc=340|max77779fg=29900|LITTLE=36000|soc=8|smpl_gm=0|vdroop1=0|batoilo=0|batoilo2=0|batt_vs=29894|mdis_morepower=0|thb_hda=51|cp_on_chip_0=36000|cp_on_chip_1=37000|G3D=35000|cp_on_chip_2=37000|cp_on_chip_3=35000|cp_on_chip_4=35000|rf2_therm=33000|rf1_therm=34000|ISP=34000|TPU=35000|AUR=35000|rfpa_therm=31104|quiet_therm=31772|charging_therm=33686|,BIG=36000|MID=37000|usb_pwr_therm=29657|btmspkr_therm=29635|disp_therm=29613|north_therm=30169|soc_therm=33753|battery=29900|battery_cycle=5|dc-mains=34000|usbc-therm-adc=340|max77779fg=29900|LITTLE=37000|soc=8|smpl_gm=0|vdroop1=0|batoilo=0|batoilo2=0|batt_vs=29898|mdis_morepower=0|thb_hda=51|cp_on_chip_0=36000|cp_on_chip_1=37000|G3D=35000|cp_on_chip_2=37000|cp_on_chip_3=35000|cp_on_chip_4=35000|rf2_therm=33000|rf1_therm=34000|ISP=34000|TPU=35000|AUR=35000|rfpa_therm=31127|quiet_therm=31794|charging_therm=33709|,ok,39000,37000,0,37000,1,single,touched,4096,8192,26,8192,8186727,8192,7098999,0,4,4,ok
1,23,protected,4,1418000,1795000,38000,41000,BIG=36000|MID=36000|usb_pwr_therm=29635|btmspkr_therm=29635|disp_therm=29613|north_therm=30147|soc_therm=33709|battery=29900|battery_cycle=5|dc-mains=34000|usbc-therm-adc=340|max77779fg=29900|LITTLE=36000|soc=8|smpl_gm=0|vdroop1=0|batoilo=0|batoilo2=0|batt_vs=29894|mdis_morepower=0|thb_hda=51|cp_on_chip_0=36000|cp_on_chip_1=37000|G3D=35000|cp_on_chip_2=37000|cp_on_chip_3=35000|cp_on_chip_4=35000|rf2_therm=33000|rf1_therm=34000|ISP=34000|TPU=35000|AUR=35000|rfpa_therm=31104|quiet_therm=31772|charging_therm=33686|,BIG=36000|MID=37000|usb_pwr_therm=29657|btmspkr_therm=29635|disp_therm=29613|north_therm=30169|soc_therm=33753|battery=29900|battery_cycle=5|dc-mains=34000|usbc-therm-adc=340|max77779fg=29900|LITTLE=37000|soc=8|smpl_gm=0|vdroop1=0|batoilo=0|batoilo2=0|batt_vs=29898|mdis_morepower=0|thb_hda=51|cp_on_chip_0=36000|cp_on_chip_1=37000|G3D=35000|cp_on_chip_2=37000|cp_on_chip_3=35000|cp_on_chip_4=35000|rf2_therm=33000|rf1_therm=34000|ISP=34000|TPU=35000|AUR=35000|rfpa_therm=31127|quiet_therm=31794|charging_therm=33709|,ok,39000,37000,0,37000,1,single,touched,4096,8192,27,8192,8145874,8192,7125448,0,4,4,ok
1,23,protected,4,1418000,1795000,38000,41000,BIG=36000|MID=36000|usb_pwr_therm=29635|btmspkr_therm=29635|disp_therm=29613|north_therm=30147|soc_therm=33709|battery=29900|battery_cycle=5|dc-mains=34000|usbc-therm-adc=340|max77779fg=29900|LITTLE=36000|soc=8|smpl_gm=0|vdroop1=0|batoilo=0|batoilo2=0|batt_vs=29894|mdis_morepower=0|thb_hda=51|cp_on_chip_0=36000|cp_on_chip_1=37000|G3D=35000|cp_on_chip_2=37000|cp_on_chip_3=35000|cp_on_chip_4=35000|rf2_therm=33000|rf1_therm=34000|ISP=34000|TPU=35000|AUR=35000|rfpa_therm=31104|quiet_therm=31772|charging_therm=33686|,BIG=36000|MID=37000|usb_pwr_therm=29657|btmspkr_therm=29635|disp_therm=29613|north_therm=30169|soc_therm=33753|battery=29900|battery_cycle=5|dc-mains=34000|usbc-therm-adc=340|max77779fg=29900|LITTLE=37000|soc=8|smpl_gm=0|vdroop1=0|batoilo=0|batoilo2=0|batt_vs=29898|mdis_morepower=0|thb_hda=51|cp_on_chip_0=36000|cp_on_chip_1=37000|G3D=35000|cp_on_chip_2=37000|cp_on_chip_3=35000|cp_on_chip_4=35000|rf2_therm=33000|rf1_therm=34000|ISP=34000|TPU=35000|AUR=35000|rfpa_therm=31127|quiet_therm=31794|charging_therm=33709|,ok,39000,37000,0,37000,1,single,touched,4096,8192,28,8192,8205119,8192,7881755,0,4,4,ok
1,23,protected,4,1418000,1795000,38000,41000,BIG=36000|MID=36000|usb_pwr_therm=29635|btmspkr_therm=29635|disp_therm=29613|north_therm=30147|soc_therm=33709|battery=29900|battery_cycle=5|dc-mains=34000|usbc-therm-adc=340|max77779fg=29900|LITTLE=36000|soc=8|smpl_gm=0|vdroop1=0|batoilo=0|batoilo2=0|batt_vs=29894|mdis_morepower=0|thb_hda=51|cp_on_chip_0=36000|cp_on_chip_1=37000|G3D=35000|cp_on_chip_2=37000|cp_on_chip_3=35000|cp_on_chip_4=35000|rf2_therm=33000|rf1_therm=34000|ISP=34000|TPU=35000|AUR=35000|rfpa_therm=31104|quiet_therm=31772|charging_therm=33686|,BIG=36000|MID=37000|usb_pwr_therm=29657|btmspkr_therm=29635|disp_therm=29613|north_therm=30169|soc_therm=33753|battery=29900|battery_cycle=5|dc-mains=34000|usbc-therm-adc=340|max77779fg=29900|LITTLE=37000|soc=8|smpl_gm=0|vdroop1=0|batoilo=0|batoilo2=0|batt_vs=29898|mdis_morepower=0|thb_hda=51|cp_on_chip_0=36000|cp_on_chip_1=37000|G3D=35000|cp_on_chip_2=37000|cp_on_chip_3=35000|cp_on_chip_4=35000|rf2_therm=33000|rf1_therm=34000|ISP=34000|TPU=35000|AUR=35000|rfpa_therm=31127|quiet_therm=31794|charging_therm=33709|,ok,39000,37000,0,37000,1,single,touched,4096,8192,29,8192,8165731,8192,6868978,0,4,4,ok
1,24,protected,4,1221000,2130000,37000,40000,BIG=39000|MID=37000|usb_pwr_therm=29680|btmspkr_therm=29635|disp_therm=29635|north_therm=30192|soc_therm=33776|battery=29900|battery_cycle=5|dc-mains=34000|usbc-therm-adc=340|max77779fg=29900|LITTLE=36000|soc=8|smpl_gm=0|vdroop1=0|batoilo=0|batoilo2=0|batt_vs=29900|mdis_morepower=0|thb_hda=51|cp_on_chip_0=36000|cp_on_chip_1=37000|G3D=35000|cp_on_chip_2=37000|cp_on_chip_3=35000|cp_on_chip_4=35000|rf2_therm=33000|rf1_therm=34000|ISP=34000|TPU=35000|AUR=35000|rfpa_therm=31149|quiet_therm=31817|charging_therm=33731|,BIG=36000|MID=37000|usb_pwr_therm=29680|btmspkr_therm=29635|disp_therm=29635|north_therm=30192|soc_therm=33776|battery=29900|battery_cycle=5|dc-mains=34000|usbc-therm-adc=340|max77779fg=29900|LITTLE=36000|soc=8|smpl_gm=0|vdroop1=0|batoilo=0|batoilo2=0|batt_vs=29900|mdis_morepower=0|thb_hda=51|cp_on_chip_0=36000|cp_on_chip_1=37000|G3D=36000|cp_on_chip_2=37000|cp_on_chip_3=35000|cp_on_chip_4=35000|rf2_therm=33000|rf1_therm=34000|ISP=34000|TPU=35000|AUR=35000|rfpa_therm=31149|quiet_therm=31817|charging_therm=33731|,ok,39000,38000,0,38000,1,batched,touched,4096,2048,0,1,3972249,2048,1030924,0,4,4,ok
1,24,protected,4,1221000,2130000,37000,40000,BIG=39000|MID=37000|usb_pwr_therm=29680|btmspkr_therm=29635|disp_therm=29635|north_therm=30192|soc_therm=33776|battery=29900|battery_cycle=5|dc-mains=34000|usbc-therm-adc=340|max77779fg=29900|LITTLE=36000|soc=8|smpl_gm=0|vdroop1=0|batoilo=0|batoilo2=0|batt_vs=29900|mdis_morepower=0|thb_hda=51|cp_on_chip_0=36000|cp_on_chip_1=37000|G3D=35000|cp_on_chip_2=37000|cp_on_chip_3=35000|cp_on_chip_4=35000|rf2_therm=33000|rf1_therm=34000|ISP=34000|TPU=35000|AUR=35000|rfpa_therm=31149|quiet_therm=31817|charging_therm=33731|,BIG=36000|MID=37000|usb_pwr_therm=29680|btmspkr_therm=29635|disp_therm=29635|north_therm=30192|soc_therm=33776|battery=29900|battery_cycle=5|dc-mains=34000|usbc-therm-adc=340|max77779fg=29900|LITTLE=36000|soc=8|smpl_gm=0|vdroop1=0|batoilo=0|batoilo2=0|batt_vs=29900|mdis_morepower=0|thb_hda=51|cp_on_chip_0=36000|cp_on_chip_1=37000|G3D=36000|cp_on_chip_2=37000|cp_on_chip_3=35000|cp_on_chip_4=35000|rf2_therm=33000|rf1_therm=34000|ISP=34000|TPU=35000|AUR=35000|rfpa_therm=31149|quiet_therm=31817|charging_therm=33731|,ok,39000,38000,0,38000,1,batched,touched,4096,2048,1,1,2469442,2048,472982,0,4,4,ok
1,24,protected,4,1221000,2130000,37000,40000,BIG=39000|MID=37000|usb_pwr_therm=29680|btmspkr_therm=29635|disp_therm=29635|north_therm=30192|soc_therm=33776|battery=29900|battery_cycle=5|dc-mains=34000|usbc-therm-adc=340|max77779fg=29900|LITTLE=36000|soc=8|smpl_gm=0|vdroop1=0|batoilo=0|batoilo2=0|batt_vs=29900|mdis_morepower=0|thb_hda=51|cp_on_chip_0=36000|cp_on_chip_1=37000|G3D=35000|cp_on_chip_2=37000|cp_on_chip_3=35000|cp_on_chip_4=35000|rf2_therm=33000|rf1_therm=34000|ISP=34000|TPU=35000|AUR=35000|rfpa_therm=31149|quiet_therm=31817|charging_therm=33731|,BIG=36000|MID=37000|usb_pwr_therm=29680|btmspkr_therm=29635|disp_therm=29635|north_therm=30192|soc_therm=33776|battery=29900|battery_cycle=5|dc-mains=34000|usbc-therm-adc=340|max77779fg=29900|LITTLE=36000|soc=8|smpl_gm=0|vdroop1=0|batoilo=0|batoilo2=0|batt_vs=29900|mdis_morepower=0|thb_hda=51|cp_on_chip_0=36000|cp_on_chip_1=37000|G3D=36000|cp_on_chip_2=37000|cp_on_chip_3=35000|cp_on_chip_4=35000|rf2_therm=33000|rf1_therm=34000|ISP=34000|TPU=35000|AUR=35000|rfpa_therm=31149|quiet_therm=31817|charging_therm=33731|,ok,39000,38000,0,38000,1,batched,touched,4096,2048,2,1,2343831,2048,381877,0,4,4,ok
1,24,protected,4,1221000,2130000,37000,40000,BIG=39000|MID=37000|usb_pwr_therm=29680|btmspkr_therm=29635|disp_therm=29635|north_therm=30192|soc_therm=33776|battery=29900|battery_cycle=5|dc-mains=34000|usbc-therm-adc=340|max77779fg=29900|LITTLE=36000|soc=8|smpl_gm=0|vdroop1=0|batoilo=0|batoilo2=0|batt_vs=29900|mdis_morepower=0|thb_hda=51|cp_on_chip_0=36000|cp_on_chip_1=37000|G3D=35000|cp_on_chip_2=37000|cp_on_chip_3=35000|cp_on_chip_4=35000|rf2_therm=33000|rf1_therm=34000|ISP=34000|TPU=35000|AUR=35000|rfpa_therm=31149|quiet_therm=31817|charging_therm=33731|,BIG=36000|MID=37000|usb_pwr_therm=29680|btmspkr_therm=29635|disp_therm=29635|north_therm=30192|soc_therm=33776|battery=29900|battery_cycle=5|dc-mains=34000|usbc-therm-adc=340|max77779fg=29900|LITTLE=36000|soc=8|smpl_gm=0|vdroop1=0|batoilo=0|batoilo2=0|batt_vs=29900|mdis_morepower=0|thb_hda=51|cp_on_chip_0=36000|cp_on_chip_1=37000|G3D=36000|cp_on_chip_2=37000|cp_on_chip_3=35000|cp_on_chip_4=35000|rf2_therm=33000|rf1_therm=34000|ISP=34000|TPU=35000|AUR=35000|rfpa_therm=31149|quiet_therm=31817|charging_therm=33731|,ok,39000,38000,0,38000,1,batched,touched,4096,2048,3,1,2366496,2048,361165,0,4,4,ok
1,24,protected,4,1221000,2130000,37000,40000,BIG=39000|MID=37000|usb_pwr_therm=29680|btmspkr_therm=29635|disp_therm=29635|north_therm=30192|soc_therm=33776|battery=29900|battery_cycle=5|dc-mains=34000|usbc-therm-adc=340|max77779fg=29900|LITTLE=36000|soc=8|smpl_gm=0|vdroop1=0|batoilo=0|batoilo2=0|batt_vs=29900|mdis_morepower=0|thb_hda=51|cp_on_chip_0=36000|cp_on_chip_1=37000|G3D=35000|cp_on_chip_2=37000|cp_on_chip_3=35000|cp_on_chip_4=35000|rf2_therm=33000|rf1_therm=34000|ISP=34000|TPU=35000|AUR=35000|rfpa_therm=31149|quiet_therm=31817|charging_therm=33731|,BIG=36000|MID=37000|usb_pwr_therm=29680|btmspkr_therm=29635|disp_therm=29635|north_therm=30192|soc_therm=33776|battery=29900|battery_cycle=5|dc-mains=34000|usbc-therm-adc=340|max77779fg=29900|LITTLE=36000|soc=8|smpl_gm=0|vdroop1=0|batoilo=0|batoilo2=0|batt_vs=29900|mdis_morepower=0|thb_hda=51|cp_on_chip_0=36000|cp_on_chip_1=37000|G3D=36000|cp_on_chip_2=37000|cp_on_chip_3=35000|cp_on_chip_4=35000|rf2_therm=33000|rf1_therm=34000|ISP=34000|TPU=35000|AUR=35000|rfpa_therm=31149|quiet_therm=31817|charging_therm=33731|,ok,39000,38000,0,38000,1,batched,touched,4096,2048,4,1,2270874,2048,287232,0,4,4,ok
1,24,protected,4,1221000,2130000,37000,40000,BIG=39000|MID=37000|usb_pwr_therm=29680|btmspkr_therm=29635|disp_therm=29635|north_therm=30192|soc_therm=33776|battery=29900|battery_cycle=5|dc-mains=34000|usbc-therm-adc=340|max77779fg=29900|LITTLE=36000|soc=8|smpl_gm=0|vdroop1=0|batoilo=0|batoilo2=0|batt_vs=29900|mdis_morepower=0|thb_hda=51|cp_on_chip_0=36000|cp_on_chip_1=37000|G3D=35000|cp_on_chip_2=37000|cp_on_chip_3=35000|cp_on_chip_4=35000|rf2_therm=33000|rf1_therm=34000|ISP=34000|TPU=35000|AUR=35000|rfpa_therm=31149|quiet_therm=31817|charging_therm=33731|,BIG=36000|MID=37000|usb_pwr_therm=29680|btmspkr_therm=29635|disp_therm=29635|north_therm=30192|soc_therm=33776|battery=29900|battery_cycle=5|dc-mains=34000|usbc-therm-adc=340|max77779fg=29900|LITTLE=36000|soc=8|smpl_gm=0|vdroop1=0|batoilo=0|batoilo2=0|batt_vs=29900|mdis_morepower=0|thb_hda=51|cp_on_chip_0=36000|cp_on_chip_1=37000|G3D=36000|cp_on_chip_2=37000|cp_on_chip_3=35000|cp_on_chip_4=35000|rf2_therm=33000|rf1_therm=34000|ISP=34000|TPU=35000|AUR=35000|rfpa_therm=31149|quiet_therm=31817|charging_therm=33731|,ok,39000,38000,0,38000,1,batched,touched,4096,2048,5,1,2101929,2048,280640,0,4,4,ok
1,24,protected,4,1221000,2130000,37000,40000,BIG=39000|MID=37000|usb_pwr_therm=29680|btmspkr_therm=29635|disp_therm=29635|north_therm=30192|soc_therm=33776|battery=29900|battery_cycle=5|dc-mains=34000|usbc-therm-adc=340|max77779fg=29900|LITTLE=36000|soc=8|smpl_gm=0|vdroop1=0|batoilo=0|batoilo2=0|batt_vs=29900|mdis_morepower=0|thb_hda=51|cp_on_chip_0=36000|cp_on_chip_1=37000|G3D=35000|cp_on_chip_2=37000|cp_on_chip_3=35000|cp_on_chip_4=35000|rf2_therm=33000|rf1_therm=34000|ISP=34000|TPU=35000|AUR=35000|rfpa_therm=31149|quiet_therm=31817|charging_therm=33731|,BIG=36000|MID=37000|usb_pwr_therm=29680|btmspkr_therm=29635|disp_therm=29635|north_therm=30192|soc_therm=33776|battery=29900|battery_cycle=5|dc-mains=34000|usbc-therm-adc=340|max77779fg=29900|LITTLE=36000|soc=8|smpl_gm=0|vdroop1=0|batoilo=0|batoilo2=0|batt_vs=29900|mdis_morepower=0|thb_hda=51|cp_on_chip_0=36000|cp_on_chip_1=37000|G3D=36000|cp_on_chip_2=37000|cp_on_chip_3=35000|cp_on_chip_4=35000|rf2_therm=33000|rf1_therm=34000|ISP=34000|TPU=35000|AUR=35000|rfpa_therm=31149|quiet_therm=31817|charging_therm=33731|,ok,39000,38000,0,38000,1,batched,touched,4096,2048,6,1,2140625,2048,280030,0,4,4,ok
1,24,protected,4,1221000,2130000,37000,40000,BIG=39000|MID=37000|usb_pwr_therm=29680|btmspkr_therm=29635|disp_therm=29635|north_therm=30192|soc_therm=33776|battery=29900|battery_cycle=5|dc-mains=34000|usbc-therm-adc=340|max77779fg=29900|LITTLE=36000|soc=8|smpl_gm=0|vdroop1=0|batoilo=0|batoilo2=0|batt_vs=29900|mdis_morepower=0|thb_hda=51|cp_on_chip_0=36000|cp_on_chip_1=37000|G3D=35000|cp_on_chip_2=37000|cp_on_chip_3=35000|cp_on_chip_4=35000|rf2_therm=33000|rf1_therm=34000|ISP=34000|TPU=35000|AUR=35000|rfpa_therm=31149|quiet_therm=31817|charging_therm=33731|,BIG=36000|MID=37000|usb_pwr_therm=29680|btmspkr_therm=29635|disp_therm=29635|north_therm=30192|soc_therm=33776|battery=29900|battery_cycle=5|dc-mains=34000|usbc-therm-adc=340|max77779fg=29900|LITTLE=36000|soc=8|smpl_gm=0|vdroop1=0|batoilo=0|batoilo2=0|batt_vs=29900|mdis_morepower=0|thb_hda=51|cp_on_chip_0=36000|cp_on_chip_1=37000|G3D=36000|cp_on_chip_2=37000|cp_on_chip_3=35000|cp_on_chip_4=35000|rf2_therm=33000|rf1_therm=34000|ISP=34000|TPU=35000|AUR=35000|rfpa_therm=31149|quiet_therm=31817|charging_therm=33731|,ok,39000,38000,0,38000,1,batched,touched,4096,2048,7,1,2059326,2048,272461,0,4,4,ok
1,24,protected,4,1221000,2130000,37000,40000,BIG=39000|MID=37000|usb_pwr_therm=29680|btmspkr_therm=29635|disp_therm=29635|north_therm=30192|soc_therm=33776|battery=29900|battery_cycle=5|dc-mains=34000|usbc-therm-adc=340|max77779fg=29900|LITTLE=36000|soc=8|smpl_gm=0|vdroop1=0|batoilo=0|batoilo2=0|batt_vs=29900|mdis_morepower=0|thb_hda=51|cp_on_chip_0=36000|cp_on_chip_1=37000|G3D=35000|cp_on_chip_2=37000|cp_on_chip_3=35000|cp_on_chip_4=35000|rf2_therm=33000|rf1_therm=34000|ISP=34000|TPU=35000|AUR=35000|rfpa_therm=31149|quiet_therm=31817|charging_therm=33731|,BIG=36000|MID=37000|usb_pwr_therm=29680|btmspkr_therm=29635|disp_therm=29635|north_therm=30192|soc_therm=33776|battery=29900|battery_cycle=5|dc-mains=34000|usbc-therm-adc=340|max77779fg=29900|LITTLE=36000|soc=8|smpl_gm=0|vdroop1=0|batoilo=0|batoilo2=0|batt_vs=29900|mdis_morepower=0|thb_hda=51|cp_on_chip_0=36000|cp_on_chip_1=37000|G3D=36000|cp_on_chip_2=37000|cp_on_chip_3=35000|cp_on_chip_4=35000|rf2_therm=33000|rf1_therm=34000|ISP=34000|TPU=35000|AUR=35000|rfpa_therm=31149|quiet_therm=31817|charging_therm=33731|,ok,39000,38000,0,38000,1,batched,touched,4096,2048,8,1,2096517,2048,269938,0,4,4,ok
1,24,protected,4,1221000,2130000,37000,40000,BIG=39000|MID=37000|usb_pwr_therm=29680|btmspkr_therm=29635|disp_therm=29635|north_therm=30192|soc_therm=33776|battery=29900|battery_cycle=5|dc-mains=34000|usbc-therm-adc=340|max77779fg=29900|LITTLE=36000|soc=8|smpl_gm=0|vdroop1=0|batoilo=0|batoilo2=0|batt_vs=29900|mdis_morepower=0|thb_hda=51|cp_on_chip_0=36000|cp_on_chip_1=37000|G3D=35000|cp_on_chip_2=37000|cp_on_chip_3=35000|cp_on_chip_4=35000|rf2_therm=33000|rf1_therm=34000|ISP=34000|TPU=35000|AUR=35000|rfpa_therm=31149|quiet_therm=31817|charging_therm=33731|,BIG=36000|MID=37000|usb_pwr_therm=29680|btmspkr_therm=29635|disp_therm=29635|north_therm=30192|soc_therm=33776|battery=29900|battery_cycle=5|dc-mains=34000|usbc-therm-adc=340|max77779fg=29900|LITTLE=36000|soc=8|smpl_gm=0|vdroop1=0|batoilo=0|batoilo2=0|batt_vs=29900|mdis_morepower=0|thb_hda=51|cp_on_chip_0=36000|cp_on_chip_1=37000|G3D=36000|cp_on_chip_2=37000|cp_on_chip_3=35000|cp_on_chip_4=35000|rf2_therm=33000|rf1_therm=34000|ISP=34000|TPU=35000|AUR=35000|rfpa_therm=31149|quiet_therm=31817|charging_therm=33731|,ok,39000,38000,0,38000,1,batched,touched,4096,2048,9,1,2070191,2048,260335,0,4,4,ok
1,24,protected,4,1221000,2130000,37000,40000,BIG=39000|MID=37000|usb_pwr_therm=29680|btmspkr_therm=29635|disp_therm=29635|north_therm=30192|soc_therm=33776|battery=29900|battery_cycle=5|dc-mains=34000|usbc-therm-adc=340|max77779fg=29900|LITTLE=36000|soc=8|smpl_gm=0|vdroop1=0|batoilo=0|batoilo2=0|batt_vs=29900|mdis_morepower=0|thb_hda=51|cp_on_chip_0=36000|cp_on_chip_1=37000|G3D=35000|cp_on_chip_2=37000|cp_on_chip_3=35000|cp_on_chip_4=35000|rf2_therm=33000|rf1_therm=34000|ISP=34000|TPU=35000|AUR=35000|rfpa_therm=31149|quiet_therm=31817|charging_therm=33731|,BIG=36000|MID=37000|usb_pwr_therm=29680|btmspkr_therm=29635|disp_therm=29635|north_therm=30192|soc_therm=33776|battery=29900|battery_cycle=5|dc-mains=34000|usbc-therm-adc=340|max77779fg=29900|LITTLE=36000|soc=8|smpl_gm=0|vdroop1=0|batoilo=0|batoilo2=0|batt_vs=29900|mdis_morepower=0|thb_hda=51|cp_on_chip_0=36000|cp_on_chip_1=37000|G3D=36000|cp_on_chip_2=37000|cp_on_chip_3=35000|cp_on_chip_4=35000|rf2_therm=33000|rf1_therm=34000|ISP=34000|TPU=35000|AUR=35000|rfpa_therm=31149|quiet_therm=31817|charging_therm=33731|,ok,39000,38000,0,38000,1,batched,touched,4096,2048,10,1,2029826,2048,255004,0,4,4,ok
1,24,protected,4,1221000,2130000,37000,40000,BIG=39000|MID=37000|usb_pwr_therm=29680|btmspkr_therm=29635|disp_therm=29635|north_therm=30192|soc_therm=33776|battery=29900|battery_cycle=5|dc-mains=34000|usbc-therm-adc=340|max77779fg=29900|LITTLE=36000|soc=8|smpl_gm=0|vdroop1=0|batoilo=0|batoilo2=0|batt_vs=29900|mdis_morepower=0|thb_hda=51|cp_on_chip_0=36000|cp_on_chip_1=37000|G3D=35000|cp_on_chip_2=37000|cp_on_chip_3=35000|cp_on_chip_4=35000|rf2_therm=33000|rf1_therm=34000|ISP=34000|TPU=35000|AUR=35000|rfpa_therm=31149|quiet_therm=31817|charging_therm=33731|,BIG=36000|MID=37000|usb_pwr_therm=29680|btmspkr_therm=29635|disp_therm=29635|north_therm=30192|soc_therm=33776|battery=29900|battery_cycle=5|dc-mains=34000|usbc-therm-adc=340|max77779fg=29900|LITTLE=36000|soc=8|smpl_gm=0|vdroop1=0|batoilo=0|batoilo2=0|batt_vs=29900|mdis_morepower=0|thb_hda=51|cp_on_chip_0=36000|cp_on_chip_1=37000|G3D=36000|cp_on_chip_2=37000|cp_on_chip_3=35000|cp_on_chip_4=35000|rf2_therm=33000|rf1_therm=34000|ISP=34000|TPU=35000|AUR=35000|rfpa_therm=31149|quiet_therm=31817|charging_therm=33731|,ok,39000,38000,0,38000,1,batched,touched,4096,2048,11,1,1963908,2048,245891,0,4,4,ok
1,24,protected,4,1221000,2130000,37000,40000,BIG=39000|MID=37000|usb_pwr_therm=29680|btmspkr_therm=29635|disp_therm=29635|north_therm=30192|soc_therm=33776|battery=29900|battery_cycle=5|dc-mains=34000|usbc-therm-adc=340|max77779fg=29900|LITTLE=36000|soc=8|smpl_gm=0|vdroop1=0|batoilo=0|batoilo2=0|batt_vs=29900|mdis_morepower=0|thb_hda=51|cp_on_chip_0=36000|cp_on_chip_1=37000|G3D=35000|cp_on_chip_2=37000|cp_on_chip_3=35000|cp_on_chip_4=35000|rf2_therm=33000|rf1_therm=34000|ISP=34000|TPU=35000|AUR=35000|rfpa_therm=31149|quiet_therm=31817|charging_therm=33731|,BIG=36000|MID=37000|usb_pwr_therm=29680|btmspkr_therm=29635|disp_therm=29635|north_therm=30192|soc_therm=33776|battery=29900|battery_cycle=5|dc-mains=34000|usbc-therm-adc=340|max77779fg=29900|LITTLE=36000|soc=8|smpl_gm=0|vdroop1=0|batoilo=0|batoilo2=0|batt_vs=29900|mdis_morepower=0|thb_hda=51|cp_on_chip_0=36000|cp_on_chip_1=37000|G3D=36000|cp_on_chip_2=37000|cp_on_chip_3=35000|cp_on_chip_4=35000|rf2_therm=33000|rf1_therm=34000|ISP=34000|TPU=35000|AUR=35000|rfpa_therm=31149|quiet_therm=31817|charging_therm=33731|,ok,39000,38000,0,38000,1,batched,touched,4096,2048,12,1,1900838,2048,239664,0,4,4,ok
1,24,protected,4,1221000,2130000,37000,40000,BIG=39000|MID=37000|usb_pwr_therm=29680|btmspkr_therm=29635|disp_therm=29635|north_therm=30192|soc_therm=33776|battery=29900|battery_cycle=5|dc-mains=34000|usbc-therm-adc=340|max77779fg=29900|LITTLE=36000|soc=8|smpl_gm=0|vdroop1=0|batoilo=0|batoilo2=0|batt_vs=29900|mdis_morepower=0|thb_hda=51|cp_on_chip_0=36000|cp_on_chip_1=37000|G3D=35000|cp_on_chip_2=37000|cp_on_chip_3=35000|cp_on_chip_4=35000|rf2_therm=33000|rf1_therm=34000|ISP=34000|TPU=35000|AUR=35000|rfpa_therm=31149|quiet_therm=31817|charging_therm=33731|,BIG=36000|MID=37000|usb_pwr_therm=29680|btmspkr_therm=29635|disp_therm=29635|north_therm=30192|soc_therm=33776|battery=29900|battery_cycle=5|dc-mains=34000|usbc-therm-adc=340|max77779fg=29900|LITTLE=36000|soc=8|smpl_gm=0|vdroop1=0|batoilo=0|batoilo2=0|batt_vs=29900|mdis_morepower=0|thb_hda=51|cp_on_chip_0=36000|cp_on_chip_1=37000|G3D=36000|cp_on_chip_2=37000|cp_on_chip_3=35000|cp_on_chip_4=35000|rf2_therm=33000|rf1_therm=34000|ISP=34000|TPU=35000|AUR=35000|rfpa_therm=31149|quiet_therm=31817|charging_therm=33731|,ok,39000,38000,0,38000,1,batched,touched,4096,2048,13,1,1934123,2048,240234,0,4,4,ok
1,24,protected,4,1221000,2130000,37000,40000,BIG=39000|MID=37000|usb_pwr_therm=29680|btmspkr_therm=29635|disp_therm=29635|north_therm=30192|soc_therm=33776|battery=29900|battery_cycle=5|dc-mains=34000|usbc-therm-adc=340|max77779fg=29900|LITTLE=36000|soc=8|smpl_gm=0|vdroop1=0|batoilo=0|batoilo2=0|batt_vs=29900|mdis_morepower=0|thb_hda=51|cp_on_chip_0=36000|cp_on_chip_1=37000|G3D=35000|cp_on_chip_2=37000|cp_on_chip_3=35000|cp_on_chip_4=35000|rf2_therm=33000|rf1_therm=34000|ISP=34000|TPU=35000|AUR=35000|rfpa_therm=31149|quiet_therm=31817|charging_therm=33731|,BIG=36000|MID=37000|usb_pwr_therm=29680|btmspkr_therm=29635|disp_therm=29635|north_therm=30192|soc_therm=33776|battery=29900|battery_cycle=5|dc-mains=34000|usbc-therm-adc=340|max77779fg=29900|LITTLE=36000|soc=8|smpl_gm=0|vdroop1=0|batoilo=0|batoilo2=0|batt_vs=29900|mdis_morepower=0|thb_hda=51|cp_on_chip_0=36000|cp_on_chip_1=37000|G3D=36000|cp_on_chip_2=37000|cp_on_chip_3=35000|cp_on_chip_4=35000|rf2_therm=33000|rf1_therm=34000|ISP=34000|TPU=35000|AUR=35000|rfpa_therm=31149|quiet_therm=31817|charging_therm=33731|,ok,39000,38000,0,38000,1,batched,touched,4096,2048,14,1,1923707,2048,240112,0,4,4,ok
1,24,protected,4,1221000,2130000,37000,40000,BIG=39000|MID=37000|usb_pwr_therm=29680|btmspkr_therm=29635|disp_therm=29635|north_therm=30192|soc_therm=33776|battery=29900|battery_cycle=5|dc-mains=34000|usbc-therm-adc=340|max77779fg=29900|LITTLE=36000|soc=8|smpl_gm=0|vdroop1=0|batoilo=0|batoilo2=0|batt_vs=29900|mdis_morepower=0|thb_hda=51|cp_on_chip_0=36000|cp_on_chip_1=37000|G3D=35000|cp_on_chip_2=37000|cp_on_chip_3=35000|cp_on_chip_4=35000|rf2_therm=33000|rf1_therm=34000|ISP=34000|TPU=35000|AUR=35000|rfpa_therm=31149|quiet_therm=31817|charging_therm=33731|,BIG=36000|MID=37000|usb_pwr_therm=29680|btmspkr_therm=29635|disp_therm=29635|north_therm=30192|soc_therm=33776|battery=29900|battery_cycle=5|dc-mains=34000|usbc-therm-adc=340|max77779fg=29900|LITTLE=36000|soc=8|smpl_gm=0|vdroop1=0|batoilo=0|batoilo2=0|batt_vs=29900|mdis_morepower=0|thb_hda=51|cp_on_chip_0=36000|cp_on_chip_1=37000|G3D=36000|cp_on_chip_2=37000|cp_on_chip_3=35000|cp_on_chip_4=35000|rf2_therm=33000|rf1_therm=34000|ISP=34000|TPU=35000|AUR=35000|rfpa_therm=31149|quiet_therm=31817|charging_therm=33731|,ok,39000,38000,0,38000,1,batched,touched,4096,2048,15,1,1942831,2048,246663,0,4,4,ok
1,24,protected,4,1221000,2130000,37000,40000,BIG=39000|MID=37000|usb_pwr_therm=29680|btmspkr_therm=29635|disp_therm=29635|north_therm=30192|soc_therm=33776|battery=29900|battery_cycle=5|dc-mains=34000|usbc-therm-adc=340|max77779fg=29900|LITTLE=36000|soc=8|smpl_gm=0|vdroop1=0|batoilo=0|batoilo2=0|batt_vs=29900|mdis_morepower=0|thb_hda=51|cp_on_chip_0=36000|cp_on_chip_1=37000|G3D=35000|cp_on_chip_2=37000|cp_on_chip_3=35000|cp_on_chip_4=35000|rf2_therm=33000|rf1_therm=34000|ISP=34000|TPU=35000|AUR=35000|rfpa_therm=31149|quiet_therm=31817|charging_therm=33731|,BIG=36000|MID=37000|usb_pwr_therm=29680|btmspkr_therm=29635|disp_therm=29635|north_therm=30192|soc_therm=33776|battery=29900|battery_cycle=5|dc-mains=34000|usbc-therm-adc=340|max77779fg=29900|LITTLE=36000|soc=8|smpl_gm=0|vdroop1=0|batoilo=0|batoilo2=0|batt_vs=29900|mdis_morepower=0|thb_hda=51|cp_on_chip_0=36000|cp_on_chip_1=37000|G3D=36000|cp_on_chip_2=37000|cp_on_chip_3=35000|cp_on_chip_4=35000|rf2_therm=33000|rf1_therm=34000|ISP=34000|TPU=35000|AUR=35000|rfpa_therm=31149|quiet_therm=31817|charging_therm=33731|,ok,39000,38000,0,38000,1,batched,touched,4096,2048,16,1,1920939,2048,237060,0,4,4,ok
1,24,protected,4,1221000,2130000,37000,40000,BIG=39000|MID=37000|usb_pwr_therm=29680|btmspkr_therm=29635|disp_therm=29635|north_therm=30192|soc_therm=33776|battery=29900|battery_cycle=5|dc-mains=34000|usbc-therm-adc=340|max77779fg=29900|LITTLE=36000|soc=8|smpl_gm=0|vdroop1=0|batoilo=0|batoilo2=0|batt_vs=29900|mdis_morepower=0|thb_hda=51|cp_on_chip_0=36000|cp_on_chip_1=37000|G3D=35000|cp_on_chip_2=37000|cp_on_chip_3=35000|cp_on_chip_4=35000|rf2_therm=33000|rf1_therm=34000|ISP=34000|TPU=35000|AUR=35000|rfpa_therm=31149|quiet_therm=31817|charging_therm=33731|,BIG=36000|MID=37000|usb_pwr_therm=29680|btmspkr_therm=29635|disp_therm=29635|north_therm=30192|soc_therm=33776|battery=29900|battery_cycle=5|dc-mains=34000|usbc-therm-adc=340|max77779fg=29900|LITTLE=36000|soc=8|smpl_gm=0|vdroop1=0|batoilo=0|batoilo2=0|batt_vs=29900|mdis_morepower=0|thb_hda=51|cp_on_chip_0=36000|cp_on_chip_1=37000|G3D=36000|cp_on_chip_2=37000|cp_on_chip_3=35000|cp_on_chip_4=35000|rf2_therm=33000|rf1_therm=34000|ISP=34000|TPU=35000|AUR=35000|rfpa_therm=31149|quiet_therm=31817|charging_therm=33731|,ok,39000,38000,0,38000,1,batched,touched,4096,2048,17,1,1979940,2048,236653,0,4,4,ok
1,24,protected,4,1221000,2130000,37000,40000,BIG=39000|MID=37000|usb_pwr_therm=29680|btmspkr_therm=29635|disp_therm=29635|north_therm=30192|soc_therm=33776|battery=29900|battery_cycle=5|dc-mains=34000|usbc-therm-adc=340|max77779fg=29900|LITTLE=36000|soc=8|smpl_gm=0|vdroop1=0|batoilo=0|batoilo2=0|batt_vs=29900|mdis_morepower=0|thb_hda=51|cp_on_chip_0=36000|cp_on_chip_1=37000|G3D=35000|cp_on_chip_2=37000|cp_on_chip_3=35000|cp_on_chip_4=35000|rf2_therm=33000|rf1_therm=34000|ISP=34000|TPU=35000|AUR=35000|rfpa_therm=31149|quiet_therm=31817|charging_therm=33731|,BIG=36000|MID=37000|usb_pwr_therm=29680|btmspkr_therm=29635|disp_therm=29635|north_therm=30192|soc_therm=33776|battery=29900|battery_cycle=5|dc-mains=34000|usbc-therm-adc=340|max77779fg=29900|LITTLE=36000|soc=8|smpl_gm=0|vdroop1=0|batoilo=0|batoilo2=0|batt_vs=29900|mdis_morepower=0|thb_hda=51|cp_on_chip_0=36000|cp_on_chip_1=37000|G3D=36000|cp_on_chip_2=37000|cp_on_chip_3=35000|cp_on_chip_4=35000|rf2_therm=33000|rf1_therm=34000|ISP=34000|TPU=35000|AUR=35000|rfpa_therm=31149|quiet_therm=31817|charging_therm=33731|,ok,39000,38000,0,38000,1,batched,touched,4096,2048,18,1,1926920,2048,239502,0,4,4,ok
1,24,protected,4,1221000,2130000,37000,40000,BIG=39000|MID=37000|usb_pwr_therm=29680|btmspkr_therm=29635|disp_therm=29635|north_therm=30192|soc_therm=33776|battery=29900|battery_cycle=5|dc-mains=34000|usbc-therm-adc=340|max77779fg=29900|LITTLE=36000|soc=8|smpl_gm=0|vdroop1=0|batoilo=0|batoilo2=0|batt_vs=29900|mdis_morepower=0|thb_hda=51|cp_on_chip_0=36000|cp_on_chip_1=37000|G3D=35000|cp_on_chip_2=37000|cp_on_chip_3=35000|cp_on_chip_4=35000|rf2_therm=33000|rf1_therm=34000|ISP=34000|TPU=35000|AUR=35000|rfpa_therm=31149|quiet_therm=31817|charging_therm=33731|,BIG=36000|MID=37000|usb_pwr_therm=29680|btmspkr_therm=29635|disp_therm=29635|north_therm=30192|soc_therm=33776|battery=29900|battery_cycle=5|dc-mains=34000|usbc-therm-adc=340|max77779fg=29900|LITTLE=36000|soc=8|smpl_gm=0|vdroop1=0|batoilo=0|batoilo2=0|batt_vs=29900|mdis_morepower=0|thb_hda=51|cp_on_chip_0=36000|cp_on_chip_1=37000|G3D=36000|cp_on_chip_2=37000|cp_on_chip_3=35000|cp_on_chip_4=35000|rf2_therm=33000|rf1_therm=34000|ISP=34000|TPU=35000|AUR=35000|rfpa_therm=31149|quiet_therm=31817|charging_therm=33731|,ok,39000,38000,0,38000,1,batched,touched,4096,2048,19,1,1899984,2048,235799,0,4,4,ok
1,24,protected,4,1221000,2130000,37000,40000,BIG=39000|MID=37000|usb_pwr_therm=29680|btmspkr_therm=29635|disp_therm=29635|north_therm=30192|soc_therm=33776|battery=29900|battery_cycle=5|dc-mains=34000|usbc-therm-adc=340|max77779fg=29900|LITTLE=36000|soc=8|smpl_gm=0|vdroop1=0|batoilo=0|batoilo2=0|batt_vs=29900|mdis_morepower=0|thb_hda=51|cp_on_chip_0=36000|cp_on_chip_1=37000|G3D=35000|cp_on_chip_2=37000|cp_on_chip_3=35000|cp_on_chip_4=35000|rf2_therm=33000|rf1_therm=34000|ISP=34000|TPU=35000|AUR=35000|rfpa_therm=31149|quiet_therm=31817|charging_therm=33731|,BIG=36000|MID=37000|usb_pwr_therm=29680|btmspkr_therm=29635|disp_therm=29635|north_therm=30192|soc_therm=33776|battery=29900|battery_cycle=5|dc-mains=34000|usbc-therm-adc=340|max77779fg=29900|LITTLE=36000|soc=8|smpl_gm=0|vdroop1=0|batoilo=0|batoilo2=0|batt_vs=29900|mdis_morepower=0|thb_hda=51|cp_on_chip_0=36000|cp_on_chip_1=37000|G3D=36000|cp_on_chip_2=37000|cp_on_chip_3=35000|cp_on_chip_4=35000|rf2_therm=33000|rf1_therm=34000|ISP=34000|TPU=35000|AUR=35000|rfpa_therm=31149|quiet_therm=31817|charging_therm=33731|,ok,39000,38000,0,38000,1,batched,touched,4096,2048,20,1,1931396,2048,236979,0,4,4,ok
1,24,protected,4,1221000,2130000,37000,40000,BIG=39000|MID=37000|usb_pwr_therm=29680|btmspkr_therm=29635|disp_therm=29635|north_therm=30192|soc_therm=33776|battery=29900|battery_cycle=5|dc-mains=34000|usbc-therm-adc=340|max77779fg=29900|LITTLE=36000|soc=8|smpl_gm=0|vdroop1=0|batoilo=0|batoilo2=0|batt_vs=29900|mdis_morepower=0|thb_hda=51|cp_on_chip_0=36000|cp_on_chip_1=37000|G3D=35000|cp_on_chip_2=37000|cp_on_chip_3=35000|cp_on_chip_4=35000|rf2_therm=33000|rf1_therm=34000|ISP=34000|TPU=35000|AUR=35000|rfpa_therm=31149|quiet_therm=31817|charging_therm=33731|,BIG=36000|MID=37000|usb_pwr_therm=29680|btmspkr_therm=29635|disp_therm=29635|north_therm=30192|soc_therm=33776|battery=29900|battery_cycle=5|dc-mains=34000|usbc-therm-adc=340|max77779fg=29900|LITTLE=36000|soc=8|smpl_gm=0|vdroop1=0|batoilo=0|batoilo2=0|batt_vs=29900|mdis_morepower=0|thb_hda=51|cp_on_chip_0=36000|cp_on_chip_1=37000|G3D=36000|cp_on_chip_2=37000|cp_on_chip_3=35000|cp_on_chip_4=35000|rf2_therm=33000|rf1_therm=34000|ISP=34000|TPU=35000|AUR=35000|rfpa_therm=31149|quiet_therm=31817|charging_therm=33731|,ok,39000,38000,0,38000,1,batched,touched,4096,2048,21,1,1919963,2048,235880,0,4,4,ok
1,24,protected,4,1221000,2130000,37000,40000,BIG=39000|MID=37000|usb_pwr_therm=29680|btmspkr_therm=29635|disp_therm=29635|north_therm=30192|soc_therm=33776|battery=29900|battery_cycle=5|dc-mains=34000|usbc-therm-adc=340|max77779fg=29900|LITTLE=36000|soc=8|smpl_gm=0|vdroop1=0|batoilo=0|batoilo2=0|batt_vs=29900|mdis_morepower=0|thb_hda=51|cp_on_chip_0=36000|cp_on_chip_1=37000|G3D=35000|cp_on_chip_2=37000|cp_on_chip_3=35000|cp_on_chip_4=35000|rf2_therm=33000|rf1_therm=34000|ISP=34000|TPU=35000|AUR=35000|rfpa_therm=31149|quiet_therm=31817|charging_therm=33731|,BIG=36000|MID=37000|usb_pwr_therm=29680|btmspkr_therm=29635|disp_therm=29635|north_therm=30192|soc_therm=33776|battery=29900|battery_cycle=5|dc-mains=34000|usbc-therm-adc=340|max77779fg=29900|LITTLE=36000|soc=8|smpl_gm=0|vdroop1=0|batoilo=0|batoilo2=0|batt_vs=29900|mdis_morepower=0|thb_hda=51|cp_on_chip_0=36000|cp_on_chip_1=37000|G3D=36000|cp_on_chip_2=37000|cp_on_chip_3=35000|cp_on_chip_4=35000|rf2_therm=33000|rf1_therm=34000|ISP=34000|TPU=35000|AUR=35000|rfpa_therm=31149|quiet_therm=31817|charging_therm=33731|,ok,39000,38000,0,38000,1,batched,touched,4096,2048,22,1,1937053,2048,240885,0,4,4,ok
1,24,protected,4,1221000,2130000,37000,40000,BIG=39000|MID=37000|usb_pwr_therm=29680|btmspkr_therm=29635|disp_therm=29635|north_therm=30192|soc_therm=33776|battery=29900|battery_cycle=5|dc-mains=34000|usbc-therm-adc=340|max77779fg=29900|LITTLE=36000|soc=8|smpl_gm=0|vdroop1=0|batoilo=0|batoilo2=0|batt_vs=29900|mdis_morepower=0|thb_hda=51|cp_on_chip_0=36000|cp_on_chip_1=37000|G3D=35000|cp_on_chip_2=37000|cp_on_chip_3=35000|cp_on_chip_4=35000|rf2_therm=33000|rf1_therm=34000|ISP=34000|TPU=35000|AUR=35000|rfpa_therm=31149|quiet_therm=31817|charging_therm=33731|,BIG=36000|MID=37000|usb_pwr_therm=29680|btmspkr_therm=29635|disp_therm=29635|north_therm=30192|soc_therm=33776|battery=29900|battery_cycle=5|dc-mains=34000|usbc-therm-adc=340|max77779fg=29900|LITTLE=36000|soc=8|smpl_gm=0|vdroop1=0|batoilo=0|batoilo2=0|batt_vs=29900|mdis_morepower=0|thb_hda=51|cp_on_chip_0=36000|cp_on_chip_1=37000|G3D=36000|cp_on_chip_2=37000|cp_on_chip_3=35000|cp_on_chip_4=35000|rf2_therm=33000|rf1_therm=34000|ISP=34000|TPU=35000|AUR=35000|rfpa_therm=31149|quiet_therm=31817|charging_therm=33731|,ok,39000,38000,0,38000,1,batched,touched,4096,2048,23,1,1917439,2048,240559,0,4,4,ok
1,24,protected,4,1221000,2130000,37000,40000,BIG=39000|MID=37000|usb_pwr_therm=29680|btmspkr_therm=29635|disp_therm=29635|north_therm=30192|soc_therm=33776|battery=29900|battery_cycle=5|dc-mains=34000|usbc-therm-adc=340|max77779fg=29900|LITTLE=36000|soc=8|smpl_gm=0|vdroop1=0|batoilo=0|batoilo2=0|batt_vs=29900|mdis_morepower=0|thb_hda=51|cp_on_chip_0=36000|cp_on_chip_1=37000|G3D=35000|cp_on_chip_2=37000|cp_on_chip_3=35000|cp_on_chip_4=35000|rf2_therm=33000|rf1_therm=34000|ISP=34000|TPU=35000|AUR=35000|rfpa_therm=31149|quiet_therm=31817|charging_therm=33731|,BIG=36000|MID=37000|usb_pwr_therm=29680|btmspkr_therm=29635|disp_therm=29635|north_therm=30192|soc_therm=33776|battery=29900|battery_cycle=5|dc-mains=34000|usbc-therm-adc=340|max77779fg=29900|LITTLE=36000|soc=8|smpl_gm=0|vdroop1=0|batoilo=0|batoilo2=0|batt_vs=29900|mdis_morepower=0|thb_hda=51|cp_on_chip_0=36000|cp_on_chip_1=37000|G3D=36000|cp_on_chip_2=37000|cp_on_chip_3=35000|cp_on_chip_4=35000|rf2_therm=33000|rf1_therm=34000|ISP=34000|TPU=35000|AUR=35000|rfpa_therm=31149|quiet_therm=31817|charging_therm=33731|,ok,39000,38000,0,38000,1,batched,touched,4096,2048,24,1,1956136,2048,235799,0,4,4,ok
1,24,protected,4,1221000,2130000,37000,40000,BIG=39000|MID=37000|usb_pwr_therm=29680|btmspkr_therm=29635|disp_therm=29635|north_therm=30192|soc_therm=33776|battery=29900|battery_cycle=5|dc-mains=34000|usbc-therm-adc=340|max77779fg=29900|LITTLE=36000|soc=8|smpl_gm=0|vdroop1=0|batoilo=0|batoilo2=0|batt_vs=29900|mdis_morepower=0|thb_hda=51|cp_on_chip_0=36000|cp_on_chip_1=37000|G3D=35000|cp_on_chip_2=37000|cp_on_chip_3=35000|cp_on_chip_4=35000|rf2_therm=33000|rf1_therm=34000|ISP=34000|TPU=35000|AUR=35000|rfpa_therm=31149|quiet_therm=31817|charging_therm=33731|,BIG=36000|MID=37000|usb_pwr_therm=29680|btmspkr_therm=29635|disp_therm=29635|north_therm=30192|soc_therm=33776|battery=29900|battery_cycle=5|dc-mains=34000|usbc-therm-adc=340|max77779fg=29900|LITTLE=36000|soc=8|smpl_gm=0|vdroop1=0|batoilo=0|batoilo2=0|batt_vs=29900|mdis_morepower=0|thb_hda=51|cp_on_chip_0=36000|cp_on_chip_1=37000|G3D=36000|cp_on_chip_2=37000|cp_on_chip_3=35000|cp_on_chip_4=35000|rf2_therm=33000|rf1_therm=34000|ISP=34000|TPU=35000|AUR=35000|rfpa_therm=31149|quiet_therm=31817|charging_therm=33731|,ok,39000,38000,0,38000,1,batched,touched,4096,2048,25,1,1917074,2048,235555,0,4,4,ok
1,24,protected,4,1221000,2130000,37000,40000,BIG=39000|MID=37000|usb_pwr_therm=29680|btmspkr_therm=29635|disp_therm=29635|north_therm=30192|soc_therm=33776|battery=29900|battery_cycle=5|dc-mains=34000|usbc-therm-adc=340|max77779fg=29900|LITTLE=36000|soc=8|smpl_gm=0|vdroop1=0|batoilo=0|batoilo2=0|batt_vs=29900|mdis_morepower=0|thb_hda=51|cp_on_chip_0=36000|cp_on_chip_1=37000|G3D=35000|cp_on_chip_2=37000|cp_on_chip_3=35000|cp_on_chip_4=35000|rf2_therm=33000|rf1_therm=34000|ISP=34000|TPU=35000|AUR=35000|rfpa_therm=31149|quiet_therm=31817|charging_therm=33731|,BIG=36000|MID=37000|usb_pwr_therm=29680|btmspkr_therm=29635|disp_therm=29635|north_therm=30192|soc_therm=33776|battery=29900|battery_cycle=5|dc-mains=34000|usbc-therm-adc=340|max77779fg=29900|LITTLE=36000|soc=8|smpl_gm=0|vdroop1=0|batoilo=0|batoilo2=0|batt_vs=29900|mdis_morepower=0|thb_hda=51|cp_on_chip_0=36000|cp_on_chip_1=37000|G3D=36000|cp_on_chip_2=37000|cp_on_chip_3=35000|cp_on_chip_4=35000|rf2_therm=33000|rf1_therm=34000|ISP=34000|TPU=35000|AUR=35000|rfpa_therm=31149|quiet_therm=31817|charging_therm=33731|,ok,39000,38000,0,38000,1,batched,touched,4096,2048,26,1,1949504,2048,237060,0,4,4,ok
1,24,protected,4,1221000,2130000,37000,40000,BIG=39000|MID=37000|usb_pwr_therm=29680|btmspkr_therm=29635|disp_therm=29635|north_therm=30192|soc_therm=33776|battery=29900|battery_cycle=5|dc-mains=34000|usbc-therm-adc=340|max77779fg=29900|LITTLE=36000|soc=8|smpl_gm=0|vdroop1=0|batoilo=0|batoilo2=0|batt_vs=29900|mdis_morepower=0|thb_hda=51|cp_on_chip_0=36000|cp_on_chip_1=37000|G3D=35000|cp_on_chip_2=37000|cp_on_chip_3=35000|cp_on_chip_4=35000|rf2_therm=33000|rf1_therm=34000|ISP=34000|TPU=35000|AUR=35000|rfpa_therm=31149|quiet_therm=31817|charging_therm=33731|,BIG=36000|MID=37000|usb_pwr_therm=29680|btmspkr_therm=29635|disp_therm=29635|north_therm=30192|soc_therm=33776|battery=29900|battery_cycle=5|dc-mains=34000|usbc-therm-adc=340|max77779fg=29900|LITTLE=36000|soc=8|smpl_gm=0|vdroop1=0|batoilo=0|batoilo2=0|batt_vs=29900|mdis_morepower=0|thb_hda=51|cp_on_chip_0=36000|cp_on_chip_1=37000|G3D=36000|cp_on_chip_2=37000|cp_on_chip_3=35000|cp_on_chip_4=35000|rf2_therm=33000|rf1_therm=34000|ISP=34000|TPU=35000|AUR=35000|rfpa_therm=31149|quiet_therm=31817|charging_therm=33731|,ok,39000,38000,0,38000,1,batched,touched,4096,2048,27,1,1896525,2048,232951,0,4,4,ok
1,24,protected,4,1221000,2130000,37000,40000,BIG=39000|MID=37000|usb_pwr_therm=29680|btmspkr_therm=29635|disp_therm=29635|north_therm=30192|soc_therm=33776|battery=29900|battery_cycle=5|dc-mains=34000|usbc-therm-adc=340|max77779fg=29900|LITTLE=36000|soc=8|smpl_gm=0|vdroop1=0|batoilo=0|batoilo2=0|batt_vs=29900|mdis_morepower=0|thb_hda=51|cp_on_chip_0=36000|cp_on_chip_1=37000|G3D=35000|cp_on_chip_2=37000|cp_on_chip_3=35000|cp_on_chip_4=35000|rf2_therm=33000|rf1_therm=34000|ISP=34000|TPU=35000|AUR=35000|rfpa_therm=31149|quiet_therm=31817|charging_therm=33731|,BIG=36000|MID=37000|usb_pwr_therm=29680|btmspkr_therm=29635|disp_therm=29635|north_therm=30192|soc_therm=33776|battery=29900|battery_cycle=5|dc-mains=34000|usbc-therm-adc=340|max77779fg=29900|LITTLE=36000|soc=8|smpl_gm=0|vdroop1=0|batoilo=0|batoilo2=0|batt_vs=29900|mdis_morepower=0|thb_hda=51|cp_on_chip_0=36000|cp_on_chip_1=37000|G3D=36000|cp_on_chip_2=37000|cp_on_chip_3=35000|cp_on_chip_4=35000|rf2_therm=33000|rf1_therm=34000|ISP=34000|TPU=35000|AUR=35000|rfpa_therm=31149|quiet_therm=31817|charging_therm=33731|,ok,39000,38000,0,38000,1,batched,touched,4096,2048,28,1,1981486,2048,240234,0,4,4,ok
1,24,protected,4,1221000,2130000,37000,40000,BIG=39000|MID=37000|usb_pwr_therm=29680|btmspkr_therm=29635|disp_therm=29635|north_therm=30192|soc_therm=33776|battery=29900|battery_cycle=5|dc-mains=34000|usbc-therm-adc=340|max77779fg=29900|LITTLE=36000|soc=8|smpl_gm=0|vdroop1=0|batoilo=0|batoilo2=0|batt_vs=29900|mdis_morepower=0|thb_hda=51|cp_on_chip_0=36000|cp_on_chip_1=37000|G3D=35000|cp_on_chip_2=37000|cp_on_chip_3=35000|cp_on_chip_4=35000|rf2_therm=33000|rf1_therm=34000|ISP=34000|TPU=35000|AUR=35000|rfpa_therm=31149|quiet_therm=31817|charging_therm=33731|,BIG=36000|MID=37000|usb_pwr_therm=29680|btmspkr_therm=29635|disp_therm=29635|north_therm=30192|soc_therm=33776|battery=29900|battery_cycle=5|dc-mains=34000|usbc-therm-adc=340|max77779fg=29900|LITTLE=36000|soc=8|smpl_gm=0|vdroop1=0|batoilo=0|batoilo2=0|batt_vs=29900|mdis_morepower=0|thb_hda=51|cp_on_chip_0=36000|cp_on_chip_1=37000|G3D=36000|cp_on_chip_2=37000|cp_on_chip_3=35000|cp_on_chip_4=35000|rf2_therm=33000|rf1_therm=34000|ISP=34000|TPU=35000|AUR=35000|rfpa_therm=31149|quiet_therm=31817|charging_therm=33731|,ok,39000,38000,0,38000,1,batched,touched,4096,2048,29,1,1914103,2048,236451,0,4,4,ok
