block_id,task_index,mode_label,cpu_target,freq_before_khz,freq_after_khz,thermal_before_mc,thermal_after_mc,thermal_detail_before,thermal_detail_after,reject_reason,thermal_gate_max_mc,thermal_gate_start_mc,thermal_wait_sec,thermal_gate_ready_mc,schema_version,mode,touch,page_size,pages,run_index,op_count,setup_elapsed_ns,setup_minor_faults_delta,elapsed_ns,timed_minor_faults_delta,cpu_before,cpu_after,status
1,1,nvhe,4,648000,1418000,36000,37000,BIG=36000|MID=36000|usb_pwr_therm=29969|btmspkr_therm=29947|disp_therm=29991|north_therm=30837|soc_therm=33286|battery=30300|battery_cycle=5|dc-mains=33500|usbc-therm-adc=335|max77779fg=30300|LITTLE=36000|soc=8|smpl_gm=0|vdroop1=0|batoilo=0|batoilo2=0|batt_vs=30296|mdis_morepower=0|thb_hda=51|cp_on_chip_0=35000|cp_on_chip_1=36000|G3D=35000|cp_on_chip_2=36000|cp_on_chip_3=34000|cp_on_chip_4=34000|rf2_therm=32000|rf1_therm=33000|ISP=34000|TPU=35000|AUR=35000|rfpa_therm=31705|quiet_therm=31972|charging_therm=33553|,BIG=36000|MID=36000|usb_pwr_therm=29969|btmspkr_therm=29947|disp_therm=29991|north_therm=30837|soc_therm=33330|battery=30300|battery_cycle=5|dc-mains=34000|usbc-therm-adc=340|max77779fg=30300|LITTLE=36000|soc=8|smpl_gm=0|vdroop1=0|batoilo=0|batoilo2=0|batt_vs=30296|mdis_morepower=0|thb_hda=51|cp_on_chip_0=35000|cp_on_chip_1=36000|G3D=35000|cp_on_chip_2=36000|cp_on_chip_3=34000|cp_on_chip_4=34000|rf2_therm=32000|rf1_therm=33000|ISP=34000|TPU=35000|AUR=35000|rfpa_therm=31705|quiet_therm=31972|charging_therm=33553|,ok,39000,37000,0,37000,1,batched,untouched,4096,256,0,1,24007,0,3947,0,4,4,ok
1,1,nvhe,4,648000,1418000,36000,37000,BIG=36000|MID=36000|usb_pwr_therm=29969|btmspkr_therm=29947|disp_therm=29991|north_therm=30837|soc_therm=33286|battery=30300|battery_cycle=5|dc-mains=33500|usbc-therm-adc=335|max77779fg=30300|LITTLE=36000|soc=8|smpl_gm=0|vdroop1=0|batoilo=0|batoilo2=0|batt_vs=30296|mdis_morepower=0|thb_hda=51|cp_on_chip_0=35000|cp_on_chip_1=36000|G3D=35000|cp_on_chip_2=36000|cp_on_chip_3=34000|cp_on_chip_4=34000|rf2_therm=32000|rf1_therm=33000|ISP=34000|TPU=35000|AUR=35000|rfpa_therm=31705|quiet_therm=31972|charging_therm=33553|,BIG=36000|MID=36000|usb_pwr_therm=29969|btmspkr_therm=29947|disp_therm=29991|north_therm=30837|soc_therm=33330|battery=30300|battery_cycle=5|dc-mains=34000|usbc-therm-adc=340|max77779fg=30300|LITTLE=36000|soc=8|smpl_gm=0|vdroop1=0|batoilo=0|batoilo2=0|batt_vs=30296|mdis_morepower=0|thb_hda=51|cp_on_chip_0=35000|cp_on_chip_1=36000|G3D=35000|cp_on_chip_2=36000|cp_on_chip_3=34000|cp_on_chip_4=34000|rf2_therm=32000|rf1_therm=33000|ISP=34000|TPU=35000|AUR=35000|rfpa_therm=31705|quiet_therm=31972|charging_therm=33553|,ok,39000,37000,0,37000,1,batched,untouched,4096,256,1,1,7609,0,1302,0,4,4,ok
1,1,nvhe,4,648000,1418000,36000,37000,BIG=36000|MID=36000|usb_pwr_therm=29969|btmspkr_therm=29947|disp_therm=29991|north_therm=30837|soc_therm=33286|battery=30300|battery_cycle=5|dc-mains=33500|usbc-therm-adc=335|max77779fg=30300|LITTLE=36000|soc=8|smpl_gm=0|vdroop1=0|batoilo=0|batoilo2=0|batt_vs=30296|mdis_morepower=0|thb_hda=51|cp_on_chip_0=35000|cp_on_chip_1=36000|G3D=35000|cp_on_chip_2=36000|cp_on_chip_3=34000|cp_on_chip_4=34000|rf2_therm=32000|rf1_therm=33000|ISP=34000|TPU=35000|AUR=35000|rfpa_therm=31705|quiet_therm=31972|charging_therm=33553|,BIG=36000|MID=36000|usb_pwr_therm=29969|btmspkr_therm=29947|disp_therm=29991|north_therm=30837|soc_therm=33330|battery=30300|battery_cycle=5|dc-mains=34000|usbc-therm-adc=340|max77779fg=30300|LITTLE=36000|soc=8|smpl_gm=0|vdroop1=0|batoilo=0|batoilo2=0|batt_vs=30296|mdis_morepower=0|thb_hda=51|cp_on_chip_0=35000|cp_on_chip_1=36000|G3D=35000|cp_on_chip_2=36000|cp_on_chip_3=34000|cp_on_chip_4=34000|rf2_therm=32000|rf1_therm=33000|ISP=34000|TPU=35000|AUR=35000|rfpa_therm=31705|quiet_therm=31972|charging_therm=33553|,ok,39000,37000,0,37000,1,batched,untouched,4096,256,2,1,7325,0,1180,0,4,4,ok
1,1,nvhe,4,648000,1418000,36000,37000,BIG=36000|MID=36000|usb_pwr_therm=29969|btmspkr_therm=29947|disp_therm=29991|north_therm=30837|soc_therm=33286|battery=30300|battery_cycle=5|dc-mains=33500|usbc-therm-adc=335|max77779fg=30300|LITTLE=36000|soc=8|smpl_gm=0|vdroop1=0|batoilo=0|batoilo2=0|batt_vs=30296|mdis_morepower=0|thb_hda=51|cp_on_chip_0=35000|cp_on_chip_1=36000|G3D=35000|cp_on_chip_2=36000|cp_on_chip_3=34000|cp_on_chip_4=34000|rf2_therm=32000|rf1_therm=33000|ISP=34000|TPU=35000|AUR=35000|rfpa_therm=31705|quiet_therm=31972|charging_therm=33553|,BIG=36000|MID=36000|usb_pwr_therm=29969|btmspkr_therm=29947|disp_therm=29991|north_therm=30837|soc_therm=33330|battery=30300|battery_cycle=5|dc-mains=34000|usbc-therm-adc=340|max77779fg=30300|LITTLE=36000|soc=8|smpl_gm=0|vdroop1=0|batoilo=0|batoilo2=0|batt_vs=30296|mdis_morepower=0|thb_hda=51|cp_on_chip_0=35000|cp_on_chip_1=36000|G3D=35000|cp_on_chip_2=36000|cp_on_chip_3=34000|cp_on_chip_4=34000|rf2_therm=32000|rf1_therm=33000|ISP=34000|TPU=35000|AUR=35000|rfpa_therm=31705|quiet_therm=31972|charging_therm=33553|,ok,39000,37000,0,37000,1,batched,untouched,4096,256,3,1,5778,0,1139,0,4,4,ok
1,1,nvhe,4,648000,1418000,36000,37000,BIG=36000|MID=36000|usb_pwr_therm=29969|btmspkr_therm=29947|disp_therm=29991|north_therm=30837|soc_therm=33286|battery=30300|battery_cycle=5|dc-mains=33500|usbc-therm-adc=335|max77779fg=30300|LITTLE=36000|soc=8|smpl_gm=0|vdroop1=0|batoilo=0|batoilo2=0|batt_vs=30296|mdis_morepower=0|thb_hda=51|cp_on_chip_0=35000|cp_on_chip_1=36000|G3D=35000|cp_on_chip_2=36000|cp_on_chip_3=34000|cp_on_chip_4=34000|rf2_therm=32000|rf1_therm=33000|ISP=34000|TPU=35000|AUR=35000|rfpa_therm=31705|quiet_therm=31972|charging_therm=33553|,BIG=36000|MID=36000|usb_pwr_therm=29969|btmspkr_therm=29947|disp_therm=29991|north_therm=30837|soc_therm=33330|battery=30300|battery_cycle=5|dc-mains=34000|usbc-therm-adc=340|max77779fg=30300|LITTLE=36000|soc=8|smpl_gm=0|vdroop1=0|batoilo=0|batoilo2=0|batt_vs=30296|mdis_morepower=0|thb_hda=51|cp_on_chip_0=35000|cp_on_chip_1=36000|G3D=35000|cp_on_chip_2=36000|cp_on_chip_3=34000|cp_on_chip_4=34000|rf2_therm=32000|rf1_therm=33000|ISP=34000|TPU=35000|AUR=35000|rfpa_therm=31705|quiet_therm=31972|charging_therm=33553|,ok,39000,37000,0,37000,1,batched,untouched,4096,256,4,1,5168,0,1098,0,4,4,ok
1,1,nvhe,4,648000,1418000,36000,37000,BIG=36000|MID=36000|usb_pwr_therm=29969|btmspkr_therm=29947|disp_therm=29991|north_therm=30837|soc_therm=33286|battery=30300|battery_cycle=5|dc-mains=33500|usbc-therm-adc=335|max77779fg=30300|LITTLE=36000|soc=8|smpl_gm=0|vdroop1=0|batoilo=0|batoilo2=0|batt_vs=30296|mdis_morepower=0|thb_hda=51|cp_on_chip_0=35000|cp_on_chip_1=36000|G3D=35000|cp_on_chip_2=36000|cp_on_chip_3=34000|cp_on_chip_4=34000|rf2_therm=32000|rf1_therm=33000|ISP=34000|TPU=35000|AUR=35000|rfpa_therm=31705|quiet_therm=31972|charging_therm=33553|,BIG=36000|MID=36000|usb_pwr_therm=29969|btmspkr_therm=29947|disp_therm=29991|north_therm=30837|soc_therm=33330|battery=30300|battery_cycle=5|dc-mains=34000|usbc-therm-adc=340|max77779fg=30300|LITTLE=36000|soc=8|smpl_gm=0|vdroop1=0|batoilo=0|batoilo2=0|batt_vs=30296|mdis_morepower=0|thb_hda=51|cp_on_chip_0=35000|cp_on_chip_1=36000|G3D=35000|cp_on_chip_2=36000|cp_on_chip_3=34000|cp_on_chip_4=34000|rf2_therm=32000|rf1_therm=33000|ISP=34000|TPU=35000|AUR=35000|rfpa_therm=31705|quiet_therm=31972|charging_therm=33553|,ok,39000,37000,0,37000,1,batched,untouched,4096,256,5,1,5087,0,1099,0,4,4,ok
1,1,nvhe,4,648000,1418000,36000,37000,BIG=36000|MID=36000|usb_pwr_therm=29969|btmspkr_therm=29947|disp_therm=29991|north_therm=30837|soc_therm=33286|battery=30300|battery_cycle=5|dc-mains=33500|usbc-therm-adc=335|max77779fg=30300|LITTLE=36000|soc=8|smpl_gm=0|vdroop1=0|batoilo=0|batoilo2=0|batt_vs=30296|mdis_morepower=0|thb_hda=51|cp_on_chip_0=35000|cp_on_chip_1=36000|G3D=35000|cp_on_chip_2=36000|cp_on_chip_3=34000|cp_on_chip_4=34000|rf2_therm=32000|rf1_therm=33000|ISP=34000|TPU=35000|AUR=35000|rfpa_therm=31705|quiet_therm=31972|charging_therm=33553|,BIG=36000|MID=36000|usb_pwr_therm=29969|btmspkr_therm=29947|disp_therm=29991|north_therm=30837|soc_therm=33330|battery=30300|battery_cycle=5|dc-mains=34000|usbc-therm-adc=340|max77779fg=30300|LITTLE=36000|soc=8|smpl_gm=0|vdroop1=0|batoilo=0|batoilo2=0|batt_vs=30296|mdis_morepower=0|thb_hda=51|cp_on_chip_0=35000|cp_on_chip_1=36000|G3D=35000|cp_on_chip_2=36000|cp_on_chip_3=34000|cp_on_chip_4=34000|rf2_therm=32000|rf1_therm=33000|ISP=34000|TPU=35000|AUR=35000|rfpa_therm=31705|quiet_therm=31972|charging_therm=33553|,ok,39000,37000,0,37000,1,batched,untouched,4096,256,6,1,4842,0,1384,0,4,4,ok
1,1,nvhe,4,648000,1418000,36000,37000,BIG=36000|MID=36000|usb_pwr_therm=29969|btmspkr_therm=29947|disp_therm=29991|north_therm=30837|soc_therm=33286|battery=30300|battery_cycle=5|dc-mains=33500|usbc-therm-adc=335|max77779fg=30300|LITTLE=36000|soc=8|smpl_gm=0|vdroop1=0|batoilo=0|batoilo2=0|batt_vs=30296|mdis_morepower=0|thb_hda=51|cp_on_chip_0=35000|cp_on_chip_1=36000|G3D=35000|cp_on_chip_2=36000|cp_on_chip_3=34000|cp_on_chip_4=34000|rf2_therm=32000|rf1_therm=33000|ISP=34000|TPU=35000|AUR=35000|rfpa_therm=31705|quiet_therm=31972|charging_therm=33553|,BIG=36000|MID=36000|usb_pwr_therm=29969|btmspkr_therm=29947|disp_therm=29991|north_therm=30837|soc_therm=33330|battery=30300|battery_cycle=5|dc-mains=34000|usbc-therm-adc=340|max77779fg=30300|LITTLE=36000|soc=8|smpl_gm=0|vdroop1=0|batoilo=0|batoilo2=0|batt_vs=30296|mdis_morepower=0|thb_hda=51|cp_on_chip_0=35000|cp_on_chip_1=36000|G3D=35000|cp_on_chip_2=36000|cp_on_chip_3=34000|cp_on_chip_4=34000|rf2_therm=32000|rf1_therm=33000|ISP=34000|TPU=35000|AUR=35000|rfpa_therm=31705|quiet_therm=31972|charging_therm=33553|,ok,39000,37000,0,37000,1,batched,untouched,4096,256,7,1,5656,0,1058,0,4,4,ok
1,1,nvhe,4,648000,1418000,36000,37000,BIG=36000|MID=36000|usb_pwr_therm=29969|btmspkr_therm=29947|disp_therm=29991|north_therm=30837|soc_therm=33286|battery=30300|battery_cycle=5|dc-mains=33500|usbc-therm-adc=335|max77779fg=30300|LITTLE=36000|soc=8|smpl_gm=0|vdroop1=0|batoilo=0|batoilo2=0|batt_vs=30296|mdis_morepower=0|thb_hda=51|cp_on_chip_0=35000|cp_on_chip_1=36000|G3D=35000|cp_on_chip_2=36000|cp_on_chip_3=34000|cp_on_chip_4=34000|rf2_therm=32000|rf1_therm=33000|ISP=34000|TPU=35000|AUR=35000|rfpa_therm=31705|quiet_therm=31972|charging_therm=33553|,BIG=36000|MID=36000|usb_pwr_therm=29969|btmspkr_therm=29947|disp_therm=29991|north_therm=30837|soc_therm=33330|battery=30300|battery_cycle=5|dc-mains=34000|usbc-therm-adc=340|max77779fg=30300|LITTLE=36000|soc=8|smpl_gm=0|vdroop1=0|batoilo=0|batoilo2=0|batt_vs=30296|mdis_morepower=0|thb_hda=51|cp_on_chip_0=35000|cp_on_chip_1=36000|G3D=35000|cp_on_chip_2=36000|cp_on_chip_3=34000|cp_on_chip_4=34000|rf2_therm=32000|rf1_therm=33000|ISP=34000|TPU=35000|AUR=35000|rfpa_therm=31705|quiet_therm=31972|charging_therm=33553|,ok,39000,37000,0,37000,1,batched,untouched,4096,256,8,1,6469,0,1140,0,4,4,ok
1,1,nvhe,4,648000,1418000,36000,37000,BIG=36000|MID=36000|usb_pwr_therm=29969|btmspkr_therm=29947|disp_therm=29991|north_therm=30837|soc_therm=33286|battery=30300|battery_cycle=5|dc-mains=33500|usbc-therm-adc=335|max77779fg=30300|LITTLE=36000|soc=8|smpl_gm=0|vdroop1=0|batoilo=0|batoilo2=0|batt_vs=30296|mdis_morepower=0|thb_hda=51|cp_on_chip_0=35000|cp_on_chip_1=36000|G3D=35000|cp_on_chip_2=36000|cp_on_chip_3=34000|cp_on_chip_4=34000|rf2_therm=32000|rf1_therm=33000|ISP=34000|TPU=35000|AUR=35000|rfpa_therm=31705|quiet_therm=31972|charging_therm=33553|,BIG=36000|MID=36000|usb_pwr_therm=29969|btmspkr_therm=29947|disp_therm=29991|north_therm=30837|soc_therm=33330|battery=30300|battery_cycle=5|dc-mains=34000|usbc-therm-adc=340|max77779fg=30300|LITTLE=36000|soc=8|smpl_gm=0|vdroop1=0|batoilo=0|batoilo2=0|batt_vs=30296|mdis_morepower=0|thb_hda=51|cp_on_chip_0=35000|cp_on_chip_1=36000|G3D=35000|cp_on_chip_2=36000|cp_on_chip_3=34000|cp_on_chip_4=34000|rf2_therm=32000|rf1_therm=33000|ISP=34000|TPU=35000|AUR=35000|rfpa_therm=31705|quiet_therm=31972|charging_therm=33553|,ok,39000,37000,0,37000,1,batched,untouched,4096,256,9,1,8952,0,1098,0,4,4,ok
1,1,nvhe,4,648000,1418000,36000,37000,BIG=36000|MID=36000|usb_pwr_therm=29969|btmspkr_therm=29947|disp_therm=29991|north_therm=30837|soc_therm=33286|battery=30300|battery_cycle=5|dc-mains=33500|usbc-therm-adc=335|max77779fg=30300|LITTLE=36000|soc=8|smpl_gm=0|vdroop1=0|batoilo=0|batoilo2=0|batt_vs=30296|mdis_morepower=0|thb_hda=51|cp_on_chip_0=35000|cp_on_chip_1=36000|G3D=35000|cp_on_chip_2=36000|cp_on_chip_3=34000|cp_on_chip_4=34000|rf2_therm=32000|rf1_therm=33000|ISP=34000|TPU=35000|AUR=35000|rfpa_therm=31705|quiet_therm=31972|charging_therm=33553|,BIG=36000|MID=36000|usb_pwr_therm=29969|btmspkr_therm=29947|disp_therm=29991|north_therm=30837|soc_therm=33330|battery=30300|battery_cycle=5|dc-mains=34000|usbc-therm-adc=340|max77779fg=30300|LITTLE=36000|soc=8|smpl_gm=0|vdroop1=0|batoilo=0|batoilo2=0|batt_vs=30296|mdis_morepower=0|thb_hda=51|cp_on_chip_0=35000|cp_on_chip_1=36000|G3D=35000|cp_on_chip_2=36000|cp_on_chip_3=34000|cp_on_chip_4=34000|rf2_therm=32000|rf1_therm=33000|ISP=34000|TPU=35000|AUR=35000|rfpa_therm=31705|quiet_therm=31972|charging_therm=33553|,ok,39000,37000,0,37000,1,batched,untouched,4096,256,10,1,7894,0,1139,0,4,4,ok
1,1,nvhe,4,648000,1418000,36000,37000,BIG=36000|MID=36000|usb_pwr_therm=29969|btmspkr_therm=29947|disp_therm=29991|north_therm=30837|soc_therm=33286|battery=30300|battery_cycle=5|dc-mains=33500|usbc-therm-adc=335|max77779fg=30300|LITTLE=36000|soc=8|smpl_gm=0|vdroop1=0|batoilo=0|batoilo2=0|batt_vs=30296|mdis_morepower=0|thb_hda=51|cp_on_chip_0=35000|cp_on_chip_1=36000|G3D=35000|cp_on_chip_2=36000|cp_on_chip_3=34000|cp_on_chip_4=34000|rf2_therm=32000|rf1_therm=33000|ISP=34000|TPU=35000|AUR=35000|rfpa_therm=31705|quiet_therm=31972|charging_therm=33553|,BIG=36000|MID=36000|usb_pwr_therm=29969|btmspkr_therm=29947|disp_therm=29991|north_therm=30837|soc_therm=33330|battery=30300|battery_cycle=5|dc-mains=34000|usbc-therm-adc=340|max77779fg=30300|LITTLE=36000|soc=8|smpl_gm=0|vdroop1=0|batoilo=0|batoilo2=0|batt_vs=30296|mdis_morepower=0|thb_hda=51|cp_on_chip_0=35000|cp_on_chip_1=36000|G3D=35000|cp_on_chip_2=36000|cp_on_chip_3=34000|cp_on_chip_4=34000|rf2_therm=32000|rf1_therm=33000|ISP=34000|TPU=35000|AUR=35000|rfpa_therm=31705|quiet_therm=31972|charging_therm=33553|,ok,39000,37000,0,37000,1,batched,untouched,4096,256,11,1,6307,0,1221,0,4,4,ok
1,1,nvhe,4,648000,1418000,36000,37000,BIG=36000|MID=36000|usb_pwr_therm=29969|btmspkr_therm=29947|disp_therm=29991|north_therm=30837|soc_therm=33286|battery=30300|battery_cycle=5|dc-mains=33500|usbc-therm-adc=335|max77779fg=30300|LITTLE=36000|soc=8|smpl_gm=0|vdroop1=0|batoilo=0|batoilo2=0|batt_vs=30296|mdis_morepower=0|thb_hda=51|cp_on_chip_0=35000|cp_on_chip_1=36000|G3D=35000|cp_on_chip_2=36000|cp_on_chip_3=34000|cp_on_chip_4=34000|rf2_therm=32000|rf1_therm=33000|ISP=34000|TPU=35000|AUR=35000|rfpa_therm=31705|quiet_therm=31972|charging_therm=33553|,BIG=36000|MID=36000|usb_pwr_therm=29969|btmspkr_therm=29947|disp_therm=29991|north_therm=30837|soc_therm=33330|battery=30300|battery_cycle=5|dc-mains=34000|usbc-therm-adc=340|max77779fg=30300|LITTLE=36000|soc=8|smpl_gm=0|vdroop1=0|batoilo=0|batoilo2=0|batt_vs=30296|mdis_morepower=0|thb_hda=51|cp_on_chip_0=35000|cp_on_chip_1=36000|G3D=35000|cp_on_chip_2=36000|cp_on_chip_3=34000|cp_on_chip_4=34000|rf2_therm=32000|rf1_therm=33000|ISP=34000|TPU=35000|AUR=35000|rfpa_therm=31705|quiet_therm=31972|charging_therm=33553|,ok,39000,37000,0,37000,1,batched,untouched,4096,256,12,1,4883,0,1099,0,4,4,ok
1,1,nvhe,4,648000,1418000,36000,37000,BIG=36000|MID=36000|usb_pwr_therm=29969|btmspkr_therm=29947|disp_therm=29991|north_therm=30837|soc_therm=33286|battery=30300|battery_cycle=5|dc-mains=33500|usbc-therm-adc=335|max77779fg=30300|LITTLE=36000|soc=8|smpl_gm=0|vdroop1=0|batoilo=0|batoilo2=0|batt_vs=30296|mdis_morepower=0|thb_hda=51|cp_on_chip_0=35000|cp_on_chip_1=36000|G3D=35000|cp_on_chip_2=36000|cp_on_chip_3=34000|cp_on_chip_4=34000|rf2_therm=32000|rf1_therm=33000|ISP=34000|TPU=35000|AUR=35000|rfpa_therm=31705|quiet_therm=31972|charging_therm=33553|,BIG=36000|MID=36000|usb_pwr_therm=29969|btmspkr_therm=29947|disp_therm=29991|north_therm=30837|soc_therm=33330|battery=30300|battery_cycle=5|dc-mains=34000|usbc-therm-adc=340|max77779fg=30300|LITTLE=36000|soc=8|smpl_gm=0|vdroop1=0|batoilo=0|batoilo2=0|batt_vs=30296|mdis_morepower=0|thb_hda=51|cp_on_chip_0=35000|cp_on_chip_1=36000|G3D=35000|cp_on_chip_2=36000|cp_on_chip_3=34000|cp_on_chip_4=34000|rf2_therm=32000|rf1_therm=33000|ISP=34000|TPU=35000|AUR=35000|rfpa_therm=31705|quiet_therm=31972|charging_therm=33553|,ok,39000,37000,0,37000,1,batched,untouched,4096,256,13,1,6307,0,1099,0,4,4,ok
1,1,nvhe,4,648000,1418000,36000,37000,BIG=36000|MID=36000|usb_pwr_therm=29969|btmspkr_therm=29947|disp_therm=29991|north_therm=30837|soc_therm=33286|battery=30300|battery_cycle=5|dc-mains=33500|usbc-therm-adc=335|max77779fg=30300|LITTLE=36000|soc=8|smpl_gm=0|vdroop1=0|batoilo=0|batoilo2=0|batt_vs=30296|mdis_morepower=0|thb_hda=51|cp_on_chip_0=35000|cp_on_chip_1=36000|G3D=35000|cp_on_chip_2=36000|cp_on_chip_3=34000|cp_on_chip_4=34000|rf2_therm=32000|rf1_therm=33000|ISP=34000|TPU=35000|AUR=35000|rfpa_therm=31705|quiet_therm=31972|charging_therm=33553|,BIG=36000|MID=36000|usb_pwr_therm=29969|btmspkr_therm=29947|disp_therm=29991|north_therm=30837|soc_therm=33330|battery=30300|battery_cycle=5|dc-mains=34000|usbc-therm-adc=340|max77779fg=30300|LITTLE=36000|soc=8|smpl_gm=0|vdroop1=0|batoilo=0|batoilo2=0|batt_vs=30296|mdis_morepower=0|thb_hda=51|cp_on_chip_0=35000|cp_on_chip_1=36000|G3D=35000|cp_on_chip_2=36000|cp_on_chip_3=34000|cp_on_chip_4=34000|rf2_therm=32000|rf1_therm=33000|ISP=34000|TPU=35000|AUR=35000|rfpa_therm=31705|quiet_therm=31972|charging_therm=33553|,ok,39000,37000,0,37000,1,batched,untouched,4096,256,14,1,6226,0,1180,0,4,4,ok
1,1,nvhe,4,648000,1418000,36000,37000,BIG=36000|MID=36000|usb_pwr_therm=29969|btmspkr_therm=29947|disp_therm=29991|north_therm=30837|soc_therm=33286|battery=30300|battery_cycle=5|dc-mains=33500|usbc-therm-adc=335|max77779fg=30300|LITTLE=36000|soc=8|smpl_gm=0|vdroop1=0|batoilo=0|batoilo2=0|batt_vs=30296|mdis_morepower=0|thb_hda=51|cp_on_chip_0=35000|cp_on_chip_1=36000|G3D=35000|cp_on_chip_2=36000|cp_on_chip_3=34000|cp_on_chip_4=34000|rf2_therm=32000|rf1_therm=33000|ISP=34000|TPU=35000|AUR=35000|rfpa_therm=31705|quiet_therm=31972|charging_therm=33553|,BIG=36000|MID=36000|usb_pwr_therm=29969|btmspkr_therm=29947|disp_therm=29991|north_therm=30837|soc_therm=33330|battery=30300|battery_cycle=5|dc-mains=34000|usbc-therm-adc=340|max77779fg=30300|LITTLE=36000|soc=8|smpl_gm=0|vdroop1=0|batoilo=0|batoilo2=0|batt_vs=30296|mdis_morepower=0|thb_hda=51|cp_on_chip_0=35000|cp_on_chip_1=36000|G3D=35000|cp_on_chip_2=36000|cp_on_chip_3=34000|cp_on_chip_4=34000|rf2_therm=32000|rf1_therm=33000|ISP=34000|TPU=35000|AUR=35000|rfpa_therm=31705|quiet_therm=31972|charging_therm=33553|,ok,39000,37000,0,37000,1,batched,untouched,4096,256,15,1,4598,0,1139,0,4,4,ok
1,1,nvhe,4,648000,1418000,36000,37000,BIG=36000|MID=36000|usb_pwr_therm=29969|btmspkr_therm=29947|disp_therm=29991|north_therm=30837|soc_therm=33286|battery=30300|battery_cycle=5|dc-mains=33500|usbc-therm-adc=335|max77779fg=30300|LITTLE=36000|soc=8|smpl_gm=0|vdroop1=0|batoilo=0|batoilo2=0|batt_vs=30296|mdis_morepower=0|thb_hda=51|cp_on_chip_0=35000|cp_on_chip_1=36000|G3D=35000|cp_on_chip_2=36000|cp_on_chip_3=34000|cp_on_chip_4=34000|rf2_therm=32000|rf1_therm=33000|ISP=34000|TPU=35000|AUR=35000|rfpa_therm=31705|quiet_therm=31972|charging_therm=33553|,BIG=36000|MID=36000|usb_pwr_therm=29969|btmspkr_therm=29947|disp_therm=29991|north_therm=30837|soc_therm=33330|battery=30300|battery_cycle=5|dc-mains=34000|usbc-therm-adc=340|max77779fg=30300|LITTLE=36000|soc=8|smpl_gm=0|vdroop1=0|batoilo=0|batoilo2=0|batt_vs=30296|mdis_morepower=0|thb_hda=51|cp_on_chip_0=35000|cp_on_chip_1=36000|G3D=35000|cp_on_chip_2=36000|cp_on_chip_3=34000|cp_on_chip_4=34000|rf2_therm=32000|rf1_therm=33000|ISP=34000|TPU=35000|AUR=35000|rfpa_therm=31705|quiet_therm=31972|charging_therm=33553|,ok,39000,37000,0,37000,1,batched,untouched,4096,256,16,1,4964,0,1180,0,4,4,ok
1,1,nvhe,4,648000,1418000,36000,37000,BIG=36000|MID=36000|usb_pwr_therm=29969|btmspkr_therm=29947|disp_therm=29991|north_therm=30837|soc_therm=33286|battery=30300|battery_cycle=5|dc-mains=33500|usbc-therm-adc=335|max77779fg=30300|LITTLE=36000|soc=8|smpl_gm=0|vdroop1=0|batoilo=0|batoilo2=0|batt_vs=30296|mdis_morepower=0|thb_hda=51|cp_on_chip_0=35000|cp_on_chip_1=36000|G3D=35000|cp_on_chip_2=36000|cp_on_chip_3=34000|cp_on_chip_4=34000|rf2_therm=32000|rf1_therm=33000|ISP=34000|TPU=35000|AUR=35000|rfpa_therm=31705|quiet_therm=31972|charging_therm=33553|,BIG=36000|MID=36000|usb_pwr_therm=29969|btmspkr_therm=29947|disp_therm=29991|north_therm=30837|soc_therm=33330|battery=30300|battery_cycle=5|dc-mains=34000|usbc-therm-adc=340|max77779fg=30300|LITTLE=36000|soc=8|smpl_gm=0|vdroop1=0|batoilo=0|batoilo2=0|batt_vs=30296|mdis_morepower=0|thb_hda=51|cp_on_chip_0=35000|cp_on_chip_1=36000|G3D=35000|cp_on_chip_2=36000|cp_on_chip_3=34000|cp_on_chip_4=34000|rf2_therm=32000|rf1_therm=33000|ISP=34000|TPU=35000|AUR=35000|rfpa_therm=31705|quiet_therm=31972|charging_therm=33553|,ok,39000,37000,0,37000,1,batched,untouched,4096,256,17,1,6266,0,1139,0,4,4,ok
1,1,nvhe,4,648000,1418000,36000,37000,BIG=36000|MID=36000|usb_pwr_therm=29969|btmspkr_therm=29947|disp_therm=29991|north_therm=30837|soc_therm=33286|battery=30300|battery_cycle=5|dc-mains=33500|usbc-therm-adc=335|max77779fg=30300|LITTLE=36000|soc=8|smpl_gm=0|vdroop1=0|batoilo=0|batoilo2=0|batt_vs=30296|mdis_morepower=0|thb_hda=51|cp_on_chip_0=35000|cp_on_chip_1=36000|G3D=35000|cp_on_chip_2=36000|cp_on_chip_3=34000|cp_on_chip_4=34000|rf2_therm=32000|rf1_therm=33000|ISP=34000|TPU=35000|AUR=35000|rfpa_therm=31705|quiet_therm=31972|charging_therm=33553|,BIG=36000|MID=36000|usb_pwr_therm=29969|btmspkr_therm=29947|disp_therm=29991|north_therm=30837|soc_therm=33330|battery=30300|battery_cycle=5|dc-mains=34000|usbc-therm-adc=340|max77779fg=30300|LITTLE=36000|soc=8|smpl_gm=0|vdroop1=0|batoilo=0|batoilo2=0|batt_vs=30296|mdis_morepower=0|thb_hda=51|cp_on_chip_0=35000|cp_on_chip_1=36000|G3D=35000|cp_on_chip_2=36000|cp_on_chip_3=34000|cp_on_chip_4=34000|rf2_therm=32000|rf1_therm=33000|ISP=34000|TPU=35000|AUR=35000|rfpa_therm=31705|quiet_therm=31972|charging_therm=33553|,ok,39000,37000,0,37000,1,batched,untouched,4096,256,18,1,6388,0,1139,0,4,4,ok
1,1,nvhe,4,648000,1418000,36000,37000,BIG=36000|MID=36000|usb_pwr_therm=29969|btmspkr_therm=29947|disp_therm=29991|north_therm=30837|soc_therm=33286|battery=30300|battery_cycle=5|dc-mains=33500|usbc-therm-adc=335|max77779fg=30300|LITTLE=36000|soc=8|smpl_gm=0|vdroop1=0|batoilo=0|batoilo2=0|batt_vs=30296|mdis_morepower=0|thb_hda=51|cp_on_chip_0=35000|cp_on_chip_1=36000|G3D=35000|cp_on_chip_2=36000|cp_on_chip_3=34000|cp_on_chip_4=34000|rf2_therm=32000|rf1_therm=33000|ISP=34000|TPU=35000|AUR=35000|rfpa_therm=31705|quiet_therm=31972|charging_therm=33553|,BIG=36000|MID=36000|usb_pwr_therm=29969|btmspkr_therm=29947|disp_therm=29991|north_therm=30837|soc_therm=33330|battery=30300|battery_cycle=5|dc-mains=34000|usbc-therm-adc=340|max77779fg=30300|LITTLE=36000|soc=8|smpl_gm=0|vdroop1=0|batoilo=0|batoilo2=0|batt_vs=30296|mdis_morepower=0|thb_hda=51|cp_on_chip_0=35000|cp_on_chip_1=36000|G3D=35000|cp_on_chip_2=36000|cp_on_chip_3=34000|cp_on_chip_4=34000|rf2_therm=32000|rf1_therm=33000|ISP=34000|TPU=35000|AUR=35000|rfpa_therm=31705|quiet_therm=31972|charging_therm=33553|,ok,39000,37000,0,37000,1,batched,untouched,4096,256,19,1,6470,0,1098,0,4,4,ok
1,1,nvhe,4,648000,1418000,36000,37000,BIG=36000|MID=36000|usb_pwr_therm=29969|btmspkr_therm=29947|disp_therm=29991|north_therm=30837|soc_therm=33286|battery=30300|battery_cycle=5|dc-mains=33500|usbc-therm-adc=335|max77779fg=30300|LITTLE=36000|soc=8|smpl_gm=0|vdroop1=0|batoilo=0|batoilo2=0|batt_vs=30296|mdis_morepower=0|thb_hda=51|cp_on_chip_0=35000|cp_on_chip_1=36000|G3D=35000|cp_on_chip_2=36000|cp_on_chip_3=34000|cp_on_chip_4=34000|rf2_therm=32000|rf1_therm=33000|ISP=34000|TPU=35000|AUR=35000|rfpa_therm=31705|quiet_therm=31972|charging_therm=33553|,BIG=36000|MID=36000|usb_pwr_therm=29969|btmspkr_therm=29947|disp_therm=29991|north_therm=30837|soc_therm=33330|battery=30300|battery_cycle=5|dc-mains=34000|usbc-therm-adc=340|max77779fg=30300|LITTLE=36000|soc=8|smpl_gm=0|vdroop1=0|batoilo=0|batoilo2=0|batt_vs=30296|mdis_morepower=0|thb_hda=51|cp_on_chip_0=35000|cp_on_chip_1=36000|G3D=35000|cp_on_chip_2=36000|cp_on_chip_3=34000|cp_on_chip_4=34000|rf2_therm=32000|rf1_therm=33000|ISP=34000|TPU=35000|AUR=35000|rfpa_therm=31705|quiet_therm=31972|charging_therm=33553|,ok,39000,37000,0,37000,1,batched,untouched,4096,256,20,1,6389,0,1099,0,4,4,ok
1,1,nvhe,4,648000,1418000,36000,37000,BIG=36000|MID=36000|usb_pwr_therm=29969|btmspkr_therm=29947|disp_therm=29991|north_therm=30837|soc_therm=33286|battery=30300|battery_cycle=5|dc-mains=33500|usbc-therm-adc=335|max77779fg=30300|LITTLE=36000|soc=8|smpl_gm=0|vdroop1=0|batoilo=0|batoilo2=0|batt_vs=30296|mdis_morepower=0|thb_hda=51|cp_on_chip_0=35000|cp_on_chip_1=36000|G3D=35000|cp_on_chip_2=36000|cp_on_chip_3=34000|cp_on_chip_4=34000|rf2_therm=32000|rf1_therm=33000|ISP=34000|TPU=35000|AUR=35000|rfpa_therm=31705|quiet_therm=31972|charging_therm=33553|,BIG=36000|MID=36000|usb_pwr_therm=29969|btmspkr_therm=29947|disp_therm=29991|north_therm=30837|soc_therm=33330|battery=30300|battery_cycle=5|dc-mains=34000|usbc-therm-adc=340|max77779fg=30300|LITTLE=36000|soc=8|smpl_gm=0|vdroop1=0|batoilo=0|batoilo2=0|batt_vs=30296|mdis_morepower=0|thb_hda=51|cp_on_chip_0=35000|cp_on_chip_1=36000|G3D=35000|cp_on_chip_2=36000|cp_on_chip_3=34000|cp_on_chip_4=34000|rf2_therm=32000|rf1_therm=33000|ISP=34000|TPU=35000|AUR=35000|rfpa_therm=31705|quiet_therm=31972|charging_therm=33553|,ok,39000,37000,0,37000,1,batched,untouched,4096,256,21,1,5981,0,1139,0,4,4,ok
1,1,nvhe,4,648000,1418000,36000,37000,BIG=36000|MID=36000|usb_pwr_therm=29969|btmspkr_therm=29947|disp_therm=29991|north_therm=30837|soc_therm=33286|battery=30300|battery_cycle=5|dc-mains=33500|usbc-therm-adc=335|max77779fg=30300|LITTLE=36000|soc=8|smpl_gm=0|vdroop1=0|batoilo=0|batoilo2=0|batt_vs=30296|mdis_morepower=0|thb_hda=51|cp_on_chip_0=35000|cp_on_chip_1=36000|G3D=35000|cp_on_chip_2=36000|cp_on_chip_3=34000|cp_on_chip_4=34000|rf2_therm=32000|rf1_therm=33000|ISP=34000|TPU=35000|AUR=35000|rfpa_therm=31705|quiet_therm=31972|charging_therm=33553|,BIG=36000|MID=36000|usb_pwr_therm=29969|btmspkr_therm=29947|disp_therm=29991|north_therm=30837|soc_therm=33330|battery=30300|battery_cycle=5|dc-mains=34000|usbc-therm-adc=340|max77779fg=30300|LITTLE=36000|soc=8|smpl_gm=0|vdroop1=0|batoilo=0|batoilo2=0|batt_vs=30296|mdis_morepower=0|thb_hda=51|cp_on_chip_0=35000|cp_on_chip_1=36000|G3D=35000|cp_on_chip_2=36000|cp_on_chip_3=34000|cp_on_chip_4=34000|rf2_therm=32000|rf1_therm=33000|ISP=34000|TPU=35000|AUR=35000|rfpa_therm=31705|quiet_therm=31972|charging_therm=33553|,ok,39000,37000,0,37000,1,batched,untouched,4096,256,22,1,5859,0,1261,0,4,4,ok
1,1,nvhe,4,648000,1418000,36000,37000,BIG=36000|MID=36000|usb_pwr_therm=29969|btmspkr_therm=29947|disp_therm=29991|north_therm=30837|soc_therm=33286|battery=30300|battery_cycle=5|dc-mains=33500|usbc-therm-adc=335|max77779fg=30300|LITTLE=36000|soc=8|smpl_gm=0|vdroop1=0|batoilo=0|batoilo2=0|batt_vs=30296|mdis_morepower=0|thb_hda=51|cp_on_chip_0=35000|cp_on_chip_1=36000|G3D=35000|cp_on_chip_2=36000|cp_on_chip_3=34000|cp_on_chip_4=34000|rf2_therm=32000|rf1_therm=33000|ISP=34000|TPU=35000|AUR=35000|rfpa_therm=31705|quiet_therm=31972|charging_therm=33553|,BIG=36000|MID=36000|usb_pwr_therm=29969|btmspkr_therm=29947|disp_therm=29991|north_therm=30837|soc_therm=33330|battery=30300|battery_cycle=5|dc-mains=34000|usbc-therm-adc=340|max77779fg=30300|LITTLE=36000|soc=8|smpl_gm=0|vdroop1=0|batoilo=0|batoilo2=0|batt_vs=30296|mdis_morepower=0|thb_hda=51|cp_on_chip_0=35000|cp_on_chip_1=36000|G3D=35000|cp_on_chip_2=36000|cp_on_chip_3=34000|cp_on_chip_4=34000|rf2_therm=32000|rf1_therm=33000|ISP=34000|TPU=35000|AUR=35000|rfpa_therm=31705|quiet_therm=31972|charging_therm=33553|,ok,39000,37000,0,37000,1,batched,untouched,4096,256,23,1,4802,0,1098,0,4,4,ok
1,1,nvhe,4,648000,1418000,36000,37000,BIG=36000|MID=36000|usb_pwr_therm=29969|btmspkr_therm=29947|disp_therm=29991|north_therm=30837|soc_therm=33286|battery=30300|battery_cycle=5|dc-mains=33500|usbc-therm-adc=335|max77779fg=30300|LITTLE=36000|soc=8|smpl_gm=0|vdroop1=0|batoilo=0|batoilo2=0|batt_vs=30296|mdis_morepower=0|thb_hda=51|cp_on_chip_0=35000|cp_on_chip_1=36000|G3D=35000|cp_on_chip_2=36000|cp_on_chip_3=34000|cp_on_chip_4=34000|rf2_therm=32000|rf1_therm=33000|ISP=34000|TPU=35000|AUR=35000|rfpa_therm=31705|quiet_therm=31972|charging_therm=33553|,BIG=36000|MID=36000|usb_pwr_therm=29969|btmspkr_therm=29947|disp_therm=29991|north_therm=30837|soc_therm=33330|battery=30300|battery_cycle=5|dc-mains=34000|usbc-therm-adc=340|max77779fg=30300|LITTLE=36000|soc=8|smpl_gm=0|vdroop1=0|batoilo=0|batoilo2=0|batt_vs=30296|mdis_morepower=0|thb_hda=51|cp_on_chip_0=35000|cp_on_chip_1=36000|G3D=35000|cp_on_chip_2=36000|cp_on_chip_3=34000|cp_on_chip_4=34000|rf2_therm=32000|rf1_therm=33000|ISP=34000|TPU=35000|AUR=35000|rfpa_therm=31705|quiet_therm=31972|charging_therm=33553|,ok,39000,37000,0,37000,1,batched,untouched,4096,256,24,1,4232,0,1099,0,4,4,ok
1,1,nvhe,4,648000,1418000,36000,37000,BIG=36000|MID=36000|usb_pwr_therm=29969|btmspkr_therm=29947|disp_therm=29991|north_therm=30837|soc_therm=33286|battery=30300|battery_cycle=5|dc-mains=33500|usbc-therm-adc=335|max77779fg=30300|LITTLE=36000|soc=8|smpl_gm=0|vdroop1=0|batoilo=0|batoilo2=0|batt_vs=30296|mdis_morepower=0|thb_hda=51|cp_on_chip_0=35000|cp_on_chip_1=36000|G3D=35000|cp_on_chip_2=36000|cp_on_chip_3=34000|cp_on_chip_4=34000|rf2_therm=32000|rf1_therm=33000|ISP=34000|TPU=35000|AUR=35000|rfpa_therm=31705|quiet_therm=31972|charging_therm=33553|,BIG=36000|MID=36000|usb_pwr_therm=29969|btmspkr_therm=29947|disp_therm=29991|north_therm=30837|soc_therm=33330|battery=30300|battery_cycle=5|dc-mains=34000|usbc-therm-adc=340|max77779fg=30300|LITTLE=36000|soc=8|smpl_gm=0|vdroop1=0|batoilo=0|batoilo2=0|batt_vs=30296|mdis_morepower=0|thb_hda=51|cp_on_chip_0=35000|cp_on_chip_1=36000|G3D=35000|cp_on_chip_2=36000|cp_on_chip_3=34000|cp_on_chip_4=34000|rf2_therm=32000|rf1_therm=33000|ISP=34000|TPU=35000|AUR=35000|rfpa_therm=31705|quiet_therm=31972|charging_therm=33553|,ok,39000,37000,0,37000,1,batched,untouched,4096,256,25,1,4435,0,1098,0,4,4,ok
1,1,nvhe,4,648000,1418000,36000,37000,BIG=36000|MID=36000|usb_pwr_therm=29969|btmspkr_therm=29947|disp_therm=29991|north_therm=30837|soc_therm=33286|battery=30300|battery_cycle=5|dc-mains=33500|usbc-therm-adc=335|max77779fg=30300|LITTLE=36000|soc=8|smpl_gm=0|vdroop1=0|batoilo=0|batoilo2=0|batt_vs=30296|mdis_morepower=0|thb_hda=51|cp_on_chip_0=35000|cp_on_chip_1=36000|G3D=35000|cp_on_chip_2=36000|cp_on_chip_3=34000|cp_on_chip_4=34000|rf2_therm=32000|rf1_therm=33000|ISP=34000|TPU=35000|AUR=35000|rfpa_therm=31705|quiet_therm=31972|charging_therm=33553|,BIG=36000|MID=36000|usb_pwr_therm=29969|btmspkr_therm=29947|disp_therm=29991|north_therm=30837|soc_therm=33330|battery=30300|battery_cycle=5|dc-mains=34000|usbc-therm-adc=340|max77779fg=30300|LITTLE=36000|soc=8|smpl_gm=0|vdroop1=0|batoilo=0|batoilo2=0|batt_vs=30296|mdis_morepower=0|thb_hda=51|cp_on_chip_0=35000|cp_on_chip_1=36000|G3D=35000|cp_on_chip_2=36000|cp_on_chip_3=34000|cp_on_chip_4=34000|rf2_therm=32000|rf1_therm=33000|ISP=34000|TPU=35000|AUR=35000|rfpa_therm=31705|quiet_therm=31972|charging_therm=33553|,ok,39000,37000,0,37000,1,batched,untouched,4096,256,26,1,4435,0,1139,0,4,4,ok
1,1,nvhe,4,648000,1418000,36000,37000,BIG=36000|MID=36000|usb_pwr_therm=29969|btmspkr_therm=29947|disp_therm=29991|north_therm=30837|soc_therm=33286|battery=30300|battery_cycle=5|dc-mains=33500|usbc-therm-adc=335|max77779fg=30300|LITTLE=36000|soc=8|smpl_gm=0|vdroop1=0|batoilo=0|batoilo2=0|batt_vs=30296|mdis_morepower=0|thb_hda=51|cp_on_chip_0=35000|cp_on_chip_1=36000|G3D=35000|cp_on_chip_2=36000|cp_on_chip_3=34000|cp_on_chip_4=34000|rf2_therm=32000|rf1_therm=33000|ISP=34000|TPU=35000|AUR=35000|rfpa_therm=31705|quiet_therm=31972|charging_therm=33553|,BIG=36000|MID=36000|usb_pwr_therm=29969|btmspkr_therm=29947|disp_therm=29991|north_therm=30837|soc_therm=33330|battery=30300|battery_cycle=5|dc-mains=34000|usbc-therm-adc=340|max77779fg=30300|LITTLE=36000|soc=8|smpl_gm=0|vdroop1=0|batoilo=0|batoilo2=0|batt_vs=30296|mdis_morepower=0|thb_hda=51|cp_on_chip_0=35000|cp_on_chip_1=36000|G3D=35000|cp_on_chip_2=36000|cp_on_chip_3=34000|cp_on_chip_4=34000|rf2_therm=32000|rf1_therm=33000|ISP=34000|TPU=35000|AUR=35000|rfpa_therm=31705|quiet_therm=31972|charging_therm=33553|,ok,39000,37000,0,37000,1,batched,untouched,4096,256,27,1,7040,0,1180,0,4,4,ok
1,1,nvhe,4,648000,1418000,36000,37000,BIG=36000|MID=36000|usb_pwr_therm=29969|btmspkr_therm=29947|disp_therm=29991|north_therm=30837|soc_therm=33286|battery=30300|battery_cycle=5|dc-mains=33500|usbc-therm-adc=335|max77779fg=30300|LITTLE=36000|soc=8|smpl_gm=0|vdroop1=0|batoilo=0|batoilo2=0|batt_vs=30296|mdis_morepower=0|thb_hda=51|cp_on_chip_0=35000|cp_on_chip_1=36000|G3D=35000|cp_on_chip_2=36000|cp_on_chip_3=34000|cp_on_chip_4=34000|rf2_therm=32000|rf1_therm=33000|ISP=34000|TPU=35000|AUR=35000|rfpa_therm=31705|quiet_therm=31972|charging_therm=33553|,BIG=36000|MID=36000|usb_pwr_therm=29969|btmspkr_therm=29947|disp_therm=29991|north_therm=30837|soc_therm=33330|battery=30300|battery_cycle=5|dc-mains=34000|usbc-therm-adc=340|max77779fg=30300|LITTLE=36000|soc=8|smpl_gm=0|vdroop1=0|batoilo=0|batoilo2=0|batt_vs=30296|mdis_morepower=0|thb_hda=51|cp_on_chip_0=35000|cp_on_chip_1=36000|G3D=35000|cp_on_chip_2=36000|cp_on_chip_3=34000|cp_on_chip_4=34000|rf2_therm=32000|rf1_therm=33000|ISP=34000|TPU=35000|AUR=35000|rfpa_therm=31705|quiet_therm=31972|charging_therm=33553|,ok,39000,37000,0,37000,1,batched,untouched,4096,256,28,1,5452,0,1180,0,4,4,ok
1,1,nvhe,4,648000,1418000,36000,37000,BIG=36000|MID=36000|usb_pwr_therm=29969|btmspkr_therm=29947|disp_therm=29991|north_therm=30837|soc_therm=33286|battery=30300|battery_cycle=5|dc-mains=33500|usbc-therm-adc=335|max77779fg=30300|LITTLE=36000|soc=8|smpl_gm=0|vdroop1=0|batoilo=0|batoilo2=0|batt_vs=30296|mdis_morepower=0|thb_hda=51|cp_on_chip_0=35000|cp_on_chip_1=36000|G3D=35000|cp_on_chip_2=36000|cp_on_chip_3=34000|cp_on_chip_4=34000|rf2_therm=32000|rf1_therm=33000|ISP=34000|TPU=35000|AUR=35000|rfpa_therm=31705|quiet_therm=31972|charging_therm=33553|,BIG=36000|MID=36000|usb_pwr_therm=29969|btmspkr_therm=29947|disp_therm=29991|north_therm=30837|soc_therm=33330|battery=30300|battery_cycle=5|dc-mains=34000|usbc-therm-adc=340|max77779fg=30300|LITTLE=36000|soc=8|smpl_gm=0|vdroop1=0|batoilo=0|batoilo2=0|batt_vs=30296|mdis_morepower=0|thb_hda=51|cp_on_chip_0=35000|cp_on_chip_1=36000|G3D=35000|cp_on_chip_2=36000|cp_on_chip_3=34000|cp_on_chip_4=34000|rf2_therm=32000|rf1_therm=33000|ISP=34000|TPU=35000|AUR=35000|rfpa_therm=31705|quiet_therm=31972|charging_therm=33553|,ok,39000,37000,0,37000,1,batched,untouched,4096,256,29,1,5778,0,1180,0,4,4,ok
1,2,nvhe,4,578000,578000,36000,38000,BIG=36000|MID=36000|usb_pwr_therm=29969|btmspkr_therm=29947|disp_therm=29991|north_therm=30815|soc_therm=33375|battery=30300|battery_cycle=5|dc-mains=34000|usbc-therm-adc=340|max77779fg=30300|LITTLE=36000|soc=8|smpl_gm=0|vdroop1=0|batoilo=0|batoilo2=0|batt_vs=30296|mdis_morepower=0|thb_hda=51|cp_on_chip_0=35000|cp_on_chip_1=36000|G3D=35000|cp_on_chip_2=36000|cp_on_chip_3=34000|cp_on_chip_4=34000|rf2_therm=32000|rf1_therm=33000|ISP=34000|TPU=35000|AUR=35000|rfpa_therm=31661|quiet_therm=31972|charging_therm=33553|,BIG=36000|MID=37000|usb_pwr_therm=29969|btmspkr_therm=29947|disp_therm=29991|north_therm=30815|soc_therm=33375|battery=30300|battery_cycle=5|dc-mains=34000|usbc-therm-adc=340|max77779fg=30300|LITTLE=37000|soc=8|smpl_gm=0|vdroop1=0|batoilo=0|batoilo2=0|batt_vs=30296|mdis_morepower=0|thb_hda=51|cp_on_chip_0=35000|cp_on_chip_1=36000|G3D=35000|cp_on_chip_2=36000|cp_on_chip_3=34000|cp_on_chip_4=34000|rf2_therm=32000|rf1_therm=33000|ISP=35000|TPU=35000|AUR=35000|rfpa_therm=31639|quiet_therm=31995|charging_therm=33597|,ok,39000,36000,0,36000,1,batched,touched,4096,256,0,1,363037,256,31006,0,4,4,ok
1,2,nvhe,4,578000,578000,36000,38000,BIG=36000|MID=36000|usb_pwr_therm=29969|btmspkr_therm=29947|disp_therm=29991|north_therm=30815|soc_therm=33375|battery=30300|battery_cycle=5|dc-mains=34000|usbc-therm-adc=340|max77779fg=30300|LITTLE=36000|soc=8|smpl_gm=0|vdroop1=0|batoilo=0|batoilo2=0|batt_vs=30296|mdis_morepower=0|thb_hda=51|cp_on_chip_0=35000|cp_on_chip_1=36000|G3D=35000|cp_on_chip_2=36000|cp_on_chip_3=34000|cp_on_chip_4=34000|rf2_therm=32000|rf1_therm=33000|ISP=34000|TPU=35000|AUR=35000|rfpa_therm=31661|quiet_therm=31972|charging_therm=33553|,BIG=36000|MID=37000|usb_pwr_therm=29969|btmspkr_therm=29947|disp_therm=29991|north_therm=30815|soc_therm=33375|battery=30300|battery_cycle=5|dc-mains=34000|usbc-therm-adc=340|max77779fg=30300|LITTLE=37000|soc=8|smpl_gm=0|vdroop1=0|batoilo=0|batoilo2=0|batt_vs=30296|mdis_morepower=0|thb_hda=51|cp_on_chip_0=35000|cp_on_chip_1=36000|G3D=35000|cp_on_chip_2=36000|cp_on_chip_3=34000|cp_on_chip_4=34000|rf2_therm=32000|rf1_therm=33000|ISP=35000|TPU=35000|AUR=35000|rfpa_therm=31639|quiet_therm=31995|charging_therm=33597|,ok,39000,36000,0,36000,1,batched,touched,4096,256,1,1,270670,256,28605,0,4,4,ok
1,2,nvhe,4,578000,578000,36000,38000,BIG=36000|MID=36000|usb_pwr_therm=29969|btmspkr_therm=29947|disp_therm=29991|north_therm=30815|soc_therm=33375|battery=30300|battery_cycle=5|dc-mains=34000|usbc-therm-adc=340|max77779fg=30300|LITTLE=36000|soc=8|smpl_gm=0|vdroop1=0|batoilo=0|batoilo2=0|batt_vs=30296|mdis_morepower=0|thb_hda=51|cp_on_chip_0=35000|cp_on_chip_1=36000|G3D=35000|cp_on_chip_2=36000|cp_on_chip_3=34000|cp_on_chip_4=34000|rf2_therm=32000|rf1_therm=33000|ISP=34000|TPU=35000|AUR=35000|rfpa_therm=31661|quiet_therm=31972|charging_therm=33553|,BIG=36000|MID=37000|usb_pwr_therm=29969|btmspkr_therm=29947|disp_therm=29991|north_therm=30815|soc_therm=33375|battery=30300|battery_cycle=5|dc-mains=34000|usbc-therm-adc=340|max77779fg=30300|LITTLE=37000|soc=8|smpl_gm=0|vdroop1=0|batoilo=0|batoilo2=0|batt_vs=30296|mdis_morepower=0|thb_hda=51|cp_on_chip_0=35000|cp_on_chip_1=36000|G3D=35000|cp_on_chip_2=36000|cp_on_chip_3=34000|cp_on_chip_4=34000|rf2_therm=32000|rf1_therm=33000|ISP=35000|TPU=35000|AUR=35000|rfpa_therm=31639|quiet_therm=31995|charging_therm=33597|,ok,39000,36000,0,36000,1,batched,touched,4096,256,2,1,299275,256,28646,0,4,4,ok
1,2,nvhe,4,578000,578000,36000,38000,BIG=36000|MID=36000|usb_pwr_therm=29969|btmspkr_therm=29947|disp_therm=29991|north_therm=30815|soc_therm=33375|battery=30300|battery_cycle=5|dc-mains=34000|usbc-therm-adc=340|max77779fg=30300|LITTLE=36000|soc=8|smpl_gm=0|vdroop1=0|batoilo=0|batoilo2=0|batt_vs=30296|mdis_morepower=0|thb_hda=51|cp_on_chip_0=35000|cp_on_chip_1=36000|G3D=35000|cp_on_chip_2=36000|cp_on_chip_3=34000|cp_on_chip_4=34000|rf2_therm=32000|rf1_therm=33000|ISP=34000|TPU=35000|AUR=35000|rfpa_therm=31661|quiet_therm=31972|charging_therm=33553|,BIG=36000|MID=37000|usb_pwr_therm=29969|btmspkr_therm=29947|disp_therm=29991|north_therm=30815|soc_therm=33375|battery=30300|battery_cycle=5|dc-mains=34000|usbc-therm-adc=340|max77779fg=30300|LITTLE=37000|soc=8|smpl_gm=0|vdroop1=0|batoilo=0|batoilo2=0|batt_vs=30296|mdis_morepower=0|thb_hda=51|cp_on_chip_0=35000|cp_on_chip_1=36000|G3D=35000|cp_on_chip_2=36000|cp_on_chip_3=34000|cp_on_chip_4=34000|rf2_therm=32000|rf1_therm=33000|ISP=35000|TPU=35000|AUR=35000|rfpa_therm=31639|quiet_therm=31995|charging_therm=33597|,ok,39000,36000,0,36000,1,batched,touched,4096,256,3,1,273559,256,54891,0,4,4,ok
1,2,nvhe,4,578000,578000,36000,38000,BIG=36000|MID=36000|usb_pwr_therm=29969|btmspkr_therm=29947|disp_therm=29991|north_therm=30815|soc_therm=33375|battery=30300|battery_cycle=5|dc-mains=34000|usbc-therm-adc=340|max77779fg=30300|LITTLE=36000|soc=8|smpl_gm=0|vdroop1=0|batoilo=0|batoilo2=0|batt_vs=30296|mdis_morepower=0|thb_hda=51|cp_on_chip_0=35000|cp_on_chip_1=36000|G3D=35000|cp_on_chip_2=36000|cp_on_chip_3=34000|cp_on_chip_4=34000|rf2_therm=32000|rf1_therm=33000|ISP=34000|TPU=35000|AUR=35000|rfpa_therm=31661|quiet_therm=31972|charging_therm=33553|,BIG=36000|MID=37000|usb_pwr_therm=29969|btmspkr_therm=29947|disp_therm=29991|north_therm=30815|soc_therm=33375|battery=30300|battery_cycle=5|dc-mains=34000|usbc-therm-adc=340|max77779fg=30300|LITTLE=37000|soc=8|smpl_gm=0|vdroop1=0|batoilo=0|batoilo2=0|batt_vs=30296|mdis_morepower=0|thb_hda=51|cp_on_chip_0=35000|cp_on_chip_1=36000|G3D=35000|cp_on_chip_2=36000|cp_on_chip_3=34000|cp_on_chip_4=34000|rf2_therm=32000|rf1_therm=33000|ISP=35000|TPU=35000|AUR=35000|rfpa_therm=31639|quiet_therm=31995|charging_therm=33597|,ok,39000,36000,0,36000,1,batched,touched,4096,256,4,1,278036,256,35604,0,4,4,ok
1,2,nvhe,4,578000,578000,36000,38000,BIG=36000|MID=36000|usb_pwr_therm=29969|btmspkr_therm=29947|disp_therm=29991|north_therm=30815|soc_therm=33375|battery=30300|battery_cycle=5|dc-mains=34000|usbc-therm-adc=340|max77779fg=30300|LITTLE=36000|soc=8|smpl_gm=0|vdroop1=0|batoilo=0|batoilo2=0|batt_vs=30296|mdis_morepower=0|thb_hda=51|cp_on_chip_0=35000|cp_on_chip_1=36000|G3D=35000|cp_on_chip_2=36000|cp_on_chip_3=34000|cp_on_chip_4=34000|rf2_therm=32000|rf1_therm=33000|ISP=34000|TPU=35000|AUR=35000|rfpa_therm=31661|quiet_therm=31972|charging_therm=33553|,BIG=36000|MID=37000|usb_pwr_therm=29969|btmspkr_therm=29947|disp_therm=29991|north_therm=30815|soc_therm=33375|battery=30300|battery_cycle=5|dc-mains=34000|usbc-therm-adc=340|max77779fg=30300|LITTLE=37000|soc=8|smpl_gm=0|vdroop1=0|batoilo=0|batoilo2=0|batt_vs=30296|mdis_morepower=0|thb_hda=51|cp_on_chip_0=35000|cp_on_chip_1=36000|G3D=35000|cp_on_chip_2=36000|cp_on_chip_3=34000|cp_on_chip_4=34000|rf2_therm=32000|rf1_therm=33000|ISP=35000|TPU=35000|AUR=35000|rfpa_therm=31639|quiet_therm=31995|charging_therm=33597|,ok,39000,36000,0,36000,1,batched,touched,4096,256,5,1,274169,256,36214,0,4,4,ok
1,2,nvhe,4,578000,578000,36000,38000,BIG=36000|MID=36000|usb_pwr_therm=29969|btmspkr_therm=29947|disp_therm=29991|north_therm=30815|soc_therm=33375|battery=30300|battery_cycle=5|dc-mains=34000|usbc-therm-adc=340|max77779fg=30300|LITTLE=36000|soc=8|smpl_gm=0|vdroop1=0|batoilo=0|batoilo2=0|batt_vs=30296|mdis_morepower=0|thb_hda=51|cp_on_chip_0=35000|cp_on_chip_1=36000|G3D=35000|cp_on_chip_2=36000|cp_on_chip_3=34000|cp_on_chip_4=34000|rf2_therm=32000|rf1_therm=33000|ISP=34000|TPU=35000|AUR=35000|rfpa_therm=31661|quiet_therm=31972|charging_therm=33553|,BIG=36000|MID=37000|usb_pwr_therm=29969|btmspkr_therm=29947|disp_therm=29991|north_therm=30815|soc_therm=33375|battery=30300|battery_cycle=5|dc-mains=34000|usbc-therm-adc=340|max77779fg=30300|LITTLE=37000|soc=8|smpl_gm=0|vdroop1=0|batoilo=0|batoilo2=0|batt_vs=30296|mdis_morepower=0|thb_hda=51|cp_on_chip_0=35000|cp_on_chip_1=36000|G3D=35000|cp_on_chip_2=36000|cp_on_chip_3=34000|cp_on_chip_4=34000|rf2_therm=32000|rf1_therm=33000|ISP=35000|TPU=35000|AUR=35000|rfpa_therm=31639|quiet_therm=31995|charging_therm=33597|,ok,39000,36000,0,36000,1,batched,touched,4096,256,6,1,277019,256,34220,0,4,4,ok
1,2,nvhe,4,578000,578000,36000,38000,BIG=36000|MID=36000|usb_pwr_therm=29969|btmspkr_therm=29947|disp_therm=29991|north_therm=30815|soc_therm=33375|battery=30300|battery_cycle=5|dc-mains=34000|usbc-therm-adc=340|max77779fg=30300|LITTLE=36000|soc=8|smpl_gm=0|vdroop1=0|batoilo=0|batoilo2=0|batt_vs=30296|mdis_morepower=0|thb_hda=51|cp_on_chip_0=35000|cp_on_chip_1=36000|G3D=35000|cp_on_chip_2=36000|cp_on_chip_3=34000|cp_on_chip_4=34000|rf2_therm=32000|rf1_therm=33000|ISP=34000|TPU=35000|AUR=35000|rfpa_therm=31661|quiet_therm=31972|charging_therm=33553|,BIG=36000|MID=37000|usb_pwr_therm=29969|btmspkr_therm=29947|disp_therm=29991|north_therm=30815|soc_therm=33375|battery=30300|battery_cycle=5|dc-mains=34000|usbc-therm-adc=340|max77779fg=30300|LITTLE=37000|soc=8|smpl_gm=0|vdroop1=0|batoilo=0|batoilo2=0|batt_vs=30296|mdis_morepower=0|thb_hda=51|cp_on_chip_0=35000|cp_on_chip_1=36000|G3D=35000|cp_on_chip_2=36000|cp_on_chip_3=34000|cp_on_chip_4=34000|rf2_therm=32000|rf1_therm=33000|ISP=35000|TPU=35000|AUR=35000|rfpa_therm=31639|quiet_therm=31995|charging_therm=33597|,ok,39000,36000,0,36000,1,batched,touched,4096,256,7,1,267050,256,37232,0,4,4,ok
1,2,nvhe,4,578000,578000,36000,38000,BIG=36000|MID=36000|usb_pwr_therm=29969|btmspkr_therm=29947|disp_therm=29991|north_therm=30815|soc_therm=33375|battery=30300|battery_cycle=5|dc-mains=34000|usbc-therm-adc=340|max77779fg=30300|LITTLE=36000|soc=8|smpl_gm=0|vdroop1=0|batoilo=0|batoilo2=0|batt_vs=30296|mdis_morepower=0|thb_hda=51|cp_on_chip_0=35000|cp_on_chip_1=36000|G3D=35000|cp_on_chip_2=36000|cp_on_chip_3=34000|cp_on_chip_4=34000|rf2_therm=32000|rf1_therm=33000|ISP=34000|TPU=35000|AUR=35000|rfpa_therm=31661|quiet_therm=31972|charging_therm=33553|,BIG=36000|MID=37000|usb_pwr_therm=29969|btmspkr_therm=29947|disp_therm=29991|north_therm=30815|soc_therm=33375|battery=30300|battery_cycle=5|dc-mains=34000|usbc-therm-adc=340|max77779fg=30300|LITTLE=37000|soc=8|smpl_gm=0|vdroop1=0|batoilo=0|batoilo2=0|batt_vs=30296|mdis_morepower=0|thb_hda=51|cp_on_chip_0=35000|cp_on_chip_1=36000|G3D=35000|cp_on_chip_2=36000|cp_on_chip_3=34000|cp_on_chip_4=34000|rf2_therm=32000|rf1_therm=33000|ISP=35000|TPU=35000|AUR=35000|rfpa_therm=31639|quiet_therm=31995|charging_therm=33597|,ok,39000,36000,0,36000,1,batched,touched,4096,256,8,1,268514,256,34220,0,4,4,ok
1,2,nvhe,4,578000,578000,36000,38000,BIG=36000|MID=36000|usb_pwr_therm=29969|btmspkr_therm=29947|disp_therm=29991|north_therm=30815|soc_therm=33375|battery=30300|battery_cycle=5|dc-mains=34000|usbc-therm-adc=340|max77779fg=30300|LITTLE=36000|soc=8|smpl_gm=0|vdroop1=0|batoilo=0|batoilo2=0|batt_vs=30296|mdis_morepower=0|thb_hda=51|cp_on_chip_0=35000|cp_on_chip_1=36000|G3D=35000|cp_on_chip_2=36000|cp_on_chip_3=34000|cp_on_chip_4=34000|rf2_therm=32000|rf1_therm=33000|ISP=34000|TPU=35000|AUR=35000|rfpa_therm=31661|quiet_therm=31972|charging_therm=33553|,BIG=36000|MID=37000|usb_pwr_therm=29969|btmspkr_therm=29947|disp_therm=29991|north_therm=30815|soc_therm=33375|battery=30300|battery_cycle=5|dc-mains=34000|usbc-therm-adc=340|max77779fg=30300|LITTLE=37000|soc=8|smpl_gm=0|vdroop1=0|batoilo=0|batoilo2=0|batt_vs=30296|mdis_morepower=0|thb_hda=51|cp_on_chip_0=35000|cp_on_chip_1=36000|G3D=35000|cp_on_chip_2=36000|cp_on_chip_3=34000|cp_on_chip_4=34000|rf2_therm=32000|rf1_therm=33000|ISP=35000|TPU=35000|AUR=35000|rfpa_therm=31639|quiet_therm=31995|charging_therm=33597|,ok,39000,36000,0,36000,1,batched,touched,4096,256,9,1,267334,256,34465,0,4,4,ok
1,2,nvhe,4,578000,578000,36000,38000,BIG=36000|MID=36000|usb_pwr_therm=29969|btmspkr_therm=29947|disp_therm=29991|north_therm=30815|soc_therm=33375|battery=30300|battery_cycle=5|dc-mains=34000|usbc-therm-adc=340|max77779fg=30300|LITTLE=36000|soc=8|smpl_gm=0|vdroop1=0|batoilo=0|batoilo2=0|batt_vs=30296|mdis_morepower=0|thb_hda=51|cp_on_chip_0=35000|cp_on_chip_1=36000|G3D=35000|cp_on_chip_2=36000|cp_on_chip_3=34000|cp_on_chip_4=34000|rf2_therm=32000|rf1_therm=33000|ISP=34000|TPU=35000|AUR=35000|rfpa_therm=31661|quiet_therm=31972|charging_therm=33553|,BIG=36000|MID=37000|usb_pwr_therm=29969|btmspkr_therm=29947|disp_therm=29991|north_therm=30815|soc_therm=33375|battery=30300|battery_cycle=5|dc-mains=34000|usbc-therm-adc=340|max77779fg=30300|LITTLE=37000|soc=8|smpl_gm=0|vdroop1=0|batoilo=0|batoilo2=0|batt_vs=30296|mdis_morepower=0|thb_hda=51|cp_on_chip_0=35000|cp_on_chip_1=36000|G3D=35000|cp_on_chip_2=36000|cp_on_chip_3=34000|cp_on_chip_4=34000|rf2_therm=32000|rf1_therm=33000|ISP=35000|TPU=35000|AUR=35000|rfpa_therm=31639|quiet_therm=31995|charging_therm=33597|,ok,39000,36000,0,36000,1,batched,touched,4096,256,10,1,273967,256,36662,0,4,4,ok
1,2,nvhe,4,578000,578000,36000,38000,BIG=36000|MID=36000|usb_pwr_therm=29969|btmspkr_therm=29947|disp_therm=29991|north_therm=30815|soc_therm=33375|battery=30300|battery_cycle=5|dc-mains=34000|usbc-therm-adc=340|max77779fg=30300|LITTLE=36000|soc=8|smpl_gm=0|vdroop1=0|batoilo=0|batoilo2=0|batt_vs=30296|mdis_morepower=0|thb_hda=51|cp_on_chip_0=35000|cp_on_chip_1=36000|G3D=35000|cp_on_chip_2=36000|cp_on_chip_3=34000|cp_on_chip_4=34000|rf2_therm=32000|rf1_therm=33000|ISP=34000|TPU=35000|AUR=35000|rfpa_therm=31661|quiet_therm=31972|charging_therm=33553|,BIG=36000|MID=37000|usb_pwr_therm=29969|btmspkr_therm=29947|disp_therm=29991|north_therm=30815|soc_therm=33375|battery=30300|battery_cycle=5|dc-mains=34000|usbc-therm-adc=340|max77779fg=30300|LITTLE=37000|soc=8|smpl_gm=0|vdroop1=0|batoilo=0|batoilo2=0|batt_vs=30296|mdis_morepower=0|thb_hda=51|cp_on_chip_0=35000|cp_on_chip_1=36000|G3D=35000|cp_on_chip_2=36000|cp_on_chip_3=34000|cp_on_chip_4=34000|rf2_therm=32000|rf1_therm=33000|ISP=35000|TPU=35000|AUR=35000|rfpa_therm=31639|quiet_therm=31995|charging_therm=33597|,ok,39000,36000,0,36000,1,batched,touched,4096,256,11,1,271647,256,34220,0,4,4,ok
1,2,nvhe,4,578000,578000,36000,38000,BIG=36000|MID=36000|usb_pwr_therm=29969|btmspkr_therm=29947|disp_therm=29991|north_therm=30815|soc_therm=33375|battery=30300|battery_cycle=5|dc-mains=34000|usbc-therm-adc=340|max77779fg=30300|LITTLE=36000|soc=8|smpl_gm=0|vdroop1=0|batoilo=0|batoilo2=0|batt_vs=30296|mdis_morepower=0|thb_hda=51|cp_on_chip_0=35000|cp_on_chip_1=36000|G3D=35000|cp_on_chip_2=36000|cp_on_chip_3=34000|cp_on_chip_4=34000|rf2_therm=32000|rf1_therm=33000|ISP=34000|TPU=35000|AUR=35000|rfpa_therm=31661|quiet_therm=31972|charging_therm=33553|,BIG=36000|MID=37000|usb_pwr_therm=29969|btmspkr_therm=29947|disp_therm=29991|north_therm=30815|soc_therm=33375|battery=30300|battery_cycle=5|dc-mains=34000|usbc-therm-adc=340|max77779fg=30300|LITTLE=37000|soc=8|smpl_gm=0|vdroop1=0|batoilo=0|batoilo2=0|batt_vs=30296|mdis_morepower=0|thb_hda=51|cp_on_chip_0=35000|cp_on_chip_1=36000|G3D=35000|cp_on_chip_2=36000|cp_on_chip_3=34000|cp_on_chip_4=34000|rf2_therm=32000|rf1_therm=33000|ISP=35000|TPU=35000|AUR=35000|rfpa_therm=31639|quiet_therm=31995|charging_therm=33597|,ok,39000,36000,0,36000,1,batched,touched,4096,256,12,1,270834,256,32227,0,4,4,ok
1,2,nvhe,4,578000,578000,36000,38000,BIG=36000|MID=36000|usb_pwr_therm=29969|btmspkr_therm=29947|disp_therm=29991|north_therm=30815|soc_therm=33375|battery=30300|battery_cycle=5|dc-mains=34000|usbc-therm-adc=340|max77779fg=30300|LITTLE=36000|soc=8|smpl_gm=0|vdroop1=0|batoilo=0|batoilo2=0|batt_vs=30296|mdis_morepower=0|thb_hda=51|cp_on_chip_0=35000|cp_on_chip_1=36000|G3D=35000|cp_on_chip_2=36000|cp_on_chip_3=34000|cp_on_chip_4=34000|rf2_therm=32000|rf1_therm=33000|ISP=34000|TPU=35000|AUR=35000|rfpa_therm=31661|quiet_therm=31972|charging_therm=33553|,BIG=36000|MID=37000|usb_pwr_therm=29969|btmspkr_therm=29947|disp_therm=29991|north_therm=30815|soc_therm=33375|battery=30300|battery_cycle=5|dc-mains=34000|usbc-therm-adc=340|max77779fg=30300|LITTLE=37000|soc=8|smpl_gm=0|vdroop1=0|batoilo=0|batoilo2=0|batt_vs=30296|mdis_morepower=0|thb_hda=51|cp_on_chip_0=35000|cp_on_chip_1=36000|G3D=35000|cp_on_chip_2=36000|cp_on_chip_3=34000|cp_on_chip_4=34000|rf2_therm=32000|rf1_therm=33000|ISP=35000|TPU=35000|AUR=35000|rfpa_therm=31639|quiet_therm=31995|charging_therm=33597|,ok,39000,36000,0,36000,1,batched,touched,4096,256,13,1,273193,256,34058,0,4,4,ok
1,2,nvhe,4,578000,578000,36000,38000,BIG=36000|MID=36000|usb_pwr_therm=29969|btmspkr_therm=29947|disp_therm=29991|north_therm=30815|soc_therm=33375|battery=30300|battery_cycle=5|dc-mains=34000|usbc-therm-adc=340|max77779fg=30300|LITTLE=36000|soc=8|smpl_gm=0|vdroop1=0|batoilo=0|batoilo2=0|batt_vs=30296|mdis_morepower=0|thb_hda=51|cp_on_chip_0=35000|cp_on_chip_1=36000|G3D=35000|cp_on_chip_2=36000|cp_on_chip_3=34000|cp_on_chip_4=34000|rf2_therm=32000|rf1_therm=33000|ISP=34000|TPU=35000|AUR=35000|rfpa_therm=31661|quiet_therm=31972|charging_therm=33553|,BIG=36000|MID=37000|usb_pwr_therm=29969|btmspkr_therm=29947|disp_therm=29991|north_therm=30815|soc_therm=33375|battery=30300|battery_cycle=5|dc-mains=34000|usbc-therm-adc=340|max77779fg=30300|LITTLE=37000|soc=8|smpl_gm=0|vdroop1=0|batoilo=0|batoilo2=0|batt_vs=30296|mdis_morepower=0|thb_hda=51|cp_on_chip_0=35000|cp_on_chip_1=36000|G3D=35000|cp_on_chip_2=36000|cp_on_chip_3=34000|cp_on_chip_4=34000|rf2_therm=32000|rf1_therm=33000|ISP=35000|TPU=35000|AUR=35000|rfpa_therm=31639|quiet_therm=31995|charging_therm=33597|,ok,39000,36000,0,36000,1,batched,touched,4096,256,14,1,318237,256,32959,0,4,4,ok
1,2,nvhe,4,578000,578000,36000,38000,BIG=36000|MID=36000|usb_pwr_therm=29969|btmspkr_therm=29947|disp_therm=29991|north_therm=30815|soc_therm=33375|battery=30300|battery_cycle=5|dc-mains=34000|usbc-therm-adc=340|max77779fg=30300|LITTLE=36000|soc=8|smpl_gm=0|vdroop1=0|batoilo=0|batoilo2=0|batt_vs=30296|mdis_morepower=0|thb_hda=51|cp_on_chip_0=35000|cp_on_chip_1=36000|G3D=35000|cp_on_chip_2=36000|cp_on_chip_3=34000|cp_on_chip_4=34000|rf2_therm=32000|rf1_therm=33000|ISP=34000|TPU=35000|AUR=35000|rfpa_therm=31661|quiet_therm=31972|charging_therm=33553|,BIG=36000|MID=37000|usb_pwr_therm=29969|btmspkr_therm=29947|disp_therm=29991|north_therm=30815|soc_therm=33375|battery=30300|battery_cycle=5|dc-mains=34000|usbc-therm-adc=340|max77779fg=30300|LITTLE=37000|soc=8|smpl_gm=0|vdroop1=0|batoilo=0|batoilo2=0|batt_vs=30296|mdis_morepower=0|thb_hda=51|cp_on_chip_0=35000|cp_on_chip_1=36000|G3D=35000|cp_on_chip_2=36000|cp_on_chip_3=34000|cp_on_chip_4=34000|rf2_therm=32000|rf1_therm=33000|ISP=35000|TPU=35000|AUR=35000|rfpa_therm=31639|quiet_therm=31995|charging_therm=33597|,ok,39000,36000,0,36000,1,batched,touched,4096,256,15,1,276123,256,32877,0,4,4,ok
1,2,nvhe,4,578000,578000,36000,38000,BIG=36000|MID=36000|usb_pwr_therm=29969|btmspkr_therm=29947|disp_therm=29991|north_therm=30815|soc_therm=33375|battery=30300|battery_cycle=5|dc-mains=34000|usbc-therm-adc=340|max77779fg=30300|LITTLE=36000|soc=8|smpl_gm=0|vdroop1=0|batoilo=0|batoilo2=0|batt_vs=30296|mdis_morepower=0|thb_hda=51|cp_on_chip_0=35000|cp_on_chip_1=36000|G3D=35000|cp_on_chip_2=36000|cp_on_chip_3=34000|cp_on_chip_4=34000|rf2_therm=32000|rf1_therm=33000|ISP=34000|TPU=35000|AUR=35000|rfpa_therm=31661|quiet_therm=31972|charging_therm=33553|,BIG=36000|MID=37000|usb_pwr_therm=29969|btmspkr_therm=29947|disp_therm=29991|north_therm=30815|soc_therm=33375|battery=30300|battery_cycle=5|dc-mains=34000|usbc-therm-adc=340|max77779fg=30300|LITTLE=37000|soc=8|smpl_gm=0|vdroop1=0|batoilo=0|batoilo2=0|batt_vs=30296|mdis_morepower=0|thb_hda=51|cp_on_chip_0=35000|cp_on_chip_1=36000|G3D=35000|cp_on_chip_2=36000|cp_on_chip_3=34000|cp_on_chip_4=34000|rf2_therm=32000|rf1_therm=33000|ISP=35000|TPU=35000|AUR=35000|rfpa_therm=31639|quiet_therm=31995|charging_therm=33597|,ok,39000,36000,0,36000,1,batched,touched,4096,256,16,1,278524,256,34953,0,4,4,ok
1,2,nvhe,4,578000,578000,36000,38000,BIG=36000|MID=36000|usb_pwr_therm=29969|btmspkr_therm=29947|disp_therm=29991|north_therm=30815|soc_therm=33375|battery=30300|battery_cycle=5|dc-mains=34000|usbc-therm-adc=340|max77779fg=30300|LITTLE=36000|soc=8|smpl_gm=0|vdroop1=0|batoilo=0|batoilo2=0|batt_vs=30296|mdis_morepower=0|thb_hda=51|cp_on_chip_0=35000|cp_on_chip_1=36000|G3D=35000|cp_on_chip_2=36000|cp_on_chip_3=34000|cp_on_chip_4=34000|rf2_therm=32000|rf1_therm=33000|ISP=34000|TPU=35000|AUR=35000|rfpa_therm=31661|quiet_therm=31972|charging_therm=33553|,BIG=36000|MID=37000|usb_pwr_therm=29969|btmspkr_therm=29947|disp_therm=29991|north_therm=30815|soc_therm=33375|battery=30300|battery_cycle=5|dc-mains=34000|usbc-therm-adc=340|max77779fg=30300|LITTLE=37000|soc=8|smpl_gm=0|vdroop1=0|batoilo=0|batoilo2=0|batt_vs=30296|mdis_morepower=0|thb_hda=51|cp_on_chip_0=35000|cp_on_chip_1=36000|G3D=35000|cp_on_chip_2=36000|cp_on_chip_3=34000|cp_on_chip_4=34000|rf2_therm=32000|rf1_therm=33000|ISP=35000|TPU=35000|AUR=35000|rfpa_therm=31639|quiet_therm=31995|charging_therm=33597|,ok,39000,36000,0,36000,1,batched,touched,4096,256,17,1,288248,256,34099,0,4,4,ok
1,2,nvhe,4,578000,578000,36000,38000,BIG=36000|MID=36000|usb_pwr_therm=29969|btmspkr_therm=29947|disp_therm=29991|north_therm=30815|soc_therm=33375|battery=30300|battery_cycle=5|dc-mains=34000|usbc-therm-adc=340|max77779fg=30300|LITTLE=36000|soc=8|smpl_gm=0|vdroop1=0|batoilo=0|batoilo2=0|batt_vs=30296|mdis_morepower=0|thb_hda=51|cp_on_chip_0=35000|cp_on_chip_1=36000|G3D=35000|cp_on_chip_2=36000|cp_on_chip_3=34000|cp_on_chip_4=34000|rf2_therm=32000|rf1_therm=33000|ISP=34000|TPU=35000|AUR=35000|rfpa_therm=31661|quiet_therm=31972|charging_therm=33553|,BIG=36000|MID=37000|usb_pwr_therm=29969|btmspkr_therm=29947|disp_therm=29991|north_therm=30815|soc_therm=33375|battery=30300|battery_cycle=5|dc-mains=34000|usbc-therm-adc=340|max77779fg=30300|LITTLE=37000|soc=8|smpl_gm=0|vdroop1=0|batoilo=0|batoilo2=0|batt_vs=30296|mdis_morepower=0|thb_hda=51|cp_on_chip_0=35000|cp_on_chip_1=36000|G3D=35000|cp_on_chip_2=36000|cp_on_chip_3=34000|cp_on_chip_4=34000|rf2_therm=32000|rf1_therm=33000|ISP=35000|TPU=35000|AUR=35000|rfpa_therm=31639|quiet_therm=31995|charging_therm=33597|,ok,39000,36000,0,36000,1,batched,touched,4096,256,18,1,301677,256,48787,0,4,4,ok
1,2,nvhe,4,578000,578000,36000,38000,BIG=36000|MID=36000|usb_pwr_therm=29969|btmspkr_therm=29947|disp_therm=29991|north_therm=30815|soc_therm=33375|battery=30300|battery_cycle=5|dc-mains=34000|usbc-therm-adc=340|max77779fg=30300|LITTLE=36000|soc=8|smpl_gm=0|vdroop1=0|batoilo=0|batoilo2=0|batt_vs=30296|mdis_morepower=0|thb_hda=51|cp_on_chip_0=35000|cp_on_chip_1=36000|G3D=35000|cp_on_chip_2=36000|cp_on_chip_3=34000|cp_on_chip_4=34000|rf2_therm=32000|rf1_therm=33000|ISP=34000|TPU=35000|AUR=35000|rfpa_therm=31661|quiet_therm=31972|charging_therm=33553|,BIG=36000|MID=37000|usb_pwr_therm=29969|btmspkr_therm=29947|disp_therm=29991|north_therm=30815|soc_therm=33375|battery=30300|battery_cycle=5|dc-mains=34000|usbc-therm-adc=340|max77779fg=30300|LITTLE=37000|soc=8|smpl_gm=0|vdroop1=0|batoilo=0|batoilo2=0|batt_vs=30296|mdis_morepower=0|thb_hda=51|cp_on_chip_0=35000|cp_on_chip_1=36000|G3D=35000|cp_on_chip_2=36000|cp_on_chip_3=34000|cp_on_chip_4=34000|rf2_therm=32000|rf1_therm=33000|ISP=35000|TPU=35000|AUR=35000|rfpa_therm=31639|quiet_therm=31995|charging_therm=33597|,ok,39000,36000,0,36000,1,batched,touched,4096,256,19,1,290202,256,30925,0,4,4,ok
1,2,nvhe,4,578000,578000,36000,38000,BIG=36000|MID=36000|usb_pwr_therm=29969|btmspkr_therm=29947|disp_therm=29991|north_therm=30815|soc_therm=33375|battery=30300|battery_cycle=5|dc-mains=34000|usbc-therm-adc=340|max77779fg=30300|LITTLE=36000|soc=8|smpl_gm=0|vdroop1=0|batoilo=0|batoilo2=0|batt_vs=30296|mdis_morepower=0|thb_hda=51|cp_on_chip_0=35000|cp_on_chip_1=36000|G3D=35000|cp_on_chip_2=36000|cp_on_chip_3=34000|cp_on_chip_4=34000|rf2_therm=32000|rf1_therm=33000|ISP=34000|TPU=35000|AUR=35000|rfpa_therm=31661|quiet_therm=31972|charging_therm=33553|,BIG=36000|MID=37000|usb_pwr_therm=29969|btmspkr_therm=29947|disp_therm=29991|north_therm=30815|soc_therm=33375|battery=30300|battery_cycle=5|dc-mains=34000|usbc-therm-adc=340|max77779fg=30300|LITTLE=37000|soc=8|smpl_gm=0|vdroop1=0|batoilo=0|batoilo2=0|batt_vs=30296|mdis_morepower=0|thb_hda=51|cp_on_chip_0=35000|cp_on_chip_1=36000|G3D=35000|cp_on_chip_2=36000|cp_on_chip_3=34000|cp_on_chip_4=34000|rf2_therm=32000|rf1_therm=33000|ISP=35000|TPU=35000|AUR=35000|rfpa_therm=31639|quiet_therm=31995|charging_therm=33597|,ok,39000,36000,0,36000,1,batched,touched,4096,256,20,1,287109,256,30599,0,4,4,ok
1,2,nvhe,4,578000,578000,36000,38000,BIG=36000|MID=36000|usb_pwr_therm=29969|btmspkr_therm=29947|disp_therm=29991|north_therm=30815|soc_therm=33375|battery=30300|battery_cycle=5|dc-mains=34000|usbc-therm-adc=340|max77779fg=30300|LITTLE=36000|soc=8|smpl_gm=0|vdroop1=0|batoilo=0|batoilo2=0|batt_vs=30296|mdis_morepower=0|thb_hda=51|cp_on_chip_0=35000|cp_on_chip_1=36000|G3D=35000|cp_on_chip_2=36000|cp_on_chip_3=34000|cp_on_chip_4=34000|rf2_therm=32000|rf1_therm=33000|ISP=34000|TPU=35000|AUR=35000|rfpa_therm=31661|quiet_therm=31972|charging_therm=33553|,BIG=36000|MID=37000|usb_pwr_therm=29969|btmspkr_therm=29947|disp_therm=29991|north_therm=30815|soc_therm=33375|battery=30300|battery_cycle=5|dc-mains=34000|usbc-therm-adc=340|max77779fg=30300|LITTLE=37000|soc=8|smpl_gm=0|vdroop1=0|batoilo=0|batoilo2=0|batt_vs=30296|mdis_morepower=0|thb_hda=51|cp_on_chip_0=35000|cp_on_chip_1=36000|G3D=35000|cp_on_chip_2=36000|cp_on_chip_3=34000|cp_on_chip_4=34000|rf2_therm=32000|rf1_therm=33000|ISP=35000|TPU=35000|AUR=35000|rfpa_therm=31639|quiet_therm=31995|charging_therm=33597|,ok,39000,36000,0,36000,1,batched,touched,4096,256,21,1,295125,256,30844,0,4,4,ok
1,2,nvhe,4,578000,578000,36000,38000,BIG=36000|MID=36000|usb_pwr_therm=29969|btmspkr_therm=29947|disp_therm=29991|north_therm=30815|soc_therm=33375|battery=30300|battery_cycle=5|dc-mains=34000|usbc-therm-adc=340|max77779fg=30300|LITTLE=36000|soc=8|smpl_gm=0|vdroop1=0|batoilo=0|batoilo2=0|batt_vs=30296|mdis_morepower=0|thb_hda=51|cp_on_chip_0=35000|cp_on_chip_1=36000|G3D=35000|cp_on_chip_2=36000|cp_on_chip_3=34000|cp_on_chip_4=34000|rf2_therm=32000|rf1_therm=33000|ISP=34000|TPU=35000|AUR=35000|rfpa_therm=31661|quiet_therm=31972|charging_therm=33553|,BIG=36000|MID=37000|usb_pwr_therm=29969|btmspkr_therm=29947|disp_therm=29991|north_therm=30815|soc_therm=33375|battery=30300|battery_cycle=5|dc-mains=34000|usbc-therm-adc=340|max77779fg=30300|LITTLE=37000|soc=8|smpl_gm=0|vdroop1=0|batoilo=0|batoilo2=0|batt_vs=30296|mdis_morepower=0|thb_hda=51|cp_on_chip_0=35000|cp_on_chip_1=36000|G3D=35000|cp_on_chip_2=36000|cp_on_chip_3=34000|cp_on_chip_4=34000|rf2_therm=32000|rf1_therm=33000|ISP=35000|TPU=35000|AUR=35000|rfpa_therm=31639|quiet_therm=31995|charging_therm=33597|,ok,39000,36000,0,36000,1,batched,touched,4096,256,22,1,300578,256,30721,0,4,4,ok
1,2,nvhe,4,578000,578000,36000,38000,BIG=36000|MID=36000|usb_pwr_therm=29969|btmspkr_therm=29947|disp_therm=29991|north_therm=30815|soc_therm=33375|battery=30300|battery_cycle=5|dc-mains=34000|usbc-therm-adc=340|max77779fg=30300|LITTLE=36000|soc=8|smpl_gm=0|vdroop1=0|batoilo=0|batoilo2=0|batt_vs=30296|mdis_morepower=0|thb_hda=51|cp_on_chip_0=35000|cp_on_chip_1=36000|G3D=35000|cp_on_chip_2=36000|cp_on_chip_3=34000|cp_on_chip_4=34000|rf2_therm=32000|rf1_therm=33000|ISP=34000|TPU=35000|AUR=35000|rfpa_therm=31661|quiet_therm=31972|charging_therm=33553|,BIG=36000|MID=37000|usb_pwr_therm=29969|btmspkr_therm=29947|disp_therm=29991|north_therm=30815|soc_therm=33375|battery=30300|battery_cycle=5|dc-mains=34000|usbc-therm-adc=340|max77779fg=30300|LITTLE=37000|soc=8|smpl_gm=0|vdroop1=0|batoilo=0|batoilo2=0|batt_vs=30296|mdis_morepower=0|thb_hda=51|cp_on_chip_0=35000|cp_on_chip_1=36000|G3D=35000|cp_on_chip_2=36000|cp_on_chip_3=34000|cp_on_chip_4=34000|rf2_therm=32000|rf1_therm=33000|ISP=35000|TPU=35000|AUR=35000|rfpa_therm=31639|quiet_therm=31995|charging_therm=33597|,ok,39000,36000,0,36000,1,batched,touched,4096,256,23,1,297607,256,30029,0,4,4,ok
1,2,nvhe,4,578000,578000,36000,38000,BIG=36000|MID=36000|usb_pwr_therm=29969|btmspkr_therm=29947|disp_therm=29991|north_therm=30815|soc_therm=33375|battery=30300|battery_cycle=5|dc-mains=34000|usbc-therm-adc=340|max77779fg=30300|LITTLE=36000|soc=8|smpl_gm=0|vdroop1=0|batoilo=0|batoilo2=0|batt_vs=30296|mdis_morepower=0|thb_hda=51|cp_on_chip_0=35000|cp_on_chip_1=36000|G3D=35000|cp_on_chip_2=36000|cp_on_chip_3=34000|cp_on_chip_4=34000|rf2_therm=32000|rf1_therm=33000|ISP=34000|TPU=35000|AUR=35000|rfpa_therm=31661|quiet_therm=31972|charging_therm=33553|,BIG=36000|MID=37000|usb_pwr_therm=29969|btmspkr_therm=29947|disp_therm=29991|north_therm=30815|soc_therm=33375|battery=30300|battery_cycle=5|dc-mains=34000|usbc-therm-adc=340|max77779fg=30300|LITTLE=37000|soc=8|smpl_gm=0|vdroop1=0|batoilo=0|batoilo2=0|batt_vs=30296|mdis_morepower=0|thb_hda=51|cp_on_chip_0=35000|cp_on_chip_1=36000|G3D=35000|cp_on_chip_2=36000|cp_on_chip_3=34000|cp_on_chip_4=34000|rf2_therm=32000|rf1_therm=33000|ISP=35000|TPU=35000|AUR=35000|rfpa_therm=31639|quiet_therm=31995|charging_therm=33597|,ok,39000,36000,0,36000,1,batched,touched,4096,256,24,1,305176,256,30314,0,4,4,ok
1,2,nvhe,4,578000,578000,36000,38000,BIG=36000|MID=36000|usb_pwr_therm=29969|btmspkr_therm=29947|disp_therm=29991|north_therm=30815|soc_therm=33375|battery=30300|battery_cycle=5|dc-mains=34000|usbc-therm-adc=340|max77779fg=30300|LITTLE=36000|soc=8|smpl_gm=0|vdroop1=0|batoilo=0|batoilo2=0|batt_vs=30296|mdis_morepower=0|thb_hda=51|cp_on_chip_0=35000|cp_on_chip_1=36000|G3D=35000|cp_on_chip_2=36000|cp_on_chip_3=34000|cp_on_chip_4=34000|rf2_therm=32000|rf1_therm=33000|ISP=34000|TPU=35000|AUR=35000|rfpa_therm=31661|quiet_therm=31972|charging_therm=33553|,BIG=36000|MID=37000|usb_pwr_therm=29969|btmspkr_therm=29947|disp_therm=29991|north_therm=30815|soc_therm=33375|battery=30300|battery_cycle=5|dc-mains=34000|usbc-therm-adc=340|max77779fg=30300|LITTLE=37000|soc=8|smpl_gm=0|vdroop1=0|batoilo=0|batoilo2=0|batt_vs=30296|mdis_morepower=0|thb_hda=51|cp_on_chip_0=35000|cp_on_chip_1=36000|G3D=35000|cp_on_chip_2=36000|cp_on_chip_3=34000|cp_on_chip_4=34000|rf2_therm=32000|rf1_therm=33000|ISP=35000|TPU=35000|AUR=35000|rfpa_therm=31639|quiet_therm=31995|charging_therm=33597|,ok,39000,36000,0,36000,1,batched,touched,4096,256,25,1,290731,256,31291,0,4,4,ok
1,2,nvhe,4,578000,578000,36000,38000,BIG=36000|MID=36000|usb_pwr_therm=29969|btmspkr_therm=29947|disp_therm=29991|north_therm=30815|soc_therm=33375|battery=30300|battery_cycle=5|dc-mains=34000|usbc-therm-adc=340|max77779fg=30300|LITTLE=36000|soc=8|smpl_gm=0|vdroop1=0|batoilo=0|batoilo2=0|batt_vs=30296|mdis_morepower=0|thb_hda=51|cp_on_chip_0=35000|cp_on_chip_1=36000|G3D=35000|cp_on_chip_2=36000|cp_on_chip_3=34000|cp_on_chip_4=34000|rf2_therm=32000|rf1_therm=33000|ISP=34000|TPU=35000|AUR=35000|rfpa_therm=31661|quiet_therm=31972|charging_therm=33553|,BIG=36000|MID=37000|usb_pwr_therm=29969|btmspkr_therm=29947|disp_therm=29991|north_therm=30815|soc_therm=33375|battery=30300|battery_cycle=5|dc-mains=34000|usbc-therm-adc=340|max77779fg=30300|LITTLE=37000|soc=8|smpl_gm=0|vdroop1=0|batoilo=0|batoilo2=0|batt_vs=30296|mdis_morepower=0|thb_hda=51|cp_on_chip_0=35000|cp_on_chip_1=36000|G3D=35000|cp_on_chip_2=36000|cp_on_chip_3=34000|cp_on_chip_4=34000|rf2_therm=32000|rf1_therm=33000|ISP=35000|TPU=35000|AUR=35000|rfpa_therm=31639|quiet_therm=31995|charging_therm=33597|,ok,39000,36000,0,36000,1,batched,touched,4096,256,26,1,347086,256,32837,0,4,4,ok
1,2,nvhe,4,578000,578000,36000,38000,BIG=36000|MID=36000|usb_pwr_therm=29969|btmspkr_therm=29947|disp_therm=29991|north_therm=30815|soc_therm=33375|battery=30300|battery_cycle=5|dc-mains=34000|usbc-therm-adc=340|max77779fg=30300|LITTLE=36000|soc=8|smpl_gm=0|vdroop1=0|batoilo=0|batoilo2=0|batt_vs=30296|mdis_morepower=0|thb_hda=51|cp_on_chip_0=35000|cp_on_chip_1=36000|G3D=35000|cp_on_chip_2=36000|cp_on_chip_3=34000|cp_on_chip_4=34000|rf2_therm=32000|rf1_therm=33000|ISP=34000|TPU=35000|AUR=35000|rfpa_therm=31661|quiet_therm=31972|charging_therm=33553|,BIG=36000|MID=37000|usb_pwr_therm=29969|btmspkr_therm=29947|disp_therm=29991|north_therm=30815|soc_therm=33375|battery=30300|battery_cycle=5|dc-mains=34000|usbc-therm-adc=340|max77779fg=30300|LITTLE=37000|soc=8|smpl_gm=0|vdroop1=0|batoilo=0|batoilo2=0|batt_vs=30296|mdis_morepower=0|thb_hda=51|cp_on_chip_0=35000|cp_on_chip_1=36000|G3D=35000|cp_on_chip_2=36000|cp_on_chip_3=34000|cp_on_chip_4=34000|rf2_therm=32000|rf1_therm=33000|ISP=35000|TPU=35000|AUR=35000|rfpa_therm=31639|quiet_therm=31995|charging_therm=33597|,ok,39000,36000,0,36000,1,batched,touched,4096,256,27,1,302124,256,38941,0,4,4,ok
1,2,nvhe,4,578000,578000,36000,38000,BIG=36000|MID=36000|usb_pwr_therm=29969|btmspkr_therm=29947|disp_therm=29991|north_therm=30815|soc_therm=33375|battery=30300|battery_cycle=5|dc-mains=34000|usbc-therm-adc=340|max77779fg=30300|LITTLE=36000|soc=8|smpl_gm=0|vdroop1=0|batoilo=0|batoilo2=0|batt_vs=30296|mdis_morepower=0|thb_hda=51|cp_on_chip_0=35000|cp_on_chip_1=36000|G3D=35000|cp_on_chip_2=36000|cp_on_chip_3=34000|cp_on_chip_4=34000|rf2_therm=32000|rf1_therm=33000|ISP=34000|TPU=35000|AUR=35000|rfpa_therm=31661|quiet_therm=31972|charging_therm=33553|,BIG=36000|MID=37000|usb_pwr_therm=29969|btmspkr_therm=29947|disp_therm=29991|north_therm=30815|soc_therm=33375|battery=30300|battery_cycle=5|dc-mains=34000|usbc-therm-adc=340|max77779fg=30300|LITTLE=37000|soc=8|smpl_gm=0|vdroop1=0|batoilo=0|batoilo2=0|batt_vs=30296|mdis_morepower=0|thb_hda=51|cp_on_chip_0=35000|cp_on_chip_1=36000|G3D=35000|cp_on_chip_2=36000|cp_on_chip_3=34000|cp_on_chip_4=34000|rf2_therm=32000|rf1_therm=33000|ISP=35000|TPU=35000|AUR=35000|rfpa_therm=31639|quiet_therm=31995|charging_therm=33597|,ok,39000,36000,0,36000,1,batched,touched,4096,256,28,1,300619,256,31453,0,4,4,ok
1,2,nvhe,4,578000,578000,36000,38000,BIG=36000|MID=36000|usb_pwr_therm=29969|btmspkr_therm=29947|disp_therm=29991|north_therm=30815|soc_therm=33375|battery=30300|battery_cycle=5|dc-mains=34000|usbc-therm-adc=340|max77779fg=30300|LITTLE=36000|soc=8|smpl_gm=0|vdroop1=0|batoilo=0|batoilo2=0|batt_vs=30296|mdis_morepower=0|thb_hda=51|cp_on_chip_0=35000|cp_on_chip_1=36000|G3D=35000|cp_on_chip_2=36000|cp_on_chip_3=34000|cp_on_chip_4=34000|rf2_therm=32000|rf1_therm=33000|ISP=34000|TPU=35000|AUR=35000|rfpa_therm=31661|quiet_therm=31972|charging_therm=33553|,BIG=36000|MID=37000|usb_pwr_therm=29969|btmspkr_therm=29947|disp_therm=29991|north_therm=30815|soc_therm=33375|battery=30300|battery_cycle=5|dc-mains=34000|usbc-therm-adc=340|max77779fg=30300|LITTLE=37000|soc=8|smpl_gm=0|vdroop1=0|batoilo=0|batoilo2=0|batt_vs=30296|mdis_morepower=0|thb_hda=51|cp_on_chip_0=35000|cp_on_chip_1=36000|G3D=35000|cp_on_chip_2=36000|cp_on_chip_3=34000|cp_on_chip_4=34000|rf2_therm=32000|rf1_therm=33000|ISP=35000|TPU=35000|AUR=35000|rfpa_therm=31639|quiet_therm=31995|charging_therm=33597|,ok,39000,36000,0,36000,1,batched,touched,4096,256,29,1,331014,256,42928,0,4,4,ok
1,3,nvhe,4,578000,648000,36000,39000,BIG=36000|MID=36000|usb_pwr_therm=29969|btmspkr_therm=29947|disp_therm=29991|north_therm=30815|soc_therm=33464|battery=30300|battery_cycle=5|dc-mains=34000|usbc-therm-adc=340|max77779fg=30300|LITTLE=36000|soc=8|smpl_gm=0|vdroop1=0|batoilo=0|batoilo2=0|batt_vs=30295|mdis_morepower=0|thb_hda=51|cp_on_chip_0=35000|cp_on_chip_1=36000|G3D=35000|cp_on_chip_2=36000|cp_on_chip_3=34000|cp_on_chip_4=34000|rf2_therm=32000|rf1_therm=33000|ISP=34000|TPU=35000|AUR=35000|rfpa_therm=31616|quiet_therm=32017|charging_therm=33642|,BIG=36000|MID=37000|usb_pwr_therm=29969|btmspkr_therm=29947|disp_therm=29991|north_therm=30793|soc_therm=33508|battery=30300|battery_cycle=5|dc-mains=34000|usbc-therm-adc=340|max77779fg=30300|LITTLE=36000|soc=8|smpl_gm=0|vdroop1=0|batoilo=0|batoilo2=0|batt_vs=30296|mdis_morepower=0|thb_hda=51|cp_on_chip_0=35000|cp_on_chip_1=36000|G3D=35000|cp_on_chip_2=36000|cp_on_chip_3=34000|cp_on_chip_4=34000|rf2_therm=32000|rf1_therm=33000|ISP=34000|TPU=35000|AUR=35000|rfpa_therm=31616|quiet_therm=32017|charging_therm=33642|,ok,39000,39000,5,37000,1,batched,touched,4096,512,0,1,1416910,512,162028,0,4,4,ok
1,3,nvhe,4,578000,648000,36000,39000,BIG=36000|MID=36000|usb_pwr_therm=29969|btmspkr_therm=29947|disp_therm=29991|north_therm=30815|soc_therm=33464|battery=30300|battery_cycle=5|dc-mains=34000|usbc-therm-adc=340|max77779fg=30300|LITTLE=36000|soc=8|smpl_gm=0|vdroop1=0|batoilo=0|batoilo2=0|batt_vs=30295|mdis_morepower=0|thb_hda=51|cp_on_chip_0=35000|cp_on_chip_1=36000|G3D=35000|cp_on_chip_2=36000|cp_on_chip_3=34000|cp_on_chip_4=34000|rf2_therm=32000|rf1_therm=33000|ISP=34000|TPU=35000|AUR=35000|rfpa_therm=31616|quiet_therm=32017|charging_therm=33642|,BIG=36000|MID=37000|usb_pwr_therm=29969|btmspkr_therm=29947|disp_therm=29991|north_therm=30793|soc_therm=33508|battery=30300|battery_cycle=5|dc-mains=34000|usbc-therm-adc=340|max77779fg=30300|LITTLE=36000|soc=8|smpl_gm=0|vdroop1=0|batoilo=0|batoilo2=0|batt_vs=30296|mdis_morepower=0|thb_hda=51|cp_on_chip_0=35000|cp_on_chip_1=36000|G3D=35000|cp_on_chip_2=36000|cp_on_chip_3=34000|cp_on_chip_4=34000|rf2_therm=32000|rf1_therm=33000|ISP=34000|TPU=35000|AUR=35000|rfpa_therm=31616|quiet_therm=32017|charging_therm=33642|,ok,39000,39000,5,37000,1,batched,touched,4096,512,1,1,668986,512,106852,0,4,4,ok
1,3,nvhe,4,578000,648000,36000,39000,BIG=36000|MID=36000|usb_pwr_therm=29969|btmspkr_therm=29947|disp_therm=29991|north_therm=30815|soc_therm=33464|battery=30300|battery_cycle=5|dc-mains=34000|usbc-therm-adc=340|max77779fg=30300|LITTLE=36000|soc=8|smpl_gm=0|vdroop1=0|batoilo=0|batoilo2=0|batt_vs=30295|mdis_morepower=0|thb_hda=51|cp_on_chip_0=35000|cp_on_chip_1=36000|G3D=35000|cp_on_chip_2=36000|cp_on_chip_3=34000|cp_on_chip_4=34000|rf2_therm=32000|rf1_therm=33000|ISP=34000|TPU=35000|AUR=35000|rfpa_therm=31616|quiet_therm=32017|charging_therm=33642|,BIG=36000|MID=37000|usb_pwr_therm=29969|btmspkr_therm=29947|disp_therm=29991|north_therm=30793|soc_therm=33508|battery=30300|battery_cycle=5|dc-mains=34000|usbc-therm-adc=340|max77779fg=30300|LITTLE=36000|soc=8|smpl_gm=0|vdroop1=0|batoilo=0|batoilo2=0|batt_vs=30296|mdis_morepower=0|thb_hda=51|cp_on_chip_0=35000|cp_on_chip_1=36000|G3D=35000|cp_on_chip_2=36000|cp_on_chip_3=34000|cp_on_chip_4=34000|rf2_therm=32000|rf1_therm=33000|ISP=34000|TPU=35000|AUR=35000|rfpa_therm=31616|quiet_therm=32017|charging_therm=33642|,ok,39000,39000,5,37000,1,batched,touched,4096,512,2,1,643677,512,98837,0,4,4,ok
1,3,nvhe,4,578000,648000,36000,39000,BIG=36000|MID=36000|usb_pwr_therm=29969|btmspkr_therm=29947|disp_therm=29991|north_therm=30815|soc_therm=33464|battery=30300|battery_cycle=5|dc-mains=34000|usbc-therm-adc=340|max77779fg=30300|LITTLE=36000|soc=8|smpl_gm=0|vdroop1=0|batoilo=0|batoilo2=0|batt_vs=30295|mdis_morepower=0|thb_hda=51|cp_on_chip_0=35000|cp_on_chip_1=36000|G3D=35000|cp_on_chip_2=36000|cp_on_chip_3=34000|cp_on_chip_4=34000|rf2_therm=32000|rf1_therm=33000|ISP=34000|TPU=35000|AUR=35000|rfpa_therm=31616|quiet_therm=32017|charging_therm=33642|,BIG=36000|MID=37000|usb_pwr_therm=29969|btmspkr_therm=29947|disp_therm=29991|north_therm=30793|soc_therm=33508|battery=30300|battery_cycle=5|dc-mains=34000|usbc-therm-adc=340|max77779fg=30300|LITTLE=36000|soc=8|smpl_gm=0|vdroop1=0|batoilo=0|batoilo2=0|batt_vs=30296|mdis_morepower=0|thb_hda=51|cp_on_chip_0=35000|cp_on_chip_1=36000|G3D=35000|cp_on_chip_2=36000|cp_on_chip_3=34000|cp_on_chip_4=34000|rf2_therm=32000|rf1_therm=33000|ISP=34000|TPU=35000|AUR=35000|rfpa_therm=31616|quiet_therm=32017|charging_therm=33642|,ok,39000,39000,5,37000,1,batched,touched,4096,512,3,1,632853,512,75561,0,4,4,ok
1,3,nvhe,4,578000,648000,36000,39000,BIG=36000|MID=36000|usb_pwr_therm=29969|btmspkr_therm=29947|disp_therm=29991|north_therm=30815|soc_therm=33464|battery=30300|battery_cycle=5|dc-mains=34000|usbc-therm-adc=340|max77779fg=30300|LITTLE=36000|soc=8|smpl_gm=0|vdroop1=0|batoilo=0|batoilo2=0|batt_vs=30295|mdis_morepower=0|thb_hda=51|cp_on_chip_0=35000|cp_on_chip_1=36000|G3D=35000|cp_on_chip_2=36000|cp_on_chip_3=34000|cp_on_chip_4=34000|rf2_therm=32000|rf1_therm=33000|ISP=34000|TPU=35000|AUR=35000|rfpa_therm=31616|quiet_therm=32017|charging_therm=33642|,BIG=36000|MID=37000|usb_pwr_therm=29969|btmspkr_therm=29947|disp_therm=29991|north_therm=30793|soc_therm=33508|battery=30300|battery_cycle=5|dc-mains=34000|usbc-therm-adc=340|max77779fg=30300|LITTLE=36000|soc=8|smpl_gm=0|vdroop1=0|batoilo=0|batoilo2=0|batt_vs=30296|mdis_morepower=0|thb_hda=51|cp_on_chip_0=35000|cp_on_chip_1=36000|G3D=35000|cp_on_chip_2=36000|cp_on_chip_3=34000|cp_on_chip_4=34000|rf2_therm=32000|rf1_therm=33000|ISP=34000|TPU=35000|AUR=35000|rfpa_therm=31616|quiet_therm=32017|charging_therm=33642|,ok,39000,39000,5,37000,1,batched,touched,4096,512,4,1,696248,512,225057,0,4,4,ok
1,3,nvhe,4,578000,648000,36000,39000,BIG=36000|MID=36000|usb_pwr_therm=29969|btmspkr_therm=29947|disp_therm=29991|north_therm=30815|soc_therm=33464|battery=30300|battery_cycle=5|dc-mains=34000|usbc-therm-adc=340|max77779fg=30300|LITTLE=36000|soc=8|smpl_gm=0|vdroop1=0|batoilo=0|batoilo2=0|batt_vs=30295|mdis_morepower=0|thb_hda=51|cp_on_chip_0=35000|cp_on_chip_1=36000|G3D=35000|cp_on_chip_2=36000|cp_on_chip_3=34000|cp_on_chip_4=34000|rf2_therm=32000|rf1_therm=33000|ISP=34000|TPU=35000|AUR=35000|rfpa_therm=31616|quiet_therm=32017|charging_therm=33642|,BIG=36000|MID=37000|usb_pwr_therm=29969|btmspkr_therm=29947|disp_therm=29991|north_therm=30793|soc_therm=33508|battery=30300|battery_cycle=5|dc-mains=34000|usbc-therm-adc=340|max77779fg=30300|LITTLE=36000|soc=8|smpl_gm=0|vdroop1=0|batoilo=0|batoilo2=0|batt_vs=30296|mdis_morepower=0|thb_hda=51|cp_on_chip_0=35000|cp_on_chip_1=36000|G3D=35000|cp_on_chip_2=36000|cp_on_chip_3=34000|cp_on_chip_4=34000|rf2_therm=32000|rf1_therm=33000|ISP=34000|TPU=35000|AUR=35000|rfpa_therm=31616|quiet_therm=32017|charging_therm=33642|,ok,39000,39000,5,37000,1,batched,touched,4096,512,5,1,633708,512,85897,0,4,4,ok
1,3,nvhe,4,578000,648000,36000,39000,BIG=36000|MID=36000|usb_pwr_therm=29969|btmspkr_therm=29947|disp_therm=29991|north_therm=30815|soc_therm=33464|battery=30300|battery_cycle=5|dc-mains=34000|usbc-therm-adc=340|max77779fg=30300|LITTLE=36000|soc=8|smpl_gm=0|vdroop1=0|batoilo=0|batoilo2=0|batt_vs=30295|mdis_morepower=0|thb_hda=51|cp_on_chip_0=35000|cp_on_chip_1=36000|G3D=35000|cp_on_chip_2=36000|cp_on_chip_3=34000|cp_on_chip_4=34000|rf2_therm=32000|rf1_therm=33000|ISP=34000|TPU=35000|AUR=35000|rfpa_therm=31616|quiet_therm=32017|charging_therm=33642|,BIG=36000|MID=37000|usb_pwr_therm=29969|btmspkr_therm=29947|disp_therm=29991|north_therm=30793|soc_therm=33508|battery=30300|battery_cycle=5|dc-mains=34000|usbc-therm-adc=340|max77779fg=30300|LITTLE=36000|soc=8|smpl_gm=0|vdroop1=0|batoilo=0|batoilo2=0|batt_vs=30296|mdis_morepower=0|thb_hda=51|cp_on_chip_0=35000|cp_on_chip_1=36000|G3D=35000|cp_on_chip_2=36000|cp_on_chip_3=34000|cp_on_chip_4=34000|rf2_therm=32000|rf1_therm=33000|ISP=34000|TPU=35000|AUR=35000|rfpa_therm=31616|quiet_therm=32017|charging_therm=33642|,ok,39000,39000,5,37000,1,batched,touched,4096,512,6,1,626790,512,92814,0,4,4,ok
1,3,nvhe,4,578000,648000,36000,39000,BIG=36000|MID=36000|usb_pwr_therm=29969|btmspkr_therm=29947|disp_therm=29991|north_therm=30815|soc_therm=33464|battery=30300|battery_cycle=5|dc-mains=34000|usbc-therm-adc=340|max77779fg=30300|LITTLE=36000|soc=8|smpl_gm=0|vdroop1=0|batoilo=0|batoilo2=0|batt_vs=30295|mdis_morepower=0|thb_hda=51|cp_on_chip_0=35000|cp_on_chip_1=36000|G3D=35000|cp_on_chip_2=36000|cp_on_chip_3=34000|cp_on_chip_4=34000|rf2_therm=32000|rf1_therm=33000|ISP=34000|TPU=35000|AUR=35000|rfpa_therm=31616|quiet_therm=32017|charging_therm=33642|,BIG=36000|MID=37000|usb_pwr_therm=29969|btmspkr_therm=29947|disp_therm=29991|north_therm=30793|soc_therm=33508|battery=30300|battery_cycle=5|dc-mains=34000|usbc-therm-adc=340|max77779fg=30300|LITTLE=36000|soc=8|smpl_gm=0|vdroop1=0|batoilo=0|batoilo2=0|batt_vs=30296|mdis_morepower=0|thb_hda=51|cp_on_chip_0=35000|cp_on_chip_1=36000|G3D=35000|cp_on_chip_2=36000|cp_on_chip_3=34000|cp_on_chip_4=34000|rf2_therm=32000|rf1_therm=33000|ISP=34000|TPU=35000|AUR=35000|rfpa_therm=31616|quiet_therm=32017|charging_therm=33642|,ok,39000,39000,5,37000,1,batched,touched,4096,512,7,1,628255,512,114258,0,4,4,ok
1,3,nvhe,4,578000,648000,36000,39000,BIG=36000|MID=36000|usb_pwr_therm=29969|btmspkr_therm=29947|disp_therm=29991|north_therm=30815|soc_therm=33464|battery=30300|battery_cycle=5|dc-mains=34000|usbc-therm-adc=340|max77779fg=30300|LITTLE=36000|soc=8|smpl_gm=0|vdroop1=0|batoilo=0|batoilo2=0|batt_vs=30295|mdis_morepower=0|thb_hda=51|cp_on_chip_0=35000|cp_on_chip_1=36000|G3D=35000|cp_on_chip_2=36000|cp_on_chip_3=34000|cp_on_chip_4=34000|rf2_therm=32000|rf1_therm=33000|ISP=34000|TPU=35000|AUR=35000|rfpa_therm=31616|quiet_therm=32017|charging_therm=33642|,BIG=36000|MID=37000|usb_pwr_therm=29969|btmspkr_therm=29947|disp_therm=29991|north_therm=30793|soc_therm=33508|battery=30300|battery_cycle=5|dc-mains=34000|usbc-therm-adc=340|max77779fg=30300|LITTLE=36000|soc=8|smpl_gm=0|vdroop1=0|batoilo=0|batoilo2=0|batt_vs=30296|mdis_morepower=0|thb_hda=51|cp_on_chip_0=35000|cp_on_chip_1=36000|G3D=35000|cp_on_chip_2=36000|cp_on_chip_3=34000|cp_on_chip_4=34000|rf2_therm=32000|rf1_therm=33000|ISP=34000|TPU=35000|AUR=35000|rfpa_therm=31616|quiet_therm=32017|charging_therm=33642|,ok,39000,39000,5,37000,1,batched,touched,4096,512,8,1,622966,512,112590,0,4,4,ok
1,3,nvhe,4,578000,648000,36000,39000,BIG=36000|MID=36000|usb_pwr_therm=29969|btmspkr_therm=29947|disp_therm=29991|north_therm=30815|soc_therm=33464|battery=30300|battery_cycle=5|dc-mains=34000|usbc-therm-adc=340|max77779fg=30300|LITTLE=36000|soc=8|smpl_gm=0|vdroop1=0|batoilo=0|batoilo2=0|batt_vs=30295|mdis_morepower=0|thb_hda=51|cp_on_chip_0=35000|cp_on_chip_1=36000|G3D=35000|cp_on_chip_2=36000|cp_on_chip_3=34000|cp_on_chip_4=34000|rf2_therm=32000|rf1_therm=33000|ISP=34000|TPU=35000|AUR=35000|rfpa_therm=31616|quiet_therm=32017|charging_therm=33642|,BIG=36000|MID=37000|usb_pwr_therm=29969|btmspkr_therm=29947|disp_therm=29991|north_therm=30793|soc_therm=33508|battery=30300|battery_cycle=5|dc-mains=34000|usbc-therm-adc=340|max77779fg=30300|LITTLE=36000|soc=8|smpl_gm=0|vdroop1=0|batoilo=0|batoilo2=0|batt_vs=30296|mdis_morepower=0|thb_hda=51|cp_on_chip_0=35000|cp_on_chip_1=36000|G3D=35000|cp_on_chip_2=36000|cp_on_chip_3=34000|cp_on_chip_4=34000|rf2_therm=32000|rf1_therm=33000|ISP=34000|TPU=35000|AUR=35000|rfpa_therm=31616|quiet_therm=32017|charging_therm=33642|,ok,39000,39000,5,37000,1,batched,touched,4096,512,9,1,726562,512,91227,0,4,4,ok
1,3,nvhe,4,578000,648000,36000,39000,BIG=36000|MID=36000|usb_pwr_therm=29969|btmspkr_therm=29947|disp_therm=29991|north_therm=30815|soc_therm=33464|battery=30300|battery_cycle=5|dc-mains=34000|usbc-therm-adc=340|max77779fg=30300|LITTLE=36000|soc=8|smpl_gm=0|vdroop1=0|batoilo=0|batoilo2=0|batt_vs=30295|mdis_morepower=0|thb_hda=51|cp_on_chip_0=35000|cp_on_chip_1=36000|G3D=35000|cp_on_chip_2=36000|cp_on_chip_3=34000|cp_on_chip_4=34000|rf2_therm=32000|rf1_therm=33000|ISP=34000|TPU=35000|AUR=35000|rfpa_therm=31616|quiet_therm=32017|charging_therm=33642|,BIG=36000|MID=37000|usb_pwr_therm=29969|btmspkr_therm=29947|disp_therm=29991|north_therm=30793|soc_therm=33508|battery=30300|battery_cycle=5|dc-mains=34000|usbc-therm-adc=340|max77779fg=30300|LITTLE=36000|soc=8|smpl_gm=0|vdroop1=0|batoilo=0|batoilo2=0|batt_vs=30296|mdis_morepower=0|thb_hda=51|cp_on_chip_0=35000|cp_on_chip_1=36000|G3D=35000|cp_on_chip_2=36000|cp_on_chip_3=34000|cp_on_chip_4=34000|rf2_therm=32000|rf1_therm=33000|ISP=34000|TPU=35000|AUR=35000|rfpa_therm=31616|quiet_therm=32017|charging_therm=33642|,ok,39000,39000,5,37000,1,batched,touched,4096,512,10,1,627360,512,76701,0,4,4,ok
1,3,nvhe,4,578000,648000,36000,39000,BIG=36000|MID=36000|usb_pwr_therm=29969|btmspkr_therm=29947|disp_therm=29991|north_therm=30815|soc_therm=33464|battery=30300|battery_cycle=5|dc-mains=34000|usbc-therm-adc=340|max77779fg=30300|LITTLE=36000|soc=8|smpl_gm=0|vdroop1=0|batoilo=0|batoilo2=0|batt_vs=30295|mdis_morepower=0|thb_hda=51|cp_on_chip_0=35000|cp_on_chip_1=36000|G3D=35000|cp_on_chip_2=36000|cp_on_chip_3=34000|cp_on_chip_4=34000|rf2_therm=32000|rf1_therm=33000|ISP=34000|TPU=35000|AUR=35000|rfpa_therm=31616|quiet_therm=32017|charging_therm=33642|,BIG=36000|MID=37000|usb_pwr_therm=29969|btmspkr_therm=29947|disp_therm=29991|north_therm=30793|soc_therm=33508|battery=30300|battery_cycle=5|dc-mains=34000|usbc-therm-adc=340|max77779fg=30300|LITTLE=36000|soc=8|smpl_gm=0|vdroop1=0|batoilo=0|batoilo2=0|batt_vs=30296|mdis_morepower=0|thb_hda=51|cp_on_chip_0=35000|cp_on_chip_1=36000|G3D=35000|cp_on_chip_2=36000|cp_on_chip_3=34000|cp_on_chip_4=34000|rf2_therm=32000|rf1_therm=33000|ISP=34000|TPU=35000|AUR=35000|rfpa_therm=31616|quiet_therm=32017|charging_therm=33642|,ok,39000,39000,5,37000,1,batched,touched,4096,512,11,1,592692,512,103027,0,4,4,ok
1,3,nvhe,4,578000,648000,36000,39000,BIG=36000|MID=36000|usb_pwr_therm=29969|btmspkr_therm=29947|disp_therm=29991|north_therm=30815|soc_therm=33464|battery=30300|battery_cycle=5|dc-mains=34000|usbc-therm-adc=340|max77779fg=30300|LITTLE=36000|soc=8|smpl_gm=0|vdroop1=0|batoilo=0|batoilo2=0|batt_vs=30295|mdis_morepower=0|thb_hda=51|cp_on_chip_0=35000|cp_on_chip_1=36000|G3D=35000|cp_on_chip_2=36000|cp_on_chip_3=34000|cp_on_chip_4=34000|rf2_therm=32000|rf1_therm=33000|ISP=34000|TPU=35000|AUR=35000|rfpa_therm=31616|quiet_therm=32017|charging_therm=33642|,BIG=36000|MID=37000|usb_pwr_therm=29969|btmspkr_therm=29947|disp_therm=29991|north_therm=30793|soc_therm=33508|battery=30300|battery_cycle=5|dc-mains=34000|usbc-therm-adc=340|max77779fg=30300|LITTLE=36000|soc=8|smpl_gm=0|vdroop1=0|batoilo=0|batoilo2=0|batt_vs=30296|mdis_morepower=0|thb_hda=51|cp_on_chip_0=35000|cp_on_chip_1=36000|G3D=35000|cp_on_chip_2=36000|cp_on_chip_3=34000|cp_on_chip_4=34000|rf2_therm=32000|rf1_therm=33000|ISP=34000|TPU=35000|AUR=35000|rfpa_therm=31616|quiet_therm=32017|charging_therm=33642|,ok,39000,39000,5,37000,1,batched,touched,4096,512,12,1,594238,512,109456,0,4,4,ok
1,3,nvhe,4,578000,648000,36000,39000,BIG=36000|MID=36000|usb_pwr_therm=29969|btmspkr_therm=29947|disp_therm=29991|north_therm=30815|soc_therm=33464|battery=30300|battery_cycle=5|dc-mains=34000|usbc-therm-adc=340|max77779fg=30300|LITTLE=36000|soc=8|smpl_gm=0|vdroop1=0|batoilo=0|batoilo2=0|batt_vs=30295|mdis_morepower=0|thb_hda=51|cp_on_chip_0=35000|cp_on_chip_1=36000|G3D=35000|cp_on_chip_2=36000|cp_on_chip_3=34000|cp_on_chip_4=34000|rf2_therm=32000|rf1_therm=33000|ISP=34000|TPU=35000|AUR=35000|rfpa_therm=31616|quiet_therm=32017|charging_therm=33642|,BIG=36000|MID=37000|usb_pwr_therm=29969|btmspkr_therm=29947|disp_therm=29991|north_therm=30793|soc_therm=33508|battery=30300|battery_cycle=5|dc-mains=34000|usbc-therm-adc=340|max77779fg=30300|LITTLE=36000|soc=8|smpl_gm=0|vdroop1=0|batoilo=0|batoilo2=0|batt_vs=30296|mdis_morepower=0|thb_hda=51|cp_on_chip_0=35000|cp_on_chip_1=36000|G3D=35000|cp_on_chip_2=36000|cp_on_chip_3=34000|cp_on_chip_4=34000|rf2_therm=32000|rf1_therm=33000|ISP=34000|TPU=35000|AUR=35000|rfpa_therm=31616|quiet_therm=32017|charging_therm=33642|,ok,39000,39000,5,37000,1,batched,touched,4096,512,13,1,586548,512,80160,0,4,4,ok
1,3,nvhe,4,578000,648000,36000,39000,BIG=36000|MID=36000|usb_pwr_therm=29969|btmspkr_therm=29947|disp_therm=29991|north_therm=30815|soc_therm=33464|battery=30300|battery_cycle=5|dc-mains=34000|usbc-therm-adc=340|max77779fg=30300|LITTLE=36000|soc=8|smpl_gm=0|vdroop1=0|batoilo=0|batoilo2=0|batt_vs=30295|mdis_morepower=0|thb_hda=51|cp_on_chip_0=35000|cp_on_chip_1=36000|G3D=35000|cp_on_chip_2=36000|cp_on_chip_3=34000|cp_on_chip_4=34000|rf2_therm=32000|rf1_therm=33000|ISP=34000|TPU=35000|AUR=35000|rfpa_therm=31616|quiet_therm=32017|charging_therm=33642|,BIG=36000|MID=37000|usb_pwr_therm=29969|btmspkr_therm=29947|disp_therm=29991|north_therm=30793|soc_therm=33508|battery=30300|battery_cycle=5|dc-mains=34000|usbc-therm-adc=340|max77779fg=30300|LITTLE=36000|soc=8|smpl_gm=0|vdroop1=0|batoilo=0|batoilo2=0|batt_vs=30296|mdis_morepower=0|thb_hda=51|cp_on_chip_0=35000|cp_on_chip_1=36000|G3D=35000|cp_on_chip_2=36000|cp_on_chip_3=34000|cp_on_chip_4=34000|rf2_therm=32000|rf1_therm=33000|ISP=34000|TPU=35000|AUR=35000|rfpa_therm=31616|quiet_therm=32017|charging_therm=33642|,ok,39000,39000,5,37000,1,batched,touched,4096,512,14,1,591064,512,77311,0,4,4,ok
1,3,nvhe,4,578000,648000,36000,39000,BIG=36000|MID=36000|usb_pwr_therm=29969|btmspkr_therm=29947|disp_therm=29991|north_therm=30815|soc_therm=33464|battery=30300|battery_cycle=5|dc-mains=34000|usbc-therm-adc=340|max77779fg=30300|LITTLE=36000|soc=8|smpl_gm=0|vdroop1=0|batoilo=0|batoilo2=0|batt_vs=30295|mdis_morepower=0|thb_hda=51|cp_on_chip_0=35000|cp_on_chip_1=36000|G3D=35000|cp_on_chip_2=36000|cp_on_chip_3=34000|cp_on_chip_4=34000|rf2_therm=32000|rf1_therm=33000|ISP=34000|TPU=35000|AUR=35000|rfpa_therm=31616|quiet_therm=32017|charging_therm=33642|,BIG=36000|MID=37000|usb_pwr_therm=29969|btmspkr_therm=29947|disp_therm=29991|north_therm=30793|soc_therm=33508|battery=30300|battery_cycle=5|dc-mains=34000|usbc-therm-adc=340|max77779fg=30300|LITTLE=36000|soc=8|smpl_gm=0|vdroop1=0|batoilo=0|batoilo2=0|batt_vs=30296|mdis_morepower=0|thb_hda=51|cp_on_chip_0=35000|cp_on_chip_1=36000|G3D=35000|cp_on_chip_2=36000|cp_on_chip_3=34000|cp_on_chip_4=34000|rf2_therm=32000|rf1_therm=33000|ISP=34000|TPU=35000|AUR=35000|rfpa_therm=31616|quiet_therm=32017|charging_therm=33642|,ok,39000,39000,5,37000,1,batched,touched,4096,512,15,1,632284,512,75724,0,4,4,ok
1,3,nvhe,4,578000,648000,36000,39000,BIG=36000|MID=36000|usb_pwr_therm=29969|btmspkr_therm=29947|disp_therm=29991|north_therm=30815|soc_therm=33464|battery=30300|battery_cycle=5|dc-mains=34000|usbc-therm-adc=340|max77779fg=30300|LITTLE=36000|soc=8|smpl_gm=0|vdroop1=0|batoilo=0|batoilo2=0|batt_vs=30295|mdis_morepower=0|thb_hda=51|cp_on_chip_0=35000|cp_on_chip_1=36000|G3D=35000|cp_on_chip_2=36000|cp_on_chip_3=34000|cp_on_chip_4=34000|rf2_therm=32000|rf1_therm=33000|ISP=34000|TPU=35000|AUR=35000|rfpa_therm=31616|quiet_therm=32017|charging_therm=33642|,BIG=36000|MID=37000|usb_pwr_therm=29969|btmspkr_therm=29947|disp_therm=29991|north_therm=30793|soc_therm=33508|battery=30300|battery_cycle=5|dc-mains=34000|usbc-therm-adc=340|max77779fg=30300|LITTLE=36000|soc=8|smpl_gm=0|vdroop1=0|batoilo=0|batoilo2=0|batt_vs=30296|mdis_morepower=0|thb_hda=51|cp_on_chip_0=35000|cp_on_chip_1=36000|G3D=35000|cp_on_chip_2=36000|cp_on_chip_3=34000|cp_on_chip_4=34000|rf2_therm=32000|rf1_therm=33000|ISP=34000|TPU=35000|AUR=35000|rfpa_therm=31616|quiet_therm=32017|charging_therm=33642|,ok,39000,39000,5,37000,1,batched,touched,4096,512,16,1,583333,512,102051,0,4,4,ok
1,3,nvhe,4,578000,648000,36000,39000,BIG=36000|MID=36000|usb_pwr_therm=29969|btmspkr_therm=29947|disp_therm=29991|north_therm=30815|soc_therm=33464|battery=30300|battery_cycle=5|dc-mains=34000|usbc-therm-adc=340|max77779fg=30300|LITTLE=36000|soc=8|smpl_gm=0|vdroop1=0|batoilo=0|batoilo2=0|batt_vs=30295|mdis_morepower=0|thb_hda=51|cp_on_chip_0=35000|cp_on_chip_1=36000|G3D=35000|cp_on_chip_2=36000|cp_on_chip_3=34000|cp_on_chip_4=34000|rf2_therm=32000|rf1_therm=33000|ISP=34000|TPU=35000|AUR=35000|rfpa_therm=31616|quiet_therm=32017|charging_therm=33642|,BIG=36000|MID=37000|usb_pwr_therm=29969|btmspkr_therm=29947|disp_therm=29991|north_therm=30793|soc_therm=33508|battery=30300|battery_cycle=5|dc-mains=34000|usbc-therm-adc=340|max77779fg=30300|LITTLE=36000|soc=8|smpl_gm=0|vdroop1=0|batoilo=0|batoilo2=0|batt_vs=30296|mdis_morepower=0|thb_hda=51|cp_on_chip_0=35000|cp_on_chip_1=36000|G3D=35000|cp_on_chip_2=36000|cp_on_chip_3=34000|cp_on_chip_4=34000|rf2_therm=32000|rf1_therm=33000|ISP=34000|TPU=35000|AUR=35000|rfpa_therm=31616|quiet_therm=32017|charging_therm=33642|,ok,39000,39000,5,37000,1,batched,touched,4096,512,17,1,590413,512,99569,0,4,4,ok
1,3,nvhe,4,578000,648000,36000,39000,BIG=36000|MID=36000|usb_pwr_therm=29969|btmspkr_therm=29947|disp_therm=29991|north_therm=30815|soc_therm=33464|battery=30300|battery_cycle=5|dc-mains=34000|usbc-therm-adc=340|max77779fg=30300|LITTLE=36000|soc=8|smpl_gm=0|vdroop1=0|batoilo=0|batoilo2=0|batt_vs=30295|mdis_morepower=0|thb_hda=51|cp_on_chip_0=35000|cp_on_chip_1=36000|G3D=35000|cp_on_chip_2=36000|cp_on_chip_3=34000|cp_on_chip_4=34000|rf2_therm=32000|rf1_therm=33000|ISP=34000|TPU=35000|AUR=35000|rfpa_therm=31616|quiet_therm=32017|charging_therm=33642|,BIG=36000|MID=37000|usb_pwr_therm=29969|btmspkr_therm=29947|disp_therm=29991|north_therm=30793|soc_therm=33508|battery=30300|battery_cycle=5|dc-mains=34000|usbc-therm-adc=340|max77779fg=30300|LITTLE=36000|soc=8|smpl_gm=0|vdroop1=0|batoilo=0|batoilo2=0|batt_vs=30296|mdis_morepower=0|thb_hda=51|cp_on_chip_0=35000|cp_on_chip_1=36000|G3D=35000|cp_on_chip_2=36000|cp_on_chip_3=34000|cp_on_chip_4=34000|rf2_therm=32000|rf1_therm=33000|ISP=34000|TPU=35000|AUR=35000|rfpa_therm=31616|quiet_therm=32017|charging_therm=33642|,ok,39000,39000,5,37000,1,batched,touched,4096,512,18,1,595662,512,99202,0,4,4,ok
1,3,nvhe,4,578000,648000,36000,39000,BIG=36000|MID=36000|usb_pwr_therm=29969|btmspkr_therm=29947|disp_therm=29991|north_therm=30815|soc_therm=33464|battery=30300|battery_cycle=5|dc-mains=34000|usbc-therm-adc=340|max77779fg=30300|LITTLE=36000|soc=8|smpl_gm=0|vdroop1=0|batoilo=0|batoilo2=0|batt_vs=30295|mdis_morepower=0|thb_hda=51|cp_on_chip_0=35000|cp_on_chip_1=36000|G3D=35000|cp_on_chip_2=36000|cp_on_chip_3=34000|cp_on_chip_4=34000|rf2_therm=32000|rf1_therm=33000|ISP=34000|TPU=35000|AUR=35000|rfpa_therm=31616|quiet_therm=32017|charging_therm=33642|,BIG=36000|MID=37000|usb_pwr_therm=29969|btmspkr_therm=29947|disp_therm=29991|north_therm=30793|soc_therm=33508|battery=30300|battery_cycle=5|dc-mains=34000|usbc-therm-adc=340|max77779fg=30300|LITTLE=36000|soc=8|smpl_gm=0|vdroop1=0|batoilo=0|batoilo2=0|batt_vs=30296|mdis_morepower=0|thb_hda=51|cp_on_chip_0=35000|cp_on_chip_1=36000|G3D=35000|cp_on_chip_2=36000|cp_on_chip_3=34000|cp_on_chip_4=34000|rf2_therm=32000|rf1_therm=33000|ISP=34000|TPU=35000|AUR=35000|rfpa_therm=31616|quiet_therm=32017|charging_therm=33642|,ok,39000,39000,5,37000,1,batched,touched,4096,512,19,1,596110,512,98796,0,4,4,ok
1,3,nvhe,4,578000,648000,36000,39000,BIG=36000|MID=36000|usb_pwr_therm=29969|btmspkr_therm=29947|disp_therm=29991|north_therm=30815|soc_therm=33464|battery=30300|battery_cycle=5|dc-mains=34000|usbc-therm-adc=340|max77779fg=30300|LITTLE=36000|soc=8|smpl_gm=0|vdroop1=0|batoilo=0|batoilo2=0|batt_vs=30295|mdis_morepower=0|thb_hda=51|cp_on_chip_0=35000|cp_on_chip_1=36000|G3D=35000|cp_on_chip_2=36000|cp_on_chip_3=34000|cp_on_chip_4=34000|rf2_therm=32000|rf1_therm=33000|ISP=34000|TPU=35000|AUR=35000|rfpa_therm=31616|quiet_therm=32017|charging_therm=33642|,BIG=36000|MID=37000|usb_pwr_therm=29969|btmspkr_therm=29947|disp_therm=29991|north_therm=30793|soc_therm=33508|battery=30300|battery_cycle=5|dc-mains=34000|usbc-therm-adc=340|max77779fg=30300|LITTLE=36000|soc=8|smpl_gm=0|vdroop1=0|batoilo=0|batoilo2=0|batt_vs=30296|mdis_morepower=0|thb_hda=51|cp_on_chip_0=35000|cp_on_chip_1=36000|G3D=35000|cp_on_chip_2=36000|cp_on_chip_3=34000|cp_on_chip_4=34000|rf2_therm=32000|rf1_therm=33000|ISP=34000|TPU=35000|AUR=35000|rfpa_therm=31616|quiet_therm=32017|charging_therm=33642|,ok,39000,39000,5,37000,1,batched,touched,4096,512,20,1,636271,512,75358,0,4,4,ok
1,3,nvhe,4,578000,648000,36000,39000,BIG=36000|MID=36000|usb_pwr_therm=29969|btmspkr_therm=29947|disp_therm=29991|north_therm=30815|soc_therm=33464|battery=30300|battery_cycle=5|dc-mains=34000|usbc-therm-adc=340|max77779fg=30300|LITTLE=36000|soc=8|smpl_gm=0|vdroop1=0|batoilo=0|batoilo2=0|batt_vs=30295|mdis_morepower=0|thb_hda=51|cp_on_chip_0=35000|cp_on_chip_1=36000|G3D=35000|cp_on_chip_2=36000|cp_on_chip_3=34000|cp_on_chip_4=34000|rf2_therm=32000|rf1_therm=33000|ISP=34000|TPU=35000|AUR=35000|rfpa_therm=31616|quiet_therm=32017|charging_therm=33642|,BIG=36000|MID=37000|usb_pwr_therm=29969|btmspkr_therm=29947|disp_therm=29991|north_therm=30793|soc_therm=33508|battery=30300|battery_cycle=5|dc-mains=34000|usbc-therm-adc=340|max77779fg=30300|LITTLE=36000|soc=8|smpl_gm=0|vdroop1=0|batoilo=0|batoilo2=0|batt_vs=30296|mdis_morepower=0|thb_hda=51|cp_on_chip_0=35000|cp_on_chip_1=36000|G3D=35000|cp_on_chip_2=36000|cp_on_chip_3=34000|cp_on_chip_4=34000|rf2_therm=32000|rf1_therm=33000|ISP=34000|TPU=35000|AUR=35000|rfpa_therm=31616|quiet_therm=32017|charging_therm=33642|,ok,39000,39000,5,37000,1,batched,touched,4096,512,21,1,589762,512,66651,0,4,4,ok
1,3,nvhe,4,578000,648000,36000,39000,BIG=36000|MID=36000|usb_pwr_therm=29969|btmspkr_therm=29947|disp_therm=29991|north_therm=30815|soc_therm=33464|battery=30300|battery_cycle=5|dc-mains=34000|usbc-therm-adc=340|max77779fg=30300|LITTLE=36000|soc=8|smpl_gm=0|vdroop1=0|batoilo=0|batoilo2=0|batt_vs=30295|mdis_morepower=0|thb_hda=51|cp_on_chip_0=35000|cp_on_chip_1=36000|G3D=35000|cp_on_chip_2=36000|cp_on_chip_3=34000|cp_on_chip_4=34000|rf2_therm=32000|rf1_therm=33000|ISP=34000|TPU=35000|AUR=35000|rfpa_therm=31616|quiet_therm=32017|charging_therm=33642|,BIG=36000|MID=37000|usb_pwr_therm=29969|btmspkr_therm=29947|disp_therm=29991|north_therm=30793|soc_therm=33508|battery=30300|battery_cycle=5|dc-mains=34000|usbc-therm-adc=340|max77779fg=30300|LITTLE=36000|soc=8|smpl_gm=0|vdroop1=0|batoilo=0|batoilo2=0|batt_vs=30296|mdis_morepower=0|thb_hda=51|cp_on_chip_0=35000|cp_on_chip_1=36000|G3D=35000|cp_on_chip_2=36000|cp_on_chip_3=34000|cp_on_chip_4=34000|rf2_therm=32000|rf1_therm=33000|ISP=34000|TPU=35000|AUR=35000|rfpa_therm=31616|quiet_therm=32017|charging_therm=33642|,ok,39000,39000,5,37000,1,batched,touched,4096,512,22,1,555501,512,67261,0,4,4,ok
1,3,nvhe,4,578000,648000,36000,39000,BIG=36000|MID=36000|usb_pwr_therm=29969|btmspkr_therm=29947|disp_therm=29991|north_therm=30815|soc_therm=33464|battery=30300|battery_cycle=5|dc-mains=34000|usbc-therm-adc=340|max77779fg=30300|LITTLE=36000|soc=8|smpl_gm=0|vdroop1=0|batoilo=0|batoilo2=0|batt_vs=30295|mdis_morepower=0|thb_hda=51|cp_on_chip_0=35000|cp_on_chip_1=36000|G3D=35000|cp_on_chip_2=36000|cp_on_chip_3=34000|cp_on_chip_4=34000|rf2_therm=32000|rf1_therm=33000|ISP=34000|TPU=35000|AUR=35000|rfpa_therm=31616|quiet_therm=32017|charging_therm=33642|,BIG=36000|MID=37000|usb_pwr_therm=29969|btmspkr_therm=29947|disp_therm=29991|north_therm=30793|soc_therm=33508|battery=30300|battery_cycle=5|dc-mains=34000|usbc-therm-adc=340|max77779fg=30300|LITTLE=36000|soc=8|smpl_gm=0|vdroop1=0|batoilo=0|batoilo2=0|batt_vs=30296|mdis_morepower=0|thb_hda=51|cp_on_chip_0=35000|cp_on_chip_1=36000|G3D=35000|cp_on_chip_2=36000|cp_on_chip_3=34000|cp_on_chip_4=34000|rf2_therm=32000|rf1_therm=33000|ISP=34000|TPU=35000|AUR=35000|rfpa_therm=31616|quiet_therm=32017|charging_therm=33642|,ok,39000,39000,5,37000,1,batched,touched,4096,512,23,1,509115,512,91757,0,4,4,ok
1,3,nvhe,4,578000,648000,36000,39000,BIG=36000|MID=36000|usb_pwr_therm=29969|btmspkr_therm=29947|disp_therm=29991|north_therm=30815|soc_therm=33464|battery=30300|battery_cycle=5|dc-mains=34000|usbc-therm-adc=340|max77779fg=30300|LITTLE=36000|soc=8|smpl_gm=0|vdroop1=0|batoilo=0|batoilo2=0|batt_vs=30295|mdis_morepower=0|thb_hda=51|cp_on_chip_0=35000|cp_on_chip_1=36000|G3D=35000|cp_on_chip_2=36000|cp_on_chip_3=34000|cp_on_chip_4=34000|rf2_therm=32000|rf1_therm=33000|ISP=34000|TPU=35000|AUR=35000|rfpa_therm=31616|quiet_therm=32017|charging_therm=33642|,BIG=36000|MID=37000|usb_pwr_therm=29969|btmspkr_therm=29947|disp_therm=29991|north_therm=30793|soc_therm=33508|battery=30300|battery_cycle=5|dc-mains=34000|usbc-therm-adc=340|max77779fg=30300|LITTLE=36000|soc=8|smpl_gm=0|vdroop1=0|batoilo=0|batoilo2=0|batt_vs=30296|mdis_morepower=0|thb_hda=51|cp_on_chip_0=35000|cp_on_chip_1=36000|G3D=35000|cp_on_chip_2=36000|cp_on_chip_3=34000|cp_on_chip_4=34000|rf2_therm=32000|rf1_therm=33000|ISP=34000|TPU=35000|AUR=35000|rfpa_therm=31616|quiet_therm=32017|charging_therm=33642|,ok,39000,39000,5,37000,1,batched,touched,4096,512,24,1,495850,512,85571,0,4,4,ok
1,3,nvhe,4,578000,648000,36000,39000,BIG=36000|MID=36000|usb_pwr_therm=29969|btmspkr_therm=29947|disp_therm=29991|north_therm=30815|soc_therm=33464|battery=30300|battery_cycle=5|dc-mains=34000|usbc-therm-adc=340|max77779fg=30300|LITTLE=36000|soc=8|smpl_gm=0|vdroop1=0|batoilo=0|batoilo2=0|batt_vs=30295|mdis_morepower=0|thb_hda=51|cp_on_chip_0=35000|cp_on_chip_1=36000|G3D=35000|cp_on_chip_2=36000|cp_on_chip_3=34000|cp_on_chip_4=34000|rf2_therm=32000|rf1_therm=33000|ISP=34000|TPU=35000|AUR=35000|rfpa_therm=31616|quiet_therm=32017|charging_therm=33642|,BIG=36000|MID=37000|usb_pwr_therm=29969|btmspkr_therm=29947|disp_therm=29991|north_therm=30793|soc_therm=33508|battery=30300|battery_cycle=5|dc-mains=34000|usbc-therm-adc=340|max77779fg=30300|LITTLE=36000|soc=8|smpl_gm=0|vdroop1=0|batoilo=0|batoilo2=0|batt_vs=30296|mdis_morepower=0|thb_hda=51|cp_on_chip_0=35000|cp_on_chip_1=36000|G3D=35000|cp_on_chip_2=36000|cp_on_chip_3=34000|cp_on_chip_4=34000|rf2_therm=32000|rf1_therm=33000|ISP=34000|TPU=35000|AUR=35000|rfpa_therm=31616|quiet_therm=32017|charging_therm=33642|,ok,39000,39000,5,37000,1,batched,touched,4096,512,25,1,501261,512,82276,0,4,4,ok
1,3,nvhe,4,578000,648000,36000,39000,BIG=36000|MID=36000|usb_pwr_therm=29969|btmspkr_therm=29947|disp_therm=29991|north_therm=30815|soc_therm=33464|battery=30300|battery_cycle=5|dc-mains=34000|usbc-therm-adc=340|max77779fg=30300|LITTLE=36000|soc=8|smpl_gm=0|vdroop1=0|batoilo=0|batoilo2=0|batt_vs=30295|mdis_morepower=0|thb_hda=51|cp_on_chip_0=35000|cp_on_chip_1=36000|G3D=35000|cp_on_chip_2=36000|cp_on_chip_3=34000|cp_on_chip_4=34000|rf2_therm=32000|rf1_therm=33000|ISP=34000|TPU=35000|AUR=35000|rfpa_therm=31616|quiet_therm=32017|charging_therm=33642|,BIG=36000|MID=37000|usb_pwr_therm=29969|btmspkr_therm=29947|disp_therm=29991|north_therm=30793|soc_therm=33508|battery=30300|battery_cycle=5|dc-mains=34000|usbc-therm-adc=340|max77779fg=30300|LITTLE=36000|soc=8|smpl_gm=0|vdroop1=0|batoilo=0|batoilo2=0|batt_vs=30296|mdis_morepower=0|thb_hda=51|cp_on_chip_0=35000|cp_on_chip_1=36000|G3D=35000|cp_on_chip_2=36000|cp_on_chip_3=34000|cp_on_chip_4=34000|rf2_therm=32000|rf1_therm=33000|ISP=34000|TPU=35000|AUR=35000|rfpa_therm=31616|quiet_therm=32017|charging_therm=33642|,ok,39000,39000,5,37000,1,batched,touched,4096,512,26,1,501546,512,64168,0,4,4,ok
1,3,nvhe,4,578000,648000,36000,39000,BIG=36000|MID=36000|usb_pwr_therm=29969|btmspkr_therm=29947|disp_therm=29991|north_therm=30815|soc_therm=33464|battery=30300|battery_cycle=5|dc-mains=34000|usbc-therm-adc=340|max77779fg=30300|LITTLE=36000|soc=8|smpl_gm=0|vdroop1=0|batoilo=0|batoilo2=0|batt_vs=30295|mdis_morepower=0|thb_hda=51|cp_on_chip_0=35000|cp_on_chip_1=36000|G3D=35000|cp_on_chip_2=36000|cp_on_chip_3=34000|cp_on_chip_4=34000|rf2_therm=32000|rf1_therm=33000|ISP=34000|TPU=35000|AUR=35000|rfpa_therm=31616|quiet_therm=32017|charging_therm=33642|,BIG=36000|MID=37000|usb_pwr_therm=29969|btmspkr_therm=29947|disp_therm=29991|north_therm=30793|soc_therm=33508|battery=30300|battery_cycle=5|dc-mains=34000|usbc-therm-adc=340|max77779fg=30300|LITTLE=36000|soc=8|smpl_gm=0|vdroop1=0|batoilo=0|batoilo2=0|batt_vs=30296|mdis_morepower=0|thb_hda=51|cp_on_chip_0=35000|cp_on_chip_1=36000|G3D=35000|cp_on_chip_2=36000|cp_on_chip_3=34000|cp_on_chip_4=34000|rf2_therm=32000|rf1_therm=33000|ISP=34000|TPU=35000|AUR=35000|rfpa_therm=31616|quiet_therm=32017|charging_therm=33642|,ok,39000,39000,5,37000,1,batched,touched,4096,512,27,1,525512,512,84269,0,4,4,ok
1,3,nvhe,4,578000,648000,36000,39000,BIG=36000|MID=36000|usb_pwr_therm=29969|btmspkr_therm=29947|disp_therm=29991|north_therm=30815|soc_therm=33464|battery=30300|battery_cycle=5|dc-mains=34000|usbc-therm-adc=340|max77779fg=30300|LITTLE=36000|soc=8|smpl_gm=0|vdroop1=0|batoilo=0|batoilo2=0|batt_vs=30295|mdis_morepower=0|thb_hda=51|cp_on_chip_0=35000|cp_on_chip_1=36000|G3D=35000|cp_on_chip_2=36000|cp_on_chip_3=34000|cp_on_chip_4=34000|rf2_therm=32000|rf1_therm=33000|ISP=34000|TPU=35000|AUR=35000|rfpa_therm=31616|quiet_therm=32017|charging_therm=33642|,BIG=36000|MID=37000|usb_pwr_therm=29969|btmspkr_therm=29947|disp_therm=29991|north_therm=30793|soc_therm=33508|battery=30300|battery_cycle=5|dc-mains=34000|usbc-therm-adc=340|max77779fg=30300|LITTLE=36000|soc=8|smpl_gm=0|vdroop1=0|batoilo=0|batoilo2=0|batt_vs=30296|mdis_morepower=0|thb_hda=51|cp_on_chip_0=35000|cp_on_chip_1=36000|G3D=35000|cp_on_chip_2=36000|cp_on_chip_3=34000|cp_on_chip_4=34000|rf2_therm=32000|rf1_therm=33000|ISP=34000|TPU=35000|AUR=35000|rfpa_therm=31616|quiet_therm=32017|charging_therm=33642|,ok,39000,39000,5,37000,1,batched,touched,4096,512,28,1,502401,512,82967,0,4,4,ok
1,3,nvhe,4,578000,648000,36000,39000,BIG=36000|MID=36000|usb_pwr_therm=29969|btmspkr_therm=29947|disp_therm=29991|north_therm=30815|soc_therm=33464|battery=30300|battery_cycle=5|dc-mains=34000|usbc-therm-adc=340|max77779fg=30300|LITTLE=36000|soc=8|smpl_gm=0|vdroop1=0|batoilo=0|batoilo2=0|batt_vs=30295|mdis_morepower=0|thb_hda=51|cp_on_chip_0=35000|cp_on_chip_1=36000|G3D=35000|cp_on_chip_2=36000|cp_on_chip_3=34000|cp_on_chip_4=34000|rf2_therm=32000|rf1_therm=33000|ISP=34000|TPU=35000|AUR=35000|rfpa_therm=31616|quiet_therm=32017|charging_therm=33642|,BIG=36000|MID=37000|usb_pwr_therm=29969|btmspkr_therm=29947|disp_therm=29991|north_therm=30793|soc_therm=33508|battery=30300|battery_cycle=5|dc-mains=34000|usbc-therm-adc=340|max77779fg=30300|LITTLE=36000|soc=8|smpl_gm=0|vdroop1=0|batoilo=0|batoilo2=0|batt_vs=30296|mdis_morepower=0|thb_hda=51|cp_on_chip_0=35000|cp_on_chip_1=36000|G3D=35000|cp_on_chip_2=36000|cp_on_chip_3=34000|cp_on_chip_4=34000|rf2_therm=32000|rf1_therm=33000|ISP=34000|TPU=35000|AUR=35000|rfpa_therm=31616|quiet_therm=32017|charging_therm=33642|,ok,39000,39000,5,37000,1,batched,touched,4096,512,29,1,495036,512,85001,0,4,4,ok
1,4,nvhe,4,578000,1795000,36000,38000,BIG=36000|MID=36000|usb_pwr_therm=29969|btmspkr_therm=29947|disp_therm=29991|north_therm=30793|soc_therm=33531|battery=30300|battery_cycle=5|dc-mains=34000|usbc-therm-adc=340|max77779fg=30300|LITTLE=36000|soc=8|smpl_gm=0|vdroop1=0|batoilo=0|batoilo2=0|batt_vs=30295|mdis_morepower=0|thb_hda=51|cp_on_chip_0=35000|cp_on_chip_1=36000|G3D=35000|cp_on_chip_2=36000|cp_on_chip_3=34000|cp_on_chip_4=34000|rf2_therm=32000|rf1_therm=33000|ISP=35000|TPU=35000|AUR=35000|rfpa_therm=31616|quiet_therm=32039|charging_therm=33664|,BIG=36000|MID=37000|usb_pwr_therm=29969|btmspkr_therm=29947|disp_therm=29991|north_therm=30793|soc_therm=33531|battery=30300|battery_cycle=5|dc-mains=34000|usbc-therm-adc=340|max77779fg=30300|LITTLE=37000|soc=8|smpl_gm=0|vdroop1=0|batoilo=0|batoilo2=0|batt_vs=30296|mdis_morepower=0|thb_hda=51|cp_on_chip_0=35000|cp_on_chip_1=36000|G3D=36000|cp_on_chip_2=36000|cp_on_chip_3=34000|cp_on_chip_4=34000|rf2_therm=32000|rf1_therm=33000|ISP=35000|TPU=36000|AUR=35000|rfpa_therm=31616|quiet_therm=32039|charging_therm=33664|,ok,39000,37000,0,37000,1,batched,touched,4096,8192,0,1,20236531,8192,3281291,0,4,4,ok
1,4,nvhe,4,578000,1795000,36000,38000,BIG=36000|MID=36000|usb_pwr_therm=29969|btmspkr_therm=29947|disp_therm=29991|north_therm=30793|soc_therm=33531|battery=30300|battery_cycle=5|dc-mains=34000|usbc-therm-adc=340|max77779fg=30300|LITTLE=36000|soc=8|smpl_gm=0|vdroop1=0|batoilo=0|batoilo2=0|batt_vs=30295|mdis_morepower=0|thb_hda=51|cp_on_chip_0=35000|cp_on_chip_1=36000|G3D=35000|cp_on_chip_2=36000|cp_on_chip_3=34000|cp_on_chip_4=34000|rf2_therm=32000|rf1_therm=33000|ISP=35000|TPU=35000|AUR=35000|rfpa_therm=31616|quiet_therm=32039|charging_therm=33664|,BIG=36000|MID=37000|usb_pwr_therm=29969|btmspkr_therm=29947|disp_therm=29991|north_therm=30793|soc_therm=33531|battery=30300|battery_cycle=5|dc-mains=34000|usbc-therm-adc=340|max77779fg=30300|LITTLE=37000|soc=8|smpl_gm=0|vdroop1=0|batoilo=0|batoilo2=0|batt_vs=30296|mdis_morepower=0|thb_hda=51|cp_on_chip_0=35000|cp_on_chip_1=36000|G3D=36000|cp_on_chip_2=36000|cp_on_chip_3=34000|cp_on_chip_4=34000|rf2_therm=32000|rf1_therm=33000|ISP=35000|TPU=36000|AUR=35000|rfpa_therm=31616|quiet_therm=32039|charging_therm=33664|,ok,39000,37000,0,37000,1,batched,touched,4096,8192,1,1,14894287,8192,4002075,0,4,4,ok
1,4,nvhe,4,578000,1795000,36000,38000,BIG=36000|MID=36000|usb_pwr_therm=29969|btmspkr_therm=29947|disp_therm=29991|north_therm=30793|soc_therm=33531|battery=30300|battery_cycle=5|dc-mains=34000|usbc-therm-adc=340|max77779fg=30300|LITTLE=36000|soc=8|smpl_gm=0|vdroop1=0|batoilo=0|batoilo2=0|batt_vs=30295|mdis_morepower=0|thb_hda=51|cp_on_chip_0=35000|cp_on_chip_1=36000|G3D=35000|cp_on_chip_2=36000|cp_on_chip_3=34000|cp_on_chip_4=34000|rf2_therm=32000|rf1_therm=33000|ISP=35000|TPU=35000|AUR=35000|rfpa_therm=31616|quiet_therm=32039|charging_therm=33664|,BIG=36000|MID=37000|usb_pwr_therm=29969|btmspkr_therm=29947|disp_therm=29991|north_therm=30793|soc_therm=33531|battery=30300|battery_cycle=5|dc-mains=34000|usbc-therm-adc=340|max77779fg=30300|LITTLE=37000|soc=8|smpl_gm=0|vdroop1=0|batoilo=0|batoilo2=0|batt_vs=30296|mdis_morepower=0|thb_hda=51|cp_on_chip_0=35000|cp_on_chip_1=36000|G3D=36000|cp_on_chip_2=36000|cp_on_chip_3=34000|cp_on_chip_4=34000|rf2_therm=32000|rf1_therm=33000|ISP=35000|TPU=36000|AUR=35000|rfpa_therm=31616|quiet_therm=32039|charging_therm=33664|,ok,39000,37000,0,37000,1,batched,touched,4096,8192,2,1,11750529,8192,1846599,0,4,4,ok
1,4,nvhe,4,578000,1795000,36000,38000,BIG=36000|MID=36000|usb_pwr_therm=29969|btmspkr_therm=29947|disp_therm=29991|north_therm=30793|soc_therm=33531|battery=30300|battery_cycle=5|dc-mains=34000|usbc-therm-adc=340|max77779fg=30300|LITTLE=36000|soc=8|smpl_gm=0|vdroop1=0|batoilo=0|batoilo2=0|batt_vs=30295|mdis_morepower=0|thb_hda=51|cp_on_chip_0=35000|cp_on_chip_1=36000|G3D=35000|cp_on_chip_2=36000|cp_on_chip_3=34000|cp_on_chip_4=34000|rf2_therm=32000|rf1_therm=33000|ISP=35000|TPU=35000|AUR=35000|rfpa_therm=31616|quiet_therm=32039|charging_therm=33664|,BIG=36000|MID=37000|usb_pwr_therm=29969|btmspkr_therm=29947|disp_therm=29991|north_therm=30793|soc_therm=33531|battery=30300|battery_cycle=5|dc-mains=34000|usbc-therm-adc=340|max77779fg=30300|LITTLE=37000|soc=8|smpl_gm=0|vdroop1=0|batoilo=0|batoilo2=0|batt_vs=30296|mdis_morepower=0|thb_hda=51|cp_on_chip_0=35000|cp_on_chip_1=36000|G3D=36000|cp_on_chip_2=36000|cp_on_chip_3=34000|cp_on_chip_4=34000|rf2_therm=32000|rf1_therm=33000|ISP=35000|TPU=36000|AUR=35000|rfpa_therm=31616|quiet_therm=32039|charging_therm=33664|,ok,39000,37000,0,37000,1,batched,touched,4096,8192,3,1,9462240,8192,1749349,0,4,4,ok
1,4,nvhe,4,578000,1795000,36000,38000,BIG=36000|MID=36000|usb_pwr_therm=29969|btmspkr_therm=29947|disp_therm=29991|north_therm=30793|soc_therm=33531|battery=30300|battery_cycle=5|dc-mains=34000|usbc-therm-adc=340|max77779fg=30300|LITTLE=36000|soc=8|smpl_gm=0|vdroop1=0|batoilo=0|batoilo2=0|batt_vs=30295|mdis_morepower=0|thb_hda=51|cp_on_chip_0=35000|cp_on_chip_1=36000|G3D=35000|cp_on_chip_2=36000|cp_on_chip_3=34000|cp_on_chip_4=34000|rf2_therm=32000|rf1_therm=33000|ISP=35000|TPU=35000|AUR=35000|rfpa_therm=31616|quiet_therm=32039|charging_therm=33664|,BIG=36000|MID=37000|usb_pwr_therm=29969|btmspkr_therm=29947|disp_therm=29991|north_therm=30793|soc_therm=33531|battery=30300|battery_cycle=5|dc-mains=34000|usbc-therm-adc=340|max77779fg=30300|LITTLE=37000|soc=8|smpl_gm=0|vdroop1=0|batoilo=0|batoilo2=0|batt_vs=30296|mdis_morepower=0|thb_hda=51|cp_on_chip_0=35000|cp_on_chip_1=36000|G3D=36000|cp_on_chip_2=36000|cp_on_chip_3=34000|cp_on_chip_4=34000|rf2_therm=32000|rf1_therm=33000|ISP=35000|TPU=36000|AUR=35000|rfpa_therm=31616|quiet_therm=32039|charging_therm=33664|,ok,39000,37000,0,37000,1,batched,touched,4096,8192,4,1,8547526,8192,1369344,0,4,4,ok
1,4,nvhe,4,578000,1795000,36000,38000,BIG=36000|MID=36000|usb_pwr_therm=29969|btmspkr_therm=29947|disp_therm=29991|north_therm=30793|soc_therm=33531|battery=30300|battery_cycle=5|dc-mains=34000|usbc-therm-adc=340|max77779fg=30300|LITTLE=36000|soc=8|smpl_gm=0|vdroop1=0|batoilo=0|batoilo2=0|batt_vs=30295|mdis_morepower=0|thb_hda=51|cp_on_chip_0=35000|cp_on_chip_1=36000|G3D=35000|cp_on_chip_2=36000|cp_on_chip_3=34000|cp_on_chip_4=34000|rf2_therm=32000|rf1_therm=33000|ISP=35000|TPU=35000|AUR=35000|rfpa_therm=31616|quiet_therm=32039|charging_therm=33664|,BIG=36000|MID=37000|usb_pwr_therm=29969|btmspkr_therm=29947|disp_therm=29991|north_therm=30793|soc_therm=33531|battery=30300|battery_cycle=5|dc-mains=34000|usbc-therm-adc=340|max77779fg=30300|LITTLE=37000|soc=8|smpl_gm=0|vdroop1=0|batoilo=0|batoilo2=0|batt_vs=30296|mdis_morepower=0|thb_hda=51|cp_on_chip_0=35000|cp_on_chip_1=36000|G3D=36000|cp_on_chip_2=36000|cp_on_chip_3=34000|cp_on_chip_4=34000|rf2_therm=32000|rf1_therm=33000|ISP=35000|TPU=36000|AUR=35000|rfpa_therm=31616|quiet_therm=32039|charging_therm=33664|,ok,39000,37000,0,37000,1,batched,touched,4096,8192,5,1,7535930,8192,1144653,0,4,4,ok
1,4,nvhe,4,578000,1795000,36000,38000,BIG=36000|MID=36000|usb_pwr_therm=29969|btmspkr_therm=29947|disp_therm=29991|north_therm=30793|soc_therm=33531|battery=30300|battery_cycle=5|dc-mains=34000|usbc-therm-adc=340|max77779fg=30300|LITTLE=36000|soc=8|smpl_gm=0|vdroop1=0|batoilo=0|batoilo2=0|batt_vs=30295|mdis_morepower=0|thb_hda=51|cp_on_chip_0=35000|cp_on_chip_1=36000|G3D=35000|cp_on_chip_2=36000|cp_on_chip_3=34000|cp_on_chip_4=34000|rf2_therm=32000|rf1_therm=33000|ISP=35000|TPU=35000|AUR=35000|rfpa_therm=31616|quiet_therm=32039|charging_therm=33664|,BIG=36000|MID=37000|usb_pwr_therm=29969|btmspkr_therm=29947|disp_therm=29991|north_therm=30793|soc_therm=33531|battery=30300|battery_cycle=5|dc-mains=34000|usbc-therm-adc=340|max77779fg=30300|LITTLE=37000|soc=8|smpl_gm=0|vdroop1=0|batoilo=0|batoilo2=0|batt_vs=30296|mdis_morepower=0|thb_hda=51|cp_on_chip_0=35000|cp_on_chip_1=36000|G3D=36000|cp_on_chip_2=36000|cp_on_chip_3=34000|cp_on_chip_4=34000|rf2_therm=32000|rf1_therm=33000|ISP=35000|TPU=36000|AUR=35000|rfpa_therm=31616|quiet_therm=32039|charging_therm=33664|,ok,39000,37000,0,37000,1,batched,touched,4096,8192,6,1,7234212,8192,1109537,0,4,4,ok
1,4,nvhe,4,578000,1795000,36000,38000,BIG=36000|MID=36000|usb_pwr_therm=29969|btmspkr_therm=29947|disp_therm=29991|north_therm=30793|soc_therm=33531|battery=30300|battery_cycle=5|dc-mains=34000|usbc-therm-adc=340|max77779fg=30300|LITTLE=36000|soc=8|smpl_gm=0|vdroop1=0|batoilo=0|batoilo2=0|batt_vs=30295|mdis_morepower=0|thb_hda=51|cp_on_chip_0=35000|cp_on_chip_1=36000|G3D=35000|cp_on_chip_2=36000|cp_on_chip_3=34000|cp_on_chip_4=34000|rf2_therm=32000|rf1_therm=33000|ISP=35000|TPU=35000|AUR=35000|rfpa_therm=31616|quiet_therm=32039|charging_therm=33664|,BIG=36000|MID=37000|usb_pwr_therm=29969|btmspkr_therm=29947|disp_therm=29991|north_therm=30793|soc_therm=33531|battery=30300|battery_cycle=5|dc-mains=34000|usbc-therm-adc=340|max77779fg=30300|LITTLE=37000|soc=8|smpl_gm=0|vdroop1=0|batoilo=0|batoilo2=0|batt_vs=30296|mdis_morepower=0|thb_hda=51|cp_on_chip_0=35000|cp_on_chip_1=36000|G3D=36000|cp_on_chip_2=36000|cp_on_chip_3=34000|cp_on_chip_4=34000|rf2_therm=32000|rf1_therm=33000|ISP=35000|TPU=36000|AUR=35000|rfpa_therm=31616|quiet_therm=32039|charging_therm=33664|,ok,39000,37000,0,37000,1,batched,touched,4096,8192,7,1,7173421,8192,1091837,0,4,4,ok
1,4,nvhe,4,578000,1795000,36000,38000,BIG=36000|MID=36000|usb_pwr_therm=29969|btmspkr_therm=29947|disp_therm=29991|north_therm=30793|soc_therm=33531|battery=30300|battery_cycle=5|dc-mains=34000|usbc-therm-adc=340|max77779fg=30300|LITTLE=36000|soc=8|smpl_gm=0|vdroop1=0|batoilo=0|batoilo2=0|batt_vs=30295|mdis_morepower=0|thb_hda=51|cp_on_chip_0=35000|cp_on_chip_1=36000|G3D=35000|cp_on_chip_2=36000|cp_on_chip_3=34000|cp_on_chip_4=34000|rf2_therm=32000|rf1_therm=33000|ISP=35000|TPU=35000|AUR=35000|rfpa_therm=31616|quiet_therm=32039|charging_therm=33664|,BIG=36000|MID=37000|usb_pwr_therm=29969|btmspkr_therm=29947|disp_therm=29991|north_therm=30793|soc_therm=33531|battery=30300|battery_cycle=5|dc-mains=34000|usbc-therm-adc=340|max77779fg=30300|LITTLE=37000|soc=8|smpl_gm=0|vdroop1=0|batoilo=0|batoilo2=0|batt_vs=30296|mdis_morepower=0|thb_hda=51|cp_on_chip_0=35000|cp_on_chip_1=36000|G3D=36000|cp_on_chip_2=36000|cp_on_chip_3=34000|cp_on_chip_4=34000|rf2_therm=32000|rf1_therm=33000|ISP=35000|TPU=36000|AUR=35000|rfpa_therm=31616|quiet_therm=32039|charging_therm=33664|,ok,39000,37000,0,37000,1,batched,touched,4096,8192,8,1,7426839,8192,1097575,0,4,4,ok
1,4,nvhe,4,578000,1795000,36000,38000,BIG=36000|MID=36000|usb_pwr_therm=29969|btmspkr_therm=29947|disp_therm=29991|north_therm=30793|soc_therm=33531|battery=30300|battery_cycle=5|dc-mains=34000|usbc-therm-adc=340|max77779fg=30300|LITTLE=36000|soc=8|smpl_gm=0|vdroop1=0|batoilo=0|batoilo2=0|batt_vs=30295|mdis_morepower=0|thb_hda=51|cp_on_chip_0=35000|cp_on_chip_1=36000|G3D=35000|cp_on_chip_2=36000|cp_on_chip_3=34000|cp_on_chip_4=34000|rf2_therm=32000|rf1_therm=33000|ISP=35000|TPU=35000|AUR=35000|rfpa_therm=31616|quiet_therm=32039|charging_therm=33664|,BIG=36000|MID=37000|usb_pwr_therm=29969|btmspkr_therm=29947|disp_therm=29991|north_therm=30793|soc_therm=33531|battery=30300|battery_cycle=5|dc-mains=34000|usbc-therm-adc=340|max77779fg=30300|LITTLE=37000|soc=8|smpl_gm=0|vdroop1=0|batoilo=0|batoilo2=0|batt_vs=30296|mdis_morepower=0|thb_hda=51|cp_on_chip_0=35000|cp_on_chip_1=36000|G3D=36000|cp_on_chip_2=36000|cp_on_chip_3=34000|cp_on_chip_4=34000|rf2_therm=32000|rf1_therm=33000|ISP=35000|TPU=36000|AUR=35000|rfpa_therm=31616|quiet_therm=32039|charging_therm=33664|,ok,39000,37000,0,37000,1,batched,touched,4096,8192,9,1,7447184,8192,1111572,0,4,4,ok
1,4,nvhe,4,578000,1795000,36000,38000,BIG=36000|MID=36000|usb_pwr_therm=29969|btmspkr_therm=29947|disp_therm=29991|north_therm=30793|soc_therm=33531|battery=30300|battery_cycle=5|dc-mains=34000|usbc-therm-adc=340|max77779fg=30300|LITTLE=36000|soc=8|smpl_gm=0|vdroop1=0|batoilo=0|batoilo2=0|batt_vs=30295|mdis_morepower=0|thb_hda=51|cp_on_chip_0=35000|cp_on_chip_1=36000|G3D=35000|cp_on_chip_2=36000|cp_on_chip_3=34000|cp_on_chip_4=34000|rf2_therm=32000|rf1_therm=33000|ISP=35000|TPU=35000|AUR=35000|rfpa_therm=31616|quiet_therm=32039|charging_therm=33664|,BIG=36000|MID=37000|usb_pwr_therm=29969|btmspkr_therm=29947|disp_therm=29991|north_therm=30793|soc_therm=33531|battery=30300|battery_cycle=5|dc-mains=34000|usbc-therm-adc=340|max77779fg=30300|LITTLE=37000|soc=8|smpl_gm=0|vdroop1=0|batoilo=0|batoilo2=0|batt_vs=30296|mdis_morepower=0|thb_hda=51|cp_on_chip_0=35000|cp_on_chip_1=36000|G3D=36000|cp_on_chip_2=36000|cp_on_chip_3=34000|cp_on_chip_4=34000|rf2_therm=32000|rf1_therm=33000|ISP=35000|TPU=36000|AUR=35000|rfpa_therm=31616|quiet_therm=32039|charging_therm=33664|,ok,39000,37000,0,37000,1,batched,touched,4096,8192,10,1,7381306,8192,1112874,0,4,4,ok
1,4,nvhe,4,578000,1795000,36000,38000,BIG=36000|MID=36000|usb_pwr_therm=29969|btmspkr_therm=29947|disp_therm=29991|north_therm=30793|soc_therm=33531|battery=30300|battery_cycle=5|dc-mains=34000|usbc-therm-adc=340|max77779fg=30300|LITTLE=36000|soc=8|smpl_gm=0|vdroop1=0|batoilo=0|batoilo2=0|batt_vs=30295|mdis_morepower=0|thb_hda=51|cp_on_chip_0=35000|cp_on_chip_1=36000|G3D=35000|cp_on_chip_2=36000|cp_on_chip_3=34000|cp_on_chip_4=34000|rf2_therm=32000|rf1_therm=33000|ISP=35000|TPU=35000|AUR=35000|rfpa_therm=31616|quiet_therm=32039|charging_therm=33664|,BIG=36000|MID=37000|usb_pwr_therm=29969|btmspkr_therm=29947|disp_therm=29991|north_therm=30793|soc_therm=33531|battery=30300|battery_cycle=5|dc-mains=34000|usbc-therm-adc=340|max77779fg=30300|LITTLE=37000|soc=8|smpl_gm=0|vdroop1=0|batoilo=0|batoilo2=0|batt_vs=30296|mdis_morepower=0|thb_hda=51|cp_on_chip_0=35000|cp_on_chip_1=36000|G3D=36000|cp_on_chip_2=36000|cp_on_chip_3=34000|cp_on_chip_4=34000|rf2_therm=32000|rf1_therm=33000|ISP=35000|TPU=36000|AUR=35000|rfpa_therm=31616|quiet_therm=32039|charging_therm=33664|,ok,39000,37000,0,37000,1,batched,touched,4096,8192,11,1,7360514,8192,1076619,0,4,4,ok
1,4,nvhe,4,578000,1795000,36000,38000,BIG=36000|MID=36000|usb_pwr_therm=29969|btmspkr_therm=29947|disp_therm=29991|north_therm=30793|soc_therm=33531|battery=30300|battery_cycle=5|dc-mains=34000|usbc-therm-adc=340|max77779fg=30300|LITTLE=36000|soc=8|smpl_gm=0|vdroop1=0|batoilo=0|batoilo2=0|batt_vs=30295|mdis_morepower=0|thb_hda=51|cp_on_chip_0=35000|cp_on_chip_1=36000|G3D=35000|cp_on_chip_2=36000|cp_on_chip_3=34000|cp_on_chip_4=34000|rf2_therm=32000|rf1_therm=33000|ISP=35000|TPU=35000|AUR=35000|rfpa_therm=31616|quiet_therm=32039|charging_therm=33664|,BIG=36000|MID=37000|usb_pwr_therm=29969|btmspkr_therm=29947|disp_therm=29991|north_therm=30793|soc_therm=33531|battery=30300|battery_cycle=5|dc-mains=34000|usbc-therm-adc=340|max77779fg=30300|LITTLE=37000|soc=8|smpl_gm=0|vdroop1=0|batoilo=0|batoilo2=0|batt_vs=30296|mdis_morepower=0|thb_hda=51|cp_on_chip_0=35000|cp_on_chip_1=36000|G3D=36000|cp_on_chip_2=36000|cp_on_chip_3=34000|cp_on_chip_4=34000|rf2_therm=32000|rf1_therm=33000|ISP=35000|TPU=36000|AUR=35000|rfpa_therm=31616|quiet_therm=32039|charging_therm=33664|,ok,39000,37000,0,37000,1,batched,touched,4096,8192,12,1,7478475,8192,1115967,0,4,4,ok
1,4,nvhe,4,578000,1795000,36000,38000,BIG=36000|MID=36000|usb_pwr_therm=29969|btmspkr_therm=29947|disp_therm=29991|north_therm=30793|soc_therm=33531|battery=30300|battery_cycle=5|dc-mains=34000|usbc-therm-adc=340|max77779fg=30300|LITTLE=36000|soc=8|smpl_gm=0|vdroop1=0|batoilo=0|batoilo2=0|batt_vs=30295|mdis_morepower=0|thb_hda=51|cp_on_chip_0=35000|cp_on_chip_1=36000|G3D=35000|cp_on_chip_2=36000|cp_on_chip_3=34000|cp_on_chip_4=34000|rf2_therm=32000|rf1_therm=33000|ISP=35000|TPU=35000|AUR=35000|rfpa_therm=31616|quiet_therm=32039|charging_therm=33664|,BIG=36000|MID=37000|usb_pwr_therm=29969|btmspkr_therm=29947|disp_therm=29991|north_therm=30793|soc_therm=33531|battery=30300|battery_cycle=5|dc-mains=34000|usbc-therm-adc=340|max77779fg=30300|LITTLE=37000|soc=8|smpl_gm=0|vdroop1=0|batoilo=0|batoilo2=0|batt_vs=30296|mdis_morepower=0|thb_hda=51|cp_on_chip_0=35000|cp_on_chip_1=36000|G3D=36000|cp_on_chip_2=36000|cp_on_chip_3=34000|cp_on_chip_4=34000|rf2_therm=32000|rf1_therm=33000|ISP=35000|TPU=36000|AUR=35000|rfpa_therm=31616|quiet_therm=32039|charging_therm=33664|,ok,39000,37000,0,37000,1,batched,touched,4096,8192,13,1,7505046,8192,1108561,0,4,4,ok
1,4,nvhe,4,578000,1795000,36000,38000,BIG=36000|MID=36000|usb_pwr_therm=29969|btmspkr_therm=29947|disp_therm=29991|north_therm=30793|soc_therm=33531|battery=30300|battery_cycle=5|dc-mains=34000|usbc-therm-adc=340|max77779fg=30300|LITTLE=36000|soc=8|smpl_gm=0|vdroop1=0|batoilo=0|batoilo2=0|batt_vs=30295|mdis_morepower=0|thb_hda=51|cp_on_chip_0=35000|cp_on_chip_1=36000|G3D=35000|cp_on_chip_2=36000|cp_on_chip_3=34000|cp_on_chip_4=34000|rf2_therm=32000|rf1_therm=33000|ISP=35000|TPU=35000|AUR=35000|rfpa_therm=31616|quiet_therm=32039|charging_therm=33664|,BIG=36000|MID=37000|usb_pwr_therm=29969|btmspkr_therm=29947|disp_therm=29991|north_therm=30793|soc_therm=33531|battery=30300|battery_cycle=5|dc-mains=34000|usbc-therm-adc=340|max77779fg=30300|LITTLE=37000|soc=8|smpl_gm=0|vdroop1=0|batoilo=0|batoilo2=0|batt_vs=30296|mdis_morepower=0|thb_hda=51|cp_on_chip_0=35000|cp_on_chip_1=36000|G3D=36000|cp_on_chip_2=36000|cp_on_chip_3=34000|cp_on_chip_4=34000|rf2_therm=32000|rf1_therm=33000|ISP=35000|TPU=36000|AUR=35000|rfpa_therm=31616|quiet_therm=32039|charging_therm=33664|,ok,39000,37000,0,37000,1,batched,touched,4096,8192,14,1,7441040,8192,1112182,0,4,4,ok
1,4,nvhe,4,578000,1795000,36000,38000,BIG=36000|MID=36000|usb_pwr_therm=29969|btmspkr_therm=29947|disp_therm=29991|north_therm=30793|soc_therm=33531|battery=30300|battery_cycle=5|dc-mains=34000|usbc-therm-adc=340|max77779fg=30300|LITTLE=36000|soc=8|smpl_gm=0|vdroop1=0|batoilo=0|batoilo2=0|batt_vs=30295|mdis_morepower=0|thb_hda=51|cp_on_chip_0=35000|cp_on_chip_1=36000|G3D=35000|cp_on_chip_2=36000|cp_on_chip_3=34000|cp_on_chip_4=34000|rf2_therm=32000|rf1_therm=33000|ISP=35000|TPU=35000|AUR=35000|rfpa_therm=31616|quiet_therm=32039|charging_therm=33664|,BIG=36000|MID=37000|usb_pwr_therm=29969|btmspkr_therm=29947|disp_therm=29991|north_therm=30793|soc_therm=33531|battery=30300|battery_cycle=5|dc-mains=34000|usbc-therm-adc=340|max77779fg=30300|LITTLE=37000|soc=8|smpl_gm=0|vdroop1=0|batoilo=0|batoilo2=0|batt_vs=30296|mdis_morepower=0|thb_hda=51|cp_on_chip_0=35000|cp_on_chip_1=36000|G3D=36000|cp_on_chip_2=36000|cp_on_chip_3=34000|cp_on_chip_4=34000|rf2_therm=32000|rf1_therm=33000|ISP=35000|TPU=36000|AUR=35000|rfpa_therm=31616|quiet_therm=32039|charging_therm=33664|,ok,39000,37000,0,37000,1,batched,touched,4096,8192,15,1,7429037,8192,1103190,0,4,4,ok
1,4,nvhe,4,578000,1795000,36000,38000,BIG=36000|MID=36000|usb_pwr_therm=29969|btmspkr_therm=29947|disp_therm=29991|north_therm=30793|soc_therm=33531|battery=30300|battery_cycle=5|dc-mains=34000|usbc-therm-adc=340|max77779fg=30300|LITTLE=36000|soc=8|smpl_gm=0|vdroop1=0|batoilo=0|batoilo2=0|batt_vs=30295|mdis_morepower=0|thb_hda=51|cp_on_chip_0=35000|cp_on_chip_1=36000|G3D=35000|cp_on_chip_2=36000|cp_on_chip_3=34000|cp_on_chip_4=34000|rf2_therm=32000|rf1_therm=33000|ISP=35000|TPU=35000|AUR=35000|rfpa_therm=31616|quiet_therm=32039|charging_therm=33664|,BIG=36000|MID=37000|usb_pwr_therm=29969|btmspkr_therm=29947|disp_therm=29991|north_therm=30793|soc_therm=33531|battery=30300|battery_cycle=5|dc-mains=34000|usbc-therm-adc=340|max77779fg=30300|LITTLE=37000|soc=8|smpl_gm=0|vdroop1=0|batoilo=0|batoilo2=0|batt_vs=30296|mdis_morepower=0|thb_hda=51|cp_on_chip_0=35000|cp_on_chip_1=36000|G3D=36000|cp_on_chip_2=36000|cp_on_chip_3=34000|cp_on_chip_4=34000|rf2_therm=32000|rf1_therm=33000|ISP=35000|TPU=36000|AUR=35000|rfpa_therm=31616|quiet_therm=32039|charging_therm=33664|,ok,39000,37000,0,37000,1,batched,touched,4096,8192,16,1,7510010,8192,1123820,0,4,4,ok
1,4,nvhe,4,578000,1795000,36000,38000,BIG=36000|MID=36000|usb_pwr_therm=29969|btmspkr_therm=29947|disp_therm=29991|north_therm=30793|soc_therm=33531|battery=30300|battery_cycle=5|dc-mains=34000|usbc-therm-adc=340|max77779fg=30300|LITTLE=36000|soc=8|smpl_gm=0|vdroop1=0|batoilo=0|batoilo2=0|batt_vs=30295|mdis_morepower=0|thb_hda=51|cp_on_chip_0=35000|cp_on_chip_1=36000|G3D=35000|cp_on_chip_2=36000|cp_on_chip_3=34000|cp_on_chip_4=34000|rf2_therm=32000|rf1_therm=33000|ISP=35000|TPU=35000|AUR=35000|rfpa_therm=31616|quiet_therm=32039|charging_therm=33664|,BIG=36000|MID=37000|usb_pwr_therm=29969|btmspkr_therm=29947|disp_therm=29991|north_therm=30793|soc_therm=33531|battery=30300|battery_cycle=5|dc-mains=34000|usbc-therm-adc=340|max77779fg=30300|LITTLE=37000|soc=8|smpl_gm=0|vdroop1=0|batoilo=0|batoilo2=0|batt_vs=30296|mdis_morepower=0|thb_hda=51|cp_on_chip_0=35000|cp_on_chip_1=36000|G3D=36000|cp_on_chip_2=36000|cp_on_chip_3=34000|cp_on_chip_4=34000|rf2_therm=32000|rf1_therm=33000|ISP=35000|TPU=36000|AUR=35000|rfpa_therm=31616|quiet_therm=32039|charging_therm=33664|,ok,39000,37000,0,37000,1,batched,touched,4096,8192,17,1,7514323,8192,1247477,0,4,4,ok
1,4,nvhe,4,578000,1795000,36000,38000,BIG=36000|MID=36000|usb_pwr_therm=29969|btmspkr_therm=29947|disp_therm=29991|north_therm=30793|soc_therm=33531|battery=30300|battery_cycle=5|dc-mains=34000|usbc-therm-adc=340|max77779fg=30300|LITTLE=36000|soc=8|smpl_gm=0|vdroop1=0|batoilo=0|batoilo2=0|batt_vs=30295|mdis_morepower=0|thb_hda=51|cp_on_chip_0=35000|cp_on_chip_1=36000|G3D=35000|cp_on_chip_2=36000|cp_on_chip_3=34000|cp_on_chip_4=34000|rf2_therm=32000|rf1_therm=33000|ISP=35000|TPU=35000|AUR=35000|rfpa_therm=31616|quiet_therm=32039|charging_therm=33664|,BIG=36000|MID=37000|usb_pwr_therm=29969|btmspkr_therm=29947|disp_therm=29991|north_therm=30793|soc_therm=33531|battery=30300|battery_cycle=5|dc-mains=34000|usbc-therm-adc=340|max77779fg=30300|LITTLE=37000|soc=8|smpl_gm=0|vdroop1=0|batoilo=0|batoilo2=0|batt_vs=30296|mdis_morepower=0|thb_hda=51|cp_on_chip_0=35000|cp_on_chip_1=36000|G3D=36000|cp_on_chip_2=36000|cp_on_chip_3=34000|cp_on_chip_4=34000|rf2_therm=32000|rf1_therm=33000|ISP=35000|TPU=36000|AUR=35000|rfpa_therm=31616|quiet_therm=32039|charging_therm=33664|,ok,39000,37000,0,37000,1,batched,touched,4096,8192,18,1,7698730,8192,1189046,0,4,4,ok
1,4,nvhe,4,578000,1795000,36000,38000,BIG=36000|MID=36000|usb_pwr_therm=29969|btmspkr_therm=29947|disp_therm=29991|north_therm=30793|soc_therm=33531|battery=30300|battery_cycle=5|dc-mains=34000|usbc-therm-adc=340|max77779fg=30300|LITTLE=36000|soc=8|smpl_gm=0|vdroop1=0|batoilo=0|batoilo2=0|batt_vs=30295|mdis_morepower=0|thb_hda=51|cp_on_chip_0=35000|cp_on_chip_1=36000|G3D=35000|cp_on_chip_2=36000|cp_on_chip_3=34000|cp_on_chip_4=34000|rf2_therm=32000|rf1_therm=33000|ISP=35000|TPU=35000|AUR=35000|rfpa_therm=31616|quiet_therm=32039|charging_therm=33664|,BIG=36000|MID=37000|usb_pwr_therm=29969|btmspkr_therm=29947|disp_therm=29991|north_therm=30793|soc_therm=33531|battery=30300|battery_cycle=5|dc-mains=34000|usbc-therm-adc=340|max77779fg=30300|LITTLE=37000|soc=8|smpl_gm=0|vdroop1=0|batoilo=0|batoilo2=0|batt_vs=30296|mdis_morepower=0|thb_hda=51|cp_on_chip_0=35000|cp_on_chip_1=36000|G3D=36000|cp_on_chip_2=36000|cp_on_chip_3=34000|cp_on_chip_4=34000|rf2_therm=32000|rf1_therm=33000|ISP=35000|TPU=36000|AUR=35000|rfpa_therm=31616|quiet_therm=32039|charging_therm=33664|,ok,39000,37000,0,37000,1,batched,touched,4096,8192,19,1,7655436,8192,1173340,0,4,4,ok
1,4,nvhe,4,578000,1795000,36000,38000,BIG=36000|MID=36000|usb_pwr_therm=29969|btmspkr_therm=29947|disp_therm=29991|north_therm=30793|soc_therm=33531|battery=30300|battery_cycle=5|dc-mains=34000|usbc-therm-adc=340|max77779fg=30300|LITTLE=36000|soc=8|smpl_gm=0|vdroop1=0|batoilo=0|batoilo2=0|batt_vs=30295|mdis_morepower=0|thb_hda=51|cp_on_chip_0=35000|cp_on_chip_1=36000|G3D=35000|cp_on_chip_2=36000|cp_on_chip_3=34000|cp_on_chip_4=34000|rf2_therm=32000|rf1_therm=33000|ISP=35000|TPU=35000|AUR=35000|rfpa_therm=31616|quiet_therm=32039|charging_therm=33664|,BIG=36000|MID=37000|usb_pwr_therm=29969|btmspkr_therm=29947|disp_therm=29991|north_therm=30793|soc_therm=33531|battery=30300|battery_cycle=5|dc-mains=34000|usbc-therm-adc=340|max77779fg=30300|LITTLE=37000|soc=8|smpl_gm=0|vdroop1=0|batoilo=0|batoilo2=0|batt_vs=30296|mdis_morepower=0|thb_hda=51|cp_on_chip_0=35000|cp_on_chip_1=36000|G3D=36000|cp_on_chip_2=36000|cp_on_chip_3=34000|cp_on_chip_4=34000|rf2_therm=32000|rf1_therm=33000|ISP=35000|TPU=36000|AUR=35000|rfpa_therm=31616|quiet_therm=32039|charging_therm=33664|,ok,39000,37000,0,37000,1,batched,touched,4096,8192,20,1,7727905,8192,1181640,0,4,4,ok
1,4,nvhe,4,578000,1795000,36000,38000,BIG=36000|MID=36000|usb_pwr_therm=29969|btmspkr_therm=29947|disp_therm=29991|north_therm=30793|soc_therm=33531|battery=30300|battery_cycle=5|dc-mains=34000|usbc-therm-adc=340|max77779fg=30300|LITTLE=36000|soc=8|smpl_gm=0|vdroop1=0|batoilo=0|batoilo2=0|batt_vs=30295|mdis_morepower=0|thb_hda=51|cp_on_chip_0=35000|cp_on_chip_1=36000|G3D=35000|cp_on_chip_2=36000|cp_on_chip_3=34000|cp_on_chip_4=34000|rf2_therm=32000|rf1_therm=33000|ISP=35000|TPU=35000|AUR=35000|rfpa_therm=31616|quiet_therm=32039|charging_therm=33664|,BIG=36000|MID=37000|usb_pwr_therm=29969|btmspkr_therm=29947|disp_therm=29991|north_therm=30793|soc_therm=33531|battery=30300|battery_cycle=5|dc-mains=34000|usbc-therm-adc=340|max77779fg=30300|LITTLE=37000|soc=8|smpl_gm=0|vdroop1=0|batoilo=0|batoilo2=0|batt_vs=30296|mdis_morepower=0|thb_hda=51|cp_on_chip_0=35000|cp_on_chip_1=36000|G3D=36000|cp_on_chip_2=36000|cp_on_chip_3=34000|cp_on_chip_4=34000|rf2_therm=32000|rf1_therm=33000|ISP=35000|TPU=36000|AUR=35000|rfpa_therm=31616|quiet_therm=32039|charging_therm=33664|,ok,39000,37000,0,37000,1,batched,touched,4096,8192,21,1,7584269,8192,1256754,0,4,4,ok
1,4,nvhe,4,578000,1795000,36000,38000,BIG=36000|MID=36000|usb_pwr_therm=29969|btmspkr_therm=29947|disp_therm=29991|north_therm=30793|soc_therm=33531|battery=30300|battery_cycle=5|dc-mains=34000|usbc-therm-adc=340|max77779fg=30300|LITTLE=36000|soc=8|smpl_gm=0|vdroop1=0|batoilo=0|batoilo2=0|batt_vs=30295|mdis_morepower=0|thb_hda=51|cp_on_chip_0=35000|cp_on_chip_1=36000|G3D=35000|cp_on_chip_2=36000|cp_on_chip_3=34000|cp_on_chip_4=34000|rf2_therm=32000|rf1_therm=33000|ISP=35000|TPU=35000|AUR=35000|rfpa_therm=31616|quiet_therm=32039|charging_therm=33664|,BIG=36000|MID=37000|usb_pwr_therm=29969|btmspkr_therm=29947|disp_therm=29991|north_therm=30793|soc_therm=33531|battery=30300|battery_cycle=5|dc-mains=34000|usbc-therm-adc=340|max77779fg=30300|LITTLE=37000|soc=8|smpl_gm=0|vdroop1=0|batoilo=0|batoilo2=0|batt_vs=30296|mdis_morepower=0|thb_hda=51|cp_on_chip_0=35000|cp_on_chip_1=36000|G3D=36000|cp_on_chip_2=36000|cp_on_chip_3=34000|cp_on_chip_4=34000|rf2_therm=32000|rf1_therm=33000|ISP=35000|TPU=36000|AUR=35000|rfpa_therm=31616|quiet_therm=32039|charging_therm=33664|,ok,39000,37000,0,37000,1,batched,touched,4096,8192,22,1,7738607,8192,1148478,0,4,4,ok
1,4,nvhe,4,578000,1795000,36000,38000,BIG=36000|MID=36000|usb_pwr_therm=29969|btmspkr_therm=29947|disp_therm=29991|north_therm=30793|soc_therm=33531|battery=30300|battery_cycle=5|dc-mains=34000|usbc-therm-adc=340|max77779fg=30300|LITTLE=36000|soc=8|smpl_gm=0|vdroop1=0|batoilo=0|batoilo2=0|batt_vs=30295|mdis_morepower=0|thb_hda=51|cp_on_chip_0=35000|cp_on_chip_1=36000|G3D=35000|cp_on_chip_2=36000|cp_on_chip_3=34000|cp_on_chip_4=34000|rf2_therm=32000|rf1_therm=33000|ISP=35000|TPU=35000|AUR=35000|rfpa_therm=31616|quiet_therm=32039|charging_therm=33664|,BIG=36000|MID=37000|usb_pwr_therm=29969|btmspkr_therm=29947|disp_therm=29991|north_therm=30793|soc_therm=33531|battery=30300|battery_cycle=5|dc-mains=34000|usbc-therm-adc=340|max77779fg=30300|LITTLE=37000|soc=8|smpl_gm=0|vdroop1=0|batoilo=0|batoilo2=0|batt_vs=30296|mdis_morepower=0|thb_hda=51|cp_on_chip_0=35000|cp_on_chip_1=36000|G3D=36000|cp_on_chip_2=36000|cp_on_chip_3=34000|cp_on_chip_4=34000|rf2_therm=32000|rf1_therm=33000|ISP=35000|TPU=36000|AUR=35000|rfpa_therm=31616|quiet_therm=32039|charging_therm=33664|,ok,39000,37000,0,37000,1,batched,touched,4096,8192,23,1,7522542,8192,1161702,0,4,4,ok
1,4,nvhe,4,578000,1795000,36000,38000,BIG=36000|MID=36000|usb_pwr_therm=29969|btmspkr_therm=29947|disp_therm=29991|north_therm=30793|soc_therm=33531|battery=30300|battery_cycle=5|dc-mains=34000|usbc-therm-adc=340|max77779fg=30300|LITTLE=36000|soc=8|smpl_gm=0|vdroop1=0|batoilo=0|batoilo2=0|batt_vs=30295|mdis_morepower=0|thb_hda=51|cp_on_chip_0=35000|cp_on_chip_1=36000|G3D=35000|cp_on_chip_2=36000|cp_on_chip_3=34000|cp_on_chip_4=34000|rf2_therm=32000|rf1_therm=33000|ISP=35000|TPU=35000|AUR=35000|rfpa_therm=31616|quiet_therm=32039|charging_therm=33664|,BIG=36000|MID=37000|usb_pwr_therm=29969|btmspkr_therm=29947|disp_therm=29991|north_therm=30793|soc_therm=33531|battery=30300|battery_cycle=5|dc-mains=34000|usbc-therm-adc=340|max77779fg=30300|LITTLE=37000|soc=8|smpl_gm=0|vdroop1=0|batoilo=0|batoilo2=0|batt_vs=30296|mdis_morepower=0|thb_hda=51|cp_on_chip_0=35000|cp_on_chip_1=36000|G3D=36000|cp_on_chip_2=36000|cp_on_chip_3=34000|cp_on_chip_4=34000|rf2_therm=32000|rf1_therm=33000|ISP=35000|TPU=36000|AUR=35000|rfpa_therm=31616|quiet_therm=32039|charging_therm=33664|,ok,39000,37000,0,37000,1,batched,touched,4096,8192,24,1,7565959,8192,1148803,0,4,4,ok
1,4,nvhe,4,578000,1795000,36000,38000,BIG=36000|MID=36000|usb_pwr_therm=29969|btmspkr_therm=29947|disp_therm=29991|north_therm=30793|soc_therm=33531|battery=30300|battery_cycle=5|dc-mains=34000|usbc-therm-adc=340|max77779fg=30300|LITTLE=36000|soc=8|smpl_gm=0|vdroop1=0|batoilo=0|batoilo2=0|batt_vs=30295|mdis_morepower=0|thb_hda=51|cp_on_chip_0=35000|cp_on_chip_1=36000|G3D=35000|cp_on_chip_2=36000|cp_on_chip_3=34000|cp_on_chip_4=34000|rf2_therm=32000|rf1_therm=33000|ISP=35000|TPU=35000|AUR=35000|rfpa_therm=31616|quiet_therm=32039|charging_therm=33664|,BIG=36000|MID=37000|usb_pwr_therm=29969|btmspkr_therm=29947|disp_therm=29991|north_therm=30793|soc_therm=33531|battery=30300|battery_cycle=5|dc-mains=34000|usbc-therm-adc=340|max77779fg=30300|LITTLE=37000|soc=8|smpl_gm=0|vdroop1=0|batoilo=0|batoilo2=0|batt_vs=30296|mdis_morepower=0|thb_hda=51|cp_on_chip_0=35000|cp_on_chip_1=36000|G3D=36000|cp_on_chip_2=36000|cp_on_chip_3=34000|cp_on_chip_4=34000|rf2_therm=32000|rf1_therm=33000|ISP=35000|TPU=36000|AUR=35000|rfpa_therm=31616|quiet_therm=32039|charging_therm=33664|,ok,39000,37000,0,37000,1,batched,touched,4096,8192,25,1,7474040,8192,1146769,0,4,4,ok
1,4,nvhe,4,578000,1795000,36000,38000,BIG=36000|MID=36000|usb_pwr_therm=29969|btmspkr_therm=29947|disp_therm=29991|north_therm=30793|soc_therm=33531|battery=30300|battery_cycle=5|dc-mains=34000|usbc-therm-adc=340|max77779fg=30300|LITTLE=36000|soc=8|smpl_gm=0|vdroop1=0|batoilo=0|batoilo2=0|batt_vs=30295|mdis_morepower=0|thb_hda=51|cp_on_chip_0=35000|cp_on_chip_1=36000|G3D=35000|cp_on_chip_2=36000|cp_on_chip_3=34000|cp_on_chip_4=34000|rf2_therm=32000|rf1_therm=33000|ISP=35000|TPU=35000|AUR=35000|rfpa_therm=31616|quiet_therm=32039|charging_therm=33664|,BIG=36000|MID=37000|usb_pwr_therm=29969|btmspkr_therm=29947|disp_therm=29991|north_therm=30793|soc_therm=33531|battery=30300|battery_cycle=5|dc-mains=34000|usbc-therm-adc=340|max77779fg=30300|LITTLE=37000|soc=8|smpl_gm=0|vdroop1=0|batoilo=0|batoilo2=0|batt_vs=30296|mdis_morepower=0|thb_hda=51|cp_on_chip_0=35000|cp_on_chip_1=36000|G3D=36000|cp_on_chip_2=36000|cp_on_chip_3=34000|cp_on_chip_4=34000|rf2_therm=32000|rf1_therm=33000|ISP=35000|TPU=36000|AUR=35000|rfpa_therm=31616|quiet_therm=32039|charging_therm=33664|,ok,39000,37000,0,37000,1,batched,touched,4096,8192,26,1,7606690,8192,1155925,0,4,4,ok
1,4,nvhe,4,578000,1795000,36000,38000,BIG=36000|MID=36000|usb_pwr_therm=29969|btmspkr_therm=29947|disp_therm=29991|north_therm=30793|soc_therm=33531|battery=30300|battery_cycle=5|dc-mains=34000|usbc-therm-adc=340|max77779fg=30300|LITTLE=36000|soc=8|smpl_gm=0|vdroop1=0|batoilo=0|batoilo2=0|batt_vs=30295|mdis_morepower=0|thb_hda=51|cp_on_chip_0=35000|cp_on_chip_1=36000|G3D=35000|cp_on_chip_2=36000|cp_on_chip_3=34000|cp_on_chip_4=34000|rf2_therm=32000|rf1_therm=33000|ISP=35000|TPU=35000|AUR=35000|rfpa_therm=31616|quiet_therm=32039|charging_therm=33664|,BIG=36000|MID=37000|usb_pwr_therm=29969|btmspkr_therm=29947|disp_therm=29991|north_therm=30793|soc_therm=33531|battery=30300|battery_cycle=5|dc-mains=34000|usbc-therm-adc=340|max77779fg=30300|LITTLE=37000|soc=8|smpl_gm=0|vdroop1=0|batoilo=0|batoilo2=0|batt_vs=30296|mdis_morepower=0|thb_hda=51|cp_on_chip_0=35000|cp_on_chip_1=36000|G3D=36000|cp_on_chip_2=36000|cp_on_chip_3=34000|cp_on_chip_4=34000|rf2_therm=32000|rf1_therm=33000|ISP=35000|TPU=36000|AUR=35000|rfpa_therm=31616|quiet_therm=32039|charging_therm=33664|,ok,39000,37000,0,37000,1,batched,touched,4096,8192,27,1,7628296,8192,1131063,0,4,4,ok
1,4,nvhe,4,578000,1795000,36000,38000,BIG=36000|MID=36000|usb_pwr_therm=29969|btmspkr_therm=29947|disp_therm=29991|north_therm=30793|soc_therm=33531|battery=30300|battery_cycle=5|dc-mains=34000|usbc-therm-adc=340|max77779fg=30300|LITTLE=36000|soc=8|smpl_gm=0|vdroop1=0|batoilo=0|batoilo2=0|batt_vs=30295|mdis_morepower=0|thb_hda=51|cp_on_chip_0=35000|cp_on_chip_1=36000|G3D=35000|cp_on_chip_2=36000|cp_on_chip_3=34000|cp_on_chip_4=34000|rf2_therm=32000|rf1_therm=33000|ISP=35000|TPU=35000|AUR=35000|rfpa_therm=31616|quiet_therm=32039|charging_therm=33664|,BIG=36000|MID=37000|usb_pwr_therm=29969|btmspkr_therm=29947|disp_therm=29991|north_therm=30793|soc_therm=33531|battery=30300|battery_cycle=5|dc-mains=34000|usbc-therm-adc=340|max77779fg=30300|LITTLE=37000|soc=8|smpl_gm=0|vdroop1=0|batoilo=0|batoilo2=0|batt_vs=30296|mdis_morepower=0|thb_hda=51|cp_on_chip_0=35000|cp_on_chip_1=36000|G3D=36000|cp_on_chip_2=36000|cp_on_chip_3=34000|cp_on_chip_4=34000|rf2_therm=32000|rf1_therm=33000|ISP=35000|TPU=36000|AUR=35000|rfpa_therm=31616|quiet_therm=32039|charging_therm=33664|,ok,39000,37000,0,37000,1,batched,touched,4096,8192,28,1,7556396,8192,1137248,0,4,4,ok
1,4,nvhe,4,578000,1795000,36000,38000,BIG=36000|MID=36000|usb_pwr_therm=29969|btmspkr_therm=29947|disp_therm=29991|north_therm=30793|soc_therm=33531|battery=30300|battery_cycle=5|dc-mains=34000|usbc-therm-adc=340|max77779fg=30300|LITTLE=36000|soc=8|smpl_gm=0|vdroop1=0|batoilo=0|batoilo2=0|batt_vs=30295|mdis_morepower=0|thb_hda=51|cp_on_chip_0=35000|cp_on_chip_1=36000|G3D=35000|cp_on_chip_2=36000|cp_on_chip_3=34000|cp_on_chip_4=34000|rf2_therm=32000|rf1_therm=33000|ISP=35000|TPU=35000|AUR=35000|rfpa_therm=31616|quiet_therm=32039|charging_therm=33664|,BIG=36000|MID=37000|usb_pwr_therm=29969|btmspkr_therm=29947|disp_therm=29991|north_therm=30793|soc_therm=33531|battery=30300|battery_cycle=5|dc-mains=34000|usbc-therm-adc=340|max77779fg=30300|LITTLE=37000|soc=8|smpl_gm=0|vdroop1=0|batoilo=0|batoilo2=0|batt_vs=30296|mdis_morepower=0|thb_hda=51|cp_on_chip_0=35000|cp_on_chip_1=36000|G3D=36000|cp_on_chip_2=36000|cp_on_chip_3=34000|cp_on_chip_4=34000|rf2_therm=32000|rf1_therm=33000|ISP=35000|TPU=36000|AUR=35000|rfpa_therm=31616|quiet_therm=32039|charging_therm=33664|,ok,39000,37000,0,37000,1,batched,touched,4096,8192,29,1,7476888,8192,1128743,0,4,4,ok
1,5,nvhe,4,910000,1418000,37000,38000,BIG=36000|MID=37000|usb_pwr_therm=29969|btmspkr_therm=29947|disp_therm=29991|north_therm=30793|soc_therm=33620|battery=30300|battery_cycle=5|dc-mains=34000|usbc-therm-adc=340|max77779fg=30300|LITTLE=36000|soc=8|smpl_gm=0|vdroop1=0|batoilo=0|batoilo2=0|batt_vs=30296|mdis_morepower=0|thb_hda=51|cp_on_chip_0=35000|cp_on_chip_1=36000|G3D=36000|cp_on_chip_2=36000|cp_on_chip_3=34000|cp_on_chip_4=34000|rf2_therm=32000|rf1_therm=33000|ISP=34000|TPU=35000|AUR=35000|rfpa_therm=31616|quiet_therm=32084|charging_therm=33753|,BIG=37000|MID=37000|usb_pwr_therm=29969|btmspkr_therm=29947|disp_therm=29991|north_therm=30793|soc_therm=33686|battery=30300|battery_cycle=5|dc-mains=34000|usbc-therm-adc=340|max77779fg=30300|LITTLE=37000|soc=8|smpl_gm=0|vdroop1=0|batoilo=0|batoilo2=0|batt_vs=30296|mdis_morepower=0|thb_hda=51|cp_on_chip_0=35000|cp_on_chip_1=36000|G3D=36000|cp_on_chip_2=36000|cp_on_chip_3=34000|cp_on_chip_4=34000|rf2_therm=32000|rf1_therm=33000|ISP=35000|TPU=36000|AUR=35000|rfpa_therm=31616|quiet_therm=32084|charging_therm=33753|,ok,39000,36000,0,36000,1,single,touched,4096,1024,0,1024,2502971,1024,2195190,0,4,4,ok
1,5,nvhe,4,910000,1418000,37000,38000,BIG=36000|MID=37000|usb_pwr_therm=29969|btmspkr_therm=29947|disp_therm=29991|north_therm=30793|soc_therm=33620|battery=30300|battery_cycle=5|dc-mains=34000|usbc-therm-adc=340|max77779fg=30300|LITTLE=36000|soc=8|smpl_gm=0|vdroop1=0|batoilo=0|batoilo2=0|batt_vs=30296|mdis_morepower=0|thb_hda=51|cp_on_chip_0=35000|cp_on_chip_1=36000|G3D=36000|cp_on_chip_2=36000|cp_on_chip_3=34000|cp_on_chip_4=34000|rf2_therm=32000|rf1_therm=33000|ISP=34000|TPU=35000|AUR=35000|rfpa_therm=31616|quiet_therm=32084|charging_therm=33753|,BIG=37000|MID=37000|usb_pwr_therm=29969|btmspkr_therm=29947|disp_therm=29991|north_therm=30793|soc_therm=33686|battery=30300|battery_cycle=5|dc-mains=34000|usbc-therm-adc=340|max77779fg=30300|LITTLE=37000|soc=8|smpl_gm=0|vdroop1=0|batoilo=0|batoilo2=0|batt_vs=30296|mdis_morepower=0|thb_hda=51|cp_on_chip_0=35000|cp_on_chip_1=36000|G3D=36000|cp_on_chip_2=36000|cp_on_chip_3=34000|cp_on_chip_4=34000|rf2_therm=32000|rf1_therm=33000|ISP=35000|TPU=36000|AUR=35000|rfpa_therm=31616|quiet_therm=32084|charging_therm=33753|,ok,39000,36000,0,36000,1,single,touched,4096,1024,1,1024,1402059,1024,1146729,0,4,4,ok
1,5,nvhe,4,910000,1418000,37000,38000,BIG=36000|MID=37000|usb_pwr_therm=29969|btmspkr_therm=29947|disp_therm=29991|north_therm=30793|soc_therm=33620|battery=30300|battery_cycle=5|dc-mains=34000|usbc-therm-adc=340|max77779fg=30300|LITTLE=36000|soc=8|smpl_gm=0|vdroop1=0|batoilo=0|batoilo2=0|batt_vs=30296|mdis_morepower=0|thb_hda=51|cp_on_chip_0=35000|cp_on_chip_1=36000|G3D=36000|cp_on_chip_2=36000|cp_on_chip_3=34000|cp_on_chip_4=34000|rf2_therm=32000|rf1_therm=33000|ISP=34000|TPU=35000|AUR=35000|rfpa_therm=31616|quiet_therm=32084|charging_therm=33753|,BIG=37000|MID=37000|usb_pwr_therm=29969|btmspkr_therm=29947|disp_therm=29991|north_therm=30793|soc_therm=33686|battery=30300|battery_cycle=5|dc-mains=34000|usbc-therm-adc=340|max77779fg=30300|LITTLE=37000|soc=8|smpl_gm=0|vdroop1=0|batoilo=0|batoilo2=0|batt_vs=30296|mdis_morepower=0|thb_hda=51|cp_on_chip_0=35000|cp_on_chip_1=36000|G3D=36000|cp_on_chip_2=36000|cp_on_chip_3=34000|cp_on_chip_4=34000|rf2_therm=32000|rf1_therm=33000|ISP=35000|TPU=36000|AUR=35000|rfpa_therm=31616|quiet_therm=32084|charging_therm=33753|,ok,39000,36000,0,36000,1,single,touched,4096,1024,2,1024,1308391,1024,1221802,0,4,4,ok
1,5,nvhe,4,910000,1418000,37000,38000,BIG=36000|MID=37000|usb_pwr_therm=29969|btmspkr_therm=29947|disp_therm=29991|north_therm=30793|soc_therm=33620|battery=30300|battery_cycle=5|dc-mains=34000|usbc-therm-adc=340|max77779fg=30300|LITTLE=36000|soc=8|smpl_gm=0|vdroop1=0|batoilo=0|batoilo2=0|batt_vs=30296|mdis_morepower=0|thb_hda=51|cp_on_chip_0=35000|cp_on_chip_1=36000|G3D=36000|cp_on_chip_2=36000|cp_on_chip_3=34000|cp_on_chip_4=34000|rf2_therm=32000|rf1_therm=33000|ISP=34000|TPU=35000|AUR=35000|rfpa_therm=31616|quiet_therm=32084|charging_therm=33753|,BIG=37000|MID=37000|usb_pwr_therm=29969|btmspkr_therm=29947|disp_therm=29991|north_therm=30793|soc_therm=33686|battery=30300|battery_cycle=5|dc-mains=34000|usbc-therm-adc=340|max77779fg=30300|LITTLE=37000|soc=8|smpl_gm=0|vdroop1=0|batoilo=0|batoilo2=0|batt_vs=30296|mdis_morepower=0|thb_hda=51|cp_on_chip_0=35000|cp_on_chip_1=36000|G3D=36000|cp_on_chip_2=36000|cp_on_chip_3=34000|cp_on_chip_4=34000|rf2_therm=32000|rf1_therm=33000|ISP=35000|TPU=36000|AUR=35000|rfpa_therm=31616|quiet_therm=32084|charging_therm=33753|,ok,39000,36000,0,36000,1,single,touched,4096,1024,3,1024,1014852,1024,1024577,0,4,4,ok
1,5,nvhe,4,910000,1418000,37000,38000,BIG=36000|MID=37000|usb_pwr_therm=29969|btmspkr_therm=29947|disp_therm=29991|north_therm=30793|soc_therm=33620|battery=30300|battery_cycle=5|dc-mains=34000|usbc-therm-adc=340|max77779fg=30300|LITTLE=36000|soc=8|smpl_gm=0|vdroop1=0|batoilo=0|batoilo2=0|batt_vs=30296|mdis_morepower=0|thb_hda=51|cp_on_chip_0=35000|cp_on_chip_1=36000|G3D=36000|cp_on_chip_2=36000|cp_on_chip_3=34000|cp_on_chip_4=34000|rf2_therm=32000|rf1_therm=33000|ISP=34000|TPU=35000|AUR=35000|rfpa_therm=31616|quiet_therm=32084|charging_therm=33753|,BIG=37000|MID=37000|usb_pwr_therm=29969|btmspkr_therm=29947|disp_therm=29991|north_therm=30793|soc_therm=33686|battery=30300|battery_cycle=5|dc-mains=34000|usbc-therm-adc=340|max77779fg=30300|LITTLE=37000|soc=8|smpl_gm=0|vdroop1=0|batoilo=0|batoilo2=0|batt_vs=30296|mdis_morepower=0|thb_hda=51|cp_on_chip_0=35000|cp_on_chip_1=36000|G3D=36000|cp_on_chip_2=36000|cp_on_chip_3=34000|cp_on_chip_4=34000|rf2_therm=32000|rf1_therm=33000|ISP=35000|TPU=36000|AUR=35000|rfpa_therm=31616|quiet_therm=32084|charging_therm=33753|,ok,39000,36000,0,36000,1,single,touched,4096,1024,4,1024,909668,1024,895467,0,4,4,ok
1,5,nvhe,4,910000,1418000,37000,38000,BIG=36000|MID=37000|usb_pwr_therm=29969|btmspkr_therm=29947|disp_therm=29991|north_therm=30793|soc_therm=33620|battery=30300|battery_cycle=5|dc-mains=34000|usbc-therm-adc=340|max77779fg=30300|LITTLE=36000|soc=8|smpl_gm=0|vdroop1=0|batoilo=0|batoilo2=0|batt_vs=30296|mdis_morepower=0|thb_hda=51|cp_on_chip_0=35000|cp_on_chip_1=36000|G3D=36000|cp_on_chip_2=36000|cp_on_chip_3=34000|cp_on_chip_4=34000|rf2_therm=32000|rf1_therm=33000|ISP=34000|TPU=35000|AUR=35000|rfpa_therm=31616|quiet_therm=32084|charging_therm=33753|,BIG=37000|MID=37000|usb_pwr_therm=29969|btmspkr_therm=29947|disp_therm=29991|north_therm=30793|soc_therm=33686|battery=30300|battery_cycle=5|dc-mains=34000|usbc-therm-adc=340|max77779fg=30300|LITTLE=37000|soc=8|smpl_gm=0|vdroop1=0|batoilo=0|batoilo2=0|batt_vs=30296|mdis_morepower=0|thb_hda=51|cp_on_chip_0=35000|cp_on_chip_1=36000|G3D=36000|cp_on_chip_2=36000|cp_on_chip_3=34000|cp_on_chip_4=34000|rf2_therm=32000|rf1_therm=33000|ISP=35000|TPU=36000|AUR=35000|rfpa_therm=31616|quiet_therm=32084|charging_therm=33753|,ok,39000,36000,0,36000,1,single,touched,4096,1024,5,1024,826416,1024,855468,0,4,4,ok
1,5,nvhe,4,910000,1418000,37000,38000,BIG=36000|MID=37000|usb_pwr_therm=29969|btmspkr_therm=29947|disp_therm=29991|north_therm=30793|soc_therm=33620|battery=30300|battery_cycle=5|dc-mains=34000|usbc-therm-adc=340|max77779fg=30300|LITTLE=36000|soc=8|smpl_gm=0|vdroop1=0|batoilo=0|batoilo2=0|batt_vs=30296|mdis_morepower=0|thb_hda=51|cp_on_chip_0=35000|cp_on_chip_1=36000|G3D=36000|cp_on_chip_2=36000|cp_on_chip_3=34000|cp_on_chip_4=34000|rf2_therm=32000|rf1_therm=33000|ISP=34000|TPU=35000|AUR=35000|rfpa_therm=31616|quiet_therm=32084|charging_therm=33753|,BIG=37000|MID=37000|usb_pwr_therm=29969|btmspkr_therm=29947|disp_therm=29991|north_therm=30793|soc_therm=33686|battery=30300|battery_cycle=5|dc-mains=34000|usbc-therm-adc=340|max77779fg=30300|LITTLE=37000|soc=8|smpl_gm=0|vdroop1=0|batoilo=0|batoilo2=0|batt_vs=30296|mdis_morepower=0|thb_hda=51|cp_on_chip_0=35000|cp_on_chip_1=36000|G3D=36000|cp_on_chip_2=36000|cp_on_chip_3=34000|cp_on_chip_4=34000|rf2_therm=32000|rf1_therm=33000|ISP=35000|TPU=36000|AUR=35000|rfpa_therm=31616|quiet_therm=32084|charging_therm=33753|,ok,39000,36000,0,36000,1,single,touched,4096,1024,6,1024,857299,1024,827107,0,4,4,ok
1,5,nvhe,4,910000,1418000,37000,38000,BIG=36000|MID=37000|usb_pwr_therm=29969|btmspkr_therm=29947|disp_therm=29991|north_therm=30793|soc_therm=33620|battery=30300|battery_cycle=5|dc-mains=34000|usbc-therm-adc=340|max77779fg=30300|LITTLE=36000|soc=8|smpl_gm=0|vdroop1=0|batoilo=0|batoilo2=0|batt_vs=30296|mdis_morepower=0|thb_hda=51|cp_on_chip_0=35000|cp_on_chip_1=36000|G3D=36000|cp_on_chip_2=36000|cp_on_chip_3=34000|cp_on_chip_4=34000|rf2_therm=32000|rf1_therm=33000|ISP=34000|TPU=35000|AUR=35000|rfpa_therm=31616|quiet_therm=32084|charging_therm=33753|,BIG=37000|MID=37000|usb_pwr_therm=29969|btmspkr_therm=29947|disp_therm=29991|north_therm=30793|soc_therm=33686|battery=30300|battery_cycle=5|dc-mains=34000|usbc-therm-adc=340|max77779fg=30300|LITTLE=37000|soc=8|smpl_gm=0|vdroop1=0|batoilo=0|batoilo2=0|batt_vs=30296|mdis_morepower=0|thb_hda=51|cp_on_chip_0=35000|cp_on_chip_1=36000|G3D=36000|cp_on_chip_2=36000|cp_on_chip_3=34000|cp_on_chip_4=34000|rf2_therm=32000|rf1_therm=33000|ISP=35000|TPU=36000|AUR=35000|rfpa_therm=31616|quiet_therm=32084|charging_therm=33753|,ok,39000,36000,0,36000,1,single,touched,4096,1024,7,1024,823120,1024,849487,0,4,4,ok
1,5,nvhe,4,910000,1418000,37000,38000,BIG=36000|MID=37000|usb_pwr_therm=29969|btmspkr_therm=29947|disp_therm=29991|north_therm=30793|soc_therm=33620|battery=30300|battery_cycle=5|dc-mains=34000|usbc-therm-adc=340|max77779fg=30300|LITTLE=36000|soc=8|smpl_gm=0|vdroop1=0|batoilo=0|batoilo2=0|batt_vs=30296|mdis_morepower=0|thb_hda=51|cp_on_chip_0=35000|cp_on_chip_1=36000|G3D=36000|cp_on_chip_2=36000|cp_on_chip_3=34000|cp_on_chip_4=34000|rf2_therm=32000|rf1_therm=33000|ISP=34000|TPU=35000|AUR=35000|rfpa_therm=31616|quiet_therm=32084|charging_therm=33753|,BIG=37000|MID=37000|usb_pwr_therm=29969|btmspkr_therm=29947|disp_therm=29991|north_therm=30793|soc_therm=33686|battery=30300|battery_cycle=5|dc-mains=34000|usbc-therm-adc=340|max77779fg=30300|LITTLE=37000|soc=8|smpl_gm=0|vdroop1=0|batoilo=0|batoilo2=0|batt_vs=30296|mdis_morepower=0|thb_hda=51|cp_on_chip_0=35000|cp_on_chip_1=36000|G3D=36000|cp_on_chip_2=36000|cp_on_chip_3=34000|cp_on_chip_4=34000|rf2_therm=32000|rf1_therm=33000|ISP=35000|TPU=36000|AUR=35000|rfpa_therm=31616|quiet_therm=32084|charging_therm=33753|,ok,39000,36000,0,36000,1,single,touched,4096,1024,8,1024,833008,1024,837809,0,4,4,ok
1,5,nvhe,4,910000,1418000,37000,38000,BIG=36000|MID=37000|usb_pwr_therm=29969|btmspkr_therm=29947|disp_therm=29991|north_therm=30793|soc_therm=33620|battery=30300|battery_cycle=5|dc-mains=34000|usbc-therm-adc=340|max77779fg=30300|LITTLE=36000|soc=8|smpl_gm=0|vdroop1=0|batoilo=0|batoilo2=0|batt_vs=30296|mdis_morepower=0|thb_hda=51|cp_on_chip_0=35000|cp_on_chip_1=36000|G3D=36000|cp_on_chip_2=36000|cp_on_chip_3=34000|cp_on_chip_4=34000|rf2_therm=32000|rf1_therm=33000|ISP=34000|TPU=35000|AUR=35000|rfpa_therm=31616|quiet_therm=32084|charging_therm=33753|,BIG=37000|MID=37000|usb_pwr_therm=29969|btmspkr_therm=29947|disp_therm=29991|north_therm=30793|soc_therm=33686|battery=30300|battery_cycle=5|dc-mains=34000|usbc-therm-adc=340|max77779fg=30300|LITTLE=37000|soc=8|smpl_gm=0|vdroop1=0|batoilo=0|batoilo2=0|batt_vs=30296|mdis_morepower=0|thb_hda=51|cp_on_chip_0=35000|cp_on_chip_1=36000|G3D=36000|cp_on_chip_2=36000|cp_on_chip_3=34000|cp_on_chip_4=34000|rf2_therm=32000|rf1_therm=33000|ISP=35000|TPU=36000|AUR=35000|rfpa_therm=31616|quiet_therm=32084|charging_therm=33753|,ok,39000,36000,0,36000,1,single,touched,4096,1024,9,1024,809611,1024,861775,0,4,4,ok
1,5,nvhe,4,910000,1418000,37000,38000,BIG=36000|MID=37000|usb_pwr_therm=29969|btmspkr_therm=29947|disp_therm=29991|north_therm=30793|soc_therm=33620|battery=30300|battery_cycle=5|dc-mains=34000|usbc-therm-adc=340|max77779fg=30300|LITTLE=36000|soc=8|smpl_gm=0|vdroop1=0|batoilo=0|batoilo2=0|batt_vs=30296|mdis_morepower=0|thb_hda=51|cp_on_chip_0=35000|cp_on_chip_1=36000|G3D=36000|cp_on_chip_2=36000|cp_on_chip_3=34000|cp_on_chip_4=34000|rf2_therm=32000|rf1_therm=33000|ISP=34000|TPU=35000|AUR=35000|rfpa_therm=31616|quiet_therm=32084|charging_therm=33753|,BIG=37000|MID=37000|usb_pwr_therm=29969|btmspkr_therm=29947|disp_therm=29991|north_therm=30793|soc_therm=33686|battery=30300|battery_cycle=5|dc-mains=34000|usbc-therm-adc=340|max77779fg=30300|LITTLE=37000|soc=8|smpl_gm=0|vdroop1=0|batoilo=0|batoilo2=0|batt_vs=30296|mdis_morepower=0|thb_hda=51|cp_on_chip_0=35000|cp_on_chip_1=36000|G3D=36000|cp_on_chip_2=36000|cp_on_chip_3=34000|cp_on_chip_4=34000|rf2_therm=32000|rf1_therm=33000|ISP=35000|TPU=36000|AUR=35000|rfpa_therm=31616|quiet_therm=32084|charging_therm=33753|,ok,39000,36000,0,36000,1,single,touched,4096,1024,10,1024,839274,1024,841919,0,4,4,ok
1,5,nvhe,4,910000,1418000,37000,38000,BIG=36000|MID=37000|usb_pwr_therm=29969|btmspkr_therm=29947|disp_therm=29991|north_therm=30793|soc_therm=33620|battery=30300|battery_cycle=5|dc-mains=34000|usbc-therm-adc=340|max77779fg=30300|LITTLE=36000|soc=8|smpl_gm=0|vdroop1=0|batoilo=0|batoilo2=0|batt_vs=30296|mdis_morepower=0|thb_hda=51|cp_on_chip_0=35000|cp_on_chip_1=36000|G3D=36000|cp_on_chip_2=36000|cp_on_chip_3=34000|cp_on_chip_4=34000|rf2_therm=32000|rf1_therm=33000|ISP=34000|TPU=35000|AUR=35000|rfpa_therm=31616|quiet_therm=32084|charging_therm=33753|,BIG=37000|MID=37000|usb_pwr_therm=29969|btmspkr_therm=29947|disp_therm=29991|north_therm=30793|soc_therm=33686|battery=30300|battery_cycle=5|dc-mains=34000|usbc-therm-adc=340|max77779fg=30300|LITTLE=37000|soc=8|smpl_gm=0|vdroop1=0|batoilo=0|batoilo2=0|batt_vs=30296|mdis_morepower=0|thb_hda=51|cp_on_chip_0=35000|cp_on_chip_1=36000|G3D=36000|cp_on_chip_2=36000|cp_on_chip_3=34000|cp_on_chip_4=34000|rf2_therm=32000|rf1_therm=33000|ISP=35000|TPU=36000|AUR=35000|rfpa_therm=31616|quiet_therm=32084|charging_therm=33753|,ok,39000,36000,0,36000,1,single,touched,4096,1024,11,1024,862997,1024,834187,0,4,4,ok
1,5,nvhe,4,910000,1418000,37000,38000,BIG=36000|MID=37000|usb_pwr_therm=29969|btmspkr_therm=29947|disp_therm=29991|north_therm=30793|soc_therm=33620|battery=30300|battery_cycle=5|dc-mains=34000|usbc-therm-adc=340|max77779fg=30300|LITTLE=36000|soc=8|smpl_gm=0|vdroop1=0|batoilo=0|batoilo2=0|batt_vs=30296|mdis_morepower=0|thb_hda=51|cp_on_chip_0=35000|cp_on_chip_1=36000|G3D=36000|cp_on_chip_2=36000|cp_on_chip_3=34000|cp_on_chip_4=34000|rf2_therm=32000|rf1_therm=33000|ISP=34000|TPU=35000|AUR=35000|rfpa_therm=31616|quiet_therm=32084|charging_therm=33753|,BIG=37000|MID=37000|usb_pwr_therm=29969|btmspkr_therm=29947|disp_therm=29991|north_therm=30793|soc_therm=33686|battery=30300|battery_cycle=5|dc-mains=34000|usbc-therm-adc=340|max77779fg=30300|LITTLE=37000|soc=8|smpl_gm=0|vdroop1=0|batoilo=0|batoilo2=0|batt_vs=30296|mdis_morepower=0|thb_hda=51|cp_on_chip_0=35000|cp_on_chip_1=36000|G3D=36000|cp_on_chip_2=36000|cp_on_chip_3=34000|cp_on_chip_4=34000|rf2_therm=32000|rf1_therm=33000|ISP=35000|TPU=36000|AUR=35000|rfpa_therm=31616|quiet_therm=32084|charging_therm=33753|,ok,39000,36000,0,36000,1,single,touched,4096,1024,12,1024,888672,1024,895508,0,4,4,ok
1,5,nvhe,4,910000,1418000,37000,38000,BIG=36000|MID=37000|usb_pwr_therm=29969|btmspkr_therm=29947|disp_therm=29991|north_therm=30793|soc_therm=33620|battery=30300|battery_cycle=5|dc-mains=34000|usbc-therm-adc=340|max77779fg=30300|LITTLE=36000|soc=8|smpl_gm=0|vdroop1=0|batoilo=0|batoilo2=0|batt_vs=30296|mdis_morepower=0|thb_hda=51|cp_on_chip_0=35000|cp_on_chip_1=36000|G3D=36000|cp_on_chip_2=36000|cp_on_chip_3=34000|cp_on_chip_4=34000|rf2_therm=32000|rf1_therm=33000|ISP=34000|TPU=35000|AUR=35000|rfpa_therm=31616|quiet_therm=32084|charging_therm=33753|,BIG=37000|MID=37000|usb_pwr_therm=29969|btmspkr_therm=29947|disp_therm=29991|north_therm=30793|soc_therm=33686|battery=30300|battery_cycle=5|dc-mains=34000|usbc-therm-adc=340|max77779fg=30300|LITTLE=37000|soc=8|smpl_gm=0|vdroop1=0|batoilo=0|batoilo2=0|batt_vs=30296|mdis_morepower=0|thb_hda=51|cp_on_chip_0=35000|cp_on_chip_1=36000|G3D=36000|cp_on_chip_2=36000|cp_on_chip_3=34000|cp_on_chip_4=34000|rf2_therm=32000|rf1_therm=33000|ISP=35000|TPU=36000|AUR=35000|rfpa_therm=31616|quiet_therm=32084|charging_therm=33753|,ok,39000,36000,0,36000,1,single,touched,4096,1024,13,1024,848592,1024,870606,0,4,4,ok
1,5,nvhe,4,910000,1418000,37000,38000,BIG=36000|MID=37000|usb_pwr_therm=29969|btmspkr_therm=29947|disp_therm=29991|north_therm=30793|soc_therm=33620|battery=30300|battery_cycle=5|dc-mains=34000|usbc-therm-adc=340|max77779fg=30300|LITTLE=36000|soc=8|smpl_gm=0|vdroop1=0|batoilo=0|batoilo2=0|batt_vs=30296|mdis_morepower=0|thb_hda=51|cp_on_chip_0=35000|cp_on_chip_1=36000|G3D=36000|cp_on_chip_2=36000|cp_on_chip_3=34000|cp_on_chip_4=34000|rf2_therm=32000|rf1_therm=33000|ISP=34000|TPU=35000|AUR=35000|rfpa_therm=31616|quiet_therm=32084|charging_therm=33753|,BIG=37000|MID=37000|usb_pwr_therm=29969|btmspkr_therm=29947|disp_therm=29991|north_therm=30793|soc_therm=33686|battery=30300|battery_cycle=5|dc-mains=34000|usbc-therm-adc=340|max77779fg=30300|LITTLE=37000|soc=8|smpl_gm=0|vdroop1=0|batoilo=0|batoilo2=0|batt_vs=30296|mdis_morepower=0|thb_hda=51|cp_on_chip_0=35000|cp_on_chip_1=36000|G3D=36000|cp_on_chip_2=36000|cp_on_chip_3=34000|cp_on_chip_4=34000|rf2_therm=32000|rf1_therm=33000|ISP=35000|TPU=36000|AUR=35000|rfpa_therm=31616|quiet_therm=32084|charging_therm=33753|,ok,39000,36000,0,36000,1,single,touched,4096,1024,14,1024,865031,1024,854329,0,4,4,ok
1,5,nvhe,4,910000,1418000,37000,38000,BIG=36000|MID=37000|usb_pwr_therm=29969|btmspkr_therm=29947|disp_therm=29991|north_therm=30793|soc_therm=33620|battery=30300|battery_cycle=5|dc-mains=34000|usbc-therm-adc=340|max77779fg=30300|LITTLE=36000|soc=8|smpl_gm=0|vdroop1=0|batoilo=0|batoilo2=0|batt_vs=30296|mdis_morepower=0|thb_hda=51|cp_on_chip_0=35000|cp_on_chip_1=36000|G3D=36000|cp_on_chip_2=36000|cp_on_chip_3=34000|cp_on_chip_4=34000|rf2_therm=32000|rf1_therm=33000|ISP=34000|TPU=35000|AUR=35000|rfpa_therm=31616|quiet_therm=32084|charging_therm=33753|,BIG=37000|MID=37000|usb_pwr_therm=29969|btmspkr_therm=29947|disp_therm=29991|north_therm=30793|soc_therm=33686|battery=30300|battery_cycle=5|dc-mains=34000|usbc-therm-adc=340|max77779fg=30300|LITTLE=37000|soc=8|smpl_gm=0|vdroop1=0|batoilo=0|batoilo2=0|batt_vs=30296|mdis_morepower=0|thb_hda=51|cp_on_chip_0=35000|cp_on_chip_1=36000|G3D=36000|cp_on_chip_2=36000|cp_on_chip_3=34000|cp_on_chip_4=34000|rf2_therm=32000|rf1_therm=33000|ISP=35000|TPU=36000|AUR=35000|rfpa_therm=31616|quiet_therm=32084|charging_therm=33753|,ok,39000,36000,0,36000,1,single,touched,4096,1024,15,1024,844482,1024,899292,0,4,4,ok
1,5,nvhe,4,910000,1418000,37000,38000,BIG=36000|MID=37000|usb_pwr_therm=29969|btmspkr_therm=29947|disp_therm=29991|north_therm=30793|soc_therm=33620|battery=30300|battery_cycle=5|dc-mains=34000|usbc-therm-adc=340|max77779fg=30300|LITTLE=36000|soc=8|smpl_gm=0|vdroop1=0|batoilo=0|batoilo2=0|batt_vs=30296|mdis_morepower=0|thb_hda=51|cp_on_chip_0=35000|cp_on_chip_1=36000|G3D=36000|cp_on_chip_2=36000|cp_on_chip_3=34000|cp_on_chip_4=34000|rf2_therm=32000|rf1_therm=33000|ISP=34000|TPU=35000|AUR=35000|rfpa_therm=31616|quiet_therm=32084|charging_therm=33753|,BIG=37000|MID=37000|usb_pwr_therm=29969|btmspkr_therm=29947|disp_therm=29991|north_therm=30793|soc_therm=33686|battery=30300|battery_cycle=5|dc-mains=34000|usbc-therm-adc=340|max77779fg=30300|LITTLE=37000|soc=8|smpl_gm=0|vdroop1=0|batoilo=0|batoilo2=0|batt_vs=30296|mdis_morepower=0|thb_hda=51|cp_on_chip_0=35000|cp_on_chip_1=36000|G3D=36000|cp_on_chip_2=36000|cp_on_chip_3=34000|cp_on_chip_4=34000|rf2_therm=32000|rf1_therm=33000|ISP=35000|TPU=36000|AUR=35000|rfpa_therm=31616|quiet_therm=32084|charging_therm=33753|,ok,39000,36000,0,36000,1,single,touched,4096,1024,16,1024,855428,1024,875081,0,4,4,ok
1,5,nvhe,4,910000,1418000,37000,38000,BIG=36000|MID=37000|usb_pwr_therm=29969|btmspkr_therm=29947|disp_therm=29991|north_therm=30793|soc_therm=33620|battery=30300|battery_cycle=5|dc-mains=34000|usbc-therm-adc=340|max77779fg=30300|LITTLE=36000|soc=8|smpl_gm=0|vdroop1=0|batoilo=0|batoilo2=0|batt_vs=30296|mdis_morepower=0|thb_hda=51|cp_on_chip_0=35000|cp_on_chip_1=36000|G3D=36000|cp_on_chip_2=36000|cp_on_chip_3=34000|cp_on_chip_4=34000|rf2_therm=32000|rf1_therm=33000|ISP=34000|TPU=35000|AUR=35000|rfpa_therm=31616|quiet_therm=32084|charging_therm=33753|,BIG=37000|MID=37000|usb_pwr_therm=29969|btmspkr_therm=29947|disp_therm=29991|north_therm=30793|soc_therm=33686|battery=30300|battery_cycle=5|dc-mains=34000|usbc-therm-adc=340|max77779fg=30300|LITTLE=37000|soc=8|smpl_gm=0|vdroop1=0|batoilo=0|batoilo2=0|batt_vs=30296|mdis_morepower=0|thb_hda=51|cp_on_chip_0=35000|cp_on_chip_1=36000|G3D=36000|cp_on_chip_2=36000|cp_on_chip_3=34000|cp_on_chip_4=34000|rf2_therm=32000|rf1_therm=33000|ISP=35000|TPU=36000|AUR=35000|rfpa_therm=31616|quiet_therm=32084|charging_therm=33753|,ok,39000,36000,0,36000,1,single,touched,4096,1024,17,1024,826701,1024,894002,0,4,4,ok
1,5,nvhe,4,910000,1418000,37000,38000,BIG=36000|MID=37000|usb_pwr_therm=29969|btmspkr_therm=29947|disp_therm=29991|north_therm=30793|soc_therm=33620|battery=30300|battery_cycle=5|dc-mains=34000|usbc-therm-adc=340|max77779fg=30300|LITTLE=36000|soc=8|smpl_gm=0|vdroop1=0|batoilo=0|batoilo2=0|batt_vs=30296|mdis_morepower=0|thb_hda=51|cp_on_chip_0=35000|cp_on_chip_1=36000|G3D=36000|cp_on_chip_2=36000|cp_on_chip_3=34000|cp_on_chip_4=34000|rf2_therm=32000|rf1_therm=33000|ISP=34000|TPU=35000|AUR=35000|rfpa_therm=31616|quiet_therm=32084|charging_therm=33753|,BIG=37000|MID=37000|usb_pwr_therm=29969|btmspkr_therm=29947|disp_therm=29991|north_therm=30793|soc_therm=33686|battery=30300|battery_cycle=5|dc-mains=34000|usbc-therm-adc=340|max77779fg=30300|LITTLE=37000|soc=8|smpl_gm=0|vdroop1=0|batoilo=0|batoilo2=0|batt_vs=30296|mdis_morepower=0|thb_hda=51|cp_on_chip_0=35000|cp_on_chip_1=36000|G3D=36000|cp_on_chip_2=36000|cp_on_chip_3=34000|cp_on_chip_4=34000|rf2_therm=32000|rf1_therm=33000|ISP=35000|TPU=36000|AUR=35000|rfpa_therm=31616|quiet_therm=32084|charging_therm=33753|,ok,39000,36000,0,36000,1,single,touched,4096,1024,18,1024,858073,1024,922893,0,4,4,ok
1,5,nvhe,4,910000,1418000,37000,38000,BIG=36000|MID=37000|usb_pwr_therm=29969|btmspkr_therm=29947|disp_therm=29991|north_therm=30793|soc_therm=33620|battery=30300|battery_cycle=5|dc-mains=34000|usbc-therm-adc=340|max77779fg=30300|LITTLE=36000|soc=8|smpl_gm=0|vdroop1=0|batoilo=0|batoilo2=0|batt_vs=30296|mdis_morepower=0|thb_hda=51|cp_on_chip_0=35000|cp_on_chip_1=36000|G3D=36000|cp_on_chip_2=36000|cp_on_chip_3=34000|cp_on_chip_4=34000|rf2_therm=32000|rf1_therm=33000|ISP=34000|TPU=35000|AUR=35000|rfpa_therm=31616|quiet_therm=32084|charging_therm=33753|,BIG=37000|MID=37000|usb_pwr_therm=29969|btmspkr_therm=29947|disp_therm=29991|north_therm=30793|soc_therm=33686|battery=30300|battery_cycle=5|dc-mains=34000|usbc-therm-adc=340|max77779fg=30300|LITTLE=37000|soc=8|smpl_gm=0|vdroop1=0|batoilo=0|batoilo2=0|batt_vs=30296|mdis_morepower=0|thb_hda=51|cp_on_chip_0=35000|cp_on_chip_1=36000|G3D=36000|cp_on_chip_2=36000|cp_on_chip_3=34000|cp_on_chip_4=34000|rf2_therm=32000|rf1_therm=33000|ISP=35000|TPU=36000|AUR=35000|rfpa_therm=31616|quiet_therm=32084|charging_therm=33753|,ok,39000,36000,0,36000,1,single,touched,4096,1024,19,1024,824015,1024,895183,0,4,4,ok
1,5,nvhe,4,910000,1418000,37000,38000,BIG=36000|MID=37000|usb_pwr_therm=29969|btmspkr_therm=29947|disp_therm=29991|north_therm=30793|soc_therm=33620|battery=30300|battery_cycle=5|dc-mains=34000|usbc-therm-adc=340|max77779fg=30300|LITTLE=36000|soc=8|smpl_gm=0|vdroop1=0|batoilo=0|batoilo2=0|batt_vs=30296|mdis_morepower=0|thb_hda=51|cp_on_chip_0=35000|cp_on_chip_1=36000|G3D=36000|cp_on_chip_2=36000|cp_on_chip_3=34000|cp_on_chip_4=34000|rf2_therm=32000|rf1_therm=33000|ISP=34000|TPU=35000|AUR=35000|rfpa_therm=31616|quiet_therm=32084|charging_therm=33753|,BIG=37000|MID=37000|usb_pwr_therm=29969|btmspkr_therm=29947|disp_therm=29991|north_therm=30793|soc_therm=33686|battery=30300|battery_cycle=5|dc-mains=34000|usbc-therm-adc=340|max77779fg=30300|LITTLE=37000|soc=8|smpl_gm=0|vdroop1=0|batoilo=0|batoilo2=0|batt_vs=30296|mdis_morepower=0|thb_hda=51|cp_on_chip_0=35000|cp_on_chip_1=36000|G3D=36000|cp_on_chip_2=36000|cp_on_chip_3=34000|cp_on_chip_4=34000|rf2_therm=32000|rf1_therm=33000|ISP=35000|TPU=36000|AUR=35000|rfpa_therm=31616|quiet_therm=32084|charging_therm=33753|,ok,39000,36000,0,36000,1,single,touched,4096,1024,20,1024,876343,1024,898152,0,4,4,ok
1,5,nvhe,4,910000,1418000,37000,38000,BIG=36000|MID=37000|usb_pwr_therm=29969|btmspkr_therm=29947|disp_therm=29991|north_therm=30793|soc_therm=33620|battery=30300|battery_cycle=5|dc-mains=34000|usbc-therm-adc=340|max77779fg=30300|LITTLE=36000|soc=8|smpl_gm=0|vdroop1=0|batoilo=0|batoilo2=0|batt_vs=30296|mdis_morepower=0|thb_hda=51|cp_on_chip_0=35000|cp_on_chip_1=36000|G3D=36000|cp_on_chip_2=36000|cp_on_chip_3=34000|cp_on_chip_4=34000|rf2_therm=32000|rf1_therm=33000|ISP=34000|TPU=35000|AUR=35000|rfpa_therm=31616|quiet_therm=32084|charging_therm=33753|,BIG=37000|MID=37000|usb_pwr_therm=29969|btmspkr_therm=29947|disp_therm=29991|north_therm=30793|soc_therm=33686|battery=30300|battery_cycle=5|dc-mains=34000|usbc-therm-adc=340|max77779fg=30300|LITTLE=37000|soc=8|smpl_gm=0|vdroop1=0|batoilo=0|batoilo2=0|batt_vs=30296|mdis_morepower=0|thb_hda=51|cp_on_chip_0=35000|cp_on_chip_1=36000|G3D=36000|cp_on_chip_2=36000|cp_on_chip_3=34000|cp_on_chip_4=34000|rf2_therm=32000|rf1_therm=33000|ISP=35000|TPU=36000|AUR=35000|rfpa_therm=31616|quiet_therm=32084|charging_therm=33753|,ok,39000,36000,0,36000,1,single,touched,4096,1024,21,1024,867594,1024,871420,0,4,4,ok
1,5,nvhe,4,910000,1418000,37000,38000,BIG=36000|MID=37000|usb_pwr_therm=29969|btmspkr_therm=29947|disp_therm=29991|north_therm=30793|soc_therm=33620|battery=30300|battery_cycle=5|dc-mains=34000|usbc-therm-adc=340|max77779fg=30300|LITTLE=36000|soc=8|smpl_gm=0|vdroop1=0|batoilo=0|batoilo2=0|batt_vs=30296|mdis_morepower=0|thb_hda=51|cp_on_chip_0=35000|cp_on_chip_1=36000|G3D=36000|cp_on_chip_2=36000|cp_on_chip_3=34000|cp_on_chip_4=34000|rf2_therm=32000|rf1_therm=33000|ISP=34000|TPU=35000|AUR=35000|rfpa_therm=31616|quiet_therm=32084|charging_therm=33753|,BIG=37000|MID=37000|usb_pwr_therm=29969|btmspkr_therm=29947|disp_therm=29991|north_therm=30793|soc_therm=33686|battery=30300|battery_cycle=5|dc-mains=34000|usbc-therm-adc=340|max77779fg=30300|LITTLE=37000|soc=8|smpl_gm=0|vdroop1=0|batoilo=0|batoilo2=0|batt_vs=30296|mdis_morepower=0|thb_hda=51|cp_on_chip_0=35000|cp_on_chip_1=36000|G3D=36000|cp_on_chip_2=36000|cp_on_chip_3=34000|cp_on_chip_4=34000|rf2_therm=32000|rf1_therm=33000|ISP=35000|TPU=36000|AUR=35000|rfpa_therm=31616|quiet_therm=32084|charging_therm=33753|,ok,39000,36000,0,36000,1,single,touched,4096,1024,22,1024,863485,1024,849569,0,4,4,ok
1,5,nvhe,4,910000,1418000,37000,38000,BIG=36000|MID=37000|usb_pwr_therm=29969|btmspkr_therm=29947|disp_therm=29991|north_therm=30793|soc_therm=33620|battery=30300|battery_cycle=5|dc-mains=34000|usbc-therm-adc=340|max77779fg=30300|LITTLE=36000|soc=8|smpl_gm=0|vdroop1=0|batoilo=0|batoilo2=0|batt_vs=30296|mdis_morepower=0|thb_hda=51|cp_on_chip_0=35000|cp_on_chip_1=36000|G3D=36000|cp_on_chip_2=36000|cp_on_chip_3=34000|cp_on_chip_4=34000|rf2_therm=32000|rf1_therm=33000|ISP=34000|TPU=35000|AUR=35000|rfpa_therm=31616|quiet_therm=32084|charging_therm=33753|,BIG=37000|MID=37000|usb_pwr_therm=29969|btmspkr_therm=29947|disp_therm=29991|north_therm=30793|soc_therm=33686|battery=30300|battery_cycle=5|dc-mains=34000|usbc-therm-adc=340|max77779fg=30300|LITTLE=37000|soc=8|smpl_gm=0|vdroop1=0|batoilo=0|batoilo2=0|batt_vs=30296|mdis_morepower=0|thb_hda=51|cp_on_chip_0=35000|cp_on_chip_1=36000|G3D=36000|cp_on_chip_2=36000|cp_on_chip_3=34000|cp_on_chip_4=34000|rf2_therm=32000|rf1_therm=33000|ISP=35000|TPU=36000|AUR=35000|rfpa_therm=31616|quiet_therm=32084|charging_therm=33753|,ok,39000,36000,0,36000,1,single,touched,4096,1024,23,1024,875814,1024,894246,0,4,4,ok
1,5,nvhe,4,910000,1418000,37000,38000,BIG=36000|MID=37000|usb_pwr_therm=29969|btmspkr_therm=29947|disp_therm=29991|north_therm=30793|soc_therm=33620|battery=30300|battery_cycle=5|dc-mains=34000|usbc-therm-adc=340|max77779fg=30300|LITTLE=36000|soc=8|smpl_gm=0|vdroop1=0|batoilo=0|batoilo2=0|batt_vs=30296|mdis_morepower=0|thb_hda=51|cp_on_chip_0=35000|cp_on_chip_1=36000|G3D=36000|cp_on_chip_2=36000|cp_on_chip_3=34000|cp_on_chip_4=34000|rf2_therm=32000|rf1_therm=33000|ISP=34000|TPU=35000|AUR=35000|rfpa_therm=31616|quiet_therm=32084|charging_therm=33753|,BIG=37000|MID=37000|usb_pwr_therm=29969|btmspkr_therm=29947|disp_therm=29991|north_therm=30793|soc_therm=33686|battery=30300|battery_cycle=5|dc-mains=34000|usbc-therm-adc=340|max77779fg=30300|LITTLE=37000|soc=8|smpl_gm=0|vdroop1=0|batoilo=0|batoilo2=0|batt_vs=30296|mdis_morepower=0|thb_hda=51|cp_on_chip_0=35000|cp_on_chip_1=36000|G3D=36000|cp_on_chip_2=36000|cp_on_chip_3=34000|cp_on_chip_4=34000|rf2_therm=32000|rf1_therm=33000|ISP=35000|TPU=36000|AUR=35000|rfpa_therm=31616|quiet_therm=32084|charging_therm=33753|,ok,39000,36000,0,36000,1,single,touched,4096,1024,24,1024,882976,1024,950847,0,4,4,ok
1,5,nvhe,4,910000,1418000,37000,38000,BIG=36000|MID=37000|usb_pwr_therm=29969|btmspkr_therm=29947|disp_therm=29991|north_therm=30793|soc_therm=33620|battery=30300|battery_cycle=5|dc-mains=34000|usbc-therm-adc=340|max77779fg=30300|LITTLE=36000|soc=8|smpl_gm=0|vdroop1=0|batoilo=0|batoilo2=0|batt_vs=30296|mdis_morepower=0|thb_hda=51|cp_on_chip_0=35000|cp_on_chip_1=36000|G3D=36000|cp_on_chip_2=36000|cp_on_chip_3=34000|cp_on_chip_4=34000|rf2_therm=32000|rf1_therm=33000|ISP=34000|TPU=35000|AUR=35000|rfpa_therm=31616|quiet_therm=32084|charging_therm=33753|,BIG=37000|MID=37000|usb_pwr_therm=29969|btmspkr_therm=29947|disp_therm=29991|north_therm=30793|soc_therm=33686|battery=30300|battery_cycle=5|dc-mains=34000|usbc-therm-adc=340|max77779fg=30300|LITTLE=37000|soc=8|smpl_gm=0|vdroop1=0|batoilo=0|batoilo2=0|batt_vs=30296|mdis_morepower=0|thb_hda=51|cp_on_chip_0=35000|cp_on_chip_1=36000|G3D=36000|cp_on_chip_2=36000|cp_on_chip_3=34000|cp_on_chip_4=34000|rf2_therm=32000|rf1_therm=33000|ISP=35000|TPU=36000|AUR=35000|rfpa_therm=31616|quiet_therm=32084|charging_therm=33753|,ok,39000,36000,0,36000,1,single,touched,4096,1024,25,1024,828980,1024,883342,0,4,4,ok
1,5,nvhe,4,910000,1418000,37000,38000,BIG=36000|MID=37000|usb_pwr_therm=29969|btmspkr_therm=29947|disp_therm=29991|north_therm=30793|soc_therm=33620|battery=30300|battery_cycle=5|dc-mains=34000|usbc-therm-adc=340|max77779fg=30300|LITTLE=36000|soc=8|smpl_gm=0|vdroop1=0|batoilo=0|batoilo2=0|batt_vs=30296|mdis_morepower=0|thb_hda=51|cp_on_chip_0=35000|cp_on_chip_1=36000|G3D=36000|cp_on_chip_2=36000|cp_on_chip_3=34000|cp_on_chip_4=34000|rf2_therm=32000|rf1_therm=33000|ISP=34000|TPU=35000|AUR=35000|rfpa_therm=31616|quiet_therm=32084|charging_therm=33753|,BIG=37000|MID=37000|usb_pwr_therm=29969|btmspkr_therm=29947|disp_therm=29991|north_therm=30793|soc_therm=33686|battery=30300|battery_cycle=5|dc-mains=34000|usbc-therm-adc=340|max77779fg=30300|LITTLE=37000|soc=8|smpl_gm=0|vdroop1=0|batoilo=0|batoilo2=0|batt_vs=30296|mdis_morepower=0|thb_hda=51|cp_on_chip_0=35000|cp_on_chip_1=36000|G3D=36000|cp_on_chip_2=36000|cp_on_chip_3=34000|cp_on_chip_4=34000|rf2_therm=32000|rf1_therm=33000|ISP=35000|TPU=36000|AUR=35000|rfpa_therm=31616|quiet_therm=32084|charging_therm=33753|,ok,39000,36000,0,36000,1,single,touched,4096,1024,26,1024,850667,1024,996785,0,4,4,ok
1,5,nvhe,4,910000,1418000,37000,38000,BIG=36000|MID=37000|usb_pwr_therm=29969|btmspkr_therm=29947|disp_therm=29991|north_therm=30793|soc_therm=33620|battery=30300|battery_cycle=5|dc-mains=34000|usbc-therm-adc=340|max77779fg=30300|LITTLE=36000|soc=8|smpl_gm=0|vdroop1=0|batoilo=0|batoilo2=0|batt_vs=30296|mdis_morepower=0|thb_hda=51|cp_on_chip_0=35000|cp_on_chip_1=36000|G3D=36000|cp_on_chip_2=36000|cp_on_chip_3=34000|cp_on_chip_4=34000|rf2_therm=32000|rf1_therm=33000|ISP=34000|TPU=35000|AUR=35000|rfpa_therm=31616|quiet_therm=32084|charging_therm=33753|,BIG=37000|MID=37000|usb_pwr_therm=29969|btmspkr_therm=29947|disp_therm=29991|north_therm=30793|soc_therm=33686|battery=30300|battery_cycle=5|dc-mains=34000|usbc-therm-adc=340|max77779fg=30300|LITTLE=37000|soc=8|smpl_gm=0|vdroop1=0|batoilo=0|batoilo2=0|batt_vs=30296|mdis_morepower=0|thb_hda=51|cp_on_chip_0=35000|cp_on_chip_1=36000|G3D=36000|cp_on_chip_2=36000|cp_on_chip_3=34000|cp_on_chip_4=34000|rf2_therm=32000|rf1_therm=33000|ISP=35000|TPU=36000|AUR=35000|rfpa_therm=31616|quiet_therm=32084|charging_therm=33753|,ok,39000,36000,0,36000,1,single,touched,4096,1024,27,1024,829875,1024,905274,0,4,4,ok
1,5,nvhe,4,910000,1418000,37000,38000,BIG=36000|MID=37000|usb_pwr_therm=29969|btmspkr_therm=29947|disp_therm=29991|north_therm=30793|soc_therm=33620|battery=30300|battery_cycle=5|dc-mains=34000|usbc-therm-adc=340|max77779fg=30300|LITTLE=36000|soc=8|smpl_gm=0|vdroop1=0|batoilo=0|batoilo2=0|batt_vs=30296|mdis_morepower=0|thb_hda=51|cp_on_chip_0=35000|cp_on_chip_1=36000|G3D=36000|cp_on_chip_2=36000|cp_on_chip_3=34000|cp_on_chip_4=34000|rf2_therm=32000|rf1_therm=33000|ISP=34000|TPU=35000|AUR=35000|rfpa_therm=31616|quiet_therm=32084|charging_therm=33753|,BIG=37000|MID=37000|usb_pwr_therm=29969|btmspkr_therm=29947|disp_therm=29991|north_therm=30793|soc_therm=33686|battery=30300|battery_cycle=5|dc-mains=34000|usbc-therm-adc=340|max77779fg=30300|LITTLE=37000|soc=8|smpl_gm=0|vdroop1=0|batoilo=0|batoilo2=0|batt_vs=30296|mdis_morepower=0|thb_hda=51|cp_on_chip_0=35000|cp_on_chip_1=36000|G3D=36000|cp_on_chip_2=36000|cp_on_chip_3=34000|cp_on_chip_4=34000|rf2_therm=32000|rf1_therm=33000|ISP=35000|TPU=36000|AUR=35000|rfpa_therm=31616|quiet_therm=32084|charging_therm=33753|,ok,39000,36000,0,36000,1,single,touched,4096,1024,28,1024,856282,1024,871907,0,4,4,ok
1,5,nvhe,4,910000,1418000,37000,38000,BIG=36000|MID=37000|usb_pwr_therm=29969|btmspkr_therm=29947|disp_therm=29991|north_therm=30793|soc_therm=33620|battery=30300|battery_cycle=5|dc-mains=34000|usbc-therm-adc=340|max77779fg=30300|LITTLE=36000|soc=8|smpl_gm=0|vdroop1=0|batoilo=0|batoilo2=0|batt_vs=30296|mdis_morepower=0|thb_hda=51|cp_on_chip_0=35000|cp_on_chip_1=36000|G3D=36000|cp_on_chip_2=36000|cp_on_chip_3=34000|cp_on_chip_4=34000|rf2_therm=32000|rf1_therm=33000|ISP=34000|TPU=35000|AUR=35000|rfpa_therm=31616|quiet_therm=32084|charging_therm=33753|,BIG=37000|MID=37000|usb_pwr_therm=29969|btmspkr_therm=29947|disp_therm=29991|north_therm=30793|soc_therm=33686|battery=30300|battery_cycle=5|dc-mains=34000|usbc-therm-adc=340|max77779fg=30300|LITTLE=37000|soc=8|smpl_gm=0|vdroop1=0|batoilo=0|batoilo2=0|batt_vs=30296|mdis_morepower=0|thb_hda=51|cp_on_chip_0=35000|cp_on_chip_1=36000|G3D=36000|cp_on_chip_2=36000|cp_on_chip_3=34000|cp_on_chip_4=34000|rf2_therm=32000|rf1_therm=33000|ISP=35000|TPU=36000|AUR=35000|rfpa_therm=31616|quiet_therm=32084|charging_therm=33753|,ok,39000,36000,0,36000,1,single,touched,4096,1024,29,1024,881836,1024,899780,0,4,4,ok
1,6,nvhe,4,578000,578000,37000,37000,BIG=36000|MID=37000|usb_pwr_therm=29969|btmspkr_therm=29947|disp_therm=30014|north_therm=30793|soc_therm=33753|battery=30300|battery_cycle=5|dc-mains=34000|usbc-therm-adc=340|max77779fg=30300|LITTLE=36000|soc=8|smpl_gm=0|vdroop1=0|batoilo=0|batoilo2=0|batt_vs=30295|mdis_morepower=0|thb_hda=51|cp_on_chip_0=35000|cp_on_chip_1=36000|G3D=36000|cp_on_chip_2=36000|cp_on_chip_3=34000|cp_on_chip_4=34000|rf2_therm=32000|rf1_therm=33000|ISP=34000|TPU=35000|AUR=35000|rfpa_therm=31616|quiet_therm=32106|charging_therm=33820|,BIG=37000|MID=37000|usb_pwr_therm=29969|btmspkr_therm=29947|disp_therm=30014|north_therm=30793|soc_therm=33753|battery=30300|battery_cycle=5|dc-mains=34000|usbc-therm-adc=340|max77779fg=30300|LITTLE=36000|soc=8|smpl_gm=0|vdroop1=0|batoilo=0|batoilo2=0|batt_vs=30296|mdis_morepower=0|thb_hda=51|cp_on_chip_0=35000|cp_on_chip_1=36000|G3D=35000|cp_on_chip_2=36000|cp_on_chip_3=34000|cp_on_chip_4=34000|rf2_therm=32000|rf1_therm=33000|ISP=35000|TPU=35000|AUR=35000|rfpa_therm=31616|quiet_therm=32106|charging_therm=33820|,ok,39000,39000,5,37000,1,batched,untouched,4096,1024,0,1,6917,0,3459,0,4,4,ok
1,6,nvhe,4,578000,578000,37000,37000,BIG=36000|MID=37000|usb_pwr_therm=29969|btmspkr_therm=29947|disp_therm=30014|north_therm=30793|soc_therm=33753|battery=30300|battery_cycle=5|dc-mains=34000|usbc-therm-adc=340|max77779fg=30300|LITTLE=36000|soc=8|smpl_gm=0|vdroop1=0|batoilo=0|batoilo2=0|batt_vs=30295|mdis_morepower=0|thb_hda=51|cp_on_chip_0=35000|cp_on_chip_1=36000|G3D=36000|cp_on_chip_2=36000|cp_on_chip_3=34000|cp_on_chip_4=34000|rf2_therm=32000|rf1_therm=33000|ISP=34000|TPU=35000|AUR=35000|rfpa_therm=31616|quiet_therm=32106|charging_therm=33820|,BIG=37000|MID=37000|usb_pwr_therm=29969|btmspkr_therm=29947|disp_therm=30014|north_therm=30793|soc_therm=33753|battery=30300|battery_cycle=5|dc-mains=34000|usbc-therm-adc=340|max77779fg=30300|LITTLE=36000|soc=8|smpl_gm=0|vdroop1=0|batoilo=0|batoilo2=0|batt_vs=30296|mdis_morepower=0|thb_hda=51|cp_on_chip_0=35000|cp_on_chip_1=36000|G3D=35000|cp_on_chip_2=36000|cp_on_chip_3=34000|cp_on_chip_4=34000|rf2_therm=32000|rf1_therm=33000|ISP=35000|TPU=35000|AUR=35000|rfpa_therm=31616|quiet_therm=32106|charging_therm=33820|,ok,39000,39000,5,37000,1,batched,untouched,4096,1024,1,1,4354,0,732,0,4,4,ok
1,6,nvhe,4,578000,578000,37000,37000,BIG=36000|MID=37000|usb_pwr_therm=29969|btmspkr_therm=29947|disp_therm=30014|north_therm=30793|soc_therm=33753|battery=30300|battery_cycle=5|dc-mains=34000|usbc-therm-adc=340|max77779fg=30300|LITTLE=36000|soc=8|smpl_gm=0|vdroop1=0|batoilo=0|batoilo2=0|batt_vs=30295|mdis_morepower=0|thb_hda=51|cp_on_chip_0=35000|cp_on_chip_1=36000|G3D=36000|cp_on_chip_2=36000|cp_on_chip_3=34000|cp_on_chip_4=34000|rf2_therm=32000|rf1_therm=33000|ISP=34000|TPU=35000|AUR=35000|rfpa_therm=31616|quiet_therm=32106|charging_therm=33820|,BIG=37000|MID=37000|usb_pwr_therm=29969|btmspkr_therm=29947|disp_therm=30014|north_therm=30793|soc_therm=33753|battery=30300|battery_cycle=5|dc-mains=34000|usbc-therm-adc=340|max77779fg=30300|LITTLE=36000|soc=8|smpl_gm=0|vdroop1=0|batoilo=0|batoilo2=0|batt_vs=30296|mdis_morepower=0|thb_hda=51|cp_on_chip_0=35000|cp_on_chip_1=36000|G3D=35000|cp_on_chip_2=36000|cp_on_chip_3=34000|cp_on_chip_4=34000|rf2_therm=32000|rf1_therm=33000|ISP=35000|TPU=35000|AUR=35000|rfpa_therm=31616|quiet_therm=32106|charging_therm=33820|,ok,39000,39000,5,37000,1,batched,untouched,4096,1024,2,1,3947,0,692,0,4,4,ok
1,6,nvhe,4,578000,578000,37000,37000,BIG=36000|MID=37000|usb_pwr_therm=29969|btmspkr_therm=29947|disp_therm=30014|north_therm=30793|soc_therm=33753|battery=30300|battery_cycle=5|dc-mains=34000|usbc-therm-adc=340|max77779fg=30300|LITTLE=36000|soc=8|smpl_gm=0|vdroop1=0|batoilo=0|batoilo2=0|batt_vs=30295|mdis_morepower=0|thb_hda=51|cp_on_chip_0=35000|cp_on_chip_1=36000|G3D=36000|cp_on_chip_2=36000|cp_on_chip_3=34000|cp_on_chip_4=34000|rf2_therm=32000|rf1_therm=33000|ISP=34000|TPU=35000|AUR=35000|rfpa_therm=31616|quiet_therm=32106|charging_therm=33820|,BIG=37000|MID=37000|usb_pwr_therm=29969|btmspkr_therm=29947|disp_therm=30014|north_therm=30793|soc_therm=33753|battery=30300|battery_cycle=5|dc-mains=34000|usbc-therm-adc=340|max77779fg=30300|LITTLE=36000|soc=8|smpl_gm=0|vdroop1=0|batoilo=0|batoilo2=0|batt_vs=30296|mdis_morepower=0|thb_hda=51|cp_on_chip_0=35000|cp_on_chip_1=36000|G3D=35000|cp_on_chip_2=36000|cp_on_chip_3=34000|cp_on_chip_4=34000|rf2_therm=32000|rf1_therm=33000|ISP=35000|TPU=35000|AUR=35000|rfpa_therm=31616|quiet_therm=32106|charging_therm=33820|,ok,39000,39000,5,37000,1,batched,untouched,4096,1024,3,1,3337,0,611,0,4,4,ok
1,6,nvhe,4,578000,578000,37000,37000,BIG=36000|MID=37000|usb_pwr_therm=29969|btmspkr_therm=29947|disp_therm=30014|north_therm=30793|soc_therm=33753|battery=30300|battery_cycle=5|dc-mains=34000|usbc-therm-adc=340|max77779fg=30300|LITTLE=36000|soc=8|smpl_gm=0|vdroop1=0|batoilo=0|batoilo2=0|batt_vs=30295|mdis_morepower=0|thb_hda=51|cp_on_chip_0=35000|cp_on_chip_1=36000|G3D=36000|cp_on_chip_2=36000|cp_on_chip_3=34000|cp_on_chip_4=34000|rf2_therm=32000|rf1_therm=33000|ISP=34000|TPU=35000|AUR=35000|rfpa_therm=31616|quiet_therm=32106|charging_therm=33820|,BIG=37000|MID=37000|usb_pwr_therm=29969|btmspkr_therm=29947|disp_therm=30014|north_therm=30793|soc_therm=33753|battery=30300|battery_cycle=5|dc-mains=34000|usbc-therm-adc=340|max77779fg=30300|LITTLE=36000|soc=8|smpl_gm=0|vdroop1=0|batoilo=0|batoilo2=0|batt_vs=30296|mdis_morepower=0|thb_hda=51|cp_on_chip_0=35000|cp_on_chip_1=36000|G3D=35000|cp_on_chip_2=36000|cp_on_chip_3=34000|cp_on_chip_4=34000|rf2_therm=32000|rf1_therm=33000|ISP=35000|TPU=35000|AUR=35000|rfpa_therm=31616|quiet_therm=32106|charging_therm=33820|,ok,39000,39000,5,37000,1,batched,untouched,4096,1024,4,1,3906,0,651,0,4,4,ok
1,6,nvhe,4,578000,578000,37000,37000,BIG=36000|MID=37000|usb_pwr_therm=29969|btmspkr_therm=29947|disp_therm=30014|north_therm=30793|soc_therm=33753|battery=30300|battery_cycle=5|dc-mains=34000|usbc-therm-adc=340|max77779fg=30300|LITTLE=36000|soc=8|smpl_gm=0|vdroop1=0|batoilo=0|batoilo2=0|batt_vs=30295|mdis_morepower=0|thb_hda=51|cp_on_chip_0=35000|cp_on_chip_1=36000|G3D=36000|cp_on_chip_2=36000|cp_on_chip_3=34000|cp_on_chip_4=34000|rf2_therm=32000|rf1_therm=33000|ISP=34000|TPU=35000|AUR=35000|rfpa_therm=31616|quiet_therm=32106|charging_therm=33820|,BIG=37000|MID=37000|usb_pwr_therm=29969|btmspkr_therm=29947|disp_therm=30014|north_therm=30793|soc_therm=33753|battery=30300|battery_cycle=5|dc-mains=34000|usbc-therm-adc=340|max77779fg=30300|LITTLE=36000|soc=8|smpl_gm=0|vdroop1=0|batoilo=0|batoilo2=0|batt_vs=30296|mdis_morepower=0|thb_hda=51|cp_on_chip_0=35000|cp_on_chip_1=36000|G3D=35000|cp_on_chip_2=36000|cp_on_chip_3=34000|cp_on_chip_4=34000|rf2_therm=32000|rf1_therm=33000|ISP=35000|TPU=35000|AUR=35000|rfpa_therm=31616|quiet_therm=32106|charging_therm=33820|,ok,39000,39000,5,37000,1,batched,untouched,4096,1024,5,1,3581,0,611,0,4,4,ok
1,6,nvhe,4,578000,578000,37000,37000,BIG=36000|MID=37000|usb_pwr_therm=29969|btmspkr_therm=29947|disp_therm=30014|north_therm=30793|soc_therm=33753|battery=30300|battery_cycle=5|dc-mains=34000|usbc-therm-adc=340|max77779fg=30300|LITTLE=36000|soc=8|smpl_gm=0|vdroop1=0|batoilo=0|batoilo2=0|batt_vs=30295|mdis_morepower=0|thb_hda=51|cp_on_chip_0=35000|cp_on_chip_1=36000|G3D=36000|cp_on_chip_2=36000|cp_on_chip_3=34000|cp_on_chip_4=34000|rf2_therm=32000|rf1_therm=33000|ISP=34000|TPU=35000|AUR=35000|rfpa_therm=31616|quiet_therm=32106|charging_therm=33820|,BIG=37000|MID=37000|usb_pwr_therm=29969|btmspkr_therm=29947|disp_therm=30014|north_therm=30793|soc_therm=33753|battery=30300|battery_cycle=5|dc-mains=34000|usbc-therm-adc=340|max77779fg=30300|LITTLE=36000|soc=8|smpl_gm=0|vdroop1=0|batoilo=0|batoilo2=0|batt_vs=30296|mdis_morepower=0|thb_hda=51|cp_on_chip_0=35000|cp_on_chip_1=36000|G3D=35000|cp_on_chip_2=36000|cp_on_chip_3=34000|cp_on_chip_4=34000|rf2_therm=32000|rf1_therm=33000|ISP=35000|TPU=35000|AUR=35000|rfpa_therm=31616|quiet_therm=32106|charging_therm=33820|,ok,39000,39000,5,37000,1,batched,untouched,4096,1024,6,1,2807,0,651,0,4,4,ok
1,6,nvhe,4,578000,578000,37000,37000,BIG=36000|MID=37000|usb_pwr_therm=29969|btmspkr_therm=29947|disp_therm=30014|north_therm=30793|soc_therm=33753|battery=30300|battery_cycle=5|dc-mains=34000|usbc-therm-adc=340|max77779fg=30300|LITTLE=36000|soc=8|smpl_gm=0|vdroop1=0|batoilo=0|batoilo2=0|batt_vs=30295|mdis_morepower=0|thb_hda=51|cp_on_chip_0=35000|cp_on_chip_1=36000|G3D=36000|cp_on_chip_2=36000|cp_on_chip_3=34000|cp_on_chip_4=34000|rf2_therm=32000|rf1_therm=33000|ISP=34000|TPU=35000|AUR=35000|rfpa_therm=31616|quiet_therm=32106|charging_therm=33820|,BIG=37000|MID=37000|usb_pwr_therm=29969|btmspkr_therm=29947|disp_therm=30014|north_therm=30793|soc_therm=33753|battery=30300|battery_cycle=5|dc-mains=34000|usbc-therm-adc=340|max77779fg=30300|LITTLE=36000|soc=8|smpl_gm=0|vdroop1=0|batoilo=0|batoilo2=0|batt_vs=30296|mdis_morepower=0|thb_hda=51|cp_on_chip_0=35000|cp_on_chip_1=36000|G3D=35000|cp_on_chip_2=36000|cp_on_chip_3=34000|cp_on_chip_4=34000|rf2_therm=32000|rf1_therm=33000|ISP=35000|TPU=35000|AUR=35000|rfpa_therm=31616|quiet_therm=32106|charging_therm=33820|,ok,39000,39000,5,37000,1,batched,untouched,4096,1024,7,1,2971,0,610,0,4,4,ok
1,6,nvhe,4,578000,578000,37000,37000,BIG=36000|MID=37000|usb_pwr_therm=29969|btmspkr_therm=29947|disp_therm=30014|north_therm=30793|soc_therm=33753|battery=30300|battery_cycle=5|dc-mains=34000|usbc-therm-adc=340|max77779fg=30300|LITTLE=36000|soc=8|smpl_gm=0|vdroop1=0|batoilo=0|batoilo2=0|batt_vs=30295|mdis_morepower=0|thb_hda=51|cp_on_chip_0=35000|cp_on_chip_1=36000|G3D=36000|cp_on_chip_2=36000|cp_on_chip_3=34000|cp_on_chip_4=34000|rf2_therm=32000|rf1_therm=33000|ISP=34000|TPU=35000|AUR=35000|rfpa_therm=31616|quiet_therm=32106|charging_therm=33820|,BIG=37000|MID=37000|usb_pwr_therm=29969|btmspkr_therm=29947|disp_therm=30014|north_therm=30793|soc_therm=33753|battery=30300|battery_cycle=5|dc-mains=34000|usbc-therm-adc=340|max77779fg=30300|LITTLE=36000|soc=8|smpl_gm=0|vdroop1=0|batoilo=0|batoilo2=0|batt_vs=30296|mdis_morepower=0|thb_hda=51|cp_on_chip_0=35000|cp_on_chip_1=36000|G3D=35000|cp_on_chip_2=36000|cp_on_chip_3=34000|cp_on_chip_4=34000|rf2_therm=32000|rf1_therm=33000|ISP=35000|TPU=35000|AUR=35000|rfpa_therm=31616|quiet_therm=32106|charging_therm=33820|,ok,39000,39000,5,37000,1,batched,untouched,4096,1024,8,1,2319,0,651,0,4,4,ok
1,6,nvhe,4,578000,578000,37000,37000,BIG=36000|MID=37000|usb_pwr_therm=29969|btmspkr_therm=29947|disp_therm=30014|north_therm=30793|soc_therm=33753|battery=30300|battery_cycle=5|dc-mains=34000|usbc-therm-adc=340|max77779fg=30300|LITTLE=36000|soc=8|smpl_gm=0|vdroop1=0|batoilo=0|batoilo2=0|batt_vs=30295|mdis_morepower=0|thb_hda=51|cp_on_chip_0=35000|cp_on_chip_1=36000|G3D=36000|cp_on_chip_2=36000|cp_on_chip_3=34000|cp_on_chip_4=34000|rf2_therm=32000|rf1_therm=33000|ISP=34000|TPU=35000|AUR=35000|rfpa_therm=31616|quiet_therm=32106|charging_therm=33820|,BIG=37000|MID=37000|usb_pwr_therm=29969|btmspkr_therm=29947|disp_therm=30014|north_therm=30793|soc_therm=33753|battery=30300|battery_cycle=5|dc-mains=34000|usbc-therm-adc=340|max77779fg=30300|LITTLE=36000|soc=8|smpl_gm=0|vdroop1=0|batoilo=0|batoilo2=0|batt_vs=30296|mdis_morepower=0|thb_hda=51|cp_on_chip_0=35000|cp_on_chip_1=36000|G3D=35000|cp_on_chip_2=36000|cp_on_chip_3=34000|cp_on_chip_4=34000|rf2_therm=32000|rf1_therm=33000|ISP=35000|TPU=35000|AUR=35000|rfpa_therm=31616|quiet_therm=32106|charging_therm=33820|,ok,39000,39000,5,37000,1,batched,untouched,4096,1024,9,1,2767,0,651,0,4,4,ok
1,6,nvhe,4,578000,578000,37000,37000,BIG=36000|MID=37000|usb_pwr_therm=29969|btmspkr_therm=29947|disp_therm=30014|north_therm=30793|soc_therm=33753|battery=30300|battery_cycle=5|dc-mains=34000|usbc-therm-adc=340|max77779fg=30300|LITTLE=36000|soc=8|smpl_gm=0|vdroop1=0|batoilo=0|batoilo2=0|batt_vs=30295|mdis_morepower=0|thb_hda=51|cp_on_chip_0=35000|cp_on_chip_1=36000|G3D=36000|cp_on_chip_2=36000|cp_on_chip_3=34000|cp_on_chip_4=34000|rf2_therm=32000|rf1_therm=33000|ISP=34000|TPU=35000|AUR=35000|rfpa_therm=31616|quiet_therm=32106|charging_therm=33820|,BIG=37000|MID=37000|usb_pwr_therm=29969|btmspkr_therm=29947|disp_therm=30014|north_therm=30793|soc_therm=33753|battery=30300|battery_cycle=5|dc-mains=34000|usbc-therm-adc=340|max77779fg=30300|LITTLE=36000|soc=8|smpl_gm=0|vdroop1=0|batoilo=0|batoilo2=0|batt_vs=30296|mdis_morepower=0|thb_hda=51|cp_on_chip_0=35000|cp_on_chip_1=36000|G3D=35000|cp_on_chip_2=36000|cp_on_chip_3=34000|cp_on_chip_4=34000|rf2_therm=32000|rf1_therm=33000|ISP=35000|TPU=35000|AUR=35000|rfpa_therm=31616|quiet_therm=32106|charging_therm=33820|,ok,39000,39000,5,37000,1,batched,untouched,4096,1024,10,1,3295,0,651,0,4,4,ok
1,6,nvhe,4,578000,578000,37000,37000,BIG=36000|MID=37000|usb_pwr_therm=29969|btmspkr_therm=29947|disp_therm=30014|north_therm=30793|soc_therm=33753|battery=30300|battery_cycle=5|dc-mains=34000|usbc-therm-adc=340|max77779fg=30300|LITTLE=36000|soc=8|smpl_gm=0|vdroop1=0|batoilo=0|batoilo2=0|batt_vs=30295|mdis_morepower=0|thb_hda=51|cp_on_chip_0=35000|cp_on_chip_1=36000|G3D=36000|cp_on_chip_2=36000|cp_on_chip_3=34000|cp_on_chip_4=34000|rf2_therm=32000|rf1_therm=33000|ISP=34000|TPU=35000|AUR=35000|rfpa_therm=31616|quiet_therm=32106|charging_therm=33820|,BIG=37000|MID=37000|usb_pwr_therm=29969|btmspkr_therm=29947|disp_therm=30014|north_therm=30793|soc_therm=33753|battery=30300|battery_cycle=5|dc-mains=34000|usbc-therm-adc=340|max77779fg=30300|LITTLE=36000|soc=8|smpl_gm=0|vdroop1=0|batoilo=0|batoilo2=0|batt_vs=30296|mdis_morepower=0|thb_hda=51|cp_on_chip_0=35000|cp_on_chip_1=36000|G3D=35000|cp_on_chip_2=36000|cp_on_chip_3=34000|cp_on_chip_4=34000|rf2_therm=32000|rf1_therm=33000|ISP=35000|TPU=35000|AUR=35000|rfpa_therm=31616|quiet_therm=32106|charging_therm=33820|,ok,39000,39000,5,37000,1,batched,untouched,4096,1024,11,1,2929,0,651,0,4,4,ok
1,6,nvhe,4,578000,578000,37000,37000,BIG=36000|MID=37000|usb_pwr_therm=29969|btmspkr_therm=29947|disp_therm=30014|north_therm=30793|soc_therm=33753|battery=30300|battery_cycle=5|dc-mains=34000|usbc-therm-adc=340|max77779fg=30300|LITTLE=36000|soc=8|smpl_gm=0|vdroop1=0|batoilo=0|batoilo2=0|batt_vs=30295|mdis_morepower=0|thb_hda=51|cp_on_chip_0=35000|cp_on_chip_1=36000|G3D=36000|cp_on_chip_2=36000|cp_on_chip_3=34000|cp_on_chip_4=34000|rf2_therm=32000|rf1_therm=33000|ISP=34000|TPU=35000|AUR=35000|rfpa_therm=31616|quiet_therm=32106|charging_therm=33820|,BIG=37000|MID=37000|usb_pwr_therm=29969|btmspkr_therm=29947|disp_therm=30014|north_therm=30793|soc_therm=33753|battery=30300|battery_cycle=5|dc-mains=34000|usbc-therm-adc=340|max77779fg=30300|LITTLE=36000|soc=8|smpl_gm=0|vdroop1=0|batoilo=0|batoilo2=0|batt_vs=30296|mdis_morepower=0|thb_hda=51|cp_on_chip_0=35000|cp_on_chip_1=36000|G3D=35000|cp_on_chip_2=36000|cp_on_chip_3=34000|cp_on_chip_4=34000|rf2_therm=32000|rf1_therm=33000|ISP=35000|TPU=35000|AUR=35000|rfpa_therm=31616|quiet_therm=32106|charging_therm=33820|,ok,39000,39000,5,37000,1,batched,untouched,4096,1024,12,1,2970,0,610,0,4,4,ok
1,6,nvhe,4,578000,578000,37000,37000,BIG=36000|MID=37000|usb_pwr_therm=29969|btmspkr_therm=29947|disp_therm=30014|north_therm=30793|soc_therm=33753|battery=30300|battery_cycle=5|dc-mains=34000|usbc-therm-adc=340|max77779fg=30300|LITTLE=36000|soc=8|smpl_gm=0|vdroop1=0|batoilo=0|batoilo2=0|batt_vs=30295|mdis_morepower=0|thb_hda=51|cp_on_chip_0=35000|cp_on_chip_1=36000|G3D=36000|cp_on_chip_2=36000|cp_on_chip_3=34000|cp_on_chip_4=34000|rf2_therm=32000|rf1_therm=33000|ISP=34000|TPU=35000|AUR=35000|rfpa_therm=31616|quiet_therm=32106|charging_therm=33820|,BIG=37000|MID=37000|usb_pwr_therm=29969|btmspkr_therm=29947|disp_therm=30014|north_therm=30793|soc_therm=33753|battery=30300|battery_cycle=5|dc-mains=34000|usbc-therm-adc=340|max77779fg=30300|LITTLE=36000|soc=8|smpl_gm=0|vdroop1=0|batoilo=0|batoilo2=0|batt_vs=30296|mdis_morepower=0|thb_hda=51|cp_on_chip_0=35000|cp_on_chip_1=36000|G3D=35000|cp_on_chip_2=36000|cp_on_chip_3=34000|cp_on_chip_4=34000|rf2_therm=32000|rf1_therm=33000|ISP=35000|TPU=35000|AUR=35000|rfpa_therm=31616|quiet_therm=32106|charging_therm=33820|,ok,39000,39000,5,37000,1,batched,untouched,4096,1024,13,1,2238,0,651,0,4,4,ok
1,6,nvhe,4,578000,578000,37000,37000,BIG=36000|MID=37000|usb_pwr_therm=29969|btmspkr_therm=29947|disp_therm=30014|north_therm=30793|soc_therm=33753|battery=30300|battery_cycle=5|dc-mains=34000|usbc-therm-adc=340|max77779fg=30300|LITTLE=36000|soc=8|smpl_gm=0|vdroop1=0|batoilo=0|batoilo2=0|batt_vs=30295|mdis_morepower=0|thb_hda=51|cp_on_chip_0=35000|cp_on_chip_1=36000|G3D=36000|cp_on_chip_2=36000|cp_on_chip_3=34000|cp_on_chip_4=34000|rf2_therm=32000|rf1_therm=33000|ISP=34000|TPU=35000|AUR=35000|rfpa_therm=31616|quiet_therm=32106|charging_therm=33820|,BIG=37000|MID=37000|usb_pwr_therm=29969|btmspkr_therm=29947|disp_therm=30014|north_therm=30793|soc_therm=33753|battery=30300|battery_cycle=5|dc-mains=34000|usbc-therm-adc=340|max77779fg=30300|LITTLE=36000|soc=8|smpl_gm=0|vdroop1=0|batoilo=0|batoilo2=0|batt_vs=30296|mdis_morepower=0|thb_hda=51|cp_on_chip_0=35000|cp_on_chip_1=36000|G3D=35000|cp_on_chip_2=36000|cp_on_chip_3=34000|cp_on_chip_4=34000|rf2_therm=32000|rf1_therm=33000|ISP=35000|TPU=35000|AUR=35000|rfpa_therm=31616|quiet_therm=32106|charging_therm=33820|,ok,39000,39000,5,37000,1,batched,untouched,4096,1024,14,1,3255,0,651,0,4,4,ok
1,6,nvhe,4,578000,578000,37000,37000,BIG=36000|MID=37000|usb_pwr_therm=29969|btmspkr_therm=29947|disp_therm=30014|north_therm=30793|soc_therm=33753|battery=30300|battery_cycle=5|dc-mains=34000|usbc-therm-adc=340|max77779fg=30300|LITTLE=36000|soc=8|smpl_gm=0|vdroop1=0|batoilo=0|batoilo2=0|batt_vs=30295|mdis_morepower=0|thb_hda=51|cp_on_chip_0=35000|cp_on_chip_1=36000|G3D=36000|cp_on_chip_2=36000|cp_on_chip_3=34000|cp_on_chip_4=34000|rf2_therm=32000|rf1_therm=33000|ISP=34000|TPU=35000|AUR=35000|rfpa_therm=31616|quiet_therm=32106|charging_therm=33820|,BIG=37000|MID=37000|usb_pwr_therm=29969|btmspkr_therm=29947|disp_therm=30014|north_therm=30793|soc_therm=33753|battery=30300|battery_cycle=5|dc-mains=34000|usbc-therm-adc=340|max77779fg=30300|LITTLE=36000|soc=8|smpl_gm=0|vdroop1=0|batoilo=0|batoilo2=0|batt_vs=30296|mdis_morepower=0|thb_hda=51|cp_on_chip_0=35000|cp_on_chip_1=36000|G3D=35000|cp_on_chip_2=36000|cp_on_chip_3=34000|cp_on_chip_4=34000|rf2_therm=32000|rf1_therm=33000|ISP=35000|TPU=35000|AUR=35000|rfpa_therm=31616|quiet_therm=32106|charging_therm=33820|,ok,39000,39000,5,37000,1,batched,untouched,4096,1024,15,1,2116,0,610,0,4,4,ok
1,6,nvhe,4,578000,578000,37000,37000,BIG=36000|MID=37000|usb_pwr_therm=29969|btmspkr_therm=29947|disp_therm=30014|north_therm=30793|soc_therm=33753|battery=30300|battery_cycle=5|dc-mains=34000|usbc-therm-adc=340|max77779fg=30300|LITTLE=36000|soc=8|smpl_gm=0|vdroop1=0|batoilo=0|batoilo2=0|batt_vs=30295|mdis_morepower=0|thb_hda=51|cp_on_chip_0=35000|cp_on_chip_1=36000|G3D=36000|cp_on_chip_2=36000|cp_on_chip_3=34000|cp_on_chip_4=34000|rf2_therm=32000|rf1_therm=33000|ISP=34000|TPU=35000|AUR=35000|rfpa_therm=31616|quiet_therm=32106|charging_therm=33820|,BIG=37000|MID=37000|usb_pwr_therm=29969|btmspkr_therm=29947|disp_therm=30014|north_therm=30793|soc_therm=33753|battery=30300|battery_cycle=5|dc-mains=34000|usbc-therm-adc=340|max77779fg=30300|LITTLE=36000|soc=8|smpl_gm=0|vdroop1=0|batoilo=0|batoilo2=0|batt_vs=30296|mdis_morepower=0|thb_hda=51|cp_on_chip_0=35000|cp_on_chip_1=36000|G3D=35000|cp_on_chip_2=36000|cp_on_chip_3=34000|cp_on_chip_4=34000|rf2_therm=32000|rf1_therm=33000|ISP=35000|TPU=35000|AUR=35000|rfpa_therm=31616|quiet_therm=32106|charging_therm=33820|,ok,39000,39000,5,37000,1,batched,untouched,4096,1024,16,1,2930,0,651,0,4,4,ok
1,6,nvhe,4,578000,578000,37000,37000,BIG=36000|MID=37000|usb_pwr_therm=29969|btmspkr_therm=29947|disp_therm=30014|north_therm=30793|soc_therm=33753|battery=30300|battery_cycle=5|dc-mains=34000|usbc-therm-adc=340|max77779fg=30300|LITTLE=36000|soc=8|smpl_gm=0|vdroop1=0|batoilo=0|batoilo2=0|batt_vs=30295|mdis_morepower=0|thb_hda=51|cp_on_chip_0=35000|cp_on_chip_1=36000|G3D=36000|cp_on_chip_2=36000|cp_on_chip_3=34000|cp_on_chip_4=34000|rf2_therm=32000|rf1_therm=33000|ISP=34000|TPU=35000|AUR=35000|rfpa_therm=31616|quiet_therm=32106|charging_therm=33820|,BIG=37000|MID=37000|usb_pwr_therm=29969|btmspkr_therm=29947|disp_therm=30014|north_therm=30793|soc_therm=33753|battery=30300|battery_cycle=5|dc-mains=34000|usbc-therm-adc=340|max77779fg=30300|LITTLE=36000|soc=8|smpl_gm=0|vdroop1=0|batoilo=0|batoilo2=0|batt_vs=30296|mdis_morepower=0|thb_hda=51|cp_on_chip_0=35000|cp_on_chip_1=36000|G3D=35000|cp_on_chip_2=36000|cp_on_chip_3=34000|cp_on_chip_4=34000|rf2_therm=32000|rf1_therm=33000|ISP=35000|TPU=35000|AUR=35000|rfpa_therm=31616|quiet_therm=32106|charging_therm=33820|,ok,39000,39000,5,37000,1,batched,untouched,4096,1024,17,1,2198,0,611,0,4,4,ok
1,6,nvhe,4,578000,578000,37000,37000,BIG=36000|MID=37000|usb_pwr_therm=29969|btmspkr_therm=29947|disp_therm=30014|north_therm=30793|soc_therm=33753|battery=30300|battery_cycle=5|dc-mains=34000|usbc-therm-adc=340|max77779fg=30300|LITTLE=36000|soc=8|smpl_gm=0|vdroop1=0|batoilo=0|batoilo2=0|batt_vs=30295|mdis_morepower=0|thb_hda=51|cp_on_chip_0=35000|cp_on_chip_1=36000|G3D=36000|cp_on_chip_2=36000|cp_on_chip_3=34000|cp_on_chip_4=34000|rf2_therm=32000|rf1_therm=33000|ISP=34000|TPU=35000|AUR=35000|rfpa_therm=31616|quiet_therm=32106|charging_therm=33820|,BIG=37000|MID=37000|usb_pwr_therm=29969|btmspkr_therm=29947|disp_therm=30014|north_therm=30793|soc_therm=33753|battery=30300|battery_cycle=5|dc-mains=34000|usbc-therm-adc=340|max77779fg=30300|LITTLE=36000|soc=8|smpl_gm=0|vdroop1=0|batoilo=0|batoilo2=0|batt_vs=30296|mdis_morepower=0|thb_hda=51|cp_on_chip_0=35000|cp_on_chip_1=36000|G3D=35000|cp_on_chip_2=36000|cp_on_chip_3=34000|cp_on_chip_4=34000|rf2_therm=32000|rf1_therm=33000|ISP=35000|TPU=35000|AUR=35000|rfpa_therm=31616|quiet_therm=32106|charging_therm=33820|,ok,39000,39000,5,37000,1,batched,untouched,4096,1024,18,1,2157,0,651,0,4,4,ok
1,6,nvhe,4,578000,578000,37000,37000,BIG=36000|MID=37000|usb_pwr_therm=29969|btmspkr_therm=29947|disp_therm=30014|north_therm=30793|soc_therm=33753|battery=30300|battery_cycle=5|dc-mains=34000|usbc-therm-adc=340|max77779fg=30300|LITTLE=36000|soc=8|smpl_gm=0|vdroop1=0|batoilo=0|batoilo2=0|batt_vs=30295|mdis_morepower=0|thb_hda=51|cp_on_chip_0=35000|cp_on_chip_1=36000|G3D=36000|cp_on_chip_2=36000|cp_on_chip_3=34000|cp_on_chip_4=34000|rf2_therm=32000|rf1_therm=33000|ISP=34000|TPU=35000|AUR=35000|rfpa_therm=31616|quiet_therm=32106|charging_therm=33820|,BIG=37000|MID=37000|usb_pwr_therm=29969|btmspkr_therm=29947|disp_therm=30014|north_therm=30793|soc_therm=33753|battery=30300|battery_cycle=5|dc-mains=34000|usbc-therm-adc=340|max77779fg=30300|LITTLE=36000|soc=8|smpl_gm=0|vdroop1=0|batoilo=0|batoilo2=0|batt_vs=30296|mdis_morepower=0|thb_hda=51|cp_on_chip_0=35000|cp_on_chip_1=36000|G3D=35000|cp_on_chip_2=36000|cp_on_chip_3=34000|cp_on_chip_4=34000|rf2_therm=32000|rf1_therm=33000|ISP=35000|TPU=35000|AUR=35000|rfpa_therm=31616|quiet_therm=32106|charging_therm=33820|,ok,39000,39000,5,37000,1,batched,untouched,4096,1024,19,1,2157,0,651,0,4,4,ok
1,6,nvhe,4,578000,578000,37000,37000,BIG=36000|MID=37000|usb_pwr_therm=29969|btmspkr_therm=29947|disp_therm=30014|north_therm=30793|soc_therm=33753|battery=30300|battery_cycle=5|dc-mains=34000|usbc-therm-adc=340|max77779fg=30300|LITTLE=36000|soc=8|smpl_gm=0|vdroop1=0|batoilo=0|batoilo2=0|batt_vs=30295|mdis_morepower=0|thb_hda=51|cp_on_chip_0=35000|cp_on_chip_1=36000|G3D=36000|cp_on_chip_2=36000|cp_on_chip_3=34000|cp_on_chip_4=34000|rf2_therm=32000|rf1_therm=33000|ISP=34000|TPU=35000|AUR=35000|rfpa_therm=31616|quiet_therm=32106|charging_therm=33820|,BIG=37000|MID=37000|usb_pwr_therm=29969|btmspkr_therm=29947|disp_therm=30014|north_therm=30793|soc_therm=33753|battery=30300|battery_cycle=5|dc-mains=34000|usbc-therm-adc=340|max77779fg=30300|LITTLE=36000|soc=8|smpl_gm=0|vdroop1=0|batoilo=0|batoilo2=0|batt_vs=30296|mdis_morepower=0|thb_hda=51|cp_on_chip_0=35000|cp_on_chip_1=36000|G3D=35000|cp_on_chip_2=36000|cp_on_chip_3=34000|cp_on_chip_4=34000|rf2_therm=32000|rf1_therm=33000|ISP=35000|TPU=35000|AUR=35000|rfpa_therm=31616|quiet_therm=32106|charging_therm=33820|,ok,39000,39000,5,37000,1,batched,untouched,4096,1024,20,1,2929,0,611,0,4,4,ok
1,6,nvhe,4,578000,578000,37000,37000,BIG=36000|MID=37000|usb_pwr_therm=29969|btmspkr_therm=29947|disp_therm=30014|north_therm=30793|soc_therm=33753|battery=30300|battery_cycle=5|dc-mains=34000|usbc-therm-adc=340|max77779fg=30300|LITTLE=36000|soc=8|smpl_gm=0|vdroop1=0|batoilo=0|batoilo2=0|batt_vs=30295|mdis_morepower=0|thb_hda=51|cp_on_chip_0=35000|cp_on_chip_1=36000|G3D=36000|cp_on_chip_2=36000|cp_on_chip_3=34000|cp_on_chip_4=34000|rf2_therm=32000|rf1_therm=33000|ISP=34000|TPU=35000|AUR=35000|rfpa_therm=31616|quiet_therm=32106|charging_therm=33820|,BIG=37000|MID=37000|usb_pwr_therm=29969|btmspkr_therm=29947|disp_therm=30014|north_therm=30793|soc_therm=33753|battery=30300|battery_cycle=5|dc-mains=34000|usbc-therm-adc=340|max77779fg=30300|LITTLE=36000|soc=8|smpl_gm=0|vdroop1=0|batoilo=0|batoilo2=0|batt_vs=30296|mdis_morepower=0|thb_hda=51|cp_on_chip_0=35000|cp_on_chip_1=36000|G3D=35000|cp_on_chip_2=36000|cp_on_chip_3=34000|cp_on_chip_4=34000|rf2_therm=32000|rf1_therm=33000|ISP=35000|TPU=35000|AUR=35000|rfpa_therm=31616|quiet_therm=32106|charging_therm=33820|,ok,39000,39000,5,37000,1,batched,untouched,4096,1024,21,1,2441,0,610,0,4,4,ok
1,6,nvhe,4,578000,578000,37000,37000,BIG=36000|MID=37000|usb_pwr_therm=29969|btmspkr_therm=29947|disp_therm=30014|north_therm=30793|soc_therm=33753|battery=30300|battery_cycle=5|dc-mains=34000|usbc-therm-adc=340|max77779fg=30300|LITTLE=36000|soc=8|smpl_gm=0|vdroop1=0|batoilo=0|batoilo2=0|batt_vs=30295|mdis_morepower=0|thb_hda=51|cp_on_chip_0=35000|cp_on_chip_1=36000|G3D=36000|cp_on_chip_2=36000|cp_on_chip_3=34000|cp_on_chip_4=34000|rf2_therm=32000|rf1_therm=33000|ISP=34000|TPU=35000|AUR=35000|rfpa_therm=31616|quiet_therm=32106|charging_therm=33820|,BIG=37000|MID=37000|usb_pwr_therm=29969|btmspkr_therm=29947|disp_therm=30014|north_therm=30793|soc_therm=33753|battery=30300|battery_cycle=5|dc-mains=34000|usbc-therm-adc=340|max77779fg=30300|LITTLE=36000|soc=8|smpl_gm=0|vdroop1=0|batoilo=0|batoilo2=0|batt_vs=30296|mdis_morepower=0|thb_hda=51|cp_on_chip_0=35000|cp_on_chip_1=36000|G3D=35000|cp_on_chip_2=36000|cp_on_chip_3=34000|cp_on_chip_4=34000|rf2_therm=32000|rf1_therm=33000|ISP=35000|TPU=35000|AUR=35000|rfpa_therm=31616|quiet_therm=32106|charging_therm=33820|,ok,39000,39000,5,37000,1,batched,untouched,4096,1024,22,1,2807,0,651,0,4,4,ok
1,6,nvhe,4,578000,578000,37000,37000,BIG=36000|MID=37000|usb_pwr_therm=29969|btmspkr_therm=29947|disp_therm=30014|north_therm=30793|soc_therm=33753|battery=30300|battery_cycle=5|dc-mains=34000|usbc-therm-adc=340|max77779fg=30300|LITTLE=36000|soc=8|smpl_gm=0|vdroop1=0|batoilo=0|batoilo2=0|batt_vs=30295|mdis_morepower=0|thb_hda=51|cp_on_chip_0=35000|cp_on_chip_1=36000|G3D=36000|cp_on_chip_2=36000|cp_on_chip_3=34000|cp_on_chip_4=34000|rf2_therm=32000|rf1_therm=33000|ISP=34000|TPU=35000|AUR=35000|rfpa_therm=31616|quiet_therm=32106|charging_therm=33820|,BIG=37000|MID=37000|usb_pwr_therm=29969|btmspkr_therm=29947|disp_therm=30014|north_therm=30793|soc_therm=33753|battery=30300|battery_cycle=5|dc-mains=34000|usbc-therm-adc=340|max77779fg=30300|LITTLE=36000|soc=8|smpl_gm=0|vdroop1=0|batoilo=0|batoilo2=0|batt_vs=30296|mdis_morepower=0|thb_hda=51|cp_on_chip_0=35000|cp_on_chip_1=36000|G3D=35000|cp_on_chip_2=36000|cp_on_chip_3=34000|cp_on_chip_4=34000|rf2_therm=32000|rf1_therm=33000|ISP=35000|TPU=35000|AUR=35000|rfpa_therm=31616|quiet_therm=32106|charging_therm=33820|,ok,39000,39000,5,37000,1,batched,untouched,4096,1024,23,1,2279,0,651,0,4,4,ok
1,6,nvhe,4,578000,578000,37000,37000,BIG=36000|MID=37000|usb_pwr_therm=29969|btmspkr_therm=29947|disp_therm=30014|north_therm=30793|soc_therm=33753|battery=30300|battery_cycle=5|dc-mains=34000|usbc-therm-adc=340|max77779fg=30300|LITTLE=36000|soc=8|smpl_gm=0|vdroop1=0|batoilo=0|batoilo2=0|batt_vs=30295|mdis_morepower=0|thb_hda=51|cp_on_chip_0=35000|cp_on_chip_1=36000|G3D=36000|cp_on_chip_2=36000|cp_on_chip_3=34000|cp_on_chip_4=34000|rf2_therm=32000|rf1_therm=33000|ISP=34000|TPU=35000|AUR=35000|rfpa_therm=31616|quiet_therm=32106|charging_therm=33820|,BIG=37000|MID=37000|usb_pwr_therm=29969|btmspkr_therm=29947|disp_therm=30014|north_therm=30793|soc_therm=33753|battery=30300|battery_cycle=5|dc-mains=34000|usbc-therm-adc=340|max77779fg=30300|LITTLE=36000|soc=8|smpl_gm=0|vdroop1=0|batoilo=0|batoilo2=0|batt_vs=30296|mdis_morepower=0|thb_hda=51|cp_on_chip_0=35000|cp_on_chip_1=36000|G3D=35000|cp_on_chip_2=36000|cp_on_chip_3=34000|cp_on_chip_4=34000|rf2_therm=32000|rf1_therm=33000|ISP=35000|TPU=35000|AUR=35000|rfpa_therm=31616|quiet_therm=32106|charging_therm=33820|,ok,39000,39000,5,37000,1,batched,untouched,4096,1024,24,1,2156,0,611,0,4,4,ok
1,6,nvhe,4,578000,578000,37000,37000,BIG=36000|MID=37000|usb_pwr_therm=29969|btmspkr_therm=29947|disp_therm=30014|north_therm=30793|soc_therm=33753|battery=30300|battery_cycle=5|dc-mains=34000|usbc-therm-adc=340|max77779fg=30300|LITTLE=36000|soc=8|smpl_gm=0|vdroop1=0|batoilo=0|batoilo2=0|batt_vs=30295|mdis_morepower=0|thb_hda=51|cp_on_chip_0=35000|cp_on_chip_1=36000|G3D=36000|cp_on_chip_2=36000|cp_on_chip_3=34000|cp_on_chip_4=34000|rf2_therm=32000|rf1_therm=33000|ISP=34000|TPU=35000|AUR=35000|rfpa_therm=31616|quiet_therm=32106|charging_therm=33820|,BIG=37000|MID=37000|usb_pwr_therm=29969|btmspkr_therm=29947|disp_therm=30014|north_therm=30793|soc_therm=33753|battery=30300|battery_cycle=5|dc-mains=34000|usbc-therm-adc=340|max77779fg=30300|LITTLE=36000|soc=8|smpl_gm=0|vdroop1=0|batoilo=0|batoilo2=0|batt_vs=30296|mdis_morepower=0|thb_hda=51|cp_on_chip_0=35000|cp_on_chip_1=36000|G3D=35000|cp_on_chip_2=36000|cp_on_chip_3=34000|cp_on_chip_4=34000|rf2_therm=32000|rf1_therm=33000|ISP=35000|TPU=35000|AUR=35000|rfpa_therm=31616|quiet_therm=32106|charging_therm=33820|,ok,39000,39000,5,37000,1,batched,untouched,4096,1024,25,1,2319,0,611,0,4,4,ok
1,6,nvhe,4,578000,578000,37000,37000,BIG=36000|MID=37000|usb_pwr_therm=29969|btmspkr_therm=29947|disp_therm=30014|north_therm=30793|soc_therm=33753|battery=30300|battery_cycle=5|dc-mains=34000|usbc-therm-adc=340|max77779fg=30300|LITTLE=36000|soc=8|smpl_gm=0|vdroop1=0|batoilo=0|batoilo2=0|batt_vs=30295|mdis_morepower=0|thb_hda=51|cp_on_chip_0=35000|cp_on_chip_1=36000|G3D=36000|cp_on_chip_2=36000|cp_on_chip_3=34000|cp_on_chip_4=34000|rf2_therm=32000|rf1_therm=33000|ISP=34000|TPU=35000|AUR=35000|rfpa_therm=31616|quiet_therm=32106|charging_therm=33820|,BIG=37000|MID=37000|usb_pwr_therm=29969|btmspkr_therm=29947|disp_therm=30014|north_therm=30793|soc_therm=33753|battery=30300|battery_cycle=5|dc-mains=34000|usbc-therm-adc=340|max77779fg=30300|LITTLE=36000|soc=8|smpl_gm=0|vdroop1=0|batoilo=0|batoilo2=0|batt_vs=30296|mdis_morepower=0|thb_hda=51|cp_on_chip_0=35000|cp_on_chip_1=36000|G3D=35000|cp_on_chip_2=36000|cp_on_chip_3=34000|cp_on_chip_4=34000|rf2_therm=32000|rf1_therm=33000|ISP=35000|TPU=35000|AUR=35000|rfpa_therm=31616|quiet_therm=32106|charging_therm=33820|,ok,39000,39000,5,37000,1,batched,untouched,4096,1024,26,1,2930,0,610,0,4,4,ok
1,6,nvhe,4,578000,578000,37000,37000,BIG=36000|MID=37000|usb_pwr_therm=29969|btmspkr_therm=29947|disp_therm=30014|north_therm=30793|soc_therm=33753|battery=30300|battery_cycle=5|dc-mains=34000|usbc-therm-adc=340|max77779fg=30300|LITTLE=36000|soc=8|smpl_gm=0|vdroop1=0|batoilo=0|batoilo2=0|batt_vs=30295|mdis_morepower=0|thb_hda=51|cp_on_chip_0=35000|cp_on_chip_1=36000|G3D=36000|cp_on_chip_2=36000|cp_on_chip_3=34000|cp_on_chip_4=34000|rf2_therm=32000|rf1_therm=33000|ISP=34000|TPU=35000|AUR=35000|rfpa_therm=31616|quiet_therm=32106|charging_therm=33820|,BIG=37000|MID=37000|usb_pwr_therm=29969|btmspkr_therm=29947|disp_therm=30014|north_therm=30793|soc_therm=33753|battery=30300|battery_cycle=5|dc-mains=34000|usbc-therm-adc=340|max77779fg=30300|LITTLE=36000|soc=8|smpl_gm=0|vdroop1=0|batoilo=0|batoilo2=0|batt_vs=30296|mdis_morepower=0|thb_hda=51|cp_on_chip_0=35000|cp_on_chip_1=36000|G3D=35000|cp_on_chip_2=36000|cp_on_chip_3=34000|cp_on_chip_4=34000|rf2_therm=32000|rf1_therm=33000|ISP=35000|TPU=35000|AUR=35000|rfpa_therm=31616|quiet_therm=32106|charging_therm=33820|,ok,39000,39000,5,37000,1,batched,untouched,4096,1024,27,1,2971,0,651,0,4,4,ok
1,6,nvhe,4,578000,578000,37000,37000,BIG=36000|MID=37000|usb_pwr_therm=29969|btmspkr_therm=29947|disp_therm=30014|north_therm=30793|soc_therm=33753|battery=30300|battery_cycle=5|dc-mains=34000|usbc-therm-adc=340|max77779fg=30300|LITTLE=36000|soc=8|smpl_gm=0|vdroop1=0|batoilo=0|batoilo2=0|batt_vs=30295|mdis_morepower=0|thb_hda=51|cp_on_chip_0=35000|cp_on_chip_1=36000|G3D=36000|cp_on_chip_2=36000|cp_on_chip_3=34000|cp_on_chip_4=34000|rf2_therm=32000|rf1_therm=33000|ISP=34000|TPU=35000|AUR=35000|rfpa_therm=31616|quiet_therm=32106|charging_therm=33820|,BIG=37000|MID=37000|usb_pwr_therm=29969|btmspkr_therm=29947|disp_therm=30014|north_therm=30793|soc_therm=33753|battery=30300|battery_cycle=5|dc-mains=34000|usbc-therm-adc=340|max77779fg=30300|LITTLE=36000|soc=8|smpl_gm=0|vdroop1=0|batoilo=0|batoilo2=0|batt_vs=30296|mdis_morepower=0|thb_hda=51|cp_on_chip_0=35000|cp_on_chip_1=36000|G3D=35000|cp_on_chip_2=36000|cp_on_chip_3=34000|cp_on_chip_4=34000|rf2_therm=32000|rf1_therm=33000|ISP=35000|TPU=35000|AUR=35000|rfpa_therm=31616|quiet_therm=32106|charging_therm=33820|,ok,39000,39000,5,37000,1,batched,untouched,4096,1024,28,1,2808,0,651,0,4,4,ok
1,6,nvhe,4,578000,578000,37000,37000,BIG=36000|MID=37000|usb_pwr_therm=29969|btmspkr_therm=29947|disp_therm=30014|north_therm=30793|soc_therm=33753|battery=30300|battery_cycle=5|dc-mains=34000|usbc-therm-adc=340|max77779fg=30300|LITTLE=36000|soc=8|smpl_gm=0|vdroop1=0|batoilo=0|batoilo2=0|batt_vs=30295|mdis_morepower=0|thb_hda=51|cp_on_chip_0=35000|cp_on_chip_1=36000|G3D=36000|cp_on_chip_2=36000|cp_on_chip_3=34000|cp_on_chip_4=34000|rf2_therm=32000|rf1_therm=33000|ISP=34000|TPU=35000|AUR=35000|rfpa_therm=31616|quiet_therm=32106|charging_therm=33820|,BIG=37000|MID=37000|usb_pwr_therm=29969|btmspkr_therm=29947|disp_therm=30014|north_therm=30793|soc_therm=33753|battery=30300|battery_cycle=5|dc-mains=34000|usbc-therm-adc=340|max77779fg=30300|LITTLE=36000|soc=8|smpl_gm=0|vdroop1=0|batoilo=0|batoilo2=0|batt_vs=30296|mdis_morepower=0|thb_hda=51|cp_on_chip_0=35000|cp_on_chip_1=36000|G3D=35000|cp_on_chip_2=36000|cp_on_chip_3=34000|cp_on_chip_4=34000|rf2_therm=32000|rf1_therm=33000|ISP=35000|TPU=35000|AUR=35000|rfpa_therm=31616|quiet_therm=32106|charging_therm=33820|,ok,39000,39000,5,37000,1,batched,untouched,4096,1024,29,1,3418,0,651,0,4,4,ok
1,7,nvhe,4,910000,1328000,37000,37000,BIG=36000|MID=36000|usb_pwr_therm=29969|btmspkr_therm=29947|disp_therm=30014|north_therm=30793|soc_therm=33798|battery=30300|battery_cycle=5|dc-mains=34500|usbc-therm-adc=340|max77779fg=30300|LITTLE=36000|soc=8|smpl_gm=0|vdroop1=0|batoilo=0|batoilo2=0|batt_vs=30296|mdis_morepower=0|thb_hda=51|cp_on_chip_0=35000|cp_on_chip_1=36000|G3D=35000|cp_on_chip_2=36000|cp_on_chip_3=34000|cp_on_chip_4=34000|rf2_therm=32000|rf1_therm=33000|ISP=34000|TPU=35000|AUR=35000|rfpa_therm=31616|quiet_therm=32128|charging_therm=33842|,BIG=36000|MID=37000|usb_pwr_therm=29991|btmspkr_therm=29947|disp_therm=30014|north_therm=30793|soc_therm=33842|battery=30300|battery_cycle=5|dc-mains=34500|usbc-therm-adc=345|max77779fg=30300|LITTLE=37000|soc=8|smpl_gm=0|vdroop1=0|batoilo=0|batoilo2=0|batt_vs=30296|mdis_morepower=0|thb_hda=51|cp_on_chip_0=35000|cp_on_chip_1=36000|G3D=35000|cp_on_chip_2=36000|cp_on_chip_3=34000|cp_on_chip_4=34000|rf2_therm=32000|rf1_therm=33000|ISP=35000|TPU=35000|AUR=35000|rfpa_therm=31639|quiet_therm=32151|charging_therm=33865|,ok,39000,36000,0,36000,1,single,untouched,4096,512,0,512,20711,0,1321004,0,4,4,ok
1,7,nvhe,4,910000,1328000,37000,37000,BIG=36000|MID=36000|usb_pwr_therm=29969|btmspkr_therm=29947|disp_therm=30014|north_therm=30793|soc_therm=33798|battery=30300|battery_cycle=5|dc-mains=34500|usbc-therm-adc=340|max77779fg=30300|LITTLE=36000|soc=8|smpl_gm=0|vdroop1=0|batoilo=0|batoilo2=0|batt_vs=30296|mdis_morepower=0|thb_hda=51|cp_on_chip_0=35000|cp_on_chip_1=36000|G3D=35000|cp_on_chip_2=36000|cp_on_chip_3=34000|cp_on_chip_4=34000|rf2_therm=32000|rf1_therm=33000|ISP=34000|TPU=35000|AUR=35000|rfpa_therm=31616|quiet_therm=32128|charging_therm=33842|,BIG=36000|MID=37000|usb_pwr_therm=29991|btmspkr_therm=29947|disp_therm=30014|north_therm=30793|soc_therm=33842|battery=30300|battery_cycle=5|dc-mains=34500|usbc-therm-adc=345|max77779fg=30300|LITTLE=37000|soc=8|smpl_gm=0|vdroop1=0|batoilo=0|batoilo2=0|batt_vs=30296|mdis_morepower=0|thb_hda=51|cp_on_chip_0=35000|cp_on_chip_1=36000|G3D=35000|cp_on_chip_2=36000|cp_on_chip_3=34000|cp_on_chip_4=34000|rf2_therm=32000|rf1_therm=33000|ISP=35000|TPU=35000|AUR=35000|rfpa_therm=31639|quiet_therm=32151|charging_therm=33865|,ok,39000,36000,0,36000,1,single,untouched,4096,512,1,512,20792,0,1271729,0,4,4,ok
1,7,nvhe,4,910000,1328000,37000,37000,BIG=36000|MID=36000|usb_pwr_therm=29969|btmspkr_therm=29947|disp_therm=30014|north_therm=30793|soc_therm=33798|battery=30300|battery_cycle=5|dc-mains=34500|usbc-therm-adc=340|max77779fg=30300|LITTLE=36000|soc=8|smpl_gm=0|vdroop1=0|batoilo=0|batoilo2=0|batt_vs=30296|mdis_morepower=0|thb_hda=51|cp_on_chip_0=35000|cp_on_chip_1=36000|G3D=35000|cp_on_chip_2=36000|cp_on_chip_3=34000|cp_on_chip_4=34000|rf2_therm=32000|rf1_therm=33000|ISP=34000|TPU=35000|AUR=35000|rfpa_therm=31616|quiet_therm=32128|charging_therm=33842|,BIG=36000|MID=37000|usb_pwr_therm=29991|btmspkr_therm=29947|disp_therm=30014|north_therm=30793|soc_therm=33842|battery=30300|battery_cycle=5|dc-mains=34500|usbc-therm-adc=345|max77779fg=30300|LITTLE=37000|soc=8|smpl_gm=0|vdroop1=0|batoilo=0|batoilo2=0|batt_vs=30296|mdis_morepower=0|thb_hda=51|cp_on_chip_0=35000|cp_on_chip_1=36000|G3D=35000|cp_on_chip_2=36000|cp_on_chip_3=34000|cp_on_chip_4=34000|rf2_therm=32000|rf1_therm=33000|ISP=35000|TPU=35000|AUR=35000|rfpa_therm=31639|quiet_therm=32151|charging_therm=33865|,ok,39000,36000,0,36000,1,single,untouched,4096,512,2,512,15665,0,821614,0,4,4,ok
1,7,nvhe,4,910000,1328000,37000,37000,BIG=36000|MID=36000|usb_pwr_therm=29969|btmspkr_therm=29947|disp_therm=30014|north_therm=30793|soc_therm=33798|battery=30300|battery_cycle=5|dc-mains=34500|usbc-therm-adc=340|max77779fg=30300|LITTLE=36000|soc=8|smpl_gm=0|vdroop1=0|batoilo=0|batoilo2=0|batt_vs=30296|mdis_morepower=0|thb_hda=51|cp_on_chip_0=35000|cp_on_chip_1=36000|G3D=35000|cp_on_chip_2=36000|cp_on_chip_3=34000|cp_on_chip_4=34000|rf2_therm=32000|rf1_therm=33000|ISP=34000|TPU=35000|AUR=35000|rfpa_therm=31616|quiet_therm=32128|charging_therm=33842|,BIG=36000|MID=37000|usb_pwr_therm=29991|btmspkr_therm=29947|disp_therm=30014|north_therm=30793|soc_therm=33842|battery=30300|battery_cycle=5|dc-mains=34500|usbc-therm-adc=345|max77779fg=30300|LITTLE=37000|soc=8|smpl_gm=0|vdroop1=0|batoilo=0|batoilo2=0|batt_vs=30296|mdis_morepower=0|thb_hda=51|cp_on_chip_0=35000|cp_on_chip_1=36000|G3D=35000|cp_on_chip_2=36000|cp_on_chip_3=34000|cp_on_chip_4=34000|rf2_therm=32000|rf1_therm=33000|ISP=35000|TPU=35000|AUR=35000|rfpa_therm=31639|quiet_therm=32151|charging_therm=33865|,ok,39000,36000,0,36000,1,single,untouched,4096,512,3,512,33000,0,820964,0,4,4,ok
1,7,nvhe,4,910000,1328000,37000,37000,BIG=36000|MID=36000|usb_pwr_therm=29969|btmspkr_therm=29947|disp_therm=30014|north_therm=30793|soc_therm=33798|battery=30300|battery_cycle=5|dc-mains=34500|usbc-therm-adc=340|max77779fg=30300|LITTLE=36000|soc=8|smpl_gm=0|vdroop1=0|batoilo=0|batoilo2=0|batt_vs=30296|mdis_morepower=0|thb_hda=51|cp_on_chip_0=35000|cp_on_chip_1=36000|G3D=35000|cp_on_chip_2=36000|cp_on_chip_3=34000|cp_on_chip_4=34000|rf2_therm=32000|rf1_therm=33000|ISP=34000|TPU=35000|AUR=35000|rfpa_therm=31616|quiet_therm=32128|charging_therm=33842|,BIG=36000|MID=37000|usb_pwr_therm=29991|btmspkr_therm=29947|disp_therm=30014|north_therm=30793|soc_therm=33842|battery=30300|battery_cycle=5|dc-mains=34500|usbc-therm-adc=345|max77779fg=30300|LITTLE=37000|soc=8|smpl_gm=0|vdroop1=0|batoilo=0|batoilo2=0|batt_vs=30296|mdis_morepower=0|thb_hda=51|cp_on_chip_0=35000|cp_on_chip_1=36000|G3D=35000|cp_on_chip_2=36000|cp_on_chip_3=34000|cp_on_chip_4=34000|rf2_therm=32000|rf1_therm=33000|ISP=35000|TPU=35000|AUR=35000|rfpa_therm=31639|quiet_therm=32151|charging_therm=33865|,ok,39000,36000,0,36000,1,single,untouched,4096,512,4,512,13020,0,820963,0,4,4,ok
1,7,nvhe,4,910000,1328000,37000,37000,BIG=36000|MID=36000|usb_pwr_therm=29969|btmspkr_therm=29947|disp_therm=30014|north_therm=30793|soc_therm=33798|battery=30300|battery_cycle=5|dc-mains=34500|usbc-therm-adc=340|max77779fg=30300|LITTLE=36000|soc=8|smpl_gm=0|vdroop1=0|batoilo=0|batoilo2=0|batt_vs=30296|mdis_morepower=0|thb_hda=51|cp_on_chip_0=35000|cp_on_chip_1=36000|G3D=35000|cp_on_chip_2=36000|cp_on_chip_3=34000|cp_on_chip_4=34000|rf2_therm=32000|rf1_therm=33000|ISP=34000|TPU=35000|AUR=35000|rfpa_therm=31616|quiet_therm=32128|charging_therm=33842|,BIG=36000|MID=37000|usb_pwr_therm=29991|btmspkr_therm=29947|disp_therm=30014|north_therm=30793|soc_therm=33842|battery=30300|battery_cycle=5|dc-mains=34500|usbc-therm-adc=345|max77779fg=30300|LITTLE=37000|soc=8|smpl_gm=0|vdroop1=0|batoilo=0|batoilo2=0|batt_vs=30296|mdis_morepower=0|thb_hda=51|cp_on_chip_0=35000|cp_on_chip_1=36000|G3D=35000|cp_on_chip_2=36000|cp_on_chip_3=34000|cp_on_chip_4=34000|rf2_therm=32000|rf1_therm=33000|ISP=35000|TPU=35000|AUR=35000|rfpa_therm=31639|quiet_therm=32151|charging_therm=33865|,ok,39000,36000,0,36000,1,single,untouched,4096,512,5,512,29541,0,884766,0,4,4,ok
1,7,nvhe,4,910000,1328000,37000,37000,BIG=36000|MID=36000|usb_pwr_therm=29969|btmspkr_therm=29947|disp_therm=30014|north_therm=30793|soc_therm=33798|battery=30300|battery_cycle=5|dc-mains=34500|usbc-therm-adc=340|max77779fg=30300|LITTLE=36000|soc=8|smpl_gm=0|vdroop1=0|batoilo=0|batoilo2=0|batt_vs=30296|mdis_morepower=0|thb_hda=51|cp_on_chip_0=35000|cp_on_chip_1=36000|G3D=35000|cp_on_chip_2=36000|cp_on_chip_3=34000|cp_on_chip_4=34000|rf2_therm=32000|rf1_therm=33000|ISP=34000|TPU=35000|AUR=35000|rfpa_therm=31616|quiet_therm=32128|charging_therm=33842|,BIG=36000|MID=37000|usb_pwr_therm=29991|btmspkr_therm=29947|disp_therm=30014|north_therm=30793|soc_therm=33842|battery=30300|battery_cycle=5|dc-mains=34500|usbc-therm-adc=345|max77779fg=30300|LITTLE=37000|soc=8|smpl_gm=0|vdroop1=0|batoilo=0|batoilo2=0|batt_vs=30296|mdis_morepower=0|thb_hda=51|cp_on_chip_0=35000|cp_on_chip_1=36000|G3D=35000|cp_on_chip_2=36000|cp_on_chip_3=34000|cp_on_chip_4=34000|rf2_therm=32000|rf1_therm=33000|ISP=35000|TPU=35000|AUR=35000|rfpa_therm=31639|quiet_therm=32151|charging_therm=33865|,ok,39000,36000,0,36000,1,single,untouched,4096,512,6,512,19979,0,737834,0,4,4,ok
1,7,nvhe,4,910000,1328000,37000,37000,BIG=36000|MID=36000|usb_pwr_therm=29969|btmspkr_therm=29947|disp_therm=30014|north_therm=30793|soc_therm=33798|battery=30300|battery_cycle=5|dc-mains=34500|usbc-therm-adc=340|max77779fg=30300|LITTLE=36000|soc=8|smpl_gm=0|vdroop1=0|batoilo=0|batoilo2=0|batt_vs=30296|mdis_morepower=0|thb_hda=51|cp_on_chip_0=35000|cp_on_chip_1=36000|G3D=35000|cp_on_chip_2=36000|cp_on_chip_3=34000|cp_on_chip_4=34000|rf2_therm=32000|rf1_therm=33000|ISP=34000|TPU=35000|AUR=35000|rfpa_therm=31616|quiet_therm=32128|charging_therm=33842|,BIG=36000|MID=37000|usb_pwr_therm=29991|btmspkr_therm=29947|disp_therm=30014|north_therm=30793|soc_therm=33842|battery=30300|battery_cycle=5|dc-mains=34500|usbc-therm-adc=345|max77779fg=30300|LITTLE=37000|soc=8|smpl_gm=0|vdroop1=0|batoilo=0|batoilo2=0|batt_vs=30296|mdis_morepower=0|thb_hda=51|cp_on_chip_0=35000|cp_on_chip_1=36000|G3D=35000|cp_on_chip_2=36000|cp_on_chip_3=34000|cp_on_chip_4=34000|rf2_therm=32000|rf1_therm=33000|ISP=35000|TPU=35000|AUR=35000|rfpa_therm=31639|quiet_therm=32151|charging_therm=33865|,ok,39000,36000,0,36000,1,single,untouched,4096,512,7,512,11312,0,732503,0,4,4,ok
1,7,nvhe,4,910000,1328000,37000,37000,BIG=36000|MID=36000|usb_pwr_therm=29969|btmspkr_therm=29947|disp_therm=30014|north_therm=30793|soc_therm=33798|battery=30300|battery_cycle=5|dc-mains=34500|usbc-therm-adc=340|max77779fg=30300|LITTLE=36000|soc=8|smpl_gm=0|vdroop1=0|batoilo=0|batoilo2=0|batt_vs=30296|mdis_morepower=0|thb_hda=51|cp_on_chip_0=35000|cp_on_chip_1=36000|G3D=35000|cp_on_chip_2=36000|cp_on_chip_3=34000|cp_on_chip_4=34000|rf2_therm=32000|rf1_therm=33000|ISP=34000|TPU=35000|AUR=35000|rfpa_therm=31616|quiet_therm=32128|charging_therm=33842|,BIG=36000|MID=37000|usb_pwr_therm=29991|btmspkr_therm=29947|disp_therm=30014|north_therm=30793|soc_therm=33842|battery=30300|battery_cycle=5|dc-mains=34500|usbc-therm-adc=345|max77779fg=30300|LITTLE=37000|soc=8|smpl_gm=0|vdroop1=0|batoilo=0|batoilo2=0|batt_vs=30296|mdis_morepower=0|thb_hda=51|cp_on_chip_0=35000|cp_on_chip_1=36000|G3D=35000|cp_on_chip_2=36000|cp_on_chip_3=34000|cp_on_chip_4=34000|rf2_therm=32000|rf1_therm=33000|ISP=35000|TPU=35000|AUR=35000|rfpa_therm=31639|quiet_therm=32151|charging_therm=33865|,ok,39000,36000,0,36000,1,single,untouched,4096,512,8,512,12207,0,734212,0,4,4,ok
1,7,nvhe,4,910000,1328000,37000,37000,BIG=36000|MID=36000|usb_pwr_therm=29969|btmspkr_therm=29947|disp_therm=30014|north_therm=30793|soc_therm=33798|battery=30300|battery_cycle=5|dc-mains=34500|usbc-therm-adc=340|max77779fg=30300|LITTLE=36000|soc=8|smpl_gm=0|vdroop1=0|batoilo=0|batoilo2=0|batt_vs=30296|mdis_morepower=0|thb_hda=51|cp_on_chip_0=35000|cp_on_chip_1=36000|G3D=35000|cp_on_chip_2=36000|cp_on_chip_3=34000|cp_on_chip_4=34000|rf2_therm=32000|rf1_therm=33000|ISP=34000|TPU=35000|AUR=35000|rfpa_therm=31616|quiet_therm=32128|charging_therm=33842|,BIG=36000|MID=37000|usb_pwr_therm=29991|btmspkr_therm=29947|disp_therm=30014|north_therm=30793|soc_therm=33842|battery=30300|battery_cycle=5|dc-mains=34500|usbc-therm-adc=345|max77779fg=30300|LITTLE=37000|soc=8|smpl_gm=0|vdroop1=0|batoilo=0|batoilo2=0|batt_vs=30296|mdis_morepower=0|thb_hda=51|cp_on_chip_0=35000|cp_on_chip_1=36000|G3D=35000|cp_on_chip_2=36000|cp_on_chip_3=34000|cp_on_chip_4=34000|rf2_therm=32000|rf1_therm=33000|ISP=35000|TPU=35000|AUR=35000|rfpa_therm=31639|quiet_therm=32151|charging_therm=33865|,ok,39000,36000,0,36000,1,single,untouched,4096,512,9,512,8626,0,734212,0,4,4,ok
1,7,nvhe,4,910000,1328000,37000,37000,BIG=36000|MID=36000|usb_pwr_therm=29969|btmspkr_therm=29947|disp_therm=30014|north_therm=30793|soc_therm=33798|battery=30300|battery_cycle=5|dc-mains=34500|usbc-therm-adc=340|max77779fg=30300|LITTLE=36000|soc=8|smpl_gm=0|vdroop1=0|batoilo=0|batoilo2=0|batt_vs=30296|mdis_morepower=0|thb_hda=51|cp_on_chip_0=35000|cp_on_chip_1=36000|G3D=35000|cp_on_chip_2=36000|cp_on_chip_3=34000|cp_on_chip_4=34000|rf2_therm=32000|rf1_therm=33000|ISP=34000|TPU=35000|AUR=35000|rfpa_therm=31616|quiet_therm=32128|charging_therm=33842|,BIG=36000|MID=37000|usb_pwr_therm=29991|btmspkr_therm=29947|disp_therm=30014|north_therm=30793|soc_therm=33842|battery=30300|battery_cycle=5|dc-mains=34500|usbc-therm-adc=345|max77779fg=30300|LITTLE=37000|soc=8|smpl_gm=0|vdroop1=0|batoilo=0|batoilo2=0|batt_vs=30296|mdis_morepower=0|thb_hda=51|cp_on_chip_0=35000|cp_on_chip_1=36000|G3D=35000|cp_on_chip_2=36000|cp_on_chip_3=34000|cp_on_chip_4=34000|rf2_therm=32000|rf1_therm=33000|ISP=35000|TPU=35000|AUR=35000|rfpa_therm=31639|quiet_therm=32151|charging_therm=33865|,ok,39000,36000,0,36000,1,single,untouched,4096,512,10,512,28443,0,763387,0,4,4,ok
1,7,nvhe,4,910000,1328000,37000,37000,BIG=36000|MID=36000|usb_pwr_therm=29969|btmspkr_therm=29947|disp_therm=30014|north_therm=30793|soc_therm=33798|battery=30300|battery_cycle=5|dc-mains=34500|usbc-therm-adc=340|max77779fg=30300|LITTLE=36000|soc=8|smpl_gm=0|vdroop1=0|batoilo=0|batoilo2=0|batt_vs=30296|mdis_morepower=0|thb_hda=51|cp_on_chip_0=35000|cp_on_chip_1=36000|G3D=35000|cp_on_chip_2=36000|cp_on_chip_3=34000|cp_on_chip_4=34000|rf2_therm=32000|rf1_therm=33000|ISP=34000|TPU=35000|AUR=35000|rfpa_therm=31616|quiet_therm=32128|charging_therm=33842|,BIG=36000|MID=37000|usb_pwr_therm=29991|btmspkr_therm=29947|disp_therm=30014|north_therm=30793|soc_therm=33842|battery=30300|battery_cycle=5|dc-mains=34500|usbc-therm-adc=345|max77779fg=30300|LITTLE=37000|soc=8|smpl_gm=0|vdroop1=0|batoilo=0|batoilo2=0|batt_vs=30296|mdis_morepower=0|thb_hda=51|cp_on_chip_0=35000|cp_on_chip_1=36000|G3D=35000|cp_on_chip_2=36000|cp_on_chip_3=34000|cp_on_chip_4=34000|rf2_therm=32000|rf1_therm=33000|ISP=35000|TPU=35000|AUR=35000|rfpa_therm=31639|quiet_therm=32151|charging_therm=33865|,ok,39000,36000,0,36000,1,single,untouched,4096,512,11,512,10986,0,735392,0,4,4,ok
1,7,nvhe,4,910000,1328000,37000,37000,BIG=36000|MID=36000|usb_pwr_therm=29969|btmspkr_therm=29947|disp_therm=30014|north_therm=30793|soc_therm=33798|battery=30300|battery_cycle=5|dc-mains=34500|usbc-therm-adc=340|max77779fg=30300|LITTLE=36000|soc=8|smpl_gm=0|vdroop1=0|batoilo=0|batoilo2=0|batt_vs=30296|mdis_morepower=0|thb_hda=51|cp_on_chip_0=35000|cp_on_chip_1=36000|G3D=35000|cp_on_chip_2=36000|cp_on_chip_3=34000|cp_on_chip_4=34000|rf2_therm=32000|rf1_therm=33000|ISP=34000|TPU=35000|AUR=35000|rfpa_therm=31616|quiet_therm=32128|charging_therm=33842|,BIG=36000|MID=37000|usb_pwr_therm=29991|btmspkr_therm=29947|disp_therm=30014|north_therm=30793|soc_therm=33842|battery=30300|battery_cycle=5|dc-mains=34500|usbc-therm-adc=345|max77779fg=30300|LITTLE=37000|soc=8|smpl_gm=0|vdroop1=0|batoilo=0|batoilo2=0|batt_vs=30296|mdis_morepower=0|thb_hda=51|cp_on_chip_0=35000|cp_on_chip_1=36000|G3D=35000|cp_on_chip_2=36000|cp_on_chip_3=34000|cp_on_chip_4=34000|rf2_therm=32000|rf1_therm=33000|ISP=35000|TPU=35000|AUR=35000|rfpa_therm=31639|quiet_therm=32151|charging_therm=33865|,ok,39000,36000,0,36000,1,single,untouched,4096,512,12,512,11637,0,733887,0,4,4,ok
1,7,nvhe,4,910000,1328000,37000,37000,BIG=36000|MID=36000|usb_pwr_therm=29969|btmspkr_therm=29947|disp_therm=30014|north_therm=30793|soc_therm=33798|battery=30300|battery_cycle=5|dc-mains=34500|usbc-therm-adc=340|max77779fg=30300|LITTLE=36000|soc=8|smpl_gm=0|vdroop1=0|batoilo=0|batoilo2=0|batt_vs=30296|mdis_morepower=0|thb_hda=51|cp_on_chip_0=35000|cp_on_chip_1=36000|G3D=35000|cp_on_chip_2=36000|cp_on_chip_3=34000|cp_on_chip_4=34000|rf2_therm=32000|rf1_therm=33000|ISP=34000|TPU=35000|AUR=35000|rfpa_therm=31616|quiet_therm=32128|charging_therm=33842|,BIG=36000|MID=37000|usb_pwr_therm=29991|btmspkr_therm=29947|disp_therm=30014|north_therm=30793|soc_therm=33842|battery=30300|battery_cycle=5|dc-mains=34500|usbc-therm-adc=345|max77779fg=30300|LITTLE=37000|soc=8|smpl_gm=0|vdroop1=0|batoilo=0|batoilo2=0|batt_vs=30296|mdis_morepower=0|thb_hda=51|cp_on_chip_0=35000|cp_on_chip_1=36000|G3D=35000|cp_on_chip_2=36000|cp_on_chip_3=34000|cp_on_chip_4=34000|rf2_therm=32000|rf1_therm=33000|ISP=35000|TPU=35000|AUR=35000|rfpa_therm=31639|quiet_therm=32151|charging_therm=33865|,ok,39000,36000,0,36000,1,single,untouched,4096,512,13,512,12369,0,733439,0,4,4,ok
1,7,nvhe,4,910000,1328000,37000,37000,BIG=36000|MID=36000|usb_pwr_therm=29969|btmspkr_therm=29947|disp_therm=30014|north_therm=30793|soc_therm=33798|battery=30300|battery_cycle=5|dc-mains=34500|usbc-therm-adc=340|max77779fg=30300|LITTLE=36000|soc=8|smpl_gm=0|vdroop1=0|batoilo=0|batoilo2=0|batt_vs=30296|mdis_morepower=0|thb_hda=51|cp_on_chip_0=35000|cp_on_chip_1=36000|G3D=35000|cp_on_chip_2=36000|cp_on_chip_3=34000|cp_on_chip_4=34000|rf2_therm=32000|rf1_therm=33000|ISP=34000|TPU=35000|AUR=35000|rfpa_therm=31616|quiet_therm=32128|charging_therm=33842|,BIG=36000|MID=37000|usb_pwr_therm=29991|btmspkr_therm=29947|disp_therm=30014|north_therm=30793|soc_therm=33842|battery=30300|battery_cycle=5|dc-mains=34500|usbc-therm-adc=345|max77779fg=30300|LITTLE=37000|soc=8|smpl_gm=0|vdroop1=0|batoilo=0|batoilo2=0|batt_vs=30296|mdis_morepower=0|thb_hda=51|cp_on_chip_0=35000|cp_on_chip_1=36000|G3D=35000|cp_on_chip_2=36000|cp_on_chip_3=34000|cp_on_chip_4=34000|rf2_therm=32000|rf1_therm=33000|ISP=35000|TPU=35000|AUR=35000|rfpa_therm=31639|quiet_therm=32151|charging_therm=33865|,ok,39000,36000,0,36000,1,single,untouched,4096,512,14,512,9278,0,734294,0,4,4,ok
1,7,nvhe,4,910000,1328000,37000,37000,BIG=36000|MID=36000|usb_pwr_therm=29969|btmspkr_therm=29947|disp_therm=30014|north_therm=30793|soc_therm=33798|battery=30300|battery_cycle=5|dc-mains=34500|usbc-therm-adc=340|max77779fg=30300|LITTLE=36000|soc=8|smpl_gm=0|vdroop1=0|batoilo=0|batoilo2=0|batt_vs=30296|mdis_morepower=0|thb_hda=51|cp_on_chip_0=35000|cp_on_chip_1=36000|G3D=35000|cp_on_chip_2=36000|cp_on_chip_3=34000|cp_on_chip_4=34000|rf2_therm=32000|rf1_therm=33000|ISP=34000|TPU=35000|AUR=35000|rfpa_therm=31616|quiet_therm=32128|charging_therm=33842|,BIG=36000|MID=37000|usb_pwr_therm=29991|btmspkr_therm=29947|disp_therm=30014|north_therm=30793|soc_therm=33842|battery=30300|battery_cycle=5|dc-mains=34500|usbc-therm-adc=345|max77779fg=30300|LITTLE=37000|soc=8|smpl_gm=0|vdroop1=0|batoilo=0|batoilo2=0|batt_vs=30296|mdis_morepower=0|thb_hda=51|cp_on_chip_0=35000|cp_on_chip_1=36000|G3D=35000|cp_on_chip_2=36000|cp_on_chip_3=34000|cp_on_chip_4=34000|rf2_therm=32000|rf1_therm=33000|ISP=35000|TPU=35000|AUR=35000|rfpa_therm=31639|quiet_therm=32151|charging_therm=33865|,ok,39000,36000,0,36000,1,single,untouched,4096,512,15,512,8830,0,785401,0,4,4,ok
1,7,nvhe,4,910000,1328000,37000,37000,BIG=36000|MID=36000|usb_pwr_therm=29969|btmspkr_therm=29947|disp_therm=30014|north_therm=30793|soc_therm=33798|battery=30300|battery_cycle=5|dc-mains=34500|usbc-therm-adc=340|max77779fg=30300|LITTLE=36000|soc=8|smpl_gm=0|vdroop1=0|batoilo=0|batoilo2=0|batt_vs=30296|mdis_morepower=0|thb_hda=51|cp_on_chip_0=35000|cp_on_chip_1=36000|G3D=35000|cp_on_chip_2=36000|cp_on_chip_3=34000|cp_on_chip_4=34000|rf2_therm=32000|rf1_therm=33000|ISP=34000|TPU=35000|AUR=35000|rfpa_therm=31616|quiet_therm=32128|charging_therm=33842|,BIG=36000|MID=37000|usb_pwr_therm=29991|btmspkr_therm=29947|disp_therm=30014|north_therm=30793|soc_therm=33842|battery=30300|battery_cycle=5|dc-mains=34500|usbc-therm-adc=345|max77779fg=30300|LITTLE=37000|soc=8|smpl_gm=0|vdroop1=0|batoilo=0|batoilo2=0|batt_vs=30296|mdis_morepower=0|thb_hda=51|cp_on_chip_0=35000|cp_on_chip_1=36000|G3D=35000|cp_on_chip_2=36000|cp_on_chip_3=34000|cp_on_chip_4=34000|rf2_therm=32000|rf1_therm=33000|ISP=35000|TPU=35000|AUR=35000|rfpa_therm=31639|quiet_therm=32151|charging_therm=33865|,ok,39000,36000,0,36000,1,single,untouched,4096,512,16,512,9684,0,732137,0,4,4,ok
1,7,nvhe,4,910000,1328000,37000,37000,BIG=36000|MID=36000|usb_pwr_therm=29969|btmspkr_therm=29947|disp_therm=30014|north_therm=30793|soc_therm=33798|battery=30300|battery_cycle=5|dc-mains=34500|usbc-therm-adc=340|max77779fg=30300|LITTLE=36000|soc=8|smpl_gm=0|vdroop1=0|batoilo=0|batoilo2=0|batt_vs=30296|mdis_morepower=0|thb_hda=51|cp_on_chip_0=35000|cp_on_chip_1=36000|G3D=35000|cp_on_chip_2=36000|cp_on_chip_3=34000|cp_on_chip_4=34000|rf2_therm=32000|rf1_therm=33000|ISP=34000|TPU=35000|AUR=35000|rfpa_therm=31616|quiet_therm=32128|charging_therm=33842|,BIG=36000|MID=37000|usb_pwr_therm=29991|btmspkr_therm=29947|disp_therm=30014|north_therm=30793|soc_therm=33842|battery=30300|battery_cycle=5|dc-mains=34500|usbc-therm-adc=345|max77779fg=30300|LITTLE=37000|soc=8|smpl_gm=0|vdroop1=0|batoilo=0|batoilo2=0|batt_vs=30296|mdis_morepower=0|thb_hda=51|cp_on_chip_0=35000|cp_on_chip_1=36000|G3D=35000|cp_on_chip_2=36000|cp_on_chip_3=34000|cp_on_chip_4=34000|rf2_therm=32000|rf1_therm=33000|ISP=35000|TPU=35000|AUR=35000|rfpa_therm=31639|quiet_therm=32151|charging_therm=33865|,ok,39000,36000,0,36000,1,single,untouched,4096,512,17,512,8911,0,733439,0,4,4,ok
1,7,nvhe,4,910000,1328000,37000,37000,BIG=36000|MID=36000|usb_pwr_therm=29969|btmspkr_therm=29947|disp_therm=30014|north_therm=30793|soc_therm=33798|battery=30300|battery_cycle=5|dc-mains=34500|usbc-therm-adc=340|max77779fg=30300|LITTLE=36000|soc=8|smpl_gm=0|vdroop1=0|batoilo=0|batoilo2=0|batt_vs=30296|mdis_morepower=0|thb_hda=51|cp_on_chip_0=35000|cp_on_chip_1=36000|G3D=35000|cp_on_chip_2=36000|cp_on_chip_3=34000|cp_on_chip_4=34000|rf2_therm=32000|rf1_therm=33000|ISP=34000|TPU=35000|AUR=35000|rfpa_therm=31616|quiet_therm=32128|charging_therm=33842|,BIG=36000|MID=37000|usb_pwr_therm=29991|btmspkr_therm=29947|disp_therm=30014|north_therm=30793|soc_therm=33842|battery=30300|battery_cycle=5|dc-mains=34500|usbc-therm-adc=345|max77779fg=30300|LITTLE=37000|soc=8|smpl_gm=0|vdroop1=0|batoilo=0|batoilo2=0|batt_vs=30296|mdis_morepower=0|thb_hda=51|cp_on_chip_0=35000|cp_on_chip_1=36000|G3D=35000|cp_on_chip_2=36000|cp_on_chip_3=34000|cp_on_chip_4=34000|rf2_therm=32000|rf1_therm=33000|ISP=35000|TPU=35000|AUR=35000|rfpa_therm=31639|quiet_therm=32151|charging_therm=33865|,ok,39000,36000,0,36000,1,single,untouched,4096,512,18,512,7934,0,734416,0,4,4,ok
1,7,nvhe,4,910000,1328000,37000,37000,BIG=36000|MID=36000|usb_pwr_therm=29969|btmspkr_therm=29947|disp_therm=30014|north_therm=30793|soc_therm=33798|battery=30300|battery_cycle=5|dc-mains=34500|usbc-therm-adc=340|max77779fg=30300|LITTLE=36000|soc=8|smpl_gm=0|vdroop1=0|batoilo=0|batoilo2=0|batt_vs=30296|mdis_morepower=0|thb_hda=51|cp_on_chip_0=35000|cp_on_chip_1=36000|G3D=35000|cp_on_chip_2=36000|cp_on_chip_3=34000|cp_on_chip_4=34000|rf2_therm=32000|rf1_therm=33000|ISP=34000|TPU=35000|AUR=35000|rfpa_therm=31616|quiet_therm=32128|charging_therm=33842|,BIG=36000|MID=37000|usb_pwr_therm=29991|btmspkr_therm=29947|disp_therm=30014|north_therm=30793|soc_therm=33842|battery=30300|battery_cycle=5|dc-mains=34500|usbc-therm-adc=345|max77779fg=30300|LITTLE=37000|soc=8|smpl_gm=0|vdroop1=0|batoilo=0|batoilo2=0|batt_vs=30296|mdis_morepower=0|thb_hda=51|cp_on_chip_0=35000|cp_on_chip_1=36000|G3D=35000|cp_on_chip_2=36000|cp_on_chip_3=34000|cp_on_chip_4=34000|rf2_therm=32000|rf1_therm=33000|ISP=35000|TPU=35000|AUR=35000|rfpa_therm=31639|quiet_therm=32151|charging_therm=33865|,ok,39000,36000,0,36000,1,single,untouched,4096,512,19,512,16805,0,733886,0,4,4,ok
1,7,nvhe,4,910000,1328000,37000,37000,BIG=36000|MID=36000|usb_pwr_therm=29969|btmspkr_therm=29947|disp_therm=30014|north_therm=30793|soc_therm=33798|battery=30300|battery_cycle=5|dc-mains=34500|usbc-therm-adc=340|max77779fg=30300|LITTLE=36000|soc=8|smpl_gm=0|vdroop1=0|batoilo=0|batoilo2=0|batt_vs=30296|mdis_morepower=0|thb_hda=51|cp_on_chip_0=35000|cp_on_chip_1=36000|G3D=35000|cp_on_chip_2=36000|cp_on_chip_3=34000|cp_on_chip_4=34000|rf2_therm=32000|rf1_therm=33000|ISP=34000|TPU=35000|AUR=35000|rfpa_therm=31616|quiet_therm=32128|charging_therm=33842|,BIG=36000|MID=37000|usb_pwr_therm=29991|btmspkr_therm=29947|disp_therm=30014|north_therm=30793|soc_therm=33842|battery=30300|battery_cycle=5|dc-mains=34500|usbc-therm-adc=345|max77779fg=30300|LITTLE=37000|soc=8|smpl_gm=0|vdroop1=0|batoilo=0|batoilo2=0|batt_vs=30296|mdis_morepower=0|thb_hda=51|cp_on_chip_0=35000|cp_on_chip_1=36000|G3D=35000|cp_on_chip_2=36000|cp_on_chip_3=34000|cp_on_chip_4=34000|rf2_therm=32000|rf1_therm=33000|ISP=35000|TPU=35000|AUR=35000|rfpa_therm=31639|quiet_therm=32151|charging_therm=33865|,ok,39000,36000,0,36000,1,single,untouched,4096,512,20,512,34953,0,768880,0,4,4,ok
1,7,nvhe,4,910000,1328000,37000,37000,BIG=36000|MID=36000|usb_pwr_therm=29969|btmspkr_therm=29947|disp_therm=30014|north_therm=30793|soc_therm=33798|battery=30300|battery_cycle=5|dc-mains=34500|usbc-therm-adc=340|max77779fg=30300|LITTLE=36000|soc=8|smpl_gm=0|vdroop1=0|batoilo=0|batoilo2=0|batt_vs=30296|mdis_morepower=0|thb_hda=51|cp_on_chip_0=35000|cp_on_chip_1=36000|G3D=35000|cp_on_chip_2=36000|cp_on_chip_3=34000|cp_on_chip_4=34000|rf2_therm=32000|rf1_therm=33000|ISP=34000|TPU=35000|AUR=35000|rfpa_therm=31616|quiet_therm=32128|charging_therm=33842|,BIG=36000|MID=37000|usb_pwr_therm=29991|btmspkr_therm=29947|disp_therm=30014|north_therm=30793|soc_therm=33842|battery=30300|battery_cycle=5|dc-mains=34500|usbc-therm-adc=345|max77779fg=30300|LITTLE=37000|soc=8|smpl_gm=0|vdroop1=0|batoilo=0|batoilo2=0|batt_vs=30296|mdis_morepower=0|thb_hda=51|cp_on_chip_0=35000|cp_on_chip_1=36000|G3D=35000|cp_on_chip_2=36000|cp_on_chip_3=34000|cp_on_chip_4=34000|rf2_therm=32000|rf1_therm=33000|ISP=35000|TPU=35000|AUR=35000|rfpa_therm=31639|quiet_therm=32151|charging_therm=33865|,ok,39000,36000,0,36000,1,single,untouched,4096,512,21,512,10824,0,656657,0,4,4,ok
1,7,nvhe,4,910000,1328000,37000,37000,BIG=36000|MID=36000|usb_pwr_therm=29969|btmspkr_therm=29947|disp_therm=30014|north_therm=30793|soc_therm=33798|battery=30300|battery_cycle=5|dc-mains=34500|usbc-therm-adc=340|max77779fg=30300|LITTLE=36000|soc=8|smpl_gm=0|vdroop1=0|batoilo=0|batoilo2=0|batt_vs=30296|mdis_morepower=0|thb_hda=51|cp_on_chip_0=35000|cp_on_chip_1=36000|G3D=35000|cp_on_chip_2=36000|cp_on_chip_3=34000|cp_on_chip_4=34000|rf2_therm=32000|rf1_therm=33000|ISP=34000|TPU=35000|AUR=35000|rfpa_therm=31616|quiet_therm=32128|charging_therm=33842|,BIG=36000|MID=37000|usb_pwr_therm=29991|btmspkr_therm=29947|disp_therm=30014|north_therm=30793|soc_therm=33842|battery=30300|battery_cycle=5|dc-mains=34500|usbc-therm-adc=345|max77779fg=30300|LITTLE=37000|soc=8|smpl_gm=0|vdroop1=0|batoilo=0|batoilo2=0|batt_vs=30296|mdis_morepower=0|thb_hda=51|cp_on_chip_0=35000|cp_on_chip_1=36000|G3D=35000|cp_on_chip_2=36000|cp_on_chip_3=34000|cp_on_chip_4=34000|rf2_therm=32000|rf1_therm=33000|ISP=35000|TPU=35000|AUR=35000|rfpa_therm=31639|quiet_therm=32151|charging_therm=33865|,ok,39000,36000,0,36000,1,single,untouched,4096,512,22,512,26367,0,602743,0,4,4,ok
1,7,nvhe,4,910000,1328000,37000,37000,BIG=36000|MID=36000|usb_pwr_therm=29969|btmspkr_therm=29947|disp_therm=30014|north_therm=30793|soc_therm=33798|battery=30300|battery_cycle=5|dc-mains=34500|usbc-therm-adc=340|max77779fg=30300|LITTLE=36000|soc=8|smpl_gm=0|vdroop1=0|batoilo=0|batoilo2=0|batt_vs=30296|mdis_morepower=0|thb_hda=51|cp_on_chip_0=35000|cp_on_chip_1=36000|G3D=35000|cp_on_chip_2=36000|cp_on_chip_3=34000|cp_on_chip_4=34000|rf2_therm=32000|rf1_therm=33000|ISP=34000|TPU=35000|AUR=35000|rfpa_therm=31616|quiet_therm=32128|charging_therm=33842|,BIG=36000|MID=37000|usb_pwr_therm=29991|btmspkr_therm=29947|disp_therm=30014|north_therm=30793|soc_therm=33842|battery=30300|battery_cycle=5|dc-mains=34500|usbc-therm-adc=345|max77779fg=30300|LITTLE=37000|soc=8|smpl_gm=0|vdroop1=0|batoilo=0|batoilo2=0|batt_vs=30296|mdis_morepower=0|thb_hda=51|cp_on_chip_0=35000|cp_on_chip_1=36000|G3D=35000|cp_on_chip_2=36000|cp_on_chip_3=34000|cp_on_chip_4=34000|rf2_therm=32000|rf1_therm=33000|ISP=35000|TPU=35000|AUR=35000|rfpa_therm=31639|quiet_therm=32151|charging_therm=33865|,ok,39000,36000,0,36000,1,single,untouched,4096,512,23,512,38208,0,602377,0,4,4,ok
1,7,nvhe,4,910000,1328000,37000,37000,BIG=36000|MID=36000|usb_pwr_therm=29969|btmspkr_therm=29947|disp_therm=30014|north_therm=30793|soc_therm=33798|battery=30300|battery_cycle=5|dc-mains=34500|usbc-therm-adc=340|max77779fg=30300|LITTLE=36000|soc=8|smpl_gm=0|vdroop1=0|batoilo=0|batoilo2=0|batt_vs=30296|mdis_morepower=0|thb_hda=51|cp_on_chip_0=35000|cp_on_chip_1=36000|G3D=35000|cp_on_chip_2=36000|cp_on_chip_3=34000|cp_on_chip_4=34000|rf2_therm=32000|rf1_therm=33000|ISP=34000|TPU=35000|AUR=35000|rfpa_therm=31616|quiet_therm=32128|charging_therm=33842|,BIG=36000|MID=37000|usb_pwr_therm=29991|btmspkr_therm=29947|disp_therm=30014|north_therm=30793|soc_therm=33842|battery=30300|battery_cycle=5|dc-mains=34500|usbc-therm-adc=345|max77779fg=30300|LITTLE=37000|soc=8|smpl_gm=0|vdroop1=0|batoilo=0|batoilo2=0|batt_vs=30296|mdis_morepower=0|thb_hda=51|cp_on_chip_0=35000|cp_on_chip_1=36000|G3D=35000|cp_on_chip_2=36000|cp_on_chip_3=34000|cp_on_chip_4=34000|rf2_therm=32000|rf1_therm=33000|ISP=35000|TPU=35000|AUR=35000|rfpa_therm=31639|quiet_therm=32151|charging_therm=33865|,ok,39000,36000,0,36000,1,single,untouched,4096,512,24,512,30436,0,603759,0,4,4,ok
1,7,nvhe,4,910000,1328000,37000,37000,BIG=36000|MID=36000|usb_pwr_therm=29969|btmspkr_therm=29947|disp_therm=30014|north_therm=30793|soc_therm=33798|battery=30300|battery_cycle=5|dc-mains=34500|usbc-therm-adc=340|max77779fg=30300|LITTLE=36000|soc=8|smpl_gm=0|vdroop1=0|batoilo=0|batoilo2=0|batt_vs=30296|mdis_morepower=0|thb_hda=51|cp_on_chip_0=35000|cp_on_chip_1=36000|G3D=35000|cp_on_chip_2=36000|cp_on_chip_3=34000|cp_on_chip_4=34000|rf2_therm=32000|rf1_therm=33000|ISP=34000|TPU=35000|AUR=35000|rfpa_therm=31616|quiet_therm=32128|charging_therm=33842|,BIG=36000|MID=37000|usb_pwr_therm=29991|btmspkr_therm=29947|disp_therm=30014|north_therm=30793|soc_therm=33842|battery=30300|battery_cycle=5|dc-mains=34500|usbc-therm-adc=345|max77779fg=30300|LITTLE=37000|soc=8|smpl_gm=0|vdroop1=0|batoilo=0|batoilo2=0|batt_vs=30296|mdis_morepower=0|thb_hda=51|cp_on_chip_0=35000|cp_on_chip_1=36000|G3D=35000|cp_on_chip_2=36000|cp_on_chip_3=34000|cp_on_chip_4=34000|rf2_therm=32000|rf1_therm=33000|ISP=35000|TPU=35000|AUR=35000|rfpa_therm=31639|quiet_therm=32151|charging_therm=33865|,ok,39000,36000,0,36000,1,single,untouched,4096,512,25,512,34139,0,603963,0,4,4,ok
1,7,nvhe,4,910000,1328000,37000,37000,BIG=36000|MID=36000|usb_pwr_therm=29969|btmspkr_therm=29947|disp_therm=30014|north_therm=30793|soc_therm=33798|battery=30300|battery_cycle=5|dc-mains=34500|usbc-therm-adc=340|max77779fg=30300|LITTLE=36000|soc=8|smpl_gm=0|vdroop1=0|batoilo=0|batoilo2=0|batt_vs=30296|mdis_morepower=0|thb_hda=51|cp_on_chip_0=35000|cp_on_chip_1=36000|G3D=35000|cp_on_chip_2=36000|cp_on_chip_3=34000|cp_on_chip_4=34000|rf2_therm=32000|rf1_therm=33000|ISP=34000|TPU=35000|AUR=35000|rfpa_therm=31616|quiet_therm=32128|charging_therm=33842|,BIG=36000|MID=37000|usb_pwr_therm=29991|btmspkr_therm=29947|disp_therm=30014|north_therm=30793|soc_therm=33842|battery=30300|battery_cycle=5|dc-mains=34500|usbc-therm-adc=345|max77779fg=30300|LITTLE=37000|soc=8|smpl_gm=0|vdroop1=0|batoilo=0|batoilo2=0|batt_vs=30296|mdis_morepower=0|thb_hda=51|cp_on_chip_0=35000|cp_on_chip_1=36000|G3D=35000|cp_on_chip_2=36000|cp_on_chip_3=34000|cp_on_chip_4=34000|rf2_therm=32000|rf1_therm=33000|ISP=35000|TPU=35000|AUR=35000|rfpa_therm=31639|quiet_therm=32151|charging_therm=33865|,ok,39000,36000,0,36000,1,single,untouched,4096,512,26,512,34180,0,645019,0,4,4,ok
1,7,nvhe,4,910000,1328000,37000,37000,BIG=36000|MID=36000|usb_pwr_therm=29969|btmspkr_therm=29947|disp_therm=30014|north_therm=30793|soc_therm=33798|battery=30300|battery_cycle=5|dc-mains=34500|usbc-therm-adc=340|max77779fg=30300|LITTLE=36000|soc=8|smpl_gm=0|vdroop1=0|batoilo=0|batoilo2=0|batt_vs=30296|mdis_morepower=0|thb_hda=51|cp_on_chip_0=35000|cp_on_chip_1=36000|G3D=35000|cp_on_chip_2=36000|cp_on_chip_3=34000|cp_on_chip_4=34000|rf2_therm=32000|rf1_therm=33000|ISP=34000|TPU=35000|AUR=35000|rfpa_therm=31616|quiet_therm=32128|charging_therm=33842|,BIG=36000|MID=37000|usb_pwr_therm=29991|btmspkr_therm=29947|disp_therm=30014|north_therm=30793|soc_therm=33842|battery=30300|battery_cycle=5|dc-mains=34500|usbc-therm-adc=345|max77779fg=30300|LITTLE=37000|soc=8|smpl_gm=0|vdroop1=0|batoilo=0|batoilo2=0|batt_vs=30296|mdis_morepower=0|thb_hda=51|cp_on_chip_0=35000|cp_on_chip_1=36000|G3D=35000|cp_on_chip_2=36000|cp_on_chip_3=34000|cp_on_chip_4=34000|rf2_therm=32000|rf1_therm=33000|ISP=35000|TPU=35000|AUR=35000|rfpa_therm=31639|quiet_therm=32151|charging_therm=33865|,ok,39000,36000,0,36000,1,single,untouched,4096,512,27,512,6510,0,603841,0,4,4,ok
1,7,nvhe,4,910000,1328000,37000,37000,BIG=36000|MID=36000|usb_pwr_therm=29969|btmspkr_therm=29947|disp_therm=30014|north_therm=30793|soc_therm=33798|battery=30300|battery_cycle=5|dc-mains=34500|usbc-therm-adc=340|max77779fg=30300|LITTLE=36000|soc=8|smpl_gm=0|vdroop1=0|batoilo=0|batoilo2=0|batt_vs=30296|mdis_morepower=0|thb_hda=51|cp_on_chip_0=35000|cp_on_chip_1=36000|G3D=35000|cp_on_chip_2=36000|cp_on_chip_3=34000|cp_on_chip_4=34000|rf2_therm=32000|rf1_therm=33000|ISP=34000|TPU=35000|AUR=35000|rfpa_therm=31616|quiet_therm=32128|charging_therm=33842|,BIG=36000|MID=37000|usb_pwr_therm=29991|btmspkr_therm=29947|disp_therm=30014|north_therm=30793|soc_therm=33842|battery=30300|battery_cycle=5|dc-mains=34500|usbc-therm-adc=345|max77779fg=30300|LITTLE=37000|soc=8|smpl_gm=0|vdroop1=0|batoilo=0|batoilo2=0|batt_vs=30296|mdis_morepower=0|thb_hda=51|cp_on_chip_0=35000|cp_on_chip_1=36000|G3D=35000|cp_on_chip_2=36000|cp_on_chip_3=34000|cp_on_chip_4=34000|rf2_therm=32000|rf1_therm=33000|ISP=35000|TPU=35000|AUR=35000|rfpa_therm=31639|quiet_therm=32151|charging_therm=33865|,ok,39000,36000,0,36000,1,single,untouched,4096,512,28,512,32674,0,603638,0,4,4,ok
1,7,nvhe,4,910000,1328000,37000,37000,BIG=36000|MID=36000|usb_pwr_therm=29969|btmspkr_therm=29947|disp_therm=30014|north_therm=30793|soc_therm=33798|battery=30300|battery_cycle=5|dc-mains=34500|usbc-therm-adc=340|max77779fg=30300|LITTLE=36000|soc=8|smpl_gm=0|vdroop1=0|batoilo=0|batoilo2=0|batt_vs=30296|mdis_morepower=0|thb_hda=51|cp_on_chip_0=35000|cp_on_chip_1=36000|G3D=35000|cp_on_chip_2=36000|cp_on_chip_3=34000|cp_on_chip_4=34000|rf2_therm=32000|rf1_therm=33000|ISP=34000|TPU=35000|AUR=35000|rfpa_therm=31616|quiet_therm=32128|charging_therm=33842|,BIG=36000|MID=37000|usb_pwr_therm=29991|btmspkr_therm=29947|disp_therm=30014|north_therm=30793|soc_therm=33842|battery=30300|battery_cycle=5|dc-mains=34500|usbc-therm-adc=345|max77779fg=30300|LITTLE=37000|soc=8|smpl_gm=0|vdroop1=0|batoilo=0|batoilo2=0|batt_vs=30296|mdis_morepower=0|thb_hda=51|cp_on_chip_0=35000|cp_on_chip_1=36000|G3D=35000|cp_on_chip_2=36000|cp_on_chip_3=34000|cp_on_chip_4=34000|rf2_therm=32000|rf1_therm=33000|ISP=35000|TPU=35000|AUR=35000|rfpa_therm=31639|quiet_therm=32151|charging_therm=33865|,ok,39000,36000,0,36000,1,single,untouched,4096,512,29,512,36662,0,604167,0,4,4,ok
1,8,nvhe,4,578000,578000,38000,39000,BIG=36000|MID=36000|usb_pwr_therm=29991|btmspkr_therm=29947|disp_therm=30014|north_therm=30793|soc_therm=33865|battery=30300|battery_cycle=5|dc-mains=34500|usbc-therm-adc=345|max77779fg=30300|LITTLE=36000|soc=8|smpl_gm=0|vdroop1=0|batoilo=0|batoilo2=0|batt_vs=30296|mdis_morepower=0|thb_hda=51|cp_on_chip_0=35000|cp_on_chip_1=36000|G3D=35000|cp_on_chip_2=36000|cp_on_chip_3=34000|cp_on_chip_4=34000|rf2_therm=32000|rf1_therm=33000|ISP=35000|TPU=35000|AUR=35000|rfpa_therm=31639|quiet_therm=32173|charging_therm=33887|,BIG=36000|MID=37000|usb_pwr_therm=29991|btmspkr_therm=29947|disp_therm=30014|north_therm=30793|soc_therm=33865|battery=30300|battery_cycle=5|dc-mains=34000|usbc-therm-adc=340|max77779fg=30300|LITTLE=37000|soc=8|smpl_gm=0|vdroop1=0|batoilo=0|batoilo2=0|batt_vs=30296|mdis_morepower=0|thb_hda=51|cp_on_chip_0=35000|cp_on_chip_1=36000|G3D=36000|cp_on_chip_2=36000|cp_on_chip_3=34000|cp_on_chip_4=34000|rf2_therm=32000|rf1_therm=33000|ISP=34000|TPU=36000|AUR=35000|rfpa_therm=31639|quiet_therm=32173|charging_therm=33887|,ok,39000,36000,0,36000,1,single,touched,4096,512,0,512,2027710,512,1685506,0,4,4,ok
1,8,nvhe,4,578000,578000,38000,39000,BIG=36000|MID=36000|usb_pwr_therm=29991|btmspkr_therm=29947|disp_therm=30014|north_therm=30793|soc_therm=33865|battery=30300|battery_cycle=5|dc-mains=34500|usbc-therm-adc=345|max77779fg=30300|LITTLE=36000|soc=8|smpl_gm=0|vdroop1=0|batoilo=0|batoilo2=0|batt_vs=30296|mdis_morepower=0|thb_hda=51|cp_on_chip_0=35000|cp_on_chip_1=36000|G3D=35000|cp_on_chip_2=36000|cp_on_chip_3=34000|cp_on_chip_4=34000|rf2_therm=32000|rf1_therm=33000|ISP=35000|TPU=35000|AUR=35000|rfpa_therm=31639|quiet_therm=32173|charging_therm=33887|,BIG=36000|MID=37000|usb_pwr_therm=29991|btmspkr_therm=29947|disp_therm=30014|north_therm=30793|soc_therm=33865|battery=30300|battery_cycle=5|dc-mains=34000|usbc-therm-adc=340|max77779fg=30300|LITTLE=37000|soc=8|smpl_gm=0|vdroop1=0|batoilo=0|batoilo2=0|batt_vs=30296|mdis_morepower=0|thb_hda=51|cp_on_chip_0=35000|cp_on_chip_1=36000|G3D=36000|cp_on_chip_2=36000|cp_on_chip_3=34000|cp_on_chip_4=34000|rf2_therm=32000|rf1_therm=33000|ISP=34000|TPU=36000|AUR=35000|rfpa_therm=31639|quiet_therm=32173|charging_therm=33887|,ok,39000,36000,0,36000,1,single,touched,4096,512,1,512,1668742,512,1695272,0,4,4,ok
1,8,nvhe,4,578000,578000,38000,39000,BIG=36000|MID=36000|usb_pwr_therm=29991|btmspkr_therm=29947|disp_therm=30014|north_therm=30793|soc_therm=33865|battery=30300|battery_cycle=5|dc-mains=34500|usbc-therm-adc=345|max77779fg=30300|LITTLE=36000|soc=8|smpl_gm=0|vdroop1=0|batoilo=0|batoilo2=0|batt_vs=30296|mdis_morepower=0|thb_hda=51|cp_on_chip_0=35000|cp_on_chip_1=36000|G3D=35000|cp_on_chip_2=36000|cp_on_chip_3=34000|cp_on_chip_4=34000|rf2_therm=32000|rf1_therm=33000|ISP=35000|TPU=35000|AUR=35000|rfpa_therm=31639|quiet_therm=32173|charging_therm=33887|,BIG=36000|MID=37000|usb_pwr_therm=29991|btmspkr_therm=29947|disp_therm=30014|north_therm=30793|soc_therm=33865|battery=30300|battery_cycle=5|dc-mains=34000|usbc-therm-adc=340|max77779fg=30300|LITTLE=37000|soc=8|smpl_gm=0|vdroop1=0|batoilo=0|batoilo2=0|batt_vs=30296|mdis_morepower=0|thb_hda=51|cp_on_chip_0=35000|cp_on_chip_1=36000|G3D=36000|cp_on_chip_2=36000|cp_on_chip_3=34000|cp_on_chip_4=34000|rf2_therm=32000|rf1_therm=33000|ISP=34000|TPU=36000|AUR=35000|rfpa_therm=31639|quiet_therm=32173|charging_therm=33887|,ok,39000,36000,0,36000,1,single,touched,4096,512,2,512,1673380,512,1514933,0,4,4,ok
1,8,nvhe,4,578000,578000,38000,39000,BIG=36000|MID=36000|usb_pwr_therm=29991|btmspkr_therm=29947|disp_therm=30014|north_therm=30793|soc_therm=33865|battery=30300|battery_cycle=5|dc-mains=34500|usbc-therm-adc=345|max77779fg=30300|LITTLE=36000|soc=8|smpl_gm=0|vdroop1=0|batoilo=0|batoilo2=0|batt_vs=30296|mdis_morepower=0|thb_hda=51|cp_on_chip_0=35000|cp_on_chip_1=36000|G3D=35000|cp_on_chip_2=36000|cp_on_chip_3=34000|cp_on_chip_4=34000|rf2_therm=32000|rf1_therm=33000|ISP=35000|TPU=35000|AUR=35000|rfpa_therm=31639|quiet_therm=32173|charging_therm=33887|,BIG=36000|MID=37000|usb_pwr_therm=29991|btmspkr_therm=29947|disp_therm=30014|north_therm=30793|soc_therm=33865|battery=30300|battery_cycle=5|dc-mains=34000|usbc-therm-adc=340|max77779fg=30300|LITTLE=37000|soc=8|smpl_gm=0|vdroop1=0|batoilo=0|batoilo2=0|batt_vs=30296|mdis_morepower=0|thb_hda=51|cp_on_chip_0=35000|cp_on_chip_1=36000|G3D=36000|cp_on_chip_2=36000|cp_on_chip_3=34000|cp_on_chip_4=34000|rf2_therm=32000|rf1_therm=33000|ISP=34000|TPU=36000|AUR=35000|rfpa_therm=31639|quiet_therm=32173|charging_therm=33887|,ok,39000,36000,0,36000,1,single,touched,4096,512,3,512,1512207,512,1381022,0,4,4,ok
1,8,nvhe,4,578000,578000,38000,39000,BIG=36000|MID=36000|usb_pwr_therm=29991|btmspkr_therm=29947|disp_therm=30014|north_therm=30793|soc_therm=33865|battery=30300|battery_cycle=5|dc-mains=34500|usbc-therm-adc=345|max77779fg=30300|LITTLE=36000|soc=8|smpl_gm=0|vdroop1=0|batoilo=0|batoilo2=0|batt_vs=30296|mdis_morepower=0|thb_hda=51|cp_on_chip_0=35000|cp_on_chip_1=36000|G3D=35000|cp_on_chip_2=36000|cp_on_chip_3=34000|cp_on_chip_4=34000|rf2_therm=32000|rf1_therm=33000|ISP=35000|TPU=35000|AUR=35000|rfpa_therm=31639|quiet_therm=32173|charging_therm=33887|,BIG=36000|MID=37000|usb_pwr_therm=29991|btmspkr_therm=29947|disp_therm=30014|north_therm=30793|soc_therm=33865|battery=30300|battery_cycle=5|dc-mains=34000|usbc-therm-adc=340|max77779fg=30300|LITTLE=37000|soc=8|smpl_gm=0|vdroop1=0|batoilo=0|batoilo2=0|batt_vs=30296|mdis_morepower=0|thb_hda=51|cp_on_chip_0=35000|cp_on_chip_1=36000|G3D=36000|cp_on_chip_2=36000|cp_on_chip_3=34000|cp_on_chip_4=34000|rf2_therm=32000|rf1_therm=33000|ISP=34000|TPU=36000|AUR=35000|rfpa_therm=31639|quiet_therm=32173|charging_therm=33887|,ok,39000,36000,0,36000,1,single,touched,4096,512,4,512,1511353,512,1389282,0,4,4,ok
1,8,nvhe,4,578000,578000,38000,39000,BIG=36000|MID=36000|usb_pwr_therm=29991|btmspkr_therm=29947|disp_therm=30014|north_therm=30793|soc_therm=33865|battery=30300|battery_cycle=5|dc-mains=34500|usbc-therm-adc=345|max77779fg=30300|LITTLE=36000|soc=8|smpl_gm=0|vdroop1=0|batoilo=0|batoilo2=0|batt_vs=30296|mdis_morepower=0|thb_hda=51|cp_on_chip_0=35000|cp_on_chip_1=36000|G3D=35000|cp_on_chip_2=36000|cp_on_chip_3=34000|cp_on_chip_4=34000|rf2_therm=32000|rf1_therm=33000|ISP=35000|TPU=35000|AUR=35000|rfpa_therm=31639|quiet_therm=32173|charging_therm=33887|,BIG=36000|MID=37000|usb_pwr_therm=29991|btmspkr_therm=29947|disp_therm=30014|north_therm=30793|soc_therm=33865|battery=30300|battery_cycle=5|dc-mains=34000|usbc-therm-adc=340|max77779fg=30300|LITTLE=37000|soc=8|smpl_gm=0|vdroop1=0|batoilo=0|batoilo2=0|batt_vs=30296|mdis_morepower=0|thb_hda=51|cp_on_chip_0=35000|cp_on_chip_1=36000|G3D=36000|cp_on_chip_2=36000|cp_on_chip_3=34000|cp_on_chip_4=34000|rf2_therm=32000|rf1_therm=33000|ISP=34000|TPU=36000|AUR=35000|rfpa_therm=31639|quiet_therm=32173|charging_therm=33887|,ok,39000,36000,0,36000,1,single,touched,4096,512,5,512,1524699,512,1576050,0,4,4,ok
1,8,nvhe,4,578000,578000,38000,39000,BIG=36000|MID=36000|usb_pwr_therm=29991|btmspkr_therm=29947|disp_therm=30014|north_therm=30793|soc_therm=33865|battery=30300|battery_cycle=5|dc-mains=34500|usbc-therm-adc=345|max77779fg=30300|LITTLE=36000|soc=8|smpl_gm=0|vdroop1=0|batoilo=0|batoilo2=0|batt_vs=30296|mdis_morepower=0|thb_hda=51|cp_on_chip_0=35000|cp_on_chip_1=36000|G3D=35000|cp_on_chip_2=36000|cp_on_chip_3=34000|cp_on_chip_4=34000|rf2_therm=32000|rf1_therm=33000|ISP=35000|TPU=35000|AUR=35000|rfpa_therm=31639|quiet_therm=32173|charging_therm=33887|,BIG=36000|MID=37000|usb_pwr_therm=29991|btmspkr_therm=29947|disp_therm=30014|north_therm=30793|soc_therm=33865|battery=30300|battery_cycle=5|dc-mains=34000|usbc-therm-adc=340|max77779fg=30300|LITTLE=37000|soc=8|smpl_gm=0|vdroop1=0|batoilo=0|batoilo2=0|batt_vs=30296|mdis_morepower=0|thb_hda=51|cp_on_chip_0=35000|cp_on_chip_1=36000|G3D=36000|cp_on_chip_2=36000|cp_on_chip_3=34000|cp_on_chip_4=34000|rf2_therm=32000|rf1_therm=33000|ISP=34000|TPU=36000|AUR=35000|rfpa_therm=31639|quiet_therm=32173|charging_therm=33887|,ok,39000,36000,0,36000,1,single,touched,4096,512,6,512,1502401,512,1370036,0,4,4,ok
1,8,nvhe,4,578000,578000,38000,39000,BIG=36000|MID=36000|usb_pwr_therm=29991|btmspkr_therm=29947|disp_therm=30014|north_therm=30793|soc_therm=33865|battery=30300|battery_cycle=5|dc-mains=34500|usbc-therm-adc=345|max77779fg=30300|LITTLE=36000|soc=8|smpl_gm=0|vdroop1=0|batoilo=0|batoilo2=0|batt_vs=30296|mdis_morepower=0|thb_hda=51|cp_on_chip_0=35000|cp_on_chip_1=36000|G3D=35000|cp_on_chip_2=36000|cp_on_chip_3=34000|cp_on_chip_4=34000|rf2_therm=32000|rf1_therm=33000|ISP=35000|TPU=35000|AUR=35000|rfpa_therm=31639|quiet_therm=32173|charging_therm=33887|,BIG=36000|MID=37000|usb_pwr_therm=29991|btmspkr_therm=29947|disp_therm=30014|north_therm=30793|soc_therm=33865|battery=30300|battery_cycle=5|dc-mains=34000|usbc-therm-adc=340|max77779fg=30300|LITTLE=37000|soc=8|smpl_gm=0|vdroop1=0|batoilo=0|batoilo2=0|batt_vs=30296|mdis_morepower=0|thb_hda=51|cp_on_chip_0=35000|cp_on_chip_1=36000|G3D=36000|cp_on_chip_2=36000|cp_on_chip_3=34000|cp_on_chip_4=34000|rf2_therm=32000|rf1_therm=33000|ISP=34000|TPU=36000|AUR=35000|rfpa_therm=31639|quiet_therm=32173|charging_therm=33887|,ok,39000,36000,0,36000,1,single,touched,4096,512,7,512,1291870,512,1178915,0,4,4,ok
1,8,nvhe,4,578000,578000,38000,39000,BIG=36000|MID=36000|usb_pwr_therm=29991|btmspkr_therm=29947|disp_therm=30014|north_therm=30793|soc_therm=33865|battery=30300|battery_cycle=5|dc-mains=34500|usbc-therm-adc=345|max77779fg=30300|LITTLE=36000|soc=8|smpl_gm=0|vdroop1=0|batoilo=0|batoilo2=0|batt_vs=30296|mdis_morepower=0|thb_hda=51|cp_on_chip_0=35000|cp_on_chip_1=36000|G3D=35000|cp_on_chip_2=36000|cp_on_chip_3=34000|cp_on_chip_4=34000|rf2_therm=32000|rf1_therm=33000|ISP=35000|TPU=35000|AUR=35000|rfpa_therm=31639|quiet_therm=32173|charging_therm=33887|,BIG=36000|MID=37000|usb_pwr_therm=29991|btmspkr_therm=29947|disp_therm=30014|north_therm=30793|soc_therm=33865|battery=30300|battery_cycle=5|dc-mains=34000|usbc-therm-adc=340|max77779fg=30300|LITTLE=37000|soc=8|smpl_gm=0|vdroop1=0|batoilo=0|batoilo2=0|batt_vs=30296|mdis_morepower=0|thb_hda=51|cp_on_chip_0=35000|cp_on_chip_1=36000|G3D=36000|cp_on_chip_2=36000|cp_on_chip_3=34000|cp_on_chip_4=34000|rf2_therm=32000|rf1_therm=33000|ISP=34000|TPU=36000|AUR=35000|rfpa_therm=31639|quiet_therm=32173|charging_therm=33887|,ok,39000,36000,0,36000,1,single,touched,4096,512,8,512,1274333,512,1437418,0,4,4,ok
1,8,nvhe,4,578000,578000,38000,39000,BIG=36000|MID=36000|usb_pwr_therm=29991|btmspkr_therm=29947|disp_therm=30014|north_therm=30793|soc_therm=33865|battery=30300|battery_cycle=5|dc-mains=34500|usbc-therm-adc=345|max77779fg=30300|LITTLE=36000|soc=8|smpl_gm=0|vdroop1=0|batoilo=0|batoilo2=0|batt_vs=30296|mdis_morepower=0|thb_hda=51|cp_on_chip_0=35000|cp_on_chip_1=36000|G3D=35000|cp_on_chip_2=36000|cp_on_chip_3=34000|cp_on_chip_4=34000|rf2_therm=32000|rf1_therm=33000|ISP=35000|TPU=35000|AUR=35000|rfpa_therm=31639|quiet_therm=32173|charging_therm=33887|,BIG=36000|MID=37000|usb_pwr_therm=29991|btmspkr_therm=29947|disp_therm=30014|north_therm=30793|soc_therm=33865|battery=30300|battery_cycle=5|dc-mains=34000|usbc-therm-adc=340|max77779fg=30300|LITTLE=37000|soc=8|smpl_gm=0|vdroop1=0|batoilo=0|batoilo2=0|batt_vs=30296|mdis_morepower=0|thb_hda=51|cp_on_chip_0=35000|cp_on_chip_1=36000|G3D=36000|cp_on_chip_2=36000|cp_on_chip_3=34000|cp_on_chip_4=34000|rf2_therm=32000|rf1_therm=33000|ISP=34000|TPU=36000|AUR=35000|rfpa_therm=31639|quiet_therm=32173|charging_therm=33887|,ok,39000,36000,0,36000,1,single,touched,4096,512,9,512,1091431,512,1022094,0,4,4,ok
1,8,nvhe,4,578000,578000,38000,39000,BIG=36000|MID=36000|usb_pwr_therm=29991|btmspkr_therm=29947|disp_therm=30014|north_therm=30793|soc_therm=33865|battery=30300|battery_cycle=5|dc-mains=34500|usbc-therm-adc=345|max77779fg=30300|LITTLE=36000|soc=8|smpl_gm=0|vdroop1=0|batoilo=0|batoilo2=0|batt_vs=30296|mdis_morepower=0|thb_hda=51|cp_on_chip_0=35000|cp_on_chip_1=36000|G3D=35000|cp_on_chip_2=36000|cp_on_chip_3=34000|cp_on_chip_4=34000|rf2_therm=32000|rf1_therm=33000|ISP=35000|TPU=35000|AUR=35000|rfpa_therm=31639|quiet_therm=32173|charging_therm=33887|,BIG=36000|MID=37000|usb_pwr_therm=29991|btmspkr_therm=29947|disp_therm=30014|north_therm=30793|soc_therm=33865|battery=30300|battery_cycle=5|dc-mains=34000|usbc-therm-adc=340|max77779fg=30300|LITTLE=37000|soc=8|smpl_gm=0|vdroop1=0|batoilo=0|batoilo2=0|batt_vs=30296|mdis_morepower=0|thb_hda=51|cp_on_chip_0=35000|cp_on_chip_1=36000|G3D=36000|cp_on_chip_2=36000|cp_on_chip_3=34000|cp_on_chip_4=34000|rf2_therm=32000|rf1_therm=33000|ISP=34000|TPU=36000|AUR=35000|rfpa_therm=31639|quiet_therm=32173|charging_therm=33887|,ok,39000,36000,0,36000,1,single,touched,4096,512,10,512,1127482,512,1022949,0,4,4,ok
1,8,nvhe,4,578000,578000,38000,39000,BIG=36000|MID=36000|usb_pwr_therm=29991|btmspkr_therm=29947|disp_therm=30014|north_therm=30793|soc_therm=33865|battery=30300|battery_cycle=5|dc-mains=34500|usbc-therm-adc=345|max77779fg=30300|LITTLE=36000|soc=8|smpl_gm=0|vdroop1=0|batoilo=0|batoilo2=0|batt_vs=30296|mdis_morepower=0|thb_hda=51|cp_on_chip_0=35000|cp_on_chip_1=36000|G3D=35000|cp_on_chip_2=36000|cp_on_chip_3=34000|cp_on_chip_4=34000|rf2_therm=32000|rf1_therm=33000|ISP=35000|TPU=35000|AUR=35000|rfpa_therm=31639|quiet_therm=32173|charging_therm=33887|,BIG=36000|MID=37000|usb_pwr_therm=29991|btmspkr_therm=29947|disp_therm=30014|north_therm=30793|soc_therm=33865|battery=30300|battery_cycle=5|dc-mains=34000|usbc-therm-adc=340|max77779fg=30300|LITTLE=37000|soc=8|smpl_gm=0|vdroop1=0|batoilo=0|batoilo2=0|batt_vs=30296|mdis_morepower=0|thb_hda=51|cp_on_chip_0=35000|cp_on_chip_1=36000|G3D=36000|cp_on_chip_2=36000|cp_on_chip_3=34000|cp_on_chip_4=34000|rf2_therm=32000|rf1_therm=33000|ISP=34000|TPU=36000|AUR=35000|rfpa_therm=31639|quiet_therm=32173|charging_therm=33887|,ok,39000,36000,0,36000,1,single,touched,4096,512,11,512,1081950,512,1236206,0,4,4,ok
1,8,nvhe,4,578000,578000,38000,39000,BIG=36000|MID=36000|usb_pwr_therm=29991|btmspkr_therm=29947|disp_therm=30014|north_therm=30793|soc_therm=33865|battery=30300|battery_cycle=5|dc-mains=34500|usbc-therm-adc=345|max77779fg=30300|LITTLE=36000|soc=8|smpl_gm=0|vdroop1=0|batoilo=0|batoilo2=0|batt_vs=30296|mdis_morepower=0|thb_hda=51|cp_on_chip_0=35000|cp_on_chip_1=36000|G3D=35000|cp_on_chip_2=36000|cp_on_chip_3=34000|cp_on_chip_4=34000|rf2_therm=32000|rf1_therm=33000|ISP=35000|TPU=35000|AUR=35000|rfpa_therm=31639|quiet_therm=32173|charging_therm=33887|,BIG=36000|MID=37000|usb_pwr_therm=29991|btmspkr_therm=29947|disp_therm=30014|north_therm=30793|soc_therm=33865|battery=30300|battery_cycle=5|dc-mains=34000|usbc-therm-adc=340|max77779fg=30300|LITTLE=37000|soc=8|smpl_gm=0|vdroop1=0|batoilo=0|batoilo2=0|batt_vs=30296|mdis_morepower=0|thb_hda=51|cp_on_chip_0=35000|cp_on_chip_1=36000|G3D=36000|cp_on_chip_2=36000|cp_on_chip_3=34000|cp_on_chip_4=34000|rf2_therm=32000|rf1_therm=33000|ISP=34000|TPU=36000|AUR=35000|rfpa_therm=31639|quiet_therm=32173|charging_therm=33887|,ok,39000,36000,0,36000,1,single,touched,4096,512,12,512,1125447,512,1020549,0,4,4,ok
1,8,nvhe,4,578000,578000,38000,39000,BIG=36000|MID=36000|usb_pwr_therm=29991|btmspkr_therm=29947|disp_therm=30014|north_therm=30793|soc_therm=33865|battery=30300|battery_cycle=5|dc-mains=34500|usbc-therm-adc=345|max77779fg=30300|LITTLE=36000|soc=8|smpl_gm=0|vdroop1=0|batoilo=0|batoilo2=0|batt_vs=30296|mdis_morepower=0|thb_hda=51|cp_on_chip_0=35000|cp_on_chip_1=36000|G3D=35000|cp_on_chip_2=36000|cp_on_chip_3=34000|cp_on_chip_4=34000|rf2_therm=32000|rf1_therm=33000|ISP=35000|TPU=35000|AUR=35000|rfpa_therm=31639|quiet_therm=32173|charging_therm=33887|,BIG=36000|MID=37000|usb_pwr_therm=29991|btmspkr_therm=29947|disp_therm=30014|north_therm=30793|soc_therm=33865|battery=30300|battery_cycle=5|dc-mains=34000|usbc-therm-adc=340|max77779fg=30300|LITTLE=37000|soc=8|smpl_gm=0|vdroop1=0|batoilo=0|batoilo2=0|batt_vs=30296|mdis_morepower=0|thb_hda=51|cp_on_chip_0=35000|cp_on_chip_1=36000|G3D=36000|cp_on_chip_2=36000|cp_on_chip_3=34000|cp_on_chip_4=34000|rf2_therm=32000|rf1_therm=33000|ISP=34000|TPU=36000|AUR=35000|rfpa_therm=31639|quiet_therm=32173|charging_therm=33887|,ok,39000,36000,0,36000,1,single,touched,4096,512,13,512,1100993,512,1152344,0,4,4,ok
1,8,nvhe,4,578000,578000,38000,39000,BIG=36000|MID=36000|usb_pwr_therm=29991|btmspkr_therm=29947|disp_therm=30014|north_therm=30793|soc_therm=33865|battery=30300|battery_cycle=5|dc-mains=34500|usbc-therm-adc=345|max77779fg=30300|LITTLE=36000|soc=8|smpl_gm=0|vdroop1=0|batoilo=0|batoilo2=0|batt_vs=30296|mdis_morepower=0|thb_hda=51|cp_on_chip_0=35000|cp_on_chip_1=36000|G3D=35000|cp_on_chip_2=36000|cp_on_chip_3=34000|cp_on_chip_4=34000|rf2_therm=32000|rf1_therm=33000|ISP=35000|TPU=35000|AUR=35000|rfpa_therm=31639|quiet_therm=32173|charging_therm=33887|,BIG=36000|MID=37000|usb_pwr_therm=29991|btmspkr_therm=29947|disp_therm=30014|north_therm=30793|soc_therm=33865|battery=30300|battery_cycle=5|dc-mains=34000|usbc-therm-adc=340|max77779fg=30300|LITTLE=37000|soc=8|smpl_gm=0|vdroop1=0|batoilo=0|batoilo2=0|batt_vs=30296|mdis_morepower=0|thb_hda=51|cp_on_chip_0=35000|cp_on_chip_1=36000|G3D=36000|cp_on_chip_2=36000|cp_on_chip_3=34000|cp_on_chip_4=34000|rf2_therm=32000|rf1_therm=33000|ISP=34000|TPU=36000|AUR=35000|rfpa_therm=31639|quiet_therm=32173|charging_therm=33887|,ok,39000,36000,0,36000,1,single,touched,4096,512,14,512,1013305,512,895020,0,4,4,ok
1,8,nvhe,4,578000,578000,38000,39000,BIG=36000|MID=36000|usb_pwr_therm=29991|btmspkr_therm=29947|disp_therm=30014|north_therm=30793|soc_therm=33865|battery=30300|battery_cycle=5|dc-mains=34500|usbc-therm-adc=345|max77779fg=30300|LITTLE=36000|soc=8|smpl_gm=0|vdroop1=0|batoilo=0|batoilo2=0|batt_vs=30296|mdis_morepower=0|thb_hda=51|cp_on_chip_0=35000|cp_on_chip_1=36000|G3D=35000|cp_on_chip_2=36000|cp_on_chip_3=34000|cp_on_chip_4=34000|rf2_therm=32000|rf1_therm=33000|ISP=35000|TPU=35000|AUR=35000|rfpa_therm=31639|quiet_therm=32173|charging_therm=33887|,BIG=36000|MID=37000|usb_pwr_therm=29991|btmspkr_therm=29947|disp_therm=30014|north_therm=30793|soc_therm=33865|battery=30300|battery_cycle=5|dc-mains=34000|usbc-therm-adc=340|max77779fg=30300|LITTLE=37000|soc=8|smpl_gm=0|vdroop1=0|batoilo=0|batoilo2=0|batt_vs=30296|mdis_morepower=0|thb_hda=51|cp_on_chip_0=35000|cp_on_chip_1=36000|G3D=36000|cp_on_chip_2=36000|cp_on_chip_3=34000|cp_on_chip_4=34000|rf2_therm=32000|rf1_therm=33000|ISP=34000|TPU=36000|AUR=35000|rfpa_therm=31639|quiet_therm=32173|charging_therm=33887|,ok,39000,36000,0,36000,1,single,touched,4096,512,15,512,973307,512,975668,0,4,4,ok
1,8,nvhe,4,578000,578000,38000,39000,BIG=36000|MID=36000|usb_pwr_therm=29991|btmspkr_therm=29947|disp_therm=30014|north_therm=30793|soc_therm=33865|battery=30300|battery_cycle=5|dc-mains=34500|usbc-therm-adc=345|max77779fg=30300|LITTLE=36000|soc=8|smpl_gm=0|vdroop1=0|batoilo=0|batoilo2=0|batt_vs=30296|mdis_morepower=0|thb_hda=51|cp_on_chip_0=35000|cp_on_chip_1=36000|G3D=35000|cp_on_chip_2=36000|cp_on_chip_3=34000|cp_on_chip_4=34000|rf2_therm=32000|rf1_therm=33000|ISP=35000|TPU=35000|AUR=35000|rfpa_therm=31639|quiet_therm=32173|charging_therm=33887|,BIG=36000|MID=37000|usb_pwr_therm=29991|btmspkr_therm=29947|disp_therm=30014|north_therm=30793|soc_therm=33865|battery=30300|battery_cycle=5|dc-mains=34000|usbc-therm-adc=340|max77779fg=30300|LITTLE=37000|soc=8|smpl_gm=0|vdroop1=0|batoilo=0|batoilo2=0|batt_vs=30296|mdis_morepower=0|thb_hda=51|cp_on_chip_0=35000|cp_on_chip_1=36000|G3D=36000|cp_on_chip_2=36000|cp_on_chip_3=34000|cp_on_chip_4=34000|rf2_therm=32000|rf1_therm=33000|ISP=34000|TPU=36000|AUR=35000|rfpa_therm=31639|quiet_therm=32173|charging_therm=33887|,ok,39000,36000,0,36000,1,single,touched,4096,512,16,512,913574,512,834554,0,4,4,ok
1,8,nvhe,4,578000,578000,38000,39000,BIG=36000|MID=36000|usb_pwr_therm=29991|btmspkr_therm=29947|disp_therm=30014|north_therm=30793|soc_therm=33865|battery=30300|battery_cycle=5|dc-mains=34500|usbc-therm-adc=345|max77779fg=30300|LITTLE=36000|soc=8|smpl_gm=0|vdroop1=0|batoilo=0|batoilo2=0|batt_vs=30296|mdis_morepower=0|thb_hda=51|cp_on_chip_0=35000|cp_on_chip_1=36000|G3D=35000|cp_on_chip_2=36000|cp_on_chip_3=34000|cp_on_chip_4=34000|rf2_therm=32000|rf1_therm=33000|ISP=35000|TPU=35000|AUR=35000|rfpa_therm=31639|quiet_therm=32173|charging_therm=33887|,BIG=36000|MID=37000|usb_pwr_therm=29991|btmspkr_therm=29947|disp_therm=30014|north_therm=30793|soc_therm=33865|battery=30300|battery_cycle=5|dc-mains=34000|usbc-therm-adc=340|max77779fg=30300|LITTLE=37000|soc=8|smpl_gm=0|vdroop1=0|batoilo=0|batoilo2=0|batt_vs=30296|mdis_morepower=0|thb_hda=51|cp_on_chip_0=35000|cp_on_chip_1=36000|G3D=36000|cp_on_chip_2=36000|cp_on_chip_3=34000|cp_on_chip_4=34000|rf2_therm=32000|rf1_therm=33000|ISP=34000|TPU=36000|AUR=35000|rfpa_therm=31639|quiet_therm=32173|charging_therm=33887|,ok,39000,36000,0,36000,1,single,touched,4096,512,17,512,861166,512,803345,0,4,4,ok
1,8,nvhe,4,578000,578000,38000,39000,BIG=36000|MID=36000|usb_pwr_therm=29991|btmspkr_therm=29947|disp_therm=30014|north_therm=30793|soc_therm=33865|battery=30300|battery_cycle=5|dc-mains=34500|usbc-therm-adc=345|max77779fg=30300|LITTLE=36000|soc=8|smpl_gm=0|vdroop1=0|batoilo=0|batoilo2=0|batt_vs=30296|mdis_morepower=0|thb_hda=51|cp_on_chip_0=35000|cp_on_chip_1=36000|G3D=35000|cp_on_chip_2=36000|cp_on_chip_3=34000|cp_on_chip_4=34000|rf2_therm=32000|rf1_therm=33000|ISP=35000|TPU=35000|AUR=35000|rfpa_therm=31639|quiet_therm=32173|charging_therm=33887|,BIG=36000|MID=37000|usb_pwr_therm=29991|btmspkr_therm=29947|disp_therm=30014|north_therm=30793|soc_therm=33865|battery=30300|battery_cycle=5|dc-mains=34000|usbc-therm-adc=340|max77779fg=30300|LITTLE=37000|soc=8|smpl_gm=0|vdroop1=0|batoilo=0|batoilo2=0|batt_vs=30296|mdis_morepower=0|thb_hda=51|cp_on_chip_0=35000|cp_on_chip_1=36000|G3D=36000|cp_on_chip_2=36000|cp_on_chip_3=34000|cp_on_chip_4=34000|rf2_therm=32000|rf1_therm=33000|ISP=34000|TPU=36000|AUR=35000|rfpa_therm=31639|quiet_therm=32173|charging_therm=33887|,ok,39000,36000,0,36000,1,single,touched,4096,512,18,512,876953,512,814860,0,4,4,ok
1,8,nvhe,4,578000,578000,38000,39000,BIG=36000|MID=36000|usb_pwr_therm=29991|btmspkr_therm=29947|disp_therm=30014|north_therm=30793|soc_therm=33865|battery=30300|battery_cycle=5|dc-mains=34500|usbc-therm-adc=345|max77779fg=30300|LITTLE=36000|soc=8|smpl_gm=0|vdroop1=0|batoilo=0|batoilo2=0|batt_vs=30296|mdis_morepower=0|thb_hda=51|cp_on_chip_0=35000|cp_on_chip_1=36000|G3D=35000|cp_on_chip_2=36000|cp_on_chip_3=34000|cp_on_chip_4=34000|rf2_therm=32000|rf1_therm=33000|ISP=35000|TPU=35000|AUR=35000|rfpa_therm=31639|quiet_therm=32173|charging_therm=33887|,BIG=36000|MID=37000|usb_pwr_therm=29991|btmspkr_therm=29947|disp_therm=30014|north_therm=30793|soc_therm=33865|battery=30300|battery_cycle=5|dc-mains=34000|usbc-therm-adc=340|max77779fg=30300|LITTLE=37000|soc=8|smpl_gm=0|vdroop1=0|batoilo=0|batoilo2=0|batt_vs=30296|mdis_morepower=0|thb_hda=51|cp_on_chip_0=35000|cp_on_chip_1=36000|G3D=36000|cp_on_chip_2=36000|cp_on_chip_3=34000|cp_on_chip_4=34000|rf2_therm=32000|rf1_therm=33000|ISP=34000|TPU=36000|AUR=35000|rfpa_therm=31639|quiet_therm=32173|charging_therm=33887|,ok,39000,36000,0,36000,1,single,touched,4096,512,19,512,828410,512,781861,0,4,4,ok
1,8,nvhe,4,578000,578000,38000,39000,BIG=36000|MID=36000|usb_pwr_therm=29991|btmspkr_therm=29947|disp_therm=30014|north_therm=30793|soc_therm=33865|battery=30300|battery_cycle=5|dc-mains=34500|usbc-therm-adc=345|max77779fg=30300|LITTLE=36000|soc=8|smpl_gm=0|vdroop1=0|batoilo=0|batoilo2=0|batt_vs=30296|mdis_morepower=0|thb_hda=51|cp_on_chip_0=35000|cp_on_chip_1=36000|G3D=35000|cp_on_chip_2=36000|cp_on_chip_3=34000|cp_on_chip_4=34000|rf2_therm=32000|rf1_therm=33000|ISP=35000|TPU=35000|AUR=35000|rfpa_therm=31639|quiet_therm=32173|charging_therm=33887|,BIG=36000|MID=37000|usb_pwr_therm=29991|btmspkr_therm=29947|disp_therm=30014|north_therm=30793|soc_therm=33865|battery=30300|battery_cycle=5|dc-mains=34000|usbc-therm-adc=340|max77779fg=30300|LITTLE=37000|soc=8|smpl_gm=0|vdroop1=0|batoilo=0|batoilo2=0|batt_vs=30296|mdis_morepower=0|thb_hda=51|cp_on_chip_0=35000|cp_on_chip_1=36000|G3D=36000|cp_on_chip_2=36000|cp_on_chip_3=34000|cp_on_chip_4=34000|rf2_therm=32000|rf1_therm=33000|ISP=34000|TPU=36000|AUR=35000|rfpa_therm=31639|quiet_therm=32173|charging_therm=33887|,ok,39000,36000,0,36000,1,single,touched,4096,512,20,512,858276,512,1311483,0,4,4,ok
1,8,nvhe,4,578000,578000,38000,39000,BIG=36000|MID=36000|usb_pwr_therm=29991|btmspkr_therm=29947|disp_therm=30014|north_therm=30793|soc_therm=33865|battery=30300|battery_cycle=5|dc-mains=34500|usbc-therm-adc=345|max77779fg=30300|LITTLE=36000|soc=8|smpl_gm=0|vdroop1=0|batoilo=0|batoilo2=0|batt_vs=30296|mdis_morepower=0|thb_hda=51|cp_on_chip_0=35000|cp_on_chip_1=36000|G3D=35000|cp_on_chip_2=36000|cp_on_chip_3=34000|cp_on_chip_4=34000|rf2_therm=32000|rf1_therm=33000|ISP=35000|TPU=35000|AUR=35000|rfpa_therm=31639|quiet_therm=32173|charging_therm=33887|,BIG=36000|MID=37000|usb_pwr_therm=29991|btmspkr_therm=29947|disp_therm=30014|north_therm=30793|soc_therm=33865|battery=30300|battery_cycle=5|dc-mains=34000|usbc-therm-adc=340|max77779fg=30300|LITTLE=37000|soc=8|smpl_gm=0|vdroop1=0|batoilo=0|batoilo2=0|batt_vs=30296|mdis_morepower=0|thb_hda=51|cp_on_chip_0=35000|cp_on_chip_1=36000|G3D=36000|cp_on_chip_2=36000|cp_on_chip_3=34000|cp_on_chip_4=34000|rf2_therm=32000|rf1_therm=33000|ISP=34000|TPU=36000|AUR=35000|rfpa_therm=31639|quiet_therm=32173|charging_therm=33887|,ok,39000,36000,0,36000,1,single,touched,4096,512,21,512,786215,512,760539,0,4,4,ok
1,8,nvhe,4,578000,578000,38000,39000,BIG=36000|MID=36000|usb_pwr_therm=29991|btmspkr_therm=29947|disp_therm=30014|north_therm=30793|soc_therm=33865|battery=30300|battery_cycle=5|dc-mains=34500|usbc-therm-adc=345|max77779fg=30300|LITTLE=36000|soc=8|smpl_gm=0|vdroop1=0|batoilo=0|batoilo2=0|batt_vs=30296|mdis_morepower=0|thb_hda=51|cp_on_chip_0=35000|cp_on_chip_1=36000|G3D=35000|cp_on_chip_2=36000|cp_on_chip_3=34000|cp_on_chip_4=34000|rf2_therm=32000|rf1_therm=33000|ISP=35000|TPU=35000|AUR=35000|rfpa_therm=31639|quiet_therm=32173|charging_therm=33887|,BIG=36000|MID=37000|usb_pwr_therm=29991|btmspkr_therm=29947|disp_therm=30014|north_therm=30793|soc_therm=33865|battery=30300|battery_cycle=5|dc-mains=34000|usbc-therm-adc=340|max77779fg=30300|LITTLE=37000|soc=8|smpl_gm=0|vdroop1=0|batoilo=0|batoilo2=0|batt_vs=30296|mdis_morepower=0|thb_hda=51|cp_on_chip_0=35000|cp_on_chip_1=36000|G3D=36000|cp_on_chip_2=36000|cp_on_chip_3=34000|cp_on_chip_4=34000|rf2_therm=32000|rf1_therm=33000|ISP=34000|TPU=36000|AUR=35000|rfpa_therm=31639|quiet_therm=32173|charging_therm=33887|,ok,39000,36000,0,36000,1,single,touched,4096,512,22,512,779419,512,787720,0,4,4,ok
1,8,nvhe,4,578000,578000,38000,39000,BIG=36000|MID=36000|usb_pwr_therm=29991|btmspkr_therm=29947|disp_therm=30014|north_therm=30793|soc_therm=33865|battery=30300|battery_cycle=5|dc-mains=34500|usbc-therm-adc=345|max77779fg=30300|LITTLE=36000|soc=8|smpl_gm=0|vdroop1=0|batoilo=0|batoilo2=0|batt_vs=30296|mdis_morepower=0|thb_hda=51|cp_on_chip_0=35000|cp_on_chip_1=36000|G3D=35000|cp_on_chip_2=36000|cp_on_chip_3=34000|cp_on_chip_4=34000|rf2_therm=32000|rf1_therm=33000|ISP=35000|TPU=35000|AUR=35000|rfpa_therm=31639|quiet_therm=32173|charging_therm=33887|,BIG=36000|MID=37000|usb_pwr_therm=29991|btmspkr_therm=29947|disp_therm=30014|north_therm=30793|soc_therm=33865|battery=30300|battery_cycle=5|dc-mains=34000|usbc-therm-adc=340|max77779fg=30300|LITTLE=37000|soc=8|smpl_gm=0|vdroop1=0|batoilo=0|batoilo2=0|batt_vs=30296|mdis_morepower=0|thb_hda=51|cp_on_chip_0=35000|cp_on_chip_1=36000|G3D=36000|cp_on_chip_2=36000|cp_on_chip_3=34000|cp_on_chip_4=34000|rf2_therm=32000|rf1_therm=33000|ISP=34000|TPU=36000|AUR=35000|rfpa_therm=31639|quiet_therm=32173|charging_therm=33887|,ok,39000,36000,0,36000,1,single,touched,4096,512,23,512,766927,512,765218,0,4,4,ok
1,8,nvhe,4,578000,578000,38000,39000,BIG=36000|MID=36000|usb_pwr_therm=29991|btmspkr_therm=29947|disp_therm=30014|north_therm=30793|soc_therm=33865|battery=30300|battery_cycle=5|dc-mains=34500|usbc-therm-adc=345|max77779fg=30300|LITTLE=36000|soc=8|smpl_gm=0|vdroop1=0|batoilo=0|batoilo2=0|batt_vs=30296|mdis_morepower=0|thb_hda=51|cp_on_chip_0=35000|cp_on_chip_1=36000|G3D=35000|cp_on_chip_2=36000|cp_on_chip_3=34000|cp_on_chip_4=34000|rf2_therm=32000|rf1_therm=33000|ISP=35000|TPU=35000|AUR=35000|rfpa_therm=31639|quiet_therm=32173|charging_therm=33887|,BIG=36000|MID=37000|usb_pwr_therm=29991|btmspkr_therm=29947|disp_therm=30014|north_therm=30793|soc_therm=33865|battery=30300|battery_cycle=5|dc-mains=34000|usbc-therm-adc=340|max77779fg=30300|LITTLE=37000|soc=8|smpl_gm=0|vdroop1=0|batoilo=0|batoilo2=0|batt_vs=30296|mdis_morepower=0|thb_hda=51|cp_on_chip_0=35000|cp_on_chip_1=36000|G3D=36000|cp_on_chip_2=36000|cp_on_chip_3=34000|cp_on_chip_4=34000|rf2_therm=32000|rf1_therm=33000|ISP=34000|TPU=36000|AUR=35000|rfpa_therm=31639|quiet_therm=32173|charging_therm=33887|,ok,39000,36000,0,36000,1,single,touched,4096,512,24,512,793619,512,738647,0,4,4,ok
1,8,nvhe,4,578000,578000,38000,39000,BIG=36000|MID=36000|usb_pwr_therm=29991|btmspkr_therm=29947|disp_therm=30014|north_therm=30793|soc_therm=33865|battery=30300|battery_cycle=5|dc-mains=34500|usbc-therm-adc=345|max77779fg=30300|LITTLE=36000|soc=8|smpl_gm=0|vdroop1=0|batoilo=0|batoilo2=0|batt_vs=30296|mdis_morepower=0|thb_hda=51|cp_on_chip_0=35000|cp_on_chip_1=36000|G3D=35000|cp_on_chip_2=36000|cp_on_chip_3=34000|cp_on_chip_4=34000|rf2_therm=32000|rf1_therm=33000|ISP=35000|TPU=35000|AUR=35000|rfpa_therm=31639|quiet_therm=32173|charging_therm=33887|,BIG=36000|MID=37000|usb_pwr_therm=29991|btmspkr_therm=29947|disp_therm=30014|north_therm=30793|soc_therm=33865|battery=30300|battery_cycle=5|dc-mains=34000|usbc-therm-adc=340|max77779fg=30300|LITTLE=37000|soc=8|smpl_gm=0|vdroop1=0|batoilo=0|batoilo2=0|batt_vs=30296|mdis_morepower=0|thb_hda=51|cp_on_chip_0=35000|cp_on_chip_1=36000|G3D=36000|cp_on_chip_2=36000|cp_on_chip_3=34000|cp_on_chip_4=34000|rf2_therm=32000|rf1_therm=33000|ISP=34000|TPU=36000|AUR=35000|rfpa_therm=31639|quiet_therm=32173|charging_therm=33887|,ok,39000,36000,0,36000,1,single,touched,4096,512,25,512,831461,512,939494,0,4,4,ok
1,8,nvhe,4,578000,578000,38000,39000,BIG=36000|MID=36000|usb_pwr_therm=29991|btmspkr_therm=29947|disp_therm=30014|north_therm=30793|soc_therm=33865|battery=30300|battery_cycle=5|dc-mains=34500|usbc-therm-adc=345|max77779fg=30300|LITTLE=36000|soc=8|smpl_gm=0|vdroop1=0|batoilo=0|batoilo2=0|batt_vs=30296|mdis_morepower=0|thb_hda=51|cp_on_chip_0=35000|cp_on_chip_1=36000|G3D=35000|cp_on_chip_2=36000|cp_on_chip_3=34000|cp_on_chip_4=34000|rf2_therm=32000|rf1_therm=33000|ISP=35000|TPU=35000|AUR=35000|rfpa_therm=31639|quiet_therm=32173|charging_therm=33887|,BIG=36000|MID=37000|usb_pwr_therm=29991|btmspkr_therm=29947|disp_therm=30014|north_therm=30793|soc_therm=33865|battery=30300|battery_cycle=5|dc-mains=34000|usbc-therm-adc=340|max77779fg=30300|LITTLE=37000|soc=8|smpl_gm=0|vdroop1=0|batoilo=0|batoilo2=0|batt_vs=30296|mdis_morepower=0|thb_hda=51|cp_on_chip_0=35000|cp_on_chip_1=36000|G3D=36000|cp_on_chip_2=36000|cp_on_chip_3=34000|cp_on_chip_4=34000|rf2_therm=32000|rf1_therm=33000|ISP=34000|TPU=36000|AUR=35000|rfpa_therm=31639|quiet_therm=32173|charging_therm=33887|,ok,39000,36000,0,36000,1,single,touched,4096,512,26,512,754272,512,700724,0,4,4,ok
1,8,nvhe,4,578000,578000,38000,39000,BIG=36000|MID=36000|usb_pwr_therm=29991|btmspkr_therm=29947|disp_therm=30014|north_therm=30793|soc_therm=33865|battery=30300|battery_cycle=5|dc-mains=34500|usbc-therm-adc=345|max77779fg=30300|LITTLE=36000|soc=8|smpl_gm=0|vdroop1=0|batoilo=0|batoilo2=0|batt_vs=30296|mdis_morepower=0|thb_hda=51|cp_on_chip_0=35000|cp_on_chip_1=36000|G3D=35000|cp_on_chip_2=36000|cp_on_chip_3=34000|cp_on_chip_4=34000|rf2_therm=32000|rf1_therm=33000|ISP=35000|TPU=35000|AUR=35000|rfpa_therm=31639|quiet_therm=32173|charging_therm=33887|,BIG=36000|MID=37000|usb_pwr_therm=29991|btmspkr_therm=29947|disp_therm=30014|north_therm=30793|soc_therm=33865|battery=30300|battery_cycle=5|dc-mains=34000|usbc-therm-adc=340|max77779fg=30300|LITTLE=37000|soc=8|smpl_gm=0|vdroop1=0|batoilo=0|batoilo2=0|batt_vs=30296|mdis_morepower=0|thb_hda=51|cp_on_chip_0=35000|cp_on_chip_1=36000|G3D=36000|cp_on_chip_2=36000|cp_on_chip_3=34000|cp_on_chip_4=34000|rf2_therm=32000|rf1_therm=33000|ISP=34000|TPU=36000|AUR=35000|rfpa_therm=31639|quiet_therm=32173|charging_therm=33887|,ok,39000,36000,0,36000,1,single,touched,4096,512,27,512,754273,512,1187582,0,4,4,ok
1,8,nvhe,4,578000,578000,38000,39000,BIG=36000|MID=36000|usb_pwr_therm=29991|btmspkr_therm=29947|disp_therm=30014|north_therm=30793|soc_therm=33865|battery=30300|battery_cycle=5|dc-mains=34500|usbc-therm-adc=345|max77779fg=30300|LITTLE=36000|soc=8|smpl_gm=0|vdroop1=0|batoilo=0|batoilo2=0|batt_vs=30296|mdis_morepower=0|thb_hda=51|cp_on_chip_0=35000|cp_on_chip_1=36000|G3D=35000|cp_on_chip_2=36000|cp_on_chip_3=34000|cp_on_chip_4=34000|rf2_therm=32000|rf1_therm=33000|ISP=35000|TPU=35000|AUR=35000|rfpa_therm=31639|quiet_therm=32173|charging_therm=33887|,BIG=36000|MID=37000|usb_pwr_therm=29991|btmspkr_therm=29947|disp_therm=30014|north_therm=30793|soc_therm=33865|battery=30300|battery_cycle=5|dc-mains=34000|usbc-therm-adc=340|max77779fg=30300|LITTLE=37000|soc=8|smpl_gm=0|vdroop1=0|batoilo=0|batoilo2=0|batt_vs=30296|mdis_morepower=0|thb_hda=51|cp_on_chip_0=35000|cp_on_chip_1=36000|G3D=36000|cp_on_chip_2=36000|cp_on_chip_3=34000|cp_on_chip_4=34000|rf2_therm=32000|rf1_therm=33000|ISP=34000|TPU=36000|AUR=35000|rfpa_therm=31639|quiet_therm=32173|charging_therm=33887|,ok,39000,36000,0,36000,1,single,touched,4096,512,28,512,695801,512,682048,0,4,4,ok
1,8,nvhe,4,578000,578000,38000,39000,BIG=36000|MID=36000|usb_pwr_therm=29991|btmspkr_therm=29947|disp_therm=30014|north_therm=30793|soc_therm=33865|battery=30300|battery_cycle=5|dc-mains=34500|usbc-therm-adc=345|max77779fg=30300|LITTLE=36000|soc=8|smpl_gm=0|vdroop1=0|batoilo=0|batoilo2=0|batt_vs=30296|mdis_morepower=0|thb_hda=51|cp_on_chip_0=35000|cp_on_chip_1=36000|G3D=35000|cp_on_chip_2=36000|cp_on_chip_3=34000|cp_on_chip_4=34000|rf2_therm=32000|rf1_therm=33000|ISP=35000|TPU=35000|AUR=35000|rfpa_therm=31639|quiet_therm=32173|charging_therm=33887|,BIG=36000|MID=37000|usb_pwr_therm=29991|btmspkr_therm=29947|disp_therm=30014|north_therm=30793|soc_therm=33865|battery=30300|battery_cycle=5|dc-mains=34000|usbc-therm-adc=340|max77779fg=30300|LITTLE=37000|soc=8|smpl_gm=0|vdroop1=0|batoilo=0|batoilo2=0|batt_vs=30296|mdis_morepower=0|thb_hda=51|cp_on_chip_0=35000|cp_on_chip_1=36000|G3D=36000|cp_on_chip_2=36000|cp_on_chip_3=34000|cp_on_chip_4=34000|rf2_therm=32000|rf1_therm=33000|ISP=34000|TPU=36000|AUR=35000|rfpa_therm=31639|quiet_therm=32173|charging_therm=33887|,ok,39000,36000,0,36000,1,single,touched,4096,512,29,512,698079,512,709514,0,4,4,ok
1,9,nvhe,4,1065000,1795000,38000,39000,BIG=36000|MID=36000|usb_pwr_therm=29991|btmspkr_therm=29947|disp_therm=30014|north_therm=30793|soc_therm=33887|battery=30400|battery_cycle=5|dc-mains=34000|usbc-therm-adc=340|max77779fg=30400|LITTLE=36000|soc=8|smpl_gm=0|vdroop1=0|batoilo=0|batoilo2=0|batt_vs=30395|mdis_morepower=0|thb_hda=51|cp_on_chip_0=35000|cp_on_chip_1=36000|G3D=35000|cp_on_chip_2=36000|cp_on_chip_3=34000|cp_on_chip_4=34000|rf2_therm=32000|rf1_therm=33000|ISP=34000|TPU=35000|AUR=35000|rfpa_therm=31639|quiet_therm=32195|charging_therm=33954|,BIG=36000|MID=37000|usb_pwr_therm=29991|btmspkr_therm=29947|disp_therm=30014|north_therm=30793|soc_therm=33887|battery=30400|battery_cycle=5|dc-mains=34000|usbc-therm-adc=340|max77779fg=30400|LITTLE=36000|soc=8|smpl_gm=0|vdroop1=0|batoilo=0|batoilo2=0|batt_vs=30396|mdis_morepower=0|thb_hda=51|cp_on_chip_0=35000|cp_on_chip_1=36000|G3D=35000|cp_on_chip_2=36000|cp_on_chip_3=34000|cp_on_chip_4=34000|rf2_therm=32000|rf1_therm=33000|ISP=34000|TPU=35000|AUR=35000|rfpa_therm=31639|quiet_therm=32195|charging_therm=33976|,ok,39000,39000,5,38000,1,batched,untouched,4096,512,0,1,14526,0,3215,0,4,4,ok
1,9,nvhe,4,1065000,1795000,38000,39000,BIG=36000|MID=36000|usb_pwr_therm=29991|btmspkr_therm=29947|disp_therm=30014|north_therm=30793|soc_therm=33887|battery=30400|battery_cycle=5|dc-mains=34000|usbc-therm-adc=340|max77779fg=30400|LITTLE=36000|soc=8|smpl_gm=0|vdroop1=0|batoilo=0|batoilo2=0|batt_vs=30395|mdis_morepower=0|thb_hda=51|cp_on_chip_0=35000|cp_on_chip_1=36000|G3D=35000|cp_on_chip_2=36000|cp_on_chip_3=34000|cp_on_chip_4=34000|rf2_therm=32000|rf1_therm=33000|ISP=34000|TPU=35000|AUR=35000|rfpa_therm=31639|quiet_therm=32195|charging_therm=33954|,BIG=36000|MID=37000|usb_pwr_therm=29991|btmspkr_therm=29947|disp_therm=30014|north_therm=30793|soc_therm=33887|battery=30400|battery_cycle=5|dc-mains=34000|usbc-therm-adc=340|max77779fg=30400|LITTLE=36000|soc=8|smpl_gm=0|vdroop1=0|batoilo=0|batoilo2=0|batt_vs=30396|mdis_morepower=0|thb_hda=51|cp_on_chip_0=35000|cp_on_chip_1=36000|G3D=35000|cp_on_chip_2=36000|cp_on_chip_3=34000|cp_on_chip_4=34000|rf2_therm=32000|rf1_therm=33000|ISP=34000|TPU=35000|AUR=35000|rfpa_therm=31639|quiet_therm=32195|charging_therm=33976|,ok,39000,39000,5,38000,1,batched,untouched,4096,512,1,1,5290,0,692,0,4,4,ok
1,9,nvhe,4,1065000,1795000,38000,39000,BIG=36000|MID=36000|usb_pwr_therm=29991|btmspkr_therm=29947|disp_therm=30014|north_therm=30793|soc_therm=33887|battery=30400|battery_cycle=5|dc-mains=34000|usbc-therm-adc=340|max77779fg=30400|LITTLE=36000|soc=8|smpl_gm=0|vdroop1=0|batoilo=0|batoilo2=0|batt_vs=30395|mdis_morepower=0|thb_hda=51|cp_on_chip_0=35000|cp_on_chip_1=36000|G3D=35000|cp_on_chip_2=36000|cp_on_chip_3=34000|cp_on_chip_4=34000|rf2_therm=32000|rf1_therm=33000|ISP=34000|TPU=35000|AUR=35000|rfpa_therm=31639|quiet_therm=32195|charging_therm=33954|,BIG=36000|MID=37000|usb_pwr_therm=29991|btmspkr_therm=29947|disp_therm=30014|north_therm=30793|soc_therm=33887|battery=30400|battery_cycle=5|dc-mains=34000|usbc-therm-adc=340|max77779fg=30400|LITTLE=36000|soc=8|smpl_gm=0|vdroop1=0|batoilo=0|batoilo2=0|batt_vs=30396|mdis_morepower=0|thb_hda=51|cp_on_chip_0=35000|cp_on_chip_1=36000|G3D=35000|cp_on_chip_2=36000|cp_on_chip_3=34000|cp_on_chip_4=34000|rf2_therm=32000|rf1_therm=33000|ISP=34000|TPU=35000|AUR=35000|rfpa_therm=31639|quiet_therm=32195|charging_therm=33976|,ok,39000,39000,5,38000,1,batched,untouched,4096,512,2,1,5738,0,651,0,4,4,ok
1,9,nvhe,4,1065000,1795000,38000,39000,BIG=36000|MID=36000|usb_pwr_therm=29991|btmspkr_therm=29947|disp_therm=30014|north_therm=30793|soc_therm=33887|battery=30400|battery_cycle=5|dc-mains=34000|usbc-therm-adc=340|max77779fg=30400|LITTLE=36000|soc=8|smpl_gm=0|vdroop1=0|batoilo=0|batoilo2=0|batt_vs=30395|mdis_morepower=0|thb_hda=51|cp_on_chip_0=35000|cp_on_chip_1=36000|G3D=35000|cp_on_chip_2=36000|cp_on_chip_3=34000|cp_on_chip_4=34000|rf2_therm=32000|rf1_therm=33000|ISP=34000|TPU=35000|AUR=35000|rfpa_therm=31639|quiet_therm=32195|charging_therm=33954|,BIG=36000|MID=37000|usb_pwr_therm=29991|btmspkr_therm=29947|disp_therm=30014|north_therm=30793|soc_therm=33887|battery=30400|battery_cycle=5|dc-mains=34000|usbc-therm-adc=340|max77779fg=30400|LITTLE=36000|soc=8|smpl_gm=0|vdroop1=0|batoilo=0|batoilo2=0|batt_vs=30396|mdis_morepower=0|thb_hda=51|cp_on_chip_0=35000|cp_on_chip_1=36000|G3D=35000|cp_on_chip_2=36000|cp_on_chip_3=34000|cp_on_chip_4=34000|rf2_therm=32000|rf1_therm=33000|ISP=34000|TPU=35000|AUR=35000|rfpa_therm=31639|quiet_therm=32195|charging_therm=33976|,ok,39000,39000,5,38000,1,batched,untouched,4096,512,3,1,3581,0,692,0,4,4,ok
1,9,nvhe,4,1065000,1795000,38000,39000,BIG=36000|MID=36000|usb_pwr_therm=29991|btmspkr_therm=29947|disp_therm=30014|north_therm=30793|soc_therm=33887|battery=30400|battery_cycle=5|dc-mains=34000|usbc-therm-adc=340|max77779fg=30400|LITTLE=36000|soc=8|smpl_gm=0|vdroop1=0|batoilo=0|batoilo2=0|batt_vs=30395|mdis_morepower=0|thb_hda=51|cp_on_chip_0=35000|cp_on_chip_1=36000|G3D=35000|cp_on_chip_2=36000|cp_on_chip_3=34000|cp_on_chip_4=34000|rf2_therm=32000|rf1_therm=33000|ISP=34000|TPU=35000|AUR=35000|rfpa_therm=31639|quiet_therm=32195|charging_therm=33954|,BIG=36000|MID=37000|usb_pwr_therm=29991|btmspkr_therm=29947|disp_therm=30014|north_therm=30793|soc_therm=33887|battery=30400|battery_cycle=5|dc-mains=34000|usbc-therm-adc=340|max77779fg=30400|LITTLE=36000|soc=8|smpl_gm=0|vdroop1=0|batoilo=0|batoilo2=0|batt_vs=30396|mdis_morepower=0|thb_hda=51|cp_on_chip_0=35000|cp_on_chip_1=36000|G3D=35000|cp_on_chip_2=36000|cp_on_chip_3=34000|cp_on_chip_4=34000|rf2_therm=32000|rf1_therm=33000|ISP=34000|TPU=35000|AUR=35000|rfpa_therm=31639|quiet_therm=32195|charging_therm=33976|,ok,39000,39000,5,38000,1,batched,untouched,4096,512,4,1,4679,0,610,0,4,4,ok
1,9,nvhe,4,1065000,1795000,38000,39000,BIG=36000|MID=36000|usb_pwr_therm=29991|btmspkr_therm=29947|disp_therm=30014|north_therm=30793|soc_therm=33887|battery=30400|battery_cycle=5|dc-mains=34000|usbc-therm-adc=340|max77779fg=30400|LITTLE=36000|soc=8|smpl_gm=0|vdroop1=0|batoilo=0|batoilo2=0|batt_vs=30395|mdis_morepower=0|thb_hda=51|cp_on_chip_0=35000|cp_on_chip_1=36000|G3D=35000|cp_on_chip_2=36000|cp_on_chip_3=34000|cp_on_chip_4=34000|rf2_therm=32000|rf1_therm=33000|ISP=34000|TPU=35000|AUR=35000|rfpa_therm=31639|quiet_therm=32195|charging_therm=33954|,BIG=36000|MID=37000|usb_pwr_therm=29991|btmspkr_therm=29947|disp_therm=30014|north_therm=30793|soc_therm=33887|battery=30400|battery_cycle=5|dc-mains=34000|usbc-therm-adc=340|max77779fg=30400|LITTLE=36000|soc=8|smpl_gm=0|vdroop1=0|batoilo=0|batoilo2=0|batt_vs=30396|mdis_morepower=0|thb_hda=51|cp_on_chip_0=35000|cp_on_chip_1=36000|G3D=35000|cp_on_chip_2=36000|cp_on_chip_3=34000|cp_on_chip_4=34000|rf2_therm=32000|rf1_therm=33000|ISP=34000|TPU=35000|AUR=35000|rfpa_therm=31639|quiet_therm=32195|charging_therm=33976|,ok,39000,39000,5,38000,1,batched,untouched,4096,512,5,1,6470,0,651,0,4,4,ok
1,9,nvhe,4,1065000,1795000,38000,39000,BIG=36000|MID=36000|usb_pwr_therm=29991|btmspkr_therm=29947|disp_therm=30014|north_therm=30793|soc_therm=33887|battery=30400|battery_cycle=5|dc-mains=34000|usbc-therm-adc=340|max77779fg=30400|LITTLE=36000|soc=8|smpl_gm=0|vdroop1=0|batoilo=0|batoilo2=0|batt_vs=30395|mdis_morepower=0|thb_hda=51|cp_on_chip_0=35000|cp_on_chip_1=36000|G3D=35000|cp_on_chip_2=36000|cp_on_chip_3=34000|cp_on_chip_4=34000|rf2_therm=32000|rf1_therm=33000|ISP=34000|TPU=35000|AUR=35000|rfpa_therm=31639|quiet_therm=32195|charging_therm=33954|,BIG=36000|MID=37000|usb_pwr_therm=29991|btmspkr_therm=29947|disp_therm=30014|north_therm=30793|soc_therm=33887|battery=30400|battery_cycle=5|dc-mains=34000|usbc-therm-adc=340|max77779fg=30400|LITTLE=36000|soc=8|smpl_gm=0|vdroop1=0|batoilo=0|batoilo2=0|batt_vs=30396|mdis_morepower=0|thb_hda=51|cp_on_chip_0=35000|cp_on_chip_1=36000|G3D=35000|cp_on_chip_2=36000|cp_on_chip_3=34000|cp_on_chip_4=34000|rf2_therm=32000|rf1_therm=33000|ISP=34000|TPU=35000|AUR=35000|rfpa_therm=31639|quiet_therm=32195|charging_therm=33976|,ok,39000,39000,5,38000,1,batched,untouched,4096,512,6,1,5493,0,610,0,4,4,ok
1,9,nvhe,4,1065000,1795000,38000,39000,BIG=36000|MID=36000|usb_pwr_therm=29991|btmspkr_therm=29947|disp_therm=30014|north_therm=30793|soc_therm=33887|battery=30400|battery_cycle=5|dc-mains=34000|usbc-therm-adc=340|max77779fg=30400|LITTLE=36000|soc=8|smpl_gm=0|vdroop1=0|batoilo=0|batoilo2=0|batt_vs=30395|mdis_morepower=0|thb_hda=51|cp_on_chip_0=35000|cp_on_chip_1=36000|G3D=35000|cp_on_chip_2=36000|cp_on_chip_3=34000|cp_on_chip_4=34000|rf2_therm=32000|rf1_therm=33000|ISP=34000|TPU=35000|AUR=35000|rfpa_therm=31639|quiet_therm=32195|charging_therm=33954|,BIG=36000|MID=37000|usb_pwr_therm=29991|btmspkr_therm=29947|disp_therm=30014|north_therm=30793|soc_therm=33887|battery=30400|battery_cycle=5|dc-mains=34000|usbc-therm-adc=340|max77779fg=30400|LITTLE=36000|soc=8|smpl_gm=0|vdroop1=0|batoilo=0|batoilo2=0|batt_vs=30396|mdis_morepower=0|thb_hda=51|cp_on_chip_0=35000|cp_on_chip_1=36000|G3D=35000|cp_on_chip_2=36000|cp_on_chip_3=34000|cp_on_chip_4=34000|rf2_therm=32000|rf1_therm=33000|ISP=34000|TPU=35000|AUR=35000|rfpa_therm=31639|quiet_therm=32195|charging_therm=33976|,ok,39000,39000,5,38000,1,batched,untouched,4096,512,7,1,4029,0,651,0,4,4,ok
1,9,nvhe,4,1065000,1795000,38000,39000,BIG=36000|MID=36000|usb_pwr_therm=29991|btmspkr_therm=29947|disp_therm=30014|north_therm=30793|soc_therm=33887|battery=30400|battery_cycle=5|dc-mains=34000|usbc-therm-adc=340|max77779fg=30400|LITTLE=36000|soc=8|smpl_gm=0|vdroop1=0|batoilo=0|batoilo2=0|batt_vs=30395|mdis_morepower=0|thb_hda=51|cp_on_chip_0=35000|cp_on_chip_1=36000|G3D=35000|cp_on_chip_2=36000|cp_on_chip_3=34000|cp_on_chip_4=34000|rf2_therm=32000|rf1_therm=33000|ISP=34000|TPU=35000|AUR=35000|rfpa_therm=31639|quiet_therm=32195|charging_therm=33954|,BIG=36000|MID=37000|usb_pwr_therm=29991|btmspkr_therm=29947|disp_therm=30014|north_therm=30793|soc_therm=33887|battery=30400|battery_cycle=5|dc-mains=34000|usbc-therm-adc=340|max77779fg=30400|LITTLE=36000|soc=8|smpl_gm=0|vdroop1=0|batoilo=0|batoilo2=0|batt_vs=30396|mdis_morepower=0|thb_hda=51|cp_on_chip_0=35000|cp_on_chip_1=36000|G3D=35000|cp_on_chip_2=36000|cp_on_chip_3=34000|cp_on_chip_4=34000|rf2_therm=32000|rf1_therm=33000|ISP=34000|TPU=35000|AUR=35000|rfpa_therm=31639|quiet_therm=32195|charging_therm=33976|,ok,39000,39000,5,38000,1,batched,untouched,4096,512,8,1,7202,0,692,0,4,4,ok
1,9,nvhe,4,1065000,1795000,38000,39000,BIG=36000|MID=36000|usb_pwr_therm=29991|btmspkr_therm=29947|disp_therm=30014|north_therm=30793|soc_therm=33887|battery=30400|battery_cycle=5|dc-mains=34000|usbc-therm-adc=340|max77779fg=30400|LITTLE=36000|soc=8|smpl_gm=0|vdroop1=0|batoilo=0|batoilo2=0|batt_vs=30395|mdis_morepower=0|thb_hda=51|cp_on_chip_0=35000|cp_on_chip_1=36000|G3D=35000|cp_on_chip_2=36000|cp_on_chip_3=34000|cp_on_chip_4=34000|rf2_therm=32000|rf1_therm=33000|ISP=34000|TPU=35000|AUR=35000|rfpa_therm=31639|quiet_therm=32195|charging_therm=33954|,BIG=36000|MID=37000|usb_pwr_therm=29991|btmspkr_therm=29947|disp_therm=30014|north_therm=30793|soc_therm=33887|battery=30400|battery_cycle=5|dc-mains=34000|usbc-therm-adc=340|max77779fg=30400|LITTLE=36000|soc=8|smpl_gm=0|vdroop1=0|batoilo=0|batoilo2=0|batt_vs=30396|mdis_morepower=0|thb_hda=51|cp_on_chip_0=35000|cp_on_chip_1=36000|G3D=35000|cp_on_chip_2=36000|cp_on_chip_3=34000|cp_on_chip_4=34000|rf2_therm=32000|rf1_therm=33000|ISP=34000|TPU=35000|AUR=35000|rfpa_therm=31639|quiet_therm=32195|charging_therm=33976|,ok,39000,39000,5,38000,1,batched,untouched,4096,512,9,1,2849,0,610,0,4,4,ok
1,9,nvhe,4,1065000,1795000,38000,39000,BIG=36000|MID=36000|usb_pwr_therm=29991|btmspkr_therm=29947|disp_therm=30014|north_therm=30793|soc_therm=33887|battery=30400|battery_cycle=5|dc-mains=34000|usbc-therm-adc=340|max77779fg=30400|LITTLE=36000|soc=8|smpl_gm=0|vdroop1=0|batoilo=0|batoilo2=0|batt_vs=30395|mdis_morepower=0|thb_hda=51|cp_on_chip_0=35000|cp_on_chip_1=36000|G3D=35000|cp_on_chip_2=36000|cp_on_chip_3=34000|cp_on_chip_4=34000|rf2_therm=32000|rf1_therm=33000|ISP=34000|TPU=35000|AUR=35000|rfpa_therm=31639|quiet_therm=32195|charging_therm=33954|,BIG=36000|MID=37000|usb_pwr_therm=29991|btmspkr_therm=29947|disp_therm=30014|north_therm=30793|soc_therm=33887|battery=30400|battery_cycle=5|dc-mains=34000|usbc-therm-adc=340|max77779fg=30400|LITTLE=36000|soc=8|smpl_gm=0|vdroop1=0|batoilo=0|batoilo2=0|batt_vs=30396|mdis_morepower=0|thb_hda=51|cp_on_chip_0=35000|cp_on_chip_1=36000|G3D=35000|cp_on_chip_2=36000|cp_on_chip_3=34000|cp_on_chip_4=34000|rf2_therm=32000|rf1_therm=33000|ISP=34000|TPU=35000|AUR=35000|rfpa_therm=31639|quiet_therm=32195|charging_therm=33976|,ok,39000,39000,5,38000,1,batched,untouched,4096,512,10,1,5412,0,651,0,4,4,ok
1,9,nvhe,4,1065000,1795000,38000,39000,BIG=36000|MID=36000|usb_pwr_therm=29991|btmspkr_therm=29947|disp_therm=30014|north_therm=30793|soc_therm=33887|battery=30400|battery_cycle=5|dc-mains=34000|usbc-therm-adc=340|max77779fg=30400|LITTLE=36000|soc=8|smpl_gm=0|vdroop1=0|batoilo=0|batoilo2=0|batt_vs=30395|mdis_morepower=0|thb_hda=51|cp_on_chip_0=35000|cp_on_chip_1=36000|G3D=35000|cp_on_chip_2=36000|cp_on_chip_3=34000|cp_on_chip_4=34000|rf2_therm=32000|rf1_therm=33000|ISP=34000|TPU=35000|AUR=35000|rfpa_therm=31639|quiet_therm=32195|charging_therm=33954|,BIG=36000|MID=37000|usb_pwr_therm=29991|btmspkr_therm=29947|disp_therm=30014|north_therm=30793|soc_therm=33887|battery=30400|battery_cycle=5|dc-mains=34000|usbc-therm-adc=340|max77779fg=30400|LITTLE=36000|soc=8|smpl_gm=0|vdroop1=0|batoilo=0|batoilo2=0|batt_vs=30396|mdis_morepower=0|thb_hda=51|cp_on_chip_0=35000|cp_on_chip_1=36000|G3D=35000|cp_on_chip_2=36000|cp_on_chip_3=34000|cp_on_chip_4=34000|rf2_therm=32000|rf1_therm=33000|ISP=34000|TPU=35000|AUR=35000|rfpa_therm=31639|quiet_therm=32195|charging_therm=33976|,ok,39000,39000,5,38000,1,batched,untouched,4096,512,11,1,2848,0,610,0,4,4,ok
1,9,nvhe,4,1065000,1795000,38000,39000,BIG=36000|MID=36000|usb_pwr_therm=29991|btmspkr_therm=29947|disp_therm=30014|north_therm=30793|soc_therm=33887|battery=30400|battery_cycle=5|dc-mains=34000|usbc-therm-adc=340|max77779fg=30400|LITTLE=36000|soc=8|smpl_gm=0|vdroop1=0|batoilo=0|batoilo2=0|batt_vs=30395|mdis_morepower=0|thb_hda=51|cp_on_chip_0=35000|cp_on_chip_1=36000|G3D=35000|cp_on_chip_2=36000|cp_on_chip_3=34000|cp_on_chip_4=34000|rf2_therm=32000|rf1_therm=33000|ISP=34000|TPU=35000|AUR=35000|rfpa_therm=31639|quiet_therm=32195|charging_therm=33954|,BIG=36000|MID=37000|usb_pwr_therm=29991|btmspkr_therm=29947|disp_therm=30014|north_therm=30793|soc_therm=33887|battery=30400|battery_cycle=5|dc-mains=34000|usbc-therm-adc=340|max77779fg=30400|LITTLE=36000|soc=8|smpl_gm=0|vdroop1=0|batoilo=0|batoilo2=0|batt_vs=30396|mdis_morepower=0|thb_hda=51|cp_on_chip_0=35000|cp_on_chip_1=36000|G3D=35000|cp_on_chip_2=36000|cp_on_chip_3=34000|cp_on_chip_4=34000|rf2_therm=32000|rf1_therm=33000|ISP=34000|TPU=35000|AUR=35000|rfpa_therm=31639|quiet_therm=32195|charging_therm=33976|,ok,39000,39000,5,38000,1,batched,untouched,4096,512,12,1,4150,0,611,0,4,4,ok
1,9,nvhe,4,1065000,1795000,38000,39000,BIG=36000|MID=36000|usb_pwr_therm=29991|btmspkr_therm=29947|disp_therm=30014|north_therm=30793|soc_therm=33887|battery=30400|battery_cycle=5|dc-mains=34000|usbc-therm-adc=340|max77779fg=30400|LITTLE=36000|soc=8|smpl_gm=0|vdroop1=0|batoilo=0|batoilo2=0|batt_vs=30395|mdis_morepower=0|thb_hda=51|cp_on_chip_0=35000|cp_on_chip_1=36000|G3D=35000|cp_on_chip_2=36000|cp_on_chip_3=34000|cp_on_chip_4=34000|rf2_therm=32000|rf1_therm=33000|ISP=34000|TPU=35000|AUR=35000|rfpa_therm=31639|quiet_therm=32195|charging_therm=33954|,BIG=36000|MID=37000|usb_pwr_therm=29991|btmspkr_therm=29947|disp_therm=30014|north_therm=30793|soc_therm=33887|battery=30400|battery_cycle=5|dc-mains=34000|usbc-therm-adc=340|max77779fg=30400|LITTLE=36000|soc=8|smpl_gm=0|vdroop1=0|batoilo=0|batoilo2=0|batt_vs=30396|mdis_morepower=0|thb_hda=51|cp_on_chip_0=35000|cp_on_chip_1=36000|G3D=35000|cp_on_chip_2=36000|cp_on_chip_3=34000|cp_on_chip_4=34000|rf2_therm=32000|rf1_therm=33000|ISP=34000|TPU=35000|AUR=35000|rfpa_therm=31639|quiet_therm=32195|charging_therm=33976|,ok,39000,39000,5,38000,1,batched,untouched,4096,512,13,1,3500,0,610,0,4,4,ok
1,9,nvhe,4,1065000,1795000,38000,39000,BIG=36000|MID=36000|usb_pwr_therm=29991|btmspkr_therm=29947|disp_therm=30014|north_therm=30793|soc_therm=33887|battery=30400|battery_cycle=5|dc-mains=34000|usbc-therm-adc=340|max77779fg=30400|LITTLE=36000|soc=8|smpl_gm=0|vdroop1=0|batoilo=0|batoilo2=0|batt_vs=30395|mdis_morepower=0|thb_hda=51|cp_on_chip_0=35000|cp_on_chip_1=36000|G3D=35000|cp_on_chip_2=36000|cp_on_chip_3=34000|cp_on_chip_4=34000|rf2_therm=32000|rf1_therm=33000|ISP=34000|TPU=35000|AUR=35000|rfpa_therm=31639|quiet_therm=32195|charging_therm=33954|,BIG=36000|MID=37000|usb_pwr_therm=29991|btmspkr_therm=29947|disp_therm=30014|north_therm=30793|soc_therm=33887|battery=30400|battery_cycle=5|dc-mains=34000|usbc-therm-adc=340|max77779fg=30400|LITTLE=36000|soc=8|smpl_gm=0|vdroop1=0|batoilo=0|batoilo2=0|batt_vs=30396|mdis_morepower=0|thb_hda=51|cp_on_chip_0=35000|cp_on_chip_1=36000|G3D=35000|cp_on_chip_2=36000|cp_on_chip_3=34000|cp_on_chip_4=34000|rf2_therm=32000|rf1_therm=33000|ISP=34000|TPU=35000|AUR=35000|rfpa_therm=31639|quiet_therm=32195|charging_therm=33976|,ok,39000,39000,5,38000,1,batched,untouched,4096,512,14,1,2645,0,610,0,4,4,ok
1,9,nvhe,4,1065000,1795000,38000,39000,BIG=36000|MID=36000|usb_pwr_therm=29991|btmspkr_therm=29947|disp_therm=30014|north_therm=30793|soc_therm=33887|battery=30400|battery_cycle=5|dc-mains=34000|usbc-therm-adc=340|max77779fg=30400|LITTLE=36000|soc=8|smpl_gm=0|vdroop1=0|batoilo=0|batoilo2=0|batt_vs=30395|mdis_morepower=0|thb_hda=51|cp_on_chip_0=35000|cp_on_chip_1=36000|G3D=35000|cp_on_chip_2=36000|cp_on_chip_3=34000|cp_on_chip_4=34000|rf2_therm=32000|rf1_therm=33000|ISP=34000|TPU=35000|AUR=35000|rfpa_therm=31639|quiet_therm=32195|charging_therm=33954|,BIG=36000|MID=37000|usb_pwr_therm=29991|btmspkr_therm=29947|disp_therm=30014|north_therm=30793|soc_therm=33887|battery=30400|battery_cycle=5|dc-mains=34000|usbc-therm-adc=340|max77779fg=30400|LITTLE=36000|soc=8|smpl_gm=0|vdroop1=0|batoilo=0|batoilo2=0|batt_vs=30396|mdis_morepower=0|thb_hda=51|cp_on_chip_0=35000|cp_on_chip_1=36000|G3D=35000|cp_on_chip_2=36000|cp_on_chip_3=34000|cp_on_chip_4=34000|rf2_therm=32000|rf1_therm=33000|ISP=34000|TPU=35000|AUR=35000|rfpa_therm=31639|quiet_therm=32195|charging_therm=33976|,ok,39000,39000,5,38000,1,batched,untouched,4096,512,15,1,3458,0,610,0,4,4,ok
1,9,nvhe,4,1065000,1795000,38000,39000,BIG=36000|MID=36000|usb_pwr_therm=29991|btmspkr_therm=29947|disp_therm=30014|north_therm=30793|soc_therm=33887|battery=30400|battery_cycle=5|dc-mains=34000|usbc-therm-adc=340|max77779fg=30400|LITTLE=36000|soc=8|smpl_gm=0|vdroop1=0|batoilo=0|batoilo2=0|batt_vs=30395|mdis_morepower=0|thb_hda=51|cp_on_chip_0=35000|cp_on_chip_1=36000|G3D=35000|cp_on_chip_2=36000|cp_on_chip_3=34000|cp_on_chip_4=34000|rf2_therm=32000|rf1_therm=33000|ISP=34000|TPU=35000|AUR=35000|rfpa_therm=31639|quiet_therm=32195|charging_therm=33954|,BIG=36000|MID=37000|usb_pwr_therm=29991|btmspkr_therm=29947|disp_therm=30014|north_therm=30793|soc_therm=33887|battery=30400|battery_cycle=5|dc-mains=34000|usbc-therm-adc=340|max77779fg=30400|LITTLE=36000|soc=8|smpl_gm=0|vdroop1=0|batoilo=0|batoilo2=0|batt_vs=30396|mdis_morepower=0|thb_hda=51|cp_on_chip_0=35000|cp_on_chip_1=36000|G3D=35000|cp_on_chip_2=36000|cp_on_chip_3=34000|cp_on_chip_4=34000|rf2_therm=32000|rf1_therm=33000|ISP=34000|TPU=35000|AUR=35000|rfpa_therm=31639|quiet_therm=32195|charging_therm=33976|,ok,39000,39000,5,38000,1,batched,untouched,4096,512,16,1,2889,0,651,0,4,4,ok
1,9,nvhe,4,1065000,1795000,38000,39000,BIG=36000|MID=36000|usb_pwr_therm=29991|btmspkr_therm=29947|disp_therm=30014|north_therm=30793|soc_therm=33887|battery=30400|battery_cycle=5|dc-mains=34000|usbc-therm-adc=340|max77779fg=30400|LITTLE=36000|soc=8|smpl_gm=0|vdroop1=0|batoilo=0|batoilo2=0|batt_vs=30395|mdis_morepower=0|thb_hda=51|cp_on_chip_0=35000|cp_on_chip_1=36000|G3D=35000|cp_on_chip_2=36000|cp_on_chip_3=34000|cp_on_chip_4=34000|rf2_therm=32000|rf1_therm=33000|ISP=34000|TPU=35000|AUR=35000|rfpa_therm=31639|quiet_therm=32195|charging_therm=33954|,BIG=36000|MID=37000|usb_pwr_therm=29991|btmspkr_therm=29947|disp_therm=30014|north_therm=30793|soc_therm=33887|battery=30400|battery_cycle=5|dc-mains=34000|usbc-therm-adc=340|max77779fg=30400|LITTLE=36000|soc=8|smpl_gm=0|vdroop1=0|batoilo=0|batoilo2=0|batt_vs=30396|mdis_morepower=0|thb_hda=51|cp_on_chip_0=35000|cp_on_chip_1=36000|G3D=35000|cp_on_chip_2=36000|cp_on_chip_3=34000|cp_on_chip_4=34000|rf2_therm=32000|rf1_therm=33000|ISP=34000|TPU=35000|AUR=35000|rfpa_therm=31639|quiet_therm=32195|charging_therm=33976|,ok,39000,39000,5,38000,1,batched,untouched,4096,512,17,1,4435,0,611,0,4,4,ok
1,9,nvhe,4,1065000,1795000,38000,39000,BIG=36000|MID=36000|usb_pwr_therm=29991|btmspkr_therm=29947|disp_therm=30014|north_therm=30793|soc_therm=33887|battery=30400|battery_cycle=5|dc-mains=34000|usbc-therm-adc=340|max77779fg=30400|LITTLE=36000|soc=8|smpl_gm=0|vdroop1=0|batoilo=0|batoilo2=0|batt_vs=30395|mdis_morepower=0|thb_hda=51|cp_on_chip_0=35000|cp_on_chip_1=36000|G3D=35000|cp_on_chip_2=36000|cp_on_chip_3=34000|cp_on_chip_4=34000|rf2_therm=32000|rf1_therm=33000|ISP=34000|TPU=35000|AUR=35000|rfpa_therm=31639|quiet_therm=32195|charging_therm=33954|,BIG=36000|MID=37000|usb_pwr_therm=29991|btmspkr_therm=29947|disp_therm=30014|north_therm=30793|soc_therm=33887|battery=30400|battery_cycle=5|dc-mains=34000|usbc-therm-adc=340|max77779fg=30400|LITTLE=36000|soc=8|smpl_gm=0|vdroop1=0|batoilo=0|batoilo2=0|batt_vs=30396|mdis_morepower=0|thb_hda=51|cp_on_chip_0=35000|cp_on_chip_1=36000|G3D=35000|cp_on_chip_2=36000|cp_on_chip_3=34000|cp_on_chip_4=34000|rf2_therm=32000|rf1_therm=33000|ISP=34000|TPU=35000|AUR=35000|rfpa_therm=31639|quiet_therm=32195|charging_therm=33976|,ok,39000,39000,5,38000,1,batched,untouched,4096,512,18,1,3256,0,610,0,4,4,ok
1,9,nvhe,4,1065000,1795000,38000,39000,BIG=36000|MID=36000|usb_pwr_therm=29991|btmspkr_therm=29947|disp_therm=30014|north_therm=30793|soc_therm=33887|battery=30400|battery_cycle=5|dc-mains=34000|usbc-therm-adc=340|max77779fg=30400|LITTLE=36000|soc=8|smpl_gm=0|vdroop1=0|batoilo=0|batoilo2=0|batt_vs=30395|mdis_morepower=0|thb_hda=51|cp_on_chip_0=35000|cp_on_chip_1=36000|G3D=35000|cp_on_chip_2=36000|cp_on_chip_3=34000|cp_on_chip_4=34000|rf2_therm=32000|rf1_therm=33000|ISP=34000|TPU=35000|AUR=35000|rfpa_therm=31639|quiet_therm=32195|charging_therm=33954|,BIG=36000|MID=37000|usb_pwr_therm=29991|btmspkr_therm=29947|disp_therm=30014|north_therm=30793|soc_therm=33887|battery=30400|battery_cycle=5|dc-mains=34000|usbc-therm-adc=340|max77779fg=30400|LITTLE=36000|soc=8|smpl_gm=0|vdroop1=0|batoilo=0|batoilo2=0|batt_vs=30396|mdis_morepower=0|thb_hda=51|cp_on_chip_0=35000|cp_on_chip_1=36000|G3D=35000|cp_on_chip_2=36000|cp_on_chip_3=34000|cp_on_chip_4=34000|rf2_therm=32000|rf1_therm=33000|ISP=34000|TPU=35000|AUR=35000|rfpa_therm=31639|quiet_therm=32195|charging_therm=33976|,ok,39000,39000,5,38000,1,batched,untouched,4096,512,19,1,3581,0,610,0,4,4,ok
1,9,nvhe,4,1065000,1795000,38000,39000,BIG=36000|MID=36000|usb_pwr_therm=29991|btmspkr_therm=29947|disp_therm=30014|north_therm=30793|soc_therm=33887|battery=30400|battery_cycle=5|dc-mains=34000|usbc-therm-adc=340|max77779fg=30400|LITTLE=36000|soc=8|smpl_gm=0|vdroop1=0|batoilo=0|batoilo2=0|batt_vs=30395|mdis_morepower=0|thb_hda=51|cp_on_chip_0=35000|cp_on_chip_1=36000|G3D=35000|cp_on_chip_2=36000|cp_on_chip_3=34000|cp_on_chip_4=34000|rf2_therm=32000|rf1_therm=33000|ISP=34000|TPU=35000|AUR=35000|rfpa_therm=31639|quiet_therm=32195|charging_therm=33954|,BIG=36000|MID=37000|usb_pwr_therm=29991|btmspkr_therm=29947|disp_therm=30014|north_therm=30793|soc_therm=33887|battery=30400|battery_cycle=5|dc-mains=34000|usbc-therm-adc=340|max77779fg=30400|LITTLE=36000|soc=8|smpl_gm=0|vdroop1=0|batoilo=0|batoilo2=0|batt_vs=30396|mdis_morepower=0|thb_hda=51|cp_on_chip_0=35000|cp_on_chip_1=36000|G3D=35000|cp_on_chip_2=36000|cp_on_chip_3=34000|cp_on_chip_4=34000|rf2_therm=32000|rf1_therm=33000|ISP=34000|TPU=35000|AUR=35000|rfpa_therm=31639|quiet_therm=32195|charging_therm=33976|,ok,39000,39000,5,38000,1,batched,untouched,4096,512,20,1,3418,0,652,0,4,4,ok
1,9,nvhe,4,1065000,1795000,38000,39000,BIG=36000|MID=36000|usb_pwr_therm=29991|btmspkr_therm=29947|disp_therm=30014|north_therm=30793|soc_therm=33887|battery=30400|battery_cycle=5|dc-mains=34000|usbc-therm-adc=340|max77779fg=30400|LITTLE=36000|soc=8|smpl_gm=0|vdroop1=0|batoilo=0|batoilo2=0|batt_vs=30395|mdis_morepower=0|thb_hda=51|cp_on_chip_0=35000|cp_on_chip_1=36000|G3D=35000|cp_on_chip_2=36000|cp_on_chip_3=34000|cp_on_chip_4=34000|rf2_therm=32000|rf1_therm=33000|ISP=34000|TPU=35000|AUR=35000|rfpa_therm=31639|quiet_therm=32195|charging_therm=33954|,BIG=36000|MID=37000|usb_pwr_therm=29991|btmspkr_therm=29947|disp_therm=30014|north_therm=30793|soc_therm=33887|battery=30400|battery_cycle=5|dc-mains=34000|usbc-therm-adc=340|max77779fg=30400|LITTLE=36000|soc=8|smpl_gm=0|vdroop1=0|batoilo=0|batoilo2=0|batt_vs=30396|mdis_morepower=0|thb_hda=51|cp_on_chip_0=35000|cp_on_chip_1=36000|G3D=35000|cp_on_chip_2=36000|cp_on_chip_3=34000|cp_on_chip_4=34000|rf2_therm=32000|rf1_therm=33000|ISP=34000|TPU=35000|AUR=35000|rfpa_therm=31639|quiet_therm=32195|charging_therm=33976|,ok,39000,39000,5,38000,1,batched,untouched,4096,512,21,1,3337,0,610,0,4,4,ok
1,9,nvhe,4,1065000,1795000,38000,39000,BIG=36000|MID=36000|usb_pwr_therm=29991|btmspkr_therm=29947|disp_therm=30014|north_therm=30793|soc_therm=33887|battery=30400|battery_cycle=5|dc-mains=34000|usbc-therm-adc=340|max77779fg=30400|LITTLE=36000|soc=8|smpl_gm=0|vdroop1=0|batoilo=0|batoilo2=0|batt_vs=30395|mdis_morepower=0|thb_hda=51|cp_on_chip_0=35000|cp_on_chip_1=36000|G3D=35000|cp_on_chip_2=36000|cp_on_chip_3=34000|cp_on_chip_4=34000|rf2_therm=32000|rf1_therm=33000|ISP=34000|TPU=35000|AUR=35000|rfpa_therm=31639|quiet_therm=32195|charging_therm=33954|,BIG=36000|MID=37000|usb_pwr_therm=29991|btmspkr_therm=29947|disp_therm=30014|north_therm=30793|soc_therm=33887|battery=30400|battery_cycle=5|dc-mains=34000|usbc-therm-adc=340|max77779fg=30400|LITTLE=36000|soc=8|smpl_gm=0|vdroop1=0|batoilo=0|batoilo2=0|batt_vs=30396|mdis_morepower=0|thb_hda=51|cp_on_chip_0=35000|cp_on_chip_1=36000|G3D=35000|cp_on_chip_2=36000|cp_on_chip_3=34000|cp_on_chip_4=34000|rf2_therm=32000|rf1_therm=33000|ISP=34000|TPU=35000|AUR=35000|rfpa_therm=31639|quiet_therm=32195|charging_therm=33976|,ok,39000,39000,5,38000,1,batched,untouched,4096,512,22,1,4801,0,651,0,4,4,ok
1,9,nvhe,4,1065000,1795000,38000,39000,BIG=36000|MID=36000|usb_pwr_therm=29991|btmspkr_therm=29947|disp_therm=30014|north_therm=30793|soc_therm=33887|battery=30400|battery_cycle=5|dc-mains=34000|usbc-therm-adc=340|max77779fg=30400|LITTLE=36000|soc=8|smpl_gm=0|vdroop1=0|batoilo=0|batoilo2=0|batt_vs=30395|mdis_morepower=0|thb_hda=51|cp_on_chip_0=35000|cp_on_chip_1=36000|G3D=35000|cp_on_chip_2=36000|cp_on_chip_3=34000|cp_on_chip_4=34000|rf2_therm=32000|rf1_therm=33000|ISP=34000|TPU=35000|AUR=35000|rfpa_therm=31639|quiet_therm=32195|charging_therm=33954|,BIG=36000|MID=37000|usb_pwr_therm=29991|btmspkr_therm=29947|disp_therm=30014|north_therm=30793|soc_therm=33887|battery=30400|battery_cycle=5|dc-mains=34000|usbc-therm-adc=340|max77779fg=30400|LITTLE=36000|soc=8|smpl_gm=0|vdroop1=0|batoilo=0|batoilo2=0|batt_vs=30396|mdis_morepower=0|thb_hda=51|cp_on_chip_0=35000|cp_on_chip_1=36000|G3D=35000|cp_on_chip_2=36000|cp_on_chip_3=34000|cp_on_chip_4=34000|rf2_therm=32000|rf1_therm=33000|ISP=34000|TPU=35000|AUR=35000|rfpa_therm=31639|quiet_therm=32195|charging_therm=33976|,ok,39000,39000,5,38000,1,batched,untouched,4096,512,23,1,3418,0,610,0,4,4,ok
1,9,nvhe,4,1065000,1795000,38000,39000,BIG=36000|MID=36000|usb_pwr_therm=29991|btmspkr_therm=29947|disp_therm=30014|north_therm=30793|soc_therm=33887|battery=30400|battery_cycle=5|dc-mains=34000|usbc-therm-adc=340|max77779fg=30400|LITTLE=36000|soc=8|smpl_gm=0|vdroop1=0|batoilo=0|batoilo2=0|batt_vs=30395|mdis_morepower=0|thb_hda=51|cp_on_chip_0=35000|cp_on_chip_1=36000|G3D=35000|cp_on_chip_2=36000|cp_on_chip_3=34000|cp_on_chip_4=34000|rf2_therm=32000|rf1_therm=33000|ISP=34000|TPU=35000|AUR=35000|rfpa_therm=31639|quiet_therm=32195|charging_therm=33954|,BIG=36000|MID=37000|usb_pwr_therm=29991|btmspkr_therm=29947|disp_therm=30014|north_therm=30793|soc_therm=33887|battery=30400|battery_cycle=5|dc-mains=34000|usbc-therm-adc=340|max77779fg=30400|LITTLE=36000|soc=8|smpl_gm=0|vdroop1=0|batoilo=0|batoilo2=0|batt_vs=30396|mdis_morepower=0|thb_hda=51|cp_on_chip_0=35000|cp_on_chip_1=36000|G3D=35000|cp_on_chip_2=36000|cp_on_chip_3=34000|cp_on_chip_4=34000|rf2_therm=32000|rf1_therm=33000|ISP=34000|TPU=35000|AUR=35000|rfpa_therm=31639|quiet_therm=32195|charging_therm=33976|,ok,39000,39000,5,38000,1,batched,untouched,4096,512,24,1,5330,0,611,0,4,4,ok
1,9,nvhe,4,1065000,1795000,38000,39000,BIG=36000|MID=36000|usb_pwr_therm=29991|btmspkr_therm=29947|disp_therm=30014|north_therm=30793|soc_therm=33887|battery=30400|battery_cycle=5|dc-mains=34000|usbc-therm-adc=340|max77779fg=30400|LITTLE=36000|soc=8|smpl_gm=0|vdroop1=0|batoilo=0|batoilo2=0|batt_vs=30395|mdis_morepower=0|thb_hda=51|cp_on_chip_0=35000|cp_on_chip_1=36000|G3D=35000|cp_on_chip_2=36000|cp_on_chip_3=34000|cp_on_chip_4=34000|rf2_therm=32000|rf1_therm=33000|ISP=34000|TPU=35000|AUR=35000|rfpa_therm=31639|quiet_therm=32195|charging_therm=33954|,BIG=36000|MID=37000|usb_pwr_therm=29991|btmspkr_therm=29947|disp_therm=30014|north_therm=30793|soc_therm=33887|battery=30400|battery_cycle=5|dc-mains=34000|usbc-therm-adc=340|max77779fg=30400|LITTLE=36000|soc=8|smpl_gm=0|vdroop1=0|batoilo=0|batoilo2=0|batt_vs=30396|mdis_morepower=0|thb_hda=51|cp_on_chip_0=35000|cp_on_chip_1=36000|G3D=35000|cp_on_chip_2=36000|cp_on_chip_3=34000|cp_on_chip_4=34000|rf2_therm=32000|rf1_therm=33000|ISP=34000|TPU=35000|AUR=35000|rfpa_therm=31639|quiet_therm=32195|charging_therm=33976|,ok,39000,39000,5,38000,1,batched,untouched,4096,512,25,1,3622,0,651,0,4,4,ok
1,9,nvhe,4,1065000,1795000,38000,39000,BIG=36000|MID=36000|usb_pwr_therm=29991|btmspkr_therm=29947|disp_therm=30014|north_therm=30793|soc_therm=33887|battery=30400|battery_cycle=5|dc-mains=34000|usbc-therm-adc=340|max77779fg=30400|LITTLE=36000|soc=8|smpl_gm=0|vdroop1=0|batoilo=0|batoilo2=0|batt_vs=30395|mdis_morepower=0|thb_hda=51|cp_on_chip_0=35000|cp_on_chip_1=36000|G3D=35000|cp_on_chip_2=36000|cp_on_chip_3=34000|cp_on_chip_4=34000|rf2_therm=32000|rf1_therm=33000|ISP=34000|TPU=35000|AUR=35000|rfpa_therm=31639|quiet_therm=32195|charging_therm=33954|,BIG=36000|MID=37000|usb_pwr_therm=29991|btmspkr_therm=29947|disp_therm=30014|north_therm=30793|soc_therm=33887|battery=30400|battery_cycle=5|dc-mains=34000|usbc-therm-adc=340|max77779fg=30400|LITTLE=36000|soc=8|smpl_gm=0|vdroop1=0|batoilo=0|batoilo2=0|batt_vs=30396|mdis_morepower=0|thb_hda=51|cp_on_chip_0=35000|cp_on_chip_1=36000|G3D=35000|cp_on_chip_2=36000|cp_on_chip_3=34000|cp_on_chip_4=34000|rf2_therm=32000|rf1_therm=33000|ISP=34000|TPU=35000|AUR=35000|rfpa_therm=31639|quiet_therm=32195|charging_therm=33976|,ok,39000,39000,5,38000,1,batched,untouched,4096,512,26,1,2686,0,610,0,4,4,ok
1,9,nvhe,4,1065000,1795000,38000,39000,BIG=36000|MID=36000|usb_pwr_therm=29991|btmspkr_therm=29947|disp_therm=30014|north_therm=30793|soc_therm=33887|battery=30400|battery_cycle=5|dc-mains=34000|usbc-therm-adc=340|max77779fg=30400|LITTLE=36000|soc=8|smpl_gm=0|vdroop1=0|batoilo=0|batoilo2=0|batt_vs=30395|mdis_morepower=0|thb_hda=51|cp_on_chip_0=35000|cp_on_chip_1=36000|G3D=35000|cp_on_chip_2=36000|cp_on_chip_3=34000|cp_on_chip_4=34000|rf2_therm=32000|rf1_therm=33000|ISP=34000|TPU=35000|AUR=35000|rfpa_therm=31639|quiet_therm=32195|charging_therm=33954|,BIG=36000|MID=37000|usb_pwr_therm=29991|btmspkr_therm=29947|disp_therm=30014|north_therm=30793|soc_therm=33887|battery=30400|battery_cycle=5|dc-mains=34000|usbc-therm-adc=340|max77779fg=30400|LITTLE=36000|soc=8|smpl_gm=0|vdroop1=0|batoilo=0|batoilo2=0|batt_vs=30396|mdis_morepower=0|thb_hda=51|cp_on_chip_0=35000|cp_on_chip_1=36000|G3D=35000|cp_on_chip_2=36000|cp_on_chip_3=34000|cp_on_chip_4=34000|rf2_therm=32000|rf1_therm=33000|ISP=34000|TPU=35000|AUR=35000|rfpa_therm=31639|quiet_therm=32195|charging_therm=33976|,ok,39000,39000,5,38000,1,batched,untouched,4096,512,27,1,2726,0,651,0,4,4,ok
1,9,nvhe,4,1065000,1795000,38000,39000,BIG=36000|MID=36000|usb_pwr_therm=29991|btmspkr_therm=29947|disp_therm=30014|north_therm=30793|soc_therm=33887|battery=30400|battery_cycle=5|dc-mains=34000|usbc-therm-adc=340|max77779fg=30400|LITTLE=36000|soc=8|smpl_gm=0|vdroop1=0|batoilo=0|batoilo2=0|batt_vs=30395|mdis_morepower=0|thb_hda=51|cp_on_chip_0=35000|cp_on_chip_1=36000|G3D=35000|cp_on_chip_2=36000|cp_on_chip_3=34000|cp_on_chip_4=34000|rf2_therm=32000|rf1_therm=33000|ISP=34000|TPU=35000|AUR=35000|rfpa_therm=31639|quiet_therm=32195|charging_therm=33954|,BIG=36000|MID=37000|usb_pwr_therm=29991|btmspkr_therm=29947|disp_therm=30014|north_therm=30793|soc_therm=33887|battery=30400|battery_cycle=5|dc-mains=34000|usbc-therm-adc=340|max77779fg=30400|LITTLE=36000|soc=8|smpl_gm=0|vdroop1=0|batoilo=0|batoilo2=0|batt_vs=30396|mdis_morepower=0|thb_hda=51|cp_on_chip_0=35000|cp_on_chip_1=36000|G3D=35000|cp_on_chip_2=36000|cp_on_chip_3=34000|cp_on_chip_4=34000|rf2_therm=32000|rf1_therm=33000|ISP=34000|TPU=35000|AUR=35000|rfpa_therm=31639|quiet_therm=32195|charging_therm=33976|,ok,39000,39000,5,38000,1,batched,untouched,4096,512,28,1,4394,0,651,0,4,4,ok
1,9,nvhe,4,1065000,1795000,38000,39000,BIG=36000|MID=36000|usb_pwr_therm=29991|btmspkr_therm=29947|disp_therm=30014|north_therm=30793|soc_therm=33887|battery=30400|battery_cycle=5|dc-mains=34000|usbc-therm-adc=340|max77779fg=30400|LITTLE=36000|soc=8|smpl_gm=0|vdroop1=0|batoilo=0|batoilo2=0|batt_vs=30395|mdis_morepower=0|thb_hda=51|cp_on_chip_0=35000|cp_on_chip_1=36000|G3D=35000|cp_on_chip_2=36000|cp_on_chip_3=34000|cp_on_chip_4=34000|rf2_therm=32000|rf1_therm=33000|ISP=34000|TPU=35000|AUR=35000|rfpa_therm=31639|quiet_therm=32195|charging_therm=33954|,BIG=36000|MID=37000|usb_pwr_therm=29991|btmspkr_therm=29947|disp_therm=30014|north_therm=30793|soc_therm=33887|battery=30400|battery_cycle=5|dc-mains=34000|usbc-therm-adc=340|max77779fg=30400|LITTLE=36000|soc=8|smpl_gm=0|vdroop1=0|batoilo=0|batoilo2=0|batt_vs=30396|mdis_morepower=0|thb_hda=51|cp_on_chip_0=35000|cp_on_chip_1=36000|G3D=35000|cp_on_chip_2=36000|cp_on_chip_3=34000|cp_on_chip_4=34000|rf2_therm=32000|rf1_therm=33000|ISP=34000|TPU=35000|AUR=35000|rfpa_therm=31639|quiet_therm=32195|charging_therm=33976|,ok,39000,39000,5,38000,1,batched,untouched,4096,512,29,1,5412,0,692,0,4,4,ok
1,10,nvhe,4,1065000,1945000,38000,39000,BIG=36000|MID=37000|usb_pwr_therm=29991|btmspkr_therm=29947|disp_therm=29991|north_therm=30793|soc_therm=33909|battery=30400|battery_cycle=5|dc-mains=34500|usbc-therm-adc=345|max77779fg=30400|LITTLE=36000|soc=8|smpl_gm=0|vdroop1=0|batoilo=0|batoilo2=0|batt_vs=30395|mdis_morepower=0|thb_hda=51|cp_on_chip_0=35000|cp_on_chip_1=36000|G3D=37000|cp_on_chip_2=36000|cp_on_chip_3=34000|cp_on_chip_4=34000|rf2_therm=32000|rf1_therm=33000|ISP=35000|TPU=36000|AUR=35000|rfpa_therm=31661|quiet_therm=32195|charging_therm=33998|,BIG=36000|MID=37000|usb_pwr_therm=29991|btmspkr_therm=29969|disp_therm=29991|north_therm=30793|soc_therm=33931|battery=30400|battery_cycle=5|dc-mains=34500|usbc-therm-adc=345|max77779fg=30400|LITTLE=36000|soc=8|smpl_gm=0|vdroop1=0|batoilo=0|batoilo2=0|batt_vs=30396|mdis_morepower=0|thb_hda=51|cp_on_chip_0=35000|cp_on_chip_1=36000|G3D=36000|cp_on_chip_2=36000|cp_on_chip_3=34000|cp_on_chip_4=34000|rf2_therm=32000|rf1_therm=33000|ISP=35000|TPU=36000|AUR=35000|rfpa_therm=31661|quiet_therm=32195|charging_therm=33998|,ok,39000,37000,0,37000,1,batched,touched,4096,4096,0,1,7129639,4096,1920979,0,4,4,ok
1,10,nvhe,4,1065000,1945000,38000,39000,BIG=36000|MID=37000|usb_pwr_therm=29991|btmspkr_therm=29947|disp_therm=29991|north_therm=30793|soc_therm=33909|battery=30400|battery_cycle=5|dc-mains=34500|usbc-therm-adc=345|max77779fg=30400|LITTLE=36000|soc=8|smpl_gm=0|vdroop1=0|batoilo=0|batoilo2=0|batt_vs=30395|mdis_morepower=0|thb_hda=51|cp_on_chip_0=35000|cp_on_chip_1=36000|G3D=37000|cp_on_chip_2=36000|cp_on_chip_3=34000|cp_on_chip_4=34000|rf2_therm=32000|rf1_therm=33000|ISP=35000|TPU=36000|AUR=35000|rfpa_therm=31661|quiet_therm=32195|charging_therm=33998|,BIG=36000|MID=37000|usb_pwr_therm=29991|btmspkr_therm=29969|disp_therm=29991|north_therm=30793|soc_therm=33931|battery=30400|battery_cycle=5|dc-mains=34500|usbc-therm-adc=345|max77779fg=30400|LITTLE=36000|soc=8|smpl_gm=0|vdroop1=0|batoilo=0|batoilo2=0|batt_vs=30396|mdis_morepower=0|thb_hda=51|cp_on_chip_0=35000|cp_on_chip_1=36000|G3D=36000|cp_on_chip_2=36000|cp_on_chip_3=34000|cp_on_chip_4=34000|rf2_therm=32000|rf1_therm=33000|ISP=35000|TPU=36000|AUR=35000|rfpa_therm=31661|quiet_therm=32195|charging_therm=33998|,ok,39000,37000,0,37000,1,batched,touched,4096,4096,1,1,4436971,4096,795370,0,4,4,ok
1,10,nvhe,4,1065000,1945000,38000,39000,BIG=36000|MID=37000|usb_pwr_therm=29991|btmspkr_therm=29947|disp_therm=29991|north_therm=30793|soc_therm=33909|battery=30400|battery_cycle=5|dc-mains=34500|usbc-therm-adc=345|max77779fg=30400|LITTLE=36000|soc=8|smpl_gm=0|vdroop1=0|batoilo=0|batoilo2=0|batt_vs=30395|mdis_morepower=0|thb_hda=51|cp_on_chip_0=35000|cp_on_chip_1=36000|G3D=37000|cp_on_chip_2=36000|cp_on_chip_3=34000|cp_on_chip_4=34000|rf2_therm=32000|rf1_therm=33000|ISP=35000|TPU=36000|AUR=35000|rfpa_therm=31661|quiet_therm=32195|charging_therm=33998|,BIG=36000|MID=37000|usb_pwr_therm=29991|btmspkr_therm=29969|disp_therm=29991|north_therm=30793|soc_therm=33931|battery=30400|battery_cycle=5|dc-mains=34500|usbc-therm-adc=345|max77779fg=30400|LITTLE=36000|soc=8|smpl_gm=0|vdroop1=0|batoilo=0|batoilo2=0|batt_vs=30396|mdis_morepower=0|thb_hda=51|cp_on_chip_0=35000|cp_on_chip_1=36000|G3D=36000|cp_on_chip_2=36000|cp_on_chip_3=34000|cp_on_chip_4=34000|rf2_therm=32000|rf1_therm=33000|ISP=35000|TPU=36000|AUR=35000|rfpa_therm=31661|quiet_therm=32195|charging_therm=33998|,ok,39000,37000,0,37000,1,batched,touched,4096,4096,2,1,3954223,4096,670777,0,4,4,ok
1,10,nvhe,4,1065000,1945000,38000,39000,BIG=36000|MID=37000|usb_pwr_therm=29991|btmspkr_therm=29947|disp_therm=29991|north_therm=30793|soc_therm=33909|battery=30400|battery_cycle=5|dc-mains=34500|usbc-therm-adc=345|max77779fg=30400|LITTLE=36000|soc=8|smpl_gm=0|vdroop1=0|batoilo=0|batoilo2=0|batt_vs=30395|mdis_morepower=0|thb_hda=51|cp_on_chip_0=35000|cp_on_chip_1=36000|G3D=37000|cp_on_chip_2=36000|cp_on_chip_3=34000|cp_on_chip_4=34000|rf2_therm=32000|rf1_therm=33000|ISP=35000|TPU=36000|AUR=35000|rfpa_therm=31661|quiet_therm=32195|charging_therm=33998|,BIG=36000|MID=37000|usb_pwr_therm=29991|btmspkr_therm=29969|disp_therm=29991|north_therm=30793|soc_therm=33931|battery=30400|battery_cycle=5|dc-mains=34500|usbc-therm-adc=345|max77779fg=30400|LITTLE=36000|soc=8|smpl_gm=0|vdroop1=0|batoilo=0|batoilo2=0|batt_vs=30396|mdis_morepower=0|thb_hda=51|cp_on_chip_0=35000|cp_on_chip_1=36000|G3D=36000|cp_on_chip_2=36000|cp_on_chip_3=34000|cp_on_chip_4=34000|rf2_therm=32000|rf1_therm=33000|ISP=35000|TPU=36000|AUR=35000|rfpa_therm=31661|quiet_therm=32195|charging_therm=33998|,ok,39000,37000,0,37000,1,batched,touched,4096,4096,3,1,3869873,4096,782064,0,4,4,ok
1,10,nvhe,4,1065000,1945000,38000,39000,BIG=36000|MID=37000|usb_pwr_therm=29991|btmspkr_therm=29947|disp_therm=29991|north_therm=30793|soc_therm=33909|battery=30400|battery_cycle=5|dc-mains=34500|usbc-therm-adc=345|max77779fg=30400|LITTLE=36000|soc=8|smpl_gm=0|vdroop1=0|batoilo=0|batoilo2=0|batt_vs=30395|mdis_morepower=0|thb_hda=51|cp_on_chip_0=35000|cp_on_chip_1=36000|G3D=37000|cp_on_chip_2=36000|cp_on_chip_3=34000|cp_on_chip_4=34000|rf2_therm=32000|rf1_therm=33000|ISP=35000|TPU=36000|AUR=35000|rfpa_therm=31661|quiet_therm=32195|charging_therm=33998|,BIG=36000|MID=37000|usb_pwr_therm=29991|btmspkr_therm=29969|disp_therm=29991|north_therm=30793|soc_therm=33931|battery=30400|battery_cycle=5|dc-mains=34500|usbc-therm-adc=345|max77779fg=30400|LITTLE=36000|soc=8|smpl_gm=0|vdroop1=0|batoilo=0|batoilo2=0|batt_vs=30396|mdis_morepower=0|thb_hda=51|cp_on_chip_0=35000|cp_on_chip_1=36000|G3D=36000|cp_on_chip_2=36000|cp_on_chip_3=34000|cp_on_chip_4=34000|rf2_therm=32000|rf1_therm=33000|ISP=35000|TPU=36000|AUR=35000|rfpa_therm=31661|quiet_therm=32195|charging_therm=33998|,ok,39000,37000,0,37000,1,batched,touched,4096,4096,4,1,4166911,4096,680745,0,4,4,ok
1,10,nvhe,4,1065000,1945000,38000,39000,BIG=36000|MID=37000|usb_pwr_therm=29991|btmspkr_therm=29947|disp_therm=29991|north_therm=30793|soc_therm=33909|battery=30400|battery_cycle=5|dc-mains=34500|usbc-therm-adc=345|max77779fg=30400|LITTLE=36000|soc=8|smpl_gm=0|vdroop1=0|batoilo=0|batoilo2=0|batt_vs=30395|mdis_morepower=0|thb_hda=51|cp_on_chip_0=35000|cp_on_chip_1=36000|G3D=37000|cp_on_chip_2=36000|cp_on_chip_3=34000|cp_on_chip_4=34000|rf2_therm=32000|rf1_therm=33000|ISP=35000|TPU=36000|AUR=35000|rfpa_therm=31661|quiet_therm=32195|charging_therm=33998|,BIG=36000|MID=37000|usb_pwr_therm=29991|btmspkr_therm=29969|disp_therm=29991|north_therm=30793|soc_therm=33931|battery=30400|battery_cycle=5|dc-mains=34500|usbc-therm-adc=345|max77779fg=30400|LITTLE=36000|soc=8|smpl_gm=0|vdroop1=0|batoilo=0|batoilo2=0|batt_vs=30396|mdis_morepower=0|thb_hda=51|cp_on_chip_0=35000|cp_on_chip_1=36000|G3D=36000|cp_on_chip_2=36000|cp_on_chip_3=34000|cp_on_chip_4=34000|rf2_therm=32000|rf1_therm=33000|ISP=35000|TPU=36000|AUR=35000|rfpa_therm=31661|quiet_therm=32195|charging_therm=33998|,ok,39000,37000,0,37000,1,batched,touched,4096,4096,5,1,3903564,4096,768962,0,4,4,ok
1,10,nvhe,4,1065000,1945000,38000,39000,BIG=36000|MID=37000|usb_pwr_therm=29991|btmspkr_therm=29947|disp_therm=29991|north_therm=30793|soc_therm=33909|battery=30400|battery_cycle=5|dc-mains=34500|usbc-therm-adc=345|max77779fg=30400|LITTLE=36000|soc=8|smpl_gm=0|vdroop1=0|batoilo=0|batoilo2=0|batt_vs=30395|mdis_morepower=0|thb_hda=51|cp_on_chip_0=35000|cp_on_chip_1=36000|G3D=37000|cp_on_chip_2=36000|cp_on_chip_3=34000|cp_on_chip_4=34000|rf2_therm=32000|rf1_therm=33000|ISP=35000|TPU=36000|AUR=35000|rfpa_therm=31661|quiet_therm=32195|charging_therm=33998|,BIG=36000|MID=37000|usb_pwr_therm=29991|btmspkr_therm=29969|disp_therm=29991|north_therm=30793|soc_therm=33931|battery=30400|battery_cycle=5|dc-mains=34500|usbc-therm-adc=345|max77779fg=30400|LITTLE=36000|soc=8|smpl_gm=0|vdroop1=0|batoilo=0|batoilo2=0|batt_vs=30396|mdis_morepower=0|thb_hda=51|cp_on_chip_0=35000|cp_on_chip_1=36000|G3D=36000|cp_on_chip_2=36000|cp_on_chip_3=34000|cp_on_chip_4=34000|rf2_therm=32000|rf1_therm=33000|ISP=35000|TPU=36000|AUR=35000|rfpa_therm=31661|quiet_therm=32195|charging_therm=33998|,ok,39000,37000,0,37000,1,batched,touched,4096,4096,6,1,3995931,4096,699056,0,4,4,ok
1,10,nvhe,4,1065000,1945000,38000,39000,BIG=36000|MID=37000|usb_pwr_therm=29991|btmspkr_therm=29947|disp_therm=29991|north_therm=30793|soc_therm=33909|battery=30400|battery_cycle=5|dc-mains=34500|usbc-therm-adc=345|max77779fg=30400|LITTLE=36000|soc=8|smpl_gm=0|vdroop1=0|batoilo=0|batoilo2=0|batt_vs=30395|mdis_morepower=0|thb_hda=51|cp_on_chip_0=35000|cp_on_chip_1=36000|G3D=37000|cp_on_chip_2=36000|cp_on_chip_3=34000|cp_on_chip_4=34000|rf2_therm=32000|rf1_therm=33000|ISP=35000|TPU=36000|AUR=35000|rfpa_therm=31661|quiet_therm=32195|charging_therm=33998|,BIG=36000|MID=37000|usb_pwr_therm=29991|btmspkr_therm=29969|disp_therm=29991|north_therm=30793|soc_therm=33931|battery=30400|battery_cycle=5|dc-mains=34500|usbc-therm-adc=345|max77779fg=30400|LITTLE=36000|soc=8|smpl_gm=0|vdroop1=0|batoilo=0|batoilo2=0|batt_vs=30396|mdis_morepower=0|thb_hda=51|cp_on_chip_0=35000|cp_on_chip_1=36000|G3D=36000|cp_on_chip_2=36000|cp_on_chip_3=34000|cp_on_chip_4=34000|rf2_therm=32000|rf1_therm=33000|ISP=35000|TPU=36000|AUR=35000|rfpa_therm=31661|quiet_therm=32195|charging_therm=33998|,ok,39000,37000,0,37000,1,batched,touched,4096,4096,7,1,3933797,4096,724488,0,4,4,ok
1,10,nvhe,4,1065000,1945000,38000,39000,BIG=36000|MID=37000|usb_pwr_therm=29991|btmspkr_therm=29947|disp_therm=29991|north_therm=30793|soc_therm=33909|battery=30400|battery_cycle=5|dc-mains=34500|usbc-therm-adc=345|max77779fg=30400|LITTLE=36000|soc=8|smpl_gm=0|vdroop1=0|batoilo=0|batoilo2=0|batt_vs=30395|mdis_morepower=0|thb_hda=51|cp_on_chip_0=35000|cp_on_chip_1=36000|G3D=37000|cp_on_chip_2=36000|cp_on_chip_3=34000|cp_on_chip_4=34000|rf2_therm=32000|rf1_therm=33000|ISP=35000|TPU=36000|AUR=35000|rfpa_therm=31661|quiet_therm=32195|charging_therm=33998|,BIG=36000|MID=37000|usb_pwr_therm=29991|btmspkr_therm=29969|disp_therm=29991|north_therm=30793|soc_therm=33931|battery=30400|battery_cycle=5|dc-mains=34500|usbc-therm-adc=345|max77779fg=30400|LITTLE=36000|soc=8|smpl_gm=0|vdroop1=0|batoilo=0|batoilo2=0|batt_vs=30396|mdis_morepower=0|thb_hda=51|cp_on_chip_0=35000|cp_on_chip_1=36000|G3D=36000|cp_on_chip_2=36000|cp_on_chip_3=34000|cp_on_chip_4=34000|rf2_therm=32000|rf1_therm=33000|ISP=35000|TPU=36000|AUR=35000|rfpa_therm=31661|quiet_therm=32195|charging_therm=33998|,ok,39000,37000,0,37000,1,batched,touched,4096,4096,8,1,3971965,4096,573730,0,4,4,ok
1,10,nvhe,4,1065000,1945000,38000,39000,BIG=36000|MID=37000|usb_pwr_therm=29991|btmspkr_therm=29947|disp_therm=29991|north_therm=30793|soc_therm=33909|battery=30400|battery_cycle=5|dc-mains=34500|usbc-therm-adc=345|max77779fg=30400|LITTLE=36000|soc=8|smpl_gm=0|vdroop1=0|batoilo=0|batoilo2=0|batt_vs=30395|mdis_morepower=0|thb_hda=51|cp_on_chip_0=35000|cp_on_chip_1=36000|G3D=37000|cp_on_chip_2=36000|cp_on_chip_3=34000|cp_on_chip_4=34000|rf2_therm=32000|rf1_therm=33000|ISP=35000|TPU=36000|AUR=35000|rfpa_therm=31661|quiet_therm=32195|charging_therm=33998|,BIG=36000|MID=37000|usb_pwr_therm=29991|btmspkr_therm=29969|disp_therm=29991|north_therm=30793|soc_therm=33931|battery=30400|battery_cycle=5|dc-mains=34500|usbc-therm-adc=345|max77779fg=30400|LITTLE=36000|soc=8|smpl_gm=0|vdroop1=0|batoilo=0|batoilo2=0|batt_vs=30396|mdis_morepower=0|thb_hda=51|cp_on_chip_0=35000|cp_on_chip_1=36000|G3D=36000|cp_on_chip_2=36000|cp_on_chip_3=34000|cp_on_chip_4=34000|rf2_therm=32000|rf1_therm=33000|ISP=35000|TPU=36000|AUR=35000|rfpa_therm=31661|quiet_therm=32195|charging_therm=33998|,ok,39000,37000,0,37000,1,batched,touched,4096,4096,9,1,3817423,4096,665731,0,4,4,ok
1,10,nvhe,4,1065000,1945000,38000,39000,BIG=36000|MID=37000|usb_pwr_therm=29991|btmspkr_therm=29947|disp_therm=29991|north_therm=30793|soc_therm=33909|battery=30400|battery_cycle=5|dc-mains=34500|usbc-therm-adc=345|max77779fg=30400|LITTLE=36000|soc=8|smpl_gm=0|vdroop1=0|batoilo=0|batoilo2=0|batt_vs=30395|mdis_morepower=0|thb_hda=51|cp_on_chip_0=35000|cp_on_chip_1=36000|G3D=37000|cp_on_chip_2=36000|cp_on_chip_3=34000|cp_on_chip_4=34000|rf2_therm=32000|rf1_therm=33000|ISP=35000|TPU=36000|AUR=35000|rfpa_therm=31661|quiet_therm=32195|charging_therm=33998|,BIG=36000|MID=37000|usb_pwr_therm=29991|btmspkr_therm=29969|disp_therm=29991|north_therm=30793|soc_therm=33931|battery=30400|battery_cycle=5|dc-mains=34500|usbc-therm-adc=345|max77779fg=30400|LITTLE=36000|soc=8|smpl_gm=0|vdroop1=0|batoilo=0|batoilo2=0|batt_vs=30396|mdis_morepower=0|thb_hda=51|cp_on_chip_0=35000|cp_on_chip_1=36000|G3D=36000|cp_on_chip_2=36000|cp_on_chip_3=34000|cp_on_chip_4=34000|rf2_therm=32000|rf1_therm=33000|ISP=35000|TPU=36000|AUR=35000|rfpa_therm=31661|quiet_therm=32195|charging_therm=33998|,ok,39000,37000,0,37000,1,batched,touched,4096,4096,10,1,3832113,4096,634358,0,4,4,ok
1,10,nvhe,4,1065000,1945000,38000,39000,BIG=36000|MID=37000|usb_pwr_therm=29991|btmspkr_therm=29947|disp_therm=29991|north_therm=30793|soc_therm=33909|battery=30400|battery_cycle=5|dc-mains=34500|usbc-therm-adc=345|max77779fg=30400|LITTLE=36000|soc=8|smpl_gm=0|vdroop1=0|batoilo=0|batoilo2=0|batt_vs=30395|mdis_morepower=0|thb_hda=51|cp_on_chip_0=35000|cp_on_chip_1=36000|G3D=37000|cp_on_chip_2=36000|cp_on_chip_3=34000|cp_on_chip_4=34000|rf2_therm=32000|rf1_therm=33000|ISP=35000|TPU=36000|AUR=35000|rfpa_therm=31661|quiet_therm=32195|charging_therm=33998|,BIG=36000|MID=37000|usb_pwr_therm=29991|btmspkr_therm=29969|disp_therm=29991|north_therm=30793|soc_therm=33931|battery=30400|battery_cycle=5|dc-mains=34500|usbc-therm-adc=345|max77779fg=30400|LITTLE=36000|soc=8|smpl_gm=0|vdroop1=0|batoilo=0|batoilo2=0|batt_vs=30396|mdis_morepower=0|thb_hda=51|cp_on_chip_0=35000|cp_on_chip_1=36000|G3D=36000|cp_on_chip_2=36000|cp_on_chip_3=34000|cp_on_chip_4=34000|rf2_therm=32000|rf1_therm=33000|ISP=35000|TPU=36000|AUR=35000|rfpa_therm=31661|quiet_therm=32195|charging_therm=33998|,ok,39000,37000,0,37000,1,batched,touched,4096,4096,11,1,3939209,4096,628988,0,4,4,ok
1,10,nvhe,4,1065000,1945000,38000,39000,BIG=36000|MID=37000|usb_pwr_therm=29991|btmspkr_therm=29947|disp_therm=29991|north_therm=30793|soc_therm=33909|battery=30400|battery_cycle=5|dc-mains=34500|usbc-therm-adc=345|max77779fg=30400|LITTLE=36000|soc=8|smpl_gm=0|vdroop1=0|batoilo=0|batoilo2=0|batt_vs=30395|mdis_morepower=0|thb_hda=51|cp_on_chip_0=35000|cp_on_chip_1=36000|G3D=37000|cp_on_chip_2=36000|cp_on_chip_3=34000|cp_on_chip_4=34000|rf2_therm=32000|rf1_therm=33000|ISP=35000|TPU=36000|AUR=35000|rfpa_therm=31661|quiet_therm=32195|charging_therm=33998|,BIG=36000|MID=37000|usb_pwr_therm=29991|btmspkr_therm=29969|disp_therm=29991|north_therm=30793|soc_therm=33931|battery=30400|battery_cycle=5|dc-mains=34500|usbc-therm-adc=345|max77779fg=30400|LITTLE=36000|soc=8|smpl_gm=0|vdroop1=0|batoilo=0|batoilo2=0|batt_vs=30396|mdis_morepower=0|thb_hda=51|cp_on_chip_0=35000|cp_on_chip_1=36000|G3D=36000|cp_on_chip_2=36000|cp_on_chip_3=34000|cp_on_chip_4=34000|rf2_therm=32000|rf1_therm=33000|ISP=35000|TPU=36000|AUR=35000|rfpa_therm=31661|quiet_therm=32195|charging_therm=33998|,ok,39000,37000,0,37000,1,batched,touched,4096,4096,12,1,3882040,4096,600871,0,4,4,ok
1,10,nvhe,4,1065000,1945000,38000,39000,BIG=36000|MID=37000|usb_pwr_therm=29991|btmspkr_therm=29947|disp_therm=29991|north_therm=30793|soc_therm=33909|battery=30400|battery_cycle=5|dc-mains=34500|usbc-therm-adc=345|max77779fg=30400|LITTLE=36000|soc=8|smpl_gm=0|vdroop1=0|batoilo=0|batoilo2=0|batt_vs=30395|mdis_morepower=0|thb_hda=51|cp_on_chip_0=35000|cp_on_chip_1=36000|G3D=37000|cp_on_chip_2=36000|cp_on_chip_3=34000|cp_on_chip_4=34000|rf2_therm=32000|rf1_therm=33000|ISP=35000|TPU=36000|AUR=35000|rfpa_therm=31661|quiet_therm=32195|charging_therm=33998|,BIG=36000|MID=37000|usb_pwr_therm=29991|btmspkr_therm=29969|disp_therm=29991|north_therm=30793|soc_therm=33931|battery=30400|battery_cycle=5|dc-mains=34500|usbc-therm-adc=345|max77779fg=30400|LITTLE=36000|soc=8|smpl_gm=0|vdroop1=0|batoilo=0|batoilo2=0|batt_vs=30396|mdis_morepower=0|thb_hda=51|cp_on_chip_0=35000|cp_on_chip_1=36000|G3D=36000|cp_on_chip_2=36000|cp_on_chip_3=34000|cp_on_chip_4=34000|rf2_therm=32000|rf1_therm=33000|ISP=35000|TPU=36000|AUR=35000|rfpa_therm=31661|quiet_therm=32195|charging_therm=33998|,ok,39000,37000,0,37000,1,batched,touched,4096,4096,13,1,3916952,4096,594076,0,4,4,ok
1,10,nvhe,4,1065000,1945000,38000,39000,BIG=36000|MID=37000|usb_pwr_therm=29991|btmspkr_therm=29947|disp_therm=29991|north_therm=30793|soc_therm=33909|battery=30400|battery_cycle=5|dc-mains=34500|usbc-therm-adc=345|max77779fg=30400|LITTLE=36000|soc=8|smpl_gm=0|vdroop1=0|batoilo=0|batoilo2=0|batt_vs=30395|mdis_morepower=0|thb_hda=51|cp_on_chip_0=35000|cp_on_chip_1=36000|G3D=37000|cp_on_chip_2=36000|cp_on_chip_3=34000|cp_on_chip_4=34000|rf2_therm=32000|rf1_therm=33000|ISP=35000|TPU=36000|AUR=35000|rfpa_therm=31661|quiet_therm=32195|charging_therm=33998|,BIG=36000|MID=37000|usb_pwr_therm=29991|btmspkr_therm=29969|disp_therm=29991|north_therm=30793|soc_therm=33931|battery=30400|battery_cycle=5|dc-mains=34500|usbc-therm-adc=345|max77779fg=30400|LITTLE=36000|soc=8|smpl_gm=0|vdroop1=0|batoilo=0|batoilo2=0|batt_vs=30396|mdis_morepower=0|thb_hda=51|cp_on_chip_0=35000|cp_on_chip_1=36000|G3D=36000|cp_on_chip_2=36000|cp_on_chip_3=34000|cp_on_chip_4=34000|rf2_therm=32000|rf1_therm=33000|ISP=35000|TPU=36000|AUR=35000|rfpa_therm=31661|quiet_therm=32195|charging_therm=33998|,ok,39000,37000,0,37000,1,batched,touched,4096,4096,14,1,3822591,4096,545411,0,4,4,ok
1,10,nvhe,4,1065000,1945000,38000,39000,BIG=36000|MID=37000|usb_pwr_therm=29991|btmspkr_therm=29947|disp_therm=29991|north_therm=30793|soc_therm=33909|battery=30400|battery_cycle=5|dc-mains=34500|usbc-therm-adc=345|max77779fg=30400|LITTLE=36000|soc=8|smpl_gm=0|vdroop1=0|batoilo=0|batoilo2=0|batt_vs=30395|mdis_morepower=0|thb_hda=51|cp_on_chip_0=35000|cp_on_chip_1=36000|G3D=37000|cp_on_chip_2=36000|cp_on_chip_3=34000|cp_on_chip_4=34000|rf2_therm=32000|rf1_therm=33000|ISP=35000|TPU=36000|AUR=35000|rfpa_therm=31661|quiet_therm=32195|charging_therm=33998|,BIG=36000|MID=37000|usb_pwr_therm=29991|btmspkr_therm=29969|disp_therm=29991|north_therm=30793|soc_therm=33931|battery=30400|battery_cycle=5|dc-mains=34500|usbc-therm-adc=345|max77779fg=30400|LITTLE=36000|soc=8|smpl_gm=0|vdroop1=0|batoilo=0|batoilo2=0|batt_vs=30396|mdis_morepower=0|thb_hda=51|cp_on_chip_0=35000|cp_on_chip_1=36000|G3D=36000|cp_on_chip_2=36000|cp_on_chip_3=34000|cp_on_chip_4=34000|rf2_therm=32000|rf1_therm=33000|ISP=35000|TPU=36000|AUR=35000|rfpa_therm=31661|quiet_therm=32195|charging_therm=33998|,ok,39000,37000,0,37000,1,batched,touched,4096,4096,15,1,3898234,4096,516032,0,4,4,ok
1,10,nvhe,4,1065000,1945000,38000,39000,BIG=36000|MID=37000|usb_pwr_therm=29991|btmspkr_therm=29947|disp_therm=29991|north_therm=30793|soc_therm=33909|battery=30400|battery_cycle=5|dc-mains=34500|usbc-therm-adc=345|max77779fg=30400|LITTLE=36000|soc=8|smpl_gm=0|vdroop1=0|batoilo=0|batoilo2=0|batt_vs=30395|mdis_morepower=0|thb_hda=51|cp_on_chip_0=35000|cp_on_chip_1=36000|G3D=37000|cp_on_chip_2=36000|cp_on_chip_3=34000|cp_on_chip_4=34000|rf2_therm=32000|rf1_therm=33000|ISP=35000|TPU=36000|AUR=35000|rfpa_therm=31661|quiet_therm=32195|charging_therm=33998|,BIG=36000|MID=37000|usb_pwr_therm=29991|btmspkr_therm=29969|disp_therm=29991|north_therm=30793|soc_therm=33931|battery=30400|battery_cycle=5|dc-mains=34500|usbc-therm-adc=345|max77779fg=30400|LITTLE=36000|soc=8|smpl_gm=0|vdroop1=0|batoilo=0|batoilo2=0|batt_vs=30396|mdis_morepower=0|thb_hda=51|cp_on_chip_0=35000|cp_on_chip_1=36000|G3D=36000|cp_on_chip_2=36000|cp_on_chip_3=34000|cp_on_chip_4=34000|rf2_therm=32000|rf1_therm=33000|ISP=35000|TPU=36000|AUR=35000|rfpa_therm=31661|quiet_therm=32195|charging_therm=33998|,ok,39000,37000,0,37000,1,batched,touched,4096,4096,16,1,3839599,4096,527425,0,4,4,ok
1,10,nvhe,4,1065000,1945000,38000,39000,BIG=36000|MID=37000|usb_pwr_therm=29991|btmspkr_therm=29947|disp_therm=29991|north_therm=30793|soc_therm=33909|battery=30400|battery_cycle=5|dc-mains=34500|usbc-therm-adc=345|max77779fg=30400|LITTLE=36000|soc=8|smpl_gm=0|vdroop1=0|batoilo=0|batoilo2=0|batt_vs=30395|mdis_morepower=0|thb_hda=51|cp_on_chip_0=35000|cp_on_chip_1=36000|G3D=37000|cp_on_chip_2=36000|cp_on_chip_3=34000|cp_on_chip_4=34000|rf2_therm=32000|rf1_therm=33000|ISP=35000|TPU=36000|AUR=35000|rfpa_therm=31661|quiet_therm=32195|charging_therm=33998|,BIG=36000|MID=37000|usb_pwr_therm=29991|btmspkr_therm=29969|disp_therm=29991|north_therm=30793|soc_therm=33931|battery=30400|battery_cycle=5|dc-mains=34500|usbc-therm-adc=345|max77779fg=30400|LITTLE=36000|soc=8|smpl_gm=0|vdroop1=0|batoilo=0|batoilo2=0|batt_vs=30396|mdis_morepower=0|thb_hda=51|cp_on_chip_0=35000|cp_on_chip_1=36000|G3D=36000|cp_on_chip_2=36000|cp_on_chip_3=34000|cp_on_chip_4=34000|rf2_therm=32000|rf1_therm=33000|ISP=35000|TPU=36000|AUR=35000|rfpa_therm=31661|quiet_therm=32195|charging_therm=33998|,ok,39000,37000,0,37000,1,batched,touched,4096,4096,17,1,3817016,4096,520304,0,4,4,ok
1,10,nvhe,4,1065000,1945000,38000,39000,BIG=36000|MID=37000|usb_pwr_therm=29991|btmspkr_therm=29947|disp_therm=29991|north_therm=30793|soc_therm=33909|battery=30400|battery_cycle=5|dc-mains=34500|usbc-therm-adc=345|max77779fg=30400|LITTLE=36000|soc=8|smpl_gm=0|vdroop1=0|batoilo=0|batoilo2=0|batt_vs=30395|mdis_morepower=0|thb_hda=51|cp_on_chip_0=35000|cp_on_chip_1=36000|G3D=37000|cp_on_chip_2=36000|cp_on_chip_3=34000|cp_on_chip_4=34000|rf2_therm=32000|rf1_therm=33000|ISP=35000|TPU=36000|AUR=35000|rfpa_therm=31661|quiet_therm=32195|charging_therm=33998|,BIG=36000|MID=37000|usb_pwr_therm=29991|btmspkr_therm=29969|disp_therm=29991|north_therm=30793|soc_therm=33931|battery=30400|battery_cycle=5|dc-mains=34500|usbc-therm-adc=345|max77779fg=30400|LITTLE=36000|soc=8|smpl_gm=0|vdroop1=0|batoilo=0|batoilo2=0|batt_vs=30396|mdis_morepower=0|thb_hda=51|cp_on_chip_0=35000|cp_on_chip_1=36000|G3D=36000|cp_on_chip_2=36000|cp_on_chip_3=34000|cp_on_chip_4=34000|rf2_therm=32000|rf1_therm=33000|ISP=35000|TPU=36000|AUR=35000|rfpa_therm=31661|quiet_therm=32195|charging_therm=33998|,ok,39000,37000,0,37000,1,batched,touched,4096,4096,18,1,3800374,4096,523356,0,4,4,ok
1,10,nvhe,4,1065000,1945000,38000,39000,BIG=36000|MID=37000|usb_pwr_therm=29991|btmspkr_therm=29947|disp_therm=29991|north_therm=30793|soc_therm=33909|battery=30400|battery_cycle=5|dc-mains=34500|usbc-therm-adc=345|max77779fg=30400|LITTLE=36000|soc=8|smpl_gm=0|vdroop1=0|batoilo=0|batoilo2=0|batt_vs=30395|mdis_morepower=0|thb_hda=51|cp_on_chip_0=35000|cp_on_chip_1=36000|G3D=37000|cp_on_chip_2=36000|cp_on_chip_3=34000|cp_on_chip_4=34000|rf2_therm=32000|rf1_therm=33000|ISP=35000|TPU=36000|AUR=35000|rfpa_therm=31661|quiet_therm=32195|charging_therm=33998|,BIG=36000|MID=37000|usb_pwr_therm=29991|btmspkr_therm=29969|disp_therm=29991|north_therm=30793|soc_therm=33931|battery=30400|battery_cycle=5|dc-mains=34500|usbc-therm-adc=345|max77779fg=30400|LITTLE=36000|soc=8|smpl_gm=0|vdroop1=0|batoilo=0|batoilo2=0|batt_vs=30396|mdis_morepower=0|thb_hda=51|cp_on_chip_0=35000|cp_on_chip_1=36000|G3D=36000|cp_on_chip_2=36000|cp_on_chip_3=34000|cp_on_chip_4=34000|rf2_therm=32000|rf1_therm=33000|ISP=35000|TPU=36000|AUR=35000|rfpa_therm=31661|quiet_therm=32195|charging_therm=33998|,ok,39000,37000,0,37000,1,batched,touched,4096,4096,19,1,3925822,4096,642212,0,4,4,ok
1,10,nvhe,4,1065000,1945000,38000,39000,BIG=36000|MID=37000|usb_pwr_therm=29991|btmspkr_therm=29947|disp_therm=29991|north_therm=30793|soc_therm=33909|battery=30400|battery_cycle=5|dc-mains=34500|usbc-therm-adc=345|max77779fg=30400|LITTLE=36000|soc=8|smpl_gm=0|vdroop1=0|batoilo=0|batoilo2=0|batt_vs=30395|mdis_morepower=0|thb_hda=51|cp_on_chip_0=35000|cp_on_chip_1=36000|G3D=37000|cp_on_chip_2=36000|cp_on_chip_3=34000|cp_on_chip_4=34000|rf2_therm=32000|rf1_therm=33000|ISP=35000|TPU=36000|AUR=35000|rfpa_therm=31661|quiet_therm=32195|charging_therm=33998|,BIG=36000|MID=37000|usb_pwr_therm=29991|btmspkr_therm=29969|disp_therm=29991|north_therm=30793|soc_therm=33931|battery=30400|battery_cycle=5|dc-mains=34500|usbc-therm-adc=345|max77779fg=30400|LITTLE=36000|soc=8|smpl_gm=0|vdroop1=0|batoilo=0|batoilo2=0|batt_vs=30396|mdis_morepower=0|thb_hda=51|cp_on_chip_0=35000|cp_on_chip_1=36000|G3D=36000|cp_on_chip_2=36000|cp_on_chip_3=34000|cp_on_chip_4=34000|rf2_therm=32000|rf1_therm=33000|ISP=35000|TPU=36000|AUR=35000|rfpa_therm=31661|quiet_therm=32195|charging_therm=33998|,ok,39000,37000,0,37000,1,batched,touched,4096,4096,20,1,3824829,4096,556152,0,4,4,ok
1,10,nvhe,4,1065000,1945000,38000,39000,BIG=36000|MID=37000|usb_pwr_therm=29991|btmspkr_therm=29947|disp_therm=29991|north_therm=30793|soc_therm=33909|battery=30400|battery_cycle=5|dc-mains=34500|usbc-therm-adc=345|max77779fg=30400|LITTLE=36000|soc=8|smpl_gm=0|vdroop1=0|batoilo=0|batoilo2=0|batt_vs=30395|mdis_morepower=0|thb_hda=51|cp_on_chip_0=35000|cp_on_chip_1=36000|G3D=37000|cp_on_chip_2=36000|cp_on_chip_3=34000|cp_on_chip_4=34000|rf2_therm=32000|rf1_therm=33000|ISP=35000|TPU=36000|AUR=35000|rfpa_therm=31661|quiet_therm=32195|charging_therm=33998|,BIG=36000|MID=37000|usb_pwr_therm=29991|btmspkr_therm=29969|disp_therm=29991|north_therm=30793|soc_therm=33931|battery=30400|battery_cycle=5|dc-mains=34500|usbc-therm-adc=345|max77779fg=30400|LITTLE=36000|soc=8|smpl_gm=0|vdroop1=0|batoilo=0|batoilo2=0|batt_vs=30396|mdis_morepower=0|thb_hda=51|cp_on_chip_0=35000|cp_on_chip_1=36000|G3D=36000|cp_on_chip_2=36000|cp_on_chip_3=34000|cp_on_chip_4=34000|rf2_therm=32000|rf1_therm=33000|ISP=35000|TPU=36000|AUR=35000|rfpa_therm=31661|quiet_therm=32195|charging_therm=33998|,ok,39000,37000,0,37000,1,batched,touched,4096,4096,21,1,3941569,4096,517823,0,4,4,ok
1,10,nvhe,4,1065000,1945000,38000,39000,BIG=36000|MID=37000|usb_pwr_therm=29991|btmspkr_therm=29947|disp_therm=29991|north_therm=30793|soc_therm=33909|battery=30400|battery_cycle=5|dc-mains=34500|usbc-therm-adc=345|max77779fg=30400|LITTLE=36000|soc=8|smpl_gm=0|vdroop1=0|batoilo=0|batoilo2=0|batt_vs=30395|mdis_morepower=0|thb_hda=51|cp_on_chip_0=35000|cp_on_chip_1=36000|G3D=37000|cp_on_chip_2=36000|cp_on_chip_3=34000|cp_on_chip_4=34000|rf2_therm=32000|rf1_therm=33000|ISP=35000|TPU=36000|AUR=35000|rfpa_therm=31661|quiet_therm=32195|charging_therm=33998|,BIG=36000|MID=37000|usb_pwr_therm=29991|btmspkr_therm=29969|disp_therm=29991|north_therm=30793|soc_therm=33931|battery=30400|battery_cycle=5|dc-mains=34500|usbc-therm-adc=345|max77779fg=30400|LITTLE=36000|soc=8|smpl_gm=0|vdroop1=0|batoilo=0|batoilo2=0|batt_vs=30396|mdis_morepower=0|thb_hda=51|cp_on_chip_0=35000|cp_on_chip_1=36000|G3D=36000|cp_on_chip_2=36000|cp_on_chip_3=34000|cp_on_chip_4=34000|rf2_therm=32000|rf1_therm=33000|ISP=35000|TPU=36000|AUR=35000|rfpa_therm=31661|quiet_therm=32195|charging_therm=33998|,ok,39000,37000,0,37000,1,batched,touched,4096,4096,22,1,3859823,4096,578328,0,4,4,ok
1,10,nvhe,4,1065000,1945000,38000,39000,BIG=36000|MID=37000|usb_pwr_therm=29991|btmspkr_therm=29947|disp_therm=29991|north_therm=30793|soc_therm=33909|battery=30400|battery_cycle=5|dc-mains=34500|usbc-therm-adc=345|max77779fg=30400|LITTLE=36000|soc=8|smpl_gm=0|vdroop1=0|batoilo=0|batoilo2=0|batt_vs=30395|mdis_morepower=0|thb_hda=51|cp_on_chip_0=35000|cp_on_chip_1=36000|G3D=37000|cp_on_chip_2=36000|cp_on_chip_3=34000|cp_on_chip_4=34000|rf2_therm=32000|rf1_therm=33000|ISP=35000|TPU=36000|AUR=35000|rfpa_therm=31661|quiet_therm=32195|charging_therm=33998|,BIG=36000|MID=37000|usb_pwr_therm=29991|btmspkr_therm=29969|disp_therm=29991|north_therm=30793|soc_therm=33931|battery=30400|battery_cycle=5|dc-mains=34500|usbc-therm-adc=345|max77779fg=30400|LITTLE=36000|soc=8|smpl_gm=0|vdroop1=0|batoilo=0|batoilo2=0|batt_vs=30396|mdis_morepower=0|thb_hda=51|cp_on_chip_0=35000|cp_on_chip_1=36000|G3D=36000|cp_on_chip_2=36000|cp_on_chip_3=34000|cp_on_chip_4=34000|rf2_therm=32000|rf1_therm=33000|ISP=35000|TPU=36000|AUR=35000|rfpa_therm=31661|quiet_therm=32195|charging_therm=33998|,ok,39000,37000,0,37000,1,batched,touched,4096,4096,23,1,3962565,4096,582642,0,4,4,ok
1,10,nvhe,4,1065000,1945000,38000,39000,BIG=36000|MID=37000|usb_pwr_therm=29991|btmspkr_therm=29947|disp_therm=29991|north_therm=30793|soc_therm=33909|battery=30400|battery_cycle=5|dc-mains=34500|usbc-therm-adc=345|max77779fg=30400|LITTLE=36000|soc=8|smpl_gm=0|vdroop1=0|batoilo=0|batoilo2=0|batt_vs=30395|mdis_morepower=0|thb_hda=51|cp_on_chip_0=35000|cp_on_chip_1=36000|G3D=37000|cp_on_chip_2=36000|cp_on_chip_3=34000|cp_on_chip_4=34000|rf2_therm=32000|rf1_therm=33000|ISP=35000|TPU=36000|AUR=35000|rfpa_therm=31661|quiet_therm=32195|charging_therm=33998|,BIG=36000|MID=37000|usb_pwr_therm=29991|btmspkr_therm=29969|disp_therm=29991|north_therm=30793|soc_therm=33931|battery=30400|battery_cycle=5|dc-mains=34500|usbc-therm-adc=345|max77779fg=30400|LITTLE=36000|soc=8|smpl_gm=0|vdroop1=0|batoilo=0|batoilo2=0|batt_vs=30396|mdis_morepower=0|thb_hda=51|cp_on_chip_0=35000|cp_on_chip_1=36000|G3D=36000|cp_on_chip_2=36000|cp_on_chip_3=34000|cp_on_chip_4=34000|rf2_therm=32000|rf1_therm=33000|ISP=35000|TPU=36000|AUR=35000|rfpa_therm=31661|quiet_therm=32195|charging_therm=33998|,ok,39000,37000,0,37000,1,batched,touched,4096,4096,24,1,3920207,4096,589477,0,4,4,ok
1,10,nvhe,4,1065000,1945000,38000,39000,BIG=36000|MID=37000|usb_pwr_therm=29991|btmspkr_therm=29947|disp_therm=29991|north_therm=30793|soc_therm=33909|battery=30400|battery_cycle=5|dc-mains=34500|usbc-therm-adc=345|max77779fg=30400|LITTLE=36000|soc=8|smpl_gm=0|vdroop1=0|batoilo=0|batoilo2=0|batt_vs=30395|mdis_morepower=0|thb_hda=51|cp_on_chip_0=35000|cp_on_chip_1=36000|G3D=37000|cp_on_chip_2=36000|cp_on_chip_3=34000|cp_on_chip_4=34000|rf2_therm=32000|rf1_therm=33000|ISP=35000|TPU=36000|AUR=35000|rfpa_therm=31661|quiet_therm=32195|charging_therm=33998|,BIG=36000|MID=37000|usb_pwr_therm=29991|btmspkr_therm=29969|disp_therm=29991|north_therm=30793|soc_therm=33931|battery=30400|battery_cycle=5|dc-mains=34500|usbc-therm-adc=345|max77779fg=30400|LITTLE=36000|soc=8|smpl_gm=0|vdroop1=0|batoilo=0|batoilo2=0|batt_vs=30396|mdis_morepower=0|thb_hda=51|cp_on_chip_0=35000|cp_on_chip_1=36000|G3D=36000|cp_on_chip_2=36000|cp_on_chip_3=34000|cp_on_chip_4=34000|rf2_therm=32000|rf1_therm=33000|ISP=35000|TPU=36000|AUR=35000|rfpa_therm=31661|quiet_therm=32195|charging_therm=33998|,ok,39000,37000,0,37000,1,batched,touched,4096,4096,25,1,3870931,4096,571045,0,4,4,ok
1,10,nvhe,4,1065000,1945000,38000,39000,BIG=36000|MID=37000|usb_pwr_therm=29991|btmspkr_therm=29947|disp_therm=29991|north_therm=30793|soc_therm=33909|battery=30400|battery_cycle=5|dc-mains=34500|usbc-therm-adc=345|max77779fg=30400|LITTLE=36000|soc=8|smpl_gm=0|vdroop1=0|batoilo=0|batoilo2=0|batt_vs=30395|mdis_morepower=0|thb_hda=51|cp_on_chip_0=35000|cp_on_chip_1=36000|G3D=37000|cp_on_chip_2=36000|cp_on_chip_3=34000|cp_on_chip_4=34000|rf2_therm=32000|rf1_therm=33000|ISP=35000|TPU=36000|AUR=35000|rfpa_therm=31661|quiet_therm=32195|charging_therm=33998|,BIG=36000|MID=37000|usb_pwr_therm=29991|btmspkr_therm=29969|disp_therm=29991|north_therm=30793|soc_therm=33931|battery=30400|battery_cycle=5|dc-mains=34500|usbc-therm-adc=345|max77779fg=30400|LITTLE=36000|soc=8|smpl_gm=0|vdroop1=0|batoilo=0|batoilo2=0|batt_vs=30396|mdis_morepower=0|thb_hda=51|cp_on_chip_0=35000|cp_on_chip_1=36000|G3D=36000|cp_on_chip_2=36000|cp_on_chip_3=34000|cp_on_chip_4=34000|rf2_therm=32000|rf1_therm=33000|ISP=35000|TPU=36000|AUR=35000|rfpa_therm=31661|quiet_therm=32195|charging_therm=33998|,ok,39000,37000,0,37000,1,batched,touched,4096,4096,26,1,3917969,4096,588053,0,4,4,ok
1,10,nvhe,4,1065000,1945000,38000,39000,BIG=36000|MID=37000|usb_pwr_therm=29991|btmspkr_therm=29947|disp_therm=29991|north_therm=30793|soc_therm=33909|battery=30400|battery_cycle=5|dc-mains=34500|usbc-therm-adc=345|max77779fg=30400|LITTLE=36000|soc=8|smpl_gm=0|vdroop1=0|batoilo=0|batoilo2=0|batt_vs=30395|mdis_morepower=0|thb_hda=51|cp_on_chip_0=35000|cp_on_chip_1=36000|G3D=37000|cp_on_chip_2=36000|cp_on_chip_3=34000|cp_on_chip_4=34000|rf2_therm=32000|rf1_therm=33000|ISP=35000|TPU=36000|AUR=35000|rfpa_therm=31661|quiet_therm=32195|charging_therm=33998|,BIG=36000|MID=37000|usb_pwr_therm=29991|btmspkr_therm=29969|disp_therm=29991|north_therm=30793|soc_therm=33931|battery=30400|battery_cycle=5|dc-mains=34500|usbc-therm-adc=345|max77779fg=30400|LITTLE=36000|soc=8|smpl_gm=0|vdroop1=0|batoilo=0|batoilo2=0|batt_vs=30396|mdis_morepower=0|thb_hda=51|cp_on_chip_0=35000|cp_on_chip_1=36000|G3D=36000|cp_on_chip_2=36000|cp_on_chip_3=34000|cp_on_chip_4=34000|rf2_therm=32000|rf1_therm=33000|ISP=35000|TPU=36000|AUR=35000|rfpa_therm=31661|quiet_therm=32195|charging_therm=33998|,ok,39000,37000,0,37000,1,batched,touched,4096,4096,27,1,3950724,4096,587524,0,4,4,ok
1,10,nvhe,4,1065000,1945000,38000,39000,BIG=36000|MID=37000|usb_pwr_therm=29991|btmspkr_therm=29947|disp_therm=29991|north_therm=30793|soc_therm=33909|battery=30400|battery_cycle=5|dc-mains=34500|usbc-therm-adc=345|max77779fg=30400|LITTLE=36000|soc=8|smpl_gm=0|vdroop1=0|batoilo=0|batoilo2=0|batt_vs=30395|mdis_morepower=0|thb_hda=51|cp_on_chip_0=35000|cp_on_chip_1=36000|G3D=37000|cp_on_chip_2=36000|cp_on_chip_3=34000|cp_on_chip_4=34000|rf2_therm=32000|rf1_therm=33000|ISP=35000|TPU=36000|AUR=35000|rfpa_therm=31661|quiet_therm=32195|charging_therm=33998|,BIG=36000|MID=37000|usb_pwr_therm=29991|btmspkr_therm=29969|disp_therm=29991|north_therm=30793|soc_therm=33931|battery=30400|battery_cycle=5|dc-mains=34500|usbc-therm-adc=345|max77779fg=30400|LITTLE=36000|soc=8|smpl_gm=0|vdroop1=0|batoilo=0|batoilo2=0|batt_vs=30396|mdis_morepower=0|thb_hda=51|cp_on_chip_0=35000|cp_on_chip_1=36000|G3D=36000|cp_on_chip_2=36000|cp_on_chip_3=34000|cp_on_chip_4=34000|rf2_therm=32000|rf1_therm=33000|ISP=35000|TPU=36000|AUR=35000|rfpa_therm=31661|quiet_therm=32195|charging_therm=33998|,ok,39000,37000,0,37000,1,batched,touched,4096,4096,28,1,3980428,4096,509318,0,4,4,ok
1,10,nvhe,4,1065000,1945000,38000,39000,BIG=36000|MID=37000|usb_pwr_therm=29991|btmspkr_therm=29947|disp_therm=29991|north_therm=30793|soc_therm=33909|battery=30400|battery_cycle=5|dc-mains=34500|usbc-therm-adc=345|max77779fg=30400|LITTLE=36000|soc=8|smpl_gm=0|vdroop1=0|batoilo=0|batoilo2=0|batt_vs=30395|mdis_morepower=0|thb_hda=51|cp_on_chip_0=35000|cp_on_chip_1=36000|G3D=37000|cp_on_chip_2=36000|cp_on_chip_3=34000|cp_on_chip_4=34000|rf2_therm=32000|rf1_therm=33000|ISP=35000|TPU=36000|AUR=35000|rfpa_therm=31661|quiet_therm=32195|charging_therm=33998|,BIG=36000|MID=37000|usb_pwr_therm=29991|btmspkr_therm=29969|disp_therm=29991|north_therm=30793|soc_therm=33931|battery=30400|battery_cycle=5|dc-mains=34500|usbc-therm-adc=345|max77779fg=30400|LITTLE=36000|soc=8|smpl_gm=0|vdroop1=0|batoilo=0|batoilo2=0|batt_vs=30396|mdis_morepower=0|thb_hda=51|cp_on_chip_0=35000|cp_on_chip_1=36000|G3D=36000|cp_on_chip_2=36000|cp_on_chip_3=34000|cp_on_chip_4=34000|rf2_therm=32000|rf1_therm=33000|ISP=35000|TPU=36000|AUR=35000|rfpa_therm=31661|quiet_therm=32195|charging_therm=33998|,ok,39000,37000,0,37000,1,batched,touched,4096,4096,29,1,3890747,4096,520793,0,4,4,ok
1,11,nvhe,4,578000,1795000,39000,39000,BIG=36000|MID=36000|usb_pwr_therm=29991|btmspkr_therm=29969|disp_therm=29947|north_therm=30793|soc_therm=33931|battery=30400|battery_cycle=5|dc-mains=34500|usbc-therm-adc=340|max77779fg=30400|LITTLE=37000|soc=8|smpl_gm=0|vdroop1=0|batoilo=0|batoilo2=0|batt_vs=30395|mdis_morepower=0|thb_hda=51|cp_on_chip_0=35000|cp_on_chip_1=36000|G3D=35000|cp_on_chip_2=36000|cp_on_chip_3=34000|cp_on_chip_4=34000|rf2_therm=32000|rf1_therm=33000|ISP=35000|TPU=35000|AUR=35000|rfpa_therm=31639|quiet_therm=32217|charging_therm=33998|,BIG=36000|MID=37000|usb_pwr_therm=29991|btmspkr_therm=29969|disp_therm=29947|north_therm=30793|soc_therm=33931|battery=30400|battery_cycle=5|dc-mains=34000|usbc-therm-adc=340|max77779fg=30400|LITTLE=37000|soc=8|smpl_gm=0|vdroop1=0|batoilo=0|batoilo2=0|batt_vs=30396|mdis_morepower=0|thb_hda=51|cp_on_chip_0=35000|cp_on_chip_1=36000|G3D=36000|cp_on_chip_2=36000|cp_on_chip_3=34000|cp_on_chip_4=34000|rf2_therm=32000|rf1_therm=33000|ISP=34000|TPU=35000|AUR=35000|rfpa_therm=31639|quiet_therm=32217|charging_therm=33998|,ok,39000,40000,5,38000,1,batched,untouched,4096,2048,0,1,11434,0,2197,0,4,4,ok
1,11,nvhe,4,578000,1795000,39000,39000,BIG=36000|MID=36000|usb_pwr_therm=29991|btmspkr_therm=29969|disp_therm=29947|north_therm=30793|soc_therm=33931|battery=30400|battery_cycle=5|dc-mains=34500|usbc-therm-adc=340|max77779fg=30400|LITTLE=37000|soc=8|smpl_gm=0|vdroop1=0|batoilo=0|batoilo2=0|batt_vs=30395|mdis_morepower=0|thb_hda=51|cp_on_chip_0=35000|cp_on_chip_1=36000|G3D=35000|cp_on_chip_2=36000|cp_on_chip_3=34000|cp_on_chip_4=34000|rf2_therm=32000|rf1_therm=33000|ISP=35000|TPU=35000|AUR=35000|rfpa_therm=31639|quiet_therm=32217|charging_therm=33998|,BIG=36000|MID=37000|usb_pwr_therm=29991|btmspkr_therm=29969|disp_therm=29947|north_therm=30793|soc_therm=33931|battery=30400|battery_cycle=5|dc-mains=34000|usbc-therm-adc=340|max77779fg=30400|LITTLE=37000|soc=8|smpl_gm=0|vdroop1=0|batoilo=0|batoilo2=0|batt_vs=30396|mdis_morepower=0|thb_hda=51|cp_on_chip_0=35000|cp_on_chip_1=36000|G3D=36000|cp_on_chip_2=36000|cp_on_chip_3=34000|cp_on_chip_4=34000|rf2_therm=32000|rf1_therm=33000|ISP=34000|TPU=35000|AUR=35000|rfpa_therm=31639|quiet_therm=32217|charging_therm=33998|,ok,39000,40000,5,38000,1,batched,untouched,4096,2048,1,1,4476,0,774,0,4,4,ok
1,11,nvhe,4,578000,1795000,39000,39000,BIG=36000|MID=36000|usb_pwr_therm=29991|btmspkr_therm=29969|disp_therm=29947|north_therm=30793|soc_therm=33931|battery=30400|battery_cycle=5|dc-mains=34500|usbc-therm-adc=340|max77779fg=30400|LITTLE=37000|soc=8|smpl_gm=0|vdroop1=0|batoilo=0|batoilo2=0|batt_vs=30395|mdis_morepower=0|thb_hda=51|cp_on_chip_0=35000|cp_on_chip_1=36000|G3D=35000|cp_on_chip_2=36000|cp_on_chip_3=34000|cp_on_chip_4=34000|rf2_therm=32000|rf1_therm=33000|ISP=35000|TPU=35000|AUR=35000|rfpa_therm=31639|quiet_therm=32217|charging_therm=33998|,BIG=36000|MID=37000|usb_pwr_therm=29991|btmspkr_therm=29969|disp_therm=29947|north_therm=30793|soc_therm=33931|battery=30400|battery_cycle=5|dc-mains=34000|usbc-therm-adc=340|max77779fg=30400|LITTLE=37000|soc=8|smpl_gm=0|vdroop1=0|batoilo=0|batoilo2=0|batt_vs=30396|mdis_morepower=0|thb_hda=51|cp_on_chip_0=35000|cp_on_chip_1=36000|G3D=36000|cp_on_chip_2=36000|cp_on_chip_3=34000|cp_on_chip_4=34000|rf2_therm=32000|rf1_therm=33000|ISP=34000|TPU=35000|AUR=35000|rfpa_therm=31639|quiet_therm=32217|charging_therm=33998|,ok,39000,40000,5,38000,1,batched,untouched,4096,2048,2,1,4232,0,733,0,4,4,ok
1,11,nvhe,4,578000,1795000,39000,39000,BIG=36000|MID=36000|usb_pwr_therm=29991|btmspkr_therm=29969|disp_therm=29947|north_therm=30793|soc_therm=33931|battery=30400|battery_cycle=5|dc-mains=34500|usbc-therm-adc=340|max77779fg=30400|LITTLE=37000|soc=8|smpl_gm=0|vdroop1=0|batoilo=0|batoilo2=0|batt_vs=30395|mdis_morepower=0|thb_hda=51|cp_on_chip_0=35000|cp_on_chip_1=36000|G3D=35000|cp_on_chip_2=36000|cp_on_chip_3=34000|cp_on_chip_4=34000|rf2_therm=32000|rf1_therm=33000|ISP=35000|TPU=35000|AUR=35000|rfpa_therm=31639|quiet_therm=32217|charging_therm=33998|,BIG=36000|MID=37000|usb_pwr_therm=29991|btmspkr_therm=29969|disp_therm=29947|north_therm=30793|soc_therm=33931|battery=30400|battery_cycle=5|dc-mains=34000|usbc-therm-adc=340|max77779fg=30400|LITTLE=37000|soc=8|smpl_gm=0|vdroop1=0|batoilo=0|batoilo2=0|batt_vs=30396|mdis_morepower=0|thb_hda=51|cp_on_chip_0=35000|cp_on_chip_1=36000|G3D=36000|cp_on_chip_2=36000|cp_on_chip_3=34000|cp_on_chip_4=34000|rf2_therm=32000|rf1_therm=33000|ISP=34000|TPU=35000|AUR=35000|rfpa_therm=31639|quiet_therm=32217|charging_therm=33998|,ok,39000,40000,5,38000,1,batched,untouched,4096,2048,3,1,3540,0,692,0,4,4,ok
1,11,nvhe,4,578000,1795000,39000,39000,BIG=36000|MID=36000|usb_pwr_therm=29991|btmspkr_therm=29969|disp_therm=29947|north_therm=30793|soc_therm=33931|battery=30400|battery_cycle=5|dc-mains=34500|usbc-therm-adc=340|max77779fg=30400|LITTLE=37000|soc=8|smpl_gm=0|vdroop1=0|batoilo=0|batoilo2=0|batt_vs=30395|mdis_morepower=0|thb_hda=51|cp_on_chip_0=35000|cp_on_chip_1=36000|G3D=35000|cp_on_chip_2=36000|cp_on_chip_3=34000|cp_on_chip_4=34000|rf2_therm=32000|rf1_therm=33000|ISP=35000|TPU=35000|AUR=35000|rfpa_therm=31639|quiet_therm=32217|charging_therm=33998|,BIG=36000|MID=37000|usb_pwr_therm=29991|btmspkr_therm=29969|disp_therm=29947|north_therm=30793|soc_therm=33931|battery=30400|battery_cycle=5|dc-mains=34000|usbc-therm-adc=340|max77779fg=30400|LITTLE=37000|soc=8|smpl_gm=0|vdroop1=0|batoilo=0|batoilo2=0|batt_vs=30396|mdis_morepower=0|thb_hda=51|cp_on_chip_0=35000|cp_on_chip_1=36000|G3D=36000|cp_on_chip_2=36000|cp_on_chip_3=34000|cp_on_chip_4=34000|rf2_therm=32000|rf1_therm=33000|ISP=34000|TPU=35000|AUR=35000|rfpa_therm=31639|quiet_therm=32217|charging_therm=33998|,ok,39000,40000,5,38000,1,batched,untouched,4096,2048,4,1,2849,0,691,0,4,4,ok
1,11,nvhe,4,578000,1795000,39000,39000,BIG=36000|MID=36000|usb_pwr_therm=29991|btmspkr_therm=29969|disp_therm=29947|north_therm=30793|soc_therm=33931|battery=30400|battery_cycle=5|dc-mains=34500|usbc-therm-adc=340|max77779fg=30400|LITTLE=37000|soc=8|smpl_gm=0|vdroop1=0|batoilo=0|batoilo2=0|batt_vs=30395|mdis_morepower=0|thb_hda=51|cp_on_chip_0=35000|cp_on_chip_1=36000|G3D=35000|cp_on_chip_2=36000|cp_on_chip_3=34000|cp_on_chip_4=34000|rf2_therm=32000|rf1_therm=33000|ISP=35000|TPU=35000|AUR=35000|rfpa_therm=31639|quiet_therm=32217|charging_therm=33998|,BIG=36000|MID=37000|usb_pwr_therm=29991|btmspkr_therm=29969|disp_therm=29947|north_therm=30793|soc_therm=33931|battery=30400|battery_cycle=5|dc-mains=34000|usbc-therm-adc=340|max77779fg=30400|LITTLE=37000|soc=8|smpl_gm=0|vdroop1=0|batoilo=0|batoilo2=0|batt_vs=30396|mdis_morepower=0|thb_hda=51|cp_on_chip_0=35000|cp_on_chip_1=36000|G3D=36000|cp_on_chip_2=36000|cp_on_chip_3=34000|cp_on_chip_4=34000|rf2_therm=32000|rf1_therm=33000|ISP=34000|TPU=35000|AUR=35000|rfpa_therm=31639|quiet_therm=32217|charging_therm=33998|,ok,39000,40000,5,38000,1,batched,untouched,4096,2048,5,1,3662,0,692,0,4,4,ok
1,11,nvhe,4,578000,1795000,39000,39000,BIG=36000|MID=36000|usb_pwr_therm=29991|btmspkr_therm=29969|disp_therm=29947|north_therm=30793|soc_therm=33931|battery=30400|battery_cycle=5|dc-mains=34500|usbc-therm-adc=340|max77779fg=30400|LITTLE=37000|soc=8|smpl_gm=0|vdroop1=0|batoilo=0|batoilo2=0|batt_vs=30395|mdis_morepower=0|thb_hda=51|cp_on_chip_0=35000|cp_on_chip_1=36000|G3D=35000|cp_on_chip_2=36000|cp_on_chip_3=34000|cp_on_chip_4=34000|rf2_therm=32000|rf1_therm=33000|ISP=35000|TPU=35000|AUR=35000|rfpa_therm=31639|quiet_therm=32217|charging_therm=33998|,BIG=36000|MID=37000|usb_pwr_therm=29991|btmspkr_therm=29969|disp_therm=29947|north_therm=30793|soc_therm=33931|battery=30400|battery_cycle=5|dc-mains=34000|usbc-therm-adc=340|max77779fg=30400|LITTLE=37000|soc=8|smpl_gm=0|vdroop1=0|batoilo=0|batoilo2=0|batt_vs=30396|mdis_morepower=0|thb_hda=51|cp_on_chip_0=35000|cp_on_chip_1=36000|G3D=36000|cp_on_chip_2=36000|cp_on_chip_3=34000|cp_on_chip_4=34000|rf2_therm=32000|rf1_therm=33000|ISP=34000|TPU=35000|AUR=35000|rfpa_therm=31639|quiet_therm=32217|charging_therm=33998|,ok,39000,40000,5,38000,1,batched,untouched,4096,2048,6,1,2523,0,692,0,4,4,ok
1,11,nvhe,4,578000,1795000,39000,39000,BIG=36000|MID=36000|usb_pwr_therm=29991|btmspkr_therm=29969|disp_therm=29947|north_therm=30793|soc_therm=33931|battery=30400|battery_cycle=5|dc-mains=34500|usbc-therm-adc=340|max77779fg=30400|LITTLE=37000|soc=8|smpl_gm=0|vdroop1=0|batoilo=0|batoilo2=0|batt_vs=30395|mdis_morepower=0|thb_hda=51|cp_on_chip_0=35000|cp_on_chip_1=36000|G3D=35000|cp_on_chip_2=36000|cp_on_chip_3=34000|cp_on_chip_4=34000|rf2_therm=32000|rf1_therm=33000|ISP=35000|TPU=35000|AUR=35000|rfpa_therm=31639|quiet_therm=32217|charging_therm=33998|,BIG=36000|MID=37000|usb_pwr_therm=29991|btmspkr_therm=29969|disp_therm=29947|north_therm=30793|soc_therm=33931|battery=30400|battery_cycle=5|dc-mains=34000|usbc-therm-adc=340|max77779fg=30400|LITTLE=37000|soc=8|smpl_gm=0|vdroop1=0|batoilo=0|batoilo2=0|batt_vs=30396|mdis_morepower=0|thb_hda=51|cp_on_chip_0=35000|cp_on_chip_1=36000|G3D=36000|cp_on_chip_2=36000|cp_on_chip_3=34000|cp_on_chip_4=34000|rf2_therm=32000|rf1_therm=33000|ISP=34000|TPU=35000|AUR=35000|rfpa_therm=31639|quiet_therm=32217|charging_therm=33998|,ok,39000,40000,5,38000,1,batched,untouched,4096,2048,7,1,3336,0,692,0,4,4,ok
1,11,nvhe,4,578000,1795000,39000,39000,BIG=36000|MID=36000|usb_pwr_therm=29991|btmspkr_therm=29969|disp_therm=29947|north_therm=30793|soc_therm=33931|battery=30400|battery_cycle=5|dc-mains=34500|usbc-therm-adc=340|max77779fg=30400|LITTLE=37000|soc=8|smpl_gm=0|vdroop1=0|batoilo=0|batoilo2=0|batt_vs=30395|mdis_morepower=0|thb_hda=51|cp_on_chip_0=35000|cp_on_chip_1=36000|G3D=35000|cp_on_chip_2=36000|cp_on_chip_3=34000|cp_on_chip_4=34000|rf2_therm=32000|rf1_therm=33000|ISP=35000|TPU=35000|AUR=35000|rfpa_therm=31639|quiet_therm=32217|charging_therm=33998|,BIG=36000|MID=37000|usb_pwr_therm=29991|btmspkr_therm=29969|disp_therm=29947|north_therm=30793|soc_therm=33931|battery=30400|battery_cycle=5|dc-mains=34000|usbc-therm-adc=340|max77779fg=30400|LITTLE=37000|soc=8|smpl_gm=0|vdroop1=0|batoilo=0|batoilo2=0|batt_vs=30396|mdis_morepower=0|thb_hda=51|cp_on_chip_0=35000|cp_on_chip_1=36000|G3D=36000|cp_on_chip_2=36000|cp_on_chip_3=34000|cp_on_chip_4=34000|rf2_therm=32000|rf1_therm=33000|ISP=34000|TPU=35000|AUR=35000|rfpa_therm=31639|quiet_therm=32217|charging_therm=33998|,ok,39000,40000,5,38000,1,batched,untouched,4096,2048,8,1,3418,0,692,0,4,4,ok
1,11,nvhe,4,578000,1795000,39000,39000,BIG=36000|MID=36000|usb_pwr_therm=29991|btmspkr_therm=29969|disp_therm=29947|north_therm=30793|soc_therm=33931|battery=30400|battery_cycle=5|dc-mains=34500|usbc-therm-adc=340|max77779fg=30400|LITTLE=37000|soc=8|smpl_gm=0|vdroop1=0|batoilo=0|batoilo2=0|batt_vs=30395|mdis_morepower=0|thb_hda=51|cp_on_chip_0=35000|cp_on_chip_1=36000|G3D=35000|cp_on_chip_2=36000|cp_on_chip_3=34000|cp_on_chip_4=34000|rf2_therm=32000|rf1_therm=33000|ISP=35000|TPU=35000|AUR=35000|rfpa_therm=31639|quiet_therm=32217|charging_therm=33998|,BIG=36000|MID=37000|usb_pwr_therm=29991|btmspkr_therm=29969|disp_therm=29947|north_therm=30793|soc_therm=33931|battery=30400|battery_cycle=5|dc-mains=34000|usbc-therm-adc=340|max77779fg=30400|LITTLE=37000|soc=8|smpl_gm=0|vdroop1=0|batoilo=0|batoilo2=0|batt_vs=30396|mdis_morepower=0|thb_hda=51|cp_on_chip_0=35000|cp_on_chip_1=36000|G3D=36000|cp_on_chip_2=36000|cp_on_chip_3=34000|cp_on_chip_4=34000|rf2_therm=32000|rf1_therm=33000|ISP=34000|TPU=35000|AUR=35000|rfpa_therm=31639|quiet_therm=32217|charging_therm=33998|,ok,39000,40000,5,38000,1,batched,untouched,4096,2048,9,1,3378,0,692,0,4,4,ok
1,11,nvhe,4,578000,1795000,39000,39000,BIG=36000|MID=36000|usb_pwr_therm=29991|btmspkr_therm=29969|disp_therm=29947|north_therm=30793|soc_therm=33931|battery=30400|battery_cycle=5|dc-mains=34500|usbc-therm-adc=340|max77779fg=30400|LITTLE=37000|soc=8|smpl_gm=0|vdroop1=0|batoilo=0|batoilo2=0|batt_vs=30395|mdis_morepower=0|thb_hda=51|cp_on_chip_0=35000|cp_on_chip_1=36000|G3D=35000|cp_on_chip_2=36000|cp_on_chip_3=34000|cp_on_chip_4=34000|rf2_therm=32000|rf1_therm=33000|ISP=35000|TPU=35000|AUR=35000|rfpa_therm=31639|quiet_therm=32217|charging_therm=33998|,BIG=36000|MID=37000|usb_pwr_therm=29991|btmspkr_therm=29969|disp_therm=29947|north_therm=30793|soc_therm=33931|battery=30400|battery_cycle=5|dc-mains=34000|usbc-therm-adc=340|max77779fg=30400|LITTLE=37000|soc=8|smpl_gm=0|vdroop1=0|batoilo=0|batoilo2=0|batt_vs=30396|mdis_morepower=0|thb_hda=51|cp_on_chip_0=35000|cp_on_chip_1=36000|G3D=36000|cp_on_chip_2=36000|cp_on_chip_3=34000|cp_on_chip_4=34000|rf2_therm=32000|rf1_therm=33000|ISP=34000|TPU=35000|AUR=35000|rfpa_therm=31639|quiet_therm=32217|charging_therm=33998|,ok,39000,40000,5,38000,1,batched,untouched,4096,2048,10,1,3988,0,691,0,4,4,ok
1,11,nvhe,4,578000,1795000,39000,39000,BIG=36000|MID=36000|usb_pwr_therm=29991|btmspkr_therm=29969|disp_therm=29947|north_therm=30793|soc_therm=33931|battery=30400|battery_cycle=5|dc-mains=34500|usbc-therm-adc=340|max77779fg=30400|LITTLE=37000|soc=8|smpl_gm=0|vdroop1=0|batoilo=0|batoilo2=0|batt_vs=30395|mdis_morepower=0|thb_hda=51|cp_on_chip_0=35000|cp_on_chip_1=36000|G3D=35000|cp_on_chip_2=36000|cp_on_chip_3=34000|cp_on_chip_4=34000|rf2_therm=32000|rf1_therm=33000|ISP=35000|TPU=35000|AUR=35000|rfpa_therm=31639|quiet_therm=32217|charging_therm=33998|,BIG=36000|MID=37000|usb_pwr_therm=29991|btmspkr_therm=29969|disp_therm=29947|north_therm=30793|soc_therm=33931|battery=30400|battery_cycle=5|dc-mains=34000|usbc-therm-adc=340|max77779fg=30400|LITTLE=37000|soc=8|smpl_gm=0|vdroop1=0|batoilo=0|batoilo2=0|batt_vs=30396|mdis_morepower=0|thb_hda=51|cp_on_chip_0=35000|cp_on_chip_1=36000|G3D=36000|cp_on_chip_2=36000|cp_on_chip_3=34000|cp_on_chip_4=34000|rf2_therm=32000|rf1_therm=33000|ISP=34000|TPU=35000|AUR=35000|rfpa_therm=31639|quiet_therm=32217|charging_therm=33998|,ok,39000,40000,5,38000,1,batched,untouched,4096,2048,11,1,3906,0,733,0,4,4,ok
1,11,nvhe,4,578000,1795000,39000,39000,BIG=36000|MID=36000|usb_pwr_therm=29991|btmspkr_therm=29969|disp_therm=29947|north_therm=30793|soc_therm=33931|battery=30400|battery_cycle=5|dc-mains=34500|usbc-therm-adc=340|max77779fg=30400|LITTLE=37000|soc=8|smpl_gm=0|vdroop1=0|batoilo=0|batoilo2=0|batt_vs=30395|mdis_morepower=0|thb_hda=51|cp_on_chip_0=35000|cp_on_chip_1=36000|G3D=35000|cp_on_chip_2=36000|cp_on_chip_3=34000|cp_on_chip_4=34000|rf2_therm=32000|rf1_therm=33000|ISP=35000|TPU=35000|AUR=35000|rfpa_therm=31639|quiet_therm=32217|charging_therm=33998|,BIG=36000|MID=37000|usb_pwr_therm=29991|btmspkr_therm=29969|disp_therm=29947|north_therm=30793|soc_therm=33931|battery=30400|battery_cycle=5|dc-mains=34000|usbc-therm-adc=340|max77779fg=30400|LITTLE=37000|soc=8|smpl_gm=0|vdroop1=0|batoilo=0|batoilo2=0|batt_vs=30396|mdis_morepower=0|thb_hda=51|cp_on_chip_0=35000|cp_on_chip_1=36000|G3D=36000|cp_on_chip_2=36000|cp_on_chip_3=34000|cp_on_chip_4=34000|rf2_therm=32000|rf1_therm=33000|ISP=34000|TPU=35000|AUR=35000|rfpa_therm=31639|quiet_therm=32217|charging_therm=33998|,ok,39000,40000,5,38000,1,batched,untouched,4096,2048,12,1,3540,0,691,0,4,4,ok
1,11,nvhe,4,578000,1795000,39000,39000,BIG=36000|MID=36000|usb_pwr_therm=29991|btmspkr_therm=29969|disp_therm=29947|north_therm=30793|soc_therm=33931|battery=30400|battery_cycle=5|dc-mains=34500|usbc-therm-adc=340|max77779fg=30400|LITTLE=37000|soc=8|smpl_gm=0|vdroop1=0|batoilo=0|batoilo2=0|batt_vs=30395|mdis_morepower=0|thb_hda=51|cp_on_chip_0=35000|cp_on_chip_1=36000|G3D=35000|cp_on_chip_2=36000|cp_on_chip_3=34000|cp_on_chip_4=34000|rf2_therm=32000|rf1_therm=33000|ISP=35000|TPU=35000|AUR=35000|rfpa_therm=31639|quiet_therm=32217|charging_therm=33998|,BIG=36000|MID=37000|usb_pwr_therm=29991|btmspkr_therm=29969|disp_therm=29947|north_therm=30793|soc_therm=33931|battery=30400|battery_cycle=5|dc-mains=34000|usbc-therm-adc=340|max77779fg=30400|LITTLE=37000|soc=8|smpl_gm=0|vdroop1=0|batoilo=0|batoilo2=0|batt_vs=30396|mdis_morepower=0|thb_hda=51|cp_on_chip_0=35000|cp_on_chip_1=36000|G3D=36000|cp_on_chip_2=36000|cp_on_chip_3=34000|cp_on_chip_4=34000|rf2_therm=32000|rf1_therm=33000|ISP=34000|TPU=35000|AUR=35000|rfpa_therm=31639|quiet_therm=32217|charging_therm=33998|,ok,39000,40000,5,38000,1,batched,untouched,4096,2048,13,1,3418,0,732,0,4,4,ok
1,11,nvhe,4,578000,1795000,39000,39000,BIG=36000|MID=36000|usb_pwr_therm=29991|btmspkr_therm=29969|disp_therm=29947|north_therm=30793|soc_therm=33931|battery=30400|battery_cycle=5|dc-mains=34500|usbc-therm-adc=340|max77779fg=30400|LITTLE=37000|soc=8|smpl_gm=0|vdroop1=0|batoilo=0|batoilo2=0|batt_vs=30395|mdis_morepower=0|thb_hda=51|cp_on_chip_0=35000|cp_on_chip_1=36000|G3D=35000|cp_on_chip_2=36000|cp_on_chip_3=34000|cp_on_chip_4=34000|rf2_therm=32000|rf1_therm=33000|ISP=35000|TPU=35000|AUR=35000|rfpa_therm=31639|quiet_therm=32217|charging_therm=33998|,BIG=36000|MID=37000|usb_pwr_therm=29991|btmspkr_therm=29969|disp_therm=29947|north_therm=30793|soc_therm=33931|battery=30400|battery_cycle=5|dc-mains=34000|usbc-therm-adc=340|max77779fg=30400|LITTLE=37000|soc=8|smpl_gm=0|vdroop1=0|batoilo=0|batoilo2=0|batt_vs=30396|mdis_morepower=0|thb_hda=51|cp_on_chip_0=35000|cp_on_chip_1=36000|G3D=36000|cp_on_chip_2=36000|cp_on_chip_3=34000|cp_on_chip_4=34000|rf2_therm=32000|rf1_therm=33000|ISP=34000|TPU=35000|AUR=35000|rfpa_therm=31639|quiet_therm=32217|charging_therm=33998|,ok,39000,40000,5,38000,1,batched,untouched,4096,2048,14,1,3377,0,692,0,4,4,ok
1,11,nvhe,4,578000,1795000,39000,39000,BIG=36000|MID=36000|usb_pwr_therm=29991|btmspkr_therm=29969|disp_therm=29947|north_therm=30793|soc_therm=33931|battery=30400|battery_cycle=5|dc-mains=34500|usbc-therm-adc=340|max77779fg=30400|LITTLE=37000|soc=8|smpl_gm=0|vdroop1=0|batoilo=0|batoilo2=0|batt_vs=30395|mdis_morepower=0|thb_hda=51|cp_on_chip_0=35000|cp_on_chip_1=36000|G3D=35000|cp_on_chip_2=36000|cp_on_chip_3=34000|cp_on_chip_4=34000|rf2_therm=32000|rf1_therm=33000|ISP=35000|TPU=35000|AUR=35000|rfpa_therm=31639|quiet_therm=32217|charging_therm=33998|,BIG=36000|MID=37000|usb_pwr_therm=29991|btmspkr_therm=29969|disp_therm=29947|north_therm=30793|soc_therm=33931|battery=30400|battery_cycle=5|dc-mains=34000|usbc-therm-adc=340|max77779fg=30400|LITTLE=37000|soc=8|smpl_gm=0|vdroop1=0|batoilo=0|batoilo2=0|batt_vs=30396|mdis_morepower=0|thb_hda=51|cp_on_chip_0=35000|cp_on_chip_1=36000|G3D=36000|cp_on_chip_2=36000|cp_on_chip_3=34000|cp_on_chip_4=34000|rf2_therm=32000|rf1_therm=33000|ISP=34000|TPU=35000|AUR=35000|rfpa_therm=31639|quiet_therm=32217|charging_therm=33998|,ok,39000,40000,5,38000,1,batched,untouched,4096,2048,15,1,2930,0,732,0,4,4,ok
1,11,nvhe,4,578000,1795000,39000,39000,BIG=36000|MID=36000|usb_pwr_therm=29991|btmspkr_therm=29969|disp_therm=29947|north_therm=30793|soc_therm=33931|battery=30400|battery_cycle=5|dc-mains=34500|usbc-therm-adc=340|max77779fg=30400|LITTLE=37000|soc=8|smpl_gm=0|vdroop1=0|batoilo=0|batoilo2=0|batt_vs=30395|mdis_morepower=0|thb_hda=51|cp_on_chip_0=35000|cp_on_chip_1=36000|G3D=35000|cp_on_chip_2=36000|cp_on_chip_3=34000|cp_on_chip_4=34000|rf2_therm=32000|rf1_therm=33000|ISP=35000|TPU=35000|AUR=35000|rfpa_therm=31639|quiet_therm=32217|charging_therm=33998|,BIG=36000|MID=37000|usb_pwr_therm=29991|btmspkr_therm=29969|disp_therm=29947|north_therm=30793|soc_therm=33931|battery=30400|battery_cycle=5|dc-mains=34000|usbc-therm-adc=340|max77779fg=30400|LITTLE=37000|soc=8|smpl_gm=0|vdroop1=0|batoilo=0|batoilo2=0|batt_vs=30396|mdis_morepower=0|thb_hda=51|cp_on_chip_0=35000|cp_on_chip_1=36000|G3D=36000|cp_on_chip_2=36000|cp_on_chip_3=34000|cp_on_chip_4=34000|rf2_therm=32000|rf1_therm=33000|ISP=34000|TPU=35000|AUR=35000|rfpa_therm=31639|quiet_therm=32217|charging_therm=33998|,ok,39000,40000,5,38000,1,batched,untouched,4096,2048,16,1,3703,0,692,0,4,4,ok
1,11,nvhe,4,578000,1795000,39000,39000,BIG=36000|MID=36000|usb_pwr_therm=29991|btmspkr_therm=29969|disp_therm=29947|north_therm=30793|soc_therm=33931|battery=30400|battery_cycle=5|dc-mains=34500|usbc-therm-adc=340|max77779fg=30400|LITTLE=37000|soc=8|smpl_gm=0|vdroop1=0|batoilo=0|batoilo2=0|batt_vs=30395|mdis_morepower=0|thb_hda=51|cp_on_chip_0=35000|cp_on_chip_1=36000|G3D=35000|cp_on_chip_2=36000|cp_on_chip_3=34000|cp_on_chip_4=34000|rf2_therm=32000|rf1_therm=33000|ISP=35000|TPU=35000|AUR=35000|rfpa_therm=31639|quiet_therm=32217|charging_therm=33998|,BIG=36000|MID=37000|usb_pwr_therm=29991|btmspkr_therm=29969|disp_therm=29947|north_therm=30793|soc_therm=33931|battery=30400|battery_cycle=5|dc-mains=34000|usbc-therm-adc=340|max77779fg=30400|LITTLE=37000|soc=8|smpl_gm=0|vdroop1=0|batoilo=0|batoilo2=0|batt_vs=30396|mdis_morepower=0|thb_hda=51|cp_on_chip_0=35000|cp_on_chip_1=36000|G3D=36000|cp_on_chip_2=36000|cp_on_chip_3=34000|cp_on_chip_4=34000|rf2_therm=32000|rf1_therm=33000|ISP=34000|TPU=35000|AUR=35000|rfpa_therm=31639|quiet_therm=32217|charging_therm=33998|,ok,39000,40000,5,38000,1,batched,untouched,4096,2048,17,1,3540,0,692,0,4,4,ok
1,11,nvhe,4,578000,1795000,39000,39000,BIG=36000|MID=36000|usb_pwr_therm=29991|btmspkr_therm=29969|disp_therm=29947|north_therm=30793|soc_therm=33931|battery=30400|battery_cycle=5|dc-mains=34500|usbc-therm-adc=340|max77779fg=30400|LITTLE=37000|soc=8|smpl_gm=0|vdroop1=0|batoilo=0|batoilo2=0|batt_vs=30395|mdis_morepower=0|thb_hda=51|cp_on_chip_0=35000|cp_on_chip_1=36000|G3D=35000|cp_on_chip_2=36000|cp_on_chip_3=34000|cp_on_chip_4=34000|rf2_therm=32000|rf1_therm=33000|ISP=35000|TPU=35000|AUR=35000|rfpa_therm=31639|quiet_therm=32217|charging_therm=33998|,BIG=36000|MID=37000|usb_pwr_therm=29991|btmspkr_therm=29969|disp_therm=29947|north_therm=30793|soc_therm=33931|battery=30400|battery_cycle=5|dc-mains=34000|usbc-therm-adc=340|max77779fg=30400|LITTLE=37000|soc=8|smpl_gm=0|vdroop1=0|batoilo=0|batoilo2=0|batt_vs=30396|mdis_morepower=0|thb_hda=51|cp_on_chip_0=35000|cp_on_chip_1=36000|G3D=36000|cp_on_chip_2=36000|cp_on_chip_3=34000|cp_on_chip_4=34000|rf2_therm=32000|rf1_therm=33000|ISP=34000|TPU=35000|AUR=35000|rfpa_therm=31639|quiet_therm=32217|charging_therm=33998|,ok,39000,40000,5,38000,1,batched,untouched,4096,2048,18,1,3214,0,692,0,4,4,ok
1,11,nvhe,4,578000,1795000,39000,39000,BIG=36000|MID=36000|usb_pwr_therm=29991|btmspkr_therm=29969|disp_therm=29947|north_therm=30793|soc_therm=33931|battery=30400|battery_cycle=5|dc-mains=34500|usbc-therm-adc=340|max77779fg=30400|LITTLE=37000|soc=8|smpl_gm=0|vdroop1=0|batoilo=0|batoilo2=0|batt_vs=30395|mdis_morepower=0|thb_hda=51|cp_on_chip_0=35000|cp_on_chip_1=36000|G3D=35000|cp_on_chip_2=36000|cp_on_chip_3=34000|cp_on_chip_4=34000|rf2_therm=32000|rf1_therm=33000|ISP=35000|TPU=35000|AUR=35000|rfpa_therm=31639|quiet_therm=32217|charging_therm=33998|,BIG=36000|MID=37000|usb_pwr_therm=29991|btmspkr_therm=29969|disp_therm=29947|north_therm=30793|soc_therm=33931|battery=30400|battery_cycle=5|dc-mains=34000|usbc-therm-adc=340|max77779fg=30400|LITTLE=37000|soc=8|smpl_gm=0|vdroop1=0|batoilo=0|batoilo2=0|batt_vs=30396|mdis_morepower=0|thb_hda=51|cp_on_chip_0=35000|cp_on_chip_1=36000|G3D=36000|cp_on_chip_2=36000|cp_on_chip_3=34000|cp_on_chip_4=34000|rf2_therm=32000|rf1_therm=33000|ISP=34000|TPU=35000|AUR=35000|rfpa_therm=31639|quiet_therm=32217|charging_therm=33998|,ok,39000,40000,5,38000,1,batched,untouched,4096,2048,19,1,3296,0,692,0,4,4,ok
1,11,nvhe,4,578000,1795000,39000,39000,BIG=36000|MID=36000|usb_pwr_therm=29991|btmspkr_therm=29969|disp_therm=29947|north_therm=30793|soc_therm=33931|battery=30400|battery_cycle=5|dc-mains=34500|usbc-therm-adc=340|max77779fg=30400|LITTLE=37000|soc=8|smpl_gm=0|vdroop1=0|batoilo=0|batoilo2=0|batt_vs=30395|mdis_morepower=0|thb_hda=51|cp_on_chip_0=35000|cp_on_chip_1=36000|G3D=35000|cp_on_chip_2=36000|cp_on_chip_3=34000|cp_on_chip_4=34000|rf2_therm=32000|rf1_therm=33000|ISP=35000|TPU=35000|AUR=35000|rfpa_therm=31639|quiet_therm=32217|charging_therm=33998|,BIG=36000|MID=37000|usb_pwr_therm=29991|btmspkr_therm=29969|disp_therm=29947|north_therm=30793|soc_therm=33931|battery=30400|battery_cycle=5|dc-mains=34000|usbc-therm-adc=340|max77779fg=30400|LITTLE=37000|soc=8|smpl_gm=0|vdroop1=0|batoilo=0|batoilo2=0|batt_vs=30396|mdis_morepower=0|thb_hda=51|cp_on_chip_0=35000|cp_on_chip_1=36000|G3D=36000|cp_on_chip_2=36000|cp_on_chip_3=34000|cp_on_chip_4=34000|rf2_therm=32000|rf1_therm=33000|ISP=34000|TPU=35000|AUR=35000|rfpa_therm=31639|quiet_therm=32217|charging_therm=33998|,ok,39000,40000,5,38000,1,batched,untouched,4096,2048,20,1,3459,0,733,0,4,4,ok
1,11,nvhe,4,578000,1795000,39000,39000,BIG=36000|MID=36000|usb_pwr_therm=29991|btmspkr_therm=29969|disp_therm=29947|north_therm=30793|soc_therm=33931|battery=30400|battery_cycle=5|dc-mains=34500|usbc-therm-adc=340|max77779fg=30400|LITTLE=37000|soc=8|smpl_gm=0|vdroop1=0|batoilo=0|batoilo2=0|batt_vs=30395|mdis_morepower=0|thb_hda=51|cp_on_chip_0=35000|cp_on_chip_1=36000|G3D=35000|cp_on_chip_2=36000|cp_on_chip_3=34000|cp_on_chip_4=34000|rf2_therm=32000|rf1_therm=33000|ISP=35000|TPU=35000|AUR=35000|rfpa_therm=31639|quiet_therm=32217|charging_therm=33998|,BIG=36000|MID=37000|usb_pwr_therm=29991|btmspkr_therm=29969|disp_therm=29947|north_therm=30793|soc_therm=33931|battery=30400|battery_cycle=5|dc-mains=34000|usbc-therm-adc=340|max77779fg=30400|LITTLE=37000|soc=8|smpl_gm=0|vdroop1=0|batoilo=0|batoilo2=0|batt_vs=30396|mdis_morepower=0|thb_hda=51|cp_on_chip_0=35000|cp_on_chip_1=36000|G3D=36000|cp_on_chip_2=36000|cp_on_chip_3=34000|cp_on_chip_4=34000|rf2_therm=32000|rf1_therm=33000|ISP=34000|TPU=35000|AUR=35000|rfpa_therm=31639|quiet_therm=32217|charging_therm=33998|,ok,39000,40000,5,38000,1,batched,untouched,4096,2048,21,1,3052,0,691,0,4,4,ok
1,11,nvhe,4,578000,1795000,39000,39000,BIG=36000|MID=36000|usb_pwr_therm=29991|btmspkr_therm=29969|disp_therm=29947|north_therm=30793|soc_therm=33931|battery=30400|battery_cycle=5|dc-mains=34500|usbc-therm-adc=340|max77779fg=30400|LITTLE=37000|soc=8|smpl_gm=0|vdroop1=0|batoilo=0|batoilo2=0|batt_vs=30395|mdis_morepower=0|thb_hda=51|cp_on_chip_0=35000|cp_on_chip_1=36000|G3D=35000|cp_on_chip_2=36000|cp_on_chip_3=34000|cp_on_chip_4=34000|rf2_therm=32000|rf1_therm=33000|ISP=35000|TPU=35000|AUR=35000|rfpa_therm=31639|quiet_therm=32217|charging_therm=33998|,BIG=36000|MID=37000|usb_pwr_therm=29991|btmspkr_therm=29969|disp_therm=29947|north_therm=30793|soc_therm=33931|battery=30400|battery_cycle=5|dc-mains=34000|usbc-therm-adc=340|max77779fg=30400|LITTLE=37000|soc=8|smpl_gm=0|vdroop1=0|batoilo=0|batoilo2=0|batt_vs=30396|mdis_morepower=0|thb_hda=51|cp_on_chip_0=35000|cp_on_chip_1=36000|G3D=36000|cp_on_chip_2=36000|cp_on_chip_3=34000|cp_on_chip_4=34000|rf2_therm=32000|rf1_therm=33000|ISP=34000|TPU=35000|AUR=35000|rfpa_therm=31639|quiet_therm=32217|charging_therm=33998|,ok,39000,40000,5,38000,1,batched,untouched,4096,2048,22,1,3785,0,691,0,4,4,ok
1,11,nvhe,4,578000,1795000,39000,39000,BIG=36000|MID=36000|usb_pwr_therm=29991|btmspkr_therm=29969|disp_therm=29947|north_therm=30793|soc_therm=33931|battery=30400|battery_cycle=5|dc-mains=34500|usbc-therm-adc=340|max77779fg=30400|LITTLE=37000|soc=8|smpl_gm=0|vdroop1=0|batoilo=0|batoilo2=0|batt_vs=30395|mdis_morepower=0|thb_hda=51|cp_on_chip_0=35000|cp_on_chip_1=36000|G3D=35000|cp_on_chip_2=36000|cp_on_chip_3=34000|cp_on_chip_4=34000|rf2_therm=32000|rf1_therm=33000|ISP=35000|TPU=35000|AUR=35000|rfpa_therm=31639|quiet_therm=32217|charging_therm=33998|,BIG=36000|MID=37000|usb_pwr_therm=29991|btmspkr_therm=29969|disp_therm=29947|north_therm=30793|soc_therm=33931|battery=30400|battery_cycle=5|dc-mains=34000|usbc-therm-adc=340|max77779fg=30400|LITTLE=37000|soc=8|smpl_gm=0|vdroop1=0|batoilo=0|batoilo2=0|batt_vs=30396|mdis_morepower=0|thb_hda=51|cp_on_chip_0=35000|cp_on_chip_1=36000|G3D=36000|cp_on_chip_2=36000|cp_on_chip_3=34000|cp_on_chip_4=34000|rf2_therm=32000|rf1_therm=33000|ISP=34000|TPU=35000|AUR=35000|rfpa_therm=31639|quiet_therm=32217|charging_therm=33998|,ok,39000,40000,5,38000,1,batched,untouched,4096,2048,23,1,3215,0,692,0,4,4,ok
1,11,nvhe,4,578000,1795000,39000,39000,BIG=36000|MID=36000|usb_pwr_therm=29991|btmspkr_therm=29969|disp_therm=29947|north_therm=30793|soc_therm=33931|battery=30400|battery_cycle=5|dc-mains=34500|usbc-therm-adc=340|max77779fg=30400|LITTLE=37000|soc=8|smpl_gm=0|vdroop1=0|batoilo=0|batoilo2=0|batt_vs=30395|mdis_morepower=0|thb_hda=51|cp_on_chip_0=35000|cp_on_chip_1=36000|G3D=35000|cp_on_chip_2=36000|cp_on_chip_3=34000|cp_on_chip_4=34000|rf2_therm=32000|rf1_therm=33000|ISP=35000|TPU=35000|AUR=35000|rfpa_therm=31639|quiet_therm=32217|charging_therm=33998|,BIG=36000|MID=37000|usb_pwr_therm=29991|btmspkr_therm=29969|disp_therm=29947|north_therm=30793|soc_therm=33931|battery=30400|battery_cycle=5|dc-mains=34000|usbc-therm-adc=340|max77779fg=30400|LITTLE=37000|soc=8|smpl_gm=0|vdroop1=0|batoilo=0|batoilo2=0|batt_vs=30396|mdis_morepower=0|thb_hda=51|cp_on_chip_0=35000|cp_on_chip_1=36000|G3D=36000|cp_on_chip_2=36000|cp_on_chip_3=34000|cp_on_chip_4=34000|rf2_therm=32000|rf1_therm=33000|ISP=34000|TPU=35000|AUR=35000|rfpa_therm=31639|quiet_therm=32217|charging_therm=33998|,ok,39000,40000,5,38000,1,batched,untouched,4096,2048,24,1,2767,0,692,0,4,4,ok
1,11,nvhe,4,578000,1795000,39000,39000,BIG=36000|MID=36000|usb_pwr_therm=29991|btmspkr_therm=29969|disp_therm=29947|north_therm=30793|soc_therm=33931|battery=30400|battery_cycle=5|dc-mains=34500|usbc-therm-adc=340|max77779fg=30400|LITTLE=37000|soc=8|smpl_gm=0|vdroop1=0|batoilo=0|batoilo2=0|batt_vs=30395|mdis_morepower=0|thb_hda=51|cp_on_chip_0=35000|cp_on_chip_1=36000|G3D=35000|cp_on_chip_2=36000|cp_on_chip_3=34000|cp_on_chip_4=34000|rf2_therm=32000|rf1_therm=33000|ISP=35000|TPU=35000|AUR=35000|rfpa_therm=31639|quiet_therm=32217|charging_therm=33998|,BIG=36000|MID=37000|usb_pwr_therm=29991|btmspkr_therm=29969|disp_therm=29947|north_therm=30793|soc_therm=33931|battery=30400|battery_cycle=5|dc-mains=34000|usbc-therm-adc=340|max77779fg=30400|LITTLE=37000|soc=8|smpl_gm=0|vdroop1=0|batoilo=0|batoilo2=0|batt_vs=30396|mdis_morepower=0|thb_hda=51|cp_on_chip_0=35000|cp_on_chip_1=36000|G3D=36000|cp_on_chip_2=36000|cp_on_chip_3=34000|cp_on_chip_4=34000|rf2_therm=32000|rf1_therm=33000|ISP=34000|TPU=35000|AUR=35000|rfpa_therm=31639|quiet_therm=32217|charging_therm=33998|,ok,39000,40000,5,38000,1,batched,untouched,4096,2048,25,1,3581,0,732,0,4,4,ok
1,11,nvhe,4,578000,1795000,39000,39000,BIG=36000|MID=36000|usb_pwr_therm=29991|btmspkr_therm=29969|disp_therm=29947|north_therm=30793|soc_therm=33931|battery=30400|battery_cycle=5|dc-mains=34500|usbc-therm-adc=340|max77779fg=30400|LITTLE=37000|soc=8|smpl_gm=0|vdroop1=0|batoilo=0|batoilo2=0|batt_vs=30395|mdis_morepower=0|thb_hda=51|cp_on_chip_0=35000|cp_on_chip_1=36000|G3D=35000|cp_on_chip_2=36000|cp_on_chip_3=34000|cp_on_chip_4=34000|rf2_therm=32000|rf1_therm=33000|ISP=35000|TPU=35000|AUR=35000|rfpa_therm=31639|quiet_therm=32217|charging_therm=33998|,BIG=36000|MID=37000|usb_pwr_therm=29991|btmspkr_therm=29969|disp_therm=29947|north_therm=30793|soc_therm=33931|battery=30400|battery_cycle=5|dc-mains=34000|usbc-therm-adc=340|max77779fg=30400|LITTLE=37000|soc=8|smpl_gm=0|vdroop1=0|batoilo=0|batoilo2=0|batt_vs=30396|mdis_morepower=0|thb_hda=51|cp_on_chip_0=35000|cp_on_chip_1=36000|G3D=36000|cp_on_chip_2=36000|cp_on_chip_3=34000|cp_on_chip_4=34000|rf2_therm=32000|rf1_therm=33000|ISP=34000|TPU=35000|AUR=35000|rfpa_therm=31639|quiet_therm=32217|charging_therm=33998|,ok,39000,40000,5,38000,1,batched,untouched,4096,2048,26,1,3785,0,692,0,4,4,ok
1,11,nvhe,4,578000,1795000,39000,39000,BIG=36000|MID=36000|usb_pwr_therm=29991|btmspkr_therm=29969|disp_therm=29947|north_therm=30793|soc_therm=33931|battery=30400|battery_cycle=5|dc-mains=34500|usbc-therm-adc=340|max77779fg=30400|LITTLE=37000|soc=8|smpl_gm=0|vdroop1=0|batoilo=0|batoilo2=0|batt_vs=30395|mdis_morepower=0|thb_hda=51|cp_on_chip_0=35000|cp_on_chip_1=36000|G3D=35000|cp_on_chip_2=36000|cp_on_chip_3=34000|cp_on_chip_4=34000|rf2_therm=32000|rf1_therm=33000|ISP=35000|TPU=35000|AUR=35000|rfpa_therm=31639|quiet_therm=32217|charging_therm=33998|,BIG=36000|MID=37000|usb_pwr_therm=29991|btmspkr_therm=29969|disp_therm=29947|north_therm=30793|soc_therm=33931|battery=30400|battery_cycle=5|dc-mains=34000|usbc-therm-adc=340|max77779fg=30400|LITTLE=37000|soc=8|smpl_gm=0|vdroop1=0|batoilo=0|batoilo2=0|batt_vs=30396|mdis_morepower=0|thb_hda=51|cp_on_chip_0=35000|cp_on_chip_1=36000|G3D=36000|cp_on_chip_2=36000|cp_on_chip_3=34000|cp_on_chip_4=34000|rf2_therm=32000|rf1_therm=33000|ISP=34000|TPU=35000|AUR=35000|rfpa_therm=31639|quiet_therm=32217|charging_therm=33998|,ok,39000,40000,5,38000,1,batched,untouched,4096,2048,27,1,3662,0,692,0,4,4,ok
1,11,nvhe,4,578000,1795000,39000,39000,BIG=36000|MID=36000|usb_pwr_therm=29991|btmspkr_therm=29969|disp_therm=29947|north_therm=30793|soc_therm=33931|battery=30400|battery_cycle=5|dc-mains=34500|usbc-therm-adc=340|max77779fg=30400|LITTLE=37000|soc=8|smpl_gm=0|vdroop1=0|batoilo=0|batoilo2=0|batt_vs=30395|mdis_morepower=0|thb_hda=51|cp_on_chip_0=35000|cp_on_chip_1=36000|G3D=35000|cp_on_chip_2=36000|cp_on_chip_3=34000|cp_on_chip_4=34000|rf2_therm=32000|rf1_therm=33000|ISP=35000|TPU=35000|AUR=35000|rfpa_therm=31639|quiet_therm=32217|charging_therm=33998|,BIG=36000|MID=37000|usb_pwr_therm=29991|btmspkr_therm=29969|disp_therm=29947|north_therm=30793|soc_therm=33931|battery=30400|battery_cycle=5|dc-mains=34000|usbc-therm-adc=340|max77779fg=30400|LITTLE=37000|soc=8|smpl_gm=0|vdroop1=0|batoilo=0|batoilo2=0|batt_vs=30396|mdis_morepower=0|thb_hda=51|cp_on_chip_0=35000|cp_on_chip_1=36000|G3D=36000|cp_on_chip_2=36000|cp_on_chip_3=34000|cp_on_chip_4=34000|rf2_therm=32000|rf1_therm=33000|ISP=34000|TPU=35000|AUR=35000|rfpa_therm=31639|quiet_therm=32217|charging_therm=33998|,ok,39000,40000,5,38000,1,batched,untouched,4096,2048,28,1,3337,0,732,0,4,4,ok
1,11,nvhe,4,578000,1795000,39000,39000,BIG=36000|MID=36000|usb_pwr_therm=29991|btmspkr_therm=29969|disp_therm=29947|north_therm=30793|soc_therm=33931|battery=30400|battery_cycle=5|dc-mains=34500|usbc-therm-adc=340|max77779fg=30400|LITTLE=37000|soc=8|smpl_gm=0|vdroop1=0|batoilo=0|batoilo2=0|batt_vs=30395|mdis_morepower=0|thb_hda=51|cp_on_chip_0=35000|cp_on_chip_1=36000|G3D=35000|cp_on_chip_2=36000|cp_on_chip_3=34000|cp_on_chip_4=34000|rf2_therm=32000|rf1_therm=33000|ISP=35000|TPU=35000|AUR=35000|rfpa_therm=31639|quiet_therm=32217|charging_therm=33998|,BIG=36000|MID=37000|usb_pwr_therm=29991|btmspkr_therm=29969|disp_therm=29947|north_therm=30793|soc_therm=33931|battery=30400|battery_cycle=5|dc-mains=34000|usbc-therm-adc=340|max77779fg=30400|LITTLE=37000|soc=8|smpl_gm=0|vdroop1=0|batoilo=0|batoilo2=0|batt_vs=30396|mdis_morepower=0|thb_hda=51|cp_on_chip_0=35000|cp_on_chip_1=36000|G3D=36000|cp_on_chip_2=36000|cp_on_chip_3=34000|cp_on_chip_4=34000|rf2_therm=32000|rf1_therm=33000|ISP=34000|TPU=35000|AUR=35000|rfpa_therm=31639|quiet_therm=32217|charging_therm=33998|,ok,39000,40000,5,38000,1,batched,untouched,4096,2048,29,1,3499,0,692,0,4,4,ok
1,12,nvhe,4,578000,578000,38000,40000,BIG=36000|MID=37000|usb_pwr_therm=29991|btmspkr_therm=29969|disp_therm=29947|north_therm=30793|soc_therm=33954|battery=30400|battery_cycle=5|dc-mains=34500|usbc-therm-adc=345|max77779fg=30400|LITTLE=36000|soc=8|smpl_gm=0|vdroop1=0|batoilo=0|batoilo2=0|batt_vs=30396|mdis_morepower=0|thb_hda=51|cp_on_chip_0=35000|cp_on_chip_1=36000|G3D=36000|cp_on_chip_2=36000|cp_on_chip_3=34000|cp_on_chip_4=34000|rf2_therm=32000|rf1_therm=33000|ISP=35000|TPU=35000|AUR=35000|rfpa_therm=31639|quiet_therm=32217|charging_therm=34020|,BIG=36000|MID=37000|usb_pwr_therm=29991|btmspkr_therm=29969|disp_therm=29969|north_therm=30793|soc_therm=33976|battery=30400|battery_cycle=5|dc-mains=34500|usbc-therm-adc=345|max77779fg=30400|LITTLE=37000|soc=8|smpl_gm=0|vdroop1=0|batoilo=0|batoilo2=0|batt_vs=30396|mdis_morepower=0|thb_hda=51|cp_on_chip_0=35000|cp_on_chip_1=36000|G3D=35000|cp_on_chip_2=36000|cp_on_chip_3=34000|cp_on_chip_4=34000|rf2_therm=32000|rf1_therm=33000|ISP=35000|TPU=36000|AUR=35000|rfpa_therm=31639|quiet_therm=32217|charging_therm=34043|,ok,39000,38000,0,38000,1,single,touched,4096,2048,0,2048,5369629,2048,3325684,0,4,4,ok
1,12,nvhe,4,578000,578000,38000,40000,BIG=36000|MID=37000|usb_pwr_therm=29991|btmspkr_therm=29969|disp_therm=29947|north_therm=30793|soc_therm=33954|battery=30400|battery_cycle=5|dc-mains=34500|usbc-therm-adc=345|max77779fg=30400|LITTLE=36000|soc=8|smpl_gm=0|vdroop1=0|batoilo=0|batoilo2=0|batt_vs=30396|mdis_morepower=0|thb_hda=51|cp_on_chip_0=35000|cp_on_chip_1=36000|G3D=36000|cp_on_chip_2=36000|cp_on_chip_3=34000|cp_on_chip_4=34000|rf2_therm=32000|rf1_therm=33000|ISP=35000|TPU=35000|AUR=35000|rfpa_therm=31639|quiet_therm=32217|charging_therm=34020|,BIG=36000|MID=37000|usb_pwr_therm=29991|btmspkr_therm=29969|disp_therm=29969|north_therm=30793|soc_therm=33976|battery=30400|battery_cycle=5|dc-mains=34500|usbc-therm-adc=345|max77779fg=30400|LITTLE=37000|soc=8|smpl_gm=0|vdroop1=0|batoilo=0|batoilo2=0|batt_vs=30396|mdis_morepower=0|thb_hda=51|cp_on_chip_0=35000|cp_on_chip_1=36000|G3D=35000|cp_on_chip_2=36000|cp_on_chip_3=34000|cp_on_chip_4=34000|rf2_therm=32000|rf1_therm=33000|ISP=35000|TPU=36000|AUR=35000|rfpa_therm=31639|quiet_therm=32217|charging_therm=34043|,ok,39000,38000,0,38000,1,single,touched,4096,2048,1,2048,3711710,2048,2662435,0,4,4,ok
1,12,nvhe,4,578000,578000,38000,40000,BIG=36000|MID=37000|usb_pwr_therm=29991|btmspkr_therm=29969|disp_therm=29947|north_therm=30793|soc_therm=33954|battery=30400|battery_cycle=5|dc-mains=34500|usbc-therm-adc=345|max77779fg=30400|LITTLE=36000|soc=8|smpl_gm=0|vdroop1=0|batoilo=0|batoilo2=0|batt_vs=30396|mdis_morepower=0|thb_hda=51|cp_on_chip_0=35000|cp_on_chip_1=36000|G3D=36000|cp_on_chip_2=36000|cp_on_chip_3=34000|cp_on_chip_4=34000|rf2_therm=32000|rf1_therm=33000|ISP=35000|TPU=35000|AUR=35000|rfpa_therm=31639|quiet_therm=32217|charging_therm=34020|,BIG=36000|MID=37000|usb_pwr_therm=29991|btmspkr_therm=29969|disp_therm=29969|north_therm=30793|soc_therm=33976|battery=30400|battery_cycle=5|dc-mains=34500|usbc-therm-adc=345|max77779fg=30400|LITTLE=37000|soc=8|smpl_gm=0|vdroop1=0|batoilo=0|batoilo2=0|batt_vs=30396|mdis_morepower=0|thb_hda=51|cp_on_chip_0=35000|cp_on_chip_1=36000|G3D=35000|cp_on_chip_2=36000|cp_on_chip_3=34000|cp_on_chip_4=34000|rf2_therm=32000|rf1_therm=33000|ISP=35000|TPU=36000|AUR=35000|rfpa_therm=31639|quiet_therm=32217|charging_therm=34043|,ok,39000,38000,0,38000,1,single,touched,4096,2048,2,2048,2419311,2048,2269613,0,4,4,ok
1,12,nvhe,4,578000,578000,38000,40000,BIG=36000|MID=37000|usb_pwr_therm=29991|btmspkr_therm=29969|disp_therm=29947|north_therm=30793|soc_therm=33954|battery=30400|battery_cycle=5|dc-mains=34500|usbc-therm-adc=345|max77779fg=30400|LITTLE=36000|soc=8|smpl_gm=0|vdroop1=0|batoilo=0|batoilo2=0|batt_vs=30396|mdis_morepower=0|thb_hda=51|cp_on_chip_0=35000|cp_on_chip_1=36000|G3D=36000|cp_on_chip_2=36000|cp_on_chip_3=34000|cp_on_chip_4=34000|rf2_therm=32000|rf1_therm=33000|ISP=35000|TPU=35000|AUR=35000|rfpa_therm=31639|quiet_therm=32217|charging_therm=34020|,BIG=36000|MID=37000|usb_pwr_therm=29991|btmspkr_therm=29969|disp_therm=29969|north_therm=30793|soc_therm=33976|battery=30400|battery_cycle=5|dc-mains=34500|usbc-therm-adc=345|max77779fg=30400|LITTLE=37000|soc=8|smpl_gm=0|vdroop1=0|batoilo=0|batoilo2=0|batt_vs=30396|mdis_morepower=0|thb_hda=51|cp_on_chip_0=35000|cp_on_chip_1=36000|G3D=35000|cp_on_chip_2=36000|cp_on_chip_3=34000|cp_on_chip_4=34000|rf2_therm=32000|rf1_therm=33000|ISP=35000|TPU=36000|AUR=35000|rfpa_therm=31639|quiet_therm=32217|charging_therm=34043|,ok,39000,38000,0,38000,1,single,touched,4096,2048,3,2048,2328858,2048,2072632,0,4,4,ok
1,12,nvhe,4,578000,578000,38000,40000,BIG=36000|MID=37000|usb_pwr_therm=29991|btmspkr_therm=29969|disp_therm=29947|north_therm=30793|soc_therm=33954|battery=30400|battery_cycle=5|dc-mains=34500|usbc-therm-adc=345|max77779fg=30400|LITTLE=36000|soc=8|smpl_gm=0|vdroop1=0|batoilo=0|batoilo2=0|batt_vs=30396|mdis_morepower=0|thb_hda=51|cp_on_chip_0=35000|cp_on_chip_1=36000|G3D=36000|cp_on_chip_2=36000|cp_on_chip_3=34000|cp_on_chip_4=34000|rf2_therm=32000|rf1_therm=33000|ISP=35000|TPU=35000|AUR=35000|rfpa_therm=31639|quiet_therm=32217|charging_therm=34020|,BIG=36000|MID=37000|usb_pwr_therm=29991|btmspkr_therm=29969|disp_therm=29969|north_therm=30793|soc_therm=33976|battery=30400|battery_cycle=5|dc-mains=34500|usbc-therm-adc=345|max77779fg=30400|LITTLE=37000|soc=8|smpl_gm=0|vdroop1=0|batoilo=0|batoilo2=0|batt_vs=30396|mdis_morepower=0|thb_hda=51|cp_on_chip_0=35000|cp_on_chip_1=36000|G3D=35000|cp_on_chip_2=36000|cp_on_chip_3=34000|cp_on_chip_4=34000|rf2_therm=32000|rf1_therm=33000|ISP=35000|TPU=36000|AUR=35000|rfpa_therm=31639|quiet_therm=32217|charging_therm=34043|,ok,39000,38000,0,38000,1,single,touched,4096,2048,4,2048,2332764,2048,2237345,0,4,4,ok
1,12,nvhe,4,578000,578000,38000,40000,BIG=36000|MID=37000|usb_pwr_therm=29991|btmspkr_therm=29969|disp_therm=29947|north_therm=30793|soc_therm=33954|battery=30400|battery_cycle=5|dc-mains=34500|usbc-therm-adc=345|max77779fg=30400|LITTLE=36000|soc=8|smpl_gm=0|vdroop1=0|batoilo=0|batoilo2=0|batt_vs=30396|mdis_morepower=0|thb_hda=51|cp_on_chip_0=35000|cp_on_chip_1=36000|G3D=36000|cp_on_chip_2=36000|cp_on_chip_3=34000|cp_on_chip_4=34000|rf2_therm=32000|rf1_therm=33000|ISP=35000|TPU=35000|AUR=35000|rfpa_therm=31639|quiet_therm=32217|charging_therm=34020|,BIG=36000|MID=37000|usb_pwr_therm=29991|btmspkr_therm=29969|disp_therm=29969|north_therm=30793|soc_therm=33976|battery=30400|battery_cycle=5|dc-mains=34500|usbc-therm-adc=345|max77779fg=30400|LITTLE=37000|soc=8|smpl_gm=0|vdroop1=0|batoilo=0|batoilo2=0|batt_vs=30396|mdis_morepower=0|thb_hda=51|cp_on_chip_0=35000|cp_on_chip_1=36000|G3D=35000|cp_on_chip_2=36000|cp_on_chip_3=34000|cp_on_chip_4=34000|rf2_therm=32000|rf1_therm=33000|ISP=35000|TPU=36000|AUR=35000|rfpa_therm=31639|quiet_therm=32217|charging_therm=34043|,ok,39000,38000,0,38000,1,single,touched,4096,2048,5,2048,2194946,2048,1960734,0,4,4,ok
1,12,nvhe,4,578000,578000,38000,40000,BIG=36000|MID=37000|usb_pwr_therm=29991|btmspkr_therm=29969|disp_therm=29947|north_therm=30793|soc_therm=33954|battery=30400|battery_cycle=5|dc-mains=34500|usbc-therm-adc=345|max77779fg=30400|LITTLE=36000|soc=8|smpl_gm=0|vdroop1=0|batoilo=0|batoilo2=0|batt_vs=30396|mdis_morepower=0|thb_hda=51|cp_on_chip_0=35000|cp_on_chip_1=36000|G3D=36000|cp_on_chip_2=36000|cp_on_chip_3=34000|cp_on_chip_4=34000|rf2_therm=32000|rf1_therm=33000|ISP=35000|TPU=35000|AUR=35000|rfpa_therm=31639|quiet_therm=32217|charging_therm=34020|,BIG=36000|MID=37000|usb_pwr_therm=29991|btmspkr_therm=29969|disp_therm=29969|north_therm=30793|soc_therm=33976|battery=30400|battery_cycle=5|dc-mains=34500|usbc-therm-adc=345|max77779fg=30400|LITTLE=37000|soc=8|smpl_gm=0|vdroop1=0|batoilo=0|batoilo2=0|batt_vs=30396|mdis_morepower=0|thb_hda=51|cp_on_chip_0=35000|cp_on_chip_1=36000|G3D=35000|cp_on_chip_2=36000|cp_on_chip_3=34000|cp_on_chip_4=34000|rf2_therm=32000|rf1_therm=33000|ISP=35000|TPU=36000|AUR=35000|rfpa_therm=31639|quiet_therm=32217|charging_therm=34043|,ok,39000,38000,0,38000,1,single,touched,4096,2048,6,2048,2239746,2048,1905559,0,4,4,ok
1,12,nvhe,4,578000,578000,38000,40000,BIG=36000|MID=37000|usb_pwr_therm=29991|btmspkr_therm=29969|disp_therm=29947|north_therm=30793|soc_therm=33954|battery=30400|battery_cycle=5|dc-mains=34500|usbc-therm-adc=345|max77779fg=30400|LITTLE=36000|soc=8|smpl_gm=0|vdroop1=0|batoilo=0|batoilo2=0|batt_vs=30396|mdis_morepower=0|thb_hda=51|cp_on_chip_0=35000|cp_on_chip_1=36000|G3D=36000|cp_on_chip_2=36000|cp_on_chip_3=34000|cp_on_chip_4=34000|rf2_therm=32000|rf1_therm=33000|ISP=35000|TPU=35000|AUR=35000|rfpa_therm=31639|quiet_therm=32217|charging_therm=34020|,BIG=36000|MID=37000|usb_pwr_therm=29991|btmspkr_therm=29969|disp_therm=29969|north_therm=30793|soc_therm=33976|battery=30400|battery_cycle=5|dc-mains=34500|usbc-therm-adc=345|max77779fg=30400|LITTLE=37000|soc=8|smpl_gm=0|vdroop1=0|batoilo=0|batoilo2=0|batt_vs=30396|mdis_morepower=0|thb_hda=51|cp_on_chip_0=35000|cp_on_chip_1=36000|G3D=35000|cp_on_chip_2=36000|cp_on_chip_3=34000|cp_on_chip_4=34000|rf2_therm=32000|rf1_therm=33000|ISP=35000|TPU=36000|AUR=35000|rfpa_therm=31639|quiet_therm=32217|charging_therm=34043|,ok,39000,38000,0,38000,1,single,touched,4096,2048,7,2048,2166626,2048,1854737,0,4,4,ok
1,12,nvhe,4,578000,578000,38000,40000,BIG=36000|MID=37000|usb_pwr_therm=29991|btmspkr_therm=29969|disp_therm=29947|north_therm=30793|soc_therm=33954|battery=30400|battery_cycle=5|dc-mains=34500|usbc-therm-adc=345|max77779fg=30400|LITTLE=36000|soc=8|smpl_gm=0|vdroop1=0|batoilo=0|batoilo2=0|batt_vs=30396|mdis_morepower=0|thb_hda=51|cp_on_chip_0=35000|cp_on_chip_1=36000|G3D=36000|cp_on_chip_2=36000|cp_on_chip_3=34000|cp_on_chip_4=34000|rf2_therm=32000|rf1_therm=33000|ISP=35000|TPU=35000|AUR=35000|rfpa_therm=31639|quiet_therm=32217|charging_therm=34020|,BIG=36000|MID=37000|usb_pwr_therm=29991|btmspkr_therm=29969|disp_therm=29969|north_therm=30793|soc_therm=33976|battery=30400|battery_cycle=5|dc-mains=34500|usbc-therm-adc=345|max77779fg=30400|LITTLE=37000|soc=8|smpl_gm=0|vdroop1=0|batoilo=0|batoilo2=0|batt_vs=30396|mdis_morepower=0|thb_hda=51|cp_on_chip_0=35000|cp_on_chip_1=36000|G3D=35000|cp_on_chip_2=36000|cp_on_chip_3=34000|cp_on_chip_4=34000|rf2_therm=32000|rf1_therm=33000|ISP=35000|TPU=36000|AUR=35000|rfpa_therm=31639|quiet_therm=32217|charging_therm=34043|,ok,39000,38000,0,38000,1,single,touched,4096,2048,8,2048,2046306,2048,1717529,0,4,4,ok
1,12,nvhe,4,578000,578000,38000,40000,BIG=36000|MID=37000|usb_pwr_therm=29991|btmspkr_therm=29969|disp_therm=29947|north_therm=30793|soc_therm=33954|battery=30400|battery_cycle=5|dc-mains=34500|usbc-therm-adc=345|max77779fg=30400|LITTLE=36000|soc=8|smpl_gm=0|vdroop1=0|batoilo=0|batoilo2=0|batt_vs=30396|mdis_morepower=0|thb_hda=51|cp_on_chip_0=35000|cp_on_chip_1=36000|G3D=36000|cp_on_chip_2=36000|cp_on_chip_3=34000|cp_on_chip_4=34000|rf2_therm=32000|rf1_therm=33000|ISP=35000|TPU=35000|AUR=35000|rfpa_therm=31639|quiet_therm=32217|charging_therm=34020|,BIG=36000|MID=37000|usb_pwr_therm=29991|btmspkr_therm=29969|disp_therm=29969|north_therm=30793|soc_therm=33976|battery=30400|battery_cycle=5|dc-mains=34500|usbc-therm-adc=345|max77779fg=30400|LITTLE=37000|soc=8|smpl_gm=0|vdroop1=0|batoilo=0|batoilo2=0|batt_vs=30396|mdis_morepower=0|thb_hda=51|cp_on_chip_0=35000|cp_on_chip_1=36000|G3D=35000|cp_on_chip_2=36000|cp_on_chip_3=34000|cp_on_chip_4=34000|rf2_therm=32000|rf1_therm=33000|ISP=35000|TPU=36000|AUR=35000|rfpa_therm=31639|quiet_therm=32217|charging_therm=34043|,ok,39000,38000,0,38000,1,single,touched,4096,2048,9,2048,1946289,2048,1766479,0,4,4,ok
1,12,nvhe,4,578000,578000,38000,40000,BIG=36000|MID=37000|usb_pwr_therm=29991|btmspkr_therm=29969|disp_therm=29947|north_therm=30793|soc_therm=33954|battery=30400|battery_cycle=5|dc-mains=34500|usbc-therm-adc=345|max77779fg=30400|LITTLE=36000|soc=8|smpl_gm=0|vdroop1=0|batoilo=0|batoilo2=0|batt_vs=30396|mdis_morepower=0|thb_hda=51|cp_on_chip_0=35000|cp_on_chip_1=36000|G3D=36000|cp_on_chip_2=36000|cp_on_chip_3=34000|cp_on_chip_4=34000|rf2_therm=32000|rf1_therm=33000|ISP=35000|TPU=35000|AUR=35000|rfpa_therm=31639|quiet_therm=32217|charging_therm=34020|,BIG=36000|MID=37000|usb_pwr_therm=29991|btmspkr_therm=29969|disp_therm=29969|north_therm=30793|soc_therm=33976|battery=30400|battery_cycle=5|dc-mains=34500|usbc-therm-adc=345|max77779fg=30400|LITTLE=37000|soc=8|smpl_gm=0|vdroop1=0|batoilo=0|batoilo2=0|batt_vs=30396|mdis_morepower=0|thb_hda=51|cp_on_chip_0=35000|cp_on_chip_1=36000|G3D=35000|cp_on_chip_2=36000|cp_on_chip_3=34000|cp_on_chip_4=34000|rf2_therm=32000|rf1_therm=33000|ISP=35000|TPU=36000|AUR=35000|rfpa_therm=31639|quiet_therm=32217|charging_therm=34043|,ok,39000,38000,0,38000,1,single,touched,4096,2048,10,2048,1896566,2048,1842610,0,4,4,ok
1,12,nvhe,4,578000,578000,38000,40000,BIG=36000|MID=37000|usb_pwr_therm=29991|btmspkr_therm=29969|disp_therm=29947|north_therm=30793|soc_therm=33954|battery=30400|battery_cycle=5|dc-mains=34500|usbc-therm-adc=345|max77779fg=30400|LITTLE=36000|soc=8|smpl_gm=0|vdroop1=0|batoilo=0|batoilo2=0|batt_vs=30396|mdis_morepower=0|thb_hda=51|cp_on_chip_0=35000|cp_on_chip_1=36000|G3D=36000|cp_on_chip_2=36000|cp_on_chip_3=34000|cp_on_chip_4=34000|rf2_therm=32000|rf1_therm=33000|ISP=35000|TPU=35000|AUR=35000|rfpa_therm=31639|quiet_therm=32217|charging_therm=34020|,BIG=36000|MID=37000|usb_pwr_therm=29991|btmspkr_therm=29969|disp_therm=29969|north_therm=30793|soc_therm=33976|battery=30400|battery_cycle=5|dc-mains=34500|usbc-therm-adc=345|max77779fg=30400|LITTLE=37000|soc=8|smpl_gm=0|vdroop1=0|batoilo=0|batoilo2=0|batt_vs=30396|mdis_morepower=0|thb_hda=51|cp_on_chip_0=35000|cp_on_chip_1=36000|G3D=35000|cp_on_chip_2=36000|cp_on_chip_3=34000|cp_on_chip_4=34000|rf2_therm=32000|rf1_therm=33000|ISP=35000|TPU=36000|AUR=35000|rfpa_therm=31639|quiet_therm=32217|charging_therm=34043|,ok,39000,38000,0,38000,1,single,touched,4096,2048,11,2048,1936402,2048,1716431,0,4,4,ok
1,12,nvhe,4,578000,578000,38000,40000,BIG=36000|MID=37000|usb_pwr_therm=29991|btmspkr_therm=29969|disp_therm=29947|north_therm=30793|soc_therm=33954|battery=30400|battery_cycle=5|dc-mains=34500|usbc-therm-adc=345|max77779fg=30400|LITTLE=36000|soc=8|smpl_gm=0|vdroop1=0|batoilo=0|batoilo2=0|batt_vs=30396|mdis_morepower=0|thb_hda=51|cp_on_chip_0=35000|cp_on_chip_1=36000|G3D=36000|cp_on_chip_2=36000|cp_on_chip_3=34000|cp_on_chip_4=34000|rf2_therm=32000|rf1_therm=33000|ISP=35000|TPU=35000|AUR=35000|rfpa_therm=31639|quiet_therm=32217|charging_therm=34020|,BIG=36000|MID=37000|usb_pwr_therm=29991|btmspkr_therm=29969|disp_therm=29969|north_therm=30793|soc_therm=33976|battery=30400|battery_cycle=5|dc-mains=34500|usbc-therm-adc=345|max77779fg=30400|LITTLE=37000|soc=8|smpl_gm=0|vdroop1=0|batoilo=0|batoilo2=0|batt_vs=30396|mdis_morepower=0|thb_hda=51|cp_on_chip_0=35000|cp_on_chip_1=36000|G3D=35000|cp_on_chip_2=36000|cp_on_chip_3=34000|cp_on_chip_4=34000|rf2_therm=32000|rf1_therm=33000|ISP=35000|TPU=36000|AUR=35000|rfpa_therm=31639|quiet_therm=32217|charging_therm=34043|,ok,39000,38000,0,38000,1,single,touched,4096,2048,12,2048,1971598,2048,1715169,0,4,4,ok
1,12,nvhe,4,578000,578000,38000,40000,BIG=36000|MID=37000|usb_pwr_therm=29991|btmspkr_therm=29969|disp_therm=29947|north_therm=30793|soc_therm=33954|battery=30400|battery_cycle=5|dc-mains=34500|usbc-therm-adc=345|max77779fg=30400|LITTLE=36000|soc=8|smpl_gm=0|vdroop1=0|batoilo=0|batoilo2=0|batt_vs=30396|mdis_morepower=0|thb_hda=51|cp_on_chip_0=35000|cp_on_chip_1=36000|G3D=36000|cp_on_chip_2=36000|cp_on_chip_3=34000|cp_on_chip_4=34000|rf2_therm=32000|rf1_therm=33000|ISP=35000|TPU=35000|AUR=35000|rfpa_therm=31639|quiet_therm=32217|charging_therm=34020|,BIG=36000|MID=37000|usb_pwr_therm=29991|btmspkr_therm=29969|disp_therm=29969|north_therm=30793|soc_therm=33976|battery=30400|battery_cycle=5|dc-mains=34500|usbc-therm-adc=345|max77779fg=30400|LITTLE=37000|soc=8|smpl_gm=0|vdroop1=0|batoilo=0|batoilo2=0|batt_vs=30396|mdis_morepower=0|thb_hda=51|cp_on_chip_0=35000|cp_on_chip_1=36000|G3D=35000|cp_on_chip_2=36000|cp_on_chip_3=34000|cp_on_chip_4=34000|rf2_therm=32000|rf1_therm=33000|ISP=35000|TPU=36000|AUR=35000|rfpa_therm=31639|quiet_therm=32217|charging_therm=34043|,ok,39000,38000,0,38000,1,single,touched,4096,2048,13,2048,1932821,2048,1721721,0,4,4,ok
1,12,nvhe,4,578000,578000,38000,40000,BIG=36000|MID=37000|usb_pwr_therm=29991|btmspkr_therm=29969|disp_therm=29947|north_therm=30793|soc_therm=33954|battery=30400|battery_cycle=5|dc-mains=34500|usbc-therm-adc=345|max77779fg=30400|LITTLE=36000|soc=8|smpl_gm=0|vdroop1=0|batoilo=0|batoilo2=0|batt_vs=30396|mdis_morepower=0|thb_hda=51|cp_on_chip_0=35000|cp_on_chip_1=36000|G3D=36000|cp_on_chip_2=36000|cp_on_chip_3=34000|cp_on_chip_4=34000|rf2_therm=32000|rf1_therm=33000|ISP=35000|TPU=35000|AUR=35000|rfpa_therm=31639|quiet_therm=32217|charging_therm=34020|,BIG=36000|MID=37000|usb_pwr_therm=29991|btmspkr_therm=29969|disp_therm=29969|north_therm=30793|soc_therm=33976|battery=30400|battery_cycle=5|dc-mains=34500|usbc-therm-adc=345|max77779fg=30400|LITTLE=37000|soc=8|smpl_gm=0|vdroop1=0|batoilo=0|batoilo2=0|batt_vs=30396|mdis_morepower=0|thb_hda=51|cp_on_chip_0=35000|cp_on_chip_1=36000|G3D=35000|cp_on_chip_2=36000|cp_on_chip_3=34000|cp_on_chip_4=34000|rf2_therm=32000|rf1_therm=33000|ISP=35000|TPU=36000|AUR=35000|rfpa_therm=31639|quiet_therm=32217|charging_therm=34043|,ok,39000,38000,0,38000,1,single,touched,4096,2048,14,2048,1924479,2048,1706298,0,4,4,ok
1,12,nvhe,4,578000,578000,38000,40000,BIG=36000|MID=37000|usb_pwr_therm=29991|btmspkr_therm=29969|disp_therm=29947|north_therm=30793|soc_therm=33954|battery=30400|battery_cycle=5|dc-mains=34500|usbc-therm-adc=345|max77779fg=30400|LITTLE=36000|soc=8|smpl_gm=0|vdroop1=0|batoilo=0|batoilo2=0|batt_vs=30396|mdis_morepower=0|thb_hda=51|cp_on_chip_0=35000|cp_on_chip_1=36000|G3D=36000|cp_on_chip_2=36000|cp_on_chip_3=34000|cp_on_chip_4=34000|rf2_therm=32000|rf1_therm=33000|ISP=35000|TPU=35000|AUR=35000|rfpa_therm=31639|quiet_therm=32217|charging_therm=34020|,BIG=36000|MID=37000|usb_pwr_therm=29991|btmspkr_therm=29969|disp_therm=29969|north_therm=30793|soc_therm=33976|battery=30400|battery_cycle=5|dc-mains=34500|usbc-therm-adc=345|max77779fg=30400|LITTLE=37000|soc=8|smpl_gm=0|vdroop1=0|batoilo=0|batoilo2=0|batt_vs=30396|mdis_morepower=0|thb_hda=51|cp_on_chip_0=35000|cp_on_chip_1=36000|G3D=35000|cp_on_chip_2=36000|cp_on_chip_3=34000|cp_on_chip_4=34000|rf2_therm=32000|rf1_therm=33000|ISP=35000|TPU=36000|AUR=35000|rfpa_therm=31639|quiet_therm=32217|charging_therm=34043|,ok,39000,38000,0,38000,1,single,touched,4096,2048,15,2048,1901652,2048,1705607,0,4,4,ok
1,12,nvhe,4,578000,578000,38000,40000,BIG=36000|MID=37000|usb_pwr_therm=29991|btmspkr_therm=29969|disp_therm=29947|north_therm=30793|soc_therm=33954|battery=30400|battery_cycle=5|dc-mains=34500|usbc-therm-adc=345|max77779fg=30400|LITTLE=36000|soc=8|smpl_gm=0|vdroop1=0|batoilo=0|batoilo2=0|batt_vs=30396|mdis_morepower=0|thb_hda=51|cp_on_chip_0=35000|cp_on_chip_1=36000|G3D=36000|cp_on_chip_2=36000|cp_on_chip_3=34000|cp_on_chip_4=34000|rf2_therm=32000|rf1_therm=33000|ISP=35000|TPU=35000|AUR=35000|rfpa_therm=31639|quiet_therm=32217|charging_therm=34020|,BIG=36000|MID=37000|usb_pwr_therm=29991|btmspkr_therm=29969|disp_therm=29969|north_therm=30793|soc_therm=33976|battery=30400|battery_cycle=5|dc-mains=34500|usbc-therm-adc=345|max77779fg=30400|LITTLE=37000|soc=8|smpl_gm=0|vdroop1=0|batoilo=0|batoilo2=0|batt_vs=30396|mdis_morepower=0|thb_hda=51|cp_on_chip_0=35000|cp_on_chip_1=36000|G3D=35000|cp_on_chip_2=36000|cp_on_chip_3=34000|cp_on_chip_4=34000|rf2_therm=32000|rf1_therm=33000|ISP=35000|TPU=36000|AUR=35000|rfpa_therm=31639|quiet_therm=32217|charging_therm=34043|,ok,39000,38000,0,38000,1,single,touched,4096,2048,16,2048,1888143,2048,1699301,0,4,4,ok
1,12,nvhe,4,578000,578000,38000,40000,BIG=36000|MID=37000|usb_pwr_therm=29991|btmspkr_therm=29969|disp_therm=29947|north_therm=30793|soc_therm=33954|battery=30400|battery_cycle=5|dc-mains=34500|usbc-therm-adc=345|max77779fg=30400|LITTLE=36000|soc=8|smpl_gm=0|vdroop1=0|batoilo=0|batoilo2=0|batt_vs=30396|mdis_morepower=0|thb_hda=51|cp_on_chip_0=35000|cp_on_chip_1=36000|G3D=36000|cp_on_chip_2=36000|cp_on_chip_3=34000|cp_on_chip_4=34000|rf2_therm=32000|rf1_therm=33000|ISP=35000|TPU=35000|AUR=35000|rfpa_therm=31639|quiet_therm=32217|charging_therm=34020|,BIG=36000|MID=37000|usb_pwr_therm=29991|btmspkr_therm=29969|disp_therm=29969|north_therm=30793|soc_therm=33976|battery=30400|battery_cycle=5|dc-mains=34500|usbc-therm-adc=345|max77779fg=30400|LITTLE=37000|soc=8|smpl_gm=0|vdroop1=0|batoilo=0|batoilo2=0|batt_vs=30396|mdis_morepower=0|thb_hda=51|cp_on_chip_0=35000|cp_on_chip_1=36000|G3D=35000|cp_on_chip_2=36000|cp_on_chip_3=34000|cp_on_chip_4=34000|rf2_therm=32000|rf1_therm=33000|ISP=35000|TPU=36000|AUR=35000|rfpa_therm=31639|quiet_therm=32217|charging_therm=34043|,ok,39000,38000,0,38000,1,single,touched,4096,2048,17,2048,1950114,2048,1713663,0,4,4,ok
1,12,nvhe,4,578000,578000,38000,40000,BIG=36000|MID=37000|usb_pwr_therm=29991|btmspkr_therm=29969|disp_therm=29947|north_therm=30793|soc_therm=33954|battery=30400|battery_cycle=5|dc-mains=34500|usbc-therm-adc=345|max77779fg=30400|LITTLE=36000|soc=8|smpl_gm=0|vdroop1=0|batoilo=0|batoilo2=0|batt_vs=30396|mdis_morepower=0|thb_hda=51|cp_on_chip_0=35000|cp_on_chip_1=36000|G3D=36000|cp_on_chip_2=36000|cp_on_chip_3=34000|cp_on_chip_4=34000|rf2_therm=32000|rf1_therm=33000|ISP=35000|TPU=35000|AUR=35000|rfpa_therm=31639|quiet_therm=32217|charging_therm=34020|,BIG=36000|MID=37000|usb_pwr_therm=29991|btmspkr_therm=29969|disp_therm=29969|north_therm=30793|soc_therm=33976|battery=30400|battery_cycle=5|dc-mains=34500|usbc-therm-adc=345|max77779fg=30400|LITTLE=37000|soc=8|smpl_gm=0|vdroop1=0|batoilo=0|batoilo2=0|batt_vs=30396|mdis_morepower=0|thb_hda=51|cp_on_chip_0=35000|cp_on_chip_1=36000|G3D=35000|cp_on_chip_2=36000|cp_on_chip_3=34000|cp_on_chip_4=34000|rf2_therm=32000|rf1_therm=33000|ISP=35000|TPU=36000|AUR=35000|rfpa_therm=31639|quiet_therm=32217|charging_therm=34043|,ok,39000,38000,0,38000,1,single,touched,4096,2048,18,2048,1886149,2048,1704387,0,4,4,ok
1,12,nvhe,4,578000,578000,38000,40000,BIG=36000|MID=37000|usb_pwr_therm=29991|btmspkr_therm=29969|disp_therm=29947|north_therm=30793|soc_therm=33954|battery=30400|battery_cycle=5|dc-mains=34500|usbc-therm-adc=345|max77779fg=30400|LITTLE=36000|soc=8|smpl_gm=0|vdroop1=0|batoilo=0|batoilo2=0|batt_vs=30396|mdis_morepower=0|thb_hda=51|cp_on_chip_0=35000|cp_on_chip_1=36000|G3D=36000|cp_on_chip_2=36000|cp_on_chip_3=34000|cp_on_chip_4=34000|rf2_therm=32000|rf1_therm=33000|ISP=35000|TPU=35000|AUR=35000|rfpa_therm=31639|quiet_therm=32217|charging_therm=34020|,BIG=36000|MID=37000|usb_pwr_therm=29991|btmspkr_therm=29969|disp_therm=29969|north_therm=30793|soc_therm=33976|battery=30400|battery_cycle=5|dc-mains=34500|usbc-therm-adc=345|max77779fg=30400|LITTLE=37000|soc=8|smpl_gm=0|vdroop1=0|batoilo=0|batoilo2=0|batt_vs=30396|mdis_morepower=0|thb_hda=51|cp_on_chip_0=35000|cp_on_chip_1=36000|G3D=35000|cp_on_chip_2=36000|cp_on_chip_3=34000|cp_on_chip_4=34000|rf2_therm=32000|rf1_therm=33000|ISP=35000|TPU=36000|AUR=35000|rfpa_therm=31639|quiet_therm=32217|charging_therm=34043|,ok,39000,38000,0,38000,1,single,touched,4096,2048,19,2048,1958903,2048,1712850,0,4,4,ok
1,12,nvhe,4,578000,578000,38000,40000,BIG=36000|MID=37000|usb_pwr_therm=29991|btmspkr_therm=29969|disp_therm=29947|north_therm=30793|soc_therm=33954|battery=30400|battery_cycle=5|dc-mains=34500|usbc-therm-adc=345|max77779fg=30400|LITTLE=36000|soc=8|smpl_gm=0|vdroop1=0|batoilo=0|batoilo2=0|batt_vs=30396|mdis_morepower=0|thb_hda=51|cp_on_chip_0=35000|cp_on_chip_1=36000|G3D=36000|cp_on_chip_2=36000|cp_on_chip_3=34000|cp_on_chip_4=34000|rf2_therm=32000|rf1_therm=33000|ISP=35000|TPU=35000|AUR=35000|rfpa_therm=31639|quiet_therm=32217|charging_therm=34020|,BIG=36000|MID=37000|usb_pwr_therm=29991|btmspkr_therm=29969|disp_therm=29969|north_therm=30793|soc_therm=33976|battery=30400|battery_cycle=5|dc-mains=34500|usbc-therm-adc=345|max77779fg=30400|LITTLE=37000|soc=8|smpl_gm=0|vdroop1=0|batoilo=0|batoilo2=0|batt_vs=30396|mdis_morepower=0|thb_hda=51|cp_on_chip_0=35000|cp_on_chip_1=36000|G3D=35000|cp_on_chip_2=36000|cp_on_chip_3=34000|cp_on_chip_4=34000|rf2_therm=32000|rf1_therm=33000|ISP=35000|TPU=36000|AUR=35000|rfpa_therm=31639|quiet_therm=32217|charging_therm=34043|,ok,39000,38000,0,38000,1,single,touched,4096,2048,20,2048,1933757,2048,1706014,0,4,4,ok
1,12,nvhe,4,578000,578000,38000,40000,BIG=36000|MID=37000|usb_pwr_therm=29991|btmspkr_therm=29969|disp_therm=29947|north_therm=30793|soc_therm=33954|battery=30400|battery_cycle=5|dc-mains=34500|usbc-therm-adc=345|max77779fg=30400|LITTLE=36000|soc=8|smpl_gm=0|vdroop1=0|batoilo=0|batoilo2=0|batt_vs=30396|mdis_morepower=0|thb_hda=51|cp_on_chip_0=35000|cp_on_chip_1=36000|G3D=36000|cp_on_chip_2=36000|cp_on_chip_3=34000|cp_on_chip_4=34000|rf2_therm=32000|rf1_therm=33000|ISP=35000|TPU=35000|AUR=35000|rfpa_therm=31639|quiet_therm=32217|charging_therm=34020|,BIG=36000|MID=37000|usb_pwr_therm=29991|btmspkr_therm=29969|disp_therm=29969|north_therm=30793|soc_therm=33976|battery=30400|battery_cycle=5|dc-mains=34500|usbc-therm-adc=345|max77779fg=30400|LITTLE=37000|soc=8|smpl_gm=0|vdroop1=0|batoilo=0|batoilo2=0|batt_vs=30396|mdis_morepower=0|thb_hda=51|cp_on_chip_0=35000|cp_on_chip_1=36000|G3D=35000|cp_on_chip_2=36000|cp_on_chip_3=34000|cp_on_chip_4=34000|rf2_therm=32000|rf1_therm=33000|ISP=35000|TPU=36000|AUR=35000|rfpa_therm=31639|quiet_therm=32217|charging_therm=34043|,ok,39000,38000,0,38000,1,single,touched,4096,2048,21,2048,1898356,2048,1699260,0,4,4,ok
1,12,nvhe,4,578000,578000,38000,40000,BIG=36000|MID=37000|usb_pwr_therm=29991|btmspkr_therm=29969|disp_therm=29947|north_therm=30793|soc_therm=33954|battery=30400|battery_cycle=5|dc-mains=34500|usbc-therm-adc=345|max77779fg=30400|LITTLE=36000|soc=8|smpl_gm=0|vdroop1=0|batoilo=0|batoilo2=0|batt_vs=30396|mdis_morepower=0|thb_hda=51|cp_on_chip_0=35000|cp_on_chip_1=36000|G3D=36000|cp_on_chip_2=36000|cp_on_chip_3=34000|cp_on_chip_4=34000|rf2_therm=32000|rf1_therm=33000|ISP=35000|TPU=35000|AUR=35000|rfpa_therm=31639|quiet_therm=32217|charging_therm=34020|,BIG=36000|MID=37000|usb_pwr_therm=29991|btmspkr_therm=29969|disp_therm=29969|north_therm=30793|soc_therm=33976|battery=30400|battery_cycle=5|dc-mains=34500|usbc-therm-adc=345|max77779fg=30400|LITTLE=37000|soc=8|smpl_gm=0|vdroop1=0|batoilo=0|batoilo2=0|batt_vs=30396|mdis_morepower=0|thb_hda=51|cp_on_chip_0=35000|cp_on_chip_1=36000|G3D=35000|cp_on_chip_2=36000|cp_on_chip_3=34000|cp_on_chip_4=34000|rf2_therm=32000|rf1_therm=33000|ISP=35000|TPU=36000|AUR=35000|rfpa_therm=31639|quiet_therm=32217|charging_therm=34043|,ok,39000,38000,0,38000,1,single,touched,4096,2048,22,2048,1860921,2048,1728434,0,4,4,ok
1,12,nvhe,4,578000,578000,38000,40000,BIG=36000|MID=37000|usb_pwr_therm=29991|btmspkr_therm=29969|disp_therm=29947|north_therm=30793|soc_therm=33954|battery=30400|battery_cycle=5|dc-mains=34500|usbc-therm-adc=345|max77779fg=30400|LITTLE=36000|soc=8|smpl_gm=0|vdroop1=0|batoilo=0|batoilo2=0|batt_vs=30396|mdis_morepower=0|thb_hda=51|cp_on_chip_0=35000|cp_on_chip_1=36000|G3D=36000|cp_on_chip_2=36000|cp_on_chip_3=34000|cp_on_chip_4=34000|rf2_therm=32000|rf1_therm=33000|ISP=35000|TPU=35000|AUR=35000|rfpa_therm=31639|quiet_therm=32217|charging_therm=34020|,BIG=36000|MID=37000|usb_pwr_therm=29991|btmspkr_therm=29969|disp_therm=29969|north_therm=30793|soc_therm=33976|battery=30400|battery_cycle=5|dc-mains=34500|usbc-therm-adc=345|max77779fg=30400|LITTLE=37000|soc=8|smpl_gm=0|vdroop1=0|batoilo=0|batoilo2=0|batt_vs=30396|mdis_morepower=0|thb_hda=51|cp_on_chip_0=35000|cp_on_chip_1=36000|G3D=35000|cp_on_chip_2=36000|cp_on_chip_3=34000|cp_on_chip_4=34000|rf2_therm=32000|rf1_therm=33000|ISP=35000|TPU=36000|AUR=35000|rfpa_therm=31639|quiet_therm=32217|charging_therm=34043|,ok,39000,38000,0,38000,1,single,touched,4096,2048,23,2048,1883260,2048,1726319,0,4,4,ok
1,12,nvhe,4,578000,578000,38000,40000,BIG=36000|MID=37000|usb_pwr_therm=29991|btmspkr_therm=29969|disp_therm=29947|north_therm=30793|soc_therm=33954|battery=30400|battery_cycle=5|dc-mains=34500|usbc-therm-adc=345|max77779fg=30400|LITTLE=36000|soc=8|smpl_gm=0|vdroop1=0|batoilo=0|batoilo2=0|batt_vs=30396|mdis_morepower=0|thb_hda=51|cp_on_chip_0=35000|cp_on_chip_1=36000|G3D=36000|cp_on_chip_2=36000|cp_on_chip_3=34000|cp_on_chip_4=34000|rf2_therm=32000|rf1_therm=33000|ISP=35000|TPU=35000|AUR=35000|rfpa_therm=31639|quiet_therm=32217|charging_therm=34020|,BIG=36000|MID=37000|usb_pwr_therm=29991|btmspkr_therm=29969|disp_therm=29969|north_therm=30793|soc_therm=33976|battery=30400|battery_cycle=5|dc-mains=34500|usbc-therm-adc=345|max77779fg=30400|LITTLE=37000|soc=8|smpl_gm=0|vdroop1=0|batoilo=0|batoilo2=0|batt_vs=30396|mdis_morepower=0|thb_hda=51|cp_on_chip_0=35000|cp_on_chip_1=36000|G3D=35000|cp_on_chip_2=36000|cp_on_chip_3=34000|cp_on_chip_4=34000|rf2_therm=32000|rf1_therm=33000|ISP=35000|TPU=36000|AUR=35000|rfpa_therm=31639|quiet_therm=32217|charging_therm=34043|,ok,39000,38000,0,38000,1,single,touched,4096,2048,24,2048,1905965,2048,1727010,0,4,4,ok
1,12,nvhe,4,578000,578000,38000,40000,BIG=36000|MID=37000|usb_pwr_therm=29991|btmspkr_therm=29969|disp_therm=29947|north_therm=30793|soc_therm=33954|battery=30400|battery_cycle=5|dc-mains=34500|usbc-therm-adc=345|max77779fg=30400|LITTLE=36000|soc=8|smpl_gm=0|vdroop1=0|batoilo=0|batoilo2=0|batt_vs=30396|mdis_morepower=0|thb_hda=51|cp_on_chip_0=35000|cp_on_chip_1=36000|G3D=36000|cp_on_chip_2=36000|cp_on_chip_3=34000|cp_on_chip_4=34000|rf2_therm=32000|rf1_therm=33000|ISP=35000|TPU=35000|AUR=35000|rfpa_therm=31639|quiet_therm=32217|charging_therm=34020|,BIG=36000|MID=37000|usb_pwr_therm=29991|btmspkr_therm=29969|disp_therm=29969|north_therm=30793|soc_therm=33976|battery=30400|battery_cycle=5|dc-mains=34500|usbc-therm-adc=345|max77779fg=30400|LITTLE=37000|soc=8|smpl_gm=0|vdroop1=0|batoilo=0|batoilo2=0|batt_vs=30396|mdis_morepower=0|thb_hda=51|cp_on_chip_0=35000|cp_on_chip_1=36000|G3D=35000|cp_on_chip_2=36000|cp_on_chip_3=34000|cp_on_chip_4=34000|rf2_therm=32000|rf1_therm=33000|ISP=35000|TPU=36000|AUR=35000|rfpa_therm=31639|quiet_therm=32217|charging_therm=34043|,ok,39000,38000,0,38000,1,single,touched,4096,2048,25,2048,1883952,2048,1728475,0,4,4,ok
1,12,nvhe,4,578000,578000,38000,40000,BIG=36000|MID=37000|usb_pwr_therm=29991|btmspkr_therm=29969|disp_therm=29947|north_therm=30793|soc_therm=33954|battery=30400|battery_cycle=5|dc-mains=34500|usbc-therm-adc=345|max77779fg=30400|LITTLE=36000|soc=8|smpl_gm=0|vdroop1=0|batoilo=0|batoilo2=0|batt_vs=30396|mdis_morepower=0|thb_hda=51|cp_on_chip_0=35000|cp_on_chip_1=36000|G3D=36000|cp_on_chip_2=36000|cp_on_chip_3=34000|cp_on_chip_4=34000|rf2_therm=32000|rf1_therm=33000|ISP=35000|TPU=35000|AUR=35000|rfpa_therm=31639|quiet_therm=32217|charging_therm=34020|,BIG=36000|MID=37000|usb_pwr_therm=29991|btmspkr_therm=29969|disp_therm=29969|north_therm=30793|soc_therm=33976|battery=30400|battery_cycle=5|dc-mains=34500|usbc-therm-adc=345|max77779fg=30400|LITTLE=37000|soc=8|smpl_gm=0|vdroop1=0|batoilo=0|batoilo2=0|batt_vs=30396|mdis_morepower=0|thb_hda=51|cp_on_chip_0=35000|cp_on_chip_1=36000|G3D=35000|cp_on_chip_2=36000|cp_on_chip_3=34000|cp_on_chip_4=34000|rf2_therm=32000|rf1_therm=33000|ISP=35000|TPU=36000|AUR=35000|rfpa_therm=31639|quiet_therm=32217|charging_therm=34043|,ok,39000,38000,0,38000,1,single,touched,4096,2048,26,2048,1864420,2048,1762858,0,4,4,ok
1,12,nvhe,4,578000,578000,38000,40000,BIG=36000|MID=37000|usb_pwr_therm=29991|btmspkr_therm=29969|disp_therm=29947|north_therm=30793|soc_therm=33954|battery=30400|battery_cycle=5|dc-mains=34500|usbc-therm-adc=345|max77779fg=30400|LITTLE=36000|soc=8|smpl_gm=0|vdroop1=0|batoilo=0|batoilo2=0|batt_vs=30396|mdis_morepower=0|thb_hda=51|cp_on_chip_0=35000|cp_on_chip_1=36000|G3D=36000|cp_on_chip_2=36000|cp_on_chip_3=34000|cp_on_chip_4=34000|rf2_therm=32000|rf1_therm=33000|ISP=35000|TPU=35000|AUR=35000|rfpa_therm=31639|quiet_therm=32217|charging_therm=34020|,BIG=36000|MID=37000|usb_pwr_therm=29991|btmspkr_therm=29969|disp_therm=29969|north_therm=30793|soc_therm=33976|battery=30400|battery_cycle=5|dc-mains=34500|usbc-therm-adc=345|max77779fg=30400|LITTLE=37000|soc=8|smpl_gm=0|vdroop1=0|batoilo=0|batoilo2=0|batt_vs=30396|mdis_morepower=0|thb_hda=51|cp_on_chip_0=35000|cp_on_chip_1=36000|G3D=35000|cp_on_chip_2=36000|cp_on_chip_3=34000|cp_on_chip_4=34000|rf2_therm=32000|rf1_therm=33000|ISP=35000|TPU=36000|AUR=35000|rfpa_therm=31639|quiet_therm=32217|charging_therm=34043|,ok,39000,38000,0,38000,1,single,touched,4096,2048,27,2048,1881347,2048,1673950,0,4,4,ok
1,12,nvhe,4,578000,578000,38000,40000,BIG=36000|MID=37000|usb_pwr_therm=29991|btmspkr_therm=29969|disp_therm=29947|north_therm=30793|soc_therm=33954|battery=30400|battery_cycle=5|dc-mains=34500|usbc-therm-adc=345|max77779fg=30400|LITTLE=36000|soc=8|smpl_gm=0|vdroop1=0|batoilo=0|batoilo2=0|batt_vs=30396|mdis_morepower=0|thb_hda=51|cp_on_chip_0=35000|cp_on_chip_1=36000|G3D=36000|cp_on_chip_2=36000|cp_on_chip_3=34000|cp_on_chip_4=34000|rf2_therm=32000|rf1_therm=33000|ISP=35000|TPU=35000|AUR=35000|rfpa_therm=31639|quiet_therm=32217|charging_therm=34020|,BIG=36000|MID=37000|usb_pwr_therm=29991|btmspkr_therm=29969|disp_therm=29969|north_therm=30793|soc_therm=33976|battery=30400|battery_cycle=5|dc-mains=34500|usbc-therm-adc=345|max77779fg=30400|LITTLE=37000|soc=8|smpl_gm=0|vdroop1=0|batoilo=0|batoilo2=0|batt_vs=30396|mdis_morepower=0|thb_hda=51|cp_on_chip_0=35000|cp_on_chip_1=36000|G3D=35000|cp_on_chip_2=36000|cp_on_chip_3=34000|cp_on_chip_4=34000|rf2_therm=32000|rf1_therm=33000|ISP=35000|TPU=36000|AUR=35000|rfpa_therm=31639|quiet_therm=32217|charging_therm=34043|,ok,39000,38000,0,38000,1,single,touched,4096,2048,28,2048,1871053,2048,1680501,0,4,4,ok
1,12,nvhe,4,578000,578000,38000,40000,BIG=36000|MID=37000|usb_pwr_therm=29991|btmspkr_therm=29969|disp_therm=29947|north_therm=30793|soc_therm=33954|battery=30400|battery_cycle=5|dc-mains=34500|usbc-therm-adc=345|max77779fg=30400|LITTLE=36000|soc=8|smpl_gm=0|vdroop1=0|batoilo=0|batoilo2=0|batt_vs=30396|mdis_morepower=0|thb_hda=51|cp_on_chip_0=35000|cp_on_chip_1=36000|G3D=36000|cp_on_chip_2=36000|cp_on_chip_3=34000|cp_on_chip_4=34000|rf2_therm=32000|rf1_therm=33000|ISP=35000|TPU=35000|AUR=35000|rfpa_therm=31639|quiet_therm=32217|charging_therm=34020|,BIG=36000|MID=37000|usb_pwr_therm=29991|btmspkr_therm=29969|disp_therm=29969|north_therm=30793|soc_therm=33976|battery=30400|battery_cycle=5|dc-mains=34500|usbc-therm-adc=345|max77779fg=30400|LITTLE=37000|soc=8|smpl_gm=0|vdroop1=0|batoilo=0|batoilo2=0|batt_vs=30396|mdis_morepower=0|thb_hda=51|cp_on_chip_0=35000|cp_on_chip_1=36000|G3D=35000|cp_on_chip_2=36000|cp_on_chip_3=34000|cp_on_chip_4=34000|rf2_therm=32000|rf1_therm=33000|ISP=35000|TPU=36000|AUR=35000|rfpa_therm=31639|quiet_therm=32217|charging_therm=34043|,ok,39000,38000,0,38000,1,single,touched,4096,2048,29,2048,1853841,2048,1683675,0,4,4,ok
1,13,nvhe,4,578000,1795000,37000,38000,BIG=36000|MID=37000|usb_pwr_therm=29991|btmspkr_therm=29969|disp_therm=29969|north_therm=30793|soc_therm=33976|battery=30400|battery_cycle=5|dc-mains=34500|usbc-therm-adc=345|max77779fg=30400|LITTLE=37000|soc=8|smpl_gm=0|vdroop1=0|batoilo=0|batoilo2=0|batt_vs=30396|mdis_morepower=0|thb_hda=51|cp_on_chip_0=35000|cp_on_chip_1=36000|G3D=35000|cp_on_chip_2=36000|cp_on_chip_3=34000|cp_on_chip_4=34000|rf2_therm=32000|rf1_therm=33000|ISP=35000|TPU=36000|AUR=35000|rfpa_therm=31639|quiet_therm=32240|charging_therm=34065|,BIG=36000|MID=38000|usb_pwr_therm=29991|btmspkr_therm=29969|disp_therm=29969|north_therm=30793|soc_therm=33976|battery=30400|battery_cycle=5|dc-mains=34500|usbc-therm-adc=345|max77779fg=30400|LITTLE=36000|soc=8|smpl_gm=0|vdroop1=0|batoilo=0|batoilo2=0|batt_vs=30397|mdis_morepower=0|thb_hda=51|cp_on_chip_0=35000|cp_on_chip_1=36000|G3D=36000|cp_on_chip_2=36000|cp_on_chip_3=34000|cp_on_chip_4=34000|rf2_therm=32000|rf1_therm=33000|ISP=35000|TPU=36000|AUR=35000|rfpa_therm=31639|quiet_therm=32240|charging_therm=34065|,ok,39000,38000,0,38000,1,single,untouched,4096,2048,0,2048,15788,0,1018717,0,4,4,ok
1,13,nvhe,4,578000,1795000,37000,38000,BIG=36000|MID=37000|usb_pwr_therm=29991|btmspkr_therm=29969|disp_therm=29969|north_therm=30793|soc_therm=33976|battery=30400|battery_cycle=5|dc-mains=34500|usbc-therm-adc=345|max77779fg=30400|LITTLE=37000|soc=8|smpl_gm=0|vdroop1=0|batoilo=0|batoilo2=0|batt_vs=30396|mdis_morepower=0|thb_hda=51|cp_on_chip_0=35000|cp_on_chip_1=36000|G3D=35000|cp_on_chip_2=36000|cp_on_chip_3=34000|cp_on_chip_4=34000|rf2_therm=32000|rf1_therm=33000|ISP=35000|TPU=36000|AUR=35000|rfpa_therm=31639|quiet_therm=32240|charging_therm=34065|,BIG=36000|MID=38000|usb_pwr_therm=29991|btmspkr_therm=29969|disp_therm=29969|north_therm=30793|soc_therm=33976|battery=30400|battery_cycle=5|dc-mains=34500|usbc-therm-adc=345|max77779fg=30400|LITTLE=36000|soc=8|smpl_gm=0|vdroop1=0|batoilo=0|batoilo2=0|batt_vs=30397|mdis_morepower=0|thb_hda=51|cp_on_chip_0=35000|cp_on_chip_1=36000|G3D=36000|cp_on_chip_2=36000|cp_on_chip_3=34000|cp_on_chip_4=34000|rf2_therm=32000|rf1_therm=33000|ISP=35000|TPU=36000|AUR=35000|rfpa_therm=31639|quiet_therm=32240|charging_therm=34065|,ok,39000,38000,0,38000,1,single,untouched,4096,2048,1,2048,7202,0,1015869,0,4,4,ok
1,13,nvhe,4,578000,1795000,37000,38000,BIG=36000|MID=37000|usb_pwr_therm=29991|btmspkr_therm=29969|disp_therm=29969|north_therm=30793|soc_therm=33976|battery=30400|battery_cycle=5|dc-mains=34500|usbc-therm-adc=345|max77779fg=30400|LITTLE=37000|soc=8|smpl_gm=0|vdroop1=0|batoilo=0|batoilo2=0|batt_vs=30396|mdis_morepower=0|thb_hda=51|cp_on_chip_0=35000|cp_on_chip_1=36000|G3D=35000|cp_on_chip_2=36000|cp_on_chip_3=34000|cp_on_chip_4=34000|rf2_therm=32000|rf1_therm=33000|ISP=35000|TPU=36000|AUR=35000|rfpa_therm=31639|quiet_therm=32240|charging_therm=34065|,BIG=36000|MID=38000|usb_pwr_therm=29991|btmspkr_therm=29969|disp_therm=29969|north_therm=30793|soc_therm=33976|battery=30400|battery_cycle=5|dc-mains=34500|usbc-therm-adc=345|max77779fg=30400|LITTLE=36000|soc=8|smpl_gm=0|vdroop1=0|batoilo=0|batoilo2=0|batt_vs=30397|mdis_morepower=0|thb_hda=51|cp_on_chip_0=35000|cp_on_chip_1=36000|G3D=36000|cp_on_chip_2=36000|cp_on_chip_3=34000|cp_on_chip_4=34000|rf2_therm=32000|rf1_therm=33000|ISP=35000|TPU=36000|AUR=35000|rfpa_therm=31639|quiet_therm=32240|charging_therm=34065|,ok,39000,38000,0,38000,1,single,untouched,4096,2048,2,2048,9969,0,1055461,0,4,4,ok
1,13,nvhe,4,578000,1795000,37000,38000,BIG=36000|MID=37000|usb_pwr_therm=29991|btmspkr_therm=29969|disp_therm=29969|north_therm=30793|soc_therm=33976|battery=30400|battery_cycle=5|dc-mains=34500|usbc-therm-adc=345|max77779fg=30400|LITTLE=37000|soc=8|smpl_gm=0|vdroop1=0|batoilo=0|batoilo2=0|batt_vs=30396|mdis_morepower=0|thb_hda=51|cp_on_chip_0=35000|cp_on_chip_1=36000|G3D=35000|cp_on_chip_2=36000|cp_on_chip_3=34000|cp_on_chip_4=34000|rf2_therm=32000|rf1_therm=33000|ISP=35000|TPU=36000|AUR=35000|rfpa_therm=31639|quiet_therm=32240|charging_therm=34065|,BIG=36000|MID=38000|usb_pwr_therm=29991|btmspkr_therm=29969|disp_therm=29969|north_therm=30793|soc_therm=33976|battery=30400|battery_cycle=5|dc-mains=34500|usbc-therm-adc=345|max77779fg=30400|LITTLE=36000|soc=8|smpl_gm=0|vdroop1=0|batoilo=0|batoilo2=0|batt_vs=30397|mdis_morepower=0|thb_hda=51|cp_on_chip_0=35000|cp_on_chip_1=36000|G3D=36000|cp_on_chip_2=36000|cp_on_chip_3=34000|cp_on_chip_4=34000|rf2_therm=32000|rf1_therm=33000|ISP=35000|TPU=36000|AUR=35000|rfpa_therm=31639|quiet_therm=32240|charging_therm=34065|,ok,39000,38000,0,38000,1,single,untouched,4096,2048,3,2048,5940,0,1016398,0,4,4,ok
1,13,nvhe,4,578000,1795000,37000,38000,BIG=36000|MID=37000|usb_pwr_therm=29991|btmspkr_therm=29969|disp_therm=29969|north_therm=30793|soc_therm=33976|battery=30400|battery_cycle=5|dc-mains=34500|usbc-therm-adc=345|max77779fg=30400|LITTLE=37000|soc=8|smpl_gm=0|vdroop1=0|batoilo=0|batoilo2=0|batt_vs=30396|mdis_morepower=0|thb_hda=51|cp_on_chip_0=35000|cp_on_chip_1=36000|G3D=35000|cp_on_chip_2=36000|cp_on_chip_3=34000|cp_on_chip_4=34000|rf2_therm=32000|rf1_therm=33000|ISP=35000|TPU=36000|AUR=35000|rfpa_therm=31639|quiet_therm=32240|charging_therm=34065|,BIG=36000|MID=38000|usb_pwr_therm=29991|btmspkr_therm=29969|disp_therm=29969|north_therm=30793|soc_therm=33976|battery=30400|battery_cycle=5|dc-mains=34500|usbc-therm-adc=345|max77779fg=30400|LITTLE=36000|soc=8|smpl_gm=0|vdroop1=0|batoilo=0|batoilo2=0|batt_vs=30397|mdis_morepower=0|thb_hda=51|cp_on_chip_0=35000|cp_on_chip_1=36000|G3D=36000|cp_on_chip_2=36000|cp_on_chip_3=34000|cp_on_chip_4=34000|rf2_therm=32000|rf1_therm=33000|ISP=35000|TPU=36000|AUR=35000|rfpa_therm=31639|quiet_therm=32240|charging_therm=34065|,ok,39000,38000,0,38000,1,single,untouched,4096,2048,4,2048,32307,0,1014811,0,4,4,ok
1,13,nvhe,4,578000,1795000,37000,38000,BIG=36000|MID=37000|usb_pwr_therm=29991|btmspkr_therm=29969|disp_therm=29969|north_therm=30793|soc_therm=33976|battery=30400|battery_cycle=5|dc-mains=34500|usbc-therm-adc=345|max77779fg=30400|LITTLE=37000|soc=8|smpl_gm=0|vdroop1=0|batoilo=0|batoilo2=0|batt_vs=30396|mdis_morepower=0|thb_hda=51|cp_on_chip_0=35000|cp_on_chip_1=36000|G3D=35000|cp_on_chip_2=36000|cp_on_chip_3=34000|cp_on_chip_4=34000|rf2_therm=32000|rf1_therm=33000|ISP=35000|TPU=36000|AUR=35000|rfpa_therm=31639|quiet_therm=32240|charging_therm=34065|,BIG=36000|MID=38000|usb_pwr_therm=29991|btmspkr_therm=29969|disp_therm=29969|north_therm=30793|soc_therm=33976|battery=30400|battery_cycle=5|dc-mains=34500|usbc-therm-adc=345|max77779fg=30400|LITTLE=36000|soc=8|smpl_gm=0|vdroop1=0|batoilo=0|batoilo2=0|batt_vs=30397|mdis_morepower=0|thb_hda=51|cp_on_chip_0=35000|cp_on_chip_1=36000|G3D=36000|cp_on_chip_2=36000|cp_on_chip_3=34000|cp_on_chip_4=34000|rf2_therm=32000|rf1_therm=33000|ISP=35000|TPU=36000|AUR=35000|rfpa_therm=31639|quiet_therm=32240|charging_therm=34065|,ok,39000,38000,0,38000,1,single,untouched,4096,2048,5,2048,32878,0,1064819,0,4,4,ok
1,13,nvhe,4,578000,1795000,37000,38000,BIG=36000|MID=37000|usb_pwr_therm=29991|btmspkr_therm=29969|disp_therm=29969|north_therm=30793|soc_therm=33976|battery=30400|battery_cycle=5|dc-mains=34500|usbc-therm-adc=345|max77779fg=30400|LITTLE=37000|soc=8|smpl_gm=0|vdroop1=0|batoilo=0|batoilo2=0|batt_vs=30396|mdis_morepower=0|thb_hda=51|cp_on_chip_0=35000|cp_on_chip_1=36000|G3D=35000|cp_on_chip_2=36000|cp_on_chip_3=34000|cp_on_chip_4=34000|rf2_therm=32000|rf1_therm=33000|ISP=35000|TPU=36000|AUR=35000|rfpa_therm=31639|quiet_therm=32240|charging_therm=34065|,BIG=36000|MID=38000|usb_pwr_therm=29991|btmspkr_therm=29969|disp_therm=29969|north_therm=30793|soc_therm=33976|battery=30400|battery_cycle=5|dc-mains=34500|usbc-therm-adc=345|max77779fg=30400|LITTLE=36000|soc=8|smpl_gm=0|vdroop1=0|batoilo=0|batoilo2=0|batt_vs=30397|mdis_morepower=0|thb_hda=51|cp_on_chip_0=35000|cp_on_chip_1=36000|G3D=36000|cp_on_chip_2=36000|cp_on_chip_3=34000|cp_on_chip_4=34000|rf2_therm=32000|rf1_therm=33000|ISP=35000|TPU=36000|AUR=35000|rfpa_therm=31639|quiet_therm=32240|charging_therm=34065|,ok,39000,38000,0,38000,1,single,untouched,4096,2048,6,2048,4109,0,1016887,0,4,4,ok
1,13,nvhe,4,578000,1795000,37000,38000,BIG=36000|MID=37000|usb_pwr_therm=29991|btmspkr_therm=29969|disp_therm=29969|north_therm=30793|soc_therm=33976|battery=30400|battery_cycle=5|dc-mains=34500|usbc-therm-adc=345|max77779fg=30400|LITTLE=37000|soc=8|smpl_gm=0|vdroop1=0|batoilo=0|batoilo2=0|batt_vs=30396|mdis_morepower=0|thb_hda=51|cp_on_chip_0=35000|cp_on_chip_1=36000|G3D=35000|cp_on_chip_2=36000|cp_on_chip_3=34000|cp_on_chip_4=34000|rf2_therm=32000|rf1_therm=33000|ISP=35000|TPU=36000|AUR=35000|rfpa_therm=31639|quiet_therm=32240|charging_therm=34065|,BIG=36000|MID=38000|usb_pwr_therm=29991|btmspkr_therm=29969|disp_therm=29969|north_therm=30793|soc_therm=33976|battery=30400|battery_cycle=5|dc-mains=34500|usbc-therm-adc=345|max77779fg=30400|LITTLE=36000|soc=8|smpl_gm=0|vdroop1=0|batoilo=0|batoilo2=0|batt_vs=30397|mdis_morepower=0|thb_hda=51|cp_on_chip_0=35000|cp_on_chip_1=36000|G3D=36000|cp_on_chip_2=36000|cp_on_chip_3=34000|cp_on_chip_4=34000|rf2_therm=32000|rf1_therm=33000|ISP=35000|TPU=36000|AUR=35000|rfpa_therm=31639|quiet_therm=32240|charging_therm=34065|,ok,39000,38000,0,38000,1,single,untouched,4096,2048,7,2048,3662,0,1016399,0,4,4,ok
1,13,nvhe,4,578000,1795000,37000,38000,BIG=36000|MID=37000|usb_pwr_therm=29991|btmspkr_therm=29969|disp_therm=29969|north_therm=30793|soc_therm=33976|battery=30400|battery_cycle=5|dc-mains=34500|usbc-therm-adc=345|max77779fg=30400|LITTLE=37000|soc=8|smpl_gm=0|vdroop1=0|batoilo=0|batoilo2=0|batt_vs=30396|mdis_morepower=0|thb_hda=51|cp_on_chip_0=35000|cp_on_chip_1=36000|G3D=35000|cp_on_chip_2=36000|cp_on_chip_3=34000|cp_on_chip_4=34000|rf2_therm=32000|rf1_therm=33000|ISP=35000|TPU=36000|AUR=35000|rfpa_therm=31639|quiet_therm=32240|charging_therm=34065|,BIG=36000|MID=38000|usb_pwr_therm=29991|btmspkr_therm=29969|disp_therm=29969|north_therm=30793|soc_therm=33976|battery=30400|battery_cycle=5|dc-mains=34500|usbc-therm-adc=345|max77779fg=30400|LITTLE=36000|soc=8|smpl_gm=0|vdroop1=0|batoilo=0|batoilo2=0|batt_vs=30397|mdis_morepower=0|thb_hda=51|cp_on_chip_0=35000|cp_on_chip_1=36000|G3D=36000|cp_on_chip_2=36000|cp_on_chip_3=34000|cp_on_chip_4=34000|rf2_therm=32000|rf1_therm=33000|ISP=35000|TPU=36000|AUR=35000|rfpa_therm=31639|quiet_therm=32240|charging_therm=34065|,ok,39000,38000,0,38000,1,single,untouched,4096,2048,8,2048,3500,0,1016032,0,4,4,ok
1,13,nvhe,4,578000,1795000,37000,38000,BIG=36000|MID=37000|usb_pwr_therm=29991|btmspkr_therm=29969|disp_therm=29969|north_therm=30793|soc_therm=33976|battery=30400|battery_cycle=5|dc-mains=34500|usbc-therm-adc=345|max77779fg=30400|LITTLE=37000|soc=8|smpl_gm=0|vdroop1=0|batoilo=0|batoilo2=0|batt_vs=30396|mdis_morepower=0|thb_hda=51|cp_on_chip_0=35000|cp_on_chip_1=36000|G3D=35000|cp_on_chip_2=36000|cp_on_chip_3=34000|cp_on_chip_4=34000|rf2_therm=32000|rf1_therm=33000|ISP=35000|TPU=36000|AUR=35000|rfpa_therm=31639|quiet_therm=32240|charging_therm=34065|,BIG=36000|MID=38000|usb_pwr_therm=29991|btmspkr_therm=29969|disp_therm=29969|north_therm=30793|soc_therm=33976|battery=30400|battery_cycle=5|dc-mains=34500|usbc-therm-adc=345|max77779fg=30400|LITTLE=36000|soc=8|smpl_gm=0|vdroop1=0|batoilo=0|batoilo2=0|batt_vs=30397|mdis_morepower=0|thb_hda=51|cp_on_chip_0=35000|cp_on_chip_1=36000|G3D=36000|cp_on_chip_2=36000|cp_on_chip_3=34000|cp_on_chip_4=34000|rf2_therm=32000|rf1_therm=33000|ISP=35000|TPU=36000|AUR=35000|rfpa_therm=31639|quiet_therm=32240|charging_therm=34065|,ok,39000,38000,0,38000,1,single,untouched,4096,2048,9,2048,3499,0,1045654,0,4,4,ok
1,13,nvhe,4,578000,1795000,37000,38000,BIG=36000|MID=37000|usb_pwr_therm=29991|btmspkr_therm=29969|disp_therm=29969|north_therm=30793|soc_therm=33976|battery=30400|battery_cycle=5|dc-mains=34500|usbc-therm-adc=345|max77779fg=30400|LITTLE=37000|soc=8|smpl_gm=0|vdroop1=0|batoilo=0|batoilo2=0|batt_vs=30396|mdis_morepower=0|thb_hda=51|cp_on_chip_0=35000|cp_on_chip_1=36000|G3D=35000|cp_on_chip_2=36000|cp_on_chip_3=34000|cp_on_chip_4=34000|rf2_therm=32000|rf1_therm=33000|ISP=35000|TPU=36000|AUR=35000|rfpa_therm=31639|quiet_therm=32240|charging_therm=34065|,BIG=36000|MID=38000|usb_pwr_therm=29991|btmspkr_therm=29969|disp_therm=29969|north_therm=30793|soc_therm=33976|battery=30400|battery_cycle=5|dc-mains=34500|usbc-therm-adc=345|max77779fg=30400|LITTLE=36000|soc=8|smpl_gm=0|vdroop1=0|batoilo=0|batoilo2=0|batt_vs=30397|mdis_morepower=0|thb_hda=51|cp_on_chip_0=35000|cp_on_chip_1=36000|G3D=36000|cp_on_chip_2=36000|cp_on_chip_3=34000|cp_on_chip_4=34000|rf2_therm=32000|rf1_therm=33000|ISP=35000|TPU=36000|AUR=35000|rfpa_therm=31639|quiet_therm=32240|charging_therm=34065|,ok,39000,38000,0,38000,1,single,untouched,4096,2048,10,2048,4801,0,938761,0,4,4,ok
1,13,nvhe,4,578000,1795000,37000,38000,BIG=36000|MID=37000|usb_pwr_therm=29991|btmspkr_therm=29969|disp_therm=29969|north_therm=30793|soc_therm=33976|battery=30400|battery_cycle=5|dc-mains=34500|usbc-therm-adc=345|max77779fg=30400|LITTLE=37000|soc=8|smpl_gm=0|vdroop1=0|batoilo=0|batoilo2=0|batt_vs=30396|mdis_morepower=0|thb_hda=51|cp_on_chip_0=35000|cp_on_chip_1=36000|G3D=35000|cp_on_chip_2=36000|cp_on_chip_3=34000|cp_on_chip_4=34000|rf2_therm=32000|rf1_therm=33000|ISP=35000|TPU=36000|AUR=35000|rfpa_therm=31639|quiet_therm=32240|charging_therm=34065|,BIG=36000|MID=38000|usb_pwr_therm=29991|btmspkr_therm=29969|disp_therm=29969|north_therm=30793|soc_therm=33976|battery=30400|battery_cycle=5|dc-mains=34500|usbc-therm-adc=345|max77779fg=30400|LITTLE=36000|soc=8|smpl_gm=0|vdroop1=0|batoilo=0|batoilo2=0|batt_vs=30397|mdis_morepower=0|thb_hda=51|cp_on_chip_0=35000|cp_on_chip_1=36000|G3D=36000|cp_on_chip_2=36000|cp_on_chip_3=34000|cp_on_chip_4=34000|rf2_therm=32000|rf1_therm=33000|ISP=35000|TPU=36000|AUR=35000|rfpa_therm=31639|quiet_therm=32240|charging_therm=34065|,ok,39000,38000,0,38000,1,single,untouched,4096,2048,11,2048,3988,0,937297,0,4,4,ok
1,13,nvhe,4,578000,1795000,37000,38000,BIG=36000|MID=37000|usb_pwr_therm=29991|btmspkr_therm=29969|disp_therm=29969|north_therm=30793|soc_therm=33976|battery=30400|battery_cycle=5|dc-mains=34500|usbc-therm-adc=345|max77779fg=30400|LITTLE=37000|soc=8|smpl_gm=0|vdroop1=0|batoilo=0|batoilo2=0|batt_vs=30396|mdis_morepower=0|thb_hda=51|cp_on_chip_0=35000|cp_on_chip_1=36000|G3D=35000|cp_on_chip_2=36000|cp_on_chip_3=34000|cp_on_chip_4=34000|rf2_therm=32000|rf1_therm=33000|ISP=35000|TPU=36000|AUR=35000|rfpa_therm=31639|quiet_therm=32240|charging_therm=34065|,BIG=36000|MID=38000|usb_pwr_therm=29991|btmspkr_therm=29969|disp_therm=29969|north_therm=30793|soc_therm=33976|battery=30400|battery_cycle=5|dc-mains=34500|usbc-therm-adc=345|max77779fg=30400|LITTLE=36000|soc=8|smpl_gm=0|vdroop1=0|batoilo=0|batoilo2=0|batt_vs=30397|mdis_morepower=0|thb_hda=51|cp_on_chip_0=35000|cp_on_chip_1=36000|G3D=36000|cp_on_chip_2=36000|cp_on_chip_3=34000|cp_on_chip_4=34000|rf2_therm=32000|rf1_therm=33000|ISP=35000|TPU=36000|AUR=35000|rfpa_therm=31639|quiet_therm=32240|charging_therm=34065|,ok,39000,38000,0,38000,1,single,untouched,4096,2048,12,2048,3052,0,936889,0,4,4,ok
1,13,nvhe,4,578000,1795000,37000,38000,BIG=36000|MID=37000|usb_pwr_therm=29991|btmspkr_therm=29969|disp_therm=29969|north_therm=30793|soc_therm=33976|battery=30400|battery_cycle=5|dc-mains=34500|usbc-therm-adc=345|max77779fg=30400|LITTLE=37000|soc=8|smpl_gm=0|vdroop1=0|batoilo=0|batoilo2=0|batt_vs=30396|mdis_morepower=0|thb_hda=51|cp_on_chip_0=35000|cp_on_chip_1=36000|G3D=35000|cp_on_chip_2=36000|cp_on_chip_3=34000|cp_on_chip_4=34000|rf2_therm=32000|rf1_therm=33000|ISP=35000|TPU=36000|AUR=35000|rfpa_therm=31639|quiet_therm=32240|charging_therm=34065|,BIG=36000|MID=38000|usb_pwr_therm=29991|btmspkr_therm=29969|disp_therm=29969|north_therm=30793|soc_therm=33976|battery=30400|battery_cycle=5|dc-mains=34500|usbc-therm-adc=345|max77779fg=30400|LITTLE=36000|soc=8|smpl_gm=0|vdroop1=0|batoilo=0|batoilo2=0|batt_vs=30397|mdis_morepower=0|thb_hda=51|cp_on_chip_0=35000|cp_on_chip_1=36000|G3D=36000|cp_on_chip_2=36000|cp_on_chip_3=34000|cp_on_chip_4=34000|rf2_therm=32000|rf1_therm=33000|ISP=35000|TPU=36000|AUR=35000|rfpa_therm=31639|quiet_therm=32240|charging_therm=34065|,ok,39000,38000,0,38000,1,single,untouched,4096,2048,13,2048,3865,0,943238,0,4,4,ok
1,13,nvhe,4,578000,1795000,37000,38000,BIG=36000|MID=37000|usb_pwr_therm=29991|btmspkr_therm=29969|disp_therm=29969|north_therm=30793|soc_therm=33976|battery=30400|battery_cycle=5|dc-mains=34500|usbc-therm-adc=345|max77779fg=30400|LITTLE=37000|soc=8|smpl_gm=0|vdroop1=0|batoilo=0|batoilo2=0|batt_vs=30396|mdis_morepower=0|thb_hda=51|cp_on_chip_0=35000|cp_on_chip_1=36000|G3D=35000|cp_on_chip_2=36000|cp_on_chip_3=34000|cp_on_chip_4=34000|rf2_therm=32000|rf1_therm=33000|ISP=35000|TPU=36000|AUR=35000|rfpa_therm=31639|quiet_therm=32240|charging_therm=34065|,BIG=36000|MID=38000|usb_pwr_therm=29991|btmspkr_therm=29969|disp_therm=29969|north_therm=30793|soc_therm=33976|battery=30400|battery_cycle=5|dc-mains=34500|usbc-therm-adc=345|max77779fg=30400|LITTLE=36000|soc=8|smpl_gm=0|vdroop1=0|batoilo=0|batoilo2=0|batt_vs=30397|mdis_morepower=0|thb_hda=51|cp_on_chip_0=35000|cp_on_chip_1=36000|G3D=36000|cp_on_chip_2=36000|cp_on_chip_3=34000|cp_on_chip_4=34000|rf2_therm=32000|rf1_therm=33000|ISP=35000|TPU=36000|AUR=35000|rfpa_therm=31639|quiet_therm=32240|charging_therm=34065|,ok,39000,38000,0,38000,1,single,untouched,4096,2048,14,2048,2686,0,937052,0,4,4,ok
1,13,nvhe,4,578000,1795000,37000,38000,BIG=36000|MID=37000|usb_pwr_therm=29991|btmspkr_therm=29969|disp_therm=29969|north_therm=30793|soc_therm=33976|battery=30400|battery_cycle=5|dc-mains=34500|usbc-therm-adc=345|max77779fg=30400|LITTLE=37000|soc=8|smpl_gm=0|vdroop1=0|batoilo=0|batoilo2=0|batt_vs=30396|mdis_morepower=0|thb_hda=51|cp_on_chip_0=35000|cp_on_chip_1=36000|G3D=35000|cp_on_chip_2=36000|cp_on_chip_3=34000|cp_on_chip_4=34000|rf2_therm=32000|rf1_therm=33000|ISP=35000|TPU=36000|AUR=35000|rfpa_therm=31639|quiet_therm=32240|charging_therm=34065|,BIG=36000|MID=38000|usb_pwr_therm=29991|btmspkr_therm=29969|disp_therm=29969|north_therm=30793|soc_therm=33976|battery=30400|battery_cycle=5|dc-mains=34500|usbc-therm-adc=345|max77779fg=30400|LITTLE=36000|soc=8|smpl_gm=0|vdroop1=0|batoilo=0|batoilo2=0|batt_vs=30397|mdis_morepower=0|thb_hda=51|cp_on_chip_0=35000|cp_on_chip_1=36000|G3D=36000|cp_on_chip_2=36000|cp_on_chip_3=34000|cp_on_chip_4=34000|rf2_therm=32000|rf1_therm=33000|ISP=35000|TPU=36000|AUR=35000|rfpa_therm=31639|quiet_therm=32240|charging_therm=34065|,ok,39000,38000,0,38000,1,single,untouched,4096,2048,15,2048,3255,0,936686,0,4,4,ok
1,13,nvhe,4,578000,1795000,37000,38000,BIG=36000|MID=37000|usb_pwr_therm=29991|btmspkr_therm=29969|disp_therm=29969|north_therm=30793|soc_therm=33976|battery=30400|battery_cycle=5|dc-mains=34500|usbc-therm-adc=345|max77779fg=30400|LITTLE=37000|soc=8|smpl_gm=0|vdroop1=0|batoilo=0|batoilo2=0|batt_vs=30396|mdis_morepower=0|thb_hda=51|cp_on_chip_0=35000|cp_on_chip_1=36000|G3D=35000|cp_on_chip_2=36000|cp_on_chip_3=34000|cp_on_chip_4=34000|rf2_therm=32000|rf1_therm=33000|ISP=35000|TPU=36000|AUR=35000|rfpa_therm=31639|quiet_therm=32240|charging_therm=34065|,BIG=36000|MID=38000|usb_pwr_therm=29991|btmspkr_therm=29969|disp_therm=29969|north_therm=30793|soc_therm=33976|battery=30400|battery_cycle=5|dc-mains=34500|usbc-therm-adc=345|max77779fg=30400|LITTLE=36000|soc=8|smpl_gm=0|vdroop1=0|batoilo=0|batoilo2=0|batt_vs=30397|mdis_morepower=0|thb_hda=51|cp_on_chip_0=35000|cp_on_chip_1=36000|G3D=36000|cp_on_chip_2=36000|cp_on_chip_3=34000|cp_on_chip_4=34000|rf2_therm=32000|rf1_therm=33000|ISP=35000|TPU=36000|AUR=35000|rfpa_therm=31639|quiet_therm=32240|charging_therm=34065|,ok,39000,38000,0,38000,1,single,untouched,4096,2048,16,2048,4272,0,937582,0,4,4,ok
1,13,nvhe,4,578000,1795000,37000,38000,BIG=36000|MID=37000|usb_pwr_therm=29991|btmspkr_therm=29969|disp_therm=29969|north_therm=30793|soc_therm=33976|battery=30400|battery_cycle=5|dc-mains=34500|usbc-therm-adc=345|max77779fg=30400|LITTLE=37000|soc=8|smpl_gm=0|vdroop1=0|batoilo=0|batoilo2=0|batt_vs=30396|mdis_morepower=0|thb_hda=51|cp_on_chip_0=35000|cp_on_chip_1=36000|G3D=35000|cp_on_chip_2=36000|cp_on_chip_3=34000|cp_on_chip_4=34000|rf2_therm=32000|rf1_therm=33000|ISP=35000|TPU=36000|AUR=35000|rfpa_therm=31639|quiet_therm=32240|charging_therm=34065|,BIG=36000|MID=38000|usb_pwr_therm=29991|btmspkr_therm=29969|disp_therm=29969|north_therm=30793|soc_therm=33976|battery=30400|battery_cycle=5|dc-mains=34500|usbc-therm-adc=345|max77779fg=30400|LITTLE=36000|soc=8|smpl_gm=0|vdroop1=0|batoilo=0|batoilo2=0|batt_vs=30397|mdis_morepower=0|thb_hda=51|cp_on_chip_0=35000|cp_on_chip_1=36000|G3D=36000|cp_on_chip_2=36000|cp_on_chip_3=34000|cp_on_chip_4=34000|rf2_therm=32000|rf1_therm=33000|ISP=35000|TPU=36000|AUR=35000|rfpa_therm=31639|quiet_therm=32240|charging_therm=34065|,ok,39000,38000,0,38000,1,single,untouched,4096,2048,17,2048,3459,0,937256,0,4,4,ok
1,13,nvhe,4,578000,1795000,37000,38000,BIG=36000|MID=37000|usb_pwr_therm=29991|btmspkr_therm=29969|disp_therm=29969|north_therm=30793|soc_therm=33976|battery=30400|battery_cycle=5|dc-mains=34500|usbc-therm-adc=345|max77779fg=30400|LITTLE=37000|soc=8|smpl_gm=0|vdroop1=0|batoilo=0|batoilo2=0|batt_vs=30396|mdis_morepower=0|thb_hda=51|cp_on_chip_0=35000|cp_on_chip_1=36000|G3D=35000|cp_on_chip_2=36000|cp_on_chip_3=34000|cp_on_chip_4=34000|rf2_therm=32000|rf1_therm=33000|ISP=35000|TPU=36000|AUR=35000|rfpa_therm=31639|quiet_therm=32240|charging_therm=34065|,BIG=36000|MID=38000|usb_pwr_therm=29991|btmspkr_therm=29969|disp_therm=29969|north_therm=30793|soc_therm=33976|battery=30400|battery_cycle=5|dc-mains=34500|usbc-therm-adc=345|max77779fg=30400|LITTLE=36000|soc=8|smpl_gm=0|vdroop1=0|batoilo=0|batoilo2=0|batt_vs=30397|mdis_morepower=0|thb_hda=51|cp_on_chip_0=35000|cp_on_chip_1=36000|G3D=36000|cp_on_chip_2=36000|cp_on_chip_3=34000|cp_on_chip_4=34000|rf2_therm=32000|rf1_therm=33000|ISP=35000|TPU=36000|AUR=35000|rfpa_therm=31639|quiet_therm=32240|charging_therm=34065|,ok,39000,38000,0,38000,1,single,untouched,4096,2048,18,2048,5086,0,967285,0,4,4,ok
1,13,nvhe,4,578000,1795000,37000,38000,BIG=36000|MID=37000|usb_pwr_therm=29991|btmspkr_therm=29969|disp_therm=29969|north_therm=30793|soc_therm=33976|battery=30400|battery_cycle=5|dc-mains=34500|usbc-therm-adc=345|max77779fg=30400|LITTLE=37000|soc=8|smpl_gm=0|vdroop1=0|batoilo=0|batoilo2=0|batt_vs=30396|mdis_morepower=0|thb_hda=51|cp_on_chip_0=35000|cp_on_chip_1=36000|G3D=35000|cp_on_chip_2=36000|cp_on_chip_3=34000|cp_on_chip_4=34000|rf2_therm=32000|rf1_therm=33000|ISP=35000|TPU=36000|AUR=35000|rfpa_therm=31639|quiet_therm=32240|charging_therm=34065|,BIG=36000|MID=38000|usb_pwr_therm=29991|btmspkr_therm=29969|disp_therm=29969|north_therm=30793|soc_therm=33976|battery=30400|battery_cycle=5|dc-mains=34500|usbc-therm-adc=345|max77779fg=30400|LITTLE=36000|soc=8|smpl_gm=0|vdroop1=0|batoilo=0|batoilo2=0|batt_vs=30397|mdis_morepower=0|thb_hda=51|cp_on_chip_0=35000|cp_on_chip_1=36000|G3D=36000|cp_on_chip_2=36000|cp_on_chip_3=34000|cp_on_chip_4=34000|rf2_therm=32000|rf1_therm=33000|ISP=35000|TPU=36000|AUR=35000|rfpa_therm=31639|quiet_therm=32240|charging_therm=34065|,ok,39000,38000,0,38000,1,single,untouched,4096,2048,19,2048,4679,0,937255,0,4,4,ok
1,13,nvhe,4,578000,1795000,37000,38000,BIG=36000|MID=37000|usb_pwr_therm=29991|btmspkr_therm=29969|disp_therm=29969|north_therm=30793|soc_therm=33976|battery=30400|battery_cycle=5|dc-mains=34500|usbc-therm-adc=345|max77779fg=30400|LITTLE=37000|soc=8|smpl_gm=0|vdroop1=0|batoilo=0|batoilo2=0|batt_vs=30396|mdis_morepower=0|thb_hda=51|cp_on_chip_0=35000|cp_on_chip_1=36000|G3D=35000|cp_on_chip_2=36000|cp_on_chip_3=34000|cp_on_chip_4=34000|rf2_therm=32000|rf1_therm=33000|ISP=35000|TPU=36000|AUR=35000|rfpa_therm=31639|quiet_therm=32240|charging_therm=34065|,BIG=36000|MID=38000|usb_pwr_therm=29991|btmspkr_therm=29969|disp_therm=29969|north_therm=30793|soc_therm=33976|battery=30400|battery_cycle=5|dc-mains=34500|usbc-therm-adc=345|max77779fg=30400|LITTLE=36000|soc=8|smpl_gm=0|vdroop1=0|batoilo=0|batoilo2=0|batt_vs=30397|mdis_morepower=0|thb_hda=51|cp_on_chip_0=35000|cp_on_chip_1=36000|G3D=36000|cp_on_chip_2=36000|cp_on_chip_3=34000|cp_on_chip_4=34000|rf2_therm=32000|rf1_therm=33000|ISP=35000|TPU=36000|AUR=35000|rfpa_therm=31639|quiet_therm=32240|charging_therm=34065|,ok,39000,38000,0,38000,1,single,untouched,4096,2048,20,2048,3825,0,936605,0,4,4,ok
1,13,nvhe,4,578000,1795000,37000,38000,BIG=36000|MID=37000|usb_pwr_therm=29991|btmspkr_therm=29969|disp_therm=29969|north_therm=30793|soc_therm=33976|battery=30400|battery_cycle=5|dc-mains=34500|usbc-therm-adc=345|max77779fg=30400|LITTLE=37000|soc=8|smpl_gm=0|vdroop1=0|batoilo=0|batoilo2=0|batt_vs=30396|mdis_morepower=0|thb_hda=51|cp_on_chip_0=35000|cp_on_chip_1=36000|G3D=35000|cp_on_chip_2=36000|cp_on_chip_3=34000|cp_on_chip_4=34000|rf2_therm=32000|rf1_therm=33000|ISP=35000|TPU=36000|AUR=35000|rfpa_therm=31639|quiet_therm=32240|charging_therm=34065|,BIG=36000|MID=38000|usb_pwr_therm=29991|btmspkr_therm=29969|disp_therm=29969|north_therm=30793|soc_therm=33976|battery=30400|battery_cycle=5|dc-mains=34500|usbc-therm-adc=345|max77779fg=30400|LITTLE=36000|soc=8|smpl_gm=0|vdroop1=0|batoilo=0|batoilo2=0|batt_vs=30397|mdis_morepower=0|thb_hda=51|cp_on_chip_0=35000|cp_on_chip_1=36000|G3D=36000|cp_on_chip_2=36000|cp_on_chip_3=34000|cp_on_chip_4=34000|rf2_therm=32000|rf1_therm=33000|ISP=35000|TPU=36000|AUR=35000|rfpa_therm=31639|quiet_therm=32240|charging_therm=34065|,ok,39000,38000,0,38000,1,single,untouched,4096,2048,21,2048,3622,0,936971,0,4,4,ok
1,13,nvhe,4,578000,1795000,37000,38000,BIG=36000|MID=37000|usb_pwr_therm=29991|btmspkr_therm=29969|disp_therm=29969|north_therm=30793|soc_therm=33976|battery=30400|battery_cycle=5|dc-mains=34500|usbc-therm-adc=345|max77779fg=30400|LITTLE=37000|soc=8|smpl_gm=0|vdroop1=0|batoilo=0|batoilo2=0|batt_vs=30396|mdis_morepower=0|thb_hda=51|cp_on_chip_0=35000|cp_on_chip_1=36000|G3D=35000|cp_on_chip_2=36000|cp_on_chip_3=34000|cp_on_chip_4=34000|rf2_therm=32000|rf1_therm=33000|ISP=35000|TPU=36000|AUR=35000|rfpa_therm=31639|quiet_therm=32240|charging_therm=34065|,BIG=36000|MID=38000|usb_pwr_therm=29991|btmspkr_therm=29969|disp_therm=29969|north_therm=30793|soc_therm=33976|battery=30400|battery_cycle=5|dc-mains=34500|usbc-therm-adc=345|max77779fg=30400|LITTLE=36000|soc=8|smpl_gm=0|vdroop1=0|batoilo=0|batoilo2=0|batt_vs=30397|mdis_morepower=0|thb_hda=51|cp_on_chip_0=35000|cp_on_chip_1=36000|G3D=36000|cp_on_chip_2=36000|cp_on_chip_3=34000|cp_on_chip_4=34000|rf2_therm=32000|rf1_therm=33000|ISP=35000|TPU=36000|AUR=35000|rfpa_therm=31639|quiet_therm=32240|charging_therm=34065|,ok,39000,38000,0,38000,1,single,untouched,4096,2048,22,2048,4069,0,942505,0,4,4,ok
1,13,nvhe,4,578000,1795000,37000,38000,BIG=36000|MID=37000|usb_pwr_therm=29991|btmspkr_therm=29969|disp_therm=29969|north_therm=30793|soc_therm=33976|battery=30400|battery_cycle=5|dc-mains=34500|usbc-therm-adc=345|max77779fg=30400|LITTLE=37000|soc=8|smpl_gm=0|vdroop1=0|batoilo=0|batoilo2=0|batt_vs=30396|mdis_morepower=0|thb_hda=51|cp_on_chip_0=35000|cp_on_chip_1=36000|G3D=35000|cp_on_chip_2=36000|cp_on_chip_3=34000|cp_on_chip_4=34000|rf2_therm=32000|rf1_therm=33000|ISP=35000|TPU=36000|AUR=35000|rfpa_therm=31639|quiet_therm=32240|charging_therm=34065|,BIG=36000|MID=38000|usb_pwr_therm=29991|btmspkr_therm=29969|disp_therm=29969|north_therm=30793|soc_therm=33976|battery=30400|battery_cycle=5|dc-mains=34500|usbc-therm-adc=345|max77779fg=30400|LITTLE=36000|soc=8|smpl_gm=0|vdroop1=0|batoilo=0|batoilo2=0|batt_vs=30397|mdis_morepower=0|thb_hda=51|cp_on_chip_0=35000|cp_on_chip_1=36000|G3D=36000|cp_on_chip_2=36000|cp_on_chip_3=34000|cp_on_chip_4=34000|rf2_therm=32000|rf1_therm=33000|ISP=35000|TPU=36000|AUR=35000|rfpa_therm=31639|quiet_therm=32240|charging_therm=34065|,ok,39000,38000,0,38000,1,single,untouched,4096,2048,23,2048,4801,0,885213,0,4,4,ok
1,13,nvhe,4,578000,1795000,37000,38000,BIG=36000|MID=37000|usb_pwr_therm=29991|btmspkr_therm=29969|disp_therm=29969|north_therm=30793|soc_therm=33976|battery=30400|battery_cycle=5|dc-mains=34500|usbc-therm-adc=345|max77779fg=30400|LITTLE=37000|soc=8|smpl_gm=0|vdroop1=0|batoilo=0|batoilo2=0|batt_vs=30396|mdis_morepower=0|thb_hda=51|cp_on_chip_0=35000|cp_on_chip_1=36000|G3D=35000|cp_on_chip_2=36000|cp_on_chip_3=34000|cp_on_chip_4=34000|rf2_therm=32000|rf1_therm=33000|ISP=35000|TPU=36000|AUR=35000|rfpa_therm=31639|quiet_therm=32240|charging_therm=34065|,BIG=36000|MID=38000|usb_pwr_therm=29991|btmspkr_therm=29969|disp_therm=29969|north_therm=30793|soc_therm=33976|battery=30400|battery_cycle=5|dc-mains=34500|usbc-therm-adc=345|max77779fg=30400|LITTLE=36000|soc=8|smpl_gm=0|vdroop1=0|batoilo=0|batoilo2=0|batt_vs=30397|mdis_morepower=0|thb_hda=51|cp_on_chip_0=35000|cp_on_chip_1=36000|G3D=36000|cp_on_chip_2=36000|cp_on_chip_3=34000|cp_on_chip_4=34000|rf2_therm=32000|rf1_therm=33000|ISP=35000|TPU=36000|AUR=35000|rfpa_therm=31639|quiet_therm=32240|charging_therm=34065|,ok,39000,38000,0,38000,1,single,untouched,4096,2048,24,2048,2970,0,855917,0,4,4,ok
1,13,nvhe,4,578000,1795000,37000,38000,BIG=36000|MID=37000|usb_pwr_therm=29991|btmspkr_therm=29969|disp_therm=29969|north_therm=30793|soc_therm=33976|battery=30400|battery_cycle=5|dc-mains=34500|usbc-therm-adc=345|max77779fg=30400|LITTLE=37000|soc=8|smpl_gm=0|vdroop1=0|batoilo=0|batoilo2=0|batt_vs=30396|mdis_morepower=0|thb_hda=51|cp_on_chip_0=35000|cp_on_chip_1=36000|G3D=35000|cp_on_chip_2=36000|cp_on_chip_3=34000|cp_on_chip_4=34000|rf2_therm=32000|rf1_therm=33000|ISP=35000|TPU=36000|AUR=35000|rfpa_therm=31639|quiet_therm=32240|charging_therm=34065|,BIG=36000|MID=38000|usb_pwr_therm=29991|btmspkr_therm=29969|disp_therm=29969|north_therm=30793|soc_therm=33976|battery=30400|battery_cycle=5|dc-mains=34500|usbc-therm-adc=345|max77779fg=30400|LITTLE=36000|soc=8|smpl_gm=0|vdroop1=0|batoilo=0|batoilo2=0|batt_vs=30397|mdis_morepower=0|thb_hda=51|cp_on_chip_0=35000|cp_on_chip_1=36000|G3D=36000|cp_on_chip_2=36000|cp_on_chip_3=34000|cp_on_chip_4=34000|rf2_therm=32000|rf1_therm=33000|ISP=35000|TPU=36000|AUR=35000|rfpa_therm=31639|quiet_therm=32240|charging_therm=34065|,ok,39000,38000,0,38000,1,single,untouched,4096,2048,25,2048,3092,0,856120,0,4,4,ok
1,13,nvhe,4,578000,1795000,37000,38000,BIG=36000|MID=37000|usb_pwr_therm=29991|btmspkr_therm=29969|disp_therm=29969|north_therm=30793|soc_therm=33976|battery=30400|battery_cycle=5|dc-mains=34500|usbc-therm-adc=345|max77779fg=30400|LITTLE=37000|soc=8|smpl_gm=0|vdroop1=0|batoilo=0|batoilo2=0|batt_vs=30396|mdis_morepower=0|thb_hda=51|cp_on_chip_0=35000|cp_on_chip_1=36000|G3D=35000|cp_on_chip_2=36000|cp_on_chip_3=34000|cp_on_chip_4=34000|rf2_therm=32000|rf1_therm=33000|ISP=35000|TPU=36000|AUR=35000|rfpa_therm=31639|quiet_therm=32240|charging_therm=34065|,BIG=36000|MID=38000|usb_pwr_therm=29991|btmspkr_therm=29969|disp_therm=29969|north_therm=30793|soc_therm=33976|battery=30400|battery_cycle=5|dc-mains=34500|usbc-therm-adc=345|max77779fg=30400|LITTLE=36000|soc=8|smpl_gm=0|vdroop1=0|batoilo=0|batoilo2=0|batt_vs=30397|mdis_morepower=0|thb_hda=51|cp_on_chip_0=35000|cp_on_chip_1=36000|G3D=36000|cp_on_chip_2=36000|cp_on_chip_3=34000|cp_on_chip_4=34000|rf2_therm=32000|rf1_therm=33000|ISP=35000|TPU=36000|AUR=35000|rfpa_therm=31639|quiet_therm=32240|charging_therm=34065|,ok,39000,38000,0,38000,1,single,untouched,4096,2048,26,2048,3662,0,874594,0,4,4,ok
1,13,nvhe,4,578000,1795000,37000,38000,BIG=36000|MID=37000|usb_pwr_therm=29991|btmspkr_therm=29969|disp_therm=29969|north_therm=30793|soc_therm=33976|battery=30400|battery_cycle=5|dc-mains=34500|usbc-therm-adc=345|max77779fg=30400|LITTLE=37000|soc=8|smpl_gm=0|vdroop1=0|batoilo=0|batoilo2=0|batt_vs=30396|mdis_morepower=0|thb_hda=51|cp_on_chip_0=35000|cp_on_chip_1=36000|G3D=35000|cp_on_chip_2=36000|cp_on_chip_3=34000|cp_on_chip_4=34000|rf2_therm=32000|rf1_therm=33000|ISP=35000|TPU=36000|AUR=35000|rfpa_therm=31639|quiet_therm=32240|charging_therm=34065|,BIG=36000|MID=38000|usb_pwr_therm=29991|btmspkr_therm=29969|disp_therm=29969|north_therm=30793|soc_therm=33976|battery=30400|battery_cycle=5|dc-mains=34500|usbc-therm-adc=345|max77779fg=30400|LITTLE=36000|soc=8|smpl_gm=0|vdroop1=0|batoilo=0|batoilo2=0|batt_vs=30397|mdis_morepower=0|thb_hda=51|cp_on_chip_0=35000|cp_on_chip_1=36000|G3D=36000|cp_on_chip_2=36000|cp_on_chip_3=34000|cp_on_chip_4=34000|rf2_therm=32000|rf1_therm=33000|ISP=35000|TPU=36000|AUR=35000|rfpa_therm=31639|quiet_therm=32240|charging_therm=34065|,ok,39000,38000,0,38000,1,single,untouched,4096,2048,27,2048,2930,0,833415,0,4,4,ok
1,13,nvhe,4,578000,1795000,37000,38000,BIG=36000|MID=37000|usb_pwr_therm=29991|btmspkr_therm=29969|disp_therm=29969|north_therm=30793|soc_therm=33976|battery=30400|battery_cycle=5|dc-mains=34500|usbc-therm-adc=345|max77779fg=30400|LITTLE=37000|soc=8|smpl_gm=0|vdroop1=0|batoilo=0|batoilo2=0|batt_vs=30396|mdis_morepower=0|thb_hda=51|cp_on_chip_0=35000|cp_on_chip_1=36000|G3D=35000|cp_on_chip_2=36000|cp_on_chip_3=34000|cp_on_chip_4=34000|rf2_therm=32000|rf1_therm=33000|ISP=35000|TPU=36000|AUR=35000|rfpa_therm=31639|quiet_therm=32240|charging_therm=34065|,BIG=36000|MID=38000|usb_pwr_therm=29991|btmspkr_therm=29969|disp_therm=29969|north_therm=30793|soc_therm=33976|battery=30400|battery_cycle=5|dc-mains=34500|usbc-therm-adc=345|max77779fg=30400|LITTLE=36000|soc=8|smpl_gm=0|vdroop1=0|batoilo=0|batoilo2=0|batt_vs=30397|mdis_morepower=0|thb_hda=51|cp_on_chip_0=35000|cp_on_chip_1=36000|G3D=36000|cp_on_chip_2=36000|cp_on_chip_3=34000|cp_on_chip_4=34000|rf2_therm=32000|rf1_therm=33000|ISP=35000|TPU=36000|AUR=35000|rfpa_therm=31639|quiet_therm=32240|charging_therm=34065|,ok,39000,38000,0,38000,1,single,untouched,4096,2048,28,2048,3825,0,813232,0,4,4,ok
1,13,nvhe,4,578000,1795000,37000,38000,BIG=36000|MID=37000|usb_pwr_therm=29991|btmspkr_therm=29969|disp_therm=29969|north_therm=30793|soc_therm=33976|battery=30400|battery_cycle=5|dc-mains=34500|usbc-therm-adc=345|max77779fg=30400|LITTLE=37000|soc=8|smpl_gm=0|vdroop1=0|batoilo=0|batoilo2=0|batt_vs=30396|mdis_morepower=0|thb_hda=51|cp_on_chip_0=35000|cp_on_chip_1=36000|G3D=35000|cp_on_chip_2=36000|cp_on_chip_3=34000|cp_on_chip_4=34000|rf2_therm=32000|rf1_therm=33000|ISP=35000|TPU=36000|AUR=35000|rfpa_therm=31639|quiet_therm=32240|charging_therm=34065|,BIG=36000|MID=38000|usb_pwr_therm=29991|btmspkr_therm=29969|disp_therm=29969|north_therm=30793|soc_therm=33976|battery=30400|battery_cycle=5|dc-mains=34500|usbc-therm-adc=345|max77779fg=30400|LITTLE=36000|soc=8|smpl_gm=0|vdroop1=0|batoilo=0|batoilo2=0|batt_vs=30397|mdis_morepower=0|thb_hda=51|cp_on_chip_0=35000|cp_on_chip_1=36000|G3D=36000|cp_on_chip_2=36000|cp_on_chip_3=34000|cp_on_chip_4=34000|rf2_therm=32000|rf1_therm=33000|ISP=35000|TPU=36000|AUR=35000|rfpa_therm=31639|quiet_therm=32240|charging_therm=34065|,ok,39000,38000,0,38000,1,single,untouched,4096,2048,29,2048,3703,0,812581,0,4,4,ok
1,14,nvhe,4,910000,1549000,37000,37000,BIG=36000|MID=37000|usb_pwr_therm=29991|btmspkr_therm=29969|disp_therm=29969|north_therm=30793|soc_therm=34020|battery=30400|battery_cycle=5|dc-mains=34000|usbc-therm-adc=340|max77779fg=30400|LITTLE=36000|soc=8|smpl_gm=0|vdroop1=0|batoilo=0|batoilo2=0|batt_vs=30395|mdis_morepower=0|thb_hda=51|cp_on_chip_0=35000|cp_on_chip_1=36000|G3D=35000|cp_on_chip_2=36000|cp_on_chip_3=34000|cp_on_chip_4=34000|rf2_therm=32000|rf1_therm=33000|ISP=34000|TPU=35000|AUR=35000|rfpa_therm=31683|quiet_therm=32262|charging_therm=34087|,BIG=36000|MID=38000|usb_pwr_therm=29991|btmspkr_therm=29969|disp_therm=29969|north_therm=30793|soc_therm=34043|battery=30400|battery_cycle=5|dc-mains=34500|usbc-therm-adc=345|max77779fg=30400|LITTLE=36000|soc=8|smpl_gm=0|vdroop1=0|batoilo=0|batoilo2=0|batt_vs=30396|mdis_morepower=0|thb_hda=51|cp_on_chip_0=35000|cp_on_chip_1=36000|G3D=36000|cp_on_chip_2=36000|cp_on_chip_3=34000|cp_on_chip_4=34000|rf2_therm=32000|rf1_therm=33000|ISP=35000|TPU=35000|AUR=35000|rfpa_therm=31683|quiet_therm=32262|charging_therm=34087|,ok,39000,39000,5,36000,1,batched,untouched,4096,4096,0,1,26855,0,6958,0,4,4,ok
1,14,nvhe,4,910000,1549000,37000,37000,BIG=36000|MID=37000|usb_pwr_therm=29991|btmspkr_therm=29969|disp_therm=29969|north_therm=30793|soc_therm=34020|battery=30400|battery_cycle=5|dc-mains=34000|usbc-therm-adc=340|max77779fg=30400|LITTLE=36000|soc=8|smpl_gm=0|vdroop1=0|batoilo=0|batoilo2=0|batt_vs=30395|mdis_morepower=0|thb_hda=51|cp_on_chip_0=35000|cp_on_chip_1=36000|G3D=35000|cp_on_chip_2=36000|cp_on_chip_3=34000|cp_on_chip_4=34000|rf2_therm=32000|rf1_therm=33000|ISP=34000|TPU=35000|AUR=35000|rfpa_therm=31683|quiet_therm=32262|charging_therm=34087|,BIG=36000|MID=38000|usb_pwr_therm=29991|btmspkr_therm=29969|disp_therm=29969|north_therm=30793|soc_therm=34043|battery=30400|battery_cycle=5|dc-mains=34500|usbc-therm-adc=345|max77779fg=30400|LITTLE=36000|soc=8|smpl_gm=0|vdroop1=0|batoilo=0|batoilo2=0|batt_vs=30396|mdis_morepower=0|thb_hda=51|cp_on_chip_0=35000|cp_on_chip_1=36000|G3D=36000|cp_on_chip_2=36000|cp_on_chip_3=34000|cp_on_chip_4=34000|rf2_therm=32000|rf1_therm=33000|ISP=35000|TPU=35000|AUR=35000|rfpa_therm=31683|quiet_therm=32262|charging_therm=34087|,ok,39000,39000,5,36000,1,batched,untouched,4096,4096,1,1,9399,0,1465,0,4,4,ok
1,14,nvhe,4,910000,1549000,37000,37000,BIG=36000|MID=37000|usb_pwr_therm=29991|btmspkr_therm=29969|disp_therm=29969|north_therm=30793|soc_therm=34020|battery=30400|battery_cycle=5|dc-mains=34000|usbc-therm-adc=340|max77779fg=30400|LITTLE=36000|soc=8|smpl_gm=0|vdroop1=0|batoilo=0|batoilo2=0|batt_vs=30395|mdis_morepower=0|thb_hda=51|cp_on_chip_0=35000|cp_on_chip_1=36000|G3D=35000|cp_on_chip_2=36000|cp_on_chip_3=34000|cp_on_chip_4=34000|rf2_therm=32000|rf1_therm=33000|ISP=34000|TPU=35000|AUR=35000|rfpa_therm=31683|quiet_therm=32262|charging_therm=34087|,BIG=36000|MID=38000|usb_pwr_therm=29991|btmspkr_therm=29969|disp_therm=29969|north_therm=30793|soc_therm=34043|battery=30400|battery_cycle=5|dc-mains=34500|usbc-therm-adc=345|max77779fg=30400|LITTLE=36000|soc=8|smpl_gm=0|vdroop1=0|batoilo=0|batoilo2=0|batt_vs=30396|mdis_morepower=0|thb_hda=51|cp_on_chip_0=35000|cp_on_chip_1=36000|G3D=36000|cp_on_chip_2=36000|cp_on_chip_3=34000|cp_on_chip_4=34000|rf2_therm=32000|rf1_therm=33000|ISP=35000|TPU=35000|AUR=35000|rfpa_therm=31683|quiet_therm=32262|charging_therm=34087|,ok,39000,39000,5,36000,1,batched,untouched,4096,4096,2,1,8057,0,1465,0,4,4,ok
1,14,nvhe,4,910000,1549000,37000,37000,BIG=36000|MID=37000|usb_pwr_therm=29991|btmspkr_therm=29969|disp_therm=29969|north_therm=30793|soc_therm=34020|battery=30400|battery_cycle=5|dc-mains=34000|usbc-therm-adc=340|max77779fg=30400|LITTLE=36000|soc=8|smpl_gm=0|vdroop1=0|batoilo=0|batoilo2=0|batt_vs=30395|mdis_morepower=0|thb_hda=51|cp_on_chip_0=35000|cp_on_chip_1=36000|G3D=35000|cp_on_chip_2=36000|cp_on_chip_3=34000|cp_on_chip_4=34000|rf2_therm=32000|rf1_therm=33000|ISP=34000|TPU=35000|AUR=35000|rfpa_therm=31683|quiet_therm=32262|charging_therm=34087|,BIG=36000|MID=38000|usb_pwr_therm=29991|btmspkr_therm=29969|disp_therm=29969|north_therm=30793|soc_therm=34043|battery=30400|battery_cycle=5|dc-mains=34500|usbc-therm-adc=345|max77779fg=30400|LITTLE=36000|soc=8|smpl_gm=0|vdroop1=0|batoilo=0|batoilo2=0|batt_vs=30396|mdis_morepower=0|thb_hda=51|cp_on_chip_0=35000|cp_on_chip_1=36000|G3D=36000|cp_on_chip_2=36000|cp_on_chip_3=34000|cp_on_chip_4=34000|rf2_therm=32000|rf1_therm=33000|ISP=35000|TPU=35000|AUR=35000|rfpa_therm=31683|quiet_therm=32262|charging_therm=34087|,ok,39000,39000,5,36000,1,batched,untouched,4096,4096,3,1,5982,0,1505,0,4,4,ok
1,14,nvhe,4,910000,1549000,37000,37000,BIG=36000|MID=37000|usb_pwr_therm=29991|btmspkr_therm=29969|disp_therm=29969|north_therm=30793|soc_therm=34020|battery=30400|battery_cycle=5|dc-mains=34000|usbc-therm-adc=340|max77779fg=30400|LITTLE=36000|soc=8|smpl_gm=0|vdroop1=0|batoilo=0|batoilo2=0|batt_vs=30395|mdis_morepower=0|thb_hda=51|cp_on_chip_0=35000|cp_on_chip_1=36000|G3D=35000|cp_on_chip_2=36000|cp_on_chip_3=34000|cp_on_chip_4=34000|rf2_therm=32000|rf1_therm=33000|ISP=34000|TPU=35000|AUR=35000|rfpa_therm=31683|quiet_therm=32262|charging_therm=34087|,BIG=36000|MID=38000|usb_pwr_therm=29991|btmspkr_therm=29969|disp_therm=29969|north_therm=30793|soc_therm=34043|battery=30400|battery_cycle=5|dc-mains=34500|usbc-therm-adc=345|max77779fg=30400|LITTLE=36000|soc=8|smpl_gm=0|vdroop1=0|batoilo=0|batoilo2=0|batt_vs=30396|mdis_morepower=0|thb_hda=51|cp_on_chip_0=35000|cp_on_chip_1=36000|G3D=36000|cp_on_chip_2=36000|cp_on_chip_3=34000|cp_on_chip_4=34000|rf2_therm=32000|rf1_therm=33000|ISP=35000|TPU=35000|AUR=35000|rfpa_therm=31683|quiet_therm=32262|charging_therm=34087|,ok,39000,39000,5,36000,1,batched,untouched,4096,4096,4,1,5982,0,1383,0,4,4,ok
1,14,nvhe,4,910000,1549000,37000,37000,BIG=36000|MID=37000|usb_pwr_therm=29991|btmspkr_therm=29969|disp_therm=29969|north_therm=30793|soc_therm=34020|battery=30400|battery_cycle=5|dc-mains=34000|usbc-therm-adc=340|max77779fg=30400|LITTLE=36000|soc=8|smpl_gm=0|vdroop1=0|batoilo=0|batoilo2=0|batt_vs=30395|mdis_morepower=0|thb_hda=51|cp_on_chip_0=35000|cp_on_chip_1=36000|G3D=35000|cp_on_chip_2=36000|cp_on_chip_3=34000|cp_on_chip_4=34000|rf2_therm=32000|rf1_therm=33000|ISP=34000|TPU=35000|AUR=35000|rfpa_therm=31683|quiet_therm=32262|charging_therm=34087|,BIG=36000|MID=38000|usb_pwr_therm=29991|btmspkr_therm=29969|disp_therm=29969|north_therm=30793|soc_therm=34043|battery=30400|battery_cycle=5|dc-mains=34500|usbc-therm-adc=345|max77779fg=30400|LITTLE=36000|soc=8|smpl_gm=0|vdroop1=0|batoilo=0|batoilo2=0|batt_vs=30396|mdis_morepower=0|thb_hda=51|cp_on_chip_0=35000|cp_on_chip_1=36000|G3D=36000|cp_on_chip_2=36000|cp_on_chip_3=34000|cp_on_chip_4=34000|rf2_therm=32000|rf1_therm=33000|ISP=35000|TPU=35000|AUR=35000|rfpa_therm=31683|quiet_therm=32262|charging_therm=34087|,ok,39000,39000,5,36000,1,batched,untouched,4096,4096,5,1,7121,0,1343,0,4,4,ok
1,14,nvhe,4,910000,1549000,37000,37000,BIG=36000|MID=37000|usb_pwr_therm=29991|btmspkr_therm=29969|disp_therm=29969|north_therm=30793|soc_therm=34020|battery=30400|battery_cycle=5|dc-mains=34000|usbc-therm-adc=340|max77779fg=30400|LITTLE=36000|soc=8|smpl_gm=0|vdroop1=0|batoilo=0|batoilo2=0|batt_vs=30395|mdis_morepower=0|thb_hda=51|cp_on_chip_0=35000|cp_on_chip_1=36000|G3D=35000|cp_on_chip_2=36000|cp_on_chip_3=34000|cp_on_chip_4=34000|rf2_therm=32000|rf1_therm=33000|ISP=34000|TPU=35000|AUR=35000|rfpa_therm=31683|quiet_therm=32262|charging_therm=34087|,BIG=36000|MID=38000|usb_pwr_therm=29991|btmspkr_therm=29969|disp_therm=29969|north_therm=30793|soc_therm=34043|battery=30400|battery_cycle=5|dc-mains=34500|usbc-therm-adc=345|max77779fg=30400|LITTLE=36000|soc=8|smpl_gm=0|vdroop1=0|batoilo=0|batoilo2=0|batt_vs=30396|mdis_morepower=0|thb_hda=51|cp_on_chip_0=35000|cp_on_chip_1=36000|G3D=36000|cp_on_chip_2=36000|cp_on_chip_3=34000|cp_on_chip_4=34000|rf2_therm=32000|rf1_therm=33000|ISP=35000|TPU=35000|AUR=35000|rfpa_therm=31683|quiet_therm=32262|charging_therm=34087|,ok,39000,39000,5,36000,1,batched,untouched,4096,4096,6,1,5575,0,1383,0,4,4,ok
1,14,nvhe,4,910000,1549000,37000,37000,BIG=36000|MID=37000|usb_pwr_therm=29991|btmspkr_therm=29969|disp_therm=29969|north_therm=30793|soc_therm=34020|battery=30400|battery_cycle=5|dc-mains=34000|usbc-therm-adc=340|max77779fg=30400|LITTLE=36000|soc=8|smpl_gm=0|vdroop1=0|batoilo=0|batoilo2=0|batt_vs=30395|mdis_morepower=0|thb_hda=51|cp_on_chip_0=35000|cp_on_chip_1=36000|G3D=35000|cp_on_chip_2=36000|cp_on_chip_3=34000|cp_on_chip_4=34000|rf2_therm=32000|rf1_therm=33000|ISP=34000|TPU=35000|AUR=35000|rfpa_therm=31683|quiet_therm=32262|charging_therm=34087|,BIG=36000|MID=38000|usb_pwr_therm=29991|btmspkr_therm=29969|disp_therm=29969|north_therm=30793|soc_therm=34043|battery=30400|battery_cycle=5|dc-mains=34500|usbc-therm-adc=345|max77779fg=30400|LITTLE=36000|soc=8|smpl_gm=0|vdroop1=0|batoilo=0|batoilo2=0|batt_vs=30396|mdis_morepower=0|thb_hda=51|cp_on_chip_0=35000|cp_on_chip_1=36000|G3D=36000|cp_on_chip_2=36000|cp_on_chip_3=34000|cp_on_chip_4=34000|rf2_therm=32000|rf1_therm=33000|ISP=35000|TPU=35000|AUR=35000|rfpa_therm=31683|quiet_therm=32262|charging_therm=34087|,ok,39000,39000,5,36000,1,batched,untouched,4096,4096,7,1,5981,0,1383,0,4,4,ok
1,14,nvhe,4,910000,1549000,37000,37000,BIG=36000|MID=37000|usb_pwr_therm=29991|btmspkr_therm=29969|disp_therm=29969|north_therm=30793|soc_therm=34020|battery=30400|battery_cycle=5|dc-mains=34000|usbc-therm-adc=340|max77779fg=30400|LITTLE=36000|soc=8|smpl_gm=0|vdroop1=0|batoilo=0|batoilo2=0|batt_vs=30395|mdis_morepower=0|thb_hda=51|cp_on_chip_0=35000|cp_on_chip_1=36000|G3D=35000|cp_on_chip_2=36000|cp_on_chip_3=34000|cp_on_chip_4=34000|rf2_therm=32000|rf1_therm=33000|ISP=34000|TPU=35000|AUR=35000|rfpa_therm=31683|quiet_therm=32262|charging_therm=34087|,BIG=36000|MID=38000|usb_pwr_therm=29991|btmspkr_therm=29969|disp_therm=29969|north_therm=30793|soc_therm=34043|battery=30400|battery_cycle=5|dc-mains=34500|usbc-therm-adc=345|max77779fg=30400|LITTLE=36000|soc=8|smpl_gm=0|vdroop1=0|batoilo=0|batoilo2=0|batt_vs=30396|mdis_morepower=0|thb_hda=51|cp_on_chip_0=35000|cp_on_chip_1=36000|G3D=36000|cp_on_chip_2=36000|cp_on_chip_3=34000|cp_on_chip_4=34000|rf2_therm=32000|rf1_therm=33000|ISP=35000|TPU=35000|AUR=35000|rfpa_therm=31683|quiet_therm=32262|charging_therm=34087|,ok,39000,39000,5,36000,1,batched,untouched,4096,4096,8,1,7040,0,1343,0,4,4,ok
1,14,nvhe,4,910000,1549000,37000,37000,BIG=36000|MID=37000|usb_pwr_therm=29991|btmspkr_therm=29969|disp_therm=29969|north_therm=30793|soc_therm=34020|battery=30400|battery_cycle=5|dc-mains=34000|usbc-therm-adc=340|max77779fg=30400|LITTLE=36000|soc=8|smpl_gm=0|vdroop1=0|batoilo=0|batoilo2=0|batt_vs=30395|mdis_morepower=0|thb_hda=51|cp_on_chip_0=35000|cp_on_chip_1=36000|G3D=35000|cp_on_chip_2=36000|cp_on_chip_3=34000|cp_on_chip_4=34000|rf2_therm=32000|rf1_therm=33000|ISP=34000|TPU=35000|AUR=35000|rfpa_therm=31683|quiet_therm=32262|charging_therm=34087|,BIG=36000|MID=38000|usb_pwr_therm=29991|btmspkr_therm=29969|disp_therm=29969|north_therm=30793|soc_therm=34043|battery=30400|battery_cycle=5|dc-mains=34500|usbc-therm-adc=345|max77779fg=30400|LITTLE=36000|soc=8|smpl_gm=0|vdroop1=0|batoilo=0|batoilo2=0|batt_vs=30396|mdis_morepower=0|thb_hda=51|cp_on_chip_0=35000|cp_on_chip_1=36000|G3D=36000|cp_on_chip_2=36000|cp_on_chip_3=34000|cp_on_chip_4=34000|rf2_therm=32000|rf1_therm=33000|ISP=35000|TPU=35000|AUR=35000|rfpa_therm=31683|quiet_therm=32262|charging_therm=34087|,ok,39000,39000,5,36000,1,batched,untouched,4096,4096,9,1,8220,0,1424,0,4,4,ok
1,14,nvhe,4,910000,1549000,37000,37000,BIG=36000|MID=37000|usb_pwr_therm=29991|btmspkr_therm=29969|disp_therm=29969|north_therm=30793|soc_therm=34020|battery=30400|battery_cycle=5|dc-mains=34000|usbc-therm-adc=340|max77779fg=30400|LITTLE=36000|soc=8|smpl_gm=0|vdroop1=0|batoilo=0|batoilo2=0|batt_vs=30395|mdis_morepower=0|thb_hda=51|cp_on_chip_0=35000|cp_on_chip_1=36000|G3D=35000|cp_on_chip_2=36000|cp_on_chip_3=34000|cp_on_chip_4=34000|rf2_therm=32000|rf1_therm=33000|ISP=34000|TPU=35000|AUR=35000|rfpa_therm=31683|quiet_therm=32262|charging_therm=34087|,BIG=36000|MID=38000|usb_pwr_therm=29991|btmspkr_therm=29969|disp_therm=29969|north_therm=30793|soc_therm=34043|battery=30400|battery_cycle=5|dc-mains=34500|usbc-therm-adc=345|max77779fg=30400|LITTLE=36000|soc=8|smpl_gm=0|vdroop1=0|batoilo=0|batoilo2=0|batt_vs=30396|mdis_morepower=0|thb_hda=51|cp_on_chip_0=35000|cp_on_chip_1=36000|G3D=36000|cp_on_chip_2=36000|cp_on_chip_3=34000|cp_on_chip_4=34000|rf2_therm=32000|rf1_therm=33000|ISP=35000|TPU=35000|AUR=35000|rfpa_therm=31683|quiet_therm=32262|charging_therm=34087|,ok,39000,39000,5,36000,1,batched,untouched,4096,4096,10,1,8464,0,1343,0,4,4,ok
1,14,nvhe,4,910000,1549000,37000,37000,BIG=36000|MID=37000|usb_pwr_therm=29991|btmspkr_therm=29969|disp_therm=29969|north_therm=30793|soc_therm=34020|battery=30400|battery_cycle=5|dc-mains=34000|usbc-therm-adc=340|max77779fg=30400|LITTLE=36000|soc=8|smpl_gm=0|vdroop1=0|batoilo=0|batoilo2=0|batt_vs=30395|mdis_morepower=0|thb_hda=51|cp_on_chip_0=35000|cp_on_chip_1=36000|G3D=35000|cp_on_chip_2=36000|cp_on_chip_3=34000|cp_on_chip_4=34000|rf2_therm=32000|rf1_therm=33000|ISP=34000|TPU=35000|AUR=35000|rfpa_therm=31683|quiet_therm=32262|charging_therm=34087|,BIG=36000|MID=38000|usb_pwr_therm=29991|btmspkr_therm=29969|disp_therm=29969|north_therm=30793|soc_therm=34043|battery=30400|battery_cycle=5|dc-mains=34500|usbc-therm-adc=345|max77779fg=30400|LITTLE=36000|soc=8|smpl_gm=0|vdroop1=0|batoilo=0|batoilo2=0|batt_vs=30396|mdis_morepower=0|thb_hda=51|cp_on_chip_0=35000|cp_on_chip_1=36000|G3D=36000|cp_on_chip_2=36000|cp_on_chip_3=34000|cp_on_chip_4=34000|rf2_therm=32000|rf1_therm=33000|ISP=35000|TPU=35000|AUR=35000|rfpa_therm=31683|quiet_therm=32262|charging_therm=34087|,ok,39000,39000,5,36000,1,batched,untouched,4096,4096,11,1,6592,0,1343,0,4,4,ok
1,14,nvhe,4,910000,1549000,37000,37000,BIG=36000|MID=37000|usb_pwr_therm=29991|btmspkr_therm=29969|disp_therm=29969|north_therm=30793|soc_therm=34020|battery=30400|battery_cycle=5|dc-mains=34000|usbc-therm-adc=340|max77779fg=30400|LITTLE=36000|soc=8|smpl_gm=0|vdroop1=0|batoilo=0|batoilo2=0|batt_vs=30395|mdis_morepower=0|thb_hda=51|cp_on_chip_0=35000|cp_on_chip_1=36000|G3D=35000|cp_on_chip_2=36000|cp_on_chip_3=34000|cp_on_chip_4=34000|rf2_therm=32000|rf1_therm=33000|ISP=34000|TPU=35000|AUR=35000|rfpa_therm=31683|quiet_therm=32262|charging_therm=34087|,BIG=36000|MID=38000|usb_pwr_therm=29991|btmspkr_therm=29969|disp_therm=29969|north_therm=30793|soc_therm=34043|battery=30400|battery_cycle=5|dc-mains=34500|usbc-therm-adc=345|max77779fg=30400|LITTLE=36000|soc=8|smpl_gm=0|vdroop1=0|batoilo=0|batoilo2=0|batt_vs=30396|mdis_morepower=0|thb_hda=51|cp_on_chip_0=35000|cp_on_chip_1=36000|G3D=36000|cp_on_chip_2=36000|cp_on_chip_3=34000|cp_on_chip_4=34000|rf2_therm=32000|rf1_therm=33000|ISP=35000|TPU=35000|AUR=35000|rfpa_therm=31683|quiet_therm=32262|charging_therm=34087|,ok,39000,39000,5,36000,1,batched,untouched,4096,4096,12,1,6592,0,1343,0,4,4,ok
1,14,nvhe,4,910000,1549000,37000,37000,BIG=36000|MID=37000|usb_pwr_therm=29991|btmspkr_therm=29969|disp_therm=29969|north_therm=30793|soc_therm=34020|battery=30400|battery_cycle=5|dc-mains=34000|usbc-therm-adc=340|max77779fg=30400|LITTLE=36000|soc=8|smpl_gm=0|vdroop1=0|batoilo=0|batoilo2=0|batt_vs=30395|mdis_morepower=0|thb_hda=51|cp_on_chip_0=35000|cp_on_chip_1=36000|G3D=35000|cp_on_chip_2=36000|cp_on_chip_3=34000|cp_on_chip_4=34000|rf2_therm=32000|rf1_therm=33000|ISP=34000|TPU=35000|AUR=35000|rfpa_therm=31683|quiet_therm=32262|charging_therm=34087|,BIG=36000|MID=38000|usb_pwr_therm=29991|btmspkr_therm=29969|disp_therm=29969|north_therm=30793|soc_therm=34043|battery=30400|battery_cycle=5|dc-mains=34500|usbc-therm-adc=345|max77779fg=30400|LITTLE=36000|soc=8|smpl_gm=0|vdroop1=0|batoilo=0|batoilo2=0|batt_vs=30396|mdis_morepower=0|thb_hda=51|cp_on_chip_0=35000|cp_on_chip_1=36000|G3D=36000|cp_on_chip_2=36000|cp_on_chip_3=34000|cp_on_chip_4=34000|rf2_therm=32000|rf1_therm=33000|ISP=35000|TPU=35000|AUR=35000|rfpa_therm=31683|quiet_therm=32262|charging_therm=34087|,ok,39000,39000,5,36000,1,batched,untouched,4096,4096,13,1,6714,0,1384,0,4,4,ok
1,14,nvhe,4,910000,1549000,37000,37000,BIG=36000|MID=37000|usb_pwr_therm=29991|btmspkr_therm=29969|disp_therm=29969|north_therm=30793|soc_therm=34020|battery=30400|battery_cycle=5|dc-mains=34000|usbc-therm-adc=340|max77779fg=30400|LITTLE=36000|soc=8|smpl_gm=0|vdroop1=0|batoilo=0|batoilo2=0|batt_vs=30395|mdis_morepower=0|thb_hda=51|cp_on_chip_0=35000|cp_on_chip_1=36000|G3D=35000|cp_on_chip_2=36000|cp_on_chip_3=34000|cp_on_chip_4=34000|rf2_therm=32000|rf1_therm=33000|ISP=34000|TPU=35000|AUR=35000|rfpa_therm=31683|quiet_therm=32262|charging_therm=34087|,BIG=36000|MID=38000|usb_pwr_therm=29991|btmspkr_therm=29969|disp_therm=29969|north_therm=30793|soc_therm=34043|battery=30400|battery_cycle=5|dc-mains=34500|usbc-therm-adc=345|max77779fg=30400|LITTLE=36000|soc=8|smpl_gm=0|vdroop1=0|batoilo=0|batoilo2=0|batt_vs=30396|mdis_morepower=0|thb_hda=51|cp_on_chip_0=35000|cp_on_chip_1=36000|G3D=36000|cp_on_chip_2=36000|cp_on_chip_3=34000|cp_on_chip_4=34000|rf2_therm=32000|rf1_therm=33000|ISP=35000|TPU=35000|AUR=35000|rfpa_therm=31683|quiet_therm=32262|charging_therm=34087|,ok,39000,39000,5,36000,1,batched,untouched,4096,4096,14,1,6063,0,1383,0,4,4,ok
1,14,nvhe,4,910000,1549000,37000,37000,BIG=36000|MID=37000|usb_pwr_therm=29991|btmspkr_therm=29969|disp_therm=29969|north_therm=30793|soc_therm=34020|battery=30400|battery_cycle=5|dc-mains=34000|usbc-therm-adc=340|max77779fg=30400|LITTLE=36000|soc=8|smpl_gm=0|vdroop1=0|batoilo=0|batoilo2=0|batt_vs=30395|mdis_morepower=0|thb_hda=51|cp_on_chip_0=35000|cp_on_chip_1=36000|G3D=35000|cp_on_chip_2=36000|cp_on_chip_3=34000|cp_on_chip_4=34000|rf2_therm=32000|rf1_therm=33000|ISP=34000|TPU=35000|AUR=35000|rfpa_therm=31683|quiet_therm=32262|charging_therm=34087|,BIG=36000|MID=38000|usb_pwr_therm=29991|btmspkr_therm=29969|disp_therm=29969|north_therm=30793|soc_therm=34043|battery=30400|battery_cycle=5|dc-mains=34500|usbc-therm-adc=345|max77779fg=30400|LITTLE=36000|soc=8|smpl_gm=0|vdroop1=0|batoilo=0|batoilo2=0|batt_vs=30396|mdis_morepower=0|thb_hda=51|cp_on_chip_0=35000|cp_on_chip_1=36000|G3D=36000|cp_on_chip_2=36000|cp_on_chip_3=34000|cp_on_chip_4=34000|rf2_therm=32000|rf1_therm=33000|ISP=35000|TPU=35000|AUR=35000|rfpa_therm=31683|quiet_therm=32262|charging_therm=34087|,ok,39000,39000,5,36000,1,batched,untouched,4096,4096,15,1,6226,0,1383,0,4,4,ok
1,14,nvhe,4,910000,1549000,37000,37000,BIG=36000|MID=37000|usb_pwr_therm=29991|btmspkr_therm=29969|disp_therm=29969|north_therm=30793|soc_therm=34020|battery=30400|battery_cycle=5|dc-mains=34000|usbc-therm-adc=340|max77779fg=30400|LITTLE=36000|soc=8|smpl_gm=0|vdroop1=0|batoilo=0|batoilo2=0|batt_vs=30395|mdis_morepower=0|thb_hda=51|cp_on_chip_0=35000|cp_on_chip_1=36000|G3D=35000|cp_on_chip_2=36000|cp_on_chip_3=34000|cp_on_chip_4=34000|rf2_therm=32000|rf1_therm=33000|ISP=34000|TPU=35000|AUR=35000|rfpa_therm=31683|quiet_therm=32262|charging_therm=34087|,BIG=36000|MID=38000|usb_pwr_therm=29991|btmspkr_therm=29969|disp_therm=29969|north_therm=30793|soc_therm=34043|battery=30400|battery_cycle=5|dc-mains=34500|usbc-therm-adc=345|max77779fg=30400|LITTLE=36000|soc=8|smpl_gm=0|vdroop1=0|batoilo=0|batoilo2=0|batt_vs=30396|mdis_morepower=0|thb_hda=51|cp_on_chip_0=35000|cp_on_chip_1=36000|G3D=36000|cp_on_chip_2=36000|cp_on_chip_3=34000|cp_on_chip_4=34000|rf2_therm=32000|rf1_therm=33000|ISP=35000|TPU=35000|AUR=35000|rfpa_therm=31683|quiet_therm=32262|charging_therm=34087|,ok,39000,39000,5,36000,1,batched,untouched,4096,4096,16,1,6877,0,1343,0,4,4,ok
1,14,nvhe,4,910000,1549000,37000,37000,BIG=36000|MID=37000|usb_pwr_therm=29991|btmspkr_therm=29969|disp_therm=29969|north_therm=30793|soc_therm=34020|battery=30400|battery_cycle=5|dc-mains=34000|usbc-therm-adc=340|max77779fg=30400|LITTLE=36000|soc=8|smpl_gm=0|vdroop1=0|batoilo=0|batoilo2=0|batt_vs=30395|mdis_morepower=0|thb_hda=51|cp_on_chip_0=35000|cp_on_chip_1=36000|G3D=35000|cp_on_chip_2=36000|cp_on_chip_3=34000|cp_on_chip_4=34000|rf2_therm=32000|rf1_therm=33000|ISP=34000|TPU=35000|AUR=35000|rfpa_therm=31683|quiet_therm=32262|charging_therm=34087|,BIG=36000|MID=38000|usb_pwr_therm=29991|btmspkr_therm=29969|disp_therm=29969|north_therm=30793|soc_therm=34043|battery=30400|battery_cycle=5|dc-mains=34500|usbc-therm-adc=345|max77779fg=30400|LITTLE=36000|soc=8|smpl_gm=0|vdroop1=0|batoilo=0|batoilo2=0|batt_vs=30396|mdis_morepower=0|thb_hda=51|cp_on_chip_0=35000|cp_on_chip_1=36000|G3D=36000|cp_on_chip_2=36000|cp_on_chip_3=34000|cp_on_chip_4=34000|rf2_therm=32000|rf1_therm=33000|ISP=35000|TPU=35000|AUR=35000|rfpa_therm=31683|quiet_therm=32262|charging_therm=34087|,ok,39000,39000,5,36000,1,batched,untouched,4096,4096,17,1,5900,0,1343,0,4,4,ok
1,14,nvhe,4,910000,1549000,37000,37000,BIG=36000|MID=37000|usb_pwr_therm=29991|btmspkr_therm=29969|disp_therm=29969|north_therm=30793|soc_therm=34020|battery=30400|battery_cycle=5|dc-mains=34000|usbc-therm-adc=340|max77779fg=30400|LITTLE=36000|soc=8|smpl_gm=0|vdroop1=0|batoilo=0|batoilo2=0|batt_vs=30395|mdis_morepower=0|thb_hda=51|cp_on_chip_0=35000|cp_on_chip_1=36000|G3D=35000|cp_on_chip_2=36000|cp_on_chip_3=34000|cp_on_chip_4=34000|rf2_therm=32000|rf1_therm=33000|ISP=34000|TPU=35000|AUR=35000|rfpa_therm=31683|quiet_therm=32262|charging_therm=34087|,BIG=36000|MID=38000|usb_pwr_therm=29991|btmspkr_therm=29969|disp_therm=29969|north_therm=30793|soc_therm=34043|battery=30400|battery_cycle=5|dc-mains=34500|usbc-therm-adc=345|max77779fg=30400|LITTLE=36000|soc=8|smpl_gm=0|vdroop1=0|batoilo=0|batoilo2=0|batt_vs=30396|mdis_morepower=0|thb_hda=51|cp_on_chip_0=35000|cp_on_chip_1=36000|G3D=36000|cp_on_chip_2=36000|cp_on_chip_3=34000|cp_on_chip_4=34000|rf2_therm=32000|rf1_therm=33000|ISP=35000|TPU=35000|AUR=35000|rfpa_therm=31683|quiet_therm=32262|charging_therm=34087|,ok,39000,39000,5,36000,1,batched,untouched,4096,4096,18,1,6226,0,1384,0,4,4,ok
1,14,nvhe,4,910000,1549000,37000,37000,BIG=36000|MID=37000|usb_pwr_therm=29991|btmspkr_therm=29969|disp_therm=29969|north_therm=30793|soc_therm=34020|battery=30400|battery_cycle=5|dc-mains=34000|usbc-therm-adc=340|max77779fg=30400|LITTLE=36000|soc=8|smpl_gm=0|vdroop1=0|batoilo=0|batoilo2=0|batt_vs=30395|mdis_morepower=0|thb_hda=51|cp_on_chip_0=35000|cp_on_chip_1=36000|G3D=35000|cp_on_chip_2=36000|cp_on_chip_3=34000|cp_on_chip_4=34000|rf2_therm=32000|rf1_therm=33000|ISP=34000|TPU=35000|AUR=35000|rfpa_therm=31683|quiet_therm=32262|charging_therm=34087|,BIG=36000|MID=38000|usb_pwr_therm=29991|btmspkr_therm=29969|disp_therm=29969|north_therm=30793|soc_therm=34043|battery=30400|battery_cycle=5|dc-mains=34500|usbc-therm-adc=345|max77779fg=30400|LITTLE=36000|soc=8|smpl_gm=0|vdroop1=0|batoilo=0|batoilo2=0|batt_vs=30396|mdis_morepower=0|thb_hda=51|cp_on_chip_0=35000|cp_on_chip_1=36000|G3D=36000|cp_on_chip_2=36000|cp_on_chip_3=34000|cp_on_chip_4=34000|rf2_therm=32000|rf1_therm=33000|ISP=35000|TPU=35000|AUR=35000|rfpa_therm=31683|quiet_therm=32262|charging_therm=34087|,ok,39000,39000,5,36000,1,batched,untouched,4096,4096,19,1,6267,0,1424,0,4,4,ok
1,14,nvhe,4,910000,1549000,37000,37000,BIG=36000|MID=37000|usb_pwr_therm=29991|btmspkr_therm=29969|disp_therm=29969|north_therm=30793|soc_therm=34020|battery=30400|battery_cycle=5|dc-mains=34000|usbc-therm-adc=340|max77779fg=30400|LITTLE=36000|soc=8|smpl_gm=0|vdroop1=0|batoilo=0|batoilo2=0|batt_vs=30395|mdis_morepower=0|thb_hda=51|cp_on_chip_0=35000|cp_on_chip_1=36000|G3D=35000|cp_on_chip_2=36000|cp_on_chip_3=34000|cp_on_chip_4=34000|rf2_therm=32000|rf1_therm=33000|ISP=34000|TPU=35000|AUR=35000|rfpa_therm=31683|quiet_therm=32262|charging_therm=34087|,BIG=36000|MID=38000|usb_pwr_therm=29991|btmspkr_therm=29969|disp_therm=29969|north_therm=30793|soc_therm=34043|battery=30400|battery_cycle=5|dc-mains=34500|usbc-therm-adc=345|max77779fg=30400|LITTLE=36000|soc=8|smpl_gm=0|vdroop1=0|batoilo=0|batoilo2=0|batt_vs=30396|mdis_morepower=0|thb_hda=51|cp_on_chip_0=35000|cp_on_chip_1=36000|G3D=36000|cp_on_chip_2=36000|cp_on_chip_3=34000|cp_on_chip_4=34000|rf2_therm=32000|rf1_therm=33000|ISP=35000|TPU=35000|AUR=35000|rfpa_therm=31683|quiet_therm=32262|charging_therm=34087|,ok,39000,39000,5,36000,1,batched,untouched,4096,4096,20,1,7365,0,1425,0,4,4,ok
1,14,nvhe,4,910000,1549000,37000,37000,BIG=36000|MID=37000|usb_pwr_therm=29991|btmspkr_therm=29969|disp_therm=29969|north_therm=30793|soc_therm=34020|battery=30400|battery_cycle=5|dc-mains=34000|usbc-therm-adc=340|max77779fg=30400|LITTLE=36000|soc=8|smpl_gm=0|vdroop1=0|batoilo=0|batoilo2=0|batt_vs=30395|mdis_morepower=0|thb_hda=51|cp_on_chip_0=35000|cp_on_chip_1=36000|G3D=35000|cp_on_chip_2=36000|cp_on_chip_3=34000|cp_on_chip_4=34000|rf2_therm=32000|rf1_therm=33000|ISP=34000|TPU=35000|AUR=35000|rfpa_therm=31683|quiet_therm=32262|charging_therm=34087|,BIG=36000|MID=38000|usb_pwr_therm=29991|btmspkr_therm=29969|disp_therm=29969|north_therm=30793|soc_therm=34043|battery=30400|battery_cycle=5|dc-mains=34500|usbc-therm-adc=345|max77779fg=30400|LITTLE=36000|soc=8|smpl_gm=0|vdroop1=0|batoilo=0|batoilo2=0|batt_vs=30396|mdis_morepower=0|thb_hda=51|cp_on_chip_0=35000|cp_on_chip_1=36000|G3D=36000|cp_on_chip_2=36000|cp_on_chip_3=34000|cp_on_chip_4=34000|rf2_therm=32000|rf1_therm=33000|ISP=35000|TPU=35000|AUR=35000|rfpa_therm=31683|quiet_therm=32262|charging_therm=34087|,ok,39000,39000,5,36000,1,batched,untouched,4096,4096,21,1,6388,0,1383,0,4,4,ok
1,14,nvhe,4,910000,1549000,37000,37000,BIG=36000|MID=37000|usb_pwr_therm=29991|btmspkr_therm=29969|disp_therm=29969|north_therm=30793|soc_therm=34020|battery=30400|battery_cycle=5|dc-mains=34000|usbc-therm-adc=340|max77779fg=30400|LITTLE=36000|soc=8|smpl_gm=0|vdroop1=0|batoilo=0|batoilo2=0|batt_vs=30395|mdis_morepower=0|thb_hda=51|cp_on_chip_0=35000|cp_on_chip_1=36000|G3D=35000|cp_on_chip_2=36000|cp_on_chip_3=34000|cp_on_chip_4=34000|rf2_therm=32000|rf1_therm=33000|ISP=34000|TPU=35000|AUR=35000|rfpa_therm=31683|quiet_therm=32262|charging_therm=34087|,BIG=36000|MID=38000|usb_pwr_therm=29991|btmspkr_therm=29969|disp_therm=29969|north_therm=30793|soc_therm=34043|battery=30400|battery_cycle=5|dc-mains=34500|usbc-therm-adc=345|max77779fg=30400|LITTLE=36000|soc=8|smpl_gm=0|vdroop1=0|batoilo=0|batoilo2=0|batt_vs=30396|mdis_morepower=0|thb_hda=51|cp_on_chip_0=35000|cp_on_chip_1=36000|G3D=36000|cp_on_chip_2=36000|cp_on_chip_3=34000|cp_on_chip_4=34000|rf2_therm=32000|rf1_therm=33000|ISP=35000|TPU=35000|AUR=35000|rfpa_therm=31683|quiet_therm=32262|charging_therm=34087|,ok,39000,39000,5,36000,1,batched,untouched,4096,4096,22,1,7283,0,1424,0,4,4,ok
1,14,nvhe,4,910000,1549000,37000,37000,BIG=36000|MID=37000|usb_pwr_therm=29991|btmspkr_therm=29969|disp_therm=29969|north_therm=30793|soc_therm=34020|battery=30400|battery_cycle=5|dc-mains=34000|usbc-therm-adc=340|max77779fg=30400|LITTLE=36000|soc=8|smpl_gm=0|vdroop1=0|batoilo=0|batoilo2=0|batt_vs=30395|mdis_morepower=0|thb_hda=51|cp_on_chip_0=35000|cp_on_chip_1=36000|G3D=35000|cp_on_chip_2=36000|cp_on_chip_3=34000|cp_on_chip_4=34000|rf2_therm=32000|rf1_therm=33000|ISP=34000|TPU=35000|AUR=35000|rfpa_therm=31683|quiet_therm=32262|charging_therm=34087|,BIG=36000|MID=38000|usb_pwr_therm=29991|btmspkr_therm=29969|disp_therm=29969|north_therm=30793|soc_therm=34043|battery=30400|battery_cycle=5|dc-mains=34500|usbc-therm-adc=345|max77779fg=30400|LITTLE=36000|soc=8|smpl_gm=0|vdroop1=0|batoilo=0|batoilo2=0|batt_vs=30396|mdis_morepower=0|thb_hda=51|cp_on_chip_0=35000|cp_on_chip_1=36000|G3D=36000|cp_on_chip_2=36000|cp_on_chip_3=34000|cp_on_chip_4=34000|rf2_therm=32000|rf1_therm=33000|ISP=35000|TPU=35000|AUR=35000|rfpa_therm=31683|quiet_therm=32262|charging_therm=34087|,ok,39000,39000,5,36000,1,batched,untouched,4096,4096,23,1,7162,0,1343,0,4,4,ok
1,14,nvhe,4,910000,1549000,37000,37000,BIG=36000|MID=37000|usb_pwr_therm=29991|btmspkr_therm=29969|disp_therm=29969|north_therm=30793|soc_therm=34020|battery=30400|battery_cycle=5|dc-mains=34000|usbc-therm-adc=340|max77779fg=30400|LITTLE=36000|soc=8|smpl_gm=0|vdroop1=0|batoilo=0|batoilo2=0|batt_vs=30395|mdis_morepower=0|thb_hda=51|cp_on_chip_0=35000|cp_on_chip_1=36000|G3D=35000|cp_on_chip_2=36000|cp_on_chip_3=34000|cp_on_chip_4=34000|rf2_therm=32000|rf1_therm=33000|ISP=34000|TPU=35000|AUR=35000|rfpa_therm=31683|quiet_therm=32262|charging_therm=34087|,BIG=36000|MID=38000|usb_pwr_therm=29991|btmspkr_therm=29969|disp_therm=29969|north_therm=30793|soc_therm=34043|battery=30400|battery_cycle=5|dc-mains=34500|usbc-therm-adc=345|max77779fg=30400|LITTLE=36000|soc=8|smpl_gm=0|vdroop1=0|batoilo=0|batoilo2=0|batt_vs=30396|mdis_morepower=0|thb_hda=51|cp_on_chip_0=35000|cp_on_chip_1=36000|G3D=36000|cp_on_chip_2=36000|cp_on_chip_3=34000|cp_on_chip_4=34000|rf2_therm=32000|rf1_therm=33000|ISP=35000|TPU=35000|AUR=35000|rfpa_therm=31683|quiet_therm=32262|charging_therm=34087|,ok,39000,39000,5,36000,1,batched,untouched,4096,4096,24,1,6633,0,1384,0,4,4,ok
1,14,nvhe,4,910000,1549000,37000,37000,BIG=36000|MID=37000|usb_pwr_therm=29991|btmspkr_therm=29969|disp_therm=29969|north_therm=30793|soc_therm=34020|battery=30400|battery_cycle=5|dc-mains=34000|usbc-therm-adc=340|max77779fg=30400|LITTLE=36000|soc=8|smpl_gm=0|vdroop1=0|batoilo=0|batoilo2=0|batt_vs=30395|mdis_morepower=0|thb_hda=51|cp_on_chip_0=35000|cp_on_chip_1=36000|G3D=35000|cp_on_chip_2=36000|cp_on_chip_3=34000|cp_on_chip_4=34000|rf2_therm=32000|rf1_therm=33000|ISP=34000|TPU=35000|AUR=35000|rfpa_therm=31683|quiet_therm=32262|charging_therm=34087|,BIG=36000|MID=38000|usb_pwr_therm=29991|btmspkr_therm=29969|disp_therm=29969|north_therm=30793|soc_therm=34043|battery=30400|battery_cycle=5|dc-mains=34500|usbc-therm-adc=345|max77779fg=30400|LITTLE=36000|soc=8|smpl_gm=0|vdroop1=0|batoilo=0|batoilo2=0|batt_vs=30396|mdis_morepower=0|thb_hda=51|cp_on_chip_0=35000|cp_on_chip_1=36000|G3D=36000|cp_on_chip_2=36000|cp_on_chip_3=34000|cp_on_chip_4=34000|rf2_therm=32000|rf1_therm=33000|ISP=35000|TPU=35000|AUR=35000|rfpa_therm=31683|quiet_therm=32262|charging_therm=34087|,ok,39000,39000,5,36000,1,batched,untouched,4096,4096,25,1,6876,0,1465,0,4,4,ok
1,14,nvhe,4,910000,1549000,37000,37000,BIG=36000|MID=37000|usb_pwr_therm=29991|btmspkr_therm=29969|disp_therm=29969|north_therm=30793|soc_therm=34020|battery=30400|battery_cycle=5|dc-mains=34000|usbc-therm-adc=340|max77779fg=30400|LITTLE=36000|soc=8|smpl_gm=0|vdroop1=0|batoilo=0|batoilo2=0|batt_vs=30395|mdis_morepower=0|thb_hda=51|cp_on_chip_0=35000|cp_on_chip_1=36000|G3D=35000|cp_on_chip_2=36000|cp_on_chip_3=34000|cp_on_chip_4=34000|rf2_therm=32000|rf1_therm=33000|ISP=34000|TPU=35000|AUR=35000|rfpa_therm=31683|quiet_therm=32262|charging_therm=34087|,BIG=36000|MID=38000|usb_pwr_therm=29991|btmspkr_therm=29969|disp_therm=29969|north_therm=30793|soc_therm=34043|battery=30400|battery_cycle=5|dc-mains=34500|usbc-therm-adc=345|max77779fg=30400|LITTLE=36000|soc=8|smpl_gm=0|vdroop1=0|batoilo=0|batoilo2=0|batt_vs=30396|mdis_morepower=0|thb_hda=51|cp_on_chip_0=35000|cp_on_chip_1=36000|G3D=36000|cp_on_chip_2=36000|cp_on_chip_3=34000|cp_on_chip_4=34000|rf2_therm=32000|rf1_therm=33000|ISP=35000|TPU=35000|AUR=35000|rfpa_therm=31683|quiet_therm=32262|charging_therm=34087|,ok,39000,39000,5,36000,1,batched,untouched,4096,4096,26,1,5696,0,1424,0,4,4,ok
1,14,nvhe,4,910000,1549000,37000,37000,BIG=36000|MID=37000|usb_pwr_therm=29991|btmspkr_therm=29969|disp_therm=29969|north_therm=30793|soc_therm=34020|battery=30400|battery_cycle=5|dc-mains=34000|usbc-therm-adc=340|max77779fg=30400|LITTLE=36000|soc=8|smpl_gm=0|vdroop1=0|batoilo=0|batoilo2=0|batt_vs=30395|mdis_morepower=0|thb_hda=51|cp_on_chip_0=35000|cp_on_chip_1=36000|G3D=35000|cp_on_chip_2=36000|cp_on_chip_3=34000|cp_on_chip_4=34000|rf2_therm=32000|rf1_therm=33000|ISP=34000|TPU=35000|AUR=35000|rfpa_therm=31683|quiet_therm=32262|charging_therm=34087|,BIG=36000|MID=38000|usb_pwr_therm=29991|btmspkr_therm=29969|disp_therm=29969|north_therm=30793|soc_therm=34043|battery=30400|battery_cycle=5|dc-mains=34500|usbc-therm-adc=345|max77779fg=30400|LITTLE=36000|soc=8|smpl_gm=0|vdroop1=0|batoilo=0|batoilo2=0|batt_vs=30396|mdis_morepower=0|thb_hda=51|cp_on_chip_0=35000|cp_on_chip_1=36000|G3D=36000|cp_on_chip_2=36000|cp_on_chip_3=34000|cp_on_chip_4=34000|rf2_therm=32000|rf1_therm=33000|ISP=35000|TPU=35000|AUR=35000|rfpa_therm=31683|quiet_therm=32262|charging_therm=34087|,ok,39000,39000,5,36000,1,batched,untouched,4096,4096,27,1,6226,0,1383,0,4,4,ok
1,14,nvhe,4,910000,1549000,37000,37000,BIG=36000|MID=37000|usb_pwr_therm=29991|btmspkr_therm=29969|disp_therm=29969|north_therm=30793|soc_therm=34020|battery=30400|battery_cycle=5|dc-mains=34000|usbc-therm-adc=340|max77779fg=30400|LITTLE=36000|soc=8|smpl_gm=0|vdroop1=0|batoilo=0|batoilo2=0|batt_vs=30395|mdis_morepower=0|thb_hda=51|cp_on_chip_0=35000|cp_on_chip_1=36000|G3D=35000|cp_on_chip_2=36000|cp_on_chip_3=34000|cp_on_chip_4=34000|rf2_therm=32000|rf1_therm=33000|ISP=34000|TPU=35000|AUR=35000|rfpa_therm=31683|quiet_therm=32262|charging_therm=34087|,BIG=36000|MID=38000|usb_pwr_therm=29991|btmspkr_therm=29969|disp_therm=29969|north_therm=30793|soc_therm=34043|battery=30400|battery_cycle=5|dc-mains=34500|usbc-therm-adc=345|max77779fg=30400|LITTLE=36000|soc=8|smpl_gm=0|vdroop1=0|batoilo=0|batoilo2=0|batt_vs=30396|mdis_morepower=0|thb_hda=51|cp_on_chip_0=35000|cp_on_chip_1=36000|G3D=36000|cp_on_chip_2=36000|cp_on_chip_3=34000|cp_on_chip_4=34000|rf2_therm=32000|rf1_therm=33000|ISP=35000|TPU=35000|AUR=35000|rfpa_therm=31683|quiet_therm=32262|charging_therm=34087|,ok,39000,39000,5,36000,1,batched,untouched,4096,4096,28,1,6063,0,1424,0,4,4,ok
1,14,nvhe,4,910000,1549000,37000,37000,BIG=36000|MID=37000|usb_pwr_therm=29991|btmspkr_therm=29969|disp_therm=29969|north_therm=30793|soc_therm=34020|battery=30400|battery_cycle=5|dc-mains=34000|usbc-therm-adc=340|max77779fg=30400|LITTLE=36000|soc=8|smpl_gm=0|vdroop1=0|batoilo=0|batoilo2=0|batt_vs=30395|mdis_morepower=0|thb_hda=51|cp_on_chip_0=35000|cp_on_chip_1=36000|G3D=35000|cp_on_chip_2=36000|cp_on_chip_3=34000|cp_on_chip_4=34000|rf2_therm=32000|rf1_therm=33000|ISP=34000|TPU=35000|AUR=35000|rfpa_therm=31683|quiet_therm=32262|charging_therm=34087|,BIG=36000|MID=38000|usb_pwr_therm=29991|btmspkr_therm=29969|disp_therm=29969|north_therm=30793|soc_therm=34043|battery=30400|battery_cycle=5|dc-mains=34500|usbc-therm-adc=345|max77779fg=30400|LITTLE=36000|soc=8|smpl_gm=0|vdroop1=0|batoilo=0|batoilo2=0|batt_vs=30396|mdis_morepower=0|thb_hda=51|cp_on_chip_0=35000|cp_on_chip_1=36000|G3D=36000|cp_on_chip_2=36000|cp_on_chip_3=34000|cp_on_chip_4=34000|rf2_therm=32000|rf1_therm=33000|ISP=35000|TPU=35000|AUR=35000|rfpa_therm=31683|quiet_therm=32262|charging_therm=34087|,ok,39000,39000,5,36000,1,batched,untouched,4096,4096,29,1,10051,0,1383,0,4,4,ok
1,15,nvhe,4,787000,1795000,37000,38000,BIG=36000|MID=37000|usb_pwr_therm=29991|btmspkr_therm=29969|disp_therm=29991|north_therm=30793|soc_therm=34065|battery=30400|battery_cycle=5|dc-mains=34500|usbc-therm-adc=345|max77779fg=30400|LITTLE=36000|soc=8|smpl_gm=0|vdroop1=0|batoilo=0|batoilo2=0|batt_vs=30396|mdis_morepower=0|thb_hda=51|cp_on_chip_0=35000|cp_on_chip_1=36000|G3D=35000|cp_on_chip_2=36000|cp_on_chip_3=34000|cp_on_chip_4=34000|rf2_therm=32000|rf1_therm=33000|ISP=35000|TPU=35000|AUR=35000|rfpa_therm=31683|quiet_therm=32262|charging_therm=34087|,BIG=36000|MID=37000|usb_pwr_therm=29991|btmspkr_therm=29969|disp_therm=29991|north_therm=30793|soc_therm=34065|battery=30400|battery_cycle=5|dc-mains=34500|usbc-therm-adc=345|max77779fg=30400|LITTLE=36000|soc=8|smpl_gm=0|vdroop1=0|batoilo=0|batoilo2=0|batt_vs=30396|mdis_morepower=0|thb_hda=51|cp_on_chip_0=35000|cp_on_chip_1=36000|G3D=36000|cp_on_chip_2=36000|cp_on_chip_3=34000|cp_on_chip_4=34000|rf2_therm=32000|rf1_therm=33000|ISP=35000|TPU=36000|AUR=35000|rfpa_therm=31683|quiet_therm=32262|charging_therm=34087|,ok,39000,37000,0,37000,1,batched,touched,4096,1024,0,1,3451701,1024,744547,0,4,4,ok
1,15,nvhe,4,787000,1795000,37000,38000,BIG=36000|MID=37000|usb_pwr_therm=29991|btmspkr_therm=29969|disp_therm=29991|north_therm=30793|soc_therm=34065|battery=30400|battery_cycle=5|dc-mains=34500|usbc-therm-adc=345|max77779fg=30400|LITTLE=36000|soc=8|smpl_gm=0|vdroop1=0|batoilo=0|batoilo2=0|batt_vs=30396|mdis_morepower=0|thb_hda=51|cp_on_chip_0=35000|cp_on_chip_1=36000|G3D=35000|cp_on_chip_2=36000|cp_on_chip_3=34000|cp_on_chip_4=34000|rf2_therm=32000|rf1_therm=33000|ISP=35000|TPU=35000|AUR=35000|rfpa_therm=31683|quiet_therm=32262|charging_therm=34087|,BIG=36000|MID=37000|usb_pwr_therm=29991|btmspkr_therm=29969|disp_therm=29991|north_therm=30793|soc_therm=34065|battery=30400|battery_cycle=5|dc-mains=34500|usbc-therm-adc=345|max77779fg=30400|LITTLE=36000|soc=8|smpl_gm=0|vdroop1=0|batoilo=0|batoilo2=0|batt_vs=30396|mdis_morepower=0|thb_hda=51|cp_on_chip_0=35000|cp_on_chip_1=36000|G3D=36000|cp_on_chip_2=36000|cp_on_chip_3=34000|cp_on_chip_4=34000|rf2_therm=32000|rf1_therm=33000|ISP=35000|TPU=36000|AUR=35000|rfpa_therm=31683|quiet_therm=32262|charging_therm=34087|,ok,39000,37000,0,37000,1,batched,touched,4096,1024,1,1,2739421,1024,614013,0,4,4,ok
1,15,nvhe,4,787000,1795000,37000,38000,BIG=36000|MID=37000|usb_pwr_therm=29991|btmspkr_therm=29969|disp_therm=29991|north_therm=30793|soc_therm=34065|battery=30400|battery_cycle=5|dc-mains=34500|usbc-therm-adc=345|max77779fg=30400|LITTLE=36000|soc=8|smpl_gm=0|vdroop1=0|batoilo=0|batoilo2=0|batt_vs=30396|mdis_morepower=0|thb_hda=51|cp_on_chip_0=35000|cp_on_chip_1=36000|G3D=35000|cp_on_chip_2=36000|cp_on_chip_3=34000|cp_on_chip_4=34000|rf2_therm=32000|rf1_therm=33000|ISP=35000|TPU=35000|AUR=35000|rfpa_therm=31683|quiet_therm=32262|charging_therm=34087|,BIG=36000|MID=37000|usb_pwr_therm=29991|btmspkr_therm=29969|disp_therm=29991|north_therm=30793|soc_therm=34065|battery=30400|battery_cycle=5|dc-mains=34500|usbc-therm-adc=345|max77779fg=30400|LITTLE=36000|soc=8|smpl_gm=0|vdroop1=0|batoilo=0|batoilo2=0|batt_vs=30396|mdis_morepower=0|thb_hda=51|cp_on_chip_0=35000|cp_on_chip_1=36000|G3D=36000|cp_on_chip_2=36000|cp_on_chip_3=34000|cp_on_chip_4=34000|rf2_therm=32000|rf1_therm=33000|ISP=35000|TPU=36000|AUR=35000|rfpa_therm=31683|quiet_therm=32262|charging_therm=34087|,ok,39000,37000,0,37000,1,batched,touched,4096,1024,2,1,2620646,1024,505656,0,4,4,ok
1,15,nvhe,4,787000,1795000,37000,38000,BIG=36000|MID=37000|usb_pwr_therm=29991|btmspkr_therm=29969|disp_therm=29991|north_therm=30793|soc_therm=34065|battery=30400|battery_cycle=5|dc-mains=34500|usbc-therm-adc=345|max77779fg=30400|LITTLE=36000|soc=8|smpl_gm=0|vdroop1=0|batoilo=0|batoilo2=0|batt_vs=30396|mdis_morepower=0|thb_hda=51|cp_on_chip_0=35000|cp_on_chip_1=36000|G3D=35000|cp_on_chip_2=36000|cp_on_chip_3=34000|cp_on_chip_4=34000|rf2_therm=32000|rf1_therm=33000|ISP=35000|TPU=35000|AUR=35000|rfpa_therm=31683|quiet_therm=32262|charging_therm=34087|,BIG=36000|MID=37000|usb_pwr_therm=29991|btmspkr_therm=29969|disp_therm=29991|north_therm=30793|soc_therm=34065|battery=30400|battery_cycle=5|dc-mains=34500|usbc-therm-adc=345|max77779fg=30400|LITTLE=36000|soc=8|smpl_gm=0|vdroop1=0|batoilo=0|batoilo2=0|batt_vs=30396|mdis_morepower=0|thb_hda=51|cp_on_chip_0=35000|cp_on_chip_1=36000|G3D=36000|cp_on_chip_2=36000|cp_on_chip_3=34000|cp_on_chip_4=34000|rf2_therm=32000|rf1_therm=33000|ISP=35000|TPU=36000|AUR=35000|rfpa_therm=31683|quiet_therm=32262|charging_therm=34087|,ok,39000,37000,0,37000,1,batched,touched,4096,1024,3,1,2310465,1024,482340,0,4,4,ok
1,15,nvhe,4,787000,1795000,37000,38000,BIG=36000|MID=37000|usb_pwr_therm=29991|btmspkr_therm=29969|disp_therm=29991|north_therm=30793|soc_therm=34065|battery=30400|battery_cycle=5|dc-mains=34500|usbc-therm-adc=345|max77779fg=30400|LITTLE=36000|soc=8|smpl_gm=0|vdroop1=0|batoilo=0|batoilo2=0|batt_vs=30396|mdis_morepower=0|thb_hda=51|cp_on_chip_0=35000|cp_on_chip_1=36000|G3D=35000|cp_on_chip_2=36000|cp_on_chip_3=34000|cp_on_chip_4=34000|rf2_therm=32000|rf1_therm=33000|ISP=35000|TPU=35000|AUR=35000|rfpa_therm=31683|quiet_therm=32262|charging_therm=34087|,BIG=36000|MID=37000|usb_pwr_therm=29991|btmspkr_therm=29969|disp_therm=29991|north_therm=30793|soc_therm=34065|battery=30400|battery_cycle=5|dc-mains=34500|usbc-therm-adc=345|max77779fg=30400|LITTLE=36000|soc=8|smpl_gm=0|vdroop1=0|batoilo=0|batoilo2=0|batt_vs=30396|mdis_morepower=0|thb_hda=51|cp_on_chip_0=35000|cp_on_chip_1=36000|G3D=36000|cp_on_chip_2=36000|cp_on_chip_3=34000|cp_on_chip_4=34000|rf2_therm=32000|rf1_therm=33000|ISP=35000|TPU=36000|AUR=35000|rfpa_therm=31683|quiet_therm=32262|charging_therm=34087|,ok,39000,37000,0,37000,1,batched,touched,4096,1024,4,1,2175537,1024,365316,0,4,4,ok
1,15,nvhe,4,787000,1795000,37000,38000,BIG=36000|MID=37000|usb_pwr_therm=29991|btmspkr_therm=29969|disp_therm=29991|north_therm=30793|soc_therm=34065|battery=30400|battery_cycle=5|dc-mains=34500|usbc-therm-adc=345|max77779fg=30400|LITTLE=36000|soc=8|smpl_gm=0|vdroop1=0|batoilo=0|batoilo2=0|batt_vs=30396|mdis_morepower=0|thb_hda=51|cp_on_chip_0=35000|cp_on_chip_1=36000|G3D=35000|cp_on_chip_2=36000|cp_on_chip_3=34000|cp_on_chip_4=34000|rf2_therm=32000|rf1_therm=33000|ISP=35000|TPU=35000|AUR=35000|rfpa_therm=31683|quiet_therm=32262|charging_therm=34087|,BIG=36000|MID=37000|usb_pwr_therm=29991|btmspkr_therm=29969|disp_therm=29991|north_therm=30793|soc_therm=34065|battery=30400|battery_cycle=5|dc-mains=34500|usbc-therm-adc=345|max77779fg=30400|LITTLE=36000|soc=8|smpl_gm=0|vdroop1=0|batoilo=0|batoilo2=0|batt_vs=30396|mdis_morepower=0|thb_hda=51|cp_on_chip_0=35000|cp_on_chip_1=36000|G3D=36000|cp_on_chip_2=36000|cp_on_chip_3=34000|cp_on_chip_4=34000|rf2_therm=32000|rf1_therm=33000|ISP=35000|TPU=36000|AUR=35000|rfpa_therm=31683|quiet_therm=32262|charging_therm=34087|,ok,39000,37000,0,37000,1,batched,touched,4096,1024,5,1,2085408,1024,323609,0,4,4,ok
1,15,nvhe,4,787000,1795000,37000,38000,BIG=36000|MID=37000|usb_pwr_therm=29991|btmspkr_therm=29969|disp_therm=29991|north_therm=30793|soc_therm=34065|battery=30400|battery_cycle=5|dc-mains=34500|usbc-therm-adc=345|max77779fg=30400|LITTLE=36000|soc=8|smpl_gm=0|vdroop1=0|batoilo=0|batoilo2=0|batt_vs=30396|mdis_morepower=0|thb_hda=51|cp_on_chip_0=35000|cp_on_chip_1=36000|G3D=35000|cp_on_chip_2=36000|cp_on_chip_3=34000|cp_on_chip_4=34000|rf2_therm=32000|rf1_therm=33000|ISP=35000|TPU=35000|AUR=35000|rfpa_therm=31683|quiet_therm=32262|charging_therm=34087|,BIG=36000|MID=37000|usb_pwr_therm=29991|btmspkr_therm=29969|disp_therm=29991|north_therm=30793|soc_therm=34065|battery=30400|battery_cycle=5|dc-mains=34500|usbc-therm-adc=345|max77779fg=30400|LITTLE=36000|soc=8|smpl_gm=0|vdroop1=0|batoilo=0|batoilo2=0|batt_vs=30396|mdis_morepower=0|thb_hda=51|cp_on_chip_0=35000|cp_on_chip_1=36000|G3D=36000|cp_on_chip_2=36000|cp_on_chip_3=34000|cp_on_chip_4=34000|rf2_therm=32000|rf1_therm=33000|ISP=35000|TPU=36000|AUR=35000|rfpa_therm=31683|quiet_therm=32262|charging_therm=34087|,ok,39000,37000,0,37000,1,batched,touched,4096,1024,6,1,1870931,1024,357219,0,4,4,ok
1,15,nvhe,4,787000,1795000,37000,38000,BIG=36000|MID=37000|usb_pwr_therm=29991|btmspkr_therm=29969|disp_therm=29991|north_therm=30793|soc_therm=34065|battery=30400|battery_cycle=5|dc-mains=34500|usbc-therm-adc=345|max77779fg=30400|LITTLE=36000|soc=8|smpl_gm=0|vdroop1=0|batoilo=0|batoilo2=0|batt_vs=30396|mdis_morepower=0|thb_hda=51|cp_on_chip_0=35000|cp_on_chip_1=36000|G3D=35000|cp_on_chip_2=36000|cp_on_chip_3=34000|cp_on_chip_4=34000|rf2_therm=32000|rf1_therm=33000|ISP=35000|TPU=35000|AUR=35000|rfpa_therm=31683|quiet_therm=32262|charging_therm=34087|,BIG=36000|MID=37000|usb_pwr_therm=29991|btmspkr_therm=29969|disp_therm=29991|north_therm=30793|soc_therm=34065|battery=30400|battery_cycle=5|dc-mains=34500|usbc-therm-adc=345|max77779fg=30400|LITTLE=36000|soc=8|smpl_gm=0|vdroop1=0|batoilo=0|batoilo2=0|batt_vs=30396|mdis_morepower=0|thb_hda=51|cp_on_chip_0=35000|cp_on_chip_1=36000|G3D=36000|cp_on_chip_2=36000|cp_on_chip_3=34000|cp_on_chip_4=34000|rf2_therm=32000|rf1_therm=33000|ISP=35000|TPU=36000|AUR=35000|rfpa_therm=31683|quiet_therm=32262|charging_therm=34087|,ok,39000,37000,0,37000,1,batched,touched,4096,1024,7,1,1866658,1024,306112,0,4,4,ok
1,15,nvhe,4,787000,1795000,37000,38000,BIG=36000|MID=37000|usb_pwr_therm=29991|btmspkr_therm=29969|disp_therm=29991|north_therm=30793|soc_therm=34065|battery=30400|battery_cycle=5|dc-mains=34500|usbc-therm-adc=345|max77779fg=30400|LITTLE=36000|soc=8|smpl_gm=0|vdroop1=0|batoilo=0|batoilo2=0|batt_vs=30396|mdis_morepower=0|thb_hda=51|cp_on_chip_0=35000|cp_on_chip_1=36000|G3D=35000|cp_on_chip_2=36000|cp_on_chip_3=34000|cp_on_chip_4=34000|rf2_therm=32000|rf1_therm=33000|ISP=35000|TPU=35000|AUR=35000|rfpa_therm=31683|quiet_therm=32262|charging_therm=34087|,BIG=36000|MID=37000|usb_pwr_therm=29991|btmspkr_therm=29969|disp_therm=29991|north_therm=30793|soc_therm=34065|battery=30400|battery_cycle=5|dc-mains=34500|usbc-therm-adc=345|max77779fg=30400|LITTLE=36000|soc=8|smpl_gm=0|vdroop1=0|batoilo=0|batoilo2=0|batt_vs=30396|mdis_morepower=0|thb_hda=51|cp_on_chip_0=35000|cp_on_chip_1=36000|G3D=36000|cp_on_chip_2=36000|cp_on_chip_3=34000|cp_on_chip_4=34000|rf2_therm=32000|rf1_therm=33000|ISP=35000|TPU=36000|AUR=35000|rfpa_therm=31683|quiet_therm=32262|charging_therm=34087|,ok,39000,37000,0,37000,1,batched,touched,4096,1024,8,1,1932333,1024,294190,0,4,4,ok
1,15,nvhe,4,787000,1795000,37000,38000,BIG=36000|MID=37000|usb_pwr_therm=29991|btmspkr_therm=29969|disp_therm=29991|north_therm=30793|soc_therm=34065|battery=30400|battery_cycle=5|dc-mains=34500|usbc-therm-adc=345|max77779fg=30400|LITTLE=36000|soc=8|smpl_gm=0|vdroop1=0|batoilo=0|batoilo2=0|batt_vs=30396|mdis_morepower=0|thb_hda=51|cp_on_chip_0=35000|cp_on_chip_1=36000|G3D=35000|cp_on_chip_2=36000|cp_on_chip_3=34000|cp_on_chip_4=34000|rf2_therm=32000|rf1_therm=33000|ISP=35000|TPU=35000|AUR=35000|rfpa_therm=31683|quiet_therm=32262|charging_therm=34087|,BIG=36000|MID=37000|usb_pwr_therm=29991|btmspkr_therm=29969|disp_therm=29991|north_therm=30793|soc_therm=34065|battery=30400|battery_cycle=5|dc-mains=34500|usbc-therm-adc=345|max77779fg=30400|LITTLE=36000|soc=8|smpl_gm=0|vdroop1=0|batoilo=0|batoilo2=0|batt_vs=30396|mdis_morepower=0|thb_hda=51|cp_on_chip_0=35000|cp_on_chip_1=36000|G3D=36000|cp_on_chip_2=36000|cp_on_chip_3=34000|cp_on_chip_4=34000|rf2_therm=32000|rf1_therm=33000|ISP=35000|TPU=36000|AUR=35000|rfpa_therm=31683|quiet_therm=32262|charging_therm=34087|,ok,39000,37000,0,37000,1,batched,touched,4096,1024,9,1,1859334,1024,318604,0,4,4,ok
1,15,nvhe,4,787000,1795000,37000,38000,BIG=36000|MID=37000|usb_pwr_therm=29991|btmspkr_therm=29969|disp_therm=29991|north_therm=30793|soc_therm=34065|battery=30400|battery_cycle=5|dc-mains=34500|usbc-therm-adc=345|max77779fg=30400|LITTLE=36000|soc=8|smpl_gm=0|vdroop1=0|batoilo=0|batoilo2=0|batt_vs=30396|mdis_morepower=0|thb_hda=51|cp_on_chip_0=35000|cp_on_chip_1=36000|G3D=35000|cp_on_chip_2=36000|cp_on_chip_3=34000|cp_on_chip_4=34000|rf2_therm=32000|rf1_therm=33000|ISP=35000|TPU=35000|AUR=35000|rfpa_therm=31683|quiet_therm=32262|charging_therm=34087|,BIG=36000|MID=37000|usb_pwr_therm=29991|btmspkr_therm=29969|disp_therm=29991|north_therm=30793|soc_therm=34065|battery=30400|battery_cycle=5|dc-mains=34500|usbc-therm-adc=345|max77779fg=30400|LITTLE=36000|soc=8|smpl_gm=0|vdroop1=0|batoilo=0|batoilo2=0|batt_vs=30396|mdis_morepower=0|thb_hda=51|cp_on_chip_0=35000|cp_on_chip_1=36000|G3D=36000|cp_on_chip_2=36000|cp_on_chip_3=34000|cp_on_chip_4=34000|rf2_therm=32000|rf1_therm=33000|ISP=35000|TPU=36000|AUR=35000|rfpa_therm=31683|quiet_therm=32262|charging_therm=34087|,ok,39000,37000,0,37000,1,batched,touched,4096,1024,10,1,1825684,1024,321614,0,4,4,ok
1,15,nvhe,4,787000,1795000,37000,38000,BIG=36000|MID=37000|usb_pwr_therm=29991|btmspkr_therm=29969|disp_therm=29991|north_therm=30793|soc_therm=34065|battery=30400|battery_cycle=5|dc-mains=34500|usbc-therm-adc=345|max77779fg=30400|LITTLE=36000|soc=8|smpl_gm=0|vdroop1=0|batoilo=0|batoilo2=0|batt_vs=30396|mdis_morepower=0|thb_hda=51|cp_on_chip_0=35000|cp_on_chip_1=36000|G3D=35000|cp_on_chip_2=36000|cp_on_chip_3=34000|cp_on_chip_4=34000|rf2_therm=32000|rf1_therm=33000|ISP=35000|TPU=35000|AUR=35000|rfpa_therm=31683|quiet_therm=32262|charging_therm=34087|,BIG=36000|MID=37000|usb_pwr_therm=29991|btmspkr_therm=29969|disp_therm=29991|north_therm=30793|soc_therm=34065|battery=30400|battery_cycle=5|dc-mains=34500|usbc-therm-adc=345|max77779fg=30400|LITTLE=36000|soc=8|smpl_gm=0|vdroop1=0|batoilo=0|batoilo2=0|batt_vs=30396|mdis_morepower=0|thb_hda=51|cp_on_chip_0=35000|cp_on_chip_1=36000|G3D=36000|cp_on_chip_2=36000|cp_on_chip_3=34000|cp_on_chip_4=34000|rf2_therm=32000|rf1_therm=33000|ISP=35000|TPU=36000|AUR=35000|rfpa_therm=31683|quiet_therm=32262|charging_therm=34087|,ok,39000,37000,0,37000,1,batched,touched,4096,1024,11,1,1842163,1024,286988,0,4,4,ok
1,15,nvhe,4,787000,1795000,37000,38000,BIG=36000|MID=37000|usb_pwr_therm=29991|btmspkr_therm=29969|disp_therm=29991|north_therm=30793|soc_therm=34065|battery=30400|battery_cycle=5|dc-mains=34500|usbc-therm-adc=345|max77779fg=30400|LITTLE=36000|soc=8|smpl_gm=0|vdroop1=0|batoilo=0|batoilo2=0|batt_vs=30396|mdis_morepower=0|thb_hda=51|cp_on_chip_0=35000|cp_on_chip_1=36000|G3D=35000|cp_on_chip_2=36000|cp_on_chip_3=34000|cp_on_chip_4=34000|rf2_therm=32000|rf1_therm=33000|ISP=35000|TPU=35000|AUR=35000|rfpa_therm=31683|quiet_therm=32262|charging_therm=34087|,BIG=36000|MID=37000|usb_pwr_therm=29991|btmspkr_therm=29969|disp_therm=29991|north_therm=30793|soc_therm=34065|battery=30400|battery_cycle=5|dc-mains=34500|usbc-therm-adc=345|max77779fg=30400|LITTLE=36000|soc=8|smpl_gm=0|vdroop1=0|batoilo=0|batoilo2=0|batt_vs=30396|mdis_morepower=0|thb_hda=51|cp_on_chip_0=35000|cp_on_chip_1=36000|G3D=36000|cp_on_chip_2=36000|cp_on_chip_3=34000|cp_on_chip_4=34000|rf2_therm=32000|rf1_therm=33000|ISP=35000|TPU=36000|AUR=35000|rfpa_therm=31683|quiet_therm=32262|charging_therm=34087|,ok,39000,37000,0,37000,1,batched,touched,4096,1024,12,1,1794190,1024,314820,0,4,4,ok
1,15,nvhe,4,787000,1795000,37000,38000,BIG=36000|MID=37000|usb_pwr_therm=29991|btmspkr_therm=29969|disp_therm=29991|north_therm=30793|soc_therm=34065|battery=30400|battery_cycle=5|dc-mains=34500|usbc-therm-adc=345|max77779fg=30400|LITTLE=36000|soc=8|smpl_gm=0|vdroop1=0|batoilo=0|batoilo2=0|batt_vs=30396|mdis_morepower=0|thb_hda=51|cp_on_chip_0=35000|cp_on_chip_1=36000|G3D=35000|cp_on_chip_2=36000|cp_on_chip_3=34000|cp_on_chip_4=34000|rf2_therm=32000|rf1_therm=33000|ISP=35000|TPU=35000|AUR=35000|rfpa_therm=31683|quiet_therm=32262|charging_therm=34087|,BIG=36000|MID=37000|usb_pwr_therm=29991|btmspkr_therm=29969|disp_therm=29991|north_therm=30793|soc_therm=34065|battery=30400|battery_cycle=5|dc-mains=34500|usbc-therm-adc=345|max77779fg=30400|LITTLE=36000|soc=8|smpl_gm=0|vdroop1=0|batoilo=0|batoilo2=0|batt_vs=30396|mdis_morepower=0|thb_hda=51|cp_on_chip_0=35000|cp_on_chip_1=36000|G3D=36000|cp_on_chip_2=36000|cp_on_chip_3=34000|cp_on_chip_4=34000|rf2_therm=32000|rf1_therm=33000|ISP=35000|TPU=36000|AUR=35000|rfpa_therm=31683|quiet_therm=32262|charging_therm=34087|,ok,39000,37000,0,37000,1,batched,touched,4096,1024,13,1,1770182,1024,282796,0,4,4,ok
1,15,nvhe,4,787000,1795000,37000,38000,BIG=36000|MID=37000|usb_pwr_therm=29991|btmspkr_therm=29969|disp_therm=29991|north_therm=30793|soc_therm=34065|battery=30400|battery_cycle=5|dc-mains=34500|usbc-therm-adc=345|max77779fg=30400|LITTLE=36000|soc=8|smpl_gm=0|vdroop1=0|batoilo=0|batoilo2=0|batt_vs=30396|mdis_morepower=0|thb_hda=51|cp_on_chip_0=35000|cp_on_chip_1=36000|G3D=35000|cp_on_chip_2=36000|cp_on_chip_3=34000|cp_on_chip_4=34000|rf2_therm=32000|rf1_therm=33000|ISP=35000|TPU=35000|AUR=35000|rfpa_therm=31683|quiet_therm=32262|charging_therm=34087|,BIG=36000|MID=37000|usb_pwr_therm=29991|btmspkr_therm=29969|disp_therm=29991|north_therm=30793|soc_therm=34065|battery=30400|battery_cycle=5|dc-mains=34500|usbc-therm-adc=345|max77779fg=30400|LITTLE=36000|soc=8|smpl_gm=0|vdroop1=0|batoilo=0|batoilo2=0|batt_vs=30396|mdis_morepower=0|thb_hda=51|cp_on_chip_0=35000|cp_on_chip_1=36000|G3D=36000|cp_on_chip_2=36000|cp_on_chip_3=34000|cp_on_chip_4=34000|rf2_therm=32000|rf1_therm=33000|ISP=35000|TPU=36000|AUR=35000|rfpa_therm=31683|quiet_therm=32262|charging_therm=34087|,ok,39000,37000,0,37000,1,batched,touched,4096,1024,14,1,1733276,1024,241089,0,4,4,ok
1,15,nvhe,4,787000,1795000,37000,38000,BIG=36000|MID=37000|usb_pwr_therm=29991|btmspkr_therm=29969|disp_therm=29991|north_therm=30793|soc_therm=34065|battery=30400|battery_cycle=5|dc-mains=34500|usbc-therm-adc=345|max77779fg=30400|LITTLE=36000|soc=8|smpl_gm=0|vdroop1=0|batoilo=0|batoilo2=0|batt_vs=30396|mdis_morepower=0|thb_hda=51|cp_on_chip_0=35000|cp_on_chip_1=36000|G3D=35000|cp_on_chip_2=36000|cp_on_chip_3=34000|cp_on_chip_4=34000|rf2_therm=32000|rf1_therm=33000|ISP=35000|TPU=35000|AUR=35000|rfpa_therm=31683|quiet_therm=32262|charging_therm=34087|,BIG=36000|MID=37000|usb_pwr_therm=29991|btmspkr_therm=29969|disp_therm=29991|north_therm=30793|soc_therm=34065|battery=30400|battery_cycle=5|dc-mains=34500|usbc-therm-adc=345|max77779fg=30400|LITTLE=36000|soc=8|smpl_gm=0|vdroop1=0|batoilo=0|batoilo2=0|batt_vs=30396|mdis_morepower=0|thb_hda=51|cp_on_chip_0=35000|cp_on_chip_1=36000|G3D=36000|cp_on_chip_2=36000|cp_on_chip_3=34000|cp_on_chip_4=34000|rf2_therm=32000|rf1_therm=33000|ISP=35000|TPU=36000|AUR=35000|rfpa_therm=31683|quiet_therm=32262|charging_therm=34087|,ok,39000,37000,0,37000,1,batched,touched,4096,1024,15,1,1708741,1024,235921,0,4,4,ok
1,15,nvhe,4,787000,1795000,37000,38000,BIG=36000|MID=37000|usb_pwr_therm=29991|btmspkr_therm=29969|disp_therm=29991|north_therm=30793|soc_therm=34065|battery=30400|battery_cycle=5|dc-mains=34500|usbc-therm-adc=345|max77779fg=30400|LITTLE=36000|soc=8|smpl_gm=0|vdroop1=0|batoilo=0|batoilo2=0|batt_vs=30396|mdis_morepower=0|thb_hda=51|cp_on_chip_0=35000|cp_on_chip_1=36000|G3D=35000|cp_on_chip_2=36000|cp_on_chip_3=34000|cp_on_chip_4=34000|rf2_therm=32000|rf1_therm=33000|ISP=35000|TPU=35000|AUR=35000|rfpa_therm=31683|quiet_therm=32262|charging_therm=34087|,BIG=36000|MID=37000|usb_pwr_therm=29991|btmspkr_therm=29969|disp_therm=29991|north_therm=30793|soc_therm=34065|battery=30400|battery_cycle=5|dc-mains=34500|usbc-therm-adc=345|max77779fg=30400|LITTLE=36000|soc=8|smpl_gm=0|vdroop1=0|batoilo=0|batoilo2=0|batt_vs=30396|mdis_morepower=0|thb_hda=51|cp_on_chip_0=35000|cp_on_chip_1=36000|G3D=36000|cp_on_chip_2=36000|cp_on_chip_3=34000|cp_on_chip_4=34000|rf2_therm=32000|rf1_therm=33000|ISP=35000|TPU=36000|AUR=35000|rfpa_therm=31683|quiet_therm=32262|charging_therm=34087|,ok,39000,37000,0,37000,1,batched,touched,4096,1024,16,1,1612631,1024,229370,0,4,4,ok
1,15,nvhe,4,787000,1795000,37000,38000,BIG=36000|MID=37000|usb_pwr_therm=29991|btmspkr_therm=29969|disp_therm=29991|north_therm=30793|soc_therm=34065|battery=30400|battery_cycle=5|dc-mains=34500|usbc-therm-adc=345|max77779fg=30400|LITTLE=36000|soc=8|smpl_gm=0|vdroop1=0|batoilo=0|batoilo2=0|batt_vs=30396|mdis_morepower=0|thb_hda=51|cp_on_chip_0=35000|cp_on_chip_1=36000|G3D=35000|cp_on_chip_2=36000|cp_on_chip_3=34000|cp_on_chip_4=34000|rf2_therm=32000|rf1_therm=33000|ISP=35000|TPU=35000|AUR=35000|rfpa_therm=31683|quiet_therm=32262|charging_therm=34087|,BIG=36000|MID=37000|usb_pwr_therm=29991|btmspkr_therm=29969|disp_therm=29991|north_therm=30793|soc_therm=34065|battery=30400|battery_cycle=5|dc-mains=34500|usbc-therm-adc=345|max77779fg=30400|LITTLE=36000|soc=8|smpl_gm=0|vdroop1=0|batoilo=0|batoilo2=0|batt_vs=30396|mdis_morepower=0|thb_hda=51|cp_on_chip_0=35000|cp_on_chip_1=36000|G3D=36000|cp_on_chip_2=36000|cp_on_chip_3=34000|cp_on_chip_4=34000|rf2_therm=32000|rf1_therm=33000|ISP=35000|TPU=36000|AUR=35000|rfpa_therm=31683|quiet_therm=32262|charging_therm=34087|,ok,39000,37000,0,37000,1,batched,touched,4096,1024,17,1,1665324,1024,251302,0,4,4,ok
1,15,nvhe,4,787000,1795000,37000,38000,BIG=36000|MID=37000|usb_pwr_therm=29991|btmspkr_therm=29969|disp_therm=29991|north_therm=30793|soc_therm=34065|battery=30400|battery_cycle=5|dc-mains=34500|usbc-therm-adc=345|max77779fg=30400|LITTLE=36000|soc=8|smpl_gm=0|vdroop1=0|batoilo=0|batoilo2=0|batt_vs=30396|mdis_morepower=0|thb_hda=51|cp_on_chip_0=35000|cp_on_chip_1=36000|G3D=35000|cp_on_chip_2=36000|cp_on_chip_3=34000|cp_on_chip_4=34000|rf2_therm=32000|rf1_therm=33000|ISP=35000|TPU=35000|AUR=35000|rfpa_therm=31683|quiet_therm=32262|charging_therm=34087|,BIG=36000|MID=37000|usb_pwr_therm=29991|btmspkr_therm=29969|disp_therm=29991|north_therm=30793|soc_therm=34065|battery=30400|battery_cycle=5|dc-mains=34500|usbc-therm-adc=345|max77779fg=30400|LITTLE=36000|soc=8|smpl_gm=0|vdroop1=0|batoilo=0|batoilo2=0|batt_vs=30396|mdis_morepower=0|thb_hda=51|cp_on_chip_0=35000|cp_on_chip_1=36000|G3D=36000|cp_on_chip_2=36000|cp_on_chip_3=34000|cp_on_chip_4=34000|rf2_therm=32000|rf1_therm=33000|ISP=35000|TPU=36000|AUR=35000|rfpa_therm=31683|quiet_therm=32262|charging_therm=34087|,ok,39000,37000,0,37000,1,batched,touched,4096,1024,18,1,1640503,1024,214844,0,4,4,ok
1,15,nvhe,4,787000,1795000,37000,38000,BIG=36000|MID=37000|usb_pwr_therm=29991|btmspkr_therm=29969|disp_therm=29991|north_therm=30793|soc_therm=34065|battery=30400|battery_cycle=5|dc-mains=34500|usbc-therm-adc=345|max77779fg=30400|LITTLE=36000|soc=8|smpl_gm=0|vdroop1=0|batoilo=0|batoilo2=0|batt_vs=30396|mdis_morepower=0|thb_hda=51|cp_on_chip_0=35000|cp_on_chip_1=36000|G3D=35000|cp_on_chip_2=36000|cp_on_chip_3=34000|cp_on_chip_4=34000|rf2_therm=32000|rf1_therm=33000|ISP=35000|TPU=35000|AUR=35000|rfpa_therm=31683|quiet_therm=32262|charging_therm=34087|,BIG=36000|MID=37000|usb_pwr_therm=29991|btmspkr_therm=29969|disp_therm=29991|north_therm=30793|soc_therm=34065|battery=30400|battery_cycle=5|dc-mains=34500|usbc-therm-adc=345|max77779fg=30400|LITTLE=36000|soc=8|smpl_gm=0|vdroop1=0|batoilo=0|batoilo2=0|batt_vs=30396|mdis_morepower=0|thb_hda=51|cp_on_chip_0=35000|cp_on_chip_1=36000|G3D=36000|cp_on_chip_2=36000|cp_on_chip_3=34000|cp_on_chip_4=34000|rf2_therm=32000|rf1_therm=33000|ISP=35000|TPU=36000|AUR=35000|rfpa_therm=31683|quiet_therm=32262|charging_therm=34087|,ok,39000,37000,0,37000,1,batched,touched,4096,1024,19,1,1502889,1024,206868,0,4,4,ok
1,15,nvhe,4,787000,1795000,37000,38000,BIG=36000|MID=37000|usb_pwr_therm=29991|btmspkr_therm=29969|disp_therm=29991|north_therm=30793|soc_therm=34065|battery=30400|battery_cycle=5|dc-mains=34500|usbc-therm-adc=345|max77779fg=30400|LITTLE=36000|soc=8|smpl_gm=0|vdroop1=0|batoilo=0|batoilo2=0|batt_vs=30396|mdis_morepower=0|thb_hda=51|cp_on_chip_0=35000|cp_on_chip_1=36000|G3D=35000|cp_on_chip_2=36000|cp_on_chip_3=34000|cp_on_chip_4=34000|rf2_therm=32000|rf1_therm=33000|ISP=35000|TPU=35000|AUR=35000|rfpa_therm=31683|quiet_therm=32262|charging_therm=34087|,BIG=36000|MID=37000|usb_pwr_therm=29991|btmspkr_therm=29969|disp_therm=29991|north_therm=30793|soc_therm=34065|battery=30400|battery_cycle=5|dc-mains=34500|usbc-therm-adc=345|max77779fg=30400|LITTLE=36000|soc=8|smpl_gm=0|vdroop1=0|batoilo=0|batoilo2=0|batt_vs=30396|mdis_morepower=0|thb_hda=51|cp_on_chip_0=35000|cp_on_chip_1=36000|G3D=36000|cp_on_chip_2=36000|cp_on_chip_3=34000|cp_on_chip_4=34000|rf2_therm=32000|rf1_therm=33000|ISP=35000|TPU=36000|AUR=35000|rfpa_therm=31683|quiet_therm=32262|charging_therm=34087|,ok,39000,37000,0,37000,1,batched,touched,4096,1024,20,1,1502929,1024,213419,0,4,4,ok
1,15,nvhe,4,787000,1795000,37000,38000,BIG=36000|MID=37000|usb_pwr_therm=29991|btmspkr_therm=29969|disp_therm=29991|north_therm=30793|soc_therm=34065|battery=30400|battery_cycle=5|dc-mains=34500|usbc-therm-adc=345|max77779fg=30400|LITTLE=36000|soc=8|smpl_gm=0|vdroop1=0|batoilo=0|batoilo2=0|batt_vs=30396|mdis_morepower=0|thb_hda=51|cp_on_chip_0=35000|cp_on_chip_1=36000|G3D=35000|cp_on_chip_2=36000|cp_on_chip_3=34000|cp_on_chip_4=34000|rf2_therm=32000|rf1_therm=33000|ISP=35000|TPU=35000|AUR=35000|rfpa_therm=31683|quiet_therm=32262|charging_therm=34087|,BIG=36000|MID=37000|usb_pwr_therm=29991|btmspkr_therm=29969|disp_therm=29991|north_therm=30793|soc_therm=34065|battery=30400|battery_cycle=5|dc-mains=34500|usbc-therm-adc=345|max77779fg=30400|LITTLE=36000|soc=8|smpl_gm=0|vdroop1=0|batoilo=0|batoilo2=0|batt_vs=30396|mdis_morepower=0|thb_hda=51|cp_on_chip_0=35000|cp_on_chip_1=36000|G3D=36000|cp_on_chip_2=36000|cp_on_chip_3=34000|cp_on_chip_4=34000|rf2_therm=32000|rf1_therm=33000|ISP=35000|TPU=36000|AUR=35000|rfpa_therm=31683|quiet_therm=32262|charging_therm=34087|,ok,39000,37000,0,37000,1,batched,touched,4096,1024,21,1,1542847,1024,203043,0,4,4,ok
1,15,nvhe,4,787000,1795000,37000,38000,BIG=36000|MID=37000|usb_pwr_therm=29991|btmspkr_therm=29969|disp_therm=29991|north_therm=30793|soc_therm=34065|battery=30400|battery_cycle=5|dc-mains=34500|usbc-therm-adc=345|max77779fg=30400|LITTLE=36000|soc=8|smpl_gm=0|vdroop1=0|batoilo=0|batoilo2=0|batt_vs=30396|mdis_morepower=0|thb_hda=51|cp_on_chip_0=35000|cp_on_chip_1=36000|G3D=35000|cp_on_chip_2=36000|cp_on_chip_3=34000|cp_on_chip_4=34000|rf2_therm=32000|rf1_therm=33000|ISP=35000|TPU=35000|AUR=35000|rfpa_therm=31683|quiet_therm=32262|charging_therm=34087|,BIG=36000|MID=37000|usb_pwr_therm=29991|btmspkr_therm=29969|disp_therm=29991|north_therm=30793|soc_therm=34065|battery=30400|battery_cycle=5|dc-mains=34500|usbc-therm-adc=345|max77779fg=30400|LITTLE=36000|soc=8|smpl_gm=0|vdroop1=0|batoilo=0|batoilo2=0|batt_vs=30396|mdis_morepower=0|thb_hda=51|cp_on_chip_0=35000|cp_on_chip_1=36000|G3D=36000|cp_on_chip_2=36000|cp_on_chip_3=34000|cp_on_chip_4=34000|rf2_therm=32000|rf1_therm=33000|ISP=35000|TPU=36000|AUR=35000|rfpa_therm=31683|quiet_therm=32262|charging_therm=34087|,ok,39000,37000,0,37000,1,batched,touched,4096,1024,22,1,1464193,1024,181681,0,4,4,ok
1,15,nvhe,4,787000,1795000,37000,38000,BIG=36000|MID=37000|usb_pwr_therm=29991|btmspkr_therm=29969|disp_therm=29991|north_therm=30793|soc_therm=34065|battery=30400|battery_cycle=5|dc-mains=34500|usbc-therm-adc=345|max77779fg=30400|LITTLE=36000|soc=8|smpl_gm=0|vdroop1=0|batoilo=0|batoilo2=0|batt_vs=30396|mdis_morepower=0|thb_hda=51|cp_on_chip_0=35000|cp_on_chip_1=36000|G3D=35000|cp_on_chip_2=36000|cp_on_chip_3=34000|cp_on_chip_4=34000|rf2_therm=32000|rf1_therm=33000|ISP=35000|TPU=35000|AUR=35000|rfpa_therm=31683|quiet_therm=32262|charging_therm=34087|,BIG=36000|MID=37000|usb_pwr_therm=29991|btmspkr_therm=29969|disp_therm=29991|north_therm=30793|soc_therm=34065|battery=30400|battery_cycle=5|dc-mains=34500|usbc-therm-adc=345|max77779fg=30400|LITTLE=36000|soc=8|smpl_gm=0|vdroop1=0|batoilo=0|batoilo2=0|batt_vs=30396|mdis_morepower=0|thb_hda=51|cp_on_chip_0=35000|cp_on_chip_1=36000|G3D=36000|cp_on_chip_2=36000|cp_on_chip_3=34000|cp_on_chip_4=34000|rf2_therm=32000|rf1_therm=33000|ISP=35000|TPU=36000|AUR=35000|rfpa_therm=31683|quiet_therm=32262|charging_therm=34087|,ok,39000,37000,0,37000,1,batched,touched,4096,1024,23,1,1430989,1024,186198,0,4,4,ok
1,15,nvhe,4,787000,1795000,37000,38000,BIG=36000|MID=37000|usb_pwr_therm=29991|btmspkr_therm=29969|disp_therm=29991|north_therm=30793|soc_therm=34065|battery=30400|battery_cycle=5|dc-mains=34500|usbc-therm-adc=345|max77779fg=30400|LITTLE=36000|soc=8|smpl_gm=0|vdroop1=0|batoilo=0|batoilo2=0|batt_vs=30396|mdis_morepower=0|thb_hda=51|cp_on_chip_0=35000|cp_on_chip_1=36000|G3D=35000|cp_on_chip_2=36000|cp_on_chip_3=34000|cp_on_chip_4=34000|rf2_therm=32000|rf1_therm=33000|ISP=35000|TPU=35000|AUR=35000|rfpa_therm=31683|quiet_therm=32262|charging_therm=34087|,BIG=36000|MID=37000|usb_pwr_therm=29991|btmspkr_therm=29969|disp_therm=29991|north_therm=30793|soc_therm=34065|battery=30400|battery_cycle=5|dc-mains=34500|usbc-therm-adc=345|max77779fg=30400|LITTLE=36000|soc=8|smpl_gm=0|vdroop1=0|batoilo=0|batoilo2=0|batt_vs=30396|mdis_morepower=0|thb_hda=51|cp_on_chip_0=35000|cp_on_chip_1=36000|G3D=36000|cp_on_chip_2=36000|cp_on_chip_3=34000|cp_on_chip_4=34000|rf2_therm=32000|rf1_therm=33000|ISP=35000|TPU=36000|AUR=35000|rfpa_therm=31683|quiet_therm=32262|charging_therm=34087|,ok,39000,37000,0,37000,1,batched,touched,4096,1024,24,1,1431071,1024,189820,0,4,4,ok
1,15,nvhe,4,787000,1795000,37000,38000,BIG=36000|MID=37000|usb_pwr_therm=29991|btmspkr_therm=29969|disp_therm=29991|north_therm=30793|soc_therm=34065|battery=30400|battery_cycle=5|dc-mains=34500|usbc-therm-adc=345|max77779fg=30400|LITTLE=36000|soc=8|smpl_gm=0|vdroop1=0|batoilo=0|batoilo2=0|batt_vs=30396|mdis_morepower=0|thb_hda=51|cp_on_chip_0=35000|cp_on_chip_1=36000|G3D=35000|cp_on_chip_2=36000|cp_on_chip_3=34000|cp_on_chip_4=34000|rf2_therm=32000|rf1_therm=33000|ISP=35000|TPU=35000|AUR=35000|rfpa_therm=31683|quiet_therm=32262|charging_therm=34087|,BIG=36000|MID=37000|usb_pwr_therm=29991|btmspkr_therm=29969|disp_therm=29991|north_therm=30793|soc_therm=34065|battery=30400|battery_cycle=5|dc-mains=34500|usbc-therm-adc=345|max77779fg=30400|LITTLE=36000|soc=8|smpl_gm=0|vdroop1=0|batoilo=0|batoilo2=0|batt_vs=30396|mdis_morepower=0|thb_hda=51|cp_on_chip_0=35000|cp_on_chip_1=36000|G3D=36000|cp_on_chip_2=36000|cp_on_chip_3=34000|cp_on_chip_4=34000|rf2_therm=32000|rf1_therm=33000|ISP=35000|TPU=36000|AUR=35000|rfpa_therm=31683|quiet_therm=32262|charging_therm=34087|,ok,39000,37000,0,37000,1,batched,touched,4096,1024,25,1,1332316,1024,213461,0,4,4,ok
1,15,nvhe,4,787000,1795000,37000,38000,BIG=36000|MID=37000|usb_pwr_therm=29991|btmspkr_therm=29969|disp_therm=29991|north_therm=30793|soc_therm=34065|battery=30400|battery_cycle=5|dc-mains=34500|usbc-therm-adc=345|max77779fg=30400|LITTLE=36000|soc=8|smpl_gm=0|vdroop1=0|batoilo=0|batoilo2=0|batt_vs=30396|mdis_morepower=0|thb_hda=51|cp_on_chip_0=35000|cp_on_chip_1=36000|G3D=35000|cp_on_chip_2=36000|cp_on_chip_3=34000|cp_on_chip_4=34000|rf2_therm=32000|rf1_therm=33000|ISP=35000|TPU=35000|AUR=35000|rfpa_therm=31683|quiet_therm=32262|charging_therm=34087|,BIG=36000|MID=37000|usb_pwr_therm=29991|btmspkr_therm=29969|disp_therm=29991|north_therm=30793|soc_therm=34065|battery=30400|battery_cycle=5|dc-mains=34500|usbc-therm-adc=345|max77779fg=30400|LITTLE=36000|soc=8|smpl_gm=0|vdroop1=0|batoilo=0|batoilo2=0|batt_vs=30396|mdis_morepower=0|thb_hda=51|cp_on_chip_0=35000|cp_on_chip_1=36000|G3D=36000|cp_on_chip_2=36000|cp_on_chip_3=34000|cp_on_chip_4=34000|rf2_therm=32000|rf1_therm=33000|ISP=35000|TPU=36000|AUR=35000|rfpa_therm=31683|quiet_therm=32262|charging_therm=34087|,ok,39000,37000,0,37000,1,batched,touched,4096,1024,26,1,1444132,1024,187175,0,4,4,ok
1,15,nvhe,4,787000,1795000,37000,38000,BIG=36000|MID=37000|usb_pwr_therm=29991|btmspkr_therm=29969|disp_therm=29991|north_therm=30793|soc_therm=34065|battery=30400|battery_cycle=5|dc-mains=34500|usbc-therm-adc=345|max77779fg=30400|LITTLE=36000|soc=8|smpl_gm=0|vdroop1=0|batoilo=0|batoilo2=0|batt_vs=30396|mdis_morepower=0|thb_hda=51|cp_on_chip_0=35000|cp_on_chip_1=36000|G3D=35000|cp_on_chip_2=36000|cp_on_chip_3=34000|cp_on_chip_4=34000|rf2_therm=32000|rf1_therm=33000|ISP=35000|TPU=35000|AUR=35000|rfpa_therm=31683|quiet_therm=32262|charging_therm=34087|,BIG=36000|MID=37000|usb_pwr_therm=29991|btmspkr_therm=29969|disp_therm=29991|north_therm=30793|soc_therm=34065|battery=30400|battery_cycle=5|dc-mains=34500|usbc-therm-adc=345|max77779fg=30400|LITTLE=36000|soc=8|smpl_gm=0|vdroop1=0|batoilo=0|batoilo2=0|batt_vs=30396|mdis_morepower=0|thb_hda=51|cp_on_chip_0=35000|cp_on_chip_1=36000|G3D=36000|cp_on_chip_2=36000|cp_on_chip_3=34000|cp_on_chip_4=34000|rf2_therm=32000|rf1_therm=33000|ISP=35000|TPU=36000|AUR=35000|rfpa_therm=31683|quiet_therm=32262|charging_therm=34087|,ok,39000,37000,0,37000,1,batched,touched,4096,1024,27,1,1386230,1024,178711,0,4,4,ok
1,15,nvhe,4,787000,1795000,37000,38000,BIG=36000|MID=37000|usb_pwr_therm=29991|btmspkr_therm=29969|disp_therm=29991|north_therm=30793|soc_therm=34065|battery=30400|battery_cycle=5|dc-mains=34500|usbc-therm-adc=345|max77779fg=30400|LITTLE=36000|soc=8|smpl_gm=0|vdroop1=0|batoilo=0|batoilo2=0|batt_vs=30396|mdis_morepower=0|thb_hda=51|cp_on_chip_0=35000|cp_on_chip_1=36000|G3D=35000|cp_on_chip_2=36000|cp_on_chip_3=34000|cp_on_chip_4=34000|rf2_therm=32000|rf1_therm=33000|ISP=35000|TPU=35000|AUR=35000|rfpa_therm=31683|quiet_therm=32262|charging_therm=34087|,BIG=36000|MID=37000|usb_pwr_therm=29991|btmspkr_therm=29969|disp_therm=29991|north_therm=30793|soc_therm=34065|battery=30400|battery_cycle=5|dc-mains=34500|usbc-therm-adc=345|max77779fg=30400|LITTLE=36000|soc=8|smpl_gm=0|vdroop1=0|batoilo=0|batoilo2=0|batt_vs=30396|mdis_morepower=0|thb_hda=51|cp_on_chip_0=35000|cp_on_chip_1=36000|G3D=36000|cp_on_chip_2=36000|cp_on_chip_3=34000|cp_on_chip_4=34000|rf2_therm=32000|rf1_therm=33000|ISP=35000|TPU=36000|AUR=35000|rfpa_therm=31683|quiet_therm=32262|charging_therm=34087|,ok,39000,37000,0,37000,1,batched,touched,4096,1024,28,1,1386149,1024,190063,0,4,4,ok
1,15,nvhe,4,787000,1795000,37000,38000,BIG=36000|MID=37000|usb_pwr_therm=29991|btmspkr_therm=29969|disp_therm=29991|north_therm=30793|soc_therm=34065|battery=30400|battery_cycle=5|dc-mains=34500|usbc-therm-adc=345|max77779fg=30400|LITTLE=36000|soc=8|smpl_gm=0|vdroop1=0|batoilo=0|batoilo2=0|batt_vs=30396|mdis_morepower=0|thb_hda=51|cp_on_chip_0=35000|cp_on_chip_1=36000|G3D=35000|cp_on_chip_2=36000|cp_on_chip_3=34000|cp_on_chip_4=34000|rf2_therm=32000|rf1_therm=33000|ISP=35000|TPU=35000|AUR=35000|rfpa_therm=31683|quiet_therm=32262|charging_therm=34087|,BIG=36000|MID=37000|usb_pwr_therm=29991|btmspkr_therm=29969|disp_therm=29991|north_therm=30793|soc_therm=34065|battery=30400|battery_cycle=5|dc-mains=34500|usbc-therm-adc=345|max77779fg=30400|LITTLE=36000|soc=8|smpl_gm=0|vdroop1=0|batoilo=0|batoilo2=0|batt_vs=30396|mdis_morepower=0|thb_hda=51|cp_on_chip_0=35000|cp_on_chip_1=36000|G3D=36000|cp_on_chip_2=36000|cp_on_chip_3=34000|cp_on_chip_4=34000|rf2_therm=32000|rf1_therm=33000|ISP=35000|TPU=36000|AUR=35000|rfpa_therm=31683|quiet_therm=32262|charging_therm=34087|,ok,39000,37000,0,37000,1,batched,touched,4096,1024,29,1,1295328,1024,182007,0,4,4,ok
1,16,nvhe,4,578000,1795000,38000,37000,BIG=38000|MID=37000|usb_pwr_therm=29991|btmspkr_therm=29969|disp_therm=29991|north_therm=30793|soc_therm=34087|battery=30400|battery_cycle=5|dc-mains=34500|usbc-therm-adc=345|max77779fg=30400|LITTLE=37000|soc=8|smpl_gm=0|vdroop1=0|batoilo=0|batoilo2=0|batt_vs=30395|mdis_morepower=0|thb_hda=51|cp_on_chip_0=35000|cp_on_chip_1=36000|G3D=35000|cp_on_chip_2=36000|cp_on_chip_3=34000|cp_on_chip_4=34000|rf2_therm=32000|rf1_therm=33000|ISP=35000|TPU=35000|AUR=35000|rfpa_therm=31705|quiet_therm=32284|charging_therm=34109|,BIG=37000|MID=37000|usb_pwr_therm=29991|btmspkr_therm=29969|disp_therm=29991|north_therm=30793|soc_therm=34087|battery=30400|battery_cycle=5|dc-mains=34500|usbc-therm-adc=345|max77779fg=30400|LITTLE=37000|soc=8|smpl_gm=0|vdroop1=0|batoilo=0|batoilo2=0|batt_vs=30396|mdis_morepower=0|thb_hda=51|cp_on_chip_0=35000|cp_on_chip_1=36000|G3D=35000|cp_on_chip_2=36000|cp_on_chip_3=34000|cp_on_chip_4=34000|rf2_therm=32000|rf1_therm=33000|ISP=35000|TPU=36000|AUR=36000|rfpa_therm=31705|quiet_therm=32306|charging_therm=34132|,ok,39000,37000,0,37000,1,batched,untouched,4096,8192,0,1,8789,0,1424,0,4,4,ok
1,16,nvhe,4,578000,1795000,38000,37000,BIG=38000|MID=37000|usb_pwr_therm=29991|btmspkr_therm=29969|disp_therm=29991|north_therm=30793|soc_therm=34087|battery=30400|battery_cycle=5|dc-mains=34500|usbc-therm-adc=345|max77779fg=30400|LITTLE=37000|soc=8|smpl_gm=0|vdroop1=0|batoilo=0|batoilo2=0|batt_vs=30395|mdis_morepower=0|thb_hda=51|cp_on_chip_0=35000|cp_on_chip_1=36000|G3D=35000|cp_on_chip_2=36000|cp_on_chip_3=34000|cp_on_chip_4=34000|rf2_therm=32000|rf1_therm=33000|ISP=35000|TPU=35000|AUR=35000|rfpa_therm=31705|quiet_therm=32284|charging_therm=34109|,BIG=37000|MID=37000|usb_pwr_therm=29991|btmspkr_therm=29969|disp_therm=29991|north_therm=30793|soc_therm=34087|battery=30400|battery_cycle=5|dc-mains=34500|usbc-therm-adc=345|max77779fg=30400|LITTLE=37000|soc=8|smpl_gm=0|vdroop1=0|batoilo=0|batoilo2=0|batt_vs=30396|mdis_morepower=0|thb_hda=51|cp_on_chip_0=35000|cp_on_chip_1=36000|G3D=35000|cp_on_chip_2=36000|cp_on_chip_3=34000|cp_on_chip_4=34000|rf2_therm=32000|rf1_therm=33000|ISP=35000|TPU=36000|AUR=36000|rfpa_therm=31705|quiet_therm=32306|charging_therm=34132|,ok,39000,37000,0,37000,1,batched,untouched,4096,8192,1,1,3866,0,855,0,4,4,ok
1,16,nvhe,4,578000,1795000,38000,37000,BIG=38000|MID=37000|usb_pwr_therm=29991|btmspkr_therm=29969|disp_therm=29991|north_therm=30793|soc_therm=34087|battery=30400|battery_cycle=5|dc-mains=34500|usbc-therm-adc=345|max77779fg=30400|LITTLE=37000|soc=8|smpl_gm=0|vdroop1=0|batoilo=0|batoilo2=0|batt_vs=30395|mdis_morepower=0|thb_hda=51|cp_on_chip_0=35000|cp_on_chip_1=36000|G3D=35000|cp_on_chip_2=36000|cp_on_chip_3=34000|cp_on_chip_4=34000|rf2_therm=32000|rf1_therm=33000|ISP=35000|TPU=35000|AUR=35000|rfpa_therm=31705|quiet_therm=32284|charging_therm=34109|,BIG=37000|MID=37000|usb_pwr_therm=29991|btmspkr_therm=29969|disp_therm=29991|north_therm=30793|soc_therm=34087|battery=30400|battery_cycle=5|dc-mains=34500|usbc-therm-adc=345|max77779fg=30400|LITTLE=37000|soc=8|smpl_gm=0|vdroop1=0|batoilo=0|batoilo2=0|batt_vs=30396|mdis_morepower=0|thb_hda=51|cp_on_chip_0=35000|cp_on_chip_1=36000|G3D=35000|cp_on_chip_2=36000|cp_on_chip_3=34000|cp_on_chip_4=34000|rf2_therm=32000|rf1_therm=33000|ISP=35000|TPU=36000|AUR=36000|rfpa_therm=31705|quiet_therm=32306|charging_therm=34132|,ok,39000,37000,0,37000,1,batched,untouched,4096,8192,2,1,4802,0,773,0,4,4,ok
1,16,nvhe,4,578000,1795000,38000,37000,BIG=38000|MID=37000|usb_pwr_therm=29991|btmspkr_therm=29969|disp_therm=29991|north_therm=30793|soc_therm=34087|battery=30400|battery_cycle=5|dc-mains=34500|usbc-therm-adc=345|max77779fg=30400|LITTLE=37000|soc=8|smpl_gm=0|vdroop1=0|batoilo=0|batoilo2=0|batt_vs=30395|mdis_morepower=0|thb_hda=51|cp_on_chip_0=35000|cp_on_chip_1=36000|G3D=35000|cp_on_chip_2=36000|cp_on_chip_3=34000|cp_on_chip_4=34000|rf2_therm=32000|rf1_therm=33000|ISP=35000|TPU=35000|AUR=35000|rfpa_therm=31705|quiet_therm=32284|charging_therm=34109|,BIG=37000|MID=37000|usb_pwr_therm=29991|btmspkr_therm=29969|disp_therm=29991|north_therm=30793|soc_therm=34087|battery=30400|battery_cycle=5|dc-mains=34500|usbc-therm-adc=345|max77779fg=30400|LITTLE=37000|soc=8|smpl_gm=0|vdroop1=0|batoilo=0|batoilo2=0|batt_vs=30396|mdis_morepower=0|thb_hda=51|cp_on_chip_0=35000|cp_on_chip_1=36000|G3D=35000|cp_on_chip_2=36000|cp_on_chip_3=34000|cp_on_chip_4=34000|rf2_therm=32000|rf1_therm=33000|ISP=35000|TPU=36000|AUR=36000|rfpa_therm=31705|quiet_therm=32306|charging_therm=34132|,ok,39000,37000,0,37000,1,batched,untouched,4096,8192,3,1,4354,0,733,0,4,4,ok
1,16,nvhe,4,578000,1795000,38000,37000,BIG=38000|MID=37000|usb_pwr_therm=29991|btmspkr_therm=29969|disp_therm=29991|north_therm=30793|soc_therm=34087|battery=30400|battery_cycle=5|dc-mains=34500|usbc-therm-adc=345|max77779fg=30400|LITTLE=37000|soc=8|smpl_gm=0|vdroop1=0|batoilo=0|batoilo2=0|batt_vs=30395|mdis_morepower=0|thb_hda=51|cp_on_chip_0=35000|cp_on_chip_1=36000|G3D=35000|cp_on_chip_2=36000|cp_on_chip_3=34000|cp_on_chip_4=34000|rf2_therm=32000|rf1_therm=33000|ISP=35000|TPU=35000|AUR=35000|rfpa_therm=31705|quiet_therm=32284|charging_therm=34109|,BIG=37000|MID=37000|usb_pwr_therm=29991|btmspkr_therm=29969|disp_therm=29991|north_therm=30793|soc_therm=34087|battery=30400|battery_cycle=5|dc-mains=34500|usbc-therm-adc=345|max77779fg=30400|LITTLE=37000|soc=8|smpl_gm=0|vdroop1=0|batoilo=0|batoilo2=0|batt_vs=30396|mdis_morepower=0|thb_hda=51|cp_on_chip_0=35000|cp_on_chip_1=36000|G3D=35000|cp_on_chip_2=36000|cp_on_chip_3=34000|cp_on_chip_4=34000|rf2_therm=32000|rf1_therm=33000|ISP=35000|TPU=36000|AUR=36000|rfpa_therm=31705|quiet_therm=32306|charging_therm=34132|,ok,39000,37000,0,37000,1,batched,untouched,4096,8192,4,1,4028,0,732,0,4,4,ok
1,16,nvhe,4,578000,1795000,38000,37000,BIG=38000|MID=37000|usb_pwr_therm=29991|btmspkr_therm=29969|disp_therm=29991|north_therm=30793|soc_therm=34087|battery=30400|battery_cycle=5|dc-mains=34500|usbc-therm-adc=345|max77779fg=30400|LITTLE=37000|soc=8|smpl_gm=0|vdroop1=0|batoilo=0|batoilo2=0|batt_vs=30395|mdis_morepower=0|thb_hda=51|cp_on_chip_0=35000|cp_on_chip_1=36000|G3D=35000|cp_on_chip_2=36000|cp_on_chip_3=34000|cp_on_chip_4=34000|rf2_therm=32000|rf1_therm=33000|ISP=35000|TPU=35000|AUR=35000|rfpa_therm=31705|quiet_therm=32284|charging_therm=34109|,BIG=37000|MID=37000|usb_pwr_therm=29991|btmspkr_therm=29969|disp_therm=29991|north_therm=30793|soc_therm=34087|battery=30400|battery_cycle=5|dc-mains=34500|usbc-therm-adc=345|max77779fg=30400|LITTLE=37000|soc=8|smpl_gm=0|vdroop1=0|batoilo=0|batoilo2=0|batt_vs=30396|mdis_morepower=0|thb_hda=51|cp_on_chip_0=35000|cp_on_chip_1=36000|G3D=35000|cp_on_chip_2=36000|cp_on_chip_3=34000|cp_on_chip_4=34000|rf2_therm=32000|rf1_therm=33000|ISP=35000|TPU=36000|AUR=36000|rfpa_therm=31705|quiet_therm=32306|charging_therm=34132|,ok,39000,37000,0,37000,1,batched,untouched,4096,8192,5,1,4436,0,733,0,4,4,ok
1,16,nvhe,4,578000,1795000,38000,37000,BIG=38000|MID=37000|usb_pwr_therm=29991|btmspkr_therm=29969|disp_therm=29991|north_therm=30793|soc_therm=34087|battery=30400|battery_cycle=5|dc-mains=34500|usbc-therm-adc=345|max77779fg=30400|LITTLE=37000|soc=8|smpl_gm=0|vdroop1=0|batoilo=0|batoilo2=0|batt_vs=30395|mdis_morepower=0|thb_hda=51|cp_on_chip_0=35000|cp_on_chip_1=36000|G3D=35000|cp_on_chip_2=36000|cp_on_chip_3=34000|cp_on_chip_4=34000|rf2_therm=32000|rf1_therm=33000|ISP=35000|TPU=35000|AUR=35000|rfpa_therm=31705|quiet_therm=32284|charging_therm=34109|,BIG=37000|MID=37000|usb_pwr_therm=29991|btmspkr_therm=29969|disp_therm=29991|north_therm=30793|soc_therm=34087|battery=30400|battery_cycle=5|dc-mains=34500|usbc-therm-adc=345|max77779fg=30400|LITTLE=37000|soc=8|smpl_gm=0|vdroop1=0|batoilo=0|batoilo2=0|batt_vs=30396|mdis_morepower=0|thb_hda=51|cp_on_chip_0=35000|cp_on_chip_1=36000|G3D=35000|cp_on_chip_2=36000|cp_on_chip_3=34000|cp_on_chip_4=34000|rf2_therm=32000|rf1_therm=33000|ISP=35000|TPU=36000|AUR=36000|rfpa_therm=31705|quiet_therm=32306|charging_therm=34132|,ok,39000,37000,0,37000,1,batched,untouched,4096,8192,6,1,3174,0,733,0,4,4,ok
1,16,nvhe,4,578000,1795000,38000,37000,BIG=38000|MID=37000|usb_pwr_therm=29991|btmspkr_therm=29969|disp_therm=29991|north_therm=30793|soc_therm=34087|battery=30400|battery_cycle=5|dc-mains=34500|usbc-therm-adc=345|max77779fg=30400|LITTLE=37000|soc=8|smpl_gm=0|vdroop1=0|batoilo=0|batoilo2=0|batt_vs=30395|mdis_morepower=0|thb_hda=51|cp_on_chip_0=35000|cp_on_chip_1=36000|G3D=35000|cp_on_chip_2=36000|cp_on_chip_3=34000|cp_on_chip_4=34000|rf2_therm=32000|rf1_therm=33000|ISP=35000|TPU=35000|AUR=35000|rfpa_therm=31705|quiet_therm=32284|charging_therm=34109|,BIG=37000|MID=37000|usb_pwr_therm=29991|btmspkr_therm=29969|disp_therm=29991|north_therm=30793|soc_therm=34087|battery=30400|battery_cycle=5|dc-mains=34500|usbc-therm-adc=345|max77779fg=30400|LITTLE=37000|soc=8|smpl_gm=0|vdroop1=0|batoilo=0|batoilo2=0|batt_vs=30396|mdis_morepower=0|thb_hda=51|cp_on_chip_0=35000|cp_on_chip_1=36000|G3D=35000|cp_on_chip_2=36000|cp_on_chip_3=34000|cp_on_chip_4=34000|rf2_therm=32000|rf1_therm=33000|ISP=35000|TPU=36000|AUR=36000|rfpa_therm=31705|quiet_therm=32306|charging_therm=34132|,ok,39000,37000,0,37000,1,batched,untouched,4096,8192,7,1,3540,0,732,0,4,4,ok
1,16,nvhe,4,578000,1795000,38000,37000,BIG=38000|MID=37000|usb_pwr_therm=29991|btmspkr_therm=29969|disp_therm=29991|north_therm=30793|soc_therm=34087|battery=30400|battery_cycle=5|dc-mains=34500|usbc-therm-adc=345|max77779fg=30400|LITTLE=37000|soc=8|smpl_gm=0|vdroop1=0|batoilo=0|batoilo2=0|batt_vs=30395|mdis_morepower=0|thb_hda=51|cp_on_chip_0=35000|cp_on_chip_1=36000|G3D=35000|cp_on_chip_2=36000|cp_on_chip_3=34000|cp_on_chip_4=34000|rf2_therm=32000|rf1_therm=33000|ISP=35000|TPU=35000|AUR=35000|rfpa_therm=31705|quiet_therm=32284|charging_therm=34109|,BIG=37000|MID=37000|usb_pwr_therm=29991|btmspkr_therm=29969|disp_therm=29991|north_therm=30793|soc_therm=34087|battery=30400|battery_cycle=5|dc-mains=34500|usbc-therm-adc=345|max77779fg=30400|LITTLE=37000|soc=8|smpl_gm=0|vdroop1=0|batoilo=0|batoilo2=0|batt_vs=30396|mdis_morepower=0|thb_hda=51|cp_on_chip_0=35000|cp_on_chip_1=36000|G3D=35000|cp_on_chip_2=36000|cp_on_chip_3=34000|cp_on_chip_4=34000|rf2_therm=32000|rf1_therm=33000|ISP=35000|TPU=36000|AUR=36000|rfpa_therm=31705|quiet_therm=32306|charging_therm=34132|,ok,39000,37000,0,37000,1,batched,untouched,4096,8192,8,1,3662,0,732,0,4,4,ok
1,16,nvhe,4,578000,1795000,38000,37000,BIG=38000|MID=37000|usb_pwr_therm=29991|btmspkr_therm=29969|disp_therm=29991|north_therm=30793|soc_therm=34087|battery=30400|battery_cycle=5|dc-mains=34500|usbc-therm-adc=345|max77779fg=30400|LITTLE=37000|soc=8|smpl_gm=0|vdroop1=0|batoilo=0|batoilo2=0|batt_vs=30395|mdis_morepower=0|thb_hda=51|cp_on_chip_0=35000|cp_on_chip_1=36000|G3D=35000|cp_on_chip_2=36000|cp_on_chip_3=34000|cp_on_chip_4=34000|rf2_therm=32000|rf1_therm=33000|ISP=35000|TPU=35000|AUR=35000|rfpa_therm=31705|quiet_therm=32284|charging_therm=34109|,BIG=37000|MID=37000|usb_pwr_therm=29991|btmspkr_therm=29969|disp_therm=29991|north_therm=30793|soc_therm=34087|battery=30400|battery_cycle=5|dc-mains=34500|usbc-therm-adc=345|max77779fg=30400|LITTLE=37000|soc=8|smpl_gm=0|vdroop1=0|batoilo=0|batoilo2=0|batt_vs=30396|mdis_morepower=0|thb_hda=51|cp_on_chip_0=35000|cp_on_chip_1=36000|G3D=35000|cp_on_chip_2=36000|cp_on_chip_3=34000|cp_on_chip_4=34000|rf2_therm=32000|rf1_therm=33000|ISP=35000|TPU=36000|AUR=36000|rfpa_therm=31705|quiet_therm=32306|charging_therm=34132|,ok,39000,37000,0,37000,1,batched,untouched,4096,8192,9,1,3092,0,732,0,4,4,ok
1,16,nvhe,4,578000,1795000,38000,37000,BIG=38000|MID=37000|usb_pwr_therm=29991|btmspkr_therm=29969|disp_therm=29991|north_therm=30793|soc_therm=34087|battery=30400|battery_cycle=5|dc-mains=34500|usbc-therm-adc=345|max77779fg=30400|LITTLE=37000|soc=8|smpl_gm=0|vdroop1=0|batoilo=0|batoilo2=0|batt_vs=30395|mdis_morepower=0|thb_hda=51|cp_on_chip_0=35000|cp_on_chip_1=36000|G3D=35000|cp_on_chip_2=36000|cp_on_chip_3=34000|cp_on_chip_4=34000|rf2_therm=32000|rf1_therm=33000|ISP=35000|TPU=35000|AUR=35000|rfpa_therm=31705|quiet_therm=32284|charging_therm=34109|,BIG=37000|MID=37000|usb_pwr_therm=29991|btmspkr_therm=29969|disp_therm=29991|north_therm=30793|soc_therm=34087|battery=30400|battery_cycle=5|dc-mains=34500|usbc-therm-adc=345|max77779fg=30400|LITTLE=37000|soc=8|smpl_gm=0|vdroop1=0|batoilo=0|batoilo2=0|batt_vs=30396|mdis_morepower=0|thb_hda=51|cp_on_chip_0=35000|cp_on_chip_1=36000|G3D=35000|cp_on_chip_2=36000|cp_on_chip_3=34000|cp_on_chip_4=34000|rf2_therm=32000|rf1_therm=33000|ISP=35000|TPU=36000|AUR=36000|rfpa_therm=31705|quiet_therm=32306|charging_therm=34132|,ok,39000,37000,0,37000,1,batched,untouched,4096,8192,10,1,3336,0,692,0,4,4,ok
1,16,nvhe,4,578000,1795000,38000,37000,BIG=38000|MID=37000|usb_pwr_therm=29991|btmspkr_therm=29969|disp_therm=29991|north_therm=30793|soc_therm=34087|battery=30400|battery_cycle=5|dc-mains=34500|usbc-therm-adc=345|max77779fg=30400|LITTLE=37000|soc=8|smpl_gm=0|vdroop1=0|batoilo=0|batoilo2=0|batt_vs=30395|mdis_morepower=0|thb_hda=51|cp_on_chip_0=35000|cp_on_chip_1=36000|G3D=35000|cp_on_chip_2=36000|cp_on_chip_3=34000|cp_on_chip_4=34000|rf2_therm=32000|rf1_therm=33000|ISP=35000|TPU=35000|AUR=35000|rfpa_therm=31705|quiet_therm=32284|charging_therm=34109|,BIG=37000|MID=37000|usb_pwr_therm=29991|btmspkr_therm=29969|disp_therm=29991|north_therm=30793|soc_therm=34087|battery=30400|battery_cycle=5|dc-mains=34500|usbc-therm-adc=345|max77779fg=30400|LITTLE=37000|soc=8|smpl_gm=0|vdroop1=0|batoilo=0|batoilo2=0|batt_vs=30396|mdis_morepower=0|thb_hda=51|cp_on_chip_0=35000|cp_on_chip_1=36000|G3D=35000|cp_on_chip_2=36000|cp_on_chip_3=34000|cp_on_chip_4=34000|rf2_therm=32000|rf1_therm=33000|ISP=35000|TPU=36000|AUR=36000|rfpa_therm=31705|quiet_therm=32306|charging_therm=34132|,ok,39000,37000,0,37000,1,batched,untouched,4096,8192,11,1,2849,0,773,0,4,4,ok
1,16,nvhe,4,578000,1795000,38000,37000,BIG=38000|MID=37000|usb_pwr_therm=29991|btmspkr_therm=29969|disp_therm=29991|north_therm=30793|soc_therm=34087|battery=30400|battery_cycle=5|dc-mains=34500|usbc-therm-adc=345|max77779fg=30400|LITTLE=37000|soc=8|smpl_gm=0|vdroop1=0|batoilo=0|batoilo2=0|batt_vs=30395|mdis_morepower=0|thb_hda=51|cp_on_chip_0=35000|cp_on_chip_1=36000|G3D=35000|cp_on_chip_2=36000|cp_on_chip_3=34000|cp_on_chip_4=34000|rf2_therm=32000|rf1_therm=33000|ISP=35000|TPU=35000|AUR=35000|rfpa_therm=31705|quiet_therm=32284|charging_therm=34109|,BIG=37000|MID=37000|usb_pwr_therm=29991|btmspkr_therm=29969|disp_therm=29991|north_therm=30793|soc_therm=34087|battery=30400|battery_cycle=5|dc-mains=34500|usbc-therm-adc=345|max77779fg=30400|LITTLE=37000|soc=8|smpl_gm=0|vdroop1=0|batoilo=0|batoilo2=0|batt_vs=30396|mdis_morepower=0|thb_hda=51|cp_on_chip_0=35000|cp_on_chip_1=36000|G3D=35000|cp_on_chip_2=36000|cp_on_chip_3=34000|cp_on_chip_4=34000|rf2_therm=32000|rf1_therm=33000|ISP=35000|TPU=36000|AUR=36000|rfpa_therm=31705|quiet_therm=32306|charging_therm=34132|,ok,39000,37000,0,37000,1,batched,untouched,4096,8192,12,1,3256,0,732,0,4,4,ok
1,16,nvhe,4,578000,1795000,38000,37000,BIG=38000|MID=37000|usb_pwr_therm=29991|btmspkr_therm=29969|disp_therm=29991|north_therm=30793|soc_therm=34087|battery=30400|battery_cycle=5|dc-mains=34500|usbc-therm-adc=345|max77779fg=30400|LITTLE=37000|soc=8|smpl_gm=0|vdroop1=0|batoilo=0|batoilo2=0|batt_vs=30395|mdis_morepower=0|thb_hda=51|cp_on_chip_0=35000|cp_on_chip_1=36000|G3D=35000|cp_on_chip_2=36000|cp_on_chip_3=34000|cp_on_chip_4=34000|rf2_therm=32000|rf1_therm=33000|ISP=35000|TPU=35000|AUR=35000|rfpa_therm=31705|quiet_therm=32284|charging_therm=34109|,BIG=37000|MID=37000|usb_pwr_therm=29991|btmspkr_therm=29969|disp_therm=29991|north_therm=30793|soc_therm=34087|battery=30400|battery_cycle=5|dc-mains=34500|usbc-therm-adc=345|max77779fg=30400|LITTLE=37000|soc=8|smpl_gm=0|vdroop1=0|batoilo=0|batoilo2=0|batt_vs=30396|mdis_morepower=0|thb_hda=51|cp_on_chip_0=35000|cp_on_chip_1=36000|G3D=35000|cp_on_chip_2=36000|cp_on_chip_3=34000|cp_on_chip_4=34000|rf2_therm=32000|rf1_therm=33000|ISP=35000|TPU=36000|AUR=36000|rfpa_therm=31705|quiet_therm=32306|charging_therm=34132|,ok,39000,37000,0,37000,1,batched,untouched,4096,8192,13,1,3378,0,814,0,4,4,ok
1,16,nvhe,4,578000,1795000,38000,37000,BIG=38000|MID=37000|usb_pwr_therm=29991|btmspkr_therm=29969|disp_therm=29991|north_therm=30793|soc_therm=34087|battery=30400|battery_cycle=5|dc-mains=34500|usbc-therm-adc=345|max77779fg=30400|LITTLE=37000|soc=8|smpl_gm=0|vdroop1=0|batoilo=0|batoilo2=0|batt_vs=30395|mdis_morepower=0|thb_hda=51|cp_on_chip_0=35000|cp_on_chip_1=36000|G3D=35000|cp_on_chip_2=36000|cp_on_chip_3=34000|cp_on_chip_4=34000|rf2_therm=32000|rf1_therm=33000|ISP=35000|TPU=35000|AUR=35000|rfpa_therm=31705|quiet_therm=32284|charging_therm=34109|,BIG=37000|MID=37000|usb_pwr_therm=29991|btmspkr_therm=29969|disp_therm=29991|north_therm=30793|soc_therm=34087|battery=30400|battery_cycle=5|dc-mains=34500|usbc-therm-adc=345|max77779fg=30400|LITTLE=37000|soc=8|smpl_gm=0|vdroop1=0|batoilo=0|batoilo2=0|batt_vs=30396|mdis_morepower=0|thb_hda=51|cp_on_chip_0=35000|cp_on_chip_1=36000|G3D=35000|cp_on_chip_2=36000|cp_on_chip_3=34000|cp_on_chip_4=34000|rf2_therm=32000|rf1_therm=33000|ISP=35000|TPU=36000|AUR=36000|rfpa_therm=31705|quiet_therm=32306|charging_therm=34132|,ok,39000,37000,0,37000,1,batched,untouched,4096,8192,14,1,3051,0,691,0,4,4,ok
1,16,nvhe,4,578000,1795000,38000,37000,BIG=38000|MID=37000|usb_pwr_therm=29991|btmspkr_therm=29969|disp_therm=29991|north_therm=30793|soc_therm=34087|battery=30400|battery_cycle=5|dc-mains=34500|usbc-therm-adc=345|max77779fg=30400|LITTLE=37000|soc=8|smpl_gm=0|vdroop1=0|batoilo=0|batoilo2=0|batt_vs=30395|mdis_morepower=0|thb_hda=51|cp_on_chip_0=35000|cp_on_chip_1=36000|G3D=35000|cp_on_chip_2=36000|cp_on_chip_3=34000|cp_on_chip_4=34000|rf2_therm=32000|rf1_therm=33000|ISP=35000|TPU=35000|AUR=35000|rfpa_therm=31705|quiet_therm=32284|charging_therm=34109|,BIG=37000|MID=37000|usb_pwr_therm=29991|btmspkr_therm=29969|disp_therm=29991|north_therm=30793|soc_therm=34087|battery=30400|battery_cycle=5|dc-mains=34500|usbc-therm-adc=345|max77779fg=30400|LITTLE=37000|soc=8|smpl_gm=0|vdroop1=0|batoilo=0|batoilo2=0|batt_vs=30396|mdis_morepower=0|thb_hda=51|cp_on_chip_0=35000|cp_on_chip_1=36000|G3D=35000|cp_on_chip_2=36000|cp_on_chip_3=34000|cp_on_chip_4=34000|rf2_therm=32000|rf1_therm=33000|ISP=35000|TPU=36000|AUR=36000|rfpa_therm=31705|quiet_therm=32306|charging_therm=34132|,ok,39000,37000,0,37000,1,batched,untouched,4096,8192,15,1,4517,0,732,0,4,4,ok
1,16,nvhe,4,578000,1795000,38000,37000,BIG=38000|MID=37000|usb_pwr_therm=29991|btmspkr_therm=29969|disp_therm=29991|north_therm=30793|soc_therm=34087|battery=30400|battery_cycle=5|dc-mains=34500|usbc-therm-adc=345|max77779fg=30400|LITTLE=37000|soc=8|smpl_gm=0|vdroop1=0|batoilo=0|batoilo2=0|batt_vs=30395|mdis_morepower=0|thb_hda=51|cp_on_chip_0=35000|cp_on_chip_1=36000|G3D=35000|cp_on_chip_2=36000|cp_on_chip_3=34000|cp_on_chip_4=34000|rf2_therm=32000|rf1_therm=33000|ISP=35000|TPU=35000|AUR=35000|rfpa_therm=31705|quiet_therm=32284|charging_therm=34109|,BIG=37000|MID=37000|usb_pwr_therm=29991|btmspkr_therm=29969|disp_therm=29991|north_therm=30793|soc_therm=34087|battery=30400|battery_cycle=5|dc-mains=34500|usbc-therm-adc=345|max77779fg=30400|LITTLE=37000|soc=8|smpl_gm=0|vdroop1=0|batoilo=0|batoilo2=0|batt_vs=30396|mdis_morepower=0|thb_hda=51|cp_on_chip_0=35000|cp_on_chip_1=36000|G3D=35000|cp_on_chip_2=36000|cp_on_chip_3=34000|cp_on_chip_4=34000|rf2_therm=32000|rf1_therm=33000|ISP=35000|TPU=36000|AUR=36000|rfpa_therm=31705|quiet_therm=32306|charging_therm=34132|,ok,39000,37000,0,37000,1,batched,untouched,4096,8192,16,1,11271,0,854,0,4,4,ok
1,16,nvhe,4,578000,1795000,38000,37000,BIG=38000|MID=37000|usb_pwr_therm=29991|btmspkr_therm=29969|disp_therm=29991|north_therm=30793|soc_therm=34087|battery=30400|battery_cycle=5|dc-mains=34500|usbc-therm-adc=345|max77779fg=30400|LITTLE=37000|soc=8|smpl_gm=0|vdroop1=0|batoilo=0|batoilo2=0|batt_vs=30395|mdis_morepower=0|thb_hda=51|cp_on_chip_0=35000|cp_on_chip_1=36000|G3D=35000|cp_on_chip_2=36000|cp_on_chip_3=34000|cp_on_chip_4=34000|rf2_therm=32000|rf1_therm=33000|ISP=35000|TPU=35000|AUR=35000|rfpa_therm=31705|quiet_therm=32284|charging_therm=34109|,BIG=37000|MID=37000|usb_pwr_therm=29991|btmspkr_therm=29969|disp_therm=29991|north_therm=30793|soc_therm=34087|battery=30400|battery_cycle=5|dc-mains=34500|usbc-therm-adc=345|max77779fg=30400|LITTLE=37000|soc=8|smpl_gm=0|vdroop1=0|batoilo=0|batoilo2=0|batt_vs=30396|mdis_morepower=0|thb_hda=51|cp_on_chip_0=35000|cp_on_chip_1=36000|G3D=35000|cp_on_chip_2=36000|cp_on_chip_3=34000|cp_on_chip_4=34000|rf2_therm=32000|rf1_therm=33000|ISP=35000|TPU=36000|AUR=36000|rfpa_therm=31705|quiet_therm=32306|charging_therm=34132|,ok,39000,37000,0,37000,1,batched,untouched,4096,8192,17,1,5778,0,732,0,4,4,ok
1,16,nvhe,4,578000,1795000,38000,37000,BIG=38000|MID=37000|usb_pwr_therm=29991|btmspkr_therm=29969|disp_therm=29991|north_therm=30793|soc_therm=34087|battery=30400|battery_cycle=5|dc-mains=34500|usbc-therm-adc=345|max77779fg=30400|LITTLE=37000|soc=8|smpl_gm=0|vdroop1=0|batoilo=0|batoilo2=0|batt_vs=30395|mdis_morepower=0|thb_hda=51|cp_on_chip_0=35000|cp_on_chip_1=36000|G3D=35000|cp_on_chip_2=36000|cp_on_chip_3=34000|cp_on_chip_4=34000|rf2_therm=32000|rf1_therm=33000|ISP=35000|TPU=35000|AUR=35000|rfpa_therm=31705|quiet_therm=32284|charging_therm=34109|,BIG=37000|MID=37000|usb_pwr_therm=29991|btmspkr_therm=29969|disp_therm=29991|north_therm=30793|soc_therm=34087|battery=30400|battery_cycle=5|dc-mains=34500|usbc-therm-adc=345|max77779fg=30400|LITTLE=37000|soc=8|smpl_gm=0|vdroop1=0|batoilo=0|batoilo2=0|batt_vs=30396|mdis_morepower=0|thb_hda=51|cp_on_chip_0=35000|cp_on_chip_1=36000|G3D=35000|cp_on_chip_2=36000|cp_on_chip_3=34000|cp_on_chip_4=34000|rf2_therm=32000|rf1_therm=33000|ISP=35000|TPU=36000|AUR=36000|rfpa_therm=31705|quiet_therm=32306|charging_therm=34132|,ok,39000,37000,0,37000,1,batched,untouched,4096,8192,18,1,4191,0,692,0,4,4,ok
1,16,nvhe,4,578000,1795000,38000,37000,BIG=38000|MID=37000|usb_pwr_therm=29991|btmspkr_therm=29969|disp_therm=29991|north_therm=30793|soc_therm=34087|battery=30400|battery_cycle=5|dc-mains=34500|usbc-therm-adc=345|max77779fg=30400|LITTLE=37000|soc=8|smpl_gm=0|vdroop1=0|batoilo=0|batoilo2=0|batt_vs=30395|mdis_morepower=0|thb_hda=51|cp_on_chip_0=35000|cp_on_chip_1=36000|G3D=35000|cp_on_chip_2=36000|cp_on_chip_3=34000|cp_on_chip_4=34000|rf2_therm=32000|rf1_therm=33000|ISP=35000|TPU=35000|AUR=35000|rfpa_therm=31705|quiet_therm=32284|charging_therm=34109|,BIG=37000|MID=37000|usb_pwr_therm=29991|btmspkr_therm=29969|disp_therm=29991|north_therm=30793|soc_therm=34087|battery=30400|battery_cycle=5|dc-mains=34500|usbc-therm-adc=345|max77779fg=30400|LITTLE=37000|soc=8|smpl_gm=0|vdroop1=0|batoilo=0|batoilo2=0|batt_vs=30396|mdis_morepower=0|thb_hda=51|cp_on_chip_0=35000|cp_on_chip_1=36000|G3D=35000|cp_on_chip_2=36000|cp_on_chip_3=34000|cp_on_chip_4=34000|rf2_therm=32000|rf1_therm=33000|ISP=35000|TPU=36000|AUR=36000|rfpa_therm=31705|quiet_therm=32306|charging_therm=34132|,ok,39000,37000,0,37000,1,batched,untouched,4096,8192,19,1,4720,0,692,0,4,4,ok
1,16,nvhe,4,578000,1795000,38000,37000,BIG=38000|MID=37000|usb_pwr_therm=29991|btmspkr_therm=29969|disp_therm=29991|north_therm=30793|soc_therm=34087|battery=30400|battery_cycle=5|dc-mains=34500|usbc-therm-adc=345|max77779fg=30400|LITTLE=37000|soc=8|smpl_gm=0|vdroop1=0|batoilo=0|batoilo2=0|batt_vs=30395|mdis_morepower=0|thb_hda=51|cp_on_chip_0=35000|cp_on_chip_1=36000|G3D=35000|cp_on_chip_2=36000|cp_on_chip_3=34000|cp_on_chip_4=34000|rf2_therm=32000|rf1_therm=33000|ISP=35000|TPU=35000|AUR=35000|rfpa_therm=31705|quiet_therm=32284|charging_therm=34109|,BIG=37000|MID=37000|usb_pwr_therm=29991|btmspkr_therm=29969|disp_therm=29991|north_therm=30793|soc_therm=34087|battery=30400|battery_cycle=5|dc-mains=34500|usbc-therm-adc=345|max77779fg=30400|LITTLE=37000|soc=8|smpl_gm=0|vdroop1=0|batoilo=0|batoilo2=0|batt_vs=30396|mdis_morepower=0|thb_hda=51|cp_on_chip_0=35000|cp_on_chip_1=36000|G3D=35000|cp_on_chip_2=36000|cp_on_chip_3=34000|cp_on_chip_4=34000|rf2_therm=32000|rf1_therm=33000|ISP=35000|TPU=36000|AUR=36000|rfpa_therm=31705|quiet_therm=32306|charging_therm=34132|,ok,39000,37000,0,37000,1,batched,untouched,4096,8192,20,1,4761,0,732,0,4,4,ok
1,16,nvhe,4,578000,1795000,38000,37000,BIG=38000|MID=37000|usb_pwr_therm=29991|btmspkr_therm=29969|disp_therm=29991|north_therm=30793|soc_therm=34087|battery=30400|battery_cycle=5|dc-mains=34500|usbc-therm-adc=345|max77779fg=30400|LITTLE=37000|soc=8|smpl_gm=0|vdroop1=0|batoilo=0|batoilo2=0|batt_vs=30395|mdis_morepower=0|thb_hda=51|cp_on_chip_0=35000|cp_on_chip_1=36000|G3D=35000|cp_on_chip_2=36000|cp_on_chip_3=34000|cp_on_chip_4=34000|rf2_therm=32000|rf1_therm=33000|ISP=35000|TPU=35000|AUR=35000|rfpa_therm=31705|quiet_therm=32284|charging_therm=34109|,BIG=37000|MID=37000|usb_pwr_therm=29991|btmspkr_therm=29969|disp_therm=29991|north_therm=30793|soc_therm=34087|battery=30400|battery_cycle=5|dc-mains=34500|usbc-therm-adc=345|max77779fg=30400|LITTLE=37000|soc=8|smpl_gm=0|vdroop1=0|batoilo=0|batoilo2=0|batt_vs=30396|mdis_morepower=0|thb_hda=51|cp_on_chip_0=35000|cp_on_chip_1=36000|G3D=35000|cp_on_chip_2=36000|cp_on_chip_3=34000|cp_on_chip_4=34000|rf2_therm=32000|rf1_therm=33000|ISP=35000|TPU=36000|AUR=36000|rfpa_therm=31705|quiet_therm=32306|charging_therm=34132|,ok,39000,37000,0,37000,1,batched,untouched,4096,8192,21,1,4516,0,773,0,4,4,ok
1,16,nvhe,4,578000,1795000,38000,37000,BIG=38000|MID=37000|usb_pwr_therm=29991|btmspkr_therm=29969|disp_therm=29991|north_therm=30793|soc_therm=34087|battery=30400|battery_cycle=5|dc-mains=34500|usbc-therm-adc=345|max77779fg=30400|LITTLE=37000|soc=8|smpl_gm=0|vdroop1=0|batoilo=0|batoilo2=0|batt_vs=30395|mdis_morepower=0|thb_hda=51|cp_on_chip_0=35000|cp_on_chip_1=36000|G3D=35000|cp_on_chip_2=36000|cp_on_chip_3=34000|cp_on_chip_4=34000|rf2_therm=32000|rf1_therm=33000|ISP=35000|TPU=35000|AUR=35000|rfpa_therm=31705|quiet_therm=32284|charging_therm=34109|,BIG=37000|MID=37000|usb_pwr_therm=29991|btmspkr_therm=29969|disp_therm=29991|north_therm=30793|soc_therm=34087|battery=30400|battery_cycle=5|dc-mains=34500|usbc-therm-adc=345|max77779fg=30400|LITTLE=37000|soc=8|smpl_gm=0|vdroop1=0|batoilo=0|batoilo2=0|batt_vs=30396|mdis_morepower=0|thb_hda=51|cp_on_chip_0=35000|cp_on_chip_1=36000|G3D=35000|cp_on_chip_2=36000|cp_on_chip_3=34000|cp_on_chip_4=34000|rf2_therm=32000|rf1_therm=33000|ISP=35000|TPU=36000|AUR=36000|rfpa_therm=31705|quiet_therm=32306|charging_therm=34132|,ok,39000,37000,0,37000,1,batched,untouched,4096,8192,22,1,4150,0,692,0,4,4,ok
1,16,nvhe,4,578000,1795000,38000,37000,BIG=38000|MID=37000|usb_pwr_therm=29991|btmspkr_therm=29969|disp_therm=29991|north_therm=30793|soc_therm=34087|battery=30400|battery_cycle=5|dc-mains=34500|usbc-therm-adc=345|max77779fg=30400|LITTLE=37000|soc=8|smpl_gm=0|vdroop1=0|batoilo=0|batoilo2=0|batt_vs=30395|mdis_morepower=0|thb_hda=51|cp_on_chip_0=35000|cp_on_chip_1=36000|G3D=35000|cp_on_chip_2=36000|cp_on_chip_3=34000|cp_on_chip_4=34000|rf2_therm=32000|rf1_therm=33000|ISP=35000|TPU=35000|AUR=35000|rfpa_therm=31705|quiet_therm=32284|charging_therm=34109|,BIG=37000|MID=37000|usb_pwr_therm=29991|btmspkr_therm=29969|disp_therm=29991|north_therm=30793|soc_therm=34087|battery=30400|battery_cycle=5|dc-mains=34500|usbc-therm-adc=345|max77779fg=30400|LITTLE=37000|soc=8|smpl_gm=0|vdroop1=0|batoilo=0|batoilo2=0|batt_vs=30396|mdis_morepower=0|thb_hda=51|cp_on_chip_0=35000|cp_on_chip_1=36000|G3D=35000|cp_on_chip_2=36000|cp_on_chip_3=34000|cp_on_chip_4=34000|rf2_therm=32000|rf1_therm=33000|ISP=35000|TPU=36000|AUR=36000|rfpa_therm=31705|quiet_therm=32306|charging_therm=34132|,ok,39000,37000,0,37000,1,batched,untouched,4096,8192,23,1,3540,0,692,0,4,4,ok
1,16,nvhe,4,578000,1795000,38000,37000,BIG=38000|MID=37000|usb_pwr_therm=29991|btmspkr_therm=29969|disp_therm=29991|north_therm=30793|soc_therm=34087|battery=30400|battery_cycle=5|dc-mains=34500|usbc-therm-adc=345|max77779fg=30400|LITTLE=37000|soc=8|smpl_gm=0|vdroop1=0|batoilo=0|batoilo2=0|batt_vs=30395|mdis_morepower=0|thb_hda=51|cp_on_chip_0=35000|cp_on_chip_1=36000|G3D=35000|cp_on_chip_2=36000|cp_on_chip_3=34000|cp_on_chip_4=34000|rf2_therm=32000|rf1_therm=33000|ISP=35000|TPU=35000|AUR=35000|rfpa_therm=31705|quiet_therm=32284|charging_therm=34109|,BIG=37000|MID=37000|usb_pwr_therm=29991|btmspkr_therm=29969|disp_therm=29991|north_therm=30793|soc_therm=34087|battery=30400|battery_cycle=5|dc-mains=34500|usbc-therm-adc=345|max77779fg=30400|LITTLE=37000|soc=8|smpl_gm=0|vdroop1=0|batoilo=0|batoilo2=0|batt_vs=30396|mdis_morepower=0|thb_hda=51|cp_on_chip_0=35000|cp_on_chip_1=36000|G3D=35000|cp_on_chip_2=36000|cp_on_chip_3=34000|cp_on_chip_4=34000|rf2_therm=32000|rf1_therm=33000|ISP=35000|TPU=36000|AUR=36000|rfpa_therm=31705|quiet_therm=32306|charging_therm=34132|,ok,39000,37000,0,37000,1,batched,untouched,4096,8192,24,1,4558,0,733,0,4,4,ok
1,16,nvhe,4,578000,1795000,38000,37000,BIG=38000|MID=37000|usb_pwr_therm=29991|btmspkr_therm=29969|disp_therm=29991|north_therm=30793|soc_therm=34087|battery=30400|battery_cycle=5|dc-mains=34500|usbc-therm-adc=345|max77779fg=30400|LITTLE=37000|soc=8|smpl_gm=0|vdroop1=0|batoilo=0|batoilo2=0|batt_vs=30395|mdis_morepower=0|thb_hda=51|cp_on_chip_0=35000|cp_on_chip_1=36000|G3D=35000|cp_on_chip_2=36000|cp_on_chip_3=34000|cp_on_chip_4=34000|rf2_therm=32000|rf1_therm=33000|ISP=35000|TPU=35000|AUR=35000|rfpa_therm=31705|quiet_therm=32284|charging_therm=34109|,BIG=37000|MID=37000|usb_pwr_therm=29991|btmspkr_therm=29969|disp_therm=29991|north_therm=30793|soc_therm=34087|battery=30400|battery_cycle=5|dc-mains=34500|usbc-therm-adc=345|max77779fg=30400|LITTLE=37000|soc=8|smpl_gm=0|vdroop1=0|batoilo=0|batoilo2=0|batt_vs=30396|mdis_morepower=0|thb_hda=51|cp_on_chip_0=35000|cp_on_chip_1=36000|G3D=35000|cp_on_chip_2=36000|cp_on_chip_3=34000|cp_on_chip_4=34000|rf2_therm=32000|rf1_therm=33000|ISP=35000|TPU=36000|AUR=36000|rfpa_therm=31705|quiet_therm=32306|charging_therm=34132|,ok,39000,37000,0,37000,1,batched,untouched,4096,8192,25,1,3947,0,732,0,4,4,ok
1,16,nvhe,4,578000,1795000,38000,37000,BIG=38000|MID=37000|usb_pwr_therm=29991|btmspkr_therm=29969|disp_therm=29991|north_therm=30793|soc_therm=34087|battery=30400|battery_cycle=5|dc-mains=34500|usbc-therm-adc=345|max77779fg=30400|LITTLE=37000|soc=8|smpl_gm=0|vdroop1=0|batoilo=0|batoilo2=0|batt_vs=30395|mdis_morepower=0|thb_hda=51|cp_on_chip_0=35000|cp_on_chip_1=36000|G3D=35000|cp_on_chip_2=36000|cp_on_chip_3=34000|cp_on_chip_4=34000|rf2_therm=32000|rf1_therm=33000|ISP=35000|TPU=35000|AUR=35000|rfpa_therm=31705|quiet_therm=32284|charging_therm=34109|,BIG=37000|MID=37000|usb_pwr_therm=29991|btmspkr_therm=29969|disp_therm=29991|north_therm=30793|soc_therm=34087|battery=30400|battery_cycle=5|dc-mains=34500|usbc-therm-adc=345|max77779fg=30400|LITTLE=37000|soc=8|smpl_gm=0|vdroop1=0|batoilo=0|batoilo2=0|batt_vs=30396|mdis_morepower=0|thb_hda=51|cp_on_chip_0=35000|cp_on_chip_1=36000|G3D=35000|cp_on_chip_2=36000|cp_on_chip_3=34000|cp_on_chip_4=34000|rf2_therm=32000|rf1_therm=33000|ISP=35000|TPU=36000|AUR=36000|rfpa_therm=31705|quiet_therm=32306|charging_therm=34132|,ok,39000,37000,0,37000,1,batched,untouched,4096,8192,26,1,2645,0,732,0,4,4,ok
1,16,nvhe,4,578000,1795000,38000,37000,BIG=38000|MID=37000|usb_pwr_therm=29991|btmspkr_therm=29969|disp_therm=29991|north_therm=30793|soc_therm=34087|battery=30400|battery_cycle=5|dc-mains=34500|usbc-therm-adc=345|max77779fg=30400|LITTLE=37000|soc=8|smpl_gm=0|vdroop1=0|batoilo=0|batoilo2=0|batt_vs=30395|mdis_morepower=0|thb_hda=51|cp_on_chip_0=35000|cp_on_chip_1=36000|G3D=35000|cp_on_chip_2=36000|cp_on_chip_3=34000|cp_on_chip_4=34000|rf2_therm=32000|rf1_therm=33000|ISP=35000|TPU=35000|AUR=35000|rfpa_therm=31705|quiet_therm=32284|charging_therm=34109|,BIG=37000|MID=37000|usb_pwr_therm=29991|btmspkr_therm=29969|disp_therm=29991|north_therm=30793|soc_therm=34087|battery=30400|battery_cycle=5|dc-mains=34500|usbc-therm-adc=345|max77779fg=30400|LITTLE=37000|soc=8|smpl_gm=0|vdroop1=0|batoilo=0|batoilo2=0|batt_vs=30396|mdis_morepower=0|thb_hda=51|cp_on_chip_0=35000|cp_on_chip_1=36000|G3D=35000|cp_on_chip_2=36000|cp_on_chip_3=34000|cp_on_chip_4=34000|rf2_therm=32000|rf1_therm=33000|ISP=35000|TPU=36000|AUR=36000|rfpa_therm=31705|quiet_therm=32306|charging_therm=34132|,ok,39000,37000,0,37000,1,batched,untouched,4096,8192,27,1,3296,0,854,0,4,4,ok
1,16,nvhe,4,578000,1795000,38000,37000,BIG=38000|MID=37000|usb_pwr_therm=29991|btmspkr_therm=29969|disp_therm=29991|north_therm=30793|soc_therm=34087|battery=30400|battery_cycle=5|dc-mains=34500|usbc-therm-adc=345|max77779fg=30400|LITTLE=37000|soc=8|smpl_gm=0|vdroop1=0|batoilo=0|batoilo2=0|batt_vs=30395|mdis_morepower=0|thb_hda=51|cp_on_chip_0=35000|cp_on_chip_1=36000|G3D=35000|cp_on_chip_2=36000|cp_on_chip_3=34000|cp_on_chip_4=34000|rf2_therm=32000|rf1_therm=33000|ISP=35000|TPU=35000|AUR=35000|rfpa_therm=31705|quiet_therm=32284|charging_therm=34109|,BIG=37000|MID=37000|usb_pwr_therm=29991|btmspkr_therm=29969|disp_therm=29991|north_therm=30793|soc_therm=34087|battery=30400|battery_cycle=5|dc-mains=34500|usbc-therm-adc=345|max77779fg=30400|LITTLE=37000|soc=8|smpl_gm=0|vdroop1=0|batoilo=0|batoilo2=0|batt_vs=30396|mdis_morepower=0|thb_hda=51|cp_on_chip_0=35000|cp_on_chip_1=36000|G3D=35000|cp_on_chip_2=36000|cp_on_chip_3=34000|cp_on_chip_4=34000|rf2_therm=32000|rf1_therm=33000|ISP=35000|TPU=36000|AUR=36000|rfpa_therm=31705|quiet_therm=32306|charging_therm=34132|,ok,39000,37000,0,37000,1,batched,untouched,4096,8192,28,1,3296,0,692,0,4,4,ok
1,16,nvhe,4,578000,1795000,38000,37000,BIG=38000|MID=37000|usb_pwr_therm=29991|btmspkr_therm=29969|disp_therm=29991|north_therm=30793|soc_therm=34087|battery=30400|battery_cycle=5|dc-mains=34500|usbc-therm-adc=345|max77779fg=30400|LITTLE=37000|soc=8|smpl_gm=0|vdroop1=0|batoilo=0|batoilo2=0|batt_vs=30395|mdis_morepower=0|thb_hda=51|cp_on_chip_0=35000|cp_on_chip_1=36000|G3D=35000|cp_on_chip_2=36000|cp_on_chip_3=34000|cp_on_chip_4=34000|rf2_therm=32000|rf1_therm=33000|ISP=35000|TPU=35000|AUR=35000|rfpa_therm=31705|quiet_therm=32284|charging_therm=34109|,BIG=37000|MID=37000|usb_pwr_therm=29991|btmspkr_therm=29969|disp_therm=29991|north_therm=30793|soc_therm=34087|battery=30400|battery_cycle=5|dc-mains=34500|usbc-therm-adc=345|max77779fg=30400|LITTLE=37000|soc=8|smpl_gm=0|vdroop1=0|batoilo=0|batoilo2=0|batt_vs=30396|mdis_morepower=0|thb_hda=51|cp_on_chip_0=35000|cp_on_chip_1=36000|G3D=35000|cp_on_chip_2=36000|cp_on_chip_3=34000|cp_on_chip_4=34000|rf2_therm=32000|rf1_therm=33000|ISP=35000|TPU=36000|AUR=36000|rfpa_therm=31705|quiet_therm=32306|charging_therm=34132|,ok,39000,37000,0,37000,1,batched,untouched,4096,8192,29,1,7406,0,732,0,4,4,ok
1,17,nvhe,4,578000,578000,37000,37000,BIG=37000|MID=36000|usb_pwr_therm=30014|btmspkr_therm=29991|disp_therm=29991|north_therm=30793|soc_therm=34109|battery=30400|battery_cycle=5|dc-mains=34500|usbc-therm-adc=345|max77779fg=30400|LITTLE=36000|soc=8|smpl_gm=0|vdroop1=0|batoilo=0|batoilo2=0|batt_vs=30395|mdis_morepower=0|thb_hda=51|cp_on_chip_0=35000|cp_on_chip_1=36000|G3D=35000|cp_on_chip_2=36000|cp_on_chip_3=34000|cp_on_chip_4=34000|rf2_therm=32000|rf1_therm=33000|ISP=34000|TPU=35000|AUR=35000|rfpa_therm=31705|quiet_therm=32329|charging_therm=34154|,BIG=37000|MID=37000|usb_pwr_therm=30014|btmspkr_therm=29991|disp_therm=29991|north_therm=30793|soc_therm=34109|battery=30400|battery_cycle=5|dc-mains=34500|usbc-therm-adc=345|max77779fg=30400|LITTLE=36000|soc=8|smpl_gm=0|vdroop1=0|batoilo=0|batoilo2=0|batt_vs=30396|mdis_morepower=0|thb_hda=51|cp_on_chip_0=35000|cp_on_chip_1=36000|G3D=36000|cp_on_chip_2=36000|cp_on_chip_3=34000|cp_on_chip_4=34000|rf2_therm=32000|rf1_therm=33000|ISP=34000|TPU=35000|AUR=35000|rfpa_therm=31705|quiet_therm=32329|charging_therm=34154|,ok,39000,39000,5,37000,1,single,untouched,4096,4096,0,4096,36215,0,4867798,0,4,4,ok
1,17,nvhe,4,578000,578000,37000,37000,BIG=37000|MID=36000|usb_pwr_therm=30014|btmspkr_therm=29991|disp_therm=29991|north_therm=30793|soc_therm=34109|battery=30400|battery_cycle=5|dc-mains=34500|usbc-therm-adc=345|max77779fg=30400|LITTLE=36000|soc=8|smpl_gm=0|vdroop1=0|batoilo=0|batoilo2=0|batt_vs=30395|mdis_morepower=0|thb_hda=51|cp_on_chip_0=35000|cp_on_chip_1=36000|G3D=35000|cp_on_chip_2=36000|cp_on_chip_3=34000|cp_on_chip_4=34000|rf2_therm=32000|rf1_therm=33000|ISP=34000|TPU=35000|AUR=35000|rfpa_therm=31705|quiet_therm=32329|charging_therm=34154|,BIG=37000|MID=37000|usb_pwr_therm=30014|btmspkr_therm=29991|disp_therm=29991|north_therm=30793|soc_therm=34109|battery=30400|battery_cycle=5|dc-mains=34500|usbc-therm-adc=345|max77779fg=30400|LITTLE=36000|soc=8|smpl_gm=0|vdroop1=0|batoilo=0|batoilo2=0|batt_vs=30396|mdis_morepower=0|thb_hda=51|cp_on_chip_0=35000|cp_on_chip_1=36000|G3D=36000|cp_on_chip_2=36000|cp_on_chip_3=34000|cp_on_chip_4=34000|rf2_therm=32000|rf1_therm=33000|ISP=34000|TPU=35000|AUR=35000|rfpa_therm=31705|quiet_therm=32329|charging_therm=34154|,ok,39000,39000,5,37000,1,single,untouched,4096,4096,1,4096,13672,0,4667603,0,4,4,ok
1,17,nvhe,4,578000,578000,37000,37000,BIG=37000|MID=36000|usb_pwr_therm=30014|btmspkr_therm=29991|disp_therm=29991|north_therm=30793|soc_therm=34109|battery=30400|battery_cycle=5|dc-mains=34500|usbc-therm-adc=345|max77779fg=30400|LITTLE=36000|soc=8|smpl_gm=0|vdroop1=0|batoilo=0|batoilo2=0|batt_vs=30395|mdis_morepower=0|thb_hda=51|cp_on_chip_0=35000|cp_on_chip_1=36000|G3D=35000|cp_on_chip_2=36000|cp_on_chip_3=34000|cp_on_chip_4=34000|rf2_therm=32000|rf1_therm=33000|ISP=34000|TPU=35000|AUR=35000|rfpa_therm=31705|quiet_therm=32329|charging_therm=34154|,BIG=37000|MID=37000|usb_pwr_therm=30014|btmspkr_therm=29991|disp_therm=29991|north_therm=30793|soc_therm=34109|battery=30400|battery_cycle=5|dc-mains=34500|usbc-therm-adc=345|max77779fg=30400|LITTLE=36000|soc=8|smpl_gm=0|vdroop1=0|batoilo=0|batoilo2=0|batt_vs=30396|mdis_morepower=0|thb_hda=51|cp_on_chip_0=35000|cp_on_chip_1=36000|G3D=36000|cp_on_chip_2=36000|cp_on_chip_3=34000|cp_on_chip_4=34000|rf2_therm=32000|rf1_therm=33000|ISP=34000|TPU=35000|AUR=35000|rfpa_therm=31705|quiet_therm=32329|charging_therm=34154|,ok,39000,39000,5,37000,1,single,untouched,4096,4096,2,4096,29012,0,4050659,0,4,4,ok
1,17,nvhe,4,578000,578000,37000,37000,BIG=37000|MID=36000|usb_pwr_therm=30014|btmspkr_therm=29991|disp_therm=29991|north_therm=30793|soc_therm=34109|battery=30400|battery_cycle=5|dc-mains=34500|usbc-therm-adc=345|max77779fg=30400|LITTLE=36000|soc=8|smpl_gm=0|vdroop1=0|batoilo=0|batoilo2=0|batt_vs=30395|mdis_morepower=0|thb_hda=51|cp_on_chip_0=35000|cp_on_chip_1=36000|G3D=35000|cp_on_chip_2=36000|cp_on_chip_3=34000|cp_on_chip_4=34000|rf2_therm=32000|rf1_therm=33000|ISP=34000|TPU=35000|AUR=35000|rfpa_therm=31705|quiet_therm=32329|charging_therm=34154|,BIG=37000|MID=37000|usb_pwr_therm=30014|btmspkr_therm=29991|disp_therm=29991|north_therm=30793|soc_therm=34109|battery=30400|battery_cycle=5|dc-mains=34500|usbc-therm-adc=345|max77779fg=30400|LITTLE=36000|soc=8|smpl_gm=0|vdroop1=0|batoilo=0|batoilo2=0|batt_vs=30396|mdis_morepower=0|thb_hda=51|cp_on_chip_0=35000|cp_on_chip_1=36000|G3D=36000|cp_on_chip_2=36000|cp_on_chip_3=34000|cp_on_chip_4=34000|rf2_therm=32000|rf1_therm=33000|ISP=34000|TPU=35000|AUR=35000|rfpa_therm=31705|quiet_therm=32329|charging_therm=34154|,ok,39000,39000,5,37000,1,single,untouched,4096,4096,3,4096,31047,0,3985352,0,4,4,ok
1,17,nvhe,4,578000,578000,37000,37000,BIG=37000|MID=36000|usb_pwr_therm=30014|btmspkr_therm=29991|disp_therm=29991|north_therm=30793|soc_therm=34109|battery=30400|battery_cycle=5|dc-mains=34500|usbc-therm-adc=345|max77779fg=30400|LITTLE=36000|soc=8|smpl_gm=0|vdroop1=0|batoilo=0|batoilo2=0|batt_vs=30395|mdis_morepower=0|thb_hda=51|cp_on_chip_0=35000|cp_on_chip_1=36000|G3D=35000|cp_on_chip_2=36000|cp_on_chip_3=34000|cp_on_chip_4=34000|rf2_therm=32000|rf1_therm=33000|ISP=34000|TPU=35000|AUR=35000|rfpa_therm=31705|quiet_therm=32329|charging_therm=34154|,BIG=37000|MID=37000|usb_pwr_therm=30014|btmspkr_therm=29991|disp_therm=29991|north_therm=30793|soc_therm=34109|battery=30400|battery_cycle=5|dc-mains=34500|usbc-therm-adc=345|max77779fg=30400|LITTLE=36000|soc=8|smpl_gm=0|vdroop1=0|batoilo=0|batoilo2=0|batt_vs=30396|mdis_morepower=0|thb_hda=51|cp_on_chip_0=35000|cp_on_chip_1=36000|G3D=36000|cp_on_chip_2=36000|cp_on_chip_3=34000|cp_on_chip_4=34000|rf2_therm=32000|rf1_therm=33000|ISP=34000|TPU=35000|AUR=35000|rfpa_therm=31705|quiet_therm=32329|charging_therm=34154|,ok,39000,39000,5,37000,1,single,untouched,4096,4096,4,4096,31982,0,3500204,0,4,4,ok
1,17,nvhe,4,578000,578000,37000,37000,BIG=37000|MID=36000|usb_pwr_therm=30014|btmspkr_therm=29991|disp_therm=29991|north_therm=30793|soc_therm=34109|battery=30400|battery_cycle=5|dc-mains=34500|usbc-therm-adc=345|max77779fg=30400|LITTLE=36000|soc=8|smpl_gm=0|vdroop1=0|batoilo=0|batoilo2=0|batt_vs=30395|mdis_morepower=0|thb_hda=51|cp_on_chip_0=35000|cp_on_chip_1=36000|G3D=35000|cp_on_chip_2=36000|cp_on_chip_3=34000|cp_on_chip_4=34000|rf2_therm=32000|rf1_therm=33000|ISP=34000|TPU=35000|AUR=35000|rfpa_therm=31705|quiet_therm=32329|charging_therm=34154|,BIG=37000|MID=37000|usb_pwr_therm=30014|btmspkr_therm=29991|disp_therm=29991|north_therm=30793|soc_therm=34109|battery=30400|battery_cycle=5|dc-mains=34500|usbc-therm-adc=345|max77779fg=30400|LITTLE=36000|soc=8|smpl_gm=0|vdroop1=0|batoilo=0|batoilo2=0|batt_vs=30396|mdis_morepower=0|thb_hda=51|cp_on_chip_0=35000|cp_on_chip_1=36000|G3D=36000|cp_on_chip_2=36000|cp_on_chip_3=34000|cp_on_chip_4=34000|rf2_therm=32000|rf1_therm=33000|ISP=34000|TPU=35000|AUR=35000|rfpa_therm=31705|quiet_therm=32329|charging_therm=34154|,ok,39000,39000,5,37000,1,single,untouched,4096,4096,5,4096,35075,0,3482625,0,4,4,ok
1,17,nvhe,4,578000,578000,37000,37000,BIG=37000|MID=36000|usb_pwr_therm=30014|btmspkr_therm=29991|disp_therm=29991|north_therm=30793|soc_therm=34109|battery=30400|battery_cycle=5|dc-mains=34500|usbc-therm-adc=345|max77779fg=30400|LITTLE=36000|soc=8|smpl_gm=0|vdroop1=0|batoilo=0|batoilo2=0|batt_vs=30395|mdis_morepower=0|thb_hda=51|cp_on_chip_0=35000|cp_on_chip_1=36000|G3D=35000|cp_on_chip_2=36000|cp_on_chip_3=34000|cp_on_chip_4=34000|rf2_therm=32000|rf1_therm=33000|ISP=34000|TPU=35000|AUR=35000|rfpa_therm=31705|quiet_therm=32329|charging_therm=34154|,BIG=37000|MID=37000|usb_pwr_therm=30014|btmspkr_therm=29991|disp_therm=29991|north_therm=30793|soc_therm=34109|battery=30400|battery_cycle=5|dc-mains=34500|usbc-therm-adc=345|max77779fg=30400|LITTLE=36000|soc=8|smpl_gm=0|vdroop1=0|batoilo=0|batoilo2=0|batt_vs=30396|mdis_morepower=0|thb_hda=51|cp_on_chip_0=35000|cp_on_chip_1=36000|G3D=36000|cp_on_chip_2=36000|cp_on_chip_3=34000|cp_on_chip_4=34000|rf2_therm=32000|rf1_therm=33000|ISP=34000|TPU=35000|AUR=35000|rfpa_therm=31705|quiet_therm=32329|charging_therm=34154|,ok,39000,39000,5,37000,1,single,untouched,4096,4096,6,4096,8423,0,3049357,0,4,4,ok
1,17,nvhe,4,578000,578000,37000,37000,BIG=37000|MID=36000|usb_pwr_therm=30014|btmspkr_therm=29991|disp_therm=29991|north_therm=30793|soc_therm=34109|battery=30400|battery_cycle=5|dc-mains=34500|usbc-therm-adc=345|max77779fg=30400|LITTLE=36000|soc=8|smpl_gm=0|vdroop1=0|batoilo=0|batoilo2=0|batt_vs=30395|mdis_morepower=0|thb_hda=51|cp_on_chip_0=35000|cp_on_chip_1=36000|G3D=35000|cp_on_chip_2=36000|cp_on_chip_3=34000|cp_on_chip_4=34000|rf2_therm=32000|rf1_therm=33000|ISP=34000|TPU=35000|AUR=35000|rfpa_therm=31705|quiet_therm=32329|charging_therm=34154|,BIG=37000|MID=37000|usb_pwr_therm=30014|btmspkr_therm=29991|disp_therm=29991|north_therm=30793|soc_therm=34109|battery=30400|battery_cycle=5|dc-mains=34500|usbc-therm-adc=345|max77779fg=30400|LITTLE=36000|soc=8|smpl_gm=0|vdroop1=0|batoilo=0|batoilo2=0|batt_vs=30396|mdis_morepower=0|thb_hda=51|cp_on_chip_0=35000|cp_on_chip_1=36000|G3D=36000|cp_on_chip_2=36000|cp_on_chip_3=34000|cp_on_chip_4=34000|rf2_therm=32000|rf1_therm=33000|ISP=34000|TPU=35000|AUR=35000|rfpa_therm=31705|quiet_therm=32329|charging_therm=34154|,ok,39000,39000,5,37000,1,single,untouched,4096,4096,7,4096,47729,0,3077434,0,4,4,ok
1,17,nvhe,4,578000,578000,37000,37000,BIG=37000|MID=36000|usb_pwr_therm=30014|btmspkr_therm=29991|disp_therm=29991|north_therm=30793|soc_therm=34109|battery=30400|battery_cycle=5|dc-mains=34500|usbc-therm-adc=345|max77779fg=30400|LITTLE=36000|soc=8|smpl_gm=0|vdroop1=0|batoilo=0|batoilo2=0|batt_vs=30395|mdis_morepower=0|thb_hda=51|cp_on_chip_0=35000|cp_on_chip_1=36000|G3D=35000|cp_on_chip_2=36000|cp_on_chip_3=34000|cp_on_chip_4=34000|rf2_therm=32000|rf1_therm=33000|ISP=34000|TPU=35000|AUR=35000|rfpa_therm=31705|quiet_therm=32329|charging_therm=34154|,BIG=37000|MID=37000|usb_pwr_therm=30014|btmspkr_therm=29991|disp_therm=29991|north_therm=30793|soc_therm=34109|battery=30400|battery_cycle=5|dc-mains=34500|usbc-therm-adc=345|max77779fg=30400|LITTLE=36000|soc=8|smpl_gm=0|vdroop1=0|batoilo=0|batoilo2=0|batt_vs=30396|mdis_morepower=0|thb_hda=51|cp_on_chip_0=35000|cp_on_chip_1=36000|G3D=36000|cp_on_chip_2=36000|cp_on_chip_3=34000|cp_on_chip_4=34000|rf2_therm=32000|rf1_therm=33000|ISP=34000|TPU=35000|AUR=35000|rfpa_therm=31705|quiet_therm=32329|charging_therm=34154|,ok,39000,39000,5,37000,1,single,untouched,4096,4096,8,4096,29012,0,3012410,0,4,4,ok
1,17,nvhe,4,578000,578000,37000,37000,BIG=37000|MID=36000|usb_pwr_therm=30014|btmspkr_therm=29991|disp_therm=29991|north_therm=30793|soc_therm=34109|battery=30400|battery_cycle=5|dc-mains=34500|usbc-therm-adc=345|max77779fg=30400|LITTLE=36000|soc=8|smpl_gm=0|vdroop1=0|batoilo=0|batoilo2=0|batt_vs=30395|mdis_morepower=0|thb_hda=51|cp_on_chip_0=35000|cp_on_chip_1=36000|G3D=35000|cp_on_chip_2=36000|cp_on_chip_3=34000|cp_on_chip_4=34000|rf2_therm=32000|rf1_therm=33000|ISP=34000|TPU=35000|AUR=35000|rfpa_therm=31705|quiet_therm=32329|charging_therm=34154|,BIG=37000|MID=37000|usb_pwr_therm=30014|btmspkr_therm=29991|disp_therm=29991|north_therm=30793|soc_therm=34109|battery=30400|battery_cycle=5|dc-mains=34500|usbc-therm-adc=345|max77779fg=30400|LITTLE=36000|soc=8|smpl_gm=0|vdroop1=0|batoilo=0|batoilo2=0|batt_vs=30396|mdis_morepower=0|thb_hda=51|cp_on_chip_0=35000|cp_on_chip_1=36000|G3D=36000|cp_on_chip_2=36000|cp_on_chip_3=34000|cp_on_chip_4=34000|rf2_therm=32000|rf1_therm=33000|ISP=34000|TPU=35000|AUR=35000|rfpa_therm=31705|quiet_therm=32329|charging_therm=34154|,ok,39000,39000,5,37000,1,single,untouched,4096,4096,9,4096,24089,0,2777832,0,4,4,ok
1,17,nvhe,4,578000,578000,37000,37000,BIG=37000|MID=36000|usb_pwr_therm=30014|btmspkr_therm=29991|disp_therm=29991|north_therm=30793|soc_therm=34109|battery=30400|battery_cycle=5|dc-mains=34500|usbc-therm-adc=345|max77779fg=30400|LITTLE=36000|soc=8|smpl_gm=0|vdroop1=0|batoilo=0|batoilo2=0|batt_vs=30395|mdis_morepower=0|thb_hda=51|cp_on_chip_0=35000|cp_on_chip_1=36000|G3D=35000|cp_on_chip_2=36000|cp_on_chip_3=34000|cp_on_chip_4=34000|rf2_therm=32000|rf1_therm=33000|ISP=34000|TPU=35000|AUR=35000|rfpa_therm=31705|quiet_therm=32329|charging_therm=34154|,BIG=37000|MID=37000|usb_pwr_therm=30014|btmspkr_therm=29991|disp_therm=29991|north_therm=30793|soc_therm=34109|battery=30400|battery_cycle=5|dc-mains=34500|usbc-therm-adc=345|max77779fg=30400|LITTLE=36000|soc=8|smpl_gm=0|vdroop1=0|batoilo=0|batoilo2=0|batt_vs=30396|mdis_morepower=0|thb_hda=51|cp_on_chip_0=35000|cp_on_chip_1=36000|G3D=36000|cp_on_chip_2=36000|cp_on_chip_3=34000|cp_on_chip_4=34000|rf2_therm=32000|rf1_therm=33000|ISP=34000|TPU=35000|AUR=35000|rfpa_therm=31705|quiet_therm=32329|charging_therm=34154|,ok,39000,39000,5,37000,1,single,untouched,4096,4096,10,4096,28768,0,2766154,0,4,4,ok
1,17,nvhe,4,578000,578000,37000,37000,BIG=37000|MID=36000|usb_pwr_therm=30014|btmspkr_therm=29991|disp_therm=29991|north_therm=30793|soc_therm=34109|battery=30400|battery_cycle=5|dc-mains=34500|usbc-therm-adc=345|max77779fg=30400|LITTLE=36000|soc=8|smpl_gm=0|vdroop1=0|batoilo=0|batoilo2=0|batt_vs=30395|mdis_morepower=0|thb_hda=51|cp_on_chip_0=35000|cp_on_chip_1=36000|G3D=35000|cp_on_chip_2=36000|cp_on_chip_3=34000|cp_on_chip_4=34000|rf2_therm=32000|rf1_therm=33000|ISP=34000|TPU=35000|AUR=35000|rfpa_therm=31705|quiet_therm=32329|charging_therm=34154|,BIG=37000|MID=37000|usb_pwr_therm=30014|btmspkr_therm=29991|disp_therm=29991|north_therm=30793|soc_therm=34109|battery=30400|battery_cycle=5|dc-mains=34500|usbc-therm-adc=345|max77779fg=30400|LITTLE=36000|soc=8|smpl_gm=0|vdroop1=0|batoilo=0|batoilo2=0|batt_vs=30396|mdis_morepower=0|thb_hda=51|cp_on_chip_0=35000|cp_on_chip_1=36000|G3D=36000|cp_on_chip_2=36000|cp_on_chip_3=34000|cp_on_chip_4=34000|rf2_therm=32000|rf1_therm=33000|ISP=34000|TPU=35000|AUR=35000|rfpa_therm=31705|quiet_therm=32329|charging_therm=34154|,ok,39000,39000,5,37000,1,single,untouched,4096,4096,11,4096,34180,0,2724202,0,4,4,ok
1,17,nvhe,4,578000,578000,37000,37000,BIG=37000|MID=36000|usb_pwr_therm=30014|btmspkr_therm=29991|disp_therm=29991|north_therm=30793|soc_therm=34109|battery=30400|battery_cycle=5|dc-mains=34500|usbc-therm-adc=345|max77779fg=30400|LITTLE=36000|soc=8|smpl_gm=0|vdroop1=0|batoilo=0|batoilo2=0|batt_vs=30395|mdis_morepower=0|thb_hda=51|cp_on_chip_0=35000|cp_on_chip_1=36000|G3D=35000|cp_on_chip_2=36000|cp_on_chip_3=34000|cp_on_chip_4=34000|rf2_therm=32000|rf1_therm=33000|ISP=34000|TPU=35000|AUR=35000|rfpa_therm=31705|quiet_therm=32329|charging_therm=34154|,BIG=37000|MID=37000|usb_pwr_therm=30014|btmspkr_therm=29991|disp_therm=29991|north_therm=30793|soc_therm=34109|battery=30400|battery_cycle=5|dc-mains=34500|usbc-therm-adc=345|max77779fg=30400|LITTLE=36000|soc=8|smpl_gm=0|vdroop1=0|batoilo=0|batoilo2=0|batt_vs=30396|mdis_morepower=0|thb_hda=51|cp_on_chip_0=35000|cp_on_chip_1=36000|G3D=36000|cp_on_chip_2=36000|cp_on_chip_3=34000|cp_on_chip_4=34000|rf2_therm=32000|rf1_therm=33000|ISP=34000|TPU=35000|AUR=35000|rfpa_therm=31705|quiet_therm=32329|charging_therm=34154|,ok,39000,39000,5,37000,1,single,untouched,4096,4096,12,4096,29378,0,2644450,0,4,4,ok
1,17,nvhe,4,578000,578000,37000,37000,BIG=37000|MID=36000|usb_pwr_therm=30014|btmspkr_therm=29991|disp_therm=29991|north_therm=30793|soc_therm=34109|battery=30400|battery_cycle=5|dc-mains=34500|usbc-therm-adc=345|max77779fg=30400|LITTLE=36000|soc=8|smpl_gm=0|vdroop1=0|batoilo=0|batoilo2=0|batt_vs=30395|mdis_morepower=0|thb_hda=51|cp_on_chip_0=35000|cp_on_chip_1=36000|G3D=35000|cp_on_chip_2=36000|cp_on_chip_3=34000|cp_on_chip_4=34000|rf2_therm=32000|rf1_therm=33000|ISP=34000|TPU=35000|AUR=35000|rfpa_therm=31705|quiet_therm=32329|charging_therm=34154|,BIG=37000|MID=37000|usb_pwr_therm=30014|btmspkr_therm=29991|disp_therm=29991|north_therm=30793|soc_therm=34109|battery=30400|battery_cycle=5|dc-mains=34500|usbc-therm-adc=345|max77779fg=30400|LITTLE=36000|soc=8|smpl_gm=0|vdroop1=0|batoilo=0|batoilo2=0|batt_vs=30396|mdis_morepower=0|thb_hda=51|cp_on_chip_0=35000|cp_on_chip_1=36000|G3D=36000|cp_on_chip_2=36000|cp_on_chip_3=34000|cp_on_chip_4=34000|rf2_therm=32000|rf1_therm=33000|ISP=34000|TPU=35000|AUR=35000|rfpa_therm=31705|quiet_therm=32329|charging_therm=34154|,ok,39000,39000,5,37000,1,single,untouched,4096,4096,13,4096,4191,0,2371419,0,4,4,ok
1,17,nvhe,4,578000,578000,37000,37000,BIG=37000|MID=36000|usb_pwr_therm=30014|btmspkr_therm=29991|disp_therm=29991|north_therm=30793|soc_therm=34109|battery=30400|battery_cycle=5|dc-mains=34500|usbc-therm-adc=345|max77779fg=30400|LITTLE=36000|soc=8|smpl_gm=0|vdroop1=0|batoilo=0|batoilo2=0|batt_vs=30395|mdis_morepower=0|thb_hda=51|cp_on_chip_0=35000|cp_on_chip_1=36000|G3D=35000|cp_on_chip_2=36000|cp_on_chip_3=34000|cp_on_chip_4=34000|rf2_therm=32000|rf1_therm=33000|ISP=34000|TPU=35000|AUR=35000|rfpa_therm=31705|quiet_therm=32329|charging_therm=34154|,BIG=37000|MID=37000|usb_pwr_therm=30014|btmspkr_therm=29991|disp_therm=29991|north_therm=30793|soc_therm=34109|battery=30400|battery_cycle=5|dc-mains=34500|usbc-therm-adc=345|max77779fg=30400|LITTLE=36000|soc=8|smpl_gm=0|vdroop1=0|batoilo=0|batoilo2=0|batt_vs=30396|mdis_morepower=0|thb_hda=51|cp_on_chip_0=35000|cp_on_chip_1=36000|G3D=36000|cp_on_chip_2=36000|cp_on_chip_3=34000|cp_on_chip_4=34000|rf2_therm=32000|rf1_therm=33000|ISP=34000|TPU=35000|AUR=35000|rfpa_therm=31705|quiet_therm=32329|charging_therm=34154|,ok,39000,39000,5,37000,1,single,untouched,4096,4096,14,4096,25960,0,2382040,0,4,4,ok
1,17,nvhe,4,578000,578000,37000,37000,BIG=37000|MID=36000|usb_pwr_therm=30014|btmspkr_therm=29991|disp_therm=29991|north_therm=30793|soc_therm=34109|battery=30400|battery_cycle=5|dc-mains=34500|usbc-therm-adc=345|max77779fg=30400|LITTLE=36000|soc=8|smpl_gm=0|vdroop1=0|batoilo=0|batoilo2=0|batt_vs=30395|mdis_morepower=0|thb_hda=51|cp_on_chip_0=35000|cp_on_chip_1=36000|G3D=35000|cp_on_chip_2=36000|cp_on_chip_3=34000|cp_on_chip_4=34000|rf2_therm=32000|rf1_therm=33000|ISP=34000|TPU=35000|AUR=35000|rfpa_therm=31705|quiet_therm=32329|charging_therm=34154|,BIG=37000|MID=37000|usb_pwr_therm=30014|btmspkr_therm=29991|disp_therm=29991|north_therm=30793|soc_therm=34109|battery=30400|battery_cycle=5|dc-mains=34500|usbc-therm-adc=345|max77779fg=30400|LITTLE=36000|soc=8|smpl_gm=0|vdroop1=0|batoilo=0|batoilo2=0|batt_vs=30396|mdis_morepower=0|thb_hda=51|cp_on_chip_0=35000|cp_on_chip_1=36000|G3D=36000|cp_on_chip_2=36000|cp_on_chip_3=34000|cp_on_chip_4=34000|rf2_therm=32000|rf1_therm=33000|ISP=34000|TPU=35000|AUR=35000|rfpa_therm=31705|quiet_therm=32329|charging_therm=34154|,ok,39000,39000,5,37000,1,single,untouched,4096,4096,15,4096,30884,0,2371867,0,4,4,ok
1,17,nvhe,4,578000,578000,37000,37000,BIG=37000|MID=36000|usb_pwr_therm=30014|btmspkr_therm=29991|disp_therm=29991|north_therm=30793|soc_therm=34109|battery=30400|battery_cycle=5|dc-mains=34500|usbc-therm-adc=345|max77779fg=30400|LITTLE=36000|soc=8|smpl_gm=0|vdroop1=0|batoilo=0|batoilo2=0|batt_vs=30395|mdis_morepower=0|thb_hda=51|cp_on_chip_0=35000|cp_on_chip_1=36000|G3D=35000|cp_on_chip_2=36000|cp_on_chip_3=34000|cp_on_chip_4=34000|rf2_therm=32000|rf1_therm=33000|ISP=34000|TPU=35000|AUR=35000|rfpa_therm=31705|quiet_therm=32329|charging_therm=34154|,BIG=37000|MID=37000|usb_pwr_therm=30014|btmspkr_therm=29991|disp_therm=29991|north_therm=30793|soc_therm=34109|battery=30400|battery_cycle=5|dc-mains=34500|usbc-therm-adc=345|max77779fg=30400|LITTLE=36000|soc=8|smpl_gm=0|vdroop1=0|batoilo=0|batoilo2=0|batt_vs=30396|mdis_morepower=0|thb_hda=51|cp_on_chip_0=35000|cp_on_chip_1=36000|G3D=36000|cp_on_chip_2=36000|cp_on_chip_3=34000|cp_on_chip_4=34000|rf2_therm=32000|rf1_therm=33000|ISP=34000|TPU=35000|AUR=35000|rfpa_therm=31705|quiet_therm=32329|charging_therm=34154|,ok,39000,39000,5,37000,1,single,untouched,4096,4096,16,4096,5290,0,2203532,0,4,4,ok
1,17,nvhe,4,578000,578000,37000,37000,BIG=37000|MID=36000|usb_pwr_therm=30014|btmspkr_therm=29991|disp_therm=29991|north_therm=30793|soc_therm=34109|battery=30400|battery_cycle=5|dc-mains=34500|usbc-therm-adc=345|max77779fg=30400|LITTLE=36000|soc=8|smpl_gm=0|vdroop1=0|batoilo=0|batoilo2=0|batt_vs=30395|mdis_morepower=0|thb_hda=51|cp_on_chip_0=35000|cp_on_chip_1=36000|G3D=35000|cp_on_chip_2=36000|cp_on_chip_3=34000|cp_on_chip_4=34000|rf2_therm=32000|rf1_therm=33000|ISP=34000|TPU=35000|AUR=35000|rfpa_therm=31705|quiet_therm=32329|charging_therm=34154|,BIG=37000|MID=37000|usb_pwr_therm=30014|btmspkr_therm=29991|disp_therm=29991|north_therm=30793|soc_therm=34109|battery=30400|battery_cycle=5|dc-mains=34500|usbc-therm-adc=345|max77779fg=30400|LITTLE=36000|soc=8|smpl_gm=0|vdroop1=0|batoilo=0|batoilo2=0|batt_vs=30396|mdis_morepower=0|thb_hda=51|cp_on_chip_0=35000|cp_on_chip_1=36000|G3D=36000|cp_on_chip_2=36000|cp_on_chip_3=34000|cp_on_chip_4=34000|rf2_therm=32000|rf1_therm=33000|ISP=34000|TPU=35000|AUR=35000|rfpa_therm=31705|quiet_therm=32329|charging_therm=34154|,ok,39000,39000,5,37000,1,single,untouched,4096,4096,17,4096,28401,0,2056641,0,4,4,ok
1,17,nvhe,4,578000,578000,37000,37000,BIG=37000|MID=36000|usb_pwr_therm=30014|btmspkr_therm=29991|disp_therm=29991|north_therm=30793|soc_therm=34109|battery=30400|battery_cycle=5|dc-mains=34500|usbc-therm-adc=345|max77779fg=30400|LITTLE=36000|soc=8|smpl_gm=0|vdroop1=0|batoilo=0|batoilo2=0|batt_vs=30395|mdis_morepower=0|thb_hda=51|cp_on_chip_0=35000|cp_on_chip_1=36000|G3D=35000|cp_on_chip_2=36000|cp_on_chip_3=34000|cp_on_chip_4=34000|rf2_therm=32000|rf1_therm=33000|ISP=34000|TPU=35000|AUR=35000|rfpa_therm=31705|quiet_therm=32329|charging_therm=34154|,BIG=37000|MID=37000|usb_pwr_therm=30014|btmspkr_therm=29991|disp_therm=29991|north_therm=30793|soc_therm=34109|battery=30400|battery_cycle=5|dc-mains=34500|usbc-therm-adc=345|max77779fg=30400|LITTLE=36000|soc=8|smpl_gm=0|vdroop1=0|batoilo=0|batoilo2=0|batt_vs=30396|mdis_morepower=0|thb_hda=51|cp_on_chip_0=35000|cp_on_chip_1=36000|G3D=36000|cp_on_chip_2=36000|cp_on_chip_3=34000|cp_on_chip_4=34000|rf2_therm=32000|rf1_therm=33000|ISP=34000|TPU=35000|AUR=35000|rfpa_therm=31705|quiet_therm=32329|charging_therm=34154|,ok,39000,39000,5,37000,1,single,untouched,4096,4096,18,4096,5819,0,2051106,0,4,4,ok
1,17,nvhe,4,578000,578000,37000,37000,BIG=37000|MID=36000|usb_pwr_therm=30014|btmspkr_therm=29991|disp_therm=29991|north_therm=30793|soc_therm=34109|battery=30400|battery_cycle=5|dc-mains=34500|usbc-therm-adc=345|max77779fg=30400|LITTLE=36000|soc=8|smpl_gm=0|vdroop1=0|batoilo=0|batoilo2=0|batt_vs=30395|mdis_morepower=0|thb_hda=51|cp_on_chip_0=35000|cp_on_chip_1=36000|G3D=35000|cp_on_chip_2=36000|cp_on_chip_3=34000|cp_on_chip_4=34000|rf2_therm=32000|rf1_therm=33000|ISP=34000|TPU=35000|AUR=35000|rfpa_therm=31705|quiet_therm=32329|charging_therm=34154|,BIG=37000|MID=37000|usb_pwr_therm=30014|btmspkr_therm=29991|disp_therm=29991|north_therm=30793|soc_therm=34109|battery=30400|battery_cycle=5|dc-mains=34500|usbc-therm-adc=345|max77779fg=30400|LITTLE=36000|soc=8|smpl_gm=0|vdroop1=0|batoilo=0|batoilo2=0|batt_vs=30396|mdis_morepower=0|thb_hda=51|cp_on_chip_0=35000|cp_on_chip_1=36000|G3D=36000|cp_on_chip_2=36000|cp_on_chip_3=34000|cp_on_chip_4=34000|rf2_therm=32000|rf1_therm=33000|ISP=34000|TPU=35000|AUR=35000|rfpa_therm=31705|quiet_therm=32329|charging_therm=34154|,ok,39000,39000,5,37000,1,single,untouched,4096,4096,19,4096,32511,0,2079508,0,4,4,ok
1,17,nvhe,4,578000,578000,37000,37000,BIG=37000|MID=36000|usb_pwr_therm=30014|btmspkr_therm=29991|disp_therm=29991|north_therm=30793|soc_therm=34109|battery=30400|battery_cycle=5|dc-mains=34500|usbc-therm-adc=345|max77779fg=30400|LITTLE=36000|soc=8|smpl_gm=0|vdroop1=0|batoilo=0|batoilo2=0|batt_vs=30395|mdis_morepower=0|thb_hda=51|cp_on_chip_0=35000|cp_on_chip_1=36000|G3D=35000|cp_on_chip_2=36000|cp_on_chip_3=34000|cp_on_chip_4=34000|rf2_therm=32000|rf1_therm=33000|ISP=34000|TPU=35000|AUR=35000|rfpa_therm=31705|quiet_therm=32329|charging_therm=34154|,BIG=37000|MID=37000|usb_pwr_therm=30014|btmspkr_therm=29991|disp_therm=29991|north_therm=30793|soc_therm=34109|battery=30400|battery_cycle=5|dc-mains=34500|usbc-therm-adc=345|max77779fg=30400|LITTLE=36000|soc=8|smpl_gm=0|vdroop1=0|batoilo=0|batoilo2=0|batt_vs=30396|mdis_morepower=0|thb_hda=51|cp_on_chip_0=35000|cp_on_chip_1=36000|G3D=36000|cp_on_chip_2=36000|cp_on_chip_3=34000|cp_on_chip_4=34000|rf2_therm=32000|rf1_therm=33000|ISP=34000|TPU=35000|AUR=35000|rfpa_therm=31705|quiet_therm=32329|charging_therm=34154|,ok,39000,39000,5,37000,1,single,untouched,4096,4096,20,4096,4435,0,1910522,0,4,4,ok
1,17,nvhe,4,578000,578000,37000,37000,BIG=37000|MID=36000|usb_pwr_therm=30014|btmspkr_therm=29991|disp_therm=29991|north_therm=30793|soc_therm=34109|battery=30400|battery_cycle=5|dc-mains=34500|usbc-therm-adc=345|max77779fg=30400|LITTLE=36000|soc=8|smpl_gm=0|vdroop1=0|batoilo=0|batoilo2=0|batt_vs=30395|mdis_morepower=0|thb_hda=51|cp_on_chip_0=35000|cp_on_chip_1=36000|G3D=35000|cp_on_chip_2=36000|cp_on_chip_3=34000|cp_on_chip_4=34000|rf2_therm=32000|rf1_therm=33000|ISP=34000|TPU=35000|AUR=35000|rfpa_therm=31705|quiet_therm=32329|charging_therm=34154|,BIG=37000|MID=37000|usb_pwr_therm=30014|btmspkr_therm=29991|disp_therm=29991|north_therm=30793|soc_therm=34109|battery=30400|battery_cycle=5|dc-mains=34500|usbc-therm-adc=345|max77779fg=30400|LITTLE=36000|soc=8|smpl_gm=0|vdroop1=0|batoilo=0|batoilo2=0|batt_vs=30396|mdis_morepower=0|thb_hda=51|cp_on_chip_0=35000|cp_on_chip_1=36000|G3D=36000|cp_on_chip_2=36000|cp_on_chip_3=34000|cp_on_chip_4=34000|rf2_therm=32000|rf1_therm=33000|ISP=34000|TPU=35000|AUR=35000|rfpa_therm=31705|quiet_therm=32329|charging_therm=34154|,ok,39000,39000,5,37000,1,single,untouched,4096,4096,21,4096,31006,0,1897095,0,4,4,ok
1,17,nvhe,4,578000,578000,37000,37000,BIG=37000|MID=36000|usb_pwr_therm=30014|btmspkr_therm=29991|disp_therm=29991|north_therm=30793|soc_therm=34109|battery=30400|battery_cycle=5|dc-mains=34500|usbc-therm-adc=345|max77779fg=30400|LITTLE=36000|soc=8|smpl_gm=0|vdroop1=0|batoilo=0|batoilo2=0|batt_vs=30395|mdis_morepower=0|thb_hda=51|cp_on_chip_0=35000|cp_on_chip_1=36000|G3D=35000|cp_on_chip_2=36000|cp_on_chip_3=34000|cp_on_chip_4=34000|rf2_therm=32000|rf1_therm=33000|ISP=34000|TPU=35000|AUR=35000|rfpa_therm=31705|quiet_therm=32329|charging_therm=34154|,BIG=37000|MID=37000|usb_pwr_therm=30014|btmspkr_therm=29991|disp_therm=29991|north_therm=30793|soc_therm=34109|battery=30400|battery_cycle=5|dc-mains=34500|usbc-therm-adc=345|max77779fg=30400|LITTLE=36000|soc=8|smpl_gm=0|vdroop1=0|batoilo=0|batoilo2=0|batt_vs=30396|mdis_morepower=0|thb_hda=51|cp_on_chip_0=35000|cp_on_chip_1=36000|G3D=36000|cp_on_chip_2=36000|cp_on_chip_3=34000|cp_on_chip_4=34000|rf2_therm=32000|rf1_therm=33000|ISP=34000|TPU=35000|AUR=35000|rfpa_therm=31705|quiet_therm=32329|charging_therm=34154|,ok,39000,39000,5,37000,1,single,untouched,4096,4096,22,4096,29704,0,1887654,0,4,4,ok
1,17,nvhe,4,578000,578000,37000,37000,BIG=37000|MID=36000|usb_pwr_therm=30014|btmspkr_therm=29991|disp_therm=29991|north_therm=30793|soc_therm=34109|battery=30400|battery_cycle=5|dc-mains=34500|usbc-therm-adc=345|max77779fg=30400|LITTLE=36000|soc=8|smpl_gm=0|vdroop1=0|batoilo=0|batoilo2=0|batt_vs=30395|mdis_morepower=0|thb_hda=51|cp_on_chip_0=35000|cp_on_chip_1=36000|G3D=35000|cp_on_chip_2=36000|cp_on_chip_3=34000|cp_on_chip_4=34000|rf2_therm=32000|rf1_therm=33000|ISP=34000|TPU=35000|AUR=35000|rfpa_therm=31705|quiet_therm=32329|charging_therm=34154|,BIG=37000|MID=37000|usb_pwr_therm=30014|btmspkr_therm=29991|disp_therm=29991|north_therm=30793|soc_therm=34109|battery=30400|battery_cycle=5|dc-mains=34500|usbc-therm-adc=345|max77779fg=30400|LITTLE=36000|soc=8|smpl_gm=0|vdroop1=0|batoilo=0|batoilo2=0|batt_vs=30396|mdis_morepower=0|thb_hda=51|cp_on_chip_0=35000|cp_on_chip_1=36000|G3D=36000|cp_on_chip_2=36000|cp_on_chip_3=34000|cp_on_chip_4=34000|rf2_therm=32000|rf1_therm=33000|ISP=34000|TPU=35000|AUR=35000|rfpa_therm=31705|quiet_therm=32329|charging_therm=34154|,ok,39000,39000,5,37000,1,single,untouched,4096,4096,23,4096,35197,0,1905070,0,4,4,ok
1,17,nvhe,4,578000,578000,37000,37000,BIG=37000|MID=36000|usb_pwr_therm=30014|btmspkr_therm=29991|disp_therm=29991|north_therm=30793|soc_therm=34109|battery=30400|battery_cycle=5|dc-mains=34500|usbc-therm-adc=345|max77779fg=30400|LITTLE=36000|soc=8|smpl_gm=0|vdroop1=0|batoilo=0|batoilo2=0|batt_vs=30395|mdis_morepower=0|thb_hda=51|cp_on_chip_0=35000|cp_on_chip_1=36000|G3D=35000|cp_on_chip_2=36000|cp_on_chip_3=34000|cp_on_chip_4=34000|rf2_therm=32000|rf1_therm=33000|ISP=34000|TPU=35000|AUR=35000|rfpa_therm=31705|quiet_therm=32329|charging_therm=34154|,BIG=37000|MID=37000|usb_pwr_therm=30014|btmspkr_therm=29991|disp_therm=29991|north_therm=30793|soc_therm=34109|battery=30400|battery_cycle=5|dc-mains=34500|usbc-therm-adc=345|max77779fg=30400|LITTLE=36000|soc=8|smpl_gm=0|vdroop1=0|batoilo=0|batoilo2=0|batt_vs=30396|mdis_morepower=0|thb_hda=51|cp_on_chip_0=35000|cp_on_chip_1=36000|G3D=36000|cp_on_chip_2=36000|cp_on_chip_3=34000|cp_on_chip_4=34000|rf2_therm=32000|rf1_therm=33000|ISP=34000|TPU=35000|AUR=35000|rfpa_therm=31705|quiet_therm=32329|charging_therm=34154|,ok,39000,39000,5,37000,1,single,untouched,4096,4096,24,4096,6388,0,1781738,0,4,4,ok
1,17,nvhe,4,578000,578000,37000,37000,BIG=37000|MID=36000|usb_pwr_therm=30014|btmspkr_therm=29991|disp_therm=29991|north_therm=30793|soc_therm=34109|battery=30400|battery_cycle=5|dc-mains=34500|usbc-therm-adc=345|max77779fg=30400|LITTLE=36000|soc=8|smpl_gm=0|vdroop1=0|batoilo=0|batoilo2=0|batt_vs=30395|mdis_morepower=0|thb_hda=51|cp_on_chip_0=35000|cp_on_chip_1=36000|G3D=35000|cp_on_chip_2=36000|cp_on_chip_3=34000|cp_on_chip_4=34000|rf2_therm=32000|rf1_therm=33000|ISP=34000|TPU=35000|AUR=35000|rfpa_therm=31705|quiet_therm=32329|charging_therm=34154|,BIG=37000|MID=37000|usb_pwr_therm=30014|btmspkr_therm=29991|disp_therm=29991|north_therm=30793|soc_therm=34109|battery=30400|battery_cycle=5|dc-mains=34500|usbc-therm-adc=345|max77779fg=30400|LITTLE=36000|soc=8|smpl_gm=0|vdroop1=0|batoilo=0|batoilo2=0|batt_vs=30396|mdis_morepower=0|thb_hda=51|cp_on_chip_0=35000|cp_on_chip_1=36000|G3D=36000|cp_on_chip_2=36000|cp_on_chip_3=34000|cp_on_chip_4=34000|rf2_therm=32000|rf1_therm=33000|ISP=34000|TPU=35000|AUR=35000|rfpa_therm=31705|quiet_therm=32329|charging_therm=34154|,ok,39000,39000,5,37000,1,single,untouched,4096,4096,25,4096,32389,0,1724528,0,4,4,ok
1,17,nvhe,4,578000,578000,37000,37000,BIG=37000|MID=36000|usb_pwr_therm=30014|btmspkr_therm=29991|disp_therm=29991|north_therm=30793|soc_therm=34109|battery=30400|battery_cycle=5|dc-mains=34500|usbc-therm-adc=345|max77779fg=30400|LITTLE=36000|soc=8|smpl_gm=0|vdroop1=0|batoilo=0|batoilo2=0|batt_vs=30395|mdis_morepower=0|thb_hda=51|cp_on_chip_0=35000|cp_on_chip_1=36000|G3D=35000|cp_on_chip_2=36000|cp_on_chip_3=34000|cp_on_chip_4=34000|rf2_therm=32000|rf1_therm=33000|ISP=34000|TPU=35000|AUR=35000|rfpa_therm=31705|quiet_therm=32329|charging_therm=34154|,BIG=37000|MID=37000|usb_pwr_therm=30014|btmspkr_therm=29991|disp_therm=29991|north_therm=30793|soc_therm=34109|battery=30400|battery_cycle=5|dc-mains=34500|usbc-therm-adc=345|max77779fg=30400|LITTLE=36000|soc=8|smpl_gm=0|vdroop1=0|batoilo=0|batoilo2=0|batt_vs=30396|mdis_morepower=0|thb_hda=51|cp_on_chip_0=35000|cp_on_chip_1=36000|G3D=36000|cp_on_chip_2=36000|cp_on_chip_3=34000|cp_on_chip_4=34000|rf2_therm=32000|rf1_therm=33000|ISP=34000|TPU=35000|AUR=35000|rfpa_therm=31705|quiet_therm=32329|charging_therm=34154|,ok,39000,39000,5,37000,1,single,untouched,4096,4096,26,4096,37394,0,1738647,0,4,4,ok
1,17,nvhe,4,578000,578000,37000,37000,BIG=37000|MID=36000|usb_pwr_therm=30014|btmspkr_therm=29991|disp_therm=29991|north_therm=30793|soc_therm=34109|battery=30400|battery_cycle=5|dc-mains=34500|usbc-therm-adc=345|max77779fg=30400|LITTLE=36000|soc=8|smpl_gm=0|vdroop1=0|batoilo=0|batoilo2=0|batt_vs=30395|mdis_morepower=0|thb_hda=51|cp_on_chip_0=35000|cp_on_chip_1=36000|G3D=35000|cp_on_chip_2=36000|cp_on_chip_3=34000|cp_on_chip_4=34000|rf2_therm=32000|rf1_therm=33000|ISP=34000|TPU=35000|AUR=35000|rfpa_therm=31705|quiet_therm=32329|charging_therm=34154|,BIG=37000|MID=37000|usb_pwr_therm=30014|btmspkr_therm=29991|disp_therm=29991|north_therm=30793|soc_therm=34109|battery=30400|battery_cycle=5|dc-mains=34500|usbc-therm-adc=345|max77779fg=30400|LITTLE=36000|soc=8|smpl_gm=0|vdroop1=0|batoilo=0|batoilo2=0|batt_vs=30396|mdis_morepower=0|thb_hda=51|cp_on_chip_0=35000|cp_on_chip_1=36000|G3D=36000|cp_on_chip_2=36000|cp_on_chip_3=34000|cp_on_chip_4=34000|rf2_therm=32000|rf1_therm=33000|ISP=34000|TPU=35000|AUR=35000|rfpa_therm=31705|quiet_therm=32329|charging_therm=34154|,ok,39000,39000,5,37000,1,single,untouched,4096,4096,27,4096,4069,0,1724406,0,4,4,ok
1,17,nvhe,4,578000,578000,37000,37000,BIG=37000|MID=36000|usb_pwr_therm=30014|btmspkr_therm=29991|disp_therm=29991|north_therm=30793|soc_therm=34109|battery=30400|battery_cycle=5|dc-mains=34500|usbc-therm-adc=345|max77779fg=30400|LITTLE=36000|soc=8|smpl_gm=0|vdroop1=0|batoilo=0|batoilo2=0|batt_vs=30395|mdis_morepower=0|thb_hda=51|cp_on_chip_0=35000|cp_on_chip_1=36000|G3D=35000|cp_on_chip_2=36000|cp_on_chip_3=34000|cp_on_chip_4=34000|rf2_therm=32000|rf1_therm=33000|ISP=34000|TPU=35000|AUR=35000|rfpa_therm=31705|quiet_therm=32329|charging_therm=34154|,BIG=37000|MID=37000|usb_pwr_therm=30014|btmspkr_therm=29991|disp_therm=29991|north_therm=30793|soc_therm=34109|battery=30400|battery_cycle=5|dc-mains=34500|usbc-therm-adc=345|max77779fg=30400|LITTLE=36000|soc=8|smpl_gm=0|vdroop1=0|batoilo=0|batoilo2=0|batt_vs=30396|mdis_morepower=0|thb_hda=51|cp_on_chip_0=35000|cp_on_chip_1=36000|G3D=36000|cp_on_chip_2=36000|cp_on_chip_3=34000|cp_on_chip_4=34000|rf2_therm=32000|rf1_therm=33000|ISP=34000|TPU=35000|AUR=35000|rfpa_therm=31705|quiet_therm=32329|charging_therm=34154|,ok,39000,39000,5,37000,1,single,untouched,4096,4096,28,4096,31494,0,1736817,0,4,4,ok
1,17,nvhe,4,578000,578000,37000,37000,BIG=37000|MID=36000|usb_pwr_therm=30014|btmspkr_therm=29991|disp_therm=29991|north_therm=30793|soc_therm=34109|battery=30400|battery_cycle=5|dc-mains=34500|usbc-therm-adc=345|max77779fg=30400|LITTLE=36000|soc=8|smpl_gm=0|vdroop1=0|batoilo=0|batoilo2=0|batt_vs=30395|mdis_morepower=0|thb_hda=51|cp_on_chip_0=35000|cp_on_chip_1=36000|G3D=35000|cp_on_chip_2=36000|cp_on_chip_3=34000|cp_on_chip_4=34000|rf2_therm=32000|rf1_therm=33000|ISP=34000|TPU=35000|AUR=35000|rfpa_therm=31705|quiet_therm=32329|charging_therm=34154|,BIG=37000|MID=37000|usb_pwr_therm=30014|btmspkr_therm=29991|disp_therm=29991|north_therm=30793|soc_therm=34109|battery=30400|battery_cycle=5|dc-mains=34500|usbc-therm-adc=345|max77779fg=30400|LITTLE=36000|soc=8|smpl_gm=0|vdroop1=0|batoilo=0|batoilo2=0|batt_vs=30396|mdis_morepower=0|thb_hda=51|cp_on_chip_0=35000|cp_on_chip_1=36000|G3D=36000|cp_on_chip_2=36000|cp_on_chip_3=34000|cp_on_chip_4=34000|rf2_therm=32000|rf1_therm=33000|ISP=34000|TPU=35000|AUR=35000|rfpa_therm=31705|quiet_therm=32329|charging_therm=34154|,ok,39000,39000,5,37000,1,single,untouched,4096,4096,29,4096,21037,0,1635986,0,4,4,ok
1,18,nvhe,4,648000,578000,37000,38000,BIG=36000|MID=37000|usb_pwr_therm=30014|btmspkr_therm=29991|disp_therm=29991|north_therm=30793|soc_therm=34087|battery=30400|battery_cycle=5|dc-mains=34000|usbc-therm-adc=345|max77779fg=30400|LITTLE=37000|soc=8|smpl_gm=0|vdroop1=0|batoilo=0|batoilo2=0|batt_vs=30395|mdis_morepower=0|thb_hda=51|cp_on_chip_0=35000|cp_on_chip_1=36000|G3D=35000|cp_on_chip_2=36000|cp_on_chip_3=34000|cp_on_chip_4=34000|rf2_therm=32000|rf1_therm=33000|ISP=34000|TPU=35000|AUR=35000|rfpa_therm=31705|quiet_therm=32329|charging_therm=34154|,BIG=36000|MID=38000|usb_pwr_therm=30014|btmspkr_therm=29991|disp_therm=29991|north_therm=30793|soc_therm=34087|battery=30400|battery_cycle=5|dc-mains=34000|usbc-therm-adc=340|max77779fg=30400|LITTLE=37000|soc=8|smpl_gm=0|vdroop1=0|batoilo=0|batoilo2=0|batt_vs=30396|mdis_morepower=0|thb_hda=51|cp_on_chip_0=35000|cp_on_chip_1=36000|G3D=36000|cp_on_chip_2=36000|cp_on_chip_3=34000|cp_on_chip_4=34000|rf2_therm=32000|rf1_therm=33000|ISP=35000|TPU=36000|AUR=35000|rfpa_therm=31705|quiet_therm=32329|charging_therm=34154|,ok,39000,39000,5,36000,1,single,untouched,4096,1024,0,1024,28443,0,573568,0,4,4,ok
1,18,nvhe,4,648000,578000,37000,38000,BIG=36000|MID=37000|usb_pwr_therm=30014|btmspkr_therm=29991|disp_therm=29991|north_therm=30793|soc_therm=34087|battery=30400|battery_cycle=5|dc-mains=34000|usbc-therm-adc=345|max77779fg=30400|LITTLE=37000|soc=8|smpl_gm=0|vdroop1=0|batoilo=0|batoilo2=0|batt_vs=30395|mdis_morepower=0|thb_hda=51|cp_on_chip_0=35000|cp_on_chip_1=36000|G3D=35000|cp_on_chip_2=36000|cp_on_chip_3=34000|cp_on_chip_4=34000|rf2_therm=32000|rf1_therm=33000|ISP=34000|TPU=35000|AUR=35000|rfpa_therm=31705|quiet_therm=32329|charging_therm=34154|,BIG=36000|MID=38000|usb_pwr_therm=30014|btmspkr_therm=29991|disp_therm=29991|north_therm=30793|soc_therm=34087|battery=30400|battery_cycle=5|dc-mains=34000|usbc-therm-adc=340|max77779fg=30400|LITTLE=37000|soc=8|smpl_gm=0|vdroop1=0|batoilo=0|batoilo2=0|batt_vs=30396|mdis_morepower=0|thb_hda=51|cp_on_chip_0=35000|cp_on_chip_1=36000|G3D=36000|cp_on_chip_2=36000|cp_on_chip_3=34000|cp_on_chip_4=34000|rf2_therm=32000|rf1_therm=33000|ISP=35000|TPU=36000|AUR=35000|rfpa_therm=31705|quiet_therm=32329|charging_therm=34154|,ok,39000,39000,5,36000,1,single,untouched,4096,1024,1,1024,4150,0,428507,0,4,4,ok
1,18,nvhe,4,648000,578000,37000,38000,BIG=36000|MID=37000|usb_pwr_therm=30014|btmspkr_therm=29991|disp_therm=29991|north_therm=30793|soc_therm=34087|battery=30400|battery_cycle=5|dc-mains=34000|usbc-therm-adc=345|max77779fg=30400|LITTLE=37000|soc=8|smpl_gm=0|vdroop1=0|batoilo=0|batoilo2=0|batt_vs=30395|mdis_morepower=0|thb_hda=51|cp_on_chip_0=35000|cp_on_chip_1=36000|G3D=35000|cp_on_chip_2=36000|cp_on_chip_3=34000|cp_on_chip_4=34000|rf2_therm=32000|rf1_therm=33000|ISP=34000|TPU=35000|AUR=35000|rfpa_therm=31705|quiet_therm=32329|charging_therm=34154|,BIG=36000|MID=38000|usb_pwr_therm=30014|btmspkr_therm=29991|disp_therm=29991|north_therm=30793|soc_therm=34087|battery=30400|battery_cycle=5|dc-mains=34000|usbc-therm-adc=340|max77779fg=30400|LITTLE=37000|soc=8|smpl_gm=0|vdroop1=0|batoilo=0|batoilo2=0|batt_vs=30396|mdis_morepower=0|thb_hda=51|cp_on_chip_0=35000|cp_on_chip_1=36000|G3D=36000|cp_on_chip_2=36000|cp_on_chip_3=34000|cp_on_chip_4=34000|rf2_therm=32000|rf1_therm=33000|ISP=35000|TPU=36000|AUR=35000|rfpa_therm=31705|quiet_therm=32329|charging_therm=34154|,ok,39000,39000,5,36000,1,single,untouched,4096,1024,2,1024,5412,0,496705,0,4,4,ok
1,18,nvhe,4,648000,578000,37000,38000,BIG=36000|MID=37000|usb_pwr_therm=30014|btmspkr_therm=29991|disp_therm=29991|north_therm=30793|soc_therm=34087|battery=30400|battery_cycle=5|dc-mains=34000|usbc-therm-adc=345|max77779fg=30400|LITTLE=37000|soc=8|smpl_gm=0|vdroop1=0|batoilo=0|batoilo2=0|batt_vs=30395|mdis_morepower=0|thb_hda=51|cp_on_chip_0=35000|cp_on_chip_1=36000|G3D=35000|cp_on_chip_2=36000|cp_on_chip_3=34000|cp_on_chip_4=34000|rf2_therm=32000|rf1_therm=33000|ISP=34000|TPU=35000|AUR=35000|rfpa_therm=31705|quiet_therm=32329|charging_therm=34154|,BIG=36000|MID=38000|usb_pwr_therm=30014|btmspkr_therm=29991|disp_therm=29991|north_therm=30793|soc_therm=34087|battery=30400|battery_cycle=5|dc-mains=34000|usbc-therm-adc=340|max77779fg=30400|LITTLE=37000|soc=8|smpl_gm=0|vdroop1=0|batoilo=0|batoilo2=0|batt_vs=30396|mdis_morepower=0|thb_hda=51|cp_on_chip_0=35000|cp_on_chip_1=36000|G3D=36000|cp_on_chip_2=36000|cp_on_chip_3=34000|cp_on_chip_4=34000|rf2_therm=32000|rf1_therm=33000|ISP=35000|TPU=36000|AUR=35000|rfpa_therm=31705|quiet_therm=32329|charging_therm=34154|,ok,39000,39000,5,36000,1,single,untouched,4096,1024,3,1024,5290,0,418823,0,4,4,ok
1,18,nvhe,4,648000,578000,37000,38000,BIG=36000|MID=37000|usb_pwr_therm=30014|btmspkr_therm=29991|disp_therm=29991|north_therm=30793|soc_therm=34087|battery=30400|battery_cycle=5|dc-mains=34000|usbc-therm-adc=345|max77779fg=30400|LITTLE=37000|soc=8|smpl_gm=0|vdroop1=0|batoilo=0|batoilo2=0|batt_vs=30395|mdis_morepower=0|thb_hda=51|cp_on_chip_0=35000|cp_on_chip_1=36000|G3D=35000|cp_on_chip_2=36000|cp_on_chip_3=34000|cp_on_chip_4=34000|rf2_therm=32000|rf1_therm=33000|ISP=34000|TPU=35000|AUR=35000|rfpa_therm=31705|quiet_therm=32329|charging_therm=34154|,BIG=36000|MID=38000|usb_pwr_therm=30014|btmspkr_therm=29991|disp_therm=29991|north_therm=30793|soc_therm=34087|battery=30400|battery_cycle=5|dc-mains=34000|usbc-therm-adc=340|max77779fg=30400|LITTLE=37000|soc=8|smpl_gm=0|vdroop1=0|batoilo=0|batoilo2=0|batt_vs=30396|mdis_morepower=0|thb_hda=51|cp_on_chip_0=35000|cp_on_chip_1=36000|G3D=36000|cp_on_chip_2=36000|cp_on_chip_3=34000|cp_on_chip_4=34000|rf2_therm=32000|rf1_therm=33000|ISP=35000|TPU=36000|AUR=35000|rfpa_therm=31705|quiet_therm=32329|charging_therm=34154|,ok,39000,39000,5,36000,1,single,untouched,4096,1024,4,1024,4517,0,406046,0,4,4,ok
1,18,nvhe,4,648000,578000,37000,38000,BIG=36000|MID=37000|usb_pwr_therm=30014|btmspkr_therm=29991|disp_therm=29991|north_therm=30793|soc_therm=34087|battery=30400|battery_cycle=5|dc-mains=34000|usbc-therm-adc=345|max77779fg=30400|LITTLE=37000|soc=8|smpl_gm=0|vdroop1=0|batoilo=0|batoilo2=0|batt_vs=30395|mdis_morepower=0|thb_hda=51|cp_on_chip_0=35000|cp_on_chip_1=36000|G3D=35000|cp_on_chip_2=36000|cp_on_chip_3=34000|cp_on_chip_4=34000|rf2_therm=32000|rf1_therm=33000|ISP=34000|TPU=35000|AUR=35000|rfpa_therm=31705|quiet_therm=32329|charging_therm=34154|,BIG=36000|MID=38000|usb_pwr_therm=30014|btmspkr_therm=29991|disp_therm=29991|north_therm=30793|soc_therm=34087|battery=30400|battery_cycle=5|dc-mains=34000|usbc-therm-adc=340|max77779fg=30400|LITTLE=37000|soc=8|smpl_gm=0|vdroop1=0|batoilo=0|batoilo2=0|batt_vs=30396|mdis_morepower=0|thb_hda=51|cp_on_chip_0=35000|cp_on_chip_1=36000|G3D=36000|cp_on_chip_2=36000|cp_on_chip_3=34000|cp_on_chip_4=34000|rf2_therm=32000|rf1_therm=33000|ISP=35000|TPU=36000|AUR=35000|rfpa_therm=31705|quiet_therm=32329|charging_therm=34154|,ok,39000,39000,5,36000,1,single,untouched,4096,1024,5,1024,4517,0,405965,0,4,4,ok
1,18,nvhe,4,648000,578000,37000,38000,BIG=36000|MID=37000|usb_pwr_therm=30014|btmspkr_therm=29991|disp_therm=29991|north_therm=30793|soc_therm=34087|battery=30400|battery_cycle=5|dc-mains=34000|usbc-therm-adc=345|max77779fg=30400|LITTLE=37000|soc=8|smpl_gm=0|vdroop1=0|batoilo=0|batoilo2=0|batt_vs=30395|mdis_morepower=0|thb_hda=51|cp_on_chip_0=35000|cp_on_chip_1=36000|G3D=35000|cp_on_chip_2=36000|cp_on_chip_3=34000|cp_on_chip_4=34000|rf2_therm=32000|rf1_therm=33000|ISP=34000|TPU=35000|AUR=35000|rfpa_therm=31705|quiet_therm=32329|charging_therm=34154|,BIG=36000|MID=38000|usb_pwr_therm=30014|btmspkr_therm=29991|disp_therm=29991|north_therm=30793|soc_therm=34087|battery=30400|battery_cycle=5|dc-mains=34000|usbc-therm-adc=340|max77779fg=30400|LITTLE=37000|soc=8|smpl_gm=0|vdroop1=0|batoilo=0|batoilo2=0|batt_vs=30396|mdis_morepower=0|thb_hda=51|cp_on_chip_0=35000|cp_on_chip_1=36000|G3D=36000|cp_on_chip_2=36000|cp_on_chip_3=34000|cp_on_chip_4=34000|rf2_therm=32000|rf1_therm=33000|ISP=35000|TPU=36000|AUR=35000|rfpa_therm=31705|quiet_therm=32329|charging_therm=34154|,ok,39000,39000,5,36000,1,single,untouched,4096,1024,6,1024,6592,0,406047,0,4,4,ok
1,18,nvhe,4,648000,578000,37000,38000,BIG=36000|MID=37000|usb_pwr_therm=30014|btmspkr_therm=29991|disp_therm=29991|north_therm=30793|soc_therm=34087|battery=30400|battery_cycle=5|dc-mains=34000|usbc-therm-adc=345|max77779fg=30400|LITTLE=37000|soc=8|smpl_gm=0|vdroop1=0|batoilo=0|batoilo2=0|batt_vs=30395|mdis_morepower=0|thb_hda=51|cp_on_chip_0=35000|cp_on_chip_1=36000|G3D=35000|cp_on_chip_2=36000|cp_on_chip_3=34000|cp_on_chip_4=34000|rf2_therm=32000|rf1_therm=33000|ISP=34000|TPU=35000|AUR=35000|rfpa_therm=31705|quiet_therm=32329|charging_therm=34154|,BIG=36000|MID=38000|usb_pwr_therm=30014|btmspkr_therm=29991|disp_therm=29991|north_therm=30793|soc_therm=34087|battery=30400|battery_cycle=5|dc-mains=34000|usbc-therm-adc=340|max77779fg=30400|LITTLE=37000|soc=8|smpl_gm=0|vdroop1=0|batoilo=0|batoilo2=0|batt_vs=30396|mdis_morepower=0|thb_hda=51|cp_on_chip_0=35000|cp_on_chip_1=36000|G3D=36000|cp_on_chip_2=36000|cp_on_chip_3=34000|cp_on_chip_4=34000|rf2_therm=32000|rf1_therm=33000|ISP=35000|TPU=36000|AUR=35000|rfpa_therm=31705|quiet_therm=32329|charging_therm=34154|,ok,39000,39000,5,36000,1,single,untouched,4096,1024,7,1024,4354,0,406575,0,4,4,ok
1,18,nvhe,4,648000,578000,37000,38000,BIG=36000|MID=37000|usb_pwr_therm=30014|btmspkr_therm=29991|disp_therm=29991|north_therm=30793|soc_therm=34087|battery=30400|battery_cycle=5|dc-mains=34000|usbc-therm-adc=345|max77779fg=30400|LITTLE=37000|soc=8|smpl_gm=0|vdroop1=0|batoilo=0|batoilo2=0|batt_vs=30395|mdis_morepower=0|thb_hda=51|cp_on_chip_0=35000|cp_on_chip_1=36000|G3D=35000|cp_on_chip_2=36000|cp_on_chip_3=34000|cp_on_chip_4=34000|rf2_therm=32000|rf1_therm=33000|ISP=34000|TPU=35000|AUR=35000|rfpa_therm=31705|quiet_therm=32329|charging_therm=34154|,BIG=36000|MID=38000|usb_pwr_therm=30014|btmspkr_therm=29991|disp_therm=29991|north_therm=30793|soc_therm=34087|battery=30400|battery_cycle=5|dc-mains=34000|usbc-therm-adc=340|max77779fg=30400|LITTLE=37000|soc=8|smpl_gm=0|vdroop1=0|batoilo=0|batoilo2=0|batt_vs=30396|mdis_morepower=0|thb_hda=51|cp_on_chip_0=35000|cp_on_chip_1=36000|G3D=36000|cp_on_chip_2=36000|cp_on_chip_3=34000|cp_on_chip_4=34000|rf2_therm=32000|rf1_therm=33000|ISP=35000|TPU=36000|AUR=35000|rfpa_therm=31705|quiet_therm=32329|charging_therm=34154|,ok,39000,39000,5,36000,1,single,untouched,4096,1024,8,1024,5656,0,406535,0,4,4,ok
1,18,nvhe,4,648000,578000,37000,38000,BIG=36000|MID=37000|usb_pwr_therm=30014|btmspkr_therm=29991|disp_therm=29991|north_therm=30793|soc_therm=34087|battery=30400|battery_cycle=5|dc-mains=34000|usbc-therm-adc=345|max77779fg=30400|LITTLE=37000|soc=8|smpl_gm=0|vdroop1=0|batoilo=0|batoilo2=0|batt_vs=30395|mdis_morepower=0|thb_hda=51|cp_on_chip_0=35000|cp_on_chip_1=36000|G3D=35000|cp_on_chip_2=36000|cp_on_chip_3=34000|cp_on_chip_4=34000|rf2_therm=32000|rf1_therm=33000|ISP=34000|TPU=35000|AUR=35000|rfpa_therm=31705|quiet_therm=32329|charging_therm=34154|,BIG=36000|MID=38000|usb_pwr_therm=30014|btmspkr_therm=29991|disp_therm=29991|north_therm=30793|soc_therm=34087|battery=30400|battery_cycle=5|dc-mains=34000|usbc-therm-adc=340|max77779fg=30400|LITTLE=37000|soc=8|smpl_gm=0|vdroop1=0|batoilo=0|batoilo2=0|batt_vs=30396|mdis_morepower=0|thb_hda=51|cp_on_chip_0=35000|cp_on_chip_1=36000|G3D=36000|cp_on_chip_2=36000|cp_on_chip_3=34000|cp_on_chip_4=34000|rf2_therm=32000|rf1_therm=33000|ISP=35000|TPU=36000|AUR=35000|rfpa_therm=31705|quiet_therm=32329|charging_therm=34154|,ok,39000,39000,5,36000,1,single,untouched,4096,1024,9,1024,2604,0,405721,0,4,4,ok
1,18,nvhe,4,648000,578000,37000,38000,BIG=36000|MID=37000|usb_pwr_therm=30014|btmspkr_therm=29991|disp_therm=29991|north_therm=30793|soc_therm=34087|battery=30400|battery_cycle=5|dc-mains=34000|usbc-therm-adc=345|max77779fg=30400|LITTLE=37000|soc=8|smpl_gm=0|vdroop1=0|batoilo=0|batoilo2=0|batt_vs=30395|mdis_morepower=0|thb_hda=51|cp_on_chip_0=35000|cp_on_chip_1=36000|G3D=35000|cp_on_chip_2=36000|cp_on_chip_3=34000|cp_on_chip_4=34000|rf2_therm=32000|rf1_therm=33000|ISP=34000|TPU=35000|AUR=35000|rfpa_therm=31705|quiet_therm=32329|charging_therm=34154|,BIG=36000|MID=38000|usb_pwr_therm=30014|btmspkr_therm=29991|disp_therm=29991|north_therm=30793|soc_therm=34087|battery=30400|battery_cycle=5|dc-mains=34000|usbc-therm-adc=340|max77779fg=30400|LITTLE=37000|soc=8|smpl_gm=0|vdroop1=0|batoilo=0|batoilo2=0|batt_vs=30396|mdis_morepower=0|thb_hda=51|cp_on_chip_0=35000|cp_on_chip_1=36000|G3D=36000|cp_on_chip_2=36000|cp_on_chip_3=34000|cp_on_chip_4=34000|rf2_therm=32000|rf1_therm=33000|ISP=35000|TPU=36000|AUR=35000|rfpa_therm=31705|quiet_therm=32329|charging_therm=34154|,ok,39000,39000,5,36000,1,single,untouched,4096,1024,10,1024,32104,0,435302,0,4,4,ok
1,18,nvhe,4,648000,578000,37000,38000,BIG=36000|MID=37000|usb_pwr_therm=30014|btmspkr_therm=29991|disp_therm=29991|north_therm=30793|soc_therm=34087|battery=30400|battery_cycle=5|dc-mains=34000|usbc-therm-adc=345|max77779fg=30400|LITTLE=37000|soc=8|smpl_gm=0|vdroop1=0|batoilo=0|batoilo2=0|batt_vs=30395|mdis_morepower=0|thb_hda=51|cp_on_chip_0=35000|cp_on_chip_1=36000|G3D=35000|cp_on_chip_2=36000|cp_on_chip_3=34000|cp_on_chip_4=34000|rf2_therm=32000|rf1_therm=33000|ISP=34000|TPU=35000|AUR=35000|rfpa_therm=31705|quiet_therm=32329|charging_therm=34154|,BIG=36000|MID=38000|usb_pwr_therm=30014|btmspkr_therm=29991|disp_therm=29991|north_therm=30793|soc_therm=34087|battery=30400|battery_cycle=5|dc-mains=34000|usbc-therm-adc=340|max77779fg=30400|LITTLE=37000|soc=8|smpl_gm=0|vdroop1=0|batoilo=0|batoilo2=0|batt_vs=30396|mdis_morepower=0|thb_hda=51|cp_on_chip_0=35000|cp_on_chip_1=36000|G3D=36000|cp_on_chip_2=36000|cp_on_chip_3=34000|cp_on_chip_4=34000|rf2_therm=32000|rf1_therm=33000|ISP=35000|TPU=36000|AUR=35000|rfpa_therm=31705|quiet_therm=32329|charging_therm=34154|,ok,39000,39000,5,36000,1,single,untouched,4096,1024,11,1024,2238,0,405762,0,4,4,ok
1,18,nvhe,4,648000,578000,37000,38000,BIG=36000|MID=37000|usb_pwr_therm=30014|btmspkr_therm=29991|disp_therm=29991|north_therm=30793|soc_therm=34087|battery=30400|battery_cycle=5|dc-mains=34000|usbc-therm-adc=345|max77779fg=30400|LITTLE=37000|soc=8|smpl_gm=0|vdroop1=0|batoilo=0|batoilo2=0|batt_vs=30395|mdis_morepower=0|thb_hda=51|cp_on_chip_0=35000|cp_on_chip_1=36000|G3D=35000|cp_on_chip_2=36000|cp_on_chip_3=34000|cp_on_chip_4=34000|rf2_therm=32000|rf1_therm=33000|ISP=34000|TPU=35000|AUR=35000|rfpa_therm=31705|quiet_therm=32329|charging_therm=34154|,BIG=36000|MID=38000|usb_pwr_therm=30014|btmspkr_therm=29991|disp_therm=29991|north_therm=30793|soc_therm=34087|battery=30400|battery_cycle=5|dc-mains=34000|usbc-therm-adc=340|max77779fg=30400|LITTLE=37000|soc=8|smpl_gm=0|vdroop1=0|batoilo=0|batoilo2=0|batt_vs=30396|mdis_morepower=0|thb_hda=51|cp_on_chip_0=35000|cp_on_chip_1=36000|G3D=36000|cp_on_chip_2=36000|cp_on_chip_3=34000|cp_on_chip_4=34000|rf2_therm=32000|rf1_therm=33000|ISP=35000|TPU=36000|AUR=35000|rfpa_therm=31705|quiet_therm=32329|charging_therm=34154|,ok,39000,39000,5,36000,1,single,untouched,4096,1024,12,1024,31820,0,406169,0,4,4,ok
1,18,nvhe,4,648000,578000,37000,38000,BIG=36000|MID=37000|usb_pwr_therm=30014|btmspkr_therm=29991|disp_therm=29991|north_therm=30793|soc_therm=34087|battery=30400|battery_cycle=5|dc-mains=34000|usbc-therm-adc=345|max77779fg=30400|LITTLE=37000|soc=8|smpl_gm=0|vdroop1=0|batoilo=0|batoilo2=0|batt_vs=30395|mdis_morepower=0|thb_hda=51|cp_on_chip_0=35000|cp_on_chip_1=36000|G3D=35000|cp_on_chip_2=36000|cp_on_chip_3=34000|cp_on_chip_4=34000|rf2_therm=32000|rf1_therm=33000|ISP=34000|TPU=35000|AUR=35000|rfpa_therm=31705|quiet_therm=32329|charging_therm=34154|,BIG=36000|MID=38000|usb_pwr_therm=30014|btmspkr_therm=29991|disp_therm=29991|north_therm=30793|soc_therm=34087|battery=30400|battery_cycle=5|dc-mains=34000|usbc-therm-adc=340|max77779fg=30400|LITTLE=37000|soc=8|smpl_gm=0|vdroop1=0|batoilo=0|batoilo2=0|batt_vs=30396|mdis_morepower=0|thb_hda=51|cp_on_chip_0=35000|cp_on_chip_1=36000|G3D=36000|cp_on_chip_2=36000|cp_on_chip_3=34000|cp_on_chip_4=34000|rf2_therm=32000|rf1_therm=33000|ISP=35000|TPU=36000|AUR=35000|rfpa_therm=31705|quiet_therm=32329|charging_therm=34154|,ok,39000,39000,5,36000,1,single,untouched,4096,1024,13,1024,29094,0,406128,0,4,4,ok
1,18,nvhe,4,648000,578000,37000,38000,BIG=36000|MID=37000|usb_pwr_therm=30014|btmspkr_therm=29991|disp_therm=29991|north_therm=30793|soc_therm=34087|battery=30400|battery_cycle=5|dc-mains=34000|usbc-therm-adc=345|max77779fg=30400|LITTLE=37000|soc=8|smpl_gm=0|vdroop1=0|batoilo=0|batoilo2=0|batt_vs=30395|mdis_morepower=0|thb_hda=51|cp_on_chip_0=35000|cp_on_chip_1=36000|G3D=35000|cp_on_chip_2=36000|cp_on_chip_3=34000|cp_on_chip_4=34000|rf2_therm=32000|rf1_therm=33000|ISP=34000|TPU=35000|AUR=35000|rfpa_therm=31705|quiet_therm=32329|charging_therm=34154|,BIG=36000|MID=38000|usb_pwr_therm=30014|btmspkr_therm=29991|disp_therm=29991|north_therm=30793|soc_therm=34087|battery=30400|battery_cycle=5|dc-mains=34000|usbc-therm-adc=340|max77779fg=30400|LITTLE=37000|soc=8|smpl_gm=0|vdroop1=0|batoilo=0|batoilo2=0|batt_vs=30396|mdis_morepower=0|thb_hda=51|cp_on_chip_0=35000|cp_on_chip_1=36000|G3D=36000|cp_on_chip_2=36000|cp_on_chip_3=34000|cp_on_chip_4=34000|rf2_therm=32000|rf1_therm=33000|ISP=35000|TPU=36000|AUR=35000|rfpa_therm=31705|quiet_therm=32329|charging_therm=34154|,ok,39000,39000,5,36000,1,single,untouched,4096,1024,14,1024,29988,0,406331,0,4,4,ok
1,18,nvhe,4,648000,578000,37000,38000,BIG=36000|MID=37000|usb_pwr_therm=30014|btmspkr_therm=29991|disp_therm=29991|north_therm=30793|soc_therm=34087|battery=30400|battery_cycle=5|dc-mains=34000|usbc-therm-adc=345|max77779fg=30400|LITTLE=37000|soc=8|smpl_gm=0|vdroop1=0|batoilo=0|batoilo2=0|batt_vs=30395|mdis_morepower=0|thb_hda=51|cp_on_chip_0=35000|cp_on_chip_1=36000|G3D=35000|cp_on_chip_2=36000|cp_on_chip_3=34000|cp_on_chip_4=34000|rf2_therm=32000|rf1_therm=33000|ISP=34000|TPU=35000|AUR=35000|rfpa_therm=31705|quiet_therm=32329|charging_therm=34154|,BIG=36000|MID=38000|usb_pwr_therm=30014|btmspkr_therm=29991|disp_therm=29991|north_therm=30793|soc_therm=34087|battery=30400|battery_cycle=5|dc-mains=34000|usbc-therm-adc=340|max77779fg=30400|LITTLE=37000|soc=8|smpl_gm=0|vdroop1=0|batoilo=0|batoilo2=0|batt_vs=30396|mdis_morepower=0|thb_hda=51|cp_on_chip_0=35000|cp_on_chip_1=36000|G3D=36000|cp_on_chip_2=36000|cp_on_chip_3=34000|cp_on_chip_4=34000|rf2_therm=32000|rf1_therm=33000|ISP=35000|TPU=36000|AUR=35000|rfpa_therm=31705|quiet_therm=32329|charging_therm=34154|,ok,39000,39000,5,36000,1,single,untouched,4096,1024,15,1024,29419,0,407064,0,4,4,ok
1,18,nvhe,4,648000,578000,37000,38000,BIG=36000|MID=37000|usb_pwr_therm=30014|btmspkr_therm=29991|disp_therm=29991|north_therm=30793|soc_therm=34087|battery=30400|battery_cycle=5|dc-mains=34000|usbc-therm-adc=345|max77779fg=30400|LITTLE=37000|soc=8|smpl_gm=0|vdroop1=0|batoilo=0|batoilo2=0|batt_vs=30395|mdis_morepower=0|thb_hda=51|cp_on_chip_0=35000|cp_on_chip_1=36000|G3D=35000|cp_on_chip_2=36000|cp_on_chip_3=34000|cp_on_chip_4=34000|rf2_therm=32000|rf1_therm=33000|ISP=34000|TPU=35000|AUR=35000|rfpa_therm=31705|quiet_therm=32329|charging_therm=34154|,BIG=36000|MID=38000|usb_pwr_therm=30014|btmspkr_therm=29991|disp_therm=29991|north_therm=30793|soc_therm=34087|battery=30400|battery_cycle=5|dc-mains=34000|usbc-therm-adc=340|max77779fg=30400|LITTLE=37000|soc=8|smpl_gm=0|vdroop1=0|batoilo=0|batoilo2=0|batt_vs=30396|mdis_morepower=0|thb_hda=51|cp_on_chip_0=35000|cp_on_chip_1=36000|G3D=36000|cp_on_chip_2=36000|cp_on_chip_3=34000|cp_on_chip_4=34000|rf2_therm=32000|rf1_therm=33000|ISP=35000|TPU=36000|AUR=35000|rfpa_therm=31705|quiet_therm=32329|charging_therm=34154|,ok,39000,39000,5,36000,1,single,untouched,4096,1024,16,1024,32674,0,406291,0,4,4,ok
1,18,nvhe,4,648000,578000,37000,38000,BIG=36000|MID=37000|usb_pwr_therm=30014|btmspkr_therm=29991|disp_therm=29991|north_therm=30793|soc_therm=34087|battery=30400|battery_cycle=5|dc-mains=34000|usbc-therm-adc=345|max77779fg=30400|LITTLE=37000|soc=8|smpl_gm=0|vdroop1=0|batoilo=0|batoilo2=0|batt_vs=30395|mdis_morepower=0|thb_hda=51|cp_on_chip_0=35000|cp_on_chip_1=36000|G3D=35000|cp_on_chip_2=36000|cp_on_chip_3=34000|cp_on_chip_4=34000|rf2_therm=32000|rf1_therm=33000|ISP=34000|TPU=35000|AUR=35000|rfpa_therm=31705|quiet_therm=32329|charging_therm=34154|,BIG=36000|MID=38000|usb_pwr_therm=30014|btmspkr_therm=29991|disp_therm=29991|north_therm=30793|soc_therm=34087|battery=30400|battery_cycle=5|dc-mains=34000|usbc-therm-adc=340|max77779fg=30400|LITTLE=37000|soc=8|smpl_gm=0|vdroop1=0|batoilo=0|batoilo2=0|batt_vs=30396|mdis_morepower=0|thb_hda=51|cp_on_chip_0=35000|cp_on_chip_1=36000|G3D=36000|cp_on_chip_2=36000|cp_on_chip_3=34000|cp_on_chip_4=34000|rf2_therm=32000|rf1_therm=33000|ISP=35000|TPU=36000|AUR=35000|rfpa_therm=31705|quiet_therm=32329|charging_therm=34154|,ok,39000,39000,5,36000,1,single,untouched,4096,1024,17,1024,29134,0,405518,0,4,4,ok
1,18,nvhe,4,648000,578000,37000,38000,BIG=36000|MID=37000|usb_pwr_therm=30014|btmspkr_therm=29991|disp_therm=29991|north_therm=30793|soc_therm=34087|battery=30400|battery_cycle=5|dc-mains=34000|usbc-therm-adc=345|max77779fg=30400|LITTLE=37000|soc=8|smpl_gm=0|vdroop1=0|batoilo=0|batoilo2=0|batt_vs=30395|mdis_morepower=0|thb_hda=51|cp_on_chip_0=35000|cp_on_chip_1=36000|G3D=35000|cp_on_chip_2=36000|cp_on_chip_3=34000|cp_on_chip_4=34000|rf2_therm=32000|rf1_therm=33000|ISP=34000|TPU=35000|AUR=35000|rfpa_therm=31705|quiet_therm=32329|charging_therm=34154|,BIG=36000|MID=38000|usb_pwr_therm=30014|btmspkr_therm=29991|disp_therm=29991|north_therm=30793|soc_therm=34087|battery=30400|battery_cycle=5|dc-mains=34000|usbc-therm-adc=340|max77779fg=30400|LITTLE=37000|soc=8|smpl_gm=0|vdroop1=0|batoilo=0|batoilo2=0|batt_vs=30396|mdis_morepower=0|thb_hda=51|cp_on_chip_0=35000|cp_on_chip_1=36000|G3D=36000|cp_on_chip_2=36000|cp_on_chip_3=34000|cp_on_chip_4=34000|rf2_therm=32000|rf1_therm=33000|ISP=35000|TPU=36000|AUR=35000|rfpa_therm=31705|quiet_therm=32329|charging_therm=34154|,ok,39000,39000,5,36000,1,single,untouched,4096,1024,18,1024,33651,0,406819,0,4,4,ok
1,18,nvhe,4,648000,578000,37000,38000,BIG=36000|MID=37000|usb_pwr_therm=30014|btmspkr_therm=29991|disp_therm=29991|north_therm=30793|soc_therm=34087|battery=30400|battery_cycle=5|dc-mains=34000|usbc-therm-adc=345|max77779fg=30400|LITTLE=37000|soc=8|smpl_gm=0|vdroop1=0|batoilo=0|batoilo2=0|batt_vs=30395|mdis_morepower=0|thb_hda=51|cp_on_chip_0=35000|cp_on_chip_1=36000|G3D=35000|cp_on_chip_2=36000|cp_on_chip_3=34000|cp_on_chip_4=34000|rf2_therm=32000|rf1_therm=33000|ISP=34000|TPU=35000|AUR=35000|rfpa_therm=31705|quiet_therm=32329|charging_therm=34154|,BIG=36000|MID=38000|usb_pwr_therm=30014|btmspkr_therm=29991|disp_therm=29991|north_therm=30793|soc_therm=34087|battery=30400|battery_cycle=5|dc-mains=34000|usbc-therm-adc=340|max77779fg=30400|LITTLE=37000|soc=8|smpl_gm=0|vdroop1=0|batoilo=0|batoilo2=0|batt_vs=30396|mdis_morepower=0|thb_hda=51|cp_on_chip_0=35000|cp_on_chip_1=36000|G3D=36000|cp_on_chip_2=36000|cp_on_chip_3=34000|cp_on_chip_4=34000|rf2_therm=32000|rf1_therm=33000|ISP=35000|TPU=36000|AUR=35000|rfpa_therm=31705|quiet_therm=32329|charging_therm=34154|,ok,39000,39000,5,36000,1,single,untouched,4096,1024,19,1024,31779,0,437947,0,4,4,ok
1,18,nvhe,4,648000,578000,37000,38000,BIG=36000|MID=37000|usb_pwr_therm=30014|btmspkr_therm=29991|disp_therm=29991|north_therm=30793|soc_therm=34087|battery=30400|battery_cycle=5|dc-mains=34000|usbc-therm-adc=345|max77779fg=30400|LITTLE=37000|soc=8|smpl_gm=0|vdroop1=0|batoilo=0|batoilo2=0|batt_vs=30395|mdis_morepower=0|thb_hda=51|cp_on_chip_0=35000|cp_on_chip_1=36000|G3D=35000|cp_on_chip_2=36000|cp_on_chip_3=34000|cp_on_chip_4=34000|rf2_therm=32000|rf1_therm=33000|ISP=34000|TPU=35000|AUR=35000|rfpa_therm=31705|quiet_therm=32329|charging_therm=34154|,BIG=36000|MID=38000|usb_pwr_therm=30014|btmspkr_therm=29991|disp_therm=29991|north_therm=30793|soc_therm=34087|battery=30400|battery_cycle=5|dc-mains=34000|usbc-therm-adc=340|max77779fg=30400|LITTLE=37000|soc=8|smpl_gm=0|vdroop1=0|batoilo=0|batoilo2=0|batt_vs=30396|mdis_morepower=0|thb_hda=51|cp_on_chip_0=35000|cp_on_chip_1=36000|G3D=36000|cp_on_chip_2=36000|cp_on_chip_3=34000|cp_on_chip_4=34000|rf2_therm=32000|rf1_therm=33000|ISP=35000|TPU=36000|AUR=35000|rfpa_therm=31705|quiet_therm=32329|charging_therm=34154|,ok,39000,39000,5,36000,1,single,untouched,4096,1024,20,1024,4150,0,410400,0,4,4,ok
1,18,nvhe,4,648000,578000,37000,38000,BIG=36000|MID=37000|usb_pwr_therm=30014|btmspkr_therm=29991|disp_therm=29991|north_therm=30793|soc_therm=34087|battery=30400|battery_cycle=5|dc-mains=34000|usbc-therm-adc=345|max77779fg=30400|LITTLE=37000|soc=8|smpl_gm=0|vdroop1=0|batoilo=0|batoilo2=0|batt_vs=30395|mdis_morepower=0|thb_hda=51|cp_on_chip_0=35000|cp_on_chip_1=36000|G3D=35000|cp_on_chip_2=36000|cp_on_chip_3=34000|cp_on_chip_4=34000|rf2_therm=32000|rf1_therm=33000|ISP=34000|TPU=35000|AUR=35000|rfpa_therm=31705|quiet_therm=32329|charging_therm=34154|,BIG=36000|MID=38000|usb_pwr_therm=30014|btmspkr_therm=29991|disp_therm=29991|north_therm=30793|soc_therm=34087|battery=30400|battery_cycle=5|dc-mains=34000|usbc-therm-adc=340|max77779fg=30400|LITTLE=37000|soc=8|smpl_gm=0|vdroop1=0|batoilo=0|batoilo2=0|batt_vs=30396|mdis_morepower=0|thb_hda=51|cp_on_chip_0=35000|cp_on_chip_1=36000|G3D=36000|cp_on_chip_2=36000|cp_on_chip_3=34000|cp_on_chip_4=34000|rf2_therm=32000|rf1_therm=33000|ISP=35000|TPU=36000|AUR=35000|rfpa_therm=31705|quiet_therm=32329|charging_therm=34154|,ok,39000,39000,5,36000,1,single,untouched,4096,1024,21,1024,4029,0,404541,0,4,4,ok
1,18,nvhe,4,648000,578000,37000,38000,BIG=36000|MID=37000|usb_pwr_therm=30014|btmspkr_therm=29991|disp_therm=29991|north_therm=30793|soc_therm=34087|battery=30400|battery_cycle=5|dc-mains=34000|usbc-therm-adc=345|max77779fg=30400|LITTLE=37000|soc=8|smpl_gm=0|vdroop1=0|batoilo=0|batoilo2=0|batt_vs=30395|mdis_morepower=0|thb_hda=51|cp_on_chip_0=35000|cp_on_chip_1=36000|G3D=35000|cp_on_chip_2=36000|cp_on_chip_3=34000|cp_on_chip_4=34000|rf2_therm=32000|rf1_therm=33000|ISP=34000|TPU=35000|AUR=35000|rfpa_therm=31705|quiet_therm=32329|charging_therm=34154|,BIG=36000|MID=38000|usb_pwr_therm=30014|btmspkr_therm=29991|disp_therm=29991|north_therm=30793|soc_therm=34087|battery=30400|battery_cycle=5|dc-mains=34000|usbc-therm-adc=340|max77779fg=30400|LITTLE=37000|soc=8|smpl_gm=0|vdroop1=0|batoilo=0|batoilo2=0|batt_vs=30396|mdis_morepower=0|thb_hda=51|cp_on_chip_0=35000|cp_on_chip_1=36000|G3D=36000|cp_on_chip_2=36000|cp_on_chip_3=34000|cp_on_chip_4=34000|rf2_therm=32000|rf1_therm=33000|ISP=35000|TPU=36000|AUR=35000|rfpa_therm=31705|quiet_therm=32329|charging_therm=34154|,ok,39000,39000,5,36000,1,single,untouched,4096,1024,22,1024,2848,0,384725,0,4,4,ok
1,18,nvhe,4,648000,578000,37000,38000,BIG=36000|MID=37000|usb_pwr_therm=30014|btmspkr_therm=29991|disp_therm=29991|north_therm=30793|soc_therm=34087|battery=30400|battery_cycle=5|dc-mains=34000|usbc-therm-adc=345|max77779fg=30400|LITTLE=37000|soc=8|smpl_gm=0|vdroop1=0|batoilo=0|batoilo2=0|batt_vs=30395|mdis_morepower=0|thb_hda=51|cp_on_chip_0=35000|cp_on_chip_1=36000|G3D=35000|cp_on_chip_2=36000|cp_on_chip_3=34000|cp_on_chip_4=34000|rf2_therm=32000|rf1_therm=33000|ISP=34000|TPU=35000|AUR=35000|rfpa_therm=31705|quiet_therm=32329|charging_therm=34154|,BIG=36000|MID=38000|usb_pwr_therm=30014|btmspkr_therm=29991|disp_therm=29991|north_therm=30793|soc_therm=34087|battery=30400|battery_cycle=5|dc-mains=34000|usbc-therm-adc=340|max77779fg=30400|LITTLE=37000|soc=8|smpl_gm=0|vdroop1=0|batoilo=0|batoilo2=0|batt_vs=30396|mdis_morepower=0|thb_hda=51|cp_on_chip_0=35000|cp_on_chip_1=36000|G3D=36000|cp_on_chip_2=36000|cp_on_chip_3=34000|cp_on_chip_4=34000|rf2_therm=32000|rf1_therm=33000|ISP=35000|TPU=36000|AUR=35000|rfpa_therm=31705|quiet_therm=32329|charging_therm=34154|,ok,39000,39000,5,36000,1,single,untouched,4096,1024,23,1024,6958,0,385376,0,4,4,ok
1,18,nvhe,4,648000,578000,37000,38000,BIG=36000|MID=37000|usb_pwr_therm=30014|btmspkr_therm=29991|disp_therm=29991|north_therm=30793|soc_therm=34087|battery=30400|battery_cycle=5|dc-mains=34000|usbc-therm-adc=345|max77779fg=30400|LITTLE=37000|soc=8|smpl_gm=0|vdroop1=0|batoilo=0|batoilo2=0|batt_vs=30395|mdis_morepower=0|thb_hda=51|cp_on_chip_0=35000|cp_on_chip_1=36000|G3D=35000|cp_on_chip_2=36000|cp_on_chip_3=34000|cp_on_chip_4=34000|rf2_therm=32000|rf1_therm=33000|ISP=34000|TPU=35000|AUR=35000|rfpa_therm=31705|quiet_therm=32329|charging_therm=34154|,BIG=36000|MID=38000|usb_pwr_therm=30014|btmspkr_therm=29991|disp_therm=29991|north_therm=30793|soc_therm=34087|battery=30400|battery_cycle=5|dc-mains=34000|usbc-therm-adc=340|max77779fg=30400|LITTLE=37000|soc=8|smpl_gm=0|vdroop1=0|batoilo=0|batoilo2=0|batt_vs=30396|mdis_morepower=0|thb_hda=51|cp_on_chip_0=35000|cp_on_chip_1=36000|G3D=36000|cp_on_chip_2=36000|cp_on_chip_3=34000|cp_on_chip_4=34000|rf2_therm=32000|rf1_therm=33000|ISP=35000|TPU=36000|AUR=35000|rfpa_therm=31705|quiet_therm=32329|charging_therm=34154|,ok,39000,39000,5,36000,1,single,untouched,4096,1024,24,1024,4395,0,385213,0,4,4,ok
1,18,nvhe,4,648000,578000,37000,38000,BIG=36000|MID=37000|usb_pwr_therm=30014|btmspkr_therm=29991|disp_therm=29991|north_therm=30793|soc_therm=34087|battery=30400|battery_cycle=5|dc-mains=34000|usbc-therm-adc=345|max77779fg=30400|LITTLE=37000|soc=8|smpl_gm=0|vdroop1=0|batoilo=0|batoilo2=0|batt_vs=30395|mdis_morepower=0|thb_hda=51|cp_on_chip_0=35000|cp_on_chip_1=36000|G3D=35000|cp_on_chip_2=36000|cp_on_chip_3=34000|cp_on_chip_4=34000|rf2_therm=32000|rf1_therm=33000|ISP=34000|TPU=35000|AUR=35000|rfpa_therm=31705|quiet_therm=32329|charging_therm=34154|,BIG=36000|MID=38000|usb_pwr_therm=30014|btmspkr_therm=29991|disp_therm=29991|north_therm=30793|soc_therm=34087|battery=30400|battery_cycle=5|dc-mains=34000|usbc-therm-adc=340|max77779fg=30400|LITTLE=37000|soc=8|smpl_gm=0|vdroop1=0|batoilo=0|batoilo2=0|batt_vs=30396|mdis_morepower=0|thb_hda=51|cp_on_chip_0=35000|cp_on_chip_1=36000|G3D=36000|cp_on_chip_2=36000|cp_on_chip_3=34000|cp_on_chip_4=34000|rf2_therm=32000|rf1_therm=33000|ISP=35000|TPU=36000|AUR=35000|rfpa_therm=31705|quiet_therm=32329|charging_therm=34154|,ok,39000,39000,5,36000,1,single,untouched,4096,1024,25,1024,4761,0,385579,0,4,4,ok
1,18,nvhe,4,648000,578000,37000,38000,BIG=36000|MID=37000|usb_pwr_therm=30014|btmspkr_therm=29991|disp_therm=29991|north_therm=30793|soc_therm=34087|battery=30400|battery_cycle=5|dc-mains=34000|usbc-therm-adc=345|max77779fg=30400|LITTLE=37000|soc=8|smpl_gm=0|vdroop1=0|batoilo=0|batoilo2=0|batt_vs=30395|mdis_morepower=0|thb_hda=51|cp_on_chip_0=35000|cp_on_chip_1=36000|G3D=35000|cp_on_chip_2=36000|cp_on_chip_3=34000|cp_on_chip_4=34000|rf2_therm=32000|rf1_therm=33000|ISP=34000|TPU=35000|AUR=35000|rfpa_therm=31705|quiet_therm=32329|charging_therm=34154|,BIG=36000|MID=38000|usb_pwr_therm=30014|btmspkr_therm=29991|disp_therm=29991|north_therm=30793|soc_therm=34087|battery=30400|battery_cycle=5|dc-mains=34000|usbc-therm-adc=340|max77779fg=30400|LITTLE=37000|soc=8|smpl_gm=0|vdroop1=0|batoilo=0|batoilo2=0|batt_vs=30396|mdis_morepower=0|thb_hda=51|cp_on_chip_0=35000|cp_on_chip_1=36000|G3D=36000|cp_on_chip_2=36000|cp_on_chip_3=34000|cp_on_chip_4=34000|rf2_therm=32000|rf1_therm=33000|ISP=35000|TPU=36000|AUR=35000|rfpa_therm=31705|quiet_therm=32329|charging_therm=34154|,ok,39000,39000,5,36000,1,single,untouched,4096,1024,26,1024,4394,0,385457,0,4,4,ok
1,18,nvhe,4,648000,578000,37000,38000,BIG=36000|MID=37000|usb_pwr_therm=30014|btmspkr_therm=29991|disp_therm=29991|north_therm=30793|soc_therm=34087|battery=30400|battery_cycle=5|dc-mains=34000|usbc-therm-adc=345|max77779fg=30400|LITTLE=37000|soc=8|smpl_gm=0|vdroop1=0|batoilo=0|batoilo2=0|batt_vs=30395|mdis_morepower=0|thb_hda=51|cp_on_chip_0=35000|cp_on_chip_1=36000|G3D=35000|cp_on_chip_2=36000|cp_on_chip_3=34000|cp_on_chip_4=34000|rf2_therm=32000|rf1_therm=33000|ISP=34000|TPU=35000|AUR=35000|rfpa_therm=31705|quiet_therm=32329|charging_therm=34154|,BIG=36000|MID=38000|usb_pwr_therm=30014|btmspkr_therm=29991|disp_therm=29991|north_therm=30793|soc_therm=34087|battery=30400|battery_cycle=5|dc-mains=34000|usbc-therm-adc=340|max77779fg=30400|LITTLE=37000|soc=8|smpl_gm=0|vdroop1=0|batoilo=0|batoilo2=0|batt_vs=30396|mdis_morepower=0|thb_hda=51|cp_on_chip_0=35000|cp_on_chip_1=36000|G3D=36000|cp_on_chip_2=36000|cp_on_chip_3=34000|cp_on_chip_4=34000|rf2_therm=32000|rf1_therm=33000|ISP=35000|TPU=36000|AUR=35000|rfpa_therm=31705|quiet_therm=32329|charging_therm=34154|,ok,39000,39000,5,36000,1,single,untouched,4096,1024,27,1024,26530,0,385010,0,4,4,ok
1,18,nvhe,4,648000,578000,37000,38000,BIG=36000|MID=37000|usb_pwr_therm=30014|btmspkr_therm=29991|disp_therm=29991|north_therm=30793|soc_therm=34087|battery=30400|battery_cycle=5|dc-mains=34000|usbc-therm-adc=345|max77779fg=30400|LITTLE=37000|soc=8|smpl_gm=0|vdroop1=0|batoilo=0|batoilo2=0|batt_vs=30395|mdis_morepower=0|thb_hda=51|cp_on_chip_0=35000|cp_on_chip_1=36000|G3D=35000|cp_on_chip_2=36000|cp_on_chip_3=34000|cp_on_chip_4=34000|rf2_therm=32000|rf1_therm=33000|ISP=34000|TPU=35000|AUR=35000|rfpa_therm=31705|quiet_therm=32329|charging_therm=34154|,BIG=36000|MID=38000|usb_pwr_therm=30014|btmspkr_therm=29991|disp_therm=29991|north_therm=30793|soc_therm=34087|battery=30400|battery_cycle=5|dc-mains=34000|usbc-therm-adc=340|max77779fg=30400|LITTLE=37000|soc=8|smpl_gm=0|vdroop1=0|batoilo=0|batoilo2=0|batt_vs=30396|mdis_morepower=0|thb_hda=51|cp_on_chip_0=35000|cp_on_chip_1=36000|G3D=36000|cp_on_chip_2=36000|cp_on_chip_3=34000|cp_on_chip_4=34000|rf2_therm=32000|rf1_therm=33000|ISP=35000|TPU=36000|AUR=35000|rfpa_therm=31705|quiet_therm=32329|charging_therm=34154|,ok,39000,39000,5,36000,1,single,untouched,4096,1024,28,1024,28727,0,385213,0,4,4,ok
1,18,nvhe,4,648000,578000,37000,38000,BIG=36000|MID=37000|usb_pwr_therm=30014|btmspkr_therm=29991|disp_therm=29991|north_therm=30793|soc_therm=34087|battery=30400|battery_cycle=5|dc-mains=34000|usbc-therm-adc=345|max77779fg=30400|LITTLE=37000|soc=8|smpl_gm=0|vdroop1=0|batoilo=0|batoilo2=0|batt_vs=30395|mdis_morepower=0|thb_hda=51|cp_on_chip_0=35000|cp_on_chip_1=36000|G3D=35000|cp_on_chip_2=36000|cp_on_chip_3=34000|cp_on_chip_4=34000|rf2_therm=32000|rf1_therm=33000|ISP=34000|TPU=35000|AUR=35000|rfpa_therm=31705|quiet_therm=32329|charging_therm=34154|,BIG=36000|MID=38000|usb_pwr_therm=30014|btmspkr_therm=29991|disp_therm=29991|north_therm=30793|soc_therm=34087|battery=30400|battery_cycle=5|dc-mains=34000|usbc-therm-adc=340|max77779fg=30400|LITTLE=37000|soc=8|smpl_gm=0|vdroop1=0|batoilo=0|batoilo2=0|batt_vs=30396|mdis_morepower=0|thb_hda=51|cp_on_chip_0=35000|cp_on_chip_1=36000|G3D=36000|cp_on_chip_2=36000|cp_on_chip_3=34000|cp_on_chip_4=34000|rf2_therm=32000|rf1_therm=33000|ISP=35000|TPU=36000|AUR=35000|rfpa_therm=31705|quiet_therm=32329|charging_therm=34154|,ok,39000,39000,5,36000,1,single,untouched,4096,1024,29,1024,27873,0,427043,0,4,4,ok
1,19,nvhe,4,2245000,578000,38000,38000,BIG=36000|MID=36000|usb_pwr_therm=30014|btmspkr_therm=29991|disp_therm=29991|north_therm=30793|soc_therm=34109|battery=30400|battery_cycle=5|dc-mains=34500|usbc-therm-adc=345|max77779fg=30400|LITTLE=37000|soc=8|smpl_gm=0|vdroop1=0|batoilo=0|batoilo2=0|batt_vs=30395|mdis_morepower=0|thb_hda=51|cp_on_chip_0=35000|cp_on_chip_1=36000|G3D=36000|cp_on_chip_2=36000|cp_on_chip_3=34000|cp_on_chip_4=34000|rf2_therm=32000|rf1_therm=33000|ISP=34000|TPU=35000|AUR=35000|rfpa_therm=31705|quiet_therm=32329|charging_therm=34154|,BIG=36000|MID=38000|usb_pwr_therm=30014|btmspkr_therm=29991|disp_therm=29991|north_therm=30793|soc_therm=34132|battery=30400|battery_cycle=5|dc-mains=34500|usbc-therm-adc=345|max77779fg=30400|LITTLE=37000|soc=8|smpl_gm=0|vdroop1=0|batoilo=0|batoilo2=0|batt_vs=30396|mdis_morepower=0|thb_hda=51|cp_on_chip_0=35000|cp_on_chip_1=36000|G3D=36000|cp_on_chip_2=36000|cp_on_chip_3=34000|cp_on_chip_4=34000|rf2_therm=32000|rf1_therm=33000|ISP=35000|TPU=35000|AUR=35000|rfpa_therm=31705|quiet_therm=32351|charging_therm=34154|,ok,39000,38000,0,38000,1,single,touched,4096,256,0,256,714437,256,374675,0,4,4,ok
1,19,nvhe,4,2245000,578000,38000,38000,BIG=36000|MID=36000|usb_pwr_therm=30014|btmspkr_therm=29991|disp_therm=29991|north_therm=30793|soc_therm=34109|battery=30400|battery_cycle=5|dc-mains=34500|usbc-therm-adc=345|max77779fg=30400|LITTLE=37000|soc=8|smpl_gm=0|vdroop1=0|batoilo=0|batoilo2=0|batt_vs=30395|mdis_morepower=0|thb_hda=51|cp_on_chip_0=35000|cp_on_chip_1=36000|G3D=36000|cp_on_chip_2=36000|cp_on_chip_3=34000|cp_on_chip_4=34000|rf2_therm=32000|rf1_therm=33000|ISP=34000|TPU=35000|AUR=35000|rfpa_therm=31705|quiet_therm=32329|charging_therm=34154|,BIG=36000|MID=38000|usb_pwr_therm=30014|btmspkr_therm=29991|disp_therm=29991|north_therm=30793|soc_therm=34132|battery=30400|battery_cycle=5|dc-mains=34500|usbc-therm-adc=345|max77779fg=30400|LITTLE=37000|soc=8|smpl_gm=0|vdroop1=0|batoilo=0|batoilo2=0|batt_vs=30396|mdis_morepower=0|thb_hda=51|cp_on_chip_0=35000|cp_on_chip_1=36000|G3D=36000|cp_on_chip_2=36000|cp_on_chip_3=34000|cp_on_chip_4=34000|rf2_therm=32000|rf1_therm=33000|ISP=35000|TPU=35000|AUR=35000|rfpa_therm=31705|quiet_therm=32351|charging_therm=34154|,ok,39000,38000,0,38000,1,single,touched,4096,256,1,256,349325,256,454996,0,4,4,ok
1,19,nvhe,4,2245000,578000,38000,38000,BIG=36000|MID=36000|usb_pwr_therm=30014|btmspkr_therm=29991|disp_therm=29991|north_therm=30793|soc_therm=34109|battery=30400|battery_cycle=5|dc-mains=34500|usbc-therm-adc=345|max77779fg=30400|LITTLE=37000|soc=8|smpl_gm=0|vdroop1=0|batoilo=0|batoilo2=0|batt_vs=30395|mdis_morepower=0|thb_hda=51|cp_on_chip_0=35000|cp_on_chip_1=36000|G3D=36000|cp_on_chip_2=36000|cp_on_chip_3=34000|cp_on_chip_4=34000|rf2_therm=32000|rf1_therm=33000|ISP=34000|TPU=35000|AUR=35000|rfpa_therm=31705|quiet_therm=32329|charging_therm=34154|,BIG=36000|MID=38000|usb_pwr_therm=30014|btmspkr_therm=29991|disp_therm=29991|north_therm=30793|soc_therm=34132|battery=30400|battery_cycle=5|dc-mains=34500|usbc-therm-adc=345|max77779fg=30400|LITTLE=37000|soc=8|smpl_gm=0|vdroop1=0|batoilo=0|batoilo2=0|batt_vs=30396|mdis_morepower=0|thb_hda=51|cp_on_chip_0=35000|cp_on_chip_1=36000|G3D=36000|cp_on_chip_2=36000|cp_on_chip_3=34000|cp_on_chip_4=34000|rf2_therm=32000|rf1_therm=33000|ISP=35000|TPU=35000|AUR=35000|rfpa_therm=31705|quiet_therm=32351|charging_therm=34154|,ok,39000,38000,0,38000,1,single,touched,4096,256,2,256,284302,256,245972,0,4,4,ok
1,19,nvhe,4,2245000,578000,38000,38000,BIG=36000|MID=36000|usb_pwr_therm=30014|btmspkr_therm=29991|disp_therm=29991|north_therm=30793|soc_therm=34109|battery=30400|battery_cycle=5|dc-mains=34500|usbc-therm-adc=345|max77779fg=30400|LITTLE=37000|soc=8|smpl_gm=0|vdroop1=0|batoilo=0|batoilo2=0|batt_vs=30395|mdis_morepower=0|thb_hda=51|cp_on_chip_0=35000|cp_on_chip_1=36000|G3D=36000|cp_on_chip_2=36000|cp_on_chip_3=34000|cp_on_chip_4=34000|rf2_therm=32000|rf1_therm=33000|ISP=34000|TPU=35000|AUR=35000|rfpa_therm=31705|quiet_therm=32329|charging_therm=34154|,BIG=36000|MID=38000|usb_pwr_therm=30014|btmspkr_therm=29991|disp_therm=29991|north_therm=30793|soc_therm=34132|battery=30400|battery_cycle=5|dc-mains=34500|usbc-therm-adc=345|max77779fg=30400|LITTLE=37000|soc=8|smpl_gm=0|vdroop1=0|batoilo=0|batoilo2=0|batt_vs=30396|mdis_morepower=0|thb_hda=51|cp_on_chip_0=35000|cp_on_chip_1=36000|G3D=36000|cp_on_chip_2=36000|cp_on_chip_3=34000|cp_on_chip_4=34000|rf2_therm=32000|rf1_therm=33000|ISP=35000|TPU=35000|AUR=35000|rfpa_therm=31705|quiet_therm=32351|charging_therm=34154|,ok,39000,38000,0,38000,1,single,touched,4096,256,3,256,259766,256,245564,0,4,4,ok
1,19,nvhe,4,2245000,578000,38000,38000,BIG=36000|MID=36000|usb_pwr_therm=30014|btmspkr_therm=29991|disp_therm=29991|north_therm=30793|soc_therm=34109|battery=30400|battery_cycle=5|dc-mains=34500|usbc-therm-adc=345|max77779fg=30400|LITTLE=37000|soc=8|smpl_gm=0|vdroop1=0|batoilo=0|batoilo2=0|batt_vs=30395|mdis_morepower=0|thb_hda=51|cp_on_chip_0=35000|cp_on_chip_1=36000|G3D=36000|cp_on_chip_2=36000|cp_on_chip_3=34000|cp_on_chip_4=34000|rf2_therm=32000|rf1_therm=33000|ISP=34000|TPU=35000|AUR=35000|rfpa_therm=31705|quiet_therm=32329|charging_therm=34154|,BIG=36000|MID=38000|usb_pwr_therm=30014|btmspkr_therm=29991|disp_therm=29991|north_therm=30793|soc_therm=34132|battery=30400|battery_cycle=5|dc-mains=34500|usbc-therm-adc=345|max77779fg=30400|LITTLE=37000|soc=8|smpl_gm=0|vdroop1=0|batoilo=0|batoilo2=0|batt_vs=30396|mdis_morepower=0|thb_hda=51|cp_on_chip_0=35000|cp_on_chip_1=36000|G3D=36000|cp_on_chip_2=36000|cp_on_chip_3=34000|cp_on_chip_4=34000|rf2_therm=32000|rf1_therm=33000|ISP=35000|TPU=35000|AUR=35000|rfpa_therm=31705|quiet_therm=32351|charging_therm=34154|,ok,39000,38000,0,38000,1,single,touched,4096,256,4,256,252034,256,245728,0,4,4,ok
1,19,nvhe,4,2245000,578000,38000,38000,BIG=36000|MID=36000|usb_pwr_therm=30014|btmspkr_therm=29991|disp_therm=29991|north_therm=30793|soc_therm=34109|battery=30400|battery_cycle=5|dc-mains=34500|usbc-therm-adc=345|max77779fg=30400|LITTLE=37000|soc=8|smpl_gm=0|vdroop1=0|batoilo=0|batoilo2=0|batt_vs=30395|mdis_morepower=0|thb_hda=51|cp_on_chip_0=35000|cp_on_chip_1=36000|G3D=36000|cp_on_chip_2=36000|cp_on_chip_3=34000|cp_on_chip_4=34000|rf2_therm=32000|rf1_therm=33000|ISP=34000|TPU=35000|AUR=35000|rfpa_therm=31705|quiet_therm=32329|charging_therm=34154|,BIG=36000|MID=38000|usb_pwr_therm=30014|btmspkr_therm=29991|disp_therm=29991|north_therm=30793|soc_therm=34132|battery=30400|battery_cycle=5|dc-mains=34500|usbc-therm-adc=345|max77779fg=30400|LITTLE=37000|soc=8|smpl_gm=0|vdroop1=0|batoilo=0|batoilo2=0|batt_vs=30396|mdis_morepower=0|thb_hda=51|cp_on_chip_0=35000|cp_on_chip_1=36000|G3D=36000|cp_on_chip_2=36000|cp_on_chip_3=34000|cp_on_chip_4=34000|rf2_therm=32000|rf1_therm=33000|ISP=35000|TPU=35000|AUR=35000|rfpa_therm=31705|quiet_therm=32351|charging_therm=34154|,ok,39000,38000,0,38000,1,single,touched,4096,256,5,256,254232,256,245565,0,4,4,ok
1,19,nvhe,4,2245000,578000,38000,38000,BIG=36000|MID=36000|usb_pwr_therm=30014|btmspkr_therm=29991|disp_therm=29991|north_therm=30793|soc_therm=34109|battery=30400|battery_cycle=5|dc-mains=34500|usbc-therm-adc=345|max77779fg=30400|LITTLE=37000|soc=8|smpl_gm=0|vdroop1=0|batoilo=0|batoilo2=0|batt_vs=30395|mdis_morepower=0|thb_hda=51|cp_on_chip_0=35000|cp_on_chip_1=36000|G3D=36000|cp_on_chip_2=36000|cp_on_chip_3=34000|cp_on_chip_4=34000|rf2_therm=32000|rf1_therm=33000|ISP=34000|TPU=35000|AUR=35000|rfpa_therm=31705|quiet_therm=32329|charging_therm=34154|,BIG=36000|MID=38000|usb_pwr_therm=30014|btmspkr_therm=29991|disp_therm=29991|north_therm=30793|soc_therm=34132|battery=30400|battery_cycle=5|dc-mains=34500|usbc-therm-adc=345|max77779fg=30400|LITTLE=37000|soc=8|smpl_gm=0|vdroop1=0|batoilo=0|batoilo2=0|batt_vs=30396|mdis_morepower=0|thb_hda=51|cp_on_chip_0=35000|cp_on_chip_1=36000|G3D=36000|cp_on_chip_2=36000|cp_on_chip_3=34000|cp_on_chip_4=34000|rf2_therm=32000|rf1_therm=33000|ISP=35000|TPU=35000|AUR=35000|rfpa_therm=31705|quiet_therm=32351|charging_therm=34154|,ok,39000,38000,0,38000,1,single,touched,4096,256,6,256,254964,256,252482,0,4,4,ok
1,19,nvhe,4,2245000,578000,38000,38000,BIG=36000|MID=36000|usb_pwr_therm=30014|btmspkr_therm=29991|disp_therm=29991|north_therm=30793|soc_therm=34109|battery=30400|battery_cycle=5|dc-mains=34500|usbc-therm-adc=345|max77779fg=30400|LITTLE=37000|soc=8|smpl_gm=0|vdroop1=0|batoilo=0|batoilo2=0|batt_vs=30395|mdis_morepower=0|thb_hda=51|cp_on_chip_0=35000|cp_on_chip_1=36000|G3D=36000|cp_on_chip_2=36000|cp_on_chip_3=34000|cp_on_chip_4=34000|rf2_therm=32000|rf1_therm=33000|ISP=34000|TPU=35000|AUR=35000|rfpa_therm=31705|quiet_therm=32329|charging_therm=34154|,BIG=36000|MID=38000|usb_pwr_therm=30014|btmspkr_therm=29991|disp_therm=29991|north_therm=30793|soc_therm=34132|battery=30400|battery_cycle=5|dc-mains=34500|usbc-therm-adc=345|max77779fg=30400|LITTLE=37000|soc=8|smpl_gm=0|vdroop1=0|batoilo=0|batoilo2=0|batt_vs=30396|mdis_morepower=0|thb_hda=51|cp_on_chip_0=35000|cp_on_chip_1=36000|G3D=36000|cp_on_chip_2=36000|cp_on_chip_3=34000|cp_on_chip_4=34000|rf2_therm=32000|rf1_therm=33000|ISP=35000|TPU=35000|AUR=35000|rfpa_therm=31705|quiet_therm=32351|charging_therm=34154|,ok,39000,38000,0,38000,1,single,touched,4096,256,7,256,254679,256,251669,0,4,4,ok
1,19,nvhe,4,2245000,578000,38000,38000,BIG=36000|MID=36000|usb_pwr_therm=30014|btmspkr_therm=29991|disp_therm=29991|north_therm=30793|soc_therm=34109|battery=30400|battery_cycle=5|dc-mains=34500|usbc-therm-adc=345|max77779fg=30400|LITTLE=37000|soc=8|smpl_gm=0|vdroop1=0|batoilo=0|batoilo2=0|batt_vs=30395|mdis_morepower=0|thb_hda=51|cp_on_chip_0=35000|cp_on_chip_1=36000|G3D=36000|cp_on_chip_2=36000|cp_on_chip_3=34000|cp_on_chip_4=34000|rf2_therm=32000|rf1_therm=33000|ISP=34000|TPU=35000|AUR=35000|rfpa_therm=31705|quiet_therm=32329|charging_therm=34154|,BIG=36000|MID=38000|usb_pwr_therm=30014|btmspkr_therm=29991|disp_therm=29991|north_therm=30793|soc_therm=34132|battery=30400|battery_cycle=5|dc-mains=34500|usbc-therm-adc=345|max77779fg=30400|LITTLE=37000|soc=8|smpl_gm=0|vdroop1=0|batoilo=0|batoilo2=0|batt_vs=30396|mdis_morepower=0|thb_hda=51|cp_on_chip_0=35000|cp_on_chip_1=36000|G3D=36000|cp_on_chip_2=36000|cp_on_chip_3=34000|cp_on_chip_4=34000|rf2_therm=32000|rf1_therm=33000|ISP=35000|TPU=35000|AUR=35000|rfpa_therm=31705|quiet_therm=32351|charging_therm=34154|,ok,39000,38000,0,38000,1,single,touched,4096,256,8,256,283040,256,257243,0,4,4,ok
1,19,nvhe,4,2245000,578000,38000,38000,BIG=36000|MID=36000|usb_pwr_therm=30014|btmspkr_therm=29991|disp_therm=29991|north_therm=30793|soc_therm=34109|battery=30400|battery_cycle=5|dc-mains=34500|usbc-therm-adc=345|max77779fg=30400|LITTLE=37000|soc=8|smpl_gm=0|vdroop1=0|batoilo=0|batoilo2=0|batt_vs=30395|mdis_morepower=0|thb_hda=51|cp_on_chip_0=35000|cp_on_chip_1=36000|G3D=36000|cp_on_chip_2=36000|cp_on_chip_3=34000|cp_on_chip_4=34000|rf2_therm=32000|rf1_therm=33000|ISP=34000|TPU=35000|AUR=35000|rfpa_therm=31705|quiet_therm=32329|charging_therm=34154|,BIG=36000|MID=38000|usb_pwr_therm=30014|btmspkr_therm=29991|disp_therm=29991|north_therm=30793|soc_therm=34132|battery=30400|battery_cycle=5|dc-mains=34500|usbc-therm-adc=345|max77779fg=30400|LITTLE=37000|soc=8|smpl_gm=0|vdroop1=0|batoilo=0|batoilo2=0|batt_vs=30396|mdis_morepower=0|thb_hda=51|cp_on_chip_0=35000|cp_on_chip_1=36000|G3D=36000|cp_on_chip_2=36000|cp_on_chip_3=34000|cp_on_chip_4=34000|rf2_therm=32000|rf1_therm=33000|ISP=35000|TPU=35000|AUR=35000|rfpa_therm=31705|quiet_therm=32351|charging_therm=34154|,ok,39000,38000,0,38000,1,single,touched,4096,256,9,256,273519,256,252279,0,4,4,ok
1,19,nvhe,4,2245000,578000,38000,38000,BIG=36000|MID=36000|usb_pwr_therm=30014|btmspkr_therm=29991|disp_therm=29991|north_therm=30793|soc_therm=34109|battery=30400|battery_cycle=5|dc-mains=34500|usbc-therm-adc=345|max77779fg=30400|LITTLE=37000|soc=8|smpl_gm=0|vdroop1=0|batoilo=0|batoilo2=0|batt_vs=30395|mdis_morepower=0|thb_hda=51|cp_on_chip_0=35000|cp_on_chip_1=36000|G3D=36000|cp_on_chip_2=36000|cp_on_chip_3=34000|cp_on_chip_4=34000|rf2_therm=32000|rf1_therm=33000|ISP=34000|TPU=35000|AUR=35000|rfpa_therm=31705|quiet_therm=32329|charging_therm=34154|,BIG=36000|MID=38000|usb_pwr_therm=30014|btmspkr_therm=29991|disp_therm=29991|north_therm=30793|soc_therm=34132|battery=30400|battery_cycle=5|dc-mains=34500|usbc-therm-adc=345|max77779fg=30400|LITTLE=37000|soc=8|smpl_gm=0|vdroop1=0|batoilo=0|batoilo2=0|batt_vs=30396|mdis_morepower=0|thb_hda=51|cp_on_chip_0=35000|cp_on_chip_1=36000|G3D=36000|cp_on_chip_2=36000|cp_on_chip_3=34000|cp_on_chip_4=34000|rf2_therm=32000|rf1_therm=33000|ISP=35000|TPU=35000|AUR=35000|rfpa_therm=31705|quiet_therm=32351|charging_therm=34154|,ok,39000,38000,0,38000,1,single,touched,4096,256,10,256,264200,256,252034,0,4,4,ok
1,19,nvhe,4,2245000,578000,38000,38000,BIG=36000|MID=36000|usb_pwr_therm=30014|btmspkr_therm=29991|disp_therm=29991|north_therm=30793|soc_therm=34109|battery=30400|battery_cycle=5|dc-mains=34500|usbc-therm-adc=345|max77779fg=30400|LITTLE=37000|soc=8|smpl_gm=0|vdroop1=0|batoilo=0|batoilo2=0|batt_vs=30395|mdis_morepower=0|thb_hda=51|cp_on_chip_0=35000|cp_on_chip_1=36000|G3D=36000|cp_on_chip_2=36000|cp_on_chip_3=34000|cp_on_chip_4=34000|rf2_therm=32000|rf1_therm=33000|ISP=34000|TPU=35000|AUR=35000|rfpa_therm=31705|quiet_therm=32329|charging_therm=34154|,BIG=36000|MID=38000|usb_pwr_therm=30014|btmspkr_therm=29991|disp_therm=29991|north_therm=30793|soc_therm=34132|battery=30400|battery_cycle=5|dc-mains=34500|usbc-therm-adc=345|max77779fg=30400|LITTLE=37000|soc=8|smpl_gm=0|vdroop1=0|batoilo=0|batoilo2=0|batt_vs=30396|mdis_morepower=0|thb_hda=51|cp_on_chip_0=35000|cp_on_chip_1=36000|G3D=36000|cp_on_chip_2=36000|cp_on_chip_3=34000|cp_on_chip_4=34000|rf2_therm=32000|rf1_therm=33000|ISP=35000|TPU=35000|AUR=35000|rfpa_therm=31705|quiet_therm=32351|charging_therm=34154|,ok,39000,38000,0,38000,1,single,touched,4096,256,11,256,253540,256,346232,0,4,4,ok
1,19,nvhe,4,2245000,578000,38000,38000,BIG=36000|MID=36000|usb_pwr_therm=30014|btmspkr_therm=29991|disp_therm=29991|north_therm=30793|soc_therm=34109|battery=30400|battery_cycle=5|dc-mains=34500|usbc-therm-adc=345|max77779fg=30400|LITTLE=37000|soc=8|smpl_gm=0|vdroop1=0|batoilo=0|batoilo2=0|batt_vs=30395|mdis_morepower=0|thb_hda=51|cp_on_chip_0=35000|cp_on_chip_1=36000|G3D=36000|cp_on_chip_2=36000|cp_on_chip_3=34000|cp_on_chip_4=34000|rf2_therm=32000|rf1_therm=33000|ISP=34000|TPU=35000|AUR=35000|rfpa_therm=31705|quiet_therm=32329|charging_therm=34154|,BIG=36000|MID=38000|usb_pwr_therm=30014|btmspkr_therm=29991|disp_therm=29991|north_therm=30793|soc_therm=34132|battery=30400|battery_cycle=5|dc-mains=34500|usbc-therm-adc=345|max77779fg=30400|LITTLE=37000|soc=8|smpl_gm=0|vdroop1=0|batoilo=0|batoilo2=0|batt_vs=30396|mdis_morepower=0|thb_hda=51|cp_on_chip_0=35000|cp_on_chip_1=36000|G3D=36000|cp_on_chip_2=36000|cp_on_chip_3=34000|cp_on_chip_4=34000|rf2_therm=32000|rf1_therm=33000|ISP=35000|TPU=35000|AUR=35000|rfpa_therm=31705|quiet_therm=32351|charging_therm=34154|,ok,39000,38000,0,38000,1,single,touched,4096,256,12,256,255737,256,252482,0,4,4,ok
1,19,nvhe,4,2245000,578000,38000,38000,BIG=36000|MID=36000|usb_pwr_therm=30014|btmspkr_therm=29991|disp_therm=29991|north_therm=30793|soc_therm=34109|battery=30400|battery_cycle=5|dc-mains=34500|usbc-therm-adc=345|max77779fg=30400|LITTLE=37000|soc=8|smpl_gm=0|vdroop1=0|batoilo=0|batoilo2=0|batt_vs=30395|mdis_morepower=0|thb_hda=51|cp_on_chip_0=35000|cp_on_chip_1=36000|G3D=36000|cp_on_chip_2=36000|cp_on_chip_3=34000|cp_on_chip_4=34000|rf2_therm=32000|rf1_therm=33000|ISP=34000|TPU=35000|AUR=35000|rfpa_therm=31705|quiet_therm=32329|charging_therm=34154|,BIG=36000|MID=38000|usb_pwr_therm=30014|btmspkr_therm=29991|disp_therm=29991|north_therm=30793|soc_therm=34132|battery=30400|battery_cycle=5|dc-mains=34500|usbc-therm-adc=345|max77779fg=30400|LITTLE=37000|soc=8|smpl_gm=0|vdroop1=0|batoilo=0|batoilo2=0|batt_vs=30396|mdis_morepower=0|thb_hda=51|cp_on_chip_0=35000|cp_on_chip_1=36000|G3D=36000|cp_on_chip_2=36000|cp_on_chip_3=34000|cp_on_chip_4=34000|rf2_therm=32000|rf1_therm=33000|ISP=35000|TPU=35000|AUR=35000|rfpa_therm=31705|quiet_therm=32351|charging_therm=34154|,ok,39000,38000,0,38000,1,single,touched,4096,256,13,256,253662,256,251628,0,4,4,ok
1,19,nvhe,4,2245000,578000,38000,38000,BIG=36000|MID=36000|usb_pwr_therm=30014|btmspkr_therm=29991|disp_therm=29991|north_therm=30793|soc_therm=34109|battery=30400|battery_cycle=5|dc-mains=34500|usbc-therm-adc=345|max77779fg=30400|LITTLE=37000|soc=8|smpl_gm=0|vdroop1=0|batoilo=0|batoilo2=0|batt_vs=30395|mdis_morepower=0|thb_hda=51|cp_on_chip_0=35000|cp_on_chip_1=36000|G3D=36000|cp_on_chip_2=36000|cp_on_chip_3=34000|cp_on_chip_4=34000|rf2_therm=32000|rf1_therm=33000|ISP=34000|TPU=35000|AUR=35000|rfpa_therm=31705|quiet_therm=32329|charging_therm=34154|,BIG=36000|MID=38000|usb_pwr_therm=30014|btmspkr_therm=29991|disp_therm=29991|north_therm=30793|soc_therm=34132|battery=30400|battery_cycle=5|dc-mains=34500|usbc-therm-adc=345|max77779fg=30400|LITTLE=37000|soc=8|smpl_gm=0|vdroop1=0|batoilo=0|batoilo2=0|batt_vs=30396|mdis_morepower=0|thb_hda=51|cp_on_chip_0=35000|cp_on_chip_1=36000|G3D=36000|cp_on_chip_2=36000|cp_on_chip_3=34000|cp_on_chip_4=34000|rf2_therm=32000|rf1_therm=33000|ISP=35000|TPU=35000|AUR=35000|rfpa_therm=31705|quiet_therm=32351|charging_therm=34154|,ok,39000,38000,0,38000,1,single,touched,4096,256,14,256,270264,256,252075,0,4,4,ok
1,19,nvhe,4,2245000,578000,38000,38000,BIG=36000|MID=36000|usb_pwr_therm=30014|btmspkr_therm=29991|disp_therm=29991|north_therm=30793|soc_therm=34109|battery=30400|battery_cycle=5|dc-mains=34500|usbc-therm-adc=345|max77779fg=30400|LITTLE=37000|soc=8|smpl_gm=0|vdroop1=0|batoilo=0|batoilo2=0|batt_vs=30395|mdis_morepower=0|thb_hda=51|cp_on_chip_0=35000|cp_on_chip_1=36000|G3D=36000|cp_on_chip_2=36000|cp_on_chip_3=34000|cp_on_chip_4=34000|rf2_therm=32000|rf1_therm=33000|ISP=34000|TPU=35000|AUR=35000|rfpa_therm=31705|quiet_therm=32329|charging_therm=34154|,BIG=36000|MID=38000|usb_pwr_therm=30014|btmspkr_therm=29991|disp_therm=29991|north_therm=30793|soc_therm=34132|battery=30400|battery_cycle=5|dc-mains=34500|usbc-therm-adc=345|max77779fg=30400|LITTLE=37000|soc=8|smpl_gm=0|vdroop1=0|batoilo=0|batoilo2=0|batt_vs=30396|mdis_morepower=0|thb_hda=51|cp_on_chip_0=35000|cp_on_chip_1=36000|G3D=36000|cp_on_chip_2=36000|cp_on_chip_3=34000|cp_on_chip_4=34000|rf2_therm=32000|rf1_therm=33000|ISP=35000|TPU=35000|AUR=35000|rfpa_therm=31705|quiet_therm=32351|charging_therm=34154|,ok,39000,38000,0,38000,1,single,touched,4096,256,15,256,302938,256,461792,0,4,4,ok
1,19,nvhe,4,2245000,578000,38000,38000,BIG=36000|MID=36000|usb_pwr_therm=30014|btmspkr_therm=29991|disp_therm=29991|north_therm=30793|soc_therm=34109|battery=30400|battery_cycle=5|dc-mains=34500|usbc-therm-adc=345|max77779fg=30400|LITTLE=37000|soc=8|smpl_gm=0|vdroop1=0|batoilo=0|batoilo2=0|batt_vs=30395|mdis_morepower=0|thb_hda=51|cp_on_chip_0=35000|cp_on_chip_1=36000|G3D=36000|cp_on_chip_2=36000|cp_on_chip_3=34000|cp_on_chip_4=34000|rf2_therm=32000|rf1_therm=33000|ISP=34000|TPU=35000|AUR=35000|rfpa_therm=31705|quiet_therm=32329|charging_therm=34154|,BIG=36000|MID=38000|usb_pwr_therm=30014|btmspkr_therm=29991|disp_therm=29991|north_therm=30793|soc_therm=34132|battery=30400|battery_cycle=5|dc-mains=34500|usbc-therm-adc=345|max77779fg=30400|LITTLE=37000|soc=8|smpl_gm=0|vdroop1=0|batoilo=0|batoilo2=0|batt_vs=30396|mdis_morepower=0|thb_hda=51|cp_on_chip_0=35000|cp_on_chip_1=36000|G3D=36000|cp_on_chip_2=36000|cp_on_chip_3=34000|cp_on_chip_4=34000|rf2_therm=32000|rf1_therm=33000|ISP=35000|TPU=35000|AUR=35000|rfpa_therm=31705|quiet_therm=32351|charging_therm=34154|,ok,39000,38000,0,38000,1,single,touched,4096,256,16,256,239217,256,230591,0,4,4,ok
1,19,nvhe,4,2245000,578000,38000,38000,BIG=36000|MID=36000|usb_pwr_therm=30014|btmspkr_therm=29991|disp_therm=29991|north_therm=30793|soc_therm=34109|battery=30400|battery_cycle=5|dc-mains=34500|usbc-therm-adc=345|max77779fg=30400|LITTLE=37000|soc=8|smpl_gm=0|vdroop1=0|batoilo=0|batoilo2=0|batt_vs=30395|mdis_morepower=0|thb_hda=51|cp_on_chip_0=35000|cp_on_chip_1=36000|G3D=36000|cp_on_chip_2=36000|cp_on_chip_3=34000|cp_on_chip_4=34000|rf2_therm=32000|rf1_therm=33000|ISP=34000|TPU=35000|AUR=35000|rfpa_therm=31705|quiet_therm=32329|charging_therm=34154|,BIG=36000|MID=38000|usb_pwr_therm=30014|btmspkr_therm=29991|disp_therm=29991|north_therm=30793|soc_therm=34132|battery=30400|battery_cycle=5|dc-mains=34500|usbc-therm-adc=345|max77779fg=30400|LITTLE=37000|soc=8|smpl_gm=0|vdroop1=0|batoilo=0|batoilo2=0|batt_vs=30396|mdis_morepower=0|thb_hda=51|cp_on_chip_0=35000|cp_on_chip_1=36000|G3D=36000|cp_on_chip_2=36000|cp_on_chip_3=34000|cp_on_chip_4=34000|rf2_therm=32000|rf1_therm=33000|ISP=35000|TPU=35000|AUR=35000|rfpa_therm=31705|quiet_therm=32351|charging_therm=34154|,ok,39000,38000,0,38000,1,single,touched,4096,256,17,256,235189,256,230225,0,4,4,ok
1,19,nvhe,4,2245000,578000,38000,38000,BIG=36000|MID=36000|usb_pwr_therm=30014|btmspkr_therm=29991|disp_therm=29991|north_therm=30793|soc_therm=34109|battery=30400|battery_cycle=5|dc-mains=34500|usbc-therm-adc=345|max77779fg=30400|LITTLE=37000|soc=8|smpl_gm=0|vdroop1=0|batoilo=0|batoilo2=0|batt_vs=30395|mdis_morepower=0|thb_hda=51|cp_on_chip_0=35000|cp_on_chip_1=36000|G3D=36000|cp_on_chip_2=36000|cp_on_chip_3=34000|cp_on_chip_4=34000|rf2_therm=32000|rf1_therm=33000|ISP=34000|TPU=35000|AUR=35000|rfpa_therm=31705|quiet_therm=32329|charging_therm=34154|,BIG=36000|MID=38000|usb_pwr_therm=30014|btmspkr_therm=29991|disp_therm=29991|north_therm=30793|soc_therm=34132|battery=30400|battery_cycle=5|dc-mains=34500|usbc-therm-adc=345|max77779fg=30400|LITTLE=37000|soc=8|smpl_gm=0|vdroop1=0|batoilo=0|batoilo2=0|batt_vs=30396|mdis_morepower=0|thb_hda=51|cp_on_chip_0=35000|cp_on_chip_1=36000|G3D=36000|cp_on_chip_2=36000|cp_on_chip_3=34000|cp_on_chip_4=34000|rf2_therm=32000|rf1_therm=33000|ISP=35000|TPU=35000|AUR=35000|rfpa_therm=31705|quiet_therm=32351|charging_therm=34154|,ok,39000,38000,0,38000,1,single,touched,4096,256,18,256,237712,256,232096,0,4,4,ok
1,19,nvhe,4,2245000,578000,38000,38000,BIG=36000|MID=36000|usb_pwr_therm=30014|btmspkr_therm=29991|disp_therm=29991|north_therm=30793|soc_therm=34109|battery=30400|battery_cycle=5|dc-mains=34500|usbc-therm-adc=345|max77779fg=30400|LITTLE=37000|soc=8|smpl_gm=0|vdroop1=0|batoilo=0|batoilo2=0|batt_vs=30395|mdis_morepower=0|thb_hda=51|cp_on_chip_0=35000|cp_on_chip_1=36000|G3D=36000|cp_on_chip_2=36000|cp_on_chip_3=34000|cp_on_chip_4=34000|rf2_therm=32000|rf1_therm=33000|ISP=34000|TPU=35000|AUR=35000|rfpa_therm=31705|quiet_therm=32329|charging_therm=34154|,BIG=36000|MID=38000|usb_pwr_therm=30014|btmspkr_therm=29991|disp_therm=29991|north_therm=30793|soc_therm=34132|battery=30400|battery_cycle=5|dc-mains=34500|usbc-therm-adc=345|max77779fg=30400|LITTLE=37000|soc=8|smpl_gm=0|vdroop1=0|batoilo=0|batoilo2=0|batt_vs=30396|mdis_morepower=0|thb_hda=51|cp_on_chip_0=35000|cp_on_chip_1=36000|G3D=36000|cp_on_chip_2=36000|cp_on_chip_3=34000|cp_on_chip_4=34000|rf2_therm=32000|rf1_therm=33000|ISP=35000|TPU=35000|AUR=35000|rfpa_therm=31705|quiet_therm=32351|charging_therm=34154|,ok,39000,38000,0,38000,1,single,touched,4096,256,19,256,229858,256,230468,0,4,4,ok
1,19,nvhe,4,2245000,578000,38000,38000,BIG=36000|MID=36000|usb_pwr_therm=30014|btmspkr_therm=29991|disp_therm=29991|north_therm=30793|soc_therm=34109|battery=30400|battery_cycle=5|dc-mains=34500|usbc-therm-adc=345|max77779fg=30400|LITTLE=37000|soc=8|smpl_gm=0|vdroop1=0|batoilo=0|batoilo2=0|batt_vs=30395|mdis_morepower=0|thb_hda=51|cp_on_chip_0=35000|cp_on_chip_1=36000|G3D=36000|cp_on_chip_2=36000|cp_on_chip_3=34000|cp_on_chip_4=34000|rf2_therm=32000|rf1_therm=33000|ISP=34000|TPU=35000|AUR=35000|rfpa_therm=31705|quiet_therm=32329|charging_therm=34154|,BIG=36000|MID=38000|usb_pwr_therm=30014|btmspkr_therm=29991|disp_therm=29991|north_therm=30793|soc_therm=34132|battery=30400|battery_cycle=5|dc-mains=34500|usbc-therm-adc=345|max77779fg=30400|LITTLE=37000|soc=8|smpl_gm=0|vdroop1=0|batoilo=0|batoilo2=0|batt_vs=30396|mdis_morepower=0|thb_hda=51|cp_on_chip_0=35000|cp_on_chip_1=36000|G3D=36000|cp_on_chip_2=36000|cp_on_chip_3=34000|cp_on_chip_4=34000|rf2_therm=32000|rf1_therm=33000|ISP=35000|TPU=35000|AUR=35000|rfpa_therm=31705|quiet_therm=32351|charging_therm=34154|,ok,39000,38000,0,38000,1,single,touched,4096,256,20,256,225260,256,230225,0,4,4,ok
1,19,nvhe,4,2245000,578000,38000,38000,BIG=36000|MID=36000|usb_pwr_therm=30014|btmspkr_therm=29991|disp_therm=29991|north_therm=30793|soc_therm=34109|battery=30400|battery_cycle=5|dc-mains=34500|usbc-therm-adc=345|max77779fg=30400|LITTLE=37000|soc=8|smpl_gm=0|vdroop1=0|batoilo=0|batoilo2=0|batt_vs=30395|mdis_morepower=0|thb_hda=51|cp_on_chip_0=35000|cp_on_chip_1=36000|G3D=36000|cp_on_chip_2=36000|cp_on_chip_3=34000|cp_on_chip_4=34000|rf2_therm=32000|rf1_therm=33000|ISP=34000|TPU=35000|AUR=35000|rfpa_therm=31705|quiet_therm=32329|charging_therm=34154|,BIG=36000|MID=38000|usb_pwr_therm=30014|btmspkr_therm=29991|disp_therm=29991|north_therm=30793|soc_therm=34132|battery=30400|battery_cycle=5|dc-mains=34500|usbc-therm-adc=345|max77779fg=30400|LITTLE=37000|soc=8|smpl_gm=0|vdroop1=0|batoilo=0|batoilo2=0|batt_vs=30396|mdis_morepower=0|thb_hda=51|cp_on_chip_0=35000|cp_on_chip_1=36000|G3D=36000|cp_on_chip_2=36000|cp_on_chip_3=34000|cp_on_chip_4=34000|rf2_therm=32000|rf1_therm=33000|ISP=35000|TPU=35000|AUR=35000|rfpa_therm=31705|quiet_therm=32351|charging_therm=34154|,ok,39000,38000,0,38000,1,single,touched,4096,256,21,256,225667,256,230713,0,4,4,ok
1,19,nvhe,4,2245000,578000,38000,38000,BIG=36000|MID=36000|usb_pwr_therm=30014|btmspkr_therm=29991|disp_therm=29991|north_therm=30793|soc_therm=34109|battery=30400|battery_cycle=5|dc-mains=34500|usbc-therm-adc=345|max77779fg=30400|LITTLE=37000|soc=8|smpl_gm=0|vdroop1=0|batoilo=0|batoilo2=0|batt_vs=30395|mdis_morepower=0|thb_hda=51|cp_on_chip_0=35000|cp_on_chip_1=36000|G3D=36000|cp_on_chip_2=36000|cp_on_chip_3=34000|cp_on_chip_4=34000|rf2_therm=32000|rf1_therm=33000|ISP=34000|TPU=35000|AUR=35000|rfpa_therm=31705|quiet_therm=32329|charging_therm=34154|,BIG=36000|MID=38000|usb_pwr_therm=30014|btmspkr_therm=29991|disp_therm=29991|north_therm=30793|soc_therm=34132|battery=30400|battery_cycle=5|dc-mains=34500|usbc-therm-adc=345|max77779fg=30400|LITTLE=37000|soc=8|smpl_gm=0|vdroop1=0|batoilo=0|batoilo2=0|batt_vs=30396|mdis_morepower=0|thb_hda=51|cp_on_chip_0=35000|cp_on_chip_1=36000|G3D=36000|cp_on_chip_2=36000|cp_on_chip_3=34000|cp_on_chip_4=34000|rf2_therm=32000|rf1_therm=33000|ISP=35000|TPU=35000|AUR=35000|rfpa_therm=31705|quiet_therm=32351|charging_therm=34154|,ok,39000,38000,0,38000,1,single,touched,4096,256,22,256,229492,256,276205,0,4,4,ok
1,19,nvhe,4,2245000,578000,38000,38000,BIG=36000|MID=36000|usb_pwr_therm=30014|btmspkr_therm=29991|disp_therm=29991|north_therm=30793|soc_therm=34109|battery=30400|battery_cycle=5|dc-mains=34500|usbc-therm-adc=345|max77779fg=30400|LITTLE=37000|soc=8|smpl_gm=0|vdroop1=0|batoilo=0|batoilo2=0|batt_vs=30395|mdis_morepower=0|thb_hda=51|cp_on_chip_0=35000|cp_on_chip_1=36000|G3D=36000|cp_on_chip_2=36000|cp_on_chip_3=34000|cp_on_chip_4=34000|rf2_therm=32000|rf1_therm=33000|ISP=34000|TPU=35000|AUR=35000|rfpa_therm=31705|quiet_therm=32329|charging_therm=34154|,BIG=36000|MID=38000|usb_pwr_therm=30014|btmspkr_therm=29991|disp_therm=29991|north_therm=30793|soc_therm=34132|battery=30400|battery_cycle=5|dc-mains=34500|usbc-therm-adc=345|max77779fg=30400|LITTLE=37000|soc=8|smpl_gm=0|vdroop1=0|batoilo=0|batoilo2=0|batt_vs=30396|mdis_morepower=0|thb_hda=51|cp_on_chip_0=35000|cp_on_chip_1=36000|G3D=36000|cp_on_chip_2=36000|cp_on_chip_3=34000|cp_on_chip_4=34000|rf2_therm=32000|rf1_therm=33000|ISP=35000|TPU=35000|AUR=35000|rfpa_therm=31705|quiet_therm=32351|charging_therm=34154|,ok,39000,38000,0,38000,1,single,touched,4096,256,23,256,234863,256,312907,0,4,4,ok
1,19,nvhe,4,2245000,578000,38000,38000,BIG=36000|MID=36000|usb_pwr_therm=30014|btmspkr_therm=29991|disp_therm=29991|north_therm=30793|soc_therm=34109|battery=30400|battery_cycle=5|dc-mains=34500|usbc-therm-adc=345|max77779fg=30400|LITTLE=37000|soc=8|smpl_gm=0|vdroop1=0|batoilo=0|batoilo2=0|batt_vs=30395|mdis_morepower=0|thb_hda=51|cp_on_chip_0=35000|cp_on_chip_1=36000|G3D=36000|cp_on_chip_2=36000|cp_on_chip_3=34000|cp_on_chip_4=34000|rf2_therm=32000|rf1_therm=33000|ISP=34000|TPU=35000|AUR=35000|rfpa_therm=31705|quiet_therm=32329|charging_therm=34154|,BIG=36000|MID=38000|usb_pwr_therm=30014|btmspkr_therm=29991|disp_therm=29991|north_therm=30793|soc_therm=34132|battery=30400|battery_cycle=5|dc-mains=34500|usbc-therm-adc=345|max77779fg=30400|LITTLE=37000|soc=8|smpl_gm=0|vdroop1=0|batoilo=0|batoilo2=0|batt_vs=30396|mdis_morepower=0|thb_hda=51|cp_on_chip_0=35000|cp_on_chip_1=36000|G3D=36000|cp_on_chip_2=36000|cp_on_chip_3=34000|cp_on_chip_4=34000|rf2_therm=32000|rf1_therm=33000|ISP=35000|TPU=35000|AUR=35000|rfpa_therm=31705|quiet_therm=32351|charging_therm=34154|,ok,39000,38000,0,38000,1,single,touched,4096,256,24,256,224690,256,215942,0,4,4,ok
1,19,nvhe,4,2245000,578000,38000,38000,BIG=36000|MID=36000|usb_pwr_therm=30014|btmspkr_therm=29991|disp_therm=29991|north_therm=30793|soc_therm=34109|battery=30400|battery_cycle=5|dc-mains=34500|usbc-therm-adc=345|max77779fg=30400|LITTLE=37000|soc=8|smpl_gm=0|vdroop1=0|batoilo=0|batoilo2=0|batt_vs=30395|mdis_morepower=0|thb_hda=51|cp_on_chip_0=35000|cp_on_chip_1=36000|G3D=36000|cp_on_chip_2=36000|cp_on_chip_3=34000|cp_on_chip_4=34000|rf2_therm=32000|rf1_therm=33000|ISP=34000|TPU=35000|AUR=35000|rfpa_therm=31705|quiet_therm=32329|charging_therm=34154|,BIG=36000|MID=38000|usb_pwr_therm=30014|btmspkr_therm=29991|disp_therm=29991|north_therm=30793|soc_therm=34132|battery=30400|battery_cycle=5|dc-mains=34500|usbc-therm-adc=345|max77779fg=30400|LITTLE=37000|soc=8|smpl_gm=0|vdroop1=0|batoilo=0|batoilo2=0|batt_vs=30396|mdis_morepower=0|thb_hda=51|cp_on_chip_0=35000|cp_on_chip_1=36000|G3D=36000|cp_on_chip_2=36000|cp_on_chip_3=34000|cp_on_chip_4=34000|rf2_therm=32000|rf1_therm=33000|ISP=35000|TPU=35000|AUR=35000|rfpa_therm=31705|quiet_therm=32351|charging_therm=34154|,ok,39000,38000,0,38000,1,single,touched,4096,256,25,256,209473,256,216919,0,4,4,ok
1,19,nvhe,4,2245000,578000,38000,38000,BIG=36000|MID=36000|usb_pwr_therm=30014|btmspkr_therm=29991|disp_therm=29991|north_therm=30793|soc_therm=34109|battery=30400|battery_cycle=5|dc-mains=34500|usbc-therm-adc=345|max77779fg=30400|LITTLE=37000|soc=8|smpl_gm=0|vdroop1=0|batoilo=0|batoilo2=0|batt_vs=30395|mdis_morepower=0|thb_hda=51|cp_on_chip_0=35000|cp_on_chip_1=36000|G3D=36000|cp_on_chip_2=36000|cp_on_chip_3=34000|cp_on_chip_4=34000|rf2_therm=32000|rf1_therm=33000|ISP=34000|TPU=35000|AUR=35000|rfpa_therm=31705|quiet_therm=32329|charging_therm=34154|,BIG=36000|MID=38000|usb_pwr_therm=30014|btmspkr_therm=29991|disp_therm=29991|north_therm=30793|soc_therm=34132|battery=30400|battery_cycle=5|dc-mains=34500|usbc-therm-adc=345|max77779fg=30400|LITTLE=37000|soc=8|smpl_gm=0|vdroop1=0|batoilo=0|batoilo2=0|batt_vs=30396|mdis_morepower=0|thb_hda=51|cp_on_chip_0=35000|cp_on_chip_1=36000|G3D=36000|cp_on_chip_2=36000|cp_on_chip_3=34000|cp_on_chip_4=34000|rf2_therm=32000|rf1_therm=33000|ISP=35000|TPU=35000|AUR=35000|rfpa_therm=31705|quiet_therm=32351|charging_therm=34154|,ok,39000,38000,0,38000,1,single,touched,4096,256,26,256,210530,256,215861,0,4,4,ok
1,19,nvhe,4,2245000,578000,38000,38000,BIG=36000|MID=36000|usb_pwr_therm=30014|btmspkr_therm=29991|disp_therm=29991|north_therm=30793|soc_therm=34109|battery=30400|battery_cycle=5|dc-mains=34500|usbc-therm-adc=345|max77779fg=30400|LITTLE=37000|soc=8|smpl_gm=0|vdroop1=0|batoilo=0|batoilo2=0|batt_vs=30395|mdis_morepower=0|thb_hda=51|cp_on_chip_0=35000|cp_on_chip_1=36000|G3D=36000|cp_on_chip_2=36000|cp_on_chip_3=34000|cp_on_chip_4=34000|rf2_therm=32000|rf1_therm=33000|ISP=34000|TPU=35000|AUR=35000|rfpa_therm=31705|quiet_therm=32329|charging_therm=34154|,BIG=36000|MID=38000|usb_pwr_therm=30014|btmspkr_therm=29991|disp_therm=29991|north_therm=30793|soc_therm=34132|battery=30400|battery_cycle=5|dc-mains=34500|usbc-therm-adc=345|max77779fg=30400|LITTLE=37000|soc=8|smpl_gm=0|vdroop1=0|batoilo=0|batoilo2=0|batt_vs=30396|mdis_morepower=0|thb_hda=51|cp_on_chip_0=35000|cp_on_chip_1=36000|G3D=36000|cp_on_chip_2=36000|cp_on_chip_3=34000|cp_on_chip_4=34000|rf2_therm=32000|rf1_therm=33000|ISP=35000|TPU=35000|AUR=35000|rfpa_therm=31705|quiet_therm=32351|charging_therm=34154|,ok,39000,38000,0,38000,1,single,touched,4096,256,27,256,209798,256,215616,0,4,4,ok
1,19,nvhe,4,2245000,578000,38000,38000,BIG=36000|MID=36000|usb_pwr_therm=30014|btmspkr_therm=29991|disp_therm=29991|north_therm=30793|soc_therm=34109|battery=30400|battery_cycle=5|dc-mains=34500|usbc-therm-adc=345|max77779fg=30400|LITTLE=37000|soc=8|smpl_gm=0|vdroop1=0|batoilo=0|batoilo2=0|batt_vs=30395|mdis_morepower=0|thb_hda=51|cp_on_chip_0=35000|cp_on_chip_1=36000|G3D=36000|cp_on_chip_2=36000|cp_on_chip_3=34000|cp_on_chip_4=34000|rf2_therm=32000|rf1_therm=33000|ISP=34000|TPU=35000|AUR=35000|rfpa_therm=31705|quiet_therm=32329|charging_therm=34154|,BIG=36000|MID=38000|usb_pwr_therm=30014|btmspkr_therm=29991|disp_therm=29991|north_therm=30793|soc_therm=34132|battery=30400|battery_cycle=5|dc-mains=34500|usbc-therm-adc=345|max77779fg=30400|LITTLE=37000|soc=8|smpl_gm=0|vdroop1=0|batoilo=0|batoilo2=0|batt_vs=30396|mdis_morepower=0|thb_hda=51|cp_on_chip_0=35000|cp_on_chip_1=36000|G3D=36000|cp_on_chip_2=36000|cp_on_chip_3=34000|cp_on_chip_4=34000|rf2_therm=32000|rf1_therm=33000|ISP=35000|TPU=35000|AUR=35000|rfpa_therm=31705|quiet_therm=32351|charging_therm=34154|,ok,39000,38000,0,38000,1,single,touched,4096,256,28,256,210164,256,215820,0,4,4,ok
1,19,nvhe,4,2245000,578000,38000,38000,BIG=36000|MID=36000|usb_pwr_therm=30014|btmspkr_therm=29991|disp_therm=29991|north_therm=30793|soc_therm=34109|battery=30400|battery_cycle=5|dc-mains=34500|usbc-therm-adc=345|max77779fg=30400|LITTLE=37000|soc=8|smpl_gm=0|vdroop1=0|batoilo=0|batoilo2=0|batt_vs=30395|mdis_morepower=0|thb_hda=51|cp_on_chip_0=35000|cp_on_chip_1=36000|G3D=36000|cp_on_chip_2=36000|cp_on_chip_3=34000|cp_on_chip_4=34000|rf2_therm=32000|rf1_therm=33000|ISP=34000|TPU=35000|AUR=35000|rfpa_therm=31705|quiet_therm=32329|charging_therm=34154|,BIG=36000|MID=38000|usb_pwr_therm=30014|btmspkr_therm=29991|disp_therm=29991|north_therm=30793|soc_therm=34132|battery=30400|battery_cycle=5|dc-mains=34500|usbc-therm-adc=345|max77779fg=30400|LITTLE=37000|soc=8|smpl_gm=0|vdroop1=0|batoilo=0|batoilo2=0|batt_vs=30396|mdis_morepower=0|thb_hda=51|cp_on_chip_0=35000|cp_on_chip_1=36000|G3D=36000|cp_on_chip_2=36000|cp_on_chip_3=34000|cp_on_chip_4=34000|rf2_therm=32000|rf1_therm=33000|ISP=35000|TPU=35000|AUR=35000|rfpa_therm=31705|quiet_therm=32351|charging_therm=34154|,ok,39000,38000,0,38000,1,single,touched,4096,256,29,256,207967,256,215576,0,4,4,ok
1,20,nvhe,4,1795000,578000,40000,37000,BIG=36000|MID=37000|usb_pwr_therm=30014|btmspkr_therm=29991|disp_therm=29991|north_therm=30793|soc_therm=34154|battery=30400|battery_cycle=5|dc-mains=34500|usbc-therm-adc=345|max77779fg=30400|LITTLE=36000|soc=8|smpl_gm=0|vdroop1=0|batoilo=0|batoilo2=0|batt_vs=30395|mdis_morepower=0|thb_hda=51|cp_on_chip_0=35000|cp_on_chip_1=36000|G3D=35000|cp_on_chip_2=36000|cp_on_chip_3=34000|cp_on_chip_4=34000|rf2_therm=32000|rf1_therm=33000|ISP=35000|TPU=36000|AUR=35000|rfpa_therm=31705|quiet_therm=32351|charging_therm=34154|,BIG=37000|MID=37000|usb_pwr_therm=30014|btmspkr_therm=29991|disp_therm=29991|north_therm=30793|soc_therm=34154|battery=30400|battery_cycle=5|dc-mains=34500|usbc-therm-adc=345|max77779fg=30400|LITTLE=37000|soc=8|smpl_gm=0|vdroop1=0|batoilo=0|batoilo2=0|batt_vs=30396|mdis_morepower=0|thb_hda=51|cp_on_chip_0=35000|cp_on_chip_1=36000|G3D=36000|cp_on_chip_2=36000|cp_on_chip_3=34000|cp_on_chip_4=34000|rf2_therm=32000|rf1_therm=33000|ISP=35000|TPU=36000|AUR=37000|rfpa_therm=31705|quiet_therm=32351|charging_therm=34154|,ok,39000,37000,0,37000,1,single,untouched,4096,256,0,256,25838,0,487834,0,4,4,ok
1,20,nvhe,4,1795000,578000,40000,37000,BIG=36000|MID=37000|usb_pwr_therm=30014|btmspkr_therm=29991|disp_therm=29991|north_therm=30793|soc_therm=34154|battery=30400|battery_cycle=5|dc-mains=34500|usbc-therm-adc=345|max77779fg=30400|LITTLE=36000|soc=8|smpl_gm=0|vdroop1=0|batoilo=0|batoilo2=0|batt_vs=30395|mdis_morepower=0|thb_hda=51|cp_on_chip_0=35000|cp_on_chip_1=36000|G3D=35000|cp_on_chip_2=36000|cp_on_chip_3=34000|cp_on_chip_4=34000|rf2_therm=32000|rf1_therm=33000|ISP=35000|TPU=36000|AUR=35000|rfpa_therm=31705|quiet_therm=32351|charging_therm=34154|,BIG=37000|MID=37000|usb_pwr_therm=30014|btmspkr_therm=29991|disp_therm=29991|north_therm=30793|soc_therm=34154|battery=30400|battery_cycle=5|dc-mains=34500|usbc-therm-adc=345|max77779fg=30400|LITTLE=37000|soc=8|smpl_gm=0|vdroop1=0|batoilo=0|batoilo2=0|batt_vs=30396|mdis_morepower=0|thb_hda=51|cp_on_chip_0=35000|cp_on_chip_1=36000|G3D=36000|cp_on_chip_2=36000|cp_on_chip_3=34000|cp_on_chip_4=34000|rf2_therm=32000|rf1_therm=33000|ISP=35000|TPU=36000|AUR=37000|rfpa_therm=31705|quiet_therm=32351|charging_therm=34154|,ok,39000,37000,0,37000,1,single,untouched,4096,256,1,256,14079,0,410807,0,4,4,ok
1,20,nvhe,4,1795000,578000,40000,37000,BIG=36000|MID=37000|usb_pwr_therm=30014|btmspkr_therm=29991|disp_therm=29991|north_therm=30793|soc_therm=34154|battery=30400|battery_cycle=5|dc-mains=34500|usbc-therm-adc=345|max77779fg=30400|LITTLE=36000|soc=8|smpl_gm=0|vdroop1=0|batoilo=0|batoilo2=0|batt_vs=30395|mdis_morepower=0|thb_hda=51|cp_on_chip_0=35000|cp_on_chip_1=36000|G3D=35000|cp_on_chip_2=36000|cp_on_chip_3=34000|cp_on_chip_4=34000|rf2_therm=32000|rf1_therm=33000|ISP=35000|TPU=36000|AUR=35000|rfpa_therm=31705|quiet_therm=32351|charging_therm=34154|,BIG=37000|MID=37000|usb_pwr_therm=30014|btmspkr_therm=29991|disp_therm=29991|north_therm=30793|soc_therm=34154|battery=30400|battery_cycle=5|dc-mains=34500|usbc-therm-adc=345|max77779fg=30400|LITTLE=37000|soc=8|smpl_gm=0|vdroop1=0|batoilo=0|batoilo2=0|batt_vs=30396|mdis_morepower=0|thb_hda=51|cp_on_chip_0=35000|cp_on_chip_1=36000|G3D=36000|cp_on_chip_2=36000|cp_on_chip_3=34000|cp_on_chip_4=34000|rf2_therm=32000|rf1_therm=33000|ISP=35000|TPU=36000|AUR=37000|rfpa_therm=31705|quiet_therm=32351|charging_therm=34154|,ok,39000,37000,0,37000,1,single,untouched,4096,256,2,256,13265,0,411540,0,4,4,ok
1,20,nvhe,4,1795000,578000,40000,37000,BIG=36000|MID=37000|usb_pwr_therm=30014|btmspkr_therm=29991|disp_therm=29991|north_therm=30793|soc_therm=34154|battery=30400|battery_cycle=5|dc-mains=34500|usbc-therm-adc=345|max77779fg=30400|LITTLE=36000|soc=8|smpl_gm=0|vdroop1=0|batoilo=0|batoilo2=0|batt_vs=30395|mdis_morepower=0|thb_hda=51|cp_on_chip_0=35000|cp_on_chip_1=36000|G3D=35000|cp_on_chip_2=36000|cp_on_chip_3=34000|cp_on_chip_4=34000|rf2_therm=32000|rf1_therm=33000|ISP=35000|TPU=36000|AUR=35000|rfpa_therm=31705|quiet_therm=32351|charging_therm=34154|,BIG=37000|MID=37000|usb_pwr_therm=30014|btmspkr_therm=29991|disp_therm=29991|north_therm=30793|soc_therm=34154|battery=30400|battery_cycle=5|dc-mains=34500|usbc-therm-adc=345|max77779fg=30400|LITTLE=37000|soc=8|smpl_gm=0|vdroop1=0|batoilo=0|batoilo2=0|batt_vs=30396|mdis_morepower=0|thb_hda=51|cp_on_chip_0=35000|cp_on_chip_1=36000|G3D=36000|cp_on_chip_2=36000|cp_on_chip_3=34000|cp_on_chip_4=34000|rf2_therm=32000|rf1_therm=33000|ISP=35000|TPU=36000|AUR=37000|rfpa_therm=31705|quiet_therm=32351|charging_therm=34154|,ok,39000,37000,0,37000,1,single,untouched,4096,256,3,256,15421,0,410889,0,4,4,ok
1,20,nvhe,4,1795000,578000,40000,37000,BIG=36000|MID=37000|usb_pwr_therm=30014|btmspkr_therm=29991|disp_therm=29991|north_therm=30793|soc_therm=34154|battery=30400|battery_cycle=5|dc-mains=34500|usbc-therm-adc=345|max77779fg=30400|LITTLE=36000|soc=8|smpl_gm=0|vdroop1=0|batoilo=0|batoilo2=0|batt_vs=30395|mdis_morepower=0|thb_hda=51|cp_on_chip_0=35000|cp_on_chip_1=36000|G3D=35000|cp_on_chip_2=36000|cp_on_chip_3=34000|cp_on_chip_4=34000|rf2_therm=32000|rf1_therm=33000|ISP=35000|TPU=36000|AUR=35000|rfpa_therm=31705|quiet_therm=32351|charging_therm=34154|,BIG=37000|MID=37000|usb_pwr_therm=30014|btmspkr_therm=29991|disp_therm=29991|north_therm=30793|soc_therm=34154|battery=30400|battery_cycle=5|dc-mains=34500|usbc-therm-adc=345|max77779fg=30400|LITTLE=37000|soc=8|smpl_gm=0|vdroop1=0|batoilo=0|batoilo2=0|batt_vs=30396|mdis_morepower=0|thb_hda=51|cp_on_chip_0=35000|cp_on_chip_1=36000|G3D=36000|cp_on_chip_2=36000|cp_on_chip_3=34000|cp_on_chip_4=34000|rf2_therm=32000|rf1_therm=33000|ISP=35000|TPU=36000|AUR=37000|rfpa_therm=31705|quiet_therm=32351|charging_therm=34154|,ok,39000,37000,0,37000,1,single,untouched,4096,256,4,256,10620,0,412353,0,4,4,ok
1,20,nvhe,4,1795000,578000,40000,37000,BIG=36000|MID=37000|usb_pwr_therm=30014|btmspkr_therm=29991|disp_therm=29991|north_therm=30793|soc_therm=34154|battery=30400|battery_cycle=5|dc-mains=34500|usbc-therm-adc=345|max77779fg=30400|LITTLE=36000|soc=8|smpl_gm=0|vdroop1=0|batoilo=0|batoilo2=0|batt_vs=30395|mdis_morepower=0|thb_hda=51|cp_on_chip_0=35000|cp_on_chip_1=36000|G3D=35000|cp_on_chip_2=36000|cp_on_chip_3=34000|cp_on_chip_4=34000|rf2_therm=32000|rf1_therm=33000|ISP=35000|TPU=36000|AUR=35000|rfpa_therm=31705|quiet_therm=32351|charging_therm=34154|,BIG=37000|MID=37000|usb_pwr_therm=30014|btmspkr_therm=29991|disp_therm=29991|north_therm=30793|soc_therm=34154|battery=30400|battery_cycle=5|dc-mains=34500|usbc-therm-adc=345|max77779fg=30400|LITTLE=37000|soc=8|smpl_gm=0|vdroop1=0|batoilo=0|batoilo2=0|batt_vs=30396|mdis_morepower=0|thb_hda=51|cp_on_chip_0=35000|cp_on_chip_1=36000|G3D=36000|cp_on_chip_2=36000|cp_on_chip_3=34000|cp_on_chip_4=34000|rf2_therm=32000|rf1_therm=33000|ISP=35000|TPU=36000|AUR=37000|rfpa_therm=31705|quiet_therm=32351|charging_therm=34154|,ok,39000,37000,0,37000,1,single,untouched,4096,256,5,256,15340,0,410644,0,4,4,ok
1,20,nvhe,4,1795000,578000,40000,37000,BIG=36000|MID=37000|usb_pwr_therm=30014|btmspkr_therm=29991|disp_therm=29991|north_therm=30793|soc_therm=34154|battery=30400|battery_cycle=5|dc-mains=34500|usbc-therm-adc=345|max77779fg=30400|LITTLE=36000|soc=8|smpl_gm=0|vdroop1=0|batoilo=0|batoilo2=0|batt_vs=30395|mdis_morepower=0|thb_hda=51|cp_on_chip_0=35000|cp_on_chip_1=36000|G3D=35000|cp_on_chip_2=36000|cp_on_chip_3=34000|cp_on_chip_4=34000|rf2_therm=32000|rf1_therm=33000|ISP=35000|TPU=36000|AUR=35000|rfpa_therm=31705|quiet_therm=32351|charging_therm=34154|,BIG=37000|MID=37000|usb_pwr_therm=30014|btmspkr_therm=29991|disp_therm=29991|north_therm=30793|soc_therm=34154|battery=30400|battery_cycle=5|dc-mains=34500|usbc-therm-adc=345|max77779fg=30400|LITTLE=37000|soc=8|smpl_gm=0|vdroop1=0|batoilo=0|batoilo2=0|batt_vs=30396|mdis_morepower=0|thb_hda=51|cp_on_chip_0=35000|cp_on_chip_1=36000|G3D=36000|cp_on_chip_2=36000|cp_on_chip_3=34000|cp_on_chip_4=34000|rf2_therm=32000|rf1_therm=33000|ISP=35000|TPU=36000|AUR=37000|rfpa_therm=31705|quiet_therm=32351|charging_therm=34154|,ok,39000,37000,0,37000,1,single,untouched,4096,256,6,256,14038,0,411173,0,4,4,ok
1,20,nvhe,4,1795000,578000,40000,37000,BIG=36000|MID=37000|usb_pwr_therm=30014|btmspkr_therm=29991|disp_therm=29991|north_therm=30793|soc_therm=34154|battery=30400|battery_cycle=5|dc-mains=34500|usbc-therm-adc=345|max77779fg=30400|LITTLE=36000|soc=8|smpl_gm=0|vdroop1=0|batoilo=0|batoilo2=0|batt_vs=30395|mdis_morepower=0|thb_hda=51|cp_on_chip_0=35000|cp_on_chip_1=36000|G3D=35000|cp_on_chip_2=36000|cp_on_chip_3=34000|cp_on_chip_4=34000|rf2_therm=32000|rf1_therm=33000|ISP=35000|TPU=36000|AUR=35000|rfpa_therm=31705|quiet_therm=32351|charging_therm=34154|,BIG=37000|MID=37000|usb_pwr_therm=30014|btmspkr_therm=29991|disp_therm=29991|north_therm=30793|soc_therm=34154|battery=30400|battery_cycle=5|dc-mains=34500|usbc-therm-adc=345|max77779fg=30400|LITTLE=37000|soc=8|smpl_gm=0|vdroop1=0|batoilo=0|batoilo2=0|batt_vs=30396|mdis_morepower=0|thb_hda=51|cp_on_chip_0=35000|cp_on_chip_1=36000|G3D=36000|cp_on_chip_2=36000|cp_on_chip_3=34000|cp_on_chip_4=34000|rf2_therm=32000|rf1_therm=33000|ISP=35000|TPU=36000|AUR=37000|rfpa_therm=31705|quiet_therm=32351|charging_therm=34154|,ok,39000,37000,0,37000,1,single,untouched,4096,256,7,256,13387,0,411702,0,4,4,ok
1,20,nvhe,4,1795000,578000,40000,37000,BIG=36000|MID=37000|usb_pwr_therm=30014|btmspkr_therm=29991|disp_therm=29991|north_therm=30793|soc_therm=34154|battery=30400|battery_cycle=5|dc-mains=34500|usbc-therm-adc=345|max77779fg=30400|LITTLE=36000|soc=8|smpl_gm=0|vdroop1=0|batoilo=0|batoilo2=0|batt_vs=30395|mdis_morepower=0|thb_hda=51|cp_on_chip_0=35000|cp_on_chip_1=36000|G3D=35000|cp_on_chip_2=36000|cp_on_chip_3=34000|cp_on_chip_4=34000|rf2_therm=32000|rf1_therm=33000|ISP=35000|TPU=36000|AUR=35000|rfpa_therm=31705|quiet_therm=32351|charging_therm=34154|,BIG=37000|MID=37000|usb_pwr_therm=30014|btmspkr_therm=29991|disp_therm=29991|north_therm=30793|soc_therm=34154|battery=30400|battery_cycle=5|dc-mains=34500|usbc-therm-adc=345|max77779fg=30400|LITTLE=37000|soc=8|smpl_gm=0|vdroop1=0|batoilo=0|batoilo2=0|batt_vs=30396|mdis_morepower=0|thb_hda=51|cp_on_chip_0=35000|cp_on_chip_1=36000|G3D=36000|cp_on_chip_2=36000|cp_on_chip_3=34000|cp_on_chip_4=34000|rf2_therm=32000|rf1_therm=33000|ISP=35000|TPU=36000|AUR=37000|rfpa_therm=31705|quiet_therm=32351|charging_therm=34154|,ok,39000,37000,0,37000,1,single,untouched,4096,256,8,256,10824,0,411581,0,4,4,ok
1,20,nvhe,4,1795000,578000,40000,37000,BIG=36000|MID=37000|usb_pwr_therm=30014|btmspkr_therm=29991|disp_therm=29991|north_therm=30793|soc_therm=34154|battery=30400|battery_cycle=5|dc-mains=34500|usbc-therm-adc=345|max77779fg=30400|LITTLE=36000|soc=8|smpl_gm=0|vdroop1=0|batoilo=0|batoilo2=0|batt_vs=30395|mdis_morepower=0|thb_hda=51|cp_on_chip_0=35000|cp_on_chip_1=36000|G3D=35000|cp_on_chip_2=36000|cp_on_chip_3=34000|cp_on_chip_4=34000|rf2_therm=32000|rf1_therm=33000|ISP=35000|TPU=36000|AUR=35000|rfpa_therm=31705|quiet_therm=32351|charging_therm=34154|,BIG=37000|MID=37000|usb_pwr_therm=30014|btmspkr_therm=29991|disp_therm=29991|north_therm=30793|soc_therm=34154|battery=30400|battery_cycle=5|dc-mains=34500|usbc-therm-adc=345|max77779fg=30400|LITTLE=37000|soc=8|smpl_gm=0|vdroop1=0|batoilo=0|batoilo2=0|batt_vs=30396|mdis_morepower=0|thb_hda=51|cp_on_chip_0=35000|cp_on_chip_1=36000|G3D=36000|cp_on_chip_2=36000|cp_on_chip_3=34000|cp_on_chip_4=34000|rf2_therm=32000|rf1_therm=33000|ISP=35000|TPU=36000|AUR=37000|rfpa_therm=31705|quiet_therm=32351|charging_therm=34154|,ok,39000,37000,0,37000,1,single,untouched,4096,256,9,256,10864,0,586710,0,4,4,ok
1,20,nvhe,4,1795000,578000,40000,37000,BIG=36000|MID=37000|usb_pwr_therm=30014|btmspkr_therm=29991|disp_therm=29991|north_therm=30793|soc_therm=34154|battery=30400|battery_cycle=5|dc-mains=34500|usbc-therm-adc=345|max77779fg=30400|LITTLE=36000|soc=8|smpl_gm=0|vdroop1=0|batoilo=0|batoilo2=0|batt_vs=30395|mdis_morepower=0|thb_hda=51|cp_on_chip_0=35000|cp_on_chip_1=36000|G3D=35000|cp_on_chip_2=36000|cp_on_chip_3=34000|cp_on_chip_4=34000|rf2_therm=32000|rf1_therm=33000|ISP=35000|TPU=36000|AUR=35000|rfpa_therm=31705|quiet_therm=32351|charging_therm=34154|,BIG=37000|MID=37000|usb_pwr_therm=30014|btmspkr_therm=29991|disp_therm=29991|north_therm=30793|soc_therm=34154|battery=30400|battery_cycle=5|dc-mains=34500|usbc-therm-adc=345|max77779fg=30400|LITTLE=37000|soc=8|smpl_gm=0|vdroop1=0|batoilo=0|batoilo2=0|batt_vs=30396|mdis_morepower=0|thb_hda=51|cp_on_chip_0=35000|cp_on_chip_1=36000|G3D=36000|cp_on_chip_2=36000|cp_on_chip_3=34000|cp_on_chip_4=34000|rf2_therm=32000|rf1_therm=33000|ISP=35000|TPU=36000|AUR=37000|rfpa_therm=31705|quiet_therm=32351|charging_therm=34154|,ok,39000,37000,0,37000,1,single,untouched,4096,256,10,256,15910,0,407430,0,4,4,ok
1,20,nvhe,4,1795000,578000,40000,37000,BIG=36000|MID=37000|usb_pwr_therm=30014|btmspkr_therm=29991|disp_therm=29991|north_therm=30793|soc_therm=34154|battery=30400|battery_cycle=5|dc-mains=34500|usbc-therm-adc=345|max77779fg=30400|LITTLE=36000|soc=8|smpl_gm=0|vdroop1=0|batoilo=0|batoilo2=0|batt_vs=30395|mdis_morepower=0|thb_hda=51|cp_on_chip_0=35000|cp_on_chip_1=36000|G3D=35000|cp_on_chip_2=36000|cp_on_chip_3=34000|cp_on_chip_4=34000|rf2_therm=32000|rf1_therm=33000|ISP=35000|TPU=36000|AUR=35000|rfpa_therm=31705|quiet_therm=32351|charging_therm=34154|,BIG=37000|MID=37000|usb_pwr_therm=30014|btmspkr_therm=29991|disp_therm=29991|north_therm=30793|soc_therm=34154|battery=30400|battery_cycle=5|dc-mains=34500|usbc-therm-adc=345|max77779fg=30400|LITTLE=37000|soc=8|smpl_gm=0|vdroop1=0|batoilo=0|batoilo2=0|batt_vs=30396|mdis_morepower=0|thb_hda=51|cp_on_chip_0=35000|cp_on_chip_1=36000|G3D=36000|cp_on_chip_2=36000|cp_on_chip_3=34000|cp_on_chip_4=34000|rf2_therm=32000|rf1_therm=33000|ISP=35000|TPU=36000|AUR=37000|rfpa_therm=31705|quiet_therm=32351|charging_therm=34154|,ok,39000,37000,0,37000,1,single,untouched,4096,256,11,256,10661,0,367960,0,4,4,ok
1,20,nvhe,4,1795000,578000,40000,37000,BIG=36000|MID=37000|usb_pwr_therm=30014|btmspkr_therm=29991|disp_therm=29991|north_therm=30793|soc_therm=34154|battery=30400|battery_cycle=5|dc-mains=34500|usbc-therm-adc=345|max77779fg=30400|LITTLE=36000|soc=8|smpl_gm=0|vdroop1=0|batoilo=0|batoilo2=0|batt_vs=30395|mdis_morepower=0|thb_hda=51|cp_on_chip_0=35000|cp_on_chip_1=36000|G3D=35000|cp_on_chip_2=36000|cp_on_chip_3=34000|cp_on_chip_4=34000|rf2_therm=32000|rf1_therm=33000|ISP=35000|TPU=36000|AUR=35000|rfpa_therm=31705|quiet_therm=32351|charging_therm=34154|,BIG=37000|MID=37000|usb_pwr_therm=30014|btmspkr_therm=29991|disp_therm=29991|north_therm=30793|soc_therm=34154|battery=30400|battery_cycle=5|dc-mains=34500|usbc-therm-adc=345|max77779fg=30400|LITTLE=37000|soc=8|smpl_gm=0|vdroop1=0|batoilo=0|batoilo2=0|batt_vs=30396|mdis_morepower=0|thb_hda=51|cp_on_chip_0=35000|cp_on_chip_1=36000|G3D=36000|cp_on_chip_2=36000|cp_on_chip_3=34000|cp_on_chip_4=34000|rf2_therm=32000|rf1_therm=33000|ISP=35000|TPU=36000|AUR=37000|rfpa_therm=31705|quiet_therm=32351|charging_therm=34154|,ok,39000,37000,0,37000,1,single,untouched,4096,256,12,256,11230,0,367717,0,4,4,ok
1,20,nvhe,4,1795000,578000,40000,37000,BIG=36000|MID=37000|usb_pwr_therm=30014|btmspkr_therm=29991|disp_therm=29991|north_therm=30793|soc_therm=34154|battery=30400|battery_cycle=5|dc-mains=34500|usbc-therm-adc=345|max77779fg=30400|LITTLE=36000|soc=8|smpl_gm=0|vdroop1=0|batoilo=0|batoilo2=0|batt_vs=30395|mdis_morepower=0|thb_hda=51|cp_on_chip_0=35000|cp_on_chip_1=36000|G3D=35000|cp_on_chip_2=36000|cp_on_chip_3=34000|cp_on_chip_4=34000|rf2_therm=32000|rf1_therm=33000|ISP=35000|TPU=36000|AUR=35000|rfpa_therm=31705|quiet_therm=32351|charging_therm=34154|,BIG=37000|MID=37000|usb_pwr_therm=30014|btmspkr_therm=29991|disp_therm=29991|north_therm=30793|soc_therm=34154|battery=30400|battery_cycle=5|dc-mains=34500|usbc-therm-adc=345|max77779fg=30400|LITTLE=37000|soc=8|smpl_gm=0|vdroop1=0|batoilo=0|batoilo2=0|batt_vs=30396|mdis_morepower=0|thb_hda=51|cp_on_chip_0=35000|cp_on_chip_1=36000|G3D=36000|cp_on_chip_2=36000|cp_on_chip_3=34000|cp_on_chip_4=34000|rf2_therm=32000|rf1_therm=33000|ISP=35000|TPU=36000|AUR=37000|rfpa_therm=31705|quiet_therm=32351|charging_therm=34154|,ok,39000,37000,0,37000,1,single,untouched,4096,256,13,256,11760,0,367960,0,4,4,ok
1,20,nvhe,4,1795000,578000,40000,37000,BIG=36000|MID=37000|usb_pwr_therm=30014|btmspkr_therm=29991|disp_therm=29991|north_therm=30793|soc_therm=34154|battery=30400|battery_cycle=5|dc-mains=34500|usbc-therm-adc=345|max77779fg=30400|LITTLE=36000|soc=8|smpl_gm=0|vdroop1=0|batoilo=0|batoilo2=0|batt_vs=30395|mdis_morepower=0|thb_hda=51|cp_on_chip_0=35000|cp_on_chip_1=36000|G3D=35000|cp_on_chip_2=36000|cp_on_chip_3=34000|cp_on_chip_4=34000|rf2_therm=32000|rf1_therm=33000|ISP=35000|TPU=36000|AUR=35000|rfpa_therm=31705|quiet_therm=32351|charging_therm=34154|,BIG=37000|MID=37000|usb_pwr_therm=30014|btmspkr_therm=29991|disp_therm=29991|north_therm=30793|soc_therm=34154|battery=30400|battery_cycle=5|dc-mains=34500|usbc-therm-adc=345|max77779fg=30400|LITTLE=37000|soc=8|smpl_gm=0|vdroop1=0|batoilo=0|batoilo2=0|batt_vs=30396|mdis_morepower=0|thb_hda=51|cp_on_chip_0=35000|cp_on_chip_1=36000|G3D=36000|cp_on_chip_2=36000|cp_on_chip_3=34000|cp_on_chip_4=34000|rf2_therm=32000|rf1_therm=33000|ISP=35000|TPU=36000|AUR=37000|rfpa_therm=31705|quiet_therm=32351|charging_therm=34154|,ok,39000,37000,0,37000,1,single,untouched,4096,256,14,256,19368,0,367716,0,4,4,ok
1,20,nvhe,4,1795000,578000,40000,37000,BIG=36000|MID=37000|usb_pwr_therm=30014|btmspkr_therm=29991|disp_therm=29991|north_therm=30793|soc_therm=34154|battery=30400|battery_cycle=5|dc-mains=34500|usbc-therm-adc=345|max77779fg=30400|LITTLE=36000|soc=8|smpl_gm=0|vdroop1=0|batoilo=0|batoilo2=0|batt_vs=30395|mdis_morepower=0|thb_hda=51|cp_on_chip_0=35000|cp_on_chip_1=36000|G3D=35000|cp_on_chip_2=36000|cp_on_chip_3=34000|cp_on_chip_4=34000|rf2_therm=32000|rf1_therm=33000|ISP=35000|TPU=36000|AUR=35000|rfpa_therm=31705|quiet_therm=32351|charging_therm=34154|,BIG=37000|MID=37000|usb_pwr_therm=30014|btmspkr_therm=29991|disp_therm=29991|north_therm=30793|soc_therm=34154|battery=30400|battery_cycle=5|dc-mains=34500|usbc-therm-adc=345|max77779fg=30400|LITTLE=37000|soc=8|smpl_gm=0|vdroop1=0|batoilo=0|batoilo2=0|batt_vs=30396|mdis_morepower=0|thb_hda=51|cp_on_chip_0=35000|cp_on_chip_1=36000|G3D=36000|cp_on_chip_2=36000|cp_on_chip_3=34000|cp_on_chip_4=34000|rf2_therm=32000|rf1_therm=33000|ISP=35000|TPU=36000|AUR=37000|rfpa_therm=31705|quiet_therm=32351|charging_therm=34154|,ok,39000,37000,0,37000,1,single,untouched,4096,256,15,256,10661,0,366373,0,4,4,ok
1,20,nvhe,4,1795000,578000,40000,37000,BIG=36000|MID=37000|usb_pwr_therm=30014|btmspkr_therm=29991|disp_therm=29991|north_therm=30793|soc_therm=34154|battery=30400|battery_cycle=5|dc-mains=34500|usbc-therm-adc=345|max77779fg=30400|LITTLE=36000|soc=8|smpl_gm=0|vdroop1=0|batoilo=0|batoilo2=0|batt_vs=30395|mdis_morepower=0|thb_hda=51|cp_on_chip_0=35000|cp_on_chip_1=36000|G3D=35000|cp_on_chip_2=36000|cp_on_chip_3=34000|cp_on_chip_4=34000|rf2_therm=32000|rf1_therm=33000|ISP=35000|TPU=36000|AUR=35000|rfpa_therm=31705|quiet_therm=32351|charging_therm=34154|,BIG=37000|MID=37000|usb_pwr_therm=30014|btmspkr_therm=29991|disp_therm=29991|north_therm=30793|soc_therm=34154|battery=30400|battery_cycle=5|dc-mains=34500|usbc-therm-adc=345|max77779fg=30400|LITTLE=37000|soc=8|smpl_gm=0|vdroop1=0|batoilo=0|batoilo2=0|batt_vs=30396|mdis_morepower=0|thb_hda=51|cp_on_chip_0=35000|cp_on_chip_1=36000|G3D=36000|cp_on_chip_2=36000|cp_on_chip_3=34000|cp_on_chip_4=34000|rf2_therm=32000|rf1_therm=33000|ISP=35000|TPU=36000|AUR=37000|rfpa_therm=31705|quiet_therm=32351|charging_therm=34154|,ok,39000,37000,0,37000,1,single,untouched,4096,256,16,256,11271,0,366943,0,4,4,ok
1,20,nvhe,4,1795000,578000,40000,37000,BIG=36000|MID=37000|usb_pwr_therm=30014|btmspkr_therm=29991|disp_therm=29991|north_therm=30793|soc_therm=34154|battery=30400|battery_cycle=5|dc-mains=34500|usbc-therm-adc=345|max77779fg=30400|LITTLE=36000|soc=8|smpl_gm=0|vdroop1=0|batoilo=0|batoilo2=0|batt_vs=30395|mdis_morepower=0|thb_hda=51|cp_on_chip_0=35000|cp_on_chip_1=36000|G3D=35000|cp_on_chip_2=36000|cp_on_chip_3=34000|cp_on_chip_4=34000|rf2_therm=32000|rf1_therm=33000|ISP=35000|TPU=36000|AUR=35000|rfpa_therm=31705|quiet_therm=32351|charging_therm=34154|,BIG=37000|MID=37000|usb_pwr_therm=30014|btmspkr_therm=29991|disp_therm=29991|north_therm=30793|soc_therm=34154|battery=30400|battery_cycle=5|dc-mains=34500|usbc-therm-adc=345|max77779fg=30400|LITTLE=37000|soc=8|smpl_gm=0|vdroop1=0|batoilo=0|batoilo2=0|batt_vs=30396|mdis_morepower=0|thb_hda=51|cp_on_chip_0=35000|cp_on_chip_1=36000|G3D=36000|cp_on_chip_2=36000|cp_on_chip_3=34000|cp_on_chip_4=34000|rf2_therm=32000|rf1_therm=33000|ISP=35000|TPU=36000|AUR=37000|rfpa_therm=31705|quiet_therm=32351|charging_therm=34154|,ok,39000,37000,0,37000,1,single,untouched,4096,256,17,256,11230,0,366944,0,4,4,ok
1,20,nvhe,4,1795000,578000,40000,37000,BIG=36000|MID=37000|usb_pwr_therm=30014|btmspkr_therm=29991|disp_therm=29991|north_therm=30793|soc_therm=34154|battery=30400|battery_cycle=5|dc-mains=34500|usbc-therm-adc=345|max77779fg=30400|LITTLE=36000|soc=8|smpl_gm=0|vdroop1=0|batoilo=0|batoilo2=0|batt_vs=30395|mdis_morepower=0|thb_hda=51|cp_on_chip_0=35000|cp_on_chip_1=36000|G3D=35000|cp_on_chip_2=36000|cp_on_chip_3=34000|cp_on_chip_4=34000|rf2_therm=32000|rf1_therm=33000|ISP=35000|TPU=36000|AUR=35000|rfpa_therm=31705|quiet_therm=32351|charging_therm=34154|,BIG=37000|MID=37000|usb_pwr_therm=30014|btmspkr_therm=29991|disp_therm=29991|north_therm=30793|soc_therm=34154|battery=30400|battery_cycle=5|dc-mains=34500|usbc-therm-adc=345|max77779fg=30400|LITTLE=37000|soc=8|smpl_gm=0|vdroop1=0|batoilo=0|batoilo2=0|batt_vs=30396|mdis_morepower=0|thb_hda=51|cp_on_chip_0=35000|cp_on_chip_1=36000|G3D=36000|cp_on_chip_2=36000|cp_on_chip_3=34000|cp_on_chip_4=34000|rf2_therm=32000|rf1_therm=33000|ISP=35000|TPU=36000|AUR=37000|rfpa_therm=31705|quiet_therm=32351|charging_therm=34154|,ok,39000,37000,0,37000,1,single,untouched,4096,256,18,256,9928,0,412476,0,4,4,ok
1,20,nvhe,4,1795000,578000,40000,37000,BIG=36000|MID=37000|usb_pwr_therm=30014|btmspkr_therm=29991|disp_therm=29991|north_therm=30793|soc_therm=34154|battery=30400|battery_cycle=5|dc-mains=34500|usbc-therm-adc=345|max77779fg=30400|LITTLE=36000|soc=8|smpl_gm=0|vdroop1=0|batoilo=0|batoilo2=0|batt_vs=30395|mdis_morepower=0|thb_hda=51|cp_on_chip_0=35000|cp_on_chip_1=36000|G3D=35000|cp_on_chip_2=36000|cp_on_chip_3=34000|cp_on_chip_4=34000|rf2_therm=32000|rf1_therm=33000|ISP=35000|TPU=36000|AUR=35000|rfpa_therm=31705|quiet_therm=32351|charging_therm=34154|,BIG=37000|MID=37000|usb_pwr_therm=30014|btmspkr_therm=29991|disp_therm=29991|north_therm=30793|soc_therm=34154|battery=30400|battery_cycle=5|dc-mains=34500|usbc-therm-adc=345|max77779fg=30400|LITTLE=37000|soc=8|smpl_gm=0|vdroop1=0|batoilo=0|batoilo2=0|batt_vs=30396|mdis_morepower=0|thb_hda=51|cp_on_chip_0=35000|cp_on_chip_1=36000|G3D=36000|cp_on_chip_2=36000|cp_on_chip_3=34000|cp_on_chip_4=34000|rf2_therm=32000|rf1_therm=33000|ISP=35000|TPU=36000|AUR=37000|rfpa_therm=31705|quiet_therm=32351|charging_therm=34154|,ok,39000,37000,0,37000,1,single,untouched,4096,256,19,256,25879,0,367066,0,4,4,ok
1,20,nvhe,4,1795000,578000,40000,37000,BIG=36000|MID=37000|usb_pwr_therm=30014|btmspkr_therm=29991|disp_therm=29991|north_therm=30793|soc_therm=34154|battery=30400|battery_cycle=5|dc-mains=34500|usbc-therm-adc=345|max77779fg=30400|LITTLE=36000|soc=8|smpl_gm=0|vdroop1=0|batoilo=0|batoilo2=0|batt_vs=30395|mdis_morepower=0|thb_hda=51|cp_on_chip_0=35000|cp_on_chip_1=36000|G3D=35000|cp_on_chip_2=36000|cp_on_chip_3=34000|cp_on_chip_4=34000|rf2_therm=32000|rf1_therm=33000|ISP=35000|TPU=36000|AUR=35000|rfpa_therm=31705|quiet_therm=32351|charging_therm=34154|,BIG=37000|MID=37000|usb_pwr_therm=30014|btmspkr_therm=29991|disp_therm=29991|north_therm=30793|soc_therm=34154|battery=30400|battery_cycle=5|dc-mains=34500|usbc-therm-adc=345|max77779fg=30400|LITTLE=37000|soc=8|smpl_gm=0|vdroop1=0|batoilo=0|batoilo2=0|batt_vs=30396|mdis_morepower=0|thb_hda=51|cp_on_chip_0=35000|cp_on_chip_1=36000|G3D=36000|cp_on_chip_2=36000|cp_on_chip_3=34000|cp_on_chip_4=34000|rf2_therm=32000|rf1_therm=33000|ISP=35000|TPU=36000|AUR=37000|rfpa_therm=31705|quiet_therm=32351|charging_therm=34154|,ok,39000,37000,0,37000,1,single,untouched,4096,256,20,256,29175,0,368449,0,4,4,ok
1,20,nvhe,4,1795000,578000,40000,37000,BIG=36000|MID=37000|usb_pwr_therm=30014|btmspkr_therm=29991|disp_therm=29991|north_therm=30793|soc_therm=34154|battery=30400|battery_cycle=5|dc-mains=34500|usbc-therm-adc=345|max77779fg=30400|LITTLE=36000|soc=8|smpl_gm=0|vdroop1=0|batoilo=0|batoilo2=0|batt_vs=30395|mdis_morepower=0|thb_hda=51|cp_on_chip_0=35000|cp_on_chip_1=36000|G3D=35000|cp_on_chip_2=36000|cp_on_chip_3=34000|cp_on_chip_4=34000|rf2_therm=32000|rf1_therm=33000|ISP=35000|TPU=36000|AUR=35000|rfpa_therm=31705|quiet_therm=32351|charging_therm=34154|,BIG=37000|MID=37000|usb_pwr_therm=30014|btmspkr_therm=29991|disp_therm=29991|north_therm=30793|soc_therm=34154|battery=30400|battery_cycle=5|dc-mains=34500|usbc-therm-adc=345|max77779fg=30400|LITTLE=37000|soc=8|smpl_gm=0|vdroop1=0|batoilo=0|batoilo2=0|batt_vs=30396|mdis_morepower=0|thb_hda=51|cp_on_chip_0=35000|cp_on_chip_1=36000|G3D=36000|cp_on_chip_2=36000|cp_on_chip_3=34000|cp_on_chip_4=34000|rf2_therm=32000|rf1_therm=33000|ISP=35000|TPU=36000|AUR=37000|rfpa_therm=31705|quiet_therm=32351|charging_therm=34154|,ok,39000,37000,0,37000,1,single,untouched,4096,256,21,256,12370,0,367554,0,4,4,ok
1,20,nvhe,4,1795000,578000,40000,37000,BIG=36000|MID=37000|usb_pwr_therm=30014|btmspkr_therm=29991|disp_therm=29991|north_therm=30793|soc_therm=34154|battery=30400|battery_cycle=5|dc-mains=34500|usbc-therm-adc=345|max77779fg=30400|LITTLE=36000|soc=8|smpl_gm=0|vdroop1=0|batoilo=0|batoilo2=0|batt_vs=30395|mdis_morepower=0|thb_hda=51|cp_on_chip_0=35000|cp_on_chip_1=36000|G3D=35000|cp_on_chip_2=36000|cp_on_chip_3=34000|cp_on_chip_4=34000|rf2_therm=32000|rf1_therm=33000|ISP=35000|TPU=36000|AUR=35000|rfpa_therm=31705|quiet_therm=32351|charging_therm=34154|,BIG=37000|MID=37000|usb_pwr_therm=30014|btmspkr_therm=29991|disp_therm=29991|north_therm=30793|soc_therm=34154|battery=30400|battery_cycle=5|dc-mains=34500|usbc-therm-adc=345|max77779fg=30400|LITTLE=37000|soc=8|smpl_gm=0|vdroop1=0|batoilo=0|batoilo2=0|batt_vs=30396|mdis_morepower=0|thb_hda=51|cp_on_chip_0=35000|cp_on_chip_1=36000|G3D=36000|cp_on_chip_2=36000|cp_on_chip_3=34000|cp_on_chip_4=34000|rf2_therm=32000|rf1_therm=33000|ISP=35000|TPU=36000|AUR=37000|rfpa_therm=31705|quiet_therm=32351|charging_therm=34154|,ok,39000,37000,0,37000,1,single,untouched,4096,256,22,256,10214,0,366740,0,4,4,ok
1,20,nvhe,4,1795000,578000,40000,37000,BIG=36000|MID=37000|usb_pwr_therm=30014|btmspkr_therm=29991|disp_therm=29991|north_therm=30793|soc_therm=34154|battery=30400|battery_cycle=5|dc-mains=34500|usbc-therm-adc=345|max77779fg=30400|LITTLE=36000|soc=8|smpl_gm=0|vdroop1=0|batoilo=0|batoilo2=0|batt_vs=30395|mdis_morepower=0|thb_hda=51|cp_on_chip_0=35000|cp_on_chip_1=36000|G3D=35000|cp_on_chip_2=36000|cp_on_chip_3=34000|cp_on_chip_4=34000|rf2_therm=32000|rf1_therm=33000|ISP=35000|TPU=36000|AUR=35000|rfpa_therm=31705|quiet_therm=32351|charging_therm=34154|,BIG=37000|MID=37000|usb_pwr_therm=30014|btmspkr_therm=29991|disp_therm=29991|north_therm=30793|soc_therm=34154|battery=30400|battery_cycle=5|dc-mains=34500|usbc-therm-adc=345|max77779fg=30400|LITTLE=37000|soc=8|smpl_gm=0|vdroop1=0|batoilo=0|batoilo2=0|batt_vs=30396|mdis_morepower=0|thb_hda=51|cp_on_chip_0=35000|cp_on_chip_1=36000|G3D=36000|cp_on_chip_2=36000|cp_on_chip_3=34000|cp_on_chip_4=34000|rf2_therm=32000|rf1_therm=33000|ISP=35000|TPU=36000|AUR=37000|rfpa_therm=31705|quiet_therm=32351|charging_therm=34154|,ok,39000,37000,0,37000,1,single,untouched,4096,256,23,256,8260,0,368693,0,4,4,ok
1,20,nvhe,4,1795000,578000,40000,37000,BIG=36000|MID=37000|usb_pwr_therm=30014|btmspkr_therm=29991|disp_therm=29991|north_therm=30793|soc_therm=34154|battery=30400|battery_cycle=5|dc-mains=34500|usbc-therm-adc=345|max77779fg=30400|LITTLE=36000|soc=8|smpl_gm=0|vdroop1=0|batoilo=0|batoilo2=0|batt_vs=30395|mdis_morepower=0|thb_hda=51|cp_on_chip_0=35000|cp_on_chip_1=36000|G3D=35000|cp_on_chip_2=36000|cp_on_chip_3=34000|cp_on_chip_4=34000|rf2_therm=32000|rf1_therm=33000|ISP=35000|TPU=36000|AUR=35000|rfpa_therm=31705|quiet_therm=32351|charging_therm=34154|,BIG=37000|MID=37000|usb_pwr_therm=30014|btmspkr_therm=29991|disp_therm=29991|north_therm=30793|soc_therm=34154|battery=30400|battery_cycle=5|dc-mains=34500|usbc-therm-adc=345|max77779fg=30400|LITTLE=37000|soc=8|smpl_gm=0|vdroop1=0|batoilo=0|batoilo2=0|batt_vs=30396|mdis_morepower=0|thb_hda=51|cp_on_chip_0=35000|cp_on_chip_1=36000|G3D=36000|cp_on_chip_2=36000|cp_on_chip_3=34000|cp_on_chip_4=34000|rf2_therm=32000|rf1_therm=33000|ISP=35000|TPU=36000|AUR=37000|rfpa_therm=31705|quiet_therm=32351|charging_therm=34154|,ok,39000,37000,0,37000,1,single,untouched,4096,256,24,256,9725,0,367473,0,4,4,ok
1,20,nvhe,4,1795000,578000,40000,37000,BIG=36000|MID=37000|usb_pwr_therm=30014|btmspkr_therm=29991|disp_therm=29991|north_therm=30793|soc_therm=34154|battery=30400|battery_cycle=5|dc-mains=34500|usbc-therm-adc=345|max77779fg=30400|LITTLE=36000|soc=8|smpl_gm=0|vdroop1=0|batoilo=0|batoilo2=0|batt_vs=30395|mdis_morepower=0|thb_hda=51|cp_on_chip_0=35000|cp_on_chip_1=36000|G3D=35000|cp_on_chip_2=36000|cp_on_chip_3=34000|cp_on_chip_4=34000|rf2_therm=32000|rf1_therm=33000|ISP=35000|TPU=36000|AUR=35000|rfpa_therm=31705|quiet_therm=32351|charging_therm=34154|,BIG=37000|MID=37000|usb_pwr_therm=30014|btmspkr_therm=29991|disp_therm=29991|north_therm=30793|soc_therm=34154|battery=30400|battery_cycle=5|dc-mains=34500|usbc-therm-adc=345|max77779fg=30400|LITTLE=37000|soc=8|smpl_gm=0|vdroop1=0|batoilo=0|batoilo2=0|batt_vs=30396|mdis_morepower=0|thb_hda=51|cp_on_chip_0=35000|cp_on_chip_1=36000|G3D=36000|cp_on_chip_2=36000|cp_on_chip_3=34000|cp_on_chip_4=34000|rf2_therm=32000|rf1_therm=33000|ISP=35000|TPU=36000|AUR=37000|rfpa_therm=31705|quiet_therm=32351|charging_therm=34154|,ok,39000,37000,0,37000,1,single,untouched,4096,256,25,256,12858,0,366740,0,4,4,ok
1,20,nvhe,4,1795000,578000,40000,37000,BIG=36000|MID=37000|usb_pwr_therm=30014|btmspkr_therm=29991|disp_therm=29991|north_therm=30793|soc_therm=34154|battery=30400|battery_cycle=5|dc-mains=34500|usbc-therm-adc=345|max77779fg=30400|LITTLE=36000|soc=8|smpl_gm=0|vdroop1=0|batoilo=0|batoilo2=0|batt_vs=30395|mdis_morepower=0|thb_hda=51|cp_on_chip_0=35000|cp_on_chip_1=36000|G3D=35000|cp_on_chip_2=36000|cp_on_chip_3=34000|cp_on_chip_4=34000|rf2_therm=32000|rf1_therm=33000|ISP=35000|TPU=36000|AUR=35000|rfpa_therm=31705|quiet_therm=32351|charging_therm=34154|,BIG=37000|MID=37000|usb_pwr_therm=30014|btmspkr_therm=29991|disp_therm=29991|north_therm=30793|soc_therm=34154|battery=30400|battery_cycle=5|dc-mains=34500|usbc-therm-adc=345|max77779fg=30400|LITTLE=37000|soc=8|smpl_gm=0|vdroop1=0|batoilo=0|batoilo2=0|batt_vs=30396|mdis_morepower=0|thb_hda=51|cp_on_chip_0=35000|cp_on_chip_1=36000|G3D=36000|cp_on_chip_2=36000|cp_on_chip_3=34000|cp_on_chip_4=34000|rf2_therm=32000|rf1_therm=33000|ISP=35000|TPU=36000|AUR=37000|rfpa_therm=31705|quiet_therm=32351|charging_therm=34154|,ok,39000,37000,0,37000,1,single,untouched,4096,256,26,256,9237,0,368204,0,4,4,ok
1,20,nvhe,4,1795000,578000,40000,37000,BIG=36000|MID=37000|usb_pwr_therm=30014|btmspkr_therm=29991|disp_therm=29991|north_therm=30793|soc_therm=34154|battery=30400|battery_cycle=5|dc-mains=34500|usbc-therm-adc=345|max77779fg=30400|LITTLE=36000|soc=8|smpl_gm=0|vdroop1=0|batoilo=0|batoilo2=0|batt_vs=30395|mdis_morepower=0|thb_hda=51|cp_on_chip_0=35000|cp_on_chip_1=36000|G3D=35000|cp_on_chip_2=36000|cp_on_chip_3=34000|cp_on_chip_4=34000|rf2_therm=32000|rf1_therm=33000|ISP=35000|TPU=36000|AUR=35000|rfpa_therm=31705|quiet_therm=32351|charging_therm=34154|,BIG=37000|MID=37000|usb_pwr_therm=30014|btmspkr_therm=29991|disp_therm=29991|north_therm=30793|soc_therm=34154|battery=30400|battery_cycle=5|dc-mains=34500|usbc-therm-adc=345|max77779fg=30400|LITTLE=37000|soc=8|smpl_gm=0|vdroop1=0|batoilo=0|batoilo2=0|batt_vs=30396|mdis_morepower=0|thb_hda=51|cp_on_chip_0=35000|cp_on_chip_1=36000|G3D=36000|cp_on_chip_2=36000|cp_on_chip_3=34000|cp_on_chip_4=34000|rf2_therm=32000|rf1_therm=33000|ISP=35000|TPU=36000|AUR=37000|rfpa_therm=31705|quiet_therm=32351|charging_therm=34154|,ok,39000,37000,0,37000,1,single,untouched,4096,256,27,256,9644,0,461711,0,4,4,ok
1,20,nvhe,4,1795000,578000,40000,37000,BIG=36000|MID=37000|usb_pwr_therm=30014|btmspkr_therm=29991|disp_therm=29991|north_therm=30793|soc_therm=34154|battery=30400|battery_cycle=5|dc-mains=34500|usbc-therm-adc=345|max77779fg=30400|LITTLE=36000|soc=8|smpl_gm=0|vdroop1=0|batoilo=0|batoilo2=0|batt_vs=30395|mdis_morepower=0|thb_hda=51|cp_on_chip_0=35000|cp_on_chip_1=36000|G3D=35000|cp_on_chip_2=36000|cp_on_chip_3=34000|cp_on_chip_4=34000|rf2_therm=32000|rf1_therm=33000|ISP=35000|TPU=36000|AUR=35000|rfpa_therm=31705|quiet_therm=32351|charging_therm=34154|,BIG=37000|MID=37000|usb_pwr_therm=30014|btmspkr_therm=29991|disp_therm=29991|north_therm=30793|soc_therm=34154|battery=30400|battery_cycle=5|dc-mains=34500|usbc-therm-adc=345|max77779fg=30400|LITTLE=37000|soc=8|smpl_gm=0|vdroop1=0|batoilo=0|batoilo2=0|batt_vs=30396|mdis_morepower=0|thb_hda=51|cp_on_chip_0=35000|cp_on_chip_1=36000|G3D=36000|cp_on_chip_2=36000|cp_on_chip_3=34000|cp_on_chip_4=34000|rf2_therm=32000|rf1_therm=33000|ISP=35000|TPU=36000|AUR=37000|rfpa_therm=31705|quiet_therm=32351|charging_therm=34154|,ok,39000,37000,0,37000,1,single,untouched,4096,256,28,256,9522,0,392049,0,4,4,ok
1,20,nvhe,4,1795000,578000,40000,37000,BIG=36000|MID=37000|usb_pwr_therm=30014|btmspkr_therm=29991|disp_therm=29991|north_therm=30793|soc_therm=34154|battery=30400|battery_cycle=5|dc-mains=34500|usbc-therm-adc=345|max77779fg=30400|LITTLE=36000|soc=8|smpl_gm=0|vdroop1=0|batoilo=0|batoilo2=0|batt_vs=30395|mdis_morepower=0|thb_hda=51|cp_on_chip_0=35000|cp_on_chip_1=36000|G3D=35000|cp_on_chip_2=36000|cp_on_chip_3=34000|cp_on_chip_4=34000|rf2_therm=32000|rf1_therm=33000|ISP=35000|TPU=36000|AUR=35000|rfpa_therm=31705|quiet_therm=32351|charging_therm=34154|,BIG=37000|MID=37000|usb_pwr_therm=30014|btmspkr_therm=29991|disp_therm=29991|north_therm=30793|soc_therm=34154|battery=30400|battery_cycle=5|dc-mains=34500|usbc-therm-adc=345|max77779fg=30400|LITTLE=37000|soc=8|smpl_gm=0|vdroop1=0|batoilo=0|batoilo2=0|batt_vs=30396|mdis_morepower=0|thb_hda=51|cp_on_chip_0=35000|cp_on_chip_1=36000|G3D=36000|cp_on_chip_2=36000|cp_on_chip_3=34000|cp_on_chip_4=34000|rf2_therm=32000|rf1_therm=33000|ISP=35000|TPU=36000|AUR=37000|rfpa_therm=31705|quiet_therm=32351|charging_therm=34154|,ok,39000,37000,0,37000,1,single,untouched,4096,256,29,256,10295,0,302449,0,4,4,ok
1,21,nvhe,4,1795000,1549000,37000,38000,BIG=37000|MID=37000|usb_pwr_therm=30014|btmspkr_therm=29991|disp_therm=29991|north_therm=30793|soc_therm=34176|battery=30500|battery_cycle=5|dc-mains=34500|usbc-therm-adc=345|max77779fg=30500|LITTLE=37000|soc=8|smpl_gm=0|vdroop1=0|batoilo=0|batoilo2=0|batt_vs=30496|mdis_morepower=0|thb_hda=51|cp_on_chip_0=35000|cp_on_chip_1=36000|G3D=36000|cp_on_chip_2=36000|cp_on_chip_3=34000|cp_on_chip_4=34000|rf2_therm=32000|rf1_therm=33000|ISP=35000|TPU=36000|AUR=35000|rfpa_therm=31728|quiet_therm=32373|charging_therm=34176|,BIG=36000|MID=37000|usb_pwr_therm=30014|btmspkr_therm=29991|disp_therm=29991|north_therm=30793|soc_therm=34176|battery=30500|battery_cycle=5|dc-mains=34500|usbc-therm-adc=345|max77779fg=30500|LITTLE=37000|soc=8|smpl_gm=0|vdroop1=0|batoilo=0|batoilo2=0|batt_vs=30496|mdis_morepower=0|thb_hda=51|cp_on_chip_0=35000|cp_on_chip_1=36000|G3D=36000|cp_on_chip_2=36000|cp_on_chip_3=34000|cp_on_chip_4=34000|rf2_therm=32000|rf1_therm=33000|ISP=35000|TPU=35000|AUR=35000|rfpa_therm=31705|quiet_therm=32395|charging_therm=34198|,ok,39000,37000,0,37000,1,single,untouched,4096,8192,0,8192,18717,0,11492513,0,4,4,ok
1,21,nvhe,4,1795000,1549000,37000,38000,BIG=37000|MID=37000|usb_pwr_therm=30014|btmspkr_therm=29991|disp_therm=29991|north_therm=30793|soc_therm=34176|battery=30500|battery_cycle=5|dc-mains=34500|usbc-therm-adc=345|max77779fg=30500|LITTLE=37000|soc=8|smpl_gm=0|vdroop1=0|batoilo=0|batoilo2=0|batt_vs=30496|mdis_morepower=0|thb_hda=51|cp_on_chip_0=35000|cp_on_chip_1=36000|G3D=36000|cp_on_chip_2=36000|cp_on_chip_3=34000|cp_on_chip_4=34000|rf2_therm=32000|rf1_therm=33000|ISP=35000|TPU=36000|AUR=35000|rfpa_therm=31728|quiet_therm=32373|charging_therm=34176|,BIG=36000|MID=37000|usb_pwr_therm=30014|btmspkr_therm=29991|disp_therm=29991|north_therm=30793|soc_therm=34176|battery=30500|battery_cycle=5|dc-mains=34500|usbc-therm-adc=345|max77779fg=30500|LITTLE=37000|soc=8|smpl_gm=0|vdroop1=0|batoilo=0|batoilo2=0|batt_vs=30496|mdis_morepower=0|thb_hda=51|cp_on_chip_0=35000|cp_on_chip_1=36000|G3D=36000|cp_on_chip_2=36000|cp_on_chip_3=34000|cp_on_chip_4=34000|rf2_therm=32000|rf1_therm=33000|ISP=35000|TPU=35000|AUR=35000|rfpa_therm=31705|quiet_therm=32395|charging_therm=34198|,ok,39000,37000,0,37000,1,single,untouched,4096,8192,1,8192,15015,0,9073568,0,4,4,ok
1,21,nvhe,4,1795000,1549000,37000,38000,BIG=37000|MID=37000|usb_pwr_therm=30014|btmspkr_therm=29991|disp_therm=29991|north_therm=30793|soc_therm=34176|battery=30500|battery_cycle=5|dc-mains=34500|usbc-therm-adc=345|max77779fg=30500|LITTLE=37000|soc=8|smpl_gm=0|vdroop1=0|batoilo=0|batoilo2=0|batt_vs=30496|mdis_morepower=0|thb_hda=51|cp_on_chip_0=35000|cp_on_chip_1=36000|G3D=36000|cp_on_chip_2=36000|cp_on_chip_3=34000|cp_on_chip_4=34000|rf2_therm=32000|rf1_therm=33000|ISP=35000|TPU=36000|AUR=35000|rfpa_therm=31728|quiet_therm=32373|charging_therm=34176|,BIG=36000|MID=37000|usb_pwr_therm=30014|btmspkr_therm=29991|disp_therm=29991|north_therm=30793|soc_therm=34176|battery=30500|battery_cycle=5|dc-mains=34500|usbc-therm-adc=345|max77779fg=30500|LITTLE=37000|soc=8|smpl_gm=0|vdroop1=0|batoilo=0|batoilo2=0|batt_vs=30496|mdis_morepower=0|thb_hda=51|cp_on_chip_0=35000|cp_on_chip_1=36000|G3D=36000|cp_on_chip_2=36000|cp_on_chip_3=34000|cp_on_chip_4=34000|rf2_therm=32000|rf1_therm=33000|ISP=35000|TPU=35000|AUR=35000|rfpa_therm=31705|quiet_therm=32395|charging_therm=34198|,ok,39000,37000,0,37000,1,single,untouched,4096,8192,2,8192,8707,0,7614909,0,4,4,ok
1,21,nvhe,4,1795000,1549000,37000,38000,BIG=37000|MID=37000|usb_pwr_therm=30014|btmspkr_therm=29991|disp_therm=29991|north_therm=30793|soc_therm=34176|battery=30500|battery_cycle=5|dc-mains=34500|usbc-therm-adc=345|max77779fg=30500|LITTLE=37000|soc=8|smpl_gm=0|vdroop1=0|batoilo=0|batoilo2=0|batt_vs=30496|mdis_morepower=0|thb_hda=51|cp_on_chip_0=35000|cp_on_chip_1=36000|G3D=36000|cp_on_chip_2=36000|cp_on_chip_3=34000|cp_on_chip_4=34000|rf2_therm=32000|rf1_therm=33000|ISP=35000|TPU=36000|AUR=35000|rfpa_therm=31728|quiet_therm=32373|charging_therm=34176|,BIG=36000|MID=37000|usb_pwr_therm=30014|btmspkr_therm=29991|disp_therm=29991|north_therm=30793|soc_therm=34176|battery=30500|battery_cycle=5|dc-mains=34500|usbc-therm-adc=345|max77779fg=30500|LITTLE=37000|soc=8|smpl_gm=0|vdroop1=0|batoilo=0|batoilo2=0|batt_vs=30496|mdis_morepower=0|thb_hda=51|cp_on_chip_0=35000|cp_on_chip_1=36000|G3D=36000|cp_on_chip_2=36000|cp_on_chip_3=34000|cp_on_chip_4=34000|rf2_therm=32000|rf1_therm=33000|ISP=35000|TPU=35000|AUR=35000|rfpa_therm=31705|quiet_therm=32395|charging_therm=34198|,ok,39000,37000,0,37000,1,single,untouched,4096,8192,3,8192,8992,0,6952149,0,4,4,ok
1,21,nvhe,4,1795000,1549000,37000,38000,BIG=37000|MID=37000|usb_pwr_therm=30014|btmspkr_therm=29991|disp_therm=29991|north_therm=30793|soc_therm=34176|battery=30500|battery_cycle=5|dc-mains=34500|usbc-therm-adc=345|max77779fg=30500|LITTLE=37000|soc=8|smpl_gm=0|vdroop1=0|batoilo=0|batoilo2=0|batt_vs=30496|mdis_morepower=0|thb_hda=51|cp_on_chip_0=35000|cp_on_chip_1=36000|G3D=36000|cp_on_chip_2=36000|cp_on_chip_3=34000|cp_on_chip_4=34000|rf2_therm=32000|rf1_therm=33000|ISP=35000|TPU=36000|AUR=35000|rfpa_therm=31728|quiet_therm=32373|charging_therm=34176|,BIG=36000|MID=37000|usb_pwr_therm=30014|btmspkr_therm=29991|disp_therm=29991|north_therm=30793|soc_therm=34176|battery=30500|battery_cycle=5|dc-mains=34500|usbc-therm-adc=345|max77779fg=30500|LITTLE=37000|soc=8|smpl_gm=0|vdroop1=0|batoilo=0|batoilo2=0|batt_vs=30496|mdis_morepower=0|thb_hda=51|cp_on_chip_0=35000|cp_on_chip_1=36000|G3D=36000|cp_on_chip_2=36000|cp_on_chip_3=34000|cp_on_chip_4=34000|rf2_therm=32000|rf1_therm=33000|ISP=35000|TPU=35000|AUR=35000|rfpa_therm=31705|quiet_therm=32395|charging_therm=34198|,ok,39000,37000,0,37000,1,single,untouched,4096,8192,4,8192,7243,0,6753458,0,4,4,ok
1,21,nvhe,4,1795000,1549000,37000,38000,BIG=37000|MID=37000|usb_pwr_therm=30014|btmspkr_therm=29991|disp_therm=29991|north_therm=30793|soc_therm=34176|battery=30500|battery_cycle=5|dc-mains=34500|usbc-therm-adc=345|max77779fg=30500|LITTLE=37000|soc=8|smpl_gm=0|vdroop1=0|batoilo=0|batoilo2=0|batt_vs=30496|mdis_morepower=0|thb_hda=51|cp_on_chip_0=35000|cp_on_chip_1=36000|G3D=36000|cp_on_chip_2=36000|cp_on_chip_3=34000|cp_on_chip_4=34000|rf2_therm=32000|rf1_therm=33000|ISP=35000|TPU=36000|AUR=35000|rfpa_therm=31728|quiet_therm=32373|charging_therm=34176|,BIG=36000|MID=37000|usb_pwr_therm=30014|btmspkr_therm=29991|disp_therm=29991|north_therm=30793|soc_therm=34176|battery=30500|battery_cycle=5|dc-mains=34500|usbc-therm-adc=345|max77779fg=30500|LITTLE=37000|soc=8|smpl_gm=0|vdroop1=0|batoilo=0|batoilo2=0|batt_vs=30496|mdis_morepower=0|thb_hda=51|cp_on_chip_0=35000|cp_on_chip_1=36000|G3D=36000|cp_on_chip_2=36000|cp_on_chip_3=34000|cp_on_chip_4=34000|rf2_therm=32000|rf1_therm=33000|ISP=35000|TPU=35000|AUR=35000|rfpa_therm=31705|quiet_therm=32395|charging_therm=34198|,ok,39000,37000,0,37000,1,single,untouched,4096,8192,5,8192,28483,0,6056600,0,4,4,ok
1,21,nvhe,4,1795000,1549000,37000,38000,BIG=37000|MID=37000|usb_pwr_therm=30014|btmspkr_therm=29991|disp_therm=29991|north_therm=30793|soc_therm=34176|battery=30500|battery_cycle=5|dc-mains=34500|usbc-therm-adc=345|max77779fg=30500|LITTLE=37000|soc=8|smpl_gm=0|vdroop1=0|batoilo=0|batoilo2=0|batt_vs=30496|mdis_morepower=0|thb_hda=51|cp_on_chip_0=35000|cp_on_chip_1=36000|G3D=36000|cp_on_chip_2=36000|cp_on_chip_3=34000|cp_on_chip_4=34000|rf2_therm=32000|rf1_therm=33000|ISP=35000|TPU=36000|AUR=35000|rfpa_therm=31728|quiet_therm=32373|charging_therm=34176|,BIG=36000|MID=37000|usb_pwr_therm=30014|btmspkr_therm=29991|disp_therm=29991|north_therm=30793|soc_therm=34176|battery=30500|battery_cycle=5|dc-mains=34500|usbc-therm-adc=345|max77779fg=30500|LITTLE=37000|soc=8|smpl_gm=0|vdroop1=0|batoilo=0|batoilo2=0|batt_vs=30496|mdis_morepower=0|thb_hda=51|cp_on_chip_0=35000|cp_on_chip_1=36000|G3D=36000|cp_on_chip_2=36000|cp_on_chip_3=34000|cp_on_chip_4=34000|rf2_therm=32000|rf1_therm=33000|ISP=35000|TPU=35000|AUR=35000|rfpa_therm=31705|quiet_therm=32395|charging_therm=34198|,ok,39000,37000,0,37000,1,single,untouched,4096,8192,6,8192,14079,0,5562988,0,4,4,ok
1,21,nvhe,4,1795000,1549000,37000,38000,BIG=37000|MID=37000|usb_pwr_therm=30014|btmspkr_therm=29991|disp_therm=29991|north_therm=30793|soc_therm=34176|battery=30500|battery_cycle=5|dc-mains=34500|usbc-therm-adc=345|max77779fg=30500|LITTLE=37000|soc=8|smpl_gm=0|vdroop1=0|batoilo=0|batoilo2=0|batt_vs=30496|mdis_morepower=0|thb_hda=51|cp_on_chip_0=35000|cp_on_chip_1=36000|G3D=36000|cp_on_chip_2=36000|cp_on_chip_3=34000|cp_on_chip_4=34000|rf2_therm=32000|rf1_therm=33000|ISP=35000|TPU=36000|AUR=35000|rfpa_therm=31728|quiet_therm=32373|charging_therm=34176|,BIG=36000|MID=37000|usb_pwr_therm=30014|btmspkr_therm=29991|disp_therm=29991|north_therm=30793|soc_therm=34176|battery=30500|battery_cycle=5|dc-mains=34500|usbc-therm-adc=345|max77779fg=30500|LITTLE=37000|soc=8|smpl_gm=0|vdroop1=0|batoilo=0|batoilo2=0|batt_vs=30496|mdis_morepower=0|thb_hda=51|cp_on_chip_0=35000|cp_on_chip_1=36000|G3D=36000|cp_on_chip_2=36000|cp_on_chip_3=34000|cp_on_chip_4=34000|rf2_therm=32000|rf1_therm=33000|ISP=35000|TPU=35000|AUR=35000|rfpa_therm=31705|quiet_therm=32395|charging_therm=34198|,ok,39000,37000,0,37000,1,single,untouched,4096,8192,7,8192,3418,0,5018229,0,4,4,ok
1,21,nvhe,4,1795000,1549000,37000,38000,BIG=37000|MID=37000|usb_pwr_therm=30014|btmspkr_therm=29991|disp_therm=29991|north_therm=30793|soc_therm=34176|battery=30500|battery_cycle=5|dc-mains=34500|usbc-therm-adc=345|max77779fg=30500|LITTLE=37000|soc=8|smpl_gm=0|vdroop1=0|batoilo=0|batoilo2=0|batt_vs=30496|mdis_morepower=0|thb_hda=51|cp_on_chip_0=35000|cp_on_chip_1=36000|G3D=36000|cp_on_chip_2=36000|cp_on_chip_3=34000|cp_on_chip_4=34000|rf2_therm=32000|rf1_therm=33000|ISP=35000|TPU=36000|AUR=35000|rfpa_therm=31728|quiet_therm=32373|charging_therm=34176|,BIG=36000|MID=37000|usb_pwr_therm=30014|btmspkr_therm=29991|disp_therm=29991|north_therm=30793|soc_therm=34176|battery=30500|battery_cycle=5|dc-mains=34500|usbc-therm-adc=345|max77779fg=30500|LITTLE=37000|soc=8|smpl_gm=0|vdroop1=0|batoilo=0|batoilo2=0|batt_vs=30496|mdis_morepower=0|thb_hda=51|cp_on_chip_0=35000|cp_on_chip_1=36000|G3D=36000|cp_on_chip_2=36000|cp_on_chip_3=34000|cp_on_chip_4=34000|rf2_therm=32000|rf1_therm=33000|ISP=35000|TPU=35000|AUR=35000|rfpa_therm=31705|quiet_therm=32395|charging_therm=34198|,ok,39000,37000,0,37000,1,single,untouched,4096,8192,8,8192,36540,0,4734619,0,4,4,ok
1,21,nvhe,4,1795000,1549000,37000,38000,BIG=37000|MID=37000|usb_pwr_therm=30014|btmspkr_therm=29991|disp_therm=29991|north_therm=30793|soc_therm=34176|battery=30500|battery_cycle=5|dc-mains=34500|usbc-therm-adc=345|max77779fg=30500|LITTLE=37000|soc=8|smpl_gm=0|vdroop1=0|batoilo=0|batoilo2=0|batt_vs=30496|mdis_morepower=0|thb_hda=51|cp_on_chip_0=35000|cp_on_chip_1=36000|G3D=36000|cp_on_chip_2=36000|cp_on_chip_3=34000|cp_on_chip_4=34000|rf2_therm=32000|rf1_therm=33000|ISP=35000|TPU=36000|AUR=35000|rfpa_therm=31728|quiet_therm=32373|charging_therm=34176|,BIG=36000|MID=37000|usb_pwr_therm=30014|btmspkr_therm=29991|disp_therm=29991|north_therm=30793|soc_therm=34176|battery=30500|battery_cycle=5|dc-mains=34500|usbc-therm-adc=345|max77779fg=30500|LITTLE=37000|soc=8|smpl_gm=0|vdroop1=0|batoilo=0|batoilo2=0|batt_vs=30496|mdis_morepower=0|thb_hda=51|cp_on_chip_0=35000|cp_on_chip_1=36000|G3D=36000|cp_on_chip_2=36000|cp_on_chip_3=34000|cp_on_chip_4=34000|rf2_therm=32000|rf1_therm=33000|ISP=35000|TPU=35000|AUR=35000|rfpa_therm=31705|quiet_therm=32395|charging_therm=34198|,ok,39000,37000,0,37000,1,single,untouched,4096,8192,9,8192,35523,0,4276530,0,4,4,ok
1,21,nvhe,4,1795000,1549000,37000,38000,BIG=37000|MID=37000|usb_pwr_therm=30014|btmspkr_therm=29991|disp_therm=29991|north_therm=30793|soc_therm=34176|battery=30500|battery_cycle=5|dc-mains=34500|usbc-therm-adc=345|max77779fg=30500|LITTLE=37000|soc=8|smpl_gm=0|vdroop1=0|batoilo=0|batoilo2=0|batt_vs=30496|mdis_morepower=0|thb_hda=51|cp_on_chip_0=35000|cp_on_chip_1=36000|G3D=36000|cp_on_chip_2=36000|cp_on_chip_3=34000|cp_on_chip_4=34000|rf2_therm=32000|rf1_therm=33000|ISP=35000|TPU=36000|AUR=35000|rfpa_therm=31728|quiet_therm=32373|charging_therm=34176|,BIG=36000|MID=37000|usb_pwr_therm=30014|btmspkr_therm=29991|disp_therm=29991|north_therm=30793|soc_therm=34176|battery=30500|battery_cycle=5|dc-mains=34500|usbc-therm-adc=345|max77779fg=30500|LITTLE=37000|soc=8|smpl_gm=0|vdroop1=0|batoilo=0|batoilo2=0|batt_vs=30496|mdis_morepower=0|thb_hda=51|cp_on_chip_0=35000|cp_on_chip_1=36000|G3D=36000|cp_on_chip_2=36000|cp_on_chip_3=34000|cp_on_chip_4=34000|rf2_therm=32000|rf1_therm=33000|ISP=35000|TPU=35000|AUR=35000|rfpa_therm=31705|quiet_therm=32395|charging_therm=34198|,ok,39000,37000,0,37000,1,single,untouched,4096,8192,10,8192,30233,0,4107951,0,4,4,ok
1,21,nvhe,4,1795000,1549000,37000,38000,BIG=37000|MID=37000|usb_pwr_therm=30014|btmspkr_therm=29991|disp_therm=29991|north_therm=30793|soc_therm=34176|battery=30500|battery_cycle=5|dc-mains=34500|usbc-therm-adc=345|max77779fg=30500|LITTLE=37000|soc=8|smpl_gm=0|vdroop1=0|batoilo=0|batoilo2=0|batt_vs=30496|mdis_morepower=0|thb_hda=51|cp_on_chip_0=35000|cp_on_chip_1=36000|G3D=36000|cp_on_chip_2=36000|cp_on_chip_3=34000|cp_on_chip_4=34000|rf2_therm=32000|rf1_therm=33000|ISP=35000|TPU=36000|AUR=35000|rfpa_therm=31728|quiet_therm=32373|charging_therm=34176|,BIG=36000|MID=37000|usb_pwr_therm=30014|btmspkr_therm=29991|disp_therm=29991|north_therm=30793|soc_therm=34176|battery=30500|battery_cycle=5|dc-mains=34500|usbc-therm-adc=345|max77779fg=30500|LITTLE=37000|soc=8|smpl_gm=0|vdroop1=0|batoilo=0|batoilo2=0|batt_vs=30496|mdis_morepower=0|thb_hda=51|cp_on_chip_0=35000|cp_on_chip_1=36000|G3D=36000|cp_on_chip_2=36000|cp_on_chip_3=34000|cp_on_chip_4=34000|rf2_therm=32000|rf1_therm=33000|ISP=35000|TPU=35000|AUR=35000|rfpa_therm=31705|quiet_therm=32395|charging_therm=34198|,ok,39000,37000,0,37000,1,single,untouched,4096,8192,11,8192,29093,0,4104085,0,4,4,ok
1,21,nvhe,4,1795000,1549000,37000,38000,BIG=37000|MID=37000|usb_pwr_therm=30014|btmspkr_therm=29991|disp_therm=29991|north_therm=30793|soc_therm=34176|battery=30500|battery_cycle=5|dc-mains=34500|usbc-therm-adc=345|max77779fg=30500|LITTLE=37000|soc=8|smpl_gm=0|vdroop1=0|batoilo=0|batoilo2=0|batt_vs=30496|mdis_morepower=0|thb_hda=51|cp_on_chip_0=35000|cp_on_chip_1=36000|G3D=36000|cp_on_chip_2=36000|cp_on_chip_3=34000|cp_on_chip_4=34000|rf2_therm=32000|rf1_therm=33000|ISP=35000|TPU=36000|AUR=35000|rfpa_therm=31728|quiet_therm=32373|charging_therm=34176|,BIG=36000|MID=37000|usb_pwr_therm=30014|btmspkr_therm=29991|disp_therm=29991|north_therm=30793|soc_therm=34176|battery=30500|battery_cycle=5|dc-mains=34500|usbc-therm-adc=345|max77779fg=30500|LITTLE=37000|soc=8|smpl_gm=0|vdroop1=0|batoilo=0|batoilo2=0|batt_vs=30496|mdis_morepower=0|thb_hda=51|cp_on_chip_0=35000|cp_on_chip_1=36000|G3D=36000|cp_on_chip_2=36000|cp_on_chip_3=34000|cp_on_chip_4=34000|rf2_therm=32000|rf1_therm=33000|ISP=35000|TPU=35000|AUR=35000|rfpa_therm=31705|quiet_therm=32395|charging_therm=34198|,ok,39000,37000,0,37000,1,single,untouched,4096,8192,12,8192,3499,0,3808146,0,4,4,ok
1,21,nvhe,4,1795000,1549000,37000,38000,BIG=37000|MID=37000|usb_pwr_therm=30014|btmspkr_therm=29991|disp_therm=29991|north_therm=30793|soc_therm=34176|battery=30500|battery_cycle=5|dc-mains=34500|usbc-therm-adc=345|max77779fg=30500|LITTLE=37000|soc=8|smpl_gm=0|vdroop1=0|batoilo=0|batoilo2=0|batt_vs=30496|mdis_morepower=0|thb_hda=51|cp_on_chip_0=35000|cp_on_chip_1=36000|G3D=36000|cp_on_chip_2=36000|cp_on_chip_3=34000|cp_on_chip_4=34000|rf2_therm=32000|rf1_therm=33000|ISP=35000|TPU=36000|AUR=35000|rfpa_therm=31728|quiet_therm=32373|charging_therm=34176|,BIG=36000|MID=37000|usb_pwr_therm=30014|btmspkr_therm=29991|disp_therm=29991|north_therm=30793|soc_therm=34176|battery=30500|battery_cycle=5|dc-mains=34500|usbc-therm-adc=345|max77779fg=30500|LITTLE=37000|soc=8|smpl_gm=0|vdroop1=0|batoilo=0|batoilo2=0|batt_vs=30496|mdis_morepower=0|thb_hda=51|cp_on_chip_0=35000|cp_on_chip_1=36000|G3D=36000|cp_on_chip_2=36000|cp_on_chip_3=34000|cp_on_chip_4=34000|rf2_therm=32000|rf1_therm=33000|ISP=35000|TPU=35000|AUR=35000|rfpa_therm=31705|quiet_therm=32395|charging_therm=34198|,ok,39000,37000,0,37000,1,single,untouched,4096,8192,13,8192,32511,0,3536865,0,4,4,ok
1,21,nvhe,4,1795000,1549000,37000,38000,BIG=37000|MID=37000|usb_pwr_therm=30014|btmspkr_therm=29991|disp_therm=29991|north_therm=30793|soc_therm=34176|battery=30500|battery_cycle=5|dc-mains=34500|usbc-therm-adc=345|max77779fg=30500|LITTLE=37000|soc=8|smpl_gm=0|vdroop1=0|batoilo=0|batoilo2=0|batt_vs=30496|mdis_morepower=0|thb_hda=51|cp_on_chip_0=35000|cp_on_chip_1=36000|G3D=36000|cp_on_chip_2=36000|cp_on_chip_3=34000|cp_on_chip_4=34000|rf2_therm=32000|rf1_therm=33000|ISP=35000|TPU=36000|AUR=35000|rfpa_therm=31728|quiet_therm=32373|charging_therm=34176|,BIG=36000|MID=37000|usb_pwr_therm=30014|btmspkr_therm=29991|disp_therm=29991|north_therm=30793|soc_therm=34176|battery=30500|battery_cycle=5|dc-mains=34500|usbc-therm-adc=345|max77779fg=30500|LITTLE=37000|soc=8|smpl_gm=0|vdroop1=0|batoilo=0|batoilo2=0|batt_vs=30496|mdis_morepower=0|thb_hda=51|cp_on_chip_0=35000|cp_on_chip_1=36000|G3D=36000|cp_on_chip_2=36000|cp_on_chip_3=34000|cp_on_chip_4=34000|rf2_therm=32000|rf1_therm=33000|ISP=35000|TPU=35000|AUR=35000|rfpa_therm=31705|quiet_therm=32395|charging_therm=34198|,ok,39000,37000,0,37000,1,single,untouched,4096,8192,14,8192,31046,0,3443766,0,4,4,ok
1,21,nvhe,4,1795000,1549000,37000,38000,BIG=37000|MID=37000|usb_pwr_therm=30014|btmspkr_therm=29991|disp_therm=29991|north_therm=30793|soc_therm=34176|battery=30500|battery_cycle=5|dc-mains=34500|usbc-therm-adc=345|max77779fg=30500|LITTLE=37000|soc=8|smpl_gm=0|vdroop1=0|batoilo=0|batoilo2=0|batt_vs=30496|mdis_morepower=0|thb_hda=51|cp_on_chip_0=35000|cp_on_chip_1=36000|G3D=36000|cp_on_chip_2=36000|cp_on_chip_3=34000|cp_on_chip_4=34000|rf2_therm=32000|rf1_therm=33000|ISP=35000|TPU=36000|AUR=35000|rfpa_therm=31728|quiet_therm=32373|charging_therm=34176|,BIG=36000|MID=37000|usb_pwr_therm=30014|btmspkr_therm=29991|disp_therm=29991|north_therm=30793|soc_therm=34176|battery=30500|battery_cycle=5|dc-mains=34500|usbc-therm-adc=345|max77779fg=30500|LITTLE=37000|soc=8|smpl_gm=0|vdroop1=0|batoilo=0|batoilo2=0|batt_vs=30496|mdis_morepower=0|thb_hda=51|cp_on_chip_0=35000|cp_on_chip_1=36000|G3D=36000|cp_on_chip_2=36000|cp_on_chip_3=34000|cp_on_chip_4=34000|rf2_therm=32000|rf1_therm=33000|ISP=35000|TPU=35000|AUR=35000|rfpa_therm=31705|quiet_therm=32395|charging_therm=34198|,ok,39000,37000,0,37000,1,single,untouched,4096,8192,15,8192,29174,0,3486654,0,4,4,ok
1,21,nvhe,4,1795000,1549000,37000,38000,BIG=37000|MID=37000|usb_pwr_therm=30014|btmspkr_therm=29991|disp_therm=29991|north_therm=30793|soc_therm=34176|battery=30500|battery_cycle=5|dc-mains=34500|usbc-therm-adc=345|max77779fg=30500|LITTLE=37000|soc=8|smpl_gm=0|vdroop1=0|batoilo=0|batoilo2=0|batt_vs=30496|mdis_morepower=0|thb_hda=51|cp_on_chip_0=35000|cp_on_chip_1=36000|G3D=36000|cp_on_chip_2=36000|cp_on_chip_3=34000|cp_on_chip_4=34000|rf2_therm=32000|rf1_therm=33000|ISP=35000|TPU=36000|AUR=35000|rfpa_therm=31728|quiet_therm=32373|charging_therm=34176|,BIG=36000|MID=37000|usb_pwr_therm=30014|btmspkr_therm=29991|disp_therm=29991|north_therm=30793|soc_therm=34176|battery=30500|battery_cycle=5|dc-mains=34500|usbc-therm-adc=345|max77779fg=30500|LITTLE=37000|soc=8|smpl_gm=0|vdroop1=0|batoilo=0|batoilo2=0|batt_vs=30496|mdis_morepower=0|thb_hda=51|cp_on_chip_0=35000|cp_on_chip_1=36000|G3D=36000|cp_on_chip_2=36000|cp_on_chip_3=34000|cp_on_chip_4=34000|rf2_therm=32000|rf1_therm=33000|ISP=35000|TPU=35000|AUR=35000|rfpa_therm=31705|quiet_therm=32395|charging_therm=34198|,ok,39000,37000,0,37000,1,single,untouched,4096,8192,16,8192,4720,0,3377727,0,4,4,ok
1,21,nvhe,4,1795000,1549000,37000,38000,BIG=37000|MID=37000|usb_pwr_therm=30014|btmspkr_therm=29991|disp_therm=29991|north_therm=30793|soc_therm=34176|battery=30500|battery_cycle=5|dc-mains=34500|usbc-therm-adc=345|max77779fg=30500|LITTLE=37000|soc=8|smpl_gm=0|vdroop1=0|batoilo=0|batoilo2=0|batt_vs=30496|mdis_morepower=0|thb_hda=51|cp_on_chip_0=35000|cp_on_chip_1=36000|G3D=36000|cp_on_chip_2=36000|cp_on_chip_3=34000|cp_on_chip_4=34000|rf2_therm=32000|rf1_therm=33000|ISP=35000|TPU=36000|AUR=35000|rfpa_therm=31728|quiet_therm=32373|charging_therm=34176|,BIG=36000|MID=37000|usb_pwr_therm=30014|btmspkr_therm=29991|disp_therm=29991|north_therm=30793|soc_therm=34176|battery=30500|battery_cycle=5|dc-mains=34500|usbc-therm-adc=345|max77779fg=30500|LITTLE=37000|soc=8|smpl_gm=0|vdroop1=0|batoilo=0|batoilo2=0|batt_vs=30496|mdis_morepower=0|thb_hda=51|cp_on_chip_0=35000|cp_on_chip_1=36000|G3D=36000|cp_on_chip_2=36000|cp_on_chip_3=34000|cp_on_chip_4=34000|rf2_therm=32000|rf1_therm=33000|ISP=35000|TPU=35000|AUR=35000|rfpa_therm=31705|quiet_therm=32395|charging_therm=34198|,ok,39000,37000,0,37000,1,single,untouched,4096,8192,17,8192,20955,0,3261393,0,4,4,ok
1,21,nvhe,4,1795000,1549000,37000,38000,BIG=37000|MID=37000|usb_pwr_therm=30014|btmspkr_therm=29991|disp_therm=29991|north_therm=30793|soc_therm=34176|battery=30500|battery_cycle=5|dc-mains=34500|usbc-therm-adc=345|max77779fg=30500|LITTLE=37000|soc=8|smpl_gm=0|vdroop1=0|batoilo=0|batoilo2=0|batt_vs=30496|mdis_morepower=0|thb_hda=51|cp_on_chip_0=35000|cp_on_chip_1=36000|G3D=36000|cp_on_chip_2=36000|cp_on_chip_3=34000|cp_on_chip_4=34000|rf2_therm=32000|rf1_therm=33000|ISP=35000|TPU=36000|AUR=35000|rfpa_therm=31728|quiet_therm=32373|charging_therm=34176|,BIG=36000|MID=37000|usb_pwr_therm=30014|btmspkr_therm=29991|disp_therm=29991|north_therm=30793|soc_therm=34176|battery=30500|battery_cycle=5|dc-mains=34500|usbc-therm-adc=345|max77779fg=30500|LITTLE=37000|soc=8|smpl_gm=0|vdroop1=0|batoilo=0|batoilo2=0|batt_vs=30496|mdis_morepower=0|thb_hda=51|cp_on_chip_0=35000|cp_on_chip_1=36000|G3D=36000|cp_on_chip_2=36000|cp_on_chip_3=34000|cp_on_chip_4=34000|rf2_therm=32000|rf1_therm=33000|ISP=35000|TPU=35000|AUR=35000|rfpa_therm=31705|quiet_therm=32395|charging_therm=34198|,ok,39000,37000,0,37000,1,single,untouched,4096,8192,18,8192,4720,0,3135131,0,4,4,ok
1,21,nvhe,4,1795000,1549000,37000,38000,BIG=37000|MID=37000|usb_pwr_therm=30014|btmspkr_therm=29991|disp_therm=29991|north_therm=30793|soc_therm=34176|battery=30500|battery_cycle=5|dc-mains=34500|usbc-therm-adc=345|max77779fg=30500|LITTLE=37000|soc=8|smpl_gm=0|vdroop1=0|batoilo=0|batoilo2=0|batt_vs=30496|mdis_morepower=0|thb_hda=51|cp_on_chip_0=35000|cp_on_chip_1=36000|G3D=36000|cp_on_chip_2=36000|cp_on_chip_3=34000|cp_on_chip_4=34000|rf2_therm=32000|rf1_therm=33000|ISP=35000|TPU=36000|AUR=35000|rfpa_therm=31728|quiet_therm=32373|charging_therm=34176|,BIG=36000|MID=37000|usb_pwr_therm=30014|btmspkr_therm=29991|disp_therm=29991|north_therm=30793|soc_therm=34176|battery=30500|battery_cycle=5|dc-mains=34500|usbc-therm-adc=345|max77779fg=30500|LITTLE=37000|soc=8|smpl_gm=0|vdroop1=0|batoilo=0|batoilo2=0|batt_vs=30496|mdis_morepower=0|thb_hda=51|cp_on_chip_0=35000|cp_on_chip_1=36000|G3D=36000|cp_on_chip_2=36000|cp_on_chip_3=34000|cp_on_chip_4=34000|rf2_therm=32000|rf1_therm=33000|ISP=35000|TPU=35000|AUR=35000|rfpa_therm=31705|quiet_therm=32395|charging_therm=34198|,ok,39000,37000,0,37000,1,single,untouched,4096,8192,19,8192,3418,0,3002278,0,4,4,ok
1,21,nvhe,4,1795000,1549000,37000,38000,BIG=37000|MID=37000|usb_pwr_therm=30014|btmspkr_therm=29991|disp_therm=29991|north_therm=30793|soc_therm=34176|battery=30500|battery_cycle=5|dc-mains=34500|usbc-therm-adc=345|max77779fg=30500|LITTLE=37000|soc=8|smpl_gm=0|vdroop1=0|batoilo=0|batoilo2=0|batt_vs=30496|mdis_morepower=0|thb_hda=51|cp_on_chip_0=35000|cp_on_chip_1=36000|G3D=36000|cp_on_chip_2=36000|cp_on_chip_3=34000|cp_on_chip_4=34000|rf2_therm=32000|rf1_therm=33000|ISP=35000|TPU=36000|AUR=35000|rfpa_therm=31728|quiet_therm=32373|charging_therm=34176|,BIG=36000|MID=37000|usb_pwr_therm=30014|btmspkr_therm=29991|disp_therm=29991|north_therm=30793|soc_therm=34176|battery=30500|battery_cycle=5|dc-mains=34500|usbc-therm-adc=345|max77779fg=30500|LITTLE=37000|soc=8|smpl_gm=0|vdroop1=0|batoilo=0|batoilo2=0|batt_vs=30496|mdis_morepower=0|thb_hda=51|cp_on_chip_0=35000|cp_on_chip_1=36000|G3D=36000|cp_on_chip_2=36000|cp_on_chip_3=34000|cp_on_chip_4=34000|rf2_therm=32000|rf1_therm=33000|ISP=35000|TPU=35000|AUR=35000|rfpa_therm=31705|quiet_therm=32395|charging_therm=34198|,ok,39000,37000,0,37000,1,single,untouched,4096,8192,20,8192,30884,0,2910604,0,4,4,ok
1,21,nvhe,4,1795000,1549000,37000,38000,BIG=37000|MID=37000|usb_pwr_therm=30014|btmspkr_therm=29991|disp_therm=29991|north_therm=30793|soc_therm=34176|battery=30500|battery_cycle=5|dc-mains=34500|usbc-therm-adc=345|max77779fg=30500|LITTLE=37000|soc=8|smpl_gm=0|vdroop1=0|batoilo=0|batoilo2=0|batt_vs=30496|mdis_morepower=0|thb_hda=51|cp_on_chip_0=35000|cp_on_chip_1=36000|G3D=36000|cp_on_chip_2=36000|cp_on_chip_3=34000|cp_on_chip_4=34000|rf2_therm=32000|rf1_therm=33000|ISP=35000|TPU=36000|AUR=35000|rfpa_therm=31728|quiet_therm=32373|charging_therm=34176|,BIG=36000|MID=37000|usb_pwr_therm=30014|btmspkr_therm=29991|disp_therm=29991|north_therm=30793|soc_therm=34176|battery=30500|battery_cycle=5|dc-mains=34500|usbc-therm-adc=345|max77779fg=30500|LITTLE=37000|soc=8|smpl_gm=0|vdroop1=0|batoilo=0|batoilo2=0|batt_vs=30496|mdis_morepower=0|thb_hda=51|cp_on_chip_0=35000|cp_on_chip_1=36000|G3D=36000|cp_on_chip_2=36000|cp_on_chip_3=34000|cp_on_chip_4=34000|rf2_therm=32000|rf1_therm=33000|ISP=35000|TPU=35000|AUR=35000|rfpa_therm=31705|quiet_therm=32395|charging_therm=34198|,ok,39000,37000,0,37000,1,single,untouched,4096,8192,21,8192,28484,0,2823242,0,4,4,ok
1,21,nvhe,4,1795000,1549000,37000,38000,BIG=37000|MID=37000|usb_pwr_therm=30014|btmspkr_therm=29991|disp_therm=29991|north_therm=30793|soc_therm=34176|battery=30500|battery_cycle=5|dc-mains=34500|usbc-therm-adc=345|max77779fg=30500|LITTLE=37000|soc=8|smpl_gm=0|vdroop1=0|batoilo=0|batoilo2=0|batt_vs=30496|mdis_morepower=0|thb_hda=51|cp_on_chip_0=35000|cp_on_chip_1=36000|G3D=36000|cp_on_chip_2=36000|cp_on_chip_3=34000|cp_on_chip_4=34000|rf2_therm=32000|rf1_therm=33000|ISP=35000|TPU=36000|AUR=35000|rfpa_therm=31728|quiet_therm=32373|charging_therm=34176|,BIG=36000|MID=37000|usb_pwr_therm=30014|btmspkr_therm=29991|disp_therm=29991|north_therm=30793|soc_therm=34176|battery=30500|battery_cycle=5|dc-mains=34500|usbc-therm-adc=345|max77779fg=30500|LITTLE=37000|soc=8|smpl_gm=0|vdroop1=0|batoilo=0|batoilo2=0|batt_vs=30496|mdis_morepower=0|thb_hda=51|cp_on_chip_0=35000|cp_on_chip_1=36000|G3D=36000|cp_on_chip_2=36000|cp_on_chip_3=34000|cp_on_chip_4=34000|rf2_therm=32000|rf1_therm=33000|ISP=35000|TPU=35000|AUR=35000|rfpa_therm=31705|quiet_therm=32395|charging_therm=34198|,ok,39000,37000,0,37000,1,single,untouched,4096,8192,22,8192,24536,0,2812256,0,4,4,ok
1,21,nvhe,4,1795000,1549000,37000,38000,BIG=37000|MID=37000|usb_pwr_therm=30014|btmspkr_therm=29991|disp_therm=29991|north_therm=30793|soc_therm=34176|battery=30500|battery_cycle=5|dc-mains=34500|usbc-therm-adc=345|max77779fg=30500|LITTLE=37000|soc=8|smpl_gm=0|vdroop1=0|batoilo=0|batoilo2=0|batt_vs=30496|mdis_morepower=0|thb_hda=51|cp_on_chip_0=35000|cp_on_chip_1=36000|G3D=36000|cp_on_chip_2=36000|cp_on_chip_3=34000|cp_on_chip_4=34000|rf2_therm=32000|rf1_therm=33000|ISP=35000|TPU=36000|AUR=35000|rfpa_therm=31728|quiet_therm=32373|charging_therm=34176|,BIG=36000|MID=37000|usb_pwr_therm=30014|btmspkr_therm=29991|disp_therm=29991|north_therm=30793|soc_therm=34176|battery=30500|battery_cycle=5|dc-mains=34500|usbc-therm-adc=345|max77779fg=30500|LITTLE=37000|soc=8|smpl_gm=0|vdroop1=0|batoilo=0|batoilo2=0|batt_vs=30496|mdis_morepower=0|thb_hda=51|cp_on_chip_0=35000|cp_on_chip_1=36000|G3D=36000|cp_on_chip_2=36000|cp_on_chip_3=34000|cp_on_chip_4=34000|rf2_therm=32000|rf1_therm=33000|ISP=35000|TPU=35000|AUR=35000|rfpa_therm=31705|quiet_therm=32395|charging_therm=34198|,ok,39000,37000,0,37000,1,single,untouched,4096,8192,23,8192,31698,0,2820272,0,4,4,ok
1,21,nvhe,4,1795000,1549000,37000,38000,BIG=37000|MID=37000|usb_pwr_therm=30014|btmspkr_therm=29991|disp_therm=29991|north_therm=30793|soc_therm=34176|battery=30500|battery_cycle=5|dc-mains=34500|usbc-therm-adc=345|max77779fg=30500|LITTLE=37000|soc=8|smpl_gm=0|vdroop1=0|batoilo=0|batoilo2=0|batt_vs=30496|mdis_morepower=0|thb_hda=51|cp_on_chip_0=35000|cp_on_chip_1=36000|G3D=36000|cp_on_chip_2=36000|cp_on_chip_3=34000|cp_on_chip_4=34000|rf2_therm=32000|rf1_therm=33000|ISP=35000|TPU=36000|AUR=35000|rfpa_therm=31728|quiet_therm=32373|charging_therm=34176|,BIG=36000|MID=37000|usb_pwr_therm=30014|btmspkr_therm=29991|disp_therm=29991|north_therm=30793|soc_therm=34176|battery=30500|battery_cycle=5|dc-mains=34500|usbc-therm-adc=345|max77779fg=30500|LITTLE=37000|soc=8|smpl_gm=0|vdroop1=0|batoilo=0|batoilo2=0|batt_vs=30496|mdis_morepower=0|thb_hda=51|cp_on_chip_0=35000|cp_on_chip_1=36000|G3D=36000|cp_on_chip_2=36000|cp_on_chip_3=34000|cp_on_chip_4=34000|rf2_therm=32000|rf1_therm=33000|ISP=35000|TPU=35000|AUR=35000|rfpa_therm=31705|quiet_therm=32395|charging_therm=34198|,ok,39000,37000,0,37000,1,single,untouched,4096,8192,24,8192,32389,0,2820557,0,4,4,ok
1,21,nvhe,4,1795000,1549000,37000,38000,BIG=37000|MID=37000|usb_pwr_therm=30014|btmspkr_therm=29991|disp_therm=29991|north_therm=30793|soc_therm=34176|battery=30500|battery_cycle=5|dc-mains=34500|usbc-therm-adc=345|max77779fg=30500|LITTLE=37000|soc=8|smpl_gm=0|vdroop1=0|batoilo=0|batoilo2=0|batt_vs=30496|mdis_morepower=0|thb_hda=51|cp_on_chip_0=35000|cp_on_chip_1=36000|G3D=36000|cp_on_chip_2=36000|cp_on_chip_3=34000|cp_on_chip_4=34000|rf2_therm=32000|rf1_therm=33000|ISP=35000|TPU=36000|AUR=35000|rfpa_therm=31728|quiet_therm=32373|charging_therm=34176|,BIG=36000|MID=37000|usb_pwr_therm=30014|btmspkr_therm=29991|disp_therm=29991|north_therm=30793|soc_therm=34176|battery=30500|battery_cycle=5|dc-mains=34500|usbc-therm-adc=345|max77779fg=30500|LITTLE=37000|soc=8|smpl_gm=0|vdroop1=0|batoilo=0|batoilo2=0|batt_vs=30496|mdis_morepower=0|thb_hda=51|cp_on_chip_0=35000|cp_on_chip_1=36000|G3D=36000|cp_on_chip_2=36000|cp_on_chip_3=34000|cp_on_chip_4=34000|rf2_therm=32000|rf1_therm=33000|ISP=35000|TPU=35000|AUR=35000|rfpa_therm=31705|quiet_therm=32395|charging_therm=34198|,ok,39000,37000,0,37000,1,single,untouched,4096,8192,25,8192,32430,0,2821940,0,4,4,ok
1,21,nvhe,4,1795000,1549000,37000,38000,BIG=37000|MID=37000|usb_pwr_therm=30014|btmspkr_therm=29991|disp_therm=29991|north_therm=30793|soc_therm=34176|battery=30500|battery_cycle=5|dc-mains=34500|usbc-therm-adc=345|max77779fg=30500|LITTLE=37000|soc=8|smpl_gm=0|vdroop1=0|batoilo=0|batoilo2=0|batt_vs=30496|mdis_morepower=0|thb_hda=51|cp_on_chip_0=35000|cp_on_chip_1=36000|G3D=36000|cp_on_chip_2=36000|cp_on_chip_3=34000|cp_on_chip_4=34000|rf2_therm=32000|rf1_therm=33000|ISP=35000|TPU=36000|AUR=35000|rfpa_therm=31728|quiet_therm=32373|charging_therm=34176|,BIG=36000|MID=37000|usb_pwr_therm=30014|btmspkr_therm=29991|disp_therm=29991|north_therm=30793|soc_therm=34176|battery=30500|battery_cycle=5|dc-mains=34500|usbc-therm-adc=345|max77779fg=30500|LITTLE=37000|soc=8|smpl_gm=0|vdroop1=0|batoilo=0|batoilo2=0|batt_vs=30496|mdis_morepower=0|thb_hda=51|cp_on_chip_0=35000|cp_on_chip_1=36000|G3D=36000|cp_on_chip_2=36000|cp_on_chip_3=34000|cp_on_chip_4=34000|rf2_therm=32000|rf1_therm=33000|ISP=35000|TPU=35000|AUR=35000|rfpa_therm=31705|quiet_therm=32395|charging_therm=34198|,ok,39000,37000,0,37000,1,single,untouched,4096,8192,26,8192,29866,0,2811848,0,4,4,ok
1,21,nvhe,4,1795000,1549000,37000,38000,BIG=37000|MID=37000|usb_pwr_therm=30014|btmspkr_therm=29991|disp_therm=29991|north_therm=30793|soc_therm=34176|battery=30500|battery_cycle=5|dc-mains=34500|usbc-therm-adc=345|max77779fg=30500|LITTLE=37000|soc=8|smpl_gm=0|vdroop1=0|batoilo=0|batoilo2=0|batt_vs=30496|mdis_morepower=0|thb_hda=51|cp_on_chip_0=35000|cp_on_chip_1=36000|G3D=36000|cp_on_chip_2=36000|cp_on_chip_3=34000|cp_on_chip_4=34000|rf2_therm=32000|rf1_therm=33000|ISP=35000|TPU=36000|AUR=35000|rfpa_therm=31728|quiet_therm=32373|charging_therm=34176|,BIG=36000|MID=37000|usb_pwr_therm=30014|btmspkr_therm=29991|disp_therm=29991|north_therm=30793|soc_therm=34176|battery=30500|battery_cycle=5|dc-mains=34500|usbc-therm-adc=345|max77779fg=30500|LITTLE=37000|soc=8|smpl_gm=0|vdroop1=0|batoilo=0|batoilo2=0|batt_vs=30496|mdis_morepower=0|thb_hda=51|cp_on_chip_0=35000|cp_on_chip_1=36000|G3D=36000|cp_on_chip_2=36000|cp_on_chip_3=34000|cp_on_chip_4=34000|rf2_therm=32000|rf1_therm=33000|ISP=35000|TPU=35000|AUR=35000|rfpa_therm=31705|quiet_therm=32395|charging_therm=34198|,ok,39000,37000,0,37000,1,single,untouched,4096,8192,27,8192,30639,0,2821777,0,4,4,ok
1,21,nvhe,4,1795000,1549000,37000,38000,BIG=37000|MID=37000|usb_pwr_therm=30014|btmspkr_therm=29991|disp_therm=29991|north_therm=30793|soc_therm=34176|battery=30500|battery_cycle=5|dc-mains=34500|usbc-therm-adc=345|max77779fg=30500|LITTLE=37000|soc=8|smpl_gm=0|vdroop1=0|batoilo=0|batoilo2=0|batt_vs=30496|mdis_morepower=0|thb_hda=51|cp_on_chip_0=35000|cp_on_chip_1=36000|G3D=36000|cp_on_chip_2=36000|cp_on_chip_3=34000|cp_on_chip_4=34000|rf2_therm=32000|rf1_therm=33000|ISP=35000|TPU=36000|AUR=35000|rfpa_therm=31728|quiet_therm=32373|charging_therm=34176|,BIG=36000|MID=37000|usb_pwr_therm=30014|btmspkr_therm=29991|disp_therm=29991|north_therm=30793|soc_therm=34176|battery=30500|battery_cycle=5|dc-mains=34500|usbc-therm-adc=345|max77779fg=30500|LITTLE=37000|soc=8|smpl_gm=0|vdroop1=0|batoilo=0|batoilo2=0|batt_vs=30496|mdis_morepower=0|thb_hda=51|cp_on_chip_0=35000|cp_on_chip_1=36000|G3D=36000|cp_on_chip_2=36000|cp_on_chip_3=34000|cp_on_chip_4=34000|rf2_therm=32000|rf1_therm=33000|ISP=35000|TPU=35000|AUR=35000|rfpa_therm=31705|quiet_therm=32395|charging_therm=34198|,ok,39000,37000,0,37000,1,single,untouched,4096,8192,28,8192,3825,0,2821289,0,4,4,ok
1,21,nvhe,4,1795000,1549000,37000,38000,BIG=37000|MID=37000|usb_pwr_therm=30014|btmspkr_therm=29991|disp_therm=29991|north_therm=30793|soc_therm=34176|battery=30500|battery_cycle=5|dc-mains=34500|usbc-therm-adc=345|max77779fg=30500|LITTLE=37000|soc=8|smpl_gm=0|vdroop1=0|batoilo=0|batoilo2=0|batt_vs=30496|mdis_morepower=0|thb_hda=51|cp_on_chip_0=35000|cp_on_chip_1=36000|G3D=36000|cp_on_chip_2=36000|cp_on_chip_3=34000|cp_on_chip_4=34000|rf2_therm=32000|rf1_therm=33000|ISP=35000|TPU=36000|AUR=35000|rfpa_therm=31728|quiet_therm=32373|charging_therm=34176|,BIG=36000|MID=37000|usb_pwr_therm=30014|btmspkr_therm=29991|disp_therm=29991|north_therm=30793|soc_therm=34176|battery=30500|battery_cycle=5|dc-mains=34500|usbc-therm-adc=345|max77779fg=30500|LITTLE=37000|soc=8|smpl_gm=0|vdroop1=0|batoilo=0|batoilo2=0|batt_vs=30496|mdis_morepower=0|thb_hda=51|cp_on_chip_0=35000|cp_on_chip_1=36000|G3D=36000|cp_on_chip_2=36000|cp_on_chip_3=34000|cp_on_chip_4=34000|rf2_therm=32000|rf1_therm=33000|ISP=35000|TPU=35000|AUR=35000|rfpa_therm=31705|quiet_therm=32395|charging_therm=34198|,ok,39000,37000,0,37000,1,single,untouched,4096,8192,29,8192,28442,0,2815307,0,4,4,ok
1,22,nvhe,4,578000,1945000,38000,39000,BIG=37000|MID=37000|usb_pwr_therm=30014|btmspkr_therm=30014|disp_therm=29991|north_therm=30815|soc_therm=34221|battery=30500|battery_cycle=5|dc-mains=34500|usbc-therm-adc=345|max77779fg=30500|LITTLE=37000|soc=8|smpl_gm=0|vdroop1=0|batoilo=0|batoilo2=0|batt_vs=30495|mdis_morepower=0|thb_hda=51|cp_on_chip_0=35000|cp_on_chip_1=36000|G3D=36000|cp_on_chip_2=36000|cp_on_chip_3=34000|cp_on_chip_4=34000|rf2_therm=32000|rf1_therm=33000|ISP=34000|TPU=35000|AUR=35000|rfpa_therm=31728|quiet_therm=32395|charging_therm=34221|,BIG=37000|MID=38000|usb_pwr_therm=30014|btmspkr_therm=30014|disp_therm=29991|north_therm=30815|soc_therm=34221|battery=30500|battery_cycle=5|dc-mains=34500|usbc-therm-adc=345|max77779fg=30500|LITTLE=37000|soc=8|smpl_gm=0|vdroop1=0|batoilo=0|batoilo2=0|batt_vs=30496|mdis_morepower=0|thb_hda=51|cp_on_chip_0=35000|cp_on_chip_1=36000|G3D=36000|cp_on_chip_2=36000|cp_on_chip_3=34000|cp_on_chip_4=34000|rf2_therm=32000|rf1_therm=33000|ISP=35000|TPU=36000|AUR=35000|rfpa_therm=31728|quiet_therm=32395|charging_therm=34221|,ok,39000,37000,0,37000,1,single,touched,4096,4096,0,4096,16136109,4096,11496948,0,4,4,ok
1,22,nvhe,4,578000,1945000,38000,39000,BIG=37000|MID=37000|usb_pwr_therm=30014|btmspkr_therm=30014|disp_therm=29991|north_therm=30815|soc_therm=34221|battery=30500|battery_cycle=5|dc-mains=34500|usbc-therm-adc=345|max77779fg=30500|LITTLE=37000|soc=8|smpl_gm=0|vdroop1=0|batoilo=0|batoilo2=0|batt_vs=30495|mdis_morepower=0|thb_hda=51|cp_on_chip_0=35000|cp_on_chip_1=36000|G3D=36000|cp_on_chip_2=36000|cp_on_chip_3=34000|cp_on_chip_4=34000|rf2_therm=32000|rf1_therm=33000|ISP=34000|TPU=35000|AUR=35000|rfpa_therm=31728|quiet_therm=32395|charging_therm=34221|,BIG=37000|MID=38000|usb_pwr_therm=30014|btmspkr_therm=30014|disp_therm=29991|north_therm=30815|soc_therm=34221|battery=30500|battery_cycle=5|dc-mains=34500|usbc-therm-adc=345|max77779fg=30500|LITTLE=37000|soc=8|smpl_gm=0|vdroop1=0|batoilo=0|batoilo2=0|batt_vs=30496|mdis_morepower=0|thb_hda=51|cp_on_chip_0=35000|cp_on_chip_1=36000|G3D=36000|cp_on_chip_2=36000|cp_on_chip_3=34000|cp_on_chip_4=34000|rf2_therm=32000|rf1_therm=33000|ISP=35000|TPU=36000|AUR=35000|rfpa_therm=31728|quiet_therm=32395|charging_therm=34221|,ok,39000,37000,0,37000,1,single,touched,4096,4096,1,4096,10400065,4096,7973023,0,4,4,ok
1,22,nvhe,4,578000,1945000,38000,39000,BIG=37000|MID=37000|usb_pwr_therm=30014|btmspkr_therm=30014|disp_therm=29991|north_therm=30815|soc_therm=34221|battery=30500|battery_cycle=5|dc-mains=34500|usbc-therm-adc=345|max77779fg=30500|LITTLE=37000|soc=8|smpl_gm=0|vdroop1=0|batoilo=0|batoilo2=0|batt_vs=30495|mdis_morepower=0|thb_hda=51|cp_on_chip_0=35000|cp_on_chip_1=36000|G3D=36000|cp_on_chip_2=36000|cp_on_chip_3=34000|cp_on_chip_4=34000|rf2_therm=32000|rf1_therm=33000|ISP=34000|TPU=35000|AUR=35000|rfpa_therm=31728|quiet_therm=32395|charging_therm=34221|,BIG=37000|MID=38000|usb_pwr_therm=30014|btmspkr_therm=30014|disp_therm=29991|north_therm=30815|soc_therm=34221|battery=30500|battery_cycle=5|dc-mains=34500|usbc-therm-adc=345|max77779fg=30500|LITTLE=37000|soc=8|smpl_gm=0|vdroop1=0|batoilo=0|batoilo2=0|batt_vs=30496|mdis_morepower=0|thb_hda=51|cp_on_chip_0=35000|cp_on_chip_1=36000|G3D=36000|cp_on_chip_2=36000|cp_on_chip_3=34000|cp_on_chip_4=34000|rf2_therm=32000|rf1_therm=33000|ISP=35000|TPU=36000|AUR=35000|rfpa_therm=31728|quiet_therm=32395|charging_therm=34221|,ok,39000,37000,0,37000,1,single,touched,4096,4096,2,4096,7874797,4096,7235433,0,4,4,ok
1,22,nvhe,4,578000,1945000,38000,39000,BIG=37000|MID=37000|usb_pwr_therm=30014|btmspkr_therm=30014|disp_therm=29991|north_therm=30815|soc_therm=34221|battery=30500|battery_cycle=5|dc-mains=34500|usbc-therm-adc=345|max77779fg=30500|LITTLE=37000|soc=8|smpl_gm=0|vdroop1=0|batoilo=0|batoilo2=0|batt_vs=30495|mdis_morepower=0|thb_hda=51|cp_on_chip_0=35000|cp_on_chip_1=36000|G3D=36000|cp_on_chip_2=36000|cp_on_chip_3=34000|cp_on_chip_4=34000|rf2_therm=32000|rf1_therm=33000|ISP=34000|TPU=35000|AUR=35000|rfpa_therm=31728|quiet_therm=32395|charging_therm=34221|,BIG=37000|MID=38000|usb_pwr_therm=30014|btmspkr_therm=30014|disp_therm=29991|north_therm=30815|soc_therm=34221|battery=30500|battery_cycle=5|dc-mains=34500|usbc-therm-adc=345|max77779fg=30500|LITTLE=37000|soc=8|smpl_gm=0|vdroop1=0|batoilo=0|batoilo2=0|batt_vs=30496|mdis_morepower=0|thb_hda=51|cp_on_chip_0=35000|cp_on_chip_1=36000|G3D=36000|cp_on_chip_2=36000|cp_on_chip_3=34000|cp_on_chip_4=34000|rf2_therm=32000|rf1_therm=33000|ISP=35000|TPU=36000|AUR=35000|rfpa_therm=31728|quiet_therm=32395|charging_therm=34221|,ok,39000,37000,0,37000,1,single,touched,4096,4096,3,4096,7043905,4096,5449422,0,4,4,ok
1,22,nvhe,4,578000,1945000,38000,39000,BIG=37000|MID=37000|usb_pwr_therm=30014|btmspkr_therm=30014|disp_therm=29991|north_therm=30815|soc_therm=34221|battery=30500|battery_cycle=5|dc-mains=34500|usbc-therm-adc=345|max77779fg=30500|LITTLE=37000|soc=8|smpl_gm=0|vdroop1=0|batoilo=0|batoilo2=0|batt_vs=30495|mdis_morepower=0|thb_hda=51|cp_on_chip_0=35000|cp_on_chip_1=36000|G3D=36000|cp_on_chip_2=36000|cp_on_chip_3=34000|cp_on_chip_4=34000|rf2_therm=32000|rf1_therm=33000|ISP=34000|TPU=35000|AUR=35000|rfpa_therm=31728|quiet_therm=32395|charging_therm=34221|,BIG=37000|MID=38000|usb_pwr_therm=30014|btmspkr_therm=30014|disp_therm=29991|north_therm=30815|soc_therm=34221|battery=30500|battery_cycle=5|dc-mains=34500|usbc-therm-adc=345|max77779fg=30500|LITTLE=37000|soc=8|smpl_gm=0|vdroop1=0|batoilo=0|batoilo2=0|batt_vs=30496|mdis_morepower=0|thb_hda=51|cp_on_chip_0=35000|cp_on_chip_1=36000|G3D=36000|cp_on_chip_2=36000|cp_on_chip_3=34000|cp_on_chip_4=34000|rf2_therm=32000|rf1_therm=33000|ISP=35000|TPU=36000|AUR=35000|rfpa_therm=31728|quiet_therm=32395|charging_therm=34221|,ok,39000,37000,0,37000,1,single,touched,4096,4096,4,4096,6254598,4096,6096313,0,4,4,ok
1,22,nvhe,4,578000,1945000,38000,39000,BIG=37000|MID=37000|usb_pwr_therm=30014|btmspkr_therm=30014|disp_therm=29991|north_therm=30815|soc_therm=34221|battery=30500|battery_cycle=5|dc-mains=34500|usbc-therm-adc=345|max77779fg=30500|LITTLE=37000|soc=8|smpl_gm=0|vdroop1=0|batoilo=0|batoilo2=0|batt_vs=30495|mdis_morepower=0|thb_hda=51|cp_on_chip_0=35000|cp_on_chip_1=36000|G3D=36000|cp_on_chip_2=36000|cp_on_chip_3=34000|cp_on_chip_4=34000|rf2_therm=32000|rf1_therm=33000|ISP=34000|TPU=35000|AUR=35000|rfpa_therm=31728|quiet_therm=32395|charging_therm=34221|,BIG=37000|MID=38000|usb_pwr_therm=30014|btmspkr_therm=30014|disp_therm=29991|north_therm=30815|soc_therm=34221|battery=30500|battery_cycle=5|dc-mains=34500|usbc-therm-adc=345|max77779fg=30500|LITTLE=37000|soc=8|smpl_gm=0|vdroop1=0|batoilo=0|batoilo2=0|batt_vs=30496|mdis_morepower=0|thb_hda=51|cp_on_chip_0=35000|cp_on_chip_1=36000|G3D=36000|cp_on_chip_2=36000|cp_on_chip_3=34000|cp_on_chip_4=34000|rf2_therm=32000|rf1_therm=33000|ISP=35000|TPU=36000|AUR=35000|rfpa_therm=31728|quiet_therm=32395|charging_therm=34221|,ok,39000,37000,0,37000,1,single,touched,4096,4096,5,4096,5254191,4096,4278687,0,4,4,ok
1,22,nvhe,4,578000,1945000,38000,39000,BIG=37000|MID=37000|usb_pwr_therm=30014|btmspkr_therm=30014|disp_therm=29991|north_therm=30815|soc_therm=34221|battery=30500|battery_cycle=5|dc-mains=34500|usbc-therm-adc=345|max77779fg=30500|LITTLE=37000|soc=8|smpl_gm=0|vdroop1=0|batoilo=0|batoilo2=0|batt_vs=30495|mdis_morepower=0|thb_hda=51|cp_on_chip_0=35000|cp_on_chip_1=36000|G3D=36000|cp_on_chip_2=36000|cp_on_chip_3=34000|cp_on_chip_4=34000|rf2_therm=32000|rf1_therm=33000|ISP=34000|TPU=35000|AUR=35000|rfpa_therm=31728|quiet_therm=32395|charging_therm=34221|,BIG=37000|MID=38000|usb_pwr_therm=30014|btmspkr_therm=30014|disp_therm=29991|north_therm=30815|soc_therm=34221|battery=30500|battery_cycle=5|dc-mains=34500|usbc-therm-adc=345|max77779fg=30500|LITTLE=37000|soc=8|smpl_gm=0|vdroop1=0|batoilo=0|batoilo2=0|batt_vs=30496|mdis_morepower=0|thb_hda=51|cp_on_chip_0=35000|cp_on_chip_1=36000|G3D=36000|cp_on_chip_2=36000|cp_on_chip_3=34000|cp_on_chip_4=34000|rf2_therm=32000|rf1_therm=33000|ISP=35000|TPU=36000|AUR=35000|rfpa_therm=31728|quiet_therm=32395|charging_therm=34221|,ok,39000,37000,0,37000,1,single,touched,4096,4096,6,4096,4326497,4096,3904907,0,4,4,ok
1,22,nvhe,4,578000,1945000,38000,39000,BIG=37000|MID=37000|usb_pwr_therm=30014|btmspkr_therm=30014|disp_therm=29991|north_therm=30815|soc_therm=34221|battery=30500|battery_cycle=5|dc-mains=34500|usbc-therm-adc=345|max77779fg=30500|LITTLE=37000|soc=8|smpl_gm=0|vdroop1=0|batoilo=0|batoilo2=0|batt_vs=30495|mdis_morepower=0|thb_hda=51|cp_on_chip_0=35000|cp_on_chip_1=36000|G3D=36000|cp_on_chip_2=36000|cp_on_chip_3=34000|cp_on_chip_4=34000|rf2_therm=32000|rf1_therm=33000|ISP=34000|TPU=35000|AUR=35000|rfpa_therm=31728|quiet_therm=32395|charging_therm=34221|,BIG=37000|MID=38000|usb_pwr_therm=30014|btmspkr_therm=30014|disp_therm=29991|north_therm=30815|soc_therm=34221|battery=30500|battery_cycle=5|dc-mains=34500|usbc-therm-adc=345|max77779fg=30500|LITTLE=37000|soc=8|smpl_gm=0|vdroop1=0|batoilo=0|batoilo2=0|batt_vs=30496|mdis_morepower=0|thb_hda=51|cp_on_chip_0=35000|cp_on_chip_1=36000|G3D=36000|cp_on_chip_2=36000|cp_on_chip_3=34000|cp_on_chip_4=34000|rf2_therm=32000|rf1_therm=33000|ISP=35000|TPU=36000|AUR=35000|rfpa_therm=31728|quiet_therm=32395|charging_therm=34221|,ok,39000,37000,0,37000,1,single,touched,4096,4096,7,4096,4112427,4096,3759074,0,4,4,ok
1,22,nvhe,4,578000,1945000,38000,39000,BIG=37000|MID=37000|usb_pwr_therm=30014|btmspkr_therm=30014|disp_therm=29991|north_therm=30815|soc_therm=34221|battery=30500|battery_cycle=5|dc-mains=34500|usbc-therm-adc=345|max77779fg=30500|LITTLE=37000|soc=8|smpl_gm=0|vdroop1=0|batoilo=0|batoilo2=0|batt_vs=30495|mdis_morepower=0|thb_hda=51|cp_on_chip_0=35000|cp_on_chip_1=36000|G3D=36000|cp_on_chip_2=36000|cp_on_chip_3=34000|cp_on_chip_4=34000|rf2_therm=32000|rf1_therm=33000|ISP=34000|TPU=35000|AUR=35000|rfpa_therm=31728|quiet_therm=32395|charging_therm=34221|,BIG=37000|MID=38000|usb_pwr_therm=30014|btmspkr_therm=30014|disp_therm=29991|north_therm=30815|soc_therm=34221|battery=30500|battery_cycle=5|dc-mains=34500|usbc-therm-adc=345|max77779fg=30500|LITTLE=37000|soc=8|smpl_gm=0|vdroop1=0|batoilo=0|batoilo2=0|batt_vs=30496|mdis_morepower=0|thb_hda=51|cp_on_chip_0=35000|cp_on_chip_1=36000|G3D=36000|cp_on_chip_2=36000|cp_on_chip_3=34000|cp_on_chip_4=34000|rf2_therm=32000|rf1_therm=33000|ISP=35000|TPU=36000|AUR=35000|rfpa_therm=31728|quiet_therm=32395|charging_therm=34221|,ok,39000,37000,0,37000,1,single,touched,4096,4096,8,4096,3847005,4096,3468465,0,4,4,ok
1,22,nvhe,4,578000,1945000,38000,39000,BIG=37000|MID=37000|usb_pwr_therm=30014|btmspkr_therm=30014|disp_therm=29991|north_therm=30815|soc_therm=34221|battery=30500|battery_cycle=5|dc-mains=34500|usbc-therm-adc=345|max77779fg=30500|LITTLE=37000|soc=8|smpl_gm=0|vdroop1=0|batoilo=0|batoilo2=0|batt_vs=30495|mdis_morepower=0|thb_hda=51|cp_on_chip_0=35000|cp_on_chip_1=36000|G3D=36000|cp_on_chip_2=36000|cp_on_chip_3=34000|cp_on_chip_4=34000|rf2_therm=32000|rf1_therm=33000|ISP=34000|TPU=35000|AUR=35000|rfpa_therm=31728|quiet_therm=32395|charging_therm=34221|,BIG=37000|MID=38000|usb_pwr_therm=30014|btmspkr_therm=30014|disp_therm=29991|north_therm=30815|soc_therm=34221|battery=30500|battery_cycle=5|dc-mains=34500|usbc-therm-adc=345|max77779fg=30500|LITTLE=37000|soc=8|smpl_gm=0|vdroop1=0|batoilo=0|batoilo2=0|batt_vs=30496|mdis_morepower=0|thb_hda=51|cp_on_chip_0=35000|cp_on_chip_1=36000|G3D=36000|cp_on_chip_2=36000|cp_on_chip_3=34000|cp_on_chip_4=34000|rf2_therm=32000|rf1_therm=33000|ISP=35000|TPU=36000|AUR=35000|rfpa_therm=31728|quiet_therm=32395|charging_therm=34221|,ok,39000,37000,0,37000,1,single,touched,4096,4096,9,4096,3708578,4096,3475708,0,4,4,ok
1,22,nvhe,4,578000,1945000,38000,39000,BIG=37000|MID=37000|usb_pwr_therm=30014|btmspkr_therm=30014|disp_therm=29991|north_therm=30815|soc_therm=34221|battery=30500|battery_cycle=5|dc-mains=34500|usbc-therm-adc=345|max77779fg=30500|LITTLE=37000|soc=8|smpl_gm=0|vdroop1=0|batoilo=0|batoilo2=0|batt_vs=30495|mdis_morepower=0|thb_hda=51|cp_on_chip_0=35000|cp_on_chip_1=36000|G3D=36000|cp_on_chip_2=36000|cp_on_chip_3=34000|cp_on_chip_4=34000|rf2_therm=32000|rf1_therm=33000|ISP=34000|TPU=35000|AUR=35000|rfpa_therm=31728|quiet_therm=32395|charging_therm=34221|,BIG=37000|MID=38000|usb_pwr_therm=30014|btmspkr_therm=30014|disp_therm=29991|north_therm=30815|soc_therm=34221|battery=30500|battery_cycle=5|dc-mains=34500|usbc-therm-adc=345|max77779fg=30500|LITTLE=37000|soc=8|smpl_gm=0|vdroop1=0|batoilo=0|batoilo2=0|batt_vs=30496|mdis_morepower=0|thb_hda=51|cp_on_chip_0=35000|cp_on_chip_1=36000|G3D=36000|cp_on_chip_2=36000|cp_on_chip_3=34000|cp_on_chip_4=34000|rf2_therm=32000|rf1_therm=33000|ISP=35000|TPU=36000|AUR=35000|rfpa_therm=31728|quiet_therm=32395|charging_therm=34221|,ok,39000,37000,0,37000,1,single,touched,4096,4096,10,4096,3772216,4096,3472208,0,4,4,ok
1,22,nvhe,4,578000,1945000,38000,39000,BIG=37000|MID=37000|usb_pwr_therm=30014|btmspkr_therm=30014|disp_therm=29991|north_therm=30815|soc_therm=34221|battery=30500|battery_cycle=5|dc-mains=34500|usbc-therm-adc=345|max77779fg=30500|LITTLE=37000|soc=8|smpl_gm=0|vdroop1=0|batoilo=0|batoilo2=0|batt_vs=30495|mdis_morepower=0|thb_hda=51|cp_on_chip_0=35000|cp_on_chip_1=36000|G3D=36000|cp_on_chip_2=36000|cp_on_chip_3=34000|cp_on_chip_4=34000|rf2_therm=32000|rf1_therm=33000|ISP=34000|TPU=35000|AUR=35000|rfpa_therm=31728|quiet_therm=32395|charging_therm=34221|,BIG=37000|MID=38000|usb_pwr_therm=30014|btmspkr_therm=30014|disp_therm=29991|north_therm=30815|soc_therm=34221|battery=30500|battery_cycle=5|dc-mains=34500|usbc-therm-adc=345|max77779fg=30500|LITTLE=37000|soc=8|smpl_gm=0|vdroop1=0|batoilo=0|batoilo2=0|batt_vs=30496|mdis_morepower=0|thb_hda=51|cp_on_chip_0=35000|cp_on_chip_1=36000|G3D=36000|cp_on_chip_2=36000|cp_on_chip_3=34000|cp_on_chip_4=34000|rf2_therm=32000|rf1_therm=33000|ISP=35000|TPU=36000|AUR=35000|rfpa_therm=31728|quiet_therm=32395|charging_therm=34221|,ok,39000,37000,0,37000,1,single,touched,4096,4096,11,4096,3698201,4096,3499146,0,4,4,ok
1,22,nvhe,4,578000,1945000,38000,39000,BIG=37000|MID=37000|usb_pwr_therm=30014|btmspkr_therm=30014|disp_therm=29991|north_therm=30815|soc_therm=34221|battery=30500|battery_cycle=5|dc-mains=34500|usbc-therm-adc=345|max77779fg=30500|LITTLE=37000|soc=8|smpl_gm=0|vdroop1=0|batoilo=0|batoilo2=0|batt_vs=30495|mdis_morepower=0|thb_hda=51|cp_on_chip_0=35000|cp_on_chip_1=36000|G3D=36000|cp_on_chip_2=36000|cp_on_chip_3=34000|cp_on_chip_4=34000|rf2_therm=32000|rf1_therm=33000|ISP=34000|TPU=35000|AUR=35000|rfpa_therm=31728|quiet_therm=32395|charging_therm=34221|,BIG=37000|MID=38000|usb_pwr_therm=30014|btmspkr_therm=30014|disp_therm=29991|north_therm=30815|soc_therm=34221|battery=30500|battery_cycle=5|dc-mains=34500|usbc-therm-adc=345|max77779fg=30500|LITTLE=37000|soc=8|smpl_gm=0|vdroop1=0|batoilo=0|batoilo2=0|batt_vs=30496|mdis_morepower=0|thb_hda=51|cp_on_chip_0=35000|cp_on_chip_1=36000|G3D=36000|cp_on_chip_2=36000|cp_on_chip_3=34000|cp_on_chip_4=34000|rf2_therm=32000|rf1_therm=33000|ISP=35000|TPU=36000|AUR=35000|rfpa_therm=31728|quiet_therm=32395|charging_therm=34221|,ok,39000,37000,0,37000,1,single,touched,4096,4096,12,4096,3758056,4096,3482463,0,4,4,ok
1,22,nvhe,4,578000,1945000,38000,39000,BIG=37000|MID=37000|usb_pwr_therm=30014|btmspkr_therm=30014|disp_therm=29991|north_therm=30815|soc_therm=34221|battery=30500|battery_cycle=5|dc-mains=34500|usbc-therm-adc=345|max77779fg=30500|LITTLE=37000|soc=8|smpl_gm=0|vdroop1=0|batoilo=0|batoilo2=0|batt_vs=30495|mdis_morepower=0|thb_hda=51|cp_on_chip_0=35000|cp_on_chip_1=36000|G3D=36000|cp_on_chip_2=36000|cp_on_chip_3=34000|cp_on_chip_4=34000|rf2_therm=32000|rf1_therm=33000|ISP=34000|TPU=35000|AUR=35000|rfpa_therm=31728|quiet_therm=32395|charging_therm=34221|,BIG=37000|MID=38000|usb_pwr_therm=30014|btmspkr_therm=30014|disp_therm=29991|north_therm=30815|soc_therm=34221|battery=30500|battery_cycle=5|dc-mains=34500|usbc-therm-adc=345|max77779fg=30500|LITTLE=37000|soc=8|smpl_gm=0|vdroop1=0|batoilo=0|batoilo2=0|batt_vs=30496|mdis_morepower=0|thb_hda=51|cp_on_chip_0=35000|cp_on_chip_1=36000|G3D=36000|cp_on_chip_2=36000|cp_on_chip_3=34000|cp_on_chip_4=34000|rf2_therm=32000|rf1_therm=33000|ISP=35000|TPU=36000|AUR=35000|rfpa_therm=31728|quiet_therm=32395|charging_therm=34221|,ok,39000,37000,0,37000,1,single,touched,4096,4096,13,4096,3708293,4096,3339192,0,4,4,ok
1,22,nvhe,4,578000,1945000,38000,39000,BIG=37000|MID=37000|usb_pwr_therm=30014|btmspkr_therm=30014|disp_therm=29991|north_therm=30815|soc_therm=34221|battery=30500|battery_cycle=5|dc-mains=34500|usbc-therm-adc=345|max77779fg=30500|LITTLE=37000|soc=8|smpl_gm=0|vdroop1=0|batoilo=0|batoilo2=0|batt_vs=30495|mdis_morepower=0|thb_hda=51|cp_on_chip_0=35000|cp_on_chip_1=36000|G3D=36000|cp_on_chip_2=36000|cp_on_chip_3=34000|cp_on_chip_4=34000|rf2_therm=32000|rf1_therm=33000|ISP=34000|TPU=35000|AUR=35000|rfpa_therm=31728|quiet_therm=32395|charging_therm=34221|,BIG=37000|MID=38000|usb_pwr_therm=30014|btmspkr_therm=30014|disp_therm=29991|north_therm=30815|soc_therm=34221|battery=30500|battery_cycle=5|dc-mains=34500|usbc-therm-adc=345|max77779fg=30500|LITTLE=37000|soc=8|smpl_gm=0|vdroop1=0|batoilo=0|batoilo2=0|batt_vs=30496|mdis_morepower=0|thb_hda=51|cp_on_chip_0=35000|cp_on_chip_1=36000|G3D=36000|cp_on_chip_2=36000|cp_on_chip_3=34000|cp_on_chip_4=34000|rf2_therm=32000|rf1_therm=33000|ISP=35000|TPU=36000|AUR=35000|rfpa_therm=31728|quiet_therm=32395|charging_therm=34221|,ok,39000,37000,0,37000,1,single,touched,4096,4096,14,4096,3663534,4096,3310222,0,4,4,ok
1,22,nvhe,4,578000,1945000,38000,39000,BIG=37000|MID=37000|usb_pwr_therm=30014|btmspkr_therm=30014|disp_therm=29991|north_therm=30815|soc_therm=34221|battery=30500|battery_cycle=5|dc-mains=34500|usbc-therm-adc=345|max77779fg=30500|LITTLE=37000|soc=8|smpl_gm=0|vdroop1=0|batoilo=0|batoilo2=0|batt_vs=30495|mdis_morepower=0|thb_hda=51|cp_on_chip_0=35000|cp_on_chip_1=36000|G3D=36000|cp_on_chip_2=36000|cp_on_chip_3=34000|cp_on_chip_4=34000|rf2_therm=32000|rf1_therm=33000|ISP=34000|TPU=35000|AUR=35000|rfpa_therm=31728|quiet_therm=32395|charging_therm=34221|,BIG=37000|MID=38000|usb_pwr_therm=30014|btmspkr_therm=30014|disp_therm=29991|north_therm=30815|soc_therm=34221|battery=30500|battery_cycle=5|dc-mains=34500|usbc-therm-adc=345|max77779fg=30500|LITTLE=37000|soc=8|smpl_gm=0|vdroop1=0|batoilo=0|batoilo2=0|batt_vs=30496|mdis_morepower=0|thb_hda=51|cp_on_chip_0=35000|cp_on_chip_1=36000|G3D=36000|cp_on_chip_2=36000|cp_on_chip_3=34000|cp_on_chip_4=34000|rf2_therm=32000|rf1_therm=33000|ISP=35000|TPU=36000|AUR=35000|rfpa_therm=31728|quiet_therm=32395|charging_therm=34221|,ok,39000,37000,0,37000,1,single,touched,4096,4096,15,4096,3838663,4096,3392212,0,4,4,ok
1,22,nvhe,4,578000,1945000,38000,39000,BIG=37000|MID=37000|usb_pwr_therm=30014|btmspkr_therm=30014|disp_therm=29991|north_therm=30815|soc_therm=34221|battery=30500|battery_cycle=5|dc-mains=34500|usbc-therm-adc=345|max77779fg=30500|LITTLE=37000|soc=8|smpl_gm=0|vdroop1=0|batoilo=0|batoilo2=0|batt_vs=30495|mdis_morepower=0|thb_hda=51|cp_on_chip_0=35000|cp_on_chip_1=36000|G3D=36000|cp_on_chip_2=36000|cp_on_chip_3=34000|cp_on_chip_4=34000|rf2_therm=32000|rf1_therm=33000|ISP=34000|TPU=35000|AUR=35000|rfpa_therm=31728|quiet_therm=32395|charging_therm=34221|,BIG=37000|MID=38000|usb_pwr_therm=30014|btmspkr_therm=30014|disp_therm=29991|north_therm=30815|soc_therm=34221|battery=30500|battery_cycle=5|dc-mains=34500|usbc-therm-adc=345|max77779fg=30500|LITTLE=37000|soc=8|smpl_gm=0|vdroop1=0|batoilo=0|batoilo2=0|batt_vs=30496|mdis_morepower=0|thb_hda=51|cp_on_chip_0=35000|cp_on_chip_1=36000|G3D=36000|cp_on_chip_2=36000|cp_on_chip_3=34000|cp_on_chip_4=34000|rf2_therm=32000|rf1_therm=33000|ISP=35000|TPU=36000|AUR=35000|rfpa_therm=31728|quiet_therm=32395|charging_therm=34221|,ok,39000,37000,0,37000,1,single,touched,4096,4096,16,4096,3721720,4096,2923502,0,4,4,ok
1,22,nvhe,4,578000,1945000,38000,39000,BIG=37000|MID=37000|usb_pwr_therm=30014|btmspkr_therm=30014|disp_therm=29991|north_therm=30815|soc_therm=34221|battery=30500|battery_cycle=5|dc-mains=34500|usbc-therm-adc=345|max77779fg=30500|LITTLE=37000|soc=8|smpl_gm=0|vdroop1=0|batoilo=0|batoilo2=0|batt_vs=30495|mdis_morepower=0|thb_hda=51|cp_on_chip_0=35000|cp_on_chip_1=36000|G3D=36000|cp_on_chip_2=36000|cp_on_chip_3=34000|cp_on_chip_4=34000|rf2_therm=32000|rf1_therm=33000|ISP=34000|TPU=35000|AUR=35000|rfpa_therm=31728|quiet_therm=32395|charging_therm=34221|,BIG=37000|MID=38000|usb_pwr_therm=30014|btmspkr_therm=30014|disp_therm=29991|north_therm=30815|soc_therm=34221|battery=30500|battery_cycle=5|dc-mains=34500|usbc-therm-adc=345|max77779fg=30500|LITTLE=37000|soc=8|smpl_gm=0|vdroop1=0|batoilo=0|batoilo2=0|batt_vs=30496|mdis_morepower=0|thb_hda=51|cp_on_chip_0=35000|cp_on_chip_1=36000|G3D=36000|cp_on_chip_2=36000|cp_on_chip_3=34000|cp_on_chip_4=34000|rf2_therm=32000|rf1_therm=33000|ISP=35000|TPU=36000|AUR=35000|rfpa_therm=31728|quiet_therm=32395|charging_therm=34221|,ok,39000,37000,0,37000,1,single,touched,4096,4096,17,4096,3787679,4096,3432821,0,4,4,ok
1,22,nvhe,4,578000,1945000,38000,39000,BIG=37000|MID=37000|usb_pwr_therm=30014|btmspkr_therm=30014|disp_therm=29991|north_therm=30815|soc_therm=34221|battery=30500|battery_cycle=5|dc-mains=34500|usbc-therm-adc=345|max77779fg=30500|LITTLE=37000|soc=8|smpl_gm=0|vdroop1=0|batoilo=0|batoilo2=0|batt_vs=30495|mdis_morepower=0|thb_hda=51|cp_on_chip_0=35000|cp_on_chip_1=36000|G3D=36000|cp_on_chip_2=36000|cp_on_chip_3=34000|cp_on_chip_4=34000|rf2_therm=32000|rf1_therm=33000|ISP=34000|TPU=35000|AUR=35000|rfpa_therm=31728|quiet_therm=32395|charging_therm=34221|,BIG=37000|MID=38000|usb_pwr_therm=30014|btmspkr_therm=30014|disp_therm=29991|north_therm=30815|soc_therm=34221|battery=30500|battery_cycle=5|dc-mains=34500|usbc-therm-adc=345|max77779fg=30500|LITTLE=37000|soc=8|smpl_gm=0|vdroop1=0|batoilo=0|batoilo2=0|batt_vs=30496|mdis_morepower=0|thb_hda=51|cp_on_chip_0=35000|cp_on_chip_1=36000|G3D=36000|cp_on_chip_2=36000|cp_on_chip_3=34000|cp_on_chip_4=34000|rf2_therm=32000|rf1_therm=33000|ISP=35000|TPU=36000|AUR=35000|rfpa_therm=31728|quiet_therm=32395|charging_therm=34221|,ok,39000,37000,0,37000,1,single,touched,4096,4096,18,4096,3711710,4096,3112467,0,4,4,ok
1,22,nvhe,4,578000,1945000,38000,39000,BIG=37000|MID=37000|usb_pwr_therm=30014|btmspkr_therm=30014|disp_therm=29991|north_therm=30815|soc_therm=34221|battery=30500|battery_cycle=5|dc-mains=34500|usbc-therm-adc=345|max77779fg=30500|LITTLE=37000|soc=8|smpl_gm=0|vdroop1=0|batoilo=0|batoilo2=0|batt_vs=30495|mdis_morepower=0|thb_hda=51|cp_on_chip_0=35000|cp_on_chip_1=36000|G3D=36000|cp_on_chip_2=36000|cp_on_chip_3=34000|cp_on_chip_4=34000|rf2_therm=32000|rf1_therm=33000|ISP=34000|TPU=35000|AUR=35000|rfpa_therm=31728|quiet_therm=32395|charging_therm=34221|,BIG=37000|MID=38000|usb_pwr_therm=30014|btmspkr_therm=30014|disp_therm=29991|north_therm=30815|soc_therm=34221|battery=30500|battery_cycle=5|dc-mains=34500|usbc-therm-adc=345|max77779fg=30500|LITTLE=37000|soc=8|smpl_gm=0|vdroop1=0|batoilo=0|batoilo2=0|batt_vs=30496|mdis_morepower=0|thb_hda=51|cp_on_chip_0=35000|cp_on_chip_1=36000|G3D=36000|cp_on_chip_2=36000|cp_on_chip_3=34000|cp_on_chip_4=34000|rf2_therm=32000|rf1_therm=33000|ISP=35000|TPU=36000|AUR=35000|rfpa_therm=31728|quiet_therm=32395|charging_therm=34221|,ok,39000,37000,0,37000,1,single,touched,4096,4096,19,4096,3786214,4096,3079060,0,4,4,ok
1,22,nvhe,4,578000,1945000,38000,39000,BIG=37000|MID=37000|usb_pwr_therm=30014|btmspkr_therm=30014|disp_therm=29991|north_therm=30815|soc_therm=34221|battery=30500|battery_cycle=5|dc-mains=34500|usbc-therm-adc=345|max77779fg=30500|LITTLE=37000|soc=8|smpl_gm=0|vdroop1=0|batoilo=0|batoilo2=0|batt_vs=30495|mdis_morepower=0|thb_hda=51|cp_on_chip_0=35000|cp_on_chip_1=36000|G3D=36000|cp_on_chip_2=36000|cp_on_chip_3=34000|cp_on_chip_4=34000|rf2_therm=32000|rf1_therm=33000|ISP=34000|TPU=35000|AUR=35000|rfpa_therm=31728|quiet_therm=32395|charging_therm=34221|,BIG=37000|MID=38000|usb_pwr_therm=30014|btmspkr_therm=30014|disp_therm=29991|north_therm=30815|soc_therm=34221|battery=30500|battery_cycle=5|dc-mains=34500|usbc-therm-adc=345|max77779fg=30500|LITTLE=37000|soc=8|smpl_gm=0|vdroop1=0|batoilo=0|batoilo2=0|batt_vs=30496|mdis_morepower=0|thb_hda=51|cp_on_chip_0=35000|cp_on_chip_1=36000|G3D=36000|cp_on_chip_2=36000|cp_on_chip_3=34000|cp_on_chip_4=34000|rf2_therm=32000|rf1_therm=33000|ISP=35000|TPU=36000|AUR=35000|rfpa_therm=31728|quiet_therm=32395|charging_therm=34221|,ok,39000,37000,0,37000,1,single,touched,4096,4096,20,4096,3707194,4096,2961019,0,4,4,ok
1,22,nvhe,4,578000,1945000,38000,39000,BIG=37000|MID=37000|usb_pwr_therm=30014|btmspkr_therm=30014|disp_therm=29991|north_therm=30815|soc_therm=34221|battery=30500|battery_cycle=5|dc-mains=34500|usbc-therm-adc=345|max77779fg=30500|LITTLE=37000|soc=8|smpl_gm=0|vdroop1=0|batoilo=0|batoilo2=0|batt_vs=30495|mdis_morepower=0|thb_hda=51|cp_on_chip_0=35000|cp_on_chip_1=36000|G3D=36000|cp_on_chip_2=36000|cp_on_chip_3=34000|cp_on_chip_4=34000|rf2_therm=32000|rf1_therm=33000|ISP=34000|TPU=35000|AUR=35000|rfpa_therm=31728|quiet_therm=32395|charging_therm=34221|,BIG=37000|MID=38000|usb_pwr_therm=30014|btmspkr_therm=30014|disp_therm=29991|north_therm=30815|soc_therm=34221|battery=30500|battery_cycle=5|dc-mains=34500|usbc-therm-adc=345|max77779fg=30500|LITTLE=37000|soc=8|smpl_gm=0|vdroop1=0|batoilo=0|batoilo2=0|batt_vs=30496|mdis_morepower=0|thb_hda=51|cp_on_chip_0=35000|cp_on_chip_1=36000|G3D=36000|cp_on_chip_2=36000|cp_on_chip_3=34000|cp_on_chip_4=34000|rf2_therm=32000|rf1_therm=33000|ISP=35000|TPU=36000|AUR=35000|rfpa_therm=31728|quiet_therm=32395|charging_therm=34221|,ok,39000,37000,0,37000,1,single,touched,4096,4096,21,4096,3702108,4096,2945638,0,4,4,ok
1,22,nvhe,4,578000,1945000,38000,39000,BIG=37000|MID=37000|usb_pwr_therm=30014|btmspkr_therm=30014|disp_therm=29991|north_therm=30815|soc_therm=34221|battery=30500|battery_cycle=5|dc-mains=34500|usbc-therm-adc=345|max77779fg=30500|LITTLE=37000|soc=8|smpl_gm=0|vdroop1=0|batoilo=0|batoilo2=0|batt_vs=30495|mdis_morepower=0|thb_hda=51|cp_on_chip_0=35000|cp_on_chip_1=36000|G3D=36000|cp_on_chip_2=36000|cp_on_chip_3=34000|cp_on_chip_4=34000|rf2_therm=32000|rf1_therm=33000|ISP=34000|TPU=35000|AUR=35000|rfpa_therm=31728|quiet_therm=32395|charging_therm=34221|,BIG=37000|MID=38000|usb_pwr_therm=30014|btmspkr_therm=30014|disp_therm=29991|north_therm=30815|soc_therm=34221|battery=30500|battery_cycle=5|dc-mains=34500|usbc-therm-adc=345|max77779fg=30500|LITTLE=37000|soc=8|smpl_gm=0|vdroop1=0|batoilo=0|batoilo2=0|batt_vs=30496|mdis_morepower=0|thb_hda=51|cp_on_chip_0=35000|cp_on_chip_1=36000|G3D=36000|cp_on_chip_2=36000|cp_on_chip_3=34000|cp_on_chip_4=34000|rf2_therm=32000|rf1_therm=33000|ISP=35000|TPU=36000|AUR=35000|rfpa_therm=31728|quiet_therm=32395|charging_therm=34221|,ok,39000,37000,0,37000,1,single,touched,4096,4096,22,4096,3798218,4096,3096720,0,4,4,ok
1,22,nvhe,4,578000,1945000,38000,39000,BIG=37000|MID=37000|usb_pwr_therm=30014|btmspkr_therm=30014|disp_therm=29991|north_therm=30815|soc_therm=34221|battery=30500|battery_cycle=5|dc-mains=34500|usbc-therm-adc=345|max77779fg=30500|LITTLE=37000|soc=8|smpl_gm=0|vdroop1=0|batoilo=0|batoilo2=0|batt_vs=30495|mdis_morepower=0|thb_hda=51|cp_on_chip_0=35000|cp_on_chip_1=36000|G3D=36000|cp_on_chip_2=36000|cp_on_chip_3=34000|cp_on_chip_4=34000|rf2_therm=32000|rf1_therm=33000|ISP=34000|TPU=35000|AUR=35000|rfpa_therm=31728|quiet_therm=32395|charging_therm=34221|,BIG=37000|MID=38000|usb_pwr_therm=30014|btmspkr_therm=30014|disp_therm=29991|north_therm=30815|soc_therm=34221|battery=30500|battery_cycle=5|dc-mains=34500|usbc-therm-adc=345|max77779fg=30500|LITTLE=37000|soc=8|smpl_gm=0|vdroop1=0|batoilo=0|batoilo2=0|batt_vs=30496|mdis_morepower=0|thb_hda=51|cp_on_chip_0=35000|cp_on_chip_1=36000|G3D=36000|cp_on_chip_2=36000|cp_on_chip_3=34000|cp_on_chip_4=34000|rf2_therm=32000|rf1_therm=33000|ISP=35000|TPU=36000|AUR=35000|rfpa_therm=31728|quiet_therm=32395|charging_therm=34221|,ok,39000,37000,0,37000,1,single,touched,4096,4096,23,4096,3710083,4096,2912883,0,4,4,ok
1,22,nvhe,4,578000,1945000,38000,39000,BIG=37000|MID=37000|usb_pwr_therm=30014|btmspkr_therm=30014|disp_therm=29991|north_therm=30815|soc_therm=34221|battery=30500|battery_cycle=5|dc-mains=34500|usbc-therm-adc=345|max77779fg=30500|LITTLE=37000|soc=8|smpl_gm=0|vdroop1=0|batoilo=0|batoilo2=0|batt_vs=30495|mdis_morepower=0|thb_hda=51|cp_on_chip_0=35000|cp_on_chip_1=36000|G3D=36000|cp_on_chip_2=36000|cp_on_chip_3=34000|cp_on_chip_4=34000|rf2_therm=32000|rf1_therm=33000|ISP=34000|TPU=35000|AUR=35000|rfpa_therm=31728|quiet_therm=32395|charging_therm=34221|,BIG=37000|MID=38000|usb_pwr_therm=30014|btmspkr_therm=30014|disp_therm=29991|north_therm=30815|soc_therm=34221|battery=30500|battery_cycle=5|dc-mains=34500|usbc-therm-adc=345|max77779fg=30500|LITTLE=37000|soc=8|smpl_gm=0|vdroop1=0|batoilo=0|batoilo2=0|batt_vs=30496|mdis_morepower=0|thb_hda=51|cp_on_chip_0=35000|cp_on_chip_1=36000|G3D=36000|cp_on_chip_2=36000|cp_on_chip_3=34000|cp_on_chip_4=34000|rf2_therm=32000|rf1_therm=33000|ISP=35000|TPU=36000|AUR=35000|rfpa_therm=31728|quiet_therm=32395|charging_therm=34221|,ok,39000,37000,0,37000,1,single,touched,4096,4096,24,4096,3715657,4096,3134684,0,4,4,ok
1,22,nvhe,4,578000,1945000,38000,39000,BIG=37000|MID=37000|usb_pwr_therm=30014|btmspkr_therm=30014|disp_therm=29991|north_therm=30815|soc_therm=34221|battery=30500|battery_cycle=5|dc-mains=34500|usbc-therm-adc=345|max77779fg=30500|LITTLE=37000|soc=8|smpl_gm=0|vdroop1=0|batoilo=0|batoilo2=0|batt_vs=30495|mdis_morepower=0|thb_hda=51|cp_on_chip_0=35000|cp_on_chip_1=36000|G3D=36000|cp_on_chip_2=36000|cp_on_chip_3=34000|cp_on_chip_4=34000|rf2_therm=32000|rf1_therm=33000|ISP=34000|TPU=35000|AUR=35000|rfpa_therm=31728|quiet_therm=32395|charging_therm=34221|,BIG=37000|MID=38000|usb_pwr_therm=30014|btmspkr_therm=30014|disp_therm=29991|north_therm=30815|soc_therm=34221|battery=30500|battery_cycle=5|dc-mains=34500|usbc-therm-adc=345|max77779fg=30500|LITTLE=37000|soc=8|smpl_gm=0|vdroop1=0|batoilo=0|batoilo2=0|batt_vs=30496|mdis_morepower=0|thb_hda=51|cp_on_chip_0=35000|cp_on_chip_1=36000|G3D=36000|cp_on_chip_2=36000|cp_on_chip_3=34000|cp_on_chip_4=34000|rf2_therm=32000|rf1_therm=33000|ISP=35000|TPU=36000|AUR=35000|rfpa_therm=31728|quiet_therm=32395|charging_therm=34221|,ok,39000,37000,0,37000,1,single,touched,4096,4096,25,4096,3702556,4096,3117106,0,4,4,ok
1,22,nvhe,4,578000,1945000,38000,39000,BIG=37000|MID=37000|usb_pwr_therm=30014|btmspkr_therm=30014|disp_therm=29991|north_therm=30815|soc_therm=34221|battery=30500|battery_cycle=5|dc-mains=34500|usbc-therm-adc=345|max77779fg=30500|LITTLE=37000|soc=8|smpl_gm=0|vdroop1=0|batoilo=0|batoilo2=0|batt_vs=30495|mdis_morepower=0|thb_hda=51|cp_on_chip_0=35000|cp_on_chip_1=36000|G3D=36000|cp_on_chip_2=36000|cp_on_chip_3=34000|cp_on_chip_4=34000|rf2_therm=32000|rf1_therm=33000|ISP=34000|TPU=35000|AUR=35000|rfpa_therm=31728|quiet_therm=32395|charging_therm=34221|,BIG=37000|MID=38000|usb_pwr_therm=30014|btmspkr_therm=30014|disp_therm=29991|north_therm=30815|soc_therm=34221|battery=30500|battery_cycle=5|dc-mains=34500|usbc-therm-adc=345|max77779fg=30500|LITTLE=37000|soc=8|smpl_gm=0|vdroop1=0|batoilo=0|batoilo2=0|batt_vs=30496|mdis_morepower=0|thb_hda=51|cp_on_chip_0=35000|cp_on_chip_1=36000|G3D=36000|cp_on_chip_2=36000|cp_on_chip_3=34000|cp_on_chip_4=34000|rf2_therm=32000|rf1_therm=33000|ISP=35000|TPU=36000|AUR=35000|rfpa_therm=31728|quiet_therm=32395|charging_therm=34221|,ok,39000,37000,0,37000,1,single,touched,4096,4096,26,4096,3802693,4096,2935181,0,4,4,ok
1,22,nvhe,4,578000,1945000,38000,39000,BIG=37000|MID=37000|usb_pwr_therm=30014|btmspkr_therm=30014|disp_therm=29991|north_therm=30815|soc_therm=34221|battery=30500|battery_cycle=5|dc-mains=34500|usbc-therm-adc=345|max77779fg=30500|LITTLE=37000|soc=8|smpl_gm=0|vdroop1=0|batoilo=0|batoilo2=0|batt_vs=30495|mdis_morepower=0|thb_hda=51|cp_on_chip_0=35000|cp_on_chip_1=36000|G3D=36000|cp_on_chip_2=36000|cp_on_chip_3=34000|cp_on_chip_4=34000|rf2_therm=32000|rf1_therm=33000|ISP=34000|TPU=35000|AUR=35000|rfpa_therm=31728|quiet_therm=32395|charging_therm=34221|,BIG=37000|MID=38000|usb_pwr_therm=30014|btmspkr_therm=30014|disp_therm=29991|north_therm=30815|soc_therm=34221|battery=30500|battery_cycle=5|dc-mains=34500|usbc-therm-adc=345|max77779fg=30500|LITTLE=37000|soc=8|smpl_gm=0|vdroop1=0|batoilo=0|batoilo2=0|batt_vs=30496|mdis_morepower=0|thb_hda=51|cp_on_chip_0=35000|cp_on_chip_1=36000|G3D=36000|cp_on_chip_2=36000|cp_on_chip_3=34000|cp_on_chip_4=34000|rf2_therm=32000|rf1_therm=33000|ISP=35000|TPU=36000|AUR=35000|rfpa_therm=31728|quiet_therm=32395|charging_therm=34221|,ok,39000,37000,0,37000,1,single,touched,4096,4096,27,4096,3743693,4096,3221355,0,4,4,ok
1,22,nvhe,4,578000,1945000,38000,39000,BIG=37000|MID=37000|usb_pwr_therm=30014|btmspkr_therm=30014|disp_therm=29991|north_therm=30815|soc_therm=34221|battery=30500|battery_cycle=5|dc-mains=34500|usbc-therm-adc=345|max77779fg=30500|LITTLE=37000|soc=8|smpl_gm=0|vdroop1=0|batoilo=0|batoilo2=0|batt_vs=30495|mdis_morepower=0|thb_hda=51|cp_on_chip_0=35000|cp_on_chip_1=36000|G3D=36000|cp_on_chip_2=36000|cp_on_chip_3=34000|cp_on_chip_4=34000|rf2_therm=32000|rf1_therm=33000|ISP=34000|TPU=35000|AUR=35000|rfpa_therm=31728|quiet_therm=32395|charging_therm=34221|,BIG=37000|MID=38000|usb_pwr_therm=30014|btmspkr_therm=30014|disp_therm=29991|north_therm=30815|soc_therm=34221|battery=30500|battery_cycle=5|dc-mains=34500|usbc-therm-adc=345|max77779fg=30500|LITTLE=37000|soc=8|smpl_gm=0|vdroop1=0|batoilo=0|batoilo2=0|batt_vs=30496|mdis_morepower=0|thb_hda=51|cp_on_chip_0=35000|cp_on_chip_1=36000|G3D=36000|cp_on_chip_2=36000|cp_on_chip_3=34000|cp_on_chip_4=34000|rf2_therm=32000|rf1_therm=33000|ISP=35000|TPU=36000|AUR=35000|rfpa_therm=31728|quiet_therm=32395|charging_therm=34221|,ok,39000,37000,0,37000,1,single,touched,4096,4096,28,4096,3742024,4096,2935506,0,4,4,ok
1,22,nvhe,4,578000,1945000,38000,39000,BIG=37000|MID=37000|usb_pwr_therm=30014|btmspkr_therm=30014|disp_therm=29991|north_therm=30815|soc_therm=34221|battery=30500|battery_cycle=5|dc-mains=34500|usbc-therm-adc=345|max77779fg=30500|LITTLE=37000|soc=8|smpl_gm=0|vdroop1=0|batoilo=0|batoilo2=0|batt_vs=30495|mdis_morepower=0|thb_hda=51|cp_on_chip_0=35000|cp_on_chip_1=36000|G3D=36000|cp_on_chip_2=36000|cp_on_chip_3=34000|cp_on_chip_4=34000|rf2_therm=32000|rf1_therm=33000|ISP=34000|TPU=35000|AUR=35000|rfpa_therm=31728|quiet_therm=32395|charging_therm=34221|,BIG=37000|MID=38000|usb_pwr_therm=30014|btmspkr_therm=30014|disp_therm=29991|north_therm=30815|soc_therm=34221|battery=30500|battery_cycle=5|dc-mains=34500|usbc-therm-adc=345|max77779fg=30500|LITTLE=37000|soc=8|smpl_gm=0|vdroop1=0|batoilo=0|batoilo2=0|batt_vs=30496|mdis_morepower=0|thb_hda=51|cp_on_chip_0=35000|cp_on_chip_1=36000|G3D=36000|cp_on_chip_2=36000|cp_on_chip_3=34000|cp_on_chip_4=34000|rf2_therm=32000|rf1_therm=33000|ISP=35000|TPU=36000|AUR=35000|rfpa_therm=31728|quiet_therm=32395|charging_therm=34221|,ok,39000,37000,0,37000,1,single,touched,4096,4096,29,4096,3840007,4096,3122843,0,4,4,ok
1,23,nvhe,4,578000,1795000,37000,40000,BIG=36000|MID=37000|usb_pwr_therm=30014|btmspkr_therm=30014|disp_therm=29991|north_therm=30815|soc_therm=34221|battery=30500|battery_cycle=5|dc-mains=34500|usbc-therm-adc=345|max77779fg=30500|LITTLE=37000|soc=8|smpl_gm=0|vdroop1=0|batoilo=0|batoilo2=0|batt_vs=30495|mdis_morepower=0|thb_hda=51|cp_on_chip_0=35000|cp_on_chip_1=36000|G3D=35000|cp_on_chip_2=36000|cp_on_chip_3=34000|cp_on_chip_4=34000|rf2_therm=32000|rf1_therm=33000|ISP=35000|TPU=35000|AUR=35000|rfpa_therm=31750|quiet_therm=32418|charging_therm=34243|,BIG=39000|MID=37000|usb_pwr_therm=30014|btmspkr_therm=30014|disp_therm=29991|north_therm=30815|soc_therm=34221|battery=30500|battery_cycle=5|dc-mains=34500|usbc-therm-adc=345|max77779fg=30500|LITTLE=37000|soc=8|smpl_gm=0|vdroop1=0|batoilo=0|batoilo2=0|batt_vs=30496|mdis_morepower=0|thb_hda=51|cp_on_chip_0=35000|cp_on_chip_1=36000|G3D=36000|cp_on_chip_2=36000|cp_on_chip_3=34000|cp_on_chip_4=34000|rf2_therm=32000|rf1_therm=33000|ISP=35000|TPU=36000|AUR=36000|rfpa_therm=31750|quiet_therm=32418|charging_therm=34265|,ok,39000,39000,5,36000,1,single,touched,4096,8192,0,8192,14046143,8192,9691854,0,4,4,ok
1,23,nvhe,4,578000,1795000,37000,40000,BIG=36000|MID=37000|usb_pwr_therm=30014|btmspkr_therm=30014|disp_therm=29991|north_therm=30815|soc_therm=34221|battery=30500|battery_cycle=5|dc-mains=34500|usbc-therm-adc=345|max77779fg=30500|LITTLE=37000|soc=8|smpl_gm=0|vdroop1=0|batoilo=0|batoilo2=0|batt_vs=30495|mdis_morepower=0|thb_hda=51|cp_on_chip_0=35000|cp_on_chip_1=36000|G3D=35000|cp_on_chip_2=36000|cp_on_chip_3=34000|cp_on_chip_4=34000|rf2_therm=32000|rf1_therm=33000|ISP=35000|TPU=35000|AUR=35000|rfpa_therm=31750|quiet_therm=32418|charging_therm=34243|,BIG=39000|MID=37000|usb_pwr_therm=30014|btmspkr_therm=30014|disp_therm=29991|north_therm=30815|soc_therm=34221|battery=30500|battery_cycle=5|dc-mains=34500|usbc-therm-adc=345|max77779fg=30500|LITTLE=37000|soc=8|smpl_gm=0|vdroop1=0|batoilo=0|batoilo2=0|batt_vs=30496|mdis_morepower=0|thb_hda=51|cp_on_chip_0=35000|cp_on_chip_1=36000|G3D=36000|cp_on_chip_2=36000|cp_on_chip_3=34000|cp_on_chip_4=34000|rf2_therm=32000|rf1_therm=33000|ISP=35000|TPU=36000|AUR=36000|rfpa_therm=31750|quiet_therm=32418|charging_therm=34265|,ok,39000,39000,5,36000,1,single,touched,4096,8192,1,8192,8955730,8192,7562459,0,4,4,ok
1,23,nvhe,4,578000,1795000,37000,40000,BIG=36000|MID=37000|usb_pwr_therm=30014|btmspkr_therm=30014|disp_therm=29991|north_therm=30815|soc_therm=34221|battery=30500|battery_cycle=5|dc-mains=34500|usbc-therm-adc=345|max77779fg=30500|LITTLE=37000|soc=8|smpl_gm=0|vdroop1=0|batoilo=0|batoilo2=0|batt_vs=30495|mdis_morepower=0|thb_hda=51|cp_on_chip_0=35000|cp_on_chip_1=36000|G3D=35000|cp_on_chip_2=36000|cp_on_chip_3=34000|cp_on_chip_4=34000|rf2_therm=32000|rf1_therm=33000|ISP=35000|TPU=35000|AUR=35000|rfpa_therm=31750|quiet_therm=32418|charging_therm=34243|,BIG=39000|MID=37000|usb_pwr_therm=30014|btmspkr_therm=30014|disp_therm=29991|north_therm=30815|soc_therm=34221|battery=30500|battery_cycle=5|dc-mains=34500|usbc-therm-adc=345|max77779fg=30500|LITTLE=37000|soc=8|smpl_gm=0|vdroop1=0|batoilo=0|batoilo2=0|batt_vs=30496|mdis_morepower=0|thb_hda=51|cp_on_chip_0=35000|cp_on_chip_1=36000|G3D=36000|cp_on_chip_2=36000|cp_on_chip_3=34000|cp_on_chip_4=34000|rf2_therm=32000|rf1_therm=33000|ISP=35000|TPU=36000|AUR=36000|rfpa_therm=31750|quiet_therm=32418|charging_therm=34265|,ok,39000,39000,5,36000,1,single,touched,4096,8192,2,8192,8430461,8192,7312378,0,4,4,ok
1,23,nvhe,4,578000,1795000,37000,40000,BIG=36000|MID=37000|usb_pwr_therm=30014|btmspkr_therm=30014|disp_therm=29991|north_therm=30815|soc_therm=34221|battery=30500|battery_cycle=5|dc-mains=34500|usbc-therm-adc=345|max77779fg=30500|LITTLE=37000|soc=8|smpl_gm=0|vdroop1=0|batoilo=0|batoilo2=0|batt_vs=30495|mdis_morepower=0|thb_hda=51|cp_on_chip_0=35000|cp_on_chip_1=36000|G3D=35000|cp_on_chip_2=36000|cp_on_chip_3=34000|cp_on_chip_4=34000|rf2_therm=32000|rf1_therm=33000|ISP=35000|TPU=35000|AUR=35000|rfpa_therm=31750|quiet_therm=32418|charging_therm=34243|,BIG=39000|MID=37000|usb_pwr_therm=30014|btmspkr_therm=30014|disp_therm=29991|north_therm=30815|soc_therm=34221|battery=30500|battery_cycle=5|dc-mains=34500|usbc-therm-adc=345|max77779fg=30500|LITTLE=37000|soc=8|smpl_gm=0|vdroop1=0|batoilo=0|batoilo2=0|batt_vs=30496|mdis_morepower=0|thb_hda=51|cp_on_chip_0=35000|cp_on_chip_1=36000|G3D=36000|cp_on_chip_2=36000|cp_on_chip_3=34000|cp_on_chip_4=34000|rf2_therm=32000|rf1_therm=33000|ISP=35000|TPU=36000|AUR=36000|rfpa_therm=31750|quiet_therm=32418|charging_therm=34265|,ok,39000,39000,5,36000,1,single,touched,4096,8192,3,8192,8045614,8192,7290121,0,4,4,ok
1,23,nvhe,4,578000,1795000,37000,40000,BIG=36000|MID=37000|usb_pwr_therm=30014|btmspkr_therm=30014|disp_therm=29991|north_therm=30815|soc_therm=34221|battery=30500|battery_cycle=5|dc-mains=34500|usbc-therm-adc=345|max77779fg=30500|LITTLE=37000|soc=8|smpl_gm=0|vdroop1=0|batoilo=0|batoilo2=0|batt_vs=30495|mdis_morepower=0|thb_hda=51|cp_on_chip_0=35000|cp_on_chip_1=36000|G3D=35000|cp_on_chip_2=36000|cp_on_chip_3=34000|cp_on_chip_4=34000|rf2_therm=32000|rf1_therm=33000|ISP=35000|TPU=35000|AUR=35000|rfpa_therm=31750|quiet_therm=32418|charging_therm=34243|,BIG=39000|MID=37000|usb_pwr_therm=30014|btmspkr_therm=30014|disp_therm=29991|north_therm=30815|soc_therm=34221|battery=30500|battery_cycle=5|dc-mains=34500|usbc-therm-adc=345|max77779fg=30500|LITTLE=37000|soc=8|smpl_gm=0|vdroop1=0|batoilo=0|batoilo2=0|batt_vs=30496|mdis_morepower=0|thb_hda=51|cp_on_chip_0=35000|cp_on_chip_1=36000|G3D=36000|cp_on_chip_2=36000|cp_on_chip_3=34000|cp_on_chip_4=34000|rf2_therm=32000|rf1_therm=33000|ISP=35000|TPU=36000|AUR=36000|rfpa_therm=31750|quiet_therm=32418|charging_therm=34265|,ok,39000,39000,5,36000,1,single,touched,4096,8192,4,8192,8137776,8192,7310588,0,4,4,ok
1,23,nvhe,4,578000,1795000,37000,40000,BIG=36000|MID=37000|usb_pwr_therm=30014|btmspkr_therm=30014|disp_therm=29991|north_therm=30815|soc_therm=34221|battery=30500|battery_cycle=5|dc-mains=34500|usbc-therm-adc=345|max77779fg=30500|LITTLE=37000|soc=8|smpl_gm=0|vdroop1=0|batoilo=0|batoilo2=0|batt_vs=30495|mdis_morepower=0|thb_hda=51|cp_on_chip_0=35000|cp_on_chip_1=36000|G3D=35000|cp_on_chip_2=36000|cp_on_chip_3=34000|cp_on_chip_4=34000|rf2_therm=32000|rf1_therm=33000|ISP=35000|TPU=35000|AUR=35000|rfpa_therm=31750|quiet_therm=32418|charging_therm=34243|,BIG=39000|MID=37000|usb_pwr_therm=30014|btmspkr_therm=30014|disp_therm=29991|north_therm=30815|soc_therm=34221|battery=30500|battery_cycle=5|dc-mains=34500|usbc-therm-adc=345|max77779fg=30500|LITTLE=37000|soc=8|smpl_gm=0|vdroop1=0|batoilo=0|batoilo2=0|batt_vs=30496|mdis_morepower=0|thb_hda=51|cp_on_chip_0=35000|cp_on_chip_1=36000|G3D=36000|cp_on_chip_2=36000|cp_on_chip_3=34000|cp_on_chip_4=34000|rf2_therm=32000|rf1_therm=33000|ISP=35000|TPU=36000|AUR=36000|rfpa_therm=31750|quiet_therm=32418|charging_therm=34265|,ok,39000,39000,5,36000,1,single,touched,4096,8192,5,8192,8027832,8192,7243286,0,4,4,ok
1,23,nvhe,4,578000,1795000,37000,40000,BIG=36000|MID=37000|usb_pwr_therm=30014|btmspkr_therm=30014|disp_therm=29991|north_therm=30815|soc_therm=34221|battery=30500|battery_cycle=5|dc-mains=34500|usbc-therm-adc=345|max77779fg=30500|LITTLE=37000|soc=8|smpl_gm=0|vdroop1=0|batoilo=0|batoilo2=0|batt_vs=30495|mdis_morepower=0|thb_hda=51|cp_on_chip_0=35000|cp_on_chip_1=36000|G3D=35000|cp_on_chip_2=36000|cp_on_chip_3=34000|cp_on_chip_4=34000|rf2_therm=32000|rf1_therm=33000|ISP=35000|TPU=35000|AUR=35000|rfpa_therm=31750|quiet_therm=32418|charging_therm=34243|,BIG=39000|MID=37000|usb_pwr_therm=30014|btmspkr_therm=30014|disp_therm=29991|north_therm=30815|soc_therm=34221|battery=30500|battery_cycle=5|dc-mains=34500|usbc-therm-adc=345|max77779fg=30500|LITTLE=37000|soc=8|smpl_gm=0|vdroop1=0|batoilo=0|batoilo2=0|batt_vs=30496|mdis_morepower=0|thb_hda=51|cp_on_chip_0=35000|cp_on_chip_1=36000|G3D=36000|cp_on_chip_2=36000|cp_on_chip_3=34000|cp_on_chip_4=34000|rf2_therm=32000|rf1_therm=33000|ISP=35000|TPU=36000|AUR=36000|rfpa_therm=31750|quiet_therm=32418|charging_therm=34265|,ok,39000,39000,5,36000,1,single,touched,4096,8192,6,8192,7891154,8192,7474568,0,4,4,ok
1,23,nvhe,4,578000,1795000,37000,40000,BIG=36000|MID=37000|usb_pwr_therm=30014|btmspkr_therm=30014|disp_therm=29991|north_therm=30815|soc_therm=34221|battery=30500|battery_cycle=5|dc-mains=34500|usbc-therm-adc=345|max77779fg=30500|LITTLE=37000|soc=8|smpl_gm=0|vdroop1=0|batoilo=0|batoilo2=0|batt_vs=30495|mdis_morepower=0|thb_hda=51|cp_on_chip_0=35000|cp_on_chip_1=36000|G3D=35000|cp_on_chip_2=36000|cp_on_chip_3=34000|cp_on_chip_4=34000|rf2_therm=32000|rf1_therm=33000|ISP=35000|TPU=35000|AUR=35000|rfpa_therm=31750|quiet_therm=32418|charging_therm=34243|,BIG=39000|MID=37000|usb_pwr_therm=30014|btmspkr_therm=30014|disp_therm=29991|north_therm=30815|soc_therm=34221|battery=30500|battery_cycle=5|dc-mains=34500|usbc-therm-adc=345|max77779fg=30500|LITTLE=37000|soc=8|smpl_gm=0|vdroop1=0|batoilo=0|batoilo2=0|batt_vs=30496|mdis_morepower=0|thb_hda=51|cp_on_chip_0=35000|cp_on_chip_1=36000|G3D=36000|cp_on_chip_2=36000|cp_on_chip_3=34000|cp_on_chip_4=34000|rf2_therm=32000|rf1_therm=33000|ISP=35000|TPU=36000|AUR=36000|rfpa_therm=31750|quiet_therm=32418|charging_therm=34265|,ok,39000,39000,5,36000,1,single,touched,4096,8192,7,8192,7820434,8192,7373454,0,4,4,ok
1,23,nvhe,4,578000,1795000,37000,40000,BIG=36000|MID=37000|usb_pwr_therm=30014|btmspkr_therm=30014|disp_therm=29991|north_therm=30815|soc_therm=34221|battery=30500|battery_cycle=5|dc-mains=34500|usbc-therm-adc=345|max77779fg=30500|LITTLE=37000|soc=8|smpl_gm=0|vdroop1=0|batoilo=0|batoilo2=0|batt_vs=30495|mdis_morepower=0|thb_hda=51|cp_on_chip_0=35000|cp_on_chip_1=36000|G3D=35000|cp_on_chip_2=36000|cp_on_chip_3=34000|cp_on_chip_4=34000|rf2_therm=32000|rf1_therm=33000|ISP=35000|TPU=35000|AUR=35000|rfpa_therm=31750|quiet_therm=32418|charging_therm=34243|,BIG=39000|MID=37000|usb_pwr_therm=30014|btmspkr_therm=30014|disp_therm=29991|north_therm=30815|soc_therm=34221|battery=30500|battery_cycle=5|dc-mains=34500|usbc-therm-adc=345|max77779fg=30500|LITTLE=37000|soc=8|smpl_gm=0|vdroop1=0|batoilo=0|batoilo2=0|batt_vs=30496|mdis_morepower=0|thb_hda=51|cp_on_chip_0=35000|cp_on_chip_1=36000|G3D=36000|cp_on_chip_2=36000|cp_on_chip_3=34000|cp_on_chip_4=34000|rf2_therm=32000|rf1_therm=33000|ISP=35000|TPU=36000|AUR=36000|rfpa_therm=31750|quiet_therm=32418|charging_therm=34265|,ok,39000,39000,5,36000,1,single,touched,4096,8192,8,8192,7842326,8192,6999145,0,4,4,ok
1,23,nvhe,4,578000,1795000,37000,40000,BIG=36000|MID=37000|usb_pwr_therm=30014|btmspkr_therm=30014|disp_therm=29991|north_therm=30815|soc_therm=34221|battery=30500|battery_cycle=5|dc-mains=34500|usbc-therm-adc=345|max77779fg=30500|LITTLE=37000|soc=8|smpl_gm=0|vdroop1=0|batoilo=0|batoilo2=0|batt_vs=30495|mdis_morepower=0|thb_hda=51|cp_on_chip_0=35000|cp_on_chip_1=36000|G3D=35000|cp_on_chip_2=36000|cp_on_chip_3=34000|cp_on_chip_4=34000|rf2_therm=32000|rf1_therm=33000|ISP=35000|TPU=35000|AUR=35000|rfpa_therm=31750|quiet_therm=32418|charging_therm=34243|,BIG=39000|MID=37000|usb_pwr_therm=30014|btmspkr_therm=30014|disp_therm=29991|north_therm=30815|soc_therm=34221|battery=30500|battery_cycle=5|dc-mains=34500|usbc-therm-adc=345|max77779fg=30500|LITTLE=37000|soc=8|smpl_gm=0|vdroop1=0|batoilo=0|batoilo2=0|batt_vs=30496|mdis_morepower=0|thb_hda=51|cp_on_chip_0=35000|cp_on_chip_1=36000|G3D=36000|cp_on_chip_2=36000|cp_on_chip_3=34000|cp_on_chip_4=34000|rf2_therm=32000|rf1_therm=33000|ISP=35000|TPU=36000|AUR=36000|rfpa_therm=31750|quiet_therm=32418|charging_therm=34265|,ok,39000,39000,5,36000,1,single,touched,4096,8192,9,8192,7723022,8192,7146566,0,4,4,ok
1,23,nvhe,4,578000,1795000,37000,40000,BIG=36000|MID=37000|usb_pwr_therm=30014|btmspkr_therm=30014|disp_therm=29991|north_therm=30815|soc_therm=34221|battery=30500|battery_cycle=5|dc-mains=34500|usbc-therm-adc=345|max77779fg=30500|LITTLE=37000|soc=8|smpl_gm=0|vdroop1=0|batoilo=0|batoilo2=0|batt_vs=30495|mdis_morepower=0|thb_hda=51|cp_on_chip_0=35000|cp_on_chip_1=36000|G3D=35000|cp_on_chip_2=36000|cp_on_chip_3=34000|cp_on_chip_4=34000|rf2_therm=32000|rf1_therm=33000|ISP=35000|TPU=35000|AUR=35000|rfpa_therm=31750|quiet_therm=32418|charging_therm=34243|,BIG=39000|MID=37000|usb_pwr_therm=30014|btmspkr_therm=30014|disp_therm=29991|north_therm=30815|soc_therm=34221|battery=30500|battery_cycle=5|dc-mains=34500|usbc-therm-adc=345|max77779fg=30500|LITTLE=37000|soc=8|smpl_gm=0|vdroop1=0|batoilo=0|batoilo2=0|batt_vs=30496|mdis_morepower=0|thb_hda=51|cp_on_chip_0=35000|cp_on_chip_1=36000|G3D=36000|cp_on_chip_2=36000|cp_on_chip_3=34000|cp_on_chip_4=34000|rf2_therm=32000|rf1_therm=33000|ISP=35000|TPU=36000|AUR=36000|rfpa_therm=31750|quiet_therm=32418|charging_therm=34265|,ok,39000,39000,5,36000,1,single,touched,4096,8192,10,8192,7803101,8192,7136108,0,4,4,ok
1,23,nvhe,4,578000,1795000,37000,40000,BIG=36000|MID=37000|usb_pwr_therm=30014|btmspkr_therm=30014|disp_therm=29991|north_therm=30815|soc_therm=34221|battery=30500|battery_cycle=5|dc-mains=34500|usbc-therm-adc=345|max77779fg=30500|LITTLE=37000|soc=8|smpl_gm=0|vdroop1=0|batoilo=0|batoilo2=0|batt_vs=30495|mdis_morepower=0|thb_hda=51|cp_on_chip_0=35000|cp_on_chip_1=36000|G3D=35000|cp_on_chip_2=36000|cp_on_chip_3=34000|cp_on_chip_4=34000|rf2_therm=32000|rf1_therm=33000|ISP=35000|TPU=35000|AUR=35000|rfpa_therm=31750|quiet_therm=32418|charging_therm=34243|,BIG=39000|MID=37000|usb_pwr_therm=30014|btmspkr_therm=30014|disp_therm=29991|north_therm=30815|soc_therm=34221|battery=30500|battery_cycle=5|dc-mains=34500|usbc-therm-adc=345|max77779fg=30500|LITTLE=37000|soc=8|smpl_gm=0|vdroop1=0|batoilo=0|batoilo2=0|batt_vs=30496|mdis_morepower=0|thb_hda=51|cp_on_chip_0=35000|cp_on_chip_1=36000|G3D=36000|cp_on_chip_2=36000|cp_on_chip_3=34000|cp_on_chip_4=34000|rf2_therm=32000|rf1_therm=33000|ISP=35000|TPU=36000|AUR=36000|rfpa_therm=31750|quiet_therm=32418|charging_therm=34265|,ok,39000,39000,5,36000,1,single,touched,4096,8192,11,8192,7770182,8192,6082682,0,4,4,ok
1,23,nvhe,4,578000,1795000,37000,40000,BIG=36000|MID=37000|usb_pwr_therm=30014|btmspkr_therm=30014|disp_therm=29991|north_therm=30815|soc_therm=34221|battery=30500|battery_cycle=5|dc-mains=34500|usbc-therm-adc=345|max77779fg=30500|LITTLE=37000|soc=8|smpl_gm=0|vdroop1=0|batoilo=0|batoilo2=0|batt_vs=30495|mdis_morepower=0|thb_hda=51|cp_on_chip_0=35000|cp_on_chip_1=36000|G3D=35000|cp_on_chip_2=36000|cp_on_chip_3=34000|cp_on_chip_4=34000|rf2_therm=32000|rf1_therm=33000|ISP=35000|TPU=35000|AUR=35000|rfpa_therm=31750|quiet_therm=32418|charging_therm=34243|,BIG=39000|MID=37000|usb_pwr_therm=30014|btmspkr_therm=30014|disp_therm=29991|north_therm=30815|soc_therm=34221|battery=30500|battery_cycle=5|dc-mains=34500|usbc-therm-adc=345|max77779fg=30500|LITTLE=37000|soc=8|smpl_gm=0|vdroop1=0|batoilo=0|batoilo2=0|batt_vs=30496|mdis_morepower=0|thb_hda=51|cp_on_chip_0=35000|cp_on_chip_1=36000|G3D=36000|cp_on_chip_2=36000|cp_on_chip_3=34000|cp_on_chip_4=34000|rf2_therm=32000|rf1_therm=33000|ISP=35000|TPU=36000|AUR=36000|rfpa_therm=31750|quiet_therm=32418|charging_therm=34265|,ok,39000,39000,5,36000,1,single,touched,4096,8192,12,8192,7675904,8192,6538981,0,4,4,ok
1,23,nvhe,4,578000,1795000,37000,40000,BIG=36000|MID=37000|usb_pwr_therm=30014|btmspkr_therm=30014|disp_therm=29991|north_therm=30815|soc_therm=34221|battery=30500|battery_cycle=5|dc-mains=34500|usbc-therm-adc=345|max77779fg=30500|LITTLE=37000|soc=8|smpl_gm=0|vdroop1=0|batoilo=0|batoilo2=0|batt_vs=30495|mdis_morepower=0|thb_hda=51|cp_on_chip_0=35000|cp_on_chip_1=36000|G3D=35000|cp_on_chip_2=36000|cp_on_chip_3=34000|cp_on_chip_4=34000|rf2_therm=32000|rf1_therm=33000|ISP=35000|TPU=35000|AUR=35000|rfpa_therm=31750|quiet_therm=32418|charging_therm=34243|,BIG=39000|MID=37000|usb_pwr_therm=30014|btmspkr_therm=30014|disp_therm=29991|north_therm=30815|soc_therm=34221|battery=30500|battery_cycle=5|dc-mains=34500|usbc-therm-adc=345|max77779fg=30500|LITTLE=37000|soc=8|smpl_gm=0|vdroop1=0|batoilo=0|batoilo2=0|batt_vs=30496|mdis_morepower=0|thb_hda=51|cp_on_chip_0=35000|cp_on_chip_1=36000|G3D=36000|cp_on_chip_2=36000|cp_on_chip_3=34000|cp_on_chip_4=34000|rf2_therm=32000|rf1_therm=33000|ISP=35000|TPU=36000|AUR=36000|rfpa_therm=31750|quiet_therm=32418|charging_therm=34265|,ok,39000,39000,5,36000,1,single,touched,4096,8192,13,8192,7600626,8192,6840373,0,4,4,ok
1,23,nvhe,4,578000,1795000,37000,40000,BIG=36000|MID=37000|usb_pwr_therm=30014|btmspkr_therm=30014|disp_therm=29991|north_therm=30815|soc_therm=34221|battery=30500|battery_cycle=5|dc-mains=34500|usbc-therm-adc=345|max77779fg=30500|LITTLE=37000|soc=8|smpl_gm=0|vdroop1=0|batoilo=0|batoilo2=0|batt_vs=30495|mdis_morepower=0|thb_hda=51|cp_on_chip_0=35000|cp_on_chip_1=36000|G3D=35000|cp_on_chip_2=36000|cp_on_chip_3=34000|cp_on_chip_4=34000|rf2_therm=32000|rf1_therm=33000|ISP=35000|TPU=35000|AUR=35000|rfpa_therm=31750|quiet_therm=32418|charging_therm=34243|,BIG=39000|MID=37000|usb_pwr_therm=30014|btmspkr_therm=30014|disp_therm=29991|north_therm=30815|soc_therm=34221|battery=30500|battery_cycle=5|dc-mains=34500|usbc-therm-adc=345|max77779fg=30500|LITTLE=37000|soc=8|smpl_gm=0|vdroop1=0|batoilo=0|batoilo2=0|batt_vs=30496|mdis_morepower=0|thb_hda=51|cp_on_chip_0=35000|cp_on_chip_1=36000|G3D=36000|cp_on_chip_2=36000|cp_on_chip_3=34000|cp_on_chip_4=34000|rf2_therm=32000|rf1_therm=33000|ISP=35000|TPU=36000|AUR=36000|rfpa_therm=31750|quiet_therm=32418|charging_therm=34265|,ok,39000,39000,5,36000,1,single,touched,4096,8192,14,8192,7811646,8192,6969971,0,4,4,ok
1,23,nvhe,4,578000,1795000,37000,40000,BIG=36000|MID=37000|usb_pwr_therm=30014|btmspkr_therm=30014|disp_therm=29991|north_therm=30815|soc_therm=34221|battery=30500|battery_cycle=5|dc-mains=34500|usbc-therm-adc=345|max77779fg=30500|LITTLE=37000|soc=8|smpl_gm=0|vdroop1=0|batoilo=0|batoilo2=0|batt_vs=30495|mdis_morepower=0|thb_hda=51|cp_on_chip_0=35000|cp_on_chip_1=36000|G3D=35000|cp_on_chip_2=36000|cp_on_chip_3=34000|cp_on_chip_4=34000|rf2_therm=32000|rf1_therm=33000|ISP=35000|TPU=35000|AUR=35000|rfpa_therm=31750|quiet_therm=32418|charging_therm=34243|,BIG=39000|MID=37000|usb_pwr_therm=30014|btmspkr_therm=30014|disp_therm=29991|north_therm=30815|soc_therm=34221|battery=30500|battery_cycle=5|dc-mains=34500|usbc-therm-adc=345|max77779fg=30500|LITTLE=37000|soc=8|smpl_gm=0|vdroop1=0|batoilo=0|batoilo2=0|batt_vs=30496|mdis_morepower=0|thb_hda=51|cp_on_chip_0=35000|cp_on_chip_1=36000|G3D=36000|cp_on_chip_2=36000|cp_on_chip_3=34000|cp_on_chip_4=34000|rf2_therm=32000|rf1_therm=33000|ISP=35000|TPU=36000|AUR=36000|rfpa_therm=31750|quiet_therm=32418|charging_therm=34265|,ok,39000,39000,5,36000,1,single,touched,4096,8192,15,8192,7655599,8192,6184977,0,4,4,ok
1,23,nvhe,4,578000,1795000,37000,40000,BIG=36000|MID=37000|usb_pwr_therm=30014|btmspkr_therm=30014|disp_therm=29991|north_therm=30815|soc_therm=34221|battery=30500|battery_cycle=5|dc-mains=34500|usbc-therm-adc=345|max77779fg=30500|LITTLE=37000|soc=8|smpl_gm=0|vdroop1=0|batoilo=0|batoilo2=0|batt_vs=30495|mdis_morepower=0|thb_hda=51|cp_on_chip_0=35000|cp_on_chip_1=36000|G3D=35000|cp_on_chip_2=36000|cp_on_chip_3=34000|cp_on_chip_4=34000|rf2_therm=32000|rf1_therm=33000|ISP=35000|TPU=35000|AUR=35000|rfpa_therm=31750|quiet_therm=32418|charging_therm=34243|,BIG=39000|MID=37000|usb_pwr_therm=30014|btmspkr_therm=30014|disp_therm=29991|north_therm=30815|soc_therm=34221|battery=30500|battery_cycle=5|dc-mains=34500|usbc-therm-adc=345|max77779fg=30500|LITTLE=37000|soc=8|smpl_gm=0|vdroop1=0|batoilo=0|batoilo2=0|batt_vs=30496|mdis_morepower=0|thb_hda=51|cp_on_chip_0=35000|cp_on_chip_1=36000|G3D=36000|cp_on_chip_2=36000|cp_on_chip_3=34000|cp_on_chip_4=34000|rf2_therm=32000|rf1_therm=33000|ISP=35000|TPU=36000|AUR=36000|rfpa_therm=31750|quiet_therm=32418|charging_therm=34265|,ok,39000,39000,5,36000,1,single,touched,4096,8192,16,8192,7755371,8192,6075033,0,4,4,ok
1,23,nvhe,4,578000,1795000,37000,40000,BIG=36000|MID=37000|usb_pwr_therm=30014|btmspkr_therm=30014|disp_therm=29991|north_therm=30815|soc_therm=34221|battery=30500|battery_cycle=5|dc-mains=34500|usbc-therm-adc=345|max77779fg=30500|LITTLE=37000|soc=8|smpl_gm=0|vdroop1=0|batoilo=0|batoilo2=0|batt_vs=30495|mdis_morepower=0|thb_hda=51|cp_on_chip_0=35000|cp_on_chip_1=36000|G3D=35000|cp_on_chip_2=36000|cp_on_chip_3=34000|cp_on_chip_4=34000|rf2_therm=32000|rf1_therm=33000|ISP=35000|TPU=35000|AUR=35000|rfpa_therm=31750|quiet_therm=32418|charging_therm=34243|,BIG=39000|MID=37000|usb_pwr_therm=30014|btmspkr_therm=30014|disp_therm=29991|north_therm=30815|soc_therm=34221|battery=30500|battery_cycle=5|dc-mains=34500|usbc-therm-adc=345|max77779fg=30500|LITTLE=37000|soc=8|smpl_gm=0|vdroop1=0|batoilo=0|batoilo2=0|batt_vs=30496|mdis_morepower=0|thb_hda=51|cp_on_chip_0=35000|cp_on_chip_1=36000|G3D=36000|cp_on_chip_2=36000|cp_on_chip_3=34000|cp_on_chip_4=34000|rf2_therm=32000|rf1_therm=33000|ISP=35000|TPU=36000|AUR=36000|rfpa_therm=31750|quiet_therm=32418|charging_therm=34265|,ok,39000,39000,5,36000,1,single,touched,4096,8192,17,8192,7661418,8192,6342244,0,4,4,ok
1,23,nvhe,4,578000,1795000,37000,40000,BIG=36000|MID=37000|usb_pwr_therm=30014|btmspkr_therm=30014|disp_therm=29991|north_therm=30815|soc_therm=34221|battery=30500|battery_cycle=5|dc-mains=34500|usbc-therm-adc=345|max77779fg=30500|LITTLE=37000|soc=8|smpl_gm=0|vdroop1=0|batoilo=0|batoilo2=0|batt_vs=30495|mdis_morepower=0|thb_hda=51|cp_on_chip_0=35000|cp_on_chip_1=36000|G3D=35000|cp_on_chip_2=36000|cp_on_chip_3=34000|cp_on_chip_4=34000|rf2_therm=32000|rf1_therm=33000|ISP=35000|TPU=35000|AUR=35000|rfpa_therm=31750|quiet_therm=32418|charging_therm=34243|,BIG=39000|MID=37000|usb_pwr_therm=30014|btmspkr_therm=30014|disp_therm=29991|north_therm=30815|soc_therm=34221|battery=30500|battery_cycle=5|dc-mains=34500|usbc-therm-adc=345|max77779fg=30500|LITTLE=37000|soc=8|smpl_gm=0|vdroop1=0|batoilo=0|batoilo2=0|batt_vs=30496|mdis_morepower=0|thb_hda=51|cp_on_chip_0=35000|cp_on_chip_1=36000|G3D=36000|cp_on_chip_2=36000|cp_on_chip_3=34000|cp_on_chip_4=34000|rf2_therm=32000|rf1_therm=33000|ISP=35000|TPU=36000|AUR=36000|rfpa_therm=31750|quiet_therm=32418|charging_therm=34265|,ok,39000,39000,5,36000,1,single,touched,4096,8192,18,8192,7648112,8192,6352987,0,4,4,ok
1,23,nvhe,4,578000,1795000,37000,40000,BIG=36000|MID=37000|usb_pwr_therm=30014|btmspkr_therm=30014|disp_therm=29991|north_therm=30815|soc_therm=34221|battery=30500|battery_cycle=5|dc-mains=34500|usbc-therm-adc=345|max77779fg=30500|LITTLE=37000|soc=8|smpl_gm=0|vdroop1=0|batoilo=0|batoilo2=0|batt_vs=30495|mdis_morepower=0|thb_hda=51|cp_on_chip_0=35000|cp_on_chip_1=36000|G3D=35000|cp_on_chip_2=36000|cp_on_chip_3=34000|cp_on_chip_4=34000|rf2_therm=32000|rf1_therm=33000|ISP=35000|TPU=35000|AUR=35000|rfpa_therm=31750|quiet_therm=32418|charging_therm=34243|,BIG=39000|MID=37000|usb_pwr_therm=30014|btmspkr_therm=30014|disp_therm=29991|north_therm=30815|soc_therm=34221|battery=30500|battery_cycle=5|dc-mains=34500|usbc-therm-adc=345|max77779fg=30500|LITTLE=37000|soc=8|smpl_gm=0|vdroop1=0|batoilo=0|batoilo2=0|batt_vs=30496|mdis_morepower=0|thb_hda=51|cp_on_chip_0=35000|cp_on_chip_1=36000|G3D=36000|cp_on_chip_2=36000|cp_on_chip_3=34000|cp_on_chip_4=34000|rf2_therm=32000|rf1_therm=33000|ISP=35000|TPU=36000|AUR=36000|rfpa_therm=31750|quiet_therm=32418|charging_therm=34265|,ok,39000,39000,5,36000,1,single,touched,4096,8192,19,8192,7770386,8192,6567057,0,4,4,ok
1,23,nvhe,4,578000,1795000,37000,40000,BIG=36000|MID=37000|usb_pwr_therm=30014|btmspkr_therm=30014|disp_therm=29991|north_therm=30815|soc_therm=34221|battery=30500|battery_cycle=5|dc-mains=34500|usbc-therm-adc=345|max77779fg=30500|LITTLE=37000|soc=8|smpl_gm=0|vdroop1=0|batoilo=0|batoilo2=0|batt_vs=30495|mdis_morepower=0|thb_hda=51|cp_on_chip_0=35000|cp_on_chip_1=36000|G3D=35000|cp_on_chip_2=36000|cp_on_chip_3=34000|cp_on_chip_4=34000|rf2_therm=32000|rf1_therm=33000|ISP=35000|TPU=35000|AUR=35000|rfpa_therm=31750|quiet_therm=32418|charging_therm=34243|,BIG=39000|MID=37000|usb_pwr_therm=30014|btmspkr_therm=30014|disp_therm=29991|north_therm=30815|soc_therm=34221|battery=30500|battery_cycle=5|dc-mains=34500|usbc-therm-adc=345|max77779fg=30500|LITTLE=37000|soc=8|smpl_gm=0|vdroop1=0|batoilo=0|batoilo2=0|batt_vs=30496|mdis_morepower=0|thb_hda=51|cp_on_chip_0=35000|cp_on_chip_1=36000|G3D=36000|cp_on_chip_2=36000|cp_on_chip_3=34000|cp_on_chip_4=34000|rf2_therm=32000|rf1_therm=33000|ISP=35000|TPU=36000|AUR=36000|rfpa_therm=31750|quiet_therm=32418|charging_therm=34265|,ok,39000,39000,5,36000,1,single,touched,4096,8192,20,8192,7753052,8192,6812419,0,4,4,ok
1,23,nvhe,4,578000,1795000,37000,40000,BIG=36000|MID=37000|usb_pwr_therm=30014|btmspkr_therm=30014|disp_therm=29991|north_therm=30815|soc_therm=34221|battery=30500|battery_cycle=5|dc-mains=34500|usbc-therm-adc=345|max77779fg=30500|LITTLE=37000|soc=8|smpl_gm=0|vdroop1=0|batoilo=0|batoilo2=0|batt_vs=30495|mdis_morepower=0|thb_hda=51|cp_on_chip_0=35000|cp_on_chip_1=36000|G3D=35000|cp_on_chip_2=36000|cp_on_chip_3=34000|cp_on_chip_4=34000|rf2_therm=32000|rf1_therm=33000|ISP=35000|TPU=35000|AUR=35000|rfpa_therm=31750|quiet_therm=32418|charging_therm=34243|,BIG=39000|MID=37000|usb_pwr_therm=30014|btmspkr_therm=30014|disp_therm=29991|north_therm=30815|soc_therm=34221|battery=30500|battery_cycle=5|dc-mains=34500|usbc-therm-adc=345|max77779fg=30500|LITTLE=37000|soc=8|smpl_gm=0|vdroop1=0|batoilo=0|batoilo2=0|batt_vs=30496|mdis_morepower=0|thb_hda=51|cp_on_chip_0=35000|cp_on_chip_1=36000|G3D=36000|cp_on_chip_2=36000|cp_on_chip_3=34000|cp_on_chip_4=34000|rf2_therm=32000|rf1_therm=33000|ISP=35000|TPU=36000|AUR=36000|rfpa_therm=31750|quiet_therm=32418|charging_therm=34265|,ok,39000,39000,5,36000,1,single,touched,4096,8192,21,8192,7706217,8192,6144043,0,4,4,ok
1,23,nvhe,4,578000,1795000,37000,40000,BIG=36000|MID=37000|usb_pwr_therm=30014|btmspkr_therm=30014|disp_therm=29991|north_therm=30815|soc_therm=34221|battery=30500|battery_cycle=5|dc-mains=34500|usbc-therm-adc=345|max77779fg=30500|LITTLE=37000|soc=8|smpl_gm=0|vdroop1=0|batoilo=0|batoilo2=0|batt_vs=30495|mdis_morepower=0|thb_hda=51|cp_on_chip_0=35000|cp_on_chip_1=36000|G3D=35000|cp_on_chip_2=36000|cp_on_chip_3=34000|cp_on_chip_4=34000|rf2_therm=32000|rf1_therm=33000|ISP=35000|TPU=35000|AUR=35000|rfpa_therm=31750|quiet_therm=32418|charging_therm=34243|,BIG=39000|MID=37000|usb_pwr_therm=30014|btmspkr_therm=30014|disp_therm=29991|north_therm=30815|soc_therm=34221|battery=30500|battery_cycle=5|dc-mains=34500|usbc-therm-adc=345|max77779fg=30500|LITTLE=37000|soc=8|smpl_gm=0|vdroop1=0|batoilo=0|batoilo2=0|batt_vs=30496|mdis_morepower=0|thb_hda=51|cp_on_chip_0=35000|cp_on_chip_1=36000|G3D=36000|cp_on_chip_2=36000|cp_on_chip_3=34000|cp_on_chip_4=34000|rf2_therm=32000|rf1_therm=33000|ISP=35000|TPU=36000|AUR=36000|rfpa_therm=31750|quiet_therm=32418|charging_therm=34265|,ok,39000,39000,5,36000,1,single,touched,4096,8192,22,8192,7626709,8192,6397176,0,4,4,ok
1,23,nvhe,4,578000,1795000,37000,40000,BIG=36000|MID=37000|usb_pwr_therm=30014|btmspkr_therm=30014|disp_therm=29991|north_therm=30815|soc_therm=34221|battery=30500|battery_cycle=5|dc-mains=34500|usbc-therm-adc=345|max77779fg=30500|LITTLE=37000|soc=8|smpl_gm=0|vdroop1=0|batoilo=0|batoilo2=0|batt_vs=30495|mdis_morepower=0|thb_hda=51|cp_on_chip_0=35000|cp_on_chip_1=36000|G3D=35000|cp_on_chip_2=36000|cp_on_chip_3=34000|cp_on_chip_4=34000|rf2_therm=32000|rf1_therm=33000|ISP=35000|TPU=35000|AUR=35000|rfpa_therm=31750|quiet_therm=32418|charging_therm=34243|,BIG=39000|MID=37000|usb_pwr_therm=30014|btmspkr_therm=30014|disp_therm=29991|north_therm=30815|soc_therm=34221|battery=30500|battery_cycle=5|dc-mains=34500|usbc-therm-adc=345|max77779fg=30500|LITTLE=37000|soc=8|smpl_gm=0|vdroop1=0|batoilo=0|batoilo2=0|batt_vs=30496|mdis_morepower=0|thb_hda=51|cp_on_chip_0=35000|cp_on_chip_1=36000|G3D=36000|cp_on_chip_2=36000|cp_on_chip_3=34000|cp_on_chip_4=34000|rf2_therm=32000|rf1_therm=33000|ISP=35000|TPU=36000|AUR=36000|rfpa_therm=31750|quiet_therm=32418|charging_therm=34265|,ok,39000,39000,5,36000,1,single,touched,4096,8192,23,8192,7731283,8192,6294962,0,4,4,ok
1,23,nvhe,4,578000,1795000,37000,40000,BIG=36000|MID=37000|usb_pwr_therm=30014|btmspkr_therm=30014|disp_therm=29991|north_therm=30815|soc_therm=34221|battery=30500|battery_cycle=5|dc-mains=34500|usbc-therm-adc=345|max77779fg=30500|LITTLE=37000|soc=8|smpl_gm=0|vdroop1=0|batoilo=0|batoilo2=0|batt_vs=30495|mdis_morepower=0|thb_hda=51|cp_on_chip_0=35000|cp_on_chip_1=36000|G3D=35000|cp_on_chip_2=36000|cp_on_chip_3=34000|cp_on_chip_4=34000|rf2_therm=32000|rf1_therm=33000|ISP=35000|TPU=35000|AUR=35000|rfpa_therm=31750|quiet_therm=32418|charging_therm=34243|,BIG=39000|MID=37000|usb_pwr_therm=30014|btmspkr_therm=30014|disp_therm=29991|north_therm=30815|soc_therm=34221|battery=30500|battery_cycle=5|dc-mains=34500|usbc-therm-adc=345|max77779fg=30500|LITTLE=37000|soc=8|smpl_gm=0|vdroop1=0|batoilo=0|batoilo2=0|batt_vs=30496|mdis_morepower=0|thb_hda=51|cp_on_chip_0=35000|cp_on_chip_1=36000|G3D=36000|cp_on_chip_2=36000|cp_on_chip_3=34000|cp_on_chip_4=34000|rf2_therm=32000|rf1_therm=33000|ISP=35000|TPU=36000|AUR=36000|rfpa_therm=31750|quiet_therm=32418|charging_therm=34265|,ok,39000,39000,5,36000,1,single,touched,4096,8192,24,8192,7744018,8192,6975667,0,4,4,ok
1,23,nvhe,4,578000,1795000,37000,40000,BIG=36000|MID=37000|usb_pwr_therm=30014|btmspkr_therm=30014|disp_therm=29991|north_therm=30815|soc_therm=34221|battery=30500|battery_cycle=5|dc-mains=34500|usbc-therm-adc=345|max77779fg=30500|LITTLE=37000|soc=8|smpl_gm=0|vdroop1=0|batoilo=0|batoilo2=0|batt_vs=30495|mdis_morepower=0|thb_hda=51|cp_on_chip_0=35000|cp_on_chip_1=36000|G3D=35000|cp_on_chip_2=36000|cp_on_chip_3=34000|cp_on_chip_4=34000|rf2_therm=32000|rf1_therm=33000|ISP=35000|TPU=35000|AUR=35000|rfpa_therm=31750|quiet_therm=32418|charging_therm=34243|,BIG=39000|MID=37000|usb_pwr_therm=30014|btmspkr_therm=30014|disp_therm=29991|north_therm=30815|soc_therm=34221|battery=30500|battery_cycle=5|dc-mains=34500|usbc-therm-adc=345|max77779fg=30500|LITTLE=37000|soc=8|smpl_gm=0|vdroop1=0|batoilo=0|batoilo2=0|batt_vs=30496|mdis_morepower=0|thb_hda=51|cp_on_chip_0=35000|cp_on_chip_1=36000|G3D=36000|cp_on_chip_2=36000|cp_on_chip_3=34000|cp_on_chip_4=34000|rf2_therm=32000|rf1_therm=33000|ISP=35000|TPU=36000|AUR=36000|rfpa_therm=31750|quiet_therm=32418|charging_therm=34265|,ok,39000,39000,5,36000,1,single,touched,4096,8192,25,8192,7712484,8192,6139607,0,4,4,ok
1,23,nvhe,4,578000,1795000,37000,40000,BIG=36000|MID=37000|usb_pwr_therm=30014|btmspkr_therm=30014|disp_therm=29991|north_therm=30815|soc_therm=34221|battery=30500|battery_cycle=5|dc-mains=34500|usbc-therm-adc=345|max77779fg=30500|LITTLE=37000|soc=8|smpl_gm=0|vdroop1=0|batoilo=0|batoilo2=0|batt_vs=30495|mdis_morepower=0|thb_hda=51|cp_on_chip_0=35000|cp_on_chip_1=36000|G3D=35000|cp_on_chip_2=36000|cp_on_chip_3=34000|cp_on_chip_4=34000|rf2_therm=32000|rf1_therm=33000|ISP=35000|TPU=35000|AUR=35000|rfpa_therm=31750|quiet_therm=32418|charging_therm=34243|,BIG=39000|MID=37000|usb_pwr_therm=30014|btmspkr_therm=30014|disp_therm=29991|north_therm=30815|soc_therm=34221|battery=30500|battery_cycle=5|dc-mains=34500|usbc-therm-adc=345|max77779fg=30500|LITTLE=37000|soc=8|smpl_gm=0|vdroop1=0|batoilo=0|batoilo2=0|batt_vs=30496|mdis_morepower=0|thb_hda=51|cp_on_chip_0=35000|cp_on_chip_1=36000|G3D=36000|cp_on_chip_2=36000|cp_on_chip_3=34000|cp_on_chip_4=34000|rf2_therm=32000|rf1_therm=33000|ISP=35000|TPU=36000|AUR=36000|rfpa_therm=31750|quiet_therm=32418|charging_therm=34265|,ok,39000,39000,5,36000,1,single,touched,4096,8192,26,8192,7722901,8192,6044393,0,4,4,ok
1,23,nvhe,4,578000,1795000,37000,40000,BIG=36000|MID=37000|usb_pwr_therm=30014|btmspkr_therm=30014|disp_therm=29991|north_therm=30815|soc_therm=34221|battery=30500|battery_cycle=5|dc-mains=34500|usbc-therm-adc=345|max77779fg=30500|LITTLE=37000|soc=8|smpl_gm=0|vdroop1=0|batoilo=0|batoilo2=0|batt_vs=30495|mdis_morepower=0|thb_hda=51|cp_on_chip_0=35000|cp_on_chip_1=36000|G3D=35000|cp_on_chip_2=36000|cp_on_chip_3=34000|cp_on_chip_4=34000|rf2_therm=32000|rf1_therm=33000|ISP=35000|TPU=35000|AUR=35000|rfpa_therm=31750|quiet_therm=32418|charging_therm=34243|,BIG=39000|MID=37000|usb_pwr_therm=30014|btmspkr_therm=30014|disp_therm=29991|north_therm=30815|soc_therm=34221|battery=30500|battery_cycle=5|dc-mains=34500|usbc-therm-adc=345|max77779fg=30500|LITTLE=37000|soc=8|smpl_gm=0|vdroop1=0|batoilo=0|batoilo2=0|batt_vs=30496|mdis_morepower=0|thb_hda=51|cp_on_chip_0=35000|cp_on_chip_1=36000|G3D=36000|cp_on_chip_2=36000|cp_on_chip_3=34000|cp_on_chip_4=34000|rf2_therm=32000|rf1_therm=33000|ISP=35000|TPU=36000|AUR=36000|rfpa_therm=31750|quiet_therm=32418|charging_therm=34265|,ok,39000,39000,5,36000,1,single,touched,4096,8192,27,8192,7571574,8192,6066081,0,4,4,ok
1,23,nvhe,4,578000,1795000,37000,40000,BIG=36000|MID=37000|usb_pwr_therm=30014|btmspkr_therm=30014|disp_therm=29991|north_therm=30815|soc_therm=34221|battery=30500|battery_cycle=5|dc-mains=34500|usbc-therm-adc=345|max77779fg=30500|LITTLE=37000|soc=8|smpl_gm=0|vdroop1=0|batoilo=0|batoilo2=0|batt_vs=30495|mdis_morepower=0|thb_hda=51|cp_on_chip_0=35000|cp_on_chip_1=36000|G3D=35000|cp_on_chip_2=36000|cp_on_chip_3=34000|cp_on_chip_4=34000|rf2_therm=32000|rf1_therm=33000|ISP=35000|TPU=35000|AUR=35000|rfpa_therm=31750|quiet_therm=32418|charging_therm=34243|,BIG=39000|MID=37000|usb_pwr_therm=30014|btmspkr_therm=30014|disp_therm=29991|north_therm=30815|soc_therm=34221|battery=30500|battery_cycle=5|dc-mains=34500|usbc-therm-adc=345|max77779fg=30500|LITTLE=37000|soc=8|smpl_gm=0|vdroop1=0|batoilo=0|batoilo2=0|batt_vs=30496|mdis_morepower=0|thb_hda=51|cp_on_chip_0=35000|cp_on_chip_1=36000|G3D=36000|cp_on_chip_2=36000|cp_on_chip_3=34000|cp_on_chip_4=34000|rf2_therm=32000|rf1_therm=33000|ISP=35000|TPU=36000|AUR=36000|rfpa_therm=31750|quiet_therm=32418|charging_therm=34265|,ok,39000,39000,5,36000,1,single,touched,4096,8192,28,8192,7695231,8192,6216268,0,4,4,ok
1,23,nvhe,4,578000,1795000,37000,40000,BIG=36000|MID=37000|usb_pwr_therm=30014|btmspkr_therm=30014|disp_therm=29991|north_therm=30815|soc_therm=34221|battery=30500|battery_cycle=5|dc-mains=34500|usbc-therm-adc=345|max77779fg=30500|LITTLE=37000|soc=8|smpl_gm=0|vdroop1=0|batoilo=0|batoilo2=0|batt_vs=30495|mdis_morepower=0|thb_hda=51|cp_on_chip_0=35000|cp_on_chip_1=36000|G3D=35000|cp_on_chip_2=36000|cp_on_chip_3=34000|cp_on_chip_4=34000|rf2_therm=32000|rf1_therm=33000|ISP=35000|TPU=35000|AUR=35000|rfpa_therm=31750|quiet_therm=32418|charging_therm=34243|,BIG=39000|MID=37000|usb_pwr_therm=30014|btmspkr_therm=30014|disp_therm=29991|north_therm=30815|soc_therm=34221|battery=30500|battery_cycle=5|dc-mains=34500|usbc-therm-adc=345|max77779fg=30500|LITTLE=37000|soc=8|smpl_gm=0|vdroop1=0|batoilo=0|batoilo2=0|batt_vs=30496|mdis_morepower=0|thb_hda=51|cp_on_chip_0=35000|cp_on_chip_1=36000|G3D=36000|cp_on_chip_2=36000|cp_on_chip_3=34000|cp_on_chip_4=34000|rf2_therm=32000|rf1_therm=33000|ISP=35000|TPU=36000|AUR=36000|rfpa_therm=31750|quiet_therm=32418|charging_therm=34265|,ok,39000,39000,5,36000,1,single,touched,4096,8192,29,8192,7819906,8192,6273763,0,4,4,ok
1,24,nvhe,4,1795000,1795000,38000,37000,BIG=36000|MID=37000|usb_pwr_therm=30036|btmspkr_therm=30014|disp_therm=30014|north_therm=30815|soc_therm=34109|battery=30500|battery_cycle=5|dc-mains=34000|usbc-therm-adc=340|max77779fg=30500|LITTLE=36000|soc=8|smpl_gm=0|vdroop1=0|batoilo=0|batoilo2=0|batt_vs=30495|mdis_morepower=0|thb_hda=51|cp_on_chip_0=35000|cp_on_chip_1=36000|G3D=35000|cp_on_chip_2=36000|cp_on_chip_3=34000|cp_on_chip_4=34000|rf2_therm=32000|rf1_therm=33000|ISP=34000|TPU=35000|AUR=35000|rfpa_therm=31750|quiet_therm=32373|charging_therm=34176|,BIG=36000|MID=37000|usb_pwr_therm=30036|btmspkr_therm=30014|disp_therm=30014|north_therm=30815|soc_therm=34109|battery=30500|battery_cycle=5|dc-mains=34000|usbc-therm-adc=340|max77779fg=30500|LITTLE=36000|soc=8|smpl_gm=0|vdroop1=0|batoilo=0|batoilo2=0|batt_vs=30496|mdis_morepower=0|thb_hda=51|cp_on_chip_0=35000|cp_on_chip_1=36000|G3D=35000|cp_on_chip_2=36000|cp_on_chip_3=34000|cp_on_chip_4=34000|rf2_therm=32000|rf1_therm=33000|ISP=35000|TPU=35000|AUR=35000|rfpa_therm=31772|quiet_therm=32351|charging_therm=34132|,ok,39000,41000,20,37000,1,batched,touched,4096,2048,0,1,6866658,2048,1644165,0,4,4,ok
1,24,nvhe,4,1795000,1795000,38000,37000,BIG=36000|MID=37000|usb_pwr_therm=30036|btmspkr_therm=30014|disp_therm=30014|north_therm=30815|soc_therm=34109|battery=30500|battery_cycle=5|dc-mains=34000|usbc-therm-adc=340|max77779fg=30500|LITTLE=36000|soc=8|smpl_gm=0|vdroop1=0|batoilo=0|batoilo2=0|batt_vs=30495|mdis_morepower=0|thb_hda=51|cp_on_chip_0=35000|cp_on_chip_1=36000|G3D=35000|cp_on_chip_2=36000|cp_on_chip_3=34000|cp_on_chip_4=34000|rf2_therm=32000|rf1_therm=33000|ISP=34000|TPU=35000|AUR=35000|rfpa_therm=31750|quiet_therm=32373|charging_therm=34176|,BIG=36000|MID=37000|usb_pwr_therm=30036|btmspkr_therm=30014|disp_therm=30014|north_therm=30815|soc_therm=34109|battery=30500|battery_cycle=5|dc-mains=34000|usbc-therm-adc=340|max77779fg=30500|LITTLE=36000|soc=8|smpl_gm=0|vdroop1=0|batoilo=0|batoilo2=0|batt_vs=30496|mdis_morepower=0|thb_hda=51|cp_on_chip_0=35000|cp_on_chip_1=36000|G3D=35000|cp_on_chip_2=36000|cp_on_chip_3=34000|cp_on_chip_4=34000|rf2_therm=32000|rf1_therm=33000|ISP=35000|TPU=35000|AUR=35000|rfpa_therm=31772|quiet_therm=32351|charging_therm=34132|,ok,39000,41000,20,37000,1,batched,touched,4096,2048,1,1,5026896,2048,1216552,0,4,4,ok
1,24,nvhe,4,1795000,1795000,38000,37000,BIG=36000|MID=37000|usb_pwr_therm=30036|btmspkr_therm=30014|disp_therm=30014|north_therm=30815|soc_therm=34109|battery=30500|battery_cycle=5|dc-mains=34000|usbc-therm-adc=340|max77779fg=30500|LITTLE=36000|soc=8|smpl_gm=0|vdroop1=0|batoilo=0|batoilo2=0|batt_vs=30495|mdis_morepower=0|thb_hda=51|cp_on_chip_0=35000|cp_on_chip_1=36000|G3D=35000|cp_on_chip_2=36000|cp_on_chip_3=34000|cp_on_chip_4=34000|rf2_therm=32000|rf1_therm=33000|ISP=34000|TPU=35000|AUR=35000|rfpa_therm=31750|quiet_therm=32373|charging_therm=34176|,BIG=36000|MID=37000|usb_pwr_therm=30036|btmspkr_therm=30014|disp_therm=30014|north_therm=30815|soc_therm=34109|battery=30500|battery_cycle=5|dc-mains=34000|usbc-therm-adc=340|max77779fg=30500|LITTLE=36000|soc=8|smpl_gm=0|vdroop1=0|batoilo=0|batoilo2=0|batt_vs=30496|mdis_morepower=0|thb_hda=51|cp_on_chip_0=35000|cp_on_chip_1=36000|G3D=35000|cp_on_chip_2=36000|cp_on_chip_3=34000|cp_on_chip_4=34000|rf2_therm=32000|rf1_therm=33000|ISP=35000|TPU=35000|AUR=35000|rfpa_therm=31772|quiet_therm=32351|charging_therm=34132|,ok,39000,41000,20,37000,1,batched,touched,4096,2048,2,1,4494873,2048,824951,0,4,4,ok
1,24,nvhe,4,1795000,1795000,38000,37000,BIG=36000|MID=37000|usb_pwr_therm=30036|btmspkr_therm=30014|disp_therm=30014|north_therm=30815|soc_therm=34109|battery=30500|battery_cycle=5|dc-mains=34000|usbc-therm-adc=340|max77779fg=30500|LITTLE=36000|soc=8|smpl_gm=0|vdroop1=0|batoilo=0|batoilo2=0|batt_vs=30495|mdis_morepower=0|thb_hda=51|cp_on_chip_0=35000|cp_on_chip_1=36000|G3D=35000|cp_on_chip_2=36000|cp_on_chip_3=34000|cp_on_chip_4=34000|rf2_therm=32000|rf1_therm=33000|ISP=34000|TPU=35000|AUR=35000|rfpa_therm=31750|quiet_therm=32373|charging_therm=34176|,BIG=36000|MID=37000|usb_pwr_therm=30036|btmspkr_therm=30014|disp_therm=30014|north_therm=30815|soc_therm=34109|battery=30500|battery_cycle=5|dc-mains=34000|usbc-therm-adc=340|max77779fg=30500|LITTLE=36000|soc=8|smpl_gm=0|vdroop1=0|batoilo=0|batoilo2=0|batt_vs=30496|mdis_morepower=0|thb_hda=51|cp_on_chip_0=35000|cp_on_chip_1=36000|G3D=35000|cp_on_chip_2=36000|cp_on_chip_3=34000|cp_on_chip_4=34000|rf2_therm=32000|rf1_therm=33000|ISP=35000|TPU=35000|AUR=35000|rfpa_therm=31772|quiet_therm=32351|charging_therm=34132|,ok,39000,41000,20,37000,1,batched,touched,4096,2048,3,1,3756592,2048,688192,0,4,4,ok
1,24,nvhe,4,1795000,1795000,38000,37000,BIG=36000|MID=37000|usb_pwr_therm=30036|btmspkr_therm=30014|disp_therm=30014|north_therm=30815|soc_therm=34109|battery=30500|battery_cycle=5|dc-mains=34000|usbc-therm-adc=340|max77779fg=30500|LITTLE=36000|soc=8|smpl_gm=0|vdroop1=0|batoilo=0|batoilo2=0|batt_vs=30495|mdis_morepower=0|thb_hda=51|cp_on_chip_0=35000|cp_on_chip_1=36000|G3D=35000|cp_on_chip_2=36000|cp_on_chip_3=34000|cp_on_chip_4=34000|rf2_therm=32000|rf1_therm=33000|ISP=34000|TPU=35000|AUR=35000|rfpa_therm=31750|quiet_therm=32373|charging_therm=34176|,BIG=36000|MID=37000|usb_pwr_therm=30036|btmspkr_therm=30014|disp_therm=30014|north_therm=30815|soc_therm=34109|battery=30500|battery_cycle=5|dc-mains=34000|usbc-therm-adc=340|max77779fg=30500|LITTLE=36000|soc=8|smpl_gm=0|vdroop1=0|batoilo=0|batoilo2=0|batt_vs=30496|mdis_morepower=0|thb_hda=51|cp_on_chip_0=35000|cp_on_chip_1=36000|G3D=35000|cp_on_chip_2=36000|cp_on_chip_3=34000|cp_on_chip_4=34000|rf2_therm=32000|rf1_therm=33000|ISP=35000|TPU=35000|AUR=35000|rfpa_therm=31772|quiet_therm=32351|charging_therm=34132|,ok,39000,41000,20,37000,1,batched,touched,4096,2048,4,1,3620076,2048,570882,0,4,4,ok
1,24,nvhe,4,1795000,1795000,38000,37000,BIG=36000|MID=37000|usb_pwr_therm=30036|btmspkr_therm=30014|disp_therm=30014|north_therm=30815|soc_therm=34109|battery=30500|battery_cycle=5|dc-mains=34000|usbc-therm-adc=340|max77779fg=30500|LITTLE=36000|soc=8|smpl_gm=0|vdroop1=0|batoilo=0|batoilo2=0|batt_vs=30495|mdis_morepower=0|thb_hda=51|cp_on_chip_0=35000|cp_on_chip_1=36000|G3D=35000|cp_on_chip_2=36000|cp_on_chip_3=34000|cp_on_chip_4=34000|rf2_therm=32000|rf1_therm=33000|ISP=34000|TPU=35000|AUR=35000|rfpa_therm=31750|quiet_therm=32373|charging_therm=34176|,BIG=36000|MID=37000|usb_pwr_therm=30036|btmspkr_therm=30014|disp_therm=30014|north_therm=30815|soc_therm=34109|battery=30500|battery_cycle=5|dc-mains=34000|usbc-therm-adc=340|max77779fg=30500|LITTLE=36000|soc=8|smpl_gm=0|vdroop1=0|batoilo=0|batoilo2=0|batt_vs=30496|mdis_morepower=0|thb_hda=51|cp_on_chip_0=35000|cp_on_chip_1=36000|G3D=35000|cp_on_chip_2=36000|cp_on_chip_3=34000|cp_on_chip_4=34000|rf2_therm=32000|rf1_therm=33000|ISP=35000|TPU=35000|AUR=35000|rfpa_therm=31772|quiet_therm=32351|charging_therm=34132|,ok,39000,41000,20,37000,1,batched,touched,4096,2048,5,1,3576254,2048,587525,0,4,4,ok
1,24,nvhe,4,1795000,1795000,38000,37000,BIG=36000|MID=37000|usb_pwr_therm=30036|btmspkr_therm=30014|disp_therm=30014|north_therm=30815|soc_therm=34109|battery=30500|battery_cycle=5|dc-mains=34000|usbc-therm-adc=340|max77779fg=30500|LITTLE=36000|soc=8|smpl_gm=0|vdroop1=0|batoilo=0|batoilo2=0|batt_vs=30495|mdis_morepower=0|thb_hda=51|cp_on_chip_0=35000|cp_on_chip_1=36000|G3D=35000|cp_on_chip_2=36000|cp_on_chip_3=34000|cp_on_chip_4=34000|rf2_therm=32000|rf1_therm=33000|ISP=34000|TPU=35000|AUR=35000|rfpa_therm=31750|quiet_therm=32373|charging_therm=34176|,BIG=36000|MID=37000|usb_pwr_therm=30036|btmspkr_therm=30014|disp_therm=30014|north_therm=30815|soc_therm=34109|battery=30500|battery_cycle=5|dc-mains=34000|usbc-therm-adc=340|max77779fg=30500|LITTLE=36000|soc=8|smpl_gm=0|vdroop1=0|batoilo=0|batoilo2=0|batt_vs=30496|mdis_morepower=0|thb_hda=51|cp_on_chip_0=35000|cp_on_chip_1=36000|G3D=35000|cp_on_chip_2=36000|cp_on_chip_3=34000|cp_on_chip_4=34000|rf2_therm=32000|rf1_therm=33000|ISP=35000|TPU=35000|AUR=35000|rfpa_therm=31772|quiet_therm=32351|charging_therm=34132|,ok,39000,41000,20,37000,1,batched,touched,4096,2048,6,1,3437094,2048,551636,0,4,4,ok
1,24,nvhe,4,1795000,1795000,38000,37000,BIG=36000|MID=37000|usb_pwr_therm=30036|btmspkr_therm=30014|disp_therm=30014|north_therm=30815|soc_therm=34109|battery=30500|battery_cycle=5|dc-mains=34000|usbc-therm-adc=340|max77779fg=30500|LITTLE=36000|soc=8|smpl_gm=0|vdroop1=0|batoilo=0|batoilo2=0|batt_vs=30495|mdis_morepower=0|thb_hda=51|cp_on_chip_0=35000|cp_on_chip_1=36000|G3D=35000|cp_on_chip_2=36000|cp_on_chip_3=34000|cp_on_chip_4=34000|rf2_therm=32000|rf1_therm=33000|ISP=34000|TPU=35000|AUR=35000|rfpa_therm=31750|quiet_therm=32373|charging_therm=34176|,BIG=36000|MID=37000|usb_pwr_therm=30036|btmspkr_therm=30014|disp_therm=30014|north_therm=30815|soc_therm=34109|battery=30500|battery_cycle=5|dc-mains=34000|usbc-therm-adc=340|max77779fg=30500|LITTLE=36000|soc=8|smpl_gm=0|vdroop1=0|batoilo=0|batoilo2=0|batt_vs=30496|mdis_morepower=0|thb_hda=51|cp_on_chip_0=35000|cp_on_chip_1=36000|G3D=35000|cp_on_chip_2=36000|cp_on_chip_3=34000|cp_on_chip_4=34000|rf2_therm=32000|rf1_therm=33000|ISP=35000|TPU=35000|AUR=35000|rfpa_therm=31772|quiet_therm=32351|charging_therm=34132|,ok,39000,41000,20,37000,1,batched,touched,4096,2048,7,1,3364135,2048,535197,0,4,4,ok
1,24,nvhe,4,1795000,1795000,38000,37000,BIG=36000|MID=37000|usb_pwr_therm=30036|btmspkr_therm=30014|disp_therm=30014|north_therm=30815|soc_therm=34109|battery=30500|battery_cycle=5|dc-mains=34000|usbc-therm-adc=340|max77779fg=30500|LITTLE=36000|soc=8|smpl_gm=0|vdroop1=0|batoilo=0|batoilo2=0|batt_vs=30495|mdis_morepower=0|thb_hda=51|cp_on_chip_0=35000|cp_on_chip_1=36000|G3D=35000|cp_on_chip_2=36000|cp_on_chip_3=34000|cp_on_chip_4=34000|rf2_therm=32000|rf1_therm=33000|ISP=34000|TPU=35000|AUR=35000|rfpa_therm=31750|quiet_therm=32373|charging_therm=34176|,BIG=36000|MID=37000|usb_pwr_therm=30036|btmspkr_therm=30014|disp_therm=30014|north_therm=30815|soc_therm=34109|battery=30500|battery_cycle=5|dc-mains=34000|usbc-therm-adc=340|max77779fg=30500|LITTLE=36000|soc=8|smpl_gm=0|vdroop1=0|batoilo=0|batoilo2=0|batt_vs=30496|mdis_morepower=0|thb_hda=51|cp_on_chip_0=35000|cp_on_chip_1=36000|G3D=35000|cp_on_chip_2=36000|cp_on_chip_3=34000|cp_on_chip_4=34000|rf2_therm=32000|rf1_therm=33000|ISP=35000|TPU=35000|AUR=35000|rfpa_therm=31772|quiet_therm=32351|charging_therm=34132|,ok,39000,41000,20,37000,1,batched,touched,4096,2048,8,1,2991089,2048,467204,0,4,4,ok
1,24,nvhe,4,1795000,1795000,38000,37000,BIG=36000|MID=37000|usb_pwr_therm=30036|btmspkr_therm=30014|disp_therm=30014|north_therm=30815|soc_therm=34109|battery=30500|battery_cycle=5|dc-mains=34000|usbc-therm-adc=340|max77779fg=30500|LITTLE=36000|soc=8|smpl_gm=0|vdroop1=0|batoilo=0|batoilo2=0|batt_vs=30495|mdis_morepower=0|thb_hda=51|cp_on_chip_0=35000|cp_on_chip_1=36000|G3D=35000|cp_on_chip_2=36000|cp_on_chip_3=34000|cp_on_chip_4=34000|rf2_therm=32000|rf1_therm=33000|ISP=34000|TPU=35000|AUR=35000|rfpa_therm=31750|quiet_therm=32373|charging_therm=34176|,BIG=36000|MID=37000|usb_pwr_therm=30036|btmspkr_therm=30014|disp_therm=30014|north_therm=30815|soc_therm=34109|battery=30500|battery_cycle=5|dc-mains=34000|usbc-therm-adc=340|max77779fg=30500|LITTLE=36000|soc=8|smpl_gm=0|vdroop1=0|batoilo=0|batoilo2=0|batt_vs=30496|mdis_morepower=0|thb_hda=51|cp_on_chip_0=35000|cp_on_chip_1=36000|G3D=35000|cp_on_chip_2=36000|cp_on_chip_3=34000|cp_on_chip_4=34000|rf2_therm=32000|rf1_therm=33000|ISP=35000|TPU=35000|AUR=35000|rfpa_therm=31772|quiet_therm=32351|charging_therm=34132|,ok,39000,41000,20,37000,1,batched,touched,4096,2048,9,1,2943155,2048,492595,0,4,4,ok
1,24,nvhe,4,1795000,1795000,38000,37000,BIG=36000|MID=37000|usb_pwr_therm=30036|btmspkr_therm=30014|disp_therm=30014|north_therm=30815|soc_therm=34109|battery=30500|battery_cycle=5|dc-mains=34000|usbc-therm-adc=340|max77779fg=30500|LITTLE=36000|soc=8|smpl_gm=0|vdroop1=0|batoilo=0|batoilo2=0|batt_vs=30495|mdis_morepower=0|thb_hda=51|cp_on_chip_0=35000|cp_on_chip_1=36000|G3D=35000|cp_on_chip_2=36000|cp_on_chip_3=34000|cp_on_chip_4=34000|rf2_therm=32000|rf1_therm=33000|ISP=34000|TPU=35000|AUR=35000|rfpa_therm=31750|quiet_therm=32373|charging_therm=34176|,BIG=36000|MID=37000|usb_pwr_therm=30036|btmspkr_therm=30014|disp_therm=30014|north_therm=30815|soc_therm=34109|battery=30500|battery_cycle=5|dc-mains=34000|usbc-therm-adc=340|max77779fg=30500|LITTLE=36000|soc=8|smpl_gm=0|vdroop1=0|batoilo=0|batoilo2=0|batt_vs=30496|mdis_morepower=0|thb_hda=51|cp_on_chip_0=35000|cp_on_chip_1=36000|G3D=35000|cp_on_chip_2=36000|cp_on_chip_3=34000|cp_on_chip_4=34000|rf2_therm=32000|rf1_therm=33000|ISP=35000|TPU=35000|AUR=35000|rfpa_therm=31772|quiet_therm=32351|charging_therm=34132|,ok,39000,41000,20,37000,1,batched,touched,4096,2048,10,1,2924358,2048,455567,0,4,4,ok
1,24,nvhe,4,1795000,1795000,38000,37000,BIG=36000|MID=37000|usb_pwr_therm=30036|btmspkr_therm=30014|disp_therm=30014|north_therm=30815|soc_therm=34109|battery=30500|battery_cycle=5|dc-mains=34000|usbc-therm-adc=340|max77779fg=30500|LITTLE=36000|soc=8|smpl_gm=0|vdroop1=0|batoilo=0|batoilo2=0|batt_vs=30495|mdis_morepower=0|thb_hda=51|cp_on_chip_0=35000|cp_on_chip_1=36000|G3D=35000|cp_on_chip_2=36000|cp_on_chip_3=34000|cp_on_chip_4=34000|rf2_therm=32000|rf1_therm=33000|ISP=34000|TPU=35000|AUR=35000|rfpa_therm=31750|quiet_therm=32373|charging_therm=34176|,BIG=36000|MID=37000|usb_pwr_therm=30036|btmspkr_therm=30014|disp_therm=30014|north_therm=30815|soc_therm=34109|battery=30500|battery_cycle=5|dc-mains=34000|usbc-therm-adc=340|max77779fg=30500|LITTLE=36000|soc=8|smpl_gm=0|vdroop1=0|batoilo=0|batoilo2=0|batt_vs=30496|mdis_morepower=0|thb_hda=51|cp_on_chip_0=35000|cp_on_chip_1=36000|G3D=35000|cp_on_chip_2=36000|cp_on_chip_3=34000|cp_on_chip_4=34000|rf2_therm=32000|rf1_therm=33000|ISP=35000|TPU=35000|AUR=35000|rfpa_therm=31772|quiet_therm=32351|charging_therm=34132|,ok,39000,41000,20,37000,1,batched,touched,4096,2048,11,1,3027913,2048,473226,0,4,4,ok
1,24,nvhe,4,1795000,1795000,38000,37000,BIG=36000|MID=37000|usb_pwr_therm=30036|btmspkr_therm=30014|disp_therm=30014|north_therm=30815|soc_therm=34109|battery=30500|battery_cycle=5|dc-mains=34000|usbc-therm-adc=340|max77779fg=30500|LITTLE=36000|soc=8|smpl_gm=0|vdroop1=0|batoilo=0|batoilo2=0|batt_vs=30495|mdis_morepower=0|thb_hda=51|cp_on_chip_0=35000|cp_on_chip_1=36000|G3D=35000|cp_on_chip_2=36000|cp_on_chip_3=34000|cp_on_chip_4=34000|rf2_therm=32000|rf1_therm=33000|ISP=34000|TPU=35000|AUR=35000|rfpa_therm=31750|quiet_therm=32373|charging_therm=34176|,BIG=36000|MID=37000|usb_pwr_therm=30036|btmspkr_therm=30014|disp_therm=30014|north_therm=30815|soc_therm=34109|battery=30500|battery_cycle=5|dc-mains=34000|usbc-therm-adc=340|max77779fg=30500|LITTLE=36000|soc=8|smpl_gm=0|vdroop1=0|batoilo=0|batoilo2=0|batt_vs=30496|mdis_morepower=0|thb_hda=51|cp_on_chip_0=35000|cp_on_chip_1=36000|G3D=35000|cp_on_chip_2=36000|cp_on_chip_3=34000|cp_on_chip_4=34000|rf2_therm=32000|rf1_therm=33000|ISP=35000|TPU=35000|AUR=35000|rfpa_therm=31772|quiet_therm=32351|charging_therm=34132|,ok,39000,41000,20,37000,1,batched,touched,4096,2048,12,1,2817872,2048,547037,0,4,4,ok
1,24,nvhe,4,1795000,1795000,38000,37000,BIG=36000|MID=37000|usb_pwr_therm=30036|btmspkr_therm=30014|disp_therm=30014|north_therm=30815|soc_therm=34109|battery=30500|battery_cycle=5|dc-mains=34000|usbc-therm-adc=340|max77779fg=30500|LITTLE=36000|soc=8|smpl_gm=0|vdroop1=0|batoilo=0|batoilo2=0|batt_vs=30495|mdis_morepower=0|thb_hda=51|cp_on_chip_0=35000|cp_on_chip_1=36000|G3D=35000|cp_on_chip_2=36000|cp_on_chip_3=34000|cp_on_chip_4=34000|rf2_therm=32000|rf1_therm=33000|ISP=34000|TPU=35000|AUR=35000|rfpa_therm=31750|quiet_therm=32373|charging_therm=34176|,BIG=36000|MID=37000|usb_pwr_therm=30036|btmspkr_therm=30014|disp_therm=30014|north_therm=30815|soc_therm=34109|battery=30500|battery_cycle=5|dc-mains=34000|usbc-therm-adc=340|max77779fg=30500|LITTLE=36000|soc=8|smpl_gm=0|vdroop1=0|batoilo=0|batoilo2=0|batt_vs=30496|mdis_morepower=0|thb_hda=51|cp_on_chip_0=35000|cp_on_chip_1=36000|G3D=35000|cp_on_chip_2=36000|cp_on_chip_3=34000|cp_on_chip_4=34000|rf2_therm=32000|rf1_therm=33000|ISP=35000|TPU=35000|AUR=35000|rfpa_therm=31772|quiet_therm=32351|charging_therm=34132|,ok,39000,41000,20,37000,1,batched,touched,4096,2048,13,1,2832804,2048,402181,0,4,4,ok
1,24,nvhe,4,1795000,1795000,38000,37000,BIG=36000|MID=37000|usb_pwr_therm=30036|btmspkr_therm=30014|disp_therm=30014|north_therm=30815|soc_therm=34109|battery=30500|battery_cycle=5|dc-mains=34000|usbc-therm-adc=340|max77779fg=30500|LITTLE=36000|soc=8|smpl_gm=0|vdroop1=0|batoilo=0|batoilo2=0|batt_vs=30495|mdis_morepower=0|thb_hda=51|cp_on_chip_0=35000|cp_on_chip_1=36000|G3D=35000|cp_on_chip_2=36000|cp_on_chip_3=34000|cp_on_chip_4=34000|rf2_therm=32000|rf1_therm=33000|ISP=34000|TPU=35000|AUR=35000|rfpa_therm=31750|quiet_therm=32373|charging_therm=34176|,BIG=36000|MID=37000|usb_pwr_therm=30036|btmspkr_therm=30014|disp_therm=30014|north_therm=30815|soc_therm=34109|battery=30500|battery_cycle=5|dc-mains=34000|usbc-therm-adc=340|max77779fg=30500|LITTLE=36000|soc=8|smpl_gm=0|vdroop1=0|batoilo=0|batoilo2=0|batt_vs=30496|mdis_morepower=0|thb_hda=51|cp_on_chip_0=35000|cp_on_chip_1=36000|G3D=35000|cp_on_chip_2=36000|cp_on_chip_3=34000|cp_on_chip_4=34000|rf2_therm=32000|rf1_therm=33000|ISP=35000|TPU=35000|AUR=35000|rfpa_therm=31772|quiet_therm=32351|charging_therm=34132|,ok,39000,41000,20,37000,1,batched,touched,4096,2048,14,1,2629151,2048,343791,0,4,4,ok
1,24,nvhe,4,1795000,1795000,38000,37000,BIG=36000|MID=37000|usb_pwr_therm=30036|btmspkr_therm=30014|disp_therm=30014|north_therm=30815|soc_therm=34109|battery=30500|battery_cycle=5|dc-mains=34000|usbc-therm-adc=340|max77779fg=30500|LITTLE=36000|soc=8|smpl_gm=0|vdroop1=0|batoilo=0|batoilo2=0|batt_vs=30495|mdis_morepower=0|thb_hda=51|cp_on_chip_0=35000|cp_on_chip_1=36000|G3D=35000|cp_on_chip_2=36000|cp_on_chip_3=34000|cp_on_chip_4=34000|rf2_therm=32000|rf1_therm=33000|ISP=34000|TPU=35000|AUR=35000|rfpa_therm=31750|quiet_therm=32373|charging_therm=34176|,BIG=36000|MID=37000|usb_pwr_therm=30036|btmspkr_therm=30014|disp_therm=30014|north_therm=30815|soc_therm=34109|battery=30500|battery_cycle=5|dc-mains=34000|usbc-therm-adc=340|max77779fg=30500|LITTLE=36000|soc=8|smpl_gm=0|vdroop1=0|batoilo=0|batoilo2=0|batt_vs=30496|mdis_morepower=0|thb_hda=51|cp_on_chip_0=35000|cp_on_chip_1=36000|G3D=35000|cp_on_chip_2=36000|cp_on_chip_3=34000|cp_on_chip_4=34000|rf2_therm=32000|rf1_therm=33000|ISP=35000|TPU=35000|AUR=35000|rfpa_therm=31772|quiet_therm=32351|charging_therm=34132|,ok,39000,41000,20,37000,1,batched,touched,4096,2048,15,1,2324992,2048,338012,0,4,4,ok
1,24,nvhe,4,1795000,1795000,38000,37000,BIG=36000|MID=37000|usb_pwr_therm=30036|btmspkr_therm=30014|disp_therm=30014|north_therm=30815|soc_therm=34109|battery=30500|battery_cycle=5|dc-mains=34000|usbc-therm-adc=340|max77779fg=30500|LITTLE=36000|soc=8|smpl_gm=0|vdroop1=0|batoilo=0|batoilo2=0|batt_vs=30495|mdis_morepower=0|thb_hda=51|cp_on_chip_0=35000|cp_on_chip_1=36000|G3D=35000|cp_on_chip_2=36000|cp_on_chip_3=34000|cp_on_chip_4=34000|rf2_therm=32000|rf1_therm=33000|ISP=34000|TPU=35000|AUR=35000|rfpa_therm=31750|quiet_therm=32373|charging_therm=34176|,BIG=36000|MID=37000|usb_pwr_therm=30036|btmspkr_therm=30014|disp_therm=30014|north_therm=30815|soc_therm=34109|battery=30500|battery_cycle=5|dc-mains=34000|usbc-therm-adc=340|max77779fg=30500|LITTLE=36000|soc=8|smpl_gm=0|vdroop1=0|batoilo=0|batoilo2=0|batt_vs=30496|mdis_morepower=0|thb_hda=51|cp_on_chip_0=35000|cp_on_chip_1=36000|G3D=35000|cp_on_chip_2=36000|cp_on_chip_3=34000|cp_on_chip_4=34000|rf2_therm=32000|rf1_therm=33000|ISP=35000|TPU=35000|AUR=35000|rfpa_therm=31772|quiet_therm=32351|charging_therm=34132|,ok,39000,41000,20,37000,1,batched,touched,4096,2048,16,1,2351114,2048,363810,0,4,4,ok
1,24,nvhe,4,1795000,1795000,38000,37000,BIG=36000|MID=37000|usb_pwr_therm=30036|btmspkr_therm=30014|disp_therm=30014|north_therm=30815|soc_therm=34109|battery=30500|battery_cycle=5|dc-mains=34000|usbc-therm-adc=340|max77779fg=30500|LITTLE=36000|soc=8|smpl_gm=0|vdroop1=0|batoilo=0|batoilo2=0|batt_vs=30495|mdis_morepower=0|thb_hda=51|cp_on_chip_0=35000|cp_on_chip_1=36000|G3D=35000|cp_on_chip_2=36000|cp_on_chip_3=34000|cp_on_chip_4=34000|rf2_therm=32000|rf1_therm=33000|ISP=34000|TPU=35000|AUR=35000|rfpa_therm=31750|quiet_therm=32373|charging_therm=34176|,BIG=36000|MID=37000|usb_pwr_therm=30036|btmspkr_therm=30014|disp_therm=30014|north_therm=30815|soc_therm=34109|battery=30500|battery_cycle=5|dc-mains=34000|usbc-therm-adc=340|max77779fg=30500|LITTLE=36000|soc=8|smpl_gm=0|vdroop1=0|batoilo=0|batoilo2=0|batt_vs=30496|mdis_morepower=0|thb_hda=51|cp_on_chip_0=35000|cp_on_chip_1=36000|G3D=35000|cp_on_chip_2=36000|cp_on_chip_3=34000|cp_on_chip_4=34000|rf2_therm=32000|rf1_therm=33000|ISP=35000|TPU=35000|AUR=35000|rfpa_therm=31772|quiet_therm=32351|charging_therm=34132|,ok,39000,41000,20,37000,1,batched,touched,4096,2048,17,1,2233317,2048,305989,0,4,4,ok
1,24,nvhe,4,1795000,1795000,38000,37000,BIG=36000|MID=37000|usb_pwr_therm=30036|btmspkr_therm=30014|disp_therm=30014|north_therm=30815|soc_therm=34109|battery=30500|battery_cycle=5|dc-mains=34000|usbc-therm-adc=340|max77779fg=30500|LITTLE=36000|soc=8|smpl_gm=0|vdroop1=0|batoilo=0|batoilo2=0|batt_vs=30495|mdis_morepower=0|thb_hda=51|cp_on_chip_0=35000|cp_on_chip_1=36000|G3D=35000|cp_on_chip_2=36000|cp_on_chip_3=34000|cp_on_chip_4=34000|rf2_therm=32000|rf1_therm=33000|ISP=34000|TPU=35000|AUR=35000|rfpa_therm=31750|quiet_therm=32373|charging_therm=34176|,BIG=36000|MID=37000|usb_pwr_therm=30036|btmspkr_therm=30014|disp_therm=30014|north_therm=30815|soc_therm=34109|battery=30500|battery_cycle=5|dc-mains=34000|usbc-therm-adc=340|max77779fg=30500|LITTLE=36000|soc=8|smpl_gm=0|vdroop1=0|batoilo=0|batoilo2=0|batt_vs=30496|mdis_morepower=0|thb_hda=51|cp_on_chip_0=35000|cp_on_chip_1=36000|G3D=35000|cp_on_chip_2=36000|cp_on_chip_3=34000|cp_on_chip_4=34000|rf2_therm=32000|rf1_therm=33000|ISP=35000|TPU=35000|AUR=35000|rfpa_therm=31772|quiet_therm=32351|charging_therm=34132|,ok,39000,41000,20,37000,1,batched,touched,4096,2048,18,1,2255086,2048,312582,0,4,4,ok
1,24,nvhe,4,1795000,1795000,38000,37000,BIG=36000|MID=37000|usb_pwr_therm=30036|btmspkr_therm=30014|disp_therm=30014|north_therm=30815|soc_therm=34109|battery=30500|battery_cycle=5|dc-mains=34000|usbc-therm-adc=340|max77779fg=30500|LITTLE=36000|soc=8|smpl_gm=0|vdroop1=0|batoilo=0|batoilo2=0|batt_vs=30495|mdis_morepower=0|thb_hda=51|cp_on_chip_0=35000|cp_on_chip_1=36000|G3D=35000|cp_on_chip_2=36000|cp_on_chip_3=34000|cp_on_chip_4=34000|rf2_therm=32000|rf1_therm=33000|ISP=34000|TPU=35000|AUR=35000|rfpa_therm=31750|quiet_therm=32373|charging_therm=34176|,BIG=36000|MID=37000|usb_pwr_therm=30036|btmspkr_therm=30014|disp_therm=30014|north_therm=30815|soc_therm=34109|battery=30500|battery_cycle=5|dc-mains=34000|usbc-therm-adc=340|max77779fg=30500|LITTLE=36000|soc=8|smpl_gm=0|vdroop1=0|batoilo=0|batoilo2=0|batt_vs=30496|mdis_morepower=0|thb_hda=51|cp_on_chip_0=35000|cp_on_chip_1=36000|G3D=35000|cp_on_chip_2=36000|cp_on_chip_3=34000|cp_on_chip_4=34000|rf2_therm=32000|rf1_therm=33000|ISP=35000|TPU=35000|AUR=35000|rfpa_therm=31772|quiet_therm=32351|charging_therm=34132|,ok,39000,41000,20,37000,1,batched,touched,4096,2048,19,1,2130371,2048,289062,0,4,4,ok
1,24,nvhe,4,1795000,1795000,38000,37000,BIG=36000|MID=37000|usb_pwr_therm=30036|btmspkr_therm=30014|disp_therm=30014|north_therm=30815|soc_therm=34109|battery=30500|battery_cycle=5|dc-mains=34000|usbc-therm-adc=340|max77779fg=30500|LITTLE=36000|soc=8|smpl_gm=0|vdroop1=0|batoilo=0|batoilo2=0|batt_vs=30495|mdis_morepower=0|thb_hda=51|cp_on_chip_0=35000|cp_on_chip_1=36000|G3D=35000|cp_on_chip_2=36000|cp_on_chip_3=34000|cp_on_chip_4=34000|rf2_therm=32000|rf1_therm=33000|ISP=34000|TPU=35000|AUR=35000|rfpa_therm=31750|quiet_therm=32373|charging_therm=34176|,BIG=36000|MID=37000|usb_pwr_therm=30036|btmspkr_therm=30014|disp_therm=30014|north_therm=30815|soc_therm=34109|battery=30500|battery_cycle=5|dc-mains=34000|usbc-therm-adc=340|max77779fg=30500|LITTLE=36000|soc=8|smpl_gm=0|vdroop1=0|batoilo=0|batoilo2=0|batt_vs=30496|mdis_morepower=0|thb_hda=51|cp_on_chip_0=35000|cp_on_chip_1=36000|G3D=35000|cp_on_chip_2=36000|cp_on_chip_3=34000|cp_on_chip_4=34000|rf2_therm=32000|rf1_therm=33000|ISP=35000|TPU=35000|AUR=35000|rfpa_therm=31772|quiet_therm=32351|charging_therm=34132|,ok,39000,41000,20,37000,1,batched,touched,4096,2048,20,1,2005534,2048,297648,0,4,4,ok
1,24,nvhe,4,1795000,1795000,38000,37000,BIG=36000|MID=37000|usb_pwr_therm=30036|btmspkr_therm=30014|disp_therm=30014|north_therm=30815|soc_therm=34109|battery=30500|battery_cycle=5|dc-mains=34000|usbc-therm-adc=340|max77779fg=30500|LITTLE=36000|soc=8|smpl_gm=0|vdroop1=0|batoilo=0|batoilo2=0|batt_vs=30495|mdis_morepower=0|thb_hda=51|cp_on_chip_0=35000|cp_on_chip_1=36000|G3D=35000|cp_on_chip_2=36000|cp_on_chip_3=34000|cp_on_chip_4=34000|rf2_therm=32000|rf1_therm=33000|ISP=34000|TPU=35000|AUR=35000|rfpa_therm=31750|quiet_therm=32373|charging_therm=34176|,BIG=36000|MID=37000|usb_pwr_therm=30036|btmspkr_therm=30014|disp_therm=30014|north_therm=30815|soc_therm=34109|battery=30500|battery_cycle=5|dc-mains=34000|usbc-therm-adc=340|max77779fg=30500|LITTLE=36000|soc=8|smpl_gm=0|vdroop1=0|batoilo=0|batoilo2=0|batt_vs=30496|mdis_morepower=0|thb_hda=51|cp_on_chip_0=35000|cp_on_chip_1=36000|G3D=35000|cp_on_chip_2=36000|cp_on_chip_3=34000|cp_on_chip_4=34000|rf2_therm=32000|rf1_therm=33000|ISP=35000|TPU=35000|AUR=35000|rfpa_therm=31772|quiet_therm=32351|charging_therm=34132|,ok,39000,41000,20,37000,1,batched,touched,4096,2048,21,1,2072795,2048,308838,0,4,4,ok
1,24,nvhe,4,1795000,1795000,38000,37000,BIG=36000|MID=37000|usb_pwr_therm=30036|btmspkr_therm=30014|disp_therm=30014|north_therm=30815|soc_therm=34109|battery=30500|battery_cycle=5|dc-mains=34000|usbc-therm-adc=340|max77779fg=30500|LITTLE=36000|soc=8|smpl_gm=0|vdroop1=0|batoilo=0|batoilo2=0|batt_vs=30495|mdis_morepower=0|thb_hda=51|cp_on_chip_0=35000|cp_on_chip_1=36000|G3D=35000|cp_on_chip_2=36000|cp_on_chip_3=34000|cp_on_chip_4=34000|rf2_therm=32000|rf1_therm=33000|ISP=34000|TPU=35000|AUR=35000|rfpa_therm=31750|quiet_therm=32373|charging_therm=34176|,BIG=36000|MID=37000|usb_pwr_therm=30036|btmspkr_therm=30014|disp_therm=30014|north_therm=30815|soc_therm=34109|battery=30500|battery_cycle=5|dc-mains=34000|usbc-therm-adc=340|max77779fg=30500|LITTLE=36000|soc=8|smpl_gm=0|vdroop1=0|batoilo=0|batoilo2=0|batt_vs=30496|mdis_morepower=0|thb_hda=51|cp_on_chip_0=35000|cp_on_chip_1=36000|G3D=35000|cp_on_chip_2=36000|cp_on_chip_3=34000|cp_on_chip_4=34000|rf2_therm=32000|rf1_therm=33000|ISP=35000|TPU=35000|AUR=35000|rfpa_therm=31772|quiet_therm=32351|charging_therm=34132|,ok,39000,41000,20,37000,1,batched,touched,4096,2048,22,1,1979370,2048,281820,0,4,4,ok
1,24,nvhe,4,1795000,1795000,38000,37000,BIG=36000|MID=37000|usb_pwr_therm=30036|btmspkr_therm=30014|disp_therm=30014|north_therm=30815|soc_therm=34109|battery=30500|battery_cycle=5|dc-mains=34000|usbc-therm-adc=340|max77779fg=30500|LITTLE=36000|soc=8|smpl_gm=0|vdroop1=0|batoilo=0|batoilo2=0|batt_vs=30495|mdis_morepower=0|thb_hda=51|cp_on_chip_0=35000|cp_on_chip_1=36000|G3D=35000|cp_on_chip_2=36000|cp_on_chip_3=34000|cp_on_chip_4=34000|rf2_therm=32000|rf1_therm=33000|ISP=34000|TPU=35000|AUR=35000|rfpa_therm=31750|quiet_therm=32373|charging_therm=34176|,BIG=36000|MID=37000|usb_pwr_therm=30036|btmspkr_therm=30014|disp_therm=30014|north_therm=30815|soc_therm=34109|battery=30500|battery_cycle=5|dc-mains=34000|usbc-therm-adc=340|max77779fg=30500|LITTLE=36000|soc=8|smpl_gm=0|vdroop1=0|batoilo=0|batoilo2=0|batt_vs=30496|mdis_morepower=0|thb_hda=51|cp_on_chip_0=35000|cp_on_chip_1=36000|G3D=35000|cp_on_chip_2=36000|cp_on_chip_3=34000|cp_on_chip_4=34000|rf2_therm=32000|rf1_therm=33000|ISP=35000|TPU=35000|AUR=35000|rfpa_therm=31772|quiet_therm=32351|charging_therm=34132|,ok,39000,41000,20,37000,1,batched,touched,4096,2048,23,1,2016927,2048,276164,0,4,4,ok
1,24,nvhe,4,1795000,1795000,38000,37000,BIG=36000|MID=37000|usb_pwr_therm=30036|btmspkr_therm=30014|disp_therm=30014|north_therm=30815|soc_therm=34109|battery=30500|battery_cycle=5|dc-mains=34000|usbc-therm-adc=340|max77779fg=30500|LITTLE=36000|soc=8|smpl_gm=0|vdroop1=0|batoilo=0|batoilo2=0|batt_vs=30495|mdis_morepower=0|thb_hda=51|cp_on_chip_0=35000|cp_on_chip_1=36000|G3D=35000|cp_on_chip_2=36000|cp_on_chip_3=34000|cp_on_chip_4=34000|rf2_therm=32000|rf1_therm=33000|ISP=34000|TPU=35000|AUR=35000|rfpa_therm=31750|quiet_therm=32373|charging_therm=34176|,BIG=36000|MID=37000|usb_pwr_therm=30036|btmspkr_therm=30014|disp_therm=30014|north_therm=30815|soc_therm=34109|battery=30500|battery_cycle=5|dc-mains=34000|usbc-therm-adc=340|max77779fg=30500|LITTLE=36000|soc=8|smpl_gm=0|vdroop1=0|batoilo=0|batoilo2=0|batt_vs=30496|mdis_morepower=0|thb_hda=51|cp_on_chip_0=35000|cp_on_chip_1=36000|G3D=35000|cp_on_chip_2=36000|cp_on_chip_3=34000|cp_on_chip_4=34000|rf2_therm=32000|rf1_therm=33000|ISP=35000|TPU=35000|AUR=35000|rfpa_therm=31772|quiet_therm=32351|charging_therm=34132|,ok,39000,41000,20,37000,1,batched,touched,4096,2048,24,1,1892578,2048,265543,0,4,4,ok
1,24,nvhe,4,1795000,1795000,38000,37000,BIG=36000|MID=37000|usb_pwr_therm=30036|btmspkr_therm=30014|disp_therm=30014|north_therm=30815|soc_therm=34109|battery=30500|battery_cycle=5|dc-mains=34000|usbc-therm-adc=340|max77779fg=30500|LITTLE=36000|soc=8|smpl_gm=0|vdroop1=0|batoilo=0|batoilo2=0|batt_vs=30495|mdis_morepower=0|thb_hda=51|cp_on_chip_0=35000|cp_on_chip_1=36000|G3D=35000|cp_on_chip_2=36000|cp_on_chip_3=34000|cp_on_chip_4=34000|rf2_therm=32000|rf1_therm=33000|ISP=34000|TPU=35000|AUR=35000|rfpa_therm=31750|quiet_therm=32373|charging_therm=34176|,BIG=36000|MID=37000|usb_pwr_therm=30036|btmspkr_therm=30014|disp_therm=30014|north_therm=30815|soc_therm=34109|battery=30500|battery_cycle=5|dc-mains=34000|usbc-therm-adc=340|max77779fg=30500|LITTLE=36000|soc=8|smpl_gm=0|vdroop1=0|batoilo=0|batoilo2=0|batt_vs=30496|mdis_morepower=0|thb_hda=51|cp_on_chip_0=35000|cp_on_chip_1=36000|G3D=35000|cp_on_chip_2=36000|cp_on_chip_3=34000|cp_on_chip_4=34000|rf2_therm=32000|rf1_therm=33000|ISP=35000|TPU=35000|AUR=35000|rfpa_therm=31772|quiet_therm=32351|charging_therm=34132|,ok,39000,41000,20,37000,1,batched,touched,4096,2048,25,1,1878662,2048,266968,0,4,4,ok
1,24,nvhe,4,1795000,1795000,38000,37000,BIG=36000|MID=37000|usb_pwr_therm=30036|btmspkr_therm=30014|disp_therm=30014|north_therm=30815|soc_therm=34109|battery=30500|battery_cycle=5|dc-mains=34000|usbc-therm-adc=340|max77779fg=30500|LITTLE=36000|soc=8|smpl_gm=0|vdroop1=0|batoilo=0|batoilo2=0|batt_vs=30495|mdis_morepower=0|thb_hda=51|cp_on_chip_0=35000|cp_on_chip_1=36000|G3D=35000|cp_on_chip_2=36000|cp_on_chip_3=34000|cp_on_chip_4=34000|rf2_therm=32000|rf1_therm=33000|ISP=34000|TPU=35000|AUR=35000|rfpa_therm=31750|quiet_therm=32373|charging_therm=34176|,BIG=36000|MID=37000|usb_pwr_therm=30036|btmspkr_therm=30014|disp_therm=30014|north_therm=30815|soc_therm=34109|battery=30500|battery_cycle=5|dc-mains=34000|usbc-therm-adc=340|max77779fg=30500|LITTLE=36000|soc=8|smpl_gm=0|vdroop1=0|batoilo=0|batoilo2=0|batt_vs=30496|mdis_morepower=0|thb_hda=51|cp_on_chip_0=35000|cp_on_chip_1=36000|G3D=35000|cp_on_chip_2=36000|cp_on_chip_3=34000|cp_on_chip_4=34000|rf2_therm=32000|rf1_therm=33000|ISP=35000|TPU=35000|AUR=35000|rfpa_therm=31772|quiet_therm=32351|charging_therm=34132|,ok,39000,41000,20,37000,1,batched,touched,4096,2048,26,1,1877522,2048,267782,0,4,4,ok
1,24,nvhe,4,1795000,1795000,38000,37000,BIG=36000|MID=37000|usb_pwr_therm=30036|btmspkr_therm=30014|disp_therm=30014|north_therm=30815|soc_therm=34109|battery=30500|battery_cycle=5|dc-mains=34000|usbc-therm-adc=340|max77779fg=30500|LITTLE=36000|soc=8|smpl_gm=0|vdroop1=0|batoilo=0|batoilo2=0|batt_vs=30495|mdis_morepower=0|thb_hda=51|cp_on_chip_0=35000|cp_on_chip_1=36000|G3D=35000|cp_on_chip_2=36000|cp_on_chip_3=34000|cp_on_chip_4=34000|rf2_therm=32000|rf1_therm=33000|ISP=34000|TPU=35000|AUR=35000|rfpa_therm=31750|quiet_therm=32373|charging_therm=34176|,BIG=36000|MID=37000|usb_pwr_therm=30036|btmspkr_therm=30014|disp_therm=30014|north_therm=30815|soc_therm=34109|battery=30500|battery_cycle=5|dc-mains=34000|usbc-therm-adc=340|max77779fg=30500|LITTLE=36000|soc=8|smpl_gm=0|vdroop1=0|batoilo=0|batoilo2=0|batt_vs=30496|mdis_morepower=0|thb_hda=51|cp_on_chip_0=35000|cp_on_chip_1=36000|G3D=35000|cp_on_chip_2=36000|cp_on_chip_3=34000|cp_on_chip_4=34000|rf2_therm=32000|rf1_therm=33000|ISP=35000|TPU=35000|AUR=35000|rfpa_therm=31772|quiet_therm=32351|charging_therm=34132|,ok,39000,41000,20,37000,1,batched,touched,4096,2048,27,1,1919108,2048,260905,0,4,4,ok
1,24,nvhe,4,1795000,1795000,38000,37000,BIG=36000|MID=37000|usb_pwr_therm=30036|btmspkr_therm=30014|disp_therm=30014|north_therm=30815|soc_therm=34109|battery=30500|battery_cycle=5|dc-mains=34000|usbc-therm-adc=340|max77779fg=30500|LITTLE=36000|soc=8|smpl_gm=0|vdroop1=0|batoilo=0|batoilo2=0|batt_vs=30495|mdis_morepower=0|thb_hda=51|cp_on_chip_0=35000|cp_on_chip_1=36000|G3D=35000|cp_on_chip_2=36000|cp_on_chip_3=34000|cp_on_chip_4=34000|rf2_therm=32000|rf1_therm=33000|ISP=34000|TPU=35000|AUR=35000|rfpa_therm=31750|quiet_therm=32373|charging_therm=34176|,BIG=36000|MID=37000|usb_pwr_therm=30036|btmspkr_therm=30014|disp_therm=30014|north_therm=30815|soc_therm=34109|battery=30500|battery_cycle=5|dc-mains=34000|usbc-therm-adc=340|max77779fg=30500|LITTLE=36000|soc=8|smpl_gm=0|vdroop1=0|batoilo=0|batoilo2=0|batt_vs=30496|mdis_morepower=0|thb_hda=51|cp_on_chip_0=35000|cp_on_chip_1=36000|G3D=35000|cp_on_chip_2=36000|cp_on_chip_3=34000|cp_on_chip_4=34000|rf2_therm=32000|rf1_therm=33000|ISP=35000|TPU=35000|AUR=35000|rfpa_therm=31772|quiet_therm=32351|charging_therm=34132|,ok,39000,41000,20,37000,1,batched,touched,4096,2048,28,1,1869507,2048,280680,0,4,4,ok
1,24,nvhe,4,1795000,1795000,38000,37000,BIG=36000|MID=37000|usb_pwr_therm=30036|btmspkr_therm=30014|disp_therm=30014|north_therm=30815|soc_therm=34109|battery=30500|battery_cycle=5|dc-mains=34000|usbc-therm-adc=340|max77779fg=30500|LITTLE=36000|soc=8|smpl_gm=0|vdroop1=0|batoilo=0|batoilo2=0|batt_vs=30495|mdis_morepower=0|thb_hda=51|cp_on_chip_0=35000|cp_on_chip_1=36000|G3D=35000|cp_on_chip_2=36000|cp_on_chip_3=34000|cp_on_chip_4=34000|rf2_therm=32000|rf1_therm=33000|ISP=34000|TPU=35000|AUR=35000|rfpa_therm=31750|quiet_therm=32373|charging_therm=34176|,BIG=36000|MID=37000|usb_pwr_therm=30036|btmspkr_therm=30014|disp_therm=30014|north_therm=30815|soc_therm=34109|battery=30500|battery_cycle=5|dc-mains=34000|usbc-therm-adc=340|max77779fg=30500|LITTLE=36000|soc=8|smpl_gm=0|vdroop1=0|batoilo=0|batoilo2=0|batt_vs=30496|mdis_morepower=0|thb_hda=51|cp_on_chip_0=35000|cp_on_chip_1=36000|G3D=35000|cp_on_chip_2=36000|cp_on_chip_3=34000|cp_on_chip_4=34000|rf2_therm=32000|rf1_therm=33000|ISP=35000|TPU=35000|AUR=35000|rfpa_therm=31772|quiet_therm=32351|charging_therm=34132|,ok,39000,41000,20,37000,1,batched,touched,4096,2048,29,1,1877319,2048,257649,0,4,4,ok
