block_id,task_index,mode_label,cpu_target,freq_before_khz,freq_after_khz,thermal_before_mc,thermal_after_mc,thermal_detail_before,thermal_detail_after,reject_reason,thermal_gate_max_mc,thermal_gate_start_mc,thermal_wait_sec,thermal_gate_ready_mc,schema_version,mode,touch,page_size,pages,run_index,op_count,setup_elapsed_ns,setup_minor_faults_delta,elapsed_ns,timed_minor_faults_delta,cpu_before,cpu_after,status
1,1,nvhe,4,578000,648000,37000,36000,BIG=35000|MID=35000|usb_pwr_therm=29479|btmspkr_therm=29390|disp_therm=29368|north_therm=29657|soc_therm=31794|battery=29300|battery_cycle=5|dc-mains=32500|usbc-therm-adc=325|max77779fg=29300|LITTLE=35000|soc=1|smpl_gm=0|vdroop1=0|batoilo=0|batoilo2=0|batt_vs=29300|mdis_morepower=0|thb_hda=51|cp_on_chip_0=34000|cp_on_chip_1=36000|G3D=34000|cp_on_chip_2=36000|cp_on_chip_3=33000|cp_on_chip_4=34000|rf2_therm=31000|rf1_therm=32000|ISP=32000|TPU=33000|AUR=33000|rfpa_therm=30281|quiet_therm=30570|charging_therm=31906|,BIG=36000|MID=35000|usb_pwr_therm=29479|btmspkr_therm=29390|disp_therm=29368|north_therm=29657|soc_therm=31794|battery=29300|battery_cycle=5|dc-mains=32500|usbc-therm-adc=325|max77779fg=29300|LITTLE=35000|soc=1|smpl_gm=0|vdroop1=0|batoilo=0|batoilo2=0|batt_vs=29300|mdis_morepower=0|thb_hda=51|cp_on_chip_0=34000|cp_on_chip_1=36000|G3D=34000|cp_on_chip_2=36000|cp_on_chip_3=33000|cp_on_chip_4=34000|rf2_therm=31000|rf1_therm=32000|ISP=33000|TPU=34000|AUR=33000|rfpa_therm=30281|quiet_therm=30570|charging_therm=31906|,ok,39000,36000,0,36000,1,batched,untouched,4096,256,0,1,7609,0,1342,0,4,4,ok
1,1,nvhe,4,578000,648000,37000,36000,BIG=35000|MID=35000|usb_pwr_therm=29479|btmspkr_therm=29390|disp_therm=29368|north_therm=29657|soc_therm=31794|battery=29300|battery_cycle=5|dc-mains=32500|usbc-therm-adc=325|max77779fg=29300|LITTLE=35000|soc=1|smpl_gm=0|vdroop1=0|batoilo=0|batoilo2=0|batt_vs=29300|mdis_morepower=0|thb_hda=51|cp_on_chip_0=34000|cp_on_chip_1=36000|G3D=34000|cp_on_chip_2=36000|cp_on_chip_3=33000|cp_on_chip_4=34000|rf2_therm=31000|rf1_therm=32000|ISP=32000|TPU=33000|AUR=33000|rfpa_therm=30281|quiet_therm=30570|charging_therm=31906|,BIG=36000|MID=35000|usb_pwr_therm=29479|btmspkr_therm=29390|disp_therm=29368|north_therm=29657|soc_therm=31794|battery=29300|battery_cycle=5|dc-mains=32500|usbc-therm-adc=325|max77779fg=29300|LITTLE=35000|soc=1|smpl_gm=0|vdroop1=0|batoilo=0|batoilo2=0|batt_vs=29300|mdis_morepower=0|thb_hda=51|cp_on_chip_0=34000|cp_on_chip_1=36000|G3D=34000|cp_on_chip_2=36000|cp_on_chip_3=33000|cp_on_chip_4=34000|rf2_therm=31000|rf1_therm=32000|ISP=33000|TPU=34000|AUR=33000|rfpa_therm=30281|quiet_therm=30570|charging_therm=31906|,ok,39000,36000,0,36000,1,batched,untouched,4096,256,1,1,5534,0,855,0,4,4,ok
1,1,nvhe,4,578000,648000,37000,36000,BIG=35000|MID=35000|usb_pwr_therm=29479|btmspkr_therm=29390|disp_therm=29368|north_therm=29657|soc_therm=31794|battery=29300|battery_cycle=5|dc-mains=32500|usbc-therm-adc=325|max77779fg=29300|LITTLE=35000|soc=1|smpl_gm=0|vdroop1=0|batoilo=0|batoilo2=0|batt_vs=29300|mdis_morepower=0|thb_hda=51|cp_on_chip_0=34000|cp_on_chip_1=36000|G3D=34000|cp_on_chip_2=36000|cp_on_chip_3=33000|cp_on_chip_4=34000|rf2_therm=31000|rf1_therm=32000|ISP=32000|TPU=33000|AUR=33000|rfpa_therm=30281|quiet_therm=30570|charging_therm=31906|,BIG=36000|MID=35000|usb_pwr_therm=29479|btmspkr_therm=29390|disp_therm=29368|north_therm=29657|soc_therm=31794|battery=29300|battery_cycle=5|dc-mains=32500|usbc-therm-adc=325|max77779fg=29300|LITTLE=35000|soc=1|smpl_gm=0|vdroop1=0|batoilo=0|batoilo2=0|batt_vs=29300|mdis_morepower=0|thb_hda=51|cp_on_chip_0=34000|cp_on_chip_1=36000|G3D=34000|cp_on_chip_2=36000|cp_on_chip_3=33000|cp_on_chip_4=34000|rf2_therm=31000|rf1_therm=32000|ISP=33000|TPU=34000|AUR=33000|rfpa_therm=30281|quiet_therm=30570|charging_therm=31906|,ok,39000,36000,0,36000,1,batched,untouched,4096,256,2,1,4842,0,773,0,4,4,ok
1,1,nvhe,4,578000,648000,37000,36000,BIG=35000|MID=35000|usb_pwr_therm=29479|btmspkr_therm=29390|disp_therm=29368|north_therm=29657|soc_therm=31794|battery=29300|battery_cycle=5|dc-mains=32500|usbc-therm-adc=325|max77779fg=29300|LITTLE=35000|soc=1|smpl_gm=0|vdroop1=0|batoilo=0|batoilo2=0|batt_vs=29300|mdis_morepower=0|thb_hda=51|cp_on_chip_0=34000|cp_on_chip_1=36000|G3D=34000|cp_on_chip_2=36000|cp_on_chip_3=33000|cp_on_chip_4=34000|rf2_therm=31000|rf1_therm=32000|ISP=32000|TPU=33000|AUR=33000|rfpa_therm=30281|quiet_therm=30570|charging_therm=31906|,BIG=36000|MID=35000|usb_pwr_therm=29479|btmspkr_therm=29390|disp_therm=29368|north_therm=29657|soc_therm=31794|battery=29300|battery_cycle=5|dc-mains=32500|usbc-therm-adc=325|max77779fg=29300|LITTLE=35000|soc=1|smpl_gm=0|vdroop1=0|batoilo=0|batoilo2=0|batt_vs=29300|mdis_morepower=0|thb_hda=51|cp_on_chip_0=34000|cp_on_chip_1=36000|G3D=34000|cp_on_chip_2=36000|cp_on_chip_3=33000|cp_on_chip_4=34000|rf2_therm=31000|rf1_therm=32000|ISP=33000|TPU=34000|AUR=33000|rfpa_therm=30281|quiet_therm=30570|charging_therm=31906|,ok,39000,36000,0,36000,1,batched,untouched,4096,256,3,1,4679,0,692,0,4,4,ok
1,1,nvhe,4,578000,648000,37000,36000,BIG=35000|MID=35000|usb_pwr_therm=29479|btmspkr_therm=29390|disp_therm=29368|north_therm=29657|soc_therm=31794|battery=29300|battery_cycle=5|dc-mains=32500|usbc-therm-adc=325|max77779fg=29300|LITTLE=35000|soc=1|smpl_gm=0|vdroop1=0|batoilo=0|batoilo2=0|batt_vs=29300|mdis_morepower=0|thb_hda=51|cp_on_chip_0=34000|cp_on_chip_1=36000|G3D=34000|cp_on_chip_2=36000|cp_on_chip_3=33000|cp_on_chip_4=34000|rf2_therm=31000|rf1_therm=32000|ISP=32000|TPU=33000|AUR=33000|rfpa_therm=30281|quiet_therm=30570|charging_therm=31906|,BIG=36000|MID=35000|usb_pwr_therm=29479|btmspkr_therm=29390|disp_therm=29368|north_therm=29657|soc_therm=31794|battery=29300|battery_cycle=5|dc-mains=32500|usbc-therm-adc=325|max77779fg=29300|LITTLE=35000|soc=1|smpl_gm=0|vdroop1=0|batoilo=0|batoilo2=0|batt_vs=29300|mdis_morepower=0|thb_hda=51|cp_on_chip_0=34000|cp_on_chip_1=36000|G3D=34000|cp_on_chip_2=36000|cp_on_chip_3=33000|cp_on_chip_4=34000|rf2_therm=31000|rf1_therm=32000|ISP=33000|TPU=34000|AUR=33000|rfpa_therm=30281|quiet_therm=30570|charging_therm=31906|,ok,39000,36000,0,36000,1,batched,untouched,4096,256,4,1,4110,0,691,0,4,4,ok
1,1,nvhe,4,578000,648000,37000,36000,BIG=35000|MID=35000|usb_pwr_therm=29479|btmspkr_therm=29390|disp_therm=29368|north_therm=29657|soc_therm=31794|battery=29300|battery_cycle=5|dc-mains=32500|usbc-therm-adc=325|max77779fg=29300|LITTLE=35000|soc=1|smpl_gm=0|vdroop1=0|batoilo=0|batoilo2=0|batt_vs=29300|mdis_morepower=0|thb_hda=51|cp_on_chip_0=34000|cp_on_chip_1=36000|G3D=34000|cp_on_chip_2=36000|cp_on_chip_3=33000|cp_on_chip_4=34000|rf2_therm=31000|rf1_therm=32000|ISP=32000|TPU=33000|AUR=33000|rfpa_therm=30281|quiet_therm=30570|charging_therm=31906|,BIG=36000|MID=35000|usb_pwr_therm=29479|btmspkr_therm=29390|disp_therm=29368|north_therm=29657|soc_therm=31794|battery=29300|battery_cycle=5|dc-mains=32500|usbc-therm-adc=325|max77779fg=29300|LITTLE=35000|soc=1|smpl_gm=0|vdroop1=0|batoilo=0|batoilo2=0|batt_vs=29300|mdis_morepower=0|thb_hda=51|cp_on_chip_0=34000|cp_on_chip_1=36000|G3D=34000|cp_on_chip_2=36000|cp_on_chip_3=33000|cp_on_chip_4=34000|rf2_therm=31000|rf1_therm=32000|ISP=33000|TPU=34000|AUR=33000|rfpa_therm=30281|quiet_therm=30570|charging_therm=31906|,ok,39000,36000,0,36000,1,batched,untouched,4096,256,5,1,4028,0,651,0,4,4,ok
1,1,nvhe,4,578000,648000,37000,36000,BIG=35000|MID=35000|usb_pwr_therm=29479|btmspkr_therm=29390|disp_therm=29368|north_therm=29657|soc_therm=31794|battery=29300|battery_cycle=5|dc-mains=32500|usbc-therm-adc=325|max77779fg=29300|LITTLE=35000|soc=1|smpl_gm=0|vdroop1=0|batoilo=0|batoilo2=0|batt_vs=29300|mdis_morepower=0|thb_hda=51|cp_on_chip_0=34000|cp_on_chip_1=36000|G3D=34000|cp_on_chip_2=36000|cp_on_chip_3=33000|cp_on_chip_4=34000|rf2_therm=31000|rf1_therm=32000|ISP=32000|TPU=33000|AUR=33000|rfpa_therm=30281|quiet_therm=30570|charging_therm=31906|,BIG=36000|MID=35000|usb_pwr_therm=29479|btmspkr_therm=29390|disp_therm=29368|north_therm=29657|soc_therm=31794|battery=29300|battery_cycle=5|dc-mains=32500|usbc-therm-adc=325|max77779fg=29300|LITTLE=35000|soc=1|smpl_gm=0|vdroop1=0|batoilo=0|batoilo2=0|batt_vs=29300|mdis_morepower=0|thb_hda=51|cp_on_chip_0=34000|cp_on_chip_1=36000|G3D=34000|cp_on_chip_2=36000|cp_on_chip_3=33000|cp_on_chip_4=34000|rf2_therm=31000|rf1_therm=32000|ISP=33000|TPU=34000|AUR=33000|rfpa_therm=30281|quiet_therm=30570|charging_therm=31906|,ok,39000,36000,0,36000,1,batched,untouched,4096,256,6,1,4639,0,651,0,4,4,ok
1,1,nvhe,4,578000,648000,37000,36000,BIG=35000|MID=35000|usb_pwr_therm=29479|btmspkr_therm=29390|disp_therm=29368|north_therm=29657|soc_therm=31794|battery=29300|battery_cycle=5|dc-mains=32500|usbc-therm-adc=325|max77779fg=29300|LITTLE=35000|soc=1|smpl_gm=0|vdroop1=0|batoilo=0|batoilo2=0|batt_vs=29300|mdis_morepower=0|thb_hda=51|cp_on_chip_0=34000|cp_on_chip_1=36000|G3D=34000|cp_on_chip_2=36000|cp_on_chip_3=33000|cp_on_chip_4=34000|rf2_therm=31000|rf1_therm=32000|ISP=32000|TPU=33000|AUR=33000|rfpa_therm=30281|quiet_therm=30570|charging_therm=31906|,BIG=36000|MID=35000|usb_pwr_therm=29479|btmspkr_therm=29390|disp_therm=29368|north_therm=29657|soc_therm=31794|battery=29300|battery_cycle=5|dc-mains=32500|usbc-therm-adc=325|max77779fg=29300|LITTLE=35000|soc=1|smpl_gm=0|vdroop1=0|batoilo=0|batoilo2=0|batt_vs=29300|mdis_morepower=0|thb_hda=51|cp_on_chip_0=34000|cp_on_chip_1=36000|G3D=34000|cp_on_chip_2=36000|cp_on_chip_3=33000|cp_on_chip_4=34000|rf2_therm=31000|rf1_therm=32000|ISP=33000|TPU=34000|AUR=33000|rfpa_therm=30281|quiet_therm=30570|charging_therm=31906|,ok,39000,36000,0,36000,1,batched,untouched,4096,256,7,1,3743,0,692,0,4,4,ok
1,1,nvhe,4,578000,648000,37000,36000,BIG=35000|MID=35000|usb_pwr_therm=29479|btmspkr_therm=29390|disp_therm=29368|north_therm=29657|soc_therm=31794|battery=29300|battery_cycle=5|dc-mains=32500|usbc-therm-adc=325|max77779fg=29300|LITTLE=35000|soc=1|smpl_gm=0|vdroop1=0|batoilo=0|batoilo2=0|batt_vs=29300|mdis_morepower=0|thb_hda=51|cp_on_chip_0=34000|cp_on_chip_1=36000|G3D=34000|cp_on_chip_2=36000|cp_on_chip_3=33000|cp_on_chip_4=34000|rf2_therm=31000|rf1_therm=32000|ISP=32000|TPU=33000|AUR=33000|rfpa_therm=30281|quiet_therm=30570|charging_therm=31906|,BIG=36000|MID=35000|usb_pwr_therm=29479|btmspkr_therm=29390|disp_therm=29368|north_therm=29657|soc_therm=31794|battery=29300|battery_cycle=5|dc-mains=32500|usbc-therm-adc=325|max77779fg=29300|LITTLE=35000|soc=1|smpl_gm=0|vdroop1=0|batoilo=0|batoilo2=0|batt_vs=29300|mdis_morepower=0|thb_hda=51|cp_on_chip_0=34000|cp_on_chip_1=36000|G3D=34000|cp_on_chip_2=36000|cp_on_chip_3=33000|cp_on_chip_4=34000|rf2_therm=31000|rf1_therm=32000|ISP=33000|TPU=34000|AUR=33000|rfpa_therm=30281|quiet_therm=30570|charging_therm=31906|,ok,39000,36000,0,36000,1,batched,untouched,4096,256,8,1,3540,0,692,0,4,4,ok
1,1,nvhe,4,578000,648000,37000,36000,BIG=35000|MID=35000|usb_pwr_therm=29479|btmspkr_therm=29390|disp_therm=29368|north_therm=29657|soc_therm=31794|battery=29300|battery_cycle=5|dc-mains=32500|usbc-therm-adc=325|max77779fg=29300|LITTLE=35000|soc=1|smpl_gm=0|vdroop1=0|batoilo=0|batoilo2=0|batt_vs=29300|mdis_morepower=0|thb_hda=51|cp_on_chip_0=34000|cp_on_chip_1=36000|G3D=34000|cp_on_chip_2=36000|cp_on_chip_3=33000|cp_on_chip_4=34000|rf2_therm=31000|rf1_therm=32000|ISP=32000|TPU=33000|AUR=33000|rfpa_therm=30281|quiet_therm=30570|charging_therm=31906|,BIG=36000|MID=35000|usb_pwr_therm=29479|btmspkr_therm=29390|disp_therm=29368|north_therm=29657|soc_therm=31794|battery=29300|battery_cycle=5|dc-mains=32500|usbc-therm-adc=325|max77779fg=29300|LITTLE=35000|soc=1|smpl_gm=0|vdroop1=0|batoilo=0|batoilo2=0|batt_vs=29300|mdis_morepower=0|thb_hda=51|cp_on_chip_0=34000|cp_on_chip_1=36000|G3D=34000|cp_on_chip_2=36000|cp_on_chip_3=33000|cp_on_chip_4=34000|rf2_therm=31000|rf1_therm=32000|ISP=33000|TPU=34000|AUR=33000|rfpa_therm=30281|quiet_therm=30570|charging_therm=31906|,ok,39000,36000,0,36000,1,batched,untouched,4096,256,9,1,4272,0,692,0,4,4,ok
1,1,nvhe,4,578000,648000,37000,36000,BIG=35000|MID=35000|usb_pwr_therm=29479|btmspkr_therm=29390|disp_therm=29368|north_therm=29657|soc_therm=31794|battery=29300|battery_cycle=5|dc-mains=32500|usbc-therm-adc=325|max77779fg=29300|LITTLE=35000|soc=1|smpl_gm=0|vdroop1=0|batoilo=0|batoilo2=0|batt_vs=29300|mdis_morepower=0|thb_hda=51|cp_on_chip_0=34000|cp_on_chip_1=36000|G3D=34000|cp_on_chip_2=36000|cp_on_chip_3=33000|cp_on_chip_4=34000|rf2_therm=31000|rf1_therm=32000|ISP=32000|TPU=33000|AUR=33000|rfpa_therm=30281|quiet_therm=30570|charging_therm=31906|,BIG=36000|MID=35000|usb_pwr_therm=29479|btmspkr_therm=29390|disp_therm=29368|north_therm=29657|soc_therm=31794|battery=29300|battery_cycle=5|dc-mains=32500|usbc-therm-adc=325|max77779fg=29300|LITTLE=35000|soc=1|smpl_gm=0|vdroop1=0|batoilo=0|batoilo2=0|batt_vs=29300|mdis_morepower=0|thb_hda=51|cp_on_chip_0=34000|cp_on_chip_1=36000|G3D=34000|cp_on_chip_2=36000|cp_on_chip_3=33000|cp_on_chip_4=34000|rf2_therm=31000|rf1_therm=32000|ISP=33000|TPU=34000|AUR=33000|rfpa_therm=30281|quiet_therm=30570|charging_therm=31906|,ok,39000,36000,0,36000,1,batched,untouched,4096,256,10,1,3581,0,651,0,4,4,ok
1,1,nvhe,4,578000,648000,37000,36000,BIG=35000|MID=35000|usb_pwr_therm=29479|btmspkr_therm=29390|disp_therm=29368|north_therm=29657|soc_therm=31794|battery=29300|battery_cycle=5|dc-mains=32500|usbc-therm-adc=325|max77779fg=29300|LITTLE=35000|soc=1|smpl_gm=0|vdroop1=0|batoilo=0|batoilo2=0|batt_vs=29300|mdis_morepower=0|thb_hda=51|cp_on_chip_0=34000|cp_on_chip_1=36000|G3D=34000|cp_on_chip_2=36000|cp_on_chip_3=33000|cp_on_chip_4=34000|rf2_therm=31000|rf1_therm=32000|ISP=32000|TPU=33000|AUR=33000|rfpa_therm=30281|quiet_therm=30570|charging_therm=31906|,BIG=36000|MID=35000|usb_pwr_therm=29479|btmspkr_therm=29390|disp_therm=29368|north_therm=29657|soc_therm=31794|battery=29300|battery_cycle=5|dc-mains=32500|usbc-therm-adc=325|max77779fg=29300|LITTLE=35000|soc=1|smpl_gm=0|vdroop1=0|batoilo=0|batoilo2=0|batt_vs=29300|mdis_morepower=0|thb_hda=51|cp_on_chip_0=34000|cp_on_chip_1=36000|G3D=34000|cp_on_chip_2=36000|cp_on_chip_3=33000|cp_on_chip_4=34000|rf2_therm=31000|rf1_therm=32000|ISP=33000|TPU=34000|AUR=33000|rfpa_therm=30281|quiet_therm=30570|charging_therm=31906|,ok,39000,36000,0,36000,1,batched,untouched,4096,256,11,1,2808,0,692,0,4,4,ok
1,1,nvhe,4,578000,648000,37000,36000,BIG=35000|MID=35000|usb_pwr_therm=29479|btmspkr_therm=29390|disp_therm=29368|north_therm=29657|soc_therm=31794|battery=29300|battery_cycle=5|dc-mains=32500|usbc-therm-adc=325|max77779fg=29300|LITTLE=35000|soc=1|smpl_gm=0|vdroop1=0|batoilo=0|batoilo2=0|batt_vs=29300|mdis_morepower=0|thb_hda=51|cp_on_chip_0=34000|cp_on_chip_1=36000|G3D=34000|cp_on_chip_2=36000|cp_on_chip_3=33000|cp_on_chip_4=34000|rf2_therm=31000|rf1_therm=32000|ISP=32000|TPU=33000|AUR=33000|rfpa_therm=30281|quiet_therm=30570|charging_therm=31906|,BIG=36000|MID=35000|usb_pwr_therm=29479|btmspkr_therm=29390|disp_therm=29368|north_therm=29657|soc_therm=31794|battery=29300|battery_cycle=5|dc-mains=32500|usbc-therm-adc=325|max77779fg=29300|LITTLE=35000|soc=1|smpl_gm=0|vdroop1=0|batoilo=0|batoilo2=0|batt_vs=29300|mdis_morepower=0|thb_hda=51|cp_on_chip_0=34000|cp_on_chip_1=36000|G3D=34000|cp_on_chip_2=36000|cp_on_chip_3=33000|cp_on_chip_4=34000|rf2_therm=31000|rf1_therm=32000|ISP=33000|TPU=34000|AUR=33000|rfpa_therm=30281|quiet_therm=30570|charging_therm=31906|,ok,39000,36000,0,36000,1,batched,untouched,4096,256,12,1,3133,0,692,0,4,4,ok
1,1,nvhe,4,578000,648000,37000,36000,BIG=35000|MID=35000|usb_pwr_therm=29479|btmspkr_therm=29390|disp_therm=29368|north_therm=29657|soc_therm=31794|battery=29300|battery_cycle=5|dc-mains=32500|usbc-therm-adc=325|max77779fg=29300|LITTLE=35000|soc=1|smpl_gm=0|vdroop1=0|batoilo=0|batoilo2=0|batt_vs=29300|mdis_morepower=0|thb_hda=51|cp_on_chip_0=34000|cp_on_chip_1=36000|G3D=34000|cp_on_chip_2=36000|cp_on_chip_3=33000|cp_on_chip_4=34000|rf2_therm=31000|rf1_therm=32000|ISP=32000|TPU=33000|AUR=33000|rfpa_therm=30281|quiet_therm=30570|charging_therm=31906|,BIG=36000|MID=35000|usb_pwr_therm=29479|btmspkr_therm=29390|disp_therm=29368|north_therm=29657|soc_therm=31794|battery=29300|battery_cycle=5|dc-mains=32500|usbc-therm-adc=325|max77779fg=29300|LITTLE=35000|soc=1|smpl_gm=0|vdroop1=0|batoilo=0|batoilo2=0|batt_vs=29300|mdis_morepower=0|thb_hda=51|cp_on_chip_0=34000|cp_on_chip_1=36000|G3D=34000|cp_on_chip_2=36000|cp_on_chip_3=33000|cp_on_chip_4=34000|rf2_therm=31000|rf1_therm=32000|ISP=33000|TPU=34000|AUR=33000|rfpa_therm=30281|quiet_therm=30570|charging_therm=31906|,ok,39000,36000,0,36000,1,batched,untouched,4096,256,13,1,3499,0,651,0,4,4,ok
1,1,nvhe,4,578000,648000,37000,36000,BIG=35000|MID=35000|usb_pwr_therm=29479|btmspkr_therm=29390|disp_therm=29368|north_therm=29657|soc_therm=31794|battery=29300|battery_cycle=5|dc-mains=32500|usbc-therm-adc=325|max77779fg=29300|LITTLE=35000|soc=1|smpl_gm=0|vdroop1=0|batoilo=0|batoilo2=0|batt_vs=29300|mdis_morepower=0|thb_hda=51|cp_on_chip_0=34000|cp_on_chip_1=36000|G3D=34000|cp_on_chip_2=36000|cp_on_chip_3=33000|cp_on_chip_4=34000|rf2_therm=31000|rf1_therm=32000|ISP=32000|TPU=33000|AUR=33000|rfpa_therm=30281|quiet_therm=30570|charging_therm=31906|,BIG=36000|MID=35000|usb_pwr_therm=29479|btmspkr_therm=29390|disp_therm=29368|north_therm=29657|soc_therm=31794|battery=29300|battery_cycle=5|dc-mains=32500|usbc-therm-adc=325|max77779fg=29300|LITTLE=35000|soc=1|smpl_gm=0|vdroop1=0|batoilo=0|batoilo2=0|batt_vs=29300|mdis_morepower=0|thb_hda=51|cp_on_chip_0=34000|cp_on_chip_1=36000|G3D=34000|cp_on_chip_2=36000|cp_on_chip_3=33000|cp_on_chip_4=34000|rf2_therm=31000|rf1_therm=32000|ISP=33000|TPU=34000|AUR=33000|rfpa_therm=30281|quiet_therm=30570|charging_therm=31906|,ok,39000,36000,0,36000,1,batched,untouched,4096,256,14,1,4435,0,692,0,4,4,ok
1,1,nvhe,4,578000,648000,37000,36000,BIG=35000|MID=35000|usb_pwr_therm=29479|btmspkr_therm=29390|disp_therm=29368|north_therm=29657|soc_therm=31794|battery=29300|battery_cycle=5|dc-mains=32500|usbc-therm-adc=325|max77779fg=29300|LITTLE=35000|soc=1|smpl_gm=0|vdroop1=0|batoilo=0|batoilo2=0|batt_vs=29300|mdis_morepower=0|thb_hda=51|cp_on_chip_0=34000|cp_on_chip_1=36000|G3D=34000|cp_on_chip_2=36000|cp_on_chip_3=33000|cp_on_chip_4=34000|rf2_therm=31000|rf1_therm=32000|ISP=32000|TPU=33000|AUR=33000|rfpa_therm=30281|quiet_therm=30570|charging_therm=31906|,BIG=36000|MID=35000|usb_pwr_therm=29479|btmspkr_therm=29390|disp_therm=29368|north_therm=29657|soc_therm=31794|battery=29300|battery_cycle=5|dc-mains=32500|usbc-therm-adc=325|max77779fg=29300|LITTLE=35000|soc=1|smpl_gm=0|vdroop1=0|batoilo=0|batoilo2=0|batt_vs=29300|mdis_morepower=0|thb_hda=51|cp_on_chip_0=34000|cp_on_chip_1=36000|G3D=34000|cp_on_chip_2=36000|cp_on_chip_3=33000|cp_on_chip_4=34000|rf2_therm=31000|rf1_therm=32000|ISP=33000|TPU=34000|AUR=33000|rfpa_therm=30281|quiet_therm=30570|charging_therm=31906|,ok,39000,36000,0,36000,1,batched,untouched,4096,256,15,1,4720,0,691,0,4,4,ok
1,1,nvhe,4,578000,648000,37000,36000,BIG=35000|MID=35000|usb_pwr_therm=29479|btmspkr_therm=29390|disp_therm=29368|north_therm=29657|soc_therm=31794|battery=29300|battery_cycle=5|dc-mains=32500|usbc-therm-adc=325|max77779fg=29300|LITTLE=35000|soc=1|smpl_gm=0|vdroop1=0|batoilo=0|batoilo2=0|batt_vs=29300|mdis_morepower=0|thb_hda=51|cp_on_chip_0=34000|cp_on_chip_1=36000|G3D=34000|cp_on_chip_2=36000|cp_on_chip_3=33000|cp_on_chip_4=34000|rf2_therm=31000|rf1_therm=32000|ISP=32000|TPU=33000|AUR=33000|rfpa_therm=30281|quiet_therm=30570|charging_therm=31906|,BIG=36000|MID=35000|usb_pwr_therm=29479|btmspkr_therm=29390|disp_therm=29368|north_therm=29657|soc_therm=31794|battery=29300|battery_cycle=5|dc-mains=32500|usbc-therm-adc=325|max77779fg=29300|LITTLE=35000|soc=1|smpl_gm=0|vdroop1=0|batoilo=0|batoilo2=0|batt_vs=29300|mdis_morepower=0|thb_hda=51|cp_on_chip_0=34000|cp_on_chip_1=36000|G3D=34000|cp_on_chip_2=36000|cp_on_chip_3=33000|cp_on_chip_4=34000|rf2_therm=31000|rf1_therm=32000|ISP=33000|TPU=34000|AUR=33000|rfpa_therm=30281|quiet_therm=30570|charging_therm=31906|,ok,39000,36000,0,36000,1,batched,untouched,4096,256,16,1,3011,0,691,0,4,4,ok
1,1,nvhe,4,578000,648000,37000,36000,BIG=35000|MID=35000|usb_pwr_therm=29479|btmspkr_therm=29390|disp_therm=29368|north_therm=29657|soc_therm=31794|battery=29300|battery_cycle=5|dc-mains=32500|usbc-therm-adc=325|max77779fg=29300|LITTLE=35000|soc=1|smpl_gm=0|vdroop1=0|batoilo=0|batoilo2=0|batt_vs=29300|mdis_morepower=0|thb_hda=51|cp_on_chip_0=34000|cp_on_chip_1=36000|G3D=34000|cp_on_chip_2=36000|cp_on_chip_3=33000|cp_on_chip_4=34000|rf2_therm=31000|rf1_therm=32000|ISP=32000|TPU=33000|AUR=33000|rfpa_therm=30281|quiet_therm=30570|charging_therm=31906|,BIG=36000|MID=35000|usb_pwr_therm=29479|btmspkr_therm=29390|disp_therm=29368|north_therm=29657|soc_therm=31794|battery=29300|battery_cycle=5|dc-mains=32500|usbc-therm-adc=325|max77779fg=29300|LITTLE=35000|soc=1|smpl_gm=0|vdroop1=0|batoilo=0|batoilo2=0|batt_vs=29300|mdis_morepower=0|thb_hda=51|cp_on_chip_0=34000|cp_on_chip_1=36000|G3D=34000|cp_on_chip_2=36000|cp_on_chip_3=33000|cp_on_chip_4=34000|rf2_therm=31000|rf1_therm=32000|ISP=33000|TPU=34000|AUR=33000|rfpa_therm=30281|quiet_therm=30570|charging_therm=31906|,ok,39000,36000,0,36000,1,batched,untouched,4096,256,17,1,4842,0,651,0,4,4,ok
1,1,nvhe,4,578000,648000,37000,36000,BIG=35000|MID=35000|usb_pwr_therm=29479|btmspkr_therm=29390|disp_therm=29368|north_therm=29657|soc_therm=31794|battery=29300|battery_cycle=5|dc-mains=32500|usbc-therm-adc=325|max77779fg=29300|LITTLE=35000|soc=1|smpl_gm=0|vdroop1=0|batoilo=0|batoilo2=0|batt_vs=29300|mdis_morepower=0|thb_hda=51|cp_on_chip_0=34000|cp_on_chip_1=36000|G3D=34000|cp_on_chip_2=36000|cp_on_chip_3=33000|cp_on_chip_4=34000|rf2_therm=31000|rf1_therm=32000|ISP=32000|TPU=33000|AUR=33000|rfpa_therm=30281|quiet_therm=30570|charging_therm=31906|,BIG=36000|MID=35000|usb_pwr_therm=29479|btmspkr_therm=29390|disp_therm=29368|north_therm=29657|soc_therm=31794|battery=29300|battery_cycle=5|dc-mains=32500|usbc-therm-adc=325|max77779fg=29300|LITTLE=35000|soc=1|smpl_gm=0|vdroop1=0|batoilo=0|batoilo2=0|batt_vs=29300|mdis_morepower=0|thb_hda=51|cp_on_chip_0=34000|cp_on_chip_1=36000|G3D=34000|cp_on_chip_2=36000|cp_on_chip_3=33000|cp_on_chip_4=34000|rf2_therm=31000|rf1_therm=32000|ISP=33000|TPU=34000|AUR=33000|rfpa_therm=30281|quiet_therm=30570|charging_therm=31906|,ok,39000,36000,0,36000,1,batched,untouched,4096,256,18,1,4151,0,692,0,4,4,ok
1,1,nvhe,4,578000,648000,37000,36000,BIG=35000|MID=35000|usb_pwr_therm=29479|btmspkr_therm=29390|disp_therm=29368|north_therm=29657|soc_therm=31794|battery=29300|battery_cycle=5|dc-mains=32500|usbc-therm-adc=325|max77779fg=29300|LITTLE=35000|soc=1|smpl_gm=0|vdroop1=0|batoilo=0|batoilo2=0|batt_vs=29300|mdis_morepower=0|thb_hda=51|cp_on_chip_0=34000|cp_on_chip_1=36000|G3D=34000|cp_on_chip_2=36000|cp_on_chip_3=33000|cp_on_chip_4=34000|rf2_therm=31000|rf1_therm=32000|ISP=32000|TPU=33000|AUR=33000|rfpa_therm=30281|quiet_therm=30570|charging_therm=31906|,BIG=36000|MID=35000|usb_pwr_therm=29479|btmspkr_therm=29390|disp_therm=29368|north_therm=29657|soc_therm=31794|battery=29300|battery_cycle=5|dc-mains=32500|usbc-therm-adc=325|max77779fg=29300|LITTLE=35000|soc=1|smpl_gm=0|vdroop1=0|batoilo=0|batoilo2=0|batt_vs=29300|mdis_morepower=0|thb_hda=51|cp_on_chip_0=34000|cp_on_chip_1=36000|G3D=34000|cp_on_chip_2=36000|cp_on_chip_3=33000|cp_on_chip_4=34000|rf2_therm=31000|rf1_therm=32000|ISP=33000|TPU=34000|AUR=33000|rfpa_therm=30281|quiet_therm=30570|charging_therm=31906|,ok,39000,36000,0,36000,1,batched,untouched,4096,256,19,1,3906,0,651,0,4,4,ok
1,1,nvhe,4,578000,648000,37000,36000,BIG=35000|MID=35000|usb_pwr_therm=29479|btmspkr_therm=29390|disp_therm=29368|north_therm=29657|soc_therm=31794|battery=29300|battery_cycle=5|dc-mains=32500|usbc-therm-adc=325|max77779fg=29300|LITTLE=35000|soc=1|smpl_gm=0|vdroop1=0|batoilo=0|batoilo2=0|batt_vs=29300|mdis_morepower=0|thb_hda=51|cp_on_chip_0=34000|cp_on_chip_1=36000|G3D=34000|cp_on_chip_2=36000|cp_on_chip_3=33000|cp_on_chip_4=34000|rf2_therm=31000|rf1_therm=32000|ISP=32000|TPU=33000|AUR=33000|rfpa_therm=30281|quiet_therm=30570|charging_therm=31906|,BIG=36000|MID=35000|usb_pwr_therm=29479|btmspkr_therm=29390|disp_therm=29368|north_therm=29657|soc_therm=31794|battery=29300|battery_cycle=5|dc-mains=32500|usbc-therm-adc=325|max77779fg=29300|LITTLE=35000|soc=1|smpl_gm=0|vdroop1=0|batoilo=0|batoilo2=0|batt_vs=29300|mdis_morepower=0|thb_hda=51|cp_on_chip_0=34000|cp_on_chip_1=36000|G3D=34000|cp_on_chip_2=36000|cp_on_chip_3=33000|cp_on_chip_4=34000|rf2_therm=31000|rf1_therm=32000|ISP=33000|TPU=34000|AUR=33000|rfpa_therm=30281|quiet_therm=30570|charging_therm=31906|,ok,39000,36000,0,36000,1,batched,untouched,4096,256,20,1,5574,0,692,0,4,4,ok
1,1,nvhe,4,578000,648000,37000,36000,BIG=35000|MID=35000|usb_pwr_therm=29479|btmspkr_therm=29390|disp_therm=29368|north_therm=29657|soc_therm=31794|battery=29300|battery_cycle=5|dc-mains=32500|usbc-therm-adc=325|max77779fg=29300|LITTLE=35000|soc=1|smpl_gm=0|vdroop1=0|batoilo=0|batoilo2=0|batt_vs=29300|mdis_morepower=0|thb_hda=51|cp_on_chip_0=34000|cp_on_chip_1=36000|G3D=34000|cp_on_chip_2=36000|cp_on_chip_3=33000|cp_on_chip_4=34000|rf2_therm=31000|rf1_therm=32000|ISP=32000|TPU=33000|AUR=33000|rfpa_therm=30281|quiet_therm=30570|charging_therm=31906|,BIG=36000|MID=35000|usb_pwr_therm=29479|btmspkr_therm=29390|disp_therm=29368|north_therm=29657|soc_therm=31794|battery=29300|battery_cycle=5|dc-mains=32500|usbc-therm-adc=325|max77779fg=29300|LITTLE=35000|soc=1|smpl_gm=0|vdroop1=0|batoilo=0|batoilo2=0|batt_vs=29300|mdis_morepower=0|thb_hda=51|cp_on_chip_0=34000|cp_on_chip_1=36000|G3D=34000|cp_on_chip_2=36000|cp_on_chip_3=33000|cp_on_chip_4=34000|rf2_therm=31000|rf1_therm=32000|ISP=33000|TPU=34000|AUR=33000|rfpa_therm=30281|quiet_therm=30570|charging_therm=31906|,ok,39000,36000,0,36000,1,batched,untouched,4096,256,21,1,5249,0,692,0,4,4,ok
1,1,nvhe,4,578000,648000,37000,36000,BIG=35000|MID=35000|usb_pwr_therm=29479|btmspkr_therm=29390|disp_therm=29368|north_therm=29657|soc_therm=31794|battery=29300|battery_cycle=5|dc-mains=32500|usbc-therm-adc=325|max77779fg=29300|LITTLE=35000|soc=1|smpl_gm=0|vdroop1=0|batoilo=0|batoilo2=0|batt_vs=29300|mdis_morepower=0|thb_hda=51|cp_on_chip_0=34000|cp_on_chip_1=36000|G3D=34000|cp_on_chip_2=36000|cp_on_chip_3=33000|cp_on_chip_4=34000|rf2_therm=31000|rf1_therm=32000|ISP=32000|TPU=33000|AUR=33000|rfpa_therm=30281|quiet_therm=30570|charging_therm=31906|,BIG=36000|MID=35000|usb_pwr_therm=29479|btmspkr_therm=29390|disp_therm=29368|north_therm=29657|soc_therm=31794|battery=29300|battery_cycle=5|dc-mains=32500|usbc-therm-adc=325|max77779fg=29300|LITTLE=35000|soc=1|smpl_gm=0|vdroop1=0|batoilo=0|batoilo2=0|batt_vs=29300|mdis_morepower=0|thb_hda=51|cp_on_chip_0=34000|cp_on_chip_1=36000|G3D=34000|cp_on_chip_2=36000|cp_on_chip_3=33000|cp_on_chip_4=34000|rf2_therm=31000|rf1_therm=32000|ISP=33000|TPU=34000|AUR=33000|rfpa_therm=30281|quiet_therm=30570|charging_therm=31906|,ok,39000,36000,0,36000,1,batched,untouched,4096,256,22,1,6022,0,691,0,4,4,ok
1,1,nvhe,4,578000,648000,37000,36000,BIG=35000|MID=35000|usb_pwr_therm=29479|btmspkr_therm=29390|disp_therm=29368|north_therm=29657|soc_therm=31794|battery=29300|battery_cycle=5|dc-mains=32500|usbc-therm-adc=325|max77779fg=29300|LITTLE=35000|soc=1|smpl_gm=0|vdroop1=0|batoilo=0|batoilo2=0|batt_vs=29300|mdis_morepower=0|thb_hda=51|cp_on_chip_0=34000|cp_on_chip_1=36000|G3D=34000|cp_on_chip_2=36000|cp_on_chip_3=33000|cp_on_chip_4=34000|rf2_therm=31000|rf1_therm=32000|ISP=32000|TPU=33000|AUR=33000|rfpa_therm=30281|quiet_therm=30570|charging_therm=31906|,BIG=36000|MID=35000|usb_pwr_therm=29479|btmspkr_therm=29390|disp_therm=29368|north_therm=29657|soc_therm=31794|battery=29300|battery_cycle=5|dc-mains=32500|usbc-therm-adc=325|max77779fg=29300|LITTLE=35000|soc=1|smpl_gm=0|vdroop1=0|batoilo=0|batoilo2=0|batt_vs=29300|mdis_morepower=0|thb_hda=51|cp_on_chip_0=34000|cp_on_chip_1=36000|G3D=34000|cp_on_chip_2=36000|cp_on_chip_3=33000|cp_on_chip_4=34000|rf2_therm=31000|rf1_therm=32000|ISP=33000|TPU=34000|AUR=33000|rfpa_therm=30281|quiet_therm=30570|charging_therm=31906|,ok,39000,36000,0,36000,1,batched,untouched,4096,256,23,1,5737,0,692,0,4,4,ok
1,1,nvhe,4,578000,648000,37000,36000,BIG=35000|MID=35000|usb_pwr_therm=29479|btmspkr_therm=29390|disp_therm=29368|north_therm=29657|soc_therm=31794|battery=29300|battery_cycle=5|dc-mains=32500|usbc-therm-adc=325|max77779fg=29300|LITTLE=35000|soc=1|smpl_gm=0|vdroop1=0|batoilo=0|batoilo2=0|batt_vs=29300|mdis_morepower=0|thb_hda=51|cp_on_chip_0=34000|cp_on_chip_1=36000|G3D=34000|cp_on_chip_2=36000|cp_on_chip_3=33000|cp_on_chip_4=34000|rf2_therm=31000|rf1_therm=32000|ISP=32000|TPU=33000|AUR=33000|rfpa_therm=30281|quiet_therm=30570|charging_therm=31906|,BIG=36000|MID=35000|usb_pwr_therm=29479|btmspkr_therm=29390|disp_therm=29368|north_therm=29657|soc_therm=31794|battery=29300|battery_cycle=5|dc-mains=32500|usbc-therm-adc=325|max77779fg=29300|LITTLE=35000|soc=1|smpl_gm=0|vdroop1=0|batoilo=0|batoilo2=0|batt_vs=29300|mdis_morepower=0|thb_hda=51|cp_on_chip_0=34000|cp_on_chip_1=36000|G3D=34000|cp_on_chip_2=36000|cp_on_chip_3=33000|cp_on_chip_4=34000|rf2_therm=31000|rf1_therm=32000|ISP=33000|TPU=34000|AUR=33000|rfpa_therm=30281|quiet_therm=30570|charging_therm=31906|,ok,39000,36000,0,36000,1,batched,untouched,4096,256,24,1,4028,0,651,0,4,4,ok
1,1,nvhe,4,578000,648000,37000,36000,BIG=35000|MID=35000|usb_pwr_therm=29479|btmspkr_therm=29390|disp_therm=29368|north_therm=29657|soc_therm=31794|battery=29300|battery_cycle=5|dc-mains=32500|usbc-therm-adc=325|max77779fg=29300|LITTLE=35000|soc=1|smpl_gm=0|vdroop1=0|batoilo=0|batoilo2=0|batt_vs=29300|mdis_morepower=0|thb_hda=51|cp_on_chip_0=34000|cp_on_chip_1=36000|G3D=34000|cp_on_chip_2=36000|cp_on_chip_3=33000|cp_on_chip_4=34000|rf2_therm=31000|rf1_therm=32000|ISP=32000|TPU=33000|AUR=33000|rfpa_therm=30281|quiet_therm=30570|charging_therm=31906|,BIG=36000|MID=35000|usb_pwr_therm=29479|btmspkr_therm=29390|disp_therm=29368|north_therm=29657|soc_therm=31794|battery=29300|battery_cycle=5|dc-mains=32500|usbc-therm-adc=325|max77779fg=29300|LITTLE=35000|soc=1|smpl_gm=0|vdroop1=0|batoilo=0|batoilo2=0|batt_vs=29300|mdis_morepower=0|thb_hda=51|cp_on_chip_0=34000|cp_on_chip_1=36000|G3D=34000|cp_on_chip_2=36000|cp_on_chip_3=33000|cp_on_chip_4=34000|rf2_therm=31000|rf1_therm=32000|ISP=33000|TPU=34000|AUR=33000|rfpa_therm=30281|quiet_therm=30570|charging_therm=31906|,ok,39000,36000,0,36000,1,batched,untouched,4096,256,25,1,4435,0,651,0,4,4,ok
1,1,nvhe,4,578000,648000,37000,36000,BIG=35000|MID=35000|usb_pwr_therm=29479|btmspkr_therm=29390|disp_therm=29368|north_therm=29657|soc_therm=31794|battery=29300|battery_cycle=5|dc-mains=32500|usbc-therm-adc=325|max77779fg=29300|LITTLE=35000|soc=1|smpl_gm=0|vdroop1=0|batoilo=0|batoilo2=0|batt_vs=29300|mdis_morepower=0|thb_hda=51|cp_on_chip_0=34000|cp_on_chip_1=36000|G3D=34000|cp_on_chip_2=36000|cp_on_chip_3=33000|cp_on_chip_4=34000|rf2_therm=31000|rf1_therm=32000|ISP=32000|TPU=33000|AUR=33000|rfpa_therm=30281|quiet_therm=30570|charging_therm=31906|,BIG=36000|MID=35000|usb_pwr_therm=29479|btmspkr_therm=29390|disp_therm=29368|north_therm=29657|soc_therm=31794|battery=29300|battery_cycle=5|dc-mains=32500|usbc-therm-adc=325|max77779fg=29300|LITTLE=35000|soc=1|smpl_gm=0|vdroop1=0|batoilo=0|batoilo2=0|batt_vs=29300|mdis_morepower=0|thb_hda=51|cp_on_chip_0=34000|cp_on_chip_1=36000|G3D=34000|cp_on_chip_2=36000|cp_on_chip_3=33000|cp_on_chip_4=34000|rf2_therm=31000|rf1_therm=32000|ISP=33000|TPU=34000|AUR=33000|rfpa_therm=30281|quiet_therm=30570|charging_therm=31906|,ok,39000,36000,0,36000,1,batched,untouched,4096,256,26,1,3866,0,692,0,4,4,ok
1,1,nvhe,4,578000,648000,37000,36000,BIG=35000|MID=35000|usb_pwr_therm=29479|btmspkr_therm=29390|disp_therm=29368|north_therm=29657|soc_therm=31794|battery=29300|battery_cycle=5|dc-mains=32500|usbc-therm-adc=325|max77779fg=29300|LITTLE=35000|soc=1|smpl_gm=0|vdroop1=0|batoilo=0|batoilo2=0|batt_vs=29300|mdis_morepower=0|thb_hda=51|cp_on_chip_0=34000|cp_on_chip_1=36000|G3D=34000|cp_on_chip_2=36000|cp_on_chip_3=33000|cp_on_chip_4=34000|rf2_therm=31000|rf1_therm=32000|ISP=32000|TPU=33000|AUR=33000|rfpa_therm=30281|quiet_therm=30570|charging_therm=31906|,BIG=36000|MID=35000|usb_pwr_therm=29479|btmspkr_therm=29390|disp_therm=29368|north_therm=29657|soc_therm=31794|battery=29300|battery_cycle=5|dc-mains=32500|usbc-therm-adc=325|max77779fg=29300|LITTLE=35000|soc=1|smpl_gm=0|vdroop1=0|batoilo=0|batoilo2=0|batt_vs=29300|mdis_morepower=0|thb_hda=51|cp_on_chip_0=34000|cp_on_chip_1=36000|G3D=34000|cp_on_chip_2=36000|cp_on_chip_3=33000|cp_on_chip_4=34000|rf2_therm=31000|rf1_therm=32000|ISP=33000|TPU=34000|AUR=33000|rfpa_therm=30281|quiet_therm=30570|charging_therm=31906|,ok,39000,36000,0,36000,1,batched,untouched,4096,256,27,1,5533,0,651,0,4,4,ok
1,1,nvhe,4,578000,648000,37000,36000,BIG=35000|MID=35000|usb_pwr_therm=29479|btmspkr_therm=29390|disp_therm=29368|north_therm=29657|soc_therm=31794|battery=29300|battery_cycle=5|dc-mains=32500|usbc-therm-adc=325|max77779fg=29300|LITTLE=35000|soc=1|smpl_gm=0|vdroop1=0|batoilo=0|batoilo2=0|batt_vs=29300|mdis_morepower=0|thb_hda=51|cp_on_chip_0=34000|cp_on_chip_1=36000|G3D=34000|cp_on_chip_2=36000|cp_on_chip_3=33000|cp_on_chip_4=34000|rf2_therm=31000|rf1_therm=32000|ISP=32000|TPU=33000|AUR=33000|rfpa_therm=30281|quiet_therm=30570|charging_therm=31906|,BIG=36000|MID=35000|usb_pwr_therm=29479|btmspkr_therm=29390|disp_therm=29368|north_therm=29657|soc_therm=31794|battery=29300|battery_cycle=5|dc-mains=32500|usbc-therm-adc=325|max77779fg=29300|LITTLE=35000|soc=1|smpl_gm=0|vdroop1=0|batoilo=0|batoilo2=0|batt_vs=29300|mdis_morepower=0|thb_hda=51|cp_on_chip_0=34000|cp_on_chip_1=36000|G3D=34000|cp_on_chip_2=36000|cp_on_chip_3=33000|cp_on_chip_4=34000|rf2_therm=31000|rf1_therm=32000|ISP=33000|TPU=34000|AUR=33000|rfpa_therm=30281|quiet_therm=30570|charging_therm=31906|,ok,39000,36000,0,36000,1,batched,untouched,4096,256,28,1,6063,0,691,0,4,4,ok
1,1,nvhe,4,578000,648000,37000,36000,BIG=35000|MID=35000|usb_pwr_therm=29479|btmspkr_therm=29390|disp_therm=29368|north_therm=29657|soc_therm=31794|battery=29300|battery_cycle=5|dc-mains=32500|usbc-therm-adc=325|max77779fg=29300|LITTLE=35000|soc=1|smpl_gm=0|vdroop1=0|batoilo=0|batoilo2=0|batt_vs=29300|mdis_morepower=0|thb_hda=51|cp_on_chip_0=34000|cp_on_chip_1=36000|G3D=34000|cp_on_chip_2=36000|cp_on_chip_3=33000|cp_on_chip_4=34000|rf2_therm=31000|rf1_therm=32000|ISP=32000|TPU=33000|AUR=33000|rfpa_therm=30281|quiet_therm=30570|charging_therm=31906|,BIG=36000|MID=35000|usb_pwr_therm=29479|btmspkr_therm=29390|disp_therm=29368|north_therm=29657|soc_therm=31794|battery=29300|battery_cycle=5|dc-mains=32500|usbc-therm-adc=325|max77779fg=29300|LITTLE=35000|soc=1|smpl_gm=0|vdroop1=0|batoilo=0|batoilo2=0|batt_vs=29300|mdis_morepower=0|thb_hda=51|cp_on_chip_0=34000|cp_on_chip_1=36000|G3D=34000|cp_on_chip_2=36000|cp_on_chip_3=33000|cp_on_chip_4=34000|rf2_therm=31000|rf1_therm=32000|ISP=33000|TPU=34000|AUR=33000|rfpa_therm=30281|quiet_therm=30570|charging_therm=31906|,ok,39000,36000,0,36000,1,batched,untouched,4096,256,29,1,4354,0,651,0,4,4,ok
1,2,nvhe,4,578000,578000,36000,37000,BIG=34000|MID=35000|usb_pwr_therm=29457|btmspkr_therm=29390|disp_therm=29346|north_therm=29657|soc_therm=31861|battery=29300|battery_cycle=5|dc-mains=32500|usbc-therm-adc=325|max77779fg=29300|LITTLE=35000|soc=1|smpl_gm=0|vdroop1=0|batoilo=0|batoilo2=0|batt_vs=29300|mdis_morepower=0|thb_hda=51|cp_on_chip_0=34000|cp_on_chip_1=36000|G3D=34000|cp_on_chip_2=36000|cp_on_chip_3=33000|cp_on_chip_4=34000|rf2_therm=31000|rf1_therm=32000|ISP=33000|TPU=34000|AUR=34000|rfpa_therm=30281|quiet_therm=30592|charging_therm=31950|,BIG=35000|MID=36000|usb_pwr_therm=29457|btmspkr_therm=29390|disp_therm=29346|north_therm=29635|soc_therm=31928|battery=29300|battery_cycle=5|dc-mains=32500|usbc-therm-adc=325|max77779fg=29300|LITTLE=35000|soc=1|smpl_gm=0|vdroop1=0|batoilo=0|batoilo2=0|batt_vs=29300|mdis_morepower=0|thb_hda=51|cp_on_chip_0=34000|cp_on_chip_1=36000|G3D=34000|cp_on_chip_2=36000|cp_on_chip_3=33000|cp_on_chip_4=34000|rf2_therm=31000|rf1_therm=32000|ISP=33000|TPU=34000|AUR=34000|rfpa_therm=30281|quiet_therm=30615|charging_therm=31995|,ok,39000,36000,0,36000,1,batched,touched,4096,256,0,1,663818,256,37110,0,4,4,ok
1,2,nvhe,4,578000,578000,36000,37000,BIG=34000|MID=35000|usb_pwr_therm=29457|btmspkr_therm=29390|disp_therm=29346|north_therm=29657|soc_therm=31861|battery=29300|battery_cycle=5|dc-mains=32500|usbc-therm-adc=325|max77779fg=29300|LITTLE=35000|soc=1|smpl_gm=0|vdroop1=0|batoilo=0|batoilo2=0|batt_vs=29300|mdis_morepower=0|thb_hda=51|cp_on_chip_0=34000|cp_on_chip_1=36000|G3D=34000|cp_on_chip_2=36000|cp_on_chip_3=33000|cp_on_chip_4=34000|rf2_therm=31000|rf1_therm=32000|ISP=33000|TPU=34000|AUR=34000|rfpa_therm=30281|quiet_therm=30592|charging_therm=31950|,BIG=35000|MID=36000|usb_pwr_therm=29457|btmspkr_therm=29390|disp_therm=29346|north_therm=29635|soc_therm=31928|battery=29300|battery_cycle=5|dc-mains=32500|usbc-therm-adc=325|max77779fg=29300|LITTLE=35000|soc=1|smpl_gm=0|vdroop1=0|batoilo=0|batoilo2=0|batt_vs=29300|mdis_morepower=0|thb_hda=51|cp_on_chip_0=34000|cp_on_chip_1=36000|G3D=34000|cp_on_chip_2=36000|cp_on_chip_3=33000|cp_on_chip_4=34000|rf2_therm=31000|rf1_therm=32000|ISP=33000|TPU=34000|AUR=34000|rfpa_therm=30281|quiet_therm=30615|charging_therm=31995|,ok,39000,36000,0,36000,1,batched,touched,4096,256,1,1,293538,256,25228,0,4,4,ok
1,2,nvhe,4,578000,578000,36000,37000,BIG=34000|MID=35000|usb_pwr_therm=29457|btmspkr_therm=29390|disp_therm=29346|north_therm=29657|soc_therm=31861|battery=29300|battery_cycle=5|dc-mains=32500|usbc-therm-adc=325|max77779fg=29300|LITTLE=35000|soc=1|smpl_gm=0|vdroop1=0|batoilo=0|batoilo2=0|batt_vs=29300|mdis_morepower=0|thb_hda=51|cp_on_chip_0=34000|cp_on_chip_1=36000|G3D=34000|cp_on_chip_2=36000|cp_on_chip_3=33000|cp_on_chip_4=34000|rf2_therm=31000|rf1_therm=32000|ISP=33000|TPU=34000|AUR=34000|rfpa_therm=30281|quiet_therm=30592|charging_therm=31950|,BIG=35000|MID=36000|usb_pwr_therm=29457|btmspkr_therm=29390|disp_therm=29346|north_therm=29635|soc_therm=31928|battery=29300|battery_cycle=5|dc-mains=32500|usbc-therm-adc=325|max77779fg=29300|LITTLE=35000|soc=1|smpl_gm=0|vdroop1=0|batoilo=0|batoilo2=0|batt_vs=29300|mdis_morepower=0|thb_hda=51|cp_on_chip_0=34000|cp_on_chip_1=36000|G3D=34000|cp_on_chip_2=36000|cp_on_chip_3=33000|cp_on_chip_4=34000|rf2_therm=31000|rf1_therm=32000|ISP=33000|TPU=34000|AUR=34000|rfpa_therm=30281|quiet_therm=30615|charging_therm=31995|,ok,39000,36000,0,36000,1,batched,touched,4096,256,2,1,237549,256,24129,0,4,4,ok
1,2,nvhe,4,578000,578000,36000,37000,BIG=34000|MID=35000|usb_pwr_therm=29457|btmspkr_therm=29390|disp_therm=29346|north_therm=29657|soc_therm=31861|battery=29300|battery_cycle=5|dc-mains=32500|usbc-therm-adc=325|max77779fg=29300|LITTLE=35000|soc=1|smpl_gm=0|vdroop1=0|batoilo=0|batoilo2=0|batt_vs=29300|mdis_morepower=0|thb_hda=51|cp_on_chip_0=34000|cp_on_chip_1=36000|G3D=34000|cp_on_chip_2=36000|cp_on_chip_3=33000|cp_on_chip_4=34000|rf2_therm=31000|rf1_therm=32000|ISP=33000|TPU=34000|AUR=34000|rfpa_therm=30281|quiet_therm=30592|charging_therm=31950|,BIG=35000|MID=36000|usb_pwr_therm=29457|btmspkr_therm=29390|disp_therm=29346|north_therm=29635|soc_therm=31928|battery=29300|battery_cycle=5|dc-mains=32500|usbc-therm-adc=325|max77779fg=29300|LITTLE=35000|soc=1|smpl_gm=0|vdroop1=0|batoilo=0|batoilo2=0|batt_vs=29300|mdis_morepower=0|thb_hda=51|cp_on_chip_0=34000|cp_on_chip_1=36000|G3D=34000|cp_on_chip_2=36000|cp_on_chip_3=33000|cp_on_chip_4=34000|rf2_therm=31000|rf1_therm=32000|ISP=33000|TPU=34000|AUR=34000|rfpa_therm=30281|quiet_therm=30615|charging_therm=31995|,ok,39000,36000,0,36000,1,batched,touched,4096,256,3,1,246338,256,21647,0,4,4,ok
1,2,nvhe,4,578000,578000,36000,37000,BIG=34000|MID=35000|usb_pwr_therm=29457|btmspkr_therm=29390|disp_therm=29346|north_therm=29657|soc_therm=31861|battery=29300|battery_cycle=5|dc-mains=32500|usbc-therm-adc=325|max77779fg=29300|LITTLE=35000|soc=1|smpl_gm=0|vdroop1=0|batoilo=0|batoilo2=0|batt_vs=29300|mdis_morepower=0|thb_hda=51|cp_on_chip_0=34000|cp_on_chip_1=36000|G3D=34000|cp_on_chip_2=36000|cp_on_chip_3=33000|cp_on_chip_4=34000|rf2_therm=31000|rf1_therm=32000|ISP=33000|TPU=34000|AUR=34000|rfpa_therm=30281|quiet_therm=30592|charging_therm=31950|,BIG=35000|MID=36000|usb_pwr_therm=29457|btmspkr_therm=29390|disp_therm=29346|north_therm=29635|soc_therm=31928|battery=29300|battery_cycle=5|dc-mains=32500|usbc-therm-adc=325|max77779fg=29300|LITTLE=35000|soc=1|smpl_gm=0|vdroop1=0|batoilo=0|batoilo2=0|batt_vs=29300|mdis_morepower=0|thb_hda=51|cp_on_chip_0=34000|cp_on_chip_1=36000|G3D=34000|cp_on_chip_2=36000|cp_on_chip_3=33000|cp_on_chip_4=34000|rf2_therm=31000|rf1_therm=32000|ISP=33000|TPU=34000|AUR=34000|rfpa_therm=30281|quiet_therm=30615|charging_therm=31995|,ok,39000,36000,0,36000,1,batched,touched,4096,256,4,1,237712,256,22868,0,4,4,ok
1,2,nvhe,4,578000,578000,36000,37000,BIG=34000|MID=35000|usb_pwr_therm=29457|btmspkr_therm=29390|disp_therm=29346|north_therm=29657|soc_therm=31861|battery=29300|battery_cycle=5|dc-mains=32500|usbc-therm-adc=325|max77779fg=29300|LITTLE=35000|soc=1|smpl_gm=0|vdroop1=0|batoilo=0|batoilo2=0|batt_vs=29300|mdis_morepower=0|thb_hda=51|cp_on_chip_0=34000|cp_on_chip_1=36000|G3D=34000|cp_on_chip_2=36000|cp_on_chip_3=33000|cp_on_chip_4=34000|rf2_therm=31000|rf1_therm=32000|ISP=33000|TPU=34000|AUR=34000|rfpa_therm=30281|quiet_therm=30592|charging_therm=31950|,BIG=35000|MID=36000|usb_pwr_therm=29457|btmspkr_therm=29390|disp_therm=29346|north_therm=29635|soc_therm=31928|battery=29300|battery_cycle=5|dc-mains=32500|usbc-therm-adc=325|max77779fg=29300|LITTLE=35000|soc=1|smpl_gm=0|vdroop1=0|batoilo=0|batoilo2=0|batt_vs=29300|mdis_morepower=0|thb_hda=51|cp_on_chip_0=34000|cp_on_chip_1=36000|G3D=34000|cp_on_chip_2=36000|cp_on_chip_3=33000|cp_on_chip_4=34000|rf2_therm=31000|rf1_therm=32000|ISP=33000|TPU=34000|AUR=34000|rfpa_therm=30281|quiet_therm=30615|charging_therm=31995|,ok,39000,36000,0,36000,1,batched,touched,4096,256,5,1,234375,256,26408,0,4,4,ok
1,2,nvhe,4,578000,578000,36000,37000,BIG=34000|MID=35000|usb_pwr_therm=29457|btmspkr_therm=29390|disp_therm=29346|north_therm=29657|soc_therm=31861|battery=29300|battery_cycle=5|dc-mains=32500|usbc-therm-adc=325|max77779fg=29300|LITTLE=35000|soc=1|smpl_gm=0|vdroop1=0|batoilo=0|batoilo2=0|batt_vs=29300|mdis_morepower=0|thb_hda=51|cp_on_chip_0=34000|cp_on_chip_1=36000|G3D=34000|cp_on_chip_2=36000|cp_on_chip_3=33000|cp_on_chip_4=34000|rf2_therm=31000|rf1_therm=32000|ISP=33000|TPU=34000|AUR=34000|rfpa_therm=30281|quiet_therm=30592|charging_therm=31950|,BIG=35000|MID=36000|usb_pwr_therm=29457|btmspkr_therm=29390|disp_therm=29346|north_therm=29635|soc_therm=31928|battery=29300|battery_cycle=5|dc-mains=32500|usbc-therm-adc=325|max77779fg=29300|LITTLE=35000|soc=1|smpl_gm=0|vdroop1=0|batoilo=0|batoilo2=0|batt_vs=29300|mdis_morepower=0|thb_hda=51|cp_on_chip_0=34000|cp_on_chip_1=36000|G3D=34000|cp_on_chip_2=36000|cp_on_chip_3=33000|cp_on_chip_4=34000|rf2_therm=31000|rf1_therm=32000|ISP=33000|TPU=34000|AUR=34000|rfpa_therm=30281|quiet_therm=30615|charging_therm=31995|,ok,39000,36000,0,36000,1,batched,touched,4096,256,6,1,235107,256,23030,0,4,4,ok
1,2,nvhe,4,578000,578000,36000,37000,BIG=34000|MID=35000|usb_pwr_therm=29457|btmspkr_therm=29390|disp_therm=29346|north_therm=29657|soc_therm=31861|battery=29300|battery_cycle=5|dc-mains=32500|usbc-therm-adc=325|max77779fg=29300|LITTLE=35000|soc=1|smpl_gm=0|vdroop1=0|batoilo=0|batoilo2=0|batt_vs=29300|mdis_morepower=0|thb_hda=51|cp_on_chip_0=34000|cp_on_chip_1=36000|G3D=34000|cp_on_chip_2=36000|cp_on_chip_3=33000|cp_on_chip_4=34000|rf2_therm=31000|rf1_therm=32000|ISP=33000|TPU=34000|AUR=34000|rfpa_therm=30281|quiet_therm=30592|charging_therm=31950|,BIG=35000|MID=36000|usb_pwr_therm=29457|btmspkr_therm=29390|disp_therm=29346|north_therm=29635|soc_therm=31928|battery=29300|battery_cycle=5|dc-mains=32500|usbc-therm-adc=325|max77779fg=29300|LITTLE=35000|soc=1|smpl_gm=0|vdroop1=0|batoilo=0|batoilo2=0|batt_vs=29300|mdis_morepower=0|thb_hda=51|cp_on_chip_0=34000|cp_on_chip_1=36000|G3D=34000|cp_on_chip_2=36000|cp_on_chip_3=33000|cp_on_chip_4=34000|rf2_therm=31000|rf1_therm=32000|ISP=33000|TPU=34000|AUR=34000|rfpa_therm=30281|quiet_therm=30615|charging_therm=31995|,ok,39000,36000,0,36000,1,batched,touched,4096,256,7,1,239543,256,25838,0,4,4,ok
1,2,nvhe,4,578000,578000,36000,37000,BIG=34000|MID=35000|usb_pwr_therm=29457|btmspkr_therm=29390|disp_therm=29346|north_therm=29657|soc_therm=31861|battery=29300|battery_cycle=5|dc-mains=32500|usbc-therm-adc=325|max77779fg=29300|LITTLE=35000|soc=1|smpl_gm=0|vdroop1=0|batoilo=0|batoilo2=0|batt_vs=29300|mdis_morepower=0|thb_hda=51|cp_on_chip_0=34000|cp_on_chip_1=36000|G3D=34000|cp_on_chip_2=36000|cp_on_chip_3=33000|cp_on_chip_4=34000|rf2_therm=31000|rf1_therm=32000|ISP=33000|TPU=34000|AUR=34000|rfpa_therm=30281|quiet_therm=30592|charging_therm=31950|,BIG=35000|MID=36000|usb_pwr_therm=29457|btmspkr_therm=29390|disp_therm=29346|north_therm=29635|soc_therm=31928|battery=29300|battery_cycle=5|dc-mains=32500|usbc-therm-adc=325|max77779fg=29300|LITTLE=35000|soc=1|smpl_gm=0|vdroop1=0|batoilo=0|batoilo2=0|batt_vs=29300|mdis_morepower=0|thb_hda=51|cp_on_chip_0=34000|cp_on_chip_1=36000|G3D=34000|cp_on_chip_2=36000|cp_on_chip_3=33000|cp_on_chip_4=34000|rf2_therm=31000|rf1_therm=32000|ISP=33000|TPU=34000|AUR=34000|rfpa_therm=30281|quiet_therm=30615|charging_therm=31995|,ok,39000,36000,0,36000,1,batched,touched,4096,256,8,1,232666,256,25106,0,4,4,ok
1,2,nvhe,4,578000,578000,36000,37000,BIG=34000|MID=35000|usb_pwr_therm=29457|btmspkr_therm=29390|disp_therm=29346|north_therm=29657|soc_therm=31861|battery=29300|battery_cycle=5|dc-mains=32500|usbc-therm-adc=325|max77779fg=29300|LITTLE=35000|soc=1|smpl_gm=0|vdroop1=0|batoilo=0|batoilo2=0|batt_vs=29300|mdis_morepower=0|thb_hda=51|cp_on_chip_0=34000|cp_on_chip_1=36000|G3D=34000|cp_on_chip_2=36000|cp_on_chip_3=33000|cp_on_chip_4=34000|rf2_therm=31000|rf1_therm=32000|ISP=33000|TPU=34000|AUR=34000|rfpa_therm=30281|quiet_therm=30592|charging_therm=31950|,BIG=35000|MID=36000|usb_pwr_therm=29457|btmspkr_therm=29390|disp_therm=29346|north_therm=29635|soc_therm=31928|battery=29300|battery_cycle=5|dc-mains=32500|usbc-therm-adc=325|max77779fg=29300|LITTLE=35000|soc=1|smpl_gm=0|vdroop1=0|batoilo=0|batoilo2=0|batt_vs=29300|mdis_morepower=0|thb_hda=51|cp_on_chip_0=34000|cp_on_chip_1=36000|G3D=34000|cp_on_chip_2=36000|cp_on_chip_3=33000|cp_on_chip_4=34000|rf2_therm=31000|rf1_therm=32000|ISP=33000|TPU=34000|AUR=34000|rfpa_therm=30281|quiet_therm=30615|charging_therm=31995|,ok,39000,36000,0,36000,1,batched,touched,4096,256,9,1,229126,256,23031,0,4,4,ok
1,2,nvhe,4,578000,578000,36000,37000,BIG=34000|MID=35000|usb_pwr_therm=29457|btmspkr_therm=29390|disp_therm=29346|north_therm=29657|soc_therm=31861|battery=29300|battery_cycle=5|dc-mains=32500|usbc-therm-adc=325|max77779fg=29300|LITTLE=35000|soc=1|smpl_gm=0|vdroop1=0|batoilo=0|batoilo2=0|batt_vs=29300|mdis_morepower=0|thb_hda=51|cp_on_chip_0=34000|cp_on_chip_1=36000|G3D=34000|cp_on_chip_2=36000|cp_on_chip_3=33000|cp_on_chip_4=34000|rf2_therm=31000|rf1_therm=32000|ISP=33000|TPU=34000|AUR=34000|rfpa_therm=30281|quiet_therm=30592|charging_therm=31950|,BIG=35000|MID=36000|usb_pwr_therm=29457|btmspkr_therm=29390|disp_therm=29346|north_therm=29635|soc_therm=31928|battery=29300|battery_cycle=5|dc-mains=32500|usbc-therm-adc=325|max77779fg=29300|LITTLE=35000|soc=1|smpl_gm=0|vdroop1=0|batoilo=0|batoilo2=0|batt_vs=29300|mdis_morepower=0|thb_hda=51|cp_on_chip_0=34000|cp_on_chip_1=36000|G3D=34000|cp_on_chip_2=36000|cp_on_chip_3=33000|cp_on_chip_4=34000|rf2_therm=31000|rf1_therm=32000|ISP=33000|TPU=34000|AUR=34000|rfpa_therm=30281|quiet_therm=30615|charging_therm=31995|,ok,39000,36000,0,36000,1,batched,touched,4096,256,10,1,235555,256,26530,0,4,4,ok
1,2,nvhe,4,578000,578000,36000,37000,BIG=34000|MID=35000|usb_pwr_therm=29457|btmspkr_therm=29390|disp_therm=29346|north_therm=29657|soc_therm=31861|battery=29300|battery_cycle=5|dc-mains=32500|usbc-therm-adc=325|max77779fg=29300|LITTLE=35000|soc=1|smpl_gm=0|vdroop1=0|batoilo=0|batoilo2=0|batt_vs=29300|mdis_morepower=0|thb_hda=51|cp_on_chip_0=34000|cp_on_chip_1=36000|G3D=34000|cp_on_chip_2=36000|cp_on_chip_3=33000|cp_on_chip_4=34000|rf2_therm=31000|rf1_therm=32000|ISP=33000|TPU=34000|AUR=34000|rfpa_therm=30281|quiet_therm=30592|charging_therm=31950|,BIG=35000|MID=36000|usb_pwr_therm=29457|btmspkr_therm=29390|disp_therm=29346|north_therm=29635|soc_therm=31928|battery=29300|battery_cycle=5|dc-mains=32500|usbc-therm-adc=325|max77779fg=29300|LITTLE=35000|soc=1|smpl_gm=0|vdroop1=0|batoilo=0|batoilo2=0|batt_vs=29300|mdis_morepower=0|thb_hda=51|cp_on_chip_0=34000|cp_on_chip_1=36000|G3D=34000|cp_on_chip_2=36000|cp_on_chip_3=33000|cp_on_chip_4=34000|rf2_therm=31000|rf1_therm=32000|ISP=33000|TPU=34000|AUR=34000|rfpa_therm=30281|quiet_therm=30615|charging_therm=31995|,ok,39000,36000,0,36000,1,batched,touched,4096,256,11,1,232788,256,25309,0,4,4,ok
1,2,nvhe,4,578000,578000,36000,37000,BIG=34000|MID=35000|usb_pwr_therm=29457|btmspkr_therm=29390|disp_therm=29346|north_therm=29657|soc_therm=31861|battery=29300|battery_cycle=5|dc-mains=32500|usbc-therm-adc=325|max77779fg=29300|LITTLE=35000|soc=1|smpl_gm=0|vdroop1=0|batoilo=0|batoilo2=0|batt_vs=29300|mdis_morepower=0|thb_hda=51|cp_on_chip_0=34000|cp_on_chip_1=36000|G3D=34000|cp_on_chip_2=36000|cp_on_chip_3=33000|cp_on_chip_4=34000|rf2_therm=31000|rf1_therm=32000|ISP=33000|TPU=34000|AUR=34000|rfpa_therm=30281|quiet_therm=30592|charging_therm=31950|,BIG=35000|MID=36000|usb_pwr_therm=29457|btmspkr_therm=29390|disp_therm=29346|north_therm=29635|soc_therm=31928|battery=29300|battery_cycle=5|dc-mains=32500|usbc-therm-adc=325|max77779fg=29300|LITTLE=35000|soc=1|smpl_gm=0|vdroop1=0|batoilo=0|batoilo2=0|batt_vs=29300|mdis_morepower=0|thb_hda=51|cp_on_chip_0=34000|cp_on_chip_1=36000|G3D=34000|cp_on_chip_2=36000|cp_on_chip_3=33000|cp_on_chip_4=34000|rf2_therm=31000|rf1_therm=32000|ISP=33000|TPU=34000|AUR=34000|rfpa_therm=30281|quiet_therm=30615|charging_therm=31995|,ok,39000,36000,0,36000,1,batched,touched,4096,256,12,1,236084,256,25634,0,4,4,ok
1,2,nvhe,4,578000,578000,36000,37000,BIG=34000|MID=35000|usb_pwr_therm=29457|btmspkr_therm=29390|disp_therm=29346|north_therm=29657|soc_therm=31861|battery=29300|battery_cycle=5|dc-mains=32500|usbc-therm-adc=325|max77779fg=29300|LITTLE=35000|soc=1|smpl_gm=0|vdroop1=0|batoilo=0|batoilo2=0|batt_vs=29300|mdis_morepower=0|thb_hda=51|cp_on_chip_0=34000|cp_on_chip_1=36000|G3D=34000|cp_on_chip_2=36000|cp_on_chip_3=33000|cp_on_chip_4=34000|rf2_therm=31000|rf1_therm=32000|ISP=33000|TPU=34000|AUR=34000|rfpa_therm=30281|quiet_therm=30592|charging_therm=31950|,BIG=35000|MID=36000|usb_pwr_therm=29457|btmspkr_therm=29390|disp_therm=29346|north_therm=29635|soc_therm=31928|battery=29300|battery_cycle=5|dc-mains=32500|usbc-therm-adc=325|max77779fg=29300|LITTLE=35000|soc=1|smpl_gm=0|vdroop1=0|batoilo=0|batoilo2=0|batt_vs=29300|mdis_morepower=0|thb_hda=51|cp_on_chip_0=34000|cp_on_chip_1=36000|G3D=34000|cp_on_chip_2=36000|cp_on_chip_3=33000|cp_on_chip_4=34000|rf2_therm=31000|rf1_therm=32000|ISP=33000|TPU=34000|AUR=34000|rfpa_therm=30281|quiet_therm=30615|charging_therm=31995|,ok,39000,36000,0,36000,1,batched,touched,4096,256,13,1,237346,256,25187,0,4,4,ok
1,2,nvhe,4,578000,578000,36000,37000,BIG=34000|MID=35000|usb_pwr_therm=29457|btmspkr_therm=29390|disp_therm=29346|north_therm=29657|soc_therm=31861|battery=29300|battery_cycle=5|dc-mains=32500|usbc-therm-adc=325|max77779fg=29300|LITTLE=35000|soc=1|smpl_gm=0|vdroop1=0|batoilo=0|batoilo2=0|batt_vs=29300|mdis_morepower=0|thb_hda=51|cp_on_chip_0=34000|cp_on_chip_1=36000|G3D=34000|cp_on_chip_2=36000|cp_on_chip_3=33000|cp_on_chip_4=34000|rf2_therm=31000|rf1_therm=32000|ISP=33000|TPU=34000|AUR=34000|rfpa_therm=30281|quiet_therm=30592|charging_therm=31950|,BIG=35000|MID=36000|usb_pwr_therm=29457|btmspkr_therm=29390|disp_therm=29346|north_therm=29635|soc_therm=31928|battery=29300|battery_cycle=5|dc-mains=32500|usbc-therm-adc=325|max77779fg=29300|LITTLE=35000|soc=1|smpl_gm=0|vdroop1=0|batoilo=0|batoilo2=0|batt_vs=29300|mdis_morepower=0|thb_hda=51|cp_on_chip_0=34000|cp_on_chip_1=36000|G3D=34000|cp_on_chip_2=36000|cp_on_chip_3=33000|cp_on_chip_4=34000|rf2_therm=31000|rf1_therm=32000|ISP=33000|TPU=34000|AUR=34000|rfpa_therm=30281|quiet_therm=30615|charging_therm=31995|,ok,39000,36000,0,36000,1,batched,touched,4096,256,14,1,260091,256,25431,0,4,4,ok
1,2,nvhe,4,578000,578000,36000,37000,BIG=34000|MID=35000|usb_pwr_therm=29457|btmspkr_therm=29390|disp_therm=29346|north_therm=29657|soc_therm=31861|battery=29300|battery_cycle=5|dc-mains=32500|usbc-therm-adc=325|max77779fg=29300|LITTLE=35000|soc=1|smpl_gm=0|vdroop1=0|batoilo=0|batoilo2=0|batt_vs=29300|mdis_morepower=0|thb_hda=51|cp_on_chip_0=34000|cp_on_chip_1=36000|G3D=34000|cp_on_chip_2=36000|cp_on_chip_3=33000|cp_on_chip_4=34000|rf2_therm=31000|rf1_therm=32000|ISP=33000|TPU=34000|AUR=34000|rfpa_therm=30281|quiet_therm=30592|charging_therm=31950|,BIG=35000|MID=36000|usb_pwr_therm=29457|btmspkr_therm=29390|disp_therm=29346|north_therm=29635|soc_therm=31928|battery=29300|battery_cycle=5|dc-mains=32500|usbc-therm-adc=325|max77779fg=29300|LITTLE=35000|soc=1|smpl_gm=0|vdroop1=0|batoilo=0|batoilo2=0|batt_vs=29300|mdis_morepower=0|thb_hda=51|cp_on_chip_0=34000|cp_on_chip_1=36000|G3D=34000|cp_on_chip_2=36000|cp_on_chip_3=33000|cp_on_chip_4=34000|rf2_therm=31000|rf1_therm=32000|ISP=33000|TPU=34000|AUR=34000|rfpa_therm=30281|quiet_therm=30615|charging_therm=31995|,ok,39000,36000,0,36000,1,batched,touched,4096,256,15,1,239380,256,23072,0,4,4,ok
1,2,nvhe,4,578000,578000,36000,37000,BIG=34000|MID=35000|usb_pwr_therm=29457|btmspkr_therm=29390|disp_therm=29346|north_therm=29657|soc_therm=31861|battery=29300|battery_cycle=5|dc-mains=32500|usbc-therm-adc=325|max77779fg=29300|LITTLE=35000|soc=1|smpl_gm=0|vdroop1=0|batoilo=0|batoilo2=0|batt_vs=29300|mdis_morepower=0|thb_hda=51|cp_on_chip_0=34000|cp_on_chip_1=36000|G3D=34000|cp_on_chip_2=36000|cp_on_chip_3=33000|cp_on_chip_4=34000|rf2_therm=31000|rf1_therm=32000|ISP=33000|TPU=34000|AUR=34000|rfpa_therm=30281|quiet_therm=30592|charging_therm=31950|,BIG=35000|MID=36000|usb_pwr_therm=29457|btmspkr_therm=29390|disp_therm=29346|north_therm=29635|soc_therm=31928|battery=29300|battery_cycle=5|dc-mains=32500|usbc-therm-adc=325|max77779fg=29300|LITTLE=35000|soc=1|smpl_gm=0|vdroop1=0|batoilo=0|batoilo2=0|batt_vs=29300|mdis_morepower=0|thb_hda=51|cp_on_chip_0=34000|cp_on_chip_1=36000|G3D=34000|cp_on_chip_2=36000|cp_on_chip_3=33000|cp_on_chip_4=34000|rf2_therm=31000|rf1_therm=32000|ISP=33000|TPU=34000|AUR=34000|rfpa_therm=30281|quiet_therm=30615|charging_therm=31995|,ok,39000,36000,0,36000,1,batched,touched,4096,256,16,1,235393,256,22787,0,4,4,ok
1,2,nvhe,4,578000,578000,36000,37000,BIG=34000|MID=35000|usb_pwr_therm=29457|btmspkr_therm=29390|disp_therm=29346|north_therm=29657|soc_therm=31861|battery=29300|battery_cycle=5|dc-mains=32500|usbc-therm-adc=325|max77779fg=29300|LITTLE=35000|soc=1|smpl_gm=0|vdroop1=0|batoilo=0|batoilo2=0|batt_vs=29300|mdis_morepower=0|thb_hda=51|cp_on_chip_0=34000|cp_on_chip_1=36000|G3D=34000|cp_on_chip_2=36000|cp_on_chip_3=33000|cp_on_chip_4=34000|rf2_therm=31000|rf1_therm=32000|ISP=33000|TPU=34000|AUR=34000|rfpa_therm=30281|quiet_therm=30592|charging_therm=31950|,BIG=35000|MID=36000|usb_pwr_therm=29457|btmspkr_therm=29390|disp_therm=29346|north_therm=29635|soc_therm=31928|battery=29300|battery_cycle=5|dc-mains=32500|usbc-therm-adc=325|max77779fg=29300|LITTLE=35000|soc=1|smpl_gm=0|vdroop1=0|batoilo=0|batoilo2=0|batt_vs=29300|mdis_morepower=0|thb_hda=51|cp_on_chip_0=34000|cp_on_chip_1=36000|G3D=34000|cp_on_chip_2=36000|cp_on_chip_3=33000|cp_on_chip_4=34000|rf2_therm=31000|rf1_therm=32000|ISP=33000|TPU=34000|AUR=34000|rfpa_therm=30281|quiet_therm=30615|charging_therm=31995|,ok,39000,36000,0,36000,1,batched,touched,4096,256,17,1,237630,256,22990,0,4,4,ok
1,2,nvhe,4,578000,578000,36000,37000,BIG=34000|MID=35000|usb_pwr_therm=29457|btmspkr_therm=29390|disp_therm=29346|north_therm=29657|soc_therm=31861|battery=29300|battery_cycle=5|dc-mains=32500|usbc-therm-adc=325|max77779fg=29300|LITTLE=35000|soc=1|smpl_gm=0|vdroop1=0|batoilo=0|batoilo2=0|batt_vs=29300|mdis_morepower=0|thb_hda=51|cp_on_chip_0=34000|cp_on_chip_1=36000|G3D=34000|cp_on_chip_2=36000|cp_on_chip_3=33000|cp_on_chip_4=34000|rf2_therm=31000|rf1_therm=32000|ISP=33000|TPU=34000|AUR=34000|rfpa_therm=30281|quiet_therm=30592|charging_therm=31950|,BIG=35000|MID=36000|usb_pwr_therm=29457|btmspkr_therm=29390|disp_therm=29346|north_therm=29635|soc_therm=31928|battery=29300|battery_cycle=5|dc-mains=32500|usbc-therm-adc=325|max77779fg=29300|LITTLE=35000|soc=1|smpl_gm=0|vdroop1=0|batoilo=0|batoilo2=0|batt_vs=29300|mdis_morepower=0|thb_hda=51|cp_on_chip_0=34000|cp_on_chip_1=36000|G3D=34000|cp_on_chip_2=36000|cp_on_chip_3=33000|cp_on_chip_4=34000|rf2_therm=31000|rf1_therm=32000|ISP=33000|TPU=34000|AUR=34000|rfpa_therm=30281|quiet_therm=30615|charging_therm=31995|,ok,39000,36000,0,36000,1,batched,touched,4096,256,18,1,243775,256,25838,0,4,4,ok
1,2,nvhe,4,578000,578000,36000,37000,BIG=34000|MID=35000|usb_pwr_therm=29457|btmspkr_therm=29390|disp_therm=29346|north_therm=29657|soc_therm=31861|battery=29300|battery_cycle=5|dc-mains=32500|usbc-therm-adc=325|max77779fg=29300|LITTLE=35000|soc=1|smpl_gm=0|vdroop1=0|batoilo=0|batoilo2=0|batt_vs=29300|mdis_morepower=0|thb_hda=51|cp_on_chip_0=34000|cp_on_chip_1=36000|G3D=34000|cp_on_chip_2=36000|cp_on_chip_3=33000|cp_on_chip_4=34000|rf2_therm=31000|rf1_therm=32000|ISP=33000|TPU=34000|AUR=34000|rfpa_therm=30281|quiet_therm=30592|charging_therm=31950|,BIG=35000|MID=36000|usb_pwr_therm=29457|btmspkr_therm=29390|disp_therm=29346|north_therm=29635|soc_therm=31928|battery=29300|battery_cycle=5|dc-mains=32500|usbc-therm-adc=325|max77779fg=29300|LITTLE=35000|soc=1|smpl_gm=0|vdroop1=0|batoilo=0|batoilo2=0|batt_vs=29300|mdis_morepower=0|thb_hda=51|cp_on_chip_0=34000|cp_on_chip_1=36000|G3D=34000|cp_on_chip_2=36000|cp_on_chip_3=33000|cp_on_chip_4=34000|rf2_therm=31000|rf1_therm=32000|ISP=33000|TPU=34000|AUR=34000|rfpa_therm=30281|quiet_therm=30615|charging_therm=31995|,ok,39000,36000,0,36000,1,batched,touched,4096,256,19,1,236206,256,21566,0,4,4,ok
1,2,nvhe,4,578000,578000,36000,37000,BIG=34000|MID=35000|usb_pwr_therm=29457|btmspkr_therm=29390|disp_therm=29346|north_therm=29657|soc_therm=31861|battery=29300|battery_cycle=5|dc-mains=32500|usbc-therm-adc=325|max77779fg=29300|LITTLE=35000|soc=1|smpl_gm=0|vdroop1=0|batoilo=0|batoilo2=0|batt_vs=29300|mdis_morepower=0|thb_hda=51|cp_on_chip_0=34000|cp_on_chip_1=36000|G3D=34000|cp_on_chip_2=36000|cp_on_chip_3=33000|cp_on_chip_4=34000|rf2_therm=31000|rf1_therm=32000|ISP=33000|TPU=34000|AUR=34000|rfpa_therm=30281|quiet_therm=30592|charging_therm=31950|,BIG=35000|MID=36000|usb_pwr_therm=29457|btmspkr_therm=29390|disp_therm=29346|north_therm=29635|soc_therm=31928|battery=29300|battery_cycle=5|dc-mains=32500|usbc-therm-adc=325|max77779fg=29300|LITTLE=35000|soc=1|smpl_gm=0|vdroop1=0|batoilo=0|batoilo2=0|batt_vs=29300|mdis_morepower=0|thb_hda=51|cp_on_chip_0=34000|cp_on_chip_1=36000|G3D=34000|cp_on_chip_2=36000|cp_on_chip_3=33000|cp_on_chip_4=34000|rf2_therm=31000|rf1_therm=32000|ISP=33000|TPU=34000|AUR=34000|rfpa_therm=30281|quiet_therm=30615|charging_therm=31995|,ok,39000,36000,0,36000,1,batched,touched,4096,256,20,1,235921,256,25309,0,4,4,ok
1,2,nvhe,4,578000,578000,36000,37000,BIG=34000|MID=35000|usb_pwr_therm=29457|btmspkr_therm=29390|disp_therm=29346|north_therm=29657|soc_therm=31861|battery=29300|battery_cycle=5|dc-mains=32500|usbc-therm-adc=325|max77779fg=29300|LITTLE=35000|soc=1|smpl_gm=0|vdroop1=0|batoilo=0|batoilo2=0|batt_vs=29300|mdis_morepower=0|thb_hda=51|cp_on_chip_0=34000|cp_on_chip_1=36000|G3D=34000|cp_on_chip_2=36000|cp_on_chip_3=33000|cp_on_chip_4=34000|rf2_therm=31000|rf1_therm=32000|ISP=33000|TPU=34000|AUR=34000|rfpa_therm=30281|quiet_therm=30592|charging_therm=31950|,BIG=35000|MID=36000|usb_pwr_therm=29457|btmspkr_therm=29390|disp_therm=29346|north_therm=29635|soc_therm=31928|battery=29300|battery_cycle=5|dc-mains=32500|usbc-therm-adc=325|max77779fg=29300|LITTLE=35000|soc=1|smpl_gm=0|vdroop1=0|batoilo=0|batoilo2=0|batt_vs=29300|mdis_morepower=0|thb_hda=51|cp_on_chip_0=34000|cp_on_chip_1=36000|G3D=34000|cp_on_chip_2=36000|cp_on_chip_3=33000|cp_on_chip_4=34000|rf2_therm=31000|rf1_therm=32000|ISP=33000|TPU=34000|AUR=34000|rfpa_therm=30281|quiet_therm=30615|charging_therm=31995|,ok,39000,36000,0,36000,1,batched,touched,4096,256,21,1,240031,256,24821,0,4,4,ok
1,2,nvhe,4,578000,578000,36000,37000,BIG=34000|MID=35000|usb_pwr_therm=29457|btmspkr_therm=29390|disp_therm=29346|north_therm=29657|soc_therm=31861|battery=29300|battery_cycle=5|dc-mains=32500|usbc-therm-adc=325|max77779fg=29300|LITTLE=35000|soc=1|smpl_gm=0|vdroop1=0|batoilo=0|batoilo2=0|batt_vs=29300|mdis_morepower=0|thb_hda=51|cp_on_chip_0=34000|cp_on_chip_1=36000|G3D=34000|cp_on_chip_2=36000|cp_on_chip_3=33000|cp_on_chip_4=34000|rf2_therm=31000|rf1_therm=32000|ISP=33000|TPU=34000|AUR=34000|rfpa_therm=30281|quiet_therm=30592|charging_therm=31950|,BIG=35000|MID=36000|usb_pwr_therm=29457|btmspkr_therm=29390|disp_therm=29346|north_therm=29635|soc_therm=31928|battery=29300|battery_cycle=5|dc-mains=32500|usbc-therm-adc=325|max77779fg=29300|LITTLE=35000|soc=1|smpl_gm=0|vdroop1=0|batoilo=0|batoilo2=0|batt_vs=29300|mdis_morepower=0|thb_hda=51|cp_on_chip_0=34000|cp_on_chip_1=36000|G3D=34000|cp_on_chip_2=36000|cp_on_chip_3=33000|cp_on_chip_4=34000|rf2_therm=31000|rf1_therm=32000|ISP=33000|TPU=34000|AUR=34000|rfpa_therm=30281|quiet_therm=30615|charging_therm=31995|,ok,39000,36000,0,36000,1,batched,touched,4096,256,22,1,241007,256,26163,0,4,4,ok
1,2,nvhe,4,578000,578000,36000,37000,BIG=34000|MID=35000|usb_pwr_therm=29457|btmspkr_therm=29390|disp_therm=29346|north_therm=29657|soc_therm=31861|battery=29300|battery_cycle=5|dc-mains=32500|usbc-therm-adc=325|max77779fg=29300|LITTLE=35000|soc=1|smpl_gm=0|vdroop1=0|batoilo=0|batoilo2=0|batt_vs=29300|mdis_morepower=0|thb_hda=51|cp_on_chip_0=34000|cp_on_chip_1=36000|G3D=34000|cp_on_chip_2=36000|cp_on_chip_3=33000|cp_on_chip_4=34000|rf2_therm=31000|rf1_therm=32000|ISP=33000|TPU=34000|AUR=34000|rfpa_therm=30281|quiet_therm=30592|charging_therm=31950|,BIG=35000|MID=36000|usb_pwr_therm=29457|btmspkr_therm=29390|disp_therm=29346|north_therm=29635|soc_therm=31928|battery=29300|battery_cycle=5|dc-mains=32500|usbc-therm-adc=325|max77779fg=29300|LITTLE=35000|soc=1|smpl_gm=0|vdroop1=0|batoilo=0|batoilo2=0|batt_vs=29300|mdis_morepower=0|thb_hda=51|cp_on_chip_0=34000|cp_on_chip_1=36000|G3D=34000|cp_on_chip_2=36000|cp_on_chip_3=33000|cp_on_chip_4=34000|rf2_therm=31000|rf1_therm=32000|ISP=33000|TPU=34000|AUR=34000|rfpa_therm=30281|quiet_therm=30615|charging_therm=31995|,ok,39000,36000,0,36000,1,batched,touched,4096,256,23,1,239909,256,25146,0,4,4,ok
1,2,nvhe,4,578000,578000,36000,37000,BIG=34000|MID=35000|usb_pwr_therm=29457|btmspkr_therm=29390|disp_therm=29346|north_therm=29657|soc_therm=31861|battery=29300|battery_cycle=5|dc-mains=32500|usbc-therm-adc=325|max77779fg=29300|LITTLE=35000|soc=1|smpl_gm=0|vdroop1=0|batoilo=0|batoilo2=0|batt_vs=29300|mdis_morepower=0|thb_hda=51|cp_on_chip_0=34000|cp_on_chip_1=36000|G3D=34000|cp_on_chip_2=36000|cp_on_chip_3=33000|cp_on_chip_4=34000|rf2_therm=31000|rf1_therm=32000|ISP=33000|TPU=34000|AUR=34000|rfpa_therm=30281|quiet_therm=30592|charging_therm=31950|,BIG=35000|MID=36000|usb_pwr_therm=29457|btmspkr_therm=29390|disp_therm=29346|north_therm=29635|soc_therm=31928|battery=29300|battery_cycle=5|dc-mains=32500|usbc-therm-adc=325|max77779fg=29300|LITTLE=35000|soc=1|smpl_gm=0|vdroop1=0|batoilo=0|batoilo2=0|batt_vs=29300|mdis_morepower=0|thb_hda=51|cp_on_chip_0=34000|cp_on_chip_1=36000|G3D=34000|cp_on_chip_2=36000|cp_on_chip_3=33000|cp_on_chip_4=34000|rf2_therm=31000|rf1_therm=32000|ISP=33000|TPU=34000|AUR=34000|rfpa_therm=30281|quiet_therm=30615|charging_therm=31995|,ok,39000,36000,0,36000,1,batched,touched,4096,256,24,1,238322,256,24495,0,4,4,ok
1,2,nvhe,4,578000,578000,36000,37000,BIG=34000|MID=35000|usb_pwr_therm=29457|btmspkr_therm=29390|disp_therm=29346|north_therm=29657|soc_therm=31861|battery=29300|battery_cycle=5|dc-mains=32500|usbc-therm-adc=325|max77779fg=29300|LITTLE=35000|soc=1|smpl_gm=0|vdroop1=0|batoilo=0|batoilo2=0|batt_vs=29300|mdis_morepower=0|thb_hda=51|cp_on_chip_0=34000|cp_on_chip_1=36000|G3D=34000|cp_on_chip_2=36000|cp_on_chip_3=33000|cp_on_chip_4=34000|rf2_therm=31000|rf1_therm=32000|ISP=33000|TPU=34000|AUR=34000|rfpa_therm=30281|quiet_therm=30592|charging_therm=31950|,BIG=35000|MID=36000|usb_pwr_therm=29457|btmspkr_therm=29390|disp_therm=29346|north_therm=29635|soc_therm=31928|battery=29300|battery_cycle=5|dc-mains=32500|usbc-therm-adc=325|max77779fg=29300|LITTLE=35000|soc=1|smpl_gm=0|vdroop1=0|batoilo=0|batoilo2=0|batt_vs=29300|mdis_morepower=0|thb_hda=51|cp_on_chip_0=34000|cp_on_chip_1=36000|G3D=34000|cp_on_chip_2=36000|cp_on_chip_3=33000|cp_on_chip_4=34000|rf2_therm=31000|rf1_therm=32000|ISP=33000|TPU=34000|AUR=34000|rfpa_therm=30281|quiet_therm=30615|charging_therm=31995|,ok,39000,36000,0,36000,1,batched,touched,4096,256,25,1,237020,256,24415,0,4,4,ok
1,2,nvhe,4,578000,578000,36000,37000,BIG=34000|MID=35000|usb_pwr_therm=29457|btmspkr_therm=29390|disp_therm=29346|north_therm=29657|soc_therm=31861|battery=29300|battery_cycle=5|dc-mains=32500|usbc-therm-adc=325|max77779fg=29300|LITTLE=35000|soc=1|smpl_gm=0|vdroop1=0|batoilo=0|batoilo2=0|batt_vs=29300|mdis_morepower=0|thb_hda=51|cp_on_chip_0=34000|cp_on_chip_1=36000|G3D=34000|cp_on_chip_2=36000|cp_on_chip_3=33000|cp_on_chip_4=34000|rf2_therm=31000|rf1_therm=32000|ISP=33000|TPU=34000|AUR=34000|rfpa_therm=30281|quiet_therm=30592|charging_therm=31950|,BIG=35000|MID=36000|usb_pwr_therm=29457|btmspkr_therm=29390|disp_therm=29346|north_therm=29635|soc_therm=31928|battery=29300|battery_cycle=5|dc-mains=32500|usbc-therm-adc=325|max77779fg=29300|LITTLE=35000|soc=1|smpl_gm=0|vdroop1=0|batoilo=0|batoilo2=0|batt_vs=29300|mdis_morepower=0|thb_hda=51|cp_on_chip_0=34000|cp_on_chip_1=36000|G3D=34000|cp_on_chip_2=36000|cp_on_chip_3=33000|cp_on_chip_4=34000|rf2_therm=31000|rf1_therm=32000|ISP=33000|TPU=34000|AUR=34000|rfpa_therm=30281|quiet_therm=30615|charging_therm=31995|,ok,39000,36000,0,36000,1,batched,touched,4096,256,26,1,234986,256,24984,0,4,4,ok
1,2,nvhe,4,578000,578000,36000,37000,BIG=34000|MID=35000|usb_pwr_therm=29457|btmspkr_therm=29390|disp_therm=29346|north_therm=29657|soc_therm=31861|battery=29300|battery_cycle=5|dc-mains=32500|usbc-therm-adc=325|max77779fg=29300|LITTLE=35000|soc=1|smpl_gm=0|vdroop1=0|batoilo=0|batoilo2=0|batt_vs=29300|mdis_morepower=0|thb_hda=51|cp_on_chip_0=34000|cp_on_chip_1=36000|G3D=34000|cp_on_chip_2=36000|cp_on_chip_3=33000|cp_on_chip_4=34000|rf2_therm=31000|rf1_therm=32000|ISP=33000|TPU=34000|AUR=34000|rfpa_therm=30281|quiet_therm=30592|charging_therm=31950|,BIG=35000|MID=36000|usb_pwr_therm=29457|btmspkr_therm=29390|disp_therm=29346|north_therm=29635|soc_therm=31928|battery=29300|battery_cycle=5|dc-mains=32500|usbc-therm-adc=325|max77779fg=29300|LITTLE=35000|soc=1|smpl_gm=0|vdroop1=0|batoilo=0|batoilo2=0|batt_vs=29300|mdis_morepower=0|thb_hda=51|cp_on_chip_0=34000|cp_on_chip_1=36000|G3D=34000|cp_on_chip_2=36000|cp_on_chip_3=33000|cp_on_chip_4=34000|rf2_therm=31000|rf1_therm=32000|ISP=33000|TPU=34000|AUR=34000|rfpa_therm=30281|quiet_therm=30615|charging_therm=31995|,ok,39000,36000,0,36000,1,batched,touched,4096,256,27,1,235556,256,26042,0,4,4,ok
1,2,nvhe,4,578000,578000,36000,37000,BIG=34000|MID=35000|usb_pwr_therm=29457|btmspkr_therm=29390|disp_therm=29346|north_therm=29657|soc_therm=31861|battery=29300|battery_cycle=5|dc-mains=32500|usbc-therm-adc=325|max77779fg=29300|LITTLE=35000|soc=1|smpl_gm=0|vdroop1=0|batoilo=0|batoilo2=0|batt_vs=29300|mdis_morepower=0|thb_hda=51|cp_on_chip_0=34000|cp_on_chip_1=36000|G3D=34000|cp_on_chip_2=36000|cp_on_chip_3=33000|cp_on_chip_4=34000|rf2_therm=31000|rf1_therm=32000|ISP=33000|TPU=34000|AUR=34000|rfpa_therm=30281|quiet_therm=30592|charging_therm=31950|,BIG=35000|MID=36000|usb_pwr_therm=29457|btmspkr_therm=29390|disp_therm=29346|north_therm=29635|soc_therm=31928|battery=29300|battery_cycle=5|dc-mains=32500|usbc-therm-adc=325|max77779fg=29300|LITTLE=35000|soc=1|smpl_gm=0|vdroop1=0|batoilo=0|batoilo2=0|batt_vs=29300|mdis_morepower=0|thb_hda=51|cp_on_chip_0=34000|cp_on_chip_1=36000|G3D=34000|cp_on_chip_2=36000|cp_on_chip_3=33000|cp_on_chip_4=34000|rf2_therm=31000|rf1_therm=32000|ISP=33000|TPU=34000|AUR=34000|rfpa_therm=30281|quiet_therm=30615|charging_therm=31995|,ok,39000,36000,0,36000,1,batched,touched,4096,256,28,1,238892,256,24617,0,4,4,ok
1,2,nvhe,4,578000,578000,36000,37000,BIG=34000|MID=35000|usb_pwr_therm=29457|btmspkr_therm=29390|disp_therm=29346|north_therm=29657|soc_therm=31861|battery=29300|battery_cycle=5|dc-mains=32500|usbc-therm-adc=325|max77779fg=29300|LITTLE=35000|soc=1|smpl_gm=0|vdroop1=0|batoilo=0|batoilo2=0|batt_vs=29300|mdis_morepower=0|thb_hda=51|cp_on_chip_0=34000|cp_on_chip_1=36000|G3D=34000|cp_on_chip_2=36000|cp_on_chip_3=33000|cp_on_chip_4=34000|rf2_therm=31000|rf1_therm=32000|ISP=33000|TPU=34000|AUR=34000|rfpa_therm=30281|quiet_therm=30592|charging_therm=31950|,BIG=35000|MID=36000|usb_pwr_therm=29457|btmspkr_therm=29390|disp_therm=29346|north_therm=29635|soc_therm=31928|battery=29300|battery_cycle=5|dc-mains=32500|usbc-therm-adc=325|max77779fg=29300|LITTLE=35000|soc=1|smpl_gm=0|vdroop1=0|batoilo=0|batoilo2=0|batt_vs=29300|mdis_morepower=0|thb_hda=51|cp_on_chip_0=34000|cp_on_chip_1=36000|G3D=34000|cp_on_chip_2=36000|cp_on_chip_3=33000|cp_on_chip_4=34000|rf2_therm=31000|rf1_therm=32000|ISP=33000|TPU=34000|AUR=34000|rfpa_therm=30281|quiet_therm=30615|charging_therm=31995|,ok,39000,36000,0,36000,1,batched,touched,4096,256,29,1,289917,256,25798,0,4,4,ok
1,3,nvhe,4,648000,1221000,36000,36000,BIG=34000|MID=35000|usb_pwr_therm=29435|btmspkr_therm=29368|disp_therm=29346|north_therm=29613|soc_therm=31972|battery=29300|battery_cycle=5|dc-mains=33000|usbc-therm-adc=325|max77779fg=29300|LITTLE=35000|soc=1|smpl_gm=0|vdroop1=0|batoilo=0|batoilo2=0|batt_vs=29300|mdis_morepower=0|thb_hda=51|cp_on_chip_0=34000|cp_on_chip_1=36000|G3D=34000|cp_on_chip_2=36000|cp_on_chip_3=33000|cp_on_chip_4=34000|rf2_therm=31000|rf1_therm=32000|ISP=33000|TPU=34000|AUR=34000|rfpa_therm=30281|quiet_therm=30637|charging_therm=32039|,BIG=35000|MID=36000|usb_pwr_therm=29435|btmspkr_therm=29368|disp_therm=29346|north_therm=29613|soc_therm=31972|battery=29300|battery_cycle=5|dc-mains=32500|usbc-therm-adc=325|max77779fg=29300|LITTLE=35000|soc=1|smpl_gm=0|vdroop1=0|batoilo=0|batoilo2=0|batt_vs=29300|mdis_morepower=0|thb_hda=51|cp_on_chip_0=34000|cp_on_chip_1=36000|G3D=34000|cp_on_chip_2=36000|cp_on_chip_3=33000|cp_on_chip_4=34000|rf2_therm=31000|rf1_therm=32000|ISP=33000|TPU=34000|AUR=34000|rfpa_therm=30281|quiet_therm=30637|charging_therm=32039|,ok,39000,36000,0,36000,1,batched,touched,4096,512,0,1,664795,512,49031,0,4,4,ok
1,3,nvhe,4,648000,1221000,36000,36000,BIG=34000|MID=35000|usb_pwr_therm=29435|btmspkr_therm=29368|disp_therm=29346|north_therm=29613|soc_therm=31972|battery=29300|battery_cycle=5|dc-mains=33000|usbc-therm-adc=325|max77779fg=29300|LITTLE=35000|soc=1|smpl_gm=0|vdroop1=0|batoilo=0|batoilo2=0|batt_vs=29300|mdis_morepower=0|thb_hda=51|cp_on_chip_0=34000|cp_on_chip_1=36000|G3D=34000|cp_on_chip_2=36000|cp_on_chip_3=33000|cp_on_chip_4=34000|rf2_therm=31000|rf1_therm=32000|ISP=33000|TPU=34000|AUR=34000|rfpa_therm=30281|quiet_therm=30637|charging_therm=32039|,BIG=35000|MID=36000|usb_pwr_therm=29435|btmspkr_therm=29368|disp_therm=29346|north_therm=29613|soc_therm=31972|battery=29300|battery_cycle=5|dc-mains=32500|usbc-therm-adc=325|max77779fg=29300|LITTLE=35000|soc=1|smpl_gm=0|vdroop1=0|batoilo=0|batoilo2=0|batt_vs=29300|mdis_morepower=0|thb_hda=51|cp_on_chip_0=34000|cp_on_chip_1=36000|G3D=34000|cp_on_chip_2=36000|cp_on_chip_3=33000|cp_on_chip_4=34000|rf2_therm=31000|rf1_therm=32000|ISP=33000|TPU=34000|AUR=34000|rfpa_therm=30281|quiet_therm=30637|charging_therm=32039|,ok,39000,36000,0,36000,1,batched,touched,4096,512,1,1,458211,512,45451,0,4,4,ok
1,3,nvhe,4,648000,1221000,36000,36000,BIG=34000|MID=35000|usb_pwr_therm=29435|btmspkr_therm=29368|disp_therm=29346|north_therm=29613|soc_therm=31972|battery=29300|battery_cycle=5|dc-mains=33000|usbc-therm-adc=325|max77779fg=29300|LITTLE=35000|soc=1|smpl_gm=0|vdroop1=0|batoilo=0|batoilo2=0|batt_vs=29300|mdis_morepower=0|thb_hda=51|cp_on_chip_0=34000|cp_on_chip_1=36000|G3D=34000|cp_on_chip_2=36000|cp_on_chip_3=33000|cp_on_chip_4=34000|rf2_therm=31000|rf1_therm=32000|ISP=33000|TPU=34000|AUR=34000|rfpa_therm=30281|quiet_therm=30637|charging_therm=32039|,BIG=35000|MID=36000|usb_pwr_therm=29435|btmspkr_therm=29368|disp_therm=29346|north_therm=29613|soc_therm=31972|battery=29300|battery_cycle=5|dc-mains=32500|usbc-therm-adc=325|max77779fg=29300|LITTLE=35000|soc=1|smpl_gm=0|vdroop1=0|batoilo=0|batoilo2=0|batt_vs=29300|mdis_morepower=0|thb_hda=51|cp_on_chip_0=34000|cp_on_chip_1=36000|G3D=34000|cp_on_chip_2=36000|cp_on_chip_3=33000|cp_on_chip_4=34000|rf2_therm=31000|rf1_therm=32000|ISP=33000|TPU=34000|AUR=34000|rfpa_therm=30281|quiet_therm=30637|charging_therm=32039|,ok,39000,36000,0,36000,1,batched,touched,4096,512,2,1,456991,512,45532,0,4,4,ok
1,3,nvhe,4,648000,1221000,36000,36000,BIG=34000|MID=35000|usb_pwr_therm=29435|btmspkr_therm=29368|disp_therm=29346|north_therm=29613|soc_therm=31972|battery=29300|battery_cycle=5|dc-mains=33000|usbc-therm-adc=325|max77779fg=29300|LITTLE=35000|soc=1|smpl_gm=0|vdroop1=0|batoilo=0|batoilo2=0|batt_vs=29300|mdis_morepower=0|thb_hda=51|cp_on_chip_0=34000|cp_on_chip_1=36000|G3D=34000|cp_on_chip_2=36000|cp_on_chip_3=33000|cp_on_chip_4=34000|rf2_therm=31000|rf1_therm=32000|ISP=33000|TPU=34000|AUR=34000|rfpa_therm=30281|quiet_therm=30637|charging_therm=32039|,BIG=35000|MID=36000|usb_pwr_therm=29435|btmspkr_therm=29368|disp_therm=29346|north_therm=29613|soc_therm=31972|battery=29300|battery_cycle=5|dc-mains=32500|usbc-therm-adc=325|max77779fg=29300|LITTLE=35000|soc=1|smpl_gm=0|vdroop1=0|batoilo=0|batoilo2=0|batt_vs=29300|mdis_morepower=0|thb_hda=51|cp_on_chip_0=34000|cp_on_chip_1=36000|G3D=34000|cp_on_chip_2=36000|cp_on_chip_3=33000|cp_on_chip_4=34000|rf2_therm=31000|rf1_therm=32000|ISP=33000|TPU=34000|AUR=34000|rfpa_therm=30281|quiet_therm=30637|charging_therm=32039|,ok,39000,36000,0,36000,1,batched,touched,4096,512,3,1,450520,512,45003,0,4,4,ok
1,3,nvhe,4,648000,1221000,36000,36000,BIG=34000|MID=35000|usb_pwr_therm=29435|btmspkr_therm=29368|disp_therm=29346|north_therm=29613|soc_therm=31972|battery=29300|battery_cycle=5|dc-mains=33000|usbc-therm-adc=325|max77779fg=29300|LITTLE=35000|soc=1|smpl_gm=0|vdroop1=0|batoilo=0|batoilo2=0|batt_vs=29300|mdis_morepower=0|thb_hda=51|cp_on_chip_0=34000|cp_on_chip_1=36000|G3D=34000|cp_on_chip_2=36000|cp_on_chip_3=33000|cp_on_chip_4=34000|rf2_therm=31000|rf1_therm=32000|ISP=33000|TPU=34000|AUR=34000|rfpa_therm=30281|quiet_therm=30637|charging_therm=32039|,BIG=35000|MID=36000|usb_pwr_therm=29435|btmspkr_therm=29368|disp_therm=29346|north_therm=29613|soc_therm=31972|battery=29300|battery_cycle=5|dc-mains=32500|usbc-therm-adc=325|max77779fg=29300|LITTLE=35000|soc=1|smpl_gm=0|vdroop1=0|batoilo=0|batoilo2=0|batt_vs=29300|mdis_morepower=0|thb_hda=51|cp_on_chip_0=34000|cp_on_chip_1=36000|G3D=34000|cp_on_chip_2=36000|cp_on_chip_3=33000|cp_on_chip_4=34000|rf2_therm=31000|rf1_therm=32000|ISP=33000|TPU=34000|AUR=34000|rfpa_therm=30281|quiet_therm=30637|charging_therm=32039|,ok,39000,36000,0,36000,1,batched,touched,4096,512,4,1,449789,512,44597,0,4,4,ok
1,3,nvhe,4,648000,1221000,36000,36000,BIG=34000|MID=35000|usb_pwr_therm=29435|btmspkr_therm=29368|disp_therm=29346|north_therm=29613|soc_therm=31972|battery=29300|battery_cycle=5|dc-mains=33000|usbc-therm-adc=325|max77779fg=29300|LITTLE=35000|soc=1|smpl_gm=0|vdroop1=0|batoilo=0|batoilo2=0|batt_vs=29300|mdis_morepower=0|thb_hda=51|cp_on_chip_0=34000|cp_on_chip_1=36000|G3D=34000|cp_on_chip_2=36000|cp_on_chip_3=33000|cp_on_chip_4=34000|rf2_therm=31000|rf1_therm=32000|ISP=33000|TPU=34000|AUR=34000|rfpa_therm=30281|quiet_therm=30637|charging_therm=32039|,BIG=35000|MID=36000|usb_pwr_therm=29435|btmspkr_therm=29368|disp_therm=29346|north_therm=29613|soc_therm=31972|battery=29300|battery_cycle=5|dc-mains=32500|usbc-therm-adc=325|max77779fg=29300|LITTLE=35000|soc=1|smpl_gm=0|vdroop1=0|batoilo=0|batoilo2=0|batt_vs=29300|mdis_morepower=0|thb_hda=51|cp_on_chip_0=34000|cp_on_chip_1=36000|G3D=34000|cp_on_chip_2=36000|cp_on_chip_3=33000|cp_on_chip_4=34000|rf2_therm=31000|rf1_therm=32000|ISP=33000|TPU=34000|AUR=34000|rfpa_therm=30281|quiet_therm=30637|charging_therm=32039|,ok,39000,36000,0,36000,1,batched,touched,4096,512,5,1,447591,512,66285,0,4,4,ok
1,3,nvhe,4,648000,1221000,36000,36000,BIG=34000|MID=35000|usb_pwr_therm=29435|btmspkr_therm=29368|disp_therm=29346|north_therm=29613|soc_therm=31972|battery=29300|battery_cycle=5|dc-mains=33000|usbc-therm-adc=325|max77779fg=29300|LITTLE=35000|soc=1|smpl_gm=0|vdroop1=0|batoilo=0|batoilo2=0|batt_vs=29300|mdis_morepower=0|thb_hda=51|cp_on_chip_0=34000|cp_on_chip_1=36000|G3D=34000|cp_on_chip_2=36000|cp_on_chip_3=33000|cp_on_chip_4=34000|rf2_therm=31000|rf1_therm=32000|ISP=33000|TPU=34000|AUR=34000|rfpa_therm=30281|quiet_therm=30637|charging_therm=32039|,BIG=35000|MID=36000|usb_pwr_therm=29435|btmspkr_therm=29368|disp_therm=29346|north_therm=29613|soc_therm=31972|battery=29300|battery_cycle=5|dc-mains=32500|usbc-therm-adc=325|max77779fg=29300|LITTLE=35000|soc=1|smpl_gm=0|vdroop1=0|batoilo=0|batoilo2=0|batt_vs=29300|mdis_morepower=0|thb_hda=51|cp_on_chip_0=34000|cp_on_chip_1=36000|G3D=34000|cp_on_chip_2=36000|cp_on_chip_3=33000|cp_on_chip_4=34000|rf2_therm=31000|rf1_therm=32000|ISP=33000|TPU=34000|AUR=34000|rfpa_therm=30281|quiet_therm=30637|charging_therm=32039|,ok,39000,36000,0,36000,1,batched,touched,4096,512,6,1,477091,512,46387,0,4,4,ok
1,3,nvhe,4,648000,1221000,36000,36000,BIG=34000|MID=35000|usb_pwr_therm=29435|btmspkr_therm=29368|disp_therm=29346|north_therm=29613|soc_therm=31972|battery=29300|battery_cycle=5|dc-mains=33000|usbc-therm-adc=325|max77779fg=29300|LITTLE=35000|soc=1|smpl_gm=0|vdroop1=0|batoilo=0|batoilo2=0|batt_vs=29300|mdis_morepower=0|thb_hda=51|cp_on_chip_0=34000|cp_on_chip_1=36000|G3D=34000|cp_on_chip_2=36000|cp_on_chip_3=33000|cp_on_chip_4=34000|rf2_therm=31000|rf1_therm=32000|ISP=33000|TPU=34000|AUR=34000|rfpa_therm=30281|quiet_therm=30637|charging_therm=32039|,BIG=35000|MID=36000|usb_pwr_therm=29435|btmspkr_therm=29368|disp_therm=29346|north_therm=29613|soc_therm=31972|battery=29300|battery_cycle=5|dc-mains=32500|usbc-therm-adc=325|max77779fg=29300|LITTLE=35000|soc=1|smpl_gm=0|vdroop1=0|batoilo=0|batoilo2=0|batt_vs=29300|mdis_morepower=0|thb_hda=51|cp_on_chip_0=34000|cp_on_chip_1=36000|G3D=34000|cp_on_chip_2=36000|cp_on_chip_3=33000|cp_on_chip_4=34000|rf2_therm=31000|rf1_therm=32000|ISP=33000|TPU=34000|AUR=34000|rfpa_therm=30281|quiet_therm=30637|charging_therm=32039|,ok,39000,36000,0,36000,1,batched,touched,4096,512,7,1,450440,512,45898,0,4,4,ok
1,3,nvhe,4,648000,1221000,36000,36000,BIG=34000|MID=35000|usb_pwr_therm=29435|btmspkr_therm=29368|disp_therm=29346|north_therm=29613|soc_therm=31972|battery=29300|battery_cycle=5|dc-mains=33000|usbc-therm-adc=325|max77779fg=29300|LITTLE=35000|soc=1|smpl_gm=0|vdroop1=0|batoilo=0|batoilo2=0|batt_vs=29300|mdis_morepower=0|thb_hda=51|cp_on_chip_0=34000|cp_on_chip_1=36000|G3D=34000|cp_on_chip_2=36000|cp_on_chip_3=33000|cp_on_chip_4=34000|rf2_therm=31000|rf1_therm=32000|ISP=33000|TPU=34000|AUR=34000|rfpa_therm=30281|quiet_therm=30637|charging_therm=32039|,BIG=35000|MID=36000|usb_pwr_therm=29435|btmspkr_therm=29368|disp_therm=29346|north_therm=29613|soc_therm=31972|battery=29300|battery_cycle=5|dc-mains=32500|usbc-therm-adc=325|max77779fg=29300|LITTLE=35000|soc=1|smpl_gm=0|vdroop1=0|batoilo=0|batoilo2=0|batt_vs=29300|mdis_morepower=0|thb_hda=51|cp_on_chip_0=34000|cp_on_chip_1=36000|G3D=34000|cp_on_chip_2=36000|cp_on_chip_3=33000|cp_on_chip_4=34000|rf2_therm=31000|rf1_therm=32000|ISP=33000|TPU=34000|AUR=34000|rfpa_therm=30281|quiet_therm=30637|charging_therm=32039|,ok,39000,36000,0,36000,1,batched,touched,4096,512,8,1,508422,512,45613,0,4,4,ok
1,3,nvhe,4,648000,1221000,36000,36000,BIG=34000|MID=35000|usb_pwr_therm=29435|btmspkr_therm=29368|disp_therm=29346|north_therm=29613|soc_therm=31972|battery=29300|battery_cycle=5|dc-mains=33000|usbc-therm-adc=325|max77779fg=29300|LITTLE=35000|soc=1|smpl_gm=0|vdroop1=0|batoilo=0|batoilo2=0|batt_vs=29300|mdis_morepower=0|thb_hda=51|cp_on_chip_0=34000|cp_on_chip_1=36000|G3D=34000|cp_on_chip_2=36000|cp_on_chip_3=33000|cp_on_chip_4=34000|rf2_therm=31000|rf1_therm=32000|ISP=33000|TPU=34000|AUR=34000|rfpa_therm=30281|quiet_therm=30637|charging_therm=32039|,BIG=35000|MID=36000|usb_pwr_therm=29435|btmspkr_therm=29368|disp_therm=29346|north_therm=29613|soc_therm=31972|battery=29300|battery_cycle=5|dc-mains=32500|usbc-therm-adc=325|max77779fg=29300|LITTLE=35000|soc=1|smpl_gm=0|vdroop1=0|batoilo=0|batoilo2=0|batt_vs=29300|mdis_morepower=0|thb_hda=51|cp_on_chip_0=34000|cp_on_chip_1=36000|G3D=34000|cp_on_chip_2=36000|cp_on_chip_3=33000|cp_on_chip_4=34000|rf2_therm=31000|rf1_therm=32000|ISP=33000|TPU=34000|AUR=34000|rfpa_therm=30281|quiet_therm=30637|charging_therm=32039|,ok,39000,36000,0,36000,1,batched,touched,4096,512,9,1,510702,512,45655,0,4,4,ok
1,3,nvhe,4,648000,1221000,36000,36000,BIG=34000|MID=35000|usb_pwr_therm=29435|btmspkr_therm=29368|disp_therm=29346|north_therm=29613|soc_therm=31972|battery=29300|battery_cycle=5|dc-mains=33000|usbc-therm-adc=325|max77779fg=29300|LITTLE=35000|soc=1|smpl_gm=0|vdroop1=0|batoilo=0|batoilo2=0|batt_vs=29300|mdis_morepower=0|thb_hda=51|cp_on_chip_0=34000|cp_on_chip_1=36000|G3D=34000|cp_on_chip_2=36000|cp_on_chip_3=33000|cp_on_chip_4=34000|rf2_therm=31000|rf1_therm=32000|ISP=33000|TPU=34000|AUR=34000|rfpa_therm=30281|quiet_therm=30637|charging_therm=32039|,BIG=35000|MID=36000|usb_pwr_therm=29435|btmspkr_therm=29368|disp_therm=29346|north_therm=29613|soc_therm=31972|battery=29300|battery_cycle=5|dc-mains=32500|usbc-therm-adc=325|max77779fg=29300|LITTLE=35000|soc=1|smpl_gm=0|vdroop1=0|batoilo=0|batoilo2=0|batt_vs=29300|mdis_morepower=0|thb_hda=51|cp_on_chip_0=34000|cp_on_chip_1=36000|G3D=34000|cp_on_chip_2=36000|cp_on_chip_3=33000|cp_on_chip_4=34000|rf2_therm=31000|rf1_therm=32000|ISP=33000|TPU=34000|AUR=34000|rfpa_therm=30281|quiet_therm=30637|charging_therm=32039|,ok,39000,36000,0,36000,1,batched,touched,4096,512,10,1,503093,512,58919,0,4,4,ok
1,3,nvhe,4,648000,1221000,36000,36000,BIG=34000|MID=35000|usb_pwr_therm=29435|btmspkr_therm=29368|disp_therm=29346|north_therm=29613|soc_therm=31972|battery=29300|battery_cycle=5|dc-mains=33000|usbc-therm-adc=325|max77779fg=29300|LITTLE=35000|soc=1|smpl_gm=0|vdroop1=0|batoilo=0|batoilo2=0|batt_vs=29300|mdis_morepower=0|thb_hda=51|cp_on_chip_0=34000|cp_on_chip_1=36000|G3D=34000|cp_on_chip_2=36000|cp_on_chip_3=33000|cp_on_chip_4=34000|rf2_therm=31000|rf1_therm=32000|ISP=33000|TPU=34000|AUR=34000|rfpa_therm=30281|quiet_therm=30637|charging_therm=32039|,BIG=35000|MID=36000|usb_pwr_therm=29435|btmspkr_therm=29368|disp_therm=29346|north_therm=29613|soc_therm=31972|battery=29300|battery_cycle=5|dc-mains=32500|usbc-therm-adc=325|max77779fg=29300|LITTLE=35000|soc=1|smpl_gm=0|vdroop1=0|batoilo=0|batoilo2=0|batt_vs=29300|mdis_morepower=0|thb_hda=51|cp_on_chip_0=34000|cp_on_chip_1=36000|G3D=34000|cp_on_chip_2=36000|cp_on_chip_3=33000|cp_on_chip_4=34000|rf2_therm=31000|rf1_therm=32000|ISP=33000|TPU=34000|AUR=34000|rfpa_therm=30281|quiet_therm=30637|charging_therm=32039|,ok,39000,36000,0,36000,1,batched,touched,4096,512,11,1,517009,512,47242,0,4,4,ok
1,3,nvhe,4,648000,1221000,36000,36000,BIG=34000|MID=35000|usb_pwr_therm=29435|btmspkr_therm=29368|disp_therm=29346|north_therm=29613|soc_therm=31972|battery=29300|battery_cycle=5|dc-mains=33000|usbc-therm-adc=325|max77779fg=29300|LITTLE=35000|soc=1|smpl_gm=0|vdroop1=0|batoilo=0|batoilo2=0|batt_vs=29300|mdis_morepower=0|thb_hda=51|cp_on_chip_0=34000|cp_on_chip_1=36000|G3D=34000|cp_on_chip_2=36000|cp_on_chip_3=33000|cp_on_chip_4=34000|rf2_therm=31000|rf1_therm=32000|ISP=33000|TPU=34000|AUR=34000|rfpa_therm=30281|quiet_therm=30637|charging_therm=32039|,BIG=35000|MID=36000|usb_pwr_therm=29435|btmspkr_therm=29368|disp_therm=29346|north_therm=29613|soc_therm=31972|battery=29300|battery_cycle=5|dc-mains=32500|usbc-therm-adc=325|max77779fg=29300|LITTLE=35000|soc=1|smpl_gm=0|vdroop1=0|batoilo=0|batoilo2=0|batt_vs=29300|mdis_morepower=0|thb_hda=51|cp_on_chip_0=34000|cp_on_chip_1=36000|G3D=34000|cp_on_chip_2=36000|cp_on_chip_3=33000|cp_on_chip_4=34000|rf2_therm=31000|rf1_therm=32000|ISP=33000|TPU=34000|AUR=34000|rfpa_therm=30281|quiet_therm=30637|charging_therm=32039|,ok,39000,36000,0,36000,1,batched,touched,4096,512,12,1,511068,512,46102,0,4,4,ok
1,3,nvhe,4,648000,1221000,36000,36000,BIG=34000|MID=35000|usb_pwr_therm=29435|btmspkr_therm=29368|disp_therm=29346|north_therm=29613|soc_therm=31972|battery=29300|battery_cycle=5|dc-mains=33000|usbc-therm-adc=325|max77779fg=29300|LITTLE=35000|soc=1|smpl_gm=0|vdroop1=0|batoilo=0|batoilo2=0|batt_vs=29300|mdis_morepower=0|thb_hda=51|cp_on_chip_0=34000|cp_on_chip_1=36000|G3D=34000|cp_on_chip_2=36000|cp_on_chip_3=33000|cp_on_chip_4=34000|rf2_therm=31000|rf1_therm=32000|ISP=33000|TPU=34000|AUR=34000|rfpa_therm=30281|quiet_therm=30637|charging_therm=32039|,BIG=35000|MID=36000|usb_pwr_therm=29435|btmspkr_therm=29368|disp_therm=29346|north_therm=29613|soc_therm=31972|battery=29300|battery_cycle=5|dc-mains=32500|usbc-therm-adc=325|max77779fg=29300|LITTLE=35000|soc=1|smpl_gm=0|vdroop1=0|batoilo=0|batoilo2=0|batt_vs=29300|mdis_morepower=0|thb_hda=51|cp_on_chip_0=34000|cp_on_chip_1=36000|G3D=34000|cp_on_chip_2=36000|cp_on_chip_3=33000|cp_on_chip_4=34000|rf2_therm=31000|rf1_therm=32000|ISP=33000|TPU=34000|AUR=34000|rfpa_therm=30281|quiet_therm=30637|charging_therm=32039|,ok,39000,36000,0,36000,1,batched,touched,4096,512,13,1,539062,512,50008,0,4,4,ok
1,3,nvhe,4,648000,1221000,36000,36000,BIG=34000|MID=35000|usb_pwr_therm=29435|btmspkr_therm=29368|disp_therm=29346|north_therm=29613|soc_therm=31972|battery=29300|battery_cycle=5|dc-mains=33000|usbc-therm-adc=325|max77779fg=29300|LITTLE=35000|soc=1|smpl_gm=0|vdroop1=0|batoilo=0|batoilo2=0|batt_vs=29300|mdis_morepower=0|thb_hda=51|cp_on_chip_0=34000|cp_on_chip_1=36000|G3D=34000|cp_on_chip_2=36000|cp_on_chip_3=33000|cp_on_chip_4=34000|rf2_therm=31000|rf1_therm=32000|ISP=33000|TPU=34000|AUR=34000|rfpa_therm=30281|quiet_therm=30637|charging_therm=32039|,BIG=35000|MID=36000|usb_pwr_therm=29435|btmspkr_therm=29368|disp_therm=29346|north_therm=29613|soc_therm=31972|battery=29300|battery_cycle=5|dc-mains=32500|usbc-therm-adc=325|max77779fg=29300|LITTLE=35000|soc=1|smpl_gm=0|vdroop1=0|batoilo=0|batoilo2=0|batt_vs=29300|mdis_morepower=0|thb_hda=51|cp_on_chip_0=34000|cp_on_chip_1=36000|G3D=34000|cp_on_chip_2=36000|cp_on_chip_3=33000|cp_on_chip_4=34000|rf2_therm=31000|rf1_therm=32000|ISP=33000|TPU=34000|AUR=34000|rfpa_therm=30281|quiet_therm=30637|charging_therm=32039|,ok,39000,36000,0,36000,1,batched,touched,4096,512,14,1,534953,512,46834,0,4,4,ok
1,3,nvhe,4,648000,1221000,36000,36000,BIG=34000|MID=35000|usb_pwr_therm=29435|btmspkr_therm=29368|disp_therm=29346|north_therm=29613|soc_therm=31972|battery=29300|battery_cycle=5|dc-mains=33000|usbc-therm-adc=325|max77779fg=29300|LITTLE=35000|soc=1|smpl_gm=0|vdroop1=0|batoilo=0|batoilo2=0|batt_vs=29300|mdis_morepower=0|thb_hda=51|cp_on_chip_0=34000|cp_on_chip_1=36000|G3D=34000|cp_on_chip_2=36000|cp_on_chip_3=33000|cp_on_chip_4=34000|rf2_therm=31000|rf1_therm=32000|ISP=33000|TPU=34000|AUR=34000|rfpa_therm=30281|quiet_therm=30637|charging_therm=32039|,BIG=35000|MID=36000|usb_pwr_therm=29435|btmspkr_therm=29368|disp_therm=29346|north_therm=29613|soc_therm=31972|battery=29300|battery_cycle=5|dc-mains=32500|usbc-therm-adc=325|max77779fg=29300|LITTLE=35000|soc=1|smpl_gm=0|vdroop1=0|batoilo=0|batoilo2=0|batt_vs=29300|mdis_morepower=0|thb_hda=51|cp_on_chip_0=34000|cp_on_chip_1=36000|G3D=34000|cp_on_chip_2=36000|cp_on_chip_3=33000|cp_on_chip_4=34000|rf2_therm=31000|rf1_therm=32000|ISP=33000|TPU=34000|AUR=34000|rfpa_therm=30281|quiet_therm=30637|charging_therm=32039|,ok,39000,36000,0,36000,1,batched,touched,4096,512,15,1,530517,512,46427,0,4,4,ok
1,3,nvhe,4,648000,1221000,36000,36000,BIG=34000|MID=35000|usb_pwr_therm=29435|btmspkr_therm=29368|disp_therm=29346|north_therm=29613|soc_therm=31972|battery=29300|battery_cycle=5|dc-mains=33000|usbc-therm-adc=325|max77779fg=29300|LITTLE=35000|soc=1|smpl_gm=0|vdroop1=0|batoilo=0|batoilo2=0|batt_vs=29300|mdis_morepower=0|thb_hda=51|cp_on_chip_0=34000|cp_on_chip_1=36000|G3D=34000|cp_on_chip_2=36000|cp_on_chip_3=33000|cp_on_chip_4=34000|rf2_therm=31000|rf1_therm=32000|ISP=33000|TPU=34000|AUR=34000|rfpa_therm=30281|quiet_therm=30637|charging_therm=32039|,BIG=35000|MID=36000|usb_pwr_therm=29435|btmspkr_therm=29368|disp_therm=29346|north_therm=29613|soc_therm=31972|battery=29300|battery_cycle=5|dc-mains=32500|usbc-therm-adc=325|max77779fg=29300|LITTLE=35000|soc=1|smpl_gm=0|vdroop1=0|batoilo=0|batoilo2=0|batt_vs=29300|mdis_morepower=0|thb_hda=51|cp_on_chip_0=34000|cp_on_chip_1=36000|G3D=34000|cp_on_chip_2=36000|cp_on_chip_3=33000|cp_on_chip_4=34000|rf2_therm=31000|rf1_therm=32000|ISP=33000|TPU=34000|AUR=34000|rfpa_therm=30281|quiet_therm=30637|charging_therm=32039|,ok,39000,36000,0,36000,1,batched,touched,4096,512,16,1,530599,512,49154,0,4,4,ok
1,3,nvhe,4,648000,1221000,36000,36000,BIG=34000|MID=35000|usb_pwr_therm=29435|btmspkr_therm=29368|disp_therm=29346|north_therm=29613|soc_therm=31972|battery=29300|battery_cycle=5|dc-mains=33000|usbc-therm-adc=325|max77779fg=29300|LITTLE=35000|soc=1|smpl_gm=0|vdroop1=0|batoilo=0|batoilo2=0|batt_vs=29300|mdis_morepower=0|thb_hda=51|cp_on_chip_0=34000|cp_on_chip_1=36000|G3D=34000|cp_on_chip_2=36000|cp_on_chip_3=33000|cp_on_chip_4=34000|rf2_therm=31000|rf1_therm=32000|ISP=33000|TPU=34000|AUR=34000|rfpa_therm=30281|quiet_therm=30637|charging_therm=32039|,BIG=35000|MID=36000|usb_pwr_therm=29435|btmspkr_therm=29368|disp_therm=29346|north_therm=29613|soc_therm=31972|battery=29300|battery_cycle=5|dc-mains=32500|usbc-therm-adc=325|max77779fg=29300|LITTLE=35000|soc=1|smpl_gm=0|vdroop1=0|batoilo=0|batoilo2=0|batt_vs=29300|mdis_morepower=0|thb_hda=51|cp_on_chip_0=34000|cp_on_chip_1=36000|G3D=34000|cp_on_chip_2=36000|cp_on_chip_3=33000|cp_on_chip_4=34000|rf2_therm=31000|rf1_therm=32000|ISP=33000|TPU=34000|AUR=34000|rfpa_therm=30281|quiet_therm=30637|charging_therm=32039|,ok,39000,36000,0,36000,1,batched,touched,4096,512,17,1,526327,512,45492,0,4,4,ok
1,3,nvhe,4,648000,1221000,36000,36000,BIG=34000|MID=35000|usb_pwr_therm=29435|btmspkr_therm=29368|disp_therm=29346|north_therm=29613|soc_therm=31972|battery=29300|battery_cycle=5|dc-mains=33000|usbc-therm-adc=325|max77779fg=29300|LITTLE=35000|soc=1|smpl_gm=0|vdroop1=0|batoilo=0|batoilo2=0|batt_vs=29300|mdis_morepower=0|thb_hda=51|cp_on_chip_0=34000|cp_on_chip_1=36000|G3D=34000|cp_on_chip_2=36000|cp_on_chip_3=33000|cp_on_chip_4=34000|rf2_therm=31000|rf1_therm=32000|ISP=33000|TPU=34000|AUR=34000|rfpa_therm=30281|quiet_therm=30637|charging_therm=32039|,BIG=35000|MID=36000|usb_pwr_therm=29435|btmspkr_therm=29368|disp_therm=29346|north_therm=29613|soc_therm=31972|battery=29300|battery_cycle=5|dc-mains=32500|usbc-therm-adc=325|max77779fg=29300|LITTLE=35000|soc=1|smpl_gm=0|vdroop1=0|batoilo=0|batoilo2=0|batt_vs=29300|mdis_morepower=0|thb_hda=51|cp_on_chip_0=34000|cp_on_chip_1=36000|G3D=34000|cp_on_chip_2=36000|cp_on_chip_3=33000|cp_on_chip_4=34000|rf2_therm=31000|rf1_therm=32000|ISP=33000|TPU=34000|AUR=34000|rfpa_therm=30281|quiet_therm=30637|charging_therm=32039|,ok,39000,36000,0,36000,1,batched,touched,4096,512,18,1,525919,512,47038,0,4,4,ok
1,3,nvhe,4,648000,1221000,36000,36000,BIG=34000|MID=35000|usb_pwr_therm=29435|btmspkr_therm=29368|disp_therm=29346|north_therm=29613|soc_therm=31972|battery=29300|battery_cycle=5|dc-mains=33000|usbc-therm-adc=325|max77779fg=29300|LITTLE=35000|soc=1|smpl_gm=0|vdroop1=0|batoilo=0|batoilo2=0|batt_vs=29300|mdis_morepower=0|thb_hda=51|cp_on_chip_0=34000|cp_on_chip_1=36000|G3D=34000|cp_on_chip_2=36000|cp_on_chip_3=33000|cp_on_chip_4=34000|rf2_therm=31000|rf1_therm=32000|ISP=33000|TPU=34000|AUR=34000|rfpa_therm=30281|quiet_therm=30637|charging_therm=32039|,BIG=35000|MID=36000|usb_pwr_therm=29435|btmspkr_therm=29368|disp_therm=29346|north_therm=29613|soc_therm=31972|battery=29300|battery_cycle=5|dc-mains=32500|usbc-therm-adc=325|max77779fg=29300|LITTLE=35000|soc=1|smpl_gm=0|vdroop1=0|batoilo=0|batoilo2=0|batt_vs=29300|mdis_morepower=0|thb_hda=51|cp_on_chip_0=34000|cp_on_chip_1=36000|G3D=34000|cp_on_chip_2=36000|cp_on_chip_3=33000|cp_on_chip_4=34000|rf2_therm=31000|rf1_therm=32000|ISP=33000|TPU=34000|AUR=34000|rfpa_therm=30281|quiet_therm=30637|charging_therm=32039|,ok,39000,36000,0,36000,1,batched,touched,4096,512,19,1,533976,512,49032,0,4,4,ok
1,3,nvhe,4,648000,1221000,36000,36000,BIG=34000|MID=35000|usb_pwr_therm=29435|btmspkr_therm=29368|disp_therm=29346|north_therm=29613|soc_therm=31972|battery=29300|battery_cycle=5|dc-mains=33000|usbc-therm-adc=325|max77779fg=29300|LITTLE=35000|soc=1|smpl_gm=0|vdroop1=0|batoilo=0|batoilo2=0|batt_vs=29300|mdis_morepower=0|thb_hda=51|cp_on_chip_0=34000|cp_on_chip_1=36000|G3D=34000|cp_on_chip_2=36000|cp_on_chip_3=33000|cp_on_chip_4=34000|rf2_therm=31000|rf1_therm=32000|ISP=33000|TPU=34000|AUR=34000|rfpa_therm=30281|quiet_therm=30637|charging_therm=32039|,BIG=35000|MID=36000|usb_pwr_therm=29435|btmspkr_therm=29368|disp_therm=29346|north_therm=29613|soc_therm=31972|battery=29300|battery_cycle=5|dc-mains=32500|usbc-therm-adc=325|max77779fg=29300|LITTLE=35000|soc=1|smpl_gm=0|vdroop1=0|batoilo=0|batoilo2=0|batt_vs=29300|mdis_morepower=0|thb_hda=51|cp_on_chip_0=34000|cp_on_chip_1=36000|G3D=34000|cp_on_chip_2=36000|cp_on_chip_3=33000|cp_on_chip_4=34000|rf2_therm=31000|rf1_therm=32000|ISP=33000|TPU=34000|AUR=34000|rfpa_therm=30281|quiet_therm=30637|charging_therm=32039|,ok,39000,36000,0,36000,1,batched,touched,4096,512,20,1,572185,512,49927,0,4,4,ok
1,3,nvhe,4,648000,1221000,36000,36000,BIG=34000|MID=35000|usb_pwr_therm=29435|btmspkr_therm=29368|disp_therm=29346|north_therm=29613|soc_therm=31972|battery=29300|battery_cycle=5|dc-mains=33000|usbc-therm-adc=325|max77779fg=29300|LITTLE=35000|soc=1|smpl_gm=0|vdroop1=0|batoilo=0|batoilo2=0|batt_vs=29300|mdis_morepower=0|thb_hda=51|cp_on_chip_0=34000|cp_on_chip_1=36000|G3D=34000|cp_on_chip_2=36000|cp_on_chip_3=33000|cp_on_chip_4=34000|rf2_therm=31000|rf1_therm=32000|ISP=33000|TPU=34000|AUR=34000|rfpa_therm=30281|quiet_therm=30637|charging_therm=32039|,BIG=35000|MID=36000|usb_pwr_therm=29435|btmspkr_therm=29368|disp_therm=29346|north_therm=29613|soc_therm=31972|battery=29300|battery_cycle=5|dc-mains=32500|usbc-therm-adc=325|max77779fg=29300|LITTLE=35000|soc=1|smpl_gm=0|vdroop1=0|batoilo=0|batoilo2=0|batt_vs=29300|mdis_morepower=0|thb_hda=51|cp_on_chip_0=34000|cp_on_chip_1=36000|G3D=34000|cp_on_chip_2=36000|cp_on_chip_3=33000|cp_on_chip_4=34000|rf2_therm=31000|rf1_therm=32000|ISP=33000|TPU=34000|AUR=34000|rfpa_therm=30281|quiet_therm=30637|charging_therm=32039|,ok,39000,36000,0,36000,1,batched,touched,4096,512,21,1,533610,512,47322,0,4,4,ok
1,3,nvhe,4,648000,1221000,36000,36000,BIG=34000|MID=35000|usb_pwr_therm=29435|btmspkr_therm=29368|disp_therm=29346|north_therm=29613|soc_therm=31972|battery=29300|battery_cycle=5|dc-mains=33000|usbc-therm-adc=325|max77779fg=29300|LITTLE=35000|soc=1|smpl_gm=0|vdroop1=0|batoilo=0|batoilo2=0|batt_vs=29300|mdis_morepower=0|thb_hda=51|cp_on_chip_0=34000|cp_on_chip_1=36000|G3D=34000|cp_on_chip_2=36000|cp_on_chip_3=33000|cp_on_chip_4=34000|rf2_therm=31000|rf1_therm=32000|ISP=33000|TPU=34000|AUR=34000|rfpa_therm=30281|quiet_therm=30637|charging_therm=32039|,BIG=35000|MID=36000|usb_pwr_therm=29435|btmspkr_therm=29368|disp_therm=29346|north_therm=29613|soc_therm=31972|battery=29300|battery_cycle=5|dc-mains=32500|usbc-therm-adc=325|max77779fg=29300|LITTLE=35000|soc=1|smpl_gm=0|vdroop1=0|batoilo=0|batoilo2=0|batt_vs=29300|mdis_morepower=0|thb_hda=51|cp_on_chip_0=34000|cp_on_chip_1=36000|G3D=34000|cp_on_chip_2=36000|cp_on_chip_3=33000|cp_on_chip_4=34000|rf2_therm=31000|rf1_therm=32000|ISP=33000|TPU=34000|AUR=34000|rfpa_therm=30281|quiet_therm=30637|charging_therm=32039|,ok,39000,36000,0,36000,1,batched,touched,4096,512,22,1,536296,512,75439,0,4,4,ok
1,3,nvhe,4,648000,1221000,36000,36000,BIG=34000|MID=35000|usb_pwr_therm=29435|btmspkr_therm=29368|disp_therm=29346|north_therm=29613|soc_therm=31972|battery=29300|battery_cycle=5|dc-mains=33000|usbc-therm-adc=325|max77779fg=29300|LITTLE=35000|soc=1|smpl_gm=0|vdroop1=0|batoilo=0|batoilo2=0|batt_vs=29300|mdis_morepower=0|thb_hda=51|cp_on_chip_0=34000|cp_on_chip_1=36000|G3D=34000|cp_on_chip_2=36000|cp_on_chip_3=33000|cp_on_chip_4=34000|rf2_therm=31000|rf1_therm=32000|ISP=33000|TPU=34000|AUR=34000|rfpa_therm=30281|quiet_therm=30637|charging_therm=32039|,BIG=35000|MID=36000|usb_pwr_therm=29435|btmspkr_therm=29368|disp_therm=29346|north_therm=29613|soc_therm=31972|battery=29300|battery_cycle=5|dc-mains=32500|usbc-therm-adc=325|max77779fg=29300|LITTLE=35000|soc=1|smpl_gm=0|vdroop1=0|batoilo=0|batoilo2=0|batt_vs=29300|mdis_morepower=0|thb_hda=51|cp_on_chip_0=34000|cp_on_chip_1=36000|G3D=34000|cp_on_chip_2=36000|cp_on_chip_3=33000|cp_on_chip_4=34000|rf2_therm=31000|rf1_therm=32000|ISP=33000|TPU=34000|AUR=34000|rfpa_therm=30281|quiet_therm=30637|charging_therm=32039|,ok,39000,36000,0,36000,1,batched,touched,4096,512,23,1,525960,512,47323,0,4,4,ok
1,3,nvhe,4,648000,1221000,36000,36000,BIG=34000|MID=35000|usb_pwr_therm=29435|btmspkr_therm=29368|disp_therm=29346|north_therm=29613|soc_therm=31972|battery=29300|battery_cycle=5|dc-mains=33000|usbc-therm-adc=325|max77779fg=29300|LITTLE=35000|soc=1|smpl_gm=0|vdroop1=0|batoilo=0|batoilo2=0|batt_vs=29300|mdis_morepower=0|thb_hda=51|cp_on_chip_0=34000|cp_on_chip_1=36000|G3D=34000|cp_on_chip_2=36000|cp_on_chip_3=33000|cp_on_chip_4=34000|rf2_therm=31000|rf1_therm=32000|ISP=33000|TPU=34000|AUR=34000|rfpa_therm=30281|quiet_therm=30637|charging_therm=32039|,BIG=35000|MID=36000|usb_pwr_therm=29435|btmspkr_therm=29368|disp_therm=29346|north_therm=29613|soc_therm=31972|battery=29300|battery_cycle=5|dc-mains=32500|usbc-therm-adc=325|max77779fg=29300|LITTLE=35000|soc=1|smpl_gm=0|vdroop1=0|batoilo=0|batoilo2=0|batt_vs=29300|mdis_morepower=0|thb_hda=51|cp_on_chip_0=34000|cp_on_chip_1=36000|G3D=34000|cp_on_chip_2=36000|cp_on_chip_3=33000|cp_on_chip_4=34000|rf2_therm=31000|rf1_therm=32000|ISP=33000|TPU=34000|AUR=34000|rfpa_therm=30281|quiet_therm=30637|charging_therm=32039|,ok,39000,36000,0,36000,1,batched,touched,4096,512,24,1,524251,512,47811,0,4,4,ok
1,3,nvhe,4,648000,1221000,36000,36000,BIG=34000|MID=35000|usb_pwr_therm=29435|btmspkr_therm=29368|disp_therm=29346|north_therm=29613|soc_therm=31972|battery=29300|battery_cycle=5|dc-mains=33000|usbc-therm-adc=325|max77779fg=29300|LITTLE=35000|soc=1|smpl_gm=0|vdroop1=0|batoilo=0|batoilo2=0|batt_vs=29300|mdis_morepower=0|thb_hda=51|cp_on_chip_0=34000|cp_on_chip_1=36000|G3D=34000|cp_on_chip_2=36000|cp_on_chip_3=33000|cp_on_chip_4=34000|rf2_therm=31000|rf1_therm=32000|ISP=33000|TPU=34000|AUR=34000|rfpa_therm=30281|quiet_therm=30637|charging_therm=32039|,BIG=35000|MID=36000|usb_pwr_therm=29435|btmspkr_therm=29368|disp_therm=29346|north_therm=29613|soc_therm=31972|battery=29300|battery_cycle=5|dc-mains=32500|usbc-therm-adc=325|max77779fg=29300|LITTLE=35000|soc=1|smpl_gm=0|vdroop1=0|batoilo=0|batoilo2=0|batt_vs=29300|mdis_morepower=0|thb_hda=51|cp_on_chip_0=34000|cp_on_chip_1=36000|G3D=34000|cp_on_chip_2=36000|cp_on_chip_3=33000|cp_on_chip_4=34000|rf2_therm=31000|rf1_therm=32000|ISP=33000|TPU=34000|AUR=34000|rfpa_therm=30281|quiet_therm=30637|charging_therm=32039|,ok,39000,36000,0,36000,1,batched,touched,4096,512,25,1,519247,512,47322,0,4,4,ok
1,3,nvhe,4,648000,1221000,36000,36000,BIG=34000|MID=35000|usb_pwr_therm=29435|btmspkr_therm=29368|disp_therm=29346|north_therm=29613|soc_therm=31972|battery=29300|battery_cycle=5|dc-mains=33000|usbc-therm-adc=325|max77779fg=29300|LITTLE=35000|soc=1|smpl_gm=0|vdroop1=0|batoilo=0|batoilo2=0|batt_vs=29300|mdis_morepower=0|thb_hda=51|cp_on_chip_0=34000|cp_on_chip_1=36000|G3D=34000|cp_on_chip_2=36000|cp_on_chip_3=33000|cp_on_chip_4=34000|rf2_therm=31000|rf1_therm=32000|ISP=33000|TPU=34000|AUR=34000|rfpa_therm=30281|quiet_therm=30637|charging_therm=32039|,BIG=35000|MID=36000|usb_pwr_therm=29435|btmspkr_therm=29368|disp_therm=29346|north_therm=29613|soc_therm=31972|battery=29300|battery_cycle=5|dc-mains=32500|usbc-therm-adc=325|max77779fg=29300|LITTLE=35000|soc=1|smpl_gm=0|vdroop1=0|batoilo=0|batoilo2=0|batt_vs=29300|mdis_morepower=0|thb_hda=51|cp_on_chip_0=34000|cp_on_chip_1=36000|G3D=34000|cp_on_chip_2=36000|cp_on_chip_3=33000|cp_on_chip_4=34000|rf2_therm=31000|rf1_therm=32000|ISP=33000|TPU=34000|AUR=34000|rfpa_therm=30281|quiet_therm=30637|charging_therm=32039|,ok,39000,36000,0,36000,1,batched,touched,4096,512,26,1,530437,512,47200,0,4,4,ok
1,3,nvhe,4,648000,1221000,36000,36000,BIG=34000|MID=35000|usb_pwr_therm=29435|btmspkr_therm=29368|disp_therm=29346|north_therm=29613|soc_therm=31972|battery=29300|battery_cycle=5|dc-mains=33000|usbc-therm-adc=325|max77779fg=29300|LITTLE=35000|soc=1|smpl_gm=0|vdroop1=0|batoilo=0|batoilo2=0|batt_vs=29300|mdis_morepower=0|thb_hda=51|cp_on_chip_0=34000|cp_on_chip_1=36000|G3D=34000|cp_on_chip_2=36000|cp_on_chip_3=33000|cp_on_chip_4=34000|rf2_therm=31000|rf1_therm=32000|ISP=33000|TPU=34000|AUR=34000|rfpa_therm=30281|quiet_therm=30637|charging_therm=32039|,BIG=35000|MID=36000|usb_pwr_therm=29435|btmspkr_therm=29368|disp_therm=29346|north_therm=29613|soc_therm=31972|battery=29300|battery_cycle=5|dc-mains=32500|usbc-therm-adc=325|max77779fg=29300|LITTLE=35000|soc=1|smpl_gm=0|vdroop1=0|batoilo=0|batoilo2=0|batt_vs=29300|mdis_morepower=0|thb_hda=51|cp_on_chip_0=34000|cp_on_chip_1=36000|G3D=34000|cp_on_chip_2=36000|cp_on_chip_3=33000|cp_on_chip_4=34000|rf2_therm=31000|rf1_therm=32000|ISP=33000|TPU=34000|AUR=34000|rfpa_therm=30281|quiet_therm=30637|charging_therm=32039|,ok,39000,36000,0,36000,1,batched,touched,4096,512,27,1,610800,512,55623,0,4,4,ok
1,3,nvhe,4,648000,1221000,36000,36000,BIG=34000|MID=35000|usb_pwr_therm=29435|btmspkr_therm=29368|disp_therm=29346|north_therm=29613|soc_therm=31972|battery=29300|battery_cycle=5|dc-mains=33000|usbc-therm-adc=325|max77779fg=29300|LITTLE=35000|soc=1|smpl_gm=0|vdroop1=0|batoilo=0|batoilo2=0|batt_vs=29300|mdis_morepower=0|thb_hda=51|cp_on_chip_0=34000|cp_on_chip_1=36000|G3D=34000|cp_on_chip_2=36000|cp_on_chip_3=33000|cp_on_chip_4=34000|rf2_therm=31000|rf1_therm=32000|ISP=33000|TPU=34000|AUR=34000|rfpa_therm=30281|quiet_therm=30637|charging_therm=32039|,BIG=35000|MID=36000|usb_pwr_therm=29435|btmspkr_therm=29368|disp_therm=29346|north_therm=29613|soc_therm=31972|battery=29300|battery_cycle=5|dc-mains=32500|usbc-therm-adc=325|max77779fg=29300|LITTLE=35000|soc=1|smpl_gm=0|vdroop1=0|batoilo=0|batoilo2=0|batt_vs=29300|mdis_morepower=0|thb_hda=51|cp_on_chip_0=34000|cp_on_chip_1=36000|G3D=34000|cp_on_chip_2=36000|cp_on_chip_3=33000|cp_on_chip_4=34000|rf2_therm=31000|rf1_therm=32000|ISP=33000|TPU=34000|AUR=34000|rfpa_therm=30281|quiet_therm=30637|charging_therm=32039|,ok,39000,36000,0,36000,1,batched,touched,4096,512,28,1,501302,512,46956,0,4,4,ok
1,3,nvhe,4,648000,1221000,36000,36000,BIG=34000|MID=35000|usb_pwr_therm=29435|btmspkr_therm=29368|disp_therm=29346|north_therm=29613|soc_therm=31972|battery=29300|battery_cycle=5|dc-mains=33000|usbc-therm-adc=325|max77779fg=29300|LITTLE=35000|soc=1|smpl_gm=0|vdroop1=0|batoilo=0|batoilo2=0|batt_vs=29300|mdis_morepower=0|thb_hda=51|cp_on_chip_0=34000|cp_on_chip_1=36000|G3D=34000|cp_on_chip_2=36000|cp_on_chip_3=33000|cp_on_chip_4=34000|rf2_therm=31000|rf1_therm=32000|ISP=33000|TPU=34000|AUR=34000|rfpa_therm=30281|quiet_therm=30637|charging_therm=32039|,BIG=35000|MID=36000|usb_pwr_therm=29435|btmspkr_therm=29368|disp_therm=29346|north_therm=29613|soc_therm=31972|battery=29300|battery_cycle=5|dc-mains=32500|usbc-therm-adc=325|max77779fg=29300|LITTLE=35000|soc=1|smpl_gm=0|vdroop1=0|batoilo=0|batoilo2=0|batt_vs=29300|mdis_morepower=0|thb_hda=51|cp_on_chip_0=34000|cp_on_chip_1=36000|G3D=34000|cp_on_chip_2=36000|cp_on_chip_3=33000|cp_on_chip_4=34000|rf2_therm=31000|rf1_therm=32000|ISP=33000|TPU=34000|AUR=34000|rfpa_therm=30281|quiet_therm=30637|charging_therm=32039|,ok,39000,36000,0,36000,1,batched,touched,4096,512,29,1,469401,512,46712,0,4,4,ok
1,4,nvhe,4,578000,578000,36000,37000,BIG=35000|MID=36000|usb_pwr_therm=29435|btmspkr_therm=29368|disp_therm=29346|north_therm=29613|soc_therm=32039|battery=29300|battery_cycle=5|dc-mains=33000|usbc-therm-adc=325|max77779fg=29300|LITTLE=35000|soc=1|smpl_gm=0|vdroop1=0|batoilo=0|batoilo2=0|batt_vs=29300|mdis_morepower=0|thb_hda=51|cp_on_chip_0=34000|cp_on_chip_1=36000|G3D=34000|cp_on_chip_2=36000|cp_on_chip_3=33000|cp_on_chip_4=34000|rf2_therm=31000|rf1_therm=32000|ISP=33000|TPU=34000|AUR=34000|rfpa_therm=30281|quiet_therm=30659|charging_therm=32084|,BIG=35000|MID=36000|usb_pwr_therm=29435|btmspkr_therm=29368|disp_therm=29346|north_therm=29613|soc_therm=32128|battery=29300|battery_cycle=5|dc-mains=32500|usbc-therm-adc=325|max77779fg=29300|LITTLE=36000|soc=1|smpl_gm=0|vdroop1=0|batoilo=0|batoilo2=0|batt_vs=29300|mdis_morepower=0|thb_hda=51|cp_on_chip_0=34000|cp_on_chip_1=36000|G3D=34000|cp_on_chip_2=36000|cp_on_chip_3=33000|cp_on_chip_4=34000|rf2_therm=31000|rf1_therm=32000|ISP=33000|TPU=34000|AUR=34000|rfpa_therm=30281|quiet_therm=30681|charging_therm=32128|,ok,39000,36000,0,36000,1,batched,touched,4096,8192,0,1,27819906,8192,5701172,0,4,4,ok
1,4,nvhe,4,578000,578000,36000,37000,BIG=35000|MID=36000|usb_pwr_therm=29435|btmspkr_therm=29368|disp_therm=29346|north_therm=29613|soc_therm=32039|battery=29300|battery_cycle=5|dc-mains=33000|usbc-therm-adc=325|max77779fg=29300|LITTLE=35000|soc=1|smpl_gm=0|vdroop1=0|batoilo=0|batoilo2=0|batt_vs=29300|mdis_morepower=0|thb_hda=51|cp_on_chip_0=34000|cp_on_chip_1=36000|G3D=34000|cp_on_chip_2=36000|cp_on_chip_3=33000|cp_on_chip_4=34000|rf2_therm=31000|rf1_therm=32000|ISP=33000|TPU=34000|AUR=34000|rfpa_therm=30281|quiet_therm=30659|charging_therm=32084|,BIG=35000|MID=36000|usb_pwr_therm=29435|btmspkr_therm=29368|disp_therm=29346|north_therm=29613|soc_therm=32128|battery=29300|battery_cycle=5|dc-mains=32500|usbc-therm-adc=325|max77779fg=29300|LITTLE=36000|soc=1|smpl_gm=0|vdroop1=0|batoilo=0|batoilo2=0|batt_vs=29300|mdis_morepower=0|thb_hda=51|cp_on_chip_0=34000|cp_on_chip_1=36000|G3D=34000|cp_on_chip_2=36000|cp_on_chip_3=33000|cp_on_chip_4=34000|rf2_therm=31000|rf1_therm=32000|ISP=33000|TPU=34000|AUR=34000|rfpa_therm=30281|quiet_therm=30681|charging_therm=32128|,ok,39000,36000,0,36000,1,batched,touched,4096,8192,1,1,16146118,8192,2787150,0,4,4,ok
1,4,nvhe,4,578000,578000,36000,37000,BIG=35000|MID=36000|usb_pwr_therm=29435|btmspkr_therm=29368|disp_therm=29346|north_therm=29613|soc_therm=32039|battery=29300|battery_cycle=5|dc-mains=33000|usbc-therm-adc=325|max77779fg=29300|LITTLE=35000|soc=1|smpl_gm=0|vdroop1=0|batoilo=0|batoilo2=0|batt_vs=29300|mdis_morepower=0|thb_hda=51|cp_on_chip_0=34000|cp_on_chip_1=36000|G3D=34000|cp_on_chip_2=36000|cp_on_chip_3=33000|cp_on_chip_4=34000|rf2_therm=31000|rf1_therm=32000|ISP=33000|TPU=34000|AUR=34000|rfpa_therm=30281|quiet_therm=30659|charging_therm=32084|,BIG=35000|MID=36000|usb_pwr_therm=29435|btmspkr_therm=29368|disp_therm=29346|north_therm=29613|soc_therm=32128|battery=29300|battery_cycle=5|dc-mains=32500|usbc-therm-adc=325|max77779fg=29300|LITTLE=36000|soc=1|smpl_gm=0|vdroop1=0|batoilo=0|batoilo2=0|batt_vs=29300|mdis_morepower=0|thb_hda=51|cp_on_chip_0=34000|cp_on_chip_1=36000|G3D=34000|cp_on_chip_2=36000|cp_on_chip_3=33000|cp_on_chip_4=34000|rf2_therm=31000|rf1_therm=32000|ISP=33000|TPU=34000|AUR=34000|rfpa_therm=30281|quiet_therm=30681|charging_therm=32128|,ok,39000,36000,0,36000,1,batched,touched,4096,8192,2,1,13453939,8192,2858398,0,4,4,ok
1,4,nvhe,4,578000,578000,36000,37000,BIG=35000|MID=36000|usb_pwr_therm=29435|btmspkr_therm=29368|disp_therm=29346|north_therm=29613|soc_therm=32039|battery=29300|battery_cycle=5|dc-mains=33000|usbc-therm-adc=325|max77779fg=29300|LITTLE=35000|soc=1|smpl_gm=0|vdroop1=0|batoilo=0|batoilo2=0|batt_vs=29300|mdis_morepower=0|thb_hda=51|cp_on_chip_0=34000|cp_on_chip_1=36000|G3D=34000|cp_on_chip_2=36000|cp_on_chip_3=33000|cp_on_chip_4=34000|rf2_therm=31000|rf1_therm=32000|ISP=33000|TPU=34000|AUR=34000|rfpa_therm=30281|quiet_therm=30659|charging_therm=32084|,BIG=35000|MID=36000|usb_pwr_therm=29435|btmspkr_therm=29368|disp_therm=29346|north_therm=29613|soc_therm=32128|battery=29300|battery_cycle=5|dc-mains=32500|usbc-therm-adc=325|max77779fg=29300|LITTLE=36000|soc=1|smpl_gm=0|vdroop1=0|batoilo=0|batoilo2=0|batt_vs=29300|mdis_morepower=0|thb_hda=51|cp_on_chip_0=34000|cp_on_chip_1=36000|G3D=34000|cp_on_chip_2=36000|cp_on_chip_3=33000|cp_on_chip_4=34000|rf2_therm=31000|rf1_therm=32000|ISP=33000|TPU=34000|AUR=34000|rfpa_therm=30281|quiet_therm=30681|charging_therm=32128|,ok,39000,36000,0,36000,1,batched,touched,4096,8192,3,1,12961263,8192,2287394,0,4,4,ok
1,4,nvhe,4,578000,578000,36000,37000,BIG=35000|MID=36000|usb_pwr_therm=29435|btmspkr_therm=29368|disp_therm=29346|north_therm=29613|soc_therm=32039|battery=29300|battery_cycle=5|dc-mains=33000|usbc-therm-adc=325|max77779fg=29300|LITTLE=35000|soc=1|smpl_gm=0|vdroop1=0|batoilo=0|batoilo2=0|batt_vs=29300|mdis_morepower=0|thb_hda=51|cp_on_chip_0=34000|cp_on_chip_1=36000|G3D=34000|cp_on_chip_2=36000|cp_on_chip_3=33000|cp_on_chip_4=34000|rf2_therm=31000|rf1_therm=32000|ISP=33000|TPU=34000|AUR=34000|rfpa_therm=30281|quiet_therm=30659|charging_therm=32084|,BIG=35000|MID=36000|usb_pwr_therm=29435|btmspkr_therm=29368|disp_therm=29346|north_therm=29613|soc_therm=32128|battery=29300|battery_cycle=5|dc-mains=32500|usbc-therm-adc=325|max77779fg=29300|LITTLE=36000|soc=1|smpl_gm=0|vdroop1=0|batoilo=0|batoilo2=0|batt_vs=29300|mdis_morepower=0|thb_hda=51|cp_on_chip_0=34000|cp_on_chip_1=36000|G3D=34000|cp_on_chip_2=36000|cp_on_chip_3=33000|cp_on_chip_4=34000|rf2_therm=31000|rf1_therm=32000|ISP=33000|TPU=34000|AUR=34000|rfpa_therm=30281|quiet_therm=30681|charging_therm=32128|,ok,39000,36000,0,36000,1,batched,touched,4096,8192,4,1,9222412,8192,1441895,0,4,4,ok
1,4,nvhe,4,578000,578000,36000,37000,BIG=35000|MID=36000|usb_pwr_therm=29435|btmspkr_therm=29368|disp_therm=29346|north_therm=29613|soc_therm=32039|battery=29300|battery_cycle=5|dc-mains=33000|usbc-therm-adc=325|max77779fg=29300|LITTLE=35000|soc=1|smpl_gm=0|vdroop1=0|batoilo=0|batoilo2=0|batt_vs=29300|mdis_morepower=0|thb_hda=51|cp_on_chip_0=34000|cp_on_chip_1=36000|G3D=34000|cp_on_chip_2=36000|cp_on_chip_3=33000|cp_on_chip_4=34000|rf2_therm=31000|rf1_therm=32000|ISP=33000|TPU=34000|AUR=34000|rfpa_therm=30281|quiet_therm=30659|charging_therm=32084|,BIG=35000|MID=36000|usb_pwr_therm=29435|btmspkr_therm=29368|disp_therm=29346|north_therm=29613|soc_therm=32128|battery=29300|battery_cycle=5|dc-mains=32500|usbc-therm-adc=325|max77779fg=29300|LITTLE=36000|soc=1|smpl_gm=0|vdroop1=0|batoilo=0|batoilo2=0|batt_vs=29300|mdis_morepower=0|thb_hda=51|cp_on_chip_0=34000|cp_on_chip_1=36000|G3D=34000|cp_on_chip_2=36000|cp_on_chip_3=33000|cp_on_chip_4=34000|rf2_therm=31000|rf1_therm=32000|ISP=33000|TPU=34000|AUR=34000|rfpa_therm=30281|quiet_therm=30681|charging_therm=32128|,ok,39000,36000,0,36000,1,batched,touched,4096,8192,5,1,8343587,8192,1443644,0,4,4,ok
1,4,nvhe,4,578000,578000,36000,37000,BIG=35000|MID=36000|usb_pwr_therm=29435|btmspkr_therm=29368|disp_therm=29346|north_therm=29613|soc_therm=32039|battery=29300|battery_cycle=5|dc-mains=33000|usbc-therm-adc=325|max77779fg=29300|LITTLE=35000|soc=1|smpl_gm=0|vdroop1=0|batoilo=0|batoilo2=0|batt_vs=29300|mdis_morepower=0|thb_hda=51|cp_on_chip_0=34000|cp_on_chip_1=36000|G3D=34000|cp_on_chip_2=36000|cp_on_chip_3=33000|cp_on_chip_4=34000|rf2_therm=31000|rf1_therm=32000|ISP=33000|TPU=34000|AUR=34000|rfpa_therm=30281|quiet_therm=30659|charging_therm=32084|,BIG=35000|MID=36000|usb_pwr_therm=29435|btmspkr_therm=29368|disp_therm=29346|north_therm=29613|soc_therm=32128|battery=29300|battery_cycle=5|dc-mains=32500|usbc-therm-adc=325|max77779fg=29300|LITTLE=36000|soc=1|smpl_gm=0|vdroop1=0|batoilo=0|batoilo2=0|batt_vs=29300|mdis_morepower=0|thb_hda=51|cp_on_chip_0=34000|cp_on_chip_1=36000|G3D=34000|cp_on_chip_2=36000|cp_on_chip_3=33000|cp_on_chip_4=34000|rf2_therm=31000|rf1_therm=32000|ISP=33000|TPU=34000|AUR=34000|rfpa_therm=30281|quiet_therm=30681|charging_therm=32128|,ok,39000,36000,0,36000,1,batched,touched,4096,8192,6,1,7760417,8192,1268270,0,4,4,ok
1,4,nvhe,4,578000,578000,36000,37000,BIG=35000|MID=36000|usb_pwr_therm=29435|btmspkr_therm=29368|disp_therm=29346|north_therm=29613|soc_therm=32039|battery=29300|battery_cycle=5|dc-mains=33000|usbc-therm-adc=325|max77779fg=29300|LITTLE=35000|soc=1|smpl_gm=0|vdroop1=0|batoilo=0|batoilo2=0|batt_vs=29300|mdis_morepower=0|thb_hda=51|cp_on_chip_0=34000|cp_on_chip_1=36000|G3D=34000|cp_on_chip_2=36000|cp_on_chip_3=33000|cp_on_chip_4=34000|rf2_therm=31000|rf1_therm=32000|ISP=33000|TPU=34000|AUR=34000|rfpa_therm=30281|quiet_therm=30659|charging_therm=32084|,BIG=35000|MID=36000|usb_pwr_therm=29435|btmspkr_therm=29368|disp_therm=29346|north_therm=29613|soc_therm=32128|battery=29300|battery_cycle=5|dc-mains=32500|usbc-therm-adc=325|max77779fg=29300|LITTLE=36000|soc=1|smpl_gm=0|vdroop1=0|batoilo=0|batoilo2=0|batt_vs=29300|mdis_morepower=0|thb_hda=51|cp_on_chip_0=34000|cp_on_chip_1=36000|G3D=34000|cp_on_chip_2=36000|cp_on_chip_3=33000|cp_on_chip_4=34000|rf2_therm=31000|rf1_therm=32000|ISP=33000|TPU=34000|AUR=34000|rfpa_therm=30281|quiet_therm=30681|charging_therm=32128|,ok,39000,36000,0,36000,1,batched,touched,4096,8192,7,1,7562011,8192,1085571,0,4,4,ok
1,4,nvhe,4,578000,578000,36000,37000,BIG=35000|MID=36000|usb_pwr_therm=29435|btmspkr_therm=29368|disp_therm=29346|north_therm=29613|soc_therm=32039|battery=29300|battery_cycle=5|dc-mains=33000|usbc-therm-adc=325|max77779fg=29300|LITTLE=35000|soc=1|smpl_gm=0|vdroop1=0|batoilo=0|batoilo2=0|batt_vs=29300|mdis_morepower=0|thb_hda=51|cp_on_chip_0=34000|cp_on_chip_1=36000|G3D=34000|cp_on_chip_2=36000|cp_on_chip_3=33000|cp_on_chip_4=34000|rf2_therm=31000|rf1_therm=32000|ISP=33000|TPU=34000|AUR=34000|rfpa_therm=30281|quiet_therm=30659|charging_therm=32084|,BIG=35000|MID=36000|usb_pwr_therm=29435|btmspkr_therm=29368|disp_therm=29346|north_therm=29613|soc_therm=32128|battery=29300|battery_cycle=5|dc-mains=32500|usbc-therm-adc=325|max77779fg=29300|LITTLE=36000|soc=1|smpl_gm=0|vdroop1=0|batoilo=0|batoilo2=0|batt_vs=29300|mdis_morepower=0|thb_hda=51|cp_on_chip_0=34000|cp_on_chip_1=36000|G3D=34000|cp_on_chip_2=36000|cp_on_chip_3=33000|cp_on_chip_4=34000|rf2_therm=31000|rf1_therm=32000|ISP=33000|TPU=34000|AUR=34000|rfpa_therm=30281|quiet_therm=30681|charging_therm=32128|,ok,39000,36000,0,36000,1,batched,touched,4096,8192,8,1,7726888,8192,1030274,0,4,4,ok
1,4,nvhe,4,578000,578000,36000,37000,BIG=35000|MID=36000|usb_pwr_therm=29435|btmspkr_therm=29368|disp_therm=29346|north_therm=29613|soc_therm=32039|battery=29300|battery_cycle=5|dc-mains=33000|usbc-therm-adc=325|max77779fg=29300|LITTLE=35000|soc=1|smpl_gm=0|vdroop1=0|batoilo=0|batoilo2=0|batt_vs=29300|mdis_morepower=0|thb_hda=51|cp_on_chip_0=34000|cp_on_chip_1=36000|G3D=34000|cp_on_chip_2=36000|cp_on_chip_3=33000|cp_on_chip_4=34000|rf2_therm=31000|rf1_therm=32000|ISP=33000|TPU=34000|AUR=34000|rfpa_therm=30281|quiet_therm=30659|charging_therm=32084|,BIG=35000|MID=36000|usb_pwr_therm=29435|btmspkr_therm=29368|disp_therm=29346|north_therm=29613|soc_therm=32128|battery=29300|battery_cycle=5|dc-mains=32500|usbc-therm-adc=325|max77779fg=29300|LITTLE=36000|soc=1|smpl_gm=0|vdroop1=0|batoilo=0|batoilo2=0|batt_vs=29300|mdis_morepower=0|thb_hda=51|cp_on_chip_0=34000|cp_on_chip_1=36000|G3D=34000|cp_on_chip_2=36000|cp_on_chip_3=33000|cp_on_chip_4=34000|rf2_therm=31000|rf1_therm=32000|ISP=33000|TPU=34000|AUR=34000|rfpa_therm=30281|quiet_therm=30681|charging_therm=32128|,ok,39000,36000,0,36000,1,batched,touched,4096,8192,9,1,7556925,8192,1010376,0,4,4,ok
1,4,nvhe,4,578000,578000,36000,37000,BIG=35000|MID=36000|usb_pwr_therm=29435|btmspkr_therm=29368|disp_therm=29346|north_therm=29613|soc_therm=32039|battery=29300|battery_cycle=5|dc-mains=33000|usbc-therm-adc=325|max77779fg=29300|LITTLE=35000|soc=1|smpl_gm=0|vdroop1=0|batoilo=0|batoilo2=0|batt_vs=29300|mdis_morepower=0|thb_hda=51|cp_on_chip_0=34000|cp_on_chip_1=36000|G3D=34000|cp_on_chip_2=36000|cp_on_chip_3=33000|cp_on_chip_4=34000|rf2_therm=31000|rf1_therm=32000|ISP=33000|TPU=34000|AUR=34000|rfpa_therm=30281|quiet_therm=30659|charging_therm=32084|,BIG=35000|MID=36000|usb_pwr_therm=29435|btmspkr_therm=29368|disp_therm=29346|north_therm=29613|soc_therm=32128|battery=29300|battery_cycle=5|dc-mains=32500|usbc-therm-adc=325|max77779fg=29300|LITTLE=36000|soc=1|smpl_gm=0|vdroop1=0|batoilo=0|batoilo2=0|batt_vs=29300|mdis_morepower=0|thb_hda=51|cp_on_chip_0=34000|cp_on_chip_1=36000|G3D=34000|cp_on_chip_2=36000|cp_on_chip_3=33000|cp_on_chip_4=34000|rf2_therm=31000|rf1_therm=32000|ISP=33000|TPU=34000|AUR=34000|rfpa_therm=30281|quiet_therm=30681|charging_therm=32128|,ok,39000,36000,0,36000,1,batched,touched,4096,8192,10,1,7670003,8192,1037801,0,4,4,ok
1,4,nvhe,4,578000,578000,36000,37000,BIG=35000|MID=36000|usb_pwr_therm=29435|btmspkr_therm=29368|disp_therm=29346|north_therm=29613|soc_therm=32039|battery=29300|battery_cycle=5|dc-mains=33000|usbc-therm-adc=325|max77779fg=29300|LITTLE=35000|soc=1|smpl_gm=0|vdroop1=0|batoilo=0|batoilo2=0|batt_vs=29300|mdis_morepower=0|thb_hda=51|cp_on_chip_0=34000|cp_on_chip_1=36000|G3D=34000|cp_on_chip_2=36000|cp_on_chip_3=33000|cp_on_chip_4=34000|rf2_therm=31000|rf1_therm=32000|ISP=33000|TPU=34000|AUR=34000|rfpa_therm=30281|quiet_therm=30659|charging_therm=32084|,BIG=35000|MID=36000|usb_pwr_therm=29435|btmspkr_therm=29368|disp_therm=29346|north_therm=29613|soc_therm=32128|battery=29300|battery_cycle=5|dc-mains=32500|usbc-therm-adc=325|max77779fg=29300|LITTLE=36000|soc=1|smpl_gm=0|vdroop1=0|batoilo=0|batoilo2=0|batt_vs=29300|mdis_morepower=0|thb_hda=51|cp_on_chip_0=34000|cp_on_chip_1=36000|G3D=34000|cp_on_chip_2=36000|cp_on_chip_3=33000|cp_on_chip_4=34000|rf2_therm=31000|rf1_therm=32000|ISP=33000|TPU=34000|AUR=34000|rfpa_therm=30281|quiet_therm=30681|charging_therm=32128|,ok,39000,36000,0,36000,1,batched,touched,4096,8192,11,1,7696371,8192,1009928,0,4,4,ok
1,4,nvhe,4,578000,578000,36000,37000,BIG=35000|MID=36000|usb_pwr_therm=29435|btmspkr_therm=29368|disp_therm=29346|north_therm=29613|soc_therm=32039|battery=29300|battery_cycle=5|dc-mains=33000|usbc-therm-adc=325|max77779fg=29300|LITTLE=35000|soc=1|smpl_gm=0|vdroop1=0|batoilo=0|batoilo2=0|batt_vs=29300|mdis_morepower=0|thb_hda=51|cp_on_chip_0=34000|cp_on_chip_1=36000|G3D=34000|cp_on_chip_2=36000|cp_on_chip_3=33000|cp_on_chip_4=34000|rf2_therm=31000|rf1_therm=32000|ISP=33000|TPU=34000|AUR=34000|rfpa_therm=30281|quiet_therm=30659|charging_therm=32084|,BIG=35000|MID=36000|usb_pwr_therm=29435|btmspkr_therm=29368|disp_therm=29346|north_therm=29613|soc_therm=32128|battery=29300|battery_cycle=5|dc-mains=32500|usbc-therm-adc=325|max77779fg=29300|LITTLE=36000|soc=1|smpl_gm=0|vdroop1=0|batoilo=0|batoilo2=0|batt_vs=29300|mdis_morepower=0|thb_hda=51|cp_on_chip_0=34000|cp_on_chip_1=36000|G3D=34000|cp_on_chip_2=36000|cp_on_chip_3=33000|cp_on_chip_4=34000|rf2_therm=31000|rf1_therm=32000|ISP=33000|TPU=34000|AUR=34000|rfpa_therm=30281|quiet_therm=30681|charging_therm=32128|,ok,39000,36000,0,36000,1,batched,touched,4096,8192,12,1,7687215,8192,986003,0,4,4,ok
1,4,nvhe,4,578000,578000,36000,37000,BIG=35000|MID=36000|usb_pwr_therm=29435|btmspkr_therm=29368|disp_therm=29346|north_therm=29613|soc_therm=32039|battery=29300|battery_cycle=5|dc-mains=33000|usbc-therm-adc=325|max77779fg=29300|LITTLE=35000|soc=1|smpl_gm=0|vdroop1=0|batoilo=0|batoilo2=0|batt_vs=29300|mdis_morepower=0|thb_hda=51|cp_on_chip_0=34000|cp_on_chip_1=36000|G3D=34000|cp_on_chip_2=36000|cp_on_chip_3=33000|cp_on_chip_4=34000|rf2_therm=31000|rf1_therm=32000|ISP=33000|TPU=34000|AUR=34000|rfpa_therm=30281|quiet_therm=30659|charging_therm=32084|,BIG=35000|MID=36000|usb_pwr_therm=29435|btmspkr_therm=29368|disp_therm=29346|north_therm=29613|soc_therm=32128|battery=29300|battery_cycle=5|dc-mains=32500|usbc-therm-adc=325|max77779fg=29300|LITTLE=36000|soc=1|smpl_gm=0|vdroop1=0|batoilo=0|batoilo2=0|batt_vs=29300|mdis_morepower=0|thb_hda=51|cp_on_chip_0=34000|cp_on_chip_1=36000|G3D=34000|cp_on_chip_2=36000|cp_on_chip_3=33000|cp_on_chip_4=34000|rf2_therm=31000|rf1_therm=32000|ISP=33000|TPU=34000|AUR=34000|rfpa_therm=30281|quiet_therm=30681|charging_therm=32128|,ok,39000,36000,0,36000,1,batched,touched,4096,8192,13,1,7631307,8192,986898,0,4,4,ok
1,4,nvhe,4,578000,578000,36000,37000,BIG=35000|MID=36000|usb_pwr_therm=29435|btmspkr_therm=29368|disp_therm=29346|north_therm=29613|soc_therm=32039|battery=29300|battery_cycle=5|dc-mains=33000|usbc-therm-adc=325|max77779fg=29300|LITTLE=35000|soc=1|smpl_gm=0|vdroop1=0|batoilo=0|batoilo2=0|batt_vs=29300|mdis_morepower=0|thb_hda=51|cp_on_chip_0=34000|cp_on_chip_1=36000|G3D=34000|cp_on_chip_2=36000|cp_on_chip_3=33000|cp_on_chip_4=34000|rf2_therm=31000|rf1_therm=32000|ISP=33000|TPU=34000|AUR=34000|rfpa_therm=30281|quiet_therm=30659|charging_therm=32084|,BIG=35000|MID=36000|usb_pwr_therm=29435|btmspkr_therm=29368|disp_therm=29346|north_therm=29613|soc_therm=32128|battery=29300|battery_cycle=5|dc-mains=32500|usbc-therm-adc=325|max77779fg=29300|LITTLE=36000|soc=1|smpl_gm=0|vdroop1=0|batoilo=0|batoilo2=0|batt_vs=29300|mdis_morepower=0|thb_hda=51|cp_on_chip_0=34000|cp_on_chip_1=36000|G3D=34000|cp_on_chip_2=36000|cp_on_chip_3=33000|cp_on_chip_4=34000|rf2_therm=31000|rf1_therm=32000|ISP=33000|TPU=34000|AUR=34000|rfpa_therm=30281|quiet_therm=30681|charging_therm=32128|,ok,39000,36000,0,36000,1,batched,touched,4096,8192,14,1,7492960,8192,942017,0,4,4,ok
1,4,nvhe,4,578000,578000,36000,37000,BIG=35000|MID=36000|usb_pwr_therm=29435|btmspkr_therm=29368|disp_therm=29346|north_therm=29613|soc_therm=32039|battery=29300|battery_cycle=5|dc-mains=33000|usbc-therm-adc=325|max77779fg=29300|LITTLE=35000|soc=1|smpl_gm=0|vdroop1=0|batoilo=0|batoilo2=0|batt_vs=29300|mdis_morepower=0|thb_hda=51|cp_on_chip_0=34000|cp_on_chip_1=36000|G3D=34000|cp_on_chip_2=36000|cp_on_chip_3=33000|cp_on_chip_4=34000|rf2_therm=31000|rf1_therm=32000|ISP=33000|TPU=34000|AUR=34000|rfpa_therm=30281|quiet_therm=30659|charging_therm=32084|,BIG=35000|MID=36000|usb_pwr_therm=29435|btmspkr_therm=29368|disp_therm=29346|north_therm=29613|soc_therm=32128|battery=29300|battery_cycle=5|dc-mains=32500|usbc-therm-adc=325|max77779fg=29300|LITTLE=36000|soc=1|smpl_gm=0|vdroop1=0|batoilo=0|batoilo2=0|batt_vs=29300|mdis_morepower=0|thb_hda=51|cp_on_chip_0=34000|cp_on_chip_1=36000|G3D=34000|cp_on_chip_2=36000|cp_on_chip_3=33000|cp_on_chip_4=34000|rf2_therm=31000|rf1_therm=32000|ISP=33000|TPU=34000|AUR=34000|rfpa_therm=30281|quiet_therm=30681|charging_therm=32128|,ok,39000,36000,0,36000,1,batched,touched,4096,8192,15,1,7409791,8192,951823,0,4,4,ok
1,4,nvhe,4,578000,578000,36000,37000,BIG=35000|MID=36000|usb_pwr_therm=29435|btmspkr_therm=29368|disp_therm=29346|north_therm=29613|soc_therm=32039|battery=29300|battery_cycle=5|dc-mains=33000|usbc-therm-adc=325|max77779fg=29300|LITTLE=35000|soc=1|smpl_gm=0|vdroop1=0|batoilo=0|batoilo2=0|batt_vs=29300|mdis_morepower=0|thb_hda=51|cp_on_chip_0=34000|cp_on_chip_1=36000|G3D=34000|cp_on_chip_2=36000|cp_on_chip_3=33000|cp_on_chip_4=34000|rf2_therm=31000|rf1_therm=32000|ISP=33000|TPU=34000|AUR=34000|rfpa_therm=30281|quiet_therm=30659|charging_therm=32084|,BIG=35000|MID=36000|usb_pwr_therm=29435|btmspkr_therm=29368|disp_therm=29346|north_therm=29613|soc_therm=32128|battery=29300|battery_cycle=5|dc-mains=32500|usbc-therm-adc=325|max77779fg=29300|LITTLE=36000|soc=1|smpl_gm=0|vdroop1=0|batoilo=0|batoilo2=0|batt_vs=29300|mdis_morepower=0|thb_hda=51|cp_on_chip_0=34000|cp_on_chip_1=36000|G3D=34000|cp_on_chip_2=36000|cp_on_chip_3=33000|cp_on_chip_4=34000|rf2_therm=31000|rf1_therm=32000|ISP=33000|TPU=34000|AUR=34000|rfpa_therm=30281|quiet_therm=30681|charging_therm=32128|,ok,39000,36000,0,36000,1,batched,touched,4096,8192,16,1,7365356,8192,926148,0,4,4,ok
1,4,nvhe,4,578000,578000,36000,37000,BIG=35000|MID=36000|usb_pwr_therm=29435|btmspkr_therm=29368|disp_therm=29346|north_therm=29613|soc_therm=32039|battery=29300|battery_cycle=5|dc-mains=33000|usbc-therm-adc=325|max77779fg=29300|LITTLE=35000|soc=1|smpl_gm=0|vdroop1=0|batoilo=0|batoilo2=0|batt_vs=29300|mdis_morepower=0|thb_hda=51|cp_on_chip_0=34000|cp_on_chip_1=36000|G3D=34000|cp_on_chip_2=36000|cp_on_chip_3=33000|cp_on_chip_4=34000|rf2_therm=31000|rf1_therm=32000|ISP=33000|TPU=34000|AUR=34000|rfpa_therm=30281|quiet_therm=30659|charging_therm=32084|,BIG=35000|MID=36000|usb_pwr_therm=29435|btmspkr_therm=29368|disp_therm=29346|north_therm=29613|soc_therm=32128|battery=29300|battery_cycle=5|dc-mains=32500|usbc-therm-adc=325|max77779fg=29300|LITTLE=36000|soc=1|smpl_gm=0|vdroop1=0|batoilo=0|batoilo2=0|batt_vs=29300|mdis_morepower=0|thb_hda=51|cp_on_chip_0=34000|cp_on_chip_1=36000|G3D=34000|cp_on_chip_2=36000|cp_on_chip_3=33000|cp_on_chip_4=34000|rf2_therm=31000|rf1_therm=32000|ISP=33000|TPU=34000|AUR=34000|rfpa_therm=30281|quiet_therm=30681|charging_therm=32128|,ok,39000,36000,0,36000,1,batched,touched,4096,8192,17,1,7329794,8192,930786,0,4,4,ok
1,4,nvhe,4,578000,578000,36000,37000,BIG=35000|MID=36000|usb_pwr_therm=29435|btmspkr_therm=29368|disp_therm=29346|north_therm=29613|soc_therm=32039|battery=29300|battery_cycle=5|dc-mains=33000|usbc-therm-adc=325|max77779fg=29300|LITTLE=35000|soc=1|smpl_gm=0|vdroop1=0|batoilo=0|batoilo2=0|batt_vs=29300|mdis_morepower=0|thb_hda=51|cp_on_chip_0=34000|cp_on_chip_1=36000|G3D=34000|cp_on_chip_2=36000|cp_on_chip_3=33000|cp_on_chip_4=34000|rf2_therm=31000|rf1_therm=32000|ISP=33000|TPU=34000|AUR=34000|rfpa_therm=30281|quiet_therm=30659|charging_therm=32084|,BIG=35000|MID=36000|usb_pwr_therm=29435|btmspkr_therm=29368|disp_therm=29346|north_therm=29613|soc_therm=32128|battery=29300|battery_cycle=5|dc-mains=32500|usbc-therm-adc=325|max77779fg=29300|LITTLE=36000|soc=1|smpl_gm=0|vdroop1=0|batoilo=0|batoilo2=0|batt_vs=29300|mdis_morepower=0|thb_hda=51|cp_on_chip_0=34000|cp_on_chip_1=36000|G3D=34000|cp_on_chip_2=36000|cp_on_chip_3=33000|cp_on_chip_4=34000|rf2_therm=31000|rf1_therm=32000|ISP=33000|TPU=34000|AUR=34000|rfpa_therm=30281|quiet_therm=30681|charging_therm=32128|,ok,39000,36000,0,36000,1,batched,touched,4096,8192,18,1,7314941,8192,962158,0,4,4,ok
1,4,nvhe,4,578000,578000,36000,37000,BIG=35000|MID=36000|usb_pwr_therm=29435|btmspkr_therm=29368|disp_therm=29346|north_therm=29613|soc_therm=32039|battery=29300|battery_cycle=5|dc-mains=33000|usbc-therm-adc=325|max77779fg=29300|LITTLE=35000|soc=1|smpl_gm=0|vdroop1=0|batoilo=0|batoilo2=0|batt_vs=29300|mdis_morepower=0|thb_hda=51|cp_on_chip_0=34000|cp_on_chip_1=36000|G3D=34000|cp_on_chip_2=36000|cp_on_chip_3=33000|cp_on_chip_4=34000|rf2_therm=31000|rf1_therm=32000|ISP=33000|TPU=34000|AUR=34000|rfpa_therm=30281|quiet_therm=30659|charging_therm=32084|,BIG=35000|MID=36000|usb_pwr_therm=29435|btmspkr_therm=29368|disp_therm=29346|north_therm=29613|soc_therm=32128|battery=29300|battery_cycle=5|dc-mains=32500|usbc-therm-adc=325|max77779fg=29300|LITTLE=36000|soc=1|smpl_gm=0|vdroop1=0|batoilo=0|batoilo2=0|batt_vs=29300|mdis_morepower=0|thb_hda=51|cp_on_chip_0=34000|cp_on_chip_1=36000|G3D=34000|cp_on_chip_2=36000|cp_on_chip_3=33000|cp_on_chip_4=34000|rf2_therm=31000|rf1_therm=32000|ISP=33000|TPU=34000|AUR=34000|rfpa_therm=30281|quiet_therm=30681|charging_therm=32128|,ok,39000,36000,0,36000,1,batched,touched,4096,8192,19,1,7313436,8192,946289,0,4,4,ok
1,4,nvhe,4,578000,578000,36000,37000,BIG=35000|MID=36000|usb_pwr_therm=29435|btmspkr_therm=29368|disp_therm=29346|north_therm=29613|soc_therm=32039|battery=29300|battery_cycle=5|dc-mains=33000|usbc-therm-adc=325|max77779fg=29300|LITTLE=35000|soc=1|smpl_gm=0|vdroop1=0|batoilo=0|batoilo2=0|batt_vs=29300|mdis_morepower=0|thb_hda=51|cp_on_chip_0=34000|cp_on_chip_1=36000|G3D=34000|cp_on_chip_2=36000|cp_on_chip_3=33000|cp_on_chip_4=34000|rf2_therm=31000|rf1_therm=32000|ISP=33000|TPU=34000|AUR=34000|rfpa_therm=30281|quiet_therm=30659|charging_therm=32084|,BIG=35000|MID=36000|usb_pwr_therm=29435|btmspkr_therm=29368|disp_therm=29346|north_therm=29613|soc_therm=32128|battery=29300|battery_cycle=5|dc-mains=32500|usbc-therm-adc=325|max77779fg=29300|LITTLE=36000|soc=1|smpl_gm=0|vdroop1=0|batoilo=0|batoilo2=0|batt_vs=29300|mdis_morepower=0|thb_hda=51|cp_on_chip_0=34000|cp_on_chip_1=36000|G3D=34000|cp_on_chip_2=36000|cp_on_chip_3=33000|cp_on_chip_4=34000|rf2_therm=31000|rf1_therm=32000|ISP=33000|TPU=34000|AUR=34000|rfpa_therm=30281|quiet_therm=30681|charging_therm=32128|,ok,39000,36000,0,36000,1,batched,touched,4096,8192,20,1,7307535,8192,968383,0,4,4,ok
1,4,nvhe,4,578000,578000,36000,37000,BIG=35000|MID=36000|usb_pwr_therm=29435|btmspkr_therm=29368|disp_therm=29346|north_therm=29613|soc_therm=32039|battery=29300|battery_cycle=5|dc-mains=33000|usbc-therm-adc=325|max77779fg=29300|LITTLE=35000|soc=1|smpl_gm=0|vdroop1=0|batoilo=0|batoilo2=0|batt_vs=29300|mdis_morepower=0|thb_hda=51|cp_on_chip_0=34000|cp_on_chip_1=36000|G3D=34000|cp_on_chip_2=36000|cp_on_chip_3=33000|cp_on_chip_4=34000|rf2_therm=31000|rf1_therm=32000|ISP=33000|TPU=34000|AUR=34000|rfpa_therm=30281|quiet_therm=30659|charging_therm=32084|,BIG=35000|MID=36000|usb_pwr_therm=29435|btmspkr_therm=29368|disp_therm=29346|north_therm=29613|soc_therm=32128|battery=29300|battery_cycle=5|dc-mains=32500|usbc-therm-adc=325|max77779fg=29300|LITTLE=36000|soc=1|smpl_gm=0|vdroop1=0|batoilo=0|batoilo2=0|batt_vs=29300|mdis_morepower=0|thb_hda=51|cp_on_chip_0=34000|cp_on_chip_1=36000|G3D=34000|cp_on_chip_2=36000|cp_on_chip_3=33000|cp_on_chip_4=34000|rf2_therm=31000|rf1_therm=32000|ISP=33000|TPU=34000|AUR=34000|rfpa_therm=30281|quiet_therm=30681|charging_therm=32128|,ok,39000,36000,0,36000,1,batched,touched,4096,8192,21,1,7330282,8192,922282,0,4,4,ok
1,4,nvhe,4,578000,578000,36000,37000,BIG=35000|MID=36000|usb_pwr_therm=29435|btmspkr_therm=29368|disp_therm=29346|north_therm=29613|soc_therm=32039|battery=29300|battery_cycle=5|dc-mains=33000|usbc-therm-adc=325|max77779fg=29300|LITTLE=35000|soc=1|smpl_gm=0|vdroop1=0|batoilo=0|batoilo2=0|batt_vs=29300|mdis_morepower=0|thb_hda=51|cp_on_chip_0=34000|cp_on_chip_1=36000|G3D=34000|cp_on_chip_2=36000|cp_on_chip_3=33000|cp_on_chip_4=34000|rf2_therm=31000|rf1_therm=32000|ISP=33000|TPU=34000|AUR=34000|rfpa_therm=30281|quiet_therm=30659|charging_therm=32084|,BIG=35000|MID=36000|usb_pwr_therm=29435|btmspkr_therm=29368|disp_therm=29346|north_therm=29613|soc_therm=32128|battery=29300|battery_cycle=5|dc-mains=32500|usbc-therm-adc=325|max77779fg=29300|LITTLE=36000|soc=1|smpl_gm=0|vdroop1=0|batoilo=0|batoilo2=0|batt_vs=29300|mdis_morepower=0|thb_hda=51|cp_on_chip_0=34000|cp_on_chip_1=36000|G3D=34000|cp_on_chip_2=36000|cp_on_chip_3=33000|cp_on_chip_4=34000|rf2_therm=31000|rf1_therm=32000|ISP=33000|TPU=34000|AUR=34000|rfpa_therm=30281|quiet_therm=30681|charging_therm=32128|,ok,39000,36000,0,36000,1,batched,touched,4096,8192,22,1,7506144,8192,960246,0,4,4,ok
1,4,nvhe,4,578000,578000,36000,37000,BIG=35000|MID=36000|usb_pwr_therm=29435|btmspkr_therm=29368|disp_therm=29346|north_therm=29613|soc_therm=32039|battery=29300|battery_cycle=5|dc-mains=33000|usbc-therm-adc=325|max77779fg=29300|LITTLE=35000|soc=1|smpl_gm=0|vdroop1=0|batoilo=0|batoilo2=0|batt_vs=29300|mdis_morepower=0|thb_hda=51|cp_on_chip_0=34000|cp_on_chip_1=36000|G3D=34000|cp_on_chip_2=36000|cp_on_chip_3=33000|cp_on_chip_4=34000|rf2_therm=31000|rf1_therm=32000|ISP=33000|TPU=34000|AUR=34000|rfpa_therm=30281|quiet_therm=30659|charging_therm=32084|,BIG=35000|MID=36000|usb_pwr_therm=29435|btmspkr_therm=29368|disp_therm=29346|north_therm=29613|soc_therm=32128|battery=29300|battery_cycle=5|dc-mains=32500|usbc-therm-adc=325|max77779fg=29300|LITTLE=36000|soc=1|smpl_gm=0|vdroop1=0|batoilo=0|batoilo2=0|batt_vs=29300|mdis_morepower=0|thb_hda=51|cp_on_chip_0=34000|cp_on_chip_1=36000|G3D=34000|cp_on_chip_2=36000|cp_on_chip_3=33000|cp_on_chip_4=34000|rf2_therm=31000|rf1_therm=32000|ISP=33000|TPU=34000|AUR=34000|rfpa_therm=30281|quiet_therm=30681|charging_therm=32128|,ok,39000,36000,0,36000,1,batched,touched,4096,8192,23,1,7488525,8192,966837,0,4,4,ok
1,4,nvhe,4,578000,578000,36000,37000,BIG=35000|MID=36000|usb_pwr_therm=29435|btmspkr_therm=29368|disp_therm=29346|north_therm=29613|soc_therm=32039|battery=29300|battery_cycle=5|dc-mains=33000|usbc-therm-adc=325|max77779fg=29300|LITTLE=35000|soc=1|smpl_gm=0|vdroop1=0|batoilo=0|batoilo2=0|batt_vs=29300|mdis_morepower=0|thb_hda=51|cp_on_chip_0=34000|cp_on_chip_1=36000|G3D=34000|cp_on_chip_2=36000|cp_on_chip_3=33000|cp_on_chip_4=34000|rf2_therm=31000|rf1_therm=32000|ISP=33000|TPU=34000|AUR=34000|rfpa_therm=30281|quiet_therm=30659|charging_therm=32084|,BIG=35000|MID=36000|usb_pwr_therm=29435|btmspkr_therm=29368|disp_therm=29346|north_therm=29613|soc_therm=32128|battery=29300|battery_cycle=5|dc-mains=32500|usbc-therm-adc=325|max77779fg=29300|LITTLE=36000|soc=1|smpl_gm=0|vdroop1=0|batoilo=0|batoilo2=0|batt_vs=29300|mdis_morepower=0|thb_hda=51|cp_on_chip_0=34000|cp_on_chip_1=36000|G3D=34000|cp_on_chip_2=36000|cp_on_chip_3=33000|cp_on_chip_4=34000|rf2_therm=31000|rf1_therm=32000|ISP=33000|TPU=34000|AUR=34000|rfpa_therm=30281|quiet_therm=30681|charging_therm=32128|,ok,39000,36000,0,36000,1,batched,touched,4096,8192,24,1,7519735,8192,963948,0,4,4,ok
1,4,nvhe,4,578000,578000,36000,37000,BIG=35000|MID=36000|usb_pwr_therm=29435|btmspkr_therm=29368|disp_therm=29346|north_therm=29613|soc_therm=32039|battery=29300|battery_cycle=5|dc-mains=33000|usbc-therm-adc=325|max77779fg=29300|LITTLE=35000|soc=1|smpl_gm=0|vdroop1=0|batoilo=0|batoilo2=0|batt_vs=29300|mdis_morepower=0|thb_hda=51|cp_on_chip_0=34000|cp_on_chip_1=36000|G3D=34000|cp_on_chip_2=36000|cp_on_chip_3=33000|cp_on_chip_4=34000|rf2_therm=31000|rf1_therm=32000|ISP=33000|TPU=34000|AUR=34000|rfpa_therm=30281|quiet_therm=30659|charging_therm=32084|,BIG=35000|MID=36000|usb_pwr_therm=29435|btmspkr_therm=29368|disp_therm=29346|north_therm=29613|soc_therm=32128|battery=29300|battery_cycle=5|dc-mains=32500|usbc-therm-adc=325|max77779fg=29300|LITTLE=36000|soc=1|smpl_gm=0|vdroop1=0|batoilo=0|batoilo2=0|batt_vs=29300|mdis_morepower=0|thb_hda=51|cp_on_chip_0=34000|cp_on_chip_1=36000|G3D=34000|cp_on_chip_2=36000|cp_on_chip_3=33000|cp_on_chip_4=34000|rf2_therm=31000|rf1_therm=32000|ISP=33000|TPU=34000|AUR=34000|rfpa_therm=30281|quiet_therm=30681|charging_therm=32128|,ok,39000,36000,0,36000,1,batched,touched,4096,8192,25,1,7456624,8192,960205,0,4,4,ok
1,4,nvhe,4,578000,578000,36000,37000,BIG=35000|MID=36000|usb_pwr_therm=29435|btmspkr_therm=29368|disp_therm=29346|north_therm=29613|soc_therm=32039|battery=29300|battery_cycle=5|dc-mains=33000|usbc-therm-adc=325|max77779fg=29300|LITTLE=35000|soc=1|smpl_gm=0|vdroop1=0|batoilo=0|batoilo2=0|batt_vs=29300|mdis_morepower=0|thb_hda=51|cp_on_chip_0=34000|cp_on_chip_1=36000|G3D=34000|cp_on_chip_2=36000|cp_on_chip_3=33000|cp_on_chip_4=34000|rf2_therm=31000|rf1_therm=32000|ISP=33000|TPU=34000|AUR=34000|rfpa_therm=30281|quiet_therm=30659|charging_therm=32084|,BIG=35000|MID=36000|usb_pwr_therm=29435|btmspkr_therm=29368|disp_therm=29346|north_therm=29613|soc_therm=32128|battery=29300|battery_cycle=5|dc-mains=32500|usbc-therm-adc=325|max77779fg=29300|LITTLE=36000|soc=1|smpl_gm=0|vdroop1=0|batoilo=0|batoilo2=0|batt_vs=29300|mdis_morepower=0|thb_hda=51|cp_on_chip_0=34000|cp_on_chip_1=36000|G3D=34000|cp_on_chip_2=36000|cp_on_chip_3=33000|cp_on_chip_4=34000|rf2_therm=31000|rf1_therm=32000|ISP=33000|TPU=34000|AUR=34000|rfpa_therm=30281|quiet_therm=30681|charging_therm=32128|,ok,39000,36000,0,36000,1,batched,touched,4096,8192,26,1,7546916,8192,964437,0,4,4,ok
1,4,nvhe,4,578000,578000,36000,37000,BIG=35000|MID=36000|usb_pwr_therm=29435|btmspkr_therm=29368|disp_therm=29346|north_therm=29613|soc_therm=32039|battery=29300|battery_cycle=5|dc-mains=33000|usbc-therm-adc=325|max77779fg=29300|LITTLE=35000|soc=1|smpl_gm=0|vdroop1=0|batoilo=0|batoilo2=0|batt_vs=29300|mdis_morepower=0|thb_hda=51|cp_on_chip_0=34000|cp_on_chip_1=36000|G3D=34000|cp_on_chip_2=36000|cp_on_chip_3=33000|cp_on_chip_4=34000|rf2_therm=31000|rf1_therm=32000|ISP=33000|TPU=34000|AUR=34000|rfpa_therm=30281|quiet_therm=30659|charging_therm=32084|,BIG=35000|MID=36000|usb_pwr_therm=29435|btmspkr_therm=29368|disp_therm=29346|north_therm=29613|soc_therm=32128|battery=29300|battery_cycle=5|dc-mains=32500|usbc-therm-adc=325|max77779fg=29300|LITTLE=36000|soc=1|smpl_gm=0|vdroop1=0|batoilo=0|batoilo2=0|batt_vs=29300|mdis_morepower=0|thb_hda=51|cp_on_chip_0=34000|cp_on_chip_1=36000|G3D=34000|cp_on_chip_2=36000|cp_on_chip_3=33000|cp_on_chip_4=34000|rf2_therm=31000|rf1_therm=32000|ISP=33000|TPU=34000|AUR=34000|rfpa_therm=30281|quiet_therm=30681|charging_therm=32128|,ok,39000,36000,0,36000,1,batched,touched,4096,8192,27,1,7585653,8192,1015666,0,4,4,ok
1,4,nvhe,4,578000,578000,36000,37000,BIG=35000|MID=36000|usb_pwr_therm=29435|btmspkr_therm=29368|disp_therm=29346|north_therm=29613|soc_therm=32039|battery=29300|battery_cycle=5|dc-mains=33000|usbc-therm-adc=325|max77779fg=29300|LITTLE=35000|soc=1|smpl_gm=0|vdroop1=0|batoilo=0|batoilo2=0|batt_vs=29300|mdis_morepower=0|thb_hda=51|cp_on_chip_0=34000|cp_on_chip_1=36000|G3D=34000|cp_on_chip_2=36000|cp_on_chip_3=33000|cp_on_chip_4=34000|rf2_therm=31000|rf1_therm=32000|ISP=33000|TPU=34000|AUR=34000|rfpa_therm=30281|quiet_therm=30659|charging_therm=32084|,BIG=35000|MID=36000|usb_pwr_therm=29435|btmspkr_therm=29368|disp_therm=29346|north_therm=29613|soc_therm=32128|battery=29300|battery_cycle=5|dc-mains=32500|usbc-therm-adc=325|max77779fg=29300|LITTLE=36000|soc=1|smpl_gm=0|vdroop1=0|batoilo=0|batoilo2=0|batt_vs=29300|mdis_morepower=0|thb_hda=51|cp_on_chip_0=34000|cp_on_chip_1=36000|G3D=34000|cp_on_chip_2=36000|cp_on_chip_3=33000|cp_on_chip_4=34000|rf2_therm=31000|rf1_therm=32000|ISP=33000|TPU=34000|AUR=34000|rfpa_therm=30281|quiet_therm=30681|charging_therm=32128|,ok,39000,36000,0,36000,1,batched,touched,4096,8192,28,1,7576864,8192,991577,0,4,4,ok
1,4,nvhe,4,578000,578000,36000,37000,BIG=35000|MID=36000|usb_pwr_therm=29435|btmspkr_therm=29368|disp_therm=29346|north_therm=29613|soc_therm=32039|battery=29300|battery_cycle=5|dc-mains=33000|usbc-therm-adc=325|max77779fg=29300|LITTLE=35000|soc=1|smpl_gm=0|vdroop1=0|batoilo=0|batoilo2=0|batt_vs=29300|mdis_morepower=0|thb_hda=51|cp_on_chip_0=34000|cp_on_chip_1=36000|G3D=34000|cp_on_chip_2=36000|cp_on_chip_3=33000|cp_on_chip_4=34000|rf2_therm=31000|rf1_therm=32000|ISP=33000|TPU=34000|AUR=34000|rfpa_therm=30281|quiet_therm=30659|charging_therm=32084|,BIG=35000|MID=36000|usb_pwr_therm=29435|btmspkr_therm=29368|disp_therm=29346|north_therm=29613|soc_therm=32128|battery=29300|battery_cycle=5|dc-mains=32500|usbc-therm-adc=325|max77779fg=29300|LITTLE=36000|soc=1|smpl_gm=0|vdroop1=0|batoilo=0|batoilo2=0|batt_vs=29300|mdis_morepower=0|thb_hda=51|cp_on_chip_0=34000|cp_on_chip_1=36000|G3D=34000|cp_on_chip_2=36000|cp_on_chip_3=33000|cp_on_chip_4=34000|rf2_therm=31000|rf1_therm=32000|ISP=33000|TPU=34000|AUR=34000|rfpa_therm=30281|quiet_therm=30681|charging_therm=32128|,ok,39000,36000,0,36000,1,batched,touched,4096,8192,29,1,7578288,8192,942790,0,4,4,ok
1,5,nvhe,4,910000,1795000,36000,36000,BIG=35000|MID=36000|usb_pwr_therm=29435|btmspkr_therm=29368|disp_therm=29346|north_therm=29613|soc_therm=32173|battery=29300|battery_cycle=5|dc-mains=33000|usbc-therm-adc=330|max77779fg=29300|LITTLE=35000|soc=1|smpl_gm=0|vdroop1=0|batoilo=0|batoilo2=0|batt_vs=29300|mdis_morepower=0|thb_hda=51|cp_on_chip_0=34000|cp_on_chip_1=36000|G3D=34000|cp_on_chip_2=36000|cp_on_chip_3=33000|cp_on_chip_4=34000|rf2_therm=31000|rf1_therm=32000|ISP=33000|TPU=34000|AUR=34000|rfpa_therm=30281|quiet_therm=30704|charging_therm=32173|,BIG=35000|MID=36000|usb_pwr_therm=29435|btmspkr_therm=29368|disp_therm=29346|north_therm=29613|soc_therm=32173|battery=29300|battery_cycle=5|dc-mains=33000|usbc-therm-adc=330|max77779fg=29300|LITTLE=35000|soc=1|smpl_gm=0|vdroop1=0|batoilo=0|batoilo2=0|batt_vs=29300|mdis_morepower=0|thb_hda=51|cp_on_chip_0=34000|cp_on_chip_1=36000|G3D=34000|cp_on_chip_2=36000|cp_on_chip_3=33000|cp_on_chip_4=34000|rf2_therm=31000|rf1_therm=32000|ISP=33000|TPU=34000|AUR=34000|rfpa_therm=30281|quiet_therm=30704|charging_therm=32173|,ok,39000,36000,0,36000,1,single,touched,4096,1024,0,1024,4556762,1024,3776937,0,4,4,ok
1,5,nvhe,4,910000,1795000,36000,36000,BIG=35000|MID=36000|usb_pwr_therm=29435|btmspkr_therm=29368|disp_therm=29346|north_therm=29613|soc_therm=32173|battery=29300|battery_cycle=5|dc-mains=33000|usbc-therm-adc=330|max77779fg=29300|LITTLE=35000|soc=1|smpl_gm=0|vdroop1=0|batoilo=0|batoilo2=0|batt_vs=29300|mdis_morepower=0|thb_hda=51|cp_on_chip_0=34000|cp_on_chip_1=36000|G3D=34000|cp_on_chip_2=36000|cp_on_chip_3=33000|cp_on_chip_4=34000|rf2_therm=31000|rf1_therm=32000|ISP=33000|TPU=34000|AUR=34000|rfpa_therm=30281|quiet_therm=30704|charging_therm=32173|,BIG=35000|MID=36000|usb_pwr_therm=29435|btmspkr_therm=29368|disp_therm=29346|north_therm=29613|soc_therm=32173|battery=29300|battery_cycle=5|dc-mains=33000|usbc-therm-adc=330|max77779fg=29300|LITTLE=35000|soc=1|smpl_gm=0|vdroop1=0|batoilo=0|batoilo2=0|batt_vs=29300|mdis_morepower=0|thb_hda=51|cp_on_chip_0=34000|cp_on_chip_1=36000|G3D=34000|cp_on_chip_2=36000|cp_on_chip_3=33000|cp_on_chip_4=34000|rf2_therm=31000|rf1_therm=32000|ISP=33000|TPU=34000|AUR=34000|rfpa_therm=30281|quiet_therm=30704|charging_therm=32173|,ok,39000,36000,0,36000,1,single,touched,4096,1024,1,1024,3563721,1024,3080810,0,4,4,ok
1,5,nvhe,4,910000,1795000,36000,36000,BIG=35000|MID=36000|usb_pwr_therm=29435|btmspkr_therm=29368|disp_therm=29346|north_therm=29613|soc_therm=32173|battery=29300|battery_cycle=5|dc-mains=33000|usbc-therm-adc=330|max77779fg=29300|LITTLE=35000|soc=1|smpl_gm=0|vdroop1=0|batoilo=0|batoilo2=0|batt_vs=29300|mdis_morepower=0|thb_hda=51|cp_on_chip_0=34000|cp_on_chip_1=36000|G3D=34000|cp_on_chip_2=36000|cp_on_chip_3=33000|cp_on_chip_4=34000|rf2_therm=31000|rf1_therm=32000|ISP=33000|TPU=34000|AUR=34000|rfpa_therm=30281|quiet_therm=30704|charging_therm=32173|,BIG=35000|MID=36000|usb_pwr_therm=29435|btmspkr_therm=29368|disp_therm=29346|north_therm=29613|soc_therm=32173|battery=29300|battery_cycle=5|dc-mains=33000|usbc-therm-adc=330|max77779fg=29300|LITTLE=35000|soc=1|smpl_gm=0|vdroop1=0|batoilo=0|batoilo2=0|batt_vs=29300|mdis_morepower=0|thb_hda=51|cp_on_chip_0=34000|cp_on_chip_1=36000|G3D=34000|cp_on_chip_2=36000|cp_on_chip_3=33000|cp_on_chip_4=34000|rf2_therm=31000|rf1_therm=32000|ISP=33000|TPU=34000|AUR=34000|rfpa_therm=30281|quiet_therm=30704|charging_therm=32173|,ok,39000,36000,0,36000,1,single,touched,4096,1024,2,1024,3189087,1024,2953858,0,4,4,ok
1,5,nvhe,4,910000,1795000,36000,36000,BIG=35000|MID=36000|usb_pwr_therm=29435|btmspkr_therm=29368|disp_therm=29346|north_therm=29613|soc_therm=32173|battery=29300|battery_cycle=5|dc-mains=33000|usbc-therm-adc=330|max77779fg=29300|LITTLE=35000|soc=1|smpl_gm=0|vdroop1=0|batoilo=0|batoilo2=0|batt_vs=29300|mdis_morepower=0|thb_hda=51|cp_on_chip_0=34000|cp_on_chip_1=36000|G3D=34000|cp_on_chip_2=36000|cp_on_chip_3=33000|cp_on_chip_4=34000|rf2_therm=31000|rf1_therm=32000|ISP=33000|TPU=34000|AUR=34000|rfpa_therm=30281|quiet_therm=30704|charging_therm=32173|,BIG=35000|MID=36000|usb_pwr_therm=29435|btmspkr_therm=29368|disp_therm=29346|north_therm=29613|soc_therm=32173|battery=29300|battery_cycle=5|dc-mains=33000|usbc-therm-adc=330|max77779fg=29300|LITTLE=35000|soc=1|smpl_gm=0|vdroop1=0|batoilo=0|batoilo2=0|batt_vs=29300|mdis_morepower=0|thb_hda=51|cp_on_chip_0=34000|cp_on_chip_1=36000|G3D=34000|cp_on_chip_2=36000|cp_on_chip_3=33000|cp_on_chip_4=34000|rf2_therm=31000|rf1_therm=32000|ISP=33000|TPU=34000|AUR=34000|rfpa_therm=30281|quiet_therm=30704|charging_therm=32173|,ok,39000,36000,0,36000,1,single,touched,4096,1024,3,1024,2617635,1024,2590902,0,4,4,ok
1,5,nvhe,4,910000,1795000,36000,36000,BIG=35000|MID=36000|usb_pwr_therm=29435|btmspkr_therm=29368|disp_therm=29346|north_therm=29613|soc_therm=32173|battery=29300|battery_cycle=5|dc-mains=33000|usbc-therm-adc=330|max77779fg=29300|LITTLE=35000|soc=1|smpl_gm=0|vdroop1=0|batoilo=0|batoilo2=0|batt_vs=29300|mdis_morepower=0|thb_hda=51|cp_on_chip_0=34000|cp_on_chip_1=36000|G3D=34000|cp_on_chip_2=36000|cp_on_chip_3=33000|cp_on_chip_4=34000|rf2_therm=31000|rf1_therm=32000|ISP=33000|TPU=34000|AUR=34000|rfpa_therm=30281|quiet_therm=30704|charging_therm=32173|,BIG=35000|MID=36000|usb_pwr_therm=29435|btmspkr_therm=29368|disp_therm=29346|north_therm=29613|soc_therm=32173|battery=29300|battery_cycle=5|dc-mains=33000|usbc-therm-adc=330|max77779fg=29300|LITTLE=35000|soc=1|smpl_gm=0|vdroop1=0|batoilo=0|batoilo2=0|batt_vs=29300|mdis_morepower=0|thb_hda=51|cp_on_chip_0=34000|cp_on_chip_1=36000|G3D=34000|cp_on_chip_2=36000|cp_on_chip_3=33000|cp_on_chip_4=34000|rf2_therm=31000|rf1_therm=32000|ISP=33000|TPU=34000|AUR=34000|rfpa_therm=30281|quiet_therm=30704|charging_therm=32173|,ok,39000,36000,0,36000,1,single,touched,4096,1024,4,1024,2591065,1024,2659017,0,4,4,ok
1,5,nvhe,4,910000,1795000,36000,36000,BIG=35000|MID=36000|usb_pwr_therm=29435|btmspkr_therm=29368|disp_therm=29346|north_therm=29613|soc_therm=32173|battery=29300|battery_cycle=5|dc-mains=33000|usbc-therm-adc=330|max77779fg=29300|LITTLE=35000|soc=1|smpl_gm=0|vdroop1=0|batoilo=0|batoilo2=0|batt_vs=29300|mdis_morepower=0|thb_hda=51|cp_on_chip_0=34000|cp_on_chip_1=36000|G3D=34000|cp_on_chip_2=36000|cp_on_chip_3=33000|cp_on_chip_4=34000|rf2_therm=31000|rf1_therm=32000|ISP=33000|TPU=34000|AUR=34000|rfpa_therm=30281|quiet_therm=30704|charging_therm=32173|,BIG=35000|MID=36000|usb_pwr_therm=29435|btmspkr_therm=29368|disp_therm=29346|north_therm=29613|soc_therm=32173|battery=29300|battery_cycle=5|dc-mains=33000|usbc-therm-adc=330|max77779fg=29300|LITTLE=35000|soc=1|smpl_gm=0|vdroop1=0|batoilo=0|batoilo2=0|batt_vs=29300|mdis_morepower=0|thb_hda=51|cp_on_chip_0=34000|cp_on_chip_1=36000|G3D=34000|cp_on_chip_2=36000|cp_on_chip_3=33000|cp_on_chip_4=34000|rf2_therm=31000|rf1_therm=32000|ISP=33000|TPU=34000|AUR=34000|rfpa_therm=30281|quiet_therm=30704|charging_therm=32173|,ok,39000,36000,0,36000,1,single,touched,4096,1024,5,1024,2304158,1024,2167318,0,4,4,ok
1,5,nvhe,4,910000,1795000,36000,36000,BIG=35000|MID=36000|usb_pwr_therm=29435|btmspkr_therm=29368|disp_therm=29346|north_therm=29613|soc_therm=32173|battery=29300|battery_cycle=5|dc-mains=33000|usbc-therm-adc=330|max77779fg=29300|LITTLE=35000|soc=1|smpl_gm=0|vdroop1=0|batoilo=0|batoilo2=0|batt_vs=29300|mdis_morepower=0|thb_hda=51|cp_on_chip_0=34000|cp_on_chip_1=36000|G3D=34000|cp_on_chip_2=36000|cp_on_chip_3=33000|cp_on_chip_4=34000|rf2_therm=31000|rf1_therm=32000|ISP=33000|TPU=34000|AUR=34000|rfpa_therm=30281|quiet_therm=30704|charging_therm=32173|,BIG=35000|MID=36000|usb_pwr_therm=29435|btmspkr_therm=29368|disp_therm=29346|north_therm=29613|soc_therm=32173|battery=29300|battery_cycle=5|dc-mains=33000|usbc-therm-adc=330|max77779fg=29300|LITTLE=35000|soc=1|smpl_gm=0|vdroop1=0|batoilo=0|batoilo2=0|batt_vs=29300|mdis_morepower=0|thb_hda=51|cp_on_chip_0=34000|cp_on_chip_1=36000|G3D=34000|cp_on_chip_2=36000|cp_on_chip_3=33000|cp_on_chip_4=34000|rf2_therm=31000|rf1_therm=32000|ISP=33000|TPU=34000|AUR=34000|rfpa_therm=30281|quiet_therm=30704|charging_therm=32173|,ok,39000,36000,0,36000,1,single,touched,4096,1024,6,1024,2005127,1024,1919637,0,4,4,ok
1,5,nvhe,4,910000,1795000,36000,36000,BIG=35000|MID=36000|usb_pwr_therm=29435|btmspkr_therm=29368|disp_therm=29346|north_therm=29613|soc_therm=32173|battery=29300|battery_cycle=5|dc-mains=33000|usbc-therm-adc=330|max77779fg=29300|LITTLE=35000|soc=1|smpl_gm=0|vdroop1=0|batoilo=0|batoilo2=0|batt_vs=29300|mdis_morepower=0|thb_hda=51|cp_on_chip_0=34000|cp_on_chip_1=36000|G3D=34000|cp_on_chip_2=36000|cp_on_chip_3=33000|cp_on_chip_4=34000|rf2_therm=31000|rf1_therm=32000|ISP=33000|TPU=34000|AUR=34000|rfpa_therm=30281|quiet_therm=30704|charging_therm=32173|,BIG=35000|MID=36000|usb_pwr_therm=29435|btmspkr_therm=29368|disp_therm=29346|north_therm=29613|soc_therm=32173|battery=29300|battery_cycle=5|dc-mains=33000|usbc-therm-adc=330|max77779fg=29300|LITTLE=35000|soc=1|smpl_gm=0|vdroop1=0|batoilo=0|batoilo2=0|batt_vs=29300|mdis_morepower=0|thb_hda=51|cp_on_chip_0=34000|cp_on_chip_1=36000|G3D=34000|cp_on_chip_2=36000|cp_on_chip_3=33000|cp_on_chip_4=34000|rf2_therm=31000|rf1_therm=32000|ISP=33000|TPU=34000|AUR=34000|rfpa_therm=30281|quiet_therm=30704|charging_therm=32173|,ok,39000,36000,0,36000,1,single,touched,4096,1024,7,1024,2070516,1024,1881266,0,4,4,ok
1,5,nvhe,4,910000,1795000,36000,36000,BIG=35000|MID=36000|usb_pwr_therm=29435|btmspkr_therm=29368|disp_therm=29346|north_therm=29613|soc_therm=32173|battery=29300|battery_cycle=5|dc-mains=33000|usbc-therm-adc=330|max77779fg=29300|LITTLE=35000|soc=1|smpl_gm=0|vdroop1=0|batoilo=0|batoilo2=0|batt_vs=29300|mdis_morepower=0|thb_hda=51|cp_on_chip_0=34000|cp_on_chip_1=36000|G3D=34000|cp_on_chip_2=36000|cp_on_chip_3=33000|cp_on_chip_4=34000|rf2_therm=31000|rf1_therm=32000|ISP=33000|TPU=34000|AUR=34000|rfpa_therm=30281|quiet_therm=30704|charging_therm=32173|,BIG=35000|MID=36000|usb_pwr_therm=29435|btmspkr_therm=29368|disp_therm=29346|north_therm=29613|soc_therm=32173|battery=29300|battery_cycle=5|dc-mains=33000|usbc-therm-adc=330|max77779fg=29300|LITTLE=35000|soc=1|smpl_gm=0|vdroop1=0|batoilo=0|batoilo2=0|batt_vs=29300|mdis_morepower=0|thb_hda=51|cp_on_chip_0=34000|cp_on_chip_1=36000|G3D=34000|cp_on_chip_2=36000|cp_on_chip_3=33000|cp_on_chip_4=34000|rf2_therm=31000|rf1_therm=32000|ISP=33000|TPU=34000|AUR=34000|rfpa_therm=30281|quiet_therm=30704|charging_therm=32173|,ok,39000,36000,0,36000,1,single,touched,4096,1024,8,1024,1805501,1024,1751099,0,4,4,ok
1,5,nvhe,4,910000,1795000,36000,36000,BIG=35000|MID=36000|usb_pwr_therm=29435|btmspkr_therm=29368|disp_therm=29346|north_therm=29613|soc_therm=32173|battery=29300|battery_cycle=5|dc-mains=33000|usbc-therm-adc=330|max77779fg=29300|LITTLE=35000|soc=1|smpl_gm=0|vdroop1=0|batoilo=0|batoilo2=0|batt_vs=29300|mdis_morepower=0|thb_hda=51|cp_on_chip_0=34000|cp_on_chip_1=36000|G3D=34000|cp_on_chip_2=36000|cp_on_chip_3=33000|cp_on_chip_4=34000|rf2_therm=31000|rf1_therm=32000|ISP=33000|TPU=34000|AUR=34000|rfpa_therm=30281|quiet_therm=30704|charging_therm=32173|,BIG=35000|MID=36000|usb_pwr_therm=29435|btmspkr_therm=29368|disp_therm=29346|north_therm=29613|soc_therm=32173|battery=29300|battery_cycle=5|dc-mains=33000|usbc-therm-adc=330|max77779fg=29300|LITTLE=35000|soc=1|smpl_gm=0|vdroop1=0|batoilo=0|batoilo2=0|batt_vs=29300|mdis_morepower=0|thb_hda=51|cp_on_chip_0=34000|cp_on_chip_1=36000|G3D=34000|cp_on_chip_2=36000|cp_on_chip_3=33000|cp_on_chip_4=34000|rf2_therm=31000|rf1_therm=32000|ISP=33000|TPU=34000|AUR=34000|rfpa_therm=30281|quiet_therm=30704|charging_therm=32173|,ok,39000,36000,0,36000,1,single,touched,4096,1024,9,1024,1757202,1024,1745524,0,4,4,ok
1,5,nvhe,4,910000,1795000,36000,36000,BIG=35000|MID=36000|usb_pwr_therm=29435|btmspkr_therm=29368|disp_therm=29346|north_therm=29613|soc_therm=32173|battery=29300|battery_cycle=5|dc-mains=33000|usbc-therm-adc=330|max77779fg=29300|LITTLE=35000|soc=1|smpl_gm=0|vdroop1=0|batoilo=0|batoilo2=0|batt_vs=29300|mdis_morepower=0|thb_hda=51|cp_on_chip_0=34000|cp_on_chip_1=36000|G3D=34000|cp_on_chip_2=36000|cp_on_chip_3=33000|cp_on_chip_4=34000|rf2_therm=31000|rf1_therm=32000|ISP=33000|TPU=34000|AUR=34000|rfpa_therm=30281|quiet_therm=30704|charging_therm=32173|,BIG=35000|MID=36000|usb_pwr_therm=29435|btmspkr_therm=29368|disp_therm=29346|north_therm=29613|soc_therm=32173|battery=29300|battery_cycle=5|dc-mains=33000|usbc-therm-adc=330|max77779fg=29300|LITTLE=35000|soc=1|smpl_gm=0|vdroop1=0|batoilo=0|batoilo2=0|batt_vs=29300|mdis_morepower=0|thb_hda=51|cp_on_chip_0=34000|cp_on_chip_1=36000|G3D=34000|cp_on_chip_2=36000|cp_on_chip_3=33000|cp_on_chip_4=34000|rf2_therm=31000|rf1_therm=32000|ISP=33000|TPU=34000|AUR=34000|rfpa_therm=30281|quiet_therm=30704|charging_therm=32173|,ok,39000,36000,0,36000,1,single,touched,4096,1024,10,1024,1760823,1024,2200439,0,4,4,ok
1,5,nvhe,4,910000,1795000,36000,36000,BIG=35000|MID=36000|usb_pwr_therm=29435|btmspkr_therm=29368|disp_therm=29346|north_therm=29613|soc_therm=32173|battery=29300|battery_cycle=5|dc-mains=33000|usbc-therm-adc=330|max77779fg=29300|LITTLE=35000|soc=1|smpl_gm=0|vdroop1=0|batoilo=0|batoilo2=0|batt_vs=29300|mdis_morepower=0|thb_hda=51|cp_on_chip_0=34000|cp_on_chip_1=36000|G3D=34000|cp_on_chip_2=36000|cp_on_chip_3=33000|cp_on_chip_4=34000|rf2_therm=31000|rf1_therm=32000|ISP=33000|TPU=34000|AUR=34000|rfpa_therm=30281|quiet_therm=30704|charging_therm=32173|,BIG=35000|MID=36000|usb_pwr_therm=29435|btmspkr_therm=29368|disp_therm=29346|north_therm=29613|soc_therm=32173|battery=29300|battery_cycle=5|dc-mains=33000|usbc-therm-adc=330|max77779fg=29300|LITTLE=35000|soc=1|smpl_gm=0|vdroop1=0|batoilo=0|batoilo2=0|batt_vs=29300|mdis_morepower=0|thb_hda=51|cp_on_chip_0=34000|cp_on_chip_1=36000|G3D=34000|cp_on_chip_2=36000|cp_on_chip_3=33000|cp_on_chip_4=34000|rf2_therm=31000|rf1_therm=32000|ISP=33000|TPU=34000|AUR=34000|rfpa_therm=30281|quiet_therm=30704|charging_therm=32173|,ok,39000,36000,0,36000,1,single,touched,4096,1024,11,1024,1690877,1024,1925211,0,4,4,ok
1,5,nvhe,4,910000,1795000,36000,36000,BIG=35000|MID=36000|usb_pwr_therm=29435|btmspkr_therm=29368|disp_therm=29346|north_therm=29613|soc_therm=32173|battery=29300|battery_cycle=5|dc-mains=33000|usbc-therm-adc=330|max77779fg=29300|LITTLE=35000|soc=1|smpl_gm=0|vdroop1=0|batoilo=0|batoilo2=0|batt_vs=29300|mdis_morepower=0|thb_hda=51|cp_on_chip_0=34000|cp_on_chip_1=36000|G3D=34000|cp_on_chip_2=36000|cp_on_chip_3=33000|cp_on_chip_4=34000|rf2_therm=31000|rf1_therm=32000|ISP=33000|TPU=34000|AUR=34000|rfpa_therm=30281|quiet_therm=30704|charging_therm=32173|,BIG=35000|MID=36000|usb_pwr_therm=29435|btmspkr_therm=29368|disp_therm=29346|north_therm=29613|soc_therm=32173|battery=29300|battery_cycle=5|dc-mains=33000|usbc-therm-adc=330|max77779fg=29300|LITTLE=35000|soc=1|smpl_gm=0|vdroop1=0|batoilo=0|batoilo2=0|batt_vs=29300|mdis_morepower=0|thb_hda=51|cp_on_chip_0=34000|cp_on_chip_1=36000|G3D=34000|cp_on_chip_2=36000|cp_on_chip_3=33000|cp_on_chip_4=34000|rf2_therm=31000|rf1_therm=32000|ISP=33000|TPU=34000|AUR=34000|rfpa_therm=30281|quiet_therm=30704|charging_therm=32173|,ok,39000,36000,0,36000,1,single,touched,4096,1024,12,1024,1561564,1024,1941284,0,4,4,ok
1,5,nvhe,4,910000,1795000,36000,36000,BIG=35000|MID=36000|usb_pwr_therm=29435|btmspkr_therm=29368|disp_therm=29346|north_therm=29613|soc_therm=32173|battery=29300|battery_cycle=5|dc-mains=33000|usbc-therm-adc=330|max77779fg=29300|LITTLE=35000|soc=1|smpl_gm=0|vdroop1=0|batoilo=0|batoilo2=0|batt_vs=29300|mdis_morepower=0|thb_hda=51|cp_on_chip_0=34000|cp_on_chip_1=36000|G3D=34000|cp_on_chip_2=36000|cp_on_chip_3=33000|cp_on_chip_4=34000|rf2_therm=31000|rf1_therm=32000|ISP=33000|TPU=34000|AUR=34000|rfpa_therm=30281|quiet_therm=30704|charging_therm=32173|,BIG=35000|MID=36000|usb_pwr_therm=29435|btmspkr_therm=29368|disp_therm=29346|north_therm=29613|soc_therm=32173|battery=29300|battery_cycle=5|dc-mains=33000|usbc-therm-adc=330|max77779fg=29300|LITTLE=35000|soc=1|smpl_gm=0|vdroop1=0|batoilo=0|batoilo2=0|batt_vs=29300|mdis_morepower=0|thb_hda=51|cp_on_chip_0=34000|cp_on_chip_1=36000|G3D=34000|cp_on_chip_2=36000|cp_on_chip_3=33000|cp_on_chip_4=34000|rf2_therm=31000|rf1_therm=32000|ISP=33000|TPU=34000|AUR=34000|rfpa_therm=30281|quiet_therm=30704|charging_therm=32173|,ok,39000,36000,0,36000,1,single,touched,4096,1024,13,1024,1496582,1024,1376709,0,4,4,ok
1,5,nvhe,4,910000,1795000,36000,36000,BIG=35000|MID=36000|usb_pwr_therm=29435|btmspkr_therm=29368|disp_therm=29346|north_therm=29613|soc_therm=32173|battery=29300|battery_cycle=5|dc-mains=33000|usbc-therm-adc=330|max77779fg=29300|LITTLE=35000|soc=1|smpl_gm=0|vdroop1=0|batoilo=0|batoilo2=0|batt_vs=29300|mdis_morepower=0|thb_hda=51|cp_on_chip_0=34000|cp_on_chip_1=36000|G3D=34000|cp_on_chip_2=36000|cp_on_chip_3=33000|cp_on_chip_4=34000|rf2_therm=31000|rf1_therm=32000|ISP=33000|TPU=34000|AUR=34000|rfpa_therm=30281|quiet_therm=30704|charging_therm=32173|,BIG=35000|MID=36000|usb_pwr_therm=29435|btmspkr_therm=29368|disp_therm=29346|north_therm=29613|soc_therm=32173|battery=29300|battery_cycle=5|dc-mains=33000|usbc-therm-adc=330|max77779fg=29300|LITTLE=35000|soc=1|smpl_gm=0|vdroop1=0|batoilo=0|batoilo2=0|batt_vs=29300|mdis_morepower=0|thb_hda=51|cp_on_chip_0=34000|cp_on_chip_1=36000|G3D=34000|cp_on_chip_2=36000|cp_on_chip_3=33000|cp_on_chip_4=34000|rf2_therm=31000|rf1_therm=32000|ISP=33000|TPU=34000|AUR=34000|rfpa_therm=30281|quiet_therm=30704|charging_therm=32173|,ok,39000,36000,0,36000,1,single,touched,4096,1024,14,1024,1478272,1024,1399902,0,4,4,ok
1,5,nvhe,4,910000,1795000,36000,36000,BIG=35000|MID=36000|usb_pwr_therm=29435|btmspkr_therm=29368|disp_therm=29346|north_therm=29613|soc_therm=32173|battery=29300|battery_cycle=5|dc-mains=33000|usbc-therm-adc=330|max77779fg=29300|LITTLE=35000|soc=1|smpl_gm=0|vdroop1=0|batoilo=0|batoilo2=0|batt_vs=29300|mdis_morepower=0|thb_hda=51|cp_on_chip_0=34000|cp_on_chip_1=36000|G3D=34000|cp_on_chip_2=36000|cp_on_chip_3=33000|cp_on_chip_4=34000|rf2_therm=31000|rf1_therm=32000|ISP=33000|TPU=34000|AUR=34000|rfpa_therm=30281|quiet_therm=30704|charging_therm=32173|,BIG=35000|MID=36000|usb_pwr_therm=29435|btmspkr_therm=29368|disp_therm=29346|north_therm=29613|soc_therm=32173|battery=29300|battery_cycle=5|dc-mains=33000|usbc-therm-adc=330|max77779fg=29300|LITTLE=35000|soc=1|smpl_gm=0|vdroop1=0|batoilo=0|batoilo2=0|batt_vs=29300|mdis_morepower=0|thb_hda=51|cp_on_chip_0=34000|cp_on_chip_1=36000|G3D=34000|cp_on_chip_2=36000|cp_on_chip_3=33000|cp_on_chip_4=34000|rf2_therm=31000|rf1_therm=32000|ISP=33000|TPU=34000|AUR=34000|rfpa_therm=30281|quiet_therm=30704|charging_therm=32173|,ok,39000,36000,0,36000,1,single,touched,4096,1024,15,1024,1507894,1024,1561605,0,4,4,ok
1,5,nvhe,4,910000,1795000,36000,36000,BIG=35000|MID=36000|usb_pwr_therm=29435|btmspkr_therm=29368|disp_therm=29346|north_therm=29613|soc_therm=32173|battery=29300|battery_cycle=5|dc-mains=33000|usbc-therm-adc=330|max77779fg=29300|LITTLE=35000|soc=1|smpl_gm=0|vdroop1=0|batoilo=0|batoilo2=0|batt_vs=29300|mdis_morepower=0|thb_hda=51|cp_on_chip_0=34000|cp_on_chip_1=36000|G3D=34000|cp_on_chip_2=36000|cp_on_chip_3=33000|cp_on_chip_4=34000|rf2_therm=31000|rf1_therm=32000|ISP=33000|TPU=34000|AUR=34000|rfpa_therm=30281|quiet_therm=30704|charging_therm=32173|,BIG=35000|MID=36000|usb_pwr_therm=29435|btmspkr_therm=29368|disp_therm=29346|north_therm=29613|soc_therm=32173|battery=29300|battery_cycle=5|dc-mains=33000|usbc-therm-adc=330|max77779fg=29300|LITTLE=35000|soc=1|smpl_gm=0|vdroop1=0|batoilo=0|batoilo2=0|batt_vs=29300|mdis_morepower=0|thb_hda=51|cp_on_chip_0=34000|cp_on_chip_1=36000|G3D=34000|cp_on_chip_2=36000|cp_on_chip_3=33000|cp_on_chip_4=34000|rf2_therm=31000|rf1_therm=32000|ISP=33000|TPU=34000|AUR=34000|rfpa_therm=30281|quiet_therm=30704|charging_therm=32173|,ok,39000,36000,0,36000,1,single,touched,4096,1024,16,1024,1284913,1024,1700806,0,4,4,ok
1,5,nvhe,4,910000,1795000,36000,36000,BIG=35000|MID=36000|usb_pwr_therm=29435|btmspkr_therm=29368|disp_therm=29346|north_therm=29613|soc_therm=32173|battery=29300|battery_cycle=5|dc-mains=33000|usbc-therm-adc=330|max77779fg=29300|LITTLE=35000|soc=1|smpl_gm=0|vdroop1=0|batoilo=0|batoilo2=0|batt_vs=29300|mdis_morepower=0|thb_hda=51|cp_on_chip_0=34000|cp_on_chip_1=36000|G3D=34000|cp_on_chip_2=36000|cp_on_chip_3=33000|cp_on_chip_4=34000|rf2_therm=31000|rf1_therm=32000|ISP=33000|TPU=34000|AUR=34000|rfpa_therm=30281|quiet_therm=30704|charging_therm=32173|,BIG=35000|MID=36000|usb_pwr_therm=29435|btmspkr_therm=29368|disp_therm=29346|north_therm=29613|soc_therm=32173|battery=29300|battery_cycle=5|dc-mains=33000|usbc-therm-adc=330|max77779fg=29300|LITTLE=35000|soc=1|smpl_gm=0|vdroop1=0|batoilo=0|batoilo2=0|batt_vs=29300|mdis_morepower=0|thb_hda=51|cp_on_chip_0=34000|cp_on_chip_1=36000|G3D=34000|cp_on_chip_2=36000|cp_on_chip_3=33000|cp_on_chip_4=34000|rf2_therm=31000|rf1_therm=32000|ISP=33000|TPU=34000|AUR=34000|rfpa_therm=30281|quiet_therm=30704|charging_therm=32173|,ok,39000,36000,0,36000,1,single,touched,4096,1024,17,1024,1322917,1024,1239339,0,4,4,ok
1,5,nvhe,4,910000,1795000,36000,36000,BIG=35000|MID=36000|usb_pwr_therm=29435|btmspkr_therm=29368|disp_therm=29346|north_therm=29613|soc_therm=32173|battery=29300|battery_cycle=5|dc-mains=33000|usbc-therm-adc=330|max77779fg=29300|LITTLE=35000|soc=1|smpl_gm=0|vdroop1=0|batoilo=0|batoilo2=0|batt_vs=29300|mdis_morepower=0|thb_hda=51|cp_on_chip_0=34000|cp_on_chip_1=36000|G3D=34000|cp_on_chip_2=36000|cp_on_chip_3=33000|cp_on_chip_4=34000|rf2_therm=31000|rf1_therm=32000|ISP=33000|TPU=34000|AUR=34000|rfpa_therm=30281|quiet_therm=30704|charging_therm=32173|,BIG=35000|MID=36000|usb_pwr_therm=29435|btmspkr_therm=29368|disp_therm=29346|north_therm=29613|soc_therm=32173|battery=29300|battery_cycle=5|dc-mains=33000|usbc-therm-adc=330|max77779fg=29300|LITTLE=35000|soc=1|smpl_gm=0|vdroop1=0|batoilo=0|batoilo2=0|batt_vs=29300|mdis_morepower=0|thb_hda=51|cp_on_chip_0=34000|cp_on_chip_1=36000|G3D=34000|cp_on_chip_2=36000|cp_on_chip_3=33000|cp_on_chip_4=34000|rf2_therm=31000|rf1_therm=32000|ISP=33000|TPU=34000|AUR=34000|rfpa_therm=30281|quiet_therm=30704|charging_therm=32173|,ok,39000,36000,0,36000,1,single,touched,4096,1024,18,1024,1315592,1024,1430338,0,4,4,ok
1,5,nvhe,4,910000,1795000,36000,36000,BIG=35000|MID=36000|usb_pwr_therm=29435|btmspkr_therm=29368|disp_therm=29346|north_therm=29613|soc_therm=32173|battery=29300|battery_cycle=5|dc-mains=33000|usbc-therm-adc=330|max77779fg=29300|LITTLE=35000|soc=1|smpl_gm=0|vdroop1=0|batoilo=0|batoilo2=0|batt_vs=29300|mdis_morepower=0|thb_hda=51|cp_on_chip_0=34000|cp_on_chip_1=36000|G3D=34000|cp_on_chip_2=36000|cp_on_chip_3=33000|cp_on_chip_4=34000|rf2_therm=31000|rf1_therm=32000|ISP=33000|TPU=34000|AUR=34000|rfpa_therm=30281|quiet_therm=30704|charging_therm=32173|,BIG=35000|MID=36000|usb_pwr_therm=29435|btmspkr_therm=29368|disp_therm=29346|north_therm=29613|soc_therm=32173|battery=29300|battery_cycle=5|dc-mains=33000|usbc-therm-adc=330|max77779fg=29300|LITTLE=35000|soc=1|smpl_gm=0|vdroop1=0|batoilo=0|batoilo2=0|batt_vs=29300|mdis_morepower=0|thb_hda=51|cp_on_chip_0=34000|cp_on_chip_1=36000|G3D=34000|cp_on_chip_2=36000|cp_on_chip_3=33000|cp_on_chip_4=34000|rf2_therm=31000|rf1_therm=32000|ISP=33000|TPU=34000|AUR=34000|rfpa_therm=30281|quiet_therm=30704|charging_therm=32173|,ok,39000,36000,0,36000,1,single,touched,4096,1024,19,1024,1309083,1024,1600545,0,4,4,ok
1,5,nvhe,4,910000,1795000,36000,36000,BIG=35000|MID=36000|usb_pwr_therm=29435|btmspkr_therm=29368|disp_therm=29346|north_therm=29613|soc_therm=32173|battery=29300|battery_cycle=5|dc-mains=33000|usbc-therm-adc=330|max77779fg=29300|LITTLE=35000|soc=1|smpl_gm=0|vdroop1=0|batoilo=0|batoilo2=0|batt_vs=29300|mdis_morepower=0|thb_hda=51|cp_on_chip_0=34000|cp_on_chip_1=36000|G3D=34000|cp_on_chip_2=36000|cp_on_chip_3=33000|cp_on_chip_4=34000|rf2_therm=31000|rf1_therm=32000|ISP=33000|TPU=34000|AUR=34000|rfpa_therm=30281|quiet_therm=30704|charging_therm=32173|,BIG=35000|MID=36000|usb_pwr_therm=29435|btmspkr_therm=29368|disp_therm=29346|north_therm=29613|soc_therm=32173|battery=29300|battery_cycle=5|dc-mains=33000|usbc-therm-adc=330|max77779fg=29300|LITTLE=35000|soc=1|smpl_gm=0|vdroop1=0|batoilo=0|batoilo2=0|batt_vs=29300|mdis_morepower=0|thb_hda=51|cp_on_chip_0=34000|cp_on_chip_1=36000|G3D=34000|cp_on_chip_2=36000|cp_on_chip_3=33000|cp_on_chip_4=34000|rf2_therm=31000|rf1_therm=32000|ISP=33000|TPU=34000|AUR=34000|rfpa_therm=30281|quiet_therm=30704|charging_therm=32173|,ok,39000,36000,0,36000,1,single,touched,4096,1024,20,1024,1211548,1024,1207234,0,4,4,ok
1,5,nvhe,4,910000,1795000,36000,36000,BIG=35000|MID=36000|usb_pwr_therm=29435|btmspkr_therm=29368|disp_therm=29346|north_therm=29613|soc_therm=32173|battery=29300|battery_cycle=5|dc-mains=33000|usbc-therm-adc=330|max77779fg=29300|LITTLE=35000|soc=1|smpl_gm=0|vdroop1=0|batoilo=0|batoilo2=0|batt_vs=29300|mdis_morepower=0|thb_hda=51|cp_on_chip_0=34000|cp_on_chip_1=36000|G3D=34000|cp_on_chip_2=36000|cp_on_chip_3=33000|cp_on_chip_4=34000|rf2_therm=31000|rf1_therm=32000|ISP=33000|TPU=34000|AUR=34000|rfpa_therm=30281|quiet_therm=30704|charging_therm=32173|,BIG=35000|MID=36000|usb_pwr_therm=29435|btmspkr_therm=29368|disp_therm=29346|north_therm=29613|soc_therm=32173|battery=29300|battery_cycle=5|dc-mains=33000|usbc-therm-adc=330|max77779fg=29300|LITTLE=35000|soc=1|smpl_gm=0|vdroop1=0|batoilo=0|batoilo2=0|batt_vs=29300|mdis_morepower=0|thb_hda=51|cp_on_chip_0=34000|cp_on_chip_1=36000|G3D=34000|cp_on_chip_2=36000|cp_on_chip_3=33000|cp_on_chip_4=34000|rf2_therm=31000|rf1_therm=32000|ISP=33000|TPU=34000|AUR=34000|rfpa_therm=30281|quiet_therm=30704|charging_therm=32173|,ok,39000,36000,0,36000,1,single,touched,4096,1024,21,1024,1251790,1024,1199707,0,4,4,ok
1,5,nvhe,4,910000,1795000,36000,36000,BIG=35000|MID=36000|usb_pwr_therm=29435|btmspkr_therm=29368|disp_therm=29346|north_therm=29613|soc_therm=32173|battery=29300|battery_cycle=5|dc-mains=33000|usbc-therm-adc=330|max77779fg=29300|LITTLE=35000|soc=1|smpl_gm=0|vdroop1=0|batoilo=0|batoilo2=0|batt_vs=29300|mdis_morepower=0|thb_hda=51|cp_on_chip_0=34000|cp_on_chip_1=36000|G3D=34000|cp_on_chip_2=36000|cp_on_chip_3=33000|cp_on_chip_4=34000|rf2_therm=31000|rf1_therm=32000|ISP=33000|TPU=34000|AUR=34000|rfpa_therm=30281|quiet_therm=30704|charging_therm=32173|,BIG=35000|MID=36000|usb_pwr_therm=29435|btmspkr_therm=29368|disp_therm=29346|north_therm=29613|soc_therm=32173|battery=29300|battery_cycle=5|dc-mains=33000|usbc-therm-adc=330|max77779fg=29300|LITTLE=35000|soc=1|smpl_gm=0|vdroop1=0|batoilo=0|batoilo2=0|batt_vs=29300|mdis_morepower=0|thb_hda=51|cp_on_chip_0=34000|cp_on_chip_1=36000|G3D=34000|cp_on_chip_2=36000|cp_on_chip_3=33000|cp_on_chip_4=34000|rf2_therm=31000|rf1_therm=32000|ISP=33000|TPU=34000|AUR=34000|rfpa_therm=30281|quiet_therm=30704|charging_therm=32173|,ok,39000,36000,0,36000,1,single,touched,4096,1024,22,1024,1149577,1024,1189331,0,4,4,ok
1,5,nvhe,4,910000,1795000,36000,36000,BIG=35000|MID=36000|usb_pwr_therm=29435|btmspkr_therm=29368|disp_therm=29346|north_therm=29613|soc_therm=32173|battery=29300|battery_cycle=5|dc-mains=33000|usbc-therm-adc=330|max77779fg=29300|LITTLE=35000|soc=1|smpl_gm=0|vdroop1=0|batoilo=0|batoilo2=0|batt_vs=29300|mdis_morepower=0|thb_hda=51|cp_on_chip_0=34000|cp_on_chip_1=36000|G3D=34000|cp_on_chip_2=36000|cp_on_chip_3=33000|cp_on_chip_4=34000|rf2_therm=31000|rf1_therm=32000|ISP=33000|TPU=34000|AUR=34000|rfpa_therm=30281|quiet_therm=30704|charging_therm=32173|,BIG=35000|MID=36000|usb_pwr_therm=29435|btmspkr_therm=29368|disp_therm=29346|north_therm=29613|soc_therm=32173|battery=29300|battery_cycle=5|dc-mains=33000|usbc-therm-adc=330|max77779fg=29300|LITTLE=35000|soc=1|smpl_gm=0|vdroop1=0|batoilo=0|batoilo2=0|batt_vs=29300|mdis_morepower=0|thb_hda=51|cp_on_chip_0=34000|cp_on_chip_1=36000|G3D=34000|cp_on_chip_2=36000|cp_on_chip_3=33000|cp_on_chip_4=34000|rf2_therm=31000|rf1_therm=32000|ISP=33000|TPU=34000|AUR=34000|rfpa_therm=30281|quiet_therm=30704|charging_therm=32173|,ok,39000,36000,0,36000,1,single,touched,4096,1024,23,1024,1161214,1024,1117920,0,4,4,ok
1,5,nvhe,4,910000,1795000,36000,36000,BIG=35000|MID=36000|usb_pwr_therm=29435|btmspkr_therm=29368|disp_therm=29346|north_therm=29613|soc_therm=32173|battery=29300|battery_cycle=5|dc-mains=33000|usbc-therm-adc=330|max77779fg=29300|LITTLE=35000|soc=1|smpl_gm=0|vdroop1=0|batoilo=0|batoilo2=0|batt_vs=29300|mdis_morepower=0|thb_hda=51|cp_on_chip_0=34000|cp_on_chip_1=36000|G3D=34000|cp_on_chip_2=36000|cp_on_chip_3=33000|cp_on_chip_4=34000|rf2_therm=31000|rf1_therm=32000|ISP=33000|TPU=34000|AUR=34000|rfpa_therm=30281|quiet_therm=30704|charging_therm=32173|,BIG=35000|MID=36000|usb_pwr_therm=29435|btmspkr_therm=29368|disp_therm=29346|north_therm=29613|soc_therm=32173|battery=29300|battery_cycle=5|dc-mains=33000|usbc-therm-adc=330|max77779fg=29300|LITTLE=35000|soc=1|smpl_gm=0|vdroop1=0|batoilo=0|batoilo2=0|batt_vs=29300|mdis_morepower=0|thb_hda=51|cp_on_chip_0=34000|cp_on_chip_1=36000|G3D=34000|cp_on_chip_2=36000|cp_on_chip_3=33000|cp_on_chip_4=34000|rf2_therm=31000|rf1_therm=32000|ISP=33000|TPU=34000|AUR=34000|rfpa_therm=30281|quiet_therm=30704|charging_therm=32173|,ok,39000,36000,0,36000,1,single,touched,4096,1024,24,1024,1144857,1024,1498332,0,4,4,ok
1,5,nvhe,4,910000,1795000,36000,36000,BIG=35000|MID=36000|usb_pwr_therm=29435|btmspkr_therm=29368|disp_therm=29346|north_therm=29613|soc_therm=32173|battery=29300|battery_cycle=5|dc-mains=33000|usbc-therm-adc=330|max77779fg=29300|LITTLE=35000|soc=1|smpl_gm=0|vdroop1=0|batoilo=0|batoilo2=0|batt_vs=29300|mdis_morepower=0|thb_hda=51|cp_on_chip_0=34000|cp_on_chip_1=36000|G3D=34000|cp_on_chip_2=36000|cp_on_chip_3=33000|cp_on_chip_4=34000|rf2_therm=31000|rf1_therm=32000|ISP=33000|TPU=34000|AUR=34000|rfpa_therm=30281|quiet_therm=30704|charging_therm=32173|,BIG=35000|MID=36000|usb_pwr_therm=29435|btmspkr_therm=29368|disp_therm=29346|north_therm=29613|soc_therm=32173|battery=29300|battery_cycle=5|dc-mains=33000|usbc-therm-adc=330|max77779fg=29300|LITTLE=35000|soc=1|smpl_gm=0|vdroop1=0|batoilo=0|batoilo2=0|batt_vs=29300|mdis_morepower=0|thb_hda=51|cp_on_chip_0=34000|cp_on_chip_1=36000|G3D=34000|cp_on_chip_2=36000|cp_on_chip_3=33000|cp_on_chip_4=34000|rf2_therm=31000|rf1_therm=32000|ISP=33000|TPU=34000|AUR=34000|rfpa_therm=30281|quiet_therm=30704|charging_therm=32173|,ok,39000,36000,0,36000,1,single,touched,4096,1024,25,1024,1029745,1024,981283,0,4,4,ok
1,5,nvhe,4,910000,1795000,36000,36000,BIG=35000|MID=36000|usb_pwr_therm=29435|btmspkr_therm=29368|disp_therm=29346|north_therm=29613|soc_therm=32173|battery=29300|battery_cycle=5|dc-mains=33000|usbc-therm-adc=330|max77779fg=29300|LITTLE=35000|soc=1|smpl_gm=0|vdroop1=0|batoilo=0|batoilo2=0|batt_vs=29300|mdis_morepower=0|thb_hda=51|cp_on_chip_0=34000|cp_on_chip_1=36000|G3D=34000|cp_on_chip_2=36000|cp_on_chip_3=33000|cp_on_chip_4=34000|rf2_therm=31000|rf1_therm=32000|ISP=33000|TPU=34000|AUR=34000|rfpa_therm=30281|quiet_therm=30704|charging_therm=32173|,BIG=35000|MID=36000|usb_pwr_therm=29435|btmspkr_therm=29368|disp_therm=29346|north_therm=29613|soc_therm=32173|battery=29300|battery_cycle=5|dc-mains=33000|usbc-therm-adc=330|max77779fg=29300|LITTLE=35000|soc=1|smpl_gm=0|vdroop1=0|batoilo=0|batoilo2=0|batt_vs=29300|mdis_morepower=0|thb_hda=51|cp_on_chip_0=34000|cp_on_chip_1=36000|G3D=34000|cp_on_chip_2=36000|cp_on_chip_3=33000|cp_on_chip_4=34000|rf2_therm=31000|rf1_therm=32000|ISP=33000|TPU=34000|AUR=34000|rfpa_therm=30281|quiet_therm=30704|charging_therm=32173|,ok,39000,36000,0,36000,1,single,touched,4096,1024,26,1024,1032023,1024,949910,0,4,4,ok
1,5,nvhe,4,910000,1795000,36000,36000,BIG=35000|MID=36000|usb_pwr_therm=29435|btmspkr_therm=29368|disp_therm=29346|north_therm=29613|soc_therm=32173|battery=29300|battery_cycle=5|dc-mains=33000|usbc-therm-adc=330|max77779fg=29300|LITTLE=35000|soc=1|smpl_gm=0|vdroop1=0|batoilo=0|batoilo2=0|batt_vs=29300|mdis_morepower=0|thb_hda=51|cp_on_chip_0=34000|cp_on_chip_1=36000|G3D=34000|cp_on_chip_2=36000|cp_on_chip_3=33000|cp_on_chip_4=34000|rf2_therm=31000|rf1_therm=32000|ISP=33000|TPU=34000|AUR=34000|rfpa_therm=30281|quiet_therm=30704|charging_therm=32173|,BIG=35000|MID=36000|usb_pwr_therm=29435|btmspkr_therm=29368|disp_therm=29346|north_therm=29613|soc_therm=32173|battery=29300|battery_cycle=5|dc-mains=33000|usbc-therm-adc=330|max77779fg=29300|LITTLE=35000|soc=1|smpl_gm=0|vdroop1=0|batoilo=0|batoilo2=0|batt_vs=29300|mdis_morepower=0|thb_hda=51|cp_on_chip_0=34000|cp_on_chip_1=36000|G3D=34000|cp_on_chip_2=36000|cp_on_chip_3=33000|cp_on_chip_4=34000|rf2_therm=31000|rf1_therm=32000|ISP=33000|TPU=34000|AUR=34000|rfpa_therm=30281|quiet_therm=30704|charging_therm=32173|,ok,39000,36000,0,36000,1,single,touched,4096,1024,27,1024,982992,1024,946859,0,4,4,ok
1,5,nvhe,4,910000,1795000,36000,36000,BIG=35000|MID=36000|usb_pwr_therm=29435|btmspkr_therm=29368|disp_therm=29346|north_therm=29613|soc_therm=32173|battery=29300|battery_cycle=5|dc-mains=33000|usbc-therm-adc=330|max77779fg=29300|LITTLE=35000|soc=1|smpl_gm=0|vdroop1=0|batoilo=0|batoilo2=0|batt_vs=29300|mdis_morepower=0|thb_hda=51|cp_on_chip_0=34000|cp_on_chip_1=36000|G3D=34000|cp_on_chip_2=36000|cp_on_chip_3=33000|cp_on_chip_4=34000|rf2_therm=31000|rf1_therm=32000|ISP=33000|TPU=34000|AUR=34000|rfpa_therm=30281|quiet_therm=30704|charging_therm=32173|,BIG=35000|MID=36000|usb_pwr_therm=29435|btmspkr_therm=29368|disp_therm=29346|north_therm=29613|soc_therm=32173|battery=29300|battery_cycle=5|dc-mains=33000|usbc-therm-adc=330|max77779fg=29300|LITTLE=35000|soc=1|smpl_gm=0|vdroop1=0|batoilo=0|batoilo2=0|batt_vs=29300|mdis_morepower=0|thb_hda=51|cp_on_chip_0=34000|cp_on_chip_1=36000|G3D=34000|cp_on_chip_2=36000|cp_on_chip_3=33000|cp_on_chip_4=34000|rf2_therm=31000|rf1_therm=32000|ISP=33000|TPU=34000|AUR=34000|rfpa_therm=30281|quiet_therm=30704|charging_therm=32173|,ok,39000,36000,0,36000,1,single,touched,4096,1024,28,1024,1004232,1024,1037679,0,4,4,ok
1,5,nvhe,4,910000,1795000,36000,36000,BIG=35000|MID=36000|usb_pwr_therm=29435|btmspkr_therm=29368|disp_therm=29346|north_therm=29613|soc_therm=32173|battery=29300|battery_cycle=5|dc-mains=33000|usbc-therm-adc=330|max77779fg=29300|LITTLE=35000|soc=1|smpl_gm=0|vdroop1=0|batoilo=0|batoilo2=0|batt_vs=29300|mdis_morepower=0|thb_hda=51|cp_on_chip_0=34000|cp_on_chip_1=36000|G3D=34000|cp_on_chip_2=36000|cp_on_chip_3=33000|cp_on_chip_4=34000|rf2_therm=31000|rf1_therm=32000|ISP=33000|TPU=34000|AUR=34000|rfpa_therm=30281|quiet_therm=30704|charging_therm=32173|,BIG=35000|MID=36000|usb_pwr_therm=29435|btmspkr_therm=29368|disp_therm=29346|north_therm=29613|soc_therm=32173|battery=29300|battery_cycle=5|dc-mains=33000|usbc-therm-adc=330|max77779fg=29300|LITTLE=35000|soc=1|smpl_gm=0|vdroop1=0|batoilo=0|batoilo2=0|batt_vs=29300|mdis_morepower=0|thb_hda=51|cp_on_chip_0=34000|cp_on_chip_1=36000|G3D=34000|cp_on_chip_2=36000|cp_on_chip_3=33000|cp_on_chip_4=34000|rf2_therm=31000|rf1_therm=32000|ISP=33000|TPU=34000|AUR=34000|rfpa_therm=30281|quiet_therm=30704|charging_therm=32173|,ok,39000,36000,0,36000,1,single,touched,4096,1024,29,1024,931966,1024,901367,0,4,4,ok
1,6,nvhe,4,648000,1549000,36000,38000,BIG=35000|MID=35000|usb_pwr_therm=29435|btmspkr_therm=29368|disp_therm=29346|north_therm=29613|soc_therm=32240|battery=29300|battery_cycle=5|dc-mains=33000|usbc-therm-adc=330|max77779fg=29300|LITTLE=35000|soc=1|smpl_gm=0|vdroop1=0|batoilo=0|batoilo2=0|batt_vs=29300|mdis_morepower=0|thb_hda=51|cp_on_chip_0=34000|cp_on_chip_1=36000|G3D=34000|cp_on_chip_2=36000|cp_on_chip_3=33000|cp_on_chip_4=34000|rf2_therm=31000|rf1_therm=32000|ISP=33000|TPU=34000|AUR=34000|rfpa_therm=30281|quiet_therm=30726|charging_therm=32240|,BIG=35000|MID=36000|usb_pwr_therm=29435|btmspkr_therm=29368|disp_therm=29346|north_therm=29613|soc_therm=32306|battery=29300|battery_cycle=5|dc-mains=33000|usbc-therm-adc=330|max77779fg=29300|LITTLE=35000|soc=1|smpl_gm=0|vdroop1=0|batoilo=0|batoilo2=0|batt_vs=29300|mdis_morepower=0|thb_hda=51|cp_on_chip_0=34000|cp_on_chip_1=36000|G3D=34000|cp_on_chip_2=36000|cp_on_chip_3=33000|cp_on_chip_4=34000|rf2_therm=31000|rf1_therm=32000|ISP=33000|TPU=34000|AUR=34000|rfpa_therm=30281|quiet_therm=30748|charging_therm=32284|,ok,39000,37000,0,37000,1,batched,untouched,4096,1024,0,1,12696,0,2075,0,4,4,ok
1,6,nvhe,4,648000,1549000,36000,38000,BIG=35000|MID=35000|usb_pwr_therm=29435|btmspkr_therm=29368|disp_therm=29346|north_therm=29613|soc_therm=32240|battery=29300|battery_cycle=5|dc-mains=33000|usbc-therm-adc=330|max77779fg=29300|LITTLE=35000|soc=1|smpl_gm=0|vdroop1=0|batoilo=0|batoilo2=0|batt_vs=29300|mdis_morepower=0|thb_hda=51|cp_on_chip_0=34000|cp_on_chip_1=36000|G3D=34000|cp_on_chip_2=36000|cp_on_chip_3=33000|cp_on_chip_4=34000|rf2_therm=31000|rf1_therm=32000|ISP=33000|TPU=34000|AUR=34000|rfpa_therm=30281|quiet_therm=30726|charging_therm=32240|,BIG=35000|MID=36000|usb_pwr_therm=29435|btmspkr_therm=29368|disp_therm=29346|north_therm=29613|soc_therm=32306|battery=29300|battery_cycle=5|dc-mains=33000|usbc-therm-adc=330|max77779fg=29300|LITTLE=35000|soc=1|smpl_gm=0|vdroop1=0|batoilo=0|batoilo2=0|batt_vs=29300|mdis_morepower=0|thb_hda=51|cp_on_chip_0=34000|cp_on_chip_1=36000|G3D=34000|cp_on_chip_2=36000|cp_on_chip_3=33000|cp_on_chip_4=34000|rf2_therm=31000|rf1_therm=32000|ISP=33000|TPU=34000|AUR=34000|rfpa_therm=30281|quiet_therm=30748|charging_therm=32284|,ok,39000,37000,0,37000,1,batched,untouched,4096,1024,1,1,10051,0,854,0,4,4,ok
1,6,nvhe,4,648000,1549000,36000,38000,BIG=35000|MID=35000|usb_pwr_therm=29435|btmspkr_therm=29368|disp_therm=29346|north_therm=29613|soc_therm=32240|battery=29300|battery_cycle=5|dc-mains=33000|usbc-therm-adc=330|max77779fg=29300|LITTLE=35000|soc=1|smpl_gm=0|vdroop1=0|batoilo=0|batoilo2=0|batt_vs=29300|mdis_morepower=0|thb_hda=51|cp_on_chip_0=34000|cp_on_chip_1=36000|G3D=34000|cp_on_chip_2=36000|cp_on_chip_3=33000|cp_on_chip_4=34000|rf2_therm=31000|rf1_therm=32000|ISP=33000|TPU=34000|AUR=34000|rfpa_therm=30281|quiet_therm=30726|charging_therm=32240|,BIG=35000|MID=36000|usb_pwr_therm=29435|btmspkr_therm=29368|disp_therm=29346|north_therm=29613|soc_therm=32306|battery=29300|battery_cycle=5|dc-mains=33000|usbc-therm-adc=330|max77779fg=29300|LITTLE=35000|soc=1|smpl_gm=0|vdroop1=0|batoilo=0|batoilo2=0|batt_vs=29300|mdis_morepower=0|thb_hda=51|cp_on_chip_0=34000|cp_on_chip_1=36000|G3D=34000|cp_on_chip_2=36000|cp_on_chip_3=33000|cp_on_chip_4=34000|rf2_therm=31000|rf1_therm=32000|ISP=33000|TPU=34000|AUR=34000|rfpa_therm=30281|quiet_therm=30748|charging_therm=32284|,ok,39000,37000,0,37000,1,batched,untouched,4096,1024,2,1,7934,0,814,0,4,4,ok
1,6,nvhe,4,648000,1549000,36000,38000,BIG=35000|MID=35000|usb_pwr_therm=29435|btmspkr_therm=29368|disp_therm=29346|north_therm=29613|soc_therm=32240|battery=29300|battery_cycle=5|dc-mains=33000|usbc-therm-adc=330|max77779fg=29300|LITTLE=35000|soc=1|smpl_gm=0|vdroop1=0|batoilo=0|batoilo2=0|batt_vs=29300|mdis_morepower=0|thb_hda=51|cp_on_chip_0=34000|cp_on_chip_1=36000|G3D=34000|cp_on_chip_2=36000|cp_on_chip_3=33000|cp_on_chip_4=34000|rf2_therm=31000|rf1_therm=32000|ISP=33000|TPU=34000|AUR=34000|rfpa_therm=30281|quiet_therm=30726|charging_therm=32240|,BIG=35000|MID=36000|usb_pwr_therm=29435|btmspkr_therm=29368|disp_therm=29346|north_therm=29613|soc_therm=32306|battery=29300|battery_cycle=5|dc-mains=33000|usbc-therm-adc=330|max77779fg=29300|LITTLE=35000|soc=1|smpl_gm=0|vdroop1=0|batoilo=0|batoilo2=0|batt_vs=29300|mdis_morepower=0|thb_hda=51|cp_on_chip_0=34000|cp_on_chip_1=36000|G3D=34000|cp_on_chip_2=36000|cp_on_chip_3=33000|cp_on_chip_4=34000|rf2_therm=31000|rf1_therm=32000|ISP=33000|TPU=34000|AUR=34000|rfpa_therm=30281|quiet_therm=30748|charging_therm=32284|,ok,39000,37000,0,37000,1,batched,untouched,4096,1024,3,1,8789,0,732,0,4,4,ok
1,6,nvhe,4,648000,1549000,36000,38000,BIG=35000|MID=35000|usb_pwr_therm=29435|btmspkr_therm=29368|disp_therm=29346|north_therm=29613|soc_therm=32240|battery=29300|battery_cycle=5|dc-mains=33000|usbc-therm-adc=330|max77779fg=29300|LITTLE=35000|soc=1|smpl_gm=0|vdroop1=0|batoilo=0|batoilo2=0|batt_vs=29300|mdis_morepower=0|thb_hda=51|cp_on_chip_0=34000|cp_on_chip_1=36000|G3D=34000|cp_on_chip_2=36000|cp_on_chip_3=33000|cp_on_chip_4=34000|rf2_therm=31000|rf1_therm=32000|ISP=33000|TPU=34000|AUR=34000|rfpa_therm=30281|quiet_therm=30726|charging_therm=32240|,BIG=35000|MID=36000|usb_pwr_therm=29435|btmspkr_therm=29368|disp_therm=29346|north_therm=29613|soc_therm=32306|battery=29300|battery_cycle=5|dc-mains=33000|usbc-therm-adc=330|max77779fg=29300|LITTLE=35000|soc=1|smpl_gm=0|vdroop1=0|batoilo=0|batoilo2=0|batt_vs=29300|mdis_morepower=0|thb_hda=51|cp_on_chip_0=34000|cp_on_chip_1=36000|G3D=34000|cp_on_chip_2=36000|cp_on_chip_3=33000|cp_on_chip_4=34000|rf2_therm=31000|rf1_therm=32000|ISP=33000|TPU=34000|AUR=34000|rfpa_therm=30281|quiet_therm=30748|charging_therm=32284|,ok,39000,37000,0,37000,1,batched,untouched,4096,1024,4,1,11759,0,732,0,4,4,ok
1,6,nvhe,4,648000,1549000,36000,38000,BIG=35000|MID=35000|usb_pwr_therm=29435|btmspkr_therm=29368|disp_therm=29346|north_therm=29613|soc_therm=32240|battery=29300|battery_cycle=5|dc-mains=33000|usbc-therm-adc=330|max77779fg=29300|LITTLE=35000|soc=1|smpl_gm=0|vdroop1=0|batoilo=0|batoilo2=0|batt_vs=29300|mdis_morepower=0|thb_hda=51|cp_on_chip_0=34000|cp_on_chip_1=36000|G3D=34000|cp_on_chip_2=36000|cp_on_chip_3=33000|cp_on_chip_4=34000|rf2_therm=31000|rf1_therm=32000|ISP=33000|TPU=34000|AUR=34000|rfpa_therm=30281|quiet_therm=30726|charging_therm=32240|,BIG=35000|MID=36000|usb_pwr_therm=29435|btmspkr_therm=29368|disp_therm=29346|north_therm=29613|soc_therm=32306|battery=29300|battery_cycle=5|dc-mains=33000|usbc-therm-adc=330|max77779fg=29300|LITTLE=35000|soc=1|smpl_gm=0|vdroop1=0|batoilo=0|batoilo2=0|batt_vs=29300|mdis_morepower=0|thb_hda=51|cp_on_chip_0=34000|cp_on_chip_1=36000|G3D=34000|cp_on_chip_2=36000|cp_on_chip_3=33000|cp_on_chip_4=34000|rf2_therm=31000|rf1_therm=32000|ISP=33000|TPU=34000|AUR=34000|rfpa_therm=30281|quiet_therm=30748|charging_therm=32284|,ok,39000,37000,0,37000,1,batched,untouched,4096,1024,5,1,6876,0,732,0,4,4,ok
1,6,nvhe,4,648000,1549000,36000,38000,BIG=35000|MID=35000|usb_pwr_therm=29435|btmspkr_therm=29368|disp_therm=29346|north_therm=29613|soc_therm=32240|battery=29300|battery_cycle=5|dc-mains=33000|usbc-therm-adc=330|max77779fg=29300|LITTLE=35000|soc=1|smpl_gm=0|vdroop1=0|batoilo=0|batoilo2=0|batt_vs=29300|mdis_morepower=0|thb_hda=51|cp_on_chip_0=34000|cp_on_chip_1=36000|G3D=34000|cp_on_chip_2=36000|cp_on_chip_3=33000|cp_on_chip_4=34000|rf2_therm=31000|rf1_therm=32000|ISP=33000|TPU=34000|AUR=34000|rfpa_therm=30281|quiet_therm=30726|charging_therm=32240|,BIG=35000|MID=36000|usb_pwr_therm=29435|btmspkr_therm=29368|disp_therm=29346|north_therm=29613|soc_therm=32306|battery=29300|battery_cycle=5|dc-mains=33000|usbc-therm-adc=330|max77779fg=29300|LITTLE=35000|soc=1|smpl_gm=0|vdroop1=0|batoilo=0|batoilo2=0|batt_vs=29300|mdis_morepower=0|thb_hda=51|cp_on_chip_0=34000|cp_on_chip_1=36000|G3D=34000|cp_on_chip_2=36000|cp_on_chip_3=33000|cp_on_chip_4=34000|rf2_therm=31000|rf1_therm=32000|ISP=33000|TPU=34000|AUR=34000|rfpa_therm=30281|quiet_therm=30748|charging_therm=32284|,ok,39000,37000,0,37000,1,batched,untouched,4096,1024,6,1,8382,0,732,0,4,4,ok
1,6,nvhe,4,648000,1549000,36000,38000,BIG=35000|MID=35000|usb_pwr_therm=29435|btmspkr_therm=29368|disp_therm=29346|north_therm=29613|soc_therm=32240|battery=29300|battery_cycle=5|dc-mains=33000|usbc-therm-adc=330|max77779fg=29300|LITTLE=35000|soc=1|smpl_gm=0|vdroop1=0|batoilo=0|batoilo2=0|batt_vs=29300|mdis_morepower=0|thb_hda=51|cp_on_chip_0=34000|cp_on_chip_1=36000|G3D=34000|cp_on_chip_2=36000|cp_on_chip_3=33000|cp_on_chip_4=34000|rf2_therm=31000|rf1_therm=32000|ISP=33000|TPU=34000|AUR=34000|rfpa_therm=30281|quiet_therm=30726|charging_therm=32240|,BIG=35000|MID=36000|usb_pwr_therm=29435|btmspkr_therm=29368|disp_therm=29346|north_therm=29613|soc_therm=32306|battery=29300|battery_cycle=5|dc-mains=33000|usbc-therm-adc=330|max77779fg=29300|LITTLE=35000|soc=1|smpl_gm=0|vdroop1=0|batoilo=0|batoilo2=0|batt_vs=29300|mdis_morepower=0|thb_hda=51|cp_on_chip_0=34000|cp_on_chip_1=36000|G3D=34000|cp_on_chip_2=36000|cp_on_chip_3=33000|cp_on_chip_4=34000|rf2_therm=31000|rf1_therm=32000|ISP=33000|TPU=34000|AUR=34000|rfpa_therm=30281|quiet_therm=30748|charging_therm=32284|,ok,39000,37000,0,37000,1,batched,untouched,4096,1024,7,1,6185,0,692,0,4,4,ok
1,6,nvhe,4,648000,1549000,36000,38000,BIG=35000|MID=35000|usb_pwr_therm=29435|btmspkr_therm=29368|disp_therm=29346|north_therm=29613|soc_therm=32240|battery=29300|battery_cycle=5|dc-mains=33000|usbc-therm-adc=330|max77779fg=29300|LITTLE=35000|soc=1|smpl_gm=0|vdroop1=0|batoilo=0|batoilo2=0|batt_vs=29300|mdis_morepower=0|thb_hda=51|cp_on_chip_0=34000|cp_on_chip_1=36000|G3D=34000|cp_on_chip_2=36000|cp_on_chip_3=33000|cp_on_chip_4=34000|rf2_therm=31000|rf1_therm=32000|ISP=33000|TPU=34000|AUR=34000|rfpa_therm=30281|quiet_therm=30726|charging_therm=32240|,BIG=35000|MID=36000|usb_pwr_therm=29435|btmspkr_therm=29368|disp_therm=29346|north_therm=29613|soc_therm=32306|battery=29300|battery_cycle=5|dc-mains=33000|usbc-therm-adc=330|max77779fg=29300|LITTLE=35000|soc=1|smpl_gm=0|vdroop1=0|batoilo=0|batoilo2=0|batt_vs=29300|mdis_morepower=0|thb_hda=51|cp_on_chip_0=34000|cp_on_chip_1=36000|G3D=34000|cp_on_chip_2=36000|cp_on_chip_3=33000|cp_on_chip_4=34000|rf2_therm=31000|rf1_therm=32000|ISP=33000|TPU=34000|AUR=34000|rfpa_therm=30281|quiet_therm=30748|charging_therm=32284|,ok,39000,37000,0,37000,1,batched,untouched,4096,1024,8,1,9522,0,692,0,4,4,ok
1,6,nvhe,4,648000,1549000,36000,38000,BIG=35000|MID=35000|usb_pwr_therm=29435|btmspkr_therm=29368|disp_therm=29346|north_therm=29613|soc_therm=32240|battery=29300|battery_cycle=5|dc-mains=33000|usbc-therm-adc=330|max77779fg=29300|LITTLE=35000|soc=1|smpl_gm=0|vdroop1=0|batoilo=0|batoilo2=0|batt_vs=29300|mdis_morepower=0|thb_hda=51|cp_on_chip_0=34000|cp_on_chip_1=36000|G3D=34000|cp_on_chip_2=36000|cp_on_chip_3=33000|cp_on_chip_4=34000|rf2_therm=31000|rf1_therm=32000|ISP=33000|TPU=34000|AUR=34000|rfpa_therm=30281|quiet_therm=30726|charging_therm=32240|,BIG=35000|MID=36000|usb_pwr_therm=29435|btmspkr_therm=29368|disp_therm=29346|north_therm=29613|soc_therm=32306|battery=29300|battery_cycle=5|dc-mains=33000|usbc-therm-adc=330|max77779fg=29300|LITTLE=35000|soc=1|smpl_gm=0|vdroop1=0|batoilo=0|batoilo2=0|batt_vs=29300|mdis_morepower=0|thb_hda=51|cp_on_chip_0=34000|cp_on_chip_1=36000|G3D=34000|cp_on_chip_2=36000|cp_on_chip_3=33000|cp_on_chip_4=34000|rf2_therm=31000|rf1_therm=32000|ISP=33000|TPU=34000|AUR=34000|rfpa_therm=30281|quiet_therm=30748|charging_therm=32284|,ok,39000,37000,0,37000,1,batched,untouched,4096,1024,9,1,5534,0,691,0,4,4,ok
1,6,nvhe,4,648000,1549000,36000,38000,BIG=35000|MID=35000|usb_pwr_therm=29435|btmspkr_therm=29368|disp_therm=29346|north_therm=29613|soc_therm=32240|battery=29300|battery_cycle=5|dc-mains=33000|usbc-therm-adc=330|max77779fg=29300|LITTLE=35000|soc=1|smpl_gm=0|vdroop1=0|batoilo=0|batoilo2=0|batt_vs=29300|mdis_morepower=0|thb_hda=51|cp_on_chip_0=34000|cp_on_chip_1=36000|G3D=34000|cp_on_chip_2=36000|cp_on_chip_3=33000|cp_on_chip_4=34000|rf2_therm=31000|rf1_therm=32000|ISP=33000|TPU=34000|AUR=34000|rfpa_therm=30281|quiet_therm=30726|charging_therm=32240|,BIG=35000|MID=36000|usb_pwr_therm=29435|btmspkr_therm=29368|disp_therm=29346|north_therm=29613|soc_therm=32306|battery=29300|battery_cycle=5|dc-mains=33000|usbc-therm-adc=330|max77779fg=29300|LITTLE=35000|soc=1|smpl_gm=0|vdroop1=0|batoilo=0|batoilo2=0|batt_vs=29300|mdis_morepower=0|thb_hda=51|cp_on_chip_0=34000|cp_on_chip_1=36000|G3D=34000|cp_on_chip_2=36000|cp_on_chip_3=33000|cp_on_chip_4=34000|rf2_therm=31000|rf1_therm=32000|ISP=33000|TPU=34000|AUR=34000|rfpa_therm=30281|quiet_therm=30748|charging_therm=32284|,ok,39000,37000,0,37000,1,batched,untouched,4096,1024,10,1,5005,0,691,0,4,4,ok
1,6,nvhe,4,648000,1549000,36000,38000,BIG=35000|MID=35000|usb_pwr_therm=29435|btmspkr_therm=29368|disp_therm=29346|north_therm=29613|soc_therm=32240|battery=29300|battery_cycle=5|dc-mains=33000|usbc-therm-adc=330|max77779fg=29300|LITTLE=35000|soc=1|smpl_gm=0|vdroop1=0|batoilo=0|batoilo2=0|batt_vs=29300|mdis_morepower=0|thb_hda=51|cp_on_chip_0=34000|cp_on_chip_1=36000|G3D=34000|cp_on_chip_2=36000|cp_on_chip_3=33000|cp_on_chip_4=34000|rf2_therm=31000|rf1_therm=32000|ISP=33000|TPU=34000|AUR=34000|rfpa_therm=30281|quiet_therm=30726|charging_therm=32240|,BIG=35000|MID=36000|usb_pwr_therm=29435|btmspkr_therm=29368|disp_therm=29346|north_therm=29613|soc_therm=32306|battery=29300|battery_cycle=5|dc-mains=33000|usbc-therm-adc=330|max77779fg=29300|LITTLE=35000|soc=1|smpl_gm=0|vdroop1=0|batoilo=0|batoilo2=0|batt_vs=29300|mdis_morepower=0|thb_hda=51|cp_on_chip_0=34000|cp_on_chip_1=36000|G3D=34000|cp_on_chip_2=36000|cp_on_chip_3=33000|cp_on_chip_4=34000|rf2_therm=31000|rf1_therm=32000|ISP=33000|TPU=34000|AUR=34000|rfpa_therm=30281|quiet_therm=30748|charging_therm=32284|,ok,39000,37000,0,37000,1,batched,untouched,4096,1024,11,1,4843,0,732,0,4,4,ok
1,6,nvhe,4,648000,1549000,36000,38000,BIG=35000|MID=35000|usb_pwr_therm=29435|btmspkr_therm=29368|disp_therm=29346|north_therm=29613|soc_therm=32240|battery=29300|battery_cycle=5|dc-mains=33000|usbc-therm-adc=330|max77779fg=29300|LITTLE=35000|soc=1|smpl_gm=0|vdroop1=0|batoilo=0|batoilo2=0|batt_vs=29300|mdis_morepower=0|thb_hda=51|cp_on_chip_0=34000|cp_on_chip_1=36000|G3D=34000|cp_on_chip_2=36000|cp_on_chip_3=33000|cp_on_chip_4=34000|rf2_therm=31000|rf1_therm=32000|ISP=33000|TPU=34000|AUR=34000|rfpa_therm=30281|quiet_therm=30726|charging_therm=32240|,BIG=35000|MID=36000|usb_pwr_therm=29435|btmspkr_therm=29368|disp_therm=29346|north_therm=29613|soc_therm=32306|battery=29300|battery_cycle=5|dc-mains=33000|usbc-therm-adc=330|max77779fg=29300|LITTLE=35000|soc=1|smpl_gm=0|vdroop1=0|batoilo=0|batoilo2=0|batt_vs=29300|mdis_morepower=0|thb_hda=51|cp_on_chip_0=34000|cp_on_chip_1=36000|G3D=34000|cp_on_chip_2=36000|cp_on_chip_3=33000|cp_on_chip_4=34000|rf2_therm=31000|rf1_therm=32000|ISP=33000|TPU=34000|AUR=34000|rfpa_therm=30281|quiet_therm=30748|charging_therm=32284|,ok,39000,37000,0,37000,1,batched,untouched,4096,1024,12,1,3255,0,732,0,4,4,ok
1,6,nvhe,4,648000,1549000,36000,38000,BIG=35000|MID=35000|usb_pwr_therm=29435|btmspkr_therm=29368|disp_therm=29346|north_therm=29613|soc_therm=32240|battery=29300|battery_cycle=5|dc-mains=33000|usbc-therm-adc=330|max77779fg=29300|LITTLE=35000|soc=1|smpl_gm=0|vdroop1=0|batoilo=0|batoilo2=0|batt_vs=29300|mdis_morepower=0|thb_hda=51|cp_on_chip_0=34000|cp_on_chip_1=36000|G3D=34000|cp_on_chip_2=36000|cp_on_chip_3=33000|cp_on_chip_4=34000|rf2_therm=31000|rf1_therm=32000|ISP=33000|TPU=34000|AUR=34000|rfpa_therm=30281|quiet_therm=30726|charging_therm=32240|,BIG=35000|MID=36000|usb_pwr_therm=29435|btmspkr_therm=29368|disp_therm=29346|north_therm=29613|soc_therm=32306|battery=29300|battery_cycle=5|dc-mains=33000|usbc-therm-adc=330|max77779fg=29300|LITTLE=35000|soc=1|smpl_gm=0|vdroop1=0|batoilo=0|batoilo2=0|batt_vs=29300|mdis_morepower=0|thb_hda=51|cp_on_chip_0=34000|cp_on_chip_1=36000|G3D=34000|cp_on_chip_2=36000|cp_on_chip_3=33000|cp_on_chip_4=34000|rf2_therm=31000|rf1_therm=32000|ISP=33000|TPU=34000|AUR=34000|rfpa_therm=30281|quiet_therm=30748|charging_therm=32284|,ok,39000,37000,0,37000,1,batched,untouched,4096,1024,13,1,3256,0,732,0,4,4,ok
1,6,nvhe,4,648000,1549000,36000,38000,BIG=35000|MID=35000|usb_pwr_therm=29435|btmspkr_therm=29368|disp_therm=29346|north_therm=29613|soc_therm=32240|battery=29300|battery_cycle=5|dc-mains=33000|usbc-therm-adc=330|max77779fg=29300|LITTLE=35000|soc=1|smpl_gm=0|vdroop1=0|batoilo=0|batoilo2=0|batt_vs=29300|mdis_morepower=0|thb_hda=51|cp_on_chip_0=34000|cp_on_chip_1=36000|G3D=34000|cp_on_chip_2=36000|cp_on_chip_3=33000|cp_on_chip_4=34000|rf2_therm=31000|rf1_therm=32000|ISP=33000|TPU=34000|AUR=34000|rfpa_therm=30281|quiet_therm=30726|charging_therm=32240|,BIG=35000|MID=36000|usb_pwr_therm=29435|btmspkr_therm=29368|disp_therm=29346|north_therm=29613|soc_therm=32306|battery=29300|battery_cycle=5|dc-mains=33000|usbc-therm-adc=330|max77779fg=29300|LITTLE=35000|soc=1|smpl_gm=0|vdroop1=0|batoilo=0|batoilo2=0|batt_vs=29300|mdis_morepower=0|thb_hda=51|cp_on_chip_0=34000|cp_on_chip_1=36000|G3D=34000|cp_on_chip_2=36000|cp_on_chip_3=33000|cp_on_chip_4=34000|rf2_therm=31000|rf1_therm=32000|ISP=33000|TPU=34000|AUR=34000|rfpa_therm=30281|quiet_therm=30748|charging_therm=32284|,ok,39000,37000,0,37000,1,batched,untouched,4096,1024,14,1,3255,0,733,0,4,4,ok
1,6,nvhe,4,648000,1549000,36000,38000,BIG=35000|MID=35000|usb_pwr_therm=29435|btmspkr_therm=29368|disp_therm=29346|north_therm=29613|soc_therm=32240|battery=29300|battery_cycle=5|dc-mains=33000|usbc-therm-adc=330|max77779fg=29300|LITTLE=35000|soc=1|smpl_gm=0|vdroop1=0|batoilo=0|batoilo2=0|batt_vs=29300|mdis_morepower=0|thb_hda=51|cp_on_chip_0=34000|cp_on_chip_1=36000|G3D=34000|cp_on_chip_2=36000|cp_on_chip_3=33000|cp_on_chip_4=34000|rf2_therm=31000|rf1_therm=32000|ISP=33000|TPU=34000|AUR=34000|rfpa_therm=30281|quiet_therm=30726|charging_therm=32240|,BIG=35000|MID=36000|usb_pwr_therm=29435|btmspkr_therm=29368|disp_therm=29346|north_therm=29613|soc_therm=32306|battery=29300|battery_cycle=5|dc-mains=33000|usbc-therm-adc=330|max77779fg=29300|LITTLE=35000|soc=1|smpl_gm=0|vdroop1=0|batoilo=0|batoilo2=0|batt_vs=29300|mdis_morepower=0|thb_hda=51|cp_on_chip_0=34000|cp_on_chip_1=36000|G3D=34000|cp_on_chip_2=36000|cp_on_chip_3=33000|cp_on_chip_4=34000|rf2_therm=31000|rf1_therm=32000|ISP=33000|TPU=34000|AUR=34000|rfpa_therm=30281|quiet_therm=30748|charging_therm=32284|,ok,39000,37000,0,37000,1,batched,untouched,4096,1024,15,1,4679,0,733,0,4,4,ok
1,6,nvhe,4,648000,1549000,36000,38000,BIG=35000|MID=35000|usb_pwr_therm=29435|btmspkr_therm=29368|disp_therm=29346|north_therm=29613|soc_therm=32240|battery=29300|battery_cycle=5|dc-mains=33000|usbc-therm-adc=330|max77779fg=29300|LITTLE=35000|soc=1|smpl_gm=0|vdroop1=0|batoilo=0|batoilo2=0|batt_vs=29300|mdis_morepower=0|thb_hda=51|cp_on_chip_0=34000|cp_on_chip_1=36000|G3D=34000|cp_on_chip_2=36000|cp_on_chip_3=33000|cp_on_chip_4=34000|rf2_therm=31000|rf1_therm=32000|ISP=33000|TPU=34000|AUR=34000|rfpa_therm=30281|quiet_therm=30726|charging_therm=32240|,BIG=35000|MID=36000|usb_pwr_therm=29435|btmspkr_therm=29368|disp_therm=29346|north_therm=29613|soc_therm=32306|battery=29300|battery_cycle=5|dc-mains=33000|usbc-therm-adc=330|max77779fg=29300|LITTLE=35000|soc=1|smpl_gm=0|vdroop1=0|batoilo=0|batoilo2=0|batt_vs=29300|mdis_morepower=0|thb_hda=51|cp_on_chip_0=34000|cp_on_chip_1=36000|G3D=34000|cp_on_chip_2=36000|cp_on_chip_3=33000|cp_on_chip_4=34000|rf2_therm=31000|rf1_therm=32000|ISP=33000|TPU=34000|AUR=34000|rfpa_therm=30281|quiet_therm=30748|charging_therm=32284|,ok,39000,37000,0,37000,1,batched,untouched,4096,1024,16,1,5859,0,692,0,4,4,ok
1,6,nvhe,4,648000,1549000,36000,38000,BIG=35000|MID=35000|usb_pwr_therm=29435|btmspkr_therm=29368|disp_therm=29346|north_therm=29613|soc_therm=32240|battery=29300|battery_cycle=5|dc-mains=33000|usbc-therm-adc=330|max77779fg=29300|LITTLE=35000|soc=1|smpl_gm=0|vdroop1=0|batoilo=0|batoilo2=0|batt_vs=29300|mdis_morepower=0|thb_hda=51|cp_on_chip_0=34000|cp_on_chip_1=36000|G3D=34000|cp_on_chip_2=36000|cp_on_chip_3=33000|cp_on_chip_4=34000|rf2_therm=31000|rf1_therm=32000|ISP=33000|TPU=34000|AUR=34000|rfpa_therm=30281|quiet_therm=30726|charging_therm=32240|,BIG=35000|MID=36000|usb_pwr_therm=29435|btmspkr_therm=29368|disp_therm=29346|north_therm=29613|soc_therm=32306|battery=29300|battery_cycle=5|dc-mains=33000|usbc-therm-adc=330|max77779fg=29300|LITTLE=35000|soc=1|smpl_gm=0|vdroop1=0|batoilo=0|batoilo2=0|batt_vs=29300|mdis_morepower=0|thb_hda=51|cp_on_chip_0=34000|cp_on_chip_1=36000|G3D=34000|cp_on_chip_2=36000|cp_on_chip_3=33000|cp_on_chip_4=34000|rf2_therm=31000|rf1_therm=32000|ISP=33000|TPU=34000|AUR=34000|rfpa_therm=30281|quiet_therm=30748|charging_therm=32284|,ok,39000,37000,0,37000,1,batched,untouched,4096,1024,17,1,5005,0,732,0,4,4,ok
1,6,nvhe,4,648000,1549000,36000,38000,BIG=35000|MID=35000|usb_pwr_therm=29435|btmspkr_therm=29368|disp_therm=29346|north_therm=29613|soc_therm=32240|battery=29300|battery_cycle=5|dc-mains=33000|usbc-therm-adc=330|max77779fg=29300|LITTLE=35000|soc=1|smpl_gm=0|vdroop1=0|batoilo=0|batoilo2=0|batt_vs=29300|mdis_morepower=0|thb_hda=51|cp_on_chip_0=34000|cp_on_chip_1=36000|G3D=34000|cp_on_chip_2=36000|cp_on_chip_3=33000|cp_on_chip_4=34000|rf2_therm=31000|rf1_therm=32000|ISP=33000|TPU=34000|AUR=34000|rfpa_therm=30281|quiet_therm=30726|charging_therm=32240|,BIG=35000|MID=36000|usb_pwr_therm=29435|btmspkr_therm=29368|disp_therm=29346|north_therm=29613|soc_therm=32306|battery=29300|battery_cycle=5|dc-mains=33000|usbc-therm-adc=330|max77779fg=29300|LITTLE=35000|soc=1|smpl_gm=0|vdroop1=0|batoilo=0|batoilo2=0|batt_vs=29300|mdis_morepower=0|thb_hda=51|cp_on_chip_0=34000|cp_on_chip_1=36000|G3D=34000|cp_on_chip_2=36000|cp_on_chip_3=33000|cp_on_chip_4=34000|rf2_therm=31000|rf1_therm=32000|ISP=33000|TPU=34000|AUR=34000|rfpa_therm=30281|quiet_therm=30748|charging_therm=32284|,ok,39000,37000,0,37000,1,batched,untouched,4096,1024,18,1,3784,0,732,0,4,4,ok
1,6,nvhe,4,648000,1549000,36000,38000,BIG=35000|MID=35000|usb_pwr_therm=29435|btmspkr_therm=29368|disp_therm=29346|north_therm=29613|soc_therm=32240|battery=29300|battery_cycle=5|dc-mains=33000|usbc-therm-adc=330|max77779fg=29300|LITTLE=35000|soc=1|smpl_gm=0|vdroop1=0|batoilo=0|batoilo2=0|batt_vs=29300|mdis_morepower=0|thb_hda=51|cp_on_chip_0=34000|cp_on_chip_1=36000|G3D=34000|cp_on_chip_2=36000|cp_on_chip_3=33000|cp_on_chip_4=34000|rf2_therm=31000|rf1_therm=32000|ISP=33000|TPU=34000|AUR=34000|rfpa_therm=30281|quiet_therm=30726|charging_therm=32240|,BIG=35000|MID=36000|usb_pwr_therm=29435|btmspkr_therm=29368|disp_therm=29346|north_therm=29613|soc_therm=32306|battery=29300|battery_cycle=5|dc-mains=33000|usbc-therm-adc=330|max77779fg=29300|LITTLE=35000|soc=1|smpl_gm=0|vdroop1=0|batoilo=0|batoilo2=0|batt_vs=29300|mdis_morepower=0|thb_hda=51|cp_on_chip_0=34000|cp_on_chip_1=36000|G3D=34000|cp_on_chip_2=36000|cp_on_chip_3=33000|cp_on_chip_4=34000|rf2_therm=31000|rf1_therm=32000|ISP=33000|TPU=34000|AUR=34000|rfpa_therm=30281|quiet_therm=30748|charging_therm=32284|,ok,39000,37000,0,37000,1,batched,untouched,4096,1024,19,1,3174,0,733,0,4,4,ok
1,6,nvhe,4,648000,1549000,36000,38000,BIG=35000|MID=35000|usb_pwr_therm=29435|btmspkr_therm=29368|disp_therm=29346|north_therm=29613|soc_therm=32240|battery=29300|battery_cycle=5|dc-mains=33000|usbc-therm-adc=330|max77779fg=29300|LITTLE=35000|soc=1|smpl_gm=0|vdroop1=0|batoilo=0|batoilo2=0|batt_vs=29300|mdis_morepower=0|thb_hda=51|cp_on_chip_0=34000|cp_on_chip_1=36000|G3D=34000|cp_on_chip_2=36000|cp_on_chip_3=33000|cp_on_chip_4=34000|rf2_therm=31000|rf1_therm=32000|ISP=33000|TPU=34000|AUR=34000|rfpa_therm=30281|quiet_therm=30726|charging_therm=32240|,BIG=35000|MID=36000|usb_pwr_therm=29435|btmspkr_therm=29368|disp_therm=29346|north_therm=29613|soc_therm=32306|battery=29300|battery_cycle=5|dc-mains=33000|usbc-therm-adc=330|max77779fg=29300|LITTLE=35000|soc=1|smpl_gm=0|vdroop1=0|batoilo=0|batoilo2=0|batt_vs=29300|mdis_morepower=0|thb_hda=51|cp_on_chip_0=34000|cp_on_chip_1=36000|G3D=34000|cp_on_chip_2=36000|cp_on_chip_3=33000|cp_on_chip_4=34000|rf2_therm=31000|rf1_therm=32000|ISP=33000|TPU=34000|AUR=34000|rfpa_therm=30281|quiet_therm=30748|charging_therm=32284|,ok,39000,37000,0,37000,1,batched,untouched,4096,1024,20,1,4191,0,691,0,4,4,ok
1,6,nvhe,4,648000,1549000,36000,38000,BIG=35000|MID=35000|usb_pwr_therm=29435|btmspkr_therm=29368|disp_therm=29346|north_therm=29613|soc_therm=32240|battery=29300|battery_cycle=5|dc-mains=33000|usbc-therm-adc=330|max77779fg=29300|LITTLE=35000|soc=1|smpl_gm=0|vdroop1=0|batoilo=0|batoilo2=0|batt_vs=29300|mdis_morepower=0|thb_hda=51|cp_on_chip_0=34000|cp_on_chip_1=36000|G3D=34000|cp_on_chip_2=36000|cp_on_chip_3=33000|cp_on_chip_4=34000|rf2_therm=31000|rf1_therm=32000|ISP=33000|TPU=34000|AUR=34000|rfpa_therm=30281|quiet_therm=30726|charging_therm=32240|,BIG=35000|MID=36000|usb_pwr_therm=29435|btmspkr_therm=29368|disp_therm=29346|north_therm=29613|soc_therm=32306|battery=29300|battery_cycle=5|dc-mains=33000|usbc-therm-adc=330|max77779fg=29300|LITTLE=35000|soc=1|smpl_gm=0|vdroop1=0|batoilo=0|batoilo2=0|batt_vs=29300|mdis_morepower=0|thb_hda=51|cp_on_chip_0=34000|cp_on_chip_1=36000|G3D=34000|cp_on_chip_2=36000|cp_on_chip_3=33000|cp_on_chip_4=34000|rf2_therm=31000|rf1_therm=32000|ISP=33000|TPU=34000|AUR=34000|rfpa_therm=30281|quiet_therm=30748|charging_therm=32284|,ok,39000,37000,0,37000,1,batched,untouched,4096,1024,21,1,3866,0,692,0,4,4,ok
1,6,nvhe,4,648000,1549000,36000,38000,BIG=35000|MID=35000|usb_pwr_therm=29435|btmspkr_therm=29368|disp_therm=29346|north_therm=29613|soc_therm=32240|battery=29300|battery_cycle=5|dc-mains=33000|usbc-therm-adc=330|max77779fg=29300|LITTLE=35000|soc=1|smpl_gm=0|vdroop1=0|batoilo=0|batoilo2=0|batt_vs=29300|mdis_morepower=0|thb_hda=51|cp_on_chip_0=34000|cp_on_chip_1=36000|G3D=34000|cp_on_chip_2=36000|cp_on_chip_3=33000|cp_on_chip_4=34000|rf2_therm=31000|rf1_therm=32000|ISP=33000|TPU=34000|AUR=34000|rfpa_therm=30281|quiet_therm=30726|charging_therm=32240|,BIG=35000|MID=36000|usb_pwr_therm=29435|btmspkr_therm=29368|disp_therm=29346|north_therm=29613|soc_therm=32306|battery=29300|battery_cycle=5|dc-mains=33000|usbc-therm-adc=330|max77779fg=29300|LITTLE=35000|soc=1|smpl_gm=0|vdroop1=0|batoilo=0|batoilo2=0|batt_vs=29300|mdis_morepower=0|thb_hda=51|cp_on_chip_0=34000|cp_on_chip_1=36000|G3D=34000|cp_on_chip_2=36000|cp_on_chip_3=33000|cp_on_chip_4=34000|rf2_therm=31000|rf1_therm=32000|ISP=33000|TPU=34000|AUR=34000|rfpa_therm=30281|quiet_therm=30748|charging_therm=32284|,ok,39000,37000,0,37000,1,batched,untouched,4096,1024,22,1,15951,0,732,0,4,4,ok
1,6,nvhe,4,648000,1549000,36000,38000,BIG=35000|MID=35000|usb_pwr_therm=29435|btmspkr_therm=29368|disp_therm=29346|north_therm=29613|soc_therm=32240|battery=29300|battery_cycle=5|dc-mains=33000|usbc-therm-adc=330|max77779fg=29300|LITTLE=35000|soc=1|smpl_gm=0|vdroop1=0|batoilo=0|batoilo2=0|batt_vs=29300|mdis_morepower=0|thb_hda=51|cp_on_chip_0=34000|cp_on_chip_1=36000|G3D=34000|cp_on_chip_2=36000|cp_on_chip_3=33000|cp_on_chip_4=34000|rf2_therm=31000|rf1_therm=32000|ISP=33000|TPU=34000|AUR=34000|rfpa_therm=30281|quiet_therm=30726|charging_therm=32240|,BIG=35000|MID=36000|usb_pwr_therm=29435|btmspkr_therm=29368|disp_therm=29346|north_therm=29613|soc_therm=32306|battery=29300|battery_cycle=5|dc-mains=33000|usbc-therm-adc=330|max77779fg=29300|LITTLE=35000|soc=1|smpl_gm=0|vdroop1=0|batoilo=0|batoilo2=0|batt_vs=29300|mdis_morepower=0|thb_hda=51|cp_on_chip_0=34000|cp_on_chip_1=36000|G3D=34000|cp_on_chip_2=36000|cp_on_chip_3=33000|cp_on_chip_4=34000|rf2_therm=31000|rf1_therm=32000|ISP=33000|TPU=34000|AUR=34000|rfpa_therm=30281|quiet_therm=30748|charging_therm=32284|,ok,39000,37000,0,37000,1,batched,untouched,4096,1024,23,1,7894,0,692,0,4,4,ok
1,6,nvhe,4,648000,1549000,36000,38000,BIG=35000|MID=35000|usb_pwr_therm=29435|btmspkr_therm=29368|disp_therm=29346|north_therm=29613|soc_therm=32240|battery=29300|battery_cycle=5|dc-mains=33000|usbc-therm-adc=330|max77779fg=29300|LITTLE=35000|soc=1|smpl_gm=0|vdroop1=0|batoilo=0|batoilo2=0|batt_vs=29300|mdis_morepower=0|thb_hda=51|cp_on_chip_0=34000|cp_on_chip_1=36000|G3D=34000|cp_on_chip_2=36000|cp_on_chip_3=33000|cp_on_chip_4=34000|rf2_therm=31000|rf1_therm=32000|ISP=33000|TPU=34000|AUR=34000|rfpa_therm=30281|quiet_therm=30726|charging_therm=32240|,BIG=35000|MID=36000|usb_pwr_therm=29435|btmspkr_therm=29368|disp_therm=29346|north_therm=29613|soc_therm=32306|battery=29300|battery_cycle=5|dc-mains=33000|usbc-therm-adc=330|max77779fg=29300|LITTLE=35000|soc=1|smpl_gm=0|vdroop1=0|batoilo=0|batoilo2=0|batt_vs=29300|mdis_morepower=0|thb_hda=51|cp_on_chip_0=34000|cp_on_chip_1=36000|G3D=34000|cp_on_chip_2=36000|cp_on_chip_3=33000|cp_on_chip_4=34000|rf2_therm=31000|rf1_therm=32000|ISP=33000|TPU=34000|AUR=34000|rfpa_therm=30281|quiet_therm=30748|charging_therm=32284|,ok,39000,37000,0,37000,1,batched,untouched,4096,1024,24,1,6754,0,692,0,4,4,ok
1,6,nvhe,4,648000,1549000,36000,38000,BIG=35000|MID=35000|usb_pwr_therm=29435|btmspkr_therm=29368|disp_therm=29346|north_therm=29613|soc_therm=32240|battery=29300|battery_cycle=5|dc-mains=33000|usbc-therm-adc=330|max77779fg=29300|LITTLE=35000|soc=1|smpl_gm=0|vdroop1=0|batoilo=0|batoilo2=0|batt_vs=29300|mdis_morepower=0|thb_hda=51|cp_on_chip_0=34000|cp_on_chip_1=36000|G3D=34000|cp_on_chip_2=36000|cp_on_chip_3=33000|cp_on_chip_4=34000|rf2_therm=31000|rf1_therm=32000|ISP=33000|TPU=34000|AUR=34000|rfpa_therm=30281|quiet_therm=30726|charging_therm=32240|,BIG=35000|MID=36000|usb_pwr_therm=29435|btmspkr_therm=29368|disp_therm=29346|north_therm=29613|soc_therm=32306|battery=29300|battery_cycle=5|dc-mains=33000|usbc-therm-adc=330|max77779fg=29300|LITTLE=35000|soc=1|smpl_gm=0|vdroop1=0|batoilo=0|batoilo2=0|batt_vs=29300|mdis_morepower=0|thb_hda=51|cp_on_chip_0=34000|cp_on_chip_1=36000|G3D=34000|cp_on_chip_2=36000|cp_on_chip_3=33000|cp_on_chip_4=34000|rf2_therm=31000|rf1_therm=32000|ISP=33000|TPU=34000|AUR=34000|rfpa_therm=30281|quiet_therm=30748|charging_therm=32284|,ok,39000,37000,0,37000,1,batched,untouched,4096,1024,25,1,5127,0,733,0,4,4,ok
1,6,nvhe,4,648000,1549000,36000,38000,BIG=35000|MID=35000|usb_pwr_therm=29435|btmspkr_therm=29368|disp_therm=29346|north_therm=29613|soc_therm=32240|battery=29300|battery_cycle=5|dc-mains=33000|usbc-therm-adc=330|max77779fg=29300|LITTLE=35000|soc=1|smpl_gm=0|vdroop1=0|batoilo=0|batoilo2=0|batt_vs=29300|mdis_morepower=0|thb_hda=51|cp_on_chip_0=34000|cp_on_chip_1=36000|G3D=34000|cp_on_chip_2=36000|cp_on_chip_3=33000|cp_on_chip_4=34000|rf2_therm=31000|rf1_therm=32000|ISP=33000|TPU=34000|AUR=34000|rfpa_therm=30281|quiet_therm=30726|charging_therm=32240|,BIG=35000|MID=36000|usb_pwr_therm=29435|btmspkr_therm=29368|disp_therm=29346|north_therm=29613|soc_therm=32306|battery=29300|battery_cycle=5|dc-mains=33000|usbc-therm-adc=330|max77779fg=29300|LITTLE=35000|soc=1|smpl_gm=0|vdroop1=0|batoilo=0|batoilo2=0|batt_vs=29300|mdis_morepower=0|thb_hda=51|cp_on_chip_0=34000|cp_on_chip_1=36000|G3D=34000|cp_on_chip_2=36000|cp_on_chip_3=33000|cp_on_chip_4=34000|rf2_therm=31000|rf1_therm=32000|ISP=33000|TPU=34000|AUR=34000|rfpa_therm=30281|quiet_therm=30748|charging_therm=32284|,ok,39000,37000,0,37000,1,batched,untouched,4096,1024,26,1,5046,0,692,0,4,4,ok
1,6,nvhe,4,648000,1549000,36000,38000,BIG=35000|MID=35000|usb_pwr_therm=29435|btmspkr_therm=29368|disp_therm=29346|north_therm=29613|soc_therm=32240|battery=29300|battery_cycle=5|dc-mains=33000|usbc-therm-adc=330|max77779fg=29300|LITTLE=35000|soc=1|smpl_gm=0|vdroop1=0|batoilo=0|batoilo2=0|batt_vs=29300|mdis_morepower=0|thb_hda=51|cp_on_chip_0=34000|cp_on_chip_1=36000|G3D=34000|cp_on_chip_2=36000|cp_on_chip_3=33000|cp_on_chip_4=34000|rf2_therm=31000|rf1_therm=32000|ISP=33000|TPU=34000|AUR=34000|rfpa_therm=30281|quiet_therm=30726|charging_therm=32240|,BIG=35000|MID=36000|usb_pwr_therm=29435|btmspkr_therm=29368|disp_therm=29346|north_therm=29613|soc_therm=32306|battery=29300|battery_cycle=5|dc-mains=33000|usbc-therm-adc=330|max77779fg=29300|LITTLE=35000|soc=1|smpl_gm=0|vdroop1=0|batoilo=0|batoilo2=0|batt_vs=29300|mdis_morepower=0|thb_hda=51|cp_on_chip_0=34000|cp_on_chip_1=36000|G3D=34000|cp_on_chip_2=36000|cp_on_chip_3=33000|cp_on_chip_4=34000|rf2_therm=31000|rf1_therm=32000|ISP=33000|TPU=34000|AUR=34000|rfpa_therm=30281|quiet_therm=30748|charging_therm=32284|,ok,39000,37000,0,37000,1,batched,untouched,4096,1024,27,1,4721,0,733,0,4,4,ok
1,6,nvhe,4,648000,1549000,36000,38000,BIG=35000|MID=35000|usb_pwr_therm=29435|btmspkr_therm=29368|disp_therm=29346|north_therm=29613|soc_therm=32240|battery=29300|battery_cycle=5|dc-mains=33000|usbc-therm-adc=330|max77779fg=29300|LITTLE=35000|soc=1|smpl_gm=0|vdroop1=0|batoilo=0|batoilo2=0|batt_vs=29300|mdis_morepower=0|thb_hda=51|cp_on_chip_0=34000|cp_on_chip_1=36000|G3D=34000|cp_on_chip_2=36000|cp_on_chip_3=33000|cp_on_chip_4=34000|rf2_therm=31000|rf1_therm=32000|ISP=33000|TPU=34000|AUR=34000|rfpa_therm=30281|quiet_therm=30726|charging_therm=32240|,BIG=35000|MID=36000|usb_pwr_therm=29435|btmspkr_therm=29368|disp_therm=29346|north_therm=29613|soc_therm=32306|battery=29300|battery_cycle=5|dc-mains=33000|usbc-therm-adc=330|max77779fg=29300|LITTLE=35000|soc=1|smpl_gm=0|vdroop1=0|batoilo=0|batoilo2=0|batt_vs=29300|mdis_morepower=0|thb_hda=51|cp_on_chip_0=34000|cp_on_chip_1=36000|G3D=34000|cp_on_chip_2=36000|cp_on_chip_3=33000|cp_on_chip_4=34000|rf2_therm=31000|rf1_therm=32000|ISP=33000|TPU=34000|AUR=34000|rfpa_therm=30281|quiet_therm=30748|charging_therm=32284|,ok,39000,37000,0,37000,1,batched,untouched,4096,1024,28,1,5778,0,732,0,4,4,ok
1,6,nvhe,4,648000,1549000,36000,38000,BIG=35000|MID=35000|usb_pwr_therm=29435|btmspkr_therm=29368|disp_therm=29346|north_therm=29613|soc_therm=32240|battery=29300|battery_cycle=5|dc-mains=33000|usbc-therm-adc=330|max77779fg=29300|LITTLE=35000|soc=1|smpl_gm=0|vdroop1=0|batoilo=0|batoilo2=0|batt_vs=29300|mdis_morepower=0|thb_hda=51|cp_on_chip_0=34000|cp_on_chip_1=36000|G3D=34000|cp_on_chip_2=36000|cp_on_chip_3=33000|cp_on_chip_4=34000|rf2_therm=31000|rf1_therm=32000|ISP=33000|TPU=34000|AUR=34000|rfpa_therm=30281|quiet_therm=30726|charging_therm=32240|,BIG=35000|MID=36000|usb_pwr_therm=29435|btmspkr_therm=29368|disp_therm=29346|north_therm=29613|soc_therm=32306|battery=29300|battery_cycle=5|dc-mains=33000|usbc-therm-adc=330|max77779fg=29300|LITTLE=35000|soc=1|smpl_gm=0|vdroop1=0|batoilo=0|batoilo2=0|batt_vs=29300|mdis_morepower=0|thb_hda=51|cp_on_chip_0=34000|cp_on_chip_1=36000|G3D=34000|cp_on_chip_2=36000|cp_on_chip_3=33000|cp_on_chip_4=34000|rf2_therm=31000|rf1_therm=32000|ISP=33000|TPU=34000|AUR=34000|rfpa_therm=30281|quiet_therm=30748|charging_therm=32284|,ok,39000,37000,0,37000,1,batched,untouched,4096,1024,29,1,5168,0,692,0,4,4,ok
1,7,nvhe,4,578000,1795000,36000,37000,BIG=35000|MID=36000|usb_pwr_therm=29435|btmspkr_therm=29346|disp_therm=29346|north_therm=29613|soc_therm=32351|battery=29300|battery_cycle=5|dc-mains=33000|usbc-therm-adc=330|max77779fg=29300|LITTLE=35000|soc=1|smpl_gm=0|vdroop1=0|batoilo=0|batoilo2=0|batt_vs=29300|mdis_morepower=0|thb_hda=51|cp_on_chip_0=34000|cp_on_chip_1=36000|G3D=34000|cp_on_chip_2=36000|cp_on_chip_3=33000|cp_on_chip_4=34000|rf2_therm=31000|rf1_therm=32000|ISP=33000|TPU=34000|AUR=34000|rfpa_therm=30303|quiet_therm=30770|charging_therm=32329|,BIG=35000|MID=35000|usb_pwr_therm=29435|btmspkr_therm=29346|disp_therm=29346|north_therm=29613|soc_therm=32351|battery=29300|battery_cycle=5|dc-mains=33000|usbc-therm-adc=330|max77779fg=29300|LITTLE=35000|soc=1|smpl_gm=0|vdroop1=0|batoilo=0|batoilo2=0|batt_vs=29300|mdis_morepower=0|thb_hda=51|cp_on_chip_0=34000|cp_on_chip_1=36000|G3D=34000|cp_on_chip_2=36000|cp_on_chip_3=33000|cp_on_chip_4=34000|rf2_therm=31000|rf1_therm=32000|ISP=33000|TPU=34000|AUR=34000|rfpa_therm=30303|quiet_therm=30770|charging_therm=32329|,ok,39000,36000,0,36000,1,single,untouched,4096,512,0,512,8178,0,257039,0,4,4,ok
1,7,nvhe,4,578000,1795000,36000,37000,BIG=35000|MID=36000|usb_pwr_therm=29435|btmspkr_therm=29346|disp_therm=29346|north_therm=29613|soc_therm=32351|battery=29300|battery_cycle=5|dc-mains=33000|usbc-therm-adc=330|max77779fg=29300|LITTLE=35000|soc=1|smpl_gm=0|vdroop1=0|batoilo=0|batoilo2=0|batt_vs=29300|mdis_morepower=0|thb_hda=51|cp_on_chip_0=34000|cp_on_chip_1=36000|G3D=34000|cp_on_chip_2=36000|cp_on_chip_3=33000|cp_on_chip_4=34000|rf2_therm=31000|rf1_therm=32000|ISP=33000|TPU=34000|AUR=34000|rfpa_therm=30303|quiet_therm=30770|charging_therm=32329|,BIG=35000|MID=35000|usb_pwr_therm=29435|btmspkr_therm=29346|disp_therm=29346|north_therm=29613|soc_therm=32351|battery=29300|battery_cycle=5|dc-mains=33000|usbc-therm-adc=330|max77779fg=29300|LITTLE=35000|soc=1|smpl_gm=0|vdroop1=0|batoilo=0|batoilo2=0|batt_vs=29300|mdis_morepower=0|thb_hda=51|cp_on_chip_0=34000|cp_on_chip_1=36000|G3D=34000|cp_on_chip_2=36000|cp_on_chip_3=33000|cp_on_chip_4=34000|rf2_therm=31000|rf1_therm=32000|ISP=33000|TPU=34000|AUR=34000|rfpa_therm=30303|quiet_therm=30770|charging_therm=32329|,ok,39000,36000,0,36000,1,single,untouched,4096,512,1,512,5574,0,256184,0,4,4,ok
1,7,nvhe,4,578000,1795000,36000,37000,BIG=35000|MID=36000|usb_pwr_therm=29435|btmspkr_therm=29346|disp_therm=29346|north_therm=29613|soc_therm=32351|battery=29300|battery_cycle=5|dc-mains=33000|usbc-therm-adc=330|max77779fg=29300|LITTLE=35000|soc=1|smpl_gm=0|vdroop1=0|batoilo=0|batoilo2=0|batt_vs=29300|mdis_morepower=0|thb_hda=51|cp_on_chip_0=34000|cp_on_chip_1=36000|G3D=34000|cp_on_chip_2=36000|cp_on_chip_3=33000|cp_on_chip_4=34000|rf2_therm=31000|rf1_therm=32000|ISP=33000|TPU=34000|AUR=34000|rfpa_therm=30303|quiet_therm=30770|charging_therm=32329|,BIG=35000|MID=35000|usb_pwr_therm=29435|btmspkr_therm=29346|disp_therm=29346|north_therm=29613|soc_therm=32351|battery=29300|battery_cycle=5|dc-mains=33000|usbc-therm-adc=330|max77779fg=29300|LITTLE=35000|soc=1|smpl_gm=0|vdroop1=0|batoilo=0|batoilo2=0|batt_vs=29300|mdis_morepower=0|thb_hda=51|cp_on_chip_0=34000|cp_on_chip_1=36000|G3D=34000|cp_on_chip_2=36000|cp_on_chip_3=33000|cp_on_chip_4=34000|rf2_therm=31000|rf1_therm=32000|ISP=33000|TPU=34000|AUR=34000|rfpa_therm=30303|quiet_therm=30770|charging_therm=32329|,ok,39000,36000,0,36000,1,single,untouched,4096,512,2,512,5452,0,256226,0,4,4,ok
1,7,nvhe,4,578000,1795000,36000,37000,BIG=35000|MID=36000|usb_pwr_therm=29435|btmspkr_therm=29346|disp_therm=29346|north_therm=29613|soc_therm=32351|battery=29300|battery_cycle=5|dc-mains=33000|usbc-therm-adc=330|max77779fg=29300|LITTLE=35000|soc=1|smpl_gm=0|vdroop1=0|batoilo=0|batoilo2=0|batt_vs=29300|mdis_morepower=0|thb_hda=51|cp_on_chip_0=34000|cp_on_chip_1=36000|G3D=34000|cp_on_chip_2=36000|cp_on_chip_3=33000|cp_on_chip_4=34000|rf2_therm=31000|rf1_therm=32000|ISP=33000|TPU=34000|AUR=34000|rfpa_therm=30303|quiet_therm=30770|charging_therm=32329|,BIG=35000|MID=35000|usb_pwr_therm=29435|btmspkr_therm=29346|disp_therm=29346|north_therm=29613|soc_therm=32351|battery=29300|battery_cycle=5|dc-mains=33000|usbc-therm-adc=330|max77779fg=29300|LITTLE=35000|soc=1|smpl_gm=0|vdroop1=0|batoilo=0|batoilo2=0|batt_vs=29300|mdis_morepower=0|thb_hda=51|cp_on_chip_0=34000|cp_on_chip_1=36000|G3D=34000|cp_on_chip_2=36000|cp_on_chip_3=33000|cp_on_chip_4=34000|rf2_therm=31000|rf1_therm=32000|ISP=33000|TPU=34000|AUR=34000|rfpa_therm=30303|quiet_therm=30770|charging_therm=32329|,ok,39000,36000,0,36000,1,single,untouched,4096,512,3,512,3906,0,255574,0,4,4,ok
1,7,nvhe,4,578000,1795000,36000,37000,BIG=35000|MID=36000|usb_pwr_therm=29435|btmspkr_therm=29346|disp_therm=29346|north_therm=29613|soc_therm=32351|battery=29300|battery_cycle=5|dc-mains=33000|usbc-therm-adc=330|max77779fg=29300|LITTLE=35000|soc=1|smpl_gm=0|vdroop1=0|batoilo=0|batoilo2=0|batt_vs=29300|mdis_morepower=0|thb_hda=51|cp_on_chip_0=34000|cp_on_chip_1=36000|G3D=34000|cp_on_chip_2=36000|cp_on_chip_3=33000|cp_on_chip_4=34000|rf2_therm=31000|rf1_therm=32000|ISP=33000|TPU=34000|AUR=34000|rfpa_therm=30303|quiet_therm=30770|charging_therm=32329|,BIG=35000|MID=35000|usb_pwr_therm=29435|btmspkr_therm=29346|disp_therm=29346|north_therm=29613|soc_therm=32351|battery=29300|battery_cycle=5|dc-mains=33000|usbc-therm-adc=330|max77779fg=29300|LITTLE=35000|soc=1|smpl_gm=0|vdroop1=0|batoilo=0|batoilo2=0|batt_vs=29300|mdis_morepower=0|thb_hda=51|cp_on_chip_0=34000|cp_on_chip_1=36000|G3D=34000|cp_on_chip_2=36000|cp_on_chip_3=33000|cp_on_chip_4=34000|rf2_therm=31000|rf1_therm=32000|ISP=33000|TPU=34000|AUR=34000|rfpa_therm=30303|quiet_therm=30770|charging_therm=32329|,ok,39000,36000,0,36000,1,single,untouched,4096,512,4,512,4029,0,255941,0,4,4,ok
1,7,nvhe,4,578000,1795000,36000,37000,BIG=35000|MID=36000|usb_pwr_therm=29435|btmspkr_therm=29346|disp_therm=29346|north_therm=29613|soc_therm=32351|battery=29300|battery_cycle=5|dc-mains=33000|usbc-therm-adc=330|max77779fg=29300|LITTLE=35000|soc=1|smpl_gm=0|vdroop1=0|batoilo=0|batoilo2=0|batt_vs=29300|mdis_morepower=0|thb_hda=51|cp_on_chip_0=34000|cp_on_chip_1=36000|G3D=34000|cp_on_chip_2=36000|cp_on_chip_3=33000|cp_on_chip_4=34000|rf2_therm=31000|rf1_therm=32000|ISP=33000|TPU=34000|AUR=34000|rfpa_therm=30303|quiet_therm=30770|charging_therm=32329|,BIG=35000|MID=35000|usb_pwr_therm=29435|btmspkr_therm=29346|disp_therm=29346|north_therm=29613|soc_therm=32351|battery=29300|battery_cycle=5|dc-mains=33000|usbc-therm-adc=330|max77779fg=29300|LITTLE=35000|soc=1|smpl_gm=0|vdroop1=0|batoilo=0|batoilo2=0|batt_vs=29300|mdis_morepower=0|thb_hda=51|cp_on_chip_0=34000|cp_on_chip_1=36000|G3D=34000|cp_on_chip_2=36000|cp_on_chip_3=33000|cp_on_chip_4=34000|rf2_therm=31000|rf1_therm=32000|ISP=33000|TPU=34000|AUR=34000|rfpa_therm=30303|quiet_therm=30770|charging_therm=32329|,ok,39000,36000,0,36000,1,single,untouched,4096,512,5,512,7243,0,256022,0,4,4,ok
1,7,nvhe,4,578000,1795000,36000,37000,BIG=35000|MID=36000|usb_pwr_therm=29435|btmspkr_therm=29346|disp_therm=29346|north_therm=29613|soc_therm=32351|battery=29300|battery_cycle=5|dc-mains=33000|usbc-therm-adc=330|max77779fg=29300|LITTLE=35000|soc=1|smpl_gm=0|vdroop1=0|batoilo=0|batoilo2=0|batt_vs=29300|mdis_morepower=0|thb_hda=51|cp_on_chip_0=34000|cp_on_chip_1=36000|G3D=34000|cp_on_chip_2=36000|cp_on_chip_3=33000|cp_on_chip_4=34000|rf2_therm=31000|rf1_therm=32000|ISP=33000|TPU=34000|AUR=34000|rfpa_therm=30303|quiet_therm=30770|charging_therm=32329|,BIG=35000|MID=35000|usb_pwr_therm=29435|btmspkr_therm=29346|disp_therm=29346|north_therm=29613|soc_therm=32351|battery=29300|battery_cycle=5|dc-mains=33000|usbc-therm-adc=330|max77779fg=29300|LITTLE=35000|soc=1|smpl_gm=0|vdroop1=0|batoilo=0|batoilo2=0|batt_vs=29300|mdis_morepower=0|thb_hda=51|cp_on_chip_0=34000|cp_on_chip_1=36000|G3D=34000|cp_on_chip_2=36000|cp_on_chip_3=33000|cp_on_chip_4=34000|rf2_therm=31000|rf1_therm=32000|ISP=33000|TPU=34000|AUR=34000|rfpa_therm=30303|quiet_therm=30770|charging_therm=32329|,ok,39000,36000,0,36000,1,single,untouched,4096,512,6,512,6389,0,255981,0,4,4,ok
1,7,nvhe,4,578000,1795000,36000,37000,BIG=35000|MID=36000|usb_pwr_therm=29435|btmspkr_therm=29346|disp_therm=29346|north_therm=29613|soc_therm=32351|battery=29300|battery_cycle=5|dc-mains=33000|usbc-therm-adc=330|max77779fg=29300|LITTLE=35000|soc=1|smpl_gm=0|vdroop1=0|batoilo=0|batoilo2=0|batt_vs=29300|mdis_morepower=0|thb_hda=51|cp_on_chip_0=34000|cp_on_chip_1=36000|G3D=34000|cp_on_chip_2=36000|cp_on_chip_3=33000|cp_on_chip_4=34000|rf2_therm=31000|rf1_therm=32000|ISP=33000|TPU=34000|AUR=34000|rfpa_therm=30303|quiet_therm=30770|charging_therm=32329|,BIG=35000|MID=35000|usb_pwr_therm=29435|btmspkr_therm=29346|disp_therm=29346|north_therm=29613|soc_therm=32351|battery=29300|battery_cycle=5|dc-mains=33000|usbc-therm-adc=330|max77779fg=29300|LITTLE=35000|soc=1|smpl_gm=0|vdroop1=0|batoilo=0|batoilo2=0|batt_vs=29300|mdis_morepower=0|thb_hda=51|cp_on_chip_0=34000|cp_on_chip_1=36000|G3D=34000|cp_on_chip_2=36000|cp_on_chip_3=33000|cp_on_chip_4=34000|rf2_therm=31000|rf1_therm=32000|ISP=33000|TPU=34000|AUR=34000|rfpa_therm=30303|quiet_therm=30770|charging_therm=32329|,ok,39000,36000,0,36000,1,single,untouched,4096,512,7,512,6225,0,305257,0,4,4,ok
1,7,nvhe,4,578000,1795000,36000,37000,BIG=35000|MID=36000|usb_pwr_therm=29435|btmspkr_therm=29346|disp_therm=29346|north_therm=29613|soc_therm=32351|battery=29300|battery_cycle=5|dc-mains=33000|usbc-therm-adc=330|max77779fg=29300|LITTLE=35000|soc=1|smpl_gm=0|vdroop1=0|batoilo=0|batoilo2=0|batt_vs=29300|mdis_morepower=0|thb_hda=51|cp_on_chip_0=34000|cp_on_chip_1=36000|G3D=34000|cp_on_chip_2=36000|cp_on_chip_3=33000|cp_on_chip_4=34000|rf2_therm=31000|rf1_therm=32000|ISP=33000|TPU=34000|AUR=34000|rfpa_therm=30303|quiet_therm=30770|charging_therm=32329|,BIG=35000|MID=35000|usb_pwr_therm=29435|btmspkr_therm=29346|disp_therm=29346|north_therm=29613|soc_therm=32351|battery=29300|battery_cycle=5|dc-mains=33000|usbc-therm-adc=330|max77779fg=29300|LITTLE=35000|soc=1|smpl_gm=0|vdroop1=0|batoilo=0|batoilo2=0|batt_vs=29300|mdis_morepower=0|thb_hda=51|cp_on_chip_0=34000|cp_on_chip_1=36000|G3D=34000|cp_on_chip_2=36000|cp_on_chip_3=33000|cp_on_chip_4=34000|rf2_therm=31000|rf1_therm=32000|ISP=33000|TPU=34000|AUR=34000|rfpa_therm=30303|quiet_therm=30770|charging_therm=32329|,ok,39000,36000,0,36000,1,single,untouched,4096,512,8,512,5493,0,255656,0,4,4,ok
1,7,nvhe,4,578000,1795000,36000,37000,BIG=35000|MID=36000|usb_pwr_therm=29435|btmspkr_therm=29346|disp_therm=29346|north_therm=29613|soc_therm=32351|battery=29300|battery_cycle=5|dc-mains=33000|usbc-therm-adc=330|max77779fg=29300|LITTLE=35000|soc=1|smpl_gm=0|vdroop1=0|batoilo=0|batoilo2=0|batt_vs=29300|mdis_morepower=0|thb_hda=51|cp_on_chip_0=34000|cp_on_chip_1=36000|G3D=34000|cp_on_chip_2=36000|cp_on_chip_3=33000|cp_on_chip_4=34000|rf2_therm=31000|rf1_therm=32000|ISP=33000|TPU=34000|AUR=34000|rfpa_therm=30303|quiet_therm=30770|charging_therm=32329|,BIG=35000|MID=35000|usb_pwr_therm=29435|btmspkr_therm=29346|disp_therm=29346|north_therm=29613|soc_therm=32351|battery=29300|battery_cycle=5|dc-mains=33000|usbc-therm-adc=330|max77779fg=29300|LITTLE=35000|soc=1|smpl_gm=0|vdroop1=0|batoilo=0|batoilo2=0|batt_vs=29300|mdis_morepower=0|thb_hda=51|cp_on_chip_0=34000|cp_on_chip_1=36000|G3D=34000|cp_on_chip_2=36000|cp_on_chip_3=33000|cp_on_chip_4=34000|rf2_therm=31000|rf1_therm=32000|ISP=33000|TPU=34000|AUR=34000|rfpa_therm=30303|quiet_therm=30770|charging_therm=32329|,ok,39000,36000,0,36000,1,single,untouched,4096,512,9,512,3906,0,256307,0,4,4,ok
1,7,nvhe,4,578000,1795000,36000,37000,BIG=35000|MID=36000|usb_pwr_therm=29435|btmspkr_therm=29346|disp_therm=29346|north_therm=29613|soc_therm=32351|battery=29300|battery_cycle=5|dc-mains=33000|usbc-therm-adc=330|max77779fg=29300|LITTLE=35000|soc=1|smpl_gm=0|vdroop1=0|batoilo=0|batoilo2=0|batt_vs=29300|mdis_morepower=0|thb_hda=51|cp_on_chip_0=34000|cp_on_chip_1=36000|G3D=34000|cp_on_chip_2=36000|cp_on_chip_3=33000|cp_on_chip_4=34000|rf2_therm=31000|rf1_therm=32000|ISP=33000|TPU=34000|AUR=34000|rfpa_therm=30303|quiet_therm=30770|charging_therm=32329|,BIG=35000|MID=35000|usb_pwr_therm=29435|btmspkr_therm=29346|disp_therm=29346|north_therm=29613|soc_therm=32351|battery=29300|battery_cycle=5|dc-mains=33000|usbc-therm-adc=330|max77779fg=29300|LITTLE=35000|soc=1|smpl_gm=0|vdroop1=0|batoilo=0|batoilo2=0|batt_vs=29300|mdis_morepower=0|thb_hda=51|cp_on_chip_0=34000|cp_on_chip_1=36000|G3D=34000|cp_on_chip_2=36000|cp_on_chip_3=33000|cp_on_chip_4=34000|rf2_therm=31000|rf1_therm=32000|ISP=33000|TPU=34000|AUR=34000|rfpa_therm=30303|quiet_therm=30770|charging_therm=32329|,ok,39000,36000,0,36000,1,single,untouched,4096,512,10,512,2523,0,256103,0,4,4,ok
1,7,nvhe,4,578000,1795000,36000,37000,BIG=35000|MID=36000|usb_pwr_therm=29435|btmspkr_therm=29346|disp_therm=29346|north_therm=29613|soc_therm=32351|battery=29300|battery_cycle=5|dc-mains=33000|usbc-therm-adc=330|max77779fg=29300|LITTLE=35000|soc=1|smpl_gm=0|vdroop1=0|batoilo=0|batoilo2=0|batt_vs=29300|mdis_morepower=0|thb_hda=51|cp_on_chip_0=34000|cp_on_chip_1=36000|G3D=34000|cp_on_chip_2=36000|cp_on_chip_3=33000|cp_on_chip_4=34000|rf2_therm=31000|rf1_therm=32000|ISP=33000|TPU=34000|AUR=34000|rfpa_therm=30303|quiet_therm=30770|charging_therm=32329|,BIG=35000|MID=35000|usb_pwr_therm=29435|btmspkr_therm=29346|disp_therm=29346|north_therm=29613|soc_therm=32351|battery=29300|battery_cycle=5|dc-mains=33000|usbc-therm-adc=330|max77779fg=29300|LITTLE=35000|soc=1|smpl_gm=0|vdroop1=0|batoilo=0|batoilo2=0|batt_vs=29300|mdis_morepower=0|thb_hda=51|cp_on_chip_0=34000|cp_on_chip_1=36000|G3D=34000|cp_on_chip_2=36000|cp_on_chip_3=33000|cp_on_chip_4=34000|rf2_therm=31000|rf1_therm=32000|ISP=33000|TPU=34000|AUR=34000|rfpa_therm=30303|quiet_therm=30770|charging_therm=32329|,ok,39000,36000,0,36000,1,single,untouched,4096,512,11,512,27872,0,255982,0,4,4,ok
1,7,nvhe,4,578000,1795000,36000,37000,BIG=35000|MID=36000|usb_pwr_therm=29435|btmspkr_therm=29346|disp_therm=29346|north_therm=29613|soc_therm=32351|battery=29300|battery_cycle=5|dc-mains=33000|usbc-therm-adc=330|max77779fg=29300|LITTLE=35000|soc=1|smpl_gm=0|vdroop1=0|batoilo=0|batoilo2=0|batt_vs=29300|mdis_morepower=0|thb_hda=51|cp_on_chip_0=34000|cp_on_chip_1=36000|G3D=34000|cp_on_chip_2=36000|cp_on_chip_3=33000|cp_on_chip_4=34000|rf2_therm=31000|rf1_therm=32000|ISP=33000|TPU=34000|AUR=34000|rfpa_therm=30303|quiet_therm=30770|charging_therm=32329|,BIG=35000|MID=35000|usb_pwr_therm=29435|btmspkr_therm=29346|disp_therm=29346|north_therm=29613|soc_therm=32351|battery=29300|battery_cycle=5|dc-mains=33000|usbc-therm-adc=330|max77779fg=29300|LITTLE=35000|soc=1|smpl_gm=0|vdroop1=0|batoilo=0|batoilo2=0|batt_vs=29300|mdis_morepower=0|thb_hda=51|cp_on_chip_0=34000|cp_on_chip_1=36000|G3D=34000|cp_on_chip_2=36000|cp_on_chip_3=33000|cp_on_chip_4=34000|rf2_therm=31000|rf1_therm=32000|ISP=33000|TPU=34000|AUR=34000|rfpa_therm=30303|quiet_therm=30770|charging_therm=32329|,ok,39000,36000,0,36000,1,single,untouched,4096,512,12,512,7080,0,256063,0,4,4,ok
1,7,nvhe,4,578000,1795000,36000,37000,BIG=35000|MID=36000|usb_pwr_therm=29435|btmspkr_therm=29346|disp_therm=29346|north_therm=29613|soc_therm=32351|battery=29300|battery_cycle=5|dc-mains=33000|usbc-therm-adc=330|max77779fg=29300|LITTLE=35000|soc=1|smpl_gm=0|vdroop1=0|batoilo=0|batoilo2=0|batt_vs=29300|mdis_morepower=0|thb_hda=51|cp_on_chip_0=34000|cp_on_chip_1=36000|G3D=34000|cp_on_chip_2=36000|cp_on_chip_3=33000|cp_on_chip_4=34000|rf2_therm=31000|rf1_therm=32000|ISP=33000|TPU=34000|AUR=34000|rfpa_therm=30303|quiet_therm=30770|charging_therm=32329|,BIG=35000|MID=35000|usb_pwr_therm=29435|btmspkr_therm=29346|disp_therm=29346|north_therm=29613|soc_therm=32351|battery=29300|battery_cycle=5|dc-mains=33000|usbc-therm-adc=330|max77779fg=29300|LITTLE=35000|soc=1|smpl_gm=0|vdroop1=0|batoilo=0|batoilo2=0|batt_vs=29300|mdis_morepower=0|thb_hda=51|cp_on_chip_0=34000|cp_on_chip_1=36000|G3D=34000|cp_on_chip_2=36000|cp_on_chip_3=33000|cp_on_chip_4=34000|rf2_therm=31000|rf1_therm=32000|ISP=33000|TPU=34000|AUR=34000|rfpa_therm=30303|quiet_therm=30770|charging_therm=32329|,ok,39000,36000,0,36000,1,single,untouched,4096,512,13,512,9399,0,255534,0,4,4,ok
1,7,nvhe,4,578000,1795000,36000,37000,BIG=35000|MID=36000|usb_pwr_therm=29435|btmspkr_therm=29346|disp_therm=29346|north_therm=29613|soc_therm=32351|battery=29300|battery_cycle=5|dc-mains=33000|usbc-therm-adc=330|max77779fg=29300|LITTLE=35000|soc=1|smpl_gm=0|vdroop1=0|batoilo=0|batoilo2=0|batt_vs=29300|mdis_morepower=0|thb_hda=51|cp_on_chip_0=34000|cp_on_chip_1=36000|G3D=34000|cp_on_chip_2=36000|cp_on_chip_3=33000|cp_on_chip_4=34000|rf2_therm=31000|rf1_therm=32000|ISP=33000|TPU=34000|AUR=34000|rfpa_therm=30303|quiet_therm=30770|charging_therm=32329|,BIG=35000|MID=35000|usb_pwr_therm=29435|btmspkr_therm=29346|disp_therm=29346|north_therm=29613|soc_therm=32351|battery=29300|battery_cycle=5|dc-mains=33000|usbc-therm-adc=330|max77779fg=29300|LITTLE=35000|soc=1|smpl_gm=0|vdroop1=0|batoilo=0|batoilo2=0|batt_vs=29300|mdis_morepower=0|thb_hda=51|cp_on_chip_0=34000|cp_on_chip_1=36000|G3D=34000|cp_on_chip_2=36000|cp_on_chip_3=33000|cp_on_chip_4=34000|rf2_therm=31000|rf1_therm=32000|ISP=33000|TPU=34000|AUR=34000|rfpa_therm=30303|quiet_therm=30770|charging_therm=32329|,ok,39000,36000,0,36000,1,single,untouched,4096,512,14,512,26367,0,256225,0,4,4,ok
1,7,nvhe,4,578000,1795000,36000,37000,BIG=35000|MID=36000|usb_pwr_therm=29435|btmspkr_therm=29346|disp_therm=29346|north_therm=29613|soc_therm=32351|battery=29300|battery_cycle=5|dc-mains=33000|usbc-therm-adc=330|max77779fg=29300|LITTLE=35000|soc=1|smpl_gm=0|vdroop1=0|batoilo=0|batoilo2=0|batt_vs=29300|mdis_morepower=0|thb_hda=51|cp_on_chip_0=34000|cp_on_chip_1=36000|G3D=34000|cp_on_chip_2=36000|cp_on_chip_3=33000|cp_on_chip_4=34000|rf2_therm=31000|rf1_therm=32000|ISP=33000|TPU=34000|AUR=34000|rfpa_therm=30303|quiet_therm=30770|charging_therm=32329|,BIG=35000|MID=35000|usb_pwr_therm=29435|btmspkr_therm=29346|disp_therm=29346|north_therm=29613|soc_therm=32351|battery=29300|battery_cycle=5|dc-mains=33000|usbc-therm-adc=330|max77779fg=29300|LITTLE=35000|soc=1|smpl_gm=0|vdroop1=0|batoilo=0|batoilo2=0|batt_vs=29300|mdis_morepower=0|thb_hda=51|cp_on_chip_0=34000|cp_on_chip_1=36000|G3D=34000|cp_on_chip_2=36000|cp_on_chip_3=33000|cp_on_chip_4=34000|rf2_therm=31000|rf1_therm=32000|ISP=33000|TPU=34000|AUR=34000|rfpa_therm=30303|quiet_therm=30770|charging_therm=32329|,ok,39000,36000,0,36000,1,single,untouched,4096,512,15,512,24088,0,255900,0,4,4,ok
1,7,nvhe,4,578000,1795000,36000,37000,BIG=35000|MID=36000|usb_pwr_therm=29435|btmspkr_therm=29346|disp_therm=29346|north_therm=29613|soc_therm=32351|battery=29300|battery_cycle=5|dc-mains=33000|usbc-therm-adc=330|max77779fg=29300|LITTLE=35000|soc=1|smpl_gm=0|vdroop1=0|batoilo=0|batoilo2=0|batt_vs=29300|mdis_morepower=0|thb_hda=51|cp_on_chip_0=34000|cp_on_chip_1=36000|G3D=34000|cp_on_chip_2=36000|cp_on_chip_3=33000|cp_on_chip_4=34000|rf2_therm=31000|rf1_therm=32000|ISP=33000|TPU=34000|AUR=34000|rfpa_therm=30303|quiet_therm=30770|charging_therm=32329|,BIG=35000|MID=35000|usb_pwr_therm=29435|btmspkr_therm=29346|disp_therm=29346|north_therm=29613|soc_therm=32351|battery=29300|battery_cycle=5|dc-mains=33000|usbc-therm-adc=330|max77779fg=29300|LITTLE=35000|soc=1|smpl_gm=0|vdroop1=0|batoilo=0|batoilo2=0|batt_vs=29300|mdis_morepower=0|thb_hda=51|cp_on_chip_0=34000|cp_on_chip_1=36000|G3D=34000|cp_on_chip_2=36000|cp_on_chip_3=33000|cp_on_chip_4=34000|rf2_therm=31000|rf1_therm=32000|ISP=33000|TPU=34000|AUR=34000|rfpa_therm=30303|quiet_therm=30770|charging_therm=32329|,ok,39000,36000,0,36000,1,single,untouched,4096,512,16,512,25350,0,255940,0,4,4,ok
1,7,nvhe,4,578000,1795000,36000,37000,BIG=35000|MID=36000|usb_pwr_therm=29435|btmspkr_therm=29346|disp_therm=29346|north_therm=29613|soc_therm=32351|battery=29300|battery_cycle=5|dc-mains=33000|usbc-therm-adc=330|max77779fg=29300|LITTLE=35000|soc=1|smpl_gm=0|vdroop1=0|batoilo=0|batoilo2=0|batt_vs=29300|mdis_morepower=0|thb_hda=51|cp_on_chip_0=34000|cp_on_chip_1=36000|G3D=34000|cp_on_chip_2=36000|cp_on_chip_3=33000|cp_on_chip_4=34000|rf2_therm=31000|rf1_therm=32000|ISP=33000|TPU=34000|AUR=34000|rfpa_therm=30303|quiet_therm=30770|charging_therm=32329|,BIG=35000|MID=35000|usb_pwr_therm=29435|btmspkr_therm=29346|disp_therm=29346|north_therm=29613|soc_therm=32351|battery=29300|battery_cycle=5|dc-mains=33000|usbc-therm-adc=330|max77779fg=29300|LITTLE=35000|soc=1|smpl_gm=0|vdroop1=0|batoilo=0|batoilo2=0|batt_vs=29300|mdis_morepower=0|thb_hda=51|cp_on_chip_0=34000|cp_on_chip_1=36000|G3D=34000|cp_on_chip_2=36000|cp_on_chip_3=33000|cp_on_chip_4=34000|rf2_therm=31000|rf1_therm=32000|ISP=33000|TPU=34000|AUR=34000|rfpa_therm=30303|quiet_therm=30770|charging_therm=32329|,ok,39000,36000,0,36000,1,single,untouched,4096,512,17,512,27018,0,255982,0,4,4,ok
1,7,nvhe,4,578000,1795000,36000,37000,BIG=35000|MID=36000|usb_pwr_therm=29435|btmspkr_therm=29346|disp_therm=29346|north_therm=29613|soc_therm=32351|battery=29300|battery_cycle=5|dc-mains=33000|usbc-therm-adc=330|max77779fg=29300|LITTLE=35000|soc=1|smpl_gm=0|vdroop1=0|batoilo=0|batoilo2=0|batt_vs=29300|mdis_morepower=0|thb_hda=51|cp_on_chip_0=34000|cp_on_chip_1=36000|G3D=34000|cp_on_chip_2=36000|cp_on_chip_3=33000|cp_on_chip_4=34000|rf2_therm=31000|rf1_therm=32000|ISP=33000|TPU=34000|AUR=34000|rfpa_therm=30303|quiet_therm=30770|charging_therm=32329|,BIG=35000|MID=35000|usb_pwr_therm=29435|btmspkr_therm=29346|disp_therm=29346|north_therm=29613|soc_therm=32351|battery=29300|battery_cycle=5|dc-mains=33000|usbc-therm-adc=330|max77779fg=29300|LITTLE=35000|soc=1|smpl_gm=0|vdroop1=0|batoilo=0|batoilo2=0|batt_vs=29300|mdis_morepower=0|thb_hda=51|cp_on_chip_0=34000|cp_on_chip_1=36000|G3D=34000|cp_on_chip_2=36000|cp_on_chip_3=33000|cp_on_chip_4=34000|rf2_therm=31000|rf1_therm=32000|ISP=33000|TPU=34000|AUR=34000|rfpa_therm=30303|quiet_therm=30770|charging_therm=32329|,ok,39000,36000,0,36000,1,single,untouched,4096,512,18,512,24251,0,256307,0,4,4,ok
1,7,nvhe,4,578000,1795000,36000,37000,BIG=35000|MID=36000|usb_pwr_therm=29435|btmspkr_therm=29346|disp_therm=29346|north_therm=29613|soc_therm=32351|battery=29300|battery_cycle=5|dc-mains=33000|usbc-therm-adc=330|max77779fg=29300|LITTLE=35000|soc=1|smpl_gm=0|vdroop1=0|batoilo=0|batoilo2=0|batt_vs=29300|mdis_morepower=0|thb_hda=51|cp_on_chip_0=34000|cp_on_chip_1=36000|G3D=34000|cp_on_chip_2=36000|cp_on_chip_3=33000|cp_on_chip_4=34000|rf2_therm=31000|rf1_therm=32000|ISP=33000|TPU=34000|AUR=34000|rfpa_therm=30303|quiet_therm=30770|charging_therm=32329|,BIG=35000|MID=35000|usb_pwr_therm=29435|btmspkr_therm=29346|disp_therm=29346|north_therm=29613|soc_therm=32351|battery=29300|battery_cycle=5|dc-mains=33000|usbc-therm-adc=330|max77779fg=29300|LITTLE=35000|soc=1|smpl_gm=0|vdroop1=0|batoilo=0|batoilo2=0|batt_vs=29300|mdis_morepower=0|thb_hda=51|cp_on_chip_0=34000|cp_on_chip_1=36000|G3D=34000|cp_on_chip_2=36000|cp_on_chip_3=33000|cp_on_chip_4=34000|rf2_therm=31000|rf1_therm=32000|ISP=33000|TPU=34000|AUR=34000|rfpa_therm=30303|quiet_therm=30770|charging_therm=32329|,ok,39000,36000,0,36000,1,single,untouched,4096,512,19,512,31535,0,256429,0,4,4,ok
1,7,nvhe,4,578000,1795000,36000,37000,BIG=35000|MID=36000|usb_pwr_therm=29435|btmspkr_therm=29346|disp_therm=29346|north_therm=29613|soc_therm=32351|battery=29300|battery_cycle=5|dc-mains=33000|usbc-therm-adc=330|max77779fg=29300|LITTLE=35000|soc=1|smpl_gm=0|vdroop1=0|batoilo=0|batoilo2=0|batt_vs=29300|mdis_morepower=0|thb_hda=51|cp_on_chip_0=34000|cp_on_chip_1=36000|G3D=34000|cp_on_chip_2=36000|cp_on_chip_3=33000|cp_on_chip_4=34000|rf2_therm=31000|rf1_therm=32000|ISP=33000|TPU=34000|AUR=34000|rfpa_therm=30303|quiet_therm=30770|charging_therm=32329|,BIG=35000|MID=35000|usb_pwr_therm=29435|btmspkr_therm=29346|disp_therm=29346|north_therm=29613|soc_therm=32351|battery=29300|battery_cycle=5|dc-mains=33000|usbc-therm-adc=330|max77779fg=29300|LITTLE=35000|soc=1|smpl_gm=0|vdroop1=0|batoilo=0|batoilo2=0|batt_vs=29300|mdis_morepower=0|thb_hda=51|cp_on_chip_0=34000|cp_on_chip_1=36000|G3D=34000|cp_on_chip_2=36000|cp_on_chip_3=33000|cp_on_chip_4=34000|rf2_therm=31000|rf1_therm=32000|ISP=33000|TPU=34000|AUR=34000|rfpa_therm=30303|quiet_therm=30770|charging_therm=32329|,ok,39000,36000,0,36000,1,single,untouched,4096,512,20,512,23234,0,255981,0,4,4,ok
1,7,nvhe,4,578000,1795000,36000,37000,BIG=35000|MID=36000|usb_pwr_therm=29435|btmspkr_therm=29346|disp_therm=29346|north_therm=29613|soc_therm=32351|battery=29300|battery_cycle=5|dc-mains=33000|usbc-therm-adc=330|max77779fg=29300|LITTLE=35000|soc=1|smpl_gm=0|vdroop1=0|batoilo=0|batoilo2=0|batt_vs=29300|mdis_morepower=0|thb_hda=51|cp_on_chip_0=34000|cp_on_chip_1=36000|G3D=34000|cp_on_chip_2=36000|cp_on_chip_3=33000|cp_on_chip_4=34000|rf2_therm=31000|rf1_therm=32000|ISP=33000|TPU=34000|AUR=34000|rfpa_therm=30303|quiet_therm=30770|charging_therm=32329|,BIG=35000|MID=35000|usb_pwr_therm=29435|btmspkr_therm=29346|disp_therm=29346|north_therm=29613|soc_therm=32351|battery=29300|battery_cycle=5|dc-mains=33000|usbc-therm-adc=330|max77779fg=29300|LITTLE=35000|soc=1|smpl_gm=0|vdroop1=0|batoilo=0|batoilo2=0|batt_vs=29300|mdis_morepower=0|thb_hda=51|cp_on_chip_0=34000|cp_on_chip_1=36000|G3D=34000|cp_on_chip_2=36000|cp_on_chip_3=33000|cp_on_chip_4=34000|rf2_therm=31000|rf1_therm=32000|ISP=33000|TPU=34000|AUR=34000|rfpa_therm=30303|quiet_therm=30770|charging_therm=32329|,ok,39000,36000,0,36000,1,single,untouched,4096,512,21,512,26042,0,376383,0,4,4,ok
1,7,nvhe,4,578000,1795000,36000,37000,BIG=35000|MID=36000|usb_pwr_therm=29435|btmspkr_therm=29346|disp_therm=29346|north_therm=29613|soc_therm=32351|battery=29300|battery_cycle=5|dc-mains=33000|usbc-therm-adc=330|max77779fg=29300|LITTLE=35000|soc=1|smpl_gm=0|vdroop1=0|batoilo=0|batoilo2=0|batt_vs=29300|mdis_morepower=0|thb_hda=51|cp_on_chip_0=34000|cp_on_chip_1=36000|G3D=34000|cp_on_chip_2=36000|cp_on_chip_3=33000|cp_on_chip_4=34000|rf2_therm=31000|rf1_therm=32000|ISP=33000|TPU=34000|AUR=34000|rfpa_therm=30303|quiet_therm=30770|charging_therm=32329|,BIG=35000|MID=35000|usb_pwr_therm=29435|btmspkr_therm=29346|disp_therm=29346|north_therm=29613|soc_therm=32351|battery=29300|battery_cycle=5|dc-mains=33000|usbc-therm-adc=330|max77779fg=29300|LITTLE=35000|soc=1|smpl_gm=0|vdroop1=0|batoilo=0|batoilo2=0|batt_vs=29300|mdis_morepower=0|thb_hda=51|cp_on_chip_0=34000|cp_on_chip_1=36000|G3D=34000|cp_on_chip_2=36000|cp_on_chip_3=33000|cp_on_chip_4=34000|rf2_therm=31000|rf1_therm=32000|ISP=33000|TPU=34000|AUR=34000|rfpa_therm=30303|quiet_therm=30770|charging_therm=32329|,ok,39000,36000,0,36000,1,single,untouched,4096,512,22,512,5330,0,255493,0,4,4,ok
1,7,nvhe,4,578000,1795000,36000,37000,BIG=35000|MID=36000|usb_pwr_therm=29435|btmspkr_therm=29346|disp_therm=29346|north_therm=29613|soc_therm=32351|battery=29300|battery_cycle=5|dc-mains=33000|usbc-therm-adc=330|max77779fg=29300|LITTLE=35000|soc=1|smpl_gm=0|vdroop1=0|batoilo=0|batoilo2=0|batt_vs=29300|mdis_morepower=0|thb_hda=51|cp_on_chip_0=34000|cp_on_chip_1=36000|G3D=34000|cp_on_chip_2=36000|cp_on_chip_3=33000|cp_on_chip_4=34000|rf2_therm=31000|rf1_therm=32000|ISP=33000|TPU=34000|AUR=34000|rfpa_therm=30303|quiet_therm=30770|charging_therm=32329|,BIG=35000|MID=35000|usb_pwr_therm=29435|btmspkr_therm=29346|disp_therm=29346|north_therm=29613|soc_therm=32351|battery=29300|battery_cycle=5|dc-mains=33000|usbc-therm-adc=330|max77779fg=29300|LITTLE=35000|soc=1|smpl_gm=0|vdroop1=0|batoilo=0|batoilo2=0|batt_vs=29300|mdis_morepower=0|thb_hda=51|cp_on_chip_0=34000|cp_on_chip_1=36000|G3D=34000|cp_on_chip_2=36000|cp_on_chip_3=33000|cp_on_chip_4=34000|rf2_therm=31000|rf1_therm=32000|ISP=33000|TPU=34000|AUR=34000|rfpa_therm=30303|quiet_therm=30770|charging_therm=32329|,ok,39000,36000,0,36000,1,single,untouched,4096,512,23,512,4150,0,255900,0,4,4,ok
1,7,nvhe,4,578000,1795000,36000,37000,BIG=35000|MID=36000|usb_pwr_therm=29435|btmspkr_therm=29346|disp_therm=29346|north_therm=29613|soc_therm=32351|battery=29300|battery_cycle=5|dc-mains=33000|usbc-therm-adc=330|max77779fg=29300|LITTLE=35000|soc=1|smpl_gm=0|vdroop1=0|batoilo=0|batoilo2=0|batt_vs=29300|mdis_morepower=0|thb_hda=51|cp_on_chip_0=34000|cp_on_chip_1=36000|G3D=34000|cp_on_chip_2=36000|cp_on_chip_3=33000|cp_on_chip_4=34000|rf2_therm=31000|rf1_therm=32000|ISP=33000|TPU=34000|AUR=34000|rfpa_therm=30303|quiet_therm=30770|charging_therm=32329|,BIG=35000|MID=35000|usb_pwr_therm=29435|btmspkr_therm=29346|disp_therm=29346|north_therm=29613|soc_therm=32351|battery=29300|battery_cycle=5|dc-mains=33000|usbc-therm-adc=330|max77779fg=29300|LITTLE=35000|soc=1|smpl_gm=0|vdroop1=0|batoilo=0|batoilo2=0|batt_vs=29300|mdis_morepower=0|thb_hda=51|cp_on_chip_0=34000|cp_on_chip_1=36000|G3D=34000|cp_on_chip_2=36000|cp_on_chip_3=33000|cp_on_chip_4=34000|rf2_therm=31000|rf1_therm=32000|ISP=33000|TPU=34000|AUR=34000|rfpa_therm=30303|quiet_therm=30770|charging_therm=32329|,ok,39000,36000,0,36000,1,single,untouched,4096,512,24,512,24048,0,255493,0,4,4,ok
1,7,nvhe,4,578000,1795000,36000,37000,BIG=35000|MID=36000|usb_pwr_therm=29435|btmspkr_therm=29346|disp_therm=29346|north_therm=29613|soc_therm=32351|battery=29300|battery_cycle=5|dc-mains=33000|usbc-therm-adc=330|max77779fg=29300|LITTLE=35000|soc=1|smpl_gm=0|vdroop1=0|batoilo=0|batoilo2=0|batt_vs=29300|mdis_morepower=0|thb_hda=51|cp_on_chip_0=34000|cp_on_chip_1=36000|G3D=34000|cp_on_chip_2=36000|cp_on_chip_3=33000|cp_on_chip_4=34000|rf2_therm=31000|rf1_therm=32000|ISP=33000|TPU=34000|AUR=34000|rfpa_therm=30303|quiet_therm=30770|charging_therm=32329|,BIG=35000|MID=35000|usb_pwr_therm=29435|btmspkr_therm=29346|disp_therm=29346|north_therm=29613|soc_therm=32351|battery=29300|battery_cycle=5|dc-mains=33000|usbc-therm-adc=330|max77779fg=29300|LITTLE=35000|soc=1|smpl_gm=0|vdroop1=0|batoilo=0|batoilo2=0|batt_vs=29300|mdis_morepower=0|thb_hda=51|cp_on_chip_0=34000|cp_on_chip_1=36000|G3D=34000|cp_on_chip_2=36000|cp_on_chip_3=33000|cp_on_chip_4=34000|rf2_therm=31000|rf1_therm=32000|ISP=33000|TPU=34000|AUR=34000|rfpa_therm=30303|quiet_therm=30770|charging_therm=32329|,ok,39000,36000,0,36000,1,single,untouched,4096,512,25,512,8138,0,256103,0,4,4,ok
1,7,nvhe,4,578000,1795000,36000,37000,BIG=35000|MID=36000|usb_pwr_therm=29435|btmspkr_therm=29346|disp_therm=29346|north_therm=29613|soc_therm=32351|battery=29300|battery_cycle=5|dc-mains=33000|usbc-therm-adc=330|max77779fg=29300|LITTLE=35000|soc=1|smpl_gm=0|vdroop1=0|batoilo=0|batoilo2=0|batt_vs=29300|mdis_morepower=0|thb_hda=51|cp_on_chip_0=34000|cp_on_chip_1=36000|G3D=34000|cp_on_chip_2=36000|cp_on_chip_3=33000|cp_on_chip_4=34000|rf2_therm=31000|rf1_therm=32000|ISP=33000|TPU=34000|AUR=34000|rfpa_therm=30303|quiet_therm=30770|charging_therm=32329|,BIG=35000|MID=35000|usb_pwr_therm=29435|btmspkr_therm=29346|disp_therm=29346|north_therm=29613|soc_therm=32351|battery=29300|battery_cycle=5|dc-mains=33000|usbc-therm-adc=330|max77779fg=29300|LITTLE=35000|soc=1|smpl_gm=0|vdroop1=0|batoilo=0|batoilo2=0|batt_vs=29300|mdis_morepower=0|thb_hda=51|cp_on_chip_0=34000|cp_on_chip_1=36000|G3D=34000|cp_on_chip_2=36000|cp_on_chip_3=33000|cp_on_chip_4=34000|rf2_therm=31000|rf1_therm=32000|ISP=33000|TPU=34000|AUR=34000|rfpa_therm=30303|quiet_therm=30770|charging_therm=32329|,ok,39000,36000,0,36000,1,single,untouched,4096,512,26,512,31901,0,255574,0,4,4,ok
1,7,nvhe,4,578000,1795000,36000,37000,BIG=35000|MID=36000|usb_pwr_therm=29435|btmspkr_therm=29346|disp_therm=29346|north_therm=29613|soc_therm=32351|battery=29300|battery_cycle=5|dc-mains=33000|usbc-therm-adc=330|max77779fg=29300|LITTLE=35000|soc=1|smpl_gm=0|vdroop1=0|batoilo=0|batoilo2=0|batt_vs=29300|mdis_morepower=0|thb_hda=51|cp_on_chip_0=34000|cp_on_chip_1=36000|G3D=34000|cp_on_chip_2=36000|cp_on_chip_3=33000|cp_on_chip_4=34000|rf2_therm=31000|rf1_therm=32000|ISP=33000|TPU=34000|AUR=34000|rfpa_therm=30303|quiet_therm=30770|charging_therm=32329|,BIG=35000|MID=35000|usb_pwr_therm=29435|btmspkr_therm=29346|disp_therm=29346|north_therm=29613|soc_therm=32351|battery=29300|battery_cycle=5|dc-mains=33000|usbc-therm-adc=330|max77779fg=29300|LITTLE=35000|soc=1|smpl_gm=0|vdroop1=0|batoilo=0|batoilo2=0|batt_vs=29300|mdis_morepower=0|thb_hda=51|cp_on_chip_0=34000|cp_on_chip_1=36000|G3D=34000|cp_on_chip_2=36000|cp_on_chip_3=33000|cp_on_chip_4=34000|rf2_therm=31000|rf1_therm=32000|ISP=33000|TPU=34000|AUR=34000|rfpa_therm=30303|quiet_therm=30770|charging_therm=32329|,ok,39000,36000,0,36000,1,single,untouched,4096,512,27,512,32755,0,255859,0,4,4,ok
1,7,nvhe,4,578000,1795000,36000,37000,BIG=35000|MID=36000|usb_pwr_therm=29435|btmspkr_therm=29346|disp_therm=29346|north_therm=29613|soc_therm=32351|battery=29300|battery_cycle=5|dc-mains=33000|usbc-therm-adc=330|max77779fg=29300|LITTLE=35000|soc=1|smpl_gm=0|vdroop1=0|batoilo=0|batoilo2=0|batt_vs=29300|mdis_morepower=0|thb_hda=51|cp_on_chip_0=34000|cp_on_chip_1=36000|G3D=34000|cp_on_chip_2=36000|cp_on_chip_3=33000|cp_on_chip_4=34000|rf2_therm=31000|rf1_therm=32000|ISP=33000|TPU=34000|AUR=34000|rfpa_therm=30303|quiet_therm=30770|charging_therm=32329|,BIG=35000|MID=35000|usb_pwr_therm=29435|btmspkr_therm=29346|disp_therm=29346|north_therm=29613|soc_therm=32351|battery=29300|battery_cycle=5|dc-mains=33000|usbc-therm-adc=330|max77779fg=29300|LITTLE=35000|soc=1|smpl_gm=0|vdroop1=0|batoilo=0|batoilo2=0|batt_vs=29300|mdis_morepower=0|thb_hda=51|cp_on_chip_0=34000|cp_on_chip_1=36000|G3D=34000|cp_on_chip_2=36000|cp_on_chip_3=33000|cp_on_chip_4=34000|rf2_therm=31000|rf1_therm=32000|ISP=33000|TPU=34000|AUR=34000|rfpa_therm=30303|quiet_therm=30770|charging_therm=32329|,ok,39000,36000,0,36000,1,single,untouched,4096,512,28,512,31698,0,255819,0,4,4,ok
1,7,nvhe,4,578000,1795000,36000,37000,BIG=35000|MID=36000|usb_pwr_therm=29435|btmspkr_therm=29346|disp_therm=29346|north_therm=29613|soc_therm=32351|battery=29300|battery_cycle=5|dc-mains=33000|usbc-therm-adc=330|max77779fg=29300|LITTLE=35000|soc=1|smpl_gm=0|vdroop1=0|batoilo=0|batoilo2=0|batt_vs=29300|mdis_morepower=0|thb_hda=51|cp_on_chip_0=34000|cp_on_chip_1=36000|G3D=34000|cp_on_chip_2=36000|cp_on_chip_3=33000|cp_on_chip_4=34000|rf2_therm=31000|rf1_therm=32000|ISP=33000|TPU=34000|AUR=34000|rfpa_therm=30303|quiet_therm=30770|charging_therm=32329|,BIG=35000|MID=35000|usb_pwr_therm=29435|btmspkr_therm=29346|disp_therm=29346|north_therm=29613|soc_therm=32351|battery=29300|battery_cycle=5|dc-mains=33000|usbc-therm-adc=330|max77779fg=29300|LITTLE=35000|soc=1|smpl_gm=0|vdroop1=0|batoilo=0|batoilo2=0|batt_vs=29300|mdis_morepower=0|thb_hda=51|cp_on_chip_0=34000|cp_on_chip_1=36000|G3D=34000|cp_on_chip_2=36000|cp_on_chip_3=33000|cp_on_chip_4=34000|rf2_therm=31000|rf1_therm=32000|ISP=33000|TPU=34000|AUR=34000|rfpa_therm=30303|quiet_therm=30770|charging_therm=32329|,ok,39000,36000,0,36000,1,single,untouched,4096,512,29,512,32064,0,256022,0,4,4,ok
1,8,nvhe,4,578000,648000,36000,37000,BIG=35000|MID=35000|usb_pwr_therm=29435|btmspkr_therm=29346|disp_therm=29346|north_therm=29613|soc_therm=32395|battery=29300|battery_cycle=5|dc-mains=33000|usbc-therm-adc=330|max77779fg=29300|LITTLE=35000|soc=1|smpl_gm=0|vdroop1=0|batoilo=0|batoilo2=0|batt_vs=29300|mdis_morepower=0|thb_hda=51|cp_on_chip_0=34000|cp_on_chip_1=36000|G3D=34000|cp_on_chip_2=36000|cp_on_chip_3=33000|cp_on_chip_4=34000|rf2_therm=31000|rf1_therm=32000|ISP=33000|TPU=34000|AUR=34000|rfpa_therm=30325|quiet_therm=30793|charging_therm=32373|,BIG=35000|MID=36000|usb_pwr_therm=29435|btmspkr_therm=29346|disp_therm=29368|north_therm=29613|soc_therm=32440|battery=29300|battery_cycle=5|dc-mains=33000|usbc-therm-adc=330|max77779fg=29300|LITTLE=35000|soc=1|smpl_gm=0|vdroop1=0|batoilo=0|batoilo2=0|batt_vs=29300|mdis_morepower=0|thb_hda=51|cp_on_chip_0=34000|cp_on_chip_1=36000|G3D=34000|cp_on_chip_2=36000|cp_on_chip_3=33000|cp_on_chip_4=34000|rf2_therm=31000|rf1_therm=32000|ISP=33000|TPU=34000|AUR=34000|rfpa_therm=30348|quiet_therm=30815|charging_therm=32418|,ok,39000,36000,0,36000,1,single,touched,4096,512,0,512,1256796,512,670573,0,4,4,ok
1,8,nvhe,4,578000,648000,36000,37000,BIG=35000|MID=35000|usb_pwr_therm=29435|btmspkr_therm=29346|disp_therm=29346|north_therm=29613|soc_therm=32395|battery=29300|battery_cycle=5|dc-mains=33000|usbc-therm-adc=330|max77779fg=29300|LITTLE=35000|soc=1|smpl_gm=0|vdroop1=0|batoilo=0|batoilo2=0|batt_vs=29300|mdis_morepower=0|thb_hda=51|cp_on_chip_0=34000|cp_on_chip_1=36000|G3D=34000|cp_on_chip_2=36000|cp_on_chip_3=33000|cp_on_chip_4=34000|rf2_therm=31000|rf1_therm=32000|ISP=33000|TPU=34000|AUR=34000|rfpa_therm=30325|quiet_therm=30793|charging_therm=32373|,BIG=35000|MID=36000|usb_pwr_therm=29435|btmspkr_therm=29346|disp_therm=29368|north_therm=29613|soc_therm=32440|battery=29300|battery_cycle=5|dc-mains=33000|usbc-therm-adc=330|max77779fg=29300|LITTLE=35000|soc=1|smpl_gm=0|vdroop1=0|batoilo=0|batoilo2=0|batt_vs=29300|mdis_morepower=0|thb_hda=51|cp_on_chip_0=34000|cp_on_chip_1=36000|G3D=34000|cp_on_chip_2=36000|cp_on_chip_3=33000|cp_on_chip_4=34000|rf2_therm=31000|rf1_therm=32000|ISP=33000|TPU=34000|AUR=34000|rfpa_therm=30348|quiet_therm=30815|charging_therm=32418|,ok,39000,36000,0,36000,1,single,touched,4096,512,1,512,638224,512,988850,0,4,4,ok
1,8,nvhe,4,578000,648000,36000,37000,BIG=35000|MID=35000|usb_pwr_therm=29435|btmspkr_therm=29346|disp_therm=29346|north_therm=29613|soc_therm=32395|battery=29300|battery_cycle=5|dc-mains=33000|usbc-therm-adc=330|max77779fg=29300|LITTLE=35000|soc=1|smpl_gm=0|vdroop1=0|batoilo=0|batoilo2=0|batt_vs=29300|mdis_morepower=0|thb_hda=51|cp_on_chip_0=34000|cp_on_chip_1=36000|G3D=34000|cp_on_chip_2=36000|cp_on_chip_3=33000|cp_on_chip_4=34000|rf2_therm=31000|rf1_therm=32000|ISP=33000|TPU=34000|AUR=34000|rfpa_therm=30325|quiet_therm=30793|charging_therm=32373|,BIG=35000|MID=36000|usb_pwr_therm=29435|btmspkr_therm=29346|disp_therm=29368|north_therm=29613|soc_therm=32440|battery=29300|battery_cycle=5|dc-mains=33000|usbc-therm-adc=330|max77779fg=29300|LITTLE=35000|soc=1|smpl_gm=0|vdroop1=0|batoilo=0|batoilo2=0|batt_vs=29300|mdis_morepower=0|thb_hda=51|cp_on_chip_0=34000|cp_on_chip_1=36000|G3D=34000|cp_on_chip_2=36000|cp_on_chip_3=33000|cp_on_chip_4=34000|rf2_therm=31000|rf1_therm=32000|ISP=33000|TPU=34000|AUR=34000|rfpa_therm=30348|quiet_therm=30815|charging_therm=32418|,ok,39000,36000,0,36000,1,single,touched,4096,512,2,512,573283,512,621866,0,4,4,ok
1,8,nvhe,4,578000,648000,36000,37000,BIG=35000|MID=35000|usb_pwr_therm=29435|btmspkr_therm=29346|disp_therm=29346|north_therm=29613|soc_therm=32395|battery=29300|battery_cycle=5|dc-mains=33000|usbc-therm-adc=330|max77779fg=29300|LITTLE=35000|soc=1|smpl_gm=0|vdroop1=0|batoilo=0|batoilo2=0|batt_vs=29300|mdis_morepower=0|thb_hda=51|cp_on_chip_0=34000|cp_on_chip_1=36000|G3D=34000|cp_on_chip_2=36000|cp_on_chip_3=33000|cp_on_chip_4=34000|rf2_therm=31000|rf1_therm=32000|ISP=33000|TPU=34000|AUR=34000|rfpa_therm=30325|quiet_therm=30793|charging_therm=32373|,BIG=35000|MID=36000|usb_pwr_therm=29435|btmspkr_therm=29346|disp_therm=29368|north_therm=29613|soc_therm=32440|battery=29300|battery_cycle=5|dc-mains=33000|usbc-therm-adc=330|max77779fg=29300|LITTLE=35000|soc=1|smpl_gm=0|vdroop1=0|batoilo=0|batoilo2=0|batt_vs=29300|mdis_morepower=0|thb_hda=51|cp_on_chip_0=34000|cp_on_chip_1=36000|G3D=34000|cp_on_chip_2=36000|cp_on_chip_3=33000|cp_on_chip_4=34000|rf2_therm=31000|rf1_therm=32000|ISP=33000|TPU=34000|AUR=34000|rfpa_therm=30348|quiet_therm=30815|charging_therm=32418|,ok,39000,36000,0,36000,1,single,touched,4096,512,3,512,552938,512,576823,0,4,4,ok
1,8,nvhe,4,578000,648000,36000,37000,BIG=35000|MID=35000|usb_pwr_therm=29435|btmspkr_therm=29346|disp_therm=29346|north_therm=29613|soc_therm=32395|battery=29300|battery_cycle=5|dc-mains=33000|usbc-therm-adc=330|max77779fg=29300|LITTLE=35000|soc=1|smpl_gm=0|vdroop1=0|batoilo=0|batoilo2=0|batt_vs=29300|mdis_morepower=0|thb_hda=51|cp_on_chip_0=34000|cp_on_chip_1=36000|G3D=34000|cp_on_chip_2=36000|cp_on_chip_3=33000|cp_on_chip_4=34000|rf2_therm=31000|rf1_therm=32000|ISP=33000|TPU=34000|AUR=34000|rfpa_therm=30325|quiet_therm=30793|charging_therm=32373|,BIG=35000|MID=36000|usb_pwr_therm=29435|btmspkr_therm=29346|disp_therm=29368|north_therm=29613|soc_therm=32440|battery=29300|battery_cycle=5|dc-mains=33000|usbc-therm-adc=330|max77779fg=29300|LITTLE=35000|soc=1|smpl_gm=0|vdroop1=0|batoilo=0|batoilo2=0|batt_vs=29300|mdis_morepower=0|thb_hda=51|cp_on_chip_0=34000|cp_on_chip_1=36000|G3D=34000|cp_on_chip_2=36000|cp_on_chip_3=33000|cp_on_chip_4=34000|rf2_therm=31000|rf1_therm=32000|ISP=33000|TPU=34000|AUR=34000|rfpa_therm=30348|quiet_therm=30815|charging_therm=32418|,ok,39000,36000,0,36000,1,single,touched,4096,512,4,512,530762,512,690755,0,4,4,ok
1,8,nvhe,4,578000,648000,36000,37000,BIG=35000|MID=35000|usb_pwr_therm=29435|btmspkr_therm=29346|disp_therm=29346|north_therm=29613|soc_therm=32395|battery=29300|battery_cycle=5|dc-mains=33000|usbc-therm-adc=330|max77779fg=29300|LITTLE=35000|soc=1|smpl_gm=0|vdroop1=0|batoilo=0|batoilo2=0|batt_vs=29300|mdis_morepower=0|thb_hda=51|cp_on_chip_0=34000|cp_on_chip_1=36000|G3D=34000|cp_on_chip_2=36000|cp_on_chip_3=33000|cp_on_chip_4=34000|rf2_therm=31000|rf1_therm=32000|ISP=33000|TPU=34000|AUR=34000|rfpa_therm=30325|quiet_therm=30793|charging_therm=32373|,BIG=35000|MID=36000|usb_pwr_therm=29435|btmspkr_therm=29346|disp_therm=29368|north_therm=29613|soc_therm=32440|battery=29300|battery_cycle=5|dc-mains=33000|usbc-therm-adc=330|max77779fg=29300|LITTLE=35000|soc=1|smpl_gm=0|vdroop1=0|batoilo=0|batoilo2=0|batt_vs=29300|mdis_morepower=0|thb_hda=51|cp_on_chip_0=34000|cp_on_chip_1=36000|G3D=34000|cp_on_chip_2=36000|cp_on_chip_3=33000|cp_on_chip_4=34000|rf2_therm=31000|rf1_therm=32000|ISP=33000|TPU=34000|AUR=34000|rfpa_therm=30348|quiet_therm=30815|charging_therm=32418|,ok,39000,36000,0,36000,1,single,touched,4096,512,5,512,544963,512,505127,0,4,4,ok
1,8,nvhe,4,578000,648000,36000,37000,BIG=35000|MID=35000|usb_pwr_therm=29435|btmspkr_therm=29346|disp_therm=29346|north_therm=29613|soc_therm=32395|battery=29300|battery_cycle=5|dc-mains=33000|usbc-therm-adc=330|max77779fg=29300|LITTLE=35000|soc=1|smpl_gm=0|vdroop1=0|batoilo=0|batoilo2=0|batt_vs=29300|mdis_morepower=0|thb_hda=51|cp_on_chip_0=34000|cp_on_chip_1=36000|G3D=34000|cp_on_chip_2=36000|cp_on_chip_3=33000|cp_on_chip_4=34000|rf2_therm=31000|rf1_therm=32000|ISP=33000|TPU=34000|AUR=34000|rfpa_therm=30325|quiet_therm=30793|charging_therm=32373|,BIG=35000|MID=36000|usb_pwr_therm=29435|btmspkr_therm=29346|disp_therm=29368|north_therm=29613|soc_therm=32440|battery=29300|battery_cycle=5|dc-mains=33000|usbc-therm-adc=330|max77779fg=29300|LITTLE=35000|soc=1|smpl_gm=0|vdroop1=0|batoilo=0|batoilo2=0|batt_vs=29300|mdis_morepower=0|thb_hda=51|cp_on_chip_0=34000|cp_on_chip_1=36000|G3D=34000|cp_on_chip_2=36000|cp_on_chip_3=33000|cp_on_chip_4=34000|rf2_therm=31000|rf1_therm=32000|ISP=33000|TPU=34000|AUR=34000|rfpa_therm=30348|quiet_therm=30815|charging_therm=32418|,ok,39000,36000,0,36000,1,single,touched,4096,512,6,512,501343,512,543538,0,4,4,ok
1,8,nvhe,4,578000,648000,36000,37000,BIG=35000|MID=35000|usb_pwr_therm=29435|btmspkr_therm=29346|disp_therm=29346|north_therm=29613|soc_therm=32395|battery=29300|battery_cycle=5|dc-mains=33000|usbc-therm-adc=330|max77779fg=29300|LITTLE=35000|soc=1|smpl_gm=0|vdroop1=0|batoilo=0|batoilo2=0|batt_vs=29300|mdis_morepower=0|thb_hda=51|cp_on_chip_0=34000|cp_on_chip_1=36000|G3D=34000|cp_on_chip_2=36000|cp_on_chip_3=33000|cp_on_chip_4=34000|rf2_therm=31000|rf1_therm=32000|ISP=33000|TPU=34000|AUR=34000|rfpa_therm=30325|quiet_therm=30793|charging_therm=32373|,BIG=35000|MID=36000|usb_pwr_therm=29435|btmspkr_therm=29346|disp_therm=29368|north_therm=29613|soc_therm=32440|battery=29300|battery_cycle=5|dc-mains=33000|usbc-therm-adc=330|max77779fg=29300|LITTLE=35000|soc=1|smpl_gm=0|vdroop1=0|batoilo=0|batoilo2=0|batt_vs=29300|mdis_morepower=0|thb_hda=51|cp_on_chip_0=34000|cp_on_chip_1=36000|G3D=34000|cp_on_chip_2=36000|cp_on_chip_3=33000|cp_on_chip_4=34000|rf2_therm=31000|rf1_therm=32000|ISP=33000|TPU=34000|AUR=34000|rfpa_therm=30348|quiet_therm=30815|charging_therm=32418|,ok,39000,36000,0,36000,1,single,touched,4096,512,7,512,506063,512,491536,0,4,4,ok
1,8,nvhe,4,578000,648000,36000,37000,BIG=35000|MID=35000|usb_pwr_therm=29435|btmspkr_therm=29346|disp_therm=29346|north_therm=29613|soc_therm=32395|battery=29300|battery_cycle=5|dc-mains=33000|usbc-therm-adc=330|max77779fg=29300|LITTLE=35000|soc=1|smpl_gm=0|vdroop1=0|batoilo=0|batoilo2=0|batt_vs=29300|mdis_morepower=0|thb_hda=51|cp_on_chip_0=34000|cp_on_chip_1=36000|G3D=34000|cp_on_chip_2=36000|cp_on_chip_3=33000|cp_on_chip_4=34000|rf2_therm=31000|rf1_therm=32000|ISP=33000|TPU=34000|AUR=34000|rfpa_therm=30325|quiet_therm=30793|charging_therm=32373|,BIG=35000|MID=36000|usb_pwr_therm=29435|btmspkr_therm=29346|disp_therm=29368|north_therm=29613|soc_therm=32440|battery=29300|battery_cycle=5|dc-mains=33000|usbc-therm-adc=330|max77779fg=29300|LITTLE=35000|soc=1|smpl_gm=0|vdroop1=0|batoilo=0|batoilo2=0|batt_vs=29300|mdis_morepower=0|thb_hda=51|cp_on_chip_0=34000|cp_on_chip_1=36000|G3D=34000|cp_on_chip_2=36000|cp_on_chip_3=33000|cp_on_chip_4=34000|rf2_therm=31000|rf1_therm=32000|ISP=33000|TPU=34000|AUR=34000|rfpa_therm=30348|quiet_therm=30815|charging_therm=32418|,ok,39000,36000,0,36000,1,single,touched,4096,512,8,512,550008,512,531128,0,4,4,ok
1,8,nvhe,4,578000,648000,36000,37000,BIG=35000|MID=35000|usb_pwr_therm=29435|btmspkr_therm=29346|disp_therm=29346|north_therm=29613|soc_therm=32395|battery=29300|battery_cycle=5|dc-mains=33000|usbc-therm-adc=330|max77779fg=29300|LITTLE=35000|soc=1|smpl_gm=0|vdroop1=0|batoilo=0|batoilo2=0|batt_vs=29300|mdis_morepower=0|thb_hda=51|cp_on_chip_0=34000|cp_on_chip_1=36000|G3D=34000|cp_on_chip_2=36000|cp_on_chip_3=33000|cp_on_chip_4=34000|rf2_therm=31000|rf1_therm=32000|ISP=33000|TPU=34000|AUR=34000|rfpa_therm=30325|quiet_therm=30793|charging_therm=32373|,BIG=35000|MID=36000|usb_pwr_therm=29435|btmspkr_therm=29346|disp_therm=29368|north_therm=29613|soc_therm=32440|battery=29300|battery_cycle=5|dc-mains=33000|usbc-therm-adc=330|max77779fg=29300|LITTLE=35000|soc=1|smpl_gm=0|vdroop1=0|batoilo=0|batoilo2=0|batt_vs=29300|mdis_morepower=0|thb_hda=51|cp_on_chip_0=34000|cp_on_chip_1=36000|G3D=34000|cp_on_chip_2=36000|cp_on_chip_3=33000|cp_on_chip_4=34000|rf2_therm=31000|rf1_therm=32000|ISP=33000|TPU=34000|AUR=34000|rfpa_therm=30348|quiet_therm=30815|charging_therm=32418|,ok,39000,36000,0,36000,1,single,touched,4096,512,9,512,511475,512,527506,0,4,4,ok
1,8,nvhe,4,578000,648000,36000,37000,BIG=35000|MID=35000|usb_pwr_therm=29435|btmspkr_therm=29346|disp_therm=29346|north_therm=29613|soc_therm=32395|battery=29300|battery_cycle=5|dc-mains=33000|usbc-therm-adc=330|max77779fg=29300|LITTLE=35000|soc=1|smpl_gm=0|vdroop1=0|batoilo=0|batoilo2=0|batt_vs=29300|mdis_morepower=0|thb_hda=51|cp_on_chip_0=34000|cp_on_chip_1=36000|G3D=34000|cp_on_chip_2=36000|cp_on_chip_3=33000|cp_on_chip_4=34000|rf2_therm=31000|rf1_therm=32000|ISP=33000|TPU=34000|AUR=34000|rfpa_therm=30325|quiet_therm=30793|charging_therm=32373|,BIG=35000|MID=36000|usb_pwr_therm=29435|btmspkr_therm=29346|disp_therm=29368|north_therm=29613|soc_therm=32440|battery=29300|battery_cycle=5|dc-mains=33000|usbc-therm-adc=330|max77779fg=29300|LITTLE=35000|soc=1|smpl_gm=0|vdroop1=0|batoilo=0|batoilo2=0|batt_vs=29300|mdis_morepower=0|thb_hda=51|cp_on_chip_0=34000|cp_on_chip_1=36000|G3D=34000|cp_on_chip_2=36000|cp_on_chip_3=33000|cp_on_chip_4=34000|rf2_therm=31000|rf1_therm=32000|ISP=33000|TPU=34000|AUR=34000|rfpa_therm=30348|quiet_therm=30815|charging_therm=32418|,ok,39000,36000,0,36000,1,single,touched,4096,512,10,512,525797,512,504761,0,4,4,ok
1,8,nvhe,4,578000,648000,36000,37000,BIG=35000|MID=35000|usb_pwr_therm=29435|btmspkr_therm=29346|disp_therm=29346|north_therm=29613|soc_therm=32395|battery=29300|battery_cycle=5|dc-mains=33000|usbc-therm-adc=330|max77779fg=29300|LITTLE=35000|soc=1|smpl_gm=0|vdroop1=0|batoilo=0|batoilo2=0|batt_vs=29300|mdis_morepower=0|thb_hda=51|cp_on_chip_0=34000|cp_on_chip_1=36000|G3D=34000|cp_on_chip_2=36000|cp_on_chip_3=33000|cp_on_chip_4=34000|rf2_therm=31000|rf1_therm=32000|ISP=33000|TPU=34000|AUR=34000|rfpa_therm=30325|quiet_therm=30793|charging_therm=32373|,BIG=35000|MID=36000|usb_pwr_therm=29435|btmspkr_therm=29346|disp_therm=29368|north_therm=29613|soc_therm=32440|battery=29300|battery_cycle=5|dc-mains=33000|usbc-therm-adc=330|max77779fg=29300|LITTLE=35000|soc=1|smpl_gm=0|vdroop1=0|batoilo=0|batoilo2=0|batt_vs=29300|mdis_morepower=0|thb_hda=51|cp_on_chip_0=34000|cp_on_chip_1=36000|G3D=34000|cp_on_chip_2=36000|cp_on_chip_3=33000|cp_on_chip_4=34000|rf2_therm=31000|rf1_therm=32000|ISP=33000|TPU=34000|AUR=34000|rfpa_therm=30348|quiet_therm=30815|charging_therm=32418|,ok,39000,36000,0,36000,1,single,touched,4096,512,11,512,528483,512,501954,0,4,4,ok
1,8,nvhe,4,578000,648000,36000,37000,BIG=35000|MID=35000|usb_pwr_therm=29435|btmspkr_therm=29346|disp_therm=29346|north_therm=29613|soc_therm=32395|battery=29300|battery_cycle=5|dc-mains=33000|usbc-therm-adc=330|max77779fg=29300|LITTLE=35000|soc=1|smpl_gm=0|vdroop1=0|batoilo=0|batoilo2=0|batt_vs=29300|mdis_morepower=0|thb_hda=51|cp_on_chip_0=34000|cp_on_chip_1=36000|G3D=34000|cp_on_chip_2=36000|cp_on_chip_3=33000|cp_on_chip_4=34000|rf2_therm=31000|rf1_therm=32000|ISP=33000|TPU=34000|AUR=34000|rfpa_therm=30325|quiet_therm=30793|charging_therm=32373|,BIG=35000|MID=36000|usb_pwr_therm=29435|btmspkr_therm=29346|disp_therm=29368|north_therm=29613|soc_therm=32440|battery=29300|battery_cycle=5|dc-mains=33000|usbc-therm-adc=330|max77779fg=29300|LITTLE=35000|soc=1|smpl_gm=0|vdroop1=0|batoilo=0|batoilo2=0|batt_vs=29300|mdis_morepower=0|thb_hda=51|cp_on_chip_0=34000|cp_on_chip_1=36000|G3D=34000|cp_on_chip_2=36000|cp_on_chip_3=33000|cp_on_chip_4=34000|rf2_therm=31000|rf1_therm=32000|ISP=33000|TPU=34000|AUR=34000|rfpa_therm=30348|quiet_therm=30815|charging_therm=32418|,ok,39000,36000,0,36000,1,single,touched,4096,512,12,512,560018,512,781087,0,4,4,ok
1,8,nvhe,4,578000,648000,36000,37000,BIG=35000|MID=35000|usb_pwr_therm=29435|btmspkr_therm=29346|disp_therm=29346|north_therm=29613|soc_therm=32395|battery=29300|battery_cycle=5|dc-mains=33000|usbc-therm-adc=330|max77779fg=29300|LITTLE=35000|soc=1|smpl_gm=0|vdroop1=0|batoilo=0|batoilo2=0|batt_vs=29300|mdis_morepower=0|thb_hda=51|cp_on_chip_0=34000|cp_on_chip_1=36000|G3D=34000|cp_on_chip_2=36000|cp_on_chip_3=33000|cp_on_chip_4=34000|rf2_therm=31000|rf1_therm=32000|ISP=33000|TPU=34000|AUR=34000|rfpa_therm=30325|quiet_therm=30793|charging_therm=32373|,BIG=35000|MID=36000|usb_pwr_therm=29435|btmspkr_therm=29346|disp_therm=29368|north_therm=29613|soc_therm=32440|battery=29300|battery_cycle=5|dc-mains=33000|usbc-therm-adc=330|max77779fg=29300|LITTLE=35000|soc=1|smpl_gm=0|vdroop1=0|batoilo=0|batoilo2=0|batt_vs=29300|mdis_morepower=0|thb_hda=51|cp_on_chip_0=34000|cp_on_chip_1=36000|G3D=34000|cp_on_chip_2=36000|cp_on_chip_3=33000|cp_on_chip_4=34000|rf2_therm=31000|rf1_therm=32000|ISP=33000|TPU=34000|AUR=34000|rfpa_therm=30348|quiet_therm=30815|charging_therm=32418|,ok,39000,36000,0,36000,1,single,touched,4096,512,13,512,471558,512,465088,0,4,4,ok
1,8,nvhe,4,578000,648000,36000,37000,BIG=35000|MID=35000|usb_pwr_therm=29435|btmspkr_therm=29346|disp_therm=29346|north_therm=29613|soc_therm=32395|battery=29300|battery_cycle=5|dc-mains=33000|usbc-therm-adc=330|max77779fg=29300|LITTLE=35000|soc=1|smpl_gm=0|vdroop1=0|batoilo=0|batoilo2=0|batt_vs=29300|mdis_morepower=0|thb_hda=51|cp_on_chip_0=34000|cp_on_chip_1=36000|G3D=34000|cp_on_chip_2=36000|cp_on_chip_3=33000|cp_on_chip_4=34000|rf2_therm=31000|rf1_therm=32000|ISP=33000|TPU=34000|AUR=34000|rfpa_therm=30325|quiet_therm=30793|charging_therm=32373|,BIG=35000|MID=36000|usb_pwr_therm=29435|btmspkr_therm=29346|disp_therm=29368|north_therm=29613|soc_therm=32440|battery=29300|battery_cycle=5|dc-mains=33000|usbc-therm-adc=330|max77779fg=29300|LITTLE=35000|soc=1|smpl_gm=0|vdroop1=0|batoilo=0|batoilo2=0|batt_vs=29300|mdis_morepower=0|thb_hda=51|cp_on_chip_0=34000|cp_on_chip_1=36000|G3D=34000|cp_on_chip_2=36000|cp_on_chip_3=33000|cp_on_chip_4=34000|rf2_therm=31000|rf1_therm=32000|ISP=33000|TPU=34000|AUR=34000|rfpa_therm=30348|quiet_therm=30815|charging_therm=32418|,ok,39000,36000,0,36000,1,single,touched,4096,512,14,512,452311,512,454793,0,4,4,ok
1,8,nvhe,4,578000,648000,36000,37000,BIG=35000|MID=35000|usb_pwr_therm=29435|btmspkr_therm=29346|disp_therm=29346|north_therm=29613|soc_therm=32395|battery=29300|battery_cycle=5|dc-mains=33000|usbc-therm-adc=330|max77779fg=29300|LITTLE=35000|soc=1|smpl_gm=0|vdroop1=0|batoilo=0|batoilo2=0|batt_vs=29300|mdis_morepower=0|thb_hda=51|cp_on_chip_0=34000|cp_on_chip_1=36000|G3D=34000|cp_on_chip_2=36000|cp_on_chip_3=33000|cp_on_chip_4=34000|rf2_therm=31000|rf1_therm=32000|ISP=33000|TPU=34000|AUR=34000|rfpa_therm=30325|quiet_therm=30793|charging_therm=32373|,BIG=35000|MID=36000|usb_pwr_therm=29435|btmspkr_therm=29346|disp_therm=29368|north_therm=29613|soc_therm=32440|battery=29300|battery_cycle=5|dc-mains=33000|usbc-therm-adc=330|max77779fg=29300|LITTLE=35000|soc=1|smpl_gm=0|vdroop1=0|batoilo=0|batoilo2=0|batt_vs=29300|mdis_morepower=0|thb_hda=51|cp_on_chip_0=34000|cp_on_chip_1=36000|G3D=34000|cp_on_chip_2=36000|cp_on_chip_3=33000|cp_on_chip_4=34000|rf2_therm=31000|rf1_therm=32000|ISP=33000|TPU=34000|AUR=34000|rfpa_therm=30348|quiet_therm=30815|charging_therm=32418|,ok,39000,36000,0,36000,1,single,touched,4096,512,15,512,436320,512,482137,0,4,4,ok
1,8,nvhe,4,578000,648000,36000,37000,BIG=35000|MID=35000|usb_pwr_therm=29435|btmspkr_therm=29346|disp_therm=29346|north_therm=29613|soc_therm=32395|battery=29300|battery_cycle=5|dc-mains=33000|usbc-therm-adc=330|max77779fg=29300|LITTLE=35000|soc=1|smpl_gm=0|vdroop1=0|batoilo=0|batoilo2=0|batt_vs=29300|mdis_morepower=0|thb_hda=51|cp_on_chip_0=34000|cp_on_chip_1=36000|G3D=34000|cp_on_chip_2=36000|cp_on_chip_3=33000|cp_on_chip_4=34000|rf2_therm=31000|rf1_therm=32000|ISP=33000|TPU=34000|AUR=34000|rfpa_therm=30325|quiet_therm=30793|charging_therm=32373|,BIG=35000|MID=36000|usb_pwr_therm=29435|btmspkr_therm=29346|disp_therm=29368|north_therm=29613|soc_therm=32440|battery=29300|battery_cycle=5|dc-mains=33000|usbc-therm-adc=330|max77779fg=29300|LITTLE=35000|soc=1|smpl_gm=0|vdroop1=0|batoilo=0|batoilo2=0|batt_vs=29300|mdis_morepower=0|thb_hda=51|cp_on_chip_0=34000|cp_on_chip_1=36000|G3D=34000|cp_on_chip_2=36000|cp_on_chip_3=33000|cp_on_chip_4=34000|rf2_therm=31000|rf1_therm=32000|ISP=33000|TPU=34000|AUR=34000|rfpa_therm=30348|quiet_therm=30815|charging_therm=32418|,ok,39000,36000,0,36000,1,single,touched,4096,512,16,512,478190,512,587158,0,4,4,ok
1,8,nvhe,4,578000,648000,36000,37000,BIG=35000|MID=35000|usb_pwr_therm=29435|btmspkr_therm=29346|disp_therm=29346|north_therm=29613|soc_therm=32395|battery=29300|battery_cycle=5|dc-mains=33000|usbc-therm-adc=330|max77779fg=29300|LITTLE=35000|soc=1|smpl_gm=0|vdroop1=0|batoilo=0|batoilo2=0|batt_vs=29300|mdis_morepower=0|thb_hda=51|cp_on_chip_0=34000|cp_on_chip_1=36000|G3D=34000|cp_on_chip_2=36000|cp_on_chip_3=33000|cp_on_chip_4=34000|rf2_therm=31000|rf1_therm=32000|ISP=33000|TPU=34000|AUR=34000|rfpa_therm=30325|quiet_therm=30793|charging_therm=32373|,BIG=35000|MID=36000|usb_pwr_therm=29435|btmspkr_therm=29346|disp_therm=29368|north_therm=29613|soc_therm=32440|battery=29300|battery_cycle=5|dc-mains=33000|usbc-therm-adc=330|max77779fg=29300|LITTLE=35000|soc=1|smpl_gm=0|vdroop1=0|batoilo=0|batoilo2=0|batt_vs=29300|mdis_morepower=0|thb_hda=51|cp_on_chip_0=34000|cp_on_chip_1=36000|G3D=34000|cp_on_chip_2=36000|cp_on_chip_3=33000|cp_on_chip_4=34000|rf2_therm=31000|rf1_therm=32000|ISP=33000|TPU=34000|AUR=34000|rfpa_therm=30348|quiet_therm=30815|charging_therm=32418|,ok,39000,36000,0,36000,1,single,touched,4096,512,17,512,443848,512,565714,0,4,4,ok
1,8,nvhe,4,578000,648000,36000,37000,BIG=35000|MID=35000|usb_pwr_therm=29435|btmspkr_therm=29346|disp_therm=29346|north_therm=29613|soc_therm=32395|battery=29300|battery_cycle=5|dc-mains=33000|usbc-therm-adc=330|max77779fg=29300|LITTLE=35000|soc=1|smpl_gm=0|vdroop1=0|batoilo=0|batoilo2=0|batt_vs=29300|mdis_morepower=0|thb_hda=51|cp_on_chip_0=34000|cp_on_chip_1=36000|G3D=34000|cp_on_chip_2=36000|cp_on_chip_3=33000|cp_on_chip_4=34000|rf2_therm=31000|rf1_therm=32000|ISP=33000|TPU=34000|AUR=34000|rfpa_therm=30325|quiet_therm=30793|charging_therm=32373|,BIG=35000|MID=36000|usb_pwr_therm=29435|btmspkr_therm=29346|disp_therm=29368|north_therm=29613|soc_therm=32440|battery=29300|battery_cycle=5|dc-mains=33000|usbc-therm-adc=330|max77779fg=29300|LITTLE=35000|soc=1|smpl_gm=0|vdroop1=0|batoilo=0|batoilo2=0|batt_vs=29300|mdis_morepower=0|thb_hda=51|cp_on_chip_0=34000|cp_on_chip_1=36000|G3D=34000|cp_on_chip_2=36000|cp_on_chip_3=33000|cp_on_chip_4=34000|rf2_therm=31000|rf1_therm=32000|ISP=33000|TPU=34000|AUR=34000|rfpa_therm=30348|quiet_therm=30815|charging_therm=32418|,ok,39000,36000,0,36000,1,single,touched,4096,512,18,512,415364,512,436116,0,4,4,ok
1,8,nvhe,4,578000,648000,36000,37000,BIG=35000|MID=35000|usb_pwr_therm=29435|btmspkr_therm=29346|disp_therm=29346|north_therm=29613|soc_therm=32395|battery=29300|battery_cycle=5|dc-mains=33000|usbc-therm-adc=330|max77779fg=29300|LITTLE=35000|soc=1|smpl_gm=0|vdroop1=0|batoilo=0|batoilo2=0|batt_vs=29300|mdis_morepower=0|thb_hda=51|cp_on_chip_0=34000|cp_on_chip_1=36000|G3D=34000|cp_on_chip_2=36000|cp_on_chip_3=33000|cp_on_chip_4=34000|rf2_therm=31000|rf1_therm=32000|ISP=33000|TPU=34000|AUR=34000|rfpa_therm=30325|quiet_therm=30793|charging_therm=32373|,BIG=35000|MID=36000|usb_pwr_therm=29435|btmspkr_therm=29346|disp_therm=29368|north_therm=29613|soc_therm=32440|battery=29300|battery_cycle=5|dc-mains=33000|usbc-therm-adc=330|max77779fg=29300|LITTLE=35000|soc=1|smpl_gm=0|vdroop1=0|batoilo=0|batoilo2=0|batt_vs=29300|mdis_morepower=0|thb_hda=51|cp_on_chip_0=34000|cp_on_chip_1=36000|G3D=34000|cp_on_chip_2=36000|cp_on_chip_3=33000|cp_on_chip_4=34000|rf2_therm=31000|rf1_therm=32000|ISP=33000|TPU=34000|AUR=34000|rfpa_therm=30348|quiet_therm=30815|charging_therm=32418|,ok,39000,36000,0,36000,1,single,touched,4096,512,19,512,414347,512,425821,0,4,4,ok
1,8,nvhe,4,578000,648000,36000,37000,BIG=35000|MID=35000|usb_pwr_therm=29435|btmspkr_therm=29346|disp_therm=29346|north_therm=29613|soc_therm=32395|battery=29300|battery_cycle=5|dc-mains=33000|usbc-therm-adc=330|max77779fg=29300|LITTLE=35000|soc=1|smpl_gm=0|vdroop1=0|batoilo=0|batoilo2=0|batt_vs=29300|mdis_morepower=0|thb_hda=51|cp_on_chip_0=34000|cp_on_chip_1=36000|G3D=34000|cp_on_chip_2=36000|cp_on_chip_3=33000|cp_on_chip_4=34000|rf2_therm=31000|rf1_therm=32000|ISP=33000|TPU=34000|AUR=34000|rfpa_therm=30325|quiet_therm=30793|charging_therm=32373|,BIG=35000|MID=36000|usb_pwr_therm=29435|btmspkr_therm=29346|disp_therm=29368|north_therm=29613|soc_therm=32440|battery=29300|battery_cycle=5|dc-mains=33000|usbc-therm-adc=330|max77779fg=29300|LITTLE=35000|soc=1|smpl_gm=0|vdroop1=0|batoilo=0|batoilo2=0|batt_vs=29300|mdis_morepower=0|thb_hda=51|cp_on_chip_0=34000|cp_on_chip_1=36000|G3D=34000|cp_on_chip_2=36000|cp_on_chip_3=33000|cp_on_chip_4=34000|rf2_therm=31000|rf1_therm=32000|ISP=33000|TPU=34000|AUR=34000|rfpa_therm=30348|quiet_therm=30815|charging_therm=32418|,ok,39000,36000,0,36000,1,single,touched,4096,512,20,512,432129,512,448649,0,4,4,ok
1,8,nvhe,4,578000,648000,36000,37000,BIG=35000|MID=35000|usb_pwr_therm=29435|btmspkr_therm=29346|disp_therm=29346|north_therm=29613|soc_therm=32395|battery=29300|battery_cycle=5|dc-mains=33000|usbc-therm-adc=330|max77779fg=29300|LITTLE=35000|soc=1|smpl_gm=0|vdroop1=0|batoilo=0|batoilo2=0|batt_vs=29300|mdis_morepower=0|thb_hda=51|cp_on_chip_0=34000|cp_on_chip_1=36000|G3D=34000|cp_on_chip_2=36000|cp_on_chip_3=33000|cp_on_chip_4=34000|rf2_therm=31000|rf1_therm=32000|ISP=33000|TPU=34000|AUR=34000|rfpa_therm=30325|quiet_therm=30793|charging_therm=32373|,BIG=35000|MID=36000|usb_pwr_therm=29435|btmspkr_therm=29346|disp_therm=29368|north_therm=29613|soc_therm=32440|battery=29300|battery_cycle=5|dc-mains=33000|usbc-therm-adc=330|max77779fg=29300|LITTLE=35000|soc=1|smpl_gm=0|vdroop1=0|batoilo=0|batoilo2=0|batt_vs=29300|mdis_morepower=0|thb_hda=51|cp_on_chip_0=34000|cp_on_chip_1=36000|G3D=34000|cp_on_chip_2=36000|cp_on_chip_3=33000|cp_on_chip_4=34000|rf2_therm=31000|rf1_therm=32000|ISP=33000|TPU=34000|AUR=34000|rfpa_therm=30348|quiet_therm=30815|charging_therm=32418|,ok,39000,36000,0,36000,1,single,touched,4096,512,21,512,415445,512,425700,0,4,4,ok
1,8,nvhe,4,578000,648000,36000,37000,BIG=35000|MID=35000|usb_pwr_therm=29435|btmspkr_therm=29346|disp_therm=29346|north_therm=29613|soc_therm=32395|battery=29300|battery_cycle=5|dc-mains=33000|usbc-therm-adc=330|max77779fg=29300|LITTLE=35000|soc=1|smpl_gm=0|vdroop1=0|batoilo=0|batoilo2=0|batt_vs=29300|mdis_morepower=0|thb_hda=51|cp_on_chip_0=34000|cp_on_chip_1=36000|G3D=34000|cp_on_chip_2=36000|cp_on_chip_3=33000|cp_on_chip_4=34000|rf2_therm=31000|rf1_therm=32000|ISP=33000|TPU=34000|AUR=34000|rfpa_therm=30325|quiet_therm=30793|charging_therm=32373|,BIG=35000|MID=36000|usb_pwr_therm=29435|btmspkr_therm=29346|disp_therm=29368|north_therm=29613|soc_therm=32440|battery=29300|battery_cycle=5|dc-mains=33000|usbc-therm-adc=330|max77779fg=29300|LITTLE=35000|soc=1|smpl_gm=0|vdroop1=0|batoilo=0|batoilo2=0|batt_vs=29300|mdis_morepower=0|thb_hda=51|cp_on_chip_0=34000|cp_on_chip_1=36000|G3D=34000|cp_on_chip_2=36000|cp_on_chip_3=33000|cp_on_chip_4=34000|rf2_therm=31000|rf1_therm=32000|ISP=33000|TPU=34000|AUR=34000|rfpa_therm=30348|quiet_therm=30815|charging_therm=32418|,ok,39000,36000,0,36000,1,single,touched,4096,512,22,512,419231,512,425740,0,4,4,ok
1,8,nvhe,4,578000,648000,36000,37000,BIG=35000|MID=35000|usb_pwr_therm=29435|btmspkr_therm=29346|disp_therm=29346|north_therm=29613|soc_therm=32395|battery=29300|battery_cycle=5|dc-mains=33000|usbc-therm-adc=330|max77779fg=29300|LITTLE=35000|soc=1|smpl_gm=0|vdroop1=0|batoilo=0|batoilo2=0|batt_vs=29300|mdis_morepower=0|thb_hda=51|cp_on_chip_0=34000|cp_on_chip_1=36000|G3D=34000|cp_on_chip_2=36000|cp_on_chip_3=33000|cp_on_chip_4=34000|rf2_therm=31000|rf1_therm=32000|ISP=33000|TPU=34000|AUR=34000|rfpa_therm=30325|quiet_therm=30793|charging_therm=32373|,BIG=35000|MID=36000|usb_pwr_therm=29435|btmspkr_therm=29346|disp_therm=29368|north_therm=29613|soc_therm=32440|battery=29300|battery_cycle=5|dc-mains=33000|usbc-therm-adc=330|max77779fg=29300|LITTLE=35000|soc=1|smpl_gm=0|vdroop1=0|batoilo=0|batoilo2=0|batt_vs=29300|mdis_morepower=0|thb_hda=51|cp_on_chip_0=34000|cp_on_chip_1=36000|G3D=34000|cp_on_chip_2=36000|cp_on_chip_3=33000|cp_on_chip_4=34000|rf2_therm=31000|rf1_therm=32000|ISP=33000|TPU=34000|AUR=34000|rfpa_therm=30348|quiet_therm=30815|charging_therm=32418|,ok,39000,36000,0,36000,1,single,touched,4096,512,23,512,413818,512,418824,0,4,4,ok
1,8,nvhe,4,578000,648000,36000,37000,BIG=35000|MID=35000|usb_pwr_therm=29435|btmspkr_therm=29346|disp_therm=29346|north_therm=29613|soc_therm=32395|battery=29300|battery_cycle=5|dc-mains=33000|usbc-therm-adc=330|max77779fg=29300|LITTLE=35000|soc=1|smpl_gm=0|vdroop1=0|batoilo=0|batoilo2=0|batt_vs=29300|mdis_morepower=0|thb_hda=51|cp_on_chip_0=34000|cp_on_chip_1=36000|G3D=34000|cp_on_chip_2=36000|cp_on_chip_3=33000|cp_on_chip_4=34000|rf2_therm=31000|rf1_therm=32000|ISP=33000|TPU=34000|AUR=34000|rfpa_therm=30325|quiet_therm=30793|charging_therm=32373|,BIG=35000|MID=36000|usb_pwr_therm=29435|btmspkr_therm=29346|disp_therm=29368|north_therm=29613|soc_therm=32440|battery=29300|battery_cycle=5|dc-mains=33000|usbc-therm-adc=330|max77779fg=29300|LITTLE=35000|soc=1|smpl_gm=0|vdroop1=0|batoilo=0|batoilo2=0|batt_vs=29300|mdis_morepower=0|thb_hda=51|cp_on_chip_0=34000|cp_on_chip_1=36000|G3D=34000|cp_on_chip_2=36000|cp_on_chip_3=33000|cp_on_chip_4=34000|rf2_therm=31000|rf1_therm=32000|ISP=33000|TPU=34000|AUR=34000|rfpa_therm=30348|quiet_therm=30815|charging_therm=32418|,ok,39000,36000,0,36000,1,single,touched,4096,512,24,512,413574,512,474040,0,4,4,ok
1,8,nvhe,4,578000,648000,36000,37000,BIG=35000|MID=35000|usb_pwr_therm=29435|btmspkr_therm=29346|disp_therm=29346|north_therm=29613|soc_therm=32395|battery=29300|battery_cycle=5|dc-mains=33000|usbc-therm-adc=330|max77779fg=29300|LITTLE=35000|soc=1|smpl_gm=0|vdroop1=0|batoilo=0|batoilo2=0|batt_vs=29300|mdis_morepower=0|thb_hda=51|cp_on_chip_0=34000|cp_on_chip_1=36000|G3D=34000|cp_on_chip_2=36000|cp_on_chip_3=33000|cp_on_chip_4=34000|rf2_therm=31000|rf1_therm=32000|ISP=33000|TPU=34000|AUR=34000|rfpa_therm=30325|quiet_therm=30793|charging_therm=32373|,BIG=35000|MID=36000|usb_pwr_therm=29435|btmspkr_therm=29346|disp_therm=29368|north_therm=29613|soc_therm=32440|battery=29300|battery_cycle=5|dc-mains=33000|usbc-therm-adc=330|max77779fg=29300|LITTLE=35000|soc=1|smpl_gm=0|vdroop1=0|batoilo=0|batoilo2=0|batt_vs=29300|mdis_morepower=0|thb_hda=51|cp_on_chip_0=34000|cp_on_chip_1=36000|G3D=34000|cp_on_chip_2=36000|cp_on_chip_3=33000|cp_on_chip_4=34000|rf2_therm=31000|rf1_therm=32000|ISP=33000|TPU=34000|AUR=34000|rfpa_therm=30348|quiet_therm=30815|charging_therm=32418|,ok,39000,36000,0,36000,1,single,touched,4096,512,25,512,413777,512,418946,0,4,4,ok
1,8,nvhe,4,578000,648000,36000,37000,BIG=35000|MID=35000|usb_pwr_therm=29435|btmspkr_therm=29346|disp_therm=29346|north_therm=29613|soc_therm=32395|battery=29300|battery_cycle=5|dc-mains=33000|usbc-therm-adc=330|max77779fg=29300|LITTLE=35000|soc=1|smpl_gm=0|vdroop1=0|batoilo=0|batoilo2=0|batt_vs=29300|mdis_morepower=0|thb_hda=51|cp_on_chip_0=34000|cp_on_chip_1=36000|G3D=34000|cp_on_chip_2=36000|cp_on_chip_3=33000|cp_on_chip_4=34000|rf2_therm=31000|rf1_therm=32000|ISP=33000|TPU=34000|AUR=34000|rfpa_therm=30325|quiet_therm=30793|charging_therm=32373|,BIG=35000|MID=36000|usb_pwr_therm=29435|btmspkr_therm=29346|disp_therm=29368|north_therm=29613|soc_therm=32440|battery=29300|battery_cycle=5|dc-mains=33000|usbc-therm-adc=330|max77779fg=29300|LITTLE=35000|soc=1|smpl_gm=0|vdroop1=0|batoilo=0|batoilo2=0|batt_vs=29300|mdis_morepower=0|thb_hda=51|cp_on_chip_0=34000|cp_on_chip_1=36000|G3D=34000|cp_on_chip_2=36000|cp_on_chip_3=33000|cp_on_chip_4=34000|rf2_therm=31000|rf1_therm=32000|ISP=33000|TPU=34000|AUR=34000|rfpa_therm=30348|quiet_therm=30815|charging_therm=32418|,ok,39000,36000,0,36000,1,single,touched,4096,512,26,512,419312,512,418783,0,4,4,ok
1,8,nvhe,4,578000,648000,36000,37000,BIG=35000|MID=35000|usb_pwr_therm=29435|btmspkr_therm=29346|disp_therm=29346|north_therm=29613|soc_therm=32395|battery=29300|battery_cycle=5|dc-mains=33000|usbc-therm-adc=330|max77779fg=29300|LITTLE=35000|soc=1|smpl_gm=0|vdroop1=0|batoilo=0|batoilo2=0|batt_vs=29300|mdis_morepower=0|thb_hda=51|cp_on_chip_0=34000|cp_on_chip_1=36000|G3D=34000|cp_on_chip_2=36000|cp_on_chip_3=33000|cp_on_chip_4=34000|rf2_therm=31000|rf1_therm=32000|ISP=33000|TPU=34000|AUR=34000|rfpa_therm=30325|quiet_therm=30793|charging_therm=32373|,BIG=35000|MID=36000|usb_pwr_therm=29435|btmspkr_therm=29346|disp_therm=29368|north_therm=29613|soc_therm=32440|battery=29300|battery_cycle=5|dc-mains=33000|usbc-therm-adc=330|max77779fg=29300|LITTLE=35000|soc=1|smpl_gm=0|vdroop1=0|batoilo=0|batoilo2=0|batt_vs=29300|mdis_morepower=0|thb_hda=51|cp_on_chip_0=34000|cp_on_chip_1=36000|G3D=34000|cp_on_chip_2=36000|cp_on_chip_3=33000|cp_on_chip_4=34000|rf2_therm=31000|rf1_therm=32000|ISP=33000|TPU=34000|AUR=34000|rfpa_therm=30348|quiet_therm=30815|charging_therm=32418|,ok,39000,36000,0,36000,1,single,touched,4096,512,27,512,415771,512,418824,0,4,4,ok
1,8,nvhe,4,578000,648000,36000,37000,BIG=35000|MID=35000|usb_pwr_therm=29435|btmspkr_therm=29346|disp_therm=29346|north_therm=29613|soc_therm=32395|battery=29300|battery_cycle=5|dc-mains=33000|usbc-therm-adc=330|max77779fg=29300|LITTLE=35000|soc=1|smpl_gm=0|vdroop1=0|batoilo=0|batoilo2=0|batt_vs=29300|mdis_morepower=0|thb_hda=51|cp_on_chip_0=34000|cp_on_chip_1=36000|G3D=34000|cp_on_chip_2=36000|cp_on_chip_3=33000|cp_on_chip_4=34000|rf2_therm=31000|rf1_therm=32000|ISP=33000|TPU=34000|AUR=34000|rfpa_therm=30325|quiet_therm=30793|charging_therm=32373|,BIG=35000|MID=36000|usb_pwr_therm=29435|btmspkr_therm=29346|disp_therm=29368|north_therm=29613|soc_therm=32440|battery=29300|battery_cycle=5|dc-mains=33000|usbc-therm-adc=330|max77779fg=29300|LITTLE=35000|soc=1|smpl_gm=0|vdroop1=0|batoilo=0|batoilo2=0|batt_vs=29300|mdis_morepower=0|thb_hda=51|cp_on_chip_0=34000|cp_on_chip_1=36000|G3D=34000|cp_on_chip_2=36000|cp_on_chip_3=33000|cp_on_chip_4=34000|rf2_therm=31000|rf1_therm=32000|ISP=33000|TPU=34000|AUR=34000|rfpa_therm=30348|quiet_therm=30815|charging_therm=32418|,ok,39000,36000,0,36000,1,single,touched,4096,512,28,512,407349,512,418254,0,4,4,ok
1,8,nvhe,4,578000,648000,36000,37000,BIG=35000|MID=35000|usb_pwr_therm=29435|btmspkr_therm=29346|disp_therm=29346|north_therm=29613|soc_therm=32395|battery=29300|battery_cycle=5|dc-mains=33000|usbc-therm-adc=330|max77779fg=29300|LITTLE=35000|soc=1|smpl_gm=0|vdroop1=0|batoilo=0|batoilo2=0|batt_vs=29300|mdis_morepower=0|thb_hda=51|cp_on_chip_0=34000|cp_on_chip_1=36000|G3D=34000|cp_on_chip_2=36000|cp_on_chip_3=33000|cp_on_chip_4=34000|rf2_therm=31000|rf1_therm=32000|ISP=33000|TPU=34000|AUR=34000|rfpa_therm=30325|quiet_therm=30793|charging_therm=32373|,BIG=35000|MID=36000|usb_pwr_therm=29435|btmspkr_therm=29346|disp_therm=29368|north_therm=29613|soc_therm=32440|battery=29300|battery_cycle=5|dc-mains=33000|usbc-therm-adc=330|max77779fg=29300|LITTLE=35000|soc=1|smpl_gm=0|vdroop1=0|batoilo=0|batoilo2=0|batt_vs=29300|mdis_morepower=0|thb_hda=51|cp_on_chip_0=34000|cp_on_chip_1=36000|G3D=34000|cp_on_chip_2=36000|cp_on_chip_3=33000|cp_on_chip_4=34000|rf2_therm=31000|rf1_therm=32000|ISP=33000|TPU=34000|AUR=34000|rfpa_therm=30348|quiet_therm=30815|charging_therm=32418|,ok,39000,36000,0,36000,1,single,touched,4096,512,29,512,414266,512,431193,0,4,4,ok
1,9,nvhe,4,1945000,1795000,36000,36000,BIG=35000|MID=35000|usb_pwr_therm=29435|btmspkr_therm=29346|disp_therm=29368|north_therm=29613|soc_therm=32462|battery=29300|battery_cycle=5|dc-mains=33000|usbc-therm-adc=330|max77779fg=29300|LITTLE=35000|soc=1|smpl_gm=0|vdroop1=0|batoilo=0|batoilo2=0|batt_vs=29300|mdis_morepower=0|thb_hda=51|cp_on_chip_0=34000|cp_on_chip_1=36000|G3D=34000|cp_on_chip_2=36000|cp_on_chip_3=33000|cp_on_chip_4=34000|rf2_therm=31000|rf1_therm=32000|ISP=33000|TPU=34000|AUR=34000|rfpa_therm=30348|quiet_therm=30837|charging_therm=32440|,BIG=36000|MID=35000|usb_pwr_therm=29435|btmspkr_therm=29346|disp_therm=29368|north_therm=29613|soc_therm=32462|battery=29300|battery_cycle=5|dc-mains=33000|usbc-therm-adc=330|max77779fg=29300|LITTLE=36000|soc=1|smpl_gm=0|vdroop1=0|batoilo=0|batoilo2=0|batt_vs=29300|mdis_morepower=0|thb_hda=51|cp_on_chip_0=34000|cp_on_chip_1=36000|G3D=34000|cp_on_chip_2=36000|cp_on_chip_3=33000|cp_on_chip_4=34000|rf2_therm=31000|rf1_therm=32000|ISP=33000|TPU=34000|AUR=34000|rfpa_therm=30348|quiet_therm=30837|charging_therm=32440|,ok,39000,36000,0,36000,1,batched,untouched,4096,512,0,1,30477,0,6673,0,4,4,ok
1,9,nvhe,4,1945000,1795000,36000,36000,BIG=35000|MID=35000|usb_pwr_therm=29435|btmspkr_therm=29346|disp_therm=29368|north_therm=29613|soc_therm=32462|battery=29300|battery_cycle=5|dc-mains=33000|usbc-therm-adc=330|max77779fg=29300|LITTLE=35000|soc=1|smpl_gm=0|vdroop1=0|batoilo=0|batoilo2=0|batt_vs=29300|mdis_morepower=0|thb_hda=51|cp_on_chip_0=34000|cp_on_chip_1=36000|G3D=34000|cp_on_chip_2=36000|cp_on_chip_3=33000|cp_on_chip_4=34000|rf2_therm=31000|rf1_therm=32000|ISP=33000|TPU=34000|AUR=34000|rfpa_therm=30348|quiet_therm=30837|charging_therm=32440|,BIG=36000|MID=35000|usb_pwr_therm=29435|btmspkr_therm=29346|disp_therm=29368|north_therm=29613|soc_therm=32462|battery=29300|battery_cycle=5|dc-mains=33000|usbc-therm-adc=330|max77779fg=29300|LITTLE=36000|soc=1|smpl_gm=0|vdroop1=0|batoilo=0|batoilo2=0|batt_vs=29300|mdis_morepower=0|thb_hda=51|cp_on_chip_0=34000|cp_on_chip_1=36000|G3D=34000|cp_on_chip_2=36000|cp_on_chip_3=33000|cp_on_chip_4=34000|rf2_therm=31000|rf1_therm=32000|ISP=33000|TPU=34000|AUR=34000|rfpa_therm=30348|quiet_therm=30837|charging_therm=32440|,ok,39000,36000,0,36000,1,batched,untouched,4096,512,1,1,10091,0,774,0,4,4,ok
1,9,nvhe,4,1945000,1795000,36000,36000,BIG=35000|MID=35000|usb_pwr_therm=29435|btmspkr_therm=29346|disp_therm=29368|north_therm=29613|soc_therm=32462|battery=29300|battery_cycle=5|dc-mains=33000|usbc-therm-adc=330|max77779fg=29300|LITTLE=35000|soc=1|smpl_gm=0|vdroop1=0|batoilo=0|batoilo2=0|batt_vs=29300|mdis_morepower=0|thb_hda=51|cp_on_chip_0=34000|cp_on_chip_1=36000|G3D=34000|cp_on_chip_2=36000|cp_on_chip_3=33000|cp_on_chip_4=34000|rf2_therm=31000|rf1_therm=32000|ISP=33000|TPU=34000|AUR=34000|rfpa_therm=30348|quiet_therm=30837|charging_therm=32440|,BIG=36000|MID=35000|usb_pwr_therm=29435|btmspkr_therm=29346|disp_therm=29368|north_therm=29613|soc_therm=32462|battery=29300|battery_cycle=5|dc-mains=33000|usbc-therm-adc=330|max77779fg=29300|LITTLE=36000|soc=1|smpl_gm=0|vdroop1=0|batoilo=0|batoilo2=0|batt_vs=29300|mdis_morepower=0|thb_hda=51|cp_on_chip_0=34000|cp_on_chip_1=36000|G3D=34000|cp_on_chip_2=36000|cp_on_chip_3=33000|cp_on_chip_4=34000|rf2_therm=31000|rf1_therm=32000|ISP=33000|TPU=34000|AUR=34000|rfpa_therm=30348|quiet_therm=30837|charging_therm=32440|,ok,39000,36000,0,36000,1,batched,untouched,4096,512,2,1,6592,0,692,0,4,4,ok
1,9,nvhe,4,1945000,1795000,36000,36000,BIG=35000|MID=35000|usb_pwr_therm=29435|btmspkr_therm=29346|disp_therm=29368|north_therm=29613|soc_therm=32462|battery=29300|battery_cycle=5|dc-mains=33000|usbc-therm-adc=330|max77779fg=29300|LITTLE=35000|soc=1|smpl_gm=0|vdroop1=0|batoilo=0|batoilo2=0|batt_vs=29300|mdis_morepower=0|thb_hda=51|cp_on_chip_0=34000|cp_on_chip_1=36000|G3D=34000|cp_on_chip_2=36000|cp_on_chip_3=33000|cp_on_chip_4=34000|rf2_therm=31000|rf1_therm=32000|ISP=33000|TPU=34000|AUR=34000|rfpa_therm=30348|quiet_therm=30837|charging_therm=32440|,BIG=36000|MID=35000|usb_pwr_therm=29435|btmspkr_therm=29346|disp_therm=29368|north_therm=29613|soc_therm=32462|battery=29300|battery_cycle=5|dc-mains=33000|usbc-therm-adc=330|max77779fg=29300|LITTLE=36000|soc=1|smpl_gm=0|vdroop1=0|batoilo=0|batoilo2=0|batt_vs=29300|mdis_morepower=0|thb_hda=51|cp_on_chip_0=34000|cp_on_chip_1=36000|G3D=34000|cp_on_chip_2=36000|cp_on_chip_3=33000|cp_on_chip_4=34000|rf2_therm=31000|rf1_therm=32000|ISP=33000|TPU=34000|AUR=34000|rfpa_therm=30348|quiet_therm=30837|charging_therm=32440|,ok,39000,36000,0,36000,1,batched,untouched,4096,512,3,1,6429,0,732,0,4,4,ok
1,9,nvhe,4,1945000,1795000,36000,36000,BIG=35000|MID=35000|usb_pwr_therm=29435|btmspkr_therm=29346|disp_therm=29368|north_therm=29613|soc_therm=32462|battery=29300|battery_cycle=5|dc-mains=33000|usbc-therm-adc=330|max77779fg=29300|LITTLE=35000|soc=1|smpl_gm=0|vdroop1=0|batoilo=0|batoilo2=0|batt_vs=29300|mdis_morepower=0|thb_hda=51|cp_on_chip_0=34000|cp_on_chip_1=36000|G3D=34000|cp_on_chip_2=36000|cp_on_chip_3=33000|cp_on_chip_4=34000|rf2_therm=31000|rf1_therm=32000|ISP=33000|TPU=34000|AUR=34000|rfpa_therm=30348|quiet_therm=30837|charging_therm=32440|,BIG=36000|MID=35000|usb_pwr_therm=29435|btmspkr_therm=29346|disp_therm=29368|north_therm=29613|soc_therm=32462|battery=29300|battery_cycle=5|dc-mains=33000|usbc-therm-adc=330|max77779fg=29300|LITTLE=36000|soc=1|smpl_gm=0|vdroop1=0|batoilo=0|batoilo2=0|batt_vs=29300|mdis_morepower=0|thb_hda=51|cp_on_chip_0=34000|cp_on_chip_1=36000|G3D=34000|cp_on_chip_2=36000|cp_on_chip_3=33000|cp_on_chip_4=34000|rf2_therm=31000|rf1_therm=32000|ISP=33000|TPU=34000|AUR=34000|rfpa_therm=30348|quiet_therm=30837|charging_therm=32440|,ok,39000,36000,0,36000,1,batched,untouched,4096,512,4,1,7121,0,732,0,4,4,ok
1,9,nvhe,4,1945000,1795000,36000,36000,BIG=35000|MID=35000|usb_pwr_therm=29435|btmspkr_therm=29346|disp_therm=29368|north_therm=29613|soc_therm=32462|battery=29300|battery_cycle=5|dc-mains=33000|usbc-therm-adc=330|max77779fg=29300|LITTLE=35000|soc=1|smpl_gm=0|vdroop1=0|batoilo=0|batoilo2=0|batt_vs=29300|mdis_morepower=0|thb_hda=51|cp_on_chip_0=34000|cp_on_chip_1=36000|G3D=34000|cp_on_chip_2=36000|cp_on_chip_3=33000|cp_on_chip_4=34000|rf2_therm=31000|rf1_therm=32000|ISP=33000|TPU=34000|AUR=34000|rfpa_therm=30348|quiet_therm=30837|charging_therm=32440|,BIG=36000|MID=35000|usb_pwr_therm=29435|btmspkr_therm=29346|disp_therm=29368|north_therm=29613|soc_therm=32462|battery=29300|battery_cycle=5|dc-mains=33000|usbc-therm-adc=330|max77779fg=29300|LITTLE=36000|soc=1|smpl_gm=0|vdroop1=0|batoilo=0|batoilo2=0|batt_vs=29300|mdis_morepower=0|thb_hda=51|cp_on_chip_0=34000|cp_on_chip_1=36000|G3D=34000|cp_on_chip_2=36000|cp_on_chip_3=33000|cp_on_chip_4=34000|rf2_therm=31000|rf1_therm=32000|ISP=33000|TPU=34000|AUR=34000|rfpa_therm=30348|quiet_therm=30837|charging_therm=32440|,ok,39000,36000,0,36000,1,batched,untouched,4096,512,5,1,6389,0,733,0,4,4,ok
1,9,nvhe,4,1945000,1795000,36000,36000,BIG=35000|MID=35000|usb_pwr_therm=29435|btmspkr_therm=29346|disp_therm=29368|north_therm=29613|soc_therm=32462|battery=29300|battery_cycle=5|dc-mains=33000|usbc-therm-adc=330|max77779fg=29300|LITTLE=35000|soc=1|smpl_gm=0|vdroop1=0|batoilo=0|batoilo2=0|batt_vs=29300|mdis_morepower=0|thb_hda=51|cp_on_chip_0=34000|cp_on_chip_1=36000|G3D=34000|cp_on_chip_2=36000|cp_on_chip_3=33000|cp_on_chip_4=34000|rf2_therm=31000|rf1_therm=32000|ISP=33000|TPU=34000|AUR=34000|rfpa_therm=30348|quiet_therm=30837|charging_therm=32440|,BIG=36000|MID=35000|usb_pwr_therm=29435|btmspkr_therm=29346|disp_therm=29368|north_therm=29613|soc_therm=32462|battery=29300|battery_cycle=5|dc-mains=33000|usbc-therm-adc=330|max77779fg=29300|LITTLE=36000|soc=1|smpl_gm=0|vdroop1=0|batoilo=0|batoilo2=0|batt_vs=29300|mdis_morepower=0|thb_hda=51|cp_on_chip_0=34000|cp_on_chip_1=36000|G3D=34000|cp_on_chip_2=36000|cp_on_chip_3=33000|cp_on_chip_4=34000|rf2_therm=31000|rf1_therm=32000|ISP=33000|TPU=34000|AUR=34000|rfpa_therm=30348|quiet_therm=30837|charging_therm=32440|,ok,39000,36000,0,36000,1,batched,untouched,4096,512,6,1,4720,0,691,0,4,4,ok
1,9,nvhe,4,1945000,1795000,36000,36000,BIG=35000|MID=35000|usb_pwr_therm=29435|btmspkr_therm=29346|disp_therm=29368|north_therm=29613|soc_therm=32462|battery=29300|battery_cycle=5|dc-mains=33000|usbc-therm-adc=330|max77779fg=29300|LITTLE=35000|soc=1|smpl_gm=0|vdroop1=0|batoilo=0|batoilo2=0|batt_vs=29300|mdis_morepower=0|thb_hda=51|cp_on_chip_0=34000|cp_on_chip_1=36000|G3D=34000|cp_on_chip_2=36000|cp_on_chip_3=33000|cp_on_chip_4=34000|rf2_therm=31000|rf1_therm=32000|ISP=33000|TPU=34000|AUR=34000|rfpa_therm=30348|quiet_therm=30837|charging_therm=32440|,BIG=36000|MID=35000|usb_pwr_therm=29435|btmspkr_therm=29346|disp_therm=29368|north_therm=29613|soc_therm=32462|battery=29300|battery_cycle=5|dc-mains=33000|usbc-therm-adc=330|max77779fg=29300|LITTLE=36000|soc=1|smpl_gm=0|vdroop1=0|batoilo=0|batoilo2=0|batt_vs=29300|mdis_morepower=0|thb_hda=51|cp_on_chip_0=34000|cp_on_chip_1=36000|G3D=34000|cp_on_chip_2=36000|cp_on_chip_3=33000|cp_on_chip_4=34000|rf2_therm=31000|rf1_therm=32000|ISP=33000|TPU=34000|AUR=34000|rfpa_therm=30348|quiet_therm=30837|charging_therm=32440|,ok,39000,36000,0,36000,1,batched,untouched,4096,512,7,1,8342,0,692,0,4,4,ok
1,9,nvhe,4,1945000,1795000,36000,36000,BIG=35000|MID=35000|usb_pwr_therm=29435|btmspkr_therm=29346|disp_therm=29368|north_therm=29613|soc_therm=32462|battery=29300|battery_cycle=5|dc-mains=33000|usbc-therm-adc=330|max77779fg=29300|LITTLE=35000|soc=1|smpl_gm=0|vdroop1=0|batoilo=0|batoilo2=0|batt_vs=29300|mdis_morepower=0|thb_hda=51|cp_on_chip_0=34000|cp_on_chip_1=36000|G3D=34000|cp_on_chip_2=36000|cp_on_chip_3=33000|cp_on_chip_4=34000|rf2_therm=31000|rf1_therm=32000|ISP=33000|TPU=34000|AUR=34000|rfpa_therm=30348|quiet_therm=30837|charging_therm=32440|,BIG=36000|MID=35000|usb_pwr_therm=29435|btmspkr_therm=29346|disp_therm=29368|north_therm=29613|soc_therm=32462|battery=29300|battery_cycle=5|dc-mains=33000|usbc-therm-adc=330|max77779fg=29300|LITTLE=36000|soc=1|smpl_gm=0|vdroop1=0|batoilo=0|batoilo2=0|batt_vs=29300|mdis_morepower=0|thb_hda=51|cp_on_chip_0=34000|cp_on_chip_1=36000|G3D=34000|cp_on_chip_2=36000|cp_on_chip_3=33000|cp_on_chip_4=34000|rf2_therm=31000|rf1_therm=32000|ISP=33000|TPU=34000|AUR=34000|rfpa_therm=30348|quiet_therm=30837|charging_therm=32440|,ok,39000,36000,0,36000,1,batched,untouched,4096,512,8,1,6511,0,692,0,4,4,ok
1,9,nvhe,4,1945000,1795000,36000,36000,BIG=35000|MID=35000|usb_pwr_therm=29435|btmspkr_therm=29346|disp_therm=29368|north_therm=29613|soc_therm=32462|battery=29300|battery_cycle=5|dc-mains=33000|usbc-therm-adc=330|max77779fg=29300|LITTLE=35000|soc=1|smpl_gm=0|vdroop1=0|batoilo=0|batoilo2=0|batt_vs=29300|mdis_morepower=0|thb_hda=51|cp_on_chip_0=34000|cp_on_chip_1=36000|G3D=34000|cp_on_chip_2=36000|cp_on_chip_3=33000|cp_on_chip_4=34000|rf2_therm=31000|rf1_therm=32000|ISP=33000|TPU=34000|AUR=34000|rfpa_therm=30348|quiet_therm=30837|charging_therm=32440|,BIG=36000|MID=35000|usb_pwr_therm=29435|btmspkr_therm=29346|disp_therm=29368|north_therm=29613|soc_therm=32462|battery=29300|battery_cycle=5|dc-mains=33000|usbc-therm-adc=330|max77779fg=29300|LITTLE=36000|soc=1|smpl_gm=0|vdroop1=0|batoilo=0|batoilo2=0|batt_vs=29300|mdis_morepower=0|thb_hda=51|cp_on_chip_0=34000|cp_on_chip_1=36000|G3D=34000|cp_on_chip_2=36000|cp_on_chip_3=33000|cp_on_chip_4=34000|rf2_therm=31000|rf1_therm=32000|ISP=33000|TPU=34000|AUR=34000|rfpa_therm=30348|quiet_therm=30837|charging_therm=32440|,ok,39000,36000,0,36000,1,batched,untouched,4096,512,9,1,6511,0,691,0,4,4,ok
1,9,nvhe,4,1945000,1795000,36000,36000,BIG=35000|MID=35000|usb_pwr_therm=29435|btmspkr_therm=29346|disp_therm=29368|north_therm=29613|soc_therm=32462|battery=29300|battery_cycle=5|dc-mains=33000|usbc-therm-adc=330|max77779fg=29300|LITTLE=35000|soc=1|smpl_gm=0|vdroop1=0|batoilo=0|batoilo2=0|batt_vs=29300|mdis_morepower=0|thb_hda=51|cp_on_chip_0=34000|cp_on_chip_1=36000|G3D=34000|cp_on_chip_2=36000|cp_on_chip_3=33000|cp_on_chip_4=34000|rf2_therm=31000|rf1_therm=32000|ISP=33000|TPU=34000|AUR=34000|rfpa_therm=30348|quiet_therm=30837|charging_therm=32440|,BIG=36000|MID=35000|usb_pwr_therm=29435|btmspkr_therm=29346|disp_therm=29368|north_therm=29613|soc_therm=32462|battery=29300|battery_cycle=5|dc-mains=33000|usbc-therm-adc=330|max77779fg=29300|LITTLE=36000|soc=1|smpl_gm=0|vdroop1=0|batoilo=0|batoilo2=0|batt_vs=29300|mdis_morepower=0|thb_hda=51|cp_on_chip_0=34000|cp_on_chip_1=36000|G3D=34000|cp_on_chip_2=36000|cp_on_chip_3=33000|cp_on_chip_4=34000|rf2_therm=31000|rf1_therm=32000|ISP=33000|TPU=34000|AUR=34000|rfpa_therm=30348|quiet_therm=30837|charging_therm=32440|,ok,39000,36000,0,36000,1,batched,untouched,4096,512,10,1,8301,0,732,0,4,4,ok
1,9,nvhe,4,1945000,1795000,36000,36000,BIG=35000|MID=35000|usb_pwr_therm=29435|btmspkr_therm=29346|disp_therm=29368|north_therm=29613|soc_therm=32462|battery=29300|battery_cycle=5|dc-mains=33000|usbc-therm-adc=330|max77779fg=29300|LITTLE=35000|soc=1|smpl_gm=0|vdroop1=0|batoilo=0|batoilo2=0|batt_vs=29300|mdis_morepower=0|thb_hda=51|cp_on_chip_0=34000|cp_on_chip_1=36000|G3D=34000|cp_on_chip_2=36000|cp_on_chip_3=33000|cp_on_chip_4=34000|rf2_therm=31000|rf1_therm=32000|ISP=33000|TPU=34000|AUR=34000|rfpa_therm=30348|quiet_therm=30837|charging_therm=32440|,BIG=36000|MID=35000|usb_pwr_therm=29435|btmspkr_therm=29346|disp_therm=29368|north_therm=29613|soc_therm=32462|battery=29300|battery_cycle=5|dc-mains=33000|usbc-therm-adc=330|max77779fg=29300|LITTLE=36000|soc=1|smpl_gm=0|vdroop1=0|batoilo=0|batoilo2=0|batt_vs=29300|mdis_morepower=0|thb_hda=51|cp_on_chip_0=34000|cp_on_chip_1=36000|G3D=34000|cp_on_chip_2=36000|cp_on_chip_3=33000|cp_on_chip_4=34000|rf2_therm=31000|rf1_therm=32000|ISP=33000|TPU=34000|AUR=34000|rfpa_therm=30348|quiet_therm=30837|charging_therm=32440|,ok,39000,36000,0,36000,1,batched,untouched,4096,512,11,1,7243,0,692,0,4,4,ok
1,9,nvhe,4,1945000,1795000,36000,36000,BIG=35000|MID=35000|usb_pwr_therm=29435|btmspkr_therm=29346|disp_therm=29368|north_therm=29613|soc_therm=32462|battery=29300|battery_cycle=5|dc-mains=33000|usbc-therm-adc=330|max77779fg=29300|LITTLE=35000|soc=1|smpl_gm=0|vdroop1=0|batoilo=0|batoilo2=0|batt_vs=29300|mdis_morepower=0|thb_hda=51|cp_on_chip_0=34000|cp_on_chip_1=36000|G3D=34000|cp_on_chip_2=36000|cp_on_chip_3=33000|cp_on_chip_4=34000|rf2_therm=31000|rf1_therm=32000|ISP=33000|TPU=34000|AUR=34000|rfpa_therm=30348|quiet_therm=30837|charging_therm=32440|,BIG=36000|MID=35000|usb_pwr_therm=29435|btmspkr_therm=29346|disp_therm=29368|north_therm=29613|soc_therm=32462|battery=29300|battery_cycle=5|dc-mains=33000|usbc-therm-adc=330|max77779fg=29300|LITTLE=36000|soc=1|smpl_gm=0|vdroop1=0|batoilo=0|batoilo2=0|batt_vs=29300|mdis_morepower=0|thb_hda=51|cp_on_chip_0=34000|cp_on_chip_1=36000|G3D=34000|cp_on_chip_2=36000|cp_on_chip_3=33000|cp_on_chip_4=34000|rf2_therm=31000|rf1_therm=32000|ISP=33000|TPU=34000|AUR=34000|rfpa_therm=30348|quiet_therm=30837|charging_therm=32440|,ok,39000,36000,0,36000,1,batched,untouched,4096,512,12,1,6917,0,733,0,4,4,ok
1,9,nvhe,4,1945000,1795000,36000,36000,BIG=35000|MID=35000|usb_pwr_therm=29435|btmspkr_therm=29346|disp_therm=29368|north_therm=29613|soc_therm=32462|battery=29300|battery_cycle=5|dc-mains=33000|usbc-therm-adc=330|max77779fg=29300|LITTLE=35000|soc=1|smpl_gm=0|vdroop1=0|batoilo=0|batoilo2=0|batt_vs=29300|mdis_morepower=0|thb_hda=51|cp_on_chip_0=34000|cp_on_chip_1=36000|G3D=34000|cp_on_chip_2=36000|cp_on_chip_3=33000|cp_on_chip_4=34000|rf2_therm=31000|rf1_therm=32000|ISP=33000|TPU=34000|AUR=34000|rfpa_therm=30348|quiet_therm=30837|charging_therm=32440|,BIG=36000|MID=35000|usb_pwr_therm=29435|btmspkr_therm=29346|disp_therm=29368|north_therm=29613|soc_therm=32462|battery=29300|battery_cycle=5|dc-mains=33000|usbc-therm-adc=330|max77779fg=29300|LITTLE=36000|soc=1|smpl_gm=0|vdroop1=0|batoilo=0|batoilo2=0|batt_vs=29300|mdis_morepower=0|thb_hda=51|cp_on_chip_0=34000|cp_on_chip_1=36000|G3D=34000|cp_on_chip_2=36000|cp_on_chip_3=33000|cp_on_chip_4=34000|rf2_therm=31000|rf1_therm=32000|ISP=33000|TPU=34000|AUR=34000|rfpa_therm=30348|quiet_therm=30837|charging_therm=32440|,ok,39000,36000,0,36000,1,batched,untouched,4096,512,13,1,5005,0,692,0,4,4,ok
1,9,nvhe,4,1945000,1795000,36000,36000,BIG=35000|MID=35000|usb_pwr_therm=29435|btmspkr_therm=29346|disp_therm=29368|north_therm=29613|soc_therm=32462|battery=29300|battery_cycle=5|dc-mains=33000|usbc-therm-adc=330|max77779fg=29300|LITTLE=35000|soc=1|smpl_gm=0|vdroop1=0|batoilo=0|batoilo2=0|batt_vs=29300|mdis_morepower=0|thb_hda=51|cp_on_chip_0=34000|cp_on_chip_1=36000|G3D=34000|cp_on_chip_2=36000|cp_on_chip_3=33000|cp_on_chip_4=34000|rf2_therm=31000|rf1_therm=32000|ISP=33000|TPU=34000|AUR=34000|rfpa_therm=30348|quiet_therm=30837|charging_therm=32440|,BIG=36000|MID=35000|usb_pwr_therm=29435|btmspkr_therm=29346|disp_therm=29368|north_therm=29613|soc_therm=32462|battery=29300|battery_cycle=5|dc-mains=33000|usbc-therm-adc=330|max77779fg=29300|LITTLE=36000|soc=1|smpl_gm=0|vdroop1=0|batoilo=0|batoilo2=0|batt_vs=29300|mdis_morepower=0|thb_hda=51|cp_on_chip_0=34000|cp_on_chip_1=36000|G3D=34000|cp_on_chip_2=36000|cp_on_chip_3=33000|cp_on_chip_4=34000|rf2_therm=31000|rf1_therm=32000|ISP=33000|TPU=34000|AUR=34000|rfpa_therm=30348|quiet_therm=30837|charging_therm=32440|,ok,39000,36000,0,36000,1,batched,untouched,4096,512,14,1,7120,0,692,0,4,4,ok
1,9,nvhe,4,1945000,1795000,36000,36000,BIG=35000|MID=35000|usb_pwr_therm=29435|btmspkr_therm=29346|disp_therm=29368|north_therm=29613|soc_therm=32462|battery=29300|battery_cycle=5|dc-mains=33000|usbc-therm-adc=330|max77779fg=29300|LITTLE=35000|soc=1|smpl_gm=0|vdroop1=0|batoilo=0|batoilo2=0|batt_vs=29300|mdis_morepower=0|thb_hda=51|cp_on_chip_0=34000|cp_on_chip_1=36000|G3D=34000|cp_on_chip_2=36000|cp_on_chip_3=33000|cp_on_chip_4=34000|rf2_therm=31000|rf1_therm=32000|ISP=33000|TPU=34000|AUR=34000|rfpa_therm=30348|quiet_therm=30837|charging_therm=32440|,BIG=36000|MID=35000|usb_pwr_therm=29435|btmspkr_therm=29346|disp_therm=29368|north_therm=29613|soc_therm=32462|battery=29300|battery_cycle=5|dc-mains=33000|usbc-therm-adc=330|max77779fg=29300|LITTLE=36000|soc=1|smpl_gm=0|vdroop1=0|batoilo=0|batoilo2=0|batt_vs=29300|mdis_morepower=0|thb_hda=51|cp_on_chip_0=34000|cp_on_chip_1=36000|G3D=34000|cp_on_chip_2=36000|cp_on_chip_3=33000|cp_on_chip_4=34000|rf2_therm=31000|rf1_therm=32000|ISP=33000|TPU=34000|AUR=34000|rfpa_therm=30348|quiet_therm=30837|charging_therm=32440|,ok,39000,36000,0,36000,1,batched,untouched,4096,512,15,1,5575,0,732,0,4,4,ok
1,9,nvhe,4,1945000,1795000,36000,36000,BIG=35000|MID=35000|usb_pwr_therm=29435|btmspkr_therm=29346|disp_therm=29368|north_therm=29613|soc_therm=32462|battery=29300|battery_cycle=5|dc-mains=33000|usbc-therm-adc=330|max77779fg=29300|LITTLE=35000|soc=1|smpl_gm=0|vdroop1=0|batoilo=0|batoilo2=0|batt_vs=29300|mdis_morepower=0|thb_hda=51|cp_on_chip_0=34000|cp_on_chip_1=36000|G3D=34000|cp_on_chip_2=36000|cp_on_chip_3=33000|cp_on_chip_4=34000|rf2_therm=31000|rf1_therm=32000|ISP=33000|TPU=34000|AUR=34000|rfpa_therm=30348|quiet_therm=30837|charging_therm=32440|,BIG=36000|MID=35000|usb_pwr_therm=29435|btmspkr_therm=29346|disp_therm=29368|north_therm=29613|soc_therm=32462|battery=29300|battery_cycle=5|dc-mains=33000|usbc-therm-adc=330|max77779fg=29300|LITTLE=36000|soc=1|smpl_gm=0|vdroop1=0|batoilo=0|batoilo2=0|batt_vs=29300|mdis_morepower=0|thb_hda=51|cp_on_chip_0=34000|cp_on_chip_1=36000|G3D=34000|cp_on_chip_2=36000|cp_on_chip_3=33000|cp_on_chip_4=34000|rf2_therm=31000|rf1_therm=32000|ISP=33000|TPU=34000|AUR=34000|rfpa_therm=30348|quiet_therm=30837|charging_therm=32440|,ok,39000,36000,0,36000,1,batched,untouched,4096,512,16,1,7040,0,651,0,4,4,ok
1,9,nvhe,4,1945000,1795000,36000,36000,BIG=35000|MID=35000|usb_pwr_therm=29435|btmspkr_therm=29346|disp_therm=29368|north_therm=29613|soc_therm=32462|battery=29300|battery_cycle=5|dc-mains=33000|usbc-therm-adc=330|max77779fg=29300|LITTLE=35000|soc=1|smpl_gm=0|vdroop1=0|batoilo=0|batoilo2=0|batt_vs=29300|mdis_morepower=0|thb_hda=51|cp_on_chip_0=34000|cp_on_chip_1=36000|G3D=34000|cp_on_chip_2=36000|cp_on_chip_3=33000|cp_on_chip_4=34000|rf2_therm=31000|rf1_therm=32000|ISP=33000|TPU=34000|AUR=34000|rfpa_therm=30348|quiet_therm=30837|charging_therm=32440|,BIG=36000|MID=35000|usb_pwr_therm=29435|btmspkr_therm=29346|disp_therm=29368|north_therm=29613|soc_therm=32462|battery=29300|battery_cycle=5|dc-mains=33000|usbc-therm-adc=330|max77779fg=29300|LITTLE=36000|soc=1|smpl_gm=0|vdroop1=0|batoilo=0|batoilo2=0|batt_vs=29300|mdis_morepower=0|thb_hda=51|cp_on_chip_0=34000|cp_on_chip_1=36000|G3D=34000|cp_on_chip_2=36000|cp_on_chip_3=33000|cp_on_chip_4=34000|rf2_therm=31000|rf1_therm=32000|ISP=33000|TPU=34000|AUR=34000|rfpa_therm=30348|quiet_therm=30837|charging_therm=32440|,ok,39000,36000,0,36000,1,batched,untouched,4096,512,17,1,5656,0,691,0,4,4,ok
1,9,nvhe,4,1945000,1795000,36000,36000,BIG=35000|MID=35000|usb_pwr_therm=29435|btmspkr_therm=29346|disp_therm=29368|north_therm=29613|soc_therm=32462|battery=29300|battery_cycle=5|dc-mains=33000|usbc-therm-adc=330|max77779fg=29300|LITTLE=35000|soc=1|smpl_gm=0|vdroop1=0|batoilo=0|batoilo2=0|batt_vs=29300|mdis_morepower=0|thb_hda=51|cp_on_chip_0=34000|cp_on_chip_1=36000|G3D=34000|cp_on_chip_2=36000|cp_on_chip_3=33000|cp_on_chip_4=34000|rf2_therm=31000|rf1_therm=32000|ISP=33000|TPU=34000|AUR=34000|rfpa_therm=30348|quiet_therm=30837|charging_therm=32440|,BIG=36000|MID=35000|usb_pwr_therm=29435|btmspkr_therm=29346|disp_therm=29368|north_therm=29613|soc_therm=32462|battery=29300|battery_cycle=5|dc-mains=33000|usbc-therm-adc=330|max77779fg=29300|LITTLE=36000|soc=1|smpl_gm=0|vdroop1=0|batoilo=0|batoilo2=0|batt_vs=29300|mdis_morepower=0|thb_hda=51|cp_on_chip_0=34000|cp_on_chip_1=36000|G3D=34000|cp_on_chip_2=36000|cp_on_chip_3=33000|cp_on_chip_4=34000|rf2_therm=31000|rf1_therm=32000|ISP=33000|TPU=34000|AUR=34000|rfpa_therm=30348|quiet_therm=30837|charging_therm=32440|,ok,39000,36000,0,36000,1,batched,untouched,4096,512,18,1,5005,0,692,0,4,4,ok
1,9,nvhe,4,1945000,1795000,36000,36000,BIG=35000|MID=35000|usb_pwr_therm=29435|btmspkr_therm=29346|disp_therm=29368|north_therm=29613|soc_therm=32462|battery=29300|battery_cycle=5|dc-mains=33000|usbc-therm-adc=330|max77779fg=29300|LITTLE=35000|soc=1|smpl_gm=0|vdroop1=0|batoilo=0|batoilo2=0|batt_vs=29300|mdis_morepower=0|thb_hda=51|cp_on_chip_0=34000|cp_on_chip_1=36000|G3D=34000|cp_on_chip_2=36000|cp_on_chip_3=33000|cp_on_chip_4=34000|rf2_therm=31000|rf1_therm=32000|ISP=33000|TPU=34000|AUR=34000|rfpa_therm=30348|quiet_therm=30837|charging_therm=32440|,BIG=36000|MID=35000|usb_pwr_therm=29435|btmspkr_therm=29346|disp_therm=29368|north_therm=29613|soc_therm=32462|battery=29300|battery_cycle=5|dc-mains=33000|usbc-therm-adc=330|max77779fg=29300|LITTLE=36000|soc=1|smpl_gm=0|vdroop1=0|batoilo=0|batoilo2=0|batt_vs=29300|mdis_morepower=0|thb_hda=51|cp_on_chip_0=34000|cp_on_chip_1=36000|G3D=34000|cp_on_chip_2=36000|cp_on_chip_3=33000|cp_on_chip_4=34000|rf2_therm=31000|rf1_therm=32000|ISP=33000|TPU=34000|AUR=34000|rfpa_therm=30348|quiet_therm=30837|charging_therm=32440|,ok,39000,36000,0,36000,1,batched,untouched,4096,512,19,1,5778,0,692,0,4,4,ok
1,9,nvhe,4,1945000,1795000,36000,36000,BIG=35000|MID=35000|usb_pwr_therm=29435|btmspkr_therm=29346|disp_therm=29368|north_therm=29613|soc_therm=32462|battery=29300|battery_cycle=5|dc-mains=33000|usbc-therm-adc=330|max77779fg=29300|LITTLE=35000|soc=1|smpl_gm=0|vdroop1=0|batoilo=0|batoilo2=0|batt_vs=29300|mdis_morepower=0|thb_hda=51|cp_on_chip_0=34000|cp_on_chip_1=36000|G3D=34000|cp_on_chip_2=36000|cp_on_chip_3=33000|cp_on_chip_4=34000|rf2_therm=31000|rf1_therm=32000|ISP=33000|TPU=34000|AUR=34000|rfpa_therm=30348|quiet_therm=30837|charging_therm=32440|,BIG=36000|MID=35000|usb_pwr_therm=29435|btmspkr_therm=29346|disp_therm=29368|north_therm=29613|soc_therm=32462|battery=29300|battery_cycle=5|dc-mains=33000|usbc-therm-adc=330|max77779fg=29300|LITTLE=36000|soc=1|smpl_gm=0|vdroop1=0|batoilo=0|batoilo2=0|batt_vs=29300|mdis_morepower=0|thb_hda=51|cp_on_chip_0=34000|cp_on_chip_1=36000|G3D=34000|cp_on_chip_2=36000|cp_on_chip_3=33000|cp_on_chip_4=34000|rf2_therm=31000|rf1_therm=32000|ISP=33000|TPU=34000|AUR=34000|rfpa_therm=30348|quiet_therm=30837|charging_therm=32440|,ok,39000,36000,0,36000,1,batched,untouched,4096,512,20,1,12166,0,733,0,4,4,ok
1,9,nvhe,4,1945000,1795000,36000,36000,BIG=35000|MID=35000|usb_pwr_therm=29435|btmspkr_therm=29346|disp_therm=29368|north_therm=29613|soc_therm=32462|battery=29300|battery_cycle=5|dc-mains=33000|usbc-therm-adc=330|max77779fg=29300|LITTLE=35000|soc=1|smpl_gm=0|vdroop1=0|batoilo=0|batoilo2=0|batt_vs=29300|mdis_morepower=0|thb_hda=51|cp_on_chip_0=34000|cp_on_chip_1=36000|G3D=34000|cp_on_chip_2=36000|cp_on_chip_3=33000|cp_on_chip_4=34000|rf2_therm=31000|rf1_therm=32000|ISP=33000|TPU=34000|AUR=34000|rfpa_therm=30348|quiet_therm=30837|charging_therm=32440|,BIG=36000|MID=35000|usb_pwr_therm=29435|btmspkr_therm=29346|disp_therm=29368|north_therm=29613|soc_therm=32462|battery=29300|battery_cycle=5|dc-mains=33000|usbc-therm-adc=330|max77779fg=29300|LITTLE=36000|soc=1|smpl_gm=0|vdroop1=0|batoilo=0|batoilo2=0|batt_vs=29300|mdis_morepower=0|thb_hda=51|cp_on_chip_0=34000|cp_on_chip_1=36000|G3D=34000|cp_on_chip_2=36000|cp_on_chip_3=33000|cp_on_chip_4=34000|rf2_therm=31000|rf1_therm=32000|ISP=33000|TPU=34000|AUR=34000|rfpa_therm=30348|quiet_therm=30837|charging_therm=32440|,ok,39000,36000,0,36000,1,batched,untouched,4096,512,21,1,7284,0,692,0,4,4,ok
1,9,nvhe,4,1945000,1795000,36000,36000,BIG=35000|MID=35000|usb_pwr_therm=29435|btmspkr_therm=29346|disp_therm=29368|north_therm=29613|soc_therm=32462|battery=29300|battery_cycle=5|dc-mains=33000|usbc-therm-adc=330|max77779fg=29300|LITTLE=35000|soc=1|smpl_gm=0|vdroop1=0|batoilo=0|batoilo2=0|batt_vs=29300|mdis_morepower=0|thb_hda=51|cp_on_chip_0=34000|cp_on_chip_1=36000|G3D=34000|cp_on_chip_2=36000|cp_on_chip_3=33000|cp_on_chip_4=34000|rf2_therm=31000|rf1_therm=32000|ISP=33000|TPU=34000|AUR=34000|rfpa_therm=30348|quiet_therm=30837|charging_therm=32440|,BIG=36000|MID=35000|usb_pwr_therm=29435|btmspkr_therm=29346|disp_therm=29368|north_therm=29613|soc_therm=32462|battery=29300|battery_cycle=5|dc-mains=33000|usbc-therm-adc=330|max77779fg=29300|LITTLE=36000|soc=1|smpl_gm=0|vdroop1=0|batoilo=0|batoilo2=0|batt_vs=29300|mdis_morepower=0|thb_hda=51|cp_on_chip_0=34000|cp_on_chip_1=36000|G3D=34000|cp_on_chip_2=36000|cp_on_chip_3=33000|cp_on_chip_4=34000|rf2_therm=31000|rf1_therm=32000|ISP=33000|TPU=34000|AUR=34000|rfpa_therm=30348|quiet_therm=30837|charging_therm=32440|,ok,39000,36000,0,36000,1,batched,untouched,4096,512,22,1,6796,0,691,0,4,4,ok
1,9,nvhe,4,1945000,1795000,36000,36000,BIG=35000|MID=35000|usb_pwr_therm=29435|btmspkr_therm=29346|disp_therm=29368|north_therm=29613|soc_therm=32462|battery=29300|battery_cycle=5|dc-mains=33000|usbc-therm-adc=330|max77779fg=29300|LITTLE=35000|soc=1|smpl_gm=0|vdroop1=0|batoilo=0|batoilo2=0|batt_vs=29300|mdis_morepower=0|thb_hda=51|cp_on_chip_0=34000|cp_on_chip_1=36000|G3D=34000|cp_on_chip_2=36000|cp_on_chip_3=33000|cp_on_chip_4=34000|rf2_therm=31000|rf1_therm=32000|ISP=33000|TPU=34000|AUR=34000|rfpa_therm=30348|quiet_therm=30837|charging_therm=32440|,BIG=36000|MID=35000|usb_pwr_therm=29435|btmspkr_therm=29346|disp_therm=29368|north_therm=29613|soc_therm=32462|battery=29300|battery_cycle=5|dc-mains=33000|usbc-therm-adc=330|max77779fg=29300|LITTLE=36000|soc=1|smpl_gm=0|vdroop1=0|batoilo=0|batoilo2=0|batt_vs=29300|mdis_morepower=0|thb_hda=51|cp_on_chip_0=34000|cp_on_chip_1=36000|G3D=34000|cp_on_chip_2=36000|cp_on_chip_3=33000|cp_on_chip_4=34000|rf2_therm=31000|rf1_therm=32000|ISP=33000|TPU=34000|AUR=34000|rfpa_therm=30348|quiet_therm=30837|charging_therm=32440|,ok,39000,36000,0,36000,1,batched,untouched,4096,512,23,1,6754,0,692,0,4,4,ok
1,9,nvhe,4,1945000,1795000,36000,36000,BIG=35000|MID=35000|usb_pwr_therm=29435|btmspkr_therm=29346|disp_therm=29368|north_therm=29613|soc_therm=32462|battery=29300|battery_cycle=5|dc-mains=33000|usbc-therm-adc=330|max77779fg=29300|LITTLE=35000|soc=1|smpl_gm=0|vdroop1=0|batoilo=0|batoilo2=0|batt_vs=29300|mdis_morepower=0|thb_hda=51|cp_on_chip_0=34000|cp_on_chip_1=36000|G3D=34000|cp_on_chip_2=36000|cp_on_chip_3=33000|cp_on_chip_4=34000|rf2_therm=31000|rf1_therm=32000|ISP=33000|TPU=34000|AUR=34000|rfpa_therm=30348|quiet_therm=30837|charging_therm=32440|,BIG=36000|MID=35000|usb_pwr_therm=29435|btmspkr_therm=29346|disp_therm=29368|north_therm=29613|soc_therm=32462|battery=29300|battery_cycle=5|dc-mains=33000|usbc-therm-adc=330|max77779fg=29300|LITTLE=36000|soc=1|smpl_gm=0|vdroop1=0|batoilo=0|batoilo2=0|batt_vs=29300|mdis_morepower=0|thb_hda=51|cp_on_chip_0=34000|cp_on_chip_1=36000|G3D=34000|cp_on_chip_2=36000|cp_on_chip_3=33000|cp_on_chip_4=34000|rf2_therm=31000|rf1_therm=32000|ISP=33000|TPU=34000|AUR=34000|rfpa_therm=30348|quiet_therm=30837|charging_therm=32440|,ok,39000,36000,0,36000,1,batched,untouched,4096,512,24,1,6063,0,732,0,4,4,ok
1,9,nvhe,4,1945000,1795000,36000,36000,BIG=35000|MID=35000|usb_pwr_therm=29435|btmspkr_therm=29346|disp_therm=29368|north_therm=29613|soc_therm=32462|battery=29300|battery_cycle=5|dc-mains=33000|usbc-therm-adc=330|max77779fg=29300|LITTLE=35000|soc=1|smpl_gm=0|vdroop1=0|batoilo=0|batoilo2=0|batt_vs=29300|mdis_morepower=0|thb_hda=51|cp_on_chip_0=34000|cp_on_chip_1=36000|G3D=34000|cp_on_chip_2=36000|cp_on_chip_3=33000|cp_on_chip_4=34000|rf2_therm=31000|rf1_therm=32000|ISP=33000|TPU=34000|AUR=34000|rfpa_therm=30348|quiet_therm=30837|charging_therm=32440|,BIG=36000|MID=35000|usb_pwr_therm=29435|btmspkr_therm=29346|disp_therm=29368|north_therm=29613|soc_therm=32462|battery=29300|battery_cycle=5|dc-mains=33000|usbc-therm-adc=330|max77779fg=29300|LITTLE=36000|soc=1|smpl_gm=0|vdroop1=0|batoilo=0|batoilo2=0|batt_vs=29300|mdis_morepower=0|thb_hda=51|cp_on_chip_0=34000|cp_on_chip_1=36000|G3D=34000|cp_on_chip_2=36000|cp_on_chip_3=33000|cp_on_chip_4=34000|rf2_therm=31000|rf1_therm=32000|ISP=33000|TPU=34000|AUR=34000|rfpa_therm=30348|quiet_therm=30837|charging_therm=32440|,ok,39000,36000,0,36000,1,batched,untouched,4096,512,25,1,4720,0,692,0,4,4,ok
1,9,nvhe,4,1945000,1795000,36000,36000,BIG=35000|MID=35000|usb_pwr_therm=29435|btmspkr_therm=29346|disp_therm=29368|north_therm=29613|soc_therm=32462|battery=29300|battery_cycle=5|dc-mains=33000|usbc-therm-adc=330|max77779fg=29300|LITTLE=35000|soc=1|smpl_gm=0|vdroop1=0|batoilo=0|batoilo2=0|batt_vs=29300|mdis_morepower=0|thb_hda=51|cp_on_chip_0=34000|cp_on_chip_1=36000|G3D=34000|cp_on_chip_2=36000|cp_on_chip_3=33000|cp_on_chip_4=34000|rf2_therm=31000|rf1_therm=32000|ISP=33000|TPU=34000|AUR=34000|rfpa_therm=30348|quiet_therm=30837|charging_therm=32440|,BIG=36000|MID=35000|usb_pwr_therm=29435|btmspkr_therm=29346|disp_therm=29368|north_therm=29613|soc_therm=32462|battery=29300|battery_cycle=5|dc-mains=33000|usbc-therm-adc=330|max77779fg=29300|LITTLE=36000|soc=1|smpl_gm=0|vdroop1=0|batoilo=0|batoilo2=0|batt_vs=29300|mdis_morepower=0|thb_hda=51|cp_on_chip_0=34000|cp_on_chip_1=36000|G3D=34000|cp_on_chip_2=36000|cp_on_chip_3=33000|cp_on_chip_4=34000|rf2_therm=31000|rf1_therm=32000|ISP=33000|TPU=34000|AUR=34000|rfpa_therm=30348|quiet_therm=30837|charging_therm=32440|,ok,39000,36000,0,36000,1,batched,untouched,4096,512,26,1,6348,0,692,0,4,4,ok
1,9,nvhe,4,1945000,1795000,36000,36000,BIG=35000|MID=35000|usb_pwr_therm=29435|btmspkr_therm=29346|disp_therm=29368|north_therm=29613|soc_therm=32462|battery=29300|battery_cycle=5|dc-mains=33000|usbc-therm-adc=330|max77779fg=29300|LITTLE=35000|soc=1|smpl_gm=0|vdroop1=0|batoilo=0|batoilo2=0|batt_vs=29300|mdis_morepower=0|thb_hda=51|cp_on_chip_0=34000|cp_on_chip_1=36000|G3D=34000|cp_on_chip_2=36000|cp_on_chip_3=33000|cp_on_chip_4=34000|rf2_therm=31000|rf1_therm=32000|ISP=33000|TPU=34000|AUR=34000|rfpa_therm=30348|quiet_therm=30837|charging_therm=32440|,BIG=36000|MID=35000|usb_pwr_therm=29435|btmspkr_therm=29346|disp_therm=29368|north_therm=29613|soc_therm=32462|battery=29300|battery_cycle=5|dc-mains=33000|usbc-therm-adc=330|max77779fg=29300|LITTLE=36000|soc=1|smpl_gm=0|vdroop1=0|batoilo=0|batoilo2=0|batt_vs=29300|mdis_morepower=0|thb_hda=51|cp_on_chip_0=34000|cp_on_chip_1=36000|G3D=34000|cp_on_chip_2=36000|cp_on_chip_3=33000|cp_on_chip_4=34000|rf2_therm=31000|rf1_therm=32000|ISP=33000|TPU=34000|AUR=34000|rfpa_therm=30348|quiet_therm=30837|charging_therm=32440|,ok,39000,36000,0,36000,1,batched,untouched,4096,512,27,1,4436,0,691,0,4,4,ok
1,9,nvhe,4,1945000,1795000,36000,36000,BIG=35000|MID=35000|usb_pwr_therm=29435|btmspkr_therm=29346|disp_therm=29368|north_therm=29613|soc_therm=32462|battery=29300|battery_cycle=5|dc-mains=33000|usbc-therm-adc=330|max77779fg=29300|LITTLE=35000|soc=1|smpl_gm=0|vdroop1=0|batoilo=0|batoilo2=0|batt_vs=29300|mdis_morepower=0|thb_hda=51|cp_on_chip_0=34000|cp_on_chip_1=36000|G3D=34000|cp_on_chip_2=36000|cp_on_chip_3=33000|cp_on_chip_4=34000|rf2_therm=31000|rf1_therm=32000|ISP=33000|TPU=34000|AUR=34000|rfpa_therm=30348|quiet_therm=30837|charging_therm=32440|,BIG=36000|MID=35000|usb_pwr_therm=29435|btmspkr_therm=29346|disp_therm=29368|north_therm=29613|soc_therm=32462|battery=29300|battery_cycle=5|dc-mains=33000|usbc-therm-adc=330|max77779fg=29300|LITTLE=36000|soc=1|smpl_gm=0|vdroop1=0|batoilo=0|batoilo2=0|batt_vs=29300|mdis_morepower=0|thb_hda=51|cp_on_chip_0=34000|cp_on_chip_1=36000|G3D=34000|cp_on_chip_2=36000|cp_on_chip_3=33000|cp_on_chip_4=34000|rf2_therm=31000|rf1_therm=32000|ISP=33000|TPU=34000|AUR=34000|rfpa_therm=30348|quiet_therm=30837|charging_therm=32440|,ok,39000,36000,0,36000,1,batched,untouched,4096,512,28,1,5086,0,733,0,4,4,ok
1,9,nvhe,4,1945000,1795000,36000,36000,BIG=35000|MID=35000|usb_pwr_therm=29435|btmspkr_therm=29346|disp_therm=29368|north_therm=29613|soc_therm=32462|battery=29300|battery_cycle=5|dc-mains=33000|usbc-therm-adc=330|max77779fg=29300|LITTLE=35000|soc=1|smpl_gm=0|vdroop1=0|batoilo=0|batoilo2=0|batt_vs=29300|mdis_morepower=0|thb_hda=51|cp_on_chip_0=34000|cp_on_chip_1=36000|G3D=34000|cp_on_chip_2=36000|cp_on_chip_3=33000|cp_on_chip_4=34000|rf2_therm=31000|rf1_therm=32000|ISP=33000|TPU=34000|AUR=34000|rfpa_therm=30348|quiet_therm=30837|charging_therm=32440|,BIG=36000|MID=35000|usb_pwr_therm=29435|btmspkr_therm=29346|disp_therm=29368|north_therm=29613|soc_therm=32462|battery=29300|battery_cycle=5|dc-mains=33000|usbc-therm-adc=330|max77779fg=29300|LITTLE=36000|soc=1|smpl_gm=0|vdroop1=0|batoilo=0|batoilo2=0|batt_vs=29300|mdis_morepower=0|thb_hda=51|cp_on_chip_0=34000|cp_on_chip_1=36000|G3D=34000|cp_on_chip_2=36000|cp_on_chip_3=33000|cp_on_chip_4=34000|rf2_therm=31000|rf1_therm=32000|ISP=33000|TPU=34000|AUR=34000|rfpa_therm=30348|quiet_therm=30837|charging_therm=32440|,ok,39000,36000,0,36000,1,batched,untouched,4096,512,29,1,6429,0,733,0,4,4,ok
1,10,nvhe,4,578000,787000,36000,37000,BIG=35000|MID=36000|usb_pwr_therm=29435|btmspkr_therm=29346|disp_therm=29368|north_therm=29613|soc_therm=32507|battery=29300|battery_cycle=5|dc-mains=33000|usbc-therm-adc=330|max77779fg=29300|LITTLE=35000|soc=1|smpl_gm=0|vdroop1=0|batoilo=0|batoilo2=0|batt_vs=29300|mdis_morepower=0|thb_hda=51|cp_on_chip_0=34000|cp_on_chip_1=36000|G3D=34000|cp_on_chip_2=36000|cp_on_chip_3=33000|cp_on_chip_4=34000|rf2_therm=31000|rf1_therm=32000|ISP=33000|TPU=34000|AUR=34000|rfpa_therm=30370|quiet_therm=30859|charging_therm=32484|,BIG=36000|MID=36000|usb_pwr_therm=29435|btmspkr_therm=29346|disp_therm=29368|north_therm=29613|soc_therm=32507|battery=29300|battery_cycle=5|dc-mains=33000|usbc-therm-adc=330|max77779fg=29300|LITTLE=35000|soc=1|smpl_gm=0|vdroop1=0|batoilo=0|batoilo2=0|batt_vs=29300|mdis_morepower=0|thb_hda=51|cp_on_chip_0=34000|cp_on_chip_1=36000|G3D=34000|cp_on_chip_2=36000|cp_on_chip_3=33000|cp_on_chip_4=34000|rf2_therm=31000|rf1_therm=32000|ISP=33000|TPU=34000|AUR=34000|rfpa_therm=30370|quiet_therm=30882|charging_therm=32529|,ok,39000,37000,0,37000,1,batched,touched,4096,4096,0,1,17283284,4096,3849895,0,4,4,ok
1,10,nvhe,4,578000,787000,36000,37000,BIG=35000|MID=36000|usb_pwr_therm=29435|btmspkr_therm=29346|disp_therm=29368|north_therm=29613|soc_therm=32507|battery=29300|battery_cycle=5|dc-mains=33000|usbc-therm-adc=330|max77779fg=29300|LITTLE=35000|soc=1|smpl_gm=0|vdroop1=0|batoilo=0|batoilo2=0|batt_vs=29300|mdis_morepower=0|thb_hda=51|cp_on_chip_0=34000|cp_on_chip_1=36000|G3D=34000|cp_on_chip_2=36000|cp_on_chip_3=33000|cp_on_chip_4=34000|rf2_therm=31000|rf1_therm=32000|ISP=33000|TPU=34000|AUR=34000|rfpa_therm=30370|quiet_therm=30859|charging_therm=32484|,BIG=36000|MID=36000|usb_pwr_therm=29435|btmspkr_therm=29346|disp_therm=29368|north_therm=29613|soc_therm=32507|battery=29300|battery_cycle=5|dc-mains=33000|usbc-therm-adc=330|max77779fg=29300|LITTLE=35000|soc=1|smpl_gm=0|vdroop1=0|batoilo=0|batoilo2=0|batt_vs=29300|mdis_morepower=0|thb_hda=51|cp_on_chip_0=34000|cp_on_chip_1=36000|G3D=34000|cp_on_chip_2=36000|cp_on_chip_3=33000|cp_on_chip_4=34000|rf2_therm=31000|rf1_therm=32000|ISP=33000|TPU=34000|AUR=34000|rfpa_therm=30370|quiet_therm=30882|charging_therm=32529|,ok,39000,37000,0,37000,1,batched,touched,4096,4096,1,1,12067790,4096,2003214,0,4,4,ok
1,10,nvhe,4,578000,787000,36000,37000,BIG=35000|MID=36000|usb_pwr_therm=29435|btmspkr_therm=29346|disp_therm=29368|north_therm=29613|soc_therm=32507|battery=29300|battery_cycle=5|dc-mains=33000|usbc-therm-adc=330|max77779fg=29300|LITTLE=35000|soc=1|smpl_gm=0|vdroop1=0|batoilo=0|batoilo2=0|batt_vs=29300|mdis_morepower=0|thb_hda=51|cp_on_chip_0=34000|cp_on_chip_1=36000|G3D=34000|cp_on_chip_2=36000|cp_on_chip_3=33000|cp_on_chip_4=34000|rf2_therm=31000|rf1_therm=32000|ISP=33000|TPU=34000|AUR=34000|rfpa_therm=30370|quiet_therm=30859|charging_therm=32484|,BIG=36000|MID=36000|usb_pwr_therm=29435|btmspkr_therm=29346|disp_therm=29368|north_therm=29613|soc_therm=32507|battery=29300|battery_cycle=5|dc-mains=33000|usbc-therm-adc=330|max77779fg=29300|LITTLE=35000|soc=1|smpl_gm=0|vdroop1=0|batoilo=0|batoilo2=0|batt_vs=29300|mdis_morepower=0|thb_hda=51|cp_on_chip_0=34000|cp_on_chip_1=36000|G3D=34000|cp_on_chip_2=36000|cp_on_chip_3=33000|cp_on_chip_4=34000|rf2_therm=31000|rf1_therm=32000|ISP=33000|TPU=34000|AUR=34000|rfpa_therm=30370|quiet_therm=30882|charging_therm=32529|,ok,39000,37000,0,37000,1,batched,touched,4096,4096,2,1,8900431,4096,1726725,0,4,4,ok
1,10,nvhe,4,578000,787000,36000,37000,BIG=35000|MID=36000|usb_pwr_therm=29435|btmspkr_therm=29346|disp_therm=29368|north_therm=29613|soc_therm=32507|battery=29300|battery_cycle=5|dc-mains=33000|usbc-therm-adc=330|max77779fg=29300|LITTLE=35000|soc=1|smpl_gm=0|vdroop1=0|batoilo=0|batoilo2=0|batt_vs=29300|mdis_morepower=0|thb_hda=51|cp_on_chip_0=34000|cp_on_chip_1=36000|G3D=34000|cp_on_chip_2=36000|cp_on_chip_3=33000|cp_on_chip_4=34000|rf2_therm=31000|rf1_therm=32000|ISP=33000|TPU=34000|AUR=34000|rfpa_therm=30370|quiet_therm=30859|charging_therm=32484|,BIG=36000|MID=36000|usb_pwr_therm=29435|btmspkr_therm=29346|disp_therm=29368|north_therm=29613|soc_therm=32507|battery=29300|battery_cycle=5|dc-mains=33000|usbc-therm-adc=330|max77779fg=29300|LITTLE=35000|soc=1|smpl_gm=0|vdroop1=0|batoilo=0|batoilo2=0|batt_vs=29300|mdis_morepower=0|thb_hda=51|cp_on_chip_0=34000|cp_on_chip_1=36000|G3D=34000|cp_on_chip_2=36000|cp_on_chip_3=33000|cp_on_chip_4=34000|rf2_therm=31000|rf1_therm=32000|ISP=33000|TPU=34000|AUR=34000|rfpa_therm=30370|quiet_therm=30882|charging_therm=32529|,ok,39000,37000,0,37000,1,batched,touched,4096,4096,3,1,8035523,4096,1689819,0,4,4,ok
1,10,nvhe,4,578000,787000,36000,37000,BIG=35000|MID=36000|usb_pwr_therm=29435|btmspkr_therm=29346|disp_therm=29368|north_therm=29613|soc_therm=32507|battery=29300|battery_cycle=5|dc-mains=33000|usbc-therm-adc=330|max77779fg=29300|LITTLE=35000|soc=1|smpl_gm=0|vdroop1=0|batoilo=0|batoilo2=0|batt_vs=29300|mdis_morepower=0|thb_hda=51|cp_on_chip_0=34000|cp_on_chip_1=36000|G3D=34000|cp_on_chip_2=36000|cp_on_chip_3=33000|cp_on_chip_4=34000|rf2_therm=31000|rf1_therm=32000|ISP=33000|TPU=34000|AUR=34000|rfpa_therm=30370|quiet_therm=30859|charging_therm=32484|,BIG=36000|MID=36000|usb_pwr_therm=29435|btmspkr_therm=29346|disp_therm=29368|north_therm=29613|soc_therm=32507|battery=29300|battery_cycle=5|dc-mains=33000|usbc-therm-adc=330|max77779fg=29300|LITTLE=35000|soc=1|smpl_gm=0|vdroop1=0|batoilo=0|batoilo2=0|batt_vs=29300|mdis_morepower=0|thb_hda=51|cp_on_chip_0=34000|cp_on_chip_1=36000|G3D=34000|cp_on_chip_2=36000|cp_on_chip_3=33000|cp_on_chip_4=34000|rf2_therm=31000|rf1_therm=32000|ISP=33000|TPU=34000|AUR=34000|rfpa_therm=30370|quiet_therm=30882|charging_therm=32529|,ok,39000,37000,0,37000,1,batched,touched,4096,4096,4,1,7169800,4096,1496420,0,4,4,ok
1,10,nvhe,4,578000,787000,36000,37000,BIG=35000|MID=36000|usb_pwr_therm=29435|btmspkr_therm=29346|disp_therm=29368|north_therm=29613|soc_therm=32507|battery=29300|battery_cycle=5|dc-mains=33000|usbc-therm-adc=330|max77779fg=29300|LITTLE=35000|soc=1|smpl_gm=0|vdroop1=0|batoilo=0|batoilo2=0|batt_vs=29300|mdis_morepower=0|thb_hda=51|cp_on_chip_0=34000|cp_on_chip_1=36000|G3D=34000|cp_on_chip_2=36000|cp_on_chip_3=33000|cp_on_chip_4=34000|rf2_therm=31000|rf1_therm=32000|ISP=33000|TPU=34000|AUR=34000|rfpa_therm=30370|quiet_therm=30859|charging_therm=32484|,BIG=36000|MID=36000|usb_pwr_therm=29435|btmspkr_therm=29346|disp_therm=29368|north_therm=29613|soc_therm=32507|battery=29300|battery_cycle=5|dc-mains=33000|usbc-therm-adc=330|max77779fg=29300|LITTLE=35000|soc=1|smpl_gm=0|vdroop1=0|batoilo=0|batoilo2=0|batt_vs=29300|mdis_morepower=0|thb_hda=51|cp_on_chip_0=34000|cp_on_chip_1=36000|G3D=34000|cp_on_chip_2=36000|cp_on_chip_3=33000|cp_on_chip_4=34000|rf2_therm=31000|rf1_therm=32000|ISP=33000|TPU=34000|AUR=34000|rfpa_therm=30370|quiet_therm=30882|charging_therm=32529|,ok,39000,37000,0,37000,1,batched,touched,4096,4096,5,1,6870809,4096,1335368,0,4,4,ok
1,10,nvhe,4,578000,787000,36000,37000,BIG=35000|MID=36000|usb_pwr_therm=29435|btmspkr_therm=29346|disp_therm=29368|north_therm=29613|soc_therm=32507|battery=29300|battery_cycle=5|dc-mains=33000|usbc-therm-adc=330|max77779fg=29300|LITTLE=35000|soc=1|smpl_gm=0|vdroop1=0|batoilo=0|batoilo2=0|batt_vs=29300|mdis_morepower=0|thb_hda=51|cp_on_chip_0=34000|cp_on_chip_1=36000|G3D=34000|cp_on_chip_2=36000|cp_on_chip_3=33000|cp_on_chip_4=34000|rf2_therm=31000|rf1_therm=32000|ISP=33000|TPU=34000|AUR=34000|rfpa_therm=30370|quiet_therm=30859|charging_therm=32484|,BIG=36000|MID=36000|usb_pwr_therm=29435|btmspkr_therm=29346|disp_therm=29368|north_therm=29613|soc_therm=32507|battery=29300|battery_cycle=5|dc-mains=33000|usbc-therm-adc=330|max77779fg=29300|LITTLE=35000|soc=1|smpl_gm=0|vdroop1=0|batoilo=0|batoilo2=0|batt_vs=29300|mdis_morepower=0|thb_hda=51|cp_on_chip_0=34000|cp_on_chip_1=36000|G3D=34000|cp_on_chip_2=36000|cp_on_chip_3=33000|cp_on_chip_4=34000|rf2_therm=31000|rf1_therm=32000|ISP=33000|TPU=34000|AUR=34000|rfpa_therm=30370|quiet_therm=30882|charging_therm=32529|,ok,39000,37000,0,37000,1,batched,touched,4096,4096,6,1,6252116,4096,1142130,0,4,4,ok
1,10,nvhe,4,578000,787000,36000,37000,BIG=35000|MID=36000|usb_pwr_therm=29435|btmspkr_therm=29346|disp_therm=29368|north_therm=29613|soc_therm=32507|battery=29300|battery_cycle=5|dc-mains=33000|usbc-therm-adc=330|max77779fg=29300|LITTLE=35000|soc=1|smpl_gm=0|vdroop1=0|batoilo=0|batoilo2=0|batt_vs=29300|mdis_morepower=0|thb_hda=51|cp_on_chip_0=34000|cp_on_chip_1=36000|G3D=34000|cp_on_chip_2=36000|cp_on_chip_3=33000|cp_on_chip_4=34000|rf2_therm=31000|rf1_therm=32000|ISP=33000|TPU=34000|AUR=34000|rfpa_therm=30370|quiet_therm=30859|charging_therm=32484|,BIG=36000|MID=36000|usb_pwr_therm=29435|btmspkr_therm=29346|disp_therm=29368|north_therm=29613|soc_therm=32507|battery=29300|battery_cycle=5|dc-mains=33000|usbc-therm-adc=330|max77779fg=29300|LITTLE=35000|soc=1|smpl_gm=0|vdroop1=0|batoilo=0|batoilo2=0|batt_vs=29300|mdis_morepower=0|thb_hda=51|cp_on_chip_0=34000|cp_on_chip_1=36000|G3D=34000|cp_on_chip_2=36000|cp_on_chip_3=33000|cp_on_chip_4=34000|rf2_therm=31000|rf1_therm=32000|ISP=33000|TPU=34000|AUR=34000|rfpa_therm=30370|quiet_therm=30882|charging_therm=32529|,ok,39000,37000,0,37000,1,batched,touched,4096,4096,7,1,5998942,4096,1108521,0,4,4,ok
1,10,nvhe,4,578000,787000,36000,37000,BIG=35000|MID=36000|usb_pwr_therm=29435|btmspkr_therm=29346|disp_therm=29368|north_therm=29613|soc_therm=32507|battery=29300|battery_cycle=5|dc-mains=33000|usbc-therm-adc=330|max77779fg=29300|LITTLE=35000|soc=1|smpl_gm=0|vdroop1=0|batoilo=0|batoilo2=0|batt_vs=29300|mdis_morepower=0|thb_hda=51|cp_on_chip_0=34000|cp_on_chip_1=36000|G3D=34000|cp_on_chip_2=36000|cp_on_chip_3=33000|cp_on_chip_4=34000|rf2_therm=31000|rf1_therm=32000|ISP=33000|TPU=34000|AUR=34000|rfpa_therm=30370|quiet_therm=30859|charging_therm=32484|,BIG=36000|MID=36000|usb_pwr_therm=29435|btmspkr_therm=29346|disp_therm=29368|north_therm=29613|soc_therm=32507|battery=29300|battery_cycle=5|dc-mains=33000|usbc-therm-adc=330|max77779fg=29300|LITTLE=35000|soc=1|smpl_gm=0|vdroop1=0|batoilo=0|batoilo2=0|batt_vs=29300|mdis_morepower=0|thb_hda=51|cp_on_chip_0=34000|cp_on_chip_1=36000|G3D=34000|cp_on_chip_2=36000|cp_on_chip_3=33000|cp_on_chip_4=34000|rf2_therm=31000|rf1_therm=32000|ISP=33000|TPU=34000|AUR=34000|rfpa_therm=30370|quiet_therm=30882|charging_therm=32529|,ok,39000,37000,0,37000,1,batched,touched,4096,4096,8,1,5579793,4096,999390,0,4,4,ok
1,10,nvhe,4,578000,787000,36000,37000,BIG=35000|MID=36000|usb_pwr_therm=29435|btmspkr_therm=29346|disp_therm=29368|north_therm=29613|soc_therm=32507|battery=29300|battery_cycle=5|dc-mains=33000|usbc-therm-adc=330|max77779fg=29300|LITTLE=35000|soc=1|smpl_gm=0|vdroop1=0|batoilo=0|batoilo2=0|batt_vs=29300|mdis_morepower=0|thb_hda=51|cp_on_chip_0=34000|cp_on_chip_1=36000|G3D=34000|cp_on_chip_2=36000|cp_on_chip_3=33000|cp_on_chip_4=34000|rf2_therm=31000|rf1_therm=32000|ISP=33000|TPU=34000|AUR=34000|rfpa_therm=30370|quiet_therm=30859|charging_therm=32484|,BIG=36000|MID=36000|usb_pwr_therm=29435|btmspkr_therm=29346|disp_therm=29368|north_therm=29613|soc_therm=32507|battery=29300|battery_cycle=5|dc-mains=33000|usbc-therm-adc=330|max77779fg=29300|LITTLE=35000|soc=1|smpl_gm=0|vdroop1=0|batoilo=0|batoilo2=0|batt_vs=29300|mdis_morepower=0|thb_hda=51|cp_on_chip_0=34000|cp_on_chip_1=36000|G3D=34000|cp_on_chip_2=36000|cp_on_chip_3=33000|cp_on_chip_4=34000|rf2_therm=31000|rf1_therm=32000|ISP=33000|TPU=34000|AUR=34000|rfpa_therm=30370|quiet_therm=30882|charging_therm=32529|,ok,39000,37000,0,37000,1,batched,touched,4096,4096,9,1,5068074,4096,889160,0,4,4,ok
1,10,nvhe,4,578000,787000,36000,37000,BIG=35000|MID=36000|usb_pwr_therm=29435|btmspkr_therm=29346|disp_therm=29368|north_therm=29613|soc_therm=32507|battery=29300|battery_cycle=5|dc-mains=33000|usbc-therm-adc=330|max77779fg=29300|LITTLE=35000|soc=1|smpl_gm=0|vdroop1=0|batoilo=0|batoilo2=0|batt_vs=29300|mdis_morepower=0|thb_hda=51|cp_on_chip_0=34000|cp_on_chip_1=36000|G3D=34000|cp_on_chip_2=36000|cp_on_chip_3=33000|cp_on_chip_4=34000|rf2_therm=31000|rf1_therm=32000|ISP=33000|TPU=34000|AUR=34000|rfpa_therm=30370|quiet_therm=30859|charging_therm=32484|,BIG=36000|MID=36000|usb_pwr_therm=29435|btmspkr_therm=29346|disp_therm=29368|north_therm=29613|soc_therm=32507|battery=29300|battery_cycle=5|dc-mains=33000|usbc-therm-adc=330|max77779fg=29300|LITTLE=35000|soc=1|smpl_gm=0|vdroop1=0|batoilo=0|batoilo2=0|batt_vs=29300|mdis_morepower=0|thb_hda=51|cp_on_chip_0=34000|cp_on_chip_1=36000|G3D=34000|cp_on_chip_2=36000|cp_on_chip_3=33000|cp_on_chip_4=34000|rf2_therm=31000|rf1_therm=32000|ISP=33000|TPU=34000|AUR=34000|rfpa_therm=30370|quiet_therm=30882|charging_therm=32529|,ok,39000,37000,0,37000,1,batched,touched,4096,4096,10,1,4584025,4096,687866,0,4,4,ok
1,10,nvhe,4,578000,787000,36000,37000,BIG=35000|MID=36000|usb_pwr_therm=29435|btmspkr_therm=29346|disp_therm=29368|north_therm=29613|soc_therm=32507|battery=29300|battery_cycle=5|dc-mains=33000|usbc-therm-adc=330|max77779fg=29300|LITTLE=35000|soc=1|smpl_gm=0|vdroop1=0|batoilo=0|batoilo2=0|batt_vs=29300|mdis_morepower=0|thb_hda=51|cp_on_chip_0=34000|cp_on_chip_1=36000|G3D=34000|cp_on_chip_2=36000|cp_on_chip_3=33000|cp_on_chip_4=34000|rf2_therm=31000|rf1_therm=32000|ISP=33000|TPU=34000|AUR=34000|rfpa_therm=30370|quiet_therm=30859|charging_therm=32484|,BIG=36000|MID=36000|usb_pwr_therm=29435|btmspkr_therm=29346|disp_therm=29368|north_therm=29613|soc_therm=32507|battery=29300|battery_cycle=5|dc-mains=33000|usbc-therm-adc=330|max77779fg=29300|LITTLE=35000|soc=1|smpl_gm=0|vdroop1=0|batoilo=0|batoilo2=0|batt_vs=29300|mdis_morepower=0|thb_hda=51|cp_on_chip_0=34000|cp_on_chip_1=36000|G3D=34000|cp_on_chip_2=36000|cp_on_chip_3=33000|cp_on_chip_4=34000|rf2_therm=31000|rf1_therm=32000|ISP=33000|TPU=34000|AUR=34000|rfpa_therm=30370|quiet_therm=30882|charging_therm=32529|,ok,39000,37000,0,37000,1,batched,touched,4096,4096,11,1,4316570,4096,624308,0,4,4,ok
1,10,nvhe,4,578000,787000,36000,37000,BIG=35000|MID=36000|usb_pwr_therm=29435|btmspkr_therm=29346|disp_therm=29368|north_therm=29613|soc_therm=32507|battery=29300|battery_cycle=5|dc-mains=33000|usbc-therm-adc=330|max77779fg=29300|LITTLE=35000|soc=1|smpl_gm=0|vdroop1=0|batoilo=0|batoilo2=0|batt_vs=29300|mdis_morepower=0|thb_hda=51|cp_on_chip_0=34000|cp_on_chip_1=36000|G3D=34000|cp_on_chip_2=36000|cp_on_chip_3=33000|cp_on_chip_4=34000|rf2_therm=31000|rf1_therm=32000|ISP=33000|TPU=34000|AUR=34000|rfpa_therm=30370|quiet_therm=30859|charging_therm=32484|,BIG=36000|MID=36000|usb_pwr_therm=29435|btmspkr_therm=29346|disp_therm=29368|north_therm=29613|soc_therm=32507|battery=29300|battery_cycle=5|dc-mains=33000|usbc-therm-adc=330|max77779fg=29300|LITTLE=35000|soc=1|smpl_gm=0|vdroop1=0|batoilo=0|batoilo2=0|batt_vs=29300|mdis_morepower=0|thb_hda=51|cp_on_chip_0=34000|cp_on_chip_1=36000|G3D=34000|cp_on_chip_2=36000|cp_on_chip_3=33000|cp_on_chip_4=34000|rf2_therm=31000|rf1_therm=32000|ISP=33000|TPU=34000|AUR=34000|rfpa_therm=30370|quiet_therm=30882|charging_therm=32529|,ok,39000,37000,0,37000,1,batched,touched,4096,4096,12,1,4142130,4096,546306,0,4,4,ok
1,10,nvhe,4,578000,787000,36000,37000,BIG=35000|MID=36000|usb_pwr_therm=29435|btmspkr_therm=29346|disp_therm=29368|north_therm=29613|soc_therm=32507|battery=29300|battery_cycle=5|dc-mains=33000|usbc-therm-adc=330|max77779fg=29300|LITTLE=35000|soc=1|smpl_gm=0|vdroop1=0|batoilo=0|batoilo2=0|batt_vs=29300|mdis_morepower=0|thb_hda=51|cp_on_chip_0=34000|cp_on_chip_1=36000|G3D=34000|cp_on_chip_2=36000|cp_on_chip_3=33000|cp_on_chip_4=34000|rf2_therm=31000|rf1_therm=32000|ISP=33000|TPU=34000|AUR=34000|rfpa_therm=30370|quiet_therm=30859|charging_therm=32484|,BIG=36000|MID=36000|usb_pwr_therm=29435|btmspkr_therm=29346|disp_therm=29368|north_therm=29613|soc_therm=32507|battery=29300|battery_cycle=5|dc-mains=33000|usbc-therm-adc=330|max77779fg=29300|LITTLE=35000|soc=1|smpl_gm=0|vdroop1=0|batoilo=0|batoilo2=0|batt_vs=29300|mdis_morepower=0|thb_hda=51|cp_on_chip_0=34000|cp_on_chip_1=36000|G3D=34000|cp_on_chip_2=36000|cp_on_chip_3=33000|cp_on_chip_4=34000|rf2_therm=31000|rf1_therm=32000|ISP=33000|TPU=34000|AUR=34000|rfpa_therm=30370|quiet_therm=30882|charging_therm=32529|,ok,39000,37000,0,37000,1,batched,touched,4096,4096,13,1,3910970,4096,609415,0,4,4,ok
1,10,nvhe,4,578000,787000,36000,37000,BIG=35000|MID=36000|usb_pwr_therm=29435|btmspkr_therm=29346|disp_therm=29368|north_therm=29613|soc_therm=32507|battery=29300|battery_cycle=5|dc-mains=33000|usbc-therm-adc=330|max77779fg=29300|LITTLE=35000|soc=1|smpl_gm=0|vdroop1=0|batoilo=0|batoilo2=0|batt_vs=29300|mdis_morepower=0|thb_hda=51|cp_on_chip_0=34000|cp_on_chip_1=36000|G3D=34000|cp_on_chip_2=36000|cp_on_chip_3=33000|cp_on_chip_4=34000|rf2_therm=31000|rf1_therm=32000|ISP=33000|TPU=34000|AUR=34000|rfpa_therm=30370|quiet_therm=30859|charging_therm=32484|,BIG=36000|MID=36000|usb_pwr_therm=29435|btmspkr_therm=29346|disp_therm=29368|north_therm=29613|soc_therm=32507|battery=29300|battery_cycle=5|dc-mains=33000|usbc-therm-adc=330|max77779fg=29300|LITTLE=35000|soc=1|smpl_gm=0|vdroop1=0|batoilo=0|batoilo2=0|batt_vs=29300|mdis_morepower=0|thb_hda=51|cp_on_chip_0=34000|cp_on_chip_1=36000|G3D=34000|cp_on_chip_2=36000|cp_on_chip_3=33000|cp_on_chip_4=34000|rf2_therm=31000|rf1_therm=32000|ISP=33000|TPU=34000|AUR=34000|rfpa_therm=30370|quiet_therm=30882|charging_therm=32529|,ok,39000,37000,0,37000,1,batched,touched,4096,4096,14,1,3893433,4096,500407,0,4,4,ok
1,10,nvhe,4,578000,787000,36000,37000,BIG=35000|MID=36000|usb_pwr_therm=29435|btmspkr_therm=29346|disp_therm=29368|north_therm=29613|soc_therm=32507|battery=29300|battery_cycle=5|dc-mains=33000|usbc-therm-adc=330|max77779fg=29300|LITTLE=35000|soc=1|smpl_gm=0|vdroop1=0|batoilo=0|batoilo2=0|batt_vs=29300|mdis_morepower=0|thb_hda=51|cp_on_chip_0=34000|cp_on_chip_1=36000|G3D=34000|cp_on_chip_2=36000|cp_on_chip_3=33000|cp_on_chip_4=34000|rf2_therm=31000|rf1_therm=32000|ISP=33000|TPU=34000|AUR=34000|rfpa_therm=30370|quiet_therm=30859|charging_therm=32484|,BIG=36000|MID=36000|usb_pwr_therm=29435|btmspkr_therm=29346|disp_therm=29368|north_therm=29613|soc_therm=32507|battery=29300|battery_cycle=5|dc-mains=33000|usbc-therm-adc=330|max77779fg=29300|LITTLE=35000|soc=1|smpl_gm=0|vdroop1=0|batoilo=0|batoilo2=0|batt_vs=29300|mdis_morepower=0|thb_hda=51|cp_on_chip_0=34000|cp_on_chip_1=36000|G3D=34000|cp_on_chip_2=36000|cp_on_chip_3=33000|cp_on_chip_4=34000|rf2_therm=31000|rf1_therm=32000|ISP=33000|TPU=34000|AUR=34000|rfpa_therm=30370|quiet_therm=30882|charging_therm=32529|,ok,39000,37000,0,37000,1,batched,touched,4096,4096,15,1,3838419,4096,492472,0,4,4,ok
1,10,nvhe,4,578000,787000,36000,37000,BIG=35000|MID=36000|usb_pwr_therm=29435|btmspkr_therm=29346|disp_therm=29368|north_therm=29613|soc_therm=32507|battery=29300|battery_cycle=5|dc-mains=33000|usbc-therm-adc=330|max77779fg=29300|LITTLE=35000|soc=1|smpl_gm=0|vdroop1=0|batoilo=0|batoilo2=0|batt_vs=29300|mdis_morepower=0|thb_hda=51|cp_on_chip_0=34000|cp_on_chip_1=36000|G3D=34000|cp_on_chip_2=36000|cp_on_chip_3=33000|cp_on_chip_4=34000|rf2_therm=31000|rf1_therm=32000|ISP=33000|TPU=34000|AUR=34000|rfpa_therm=30370|quiet_therm=30859|charging_therm=32484|,BIG=36000|MID=36000|usb_pwr_therm=29435|btmspkr_therm=29346|disp_therm=29368|north_therm=29613|soc_therm=32507|battery=29300|battery_cycle=5|dc-mains=33000|usbc-therm-adc=330|max77779fg=29300|LITTLE=35000|soc=1|smpl_gm=0|vdroop1=0|batoilo=0|batoilo2=0|batt_vs=29300|mdis_morepower=0|thb_hda=51|cp_on_chip_0=34000|cp_on_chip_1=36000|G3D=34000|cp_on_chip_2=36000|cp_on_chip_3=33000|cp_on_chip_4=34000|rf2_therm=31000|rf1_therm=32000|ISP=33000|TPU=34000|AUR=34000|rfpa_therm=30370|quiet_therm=30882|charging_therm=32529|,ok,39000,37000,0,37000,1,batched,touched,4096,4096,16,1,3856283,4096,490438,0,4,4,ok
1,10,nvhe,4,578000,787000,36000,37000,BIG=35000|MID=36000|usb_pwr_therm=29435|btmspkr_therm=29346|disp_therm=29368|north_therm=29613|soc_therm=32507|battery=29300|battery_cycle=5|dc-mains=33000|usbc-therm-adc=330|max77779fg=29300|LITTLE=35000|soc=1|smpl_gm=0|vdroop1=0|batoilo=0|batoilo2=0|batt_vs=29300|mdis_morepower=0|thb_hda=51|cp_on_chip_0=34000|cp_on_chip_1=36000|G3D=34000|cp_on_chip_2=36000|cp_on_chip_3=33000|cp_on_chip_4=34000|rf2_therm=31000|rf1_therm=32000|ISP=33000|TPU=34000|AUR=34000|rfpa_therm=30370|quiet_therm=30859|charging_therm=32484|,BIG=36000|MID=36000|usb_pwr_therm=29435|btmspkr_therm=29346|disp_therm=29368|north_therm=29613|soc_therm=32507|battery=29300|battery_cycle=5|dc-mains=33000|usbc-therm-adc=330|max77779fg=29300|LITTLE=35000|soc=1|smpl_gm=0|vdroop1=0|batoilo=0|batoilo2=0|batt_vs=29300|mdis_morepower=0|thb_hda=51|cp_on_chip_0=34000|cp_on_chip_1=36000|G3D=34000|cp_on_chip_2=36000|cp_on_chip_3=33000|cp_on_chip_4=34000|rf2_therm=31000|rf1_therm=32000|ISP=33000|TPU=34000|AUR=34000|rfpa_therm=30370|quiet_therm=30882|charging_therm=32529|,ok,39000,37000,0,37000,1,batched,touched,4096,4096,17,1,3865886,4096,488159,0,4,4,ok
1,10,nvhe,4,578000,787000,36000,37000,BIG=35000|MID=36000|usb_pwr_therm=29435|btmspkr_therm=29346|disp_therm=29368|north_therm=29613|soc_therm=32507|battery=29300|battery_cycle=5|dc-mains=33000|usbc-therm-adc=330|max77779fg=29300|LITTLE=35000|soc=1|smpl_gm=0|vdroop1=0|batoilo=0|batoilo2=0|batt_vs=29300|mdis_morepower=0|thb_hda=51|cp_on_chip_0=34000|cp_on_chip_1=36000|G3D=34000|cp_on_chip_2=36000|cp_on_chip_3=33000|cp_on_chip_4=34000|rf2_therm=31000|rf1_therm=32000|ISP=33000|TPU=34000|AUR=34000|rfpa_therm=30370|quiet_therm=30859|charging_therm=32484|,BIG=36000|MID=36000|usb_pwr_therm=29435|btmspkr_therm=29346|disp_therm=29368|north_therm=29613|soc_therm=32507|battery=29300|battery_cycle=5|dc-mains=33000|usbc-therm-adc=330|max77779fg=29300|LITTLE=35000|soc=1|smpl_gm=0|vdroop1=0|batoilo=0|batoilo2=0|batt_vs=29300|mdis_morepower=0|thb_hda=51|cp_on_chip_0=34000|cp_on_chip_1=36000|G3D=34000|cp_on_chip_2=36000|cp_on_chip_3=33000|cp_on_chip_4=34000|rf2_therm=31000|rf1_therm=32000|ISP=33000|TPU=34000|AUR=34000|rfpa_therm=30370|quiet_therm=30882|charging_therm=32529|,ok,39000,37000,0,37000,1,batched,touched,4096,4096,18,1,3812704,4096,489502,0,4,4,ok
1,10,nvhe,4,578000,787000,36000,37000,BIG=35000|MID=36000|usb_pwr_therm=29435|btmspkr_therm=29346|disp_therm=29368|north_therm=29613|soc_therm=32507|battery=29300|battery_cycle=5|dc-mains=33000|usbc-therm-adc=330|max77779fg=29300|LITTLE=35000|soc=1|smpl_gm=0|vdroop1=0|batoilo=0|batoilo2=0|batt_vs=29300|mdis_morepower=0|thb_hda=51|cp_on_chip_0=34000|cp_on_chip_1=36000|G3D=34000|cp_on_chip_2=36000|cp_on_chip_3=33000|cp_on_chip_4=34000|rf2_therm=31000|rf1_therm=32000|ISP=33000|TPU=34000|AUR=34000|rfpa_therm=30370|quiet_therm=30859|charging_therm=32484|,BIG=36000|MID=36000|usb_pwr_therm=29435|btmspkr_therm=29346|disp_therm=29368|north_therm=29613|soc_therm=32507|battery=29300|battery_cycle=5|dc-mains=33000|usbc-therm-adc=330|max77779fg=29300|LITTLE=35000|soc=1|smpl_gm=0|vdroop1=0|batoilo=0|batoilo2=0|batt_vs=29300|mdis_morepower=0|thb_hda=51|cp_on_chip_0=34000|cp_on_chip_1=36000|G3D=34000|cp_on_chip_2=36000|cp_on_chip_3=33000|cp_on_chip_4=34000|rf2_therm=31000|rf1_therm=32000|ISP=33000|TPU=34000|AUR=34000|rfpa_therm=30370|quiet_therm=30882|charging_therm=32529|,ok,39000,37000,0,37000,1,batched,touched,4096,4096,19,1,3801351,4096,488769,0,4,4,ok
1,10,nvhe,4,578000,787000,36000,37000,BIG=35000|MID=36000|usb_pwr_therm=29435|btmspkr_therm=29346|disp_therm=29368|north_therm=29613|soc_therm=32507|battery=29300|battery_cycle=5|dc-mains=33000|usbc-therm-adc=330|max77779fg=29300|LITTLE=35000|soc=1|smpl_gm=0|vdroop1=0|batoilo=0|batoilo2=0|batt_vs=29300|mdis_morepower=0|thb_hda=51|cp_on_chip_0=34000|cp_on_chip_1=36000|G3D=34000|cp_on_chip_2=36000|cp_on_chip_3=33000|cp_on_chip_4=34000|rf2_therm=31000|rf1_therm=32000|ISP=33000|TPU=34000|AUR=34000|rfpa_therm=30370|quiet_therm=30859|charging_therm=32484|,BIG=36000|MID=36000|usb_pwr_therm=29435|btmspkr_therm=29346|disp_therm=29368|north_therm=29613|soc_therm=32507|battery=29300|battery_cycle=5|dc-mains=33000|usbc-therm-adc=330|max77779fg=29300|LITTLE=35000|soc=1|smpl_gm=0|vdroop1=0|batoilo=0|batoilo2=0|batt_vs=29300|mdis_morepower=0|thb_hda=51|cp_on_chip_0=34000|cp_on_chip_1=36000|G3D=34000|cp_on_chip_2=36000|cp_on_chip_3=33000|cp_on_chip_4=34000|rf2_therm=31000|rf1_therm=32000|ISP=33000|TPU=34000|AUR=34000|rfpa_therm=30370|quiet_therm=30882|charging_therm=32529|,ok,39000,37000,0,37000,1,batched,touched,4096,4096,20,1,3848063,4096,493531,0,4,4,ok
1,10,nvhe,4,578000,787000,36000,37000,BIG=35000|MID=36000|usb_pwr_therm=29435|btmspkr_therm=29346|disp_therm=29368|north_therm=29613|soc_therm=32507|battery=29300|battery_cycle=5|dc-mains=33000|usbc-therm-adc=330|max77779fg=29300|LITTLE=35000|soc=1|smpl_gm=0|vdroop1=0|batoilo=0|batoilo2=0|batt_vs=29300|mdis_morepower=0|thb_hda=51|cp_on_chip_0=34000|cp_on_chip_1=36000|G3D=34000|cp_on_chip_2=36000|cp_on_chip_3=33000|cp_on_chip_4=34000|rf2_therm=31000|rf1_therm=32000|ISP=33000|TPU=34000|AUR=34000|rfpa_therm=30370|quiet_therm=30859|charging_therm=32484|,BIG=36000|MID=36000|usb_pwr_therm=29435|btmspkr_therm=29346|disp_therm=29368|north_therm=29613|soc_therm=32507|battery=29300|battery_cycle=5|dc-mains=33000|usbc-therm-adc=330|max77779fg=29300|LITTLE=35000|soc=1|smpl_gm=0|vdroop1=0|batoilo=0|batoilo2=0|batt_vs=29300|mdis_morepower=0|thb_hda=51|cp_on_chip_0=34000|cp_on_chip_1=36000|G3D=34000|cp_on_chip_2=36000|cp_on_chip_3=33000|cp_on_chip_4=34000|rf2_therm=31000|rf1_therm=32000|ISP=33000|TPU=34000|AUR=34000|rfpa_therm=30370|quiet_therm=30882|charging_therm=32529|,ok,39000,37000,0,37000,1,batched,touched,4096,4096,21,1,3843994,4096,484131,0,4,4,ok
1,10,nvhe,4,578000,787000,36000,37000,BIG=35000|MID=36000|usb_pwr_therm=29435|btmspkr_therm=29346|disp_therm=29368|north_therm=29613|soc_therm=32507|battery=29300|battery_cycle=5|dc-mains=33000|usbc-therm-adc=330|max77779fg=29300|LITTLE=35000|soc=1|smpl_gm=0|vdroop1=0|batoilo=0|batoilo2=0|batt_vs=29300|mdis_morepower=0|thb_hda=51|cp_on_chip_0=34000|cp_on_chip_1=36000|G3D=34000|cp_on_chip_2=36000|cp_on_chip_3=33000|cp_on_chip_4=34000|rf2_therm=31000|rf1_therm=32000|ISP=33000|TPU=34000|AUR=34000|rfpa_therm=30370|quiet_therm=30859|charging_therm=32484|,BIG=36000|MID=36000|usb_pwr_therm=29435|btmspkr_therm=29346|disp_therm=29368|north_therm=29613|soc_therm=32507|battery=29300|battery_cycle=5|dc-mains=33000|usbc-therm-adc=330|max77779fg=29300|LITTLE=35000|soc=1|smpl_gm=0|vdroop1=0|batoilo=0|batoilo2=0|batt_vs=29300|mdis_morepower=0|thb_hda=51|cp_on_chip_0=34000|cp_on_chip_1=36000|G3D=34000|cp_on_chip_2=36000|cp_on_chip_3=33000|cp_on_chip_4=34000|rf2_therm=31000|rf1_therm=32000|ISP=33000|TPU=34000|AUR=34000|rfpa_therm=30370|quiet_therm=30882|charging_therm=32529|,ok,39000,37000,0,37000,1,batched,touched,4096,4096,22,1,3818929,4096,491659,0,4,4,ok
1,10,nvhe,4,578000,787000,36000,37000,BIG=35000|MID=36000|usb_pwr_therm=29435|btmspkr_therm=29346|disp_therm=29368|north_therm=29613|soc_therm=32507|battery=29300|battery_cycle=5|dc-mains=33000|usbc-therm-adc=330|max77779fg=29300|LITTLE=35000|soc=1|smpl_gm=0|vdroop1=0|batoilo=0|batoilo2=0|batt_vs=29300|mdis_morepower=0|thb_hda=51|cp_on_chip_0=34000|cp_on_chip_1=36000|G3D=34000|cp_on_chip_2=36000|cp_on_chip_3=33000|cp_on_chip_4=34000|rf2_therm=31000|rf1_therm=32000|ISP=33000|TPU=34000|AUR=34000|rfpa_therm=30370|quiet_therm=30859|charging_therm=32484|,BIG=36000|MID=36000|usb_pwr_therm=29435|btmspkr_therm=29346|disp_therm=29368|north_therm=29613|soc_therm=32507|battery=29300|battery_cycle=5|dc-mains=33000|usbc-therm-adc=330|max77779fg=29300|LITTLE=35000|soc=1|smpl_gm=0|vdroop1=0|batoilo=0|batoilo2=0|batt_vs=29300|mdis_morepower=0|thb_hda=51|cp_on_chip_0=34000|cp_on_chip_1=36000|G3D=34000|cp_on_chip_2=36000|cp_on_chip_3=33000|cp_on_chip_4=34000|rf2_therm=31000|rf1_therm=32000|ISP=33000|TPU=34000|AUR=34000|rfpa_therm=30370|quiet_therm=30882|charging_therm=32529|,ok,39000,37000,0,37000,1,batched,touched,4096,4096,23,1,3858846,4096,490194,0,4,4,ok
1,10,nvhe,4,578000,787000,36000,37000,BIG=35000|MID=36000|usb_pwr_therm=29435|btmspkr_therm=29346|disp_therm=29368|north_therm=29613|soc_therm=32507|battery=29300|battery_cycle=5|dc-mains=33000|usbc-therm-adc=330|max77779fg=29300|LITTLE=35000|soc=1|smpl_gm=0|vdroop1=0|batoilo=0|batoilo2=0|batt_vs=29300|mdis_morepower=0|thb_hda=51|cp_on_chip_0=34000|cp_on_chip_1=36000|G3D=34000|cp_on_chip_2=36000|cp_on_chip_3=33000|cp_on_chip_4=34000|rf2_therm=31000|rf1_therm=32000|ISP=33000|TPU=34000|AUR=34000|rfpa_therm=30370|quiet_therm=30859|charging_therm=32484|,BIG=36000|MID=36000|usb_pwr_therm=29435|btmspkr_therm=29346|disp_therm=29368|north_therm=29613|soc_therm=32507|battery=29300|battery_cycle=5|dc-mains=33000|usbc-therm-adc=330|max77779fg=29300|LITTLE=35000|soc=1|smpl_gm=0|vdroop1=0|batoilo=0|batoilo2=0|batt_vs=29300|mdis_morepower=0|thb_hda=51|cp_on_chip_0=34000|cp_on_chip_1=36000|G3D=34000|cp_on_chip_2=36000|cp_on_chip_3=33000|cp_on_chip_4=34000|rf2_therm=31000|rf1_therm=32000|ISP=33000|TPU=34000|AUR=34000|rfpa_therm=30370|quiet_therm=30882|charging_therm=32529|,ok,39000,37000,0,37000,1,batched,touched,4096,4096,24,1,3796672,4096,496093,0,4,4,ok
1,10,nvhe,4,578000,787000,36000,37000,BIG=35000|MID=36000|usb_pwr_therm=29435|btmspkr_therm=29346|disp_therm=29368|north_therm=29613|soc_therm=32507|battery=29300|battery_cycle=5|dc-mains=33000|usbc-therm-adc=330|max77779fg=29300|LITTLE=35000|soc=1|smpl_gm=0|vdroop1=0|batoilo=0|batoilo2=0|batt_vs=29300|mdis_morepower=0|thb_hda=51|cp_on_chip_0=34000|cp_on_chip_1=36000|G3D=34000|cp_on_chip_2=36000|cp_on_chip_3=33000|cp_on_chip_4=34000|rf2_therm=31000|rf1_therm=32000|ISP=33000|TPU=34000|AUR=34000|rfpa_therm=30370|quiet_therm=30859|charging_therm=32484|,BIG=36000|MID=36000|usb_pwr_therm=29435|btmspkr_therm=29346|disp_therm=29368|north_therm=29613|soc_therm=32507|battery=29300|battery_cycle=5|dc-mains=33000|usbc-therm-adc=330|max77779fg=29300|LITTLE=35000|soc=1|smpl_gm=0|vdroop1=0|batoilo=0|batoilo2=0|batt_vs=29300|mdis_morepower=0|thb_hda=51|cp_on_chip_0=34000|cp_on_chip_1=36000|G3D=34000|cp_on_chip_2=36000|cp_on_chip_3=33000|cp_on_chip_4=34000|rf2_therm=31000|rf1_therm=32000|ISP=33000|TPU=34000|AUR=34000|rfpa_therm=30370|quiet_therm=30882|charging_therm=32529|,ok,39000,37000,0,37000,1,batched,touched,4096,4096,25,1,3850017,4096,482584,0,4,4,ok
1,10,nvhe,4,578000,787000,36000,37000,BIG=35000|MID=36000|usb_pwr_therm=29435|btmspkr_therm=29346|disp_therm=29368|north_therm=29613|soc_therm=32507|battery=29300|battery_cycle=5|dc-mains=33000|usbc-therm-adc=330|max77779fg=29300|LITTLE=35000|soc=1|smpl_gm=0|vdroop1=0|batoilo=0|batoilo2=0|batt_vs=29300|mdis_morepower=0|thb_hda=51|cp_on_chip_0=34000|cp_on_chip_1=36000|G3D=34000|cp_on_chip_2=36000|cp_on_chip_3=33000|cp_on_chip_4=34000|rf2_therm=31000|rf1_therm=32000|ISP=33000|TPU=34000|AUR=34000|rfpa_therm=30370|quiet_therm=30859|charging_therm=32484|,BIG=36000|MID=36000|usb_pwr_therm=29435|btmspkr_therm=29346|disp_therm=29368|north_therm=29613|soc_therm=32507|battery=29300|battery_cycle=5|dc-mains=33000|usbc-therm-adc=330|max77779fg=29300|LITTLE=35000|soc=1|smpl_gm=0|vdroop1=0|batoilo=0|batoilo2=0|batt_vs=29300|mdis_morepower=0|thb_hda=51|cp_on_chip_0=34000|cp_on_chip_1=36000|G3D=34000|cp_on_chip_2=36000|cp_on_chip_3=33000|cp_on_chip_4=34000|rf2_therm=31000|rf1_therm=32000|ISP=33000|TPU=34000|AUR=34000|rfpa_therm=30370|quiet_therm=30882|charging_therm=32529|,ok,39000,37000,0,37000,1,batched,touched,4096,4096,26,1,3884644,4096,479533,0,4,4,ok
1,10,nvhe,4,578000,787000,36000,37000,BIG=35000|MID=36000|usb_pwr_therm=29435|btmspkr_therm=29346|disp_therm=29368|north_therm=29613|soc_therm=32507|battery=29300|battery_cycle=5|dc-mains=33000|usbc-therm-adc=330|max77779fg=29300|LITTLE=35000|soc=1|smpl_gm=0|vdroop1=0|batoilo=0|batoilo2=0|batt_vs=29300|mdis_morepower=0|thb_hda=51|cp_on_chip_0=34000|cp_on_chip_1=36000|G3D=34000|cp_on_chip_2=36000|cp_on_chip_3=33000|cp_on_chip_4=34000|rf2_therm=31000|rf1_therm=32000|ISP=33000|TPU=34000|AUR=34000|rfpa_therm=30370|quiet_therm=30859|charging_therm=32484|,BIG=36000|MID=36000|usb_pwr_therm=29435|btmspkr_therm=29346|disp_therm=29368|north_therm=29613|soc_therm=32507|battery=29300|battery_cycle=5|dc-mains=33000|usbc-therm-adc=330|max77779fg=29300|LITTLE=35000|soc=1|smpl_gm=0|vdroop1=0|batoilo=0|batoilo2=0|batt_vs=29300|mdis_morepower=0|thb_hda=51|cp_on_chip_0=34000|cp_on_chip_1=36000|G3D=34000|cp_on_chip_2=36000|cp_on_chip_3=33000|cp_on_chip_4=34000|rf2_therm=31000|rf1_therm=32000|ISP=33000|TPU=34000|AUR=34000|rfpa_therm=30370|quiet_therm=30882|charging_therm=32529|,ok,39000,37000,0,37000,1,batched,touched,4096,4096,27,1,3862996,4096,475546,0,4,4,ok
1,10,nvhe,4,578000,787000,36000,37000,BIG=35000|MID=36000|usb_pwr_therm=29435|btmspkr_therm=29346|disp_therm=29368|north_therm=29613|soc_therm=32507|battery=29300|battery_cycle=5|dc-mains=33000|usbc-therm-adc=330|max77779fg=29300|LITTLE=35000|soc=1|smpl_gm=0|vdroop1=0|batoilo=0|batoilo2=0|batt_vs=29300|mdis_morepower=0|thb_hda=51|cp_on_chip_0=34000|cp_on_chip_1=36000|G3D=34000|cp_on_chip_2=36000|cp_on_chip_3=33000|cp_on_chip_4=34000|rf2_therm=31000|rf1_therm=32000|ISP=33000|TPU=34000|AUR=34000|rfpa_therm=30370|quiet_therm=30859|charging_therm=32484|,BIG=36000|MID=36000|usb_pwr_therm=29435|btmspkr_therm=29346|disp_therm=29368|north_therm=29613|soc_therm=32507|battery=29300|battery_cycle=5|dc-mains=33000|usbc-therm-adc=330|max77779fg=29300|LITTLE=35000|soc=1|smpl_gm=0|vdroop1=0|batoilo=0|batoilo2=0|batt_vs=29300|mdis_morepower=0|thb_hda=51|cp_on_chip_0=34000|cp_on_chip_1=36000|G3D=34000|cp_on_chip_2=36000|cp_on_chip_3=33000|cp_on_chip_4=34000|rf2_therm=31000|rf1_therm=32000|ISP=33000|TPU=34000|AUR=34000|rfpa_therm=30370|quiet_therm=30882|charging_therm=32529|,ok,39000,37000,0,37000,1,batched,touched,4096,4096,28,1,3890177,4096,488566,0,4,4,ok
1,10,nvhe,4,578000,787000,36000,37000,BIG=35000|MID=36000|usb_pwr_therm=29435|btmspkr_therm=29346|disp_therm=29368|north_therm=29613|soc_therm=32507|battery=29300|battery_cycle=5|dc-mains=33000|usbc-therm-adc=330|max77779fg=29300|LITTLE=35000|soc=1|smpl_gm=0|vdroop1=0|batoilo=0|batoilo2=0|batt_vs=29300|mdis_morepower=0|thb_hda=51|cp_on_chip_0=34000|cp_on_chip_1=36000|G3D=34000|cp_on_chip_2=36000|cp_on_chip_3=33000|cp_on_chip_4=34000|rf2_therm=31000|rf1_therm=32000|ISP=33000|TPU=34000|AUR=34000|rfpa_therm=30370|quiet_therm=30859|charging_therm=32484|,BIG=36000|MID=36000|usb_pwr_therm=29435|btmspkr_therm=29346|disp_therm=29368|north_therm=29613|soc_therm=32507|battery=29300|battery_cycle=5|dc-mains=33000|usbc-therm-adc=330|max77779fg=29300|LITTLE=35000|soc=1|smpl_gm=0|vdroop1=0|batoilo=0|batoilo2=0|batt_vs=29300|mdis_morepower=0|thb_hda=51|cp_on_chip_0=34000|cp_on_chip_1=36000|G3D=34000|cp_on_chip_2=36000|cp_on_chip_3=33000|cp_on_chip_4=34000|rf2_therm=31000|rf1_therm=32000|ISP=33000|TPU=34000|AUR=34000|rfpa_therm=30370|quiet_therm=30882|charging_therm=32529|,ok,39000,37000,0,37000,1,batched,touched,4096,4096,29,1,3848430,4096,487386,0,4,4,ok
1,11,nvhe,4,1945000,578000,36000,36000,BIG=35000|MID=36000|usb_pwr_therm=29413|btmspkr_therm=29346|disp_therm=29368|north_therm=29613|soc_therm=32551|battery=29300|battery_cycle=5|dc-mains=33000|usbc-therm-adc=330|max77779fg=29300|LITTLE=35000|soc=1|smpl_gm=0|vdroop1=0|batoilo=0|batoilo2=0|batt_vs=29300|mdis_morepower=0|thb_hda=51|cp_on_chip_0=34000|cp_on_chip_1=36000|G3D=34000|cp_on_chip_2=36000|cp_on_chip_3=33000|cp_on_chip_4=34000|rf2_therm=31000|rf1_therm=32000|ISP=34000|TPU=34000|AUR=34000|rfpa_therm=30370|quiet_therm=30904|charging_therm=32551|,BIG=35000|MID=36000|usb_pwr_therm=29390|btmspkr_therm=29346|disp_therm=29368|north_therm=29613|soc_therm=32573|battery=29300|battery_cycle=5|dc-mains=33000|usbc-therm-adc=330|max77779fg=29300|LITTLE=36000|soc=1|smpl_gm=0|vdroop1=0|batoilo=0|batoilo2=0|batt_vs=29300|mdis_morepower=0|thb_hda=51|cp_on_chip_0=34000|cp_on_chip_1=36000|G3D=35000|cp_on_chip_2=36000|cp_on_chip_3=33000|cp_on_chip_4=34000|rf2_therm=31000|rf1_therm=32000|ISP=34000|TPU=34000|AUR=34000|rfpa_therm=30370|quiet_therm=30904|charging_therm=32551|,ok,39000,36000,0,36000,1,batched,untouched,4096,2048,0,1,7650,0,1261,0,4,4,ok
1,11,nvhe,4,1945000,578000,36000,36000,BIG=35000|MID=36000|usb_pwr_therm=29413|btmspkr_therm=29346|disp_therm=29368|north_therm=29613|soc_therm=32551|battery=29300|battery_cycle=5|dc-mains=33000|usbc-therm-adc=330|max77779fg=29300|LITTLE=35000|soc=1|smpl_gm=0|vdroop1=0|batoilo=0|batoilo2=0|batt_vs=29300|mdis_morepower=0|thb_hda=51|cp_on_chip_0=34000|cp_on_chip_1=36000|G3D=34000|cp_on_chip_2=36000|cp_on_chip_3=33000|cp_on_chip_4=34000|rf2_therm=31000|rf1_therm=32000|ISP=34000|TPU=34000|AUR=34000|rfpa_therm=30370|quiet_therm=30904|charging_therm=32551|,BIG=35000|MID=36000|usb_pwr_therm=29390|btmspkr_therm=29346|disp_therm=29368|north_therm=29613|soc_therm=32573|battery=29300|battery_cycle=5|dc-mains=33000|usbc-therm-adc=330|max77779fg=29300|LITTLE=36000|soc=1|smpl_gm=0|vdroop1=0|batoilo=0|batoilo2=0|batt_vs=29300|mdis_morepower=0|thb_hda=51|cp_on_chip_0=34000|cp_on_chip_1=36000|G3D=35000|cp_on_chip_2=36000|cp_on_chip_3=33000|cp_on_chip_4=34000|rf2_therm=31000|rf1_therm=32000|ISP=34000|TPU=34000|AUR=34000|rfpa_therm=30370|quiet_therm=30904|charging_therm=32551|,ok,39000,36000,0,36000,1,batched,untouched,4096,2048,1,1,2645,0,651,0,4,4,ok
1,11,nvhe,4,1945000,578000,36000,36000,BIG=35000|MID=36000|usb_pwr_therm=29413|btmspkr_therm=29346|disp_therm=29368|north_therm=29613|soc_therm=32551|battery=29300|battery_cycle=5|dc-mains=33000|usbc-therm-adc=330|max77779fg=29300|LITTLE=35000|soc=1|smpl_gm=0|vdroop1=0|batoilo=0|batoilo2=0|batt_vs=29300|mdis_morepower=0|thb_hda=51|cp_on_chip_0=34000|cp_on_chip_1=36000|G3D=34000|cp_on_chip_2=36000|cp_on_chip_3=33000|cp_on_chip_4=34000|rf2_therm=31000|rf1_therm=32000|ISP=34000|TPU=34000|AUR=34000|rfpa_therm=30370|quiet_therm=30904|charging_therm=32551|,BIG=35000|MID=36000|usb_pwr_therm=29390|btmspkr_therm=29346|disp_therm=29368|north_therm=29613|soc_therm=32573|battery=29300|battery_cycle=5|dc-mains=33000|usbc-therm-adc=330|max77779fg=29300|LITTLE=36000|soc=1|smpl_gm=0|vdroop1=0|batoilo=0|batoilo2=0|batt_vs=29300|mdis_morepower=0|thb_hda=51|cp_on_chip_0=34000|cp_on_chip_1=36000|G3D=35000|cp_on_chip_2=36000|cp_on_chip_3=33000|cp_on_chip_4=34000|rf2_therm=31000|rf1_therm=32000|ISP=34000|TPU=34000|AUR=34000|rfpa_therm=30370|quiet_therm=30904|charging_therm=32551|,ok,39000,36000,0,36000,1,batched,untouched,4096,2048,2,1,4842,0,813,0,4,4,ok
1,11,nvhe,4,1945000,578000,36000,36000,BIG=35000|MID=36000|usb_pwr_therm=29413|btmspkr_therm=29346|disp_therm=29368|north_therm=29613|soc_therm=32551|battery=29300|battery_cycle=5|dc-mains=33000|usbc-therm-adc=330|max77779fg=29300|LITTLE=35000|soc=1|smpl_gm=0|vdroop1=0|batoilo=0|batoilo2=0|batt_vs=29300|mdis_morepower=0|thb_hda=51|cp_on_chip_0=34000|cp_on_chip_1=36000|G3D=34000|cp_on_chip_2=36000|cp_on_chip_3=33000|cp_on_chip_4=34000|rf2_therm=31000|rf1_therm=32000|ISP=34000|TPU=34000|AUR=34000|rfpa_therm=30370|quiet_therm=30904|charging_therm=32551|,BIG=35000|MID=36000|usb_pwr_therm=29390|btmspkr_therm=29346|disp_therm=29368|north_therm=29613|soc_therm=32573|battery=29300|battery_cycle=5|dc-mains=33000|usbc-therm-adc=330|max77779fg=29300|LITTLE=36000|soc=1|smpl_gm=0|vdroop1=0|batoilo=0|batoilo2=0|batt_vs=29300|mdis_morepower=0|thb_hda=51|cp_on_chip_0=34000|cp_on_chip_1=36000|G3D=35000|cp_on_chip_2=36000|cp_on_chip_3=33000|cp_on_chip_4=34000|rf2_therm=31000|rf1_therm=32000|ISP=34000|TPU=34000|AUR=34000|rfpa_therm=30370|quiet_therm=30904|charging_therm=32551|,ok,39000,36000,0,36000,1,batched,untouched,4096,2048,3,1,2198,0,610,0,4,4,ok
1,11,nvhe,4,1945000,578000,36000,36000,BIG=35000|MID=36000|usb_pwr_therm=29413|btmspkr_therm=29346|disp_therm=29368|north_therm=29613|soc_therm=32551|battery=29300|battery_cycle=5|dc-mains=33000|usbc-therm-adc=330|max77779fg=29300|LITTLE=35000|soc=1|smpl_gm=0|vdroop1=0|batoilo=0|batoilo2=0|batt_vs=29300|mdis_morepower=0|thb_hda=51|cp_on_chip_0=34000|cp_on_chip_1=36000|G3D=34000|cp_on_chip_2=36000|cp_on_chip_3=33000|cp_on_chip_4=34000|rf2_therm=31000|rf1_therm=32000|ISP=34000|TPU=34000|AUR=34000|rfpa_therm=30370|quiet_therm=30904|charging_therm=32551|,BIG=35000|MID=36000|usb_pwr_therm=29390|btmspkr_therm=29346|disp_therm=29368|north_therm=29613|soc_therm=32573|battery=29300|battery_cycle=5|dc-mains=33000|usbc-therm-adc=330|max77779fg=29300|LITTLE=36000|soc=1|smpl_gm=0|vdroop1=0|batoilo=0|batoilo2=0|batt_vs=29300|mdis_morepower=0|thb_hda=51|cp_on_chip_0=34000|cp_on_chip_1=36000|G3D=35000|cp_on_chip_2=36000|cp_on_chip_3=33000|cp_on_chip_4=34000|rf2_therm=31000|rf1_therm=32000|ISP=34000|TPU=34000|AUR=34000|rfpa_therm=30370|quiet_therm=30904|charging_therm=32551|,ok,39000,36000,0,36000,1,batched,untouched,4096,2048,4,1,3173,0,570,0,4,4,ok
1,11,nvhe,4,1945000,578000,36000,36000,BIG=35000|MID=36000|usb_pwr_therm=29413|btmspkr_therm=29346|disp_therm=29368|north_therm=29613|soc_therm=32551|battery=29300|battery_cycle=5|dc-mains=33000|usbc-therm-adc=330|max77779fg=29300|LITTLE=35000|soc=1|smpl_gm=0|vdroop1=0|batoilo=0|batoilo2=0|batt_vs=29300|mdis_morepower=0|thb_hda=51|cp_on_chip_0=34000|cp_on_chip_1=36000|G3D=34000|cp_on_chip_2=36000|cp_on_chip_3=33000|cp_on_chip_4=34000|rf2_therm=31000|rf1_therm=32000|ISP=34000|TPU=34000|AUR=34000|rfpa_therm=30370|quiet_therm=30904|charging_therm=32551|,BIG=35000|MID=36000|usb_pwr_therm=29390|btmspkr_therm=29346|disp_therm=29368|north_therm=29613|soc_therm=32573|battery=29300|battery_cycle=5|dc-mains=33000|usbc-therm-adc=330|max77779fg=29300|LITTLE=36000|soc=1|smpl_gm=0|vdroop1=0|batoilo=0|batoilo2=0|batt_vs=29300|mdis_morepower=0|thb_hda=51|cp_on_chip_0=34000|cp_on_chip_1=36000|G3D=35000|cp_on_chip_2=36000|cp_on_chip_3=33000|cp_on_chip_4=34000|rf2_therm=31000|rf1_therm=32000|ISP=34000|TPU=34000|AUR=34000|rfpa_therm=30370|quiet_therm=30904|charging_therm=32551|,ok,39000,36000,0,36000,1,batched,untouched,4096,2048,5,1,2727,0,610,0,4,4,ok
1,11,nvhe,4,1945000,578000,36000,36000,BIG=35000|MID=36000|usb_pwr_therm=29413|btmspkr_therm=29346|disp_therm=29368|north_therm=29613|soc_therm=32551|battery=29300|battery_cycle=5|dc-mains=33000|usbc-therm-adc=330|max77779fg=29300|LITTLE=35000|soc=1|smpl_gm=0|vdroop1=0|batoilo=0|batoilo2=0|batt_vs=29300|mdis_morepower=0|thb_hda=51|cp_on_chip_0=34000|cp_on_chip_1=36000|G3D=34000|cp_on_chip_2=36000|cp_on_chip_3=33000|cp_on_chip_4=34000|rf2_therm=31000|rf1_therm=32000|ISP=34000|TPU=34000|AUR=34000|rfpa_therm=30370|quiet_therm=30904|charging_therm=32551|,BIG=35000|MID=36000|usb_pwr_therm=29390|btmspkr_therm=29346|disp_therm=29368|north_therm=29613|soc_therm=32573|battery=29300|battery_cycle=5|dc-mains=33000|usbc-therm-adc=330|max77779fg=29300|LITTLE=36000|soc=1|smpl_gm=0|vdroop1=0|batoilo=0|batoilo2=0|batt_vs=29300|mdis_morepower=0|thb_hda=51|cp_on_chip_0=34000|cp_on_chip_1=36000|G3D=35000|cp_on_chip_2=36000|cp_on_chip_3=33000|cp_on_chip_4=34000|rf2_therm=31000|rf1_therm=32000|ISP=34000|TPU=34000|AUR=34000|rfpa_therm=30370|quiet_therm=30904|charging_therm=32551|,ok,39000,36000,0,36000,1,batched,untouched,4096,2048,6,1,4517,0,610,0,4,4,ok
1,11,nvhe,4,1945000,578000,36000,36000,BIG=35000|MID=36000|usb_pwr_therm=29413|btmspkr_therm=29346|disp_therm=29368|north_therm=29613|soc_therm=32551|battery=29300|battery_cycle=5|dc-mains=33000|usbc-therm-adc=330|max77779fg=29300|LITTLE=35000|soc=1|smpl_gm=0|vdroop1=0|batoilo=0|batoilo2=0|batt_vs=29300|mdis_morepower=0|thb_hda=51|cp_on_chip_0=34000|cp_on_chip_1=36000|G3D=34000|cp_on_chip_2=36000|cp_on_chip_3=33000|cp_on_chip_4=34000|rf2_therm=31000|rf1_therm=32000|ISP=34000|TPU=34000|AUR=34000|rfpa_therm=30370|quiet_therm=30904|charging_therm=32551|,BIG=35000|MID=36000|usb_pwr_therm=29390|btmspkr_therm=29346|disp_therm=29368|north_therm=29613|soc_therm=32573|battery=29300|battery_cycle=5|dc-mains=33000|usbc-therm-adc=330|max77779fg=29300|LITTLE=36000|soc=1|smpl_gm=0|vdroop1=0|batoilo=0|batoilo2=0|batt_vs=29300|mdis_morepower=0|thb_hda=51|cp_on_chip_0=34000|cp_on_chip_1=36000|G3D=35000|cp_on_chip_2=36000|cp_on_chip_3=33000|cp_on_chip_4=34000|rf2_therm=31000|rf1_therm=32000|ISP=34000|TPU=34000|AUR=34000|rfpa_therm=30370|quiet_therm=30904|charging_therm=32551|,ok,39000,36000,0,36000,1,batched,untouched,4096,2048,7,1,6673,0,610,0,4,4,ok
1,11,nvhe,4,1945000,578000,36000,36000,BIG=35000|MID=36000|usb_pwr_therm=29413|btmspkr_therm=29346|disp_therm=29368|north_therm=29613|soc_therm=32551|battery=29300|battery_cycle=5|dc-mains=33000|usbc-therm-adc=330|max77779fg=29300|LITTLE=35000|soc=1|smpl_gm=0|vdroop1=0|batoilo=0|batoilo2=0|batt_vs=29300|mdis_morepower=0|thb_hda=51|cp_on_chip_0=34000|cp_on_chip_1=36000|G3D=34000|cp_on_chip_2=36000|cp_on_chip_3=33000|cp_on_chip_4=34000|rf2_therm=31000|rf1_therm=32000|ISP=34000|TPU=34000|AUR=34000|rfpa_therm=30370|quiet_therm=30904|charging_therm=32551|,BIG=35000|MID=36000|usb_pwr_therm=29390|btmspkr_therm=29346|disp_therm=29368|north_therm=29613|soc_therm=32573|battery=29300|battery_cycle=5|dc-mains=33000|usbc-therm-adc=330|max77779fg=29300|LITTLE=36000|soc=1|smpl_gm=0|vdroop1=0|batoilo=0|batoilo2=0|batt_vs=29300|mdis_morepower=0|thb_hda=51|cp_on_chip_0=34000|cp_on_chip_1=36000|G3D=35000|cp_on_chip_2=36000|cp_on_chip_3=33000|cp_on_chip_4=34000|rf2_therm=31000|rf1_therm=32000|ISP=34000|TPU=34000|AUR=34000|rfpa_therm=30370|quiet_therm=30904|charging_therm=32551|,ok,39000,36000,0,36000,1,batched,untouched,4096,2048,8,1,4314,0,570,0,4,4,ok
1,11,nvhe,4,1945000,578000,36000,36000,BIG=35000|MID=36000|usb_pwr_therm=29413|btmspkr_therm=29346|disp_therm=29368|north_therm=29613|soc_therm=32551|battery=29300|battery_cycle=5|dc-mains=33000|usbc-therm-adc=330|max77779fg=29300|LITTLE=35000|soc=1|smpl_gm=0|vdroop1=0|batoilo=0|batoilo2=0|batt_vs=29300|mdis_morepower=0|thb_hda=51|cp_on_chip_0=34000|cp_on_chip_1=36000|G3D=34000|cp_on_chip_2=36000|cp_on_chip_3=33000|cp_on_chip_4=34000|rf2_therm=31000|rf1_therm=32000|ISP=34000|TPU=34000|AUR=34000|rfpa_therm=30370|quiet_therm=30904|charging_therm=32551|,BIG=35000|MID=36000|usb_pwr_therm=29390|btmspkr_therm=29346|disp_therm=29368|north_therm=29613|soc_therm=32573|battery=29300|battery_cycle=5|dc-mains=33000|usbc-therm-adc=330|max77779fg=29300|LITTLE=36000|soc=1|smpl_gm=0|vdroop1=0|batoilo=0|batoilo2=0|batt_vs=29300|mdis_morepower=0|thb_hda=51|cp_on_chip_0=34000|cp_on_chip_1=36000|G3D=35000|cp_on_chip_2=36000|cp_on_chip_3=33000|cp_on_chip_4=34000|rf2_therm=31000|rf1_therm=32000|ISP=34000|TPU=34000|AUR=34000|rfpa_therm=30370|quiet_therm=30904|charging_therm=32551|,ok,39000,36000,0,36000,1,batched,untouched,4096,2048,9,1,5412,0,610,0,4,4,ok
1,11,nvhe,4,1945000,578000,36000,36000,BIG=35000|MID=36000|usb_pwr_therm=29413|btmspkr_therm=29346|disp_therm=29368|north_therm=29613|soc_therm=32551|battery=29300|battery_cycle=5|dc-mains=33000|usbc-therm-adc=330|max77779fg=29300|LITTLE=35000|soc=1|smpl_gm=0|vdroop1=0|batoilo=0|batoilo2=0|batt_vs=29300|mdis_morepower=0|thb_hda=51|cp_on_chip_0=34000|cp_on_chip_1=36000|G3D=34000|cp_on_chip_2=36000|cp_on_chip_3=33000|cp_on_chip_4=34000|rf2_therm=31000|rf1_therm=32000|ISP=34000|TPU=34000|AUR=34000|rfpa_therm=30370|quiet_therm=30904|charging_therm=32551|,BIG=35000|MID=36000|usb_pwr_therm=29390|btmspkr_therm=29346|disp_therm=29368|north_therm=29613|soc_therm=32573|battery=29300|battery_cycle=5|dc-mains=33000|usbc-therm-adc=330|max77779fg=29300|LITTLE=36000|soc=1|smpl_gm=0|vdroop1=0|batoilo=0|batoilo2=0|batt_vs=29300|mdis_morepower=0|thb_hda=51|cp_on_chip_0=34000|cp_on_chip_1=36000|G3D=35000|cp_on_chip_2=36000|cp_on_chip_3=33000|cp_on_chip_4=34000|rf2_therm=31000|rf1_therm=32000|ISP=34000|TPU=34000|AUR=34000|rfpa_therm=30370|quiet_therm=30904|charging_therm=32551|,ok,39000,36000,0,36000,1,batched,untouched,4096,2048,10,1,2197,0,610,0,4,4,ok
1,11,nvhe,4,1945000,578000,36000,36000,BIG=35000|MID=36000|usb_pwr_therm=29413|btmspkr_therm=29346|disp_therm=29368|north_therm=29613|soc_therm=32551|battery=29300|battery_cycle=5|dc-mains=33000|usbc-therm-adc=330|max77779fg=29300|LITTLE=35000|soc=1|smpl_gm=0|vdroop1=0|batoilo=0|batoilo2=0|batt_vs=29300|mdis_morepower=0|thb_hda=51|cp_on_chip_0=34000|cp_on_chip_1=36000|G3D=34000|cp_on_chip_2=36000|cp_on_chip_3=33000|cp_on_chip_4=34000|rf2_therm=31000|rf1_therm=32000|ISP=34000|TPU=34000|AUR=34000|rfpa_therm=30370|quiet_therm=30904|charging_therm=32551|,BIG=35000|MID=36000|usb_pwr_therm=29390|btmspkr_therm=29346|disp_therm=29368|north_therm=29613|soc_therm=32573|battery=29300|battery_cycle=5|dc-mains=33000|usbc-therm-adc=330|max77779fg=29300|LITTLE=36000|soc=1|smpl_gm=0|vdroop1=0|batoilo=0|batoilo2=0|batt_vs=29300|mdis_morepower=0|thb_hda=51|cp_on_chip_0=34000|cp_on_chip_1=36000|G3D=35000|cp_on_chip_2=36000|cp_on_chip_3=33000|cp_on_chip_4=34000|rf2_therm=31000|rf1_therm=32000|ISP=34000|TPU=34000|AUR=34000|rfpa_therm=30370|quiet_therm=30904|charging_therm=32551|,ok,39000,36000,0,36000,1,batched,untouched,4096,2048,11,1,4639,0,610,0,4,4,ok
1,11,nvhe,4,1945000,578000,36000,36000,BIG=35000|MID=36000|usb_pwr_therm=29413|btmspkr_therm=29346|disp_therm=29368|north_therm=29613|soc_therm=32551|battery=29300|battery_cycle=5|dc-mains=33000|usbc-therm-adc=330|max77779fg=29300|LITTLE=35000|soc=1|smpl_gm=0|vdroop1=0|batoilo=0|batoilo2=0|batt_vs=29300|mdis_morepower=0|thb_hda=51|cp_on_chip_0=34000|cp_on_chip_1=36000|G3D=34000|cp_on_chip_2=36000|cp_on_chip_3=33000|cp_on_chip_4=34000|rf2_therm=31000|rf1_therm=32000|ISP=34000|TPU=34000|AUR=34000|rfpa_therm=30370|quiet_therm=30904|charging_therm=32551|,BIG=35000|MID=36000|usb_pwr_therm=29390|btmspkr_therm=29346|disp_therm=29368|north_therm=29613|soc_therm=32573|battery=29300|battery_cycle=5|dc-mains=33000|usbc-therm-adc=330|max77779fg=29300|LITTLE=36000|soc=1|smpl_gm=0|vdroop1=0|batoilo=0|batoilo2=0|batt_vs=29300|mdis_morepower=0|thb_hda=51|cp_on_chip_0=34000|cp_on_chip_1=36000|G3D=35000|cp_on_chip_2=36000|cp_on_chip_3=33000|cp_on_chip_4=34000|rf2_therm=31000|rf1_therm=32000|ISP=34000|TPU=34000|AUR=34000|rfpa_therm=30370|quiet_therm=30904|charging_therm=32551|,ok,39000,36000,0,36000,1,batched,untouched,4096,2048,12,1,5167,0,570,0,4,4,ok
1,11,nvhe,4,1945000,578000,36000,36000,BIG=35000|MID=36000|usb_pwr_therm=29413|btmspkr_therm=29346|disp_therm=29368|north_therm=29613|soc_therm=32551|battery=29300|battery_cycle=5|dc-mains=33000|usbc-therm-adc=330|max77779fg=29300|LITTLE=35000|soc=1|smpl_gm=0|vdroop1=0|batoilo=0|batoilo2=0|batt_vs=29300|mdis_morepower=0|thb_hda=51|cp_on_chip_0=34000|cp_on_chip_1=36000|G3D=34000|cp_on_chip_2=36000|cp_on_chip_3=33000|cp_on_chip_4=34000|rf2_therm=31000|rf1_therm=32000|ISP=34000|TPU=34000|AUR=34000|rfpa_therm=30370|quiet_therm=30904|charging_therm=32551|,BIG=35000|MID=36000|usb_pwr_therm=29390|btmspkr_therm=29346|disp_therm=29368|north_therm=29613|soc_therm=32573|battery=29300|battery_cycle=5|dc-mains=33000|usbc-therm-adc=330|max77779fg=29300|LITTLE=36000|soc=1|smpl_gm=0|vdroop1=0|batoilo=0|batoilo2=0|batt_vs=29300|mdis_morepower=0|thb_hda=51|cp_on_chip_0=34000|cp_on_chip_1=36000|G3D=35000|cp_on_chip_2=36000|cp_on_chip_3=33000|cp_on_chip_4=34000|rf2_therm=31000|rf1_therm=32000|ISP=34000|TPU=34000|AUR=34000|rfpa_therm=30370|quiet_therm=30904|charging_therm=32551|,ok,39000,36000,0,36000,1,batched,untouched,4096,2048,13,1,7080,0,610,0,4,4,ok
1,11,nvhe,4,1945000,578000,36000,36000,BIG=35000|MID=36000|usb_pwr_therm=29413|btmspkr_therm=29346|disp_therm=29368|north_therm=29613|soc_therm=32551|battery=29300|battery_cycle=5|dc-mains=33000|usbc-therm-adc=330|max77779fg=29300|LITTLE=35000|soc=1|smpl_gm=0|vdroop1=0|batoilo=0|batoilo2=0|batt_vs=29300|mdis_morepower=0|thb_hda=51|cp_on_chip_0=34000|cp_on_chip_1=36000|G3D=34000|cp_on_chip_2=36000|cp_on_chip_3=33000|cp_on_chip_4=34000|rf2_therm=31000|rf1_therm=32000|ISP=34000|TPU=34000|AUR=34000|rfpa_therm=30370|quiet_therm=30904|charging_therm=32551|,BIG=35000|MID=36000|usb_pwr_therm=29390|btmspkr_therm=29346|disp_therm=29368|north_therm=29613|soc_therm=32573|battery=29300|battery_cycle=5|dc-mains=33000|usbc-therm-adc=330|max77779fg=29300|LITTLE=36000|soc=1|smpl_gm=0|vdroop1=0|batoilo=0|batoilo2=0|batt_vs=29300|mdis_morepower=0|thb_hda=51|cp_on_chip_0=34000|cp_on_chip_1=36000|G3D=35000|cp_on_chip_2=36000|cp_on_chip_3=33000|cp_on_chip_4=34000|rf2_therm=31000|rf1_therm=32000|ISP=34000|TPU=34000|AUR=34000|rfpa_therm=30370|quiet_therm=30904|charging_therm=32551|,ok,39000,36000,0,36000,1,batched,untouched,4096,2048,14,1,5412,0,611,0,4,4,ok
1,11,nvhe,4,1945000,578000,36000,36000,BIG=35000|MID=36000|usb_pwr_therm=29413|btmspkr_therm=29346|disp_therm=29368|north_therm=29613|soc_therm=32551|battery=29300|battery_cycle=5|dc-mains=33000|usbc-therm-adc=330|max77779fg=29300|LITTLE=35000|soc=1|smpl_gm=0|vdroop1=0|batoilo=0|batoilo2=0|batt_vs=29300|mdis_morepower=0|thb_hda=51|cp_on_chip_0=34000|cp_on_chip_1=36000|G3D=34000|cp_on_chip_2=36000|cp_on_chip_3=33000|cp_on_chip_4=34000|rf2_therm=31000|rf1_therm=32000|ISP=34000|TPU=34000|AUR=34000|rfpa_therm=30370|quiet_therm=30904|charging_therm=32551|,BIG=35000|MID=36000|usb_pwr_therm=29390|btmspkr_therm=29346|disp_therm=29368|north_therm=29613|soc_therm=32573|battery=29300|battery_cycle=5|dc-mains=33000|usbc-therm-adc=330|max77779fg=29300|LITTLE=36000|soc=1|smpl_gm=0|vdroop1=0|batoilo=0|batoilo2=0|batt_vs=29300|mdis_morepower=0|thb_hda=51|cp_on_chip_0=34000|cp_on_chip_1=36000|G3D=35000|cp_on_chip_2=36000|cp_on_chip_3=33000|cp_on_chip_4=34000|rf2_therm=31000|rf1_therm=32000|ISP=34000|TPU=34000|AUR=34000|rfpa_therm=30370|quiet_therm=30904|charging_therm=32551|,ok,39000,36000,0,36000,1,batched,untouched,4096,2048,15,1,5249,0,610,0,4,4,ok
1,11,nvhe,4,1945000,578000,36000,36000,BIG=35000|MID=36000|usb_pwr_therm=29413|btmspkr_therm=29346|disp_therm=29368|north_therm=29613|soc_therm=32551|battery=29300|battery_cycle=5|dc-mains=33000|usbc-therm-adc=330|max77779fg=29300|LITTLE=35000|soc=1|smpl_gm=0|vdroop1=0|batoilo=0|batoilo2=0|batt_vs=29300|mdis_morepower=0|thb_hda=51|cp_on_chip_0=34000|cp_on_chip_1=36000|G3D=34000|cp_on_chip_2=36000|cp_on_chip_3=33000|cp_on_chip_4=34000|rf2_therm=31000|rf1_therm=32000|ISP=34000|TPU=34000|AUR=34000|rfpa_therm=30370|quiet_therm=30904|charging_therm=32551|,BIG=35000|MID=36000|usb_pwr_therm=29390|btmspkr_therm=29346|disp_therm=29368|north_therm=29613|soc_therm=32573|battery=29300|battery_cycle=5|dc-mains=33000|usbc-therm-adc=330|max77779fg=29300|LITTLE=36000|soc=1|smpl_gm=0|vdroop1=0|batoilo=0|batoilo2=0|batt_vs=29300|mdis_morepower=0|thb_hda=51|cp_on_chip_0=34000|cp_on_chip_1=36000|G3D=35000|cp_on_chip_2=36000|cp_on_chip_3=33000|cp_on_chip_4=34000|rf2_therm=31000|rf1_therm=32000|ISP=34000|TPU=34000|AUR=34000|rfpa_therm=30370|quiet_therm=30904|charging_therm=32551|,ok,39000,36000,0,36000,1,batched,untouched,4096,2048,16,1,4476,0,610,0,4,4,ok
1,11,nvhe,4,1945000,578000,36000,36000,BIG=35000|MID=36000|usb_pwr_therm=29413|btmspkr_therm=29346|disp_therm=29368|north_therm=29613|soc_therm=32551|battery=29300|battery_cycle=5|dc-mains=33000|usbc-therm-adc=330|max77779fg=29300|LITTLE=35000|soc=1|smpl_gm=0|vdroop1=0|batoilo=0|batoilo2=0|batt_vs=29300|mdis_morepower=0|thb_hda=51|cp_on_chip_0=34000|cp_on_chip_1=36000|G3D=34000|cp_on_chip_2=36000|cp_on_chip_3=33000|cp_on_chip_4=34000|rf2_therm=31000|rf1_therm=32000|ISP=34000|TPU=34000|AUR=34000|rfpa_therm=30370|quiet_therm=30904|charging_therm=32551|,BIG=35000|MID=36000|usb_pwr_therm=29390|btmspkr_therm=29346|disp_therm=29368|north_therm=29613|soc_therm=32573|battery=29300|battery_cycle=5|dc-mains=33000|usbc-therm-adc=330|max77779fg=29300|LITTLE=36000|soc=1|smpl_gm=0|vdroop1=0|batoilo=0|batoilo2=0|batt_vs=29300|mdis_morepower=0|thb_hda=51|cp_on_chip_0=34000|cp_on_chip_1=36000|G3D=35000|cp_on_chip_2=36000|cp_on_chip_3=33000|cp_on_chip_4=34000|rf2_therm=31000|rf1_therm=32000|ISP=34000|TPU=34000|AUR=34000|rfpa_therm=30370|quiet_therm=30904|charging_therm=32551|,ok,39000,36000,0,36000,1,batched,untouched,4096,2048,17,1,5371,0,610,0,4,4,ok
1,11,nvhe,4,1945000,578000,36000,36000,BIG=35000|MID=36000|usb_pwr_therm=29413|btmspkr_therm=29346|disp_therm=29368|north_therm=29613|soc_therm=32551|battery=29300|battery_cycle=5|dc-mains=33000|usbc-therm-adc=330|max77779fg=29300|LITTLE=35000|soc=1|smpl_gm=0|vdroop1=0|batoilo=0|batoilo2=0|batt_vs=29300|mdis_morepower=0|thb_hda=51|cp_on_chip_0=34000|cp_on_chip_1=36000|G3D=34000|cp_on_chip_2=36000|cp_on_chip_3=33000|cp_on_chip_4=34000|rf2_therm=31000|rf1_therm=32000|ISP=34000|TPU=34000|AUR=34000|rfpa_therm=30370|quiet_therm=30904|charging_therm=32551|,BIG=35000|MID=36000|usb_pwr_therm=29390|btmspkr_therm=29346|disp_therm=29368|north_therm=29613|soc_therm=32573|battery=29300|battery_cycle=5|dc-mains=33000|usbc-therm-adc=330|max77779fg=29300|LITTLE=36000|soc=1|smpl_gm=0|vdroop1=0|batoilo=0|batoilo2=0|batt_vs=29300|mdis_morepower=0|thb_hda=51|cp_on_chip_0=34000|cp_on_chip_1=36000|G3D=35000|cp_on_chip_2=36000|cp_on_chip_3=33000|cp_on_chip_4=34000|rf2_therm=31000|rf1_therm=32000|ISP=34000|TPU=34000|AUR=34000|rfpa_therm=30370|quiet_therm=30904|charging_therm=32551|,ok,39000,36000,0,36000,1,batched,untouched,4096,2048,18,1,5168,0,611,0,4,4,ok
1,11,nvhe,4,1945000,578000,36000,36000,BIG=35000|MID=36000|usb_pwr_therm=29413|btmspkr_therm=29346|disp_therm=29368|north_therm=29613|soc_therm=32551|battery=29300|battery_cycle=5|dc-mains=33000|usbc-therm-adc=330|max77779fg=29300|LITTLE=35000|soc=1|smpl_gm=0|vdroop1=0|batoilo=0|batoilo2=0|batt_vs=29300|mdis_morepower=0|thb_hda=51|cp_on_chip_0=34000|cp_on_chip_1=36000|G3D=34000|cp_on_chip_2=36000|cp_on_chip_3=33000|cp_on_chip_4=34000|rf2_therm=31000|rf1_therm=32000|ISP=34000|TPU=34000|AUR=34000|rfpa_therm=30370|quiet_therm=30904|charging_therm=32551|,BIG=35000|MID=36000|usb_pwr_therm=29390|btmspkr_therm=29346|disp_therm=29368|north_therm=29613|soc_therm=32573|battery=29300|battery_cycle=5|dc-mains=33000|usbc-therm-adc=330|max77779fg=29300|LITTLE=36000|soc=1|smpl_gm=0|vdroop1=0|batoilo=0|batoilo2=0|batt_vs=29300|mdis_morepower=0|thb_hda=51|cp_on_chip_0=34000|cp_on_chip_1=36000|G3D=35000|cp_on_chip_2=36000|cp_on_chip_3=33000|cp_on_chip_4=34000|rf2_therm=31000|rf1_therm=32000|ISP=34000|TPU=34000|AUR=34000|rfpa_therm=30370|quiet_therm=30904|charging_therm=32551|,ok,39000,36000,0,36000,1,batched,untouched,4096,2048,19,1,13224,0,610,0,4,4,ok
1,11,nvhe,4,1945000,578000,36000,36000,BIG=35000|MID=36000|usb_pwr_therm=29413|btmspkr_therm=29346|disp_therm=29368|north_therm=29613|soc_therm=32551|battery=29300|battery_cycle=5|dc-mains=33000|usbc-therm-adc=330|max77779fg=29300|LITTLE=35000|soc=1|smpl_gm=0|vdroop1=0|batoilo=0|batoilo2=0|batt_vs=29300|mdis_morepower=0|thb_hda=51|cp_on_chip_0=34000|cp_on_chip_1=36000|G3D=34000|cp_on_chip_2=36000|cp_on_chip_3=33000|cp_on_chip_4=34000|rf2_therm=31000|rf1_therm=32000|ISP=34000|TPU=34000|AUR=34000|rfpa_therm=30370|quiet_therm=30904|charging_therm=32551|,BIG=35000|MID=36000|usb_pwr_therm=29390|btmspkr_therm=29346|disp_therm=29368|north_therm=29613|soc_therm=32573|battery=29300|battery_cycle=5|dc-mains=33000|usbc-therm-adc=330|max77779fg=29300|LITTLE=36000|soc=1|smpl_gm=0|vdroop1=0|batoilo=0|batoilo2=0|batt_vs=29300|mdis_morepower=0|thb_hda=51|cp_on_chip_0=34000|cp_on_chip_1=36000|G3D=35000|cp_on_chip_2=36000|cp_on_chip_3=33000|cp_on_chip_4=34000|rf2_therm=31000|rf1_therm=32000|ISP=34000|TPU=34000|AUR=34000|rfpa_therm=30370|quiet_therm=30904|charging_therm=32551|,ok,39000,36000,0,36000,1,batched,untouched,4096,2048,20,1,6592,0,570,0,4,4,ok
1,11,nvhe,4,1945000,578000,36000,36000,BIG=35000|MID=36000|usb_pwr_therm=29413|btmspkr_therm=29346|disp_therm=29368|north_therm=29613|soc_therm=32551|battery=29300|battery_cycle=5|dc-mains=33000|usbc-therm-adc=330|max77779fg=29300|LITTLE=35000|soc=1|smpl_gm=0|vdroop1=0|batoilo=0|batoilo2=0|batt_vs=29300|mdis_morepower=0|thb_hda=51|cp_on_chip_0=34000|cp_on_chip_1=36000|G3D=34000|cp_on_chip_2=36000|cp_on_chip_3=33000|cp_on_chip_4=34000|rf2_therm=31000|rf1_therm=32000|ISP=34000|TPU=34000|AUR=34000|rfpa_therm=30370|quiet_therm=30904|charging_therm=32551|,BIG=35000|MID=36000|usb_pwr_therm=29390|btmspkr_therm=29346|disp_therm=29368|north_therm=29613|soc_therm=32573|battery=29300|battery_cycle=5|dc-mains=33000|usbc-therm-adc=330|max77779fg=29300|LITTLE=36000|soc=1|smpl_gm=0|vdroop1=0|batoilo=0|batoilo2=0|batt_vs=29300|mdis_morepower=0|thb_hda=51|cp_on_chip_0=34000|cp_on_chip_1=36000|G3D=35000|cp_on_chip_2=36000|cp_on_chip_3=33000|cp_on_chip_4=34000|rf2_therm=31000|rf1_therm=32000|ISP=34000|TPU=34000|AUR=34000|rfpa_therm=30370|quiet_therm=30904|charging_therm=32551|,ok,39000,36000,0,36000,1,batched,untouched,4096,2048,21,1,4720,0,570,0,4,4,ok
1,11,nvhe,4,1945000,578000,36000,36000,BIG=35000|MID=36000|usb_pwr_therm=29413|btmspkr_therm=29346|disp_therm=29368|north_therm=29613|soc_therm=32551|battery=29300|battery_cycle=5|dc-mains=33000|usbc-therm-adc=330|max77779fg=29300|LITTLE=35000|soc=1|smpl_gm=0|vdroop1=0|batoilo=0|batoilo2=0|batt_vs=29300|mdis_morepower=0|thb_hda=51|cp_on_chip_0=34000|cp_on_chip_1=36000|G3D=34000|cp_on_chip_2=36000|cp_on_chip_3=33000|cp_on_chip_4=34000|rf2_therm=31000|rf1_therm=32000|ISP=34000|TPU=34000|AUR=34000|rfpa_therm=30370|quiet_therm=30904|charging_therm=32551|,BIG=35000|MID=36000|usb_pwr_therm=29390|btmspkr_therm=29346|disp_therm=29368|north_therm=29613|soc_therm=32573|battery=29300|battery_cycle=5|dc-mains=33000|usbc-therm-adc=330|max77779fg=29300|LITTLE=36000|soc=1|smpl_gm=0|vdroop1=0|batoilo=0|batoilo2=0|batt_vs=29300|mdis_morepower=0|thb_hda=51|cp_on_chip_0=34000|cp_on_chip_1=36000|G3D=35000|cp_on_chip_2=36000|cp_on_chip_3=33000|cp_on_chip_4=34000|rf2_therm=31000|rf1_therm=32000|ISP=34000|TPU=34000|AUR=34000|rfpa_therm=30370|quiet_therm=30904|charging_therm=32551|,ok,39000,36000,0,36000,1,batched,untouched,4096,2048,22,1,4435,0,569,0,4,4,ok
1,11,nvhe,4,1945000,578000,36000,36000,BIG=35000|MID=36000|usb_pwr_therm=29413|btmspkr_therm=29346|disp_therm=29368|north_therm=29613|soc_therm=32551|battery=29300|battery_cycle=5|dc-mains=33000|usbc-therm-adc=330|max77779fg=29300|LITTLE=35000|soc=1|smpl_gm=0|vdroop1=0|batoilo=0|batoilo2=0|batt_vs=29300|mdis_morepower=0|thb_hda=51|cp_on_chip_0=34000|cp_on_chip_1=36000|G3D=34000|cp_on_chip_2=36000|cp_on_chip_3=33000|cp_on_chip_4=34000|rf2_therm=31000|rf1_therm=32000|ISP=34000|TPU=34000|AUR=34000|rfpa_therm=30370|quiet_therm=30904|charging_therm=32551|,BIG=35000|MID=36000|usb_pwr_therm=29390|btmspkr_therm=29346|disp_therm=29368|north_therm=29613|soc_therm=32573|battery=29300|battery_cycle=5|dc-mains=33000|usbc-therm-adc=330|max77779fg=29300|LITTLE=36000|soc=1|smpl_gm=0|vdroop1=0|batoilo=0|batoilo2=0|batt_vs=29300|mdis_morepower=0|thb_hda=51|cp_on_chip_0=34000|cp_on_chip_1=36000|G3D=35000|cp_on_chip_2=36000|cp_on_chip_3=33000|cp_on_chip_4=34000|rf2_therm=31000|rf1_therm=32000|ISP=34000|TPU=34000|AUR=34000|rfpa_therm=30370|quiet_therm=30904|charging_therm=32551|,ok,39000,36000,0,36000,1,batched,untouched,4096,2048,23,1,4761,0,610,0,4,4,ok
1,11,nvhe,4,1945000,578000,36000,36000,BIG=35000|MID=36000|usb_pwr_therm=29413|btmspkr_therm=29346|disp_therm=29368|north_therm=29613|soc_therm=32551|battery=29300|battery_cycle=5|dc-mains=33000|usbc-therm-adc=330|max77779fg=29300|LITTLE=35000|soc=1|smpl_gm=0|vdroop1=0|batoilo=0|batoilo2=0|batt_vs=29300|mdis_morepower=0|thb_hda=51|cp_on_chip_0=34000|cp_on_chip_1=36000|G3D=34000|cp_on_chip_2=36000|cp_on_chip_3=33000|cp_on_chip_4=34000|rf2_therm=31000|rf1_therm=32000|ISP=34000|TPU=34000|AUR=34000|rfpa_therm=30370|quiet_therm=30904|charging_therm=32551|,BIG=35000|MID=36000|usb_pwr_therm=29390|btmspkr_therm=29346|disp_therm=29368|north_therm=29613|soc_therm=32573|battery=29300|battery_cycle=5|dc-mains=33000|usbc-therm-adc=330|max77779fg=29300|LITTLE=36000|soc=1|smpl_gm=0|vdroop1=0|batoilo=0|batoilo2=0|batt_vs=29300|mdis_morepower=0|thb_hda=51|cp_on_chip_0=34000|cp_on_chip_1=36000|G3D=35000|cp_on_chip_2=36000|cp_on_chip_3=33000|cp_on_chip_4=34000|rf2_therm=31000|rf1_therm=32000|ISP=34000|TPU=34000|AUR=34000|rfpa_therm=30370|quiet_therm=30904|charging_therm=32551|,ok,39000,36000,0,36000,1,batched,untouched,4096,2048,24,1,4924,0,610,0,4,4,ok
1,11,nvhe,4,1945000,578000,36000,36000,BIG=35000|MID=36000|usb_pwr_therm=29413|btmspkr_therm=29346|disp_therm=29368|north_therm=29613|soc_therm=32551|battery=29300|battery_cycle=5|dc-mains=33000|usbc-therm-adc=330|max77779fg=29300|LITTLE=35000|soc=1|smpl_gm=0|vdroop1=0|batoilo=0|batoilo2=0|batt_vs=29300|mdis_morepower=0|thb_hda=51|cp_on_chip_0=34000|cp_on_chip_1=36000|G3D=34000|cp_on_chip_2=36000|cp_on_chip_3=33000|cp_on_chip_4=34000|rf2_therm=31000|rf1_therm=32000|ISP=34000|TPU=34000|AUR=34000|rfpa_therm=30370|quiet_therm=30904|charging_therm=32551|,BIG=35000|MID=36000|usb_pwr_therm=29390|btmspkr_therm=29346|disp_therm=29368|north_therm=29613|soc_therm=32573|battery=29300|battery_cycle=5|dc-mains=33000|usbc-therm-adc=330|max77779fg=29300|LITTLE=36000|soc=1|smpl_gm=0|vdroop1=0|batoilo=0|batoilo2=0|batt_vs=29300|mdis_morepower=0|thb_hda=51|cp_on_chip_0=34000|cp_on_chip_1=36000|G3D=35000|cp_on_chip_2=36000|cp_on_chip_3=33000|cp_on_chip_4=34000|rf2_therm=31000|rf1_therm=32000|ISP=34000|TPU=34000|AUR=34000|rfpa_therm=30370|quiet_therm=30904|charging_therm=32551|,ok,39000,36000,0,36000,1,batched,untouched,4096,2048,25,1,5209,0,610,0,4,4,ok
1,11,nvhe,4,1945000,578000,36000,36000,BIG=35000|MID=36000|usb_pwr_therm=29413|btmspkr_therm=29346|disp_therm=29368|north_therm=29613|soc_therm=32551|battery=29300|battery_cycle=5|dc-mains=33000|usbc-therm-adc=330|max77779fg=29300|LITTLE=35000|soc=1|smpl_gm=0|vdroop1=0|batoilo=0|batoilo2=0|batt_vs=29300|mdis_morepower=0|thb_hda=51|cp_on_chip_0=34000|cp_on_chip_1=36000|G3D=34000|cp_on_chip_2=36000|cp_on_chip_3=33000|cp_on_chip_4=34000|rf2_therm=31000|rf1_therm=32000|ISP=34000|TPU=34000|AUR=34000|rfpa_therm=30370|quiet_therm=30904|charging_therm=32551|,BIG=35000|MID=36000|usb_pwr_therm=29390|btmspkr_therm=29346|disp_therm=29368|north_therm=29613|soc_therm=32573|battery=29300|battery_cycle=5|dc-mains=33000|usbc-therm-adc=330|max77779fg=29300|LITTLE=36000|soc=1|smpl_gm=0|vdroop1=0|batoilo=0|batoilo2=0|batt_vs=29300|mdis_morepower=0|thb_hda=51|cp_on_chip_0=34000|cp_on_chip_1=36000|G3D=35000|cp_on_chip_2=36000|cp_on_chip_3=33000|cp_on_chip_4=34000|rf2_therm=31000|rf1_therm=32000|ISP=34000|TPU=34000|AUR=34000|rfpa_therm=30370|quiet_therm=30904|charging_therm=32551|,ok,39000,36000,0,36000,1,batched,untouched,4096,2048,26,1,6877,0,611,0,4,4,ok
1,11,nvhe,4,1945000,578000,36000,36000,BIG=35000|MID=36000|usb_pwr_therm=29413|btmspkr_therm=29346|disp_therm=29368|north_therm=29613|soc_therm=32551|battery=29300|battery_cycle=5|dc-mains=33000|usbc-therm-adc=330|max77779fg=29300|LITTLE=35000|soc=1|smpl_gm=0|vdroop1=0|batoilo=0|batoilo2=0|batt_vs=29300|mdis_morepower=0|thb_hda=51|cp_on_chip_0=34000|cp_on_chip_1=36000|G3D=34000|cp_on_chip_2=36000|cp_on_chip_3=33000|cp_on_chip_4=34000|rf2_therm=31000|rf1_therm=32000|ISP=34000|TPU=34000|AUR=34000|rfpa_therm=30370|quiet_therm=30904|charging_therm=32551|,BIG=35000|MID=36000|usb_pwr_therm=29390|btmspkr_therm=29346|disp_therm=29368|north_therm=29613|soc_therm=32573|battery=29300|battery_cycle=5|dc-mains=33000|usbc-therm-adc=330|max77779fg=29300|LITTLE=36000|soc=1|smpl_gm=0|vdroop1=0|batoilo=0|batoilo2=0|batt_vs=29300|mdis_morepower=0|thb_hda=51|cp_on_chip_0=34000|cp_on_chip_1=36000|G3D=35000|cp_on_chip_2=36000|cp_on_chip_3=33000|cp_on_chip_4=34000|rf2_therm=31000|rf1_therm=32000|ISP=34000|TPU=34000|AUR=34000|rfpa_therm=30370|quiet_therm=30904|charging_therm=32551|,ok,39000,36000,0,36000,1,batched,untouched,4096,2048,27,1,7202,0,651,0,4,4,ok
1,11,nvhe,4,1945000,578000,36000,36000,BIG=35000|MID=36000|usb_pwr_therm=29413|btmspkr_therm=29346|disp_therm=29368|north_therm=29613|soc_therm=32551|battery=29300|battery_cycle=5|dc-mains=33000|usbc-therm-adc=330|max77779fg=29300|LITTLE=35000|soc=1|smpl_gm=0|vdroop1=0|batoilo=0|batoilo2=0|batt_vs=29300|mdis_morepower=0|thb_hda=51|cp_on_chip_0=34000|cp_on_chip_1=36000|G3D=34000|cp_on_chip_2=36000|cp_on_chip_3=33000|cp_on_chip_4=34000|rf2_therm=31000|rf1_therm=32000|ISP=34000|TPU=34000|AUR=34000|rfpa_therm=30370|quiet_therm=30904|charging_therm=32551|,BIG=35000|MID=36000|usb_pwr_therm=29390|btmspkr_therm=29346|disp_therm=29368|north_therm=29613|soc_therm=32573|battery=29300|battery_cycle=5|dc-mains=33000|usbc-therm-adc=330|max77779fg=29300|LITTLE=36000|soc=1|smpl_gm=0|vdroop1=0|batoilo=0|batoilo2=0|batt_vs=29300|mdis_morepower=0|thb_hda=51|cp_on_chip_0=34000|cp_on_chip_1=36000|G3D=35000|cp_on_chip_2=36000|cp_on_chip_3=33000|cp_on_chip_4=34000|rf2_therm=31000|rf1_therm=32000|ISP=34000|TPU=34000|AUR=34000|rfpa_therm=30370|quiet_therm=30904|charging_therm=32551|,ok,39000,36000,0,36000,1,batched,untouched,4096,2048,28,1,4191,0,610,0,4,4,ok
1,11,nvhe,4,1945000,578000,36000,36000,BIG=35000|MID=36000|usb_pwr_therm=29413|btmspkr_therm=29346|disp_therm=29368|north_therm=29613|soc_therm=32551|battery=29300|battery_cycle=5|dc-mains=33000|usbc-therm-adc=330|max77779fg=29300|LITTLE=35000|soc=1|smpl_gm=0|vdroop1=0|batoilo=0|batoilo2=0|batt_vs=29300|mdis_morepower=0|thb_hda=51|cp_on_chip_0=34000|cp_on_chip_1=36000|G3D=34000|cp_on_chip_2=36000|cp_on_chip_3=33000|cp_on_chip_4=34000|rf2_therm=31000|rf1_therm=32000|ISP=34000|TPU=34000|AUR=34000|rfpa_therm=30370|quiet_therm=30904|charging_therm=32551|,BIG=35000|MID=36000|usb_pwr_therm=29390|btmspkr_therm=29346|disp_therm=29368|north_therm=29613|soc_therm=32573|battery=29300|battery_cycle=5|dc-mains=33000|usbc-therm-adc=330|max77779fg=29300|LITTLE=36000|soc=1|smpl_gm=0|vdroop1=0|batoilo=0|batoilo2=0|batt_vs=29300|mdis_morepower=0|thb_hda=51|cp_on_chip_0=34000|cp_on_chip_1=36000|G3D=35000|cp_on_chip_2=36000|cp_on_chip_3=33000|cp_on_chip_4=34000|rf2_therm=31000|rf1_therm=32000|ISP=34000|TPU=34000|AUR=34000|rfpa_therm=30370|quiet_therm=30904|charging_therm=32551|,ok,39000,36000,0,36000,1,batched,untouched,4096,2048,29,1,9236,0,570,0,4,4,ok
1,12,nvhe,4,1065000,1795000,38000,37000,BIG=35000|MID=35000|usb_pwr_therm=29390|btmspkr_therm=29346|disp_therm=29368|north_therm=29613|soc_therm=32618|battery=29300|battery_cycle=5|dc-mains=33000|usbc-therm-adc=330|max77779fg=29300|LITTLE=35000|soc=1|smpl_gm=0|vdroop1=0|batoilo=0|batoilo2=0|batt_vs=29300|mdis_morepower=0|thb_hda=51|cp_on_chip_0=34000|cp_on_chip_1=36000|G3D=34000|cp_on_chip_2=36000|cp_on_chip_3=33000|cp_on_chip_4=34000|rf2_therm=31000|rf1_therm=32000|ISP=33000|TPU=34000|AUR=34000|rfpa_therm=30370|quiet_therm=30926|charging_therm=32573|,BIG=36000|MID=36000|usb_pwr_therm=29390|btmspkr_therm=29346|disp_therm=29368|north_therm=29613|soc_therm=32618|battery=29300|battery_cycle=5|dc-mains=33000|usbc-therm-adc=330|max77779fg=29300|LITTLE=35000|soc=1|smpl_gm=0|vdroop1=0|batoilo=0|batoilo2=0|batt_vs=29300|mdis_morepower=0|thb_hda=51|cp_on_chip_0=34000|cp_on_chip_1=36000|G3D=34000|cp_on_chip_2=36000|cp_on_chip_3=33000|cp_on_chip_4=34000|rf2_therm=31000|rf1_therm=32000|ISP=34000|TPU=34000|AUR=34000|rfpa_therm=30392|quiet_therm=30949|charging_therm=32596|,ok,39000,36000,0,36000,1,single,touched,4096,2048,0,2048,3545735,2048,2755615,0,4,4,ok
1,12,nvhe,4,1065000,1795000,38000,37000,BIG=35000|MID=35000|usb_pwr_therm=29390|btmspkr_therm=29346|disp_therm=29368|north_therm=29613|soc_therm=32618|battery=29300|battery_cycle=5|dc-mains=33000|usbc-therm-adc=330|max77779fg=29300|LITTLE=35000|soc=1|smpl_gm=0|vdroop1=0|batoilo=0|batoilo2=0|batt_vs=29300|mdis_morepower=0|thb_hda=51|cp_on_chip_0=34000|cp_on_chip_1=36000|G3D=34000|cp_on_chip_2=36000|cp_on_chip_3=33000|cp_on_chip_4=34000|rf2_therm=31000|rf1_therm=32000|ISP=33000|TPU=34000|AUR=34000|rfpa_therm=30370|quiet_therm=30926|charging_therm=32573|,BIG=36000|MID=36000|usb_pwr_therm=29390|btmspkr_therm=29346|disp_therm=29368|north_therm=29613|soc_therm=32618|battery=29300|battery_cycle=5|dc-mains=33000|usbc-therm-adc=330|max77779fg=29300|LITTLE=35000|soc=1|smpl_gm=0|vdroop1=0|batoilo=0|batoilo2=0|batt_vs=29300|mdis_morepower=0|thb_hda=51|cp_on_chip_0=34000|cp_on_chip_1=36000|G3D=34000|cp_on_chip_2=36000|cp_on_chip_3=33000|cp_on_chip_4=34000|rf2_therm=31000|rf1_therm=32000|ISP=34000|TPU=34000|AUR=34000|rfpa_therm=30392|quiet_therm=30949|charging_therm=32596|,ok,39000,36000,0,36000,1,single,touched,4096,2048,1,2048,2833578,2048,3298258,0,4,4,ok
1,12,nvhe,4,1065000,1795000,38000,37000,BIG=35000|MID=35000|usb_pwr_therm=29390|btmspkr_therm=29346|disp_therm=29368|north_therm=29613|soc_therm=32618|battery=29300|battery_cycle=5|dc-mains=33000|usbc-therm-adc=330|max77779fg=29300|LITTLE=35000|soc=1|smpl_gm=0|vdroop1=0|batoilo=0|batoilo2=0|batt_vs=29300|mdis_morepower=0|thb_hda=51|cp_on_chip_0=34000|cp_on_chip_1=36000|G3D=34000|cp_on_chip_2=36000|cp_on_chip_3=33000|cp_on_chip_4=34000|rf2_therm=31000|rf1_therm=32000|ISP=33000|TPU=34000|AUR=34000|rfpa_therm=30370|quiet_therm=30926|charging_therm=32573|,BIG=36000|MID=36000|usb_pwr_therm=29390|btmspkr_therm=29346|disp_therm=29368|north_therm=29613|soc_therm=32618|battery=29300|battery_cycle=5|dc-mains=33000|usbc-therm-adc=330|max77779fg=29300|LITTLE=35000|soc=1|smpl_gm=0|vdroop1=0|batoilo=0|batoilo2=0|batt_vs=29300|mdis_morepower=0|thb_hda=51|cp_on_chip_0=34000|cp_on_chip_1=36000|G3D=34000|cp_on_chip_2=36000|cp_on_chip_3=33000|cp_on_chip_4=34000|rf2_therm=31000|rf1_therm=32000|ISP=34000|TPU=34000|AUR=34000|rfpa_therm=30392|quiet_therm=30949|charging_therm=32596|,ok,39000,36000,0,36000,1,single,touched,4096,2048,2,2048,2920532,2048,2813883,0,4,4,ok
1,12,nvhe,4,1065000,1795000,38000,37000,BIG=35000|MID=35000|usb_pwr_therm=29390|btmspkr_therm=29346|disp_therm=29368|north_therm=29613|soc_therm=32618|battery=29300|battery_cycle=5|dc-mains=33000|usbc-therm-adc=330|max77779fg=29300|LITTLE=35000|soc=1|smpl_gm=0|vdroop1=0|batoilo=0|batoilo2=0|batt_vs=29300|mdis_morepower=0|thb_hda=51|cp_on_chip_0=34000|cp_on_chip_1=36000|G3D=34000|cp_on_chip_2=36000|cp_on_chip_3=33000|cp_on_chip_4=34000|rf2_therm=31000|rf1_therm=32000|ISP=33000|TPU=34000|AUR=34000|rfpa_therm=30370|quiet_therm=30926|charging_therm=32573|,BIG=36000|MID=36000|usb_pwr_therm=29390|btmspkr_therm=29346|disp_therm=29368|north_therm=29613|soc_therm=32618|battery=29300|battery_cycle=5|dc-mains=33000|usbc-therm-adc=330|max77779fg=29300|LITTLE=35000|soc=1|smpl_gm=0|vdroop1=0|batoilo=0|batoilo2=0|batt_vs=29300|mdis_morepower=0|thb_hda=51|cp_on_chip_0=34000|cp_on_chip_1=36000|G3D=34000|cp_on_chip_2=36000|cp_on_chip_3=33000|cp_on_chip_4=34000|rf2_therm=31000|rf1_therm=32000|ISP=34000|TPU=34000|AUR=34000|rfpa_therm=30392|quiet_therm=30949|charging_therm=32596|,ok,39000,36000,0,36000,1,single,touched,4096,2048,3,2048,3107625,2048,2801391,0,4,4,ok
1,12,nvhe,4,1065000,1795000,38000,37000,BIG=35000|MID=35000|usb_pwr_therm=29390|btmspkr_therm=29346|disp_therm=29368|north_therm=29613|soc_therm=32618|battery=29300|battery_cycle=5|dc-mains=33000|usbc-therm-adc=330|max77779fg=29300|LITTLE=35000|soc=1|smpl_gm=0|vdroop1=0|batoilo=0|batoilo2=0|batt_vs=29300|mdis_morepower=0|thb_hda=51|cp_on_chip_0=34000|cp_on_chip_1=36000|G3D=34000|cp_on_chip_2=36000|cp_on_chip_3=33000|cp_on_chip_4=34000|rf2_therm=31000|rf1_therm=32000|ISP=33000|TPU=34000|AUR=34000|rfpa_therm=30370|quiet_therm=30926|charging_therm=32573|,BIG=36000|MID=36000|usb_pwr_therm=29390|btmspkr_therm=29346|disp_therm=29368|north_therm=29613|soc_therm=32618|battery=29300|battery_cycle=5|dc-mains=33000|usbc-therm-adc=330|max77779fg=29300|LITTLE=35000|soc=1|smpl_gm=0|vdroop1=0|batoilo=0|batoilo2=0|batt_vs=29300|mdis_morepower=0|thb_hda=51|cp_on_chip_0=34000|cp_on_chip_1=36000|G3D=34000|cp_on_chip_2=36000|cp_on_chip_3=33000|cp_on_chip_4=34000|rf2_therm=31000|rf1_therm=32000|ISP=34000|TPU=34000|AUR=34000|rfpa_therm=30392|quiet_therm=30949|charging_therm=32596|,ok,39000,36000,0,36000,1,single,touched,4096,2048,4,2048,2269979,2048,2390787,0,4,4,ok
1,12,nvhe,4,1065000,1795000,38000,37000,BIG=35000|MID=35000|usb_pwr_therm=29390|btmspkr_therm=29346|disp_therm=29368|north_therm=29613|soc_therm=32618|battery=29300|battery_cycle=5|dc-mains=33000|usbc-therm-adc=330|max77779fg=29300|LITTLE=35000|soc=1|smpl_gm=0|vdroop1=0|batoilo=0|batoilo2=0|batt_vs=29300|mdis_morepower=0|thb_hda=51|cp_on_chip_0=34000|cp_on_chip_1=36000|G3D=34000|cp_on_chip_2=36000|cp_on_chip_3=33000|cp_on_chip_4=34000|rf2_therm=31000|rf1_therm=32000|ISP=33000|TPU=34000|AUR=34000|rfpa_therm=30370|quiet_therm=30926|charging_therm=32573|,BIG=36000|MID=36000|usb_pwr_therm=29390|btmspkr_therm=29346|disp_therm=29368|north_therm=29613|soc_therm=32618|battery=29300|battery_cycle=5|dc-mains=33000|usbc-therm-adc=330|max77779fg=29300|LITTLE=35000|soc=1|smpl_gm=0|vdroop1=0|batoilo=0|batoilo2=0|batt_vs=29300|mdis_morepower=0|thb_hda=51|cp_on_chip_0=34000|cp_on_chip_1=36000|G3D=34000|cp_on_chip_2=36000|cp_on_chip_3=33000|cp_on_chip_4=34000|rf2_therm=31000|rf1_therm=32000|ISP=34000|TPU=34000|AUR=34000|rfpa_therm=30392|quiet_therm=30949|charging_therm=32596|,ok,39000,36000,0,36000,1,single,touched,4096,2048,5,2048,2116984,2048,2006592,0,4,4,ok
1,12,nvhe,4,1065000,1795000,38000,37000,BIG=35000|MID=35000|usb_pwr_therm=29390|btmspkr_therm=29346|disp_therm=29368|north_therm=29613|soc_therm=32618|battery=29300|battery_cycle=5|dc-mains=33000|usbc-therm-adc=330|max77779fg=29300|LITTLE=35000|soc=1|smpl_gm=0|vdroop1=0|batoilo=0|batoilo2=0|batt_vs=29300|mdis_morepower=0|thb_hda=51|cp_on_chip_0=34000|cp_on_chip_1=36000|G3D=34000|cp_on_chip_2=36000|cp_on_chip_3=33000|cp_on_chip_4=34000|rf2_therm=31000|rf1_therm=32000|ISP=33000|TPU=34000|AUR=34000|rfpa_therm=30370|quiet_therm=30926|charging_therm=32573|,BIG=36000|MID=36000|usb_pwr_therm=29390|btmspkr_therm=29346|disp_therm=29368|north_therm=29613|soc_therm=32618|battery=29300|battery_cycle=5|dc-mains=33000|usbc-therm-adc=330|max77779fg=29300|LITTLE=35000|soc=1|smpl_gm=0|vdroop1=0|batoilo=0|batoilo2=0|batt_vs=29300|mdis_morepower=0|thb_hda=51|cp_on_chip_0=34000|cp_on_chip_1=36000|G3D=34000|cp_on_chip_2=36000|cp_on_chip_3=33000|cp_on_chip_4=34000|rf2_therm=31000|rf1_therm=32000|ISP=34000|TPU=34000|AUR=34000|rfpa_therm=30392|quiet_therm=30949|charging_therm=32596|,ok,39000,36000,0,36000,1,single,touched,4096,2048,6,2048,2122436,2048,2116170,0,4,4,ok
1,12,nvhe,4,1065000,1795000,38000,37000,BIG=35000|MID=35000|usb_pwr_therm=29390|btmspkr_therm=29346|disp_therm=29368|north_therm=29613|soc_therm=32618|battery=29300|battery_cycle=5|dc-mains=33000|usbc-therm-adc=330|max77779fg=29300|LITTLE=35000|soc=1|smpl_gm=0|vdroop1=0|batoilo=0|batoilo2=0|batt_vs=29300|mdis_morepower=0|thb_hda=51|cp_on_chip_0=34000|cp_on_chip_1=36000|G3D=34000|cp_on_chip_2=36000|cp_on_chip_3=33000|cp_on_chip_4=34000|rf2_therm=31000|rf1_therm=32000|ISP=33000|TPU=34000|AUR=34000|rfpa_therm=30370|quiet_therm=30926|charging_therm=32573|,BIG=36000|MID=36000|usb_pwr_therm=29390|btmspkr_therm=29346|disp_therm=29368|north_therm=29613|soc_therm=32618|battery=29300|battery_cycle=5|dc-mains=33000|usbc-therm-adc=330|max77779fg=29300|LITTLE=35000|soc=1|smpl_gm=0|vdroop1=0|batoilo=0|batoilo2=0|batt_vs=29300|mdis_morepower=0|thb_hda=51|cp_on_chip_0=34000|cp_on_chip_1=36000|G3D=34000|cp_on_chip_2=36000|cp_on_chip_3=33000|cp_on_chip_4=34000|rf2_therm=31000|rf1_therm=32000|ISP=34000|TPU=34000|AUR=34000|rfpa_therm=30392|quiet_therm=30949|charging_therm=32596|,ok,39000,36000,0,36000,1,single,touched,4096,2048,7,2048,2028646,2048,1817546,0,4,4,ok
1,12,nvhe,4,1065000,1795000,38000,37000,BIG=35000|MID=35000|usb_pwr_therm=29390|btmspkr_therm=29346|disp_therm=29368|north_therm=29613|soc_therm=32618|battery=29300|battery_cycle=5|dc-mains=33000|usbc-therm-adc=330|max77779fg=29300|LITTLE=35000|soc=1|smpl_gm=0|vdroop1=0|batoilo=0|batoilo2=0|batt_vs=29300|mdis_morepower=0|thb_hda=51|cp_on_chip_0=34000|cp_on_chip_1=36000|G3D=34000|cp_on_chip_2=36000|cp_on_chip_3=33000|cp_on_chip_4=34000|rf2_therm=31000|rf1_therm=32000|ISP=33000|TPU=34000|AUR=34000|rfpa_therm=30370|quiet_therm=30926|charging_therm=32573|,BIG=36000|MID=36000|usb_pwr_therm=29390|btmspkr_therm=29346|disp_therm=29368|north_therm=29613|soc_therm=32618|battery=29300|battery_cycle=5|dc-mains=33000|usbc-therm-adc=330|max77779fg=29300|LITTLE=35000|soc=1|smpl_gm=0|vdroop1=0|batoilo=0|batoilo2=0|batt_vs=29300|mdis_morepower=0|thb_hda=51|cp_on_chip_0=34000|cp_on_chip_1=36000|G3D=34000|cp_on_chip_2=36000|cp_on_chip_3=33000|cp_on_chip_4=34000|rf2_therm=31000|rf1_therm=32000|ISP=34000|TPU=34000|AUR=34000|rfpa_therm=30392|quiet_therm=30949|charging_therm=32596|,ok,39000,36000,0,36000,1,single,touched,4096,2048,8,2048,1819010,2048,1734497,0,4,4,ok
1,12,nvhe,4,1065000,1795000,38000,37000,BIG=35000|MID=35000|usb_pwr_therm=29390|btmspkr_therm=29346|disp_therm=29368|north_therm=29613|soc_therm=32618|battery=29300|battery_cycle=5|dc-mains=33000|usbc-therm-adc=330|max77779fg=29300|LITTLE=35000|soc=1|smpl_gm=0|vdroop1=0|batoilo=0|batoilo2=0|batt_vs=29300|mdis_morepower=0|thb_hda=51|cp_on_chip_0=34000|cp_on_chip_1=36000|G3D=34000|cp_on_chip_2=36000|cp_on_chip_3=33000|cp_on_chip_4=34000|rf2_therm=31000|rf1_therm=32000|ISP=33000|TPU=34000|AUR=34000|rfpa_therm=30370|quiet_therm=30926|charging_therm=32573|,BIG=36000|MID=36000|usb_pwr_therm=29390|btmspkr_therm=29346|disp_therm=29368|north_therm=29613|soc_therm=32618|battery=29300|battery_cycle=5|dc-mains=33000|usbc-therm-adc=330|max77779fg=29300|LITTLE=35000|soc=1|smpl_gm=0|vdroop1=0|batoilo=0|batoilo2=0|batt_vs=29300|mdis_morepower=0|thb_hda=51|cp_on_chip_0=34000|cp_on_chip_1=36000|G3D=34000|cp_on_chip_2=36000|cp_on_chip_3=33000|cp_on_chip_4=34000|rf2_therm=31000|rf1_therm=32000|ISP=34000|TPU=34000|AUR=34000|rfpa_therm=30392|quiet_therm=30949|charging_therm=32596|,ok,39000,36000,0,36000,1,single,touched,4096,2048,9,2048,1882569,2048,1851807,0,4,4,ok
1,12,nvhe,4,1065000,1795000,38000,37000,BIG=35000|MID=35000|usb_pwr_therm=29390|btmspkr_therm=29346|disp_therm=29368|north_therm=29613|soc_therm=32618|battery=29300|battery_cycle=5|dc-mains=33000|usbc-therm-adc=330|max77779fg=29300|LITTLE=35000|soc=1|smpl_gm=0|vdroop1=0|batoilo=0|batoilo2=0|batt_vs=29300|mdis_morepower=0|thb_hda=51|cp_on_chip_0=34000|cp_on_chip_1=36000|G3D=34000|cp_on_chip_2=36000|cp_on_chip_3=33000|cp_on_chip_4=34000|rf2_therm=31000|rf1_therm=32000|ISP=33000|TPU=34000|AUR=34000|rfpa_therm=30370|quiet_therm=30926|charging_therm=32573|,BIG=36000|MID=36000|usb_pwr_therm=29390|btmspkr_therm=29346|disp_therm=29368|north_therm=29613|soc_therm=32618|battery=29300|battery_cycle=5|dc-mains=33000|usbc-therm-adc=330|max77779fg=29300|LITTLE=35000|soc=1|smpl_gm=0|vdroop1=0|batoilo=0|batoilo2=0|batt_vs=29300|mdis_morepower=0|thb_hda=51|cp_on_chip_0=34000|cp_on_chip_1=36000|G3D=34000|cp_on_chip_2=36000|cp_on_chip_3=33000|cp_on_chip_4=34000|rf2_therm=31000|rf1_therm=32000|ISP=34000|TPU=34000|AUR=34000|rfpa_therm=30392|quiet_therm=30949|charging_therm=32596|,ok,39000,36000,0,36000,1,single,touched,4096,2048,10,2048,1834961,2048,1783854,0,4,4,ok
1,12,nvhe,4,1065000,1795000,38000,37000,BIG=35000|MID=35000|usb_pwr_therm=29390|btmspkr_therm=29346|disp_therm=29368|north_therm=29613|soc_therm=32618|battery=29300|battery_cycle=5|dc-mains=33000|usbc-therm-adc=330|max77779fg=29300|LITTLE=35000|soc=1|smpl_gm=0|vdroop1=0|batoilo=0|batoilo2=0|batt_vs=29300|mdis_morepower=0|thb_hda=51|cp_on_chip_0=34000|cp_on_chip_1=36000|G3D=34000|cp_on_chip_2=36000|cp_on_chip_3=33000|cp_on_chip_4=34000|rf2_therm=31000|rf1_therm=32000|ISP=33000|TPU=34000|AUR=34000|rfpa_therm=30370|quiet_therm=30926|charging_therm=32573|,BIG=36000|MID=36000|usb_pwr_therm=29390|btmspkr_therm=29346|disp_therm=29368|north_therm=29613|soc_therm=32618|battery=29300|battery_cycle=5|dc-mains=33000|usbc-therm-adc=330|max77779fg=29300|LITTLE=35000|soc=1|smpl_gm=0|vdroop1=0|batoilo=0|batoilo2=0|batt_vs=29300|mdis_morepower=0|thb_hda=51|cp_on_chip_0=34000|cp_on_chip_1=36000|G3D=34000|cp_on_chip_2=36000|cp_on_chip_3=33000|cp_on_chip_4=34000|rf2_therm=31000|rf1_therm=32000|ISP=34000|TPU=34000|AUR=34000|rfpa_therm=30392|quiet_therm=30949|charging_therm=32596|,ok,39000,36000,0,36000,1,single,touched,4096,2048,11,2048,1891927,2048,1924195,0,4,4,ok
1,12,nvhe,4,1065000,1795000,38000,37000,BIG=35000|MID=35000|usb_pwr_therm=29390|btmspkr_therm=29346|disp_therm=29368|north_therm=29613|soc_therm=32618|battery=29300|battery_cycle=5|dc-mains=33000|usbc-therm-adc=330|max77779fg=29300|LITTLE=35000|soc=1|smpl_gm=0|vdroop1=0|batoilo=0|batoilo2=0|batt_vs=29300|mdis_morepower=0|thb_hda=51|cp_on_chip_0=34000|cp_on_chip_1=36000|G3D=34000|cp_on_chip_2=36000|cp_on_chip_3=33000|cp_on_chip_4=34000|rf2_therm=31000|rf1_therm=32000|ISP=33000|TPU=34000|AUR=34000|rfpa_therm=30370|quiet_therm=30926|charging_therm=32573|,BIG=36000|MID=36000|usb_pwr_therm=29390|btmspkr_therm=29346|disp_therm=29368|north_therm=29613|soc_therm=32618|battery=29300|battery_cycle=5|dc-mains=33000|usbc-therm-adc=330|max77779fg=29300|LITTLE=35000|soc=1|smpl_gm=0|vdroop1=0|batoilo=0|batoilo2=0|batt_vs=29300|mdis_morepower=0|thb_hda=51|cp_on_chip_0=34000|cp_on_chip_1=36000|G3D=34000|cp_on_chip_2=36000|cp_on_chip_3=33000|cp_on_chip_4=34000|rf2_therm=31000|rf1_therm=32000|ISP=34000|TPU=34000|AUR=34000|rfpa_therm=30392|quiet_therm=30949|charging_therm=32596|,ok,39000,36000,0,36000,1,single,touched,4096,2048,12,2048,1893270,2048,1810587,0,4,4,ok
1,12,nvhe,4,1065000,1795000,38000,37000,BIG=35000|MID=35000|usb_pwr_therm=29390|btmspkr_therm=29346|disp_therm=29368|north_therm=29613|soc_therm=32618|battery=29300|battery_cycle=5|dc-mains=33000|usbc-therm-adc=330|max77779fg=29300|LITTLE=35000|soc=1|smpl_gm=0|vdroop1=0|batoilo=0|batoilo2=0|batt_vs=29300|mdis_morepower=0|thb_hda=51|cp_on_chip_0=34000|cp_on_chip_1=36000|G3D=34000|cp_on_chip_2=36000|cp_on_chip_3=33000|cp_on_chip_4=34000|rf2_therm=31000|rf1_therm=32000|ISP=33000|TPU=34000|AUR=34000|rfpa_therm=30370|quiet_therm=30926|charging_therm=32573|,BIG=36000|MID=36000|usb_pwr_therm=29390|btmspkr_therm=29346|disp_therm=29368|north_therm=29613|soc_therm=32618|battery=29300|battery_cycle=5|dc-mains=33000|usbc-therm-adc=330|max77779fg=29300|LITTLE=35000|soc=1|smpl_gm=0|vdroop1=0|batoilo=0|batoilo2=0|batt_vs=29300|mdis_morepower=0|thb_hda=51|cp_on_chip_0=34000|cp_on_chip_1=36000|G3D=34000|cp_on_chip_2=36000|cp_on_chip_3=33000|cp_on_chip_4=34000|rf2_therm=31000|rf1_therm=32000|ISP=34000|TPU=34000|AUR=34000|rfpa_therm=30392|quiet_therm=30949|charging_therm=32596|,ok,39000,36000,0,36000,1,single,touched,4096,2048,13,2048,1887817,2048,1779542,0,4,4,ok
1,12,nvhe,4,1065000,1795000,38000,37000,BIG=35000|MID=35000|usb_pwr_therm=29390|btmspkr_therm=29346|disp_therm=29368|north_therm=29613|soc_therm=32618|battery=29300|battery_cycle=5|dc-mains=33000|usbc-therm-adc=330|max77779fg=29300|LITTLE=35000|soc=1|smpl_gm=0|vdroop1=0|batoilo=0|batoilo2=0|batt_vs=29300|mdis_morepower=0|thb_hda=51|cp_on_chip_0=34000|cp_on_chip_1=36000|G3D=34000|cp_on_chip_2=36000|cp_on_chip_3=33000|cp_on_chip_4=34000|rf2_therm=31000|rf1_therm=32000|ISP=33000|TPU=34000|AUR=34000|rfpa_therm=30370|quiet_therm=30926|charging_therm=32573|,BIG=36000|MID=36000|usb_pwr_therm=29390|btmspkr_therm=29346|disp_therm=29368|north_therm=29613|soc_therm=32618|battery=29300|battery_cycle=5|dc-mains=33000|usbc-therm-adc=330|max77779fg=29300|LITTLE=35000|soc=1|smpl_gm=0|vdroop1=0|batoilo=0|batoilo2=0|batt_vs=29300|mdis_morepower=0|thb_hda=51|cp_on_chip_0=34000|cp_on_chip_1=36000|G3D=34000|cp_on_chip_2=36000|cp_on_chip_3=33000|cp_on_chip_4=34000|rf2_therm=31000|rf1_therm=32000|ISP=34000|TPU=34000|AUR=34000|rfpa_therm=30392|quiet_therm=30949|charging_therm=32596|,ok,39000,36000,0,36000,1,single,touched,4096,2048,14,2048,1879883,2048,1742024,0,4,4,ok
1,12,nvhe,4,1065000,1795000,38000,37000,BIG=35000|MID=35000|usb_pwr_therm=29390|btmspkr_therm=29346|disp_therm=29368|north_therm=29613|soc_therm=32618|battery=29300|battery_cycle=5|dc-mains=33000|usbc-therm-adc=330|max77779fg=29300|LITTLE=35000|soc=1|smpl_gm=0|vdroop1=0|batoilo=0|batoilo2=0|batt_vs=29300|mdis_morepower=0|thb_hda=51|cp_on_chip_0=34000|cp_on_chip_1=36000|G3D=34000|cp_on_chip_2=36000|cp_on_chip_3=33000|cp_on_chip_4=34000|rf2_therm=31000|rf1_therm=32000|ISP=33000|TPU=34000|AUR=34000|rfpa_therm=30370|quiet_therm=30926|charging_therm=32573|,BIG=36000|MID=36000|usb_pwr_therm=29390|btmspkr_therm=29346|disp_therm=29368|north_therm=29613|soc_therm=32618|battery=29300|battery_cycle=5|dc-mains=33000|usbc-therm-adc=330|max77779fg=29300|LITTLE=35000|soc=1|smpl_gm=0|vdroop1=0|batoilo=0|batoilo2=0|batt_vs=29300|mdis_morepower=0|thb_hda=51|cp_on_chip_0=34000|cp_on_chip_1=36000|G3D=34000|cp_on_chip_2=36000|cp_on_chip_3=33000|cp_on_chip_4=34000|rf2_therm=31000|rf1_therm=32000|ISP=34000|TPU=34000|AUR=34000|rfpa_therm=30392|quiet_therm=30949|charging_therm=32596|,ok,39000,36000,0,36000,1,single,touched,4096,2048,15,2048,1891968,2048,1744263,0,4,4,ok
1,12,nvhe,4,1065000,1795000,38000,37000,BIG=35000|MID=35000|usb_pwr_therm=29390|btmspkr_therm=29346|disp_therm=29368|north_therm=29613|soc_therm=32618|battery=29300|battery_cycle=5|dc-mains=33000|usbc-therm-adc=330|max77779fg=29300|LITTLE=35000|soc=1|smpl_gm=0|vdroop1=0|batoilo=0|batoilo2=0|batt_vs=29300|mdis_morepower=0|thb_hda=51|cp_on_chip_0=34000|cp_on_chip_1=36000|G3D=34000|cp_on_chip_2=36000|cp_on_chip_3=33000|cp_on_chip_4=34000|rf2_therm=31000|rf1_therm=32000|ISP=33000|TPU=34000|AUR=34000|rfpa_therm=30370|quiet_therm=30926|charging_therm=32573|,BIG=36000|MID=36000|usb_pwr_therm=29390|btmspkr_therm=29346|disp_therm=29368|north_therm=29613|soc_therm=32618|battery=29300|battery_cycle=5|dc-mains=33000|usbc-therm-adc=330|max77779fg=29300|LITTLE=35000|soc=1|smpl_gm=0|vdroop1=0|batoilo=0|batoilo2=0|batt_vs=29300|mdis_morepower=0|thb_hda=51|cp_on_chip_0=34000|cp_on_chip_1=36000|G3D=34000|cp_on_chip_2=36000|cp_on_chip_3=33000|cp_on_chip_4=34000|rf2_therm=31000|rf1_therm=32000|ISP=34000|TPU=34000|AUR=34000|rfpa_therm=30392|quiet_therm=30949|charging_therm=32596|,ok,39000,36000,0,36000,1,single,touched,4096,2048,16,2048,1910889,2048,1736898,0,4,4,ok
1,12,nvhe,4,1065000,1795000,38000,37000,BIG=35000|MID=35000|usb_pwr_therm=29390|btmspkr_therm=29346|disp_therm=29368|north_therm=29613|soc_therm=32618|battery=29300|battery_cycle=5|dc-mains=33000|usbc-therm-adc=330|max77779fg=29300|LITTLE=35000|soc=1|smpl_gm=0|vdroop1=0|batoilo=0|batoilo2=0|batt_vs=29300|mdis_morepower=0|thb_hda=51|cp_on_chip_0=34000|cp_on_chip_1=36000|G3D=34000|cp_on_chip_2=36000|cp_on_chip_3=33000|cp_on_chip_4=34000|rf2_therm=31000|rf1_therm=32000|ISP=33000|TPU=34000|AUR=34000|rfpa_therm=30370|quiet_therm=30926|charging_therm=32573|,BIG=36000|MID=36000|usb_pwr_therm=29390|btmspkr_therm=29346|disp_therm=29368|north_therm=29613|soc_therm=32618|battery=29300|battery_cycle=5|dc-mains=33000|usbc-therm-adc=330|max77779fg=29300|LITTLE=35000|soc=1|smpl_gm=0|vdroop1=0|batoilo=0|batoilo2=0|batt_vs=29300|mdis_morepower=0|thb_hda=51|cp_on_chip_0=34000|cp_on_chip_1=36000|G3D=34000|cp_on_chip_2=36000|cp_on_chip_3=33000|cp_on_chip_4=34000|rf2_therm=31000|rf1_therm=32000|ISP=34000|TPU=34000|AUR=34000|rfpa_therm=30392|quiet_therm=30949|charging_therm=32596|,ok,39000,36000,0,36000,1,single,touched,4096,2048,17,2048,1851237,2048,1832357,0,4,4,ok
1,12,nvhe,4,1065000,1795000,38000,37000,BIG=35000|MID=35000|usb_pwr_therm=29390|btmspkr_therm=29346|disp_therm=29368|north_therm=29613|soc_therm=32618|battery=29300|battery_cycle=5|dc-mains=33000|usbc-therm-adc=330|max77779fg=29300|LITTLE=35000|soc=1|smpl_gm=0|vdroop1=0|batoilo=0|batoilo2=0|batt_vs=29300|mdis_morepower=0|thb_hda=51|cp_on_chip_0=34000|cp_on_chip_1=36000|G3D=34000|cp_on_chip_2=36000|cp_on_chip_3=33000|cp_on_chip_4=34000|rf2_therm=31000|rf1_therm=32000|ISP=33000|TPU=34000|AUR=34000|rfpa_therm=30370|quiet_therm=30926|charging_therm=32573|,BIG=36000|MID=36000|usb_pwr_therm=29390|btmspkr_therm=29346|disp_therm=29368|north_therm=29613|soc_therm=32618|battery=29300|battery_cycle=5|dc-mains=33000|usbc-therm-adc=330|max77779fg=29300|LITTLE=35000|soc=1|smpl_gm=0|vdroop1=0|batoilo=0|batoilo2=0|batt_vs=29300|mdis_morepower=0|thb_hda=51|cp_on_chip_0=34000|cp_on_chip_1=36000|G3D=34000|cp_on_chip_2=36000|cp_on_chip_3=33000|cp_on_chip_4=34000|rf2_therm=31000|rf1_therm=32000|ISP=34000|TPU=34000|AUR=34000|rfpa_therm=30392|quiet_therm=30949|charging_therm=32596|,ok,39000,36000,0,36000,1,single,touched,4096,2048,18,2048,1850627,2048,1745931,0,4,4,ok
1,12,nvhe,4,1065000,1795000,38000,37000,BIG=35000|MID=35000|usb_pwr_therm=29390|btmspkr_therm=29346|disp_therm=29368|north_therm=29613|soc_therm=32618|battery=29300|battery_cycle=5|dc-mains=33000|usbc-therm-adc=330|max77779fg=29300|LITTLE=35000|soc=1|smpl_gm=0|vdroop1=0|batoilo=0|batoilo2=0|batt_vs=29300|mdis_morepower=0|thb_hda=51|cp_on_chip_0=34000|cp_on_chip_1=36000|G3D=34000|cp_on_chip_2=36000|cp_on_chip_3=33000|cp_on_chip_4=34000|rf2_therm=31000|rf1_therm=32000|ISP=33000|TPU=34000|AUR=34000|rfpa_therm=30370|quiet_therm=30926|charging_therm=32573|,BIG=36000|MID=36000|usb_pwr_therm=29390|btmspkr_therm=29346|disp_therm=29368|north_therm=29613|soc_therm=32618|battery=29300|battery_cycle=5|dc-mains=33000|usbc-therm-adc=330|max77779fg=29300|LITTLE=35000|soc=1|smpl_gm=0|vdroop1=0|batoilo=0|batoilo2=0|batt_vs=29300|mdis_morepower=0|thb_hda=51|cp_on_chip_0=34000|cp_on_chip_1=36000|G3D=34000|cp_on_chip_2=36000|cp_on_chip_3=33000|cp_on_chip_4=34000|rf2_therm=31000|rf1_therm=32000|ISP=34000|TPU=34000|AUR=34000|rfpa_therm=30392|quiet_therm=30949|charging_therm=32596|,ok,39000,36000,0,36000,1,single,touched,4096,2048,19,2048,1845052,2048,1739746,0,4,4,ok
1,12,nvhe,4,1065000,1795000,38000,37000,BIG=35000|MID=35000|usb_pwr_therm=29390|btmspkr_therm=29346|disp_therm=29368|north_therm=29613|soc_therm=32618|battery=29300|battery_cycle=5|dc-mains=33000|usbc-therm-adc=330|max77779fg=29300|LITTLE=35000|soc=1|smpl_gm=0|vdroop1=0|batoilo=0|batoilo2=0|batt_vs=29300|mdis_morepower=0|thb_hda=51|cp_on_chip_0=34000|cp_on_chip_1=36000|G3D=34000|cp_on_chip_2=36000|cp_on_chip_3=33000|cp_on_chip_4=34000|rf2_therm=31000|rf1_therm=32000|ISP=33000|TPU=34000|AUR=34000|rfpa_therm=30370|quiet_therm=30926|charging_therm=32573|,BIG=36000|MID=36000|usb_pwr_therm=29390|btmspkr_therm=29346|disp_therm=29368|north_therm=29613|soc_therm=32618|battery=29300|battery_cycle=5|dc-mains=33000|usbc-therm-adc=330|max77779fg=29300|LITTLE=35000|soc=1|smpl_gm=0|vdroop1=0|batoilo=0|batoilo2=0|batt_vs=29300|mdis_morepower=0|thb_hda=51|cp_on_chip_0=34000|cp_on_chip_1=36000|G3D=34000|cp_on_chip_2=36000|cp_on_chip_3=33000|cp_on_chip_4=34000|rf2_therm=31000|rf1_therm=32000|ISP=34000|TPU=34000|AUR=34000|rfpa_therm=30392|quiet_therm=30949|charging_therm=32596|,ok,39000,36000,0,36000,1,single,touched,4096,2048,20,2048,1888346,2048,1749756,0,4,4,ok
1,12,nvhe,4,1065000,1795000,38000,37000,BIG=35000|MID=35000|usb_pwr_therm=29390|btmspkr_therm=29346|disp_therm=29368|north_therm=29613|soc_therm=32618|battery=29300|battery_cycle=5|dc-mains=33000|usbc-therm-adc=330|max77779fg=29300|LITTLE=35000|soc=1|smpl_gm=0|vdroop1=0|batoilo=0|batoilo2=0|batt_vs=29300|mdis_morepower=0|thb_hda=51|cp_on_chip_0=34000|cp_on_chip_1=36000|G3D=34000|cp_on_chip_2=36000|cp_on_chip_3=33000|cp_on_chip_4=34000|rf2_therm=31000|rf1_therm=32000|ISP=33000|TPU=34000|AUR=34000|rfpa_therm=30370|quiet_therm=30926|charging_therm=32573|,BIG=36000|MID=36000|usb_pwr_therm=29390|btmspkr_therm=29346|disp_therm=29368|north_therm=29613|soc_therm=32618|battery=29300|battery_cycle=5|dc-mains=33000|usbc-therm-adc=330|max77779fg=29300|LITTLE=35000|soc=1|smpl_gm=0|vdroop1=0|batoilo=0|batoilo2=0|batt_vs=29300|mdis_morepower=0|thb_hda=51|cp_on_chip_0=34000|cp_on_chip_1=36000|G3D=34000|cp_on_chip_2=36000|cp_on_chip_3=33000|cp_on_chip_4=34000|rf2_therm=31000|rf1_therm=32000|ISP=34000|TPU=34000|AUR=34000|rfpa_therm=30392|quiet_therm=30949|charging_therm=32596|,ok,39000,36000,0,36000,1,single,touched,4096,2048,21,2048,1825602,2048,1751383,0,4,4,ok
1,12,nvhe,4,1065000,1795000,38000,37000,BIG=35000|MID=35000|usb_pwr_therm=29390|btmspkr_therm=29346|disp_therm=29368|north_therm=29613|soc_therm=32618|battery=29300|battery_cycle=5|dc-mains=33000|usbc-therm-adc=330|max77779fg=29300|LITTLE=35000|soc=1|smpl_gm=0|vdroop1=0|batoilo=0|batoilo2=0|batt_vs=29300|mdis_morepower=0|thb_hda=51|cp_on_chip_0=34000|cp_on_chip_1=36000|G3D=34000|cp_on_chip_2=36000|cp_on_chip_3=33000|cp_on_chip_4=34000|rf2_therm=31000|rf1_therm=32000|ISP=33000|TPU=34000|AUR=34000|rfpa_therm=30370|quiet_therm=30926|charging_therm=32573|,BIG=36000|MID=36000|usb_pwr_therm=29390|btmspkr_therm=29346|disp_therm=29368|north_therm=29613|soc_therm=32618|battery=29300|battery_cycle=5|dc-mains=33000|usbc-therm-adc=330|max77779fg=29300|LITTLE=35000|soc=1|smpl_gm=0|vdroop1=0|batoilo=0|batoilo2=0|batt_vs=29300|mdis_morepower=0|thb_hda=51|cp_on_chip_0=34000|cp_on_chip_1=36000|G3D=34000|cp_on_chip_2=36000|cp_on_chip_3=33000|cp_on_chip_4=34000|rf2_therm=31000|rf1_therm=32000|ISP=34000|TPU=34000|AUR=34000|rfpa_therm=30392|quiet_therm=30949|charging_therm=32596|,ok,39000,36000,0,36000,1,single,touched,4096,2048,22,2048,1839070,2048,1785115,0,4,4,ok
1,12,nvhe,4,1065000,1795000,38000,37000,BIG=35000|MID=35000|usb_pwr_therm=29390|btmspkr_therm=29346|disp_therm=29368|north_therm=29613|soc_therm=32618|battery=29300|battery_cycle=5|dc-mains=33000|usbc-therm-adc=330|max77779fg=29300|LITTLE=35000|soc=1|smpl_gm=0|vdroop1=0|batoilo=0|batoilo2=0|batt_vs=29300|mdis_morepower=0|thb_hda=51|cp_on_chip_0=34000|cp_on_chip_1=36000|G3D=34000|cp_on_chip_2=36000|cp_on_chip_3=33000|cp_on_chip_4=34000|rf2_therm=31000|rf1_therm=32000|ISP=33000|TPU=34000|AUR=34000|rfpa_therm=30370|quiet_therm=30926|charging_therm=32573|,BIG=36000|MID=36000|usb_pwr_therm=29390|btmspkr_therm=29346|disp_therm=29368|north_therm=29613|soc_therm=32618|battery=29300|battery_cycle=5|dc-mains=33000|usbc-therm-adc=330|max77779fg=29300|LITTLE=35000|soc=1|smpl_gm=0|vdroop1=0|batoilo=0|batoilo2=0|batt_vs=29300|mdis_morepower=0|thb_hda=51|cp_on_chip_0=34000|cp_on_chip_1=36000|G3D=34000|cp_on_chip_2=36000|cp_on_chip_3=33000|cp_on_chip_4=34000|rf2_therm=31000|rf1_therm=32000|ISP=34000|TPU=34000|AUR=34000|rfpa_therm=30392|quiet_therm=30949|charging_therm=32596|,ok,39000,36000,0,36000,1,single,touched,4096,2048,23,2048,1830485,2048,1916952,0,4,4,ok
1,12,nvhe,4,1065000,1795000,38000,37000,BIG=35000|MID=35000|usb_pwr_therm=29390|btmspkr_therm=29346|disp_therm=29368|north_therm=29613|soc_therm=32618|battery=29300|battery_cycle=5|dc-mains=33000|usbc-therm-adc=330|max77779fg=29300|LITTLE=35000|soc=1|smpl_gm=0|vdroop1=0|batoilo=0|batoilo2=0|batt_vs=29300|mdis_morepower=0|thb_hda=51|cp_on_chip_0=34000|cp_on_chip_1=36000|G3D=34000|cp_on_chip_2=36000|cp_on_chip_3=33000|cp_on_chip_4=34000|rf2_therm=31000|rf1_therm=32000|ISP=33000|TPU=34000|AUR=34000|rfpa_therm=30370|quiet_therm=30926|charging_therm=32573|,BIG=36000|MID=36000|usb_pwr_therm=29390|btmspkr_therm=29346|disp_therm=29368|north_therm=29613|soc_therm=32618|battery=29300|battery_cycle=5|dc-mains=33000|usbc-therm-adc=330|max77779fg=29300|LITTLE=35000|soc=1|smpl_gm=0|vdroop1=0|batoilo=0|batoilo2=0|batt_vs=29300|mdis_morepower=0|thb_hda=51|cp_on_chip_0=34000|cp_on_chip_1=36000|G3D=34000|cp_on_chip_2=36000|cp_on_chip_3=33000|cp_on_chip_4=34000|rf2_therm=31000|rf1_therm=32000|ISP=34000|TPU=34000|AUR=34000|rfpa_therm=30392|quiet_therm=30949|charging_therm=32596|,ok,39000,36000,0,36000,1,single,touched,4096,2048,24,2048,1836345,2048,1907430,0,4,4,ok
1,12,nvhe,4,1065000,1795000,38000,37000,BIG=35000|MID=35000|usb_pwr_therm=29390|btmspkr_therm=29346|disp_therm=29368|north_therm=29613|soc_therm=32618|battery=29300|battery_cycle=5|dc-mains=33000|usbc-therm-adc=330|max77779fg=29300|LITTLE=35000|soc=1|smpl_gm=0|vdroop1=0|batoilo=0|batoilo2=0|batt_vs=29300|mdis_morepower=0|thb_hda=51|cp_on_chip_0=34000|cp_on_chip_1=36000|G3D=34000|cp_on_chip_2=36000|cp_on_chip_3=33000|cp_on_chip_4=34000|rf2_therm=31000|rf1_therm=32000|ISP=33000|TPU=34000|AUR=34000|rfpa_therm=30370|quiet_therm=30926|charging_therm=32573|,BIG=36000|MID=36000|usb_pwr_therm=29390|btmspkr_therm=29346|disp_therm=29368|north_therm=29613|soc_therm=32618|battery=29300|battery_cycle=5|dc-mains=33000|usbc-therm-adc=330|max77779fg=29300|LITTLE=35000|soc=1|smpl_gm=0|vdroop1=0|batoilo=0|batoilo2=0|batt_vs=29300|mdis_morepower=0|thb_hda=51|cp_on_chip_0=34000|cp_on_chip_1=36000|G3D=34000|cp_on_chip_2=36000|cp_on_chip_3=33000|cp_on_chip_4=34000|rf2_therm=31000|rf1_therm=32000|ISP=34000|TPU=34000|AUR=34000|rfpa_therm=30392|quiet_therm=30949|charging_therm=32596|,ok,39000,36000,0,36000,1,single,touched,4096,2048,25,2048,1852987,2048,1876058,0,4,4,ok
1,12,nvhe,4,1065000,1795000,38000,37000,BIG=35000|MID=35000|usb_pwr_therm=29390|btmspkr_therm=29346|disp_therm=29368|north_therm=29613|soc_therm=32618|battery=29300|battery_cycle=5|dc-mains=33000|usbc-therm-adc=330|max77779fg=29300|LITTLE=35000|soc=1|smpl_gm=0|vdroop1=0|batoilo=0|batoilo2=0|batt_vs=29300|mdis_morepower=0|thb_hda=51|cp_on_chip_0=34000|cp_on_chip_1=36000|G3D=34000|cp_on_chip_2=36000|cp_on_chip_3=33000|cp_on_chip_4=34000|rf2_therm=31000|rf1_therm=32000|ISP=33000|TPU=34000|AUR=34000|rfpa_therm=30370|quiet_therm=30926|charging_therm=32573|,BIG=36000|MID=36000|usb_pwr_therm=29390|btmspkr_therm=29346|disp_therm=29368|north_therm=29613|soc_therm=32618|battery=29300|battery_cycle=5|dc-mains=33000|usbc-therm-adc=330|max77779fg=29300|LITTLE=35000|soc=1|smpl_gm=0|vdroop1=0|batoilo=0|batoilo2=0|batt_vs=29300|mdis_morepower=0|thb_hda=51|cp_on_chip_0=34000|cp_on_chip_1=36000|G3D=34000|cp_on_chip_2=36000|cp_on_chip_3=33000|cp_on_chip_4=34000|rf2_therm=31000|rf1_therm=32000|ISP=34000|TPU=34000|AUR=34000|rfpa_therm=30392|quiet_therm=30949|charging_therm=32596|,ok,39000,36000,0,36000,1,single,touched,4096,2048,26,2048,1872762,2048,1947673,0,4,4,ok
1,12,nvhe,4,1065000,1795000,38000,37000,BIG=35000|MID=35000|usb_pwr_therm=29390|btmspkr_therm=29346|disp_therm=29368|north_therm=29613|soc_therm=32618|battery=29300|battery_cycle=5|dc-mains=33000|usbc-therm-adc=330|max77779fg=29300|LITTLE=35000|soc=1|smpl_gm=0|vdroop1=0|batoilo=0|batoilo2=0|batt_vs=29300|mdis_morepower=0|thb_hda=51|cp_on_chip_0=34000|cp_on_chip_1=36000|G3D=34000|cp_on_chip_2=36000|cp_on_chip_3=33000|cp_on_chip_4=34000|rf2_therm=31000|rf1_therm=32000|ISP=33000|TPU=34000|AUR=34000|rfpa_therm=30370|quiet_therm=30926|charging_therm=32573|,BIG=36000|MID=36000|usb_pwr_therm=29390|btmspkr_therm=29346|disp_therm=29368|north_therm=29613|soc_therm=32618|battery=29300|battery_cycle=5|dc-mains=33000|usbc-therm-adc=330|max77779fg=29300|LITTLE=35000|soc=1|smpl_gm=0|vdroop1=0|batoilo=0|batoilo2=0|batt_vs=29300|mdis_morepower=0|thb_hda=51|cp_on_chip_0=34000|cp_on_chip_1=36000|G3D=34000|cp_on_chip_2=36000|cp_on_chip_3=33000|cp_on_chip_4=34000|rf2_therm=31000|rf1_therm=32000|ISP=34000|TPU=34000|AUR=34000|rfpa_therm=30392|quiet_therm=30949|charging_therm=32596|,ok,39000,36000,0,36000,1,single,touched,4096,2048,27,2048,1875691,2048,1791057,0,4,4,ok
1,12,nvhe,4,1065000,1795000,38000,37000,BIG=35000|MID=35000|usb_pwr_therm=29390|btmspkr_therm=29346|disp_therm=29368|north_therm=29613|soc_therm=32618|battery=29300|battery_cycle=5|dc-mains=33000|usbc-therm-adc=330|max77779fg=29300|LITTLE=35000|soc=1|smpl_gm=0|vdroop1=0|batoilo=0|batoilo2=0|batt_vs=29300|mdis_morepower=0|thb_hda=51|cp_on_chip_0=34000|cp_on_chip_1=36000|G3D=34000|cp_on_chip_2=36000|cp_on_chip_3=33000|cp_on_chip_4=34000|rf2_therm=31000|rf1_therm=32000|ISP=33000|TPU=34000|AUR=34000|rfpa_therm=30370|quiet_therm=30926|charging_therm=32573|,BIG=36000|MID=36000|usb_pwr_therm=29390|btmspkr_therm=29346|disp_therm=29368|north_therm=29613|soc_therm=32618|battery=29300|battery_cycle=5|dc-mains=33000|usbc-therm-adc=330|max77779fg=29300|LITTLE=35000|soc=1|smpl_gm=0|vdroop1=0|batoilo=0|batoilo2=0|batt_vs=29300|mdis_morepower=0|thb_hda=51|cp_on_chip_0=34000|cp_on_chip_1=36000|G3D=34000|cp_on_chip_2=36000|cp_on_chip_3=33000|cp_on_chip_4=34000|rf2_therm=31000|rf1_therm=32000|ISP=34000|TPU=34000|AUR=34000|rfpa_therm=30392|quiet_therm=30949|charging_therm=32596|,ok,39000,36000,0,36000,1,single,touched,4096,2048,28,2048,1884603,2048,1720419,0,4,4,ok
1,12,nvhe,4,1065000,1795000,38000,37000,BIG=35000|MID=35000|usb_pwr_therm=29390|btmspkr_therm=29346|disp_therm=29368|north_therm=29613|soc_therm=32618|battery=29300|battery_cycle=5|dc-mains=33000|usbc-therm-adc=330|max77779fg=29300|LITTLE=35000|soc=1|smpl_gm=0|vdroop1=0|batoilo=0|batoilo2=0|batt_vs=29300|mdis_morepower=0|thb_hda=51|cp_on_chip_0=34000|cp_on_chip_1=36000|G3D=34000|cp_on_chip_2=36000|cp_on_chip_3=33000|cp_on_chip_4=34000|rf2_therm=31000|rf1_therm=32000|ISP=33000|TPU=34000|AUR=34000|rfpa_therm=30370|quiet_therm=30926|charging_therm=32573|,BIG=36000|MID=36000|usb_pwr_therm=29390|btmspkr_therm=29346|disp_therm=29368|north_therm=29613|soc_therm=32618|battery=29300|battery_cycle=5|dc-mains=33000|usbc-therm-adc=330|max77779fg=29300|LITTLE=35000|soc=1|smpl_gm=0|vdroop1=0|batoilo=0|batoilo2=0|batt_vs=29300|mdis_morepower=0|thb_hda=51|cp_on_chip_0=34000|cp_on_chip_1=36000|G3D=34000|cp_on_chip_2=36000|cp_on_chip_3=33000|cp_on_chip_4=34000|rf2_therm=31000|rf1_therm=32000|ISP=34000|TPU=34000|AUR=34000|rfpa_therm=30392|quiet_therm=30949|charging_therm=32596|,ok,39000,36000,0,36000,1,single,touched,4096,2048,29,2048,1883056,2048,1735961,0,4,4,ok
1,13,nvhe,4,578000,1795000,36000,37000,BIG=36000|MID=35000|usb_pwr_therm=29390|btmspkr_therm=29346|disp_therm=29368|north_therm=29613|soc_therm=32663|battery=29300|battery_cycle=5|dc-mains=33000|usbc-therm-adc=330|max77779fg=29300|LITTLE=35000|soc=1|smpl_gm=0|vdroop1=0|batoilo=0|batoilo2=0|batt_vs=29300|mdis_morepower=0|thb_hda=51|cp_on_chip_0=34000|cp_on_chip_1=36000|G3D=34000|cp_on_chip_2=36000|cp_on_chip_3=33000|cp_on_chip_4=34000|rf2_therm=31000|rf1_therm=32000|ISP=33000|TPU=34000|AUR=34000|rfpa_therm=30392|quiet_therm=30971|charging_therm=32596|,BIG=35000|MID=37000|usb_pwr_therm=29390|btmspkr_therm=29346|disp_therm=29346|north_therm=29613|soc_therm=32685|battery=29300|battery_cycle=5|dc-mains=33000|usbc-therm-adc=330|max77779fg=29300|LITTLE=35000|soc=1|smpl_gm=0|vdroop1=0|batoilo=0|batoilo2=0|batt_vs=29300|mdis_morepower=0|thb_hda=51|cp_on_chip_0=34000|cp_on_chip_1=36000|G3D=35000|cp_on_chip_2=36000|cp_on_chip_3=33000|cp_on_chip_4=34000|rf2_therm=31000|rf1_therm=32000|ISP=33000|TPU=34000|AUR=34000|rfpa_therm=30392|quiet_therm=30971|charging_therm=32596|,ok,39000,36000,0,36000,1,single,untouched,4096,2048,0,2048,11759,0,1123006,0,4,4,ok
1,13,nvhe,4,578000,1795000,36000,37000,BIG=36000|MID=35000|usb_pwr_therm=29390|btmspkr_therm=29346|disp_therm=29368|north_therm=29613|soc_therm=32663|battery=29300|battery_cycle=5|dc-mains=33000|usbc-therm-adc=330|max77779fg=29300|LITTLE=35000|soc=1|smpl_gm=0|vdroop1=0|batoilo=0|batoilo2=0|batt_vs=29300|mdis_morepower=0|thb_hda=51|cp_on_chip_0=34000|cp_on_chip_1=36000|G3D=34000|cp_on_chip_2=36000|cp_on_chip_3=33000|cp_on_chip_4=34000|rf2_therm=31000|rf1_therm=32000|ISP=33000|TPU=34000|AUR=34000|rfpa_therm=30392|quiet_therm=30971|charging_therm=32596|,BIG=35000|MID=37000|usb_pwr_therm=29390|btmspkr_therm=29346|disp_therm=29346|north_therm=29613|soc_therm=32685|battery=29300|battery_cycle=5|dc-mains=33000|usbc-therm-adc=330|max77779fg=29300|LITTLE=35000|soc=1|smpl_gm=0|vdroop1=0|batoilo=0|batoilo2=0|batt_vs=29300|mdis_morepower=0|thb_hda=51|cp_on_chip_0=34000|cp_on_chip_1=36000|G3D=35000|cp_on_chip_2=36000|cp_on_chip_3=33000|cp_on_chip_4=34000|rf2_therm=31000|rf1_therm=32000|ISP=33000|TPU=34000|AUR=34000|rfpa_therm=30392|quiet_therm=30971|charging_therm=32596|,ok,39000,36000,0,36000,1,single,untouched,4096,2048,1,2048,6307,0,1082927,0,4,4,ok
1,13,nvhe,4,578000,1795000,36000,37000,BIG=36000|MID=35000|usb_pwr_therm=29390|btmspkr_therm=29346|disp_therm=29368|north_therm=29613|soc_therm=32663|battery=29300|battery_cycle=5|dc-mains=33000|usbc-therm-adc=330|max77779fg=29300|LITTLE=35000|soc=1|smpl_gm=0|vdroop1=0|batoilo=0|batoilo2=0|batt_vs=29300|mdis_morepower=0|thb_hda=51|cp_on_chip_0=34000|cp_on_chip_1=36000|G3D=34000|cp_on_chip_2=36000|cp_on_chip_3=33000|cp_on_chip_4=34000|rf2_therm=31000|rf1_therm=32000|ISP=33000|TPU=34000|AUR=34000|rfpa_therm=30392|quiet_therm=30971|charging_therm=32596|,BIG=35000|MID=37000|usb_pwr_therm=29390|btmspkr_therm=29346|disp_therm=29346|north_therm=29613|soc_therm=32685|battery=29300|battery_cycle=5|dc-mains=33000|usbc-therm-adc=330|max77779fg=29300|LITTLE=35000|soc=1|smpl_gm=0|vdroop1=0|batoilo=0|batoilo2=0|batt_vs=29300|mdis_morepower=0|thb_hda=51|cp_on_chip_0=34000|cp_on_chip_1=36000|G3D=35000|cp_on_chip_2=36000|cp_on_chip_3=33000|cp_on_chip_4=34000|rf2_therm=31000|rf1_therm=32000|ISP=33000|TPU=34000|AUR=34000|rfpa_therm=30392|quiet_therm=30971|charging_therm=32596|,ok,39000,36000,0,36000,1,single,untouched,4096,2048,2,2048,34586,0,1023682,0,4,4,ok
1,13,nvhe,4,578000,1795000,36000,37000,BIG=36000|MID=35000|usb_pwr_therm=29390|btmspkr_therm=29346|disp_therm=29368|north_therm=29613|soc_therm=32663|battery=29300|battery_cycle=5|dc-mains=33000|usbc-therm-adc=330|max77779fg=29300|LITTLE=35000|soc=1|smpl_gm=0|vdroop1=0|batoilo=0|batoilo2=0|batt_vs=29300|mdis_morepower=0|thb_hda=51|cp_on_chip_0=34000|cp_on_chip_1=36000|G3D=34000|cp_on_chip_2=36000|cp_on_chip_3=33000|cp_on_chip_4=34000|rf2_therm=31000|rf1_therm=32000|ISP=33000|TPU=34000|AUR=34000|rfpa_therm=30392|quiet_therm=30971|charging_therm=32596|,BIG=35000|MID=37000|usb_pwr_therm=29390|btmspkr_therm=29346|disp_therm=29346|north_therm=29613|soc_therm=32685|battery=29300|battery_cycle=5|dc-mains=33000|usbc-therm-adc=330|max77779fg=29300|LITTLE=35000|soc=1|smpl_gm=0|vdroop1=0|batoilo=0|batoilo2=0|batt_vs=29300|mdis_morepower=0|thb_hda=51|cp_on_chip_0=34000|cp_on_chip_1=36000|G3D=35000|cp_on_chip_2=36000|cp_on_chip_3=33000|cp_on_chip_4=34000|rf2_therm=31000|rf1_therm=32000|ISP=33000|TPU=34000|AUR=34000|rfpa_therm=30392|quiet_therm=30971|charging_therm=32596|,ok,39000,36000,0,36000,1,single,untouched,4096,2048,3,2048,9440,0,960571,0,4,4,ok
1,13,nvhe,4,578000,1795000,36000,37000,BIG=36000|MID=35000|usb_pwr_therm=29390|btmspkr_therm=29346|disp_therm=29368|north_therm=29613|soc_therm=32663|battery=29300|battery_cycle=5|dc-mains=33000|usbc-therm-adc=330|max77779fg=29300|LITTLE=35000|soc=1|smpl_gm=0|vdroop1=0|batoilo=0|batoilo2=0|batt_vs=29300|mdis_morepower=0|thb_hda=51|cp_on_chip_0=34000|cp_on_chip_1=36000|G3D=34000|cp_on_chip_2=36000|cp_on_chip_3=33000|cp_on_chip_4=34000|rf2_therm=31000|rf1_therm=32000|ISP=33000|TPU=34000|AUR=34000|rfpa_therm=30392|quiet_therm=30971|charging_therm=32596|,BIG=35000|MID=37000|usb_pwr_therm=29390|btmspkr_therm=29346|disp_therm=29346|north_therm=29613|soc_therm=32685|battery=29300|battery_cycle=5|dc-mains=33000|usbc-therm-adc=330|max77779fg=29300|LITTLE=35000|soc=1|smpl_gm=0|vdroop1=0|batoilo=0|batoilo2=0|batt_vs=29300|mdis_morepower=0|thb_hda=51|cp_on_chip_0=34000|cp_on_chip_1=36000|G3D=35000|cp_on_chip_2=36000|cp_on_chip_3=33000|cp_on_chip_4=34000|rf2_therm=31000|rf1_therm=32000|ISP=33000|TPU=34000|AUR=34000|rfpa_therm=30392|quiet_therm=30971|charging_therm=32596|,ok,39000,36000,0,36000,1,single,untouched,4096,2048,4,2048,38981,0,1024211,0,4,4,ok
1,13,nvhe,4,578000,1795000,36000,37000,BIG=36000|MID=35000|usb_pwr_therm=29390|btmspkr_therm=29346|disp_therm=29368|north_therm=29613|soc_therm=32663|battery=29300|battery_cycle=5|dc-mains=33000|usbc-therm-adc=330|max77779fg=29300|LITTLE=35000|soc=1|smpl_gm=0|vdroop1=0|batoilo=0|batoilo2=0|batt_vs=29300|mdis_morepower=0|thb_hda=51|cp_on_chip_0=34000|cp_on_chip_1=36000|G3D=34000|cp_on_chip_2=36000|cp_on_chip_3=33000|cp_on_chip_4=34000|rf2_therm=31000|rf1_therm=32000|ISP=33000|TPU=34000|AUR=34000|rfpa_therm=30392|quiet_therm=30971|charging_therm=32596|,BIG=35000|MID=37000|usb_pwr_therm=29390|btmspkr_therm=29346|disp_therm=29346|north_therm=29613|soc_therm=32685|battery=29300|battery_cycle=5|dc-mains=33000|usbc-therm-adc=330|max77779fg=29300|LITTLE=35000|soc=1|smpl_gm=0|vdroop1=0|batoilo=0|batoilo2=0|batt_vs=29300|mdis_morepower=0|thb_hda=51|cp_on_chip_0=34000|cp_on_chip_1=36000|G3D=35000|cp_on_chip_2=36000|cp_on_chip_3=33000|cp_on_chip_4=34000|rf2_therm=31000|rf1_therm=32000|ISP=33000|TPU=34000|AUR=34000|rfpa_therm=30392|quiet_therm=30971|charging_therm=32596|,ok,39000,36000,0,36000,1,single,untouched,4096,2048,5,2048,39673,0,1033040,0,4,4,ok
1,13,nvhe,4,578000,1795000,36000,37000,BIG=36000|MID=35000|usb_pwr_therm=29390|btmspkr_therm=29346|disp_therm=29368|north_therm=29613|soc_therm=32663|battery=29300|battery_cycle=5|dc-mains=33000|usbc-therm-adc=330|max77779fg=29300|LITTLE=35000|soc=1|smpl_gm=0|vdroop1=0|batoilo=0|batoilo2=0|batt_vs=29300|mdis_morepower=0|thb_hda=51|cp_on_chip_0=34000|cp_on_chip_1=36000|G3D=34000|cp_on_chip_2=36000|cp_on_chip_3=33000|cp_on_chip_4=34000|rf2_therm=31000|rf1_therm=32000|ISP=33000|TPU=34000|AUR=34000|rfpa_therm=30392|quiet_therm=30971|charging_therm=32596|,BIG=35000|MID=37000|usb_pwr_therm=29390|btmspkr_therm=29346|disp_therm=29346|north_therm=29613|soc_therm=32685|battery=29300|battery_cycle=5|dc-mains=33000|usbc-therm-adc=330|max77779fg=29300|LITTLE=35000|soc=1|smpl_gm=0|vdroop1=0|batoilo=0|batoilo2=0|batt_vs=29300|mdis_morepower=0|thb_hda=51|cp_on_chip_0=34000|cp_on_chip_1=36000|G3D=35000|cp_on_chip_2=36000|cp_on_chip_3=33000|cp_on_chip_4=34000|rf2_therm=31000|rf1_therm=32000|ISP=33000|TPU=34000|AUR=34000|rfpa_therm=30392|quiet_therm=30971|charging_therm=32596|,ok,39000,36000,0,36000,1,single,untouched,4096,2048,6,2048,6673,0,1581136,0,4,4,ok
1,13,nvhe,4,578000,1795000,36000,37000,BIG=36000|MID=35000|usb_pwr_therm=29390|btmspkr_therm=29346|disp_therm=29368|north_therm=29613|soc_therm=32663|battery=29300|battery_cycle=5|dc-mains=33000|usbc-therm-adc=330|max77779fg=29300|LITTLE=35000|soc=1|smpl_gm=0|vdroop1=0|batoilo=0|batoilo2=0|batt_vs=29300|mdis_morepower=0|thb_hda=51|cp_on_chip_0=34000|cp_on_chip_1=36000|G3D=34000|cp_on_chip_2=36000|cp_on_chip_3=33000|cp_on_chip_4=34000|rf2_therm=31000|rf1_therm=32000|ISP=33000|TPU=34000|AUR=34000|rfpa_therm=30392|quiet_therm=30971|charging_therm=32596|,BIG=35000|MID=37000|usb_pwr_therm=29390|btmspkr_therm=29346|disp_therm=29346|north_therm=29613|soc_therm=32685|battery=29300|battery_cycle=5|dc-mains=33000|usbc-therm-adc=330|max77779fg=29300|LITTLE=35000|soc=1|smpl_gm=0|vdroop1=0|batoilo=0|batoilo2=0|batt_vs=29300|mdis_morepower=0|thb_hda=51|cp_on_chip_0=34000|cp_on_chip_1=36000|G3D=35000|cp_on_chip_2=36000|cp_on_chip_3=33000|cp_on_chip_4=34000|rf2_therm=31000|rf1_therm=32000|ISP=33000|TPU=34000|AUR=34000|rfpa_therm=30392|quiet_therm=30971|charging_therm=32596|,ok,39000,36000,0,36000,1,single,untouched,4096,2048,7,2048,32186,0,1580078,0,4,4,ok
1,13,nvhe,4,578000,1795000,36000,37000,BIG=36000|MID=35000|usb_pwr_therm=29390|btmspkr_therm=29346|disp_therm=29368|north_therm=29613|soc_therm=32663|battery=29300|battery_cycle=5|dc-mains=33000|usbc-therm-adc=330|max77779fg=29300|LITTLE=35000|soc=1|smpl_gm=0|vdroop1=0|batoilo=0|batoilo2=0|batt_vs=29300|mdis_morepower=0|thb_hda=51|cp_on_chip_0=34000|cp_on_chip_1=36000|G3D=34000|cp_on_chip_2=36000|cp_on_chip_3=33000|cp_on_chip_4=34000|rf2_therm=31000|rf1_therm=32000|ISP=33000|TPU=34000|AUR=34000|rfpa_therm=30392|quiet_therm=30971|charging_therm=32596|,BIG=35000|MID=37000|usb_pwr_therm=29390|btmspkr_therm=29346|disp_therm=29346|north_therm=29613|soc_therm=32685|battery=29300|battery_cycle=5|dc-mains=33000|usbc-therm-adc=330|max77779fg=29300|LITTLE=35000|soc=1|smpl_gm=0|vdroop1=0|batoilo=0|batoilo2=0|batt_vs=29300|mdis_morepower=0|thb_hda=51|cp_on_chip_0=34000|cp_on_chip_1=36000|G3D=35000|cp_on_chip_2=36000|cp_on_chip_3=33000|cp_on_chip_4=34000|rf2_therm=31000|rf1_therm=32000|ISP=33000|TPU=34000|AUR=34000|rfpa_therm=30392|quiet_therm=30971|charging_therm=32596|,ok,39000,36000,0,36000,1,single,untouched,4096,2048,8,2048,33651,0,1034464,0,4,4,ok
1,13,nvhe,4,578000,1795000,36000,37000,BIG=36000|MID=35000|usb_pwr_therm=29390|btmspkr_therm=29346|disp_therm=29368|north_therm=29613|soc_therm=32663|battery=29300|battery_cycle=5|dc-mains=33000|usbc-therm-adc=330|max77779fg=29300|LITTLE=35000|soc=1|smpl_gm=0|vdroop1=0|batoilo=0|batoilo2=0|batt_vs=29300|mdis_morepower=0|thb_hda=51|cp_on_chip_0=34000|cp_on_chip_1=36000|G3D=34000|cp_on_chip_2=36000|cp_on_chip_3=33000|cp_on_chip_4=34000|rf2_therm=31000|rf1_therm=32000|ISP=33000|TPU=34000|AUR=34000|rfpa_therm=30392|quiet_therm=30971|charging_therm=32596|,BIG=35000|MID=37000|usb_pwr_therm=29390|btmspkr_therm=29346|disp_therm=29346|north_therm=29613|soc_therm=32685|battery=29300|battery_cycle=5|dc-mains=33000|usbc-therm-adc=330|max77779fg=29300|LITTLE=35000|soc=1|smpl_gm=0|vdroop1=0|batoilo=0|batoilo2=0|batt_vs=29300|mdis_morepower=0|thb_hda=51|cp_on_chip_0=34000|cp_on_chip_1=36000|G3D=35000|cp_on_chip_2=36000|cp_on_chip_3=33000|cp_on_chip_4=34000|rf2_therm=31000|rf1_therm=32000|ISP=33000|TPU=34000|AUR=34000|rfpa_therm=30392|quiet_therm=30971|charging_therm=32596|,ok,39000,36000,0,36000,1,single,untouched,4096,2048,9,2048,28972,0,1023559,0,4,4,ok
1,13,nvhe,4,578000,1795000,36000,37000,BIG=36000|MID=35000|usb_pwr_therm=29390|btmspkr_therm=29346|disp_therm=29368|north_therm=29613|soc_therm=32663|battery=29300|battery_cycle=5|dc-mains=33000|usbc-therm-adc=330|max77779fg=29300|LITTLE=35000|soc=1|smpl_gm=0|vdroop1=0|batoilo=0|batoilo2=0|batt_vs=29300|mdis_morepower=0|thb_hda=51|cp_on_chip_0=34000|cp_on_chip_1=36000|G3D=34000|cp_on_chip_2=36000|cp_on_chip_3=33000|cp_on_chip_4=34000|rf2_therm=31000|rf1_therm=32000|ISP=33000|TPU=34000|AUR=34000|rfpa_therm=30392|quiet_therm=30971|charging_therm=32596|,BIG=35000|MID=37000|usb_pwr_therm=29390|btmspkr_therm=29346|disp_therm=29346|north_therm=29613|soc_therm=32685|battery=29300|battery_cycle=5|dc-mains=33000|usbc-therm-adc=330|max77779fg=29300|LITTLE=35000|soc=1|smpl_gm=0|vdroop1=0|batoilo=0|batoilo2=0|batt_vs=29300|mdis_morepower=0|thb_hda=51|cp_on_chip_0=34000|cp_on_chip_1=36000|G3D=35000|cp_on_chip_2=36000|cp_on_chip_3=33000|cp_on_chip_4=34000|rf2_therm=31000|rf1_therm=32000|ISP=33000|TPU=34000|AUR=34000|rfpa_therm=30392|quiet_therm=30971|charging_therm=32596|,ok,39000,36000,0,36000,1,single,untouched,4096,2048,10,2048,33081,0,1028687,0,4,4,ok
1,13,nvhe,4,578000,1795000,36000,37000,BIG=36000|MID=35000|usb_pwr_therm=29390|btmspkr_therm=29346|disp_therm=29368|north_therm=29613|soc_therm=32663|battery=29300|battery_cycle=5|dc-mains=33000|usbc-therm-adc=330|max77779fg=29300|LITTLE=35000|soc=1|smpl_gm=0|vdroop1=0|batoilo=0|batoilo2=0|batt_vs=29300|mdis_morepower=0|thb_hda=51|cp_on_chip_0=34000|cp_on_chip_1=36000|G3D=34000|cp_on_chip_2=36000|cp_on_chip_3=33000|cp_on_chip_4=34000|rf2_therm=31000|rf1_therm=32000|ISP=33000|TPU=34000|AUR=34000|rfpa_therm=30392|quiet_therm=30971|charging_therm=32596|,BIG=35000|MID=37000|usb_pwr_therm=29390|btmspkr_therm=29346|disp_therm=29346|north_therm=29613|soc_therm=32685|battery=29300|battery_cycle=5|dc-mains=33000|usbc-therm-adc=330|max77779fg=29300|LITTLE=35000|soc=1|smpl_gm=0|vdroop1=0|batoilo=0|batoilo2=0|batt_vs=29300|mdis_morepower=0|thb_hda=51|cp_on_chip_0=34000|cp_on_chip_1=36000|G3D=35000|cp_on_chip_2=36000|cp_on_chip_3=33000|cp_on_chip_4=34000|rf2_therm=31000|rf1_therm=32000|ISP=33000|TPU=34000|AUR=34000|rfpa_therm=30392|quiet_therm=30971|charging_therm=32596|,ok,39000,36000,0,36000,1,single,untouched,4096,2048,11,2048,32959,0,1023560,0,4,4,ok
1,13,nvhe,4,578000,1795000,36000,37000,BIG=36000|MID=35000|usb_pwr_therm=29390|btmspkr_therm=29346|disp_therm=29368|north_therm=29613|soc_therm=32663|battery=29300|battery_cycle=5|dc-mains=33000|usbc-therm-adc=330|max77779fg=29300|LITTLE=35000|soc=1|smpl_gm=0|vdroop1=0|batoilo=0|batoilo2=0|batt_vs=29300|mdis_morepower=0|thb_hda=51|cp_on_chip_0=34000|cp_on_chip_1=36000|G3D=34000|cp_on_chip_2=36000|cp_on_chip_3=33000|cp_on_chip_4=34000|rf2_therm=31000|rf1_therm=32000|ISP=33000|TPU=34000|AUR=34000|rfpa_therm=30392|quiet_therm=30971|charging_therm=32596|,BIG=35000|MID=37000|usb_pwr_therm=29390|btmspkr_therm=29346|disp_therm=29346|north_therm=29613|soc_therm=32685|battery=29300|battery_cycle=5|dc-mains=33000|usbc-therm-adc=330|max77779fg=29300|LITTLE=35000|soc=1|smpl_gm=0|vdroop1=0|batoilo=0|batoilo2=0|batt_vs=29300|mdis_morepower=0|thb_hda=51|cp_on_chip_0=34000|cp_on_chip_1=36000|G3D=35000|cp_on_chip_2=36000|cp_on_chip_3=33000|cp_on_chip_4=34000|rf2_therm=31000|rf1_therm=32000|ISP=33000|TPU=34000|AUR=34000|rfpa_therm=30392|quiet_therm=30971|charging_therm=32596|,ok,39000,36000,0,36000,1,single,untouched,4096,2048,12,2048,38697,0,1057332,0,4,4,ok
1,13,nvhe,4,578000,1795000,36000,37000,BIG=36000|MID=35000|usb_pwr_therm=29390|btmspkr_therm=29346|disp_therm=29368|north_therm=29613|soc_therm=32663|battery=29300|battery_cycle=5|dc-mains=33000|usbc-therm-adc=330|max77779fg=29300|LITTLE=35000|soc=1|smpl_gm=0|vdroop1=0|batoilo=0|batoilo2=0|batt_vs=29300|mdis_morepower=0|thb_hda=51|cp_on_chip_0=34000|cp_on_chip_1=36000|G3D=34000|cp_on_chip_2=36000|cp_on_chip_3=33000|cp_on_chip_4=34000|rf2_therm=31000|rf1_therm=32000|ISP=33000|TPU=34000|AUR=34000|rfpa_therm=30392|quiet_therm=30971|charging_therm=32596|,BIG=35000|MID=37000|usb_pwr_therm=29390|btmspkr_therm=29346|disp_therm=29346|north_therm=29613|soc_therm=32685|battery=29300|battery_cycle=5|dc-mains=33000|usbc-therm-adc=330|max77779fg=29300|LITTLE=35000|soc=1|smpl_gm=0|vdroop1=0|batoilo=0|batoilo2=0|batt_vs=29300|mdis_morepower=0|thb_hda=51|cp_on_chip_0=34000|cp_on_chip_1=36000|G3D=35000|cp_on_chip_2=36000|cp_on_chip_3=33000|cp_on_chip_4=34000|rf2_therm=31000|rf1_therm=32000|ISP=33000|TPU=34000|AUR=34000|rfpa_therm=30392|quiet_therm=30971|charging_therm=32596|,ok,39000,36000,0,36000,1,single,untouched,4096,2048,13,2048,11190,0,943766,0,4,4,ok
1,13,nvhe,4,578000,1795000,36000,37000,BIG=36000|MID=35000|usb_pwr_therm=29390|btmspkr_therm=29346|disp_therm=29368|north_therm=29613|soc_therm=32663|battery=29300|battery_cycle=5|dc-mains=33000|usbc-therm-adc=330|max77779fg=29300|LITTLE=35000|soc=1|smpl_gm=0|vdroop1=0|batoilo=0|batoilo2=0|batt_vs=29300|mdis_morepower=0|thb_hda=51|cp_on_chip_0=34000|cp_on_chip_1=36000|G3D=34000|cp_on_chip_2=36000|cp_on_chip_3=33000|cp_on_chip_4=34000|rf2_therm=31000|rf1_therm=32000|ISP=33000|TPU=34000|AUR=34000|rfpa_therm=30392|quiet_therm=30971|charging_therm=32596|,BIG=35000|MID=37000|usb_pwr_therm=29390|btmspkr_therm=29346|disp_therm=29346|north_therm=29613|soc_therm=32685|battery=29300|battery_cycle=5|dc-mains=33000|usbc-therm-adc=330|max77779fg=29300|LITTLE=35000|soc=1|smpl_gm=0|vdroop1=0|batoilo=0|batoilo2=0|batt_vs=29300|mdis_morepower=0|thb_hda=51|cp_on_chip_0=34000|cp_on_chip_1=36000|G3D=35000|cp_on_chip_2=36000|cp_on_chip_3=33000|cp_on_chip_4=34000|rf2_therm=31000|rf1_therm=32000|ISP=33000|TPU=34000|AUR=34000|rfpa_therm=30392|quiet_therm=30971|charging_therm=32596|,ok,39000,36000,0,36000,1,single,untouched,4096,2048,14,2048,37313,0,943726,0,4,4,ok
1,13,nvhe,4,578000,1795000,36000,37000,BIG=36000|MID=35000|usb_pwr_therm=29390|btmspkr_therm=29346|disp_therm=29368|north_therm=29613|soc_therm=32663|battery=29300|battery_cycle=5|dc-mains=33000|usbc-therm-adc=330|max77779fg=29300|LITTLE=35000|soc=1|smpl_gm=0|vdroop1=0|batoilo=0|batoilo2=0|batt_vs=29300|mdis_morepower=0|thb_hda=51|cp_on_chip_0=34000|cp_on_chip_1=36000|G3D=34000|cp_on_chip_2=36000|cp_on_chip_3=33000|cp_on_chip_4=34000|rf2_therm=31000|rf1_therm=32000|ISP=33000|TPU=34000|AUR=34000|rfpa_therm=30392|quiet_therm=30971|charging_therm=32596|,BIG=35000|MID=37000|usb_pwr_therm=29390|btmspkr_therm=29346|disp_therm=29346|north_therm=29613|soc_therm=32685|battery=29300|battery_cycle=5|dc-mains=33000|usbc-therm-adc=330|max77779fg=29300|LITTLE=35000|soc=1|smpl_gm=0|vdroop1=0|batoilo=0|batoilo2=0|batt_vs=29300|mdis_morepower=0|thb_hda=51|cp_on_chip_0=34000|cp_on_chip_1=36000|G3D=35000|cp_on_chip_2=36000|cp_on_chip_3=33000|cp_on_chip_4=34000|rf2_therm=31000|rf1_therm=32000|ISP=33000|TPU=34000|AUR=34000|rfpa_therm=30392|quiet_therm=30971|charging_therm=32596|,ok,39000,36000,0,36000,1,single,untouched,4096,2048,15,2048,11312,0,944295,0,4,4,ok
1,13,nvhe,4,578000,1795000,36000,37000,BIG=36000|MID=35000|usb_pwr_therm=29390|btmspkr_therm=29346|disp_therm=29368|north_therm=29613|soc_therm=32663|battery=29300|battery_cycle=5|dc-mains=33000|usbc-therm-adc=330|max77779fg=29300|LITTLE=35000|soc=1|smpl_gm=0|vdroop1=0|batoilo=0|batoilo2=0|batt_vs=29300|mdis_morepower=0|thb_hda=51|cp_on_chip_0=34000|cp_on_chip_1=36000|G3D=34000|cp_on_chip_2=36000|cp_on_chip_3=33000|cp_on_chip_4=34000|rf2_therm=31000|rf1_therm=32000|ISP=33000|TPU=34000|AUR=34000|rfpa_therm=30392|quiet_therm=30971|charging_therm=32596|,BIG=35000|MID=37000|usb_pwr_therm=29390|btmspkr_therm=29346|disp_therm=29346|north_therm=29613|soc_therm=32685|battery=29300|battery_cycle=5|dc-mains=33000|usbc-therm-adc=330|max77779fg=29300|LITTLE=35000|soc=1|smpl_gm=0|vdroop1=0|batoilo=0|batoilo2=0|batt_vs=29300|mdis_morepower=0|thb_hda=51|cp_on_chip_0=34000|cp_on_chip_1=36000|G3D=35000|cp_on_chip_2=36000|cp_on_chip_3=33000|cp_on_chip_4=34000|rf2_therm=31000|rf1_therm=32000|ISP=33000|TPU=34000|AUR=34000|rfpa_therm=30392|quiet_therm=30971|charging_therm=32596|,ok,39000,36000,0,36000,1,single,untouched,4096,2048,16,2048,32430,0,970418,0,4,4,ok
1,13,nvhe,4,578000,1795000,36000,37000,BIG=36000|MID=35000|usb_pwr_therm=29390|btmspkr_therm=29346|disp_therm=29368|north_therm=29613|soc_therm=32663|battery=29300|battery_cycle=5|dc-mains=33000|usbc-therm-adc=330|max77779fg=29300|LITTLE=35000|soc=1|smpl_gm=0|vdroop1=0|batoilo=0|batoilo2=0|batt_vs=29300|mdis_morepower=0|thb_hda=51|cp_on_chip_0=34000|cp_on_chip_1=36000|G3D=34000|cp_on_chip_2=36000|cp_on_chip_3=33000|cp_on_chip_4=34000|rf2_therm=31000|rf1_therm=32000|ISP=33000|TPU=34000|AUR=34000|rfpa_therm=30392|quiet_therm=30971|charging_therm=32596|,BIG=35000|MID=37000|usb_pwr_therm=29390|btmspkr_therm=29346|disp_therm=29346|north_therm=29613|soc_therm=32685|battery=29300|battery_cycle=5|dc-mains=33000|usbc-therm-adc=330|max77779fg=29300|LITTLE=35000|soc=1|smpl_gm=0|vdroop1=0|batoilo=0|batoilo2=0|batt_vs=29300|mdis_morepower=0|thb_hda=51|cp_on_chip_0=34000|cp_on_chip_1=36000|G3D=35000|cp_on_chip_2=36000|cp_on_chip_3=33000|cp_on_chip_4=34000|rf2_therm=31000|rf1_therm=32000|ISP=33000|TPU=34000|AUR=34000|rfpa_therm=30392|quiet_therm=30971|charging_therm=32596|,ok,39000,36000,0,36000,1,single,untouched,4096,2048,17,2048,9521,0,862345,0,4,4,ok
1,13,nvhe,4,578000,1795000,36000,37000,BIG=36000|MID=35000|usb_pwr_therm=29390|btmspkr_therm=29346|disp_therm=29368|north_therm=29613|soc_therm=32663|battery=29300|battery_cycle=5|dc-mains=33000|usbc-therm-adc=330|max77779fg=29300|LITTLE=35000|soc=1|smpl_gm=0|vdroop1=0|batoilo=0|batoilo2=0|batt_vs=29300|mdis_morepower=0|thb_hda=51|cp_on_chip_0=34000|cp_on_chip_1=36000|G3D=34000|cp_on_chip_2=36000|cp_on_chip_3=33000|cp_on_chip_4=34000|rf2_therm=31000|rf1_therm=32000|ISP=33000|TPU=34000|AUR=34000|rfpa_therm=30392|quiet_therm=30971|charging_therm=32596|,BIG=35000|MID=37000|usb_pwr_therm=29390|btmspkr_therm=29346|disp_therm=29346|north_therm=29613|soc_therm=32685|battery=29300|battery_cycle=5|dc-mains=33000|usbc-therm-adc=330|max77779fg=29300|LITTLE=35000|soc=1|smpl_gm=0|vdroop1=0|batoilo=0|batoilo2=0|batt_vs=29300|mdis_morepower=0|thb_hda=51|cp_on_chip_0=34000|cp_on_chip_1=36000|G3D=35000|cp_on_chip_2=36000|cp_on_chip_3=33000|cp_on_chip_4=34000|rf2_therm=31000|rf1_therm=32000|ISP=33000|TPU=34000|AUR=34000|rfpa_therm=30392|quiet_therm=30971|charging_therm=32596|,ok,39000,36000,0,36000,1,single,untouched,4096,2048,18,2048,31128,0,862264,0,4,4,ok
1,13,nvhe,4,578000,1795000,36000,37000,BIG=36000|MID=35000|usb_pwr_therm=29390|btmspkr_therm=29346|disp_therm=29368|north_therm=29613|soc_therm=32663|battery=29300|battery_cycle=5|dc-mains=33000|usbc-therm-adc=330|max77779fg=29300|LITTLE=35000|soc=1|smpl_gm=0|vdroop1=0|batoilo=0|batoilo2=0|batt_vs=29300|mdis_morepower=0|thb_hda=51|cp_on_chip_0=34000|cp_on_chip_1=36000|G3D=34000|cp_on_chip_2=36000|cp_on_chip_3=33000|cp_on_chip_4=34000|rf2_therm=31000|rf1_therm=32000|ISP=33000|TPU=34000|AUR=34000|rfpa_therm=30392|quiet_therm=30971|charging_therm=32596|,BIG=35000|MID=37000|usb_pwr_therm=29390|btmspkr_therm=29346|disp_therm=29346|north_therm=29613|soc_therm=32685|battery=29300|battery_cycle=5|dc-mains=33000|usbc-therm-adc=330|max77779fg=29300|LITTLE=35000|soc=1|smpl_gm=0|vdroop1=0|batoilo=0|batoilo2=0|batt_vs=29300|mdis_morepower=0|thb_hda=51|cp_on_chip_0=34000|cp_on_chip_1=36000|G3D=35000|cp_on_chip_2=36000|cp_on_chip_3=33000|cp_on_chip_4=34000|rf2_therm=31000|rf1_therm=32000|ISP=33000|TPU=34000|AUR=34000|rfpa_therm=30392|quiet_therm=30971|charging_therm=32596|,ok,39000,36000,0,36000,1,single,untouched,4096,2048,19,2048,35482,0,862915,0,4,4,ok
1,13,nvhe,4,578000,1795000,36000,37000,BIG=36000|MID=35000|usb_pwr_therm=29390|btmspkr_therm=29346|disp_therm=29368|north_therm=29613|soc_therm=32663|battery=29300|battery_cycle=5|dc-mains=33000|usbc-therm-adc=330|max77779fg=29300|LITTLE=35000|soc=1|smpl_gm=0|vdroop1=0|batoilo=0|batoilo2=0|batt_vs=29300|mdis_morepower=0|thb_hda=51|cp_on_chip_0=34000|cp_on_chip_1=36000|G3D=34000|cp_on_chip_2=36000|cp_on_chip_3=33000|cp_on_chip_4=34000|rf2_therm=31000|rf1_therm=32000|ISP=33000|TPU=34000|AUR=34000|rfpa_therm=30392|quiet_therm=30971|charging_therm=32596|,BIG=35000|MID=37000|usb_pwr_therm=29390|btmspkr_therm=29346|disp_therm=29346|north_therm=29613|soc_therm=32685|battery=29300|battery_cycle=5|dc-mains=33000|usbc-therm-adc=330|max77779fg=29300|LITTLE=35000|soc=1|smpl_gm=0|vdroop1=0|batoilo=0|batoilo2=0|batt_vs=29300|mdis_morepower=0|thb_hda=51|cp_on_chip_0=34000|cp_on_chip_1=36000|G3D=35000|cp_on_chip_2=36000|cp_on_chip_3=33000|cp_on_chip_4=34000|rf2_therm=31000|rf1_therm=32000|ISP=33000|TPU=34000|AUR=34000|rfpa_therm=30392|quiet_therm=30971|charging_therm=32596|,ok,39000,36000,0,36000,1,single,untouched,4096,2048,20,2048,6795,0,872558,0,4,4,ok
1,13,nvhe,4,578000,1795000,36000,37000,BIG=36000|MID=35000|usb_pwr_therm=29390|btmspkr_therm=29346|disp_therm=29368|north_therm=29613|soc_therm=32663|battery=29300|battery_cycle=5|dc-mains=33000|usbc-therm-adc=330|max77779fg=29300|LITTLE=35000|soc=1|smpl_gm=0|vdroop1=0|batoilo=0|batoilo2=0|batt_vs=29300|mdis_morepower=0|thb_hda=51|cp_on_chip_0=34000|cp_on_chip_1=36000|G3D=34000|cp_on_chip_2=36000|cp_on_chip_3=33000|cp_on_chip_4=34000|rf2_therm=31000|rf1_therm=32000|ISP=33000|TPU=34000|AUR=34000|rfpa_therm=30392|quiet_therm=30971|charging_therm=32596|,BIG=35000|MID=37000|usb_pwr_therm=29390|btmspkr_therm=29346|disp_therm=29346|north_therm=29613|soc_therm=32685|battery=29300|battery_cycle=5|dc-mains=33000|usbc-therm-adc=330|max77779fg=29300|LITTLE=35000|soc=1|smpl_gm=0|vdroop1=0|batoilo=0|batoilo2=0|batt_vs=29300|mdis_morepower=0|thb_hda=51|cp_on_chip_0=34000|cp_on_chip_1=36000|G3D=35000|cp_on_chip_2=36000|cp_on_chip_3=33000|cp_on_chip_4=34000|rf2_therm=31000|rf1_therm=32000|ISP=33000|TPU=34000|AUR=34000|rfpa_therm=30392|quiet_therm=30971|charging_therm=32596|,ok,39000,36000,0,36000,1,single,untouched,4096,2048,21,2048,6552,0,862386,0,4,4,ok
1,13,nvhe,4,578000,1795000,36000,37000,BIG=36000|MID=35000|usb_pwr_therm=29390|btmspkr_therm=29346|disp_therm=29368|north_therm=29613|soc_therm=32663|battery=29300|battery_cycle=5|dc-mains=33000|usbc-therm-adc=330|max77779fg=29300|LITTLE=35000|soc=1|smpl_gm=0|vdroop1=0|batoilo=0|batoilo2=0|batt_vs=29300|mdis_morepower=0|thb_hda=51|cp_on_chip_0=34000|cp_on_chip_1=36000|G3D=34000|cp_on_chip_2=36000|cp_on_chip_3=33000|cp_on_chip_4=34000|rf2_therm=31000|rf1_therm=32000|ISP=33000|TPU=34000|AUR=34000|rfpa_therm=30392|quiet_therm=30971|charging_therm=32596|,BIG=35000|MID=37000|usb_pwr_therm=29390|btmspkr_therm=29346|disp_therm=29346|north_therm=29613|soc_therm=32685|battery=29300|battery_cycle=5|dc-mains=33000|usbc-therm-adc=330|max77779fg=29300|LITTLE=35000|soc=1|smpl_gm=0|vdroop1=0|batoilo=0|batoilo2=0|batt_vs=29300|mdis_morepower=0|thb_hda=51|cp_on_chip_0=34000|cp_on_chip_1=36000|G3D=35000|cp_on_chip_2=36000|cp_on_chip_3=33000|cp_on_chip_4=34000|rf2_therm=31000|rf1_therm=32000|ISP=33000|TPU=34000|AUR=34000|rfpa_therm=30392|quiet_therm=30971|charging_therm=32596|,ok,39000,36000,0,36000,1,single,untouched,4096,2048,22,2048,32999,0,862712,0,4,4,ok
1,13,nvhe,4,578000,1795000,36000,37000,BIG=36000|MID=35000|usb_pwr_therm=29390|btmspkr_therm=29346|disp_therm=29368|north_therm=29613|soc_therm=32663|battery=29300|battery_cycle=5|dc-mains=33000|usbc-therm-adc=330|max77779fg=29300|LITTLE=35000|soc=1|smpl_gm=0|vdroop1=0|batoilo=0|batoilo2=0|batt_vs=29300|mdis_morepower=0|thb_hda=51|cp_on_chip_0=34000|cp_on_chip_1=36000|G3D=34000|cp_on_chip_2=36000|cp_on_chip_3=33000|cp_on_chip_4=34000|rf2_therm=31000|rf1_therm=32000|ISP=33000|TPU=34000|AUR=34000|rfpa_therm=30392|quiet_therm=30971|charging_therm=32596|,BIG=35000|MID=37000|usb_pwr_therm=29390|btmspkr_therm=29346|disp_therm=29346|north_therm=29613|soc_therm=32685|battery=29300|battery_cycle=5|dc-mains=33000|usbc-therm-adc=330|max77779fg=29300|LITTLE=35000|soc=1|smpl_gm=0|vdroop1=0|batoilo=0|batoilo2=0|batt_vs=29300|mdis_morepower=0|thb_hda=51|cp_on_chip_0=34000|cp_on_chip_1=36000|G3D=35000|cp_on_chip_2=36000|cp_on_chip_3=33000|cp_on_chip_4=34000|rf2_therm=31000|rf1_therm=32000|ISP=33000|TPU=34000|AUR=34000|rfpa_therm=30392|quiet_therm=30971|charging_therm=32596|,ok,39000,36000,0,36000,1,single,untouched,4096,2048,23,2048,5453,0,862589,0,4,4,ok
1,13,nvhe,4,578000,1795000,36000,37000,BIG=36000|MID=35000|usb_pwr_therm=29390|btmspkr_therm=29346|disp_therm=29368|north_therm=29613|soc_therm=32663|battery=29300|battery_cycle=5|dc-mains=33000|usbc-therm-adc=330|max77779fg=29300|LITTLE=35000|soc=1|smpl_gm=0|vdroop1=0|batoilo=0|batoilo2=0|batt_vs=29300|mdis_morepower=0|thb_hda=51|cp_on_chip_0=34000|cp_on_chip_1=36000|G3D=34000|cp_on_chip_2=36000|cp_on_chip_3=33000|cp_on_chip_4=34000|rf2_therm=31000|rf1_therm=32000|ISP=33000|TPU=34000|AUR=34000|rfpa_therm=30392|quiet_therm=30971|charging_therm=32596|,BIG=35000|MID=37000|usb_pwr_therm=29390|btmspkr_therm=29346|disp_therm=29346|north_therm=29613|soc_therm=32685|battery=29300|battery_cycle=5|dc-mains=33000|usbc-therm-adc=330|max77779fg=29300|LITTLE=35000|soc=1|smpl_gm=0|vdroop1=0|batoilo=0|batoilo2=0|batt_vs=29300|mdis_morepower=0|thb_hda=51|cp_on_chip_0=34000|cp_on_chip_1=36000|G3D=35000|cp_on_chip_2=36000|cp_on_chip_3=33000|cp_on_chip_4=34000|rf2_therm=31000|rf1_therm=32000|ISP=33000|TPU=34000|AUR=34000|rfpa_therm=30392|quiet_therm=30971|charging_therm=32596|,ok,39000,36000,0,36000,1,single,untouched,4096,2048,24,2048,31413,0,887573,0,4,4,ok
1,13,nvhe,4,578000,1795000,36000,37000,BIG=36000|MID=35000|usb_pwr_therm=29390|btmspkr_therm=29346|disp_therm=29368|north_therm=29613|soc_therm=32663|battery=29300|battery_cycle=5|dc-mains=33000|usbc-therm-adc=330|max77779fg=29300|LITTLE=35000|soc=1|smpl_gm=0|vdroop1=0|batoilo=0|batoilo2=0|batt_vs=29300|mdis_morepower=0|thb_hda=51|cp_on_chip_0=34000|cp_on_chip_1=36000|G3D=34000|cp_on_chip_2=36000|cp_on_chip_3=33000|cp_on_chip_4=34000|rf2_therm=31000|rf1_therm=32000|ISP=33000|TPU=34000|AUR=34000|rfpa_therm=30392|quiet_therm=30971|charging_therm=32596|,BIG=35000|MID=37000|usb_pwr_therm=29390|btmspkr_therm=29346|disp_therm=29346|north_therm=29613|soc_therm=32685|battery=29300|battery_cycle=5|dc-mains=33000|usbc-therm-adc=330|max77779fg=29300|LITTLE=35000|soc=1|smpl_gm=0|vdroop1=0|batoilo=0|batoilo2=0|batt_vs=29300|mdis_morepower=0|thb_hda=51|cp_on_chip_0=34000|cp_on_chip_1=36000|G3D=35000|cp_on_chip_2=36000|cp_on_chip_3=33000|cp_on_chip_4=34000|rf2_therm=31000|rf1_therm=32000|ISP=33000|TPU=34000|AUR=34000|rfpa_therm=30392|quiet_therm=30971|charging_therm=32596|,ok,39000,36000,0,36000,1,single,untouched,4096,2048,25,2048,4517,0,864380,0,4,4,ok
1,13,nvhe,4,578000,1795000,36000,37000,BIG=36000|MID=35000|usb_pwr_therm=29390|btmspkr_therm=29346|disp_therm=29368|north_therm=29613|soc_therm=32663|battery=29300|battery_cycle=5|dc-mains=33000|usbc-therm-adc=330|max77779fg=29300|LITTLE=35000|soc=1|smpl_gm=0|vdroop1=0|batoilo=0|batoilo2=0|batt_vs=29300|mdis_morepower=0|thb_hda=51|cp_on_chip_0=34000|cp_on_chip_1=36000|G3D=34000|cp_on_chip_2=36000|cp_on_chip_3=33000|cp_on_chip_4=34000|rf2_therm=31000|rf1_therm=32000|ISP=33000|TPU=34000|AUR=34000|rfpa_therm=30392|quiet_therm=30971|charging_therm=32596|,BIG=35000|MID=37000|usb_pwr_therm=29390|btmspkr_therm=29346|disp_therm=29346|north_therm=29613|soc_therm=32685|battery=29300|battery_cycle=5|dc-mains=33000|usbc-therm-adc=330|max77779fg=29300|LITTLE=35000|soc=1|smpl_gm=0|vdroop1=0|batoilo=0|batoilo2=0|batt_vs=29300|mdis_morepower=0|thb_hda=51|cp_on_chip_0=34000|cp_on_chip_1=36000|G3D=35000|cp_on_chip_2=36000|cp_on_chip_3=33000|cp_on_chip_4=34000|rf2_therm=31000|rf1_therm=32000|ISP=33000|TPU=34000|AUR=34000|rfpa_therm=30392|quiet_therm=30971|charging_therm=32596|,ok,39000,36000,0,36000,1,single,untouched,4096,2048,26,2048,7975,0,862752,0,4,4,ok
1,13,nvhe,4,578000,1795000,36000,37000,BIG=36000|MID=35000|usb_pwr_therm=29390|btmspkr_therm=29346|disp_therm=29368|north_therm=29613|soc_therm=32663|battery=29300|battery_cycle=5|dc-mains=33000|usbc-therm-adc=330|max77779fg=29300|LITTLE=35000|soc=1|smpl_gm=0|vdroop1=0|batoilo=0|batoilo2=0|batt_vs=29300|mdis_morepower=0|thb_hda=51|cp_on_chip_0=34000|cp_on_chip_1=36000|G3D=34000|cp_on_chip_2=36000|cp_on_chip_3=33000|cp_on_chip_4=34000|rf2_therm=31000|rf1_therm=32000|ISP=33000|TPU=34000|AUR=34000|rfpa_therm=30392|quiet_therm=30971|charging_therm=32596|,BIG=35000|MID=37000|usb_pwr_therm=29390|btmspkr_therm=29346|disp_therm=29346|north_therm=29613|soc_therm=32685|battery=29300|battery_cycle=5|dc-mains=33000|usbc-therm-adc=330|max77779fg=29300|LITTLE=35000|soc=1|smpl_gm=0|vdroop1=0|batoilo=0|batoilo2=0|batt_vs=29300|mdis_morepower=0|thb_hda=51|cp_on_chip_0=34000|cp_on_chip_1=36000|G3D=35000|cp_on_chip_2=36000|cp_on_chip_3=33000|cp_on_chip_4=34000|rf2_therm=31000|rf1_therm=32000|ISP=33000|TPU=34000|AUR=34000|rfpa_therm=30392|quiet_therm=30971|charging_therm=32596|,ok,39000,36000,0,36000,1,single,untouched,4096,2048,27,2048,23763,0,863037,0,4,4,ok
1,13,nvhe,4,578000,1795000,36000,37000,BIG=36000|MID=35000|usb_pwr_therm=29390|btmspkr_therm=29346|disp_therm=29368|north_therm=29613|soc_therm=32663|battery=29300|battery_cycle=5|dc-mains=33000|usbc-therm-adc=330|max77779fg=29300|LITTLE=35000|soc=1|smpl_gm=0|vdroop1=0|batoilo=0|batoilo2=0|batt_vs=29300|mdis_morepower=0|thb_hda=51|cp_on_chip_0=34000|cp_on_chip_1=36000|G3D=34000|cp_on_chip_2=36000|cp_on_chip_3=33000|cp_on_chip_4=34000|rf2_therm=31000|rf1_therm=32000|ISP=33000|TPU=34000|AUR=34000|rfpa_therm=30392|quiet_therm=30971|charging_therm=32596|,BIG=35000|MID=37000|usb_pwr_therm=29390|btmspkr_therm=29346|disp_therm=29346|north_therm=29613|soc_therm=32685|battery=29300|battery_cycle=5|dc-mains=33000|usbc-therm-adc=330|max77779fg=29300|LITTLE=35000|soc=1|smpl_gm=0|vdroop1=0|batoilo=0|batoilo2=0|batt_vs=29300|mdis_morepower=0|thb_hda=51|cp_on_chip_0=34000|cp_on_chip_1=36000|G3D=35000|cp_on_chip_2=36000|cp_on_chip_3=33000|cp_on_chip_4=34000|rf2_therm=31000|rf1_therm=32000|ISP=33000|TPU=34000|AUR=34000|rfpa_therm=30392|quiet_therm=30971|charging_therm=32596|,ok,39000,36000,0,36000,1,single,untouched,4096,2048,28,2048,22908,0,863078,0,4,4,ok
1,13,nvhe,4,578000,1795000,36000,37000,BIG=36000|MID=35000|usb_pwr_therm=29390|btmspkr_therm=29346|disp_therm=29368|north_therm=29613|soc_therm=32663|battery=29300|battery_cycle=5|dc-mains=33000|usbc-therm-adc=330|max77779fg=29300|LITTLE=35000|soc=1|smpl_gm=0|vdroop1=0|batoilo=0|batoilo2=0|batt_vs=29300|mdis_morepower=0|thb_hda=51|cp_on_chip_0=34000|cp_on_chip_1=36000|G3D=34000|cp_on_chip_2=36000|cp_on_chip_3=33000|cp_on_chip_4=34000|rf2_therm=31000|rf1_therm=32000|ISP=33000|TPU=34000|AUR=34000|rfpa_therm=30392|quiet_therm=30971|charging_therm=32596|,BIG=35000|MID=37000|usb_pwr_therm=29390|btmspkr_therm=29346|disp_therm=29346|north_therm=29613|soc_therm=32685|battery=29300|battery_cycle=5|dc-mains=33000|usbc-therm-adc=330|max77779fg=29300|LITTLE=35000|soc=1|smpl_gm=0|vdroop1=0|batoilo=0|batoilo2=0|batt_vs=29300|mdis_morepower=0|thb_hda=51|cp_on_chip_0=34000|cp_on_chip_1=36000|G3D=35000|cp_on_chip_2=36000|cp_on_chip_3=33000|cp_on_chip_4=34000|rf2_therm=31000|rf1_therm=32000|ISP=33000|TPU=34000|AUR=34000|rfpa_therm=30392|quiet_therm=30971|charging_therm=32596|,ok,39000,36000,0,36000,1,single,untouched,4096,2048,29,2048,22095,0,888632,0,4,4,ok
1,14,nvhe,4,1549000,578000,38000,36000,BIG=35000|MID=37000|usb_pwr_therm=29390|btmspkr_therm=29346|disp_therm=29346|north_therm=29613|soc_therm=32707|battery=29300|battery_cycle=5|dc-mains=33000|usbc-therm-adc=330|max77779fg=29300|LITTLE=35000|soc=1|smpl_gm=0|vdroop1=0|batoilo=0|batoilo2=0|batt_vs=29300|mdis_morepower=0|thb_hda=51|cp_on_chip_0=34000|cp_on_chip_1=36000|G3D=34000|cp_on_chip_2=36000|cp_on_chip_3=33000|cp_on_chip_4=34000|rf2_therm=31000|rf1_therm=32000|ISP=33000|TPU=34000|AUR=34000|rfpa_therm=30414|quiet_therm=30993|charging_therm=32618|,BIG=35000|MID=36000|usb_pwr_therm=29390|btmspkr_therm=29346|disp_therm=29346|north_therm=29613|soc_therm=32707|battery=29300|battery_cycle=5|dc-mains=33000|usbc-therm-adc=330|max77779fg=29300|LITTLE=35000|soc=1|smpl_gm=0|vdroop1=0|batoilo=0|batoilo2=0|batt_vs=29300|mdis_morepower=0|thb_hda=51|cp_on_chip_0=34000|cp_on_chip_1=36000|G3D=35000|cp_on_chip_2=36000|cp_on_chip_3=33000|cp_on_chip_4=34000|rf2_therm=31000|rf1_therm=32000|ISP=33000|TPU=34000|AUR=34000|rfpa_therm=30437|quiet_therm=31015|charging_therm=32640|,ok,39000,36000,0,36000,1,batched,untouched,4096,4096,0,1,20996,0,5086,0,4,4,ok
1,14,nvhe,4,1549000,578000,38000,36000,BIG=35000|MID=37000|usb_pwr_therm=29390|btmspkr_therm=29346|disp_therm=29346|north_therm=29613|soc_therm=32707|battery=29300|battery_cycle=5|dc-mains=33000|usbc-therm-adc=330|max77779fg=29300|LITTLE=35000|soc=1|smpl_gm=0|vdroop1=0|batoilo=0|batoilo2=0|batt_vs=29300|mdis_morepower=0|thb_hda=51|cp_on_chip_0=34000|cp_on_chip_1=36000|G3D=34000|cp_on_chip_2=36000|cp_on_chip_3=33000|cp_on_chip_4=34000|rf2_therm=31000|rf1_therm=32000|ISP=33000|TPU=34000|AUR=34000|rfpa_therm=30414|quiet_therm=30993|charging_therm=32618|,BIG=35000|MID=36000|usb_pwr_therm=29390|btmspkr_therm=29346|disp_therm=29346|north_therm=29613|soc_therm=32707|battery=29300|battery_cycle=5|dc-mains=33000|usbc-therm-adc=330|max77779fg=29300|LITTLE=35000|soc=1|smpl_gm=0|vdroop1=0|batoilo=0|batoilo2=0|batt_vs=29300|mdis_morepower=0|thb_hda=51|cp_on_chip_0=34000|cp_on_chip_1=36000|G3D=35000|cp_on_chip_2=36000|cp_on_chip_3=33000|cp_on_chip_4=34000|rf2_therm=31000|rf1_therm=32000|ISP=33000|TPU=34000|AUR=34000|rfpa_therm=30437|quiet_therm=31015|charging_therm=32640|,ok,39000,36000,0,36000,1,batched,untouched,4096,4096,1,1,4801,0,855,0,4,4,ok
1,14,nvhe,4,1549000,578000,38000,36000,BIG=35000|MID=37000|usb_pwr_therm=29390|btmspkr_therm=29346|disp_therm=29346|north_therm=29613|soc_therm=32707|battery=29300|battery_cycle=5|dc-mains=33000|usbc-therm-adc=330|max77779fg=29300|LITTLE=35000|soc=1|smpl_gm=0|vdroop1=0|batoilo=0|batoilo2=0|batt_vs=29300|mdis_morepower=0|thb_hda=51|cp_on_chip_0=34000|cp_on_chip_1=36000|G3D=34000|cp_on_chip_2=36000|cp_on_chip_3=33000|cp_on_chip_4=34000|rf2_therm=31000|rf1_therm=32000|ISP=33000|TPU=34000|AUR=34000|rfpa_therm=30414|quiet_therm=30993|charging_therm=32618|,BIG=35000|MID=36000|usb_pwr_therm=29390|btmspkr_therm=29346|disp_therm=29346|north_therm=29613|soc_therm=32707|battery=29300|battery_cycle=5|dc-mains=33000|usbc-therm-adc=330|max77779fg=29300|LITTLE=35000|soc=1|smpl_gm=0|vdroop1=0|batoilo=0|batoilo2=0|batt_vs=29300|mdis_morepower=0|thb_hda=51|cp_on_chip_0=34000|cp_on_chip_1=36000|G3D=35000|cp_on_chip_2=36000|cp_on_chip_3=33000|cp_on_chip_4=34000|rf2_therm=31000|rf1_therm=32000|ISP=33000|TPU=34000|AUR=34000|rfpa_therm=30437|quiet_therm=31015|charging_therm=32640|,ok,39000,36000,0,36000,1,batched,untouched,4096,4096,2,1,5330,0,854,0,4,4,ok
1,14,nvhe,4,1549000,578000,38000,36000,BIG=35000|MID=37000|usb_pwr_therm=29390|btmspkr_therm=29346|disp_therm=29346|north_therm=29613|soc_therm=32707|battery=29300|battery_cycle=5|dc-mains=33000|usbc-therm-adc=330|max77779fg=29300|LITTLE=35000|soc=1|smpl_gm=0|vdroop1=0|batoilo=0|batoilo2=0|batt_vs=29300|mdis_morepower=0|thb_hda=51|cp_on_chip_0=34000|cp_on_chip_1=36000|G3D=34000|cp_on_chip_2=36000|cp_on_chip_3=33000|cp_on_chip_4=34000|rf2_therm=31000|rf1_therm=32000|ISP=33000|TPU=34000|AUR=34000|rfpa_therm=30414|quiet_therm=30993|charging_therm=32618|,BIG=35000|MID=36000|usb_pwr_therm=29390|btmspkr_therm=29346|disp_therm=29346|north_therm=29613|soc_therm=32707|battery=29300|battery_cycle=5|dc-mains=33000|usbc-therm-adc=330|max77779fg=29300|LITTLE=35000|soc=1|smpl_gm=0|vdroop1=0|batoilo=0|batoilo2=0|batt_vs=29300|mdis_morepower=0|thb_hda=51|cp_on_chip_0=34000|cp_on_chip_1=36000|G3D=35000|cp_on_chip_2=36000|cp_on_chip_3=33000|cp_on_chip_4=34000|rf2_therm=31000|rf1_therm=32000|ISP=33000|TPU=34000|AUR=34000|rfpa_therm=30437|quiet_therm=31015|charging_therm=32640|,ok,39000,36000,0,36000,1,batched,untouched,4096,4096,3,1,4272,0,814,0,4,4,ok
1,14,nvhe,4,1549000,578000,38000,36000,BIG=35000|MID=37000|usb_pwr_therm=29390|btmspkr_therm=29346|disp_therm=29346|north_therm=29613|soc_therm=32707|battery=29300|battery_cycle=5|dc-mains=33000|usbc-therm-adc=330|max77779fg=29300|LITTLE=35000|soc=1|smpl_gm=0|vdroop1=0|batoilo=0|batoilo2=0|batt_vs=29300|mdis_morepower=0|thb_hda=51|cp_on_chip_0=34000|cp_on_chip_1=36000|G3D=34000|cp_on_chip_2=36000|cp_on_chip_3=33000|cp_on_chip_4=34000|rf2_therm=31000|rf1_therm=32000|ISP=33000|TPU=34000|AUR=34000|rfpa_therm=30414|quiet_therm=30993|charging_therm=32618|,BIG=35000|MID=36000|usb_pwr_therm=29390|btmspkr_therm=29346|disp_therm=29346|north_therm=29613|soc_therm=32707|battery=29300|battery_cycle=5|dc-mains=33000|usbc-therm-adc=330|max77779fg=29300|LITTLE=35000|soc=1|smpl_gm=0|vdroop1=0|batoilo=0|batoilo2=0|batt_vs=29300|mdis_morepower=0|thb_hda=51|cp_on_chip_0=34000|cp_on_chip_1=36000|G3D=35000|cp_on_chip_2=36000|cp_on_chip_3=33000|cp_on_chip_4=34000|rf2_therm=31000|rf1_therm=32000|ISP=33000|TPU=34000|AUR=34000|rfpa_therm=30437|quiet_therm=31015|charging_therm=32640|,ok,39000,36000,0,36000,1,batched,untouched,4096,4096,4,1,4557,0,814,0,4,4,ok
1,14,nvhe,4,1549000,578000,38000,36000,BIG=35000|MID=37000|usb_pwr_therm=29390|btmspkr_therm=29346|disp_therm=29346|north_therm=29613|soc_therm=32707|battery=29300|battery_cycle=5|dc-mains=33000|usbc-therm-adc=330|max77779fg=29300|LITTLE=35000|soc=1|smpl_gm=0|vdroop1=0|batoilo=0|batoilo2=0|batt_vs=29300|mdis_morepower=0|thb_hda=51|cp_on_chip_0=34000|cp_on_chip_1=36000|G3D=34000|cp_on_chip_2=36000|cp_on_chip_3=33000|cp_on_chip_4=34000|rf2_therm=31000|rf1_therm=32000|ISP=33000|TPU=34000|AUR=34000|rfpa_therm=30414|quiet_therm=30993|charging_therm=32618|,BIG=35000|MID=36000|usb_pwr_therm=29390|btmspkr_therm=29346|disp_therm=29346|north_therm=29613|soc_therm=32707|battery=29300|battery_cycle=5|dc-mains=33000|usbc-therm-adc=330|max77779fg=29300|LITTLE=35000|soc=1|smpl_gm=0|vdroop1=0|batoilo=0|batoilo2=0|batt_vs=29300|mdis_morepower=0|thb_hda=51|cp_on_chip_0=34000|cp_on_chip_1=36000|G3D=35000|cp_on_chip_2=36000|cp_on_chip_3=33000|cp_on_chip_4=34000|rf2_therm=31000|rf1_therm=32000|ISP=33000|TPU=34000|AUR=34000|rfpa_therm=30437|quiet_therm=31015|charging_therm=32640|,ok,39000,36000,0,36000,1,batched,untouched,4096,4096,5,1,4923,0,855,0,4,4,ok
1,14,nvhe,4,1549000,578000,38000,36000,BIG=35000|MID=37000|usb_pwr_therm=29390|btmspkr_therm=29346|disp_therm=29346|north_therm=29613|soc_therm=32707|battery=29300|battery_cycle=5|dc-mains=33000|usbc-therm-adc=330|max77779fg=29300|LITTLE=35000|soc=1|smpl_gm=0|vdroop1=0|batoilo=0|batoilo2=0|batt_vs=29300|mdis_morepower=0|thb_hda=51|cp_on_chip_0=34000|cp_on_chip_1=36000|G3D=34000|cp_on_chip_2=36000|cp_on_chip_3=33000|cp_on_chip_4=34000|rf2_therm=31000|rf1_therm=32000|ISP=33000|TPU=34000|AUR=34000|rfpa_therm=30414|quiet_therm=30993|charging_therm=32618|,BIG=35000|MID=36000|usb_pwr_therm=29390|btmspkr_therm=29346|disp_therm=29346|north_therm=29613|soc_therm=32707|battery=29300|battery_cycle=5|dc-mains=33000|usbc-therm-adc=330|max77779fg=29300|LITTLE=35000|soc=1|smpl_gm=0|vdroop1=0|batoilo=0|batoilo2=0|batt_vs=29300|mdis_morepower=0|thb_hda=51|cp_on_chip_0=34000|cp_on_chip_1=36000|G3D=35000|cp_on_chip_2=36000|cp_on_chip_3=33000|cp_on_chip_4=34000|rf2_therm=31000|rf1_therm=32000|ISP=33000|TPU=34000|AUR=34000|rfpa_therm=30437|quiet_therm=31015|charging_therm=32640|,ok,39000,36000,0,36000,1,batched,untouched,4096,4096,6,1,5086,0,855,0,4,4,ok
1,14,nvhe,4,1549000,578000,38000,36000,BIG=35000|MID=37000|usb_pwr_therm=29390|btmspkr_therm=29346|disp_therm=29346|north_therm=29613|soc_therm=32707|battery=29300|battery_cycle=5|dc-mains=33000|usbc-therm-adc=330|max77779fg=29300|LITTLE=35000|soc=1|smpl_gm=0|vdroop1=0|batoilo=0|batoilo2=0|batt_vs=29300|mdis_morepower=0|thb_hda=51|cp_on_chip_0=34000|cp_on_chip_1=36000|G3D=34000|cp_on_chip_2=36000|cp_on_chip_3=33000|cp_on_chip_4=34000|rf2_therm=31000|rf1_therm=32000|ISP=33000|TPU=34000|AUR=34000|rfpa_therm=30414|quiet_therm=30993|charging_therm=32618|,BIG=35000|MID=36000|usb_pwr_therm=29390|btmspkr_therm=29346|disp_therm=29346|north_therm=29613|soc_therm=32707|battery=29300|battery_cycle=5|dc-mains=33000|usbc-therm-adc=330|max77779fg=29300|LITTLE=35000|soc=1|smpl_gm=0|vdroop1=0|batoilo=0|batoilo2=0|batt_vs=29300|mdis_morepower=0|thb_hda=51|cp_on_chip_0=34000|cp_on_chip_1=36000|G3D=35000|cp_on_chip_2=36000|cp_on_chip_3=33000|cp_on_chip_4=34000|rf2_therm=31000|rf1_therm=32000|ISP=33000|TPU=34000|AUR=34000|rfpa_therm=30437|quiet_therm=31015|charging_therm=32640|,ok,39000,36000,0,36000,1,batched,untouched,4096,4096,7,1,5371,0,813,0,4,4,ok
1,14,nvhe,4,1549000,578000,38000,36000,BIG=35000|MID=37000|usb_pwr_therm=29390|btmspkr_therm=29346|disp_therm=29346|north_therm=29613|soc_therm=32707|battery=29300|battery_cycle=5|dc-mains=33000|usbc-therm-adc=330|max77779fg=29300|LITTLE=35000|soc=1|smpl_gm=0|vdroop1=0|batoilo=0|batoilo2=0|batt_vs=29300|mdis_morepower=0|thb_hda=51|cp_on_chip_0=34000|cp_on_chip_1=36000|G3D=34000|cp_on_chip_2=36000|cp_on_chip_3=33000|cp_on_chip_4=34000|rf2_therm=31000|rf1_therm=32000|ISP=33000|TPU=34000|AUR=34000|rfpa_therm=30414|quiet_therm=30993|charging_therm=32618|,BIG=35000|MID=36000|usb_pwr_therm=29390|btmspkr_therm=29346|disp_therm=29346|north_therm=29613|soc_therm=32707|battery=29300|battery_cycle=5|dc-mains=33000|usbc-therm-adc=330|max77779fg=29300|LITTLE=35000|soc=1|smpl_gm=0|vdroop1=0|batoilo=0|batoilo2=0|batt_vs=29300|mdis_morepower=0|thb_hda=51|cp_on_chip_0=34000|cp_on_chip_1=36000|G3D=35000|cp_on_chip_2=36000|cp_on_chip_3=33000|cp_on_chip_4=34000|rf2_therm=31000|rf1_therm=32000|ISP=33000|TPU=34000|AUR=34000|rfpa_therm=30437|quiet_therm=31015|charging_therm=32640|,ok,39000,36000,0,36000,1,batched,untouched,4096,4096,8,1,3337,0,895,0,4,4,ok
1,14,nvhe,4,1549000,578000,38000,36000,BIG=35000|MID=37000|usb_pwr_therm=29390|btmspkr_therm=29346|disp_therm=29346|north_therm=29613|soc_therm=32707|battery=29300|battery_cycle=5|dc-mains=33000|usbc-therm-adc=330|max77779fg=29300|LITTLE=35000|soc=1|smpl_gm=0|vdroop1=0|batoilo=0|batoilo2=0|batt_vs=29300|mdis_morepower=0|thb_hda=51|cp_on_chip_0=34000|cp_on_chip_1=36000|G3D=34000|cp_on_chip_2=36000|cp_on_chip_3=33000|cp_on_chip_4=34000|rf2_therm=31000|rf1_therm=32000|ISP=33000|TPU=34000|AUR=34000|rfpa_therm=30414|quiet_therm=30993|charging_therm=32618|,BIG=35000|MID=36000|usb_pwr_therm=29390|btmspkr_therm=29346|disp_therm=29346|north_therm=29613|soc_therm=32707|battery=29300|battery_cycle=5|dc-mains=33000|usbc-therm-adc=330|max77779fg=29300|LITTLE=35000|soc=1|smpl_gm=0|vdroop1=0|batoilo=0|batoilo2=0|batt_vs=29300|mdis_morepower=0|thb_hda=51|cp_on_chip_0=34000|cp_on_chip_1=36000|G3D=35000|cp_on_chip_2=36000|cp_on_chip_3=33000|cp_on_chip_4=34000|rf2_therm=31000|rf1_therm=32000|ISP=33000|TPU=34000|AUR=34000|rfpa_therm=30437|quiet_therm=31015|charging_therm=32640|,ok,39000,36000,0,36000,1,batched,untouched,4096,4096,9,1,4964,0,854,0,4,4,ok
1,14,nvhe,4,1549000,578000,38000,36000,BIG=35000|MID=37000|usb_pwr_therm=29390|btmspkr_therm=29346|disp_therm=29346|north_therm=29613|soc_therm=32707|battery=29300|battery_cycle=5|dc-mains=33000|usbc-therm-adc=330|max77779fg=29300|LITTLE=35000|soc=1|smpl_gm=0|vdroop1=0|batoilo=0|batoilo2=0|batt_vs=29300|mdis_morepower=0|thb_hda=51|cp_on_chip_0=34000|cp_on_chip_1=36000|G3D=34000|cp_on_chip_2=36000|cp_on_chip_3=33000|cp_on_chip_4=34000|rf2_therm=31000|rf1_therm=32000|ISP=33000|TPU=34000|AUR=34000|rfpa_therm=30414|quiet_therm=30993|charging_therm=32618|,BIG=35000|MID=36000|usb_pwr_therm=29390|btmspkr_therm=29346|disp_therm=29346|north_therm=29613|soc_therm=32707|battery=29300|battery_cycle=5|dc-mains=33000|usbc-therm-adc=330|max77779fg=29300|LITTLE=35000|soc=1|smpl_gm=0|vdroop1=0|batoilo=0|batoilo2=0|batt_vs=29300|mdis_morepower=0|thb_hda=51|cp_on_chip_0=34000|cp_on_chip_1=36000|G3D=35000|cp_on_chip_2=36000|cp_on_chip_3=33000|cp_on_chip_4=34000|rf2_therm=31000|rf1_therm=32000|ISP=33000|TPU=34000|AUR=34000|rfpa_therm=30437|quiet_therm=31015|charging_therm=32640|,ok,39000,36000,0,36000,1,batched,untouched,4096,4096,10,1,6511,0,895,0,4,4,ok
1,14,nvhe,4,1549000,578000,38000,36000,BIG=35000|MID=37000|usb_pwr_therm=29390|btmspkr_therm=29346|disp_therm=29346|north_therm=29613|soc_therm=32707|battery=29300|battery_cycle=5|dc-mains=33000|usbc-therm-adc=330|max77779fg=29300|LITTLE=35000|soc=1|smpl_gm=0|vdroop1=0|batoilo=0|batoilo2=0|batt_vs=29300|mdis_morepower=0|thb_hda=51|cp_on_chip_0=34000|cp_on_chip_1=36000|G3D=34000|cp_on_chip_2=36000|cp_on_chip_3=33000|cp_on_chip_4=34000|rf2_therm=31000|rf1_therm=32000|ISP=33000|TPU=34000|AUR=34000|rfpa_therm=30414|quiet_therm=30993|charging_therm=32618|,BIG=35000|MID=36000|usb_pwr_therm=29390|btmspkr_therm=29346|disp_therm=29346|north_therm=29613|soc_therm=32707|battery=29300|battery_cycle=5|dc-mains=33000|usbc-therm-adc=330|max77779fg=29300|LITTLE=35000|soc=1|smpl_gm=0|vdroop1=0|batoilo=0|batoilo2=0|batt_vs=29300|mdis_morepower=0|thb_hda=51|cp_on_chip_0=34000|cp_on_chip_1=36000|G3D=35000|cp_on_chip_2=36000|cp_on_chip_3=33000|cp_on_chip_4=34000|rf2_therm=31000|rf1_therm=32000|ISP=33000|TPU=34000|AUR=34000|rfpa_therm=30437|quiet_therm=31015|charging_therm=32640|,ok,39000,36000,0,36000,1,batched,untouched,4096,4096,11,1,4354,0,854,0,4,4,ok
1,14,nvhe,4,1549000,578000,38000,36000,BIG=35000|MID=37000|usb_pwr_therm=29390|btmspkr_therm=29346|disp_therm=29346|north_therm=29613|soc_therm=32707|battery=29300|battery_cycle=5|dc-mains=33000|usbc-therm-adc=330|max77779fg=29300|LITTLE=35000|soc=1|smpl_gm=0|vdroop1=0|batoilo=0|batoilo2=0|batt_vs=29300|mdis_morepower=0|thb_hda=51|cp_on_chip_0=34000|cp_on_chip_1=36000|G3D=34000|cp_on_chip_2=36000|cp_on_chip_3=33000|cp_on_chip_4=34000|rf2_therm=31000|rf1_therm=32000|ISP=33000|TPU=34000|AUR=34000|rfpa_therm=30414|quiet_therm=30993|charging_therm=32618|,BIG=35000|MID=36000|usb_pwr_therm=29390|btmspkr_therm=29346|disp_therm=29346|north_therm=29613|soc_therm=32707|battery=29300|battery_cycle=5|dc-mains=33000|usbc-therm-adc=330|max77779fg=29300|LITTLE=35000|soc=1|smpl_gm=0|vdroop1=0|batoilo=0|batoilo2=0|batt_vs=29300|mdis_morepower=0|thb_hda=51|cp_on_chip_0=34000|cp_on_chip_1=36000|G3D=35000|cp_on_chip_2=36000|cp_on_chip_3=33000|cp_on_chip_4=34000|rf2_therm=31000|rf1_therm=32000|ISP=33000|TPU=34000|AUR=34000|rfpa_therm=30437|quiet_therm=31015|charging_therm=32640|,ok,39000,36000,0,36000,1,batched,untouched,4096,4096,12,1,4395,0,854,0,4,4,ok
1,14,nvhe,4,1549000,578000,38000,36000,BIG=35000|MID=37000|usb_pwr_therm=29390|btmspkr_therm=29346|disp_therm=29346|north_therm=29613|soc_therm=32707|battery=29300|battery_cycle=5|dc-mains=33000|usbc-therm-adc=330|max77779fg=29300|LITTLE=35000|soc=1|smpl_gm=0|vdroop1=0|batoilo=0|batoilo2=0|batt_vs=29300|mdis_morepower=0|thb_hda=51|cp_on_chip_0=34000|cp_on_chip_1=36000|G3D=34000|cp_on_chip_2=36000|cp_on_chip_3=33000|cp_on_chip_4=34000|rf2_therm=31000|rf1_therm=32000|ISP=33000|TPU=34000|AUR=34000|rfpa_therm=30414|quiet_therm=30993|charging_therm=32618|,BIG=35000|MID=36000|usb_pwr_therm=29390|btmspkr_therm=29346|disp_therm=29346|north_therm=29613|soc_therm=32707|battery=29300|battery_cycle=5|dc-mains=33000|usbc-therm-adc=330|max77779fg=29300|LITTLE=35000|soc=1|smpl_gm=0|vdroop1=0|batoilo=0|batoilo2=0|batt_vs=29300|mdis_morepower=0|thb_hda=51|cp_on_chip_0=34000|cp_on_chip_1=36000|G3D=35000|cp_on_chip_2=36000|cp_on_chip_3=33000|cp_on_chip_4=34000|rf2_therm=31000|rf1_therm=32000|ISP=33000|TPU=34000|AUR=34000|rfpa_therm=30437|quiet_therm=31015|charging_therm=32640|,ok,39000,36000,0,36000,1,batched,untouched,4096,4096,13,1,5697,0,854,0,4,4,ok
1,14,nvhe,4,1549000,578000,38000,36000,BIG=35000|MID=37000|usb_pwr_therm=29390|btmspkr_therm=29346|disp_therm=29346|north_therm=29613|soc_therm=32707|battery=29300|battery_cycle=5|dc-mains=33000|usbc-therm-adc=330|max77779fg=29300|LITTLE=35000|soc=1|smpl_gm=0|vdroop1=0|batoilo=0|batoilo2=0|batt_vs=29300|mdis_morepower=0|thb_hda=51|cp_on_chip_0=34000|cp_on_chip_1=36000|G3D=34000|cp_on_chip_2=36000|cp_on_chip_3=33000|cp_on_chip_4=34000|rf2_therm=31000|rf1_therm=32000|ISP=33000|TPU=34000|AUR=34000|rfpa_therm=30414|quiet_therm=30993|charging_therm=32618|,BIG=35000|MID=36000|usb_pwr_therm=29390|btmspkr_therm=29346|disp_therm=29346|north_therm=29613|soc_therm=32707|battery=29300|battery_cycle=5|dc-mains=33000|usbc-therm-adc=330|max77779fg=29300|LITTLE=35000|soc=1|smpl_gm=0|vdroop1=0|batoilo=0|batoilo2=0|batt_vs=29300|mdis_morepower=0|thb_hda=51|cp_on_chip_0=34000|cp_on_chip_1=36000|G3D=35000|cp_on_chip_2=36000|cp_on_chip_3=33000|cp_on_chip_4=34000|rf2_therm=31000|rf1_therm=32000|ISP=33000|TPU=34000|AUR=34000|rfpa_therm=30437|quiet_therm=31015|charging_therm=32640|,ok,39000,36000,0,36000,1,batched,untouched,4096,4096,14,1,6185,0,814,0,4,4,ok
1,14,nvhe,4,1549000,578000,38000,36000,BIG=35000|MID=37000|usb_pwr_therm=29390|btmspkr_therm=29346|disp_therm=29346|north_therm=29613|soc_therm=32707|battery=29300|battery_cycle=5|dc-mains=33000|usbc-therm-adc=330|max77779fg=29300|LITTLE=35000|soc=1|smpl_gm=0|vdroop1=0|batoilo=0|batoilo2=0|batt_vs=29300|mdis_morepower=0|thb_hda=51|cp_on_chip_0=34000|cp_on_chip_1=36000|G3D=34000|cp_on_chip_2=36000|cp_on_chip_3=33000|cp_on_chip_4=34000|rf2_therm=31000|rf1_therm=32000|ISP=33000|TPU=34000|AUR=34000|rfpa_therm=30414|quiet_therm=30993|charging_therm=32618|,BIG=35000|MID=36000|usb_pwr_therm=29390|btmspkr_therm=29346|disp_therm=29346|north_therm=29613|soc_therm=32707|battery=29300|battery_cycle=5|dc-mains=33000|usbc-therm-adc=330|max77779fg=29300|LITTLE=35000|soc=1|smpl_gm=0|vdroop1=0|batoilo=0|batoilo2=0|batt_vs=29300|mdis_morepower=0|thb_hda=51|cp_on_chip_0=34000|cp_on_chip_1=36000|G3D=35000|cp_on_chip_2=36000|cp_on_chip_3=33000|cp_on_chip_4=34000|rf2_therm=31000|rf1_therm=32000|ISP=33000|TPU=34000|AUR=34000|rfpa_therm=30437|quiet_therm=31015|charging_therm=32640|,ok,39000,36000,0,36000,1,batched,untouched,4096,4096,15,1,12166,0,855,0,4,4,ok
1,14,nvhe,4,1549000,578000,38000,36000,BIG=35000|MID=37000|usb_pwr_therm=29390|btmspkr_therm=29346|disp_therm=29346|north_therm=29613|soc_therm=32707|battery=29300|battery_cycle=5|dc-mains=33000|usbc-therm-adc=330|max77779fg=29300|LITTLE=35000|soc=1|smpl_gm=0|vdroop1=0|batoilo=0|batoilo2=0|batt_vs=29300|mdis_morepower=0|thb_hda=51|cp_on_chip_0=34000|cp_on_chip_1=36000|G3D=34000|cp_on_chip_2=36000|cp_on_chip_3=33000|cp_on_chip_4=34000|rf2_therm=31000|rf1_therm=32000|ISP=33000|TPU=34000|AUR=34000|rfpa_therm=30414|quiet_therm=30993|charging_therm=32618|,BIG=35000|MID=36000|usb_pwr_therm=29390|btmspkr_therm=29346|disp_therm=29346|north_therm=29613|soc_therm=32707|battery=29300|battery_cycle=5|dc-mains=33000|usbc-therm-adc=330|max77779fg=29300|LITTLE=35000|soc=1|smpl_gm=0|vdroop1=0|batoilo=0|batoilo2=0|batt_vs=29300|mdis_morepower=0|thb_hda=51|cp_on_chip_0=34000|cp_on_chip_1=36000|G3D=35000|cp_on_chip_2=36000|cp_on_chip_3=33000|cp_on_chip_4=34000|rf2_therm=31000|rf1_therm=32000|ISP=33000|TPU=34000|AUR=34000|rfpa_therm=30437|quiet_therm=31015|charging_therm=32640|,ok,39000,36000,0,36000,1,batched,untouched,4096,4096,16,1,6877,0,854,0,4,4,ok
1,14,nvhe,4,1549000,578000,38000,36000,BIG=35000|MID=37000|usb_pwr_therm=29390|btmspkr_therm=29346|disp_therm=29346|north_therm=29613|soc_therm=32707|battery=29300|battery_cycle=5|dc-mains=33000|usbc-therm-adc=330|max77779fg=29300|LITTLE=35000|soc=1|smpl_gm=0|vdroop1=0|batoilo=0|batoilo2=0|batt_vs=29300|mdis_morepower=0|thb_hda=51|cp_on_chip_0=34000|cp_on_chip_1=36000|G3D=34000|cp_on_chip_2=36000|cp_on_chip_3=33000|cp_on_chip_4=34000|rf2_therm=31000|rf1_therm=32000|ISP=33000|TPU=34000|AUR=34000|rfpa_therm=30414|quiet_therm=30993|charging_therm=32618|,BIG=35000|MID=36000|usb_pwr_therm=29390|btmspkr_therm=29346|disp_therm=29346|north_therm=29613|soc_therm=32707|battery=29300|battery_cycle=5|dc-mains=33000|usbc-therm-adc=330|max77779fg=29300|LITTLE=35000|soc=1|smpl_gm=0|vdroop1=0|batoilo=0|batoilo2=0|batt_vs=29300|mdis_morepower=0|thb_hda=51|cp_on_chip_0=34000|cp_on_chip_1=36000|G3D=35000|cp_on_chip_2=36000|cp_on_chip_3=33000|cp_on_chip_4=34000|rf2_therm=31000|rf1_therm=32000|ISP=33000|TPU=34000|AUR=34000|rfpa_therm=30437|quiet_therm=31015|charging_therm=32640|,ok,39000,36000,0,36000,1,batched,untouched,4096,4096,17,1,3824,0,855,0,4,4,ok
1,14,nvhe,4,1549000,578000,38000,36000,BIG=35000|MID=37000|usb_pwr_therm=29390|btmspkr_therm=29346|disp_therm=29346|north_therm=29613|soc_therm=32707|battery=29300|battery_cycle=5|dc-mains=33000|usbc-therm-adc=330|max77779fg=29300|LITTLE=35000|soc=1|smpl_gm=0|vdroop1=0|batoilo=0|batoilo2=0|batt_vs=29300|mdis_morepower=0|thb_hda=51|cp_on_chip_0=34000|cp_on_chip_1=36000|G3D=34000|cp_on_chip_2=36000|cp_on_chip_3=33000|cp_on_chip_4=34000|rf2_therm=31000|rf1_therm=32000|ISP=33000|TPU=34000|AUR=34000|rfpa_therm=30414|quiet_therm=30993|charging_therm=32618|,BIG=35000|MID=36000|usb_pwr_therm=29390|btmspkr_therm=29346|disp_therm=29346|north_therm=29613|soc_therm=32707|battery=29300|battery_cycle=5|dc-mains=33000|usbc-therm-adc=330|max77779fg=29300|LITTLE=35000|soc=1|smpl_gm=0|vdroop1=0|batoilo=0|batoilo2=0|batt_vs=29300|mdis_morepower=0|thb_hda=51|cp_on_chip_0=34000|cp_on_chip_1=36000|G3D=35000|cp_on_chip_2=36000|cp_on_chip_3=33000|cp_on_chip_4=34000|rf2_therm=31000|rf1_therm=32000|ISP=33000|TPU=34000|AUR=34000|rfpa_therm=30437|quiet_therm=31015|charging_therm=32640|,ok,39000,36000,0,36000,1,batched,untouched,4096,4096,18,1,6795,0,854,0,4,4,ok
1,14,nvhe,4,1549000,578000,38000,36000,BIG=35000|MID=37000|usb_pwr_therm=29390|btmspkr_therm=29346|disp_therm=29346|north_therm=29613|soc_therm=32707|battery=29300|battery_cycle=5|dc-mains=33000|usbc-therm-adc=330|max77779fg=29300|LITTLE=35000|soc=1|smpl_gm=0|vdroop1=0|batoilo=0|batoilo2=0|batt_vs=29300|mdis_morepower=0|thb_hda=51|cp_on_chip_0=34000|cp_on_chip_1=36000|G3D=34000|cp_on_chip_2=36000|cp_on_chip_3=33000|cp_on_chip_4=34000|rf2_therm=31000|rf1_therm=32000|ISP=33000|TPU=34000|AUR=34000|rfpa_therm=30414|quiet_therm=30993|charging_therm=32618|,BIG=35000|MID=36000|usb_pwr_therm=29390|btmspkr_therm=29346|disp_therm=29346|north_therm=29613|soc_therm=32707|battery=29300|battery_cycle=5|dc-mains=33000|usbc-therm-adc=330|max77779fg=29300|LITTLE=35000|soc=1|smpl_gm=0|vdroop1=0|batoilo=0|batoilo2=0|batt_vs=29300|mdis_morepower=0|thb_hda=51|cp_on_chip_0=34000|cp_on_chip_1=36000|G3D=35000|cp_on_chip_2=36000|cp_on_chip_3=33000|cp_on_chip_4=34000|rf2_therm=31000|rf1_therm=32000|ISP=33000|TPU=34000|AUR=34000|rfpa_therm=30437|quiet_therm=31015|charging_therm=32640|,ok,39000,36000,0,36000,1,batched,untouched,4096,4096,19,1,5249,0,855,0,4,4,ok
1,14,nvhe,4,1549000,578000,38000,36000,BIG=35000|MID=37000|usb_pwr_therm=29390|btmspkr_therm=29346|disp_therm=29346|north_therm=29613|soc_therm=32707|battery=29300|battery_cycle=5|dc-mains=33000|usbc-therm-adc=330|max77779fg=29300|LITTLE=35000|soc=1|smpl_gm=0|vdroop1=0|batoilo=0|batoilo2=0|batt_vs=29300|mdis_morepower=0|thb_hda=51|cp_on_chip_0=34000|cp_on_chip_1=36000|G3D=34000|cp_on_chip_2=36000|cp_on_chip_3=33000|cp_on_chip_4=34000|rf2_therm=31000|rf1_therm=32000|ISP=33000|TPU=34000|AUR=34000|rfpa_therm=30414|quiet_therm=30993|charging_therm=32618|,BIG=35000|MID=36000|usb_pwr_therm=29390|btmspkr_therm=29346|disp_therm=29346|north_therm=29613|soc_therm=32707|battery=29300|battery_cycle=5|dc-mains=33000|usbc-therm-adc=330|max77779fg=29300|LITTLE=35000|soc=1|smpl_gm=0|vdroop1=0|batoilo=0|batoilo2=0|batt_vs=29300|mdis_morepower=0|thb_hda=51|cp_on_chip_0=34000|cp_on_chip_1=36000|G3D=35000|cp_on_chip_2=36000|cp_on_chip_3=33000|cp_on_chip_4=34000|rf2_therm=31000|rf1_therm=32000|ISP=33000|TPU=34000|AUR=34000|rfpa_therm=30437|quiet_therm=31015|charging_therm=32640|,ok,39000,36000,0,36000,1,batched,untouched,4096,4096,20,1,6267,0,854,0,4,4,ok
1,14,nvhe,4,1549000,578000,38000,36000,BIG=35000|MID=37000|usb_pwr_therm=29390|btmspkr_therm=29346|disp_therm=29346|north_therm=29613|soc_therm=32707|battery=29300|battery_cycle=5|dc-mains=33000|usbc-therm-adc=330|max77779fg=29300|LITTLE=35000|soc=1|smpl_gm=0|vdroop1=0|batoilo=0|batoilo2=0|batt_vs=29300|mdis_morepower=0|thb_hda=51|cp_on_chip_0=34000|cp_on_chip_1=36000|G3D=34000|cp_on_chip_2=36000|cp_on_chip_3=33000|cp_on_chip_4=34000|rf2_therm=31000|rf1_therm=32000|ISP=33000|TPU=34000|AUR=34000|rfpa_therm=30414|quiet_therm=30993|charging_therm=32618|,BIG=35000|MID=36000|usb_pwr_therm=29390|btmspkr_therm=29346|disp_therm=29346|north_therm=29613|soc_therm=32707|battery=29300|battery_cycle=5|dc-mains=33000|usbc-therm-adc=330|max77779fg=29300|LITTLE=35000|soc=1|smpl_gm=0|vdroop1=0|batoilo=0|batoilo2=0|batt_vs=29300|mdis_morepower=0|thb_hda=51|cp_on_chip_0=34000|cp_on_chip_1=36000|G3D=35000|cp_on_chip_2=36000|cp_on_chip_3=33000|cp_on_chip_4=34000|rf2_therm=31000|rf1_therm=32000|ISP=33000|TPU=34000|AUR=34000|rfpa_therm=30437|quiet_therm=31015|charging_therm=32640|,ok,39000,36000,0,36000,1,batched,untouched,4096,4096,21,1,6348,0,854,0,4,4,ok
1,14,nvhe,4,1549000,578000,38000,36000,BIG=35000|MID=37000|usb_pwr_therm=29390|btmspkr_therm=29346|disp_therm=29346|north_therm=29613|soc_therm=32707|battery=29300|battery_cycle=5|dc-mains=33000|usbc-therm-adc=330|max77779fg=29300|LITTLE=35000|soc=1|smpl_gm=0|vdroop1=0|batoilo=0|batoilo2=0|batt_vs=29300|mdis_morepower=0|thb_hda=51|cp_on_chip_0=34000|cp_on_chip_1=36000|G3D=34000|cp_on_chip_2=36000|cp_on_chip_3=33000|cp_on_chip_4=34000|rf2_therm=31000|rf1_therm=32000|ISP=33000|TPU=34000|AUR=34000|rfpa_therm=30414|quiet_therm=30993|charging_therm=32618|,BIG=35000|MID=36000|usb_pwr_therm=29390|btmspkr_therm=29346|disp_therm=29346|north_therm=29613|soc_therm=32707|battery=29300|battery_cycle=5|dc-mains=33000|usbc-therm-adc=330|max77779fg=29300|LITTLE=35000|soc=1|smpl_gm=0|vdroop1=0|batoilo=0|batoilo2=0|batt_vs=29300|mdis_morepower=0|thb_hda=51|cp_on_chip_0=34000|cp_on_chip_1=36000|G3D=35000|cp_on_chip_2=36000|cp_on_chip_3=33000|cp_on_chip_4=34000|rf2_therm=31000|rf1_therm=32000|ISP=33000|TPU=34000|AUR=34000|rfpa_therm=30437|quiet_therm=31015|charging_therm=32640|,ok,39000,36000,0,36000,1,batched,untouched,4096,4096,22,1,5900,0,854,0,4,4,ok
1,14,nvhe,4,1549000,578000,38000,36000,BIG=35000|MID=37000|usb_pwr_therm=29390|btmspkr_therm=29346|disp_therm=29346|north_therm=29613|soc_therm=32707|battery=29300|battery_cycle=5|dc-mains=33000|usbc-therm-adc=330|max77779fg=29300|LITTLE=35000|soc=1|smpl_gm=0|vdroop1=0|batoilo=0|batoilo2=0|batt_vs=29300|mdis_morepower=0|thb_hda=51|cp_on_chip_0=34000|cp_on_chip_1=36000|G3D=34000|cp_on_chip_2=36000|cp_on_chip_3=33000|cp_on_chip_4=34000|rf2_therm=31000|rf1_therm=32000|ISP=33000|TPU=34000|AUR=34000|rfpa_therm=30414|quiet_therm=30993|charging_therm=32618|,BIG=35000|MID=36000|usb_pwr_therm=29390|btmspkr_therm=29346|disp_therm=29346|north_therm=29613|soc_therm=32707|battery=29300|battery_cycle=5|dc-mains=33000|usbc-therm-adc=330|max77779fg=29300|LITTLE=35000|soc=1|smpl_gm=0|vdroop1=0|batoilo=0|batoilo2=0|batt_vs=29300|mdis_morepower=0|thb_hda=51|cp_on_chip_0=34000|cp_on_chip_1=36000|G3D=35000|cp_on_chip_2=36000|cp_on_chip_3=33000|cp_on_chip_4=34000|rf2_therm=31000|rf1_therm=32000|ISP=33000|TPU=34000|AUR=34000|rfpa_therm=30437|quiet_therm=31015|charging_therm=32640|,ok,39000,36000,0,36000,1,batched,untouched,4096,4096,23,1,5168,0,854,0,4,4,ok
1,14,nvhe,4,1549000,578000,38000,36000,BIG=35000|MID=37000|usb_pwr_therm=29390|btmspkr_therm=29346|disp_therm=29346|north_therm=29613|soc_therm=32707|battery=29300|battery_cycle=5|dc-mains=33000|usbc-therm-adc=330|max77779fg=29300|LITTLE=35000|soc=1|smpl_gm=0|vdroop1=0|batoilo=0|batoilo2=0|batt_vs=29300|mdis_morepower=0|thb_hda=51|cp_on_chip_0=34000|cp_on_chip_1=36000|G3D=34000|cp_on_chip_2=36000|cp_on_chip_3=33000|cp_on_chip_4=34000|rf2_therm=31000|rf1_therm=32000|ISP=33000|TPU=34000|AUR=34000|rfpa_therm=30414|quiet_therm=30993|charging_therm=32618|,BIG=35000|MID=36000|usb_pwr_therm=29390|btmspkr_therm=29346|disp_therm=29346|north_therm=29613|soc_therm=32707|battery=29300|battery_cycle=5|dc-mains=33000|usbc-therm-adc=330|max77779fg=29300|LITTLE=35000|soc=1|smpl_gm=0|vdroop1=0|batoilo=0|batoilo2=0|batt_vs=29300|mdis_morepower=0|thb_hda=51|cp_on_chip_0=34000|cp_on_chip_1=36000|G3D=35000|cp_on_chip_2=36000|cp_on_chip_3=33000|cp_on_chip_4=34000|rf2_therm=31000|rf1_therm=32000|ISP=33000|TPU=34000|AUR=34000|rfpa_therm=30437|quiet_therm=31015|charging_therm=32640|,ok,39000,36000,0,36000,1,batched,untouched,4096,4096,24,1,5737,0,854,0,4,4,ok
1,14,nvhe,4,1549000,578000,38000,36000,BIG=35000|MID=37000|usb_pwr_therm=29390|btmspkr_therm=29346|disp_therm=29346|north_therm=29613|soc_therm=32707|battery=29300|battery_cycle=5|dc-mains=33000|usbc-therm-adc=330|max77779fg=29300|LITTLE=35000|soc=1|smpl_gm=0|vdroop1=0|batoilo=0|batoilo2=0|batt_vs=29300|mdis_morepower=0|thb_hda=51|cp_on_chip_0=34000|cp_on_chip_1=36000|G3D=34000|cp_on_chip_2=36000|cp_on_chip_3=33000|cp_on_chip_4=34000|rf2_therm=31000|rf1_therm=32000|ISP=33000|TPU=34000|AUR=34000|rfpa_therm=30414|quiet_therm=30993|charging_therm=32618|,BIG=35000|MID=36000|usb_pwr_therm=29390|btmspkr_therm=29346|disp_therm=29346|north_therm=29613|soc_therm=32707|battery=29300|battery_cycle=5|dc-mains=33000|usbc-therm-adc=330|max77779fg=29300|LITTLE=35000|soc=1|smpl_gm=0|vdroop1=0|batoilo=0|batoilo2=0|batt_vs=29300|mdis_morepower=0|thb_hda=51|cp_on_chip_0=34000|cp_on_chip_1=36000|G3D=35000|cp_on_chip_2=36000|cp_on_chip_3=33000|cp_on_chip_4=34000|rf2_therm=31000|rf1_therm=32000|ISP=33000|TPU=34000|AUR=34000|rfpa_therm=30437|quiet_therm=31015|charging_therm=32640|,ok,39000,36000,0,36000,1,batched,untouched,4096,4096,25,1,12614,0,895,0,4,4,ok
1,14,nvhe,4,1549000,578000,38000,36000,BIG=35000|MID=37000|usb_pwr_therm=29390|btmspkr_therm=29346|disp_therm=29346|north_therm=29613|soc_therm=32707|battery=29300|battery_cycle=5|dc-mains=33000|usbc-therm-adc=330|max77779fg=29300|LITTLE=35000|soc=1|smpl_gm=0|vdroop1=0|batoilo=0|batoilo2=0|batt_vs=29300|mdis_morepower=0|thb_hda=51|cp_on_chip_0=34000|cp_on_chip_1=36000|G3D=34000|cp_on_chip_2=36000|cp_on_chip_3=33000|cp_on_chip_4=34000|rf2_therm=31000|rf1_therm=32000|ISP=33000|TPU=34000|AUR=34000|rfpa_therm=30414|quiet_therm=30993|charging_therm=32618|,BIG=35000|MID=36000|usb_pwr_therm=29390|btmspkr_therm=29346|disp_therm=29346|north_therm=29613|soc_therm=32707|battery=29300|battery_cycle=5|dc-mains=33000|usbc-therm-adc=330|max77779fg=29300|LITTLE=35000|soc=1|smpl_gm=0|vdroop1=0|batoilo=0|batoilo2=0|batt_vs=29300|mdis_morepower=0|thb_hda=51|cp_on_chip_0=34000|cp_on_chip_1=36000|G3D=35000|cp_on_chip_2=36000|cp_on_chip_3=33000|cp_on_chip_4=34000|rf2_therm=31000|rf1_therm=32000|ISP=33000|TPU=34000|AUR=34000|rfpa_therm=30437|quiet_therm=31015|charging_therm=32640|,ok,39000,36000,0,36000,1,batched,untouched,4096,4096,26,1,4232,0,854,0,4,4,ok
1,14,nvhe,4,1549000,578000,38000,36000,BIG=35000|MID=37000|usb_pwr_therm=29390|btmspkr_therm=29346|disp_therm=29346|north_therm=29613|soc_therm=32707|battery=29300|battery_cycle=5|dc-mains=33000|usbc-therm-adc=330|max77779fg=29300|LITTLE=35000|soc=1|smpl_gm=0|vdroop1=0|batoilo=0|batoilo2=0|batt_vs=29300|mdis_morepower=0|thb_hda=51|cp_on_chip_0=34000|cp_on_chip_1=36000|G3D=34000|cp_on_chip_2=36000|cp_on_chip_3=33000|cp_on_chip_4=34000|rf2_therm=31000|rf1_therm=32000|ISP=33000|TPU=34000|AUR=34000|rfpa_therm=30414|quiet_therm=30993|charging_therm=32618|,BIG=35000|MID=36000|usb_pwr_therm=29390|btmspkr_therm=29346|disp_therm=29346|north_therm=29613|soc_therm=32707|battery=29300|battery_cycle=5|dc-mains=33000|usbc-therm-adc=330|max77779fg=29300|LITTLE=35000|soc=1|smpl_gm=0|vdroop1=0|batoilo=0|batoilo2=0|batt_vs=29300|mdis_morepower=0|thb_hda=51|cp_on_chip_0=34000|cp_on_chip_1=36000|G3D=35000|cp_on_chip_2=36000|cp_on_chip_3=33000|cp_on_chip_4=34000|rf2_therm=31000|rf1_therm=32000|ISP=33000|TPU=34000|AUR=34000|rfpa_therm=30437|quiet_therm=31015|charging_therm=32640|,ok,39000,36000,0,36000,1,batched,untouched,4096,4096,27,1,4761,0,854,0,4,4,ok
1,14,nvhe,4,1549000,578000,38000,36000,BIG=35000|MID=37000|usb_pwr_therm=29390|btmspkr_therm=29346|disp_therm=29346|north_therm=29613|soc_therm=32707|battery=29300|battery_cycle=5|dc-mains=33000|usbc-therm-adc=330|max77779fg=29300|LITTLE=35000|soc=1|smpl_gm=0|vdroop1=0|batoilo=0|batoilo2=0|batt_vs=29300|mdis_morepower=0|thb_hda=51|cp_on_chip_0=34000|cp_on_chip_1=36000|G3D=34000|cp_on_chip_2=36000|cp_on_chip_3=33000|cp_on_chip_4=34000|rf2_therm=31000|rf1_therm=32000|ISP=33000|TPU=34000|AUR=34000|rfpa_therm=30414|quiet_therm=30993|charging_therm=32618|,BIG=35000|MID=36000|usb_pwr_therm=29390|btmspkr_therm=29346|disp_therm=29346|north_therm=29613|soc_therm=32707|battery=29300|battery_cycle=5|dc-mains=33000|usbc-therm-adc=330|max77779fg=29300|LITTLE=35000|soc=1|smpl_gm=0|vdroop1=0|batoilo=0|batoilo2=0|batt_vs=29300|mdis_morepower=0|thb_hda=51|cp_on_chip_0=34000|cp_on_chip_1=36000|G3D=35000|cp_on_chip_2=36000|cp_on_chip_3=33000|cp_on_chip_4=34000|rf2_therm=31000|rf1_therm=32000|ISP=33000|TPU=34000|AUR=34000|rfpa_therm=30437|quiet_therm=31015|charging_therm=32640|,ok,39000,36000,0,36000,1,batched,untouched,4096,4096,28,1,6511,0,895,0,4,4,ok
1,14,nvhe,4,1549000,578000,38000,36000,BIG=35000|MID=37000|usb_pwr_therm=29390|btmspkr_therm=29346|disp_therm=29346|north_therm=29613|soc_therm=32707|battery=29300|battery_cycle=5|dc-mains=33000|usbc-therm-adc=330|max77779fg=29300|LITTLE=35000|soc=1|smpl_gm=0|vdroop1=0|batoilo=0|batoilo2=0|batt_vs=29300|mdis_morepower=0|thb_hda=51|cp_on_chip_0=34000|cp_on_chip_1=36000|G3D=34000|cp_on_chip_2=36000|cp_on_chip_3=33000|cp_on_chip_4=34000|rf2_therm=31000|rf1_therm=32000|ISP=33000|TPU=34000|AUR=34000|rfpa_therm=30414|quiet_therm=30993|charging_therm=32618|,BIG=35000|MID=36000|usb_pwr_therm=29390|btmspkr_therm=29346|disp_therm=29346|north_therm=29613|soc_therm=32707|battery=29300|battery_cycle=5|dc-mains=33000|usbc-therm-adc=330|max77779fg=29300|LITTLE=35000|soc=1|smpl_gm=0|vdroop1=0|batoilo=0|batoilo2=0|batt_vs=29300|mdis_morepower=0|thb_hda=51|cp_on_chip_0=34000|cp_on_chip_1=36000|G3D=35000|cp_on_chip_2=36000|cp_on_chip_3=33000|cp_on_chip_4=34000|rf2_therm=31000|rf1_therm=32000|ISP=33000|TPU=34000|AUR=34000|rfpa_therm=30437|quiet_therm=31015|charging_therm=32640|,ok,39000,36000,0,36000,1,batched,untouched,4096,4096,29,1,5168,0,854,0,4,4,ok
1,15,nvhe,4,578000,787000,37000,36000,BIG=35000|MID=35000|usb_pwr_therm=29390|btmspkr_therm=29346|disp_therm=29346|north_therm=29613|soc_therm=32752|battery=29300|battery_cycle=5|dc-mains=33000|usbc-therm-adc=330|max77779fg=29300|LITTLE=35000|soc=1|smpl_gm=0|vdroop1=0|batoilo=0|batoilo2=0|batt_vs=29300|mdis_morepower=0|thb_hda=51|cp_on_chip_0=34000|cp_on_chip_1=36000|G3D=34000|cp_on_chip_2=36000|cp_on_chip_3=33000|cp_on_chip_4=34000|rf2_therm=31000|rf1_therm=32000|ISP=33000|TPU=34000|AUR=34000|rfpa_therm=30437|quiet_therm=31015|charging_therm=32663|,BIG=35000|MID=36000|usb_pwr_therm=29390|btmspkr_therm=29346|disp_therm=29346|north_therm=29613|soc_therm=32774|battery=29300|battery_cycle=5|dc-mains=33000|usbc-therm-adc=330|max77779fg=29300|LITTLE=35000|soc=1|smpl_gm=0|vdroop1=0|batoilo=0|batoilo2=0|batt_vs=29300|mdis_morepower=0|thb_hda=51|cp_on_chip_0=34000|cp_on_chip_1=36000|G3D=34000|cp_on_chip_2=36000|cp_on_chip_3=33000|cp_on_chip_4=34000|rf2_therm=31000|rf1_therm=32000|ISP=33000|TPU=34000|AUR=34000|rfpa_therm=30437|quiet_therm=31015|charging_therm=32663|,ok,39000,36000,0,36000,1,batched,touched,4096,1024,0,1,3159342,1024,582885,0,4,4,ok
1,15,nvhe,4,578000,787000,37000,36000,BIG=35000|MID=35000|usb_pwr_therm=29390|btmspkr_therm=29346|disp_therm=29346|north_therm=29613|soc_therm=32752|battery=29300|battery_cycle=5|dc-mains=33000|usbc-therm-adc=330|max77779fg=29300|LITTLE=35000|soc=1|smpl_gm=0|vdroop1=0|batoilo=0|batoilo2=0|batt_vs=29300|mdis_morepower=0|thb_hda=51|cp_on_chip_0=34000|cp_on_chip_1=36000|G3D=34000|cp_on_chip_2=36000|cp_on_chip_3=33000|cp_on_chip_4=34000|rf2_therm=31000|rf1_therm=32000|ISP=33000|TPU=34000|AUR=34000|rfpa_therm=30437|quiet_therm=31015|charging_therm=32663|,BIG=35000|MID=36000|usb_pwr_therm=29390|btmspkr_therm=29346|disp_therm=29346|north_therm=29613|soc_therm=32774|battery=29300|battery_cycle=5|dc-mains=33000|usbc-therm-adc=330|max77779fg=29300|LITTLE=35000|soc=1|smpl_gm=0|vdroop1=0|batoilo=0|batoilo2=0|batt_vs=29300|mdis_morepower=0|thb_hda=51|cp_on_chip_0=34000|cp_on_chip_1=36000|G3D=34000|cp_on_chip_2=36000|cp_on_chip_3=33000|cp_on_chip_4=34000|rf2_therm=31000|rf1_therm=32000|ISP=33000|TPU=34000|AUR=34000|rfpa_therm=30437|quiet_therm=31015|charging_therm=32663|,ok,39000,36000,0,36000,1,batched,touched,4096,1024,1,1,1381795,1024,346801,0,4,4,ok
1,15,nvhe,4,578000,787000,37000,36000,BIG=35000|MID=35000|usb_pwr_therm=29390|btmspkr_therm=29346|disp_therm=29346|north_therm=29613|soc_therm=32752|battery=29300|battery_cycle=5|dc-mains=33000|usbc-therm-adc=330|max77779fg=29300|LITTLE=35000|soc=1|smpl_gm=0|vdroop1=0|batoilo=0|batoilo2=0|batt_vs=29300|mdis_morepower=0|thb_hda=51|cp_on_chip_0=34000|cp_on_chip_1=36000|G3D=34000|cp_on_chip_2=36000|cp_on_chip_3=33000|cp_on_chip_4=34000|rf2_therm=31000|rf1_therm=32000|ISP=33000|TPU=34000|AUR=34000|rfpa_therm=30437|quiet_therm=31015|charging_therm=32663|,BIG=35000|MID=36000|usb_pwr_therm=29390|btmspkr_therm=29346|disp_therm=29346|north_therm=29613|soc_therm=32774|battery=29300|battery_cycle=5|dc-mains=33000|usbc-therm-adc=330|max77779fg=29300|LITTLE=35000|soc=1|smpl_gm=0|vdroop1=0|batoilo=0|batoilo2=0|batt_vs=29300|mdis_morepower=0|thb_hda=51|cp_on_chip_0=34000|cp_on_chip_1=36000|G3D=34000|cp_on_chip_2=36000|cp_on_chip_3=33000|cp_on_chip_4=34000|rf2_therm=31000|rf1_therm=32000|ISP=33000|TPU=34000|AUR=34000|rfpa_therm=30437|quiet_therm=31015|charging_therm=32663|,ok,39000,36000,0,36000,1,batched,touched,4096,1024,2,1,1221273,1024,326213,0,4,4,ok
1,15,nvhe,4,578000,787000,37000,36000,BIG=35000|MID=35000|usb_pwr_therm=29390|btmspkr_therm=29346|disp_therm=29346|north_therm=29613|soc_therm=32752|battery=29300|battery_cycle=5|dc-mains=33000|usbc-therm-adc=330|max77779fg=29300|LITTLE=35000|soc=1|smpl_gm=0|vdroop1=0|batoilo=0|batoilo2=0|batt_vs=29300|mdis_morepower=0|thb_hda=51|cp_on_chip_0=34000|cp_on_chip_1=36000|G3D=34000|cp_on_chip_2=36000|cp_on_chip_3=33000|cp_on_chip_4=34000|rf2_therm=31000|rf1_therm=32000|ISP=33000|TPU=34000|AUR=34000|rfpa_therm=30437|quiet_therm=31015|charging_therm=32663|,BIG=35000|MID=36000|usb_pwr_therm=29390|btmspkr_therm=29346|disp_therm=29346|north_therm=29613|soc_therm=32774|battery=29300|battery_cycle=5|dc-mains=33000|usbc-therm-adc=330|max77779fg=29300|LITTLE=35000|soc=1|smpl_gm=0|vdroop1=0|batoilo=0|batoilo2=0|batt_vs=29300|mdis_morepower=0|thb_hda=51|cp_on_chip_0=34000|cp_on_chip_1=36000|G3D=34000|cp_on_chip_2=36000|cp_on_chip_3=33000|cp_on_chip_4=34000|rf2_therm=31000|rf1_therm=32000|ISP=33000|TPU=34000|AUR=34000|rfpa_therm=30437|quiet_therm=31015|charging_therm=32663|,ok,39000,36000,0,36000,1,batched,touched,4096,1024,3,1,1197916,1024,237874,0,4,4,ok
1,15,nvhe,4,578000,787000,37000,36000,BIG=35000|MID=35000|usb_pwr_therm=29390|btmspkr_therm=29346|disp_therm=29346|north_therm=29613|soc_therm=32752|battery=29300|battery_cycle=5|dc-mains=33000|usbc-therm-adc=330|max77779fg=29300|LITTLE=35000|soc=1|smpl_gm=0|vdroop1=0|batoilo=0|batoilo2=0|batt_vs=29300|mdis_morepower=0|thb_hda=51|cp_on_chip_0=34000|cp_on_chip_1=36000|G3D=34000|cp_on_chip_2=36000|cp_on_chip_3=33000|cp_on_chip_4=34000|rf2_therm=31000|rf1_therm=32000|ISP=33000|TPU=34000|AUR=34000|rfpa_therm=30437|quiet_therm=31015|charging_therm=32663|,BIG=35000|MID=36000|usb_pwr_therm=29390|btmspkr_therm=29346|disp_therm=29346|north_therm=29613|soc_therm=32774|battery=29300|battery_cycle=5|dc-mains=33000|usbc-therm-adc=330|max77779fg=29300|LITTLE=35000|soc=1|smpl_gm=0|vdroop1=0|batoilo=0|batoilo2=0|batt_vs=29300|mdis_morepower=0|thb_hda=51|cp_on_chip_0=34000|cp_on_chip_1=36000|G3D=34000|cp_on_chip_2=36000|cp_on_chip_3=33000|cp_on_chip_4=34000|rf2_therm=31000|rf1_therm=32000|ISP=33000|TPU=34000|AUR=34000|rfpa_therm=30437|quiet_therm=31015|charging_therm=32663|,ok,39000,36000,0,36000,1,batched,touched,4096,1024,4,1,1147420,1024,225179,0,4,4,ok
1,15,nvhe,4,578000,787000,37000,36000,BIG=35000|MID=35000|usb_pwr_therm=29390|btmspkr_therm=29346|disp_therm=29346|north_therm=29613|soc_therm=32752|battery=29300|battery_cycle=5|dc-mains=33000|usbc-therm-adc=330|max77779fg=29300|LITTLE=35000|soc=1|smpl_gm=0|vdroop1=0|batoilo=0|batoilo2=0|batt_vs=29300|mdis_morepower=0|thb_hda=51|cp_on_chip_0=34000|cp_on_chip_1=36000|G3D=34000|cp_on_chip_2=36000|cp_on_chip_3=33000|cp_on_chip_4=34000|rf2_therm=31000|rf1_therm=32000|ISP=33000|TPU=34000|AUR=34000|rfpa_therm=30437|quiet_therm=31015|charging_therm=32663|,BIG=35000|MID=36000|usb_pwr_therm=29390|btmspkr_therm=29346|disp_therm=29346|north_therm=29613|soc_therm=32774|battery=29300|battery_cycle=5|dc-mains=33000|usbc-therm-adc=330|max77779fg=29300|LITTLE=35000|soc=1|smpl_gm=0|vdroop1=0|batoilo=0|batoilo2=0|batt_vs=29300|mdis_morepower=0|thb_hda=51|cp_on_chip_0=34000|cp_on_chip_1=36000|G3D=34000|cp_on_chip_2=36000|cp_on_chip_3=33000|cp_on_chip_4=34000|rf2_therm=31000|rf1_therm=32000|ISP=33000|TPU=34000|AUR=34000|rfpa_therm=30437|quiet_therm=31015|charging_therm=32663|,ok,39000,36000,0,36000,1,batched,touched,4096,1024,5,1,1153361,1024,220296,0,4,4,ok
1,15,nvhe,4,578000,787000,37000,36000,BIG=35000|MID=35000|usb_pwr_therm=29390|btmspkr_therm=29346|disp_therm=29346|north_therm=29613|soc_therm=32752|battery=29300|battery_cycle=5|dc-mains=33000|usbc-therm-adc=330|max77779fg=29300|LITTLE=35000|soc=1|smpl_gm=0|vdroop1=0|batoilo=0|batoilo2=0|batt_vs=29300|mdis_morepower=0|thb_hda=51|cp_on_chip_0=34000|cp_on_chip_1=36000|G3D=34000|cp_on_chip_2=36000|cp_on_chip_3=33000|cp_on_chip_4=34000|rf2_therm=31000|rf1_therm=32000|ISP=33000|TPU=34000|AUR=34000|rfpa_therm=30437|quiet_therm=31015|charging_therm=32663|,BIG=35000|MID=36000|usb_pwr_therm=29390|btmspkr_therm=29346|disp_therm=29346|north_therm=29613|soc_therm=32774|battery=29300|battery_cycle=5|dc-mains=33000|usbc-therm-adc=330|max77779fg=29300|LITTLE=35000|soc=1|smpl_gm=0|vdroop1=0|batoilo=0|batoilo2=0|batt_vs=29300|mdis_morepower=0|thb_hda=51|cp_on_chip_0=34000|cp_on_chip_1=36000|G3D=34000|cp_on_chip_2=36000|cp_on_chip_3=33000|cp_on_chip_4=34000|rf2_therm=31000|rf1_therm=32000|ISP=33000|TPU=34000|AUR=34000|rfpa_therm=30437|quiet_therm=31015|charging_therm=32663|,ok,39000,36000,0,36000,1,batched,touched,4096,1024,6,1,1164754,1024,197631,0,4,4,ok
1,15,nvhe,4,578000,787000,37000,36000,BIG=35000|MID=35000|usb_pwr_therm=29390|btmspkr_therm=29346|disp_therm=29346|north_therm=29613|soc_therm=32752|battery=29300|battery_cycle=5|dc-mains=33000|usbc-therm-adc=330|max77779fg=29300|LITTLE=35000|soc=1|smpl_gm=0|vdroop1=0|batoilo=0|batoilo2=0|batt_vs=29300|mdis_morepower=0|thb_hda=51|cp_on_chip_0=34000|cp_on_chip_1=36000|G3D=34000|cp_on_chip_2=36000|cp_on_chip_3=33000|cp_on_chip_4=34000|rf2_therm=31000|rf1_therm=32000|ISP=33000|TPU=34000|AUR=34000|rfpa_therm=30437|quiet_therm=31015|charging_therm=32663|,BIG=35000|MID=36000|usb_pwr_therm=29390|btmspkr_therm=29346|disp_therm=29346|north_therm=29613|soc_therm=32774|battery=29300|battery_cycle=5|dc-mains=33000|usbc-therm-adc=330|max77779fg=29300|LITTLE=35000|soc=1|smpl_gm=0|vdroop1=0|batoilo=0|batoilo2=0|batt_vs=29300|mdis_morepower=0|thb_hda=51|cp_on_chip_0=34000|cp_on_chip_1=36000|G3D=34000|cp_on_chip_2=36000|cp_on_chip_3=33000|cp_on_chip_4=34000|rf2_therm=31000|rf1_therm=32000|ISP=33000|TPU=34000|AUR=34000|rfpa_therm=30437|quiet_therm=31015|charging_therm=32663|,ok,39000,36000,0,36000,1,batched,touched,4096,1024,7,1,1142985,1024,183309,0,4,4,ok
1,15,nvhe,4,578000,787000,37000,36000,BIG=35000|MID=35000|usb_pwr_therm=29390|btmspkr_therm=29346|disp_therm=29346|north_therm=29613|soc_therm=32752|battery=29300|battery_cycle=5|dc-mains=33000|usbc-therm-adc=330|max77779fg=29300|LITTLE=35000|soc=1|smpl_gm=0|vdroop1=0|batoilo=0|batoilo2=0|batt_vs=29300|mdis_morepower=0|thb_hda=51|cp_on_chip_0=34000|cp_on_chip_1=36000|G3D=34000|cp_on_chip_2=36000|cp_on_chip_3=33000|cp_on_chip_4=34000|rf2_therm=31000|rf1_therm=32000|ISP=33000|TPU=34000|AUR=34000|rfpa_therm=30437|quiet_therm=31015|charging_therm=32663|,BIG=35000|MID=36000|usb_pwr_therm=29390|btmspkr_therm=29346|disp_therm=29346|north_therm=29613|soc_therm=32774|battery=29300|battery_cycle=5|dc-mains=33000|usbc-therm-adc=330|max77779fg=29300|LITTLE=35000|soc=1|smpl_gm=0|vdroop1=0|batoilo=0|batoilo2=0|batt_vs=29300|mdis_morepower=0|thb_hda=51|cp_on_chip_0=34000|cp_on_chip_1=36000|G3D=34000|cp_on_chip_2=36000|cp_on_chip_3=33000|cp_on_chip_4=34000|rf2_therm=31000|rf1_therm=32000|ISP=33000|TPU=34000|AUR=34000|rfpa_therm=30437|quiet_therm=31015|charging_therm=32663|,ok,39000,36000,0,36000,1,batched,touched,4096,1024,8,1,1193603,1024,182780,0,4,4,ok
1,15,nvhe,4,578000,787000,37000,36000,BIG=35000|MID=35000|usb_pwr_therm=29390|btmspkr_therm=29346|disp_therm=29346|north_therm=29613|soc_therm=32752|battery=29300|battery_cycle=5|dc-mains=33000|usbc-therm-adc=330|max77779fg=29300|LITTLE=35000|soc=1|smpl_gm=0|vdroop1=0|batoilo=0|batoilo2=0|batt_vs=29300|mdis_morepower=0|thb_hda=51|cp_on_chip_0=34000|cp_on_chip_1=36000|G3D=34000|cp_on_chip_2=36000|cp_on_chip_3=33000|cp_on_chip_4=34000|rf2_therm=31000|rf1_therm=32000|ISP=33000|TPU=34000|AUR=34000|rfpa_therm=30437|quiet_therm=31015|charging_therm=32663|,BIG=35000|MID=36000|usb_pwr_therm=29390|btmspkr_therm=29346|disp_therm=29346|north_therm=29613|soc_therm=32774|battery=29300|battery_cycle=5|dc-mains=33000|usbc-therm-adc=330|max77779fg=29300|LITTLE=35000|soc=1|smpl_gm=0|vdroop1=0|batoilo=0|batoilo2=0|batt_vs=29300|mdis_morepower=0|thb_hda=51|cp_on_chip_0=34000|cp_on_chip_1=36000|G3D=34000|cp_on_chip_2=36000|cp_on_chip_3=33000|cp_on_chip_4=34000|rf2_therm=31000|rf1_therm=32000|ISP=33000|TPU=34000|AUR=34000|rfpa_therm=30437|quiet_therm=31015|charging_therm=32663|,ok,39000,36000,0,36000,1,batched,touched,4096,1024,9,1,1013509,1024,231364,0,4,4,ok
1,15,nvhe,4,578000,787000,37000,36000,BIG=35000|MID=35000|usb_pwr_therm=29390|btmspkr_therm=29346|disp_therm=29346|north_therm=29613|soc_therm=32752|battery=29300|battery_cycle=5|dc-mains=33000|usbc-therm-adc=330|max77779fg=29300|LITTLE=35000|soc=1|smpl_gm=0|vdroop1=0|batoilo=0|batoilo2=0|batt_vs=29300|mdis_morepower=0|thb_hda=51|cp_on_chip_0=34000|cp_on_chip_1=36000|G3D=34000|cp_on_chip_2=36000|cp_on_chip_3=33000|cp_on_chip_4=34000|rf2_therm=31000|rf1_therm=32000|ISP=33000|TPU=34000|AUR=34000|rfpa_therm=30437|quiet_therm=31015|charging_therm=32663|,BIG=35000|MID=36000|usb_pwr_therm=29390|btmspkr_therm=29346|disp_therm=29346|north_therm=29613|soc_therm=32774|battery=29300|battery_cycle=5|dc-mains=33000|usbc-therm-adc=330|max77779fg=29300|LITTLE=35000|soc=1|smpl_gm=0|vdroop1=0|batoilo=0|batoilo2=0|batt_vs=29300|mdis_morepower=0|thb_hda=51|cp_on_chip_0=34000|cp_on_chip_1=36000|G3D=34000|cp_on_chip_2=36000|cp_on_chip_3=33000|cp_on_chip_4=34000|rf2_therm=31000|rf1_therm=32000|ISP=33000|TPU=34000|AUR=34000|rfpa_therm=30437|quiet_therm=31015|charging_therm=32663|,ok,39000,36000,0,36000,1,batched,touched,4096,1024,10,1,898112,1024,226644,0,4,4,ok
1,15,nvhe,4,578000,787000,37000,36000,BIG=35000|MID=35000|usb_pwr_therm=29390|btmspkr_therm=29346|disp_therm=29346|north_therm=29613|soc_therm=32752|battery=29300|battery_cycle=5|dc-mains=33000|usbc-therm-adc=330|max77779fg=29300|LITTLE=35000|soc=1|smpl_gm=0|vdroop1=0|batoilo=0|batoilo2=0|batt_vs=29300|mdis_morepower=0|thb_hda=51|cp_on_chip_0=34000|cp_on_chip_1=36000|G3D=34000|cp_on_chip_2=36000|cp_on_chip_3=33000|cp_on_chip_4=34000|rf2_therm=31000|rf1_therm=32000|ISP=33000|TPU=34000|AUR=34000|rfpa_therm=30437|quiet_therm=31015|charging_therm=32663|,BIG=35000|MID=36000|usb_pwr_therm=29390|btmspkr_therm=29346|disp_therm=29346|north_therm=29613|soc_therm=32774|battery=29300|battery_cycle=5|dc-mains=33000|usbc-therm-adc=330|max77779fg=29300|LITTLE=35000|soc=1|smpl_gm=0|vdroop1=0|batoilo=0|batoilo2=0|batt_vs=29300|mdis_morepower=0|thb_hda=51|cp_on_chip_0=34000|cp_on_chip_1=36000|G3D=34000|cp_on_chip_2=36000|cp_on_chip_3=33000|cp_on_chip_4=34000|rf2_therm=31000|rf1_therm=32000|ISP=33000|TPU=34000|AUR=34000|rfpa_therm=30437|quiet_therm=31015|charging_therm=32663|,ok,39000,36000,0,36000,1,batched,touched,4096,1024,11,1,852172,1024,131754,0,4,4,ok
1,15,nvhe,4,578000,787000,37000,36000,BIG=35000|MID=35000|usb_pwr_therm=29390|btmspkr_therm=29346|disp_therm=29346|north_therm=29613|soc_therm=32752|battery=29300|battery_cycle=5|dc-mains=33000|usbc-therm-adc=330|max77779fg=29300|LITTLE=35000|soc=1|smpl_gm=0|vdroop1=0|batoilo=0|batoilo2=0|batt_vs=29300|mdis_morepower=0|thb_hda=51|cp_on_chip_0=34000|cp_on_chip_1=36000|G3D=34000|cp_on_chip_2=36000|cp_on_chip_3=33000|cp_on_chip_4=34000|rf2_therm=31000|rf1_therm=32000|ISP=33000|TPU=34000|AUR=34000|rfpa_therm=30437|quiet_therm=31015|charging_therm=32663|,BIG=35000|MID=36000|usb_pwr_therm=29390|btmspkr_therm=29346|disp_therm=29346|north_therm=29613|soc_therm=32774|battery=29300|battery_cycle=5|dc-mains=33000|usbc-therm-adc=330|max77779fg=29300|LITTLE=35000|soc=1|smpl_gm=0|vdroop1=0|batoilo=0|batoilo2=0|batt_vs=29300|mdis_morepower=0|thb_hda=51|cp_on_chip_0=34000|cp_on_chip_1=36000|G3D=34000|cp_on_chip_2=36000|cp_on_chip_3=33000|cp_on_chip_4=34000|rf2_therm=31000|rf1_therm=32000|ISP=33000|TPU=34000|AUR=34000|rfpa_therm=30437|quiet_therm=31015|charging_therm=32663|,ok,39000,36000,0,36000,1,batched,touched,4096,1024,12,1,805623,1024,112549,0,4,4,ok
1,15,nvhe,4,578000,787000,37000,36000,BIG=35000|MID=35000|usb_pwr_therm=29390|btmspkr_therm=29346|disp_therm=29346|north_therm=29613|soc_therm=32752|battery=29300|battery_cycle=5|dc-mains=33000|usbc-therm-adc=330|max77779fg=29300|LITTLE=35000|soc=1|smpl_gm=0|vdroop1=0|batoilo=0|batoilo2=0|batt_vs=29300|mdis_morepower=0|thb_hda=51|cp_on_chip_0=34000|cp_on_chip_1=36000|G3D=34000|cp_on_chip_2=36000|cp_on_chip_3=33000|cp_on_chip_4=34000|rf2_therm=31000|rf1_therm=32000|ISP=33000|TPU=34000|AUR=34000|rfpa_therm=30437|quiet_therm=31015|charging_therm=32663|,BIG=35000|MID=36000|usb_pwr_therm=29390|btmspkr_therm=29346|disp_therm=29346|north_therm=29613|soc_therm=32774|battery=29300|battery_cycle=5|dc-mains=33000|usbc-therm-adc=330|max77779fg=29300|LITTLE=35000|soc=1|smpl_gm=0|vdroop1=0|batoilo=0|batoilo2=0|batt_vs=29300|mdis_morepower=0|thb_hda=51|cp_on_chip_0=34000|cp_on_chip_1=36000|G3D=34000|cp_on_chip_2=36000|cp_on_chip_3=33000|cp_on_chip_4=34000|rf2_therm=31000|rf1_therm=32000|ISP=33000|TPU=34000|AUR=34000|rfpa_therm=30437|quiet_therm=31015|charging_therm=32663|,ok,39000,36000,0,36000,1,batched,touched,4096,1024,13,1,821940,1024,109335,0,4,4,ok
1,15,nvhe,4,578000,787000,37000,36000,BIG=35000|MID=35000|usb_pwr_therm=29390|btmspkr_therm=29346|disp_therm=29346|north_therm=29613|soc_therm=32752|battery=29300|battery_cycle=5|dc-mains=33000|usbc-therm-adc=330|max77779fg=29300|LITTLE=35000|soc=1|smpl_gm=0|vdroop1=0|batoilo=0|batoilo2=0|batt_vs=29300|mdis_morepower=0|thb_hda=51|cp_on_chip_0=34000|cp_on_chip_1=36000|G3D=34000|cp_on_chip_2=36000|cp_on_chip_3=33000|cp_on_chip_4=34000|rf2_therm=31000|rf1_therm=32000|ISP=33000|TPU=34000|AUR=34000|rfpa_therm=30437|quiet_therm=31015|charging_therm=32663|,BIG=35000|MID=36000|usb_pwr_therm=29390|btmspkr_therm=29346|disp_therm=29346|north_therm=29613|soc_therm=32774|battery=29300|battery_cycle=5|dc-mains=33000|usbc-therm-adc=330|max77779fg=29300|LITTLE=35000|soc=1|smpl_gm=0|vdroop1=0|batoilo=0|batoilo2=0|batt_vs=29300|mdis_morepower=0|thb_hda=51|cp_on_chip_0=34000|cp_on_chip_1=36000|G3D=34000|cp_on_chip_2=36000|cp_on_chip_3=33000|cp_on_chip_4=34000|rf2_therm=31000|rf1_therm=32000|ISP=33000|TPU=34000|AUR=34000|rfpa_therm=30437|quiet_therm=31015|charging_therm=32663|,ok,39000,36000,0,36000,1,batched,touched,4096,1024,14,1,821859,1024,110067,0,4,4,ok
1,15,nvhe,4,578000,787000,37000,36000,BIG=35000|MID=35000|usb_pwr_therm=29390|btmspkr_therm=29346|disp_therm=29346|north_therm=29613|soc_therm=32752|battery=29300|battery_cycle=5|dc-mains=33000|usbc-therm-adc=330|max77779fg=29300|LITTLE=35000|soc=1|smpl_gm=0|vdroop1=0|batoilo=0|batoilo2=0|batt_vs=29300|mdis_morepower=0|thb_hda=51|cp_on_chip_0=34000|cp_on_chip_1=36000|G3D=34000|cp_on_chip_2=36000|cp_on_chip_3=33000|cp_on_chip_4=34000|rf2_therm=31000|rf1_therm=32000|ISP=33000|TPU=34000|AUR=34000|rfpa_therm=30437|quiet_therm=31015|charging_therm=32663|,BIG=35000|MID=36000|usb_pwr_therm=29390|btmspkr_therm=29346|disp_therm=29346|north_therm=29613|soc_therm=32774|battery=29300|battery_cycle=5|dc-mains=33000|usbc-therm-adc=330|max77779fg=29300|LITTLE=35000|soc=1|smpl_gm=0|vdroop1=0|batoilo=0|batoilo2=0|batt_vs=29300|mdis_morepower=0|thb_hda=51|cp_on_chip_0=34000|cp_on_chip_1=36000|G3D=34000|cp_on_chip_2=36000|cp_on_chip_3=33000|cp_on_chip_4=34000|rf2_therm=31000|rf1_therm=32000|ISP=33000|TPU=34000|AUR=34000|rfpa_therm=30437|quiet_therm=31015|charging_therm=32663|,ok,39000,36000,0,36000,1,batched,touched,4096,1024,15,1,803630,1024,111531,0,4,4,ok
1,15,nvhe,4,578000,787000,37000,36000,BIG=35000|MID=35000|usb_pwr_therm=29390|btmspkr_therm=29346|disp_therm=29346|north_therm=29613|soc_therm=32752|battery=29300|battery_cycle=5|dc-mains=33000|usbc-therm-adc=330|max77779fg=29300|LITTLE=35000|soc=1|smpl_gm=0|vdroop1=0|batoilo=0|batoilo2=0|batt_vs=29300|mdis_morepower=0|thb_hda=51|cp_on_chip_0=34000|cp_on_chip_1=36000|G3D=34000|cp_on_chip_2=36000|cp_on_chip_3=33000|cp_on_chip_4=34000|rf2_therm=31000|rf1_therm=32000|ISP=33000|TPU=34000|AUR=34000|rfpa_therm=30437|quiet_therm=31015|charging_therm=32663|,BIG=35000|MID=36000|usb_pwr_therm=29390|btmspkr_therm=29346|disp_therm=29346|north_therm=29613|soc_therm=32774|battery=29300|battery_cycle=5|dc-mains=33000|usbc-therm-adc=330|max77779fg=29300|LITTLE=35000|soc=1|smpl_gm=0|vdroop1=0|batoilo=0|batoilo2=0|batt_vs=29300|mdis_morepower=0|thb_hda=51|cp_on_chip_0=34000|cp_on_chip_1=36000|G3D=34000|cp_on_chip_2=36000|cp_on_chip_3=33000|cp_on_chip_4=34000|rf2_therm=31000|rf1_therm=32000|ISP=33000|TPU=34000|AUR=34000|rfpa_therm=30437|quiet_therm=31015|charging_therm=32663|,ok,39000,36000,0,36000,1,batched,touched,4096,1024,16,1,820394,1024,110474,0,4,4,ok
1,15,nvhe,4,578000,787000,37000,36000,BIG=35000|MID=35000|usb_pwr_therm=29390|btmspkr_therm=29346|disp_therm=29346|north_therm=29613|soc_therm=32752|battery=29300|battery_cycle=5|dc-mains=33000|usbc-therm-adc=330|max77779fg=29300|LITTLE=35000|soc=1|smpl_gm=0|vdroop1=0|batoilo=0|batoilo2=0|batt_vs=29300|mdis_morepower=0|thb_hda=51|cp_on_chip_0=34000|cp_on_chip_1=36000|G3D=34000|cp_on_chip_2=36000|cp_on_chip_3=33000|cp_on_chip_4=34000|rf2_therm=31000|rf1_therm=32000|ISP=33000|TPU=34000|AUR=34000|rfpa_therm=30437|quiet_therm=31015|charging_therm=32663|,BIG=35000|MID=36000|usb_pwr_therm=29390|btmspkr_therm=29346|disp_therm=29346|north_therm=29613|soc_therm=32774|battery=29300|battery_cycle=5|dc-mains=33000|usbc-therm-adc=330|max77779fg=29300|LITTLE=35000|soc=1|smpl_gm=0|vdroop1=0|batoilo=0|batoilo2=0|batt_vs=29300|mdis_morepower=0|thb_hda=51|cp_on_chip_0=34000|cp_on_chip_1=36000|G3D=34000|cp_on_chip_2=36000|cp_on_chip_3=33000|cp_on_chip_4=34000|rf2_therm=31000|rf1_therm=32000|ISP=33000|TPU=34000|AUR=34000|rfpa_therm=30437|quiet_therm=31015|charging_therm=32663|,ok,39000,36000,0,36000,1,batched,touched,4096,1024,17,1,828206,1024,135824,0,4,4,ok
1,15,nvhe,4,578000,787000,37000,36000,BIG=35000|MID=35000|usb_pwr_therm=29390|btmspkr_therm=29346|disp_therm=29346|north_therm=29613|soc_therm=32752|battery=29300|battery_cycle=5|dc-mains=33000|usbc-therm-adc=330|max77779fg=29300|LITTLE=35000|soc=1|smpl_gm=0|vdroop1=0|batoilo=0|batoilo2=0|batt_vs=29300|mdis_morepower=0|thb_hda=51|cp_on_chip_0=34000|cp_on_chip_1=36000|G3D=34000|cp_on_chip_2=36000|cp_on_chip_3=33000|cp_on_chip_4=34000|rf2_therm=31000|rf1_therm=32000|ISP=33000|TPU=34000|AUR=34000|rfpa_therm=30437|quiet_therm=31015|charging_therm=32663|,BIG=35000|MID=36000|usb_pwr_therm=29390|btmspkr_therm=29346|disp_therm=29346|north_therm=29613|soc_therm=32774|battery=29300|battery_cycle=5|dc-mains=33000|usbc-therm-adc=330|max77779fg=29300|LITTLE=35000|soc=1|smpl_gm=0|vdroop1=0|batoilo=0|batoilo2=0|batt_vs=29300|mdis_morepower=0|thb_hda=51|cp_on_chip_0=34000|cp_on_chip_1=36000|G3D=34000|cp_on_chip_2=36000|cp_on_chip_3=33000|cp_on_chip_4=34000|rf2_therm=31000|rf1_therm=32000|ISP=33000|TPU=34000|AUR=34000|rfpa_therm=30437|quiet_therm=31015|charging_therm=32663|,ok,39000,36000,0,36000,1,batched,touched,4096,1024,18,1,794881,1024,110433,0,4,4,ok
1,15,nvhe,4,578000,787000,37000,36000,BIG=35000|MID=35000|usb_pwr_therm=29390|btmspkr_therm=29346|disp_therm=29346|north_therm=29613|soc_therm=32752|battery=29300|battery_cycle=5|dc-mains=33000|usbc-therm-adc=330|max77779fg=29300|LITTLE=35000|soc=1|smpl_gm=0|vdroop1=0|batoilo=0|batoilo2=0|batt_vs=29300|mdis_morepower=0|thb_hda=51|cp_on_chip_0=34000|cp_on_chip_1=36000|G3D=34000|cp_on_chip_2=36000|cp_on_chip_3=33000|cp_on_chip_4=34000|rf2_therm=31000|rf1_therm=32000|ISP=33000|TPU=34000|AUR=34000|rfpa_therm=30437|quiet_therm=31015|charging_therm=32663|,BIG=35000|MID=36000|usb_pwr_therm=29390|btmspkr_therm=29346|disp_therm=29346|north_therm=29613|soc_therm=32774|battery=29300|battery_cycle=5|dc-mains=33000|usbc-therm-adc=330|max77779fg=29300|LITTLE=35000|soc=1|smpl_gm=0|vdroop1=0|batoilo=0|batoilo2=0|batt_vs=29300|mdis_morepower=0|thb_hda=51|cp_on_chip_0=34000|cp_on_chip_1=36000|G3D=34000|cp_on_chip_2=36000|cp_on_chip_3=33000|cp_on_chip_4=34000|rf2_therm=31000|rf1_therm=32000|ISP=33000|TPU=34000|AUR=34000|rfpa_therm=30437|quiet_therm=31015|charging_therm=32663|,ok,39000,36000,0,36000,1,batched,touched,4096,1024,19,1,811767,1024,110270,0,4,4,ok
1,15,nvhe,4,578000,787000,37000,36000,BIG=35000|MID=35000|usb_pwr_therm=29390|btmspkr_therm=29346|disp_therm=29346|north_therm=29613|soc_therm=32752|battery=29300|battery_cycle=5|dc-mains=33000|usbc-therm-adc=330|max77779fg=29300|LITTLE=35000|soc=1|smpl_gm=0|vdroop1=0|batoilo=0|batoilo2=0|batt_vs=29300|mdis_morepower=0|thb_hda=51|cp_on_chip_0=34000|cp_on_chip_1=36000|G3D=34000|cp_on_chip_2=36000|cp_on_chip_3=33000|cp_on_chip_4=34000|rf2_therm=31000|rf1_therm=32000|ISP=33000|TPU=34000|AUR=34000|rfpa_therm=30437|quiet_therm=31015|charging_therm=32663|,BIG=35000|MID=36000|usb_pwr_therm=29390|btmspkr_therm=29346|disp_therm=29346|north_therm=29613|soc_therm=32774|battery=29300|battery_cycle=5|dc-mains=33000|usbc-therm-adc=330|max77779fg=29300|LITTLE=35000|soc=1|smpl_gm=0|vdroop1=0|batoilo=0|batoilo2=0|batt_vs=29300|mdis_morepower=0|thb_hda=51|cp_on_chip_0=34000|cp_on_chip_1=36000|G3D=34000|cp_on_chip_2=36000|cp_on_chip_3=33000|cp_on_chip_4=34000|rf2_therm=31000|rf1_therm=32000|ISP=33000|TPU=34000|AUR=34000|rfpa_therm=30437|quiet_therm=31015|charging_therm=32663|,ok,39000,36000,0,36000,1,batched,touched,4096,1024,20,1,850382,1024,109741,0,4,4,ok
1,15,nvhe,4,578000,787000,37000,36000,BIG=35000|MID=35000|usb_pwr_therm=29390|btmspkr_therm=29346|disp_therm=29346|north_therm=29613|soc_therm=32752|battery=29300|battery_cycle=5|dc-mains=33000|usbc-therm-adc=330|max77779fg=29300|LITTLE=35000|soc=1|smpl_gm=0|vdroop1=0|batoilo=0|batoilo2=0|batt_vs=29300|mdis_morepower=0|thb_hda=51|cp_on_chip_0=34000|cp_on_chip_1=36000|G3D=34000|cp_on_chip_2=36000|cp_on_chip_3=33000|cp_on_chip_4=34000|rf2_therm=31000|rf1_therm=32000|ISP=33000|TPU=34000|AUR=34000|rfpa_therm=30437|quiet_therm=31015|charging_therm=32663|,BIG=35000|MID=36000|usb_pwr_therm=29390|btmspkr_therm=29346|disp_therm=29346|north_therm=29613|soc_therm=32774|battery=29300|battery_cycle=5|dc-mains=33000|usbc-therm-adc=330|max77779fg=29300|LITTLE=35000|soc=1|smpl_gm=0|vdroop1=0|batoilo=0|batoilo2=0|batt_vs=29300|mdis_morepower=0|thb_hda=51|cp_on_chip_0=34000|cp_on_chip_1=36000|G3D=34000|cp_on_chip_2=36000|cp_on_chip_3=33000|cp_on_chip_4=34000|rf2_therm=31000|rf1_therm=32000|ISP=33000|TPU=34000|AUR=34000|rfpa_therm=30437|quiet_therm=31015|charging_therm=32663|,ok,39000,36000,0,36000,1,batched,touched,4096,1024,21,1,870158,1024,115886,0,4,4,ok
1,15,nvhe,4,578000,787000,37000,36000,BIG=35000|MID=35000|usb_pwr_therm=29390|btmspkr_therm=29346|disp_therm=29346|north_therm=29613|soc_therm=32752|battery=29300|battery_cycle=5|dc-mains=33000|usbc-therm-adc=330|max77779fg=29300|LITTLE=35000|soc=1|smpl_gm=0|vdroop1=0|batoilo=0|batoilo2=0|batt_vs=29300|mdis_morepower=0|thb_hda=51|cp_on_chip_0=34000|cp_on_chip_1=36000|G3D=34000|cp_on_chip_2=36000|cp_on_chip_3=33000|cp_on_chip_4=34000|rf2_therm=31000|rf1_therm=32000|ISP=33000|TPU=34000|AUR=34000|rfpa_therm=30437|quiet_therm=31015|charging_therm=32663|,BIG=35000|MID=36000|usb_pwr_therm=29390|btmspkr_therm=29346|disp_therm=29346|north_therm=29613|soc_therm=32774|battery=29300|battery_cycle=5|dc-mains=33000|usbc-therm-adc=330|max77779fg=29300|LITTLE=35000|soc=1|smpl_gm=0|vdroop1=0|batoilo=0|batoilo2=0|batt_vs=29300|mdis_morepower=0|thb_hda=51|cp_on_chip_0=34000|cp_on_chip_1=36000|G3D=34000|cp_on_chip_2=36000|cp_on_chip_3=33000|cp_on_chip_4=34000|rf2_therm=31000|rf1_therm=32000|ISP=33000|TPU=34000|AUR=34000|rfpa_therm=30437|quiet_therm=31015|charging_therm=32663|,ok,39000,36000,0,36000,1,batched,touched,4096,1024,22,1,881226,1024,109741,0,4,4,ok
1,15,nvhe,4,578000,787000,37000,36000,BIG=35000|MID=35000|usb_pwr_therm=29390|btmspkr_therm=29346|disp_therm=29346|north_therm=29613|soc_therm=32752|battery=29300|battery_cycle=5|dc-mains=33000|usbc-therm-adc=330|max77779fg=29300|LITTLE=35000|soc=1|smpl_gm=0|vdroop1=0|batoilo=0|batoilo2=0|batt_vs=29300|mdis_morepower=0|thb_hda=51|cp_on_chip_0=34000|cp_on_chip_1=36000|G3D=34000|cp_on_chip_2=36000|cp_on_chip_3=33000|cp_on_chip_4=34000|rf2_therm=31000|rf1_therm=32000|ISP=33000|TPU=34000|AUR=34000|rfpa_therm=30437|quiet_therm=31015|charging_therm=32663|,BIG=35000|MID=36000|usb_pwr_therm=29390|btmspkr_therm=29346|disp_therm=29346|north_therm=29613|soc_therm=32774|battery=29300|battery_cycle=5|dc-mains=33000|usbc-therm-adc=330|max77779fg=29300|LITTLE=35000|soc=1|smpl_gm=0|vdroop1=0|batoilo=0|batoilo2=0|batt_vs=29300|mdis_morepower=0|thb_hda=51|cp_on_chip_0=34000|cp_on_chip_1=36000|G3D=34000|cp_on_chip_2=36000|cp_on_chip_3=33000|cp_on_chip_4=34000|rf2_therm=31000|rf1_therm=32000|ISP=33000|TPU=34000|AUR=34000|rfpa_therm=30437|quiet_therm=31015|charging_therm=32663|,ok,39000,36000,0,36000,1,batched,touched,4096,1024,23,1,858602,1024,112997,0,4,4,ok
1,15,nvhe,4,578000,787000,37000,36000,BIG=35000|MID=35000|usb_pwr_therm=29390|btmspkr_therm=29346|disp_therm=29346|north_therm=29613|soc_therm=32752|battery=29300|battery_cycle=5|dc-mains=33000|usbc-therm-adc=330|max77779fg=29300|LITTLE=35000|soc=1|smpl_gm=0|vdroop1=0|batoilo=0|batoilo2=0|batt_vs=29300|mdis_morepower=0|thb_hda=51|cp_on_chip_0=34000|cp_on_chip_1=36000|G3D=34000|cp_on_chip_2=36000|cp_on_chip_3=33000|cp_on_chip_4=34000|rf2_therm=31000|rf1_therm=32000|ISP=33000|TPU=34000|AUR=34000|rfpa_therm=30437|quiet_therm=31015|charging_therm=32663|,BIG=35000|MID=36000|usb_pwr_therm=29390|btmspkr_therm=29346|disp_therm=29346|north_therm=29613|soc_therm=32774|battery=29300|battery_cycle=5|dc-mains=33000|usbc-therm-adc=330|max77779fg=29300|LITTLE=35000|soc=1|smpl_gm=0|vdroop1=0|batoilo=0|batoilo2=0|batt_vs=29300|mdis_morepower=0|thb_hda=51|cp_on_chip_0=34000|cp_on_chip_1=36000|G3D=34000|cp_on_chip_2=36000|cp_on_chip_3=33000|cp_on_chip_4=34000|rf2_therm=31000|rf1_therm=32000|ISP=33000|TPU=34000|AUR=34000|rfpa_therm=30437|quiet_therm=31015|charging_therm=32663|,ok,39000,36000,0,36000,1,batched,touched,4096,1024,24,1,880005,1024,113566,0,4,4,ok
1,15,nvhe,4,578000,787000,37000,36000,BIG=35000|MID=35000|usb_pwr_therm=29390|btmspkr_therm=29346|disp_therm=29346|north_therm=29613|soc_therm=32752|battery=29300|battery_cycle=5|dc-mains=33000|usbc-therm-adc=330|max77779fg=29300|LITTLE=35000|soc=1|smpl_gm=0|vdroop1=0|batoilo=0|batoilo2=0|batt_vs=29300|mdis_morepower=0|thb_hda=51|cp_on_chip_0=34000|cp_on_chip_1=36000|G3D=34000|cp_on_chip_2=36000|cp_on_chip_3=33000|cp_on_chip_4=34000|rf2_therm=31000|rf1_therm=32000|ISP=33000|TPU=34000|AUR=34000|rfpa_therm=30437|quiet_therm=31015|charging_therm=32663|,BIG=35000|MID=36000|usb_pwr_therm=29390|btmspkr_therm=29346|disp_therm=29346|north_therm=29613|soc_therm=32774|battery=29300|battery_cycle=5|dc-mains=33000|usbc-therm-adc=330|max77779fg=29300|LITTLE=35000|soc=1|smpl_gm=0|vdroop1=0|batoilo=0|batoilo2=0|batt_vs=29300|mdis_morepower=0|thb_hda=51|cp_on_chip_0=34000|cp_on_chip_1=36000|G3D=34000|cp_on_chip_2=36000|cp_on_chip_3=33000|cp_on_chip_4=34000|rf2_therm=31000|rf1_therm=32000|ISP=33000|TPU=34000|AUR=34000|rfpa_therm=30437|quiet_therm=31015|charging_therm=32663|,ok,39000,36000,0,36000,1,batched,touched,4096,1024,25,1,910196,1024,111246,0,4,4,ok
1,15,nvhe,4,578000,787000,37000,36000,BIG=35000|MID=35000|usb_pwr_therm=29390|btmspkr_therm=29346|disp_therm=29346|north_therm=29613|soc_therm=32752|battery=29300|battery_cycle=5|dc-mains=33000|usbc-therm-adc=330|max77779fg=29300|LITTLE=35000|soc=1|smpl_gm=0|vdroop1=0|batoilo=0|batoilo2=0|batt_vs=29300|mdis_morepower=0|thb_hda=51|cp_on_chip_0=34000|cp_on_chip_1=36000|G3D=34000|cp_on_chip_2=36000|cp_on_chip_3=33000|cp_on_chip_4=34000|rf2_therm=31000|rf1_therm=32000|ISP=33000|TPU=34000|AUR=34000|rfpa_therm=30437|quiet_therm=31015|charging_therm=32663|,BIG=35000|MID=36000|usb_pwr_therm=29390|btmspkr_therm=29346|disp_therm=29346|north_therm=29613|soc_therm=32774|battery=29300|battery_cycle=5|dc-mains=33000|usbc-therm-adc=330|max77779fg=29300|LITTLE=35000|soc=1|smpl_gm=0|vdroop1=0|batoilo=0|batoilo2=0|batt_vs=29300|mdis_morepower=0|thb_hda=51|cp_on_chip_0=34000|cp_on_chip_1=36000|G3D=34000|cp_on_chip_2=36000|cp_on_chip_3=33000|cp_on_chip_4=34000|rf2_therm=31000|rf1_therm=32000|ISP=33000|TPU=34000|AUR=34000|rfpa_therm=30437|quiet_therm=31015|charging_therm=32663|,ok,39000,36000,0,36000,1,batched,touched,4096,1024,26,1,863647,1024,114705,0,4,4,ok
1,15,nvhe,4,578000,787000,37000,36000,BIG=35000|MID=35000|usb_pwr_therm=29390|btmspkr_therm=29346|disp_therm=29346|north_therm=29613|soc_therm=32752|battery=29300|battery_cycle=5|dc-mains=33000|usbc-therm-adc=330|max77779fg=29300|LITTLE=35000|soc=1|smpl_gm=0|vdroop1=0|batoilo=0|batoilo2=0|batt_vs=29300|mdis_morepower=0|thb_hda=51|cp_on_chip_0=34000|cp_on_chip_1=36000|G3D=34000|cp_on_chip_2=36000|cp_on_chip_3=33000|cp_on_chip_4=34000|rf2_therm=31000|rf1_therm=32000|ISP=33000|TPU=34000|AUR=34000|rfpa_therm=30437|quiet_therm=31015|charging_therm=32663|,BIG=35000|MID=36000|usb_pwr_therm=29390|btmspkr_therm=29346|disp_therm=29346|north_therm=29613|soc_therm=32774|battery=29300|battery_cycle=5|dc-mains=33000|usbc-therm-adc=330|max77779fg=29300|LITTLE=35000|soc=1|smpl_gm=0|vdroop1=0|batoilo=0|batoilo2=0|batt_vs=29300|mdis_morepower=0|thb_hda=51|cp_on_chip_0=34000|cp_on_chip_1=36000|G3D=34000|cp_on_chip_2=36000|cp_on_chip_3=33000|cp_on_chip_4=34000|rf2_therm=31000|rf1_therm=32000|ISP=33000|TPU=34000|AUR=34000|rfpa_therm=30437|quiet_therm=31015|charging_therm=32663|,ok,39000,36000,0,36000,1,batched,touched,4096,1024,27,1,880249,1024,115804,0,4,4,ok
1,15,nvhe,4,578000,787000,37000,36000,BIG=35000|MID=35000|usb_pwr_therm=29390|btmspkr_therm=29346|disp_therm=29346|north_therm=29613|soc_therm=32752|battery=29300|battery_cycle=5|dc-mains=33000|usbc-therm-adc=330|max77779fg=29300|LITTLE=35000|soc=1|smpl_gm=0|vdroop1=0|batoilo=0|batoilo2=0|batt_vs=29300|mdis_morepower=0|thb_hda=51|cp_on_chip_0=34000|cp_on_chip_1=36000|G3D=34000|cp_on_chip_2=36000|cp_on_chip_3=33000|cp_on_chip_4=34000|rf2_therm=31000|rf1_therm=32000|ISP=33000|TPU=34000|AUR=34000|rfpa_therm=30437|quiet_therm=31015|charging_therm=32663|,BIG=35000|MID=36000|usb_pwr_therm=29390|btmspkr_therm=29346|disp_therm=29346|north_therm=29613|soc_therm=32774|battery=29300|battery_cycle=5|dc-mains=33000|usbc-therm-adc=330|max77779fg=29300|LITTLE=35000|soc=1|smpl_gm=0|vdroop1=0|batoilo=0|batoilo2=0|batt_vs=29300|mdis_morepower=0|thb_hda=51|cp_on_chip_0=34000|cp_on_chip_1=36000|G3D=34000|cp_on_chip_2=36000|cp_on_chip_3=33000|cp_on_chip_4=34000|rf2_therm=31000|rf1_therm=32000|ISP=33000|TPU=34000|AUR=34000|rfpa_therm=30437|quiet_therm=31015|charging_therm=32663|,ok,39000,36000,0,36000,1,batched,touched,4096,1024,28,1,905924,1024,115072,0,4,4,ok
1,15,nvhe,4,578000,787000,37000,36000,BIG=35000|MID=35000|usb_pwr_therm=29390|btmspkr_therm=29346|disp_therm=29346|north_therm=29613|soc_therm=32752|battery=29300|battery_cycle=5|dc-mains=33000|usbc-therm-adc=330|max77779fg=29300|LITTLE=35000|soc=1|smpl_gm=0|vdroop1=0|batoilo=0|batoilo2=0|batt_vs=29300|mdis_morepower=0|thb_hda=51|cp_on_chip_0=34000|cp_on_chip_1=36000|G3D=34000|cp_on_chip_2=36000|cp_on_chip_3=33000|cp_on_chip_4=34000|rf2_therm=31000|rf1_therm=32000|ISP=33000|TPU=34000|AUR=34000|rfpa_therm=30437|quiet_therm=31015|charging_therm=32663|,BIG=35000|MID=36000|usb_pwr_therm=29390|btmspkr_therm=29346|disp_therm=29346|north_therm=29613|soc_therm=32774|battery=29300|battery_cycle=5|dc-mains=33000|usbc-therm-adc=330|max77779fg=29300|LITTLE=35000|soc=1|smpl_gm=0|vdroop1=0|batoilo=0|batoilo2=0|batt_vs=29300|mdis_morepower=0|thb_hda=51|cp_on_chip_0=34000|cp_on_chip_1=36000|G3D=34000|cp_on_chip_2=36000|cp_on_chip_3=33000|cp_on_chip_4=34000|rf2_therm=31000|rf1_therm=32000|ISP=33000|TPU=34000|AUR=34000|rfpa_therm=30437|quiet_therm=31015|charging_therm=32663|,ok,39000,36000,0,36000,1,batched,touched,4096,1024,29,1,883870,1024,112305,0,4,4,ok
1,16,nvhe,4,648000,1795000,36000,36000,BIG=35000|MID=36000|usb_pwr_therm=29390|btmspkr_therm=29346|disp_therm=29346|north_therm=29613|soc_therm=32774|battery=29300|battery_cycle=5|dc-mains=33000|usbc-therm-adc=330|max77779fg=29300|LITTLE=35000|soc=1|smpl_gm=0|vdroop1=0|batoilo=0|batoilo2=0|batt_vs=29300|mdis_morepower=0|thb_hda=51|cp_on_chip_0=34000|cp_on_chip_1=36000|G3D=34000|cp_on_chip_2=36000|cp_on_chip_3=33000|cp_on_chip_4=34000|rf2_therm=31000|rf1_therm=32000|ISP=33000|TPU=34000|AUR=34000|rfpa_therm=30459|quiet_therm=31038|charging_therm=32685|,BIG=35000|MID=35000|usb_pwr_therm=29390|btmspkr_therm=29346|disp_therm=29346|north_therm=29613|soc_therm=32774|battery=29300|battery_cycle=5|dc-mains=33000|usbc-therm-adc=330|max77779fg=29300|LITTLE=35000|soc=1|smpl_gm=0|vdroop1=0|batoilo=0|batoilo2=0|batt_vs=29300|mdis_morepower=0|thb_hda=51|cp_on_chip_0=34000|cp_on_chip_1=36000|G3D=35000|cp_on_chip_2=36000|cp_on_chip_3=33000|cp_on_chip_4=34000|rf2_therm=31000|rf1_therm=32000|ISP=34000|TPU=34000|AUR=34000|rfpa_therm=30459|quiet_therm=31038|charging_therm=32685|,ok,39000,36000,0,36000,1,batched,untouched,4096,8192,0,1,18799,0,2035,0,4,4,ok
1,16,nvhe,4,648000,1795000,36000,36000,BIG=35000|MID=36000|usb_pwr_therm=29390|btmspkr_therm=29346|disp_therm=29346|north_therm=29613|soc_therm=32774|battery=29300|battery_cycle=5|dc-mains=33000|usbc-therm-adc=330|max77779fg=29300|LITTLE=35000|soc=1|smpl_gm=0|vdroop1=0|batoilo=0|batoilo2=0|batt_vs=29300|mdis_morepower=0|thb_hda=51|cp_on_chip_0=34000|cp_on_chip_1=36000|G3D=34000|cp_on_chip_2=36000|cp_on_chip_3=33000|cp_on_chip_4=34000|rf2_therm=31000|rf1_therm=32000|ISP=33000|TPU=34000|AUR=34000|rfpa_therm=30459|quiet_therm=31038|charging_therm=32685|,BIG=35000|MID=35000|usb_pwr_therm=29390|btmspkr_therm=29346|disp_therm=29346|north_therm=29613|soc_therm=32774|battery=29300|battery_cycle=5|dc-mains=33000|usbc-therm-adc=330|max77779fg=29300|LITTLE=35000|soc=1|smpl_gm=0|vdroop1=0|batoilo=0|batoilo2=0|batt_vs=29300|mdis_morepower=0|thb_hda=51|cp_on_chip_0=34000|cp_on_chip_1=36000|G3D=35000|cp_on_chip_2=36000|cp_on_chip_3=33000|cp_on_chip_4=34000|rf2_therm=31000|rf1_therm=32000|ISP=34000|TPU=34000|AUR=34000|rfpa_therm=30459|quiet_therm=31038|charging_therm=32685|,ok,39000,36000,0,36000,1,batched,untouched,4096,8192,1,1,4273,0,936,0,4,4,ok
1,16,nvhe,4,648000,1795000,36000,36000,BIG=35000|MID=36000|usb_pwr_therm=29390|btmspkr_therm=29346|disp_therm=29346|north_therm=29613|soc_therm=32774|battery=29300|battery_cycle=5|dc-mains=33000|usbc-therm-adc=330|max77779fg=29300|LITTLE=35000|soc=1|smpl_gm=0|vdroop1=0|batoilo=0|batoilo2=0|batt_vs=29300|mdis_morepower=0|thb_hda=51|cp_on_chip_0=34000|cp_on_chip_1=36000|G3D=34000|cp_on_chip_2=36000|cp_on_chip_3=33000|cp_on_chip_4=34000|rf2_therm=31000|rf1_therm=32000|ISP=33000|TPU=34000|AUR=34000|rfpa_therm=30459|quiet_therm=31038|charging_therm=32685|,BIG=35000|MID=35000|usb_pwr_therm=29390|btmspkr_therm=29346|disp_therm=29346|north_therm=29613|soc_therm=32774|battery=29300|battery_cycle=5|dc-mains=33000|usbc-therm-adc=330|max77779fg=29300|LITTLE=35000|soc=1|smpl_gm=0|vdroop1=0|batoilo=0|batoilo2=0|batt_vs=29300|mdis_morepower=0|thb_hda=51|cp_on_chip_0=34000|cp_on_chip_1=36000|G3D=35000|cp_on_chip_2=36000|cp_on_chip_3=33000|cp_on_chip_4=34000|rf2_therm=31000|rf1_therm=32000|ISP=34000|TPU=34000|AUR=34000|rfpa_therm=30459|quiet_therm=31038|charging_therm=32685|,ok,39000,36000,0,36000,1,batched,untouched,4096,8192,2,1,4557,0,895,0,4,4,ok
1,16,nvhe,4,648000,1795000,36000,36000,BIG=35000|MID=36000|usb_pwr_therm=29390|btmspkr_therm=29346|disp_therm=29346|north_therm=29613|soc_therm=32774|battery=29300|battery_cycle=5|dc-mains=33000|usbc-therm-adc=330|max77779fg=29300|LITTLE=35000|soc=1|smpl_gm=0|vdroop1=0|batoilo=0|batoilo2=0|batt_vs=29300|mdis_morepower=0|thb_hda=51|cp_on_chip_0=34000|cp_on_chip_1=36000|G3D=34000|cp_on_chip_2=36000|cp_on_chip_3=33000|cp_on_chip_4=34000|rf2_therm=31000|rf1_therm=32000|ISP=33000|TPU=34000|AUR=34000|rfpa_therm=30459|quiet_therm=31038|charging_therm=32685|,BIG=35000|MID=35000|usb_pwr_therm=29390|btmspkr_therm=29346|disp_therm=29346|north_therm=29613|soc_therm=32774|battery=29300|battery_cycle=5|dc-mains=33000|usbc-therm-adc=330|max77779fg=29300|LITTLE=35000|soc=1|smpl_gm=0|vdroop1=0|batoilo=0|batoilo2=0|batt_vs=29300|mdis_morepower=0|thb_hda=51|cp_on_chip_0=34000|cp_on_chip_1=36000|G3D=35000|cp_on_chip_2=36000|cp_on_chip_3=33000|cp_on_chip_4=34000|rf2_therm=31000|rf1_therm=32000|ISP=34000|TPU=34000|AUR=34000|rfpa_therm=30459|quiet_therm=31038|charging_therm=32685|,ok,39000,36000,0,36000,1,batched,untouched,4096,8192,3,1,3825,0,896,0,4,4,ok
1,16,nvhe,4,648000,1795000,36000,36000,BIG=35000|MID=36000|usb_pwr_therm=29390|btmspkr_therm=29346|disp_therm=29346|north_therm=29613|soc_therm=32774|battery=29300|battery_cycle=5|dc-mains=33000|usbc-therm-adc=330|max77779fg=29300|LITTLE=35000|soc=1|smpl_gm=0|vdroop1=0|batoilo=0|batoilo2=0|batt_vs=29300|mdis_morepower=0|thb_hda=51|cp_on_chip_0=34000|cp_on_chip_1=36000|G3D=34000|cp_on_chip_2=36000|cp_on_chip_3=33000|cp_on_chip_4=34000|rf2_therm=31000|rf1_therm=32000|ISP=33000|TPU=34000|AUR=34000|rfpa_therm=30459|quiet_therm=31038|charging_therm=32685|,BIG=35000|MID=35000|usb_pwr_therm=29390|btmspkr_therm=29346|disp_therm=29346|north_therm=29613|soc_therm=32774|battery=29300|battery_cycle=5|dc-mains=33000|usbc-therm-adc=330|max77779fg=29300|LITTLE=35000|soc=1|smpl_gm=0|vdroop1=0|batoilo=0|batoilo2=0|batt_vs=29300|mdis_morepower=0|thb_hda=51|cp_on_chip_0=34000|cp_on_chip_1=36000|G3D=35000|cp_on_chip_2=36000|cp_on_chip_3=33000|cp_on_chip_4=34000|rf2_therm=31000|rf1_therm=32000|ISP=34000|TPU=34000|AUR=34000|rfpa_therm=30459|quiet_therm=31038|charging_therm=32685|,ok,39000,36000,0,36000,1,batched,untouched,4096,8192,4,1,3581,0,855,0,4,4,ok
1,16,nvhe,4,648000,1795000,36000,36000,BIG=35000|MID=36000|usb_pwr_therm=29390|btmspkr_therm=29346|disp_therm=29346|north_therm=29613|soc_therm=32774|battery=29300|battery_cycle=5|dc-mains=33000|usbc-therm-adc=330|max77779fg=29300|LITTLE=35000|soc=1|smpl_gm=0|vdroop1=0|batoilo=0|batoilo2=0|batt_vs=29300|mdis_morepower=0|thb_hda=51|cp_on_chip_0=34000|cp_on_chip_1=36000|G3D=34000|cp_on_chip_2=36000|cp_on_chip_3=33000|cp_on_chip_4=34000|rf2_therm=31000|rf1_therm=32000|ISP=33000|TPU=34000|AUR=34000|rfpa_therm=30459|quiet_therm=31038|charging_therm=32685|,BIG=35000|MID=35000|usb_pwr_therm=29390|btmspkr_therm=29346|disp_therm=29346|north_therm=29613|soc_therm=32774|battery=29300|battery_cycle=5|dc-mains=33000|usbc-therm-adc=330|max77779fg=29300|LITTLE=35000|soc=1|smpl_gm=0|vdroop1=0|batoilo=0|batoilo2=0|batt_vs=29300|mdis_morepower=0|thb_hda=51|cp_on_chip_0=34000|cp_on_chip_1=36000|G3D=35000|cp_on_chip_2=36000|cp_on_chip_3=33000|cp_on_chip_4=34000|rf2_therm=31000|rf1_therm=32000|ISP=34000|TPU=34000|AUR=34000|rfpa_therm=30459|quiet_therm=31038|charging_therm=32685|,ok,39000,36000,0,36000,1,batched,untouched,4096,8192,5,1,3458,0,813,0,4,4,ok
1,16,nvhe,4,648000,1795000,36000,36000,BIG=35000|MID=36000|usb_pwr_therm=29390|btmspkr_therm=29346|disp_therm=29346|north_therm=29613|soc_therm=32774|battery=29300|battery_cycle=5|dc-mains=33000|usbc-therm-adc=330|max77779fg=29300|LITTLE=35000|soc=1|smpl_gm=0|vdroop1=0|batoilo=0|batoilo2=0|batt_vs=29300|mdis_morepower=0|thb_hda=51|cp_on_chip_0=34000|cp_on_chip_1=36000|G3D=34000|cp_on_chip_2=36000|cp_on_chip_3=33000|cp_on_chip_4=34000|rf2_therm=31000|rf1_therm=32000|ISP=33000|TPU=34000|AUR=34000|rfpa_therm=30459|quiet_therm=31038|charging_therm=32685|,BIG=35000|MID=35000|usb_pwr_therm=29390|btmspkr_therm=29346|disp_therm=29346|north_therm=29613|soc_therm=32774|battery=29300|battery_cycle=5|dc-mains=33000|usbc-therm-adc=330|max77779fg=29300|LITTLE=35000|soc=1|smpl_gm=0|vdroop1=0|batoilo=0|batoilo2=0|batt_vs=29300|mdis_morepower=0|thb_hda=51|cp_on_chip_0=34000|cp_on_chip_1=36000|G3D=35000|cp_on_chip_2=36000|cp_on_chip_3=33000|cp_on_chip_4=34000|rf2_therm=31000|rf1_therm=32000|ISP=34000|TPU=34000|AUR=34000|rfpa_therm=30459|quiet_therm=31038|charging_therm=32685|,ok,39000,36000,0,36000,1,batched,untouched,4096,8192,6,1,2929,0,854,0,4,4,ok
1,16,nvhe,4,648000,1795000,36000,36000,BIG=35000|MID=36000|usb_pwr_therm=29390|btmspkr_therm=29346|disp_therm=29346|north_therm=29613|soc_therm=32774|battery=29300|battery_cycle=5|dc-mains=33000|usbc-therm-adc=330|max77779fg=29300|LITTLE=35000|soc=1|smpl_gm=0|vdroop1=0|batoilo=0|batoilo2=0|batt_vs=29300|mdis_morepower=0|thb_hda=51|cp_on_chip_0=34000|cp_on_chip_1=36000|G3D=34000|cp_on_chip_2=36000|cp_on_chip_3=33000|cp_on_chip_4=34000|rf2_therm=31000|rf1_therm=32000|ISP=33000|TPU=34000|AUR=34000|rfpa_therm=30459|quiet_therm=31038|charging_therm=32685|,BIG=35000|MID=35000|usb_pwr_therm=29390|btmspkr_therm=29346|disp_therm=29346|north_therm=29613|soc_therm=32774|battery=29300|battery_cycle=5|dc-mains=33000|usbc-therm-adc=330|max77779fg=29300|LITTLE=35000|soc=1|smpl_gm=0|vdroop1=0|batoilo=0|batoilo2=0|batt_vs=29300|mdis_morepower=0|thb_hda=51|cp_on_chip_0=34000|cp_on_chip_1=36000|G3D=35000|cp_on_chip_2=36000|cp_on_chip_3=33000|cp_on_chip_4=34000|rf2_therm=31000|rf1_therm=32000|ISP=34000|TPU=34000|AUR=34000|rfpa_therm=30459|quiet_therm=31038|charging_therm=32685|,ok,39000,36000,0,36000,1,batched,untouched,4096,8192,7,1,4151,0,814,0,4,4,ok
1,16,nvhe,4,648000,1795000,36000,36000,BIG=35000|MID=36000|usb_pwr_therm=29390|btmspkr_therm=29346|disp_therm=29346|north_therm=29613|soc_therm=32774|battery=29300|battery_cycle=5|dc-mains=33000|usbc-therm-adc=330|max77779fg=29300|LITTLE=35000|soc=1|smpl_gm=0|vdroop1=0|batoilo=0|batoilo2=0|batt_vs=29300|mdis_morepower=0|thb_hda=51|cp_on_chip_0=34000|cp_on_chip_1=36000|G3D=34000|cp_on_chip_2=36000|cp_on_chip_3=33000|cp_on_chip_4=34000|rf2_therm=31000|rf1_therm=32000|ISP=33000|TPU=34000|AUR=34000|rfpa_therm=30459|quiet_therm=31038|charging_therm=32685|,BIG=35000|MID=35000|usb_pwr_therm=29390|btmspkr_therm=29346|disp_therm=29346|north_therm=29613|soc_therm=32774|battery=29300|battery_cycle=5|dc-mains=33000|usbc-therm-adc=330|max77779fg=29300|LITTLE=35000|soc=1|smpl_gm=0|vdroop1=0|batoilo=0|batoilo2=0|batt_vs=29300|mdis_morepower=0|thb_hda=51|cp_on_chip_0=34000|cp_on_chip_1=36000|G3D=35000|cp_on_chip_2=36000|cp_on_chip_3=33000|cp_on_chip_4=34000|rf2_therm=31000|rf1_therm=32000|ISP=34000|TPU=34000|AUR=34000|rfpa_therm=30459|quiet_therm=31038|charging_therm=32685|,ok,39000,36000,0,36000,1,batched,untouched,4096,8192,8,1,3051,0,813,0,4,4,ok
1,16,nvhe,4,648000,1795000,36000,36000,BIG=35000|MID=36000|usb_pwr_therm=29390|btmspkr_therm=29346|disp_therm=29346|north_therm=29613|soc_therm=32774|battery=29300|battery_cycle=5|dc-mains=33000|usbc-therm-adc=330|max77779fg=29300|LITTLE=35000|soc=1|smpl_gm=0|vdroop1=0|batoilo=0|batoilo2=0|batt_vs=29300|mdis_morepower=0|thb_hda=51|cp_on_chip_0=34000|cp_on_chip_1=36000|G3D=34000|cp_on_chip_2=36000|cp_on_chip_3=33000|cp_on_chip_4=34000|rf2_therm=31000|rf1_therm=32000|ISP=33000|TPU=34000|AUR=34000|rfpa_therm=30459|quiet_therm=31038|charging_therm=32685|,BIG=35000|MID=35000|usb_pwr_therm=29390|btmspkr_therm=29346|disp_therm=29346|north_therm=29613|soc_therm=32774|battery=29300|battery_cycle=5|dc-mains=33000|usbc-therm-adc=330|max77779fg=29300|LITTLE=35000|soc=1|smpl_gm=0|vdroop1=0|batoilo=0|batoilo2=0|batt_vs=29300|mdis_morepower=0|thb_hda=51|cp_on_chip_0=34000|cp_on_chip_1=36000|G3D=35000|cp_on_chip_2=36000|cp_on_chip_3=33000|cp_on_chip_4=34000|rf2_therm=31000|rf1_therm=32000|ISP=34000|TPU=34000|AUR=34000|rfpa_therm=30459|quiet_therm=31038|charging_therm=32685|,ok,39000,36000,0,36000,1,batched,untouched,4096,8192,9,1,5168,0,773,0,4,4,ok
1,16,nvhe,4,648000,1795000,36000,36000,BIG=35000|MID=36000|usb_pwr_therm=29390|btmspkr_therm=29346|disp_therm=29346|north_therm=29613|soc_therm=32774|battery=29300|battery_cycle=5|dc-mains=33000|usbc-therm-adc=330|max77779fg=29300|LITTLE=35000|soc=1|smpl_gm=0|vdroop1=0|batoilo=0|batoilo2=0|batt_vs=29300|mdis_morepower=0|thb_hda=51|cp_on_chip_0=34000|cp_on_chip_1=36000|G3D=34000|cp_on_chip_2=36000|cp_on_chip_3=33000|cp_on_chip_4=34000|rf2_therm=31000|rf1_therm=32000|ISP=33000|TPU=34000|AUR=34000|rfpa_therm=30459|quiet_therm=31038|charging_therm=32685|,BIG=35000|MID=35000|usb_pwr_therm=29390|btmspkr_therm=29346|disp_therm=29346|north_therm=29613|soc_therm=32774|battery=29300|battery_cycle=5|dc-mains=33000|usbc-therm-adc=330|max77779fg=29300|LITTLE=35000|soc=1|smpl_gm=0|vdroop1=0|batoilo=0|batoilo2=0|batt_vs=29300|mdis_morepower=0|thb_hda=51|cp_on_chip_0=34000|cp_on_chip_1=36000|G3D=35000|cp_on_chip_2=36000|cp_on_chip_3=33000|cp_on_chip_4=34000|rf2_therm=31000|rf1_therm=32000|ISP=34000|TPU=34000|AUR=34000|rfpa_therm=30459|quiet_therm=31038|charging_therm=32685|,ok,39000,36000,0,36000,1,batched,untouched,4096,8192,10,1,7813,0,854,0,4,4,ok
1,16,nvhe,4,648000,1795000,36000,36000,BIG=35000|MID=36000|usb_pwr_therm=29390|btmspkr_therm=29346|disp_therm=29346|north_therm=29613|soc_therm=32774|battery=29300|battery_cycle=5|dc-mains=33000|usbc-therm-adc=330|max77779fg=29300|LITTLE=35000|soc=1|smpl_gm=0|vdroop1=0|batoilo=0|batoilo2=0|batt_vs=29300|mdis_morepower=0|thb_hda=51|cp_on_chip_0=34000|cp_on_chip_1=36000|G3D=34000|cp_on_chip_2=36000|cp_on_chip_3=33000|cp_on_chip_4=34000|rf2_therm=31000|rf1_therm=32000|ISP=33000|TPU=34000|AUR=34000|rfpa_therm=30459|quiet_therm=31038|charging_therm=32685|,BIG=35000|MID=35000|usb_pwr_therm=29390|btmspkr_therm=29346|disp_therm=29346|north_therm=29613|soc_therm=32774|battery=29300|battery_cycle=5|dc-mains=33000|usbc-therm-adc=330|max77779fg=29300|LITTLE=35000|soc=1|smpl_gm=0|vdroop1=0|batoilo=0|batoilo2=0|batt_vs=29300|mdis_morepower=0|thb_hda=51|cp_on_chip_0=34000|cp_on_chip_1=36000|G3D=35000|cp_on_chip_2=36000|cp_on_chip_3=33000|cp_on_chip_4=34000|rf2_therm=31000|rf1_therm=32000|ISP=34000|TPU=34000|AUR=34000|rfpa_therm=30459|quiet_therm=31038|charging_therm=32685|,ok,39000,36000,0,36000,1,batched,untouched,4096,8192,11,1,3622,0,814,0,4,4,ok
1,16,nvhe,4,648000,1795000,36000,36000,BIG=35000|MID=36000|usb_pwr_therm=29390|btmspkr_therm=29346|disp_therm=29346|north_therm=29613|soc_therm=32774|battery=29300|battery_cycle=5|dc-mains=33000|usbc-therm-adc=330|max77779fg=29300|LITTLE=35000|soc=1|smpl_gm=0|vdroop1=0|batoilo=0|batoilo2=0|batt_vs=29300|mdis_morepower=0|thb_hda=51|cp_on_chip_0=34000|cp_on_chip_1=36000|G3D=34000|cp_on_chip_2=36000|cp_on_chip_3=33000|cp_on_chip_4=34000|rf2_therm=31000|rf1_therm=32000|ISP=33000|TPU=34000|AUR=34000|rfpa_therm=30459|quiet_therm=31038|charging_therm=32685|,BIG=35000|MID=35000|usb_pwr_therm=29390|btmspkr_therm=29346|disp_therm=29346|north_therm=29613|soc_therm=32774|battery=29300|battery_cycle=5|dc-mains=33000|usbc-therm-adc=330|max77779fg=29300|LITTLE=35000|soc=1|smpl_gm=0|vdroop1=0|batoilo=0|batoilo2=0|batt_vs=29300|mdis_morepower=0|thb_hda=51|cp_on_chip_0=34000|cp_on_chip_1=36000|G3D=35000|cp_on_chip_2=36000|cp_on_chip_3=33000|cp_on_chip_4=34000|rf2_therm=31000|rf1_therm=32000|ISP=34000|TPU=34000|AUR=34000|rfpa_therm=30459|quiet_therm=31038|charging_therm=32685|,ok,39000,36000,0,36000,1,batched,untouched,4096,8192,12,1,3825,0,814,0,4,4,ok
1,16,nvhe,4,648000,1795000,36000,36000,BIG=35000|MID=36000|usb_pwr_therm=29390|btmspkr_therm=29346|disp_therm=29346|north_therm=29613|soc_therm=32774|battery=29300|battery_cycle=5|dc-mains=33000|usbc-therm-adc=330|max77779fg=29300|LITTLE=35000|soc=1|smpl_gm=0|vdroop1=0|batoilo=0|batoilo2=0|batt_vs=29300|mdis_morepower=0|thb_hda=51|cp_on_chip_0=34000|cp_on_chip_1=36000|G3D=34000|cp_on_chip_2=36000|cp_on_chip_3=33000|cp_on_chip_4=34000|rf2_therm=31000|rf1_therm=32000|ISP=33000|TPU=34000|AUR=34000|rfpa_therm=30459|quiet_therm=31038|charging_therm=32685|,BIG=35000|MID=35000|usb_pwr_therm=29390|btmspkr_therm=29346|disp_therm=29346|north_therm=29613|soc_therm=32774|battery=29300|battery_cycle=5|dc-mains=33000|usbc-therm-adc=330|max77779fg=29300|LITTLE=35000|soc=1|smpl_gm=0|vdroop1=0|batoilo=0|batoilo2=0|batt_vs=29300|mdis_morepower=0|thb_hda=51|cp_on_chip_0=34000|cp_on_chip_1=36000|G3D=35000|cp_on_chip_2=36000|cp_on_chip_3=33000|cp_on_chip_4=34000|rf2_therm=31000|rf1_therm=32000|ISP=34000|TPU=34000|AUR=34000|rfpa_therm=30459|quiet_therm=31038|charging_therm=32685|,ok,39000,36000,0,36000,1,batched,untouched,4096,8192,13,1,8504,0,855,0,4,4,ok
1,16,nvhe,4,648000,1795000,36000,36000,BIG=35000|MID=36000|usb_pwr_therm=29390|btmspkr_therm=29346|disp_therm=29346|north_therm=29613|soc_therm=32774|battery=29300|battery_cycle=5|dc-mains=33000|usbc-therm-adc=330|max77779fg=29300|LITTLE=35000|soc=1|smpl_gm=0|vdroop1=0|batoilo=0|batoilo2=0|batt_vs=29300|mdis_morepower=0|thb_hda=51|cp_on_chip_0=34000|cp_on_chip_1=36000|G3D=34000|cp_on_chip_2=36000|cp_on_chip_3=33000|cp_on_chip_4=34000|rf2_therm=31000|rf1_therm=32000|ISP=33000|TPU=34000|AUR=34000|rfpa_therm=30459|quiet_therm=31038|charging_therm=32685|,BIG=35000|MID=35000|usb_pwr_therm=29390|btmspkr_therm=29346|disp_therm=29346|north_therm=29613|soc_therm=32774|battery=29300|battery_cycle=5|dc-mains=33000|usbc-therm-adc=330|max77779fg=29300|LITTLE=35000|soc=1|smpl_gm=0|vdroop1=0|batoilo=0|batoilo2=0|batt_vs=29300|mdis_morepower=0|thb_hda=51|cp_on_chip_0=34000|cp_on_chip_1=36000|G3D=35000|cp_on_chip_2=36000|cp_on_chip_3=33000|cp_on_chip_4=34000|rf2_therm=31000|rf1_therm=32000|ISP=34000|TPU=34000|AUR=34000|rfpa_therm=30459|quiet_therm=31038|charging_therm=32685|,ok,39000,36000,0,36000,1,batched,untouched,4096,8192,14,1,3052,0,895,0,4,4,ok
1,16,nvhe,4,648000,1795000,36000,36000,BIG=35000|MID=36000|usb_pwr_therm=29390|btmspkr_therm=29346|disp_therm=29346|north_therm=29613|soc_therm=32774|battery=29300|battery_cycle=5|dc-mains=33000|usbc-therm-adc=330|max77779fg=29300|LITTLE=35000|soc=1|smpl_gm=0|vdroop1=0|batoilo=0|batoilo2=0|batt_vs=29300|mdis_morepower=0|thb_hda=51|cp_on_chip_0=34000|cp_on_chip_1=36000|G3D=34000|cp_on_chip_2=36000|cp_on_chip_3=33000|cp_on_chip_4=34000|rf2_therm=31000|rf1_therm=32000|ISP=33000|TPU=34000|AUR=34000|rfpa_therm=30459|quiet_therm=31038|charging_therm=32685|,BIG=35000|MID=35000|usb_pwr_therm=29390|btmspkr_therm=29346|disp_therm=29346|north_therm=29613|soc_therm=32774|battery=29300|battery_cycle=5|dc-mains=33000|usbc-therm-adc=330|max77779fg=29300|LITTLE=35000|soc=1|smpl_gm=0|vdroop1=0|batoilo=0|batoilo2=0|batt_vs=29300|mdis_morepower=0|thb_hda=51|cp_on_chip_0=34000|cp_on_chip_1=36000|G3D=35000|cp_on_chip_2=36000|cp_on_chip_3=33000|cp_on_chip_4=34000|rf2_therm=31000|rf1_therm=32000|ISP=34000|TPU=34000|AUR=34000|rfpa_therm=30459|quiet_therm=31038|charging_therm=32685|,ok,39000,36000,0,36000,1,batched,untouched,4096,8192,15,1,2848,0,895,0,4,4,ok
1,16,nvhe,4,648000,1795000,36000,36000,BIG=35000|MID=36000|usb_pwr_therm=29390|btmspkr_therm=29346|disp_therm=29346|north_therm=29613|soc_therm=32774|battery=29300|battery_cycle=5|dc-mains=33000|usbc-therm-adc=330|max77779fg=29300|LITTLE=35000|soc=1|smpl_gm=0|vdroop1=0|batoilo=0|batoilo2=0|batt_vs=29300|mdis_morepower=0|thb_hda=51|cp_on_chip_0=34000|cp_on_chip_1=36000|G3D=34000|cp_on_chip_2=36000|cp_on_chip_3=33000|cp_on_chip_4=34000|rf2_therm=31000|rf1_therm=32000|ISP=33000|TPU=34000|AUR=34000|rfpa_therm=30459|quiet_therm=31038|charging_therm=32685|,BIG=35000|MID=35000|usb_pwr_therm=29390|btmspkr_therm=29346|disp_therm=29346|north_therm=29613|soc_therm=32774|battery=29300|battery_cycle=5|dc-mains=33000|usbc-therm-adc=330|max77779fg=29300|LITTLE=35000|soc=1|smpl_gm=0|vdroop1=0|batoilo=0|batoilo2=0|batt_vs=29300|mdis_morepower=0|thb_hda=51|cp_on_chip_0=34000|cp_on_chip_1=36000|G3D=35000|cp_on_chip_2=36000|cp_on_chip_3=33000|cp_on_chip_4=34000|rf2_therm=31000|rf1_therm=32000|ISP=34000|TPU=34000|AUR=34000|rfpa_therm=30459|quiet_therm=31038|charging_therm=32685|,ok,39000,36000,0,36000,1,batched,untouched,4096,8192,16,1,2807,0,814,0,4,4,ok
1,16,nvhe,4,648000,1795000,36000,36000,BIG=35000|MID=36000|usb_pwr_therm=29390|btmspkr_therm=29346|disp_therm=29346|north_therm=29613|soc_therm=32774|battery=29300|battery_cycle=5|dc-mains=33000|usbc-therm-adc=330|max77779fg=29300|LITTLE=35000|soc=1|smpl_gm=0|vdroop1=0|batoilo=0|batoilo2=0|batt_vs=29300|mdis_morepower=0|thb_hda=51|cp_on_chip_0=34000|cp_on_chip_1=36000|G3D=34000|cp_on_chip_2=36000|cp_on_chip_3=33000|cp_on_chip_4=34000|rf2_therm=31000|rf1_therm=32000|ISP=33000|TPU=34000|AUR=34000|rfpa_therm=30459|quiet_therm=31038|charging_therm=32685|,BIG=35000|MID=35000|usb_pwr_therm=29390|btmspkr_therm=29346|disp_therm=29346|north_therm=29613|soc_therm=32774|battery=29300|battery_cycle=5|dc-mains=33000|usbc-therm-adc=330|max77779fg=29300|LITTLE=35000|soc=1|smpl_gm=0|vdroop1=0|batoilo=0|batoilo2=0|batt_vs=29300|mdis_morepower=0|thb_hda=51|cp_on_chip_0=34000|cp_on_chip_1=36000|G3D=35000|cp_on_chip_2=36000|cp_on_chip_3=33000|cp_on_chip_4=34000|rf2_therm=31000|rf1_therm=32000|ISP=34000|TPU=34000|AUR=34000|rfpa_therm=30459|quiet_therm=31038|charging_therm=32685|,ok,39000,36000,0,36000,1,batched,untouched,4096,8192,17,1,3581,0,895,0,4,4,ok
1,16,nvhe,4,648000,1795000,36000,36000,BIG=35000|MID=36000|usb_pwr_therm=29390|btmspkr_therm=29346|disp_therm=29346|north_therm=29613|soc_therm=32774|battery=29300|battery_cycle=5|dc-mains=33000|usbc-therm-adc=330|max77779fg=29300|LITTLE=35000|soc=1|smpl_gm=0|vdroop1=0|batoilo=0|batoilo2=0|batt_vs=29300|mdis_morepower=0|thb_hda=51|cp_on_chip_0=34000|cp_on_chip_1=36000|G3D=34000|cp_on_chip_2=36000|cp_on_chip_3=33000|cp_on_chip_4=34000|rf2_therm=31000|rf1_therm=32000|ISP=33000|TPU=34000|AUR=34000|rfpa_therm=30459|quiet_therm=31038|charging_therm=32685|,BIG=35000|MID=35000|usb_pwr_therm=29390|btmspkr_therm=29346|disp_therm=29346|north_therm=29613|soc_therm=32774|battery=29300|battery_cycle=5|dc-mains=33000|usbc-therm-adc=330|max77779fg=29300|LITTLE=35000|soc=1|smpl_gm=0|vdroop1=0|batoilo=0|batoilo2=0|batt_vs=29300|mdis_morepower=0|thb_hda=51|cp_on_chip_0=34000|cp_on_chip_1=36000|G3D=35000|cp_on_chip_2=36000|cp_on_chip_3=33000|cp_on_chip_4=34000|rf2_therm=31000|rf1_therm=32000|ISP=34000|TPU=34000|AUR=34000|rfpa_therm=30459|quiet_therm=31038|charging_therm=32685|,ok,39000,36000,0,36000,1,batched,untouched,4096,8192,18,1,2970,0,895,0,4,4,ok
1,16,nvhe,4,648000,1795000,36000,36000,BIG=35000|MID=36000|usb_pwr_therm=29390|btmspkr_therm=29346|disp_therm=29346|north_therm=29613|soc_therm=32774|battery=29300|battery_cycle=5|dc-mains=33000|usbc-therm-adc=330|max77779fg=29300|LITTLE=35000|soc=1|smpl_gm=0|vdroop1=0|batoilo=0|batoilo2=0|batt_vs=29300|mdis_morepower=0|thb_hda=51|cp_on_chip_0=34000|cp_on_chip_1=36000|G3D=34000|cp_on_chip_2=36000|cp_on_chip_3=33000|cp_on_chip_4=34000|rf2_therm=31000|rf1_therm=32000|ISP=33000|TPU=34000|AUR=34000|rfpa_therm=30459|quiet_therm=31038|charging_therm=32685|,BIG=35000|MID=35000|usb_pwr_therm=29390|btmspkr_therm=29346|disp_therm=29346|north_therm=29613|soc_therm=32774|battery=29300|battery_cycle=5|dc-mains=33000|usbc-therm-adc=330|max77779fg=29300|LITTLE=35000|soc=1|smpl_gm=0|vdroop1=0|batoilo=0|batoilo2=0|batt_vs=29300|mdis_morepower=0|thb_hda=51|cp_on_chip_0=34000|cp_on_chip_1=36000|G3D=35000|cp_on_chip_2=36000|cp_on_chip_3=33000|cp_on_chip_4=34000|rf2_therm=31000|rf1_therm=32000|ISP=34000|TPU=34000|AUR=34000|rfpa_therm=30459|quiet_therm=31038|charging_therm=32685|,ok,39000,36000,0,36000,1,batched,untouched,4096,8192,19,1,3052,0,854,0,4,4,ok
1,16,nvhe,4,648000,1795000,36000,36000,BIG=35000|MID=36000|usb_pwr_therm=29390|btmspkr_therm=29346|disp_therm=29346|north_therm=29613|soc_therm=32774|battery=29300|battery_cycle=5|dc-mains=33000|usbc-therm-adc=330|max77779fg=29300|LITTLE=35000|soc=1|smpl_gm=0|vdroop1=0|batoilo=0|batoilo2=0|batt_vs=29300|mdis_morepower=0|thb_hda=51|cp_on_chip_0=34000|cp_on_chip_1=36000|G3D=34000|cp_on_chip_2=36000|cp_on_chip_3=33000|cp_on_chip_4=34000|rf2_therm=31000|rf1_therm=32000|ISP=33000|TPU=34000|AUR=34000|rfpa_therm=30459|quiet_therm=31038|charging_therm=32685|,BIG=35000|MID=35000|usb_pwr_therm=29390|btmspkr_therm=29346|disp_therm=29346|north_therm=29613|soc_therm=32774|battery=29300|battery_cycle=5|dc-mains=33000|usbc-therm-adc=330|max77779fg=29300|LITTLE=35000|soc=1|smpl_gm=0|vdroop1=0|batoilo=0|batoilo2=0|batt_vs=29300|mdis_morepower=0|thb_hda=51|cp_on_chip_0=34000|cp_on_chip_1=36000|G3D=35000|cp_on_chip_2=36000|cp_on_chip_3=33000|cp_on_chip_4=34000|rf2_therm=31000|rf1_therm=32000|ISP=34000|TPU=34000|AUR=34000|rfpa_therm=30459|quiet_therm=31038|charging_therm=32685|,ok,39000,36000,0,36000,1,batched,untouched,4096,8192,20,1,2889,0,895,0,4,4,ok
1,16,nvhe,4,648000,1795000,36000,36000,BIG=35000|MID=36000|usb_pwr_therm=29390|btmspkr_therm=29346|disp_therm=29346|north_therm=29613|soc_therm=32774|battery=29300|battery_cycle=5|dc-mains=33000|usbc-therm-adc=330|max77779fg=29300|LITTLE=35000|soc=1|smpl_gm=0|vdroop1=0|batoilo=0|batoilo2=0|batt_vs=29300|mdis_morepower=0|thb_hda=51|cp_on_chip_0=34000|cp_on_chip_1=36000|G3D=34000|cp_on_chip_2=36000|cp_on_chip_3=33000|cp_on_chip_4=34000|rf2_therm=31000|rf1_therm=32000|ISP=33000|TPU=34000|AUR=34000|rfpa_therm=30459|quiet_therm=31038|charging_therm=32685|,BIG=35000|MID=35000|usb_pwr_therm=29390|btmspkr_therm=29346|disp_therm=29346|north_therm=29613|soc_therm=32774|battery=29300|battery_cycle=5|dc-mains=33000|usbc-therm-adc=330|max77779fg=29300|LITTLE=35000|soc=1|smpl_gm=0|vdroop1=0|batoilo=0|batoilo2=0|batt_vs=29300|mdis_morepower=0|thb_hda=51|cp_on_chip_0=34000|cp_on_chip_1=36000|G3D=35000|cp_on_chip_2=36000|cp_on_chip_3=33000|cp_on_chip_4=34000|rf2_therm=31000|rf1_therm=32000|ISP=34000|TPU=34000|AUR=34000|rfpa_therm=30459|quiet_therm=31038|charging_therm=32685|,ok,39000,36000,0,36000,1,batched,untouched,4096,8192,21,1,5737,0,895,0,4,4,ok
1,16,nvhe,4,648000,1795000,36000,36000,BIG=35000|MID=36000|usb_pwr_therm=29390|btmspkr_therm=29346|disp_therm=29346|north_therm=29613|soc_therm=32774|battery=29300|battery_cycle=5|dc-mains=33000|usbc-therm-adc=330|max77779fg=29300|LITTLE=35000|soc=1|smpl_gm=0|vdroop1=0|batoilo=0|batoilo2=0|batt_vs=29300|mdis_morepower=0|thb_hda=51|cp_on_chip_0=34000|cp_on_chip_1=36000|G3D=34000|cp_on_chip_2=36000|cp_on_chip_3=33000|cp_on_chip_4=34000|rf2_therm=31000|rf1_therm=32000|ISP=33000|TPU=34000|AUR=34000|rfpa_therm=30459|quiet_therm=31038|charging_therm=32685|,BIG=35000|MID=35000|usb_pwr_therm=29390|btmspkr_therm=29346|disp_therm=29346|north_therm=29613|soc_therm=32774|battery=29300|battery_cycle=5|dc-mains=33000|usbc-therm-adc=330|max77779fg=29300|LITTLE=35000|soc=1|smpl_gm=0|vdroop1=0|batoilo=0|batoilo2=0|batt_vs=29300|mdis_morepower=0|thb_hda=51|cp_on_chip_0=34000|cp_on_chip_1=36000|G3D=35000|cp_on_chip_2=36000|cp_on_chip_3=33000|cp_on_chip_4=34000|rf2_therm=31000|rf1_therm=32000|ISP=34000|TPU=34000|AUR=34000|rfpa_therm=30459|quiet_therm=31038|charging_therm=32685|,ok,39000,36000,0,36000,1,batched,untouched,4096,8192,22,1,2929,0,854,0,4,4,ok
1,16,nvhe,4,648000,1795000,36000,36000,BIG=35000|MID=36000|usb_pwr_therm=29390|btmspkr_therm=29346|disp_therm=29346|north_therm=29613|soc_therm=32774|battery=29300|battery_cycle=5|dc-mains=33000|usbc-therm-adc=330|max77779fg=29300|LITTLE=35000|soc=1|smpl_gm=0|vdroop1=0|batoilo=0|batoilo2=0|batt_vs=29300|mdis_morepower=0|thb_hda=51|cp_on_chip_0=34000|cp_on_chip_1=36000|G3D=34000|cp_on_chip_2=36000|cp_on_chip_3=33000|cp_on_chip_4=34000|rf2_therm=31000|rf1_therm=32000|ISP=33000|TPU=34000|AUR=34000|rfpa_therm=30459|quiet_therm=31038|charging_therm=32685|,BIG=35000|MID=35000|usb_pwr_therm=29390|btmspkr_therm=29346|disp_therm=29346|north_therm=29613|soc_therm=32774|battery=29300|battery_cycle=5|dc-mains=33000|usbc-therm-adc=330|max77779fg=29300|LITTLE=35000|soc=1|smpl_gm=0|vdroop1=0|batoilo=0|batoilo2=0|batt_vs=29300|mdis_morepower=0|thb_hda=51|cp_on_chip_0=34000|cp_on_chip_1=36000|G3D=35000|cp_on_chip_2=36000|cp_on_chip_3=33000|cp_on_chip_4=34000|rf2_therm=31000|rf1_therm=32000|ISP=34000|TPU=34000|AUR=34000|rfpa_therm=30459|quiet_therm=31038|charging_therm=32685|,ok,39000,36000,0,36000,1,batched,untouched,4096,8192,23,1,3336,0,733,0,4,4,ok
1,16,nvhe,4,648000,1795000,36000,36000,BIG=35000|MID=36000|usb_pwr_therm=29390|btmspkr_therm=29346|disp_therm=29346|north_therm=29613|soc_therm=32774|battery=29300|battery_cycle=5|dc-mains=33000|usbc-therm-adc=330|max77779fg=29300|LITTLE=35000|soc=1|smpl_gm=0|vdroop1=0|batoilo=0|batoilo2=0|batt_vs=29300|mdis_morepower=0|thb_hda=51|cp_on_chip_0=34000|cp_on_chip_1=36000|G3D=34000|cp_on_chip_2=36000|cp_on_chip_3=33000|cp_on_chip_4=34000|rf2_therm=31000|rf1_therm=32000|ISP=33000|TPU=34000|AUR=34000|rfpa_therm=30459|quiet_therm=31038|charging_therm=32685|,BIG=35000|MID=35000|usb_pwr_therm=29390|btmspkr_therm=29346|disp_therm=29346|north_therm=29613|soc_therm=32774|battery=29300|battery_cycle=5|dc-mains=33000|usbc-therm-adc=330|max77779fg=29300|LITTLE=35000|soc=1|smpl_gm=0|vdroop1=0|batoilo=0|batoilo2=0|batt_vs=29300|mdis_morepower=0|thb_hda=51|cp_on_chip_0=34000|cp_on_chip_1=36000|G3D=35000|cp_on_chip_2=36000|cp_on_chip_3=33000|cp_on_chip_4=34000|rf2_therm=31000|rf1_therm=32000|ISP=34000|TPU=34000|AUR=34000|rfpa_therm=30459|quiet_therm=31038|charging_therm=32685|,ok,39000,36000,0,36000,1,batched,untouched,4096,8192,24,1,2563,0,732,0,4,4,ok
1,16,nvhe,4,648000,1795000,36000,36000,BIG=35000|MID=36000|usb_pwr_therm=29390|btmspkr_therm=29346|disp_therm=29346|north_therm=29613|soc_therm=32774|battery=29300|battery_cycle=5|dc-mains=33000|usbc-therm-adc=330|max77779fg=29300|LITTLE=35000|soc=1|smpl_gm=0|vdroop1=0|batoilo=0|batoilo2=0|batt_vs=29300|mdis_morepower=0|thb_hda=51|cp_on_chip_0=34000|cp_on_chip_1=36000|G3D=34000|cp_on_chip_2=36000|cp_on_chip_3=33000|cp_on_chip_4=34000|rf2_therm=31000|rf1_therm=32000|ISP=33000|TPU=34000|AUR=34000|rfpa_therm=30459|quiet_therm=31038|charging_therm=32685|,BIG=35000|MID=35000|usb_pwr_therm=29390|btmspkr_therm=29346|disp_therm=29346|north_therm=29613|soc_therm=32774|battery=29300|battery_cycle=5|dc-mains=33000|usbc-therm-adc=330|max77779fg=29300|LITTLE=35000|soc=1|smpl_gm=0|vdroop1=0|batoilo=0|batoilo2=0|batt_vs=29300|mdis_morepower=0|thb_hda=51|cp_on_chip_0=34000|cp_on_chip_1=36000|G3D=35000|cp_on_chip_2=36000|cp_on_chip_3=33000|cp_on_chip_4=34000|rf2_therm=31000|rf1_therm=32000|ISP=34000|TPU=34000|AUR=34000|rfpa_therm=30459|quiet_therm=31038|charging_therm=32685|,ok,39000,36000,0,36000,1,batched,untouched,4096,8192,25,1,2523,0,732,0,4,4,ok
1,16,nvhe,4,648000,1795000,36000,36000,BIG=35000|MID=36000|usb_pwr_therm=29390|btmspkr_therm=29346|disp_therm=29346|north_therm=29613|soc_therm=32774|battery=29300|battery_cycle=5|dc-mains=33000|usbc-therm-adc=330|max77779fg=29300|LITTLE=35000|soc=1|smpl_gm=0|vdroop1=0|batoilo=0|batoilo2=0|batt_vs=29300|mdis_morepower=0|thb_hda=51|cp_on_chip_0=34000|cp_on_chip_1=36000|G3D=34000|cp_on_chip_2=36000|cp_on_chip_3=33000|cp_on_chip_4=34000|rf2_therm=31000|rf1_therm=32000|ISP=33000|TPU=34000|AUR=34000|rfpa_therm=30459|quiet_therm=31038|charging_therm=32685|,BIG=35000|MID=35000|usb_pwr_therm=29390|btmspkr_therm=29346|disp_therm=29346|north_therm=29613|soc_therm=32774|battery=29300|battery_cycle=5|dc-mains=33000|usbc-therm-adc=330|max77779fg=29300|LITTLE=35000|soc=1|smpl_gm=0|vdroop1=0|batoilo=0|batoilo2=0|batt_vs=29300|mdis_morepower=0|thb_hda=51|cp_on_chip_0=34000|cp_on_chip_1=36000|G3D=35000|cp_on_chip_2=36000|cp_on_chip_3=33000|cp_on_chip_4=34000|rf2_therm=31000|rf1_therm=32000|ISP=34000|TPU=34000|AUR=34000|rfpa_therm=30459|quiet_therm=31038|charging_therm=32685|,ok,39000,36000,0,36000,1,batched,untouched,4096,8192,26,1,2522,0,732,0,4,4,ok
1,16,nvhe,4,648000,1795000,36000,36000,BIG=35000|MID=36000|usb_pwr_therm=29390|btmspkr_therm=29346|disp_therm=29346|north_therm=29613|soc_therm=32774|battery=29300|battery_cycle=5|dc-mains=33000|usbc-therm-adc=330|max77779fg=29300|LITTLE=35000|soc=1|smpl_gm=0|vdroop1=0|batoilo=0|batoilo2=0|batt_vs=29300|mdis_morepower=0|thb_hda=51|cp_on_chip_0=34000|cp_on_chip_1=36000|G3D=34000|cp_on_chip_2=36000|cp_on_chip_3=33000|cp_on_chip_4=34000|rf2_therm=31000|rf1_therm=32000|ISP=33000|TPU=34000|AUR=34000|rfpa_therm=30459|quiet_therm=31038|charging_therm=32685|,BIG=35000|MID=35000|usb_pwr_therm=29390|btmspkr_therm=29346|disp_therm=29346|north_therm=29613|soc_therm=32774|battery=29300|battery_cycle=5|dc-mains=33000|usbc-therm-adc=330|max77779fg=29300|LITTLE=35000|soc=1|smpl_gm=0|vdroop1=0|batoilo=0|batoilo2=0|batt_vs=29300|mdis_morepower=0|thb_hda=51|cp_on_chip_0=34000|cp_on_chip_1=36000|G3D=35000|cp_on_chip_2=36000|cp_on_chip_3=33000|cp_on_chip_4=34000|rf2_therm=31000|rf1_therm=32000|ISP=34000|TPU=34000|AUR=34000|rfpa_therm=30459|quiet_therm=31038|charging_therm=32685|,ok,39000,36000,0,36000,1,batched,untouched,4096,8192,27,1,2482,0,732,0,4,4,ok
1,16,nvhe,4,648000,1795000,36000,36000,BIG=35000|MID=36000|usb_pwr_therm=29390|btmspkr_therm=29346|disp_therm=29346|north_therm=29613|soc_therm=32774|battery=29300|battery_cycle=5|dc-mains=33000|usbc-therm-adc=330|max77779fg=29300|LITTLE=35000|soc=1|smpl_gm=0|vdroop1=0|batoilo=0|batoilo2=0|batt_vs=29300|mdis_morepower=0|thb_hda=51|cp_on_chip_0=34000|cp_on_chip_1=36000|G3D=34000|cp_on_chip_2=36000|cp_on_chip_3=33000|cp_on_chip_4=34000|rf2_therm=31000|rf1_therm=32000|ISP=33000|TPU=34000|AUR=34000|rfpa_therm=30459|quiet_therm=31038|charging_therm=32685|,BIG=35000|MID=35000|usb_pwr_therm=29390|btmspkr_therm=29346|disp_therm=29346|north_therm=29613|soc_therm=32774|battery=29300|battery_cycle=5|dc-mains=33000|usbc-therm-adc=330|max77779fg=29300|LITTLE=35000|soc=1|smpl_gm=0|vdroop1=0|batoilo=0|batoilo2=0|batt_vs=29300|mdis_morepower=0|thb_hda=51|cp_on_chip_0=34000|cp_on_chip_1=36000|G3D=35000|cp_on_chip_2=36000|cp_on_chip_3=33000|cp_on_chip_4=34000|rf2_therm=31000|rf1_therm=32000|ISP=34000|TPU=34000|AUR=34000|rfpa_therm=30459|quiet_therm=31038|charging_therm=32685|,ok,39000,36000,0,36000,1,batched,untouched,4096,8192,28,1,2442,0,691,0,4,4,ok
1,16,nvhe,4,648000,1795000,36000,36000,BIG=35000|MID=36000|usb_pwr_therm=29390|btmspkr_therm=29346|disp_therm=29346|north_therm=29613|soc_therm=32774|battery=29300|battery_cycle=5|dc-mains=33000|usbc-therm-adc=330|max77779fg=29300|LITTLE=35000|soc=1|smpl_gm=0|vdroop1=0|batoilo=0|batoilo2=0|batt_vs=29300|mdis_morepower=0|thb_hda=51|cp_on_chip_0=34000|cp_on_chip_1=36000|G3D=34000|cp_on_chip_2=36000|cp_on_chip_3=33000|cp_on_chip_4=34000|rf2_therm=31000|rf1_therm=32000|ISP=33000|TPU=34000|AUR=34000|rfpa_therm=30459|quiet_therm=31038|charging_therm=32685|,BIG=35000|MID=35000|usb_pwr_therm=29390|btmspkr_therm=29346|disp_therm=29346|north_therm=29613|soc_therm=32774|battery=29300|battery_cycle=5|dc-mains=33000|usbc-therm-adc=330|max77779fg=29300|LITTLE=35000|soc=1|smpl_gm=0|vdroop1=0|batoilo=0|batoilo2=0|batt_vs=29300|mdis_morepower=0|thb_hda=51|cp_on_chip_0=34000|cp_on_chip_1=36000|G3D=35000|cp_on_chip_2=36000|cp_on_chip_3=33000|cp_on_chip_4=34000|rf2_therm=31000|rf1_therm=32000|ISP=34000|TPU=34000|AUR=34000|rfpa_therm=30459|quiet_therm=31038|charging_therm=32685|,ok,39000,36000,0,36000,1,batched,untouched,4096,8192,29,1,3662,0,652,0,4,4,ok
1,17,nvhe,4,578000,357000,36000,39000,BIG=35000|MID=36000|usb_pwr_therm=29390|btmspkr_therm=29324|disp_therm=29346|north_therm=29613|soc_therm=32818|battery=29300|battery_cycle=5|dc-mains=33000|usbc-therm-adc=330|max77779fg=29300|LITTLE=35000|soc=1|smpl_gm=0|vdroop1=0|batoilo=0|batoilo2=0|batt_vs=29300|mdis_morepower=0|thb_hda=51|cp_on_chip_0=34000|cp_on_chip_1=36000|G3D=34000|cp_on_chip_2=36000|cp_on_chip_3=33000|cp_on_chip_4=34000|rf2_therm=31000|rf1_therm=32000|ISP=34000|TPU=34000|AUR=34000|rfpa_therm=30459|quiet_therm=31060|charging_therm=32707|,BIG=35000|MID=36000|usb_pwr_therm=29390|btmspkr_therm=29301|disp_therm=29346|north_therm=29613|soc_therm=32841|battery=29300|battery_cycle=5|dc-mains=33000|usbc-therm-adc=330|max77779fg=29300|LITTLE=35000|soc=1|smpl_gm=0|vdroop1=0|batoilo=0|batoilo2=0|batt_vs=29300|mdis_morepower=0|thb_hda=51|cp_on_chip_0=34000|cp_on_chip_1=36000|G3D=34000|cp_on_chip_2=36000|cp_on_chip_3=33000|cp_on_chip_4=34000|rf2_therm=31000|rf1_therm=32000|ISP=33000|TPU=34000|AUR=34000|rfpa_therm=30437|quiet_therm=31060|charging_therm=32707|,ok,39000,37000,0,37000,1,single,untouched,4096,4096,0,4096,43294,0,7120157,0,4,4,ok
1,17,nvhe,4,578000,357000,36000,39000,BIG=35000|MID=36000|usb_pwr_therm=29390|btmspkr_therm=29324|disp_therm=29346|north_therm=29613|soc_therm=32818|battery=29300|battery_cycle=5|dc-mains=33000|usbc-therm-adc=330|max77779fg=29300|LITTLE=35000|soc=1|smpl_gm=0|vdroop1=0|batoilo=0|batoilo2=0|batt_vs=29300|mdis_morepower=0|thb_hda=51|cp_on_chip_0=34000|cp_on_chip_1=36000|G3D=34000|cp_on_chip_2=36000|cp_on_chip_3=33000|cp_on_chip_4=34000|rf2_therm=31000|rf1_therm=32000|ISP=34000|TPU=34000|AUR=34000|rfpa_therm=30459|quiet_therm=31060|charging_therm=32707|,BIG=35000|MID=36000|usb_pwr_therm=29390|btmspkr_therm=29301|disp_therm=29346|north_therm=29613|soc_therm=32841|battery=29300|battery_cycle=5|dc-mains=33000|usbc-therm-adc=330|max77779fg=29300|LITTLE=35000|soc=1|smpl_gm=0|vdroop1=0|batoilo=0|batoilo2=0|batt_vs=29300|mdis_morepower=0|thb_hda=51|cp_on_chip_0=34000|cp_on_chip_1=36000|G3D=34000|cp_on_chip_2=36000|cp_on_chip_3=33000|cp_on_chip_4=34000|rf2_therm=31000|rf1_therm=32000|ISP=33000|TPU=34000|AUR=34000|rfpa_therm=30437|quiet_therm=31060|charging_therm=32707|,ok,39000,37000,0,37000,1,single,untouched,4096,4096,1,4096,13550,0,5396078,0,4,4,ok
1,17,nvhe,4,578000,357000,36000,39000,BIG=35000|MID=36000|usb_pwr_therm=29390|btmspkr_therm=29324|disp_therm=29346|north_therm=29613|soc_therm=32818|battery=29300|battery_cycle=5|dc-mains=33000|usbc-therm-adc=330|max77779fg=29300|LITTLE=35000|soc=1|smpl_gm=0|vdroop1=0|batoilo=0|batoilo2=0|batt_vs=29300|mdis_morepower=0|thb_hda=51|cp_on_chip_0=34000|cp_on_chip_1=36000|G3D=34000|cp_on_chip_2=36000|cp_on_chip_3=33000|cp_on_chip_4=34000|rf2_therm=31000|rf1_therm=32000|ISP=34000|TPU=34000|AUR=34000|rfpa_therm=30459|quiet_therm=31060|charging_therm=32707|,BIG=35000|MID=36000|usb_pwr_therm=29390|btmspkr_therm=29301|disp_therm=29346|north_therm=29613|soc_therm=32841|battery=29300|battery_cycle=5|dc-mains=33000|usbc-therm-adc=330|max77779fg=29300|LITTLE=35000|soc=1|smpl_gm=0|vdroop1=0|batoilo=0|batoilo2=0|batt_vs=29300|mdis_morepower=0|thb_hda=51|cp_on_chip_0=34000|cp_on_chip_1=36000|G3D=34000|cp_on_chip_2=36000|cp_on_chip_3=33000|cp_on_chip_4=34000|rf2_therm=31000|rf1_therm=32000|ISP=33000|TPU=34000|AUR=34000|rfpa_therm=30437|quiet_therm=31060|charging_therm=32707|,ok,39000,37000,0,37000,1,single,untouched,4096,4096,2,4096,10946,0,4850057,0,4,4,ok
1,17,nvhe,4,578000,357000,36000,39000,BIG=35000|MID=36000|usb_pwr_therm=29390|btmspkr_therm=29324|disp_therm=29346|north_therm=29613|soc_therm=32818|battery=29300|battery_cycle=5|dc-mains=33000|usbc-therm-adc=330|max77779fg=29300|LITTLE=35000|soc=1|smpl_gm=0|vdroop1=0|batoilo=0|batoilo2=0|batt_vs=29300|mdis_morepower=0|thb_hda=51|cp_on_chip_0=34000|cp_on_chip_1=36000|G3D=34000|cp_on_chip_2=36000|cp_on_chip_3=33000|cp_on_chip_4=34000|rf2_therm=31000|rf1_therm=32000|ISP=34000|TPU=34000|AUR=34000|rfpa_therm=30459|quiet_therm=31060|charging_therm=32707|,BIG=35000|MID=36000|usb_pwr_therm=29390|btmspkr_therm=29301|disp_therm=29346|north_therm=29613|soc_therm=32841|battery=29300|battery_cycle=5|dc-mains=33000|usbc-therm-adc=330|max77779fg=29300|LITTLE=35000|soc=1|smpl_gm=0|vdroop1=0|batoilo=0|batoilo2=0|batt_vs=29300|mdis_morepower=0|thb_hda=51|cp_on_chip_0=34000|cp_on_chip_1=36000|G3D=34000|cp_on_chip_2=36000|cp_on_chip_3=33000|cp_on_chip_4=34000|rf2_therm=31000|rf1_therm=32000|ISP=33000|TPU=34000|AUR=34000|rfpa_therm=30437|quiet_therm=31060|charging_therm=32707|,ok,39000,37000,0,37000,1,single,untouched,4096,4096,3,4096,11108,0,4435221,0,4,4,ok
1,17,nvhe,4,578000,357000,36000,39000,BIG=35000|MID=36000|usb_pwr_therm=29390|btmspkr_therm=29324|disp_therm=29346|north_therm=29613|soc_therm=32818|battery=29300|battery_cycle=5|dc-mains=33000|usbc-therm-adc=330|max77779fg=29300|LITTLE=35000|soc=1|smpl_gm=0|vdroop1=0|batoilo=0|batoilo2=0|batt_vs=29300|mdis_morepower=0|thb_hda=51|cp_on_chip_0=34000|cp_on_chip_1=36000|G3D=34000|cp_on_chip_2=36000|cp_on_chip_3=33000|cp_on_chip_4=34000|rf2_therm=31000|rf1_therm=32000|ISP=34000|TPU=34000|AUR=34000|rfpa_therm=30459|quiet_therm=31060|charging_therm=32707|,BIG=35000|MID=36000|usb_pwr_therm=29390|btmspkr_therm=29301|disp_therm=29346|north_therm=29613|soc_therm=32841|battery=29300|battery_cycle=5|dc-mains=33000|usbc-therm-adc=330|max77779fg=29300|LITTLE=35000|soc=1|smpl_gm=0|vdroop1=0|batoilo=0|batoilo2=0|batt_vs=29300|mdis_morepower=0|thb_hda=51|cp_on_chip_0=34000|cp_on_chip_1=36000|G3D=34000|cp_on_chip_2=36000|cp_on_chip_3=33000|cp_on_chip_4=34000|rf2_therm=31000|rf1_therm=32000|ISP=33000|TPU=34000|AUR=34000|rfpa_therm=30437|quiet_therm=31060|charging_therm=32707|,ok,39000,37000,0,37000,1,single,untouched,4096,4096,4,4096,11596,0,3949504,0,4,4,ok
1,17,nvhe,4,578000,357000,36000,39000,BIG=35000|MID=36000|usb_pwr_therm=29390|btmspkr_therm=29324|disp_therm=29346|north_therm=29613|soc_therm=32818|battery=29300|battery_cycle=5|dc-mains=33000|usbc-therm-adc=330|max77779fg=29300|LITTLE=35000|soc=1|smpl_gm=0|vdroop1=0|batoilo=0|batoilo2=0|batt_vs=29300|mdis_morepower=0|thb_hda=51|cp_on_chip_0=34000|cp_on_chip_1=36000|G3D=34000|cp_on_chip_2=36000|cp_on_chip_3=33000|cp_on_chip_4=34000|rf2_therm=31000|rf1_therm=32000|ISP=34000|TPU=34000|AUR=34000|rfpa_therm=30459|quiet_therm=31060|charging_therm=32707|,BIG=35000|MID=36000|usb_pwr_therm=29390|btmspkr_therm=29301|disp_therm=29346|north_therm=29613|soc_therm=32841|battery=29300|battery_cycle=5|dc-mains=33000|usbc-therm-adc=330|max77779fg=29300|LITTLE=35000|soc=1|smpl_gm=0|vdroop1=0|batoilo=0|batoilo2=0|batt_vs=29300|mdis_morepower=0|thb_hda=51|cp_on_chip_0=34000|cp_on_chip_1=36000|G3D=34000|cp_on_chip_2=36000|cp_on_chip_3=33000|cp_on_chip_4=34000|rf2_therm=31000|rf1_therm=32000|ISP=33000|TPU=34000|AUR=34000|rfpa_therm=30437|quiet_therm=31060|charging_therm=32707|,ok,39000,37000,0,37000,1,single,untouched,4096,4096,5,4096,23722,0,3839966,0,4,4,ok
1,17,nvhe,4,578000,357000,36000,39000,BIG=35000|MID=36000|usb_pwr_therm=29390|btmspkr_therm=29324|disp_therm=29346|north_therm=29613|soc_therm=32818|battery=29300|battery_cycle=5|dc-mains=33000|usbc-therm-adc=330|max77779fg=29300|LITTLE=35000|soc=1|smpl_gm=0|vdroop1=0|batoilo=0|batoilo2=0|batt_vs=29300|mdis_morepower=0|thb_hda=51|cp_on_chip_0=34000|cp_on_chip_1=36000|G3D=34000|cp_on_chip_2=36000|cp_on_chip_3=33000|cp_on_chip_4=34000|rf2_therm=31000|rf1_therm=32000|ISP=34000|TPU=34000|AUR=34000|rfpa_therm=30459|quiet_therm=31060|charging_therm=32707|,BIG=35000|MID=36000|usb_pwr_therm=29390|btmspkr_therm=29301|disp_therm=29346|north_therm=29613|soc_therm=32841|battery=29300|battery_cycle=5|dc-mains=33000|usbc-therm-adc=330|max77779fg=29300|LITTLE=35000|soc=1|smpl_gm=0|vdroop1=0|batoilo=0|batoilo2=0|batt_vs=29300|mdis_morepower=0|thb_hda=51|cp_on_chip_0=34000|cp_on_chip_1=36000|G3D=34000|cp_on_chip_2=36000|cp_on_chip_3=33000|cp_on_chip_4=34000|rf2_therm=31000|rf1_therm=32000|ISP=33000|TPU=34000|AUR=34000|rfpa_therm=30437|quiet_therm=31060|charging_therm=32707|,ok,39000,37000,0,37000,1,single,untouched,4096,4096,6,4096,7283,0,3431559,0,4,4,ok
1,17,nvhe,4,578000,357000,36000,39000,BIG=35000|MID=36000|usb_pwr_therm=29390|btmspkr_therm=29324|disp_therm=29346|north_therm=29613|soc_therm=32818|battery=29300|battery_cycle=5|dc-mains=33000|usbc-therm-adc=330|max77779fg=29300|LITTLE=35000|soc=1|smpl_gm=0|vdroop1=0|batoilo=0|batoilo2=0|batt_vs=29300|mdis_morepower=0|thb_hda=51|cp_on_chip_0=34000|cp_on_chip_1=36000|G3D=34000|cp_on_chip_2=36000|cp_on_chip_3=33000|cp_on_chip_4=34000|rf2_therm=31000|rf1_therm=32000|ISP=34000|TPU=34000|AUR=34000|rfpa_therm=30459|quiet_therm=31060|charging_therm=32707|,BIG=35000|MID=36000|usb_pwr_therm=29390|btmspkr_therm=29301|disp_therm=29346|north_therm=29613|soc_therm=32841|battery=29300|battery_cycle=5|dc-mains=33000|usbc-therm-adc=330|max77779fg=29300|LITTLE=35000|soc=1|smpl_gm=0|vdroop1=0|batoilo=0|batoilo2=0|batt_vs=29300|mdis_morepower=0|thb_hda=51|cp_on_chip_0=34000|cp_on_chip_1=36000|G3D=34000|cp_on_chip_2=36000|cp_on_chip_3=33000|cp_on_chip_4=34000|rf2_therm=31000|rf1_therm=32000|ISP=33000|TPU=34000|AUR=34000|rfpa_therm=30437|quiet_therm=31060|charging_therm=32707|,ok,39000,37000,0,37000,1,single,untouched,4096,4096,7,4096,6511,0,3281779,0,4,4,ok
1,17,nvhe,4,578000,357000,36000,39000,BIG=35000|MID=36000|usb_pwr_therm=29390|btmspkr_therm=29324|disp_therm=29346|north_therm=29613|soc_therm=32818|battery=29300|battery_cycle=5|dc-mains=33000|usbc-therm-adc=330|max77779fg=29300|LITTLE=35000|soc=1|smpl_gm=0|vdroop1=0|batoilo=0|batoilo2=0|batt_vs=29300|mdis_morepower=0|thb_hda=51|cp_on_chip_0=34000|cp_on_chip_1=36000|G3D=34000|cp_on_chip_2=36000|cp_on_chip_3=33000|cp_on_chip_4=34000|rf2_therm=31000|rf1_therm=32000|ISP=34000|TPU=34000|AUR=34000|rfpa_therm=30459|quiet_therm=31060|charging_therm=32707|,BIG=35000|MID=36000|usb_pwr_therm=29390|btmspkr_therm=29301|disp_therm=29346|north_therm=29613|soc_therm=32841|battery=29300|battery_cycle=5|dc-mains=33000|usbc-therm-adc=330|max77779fg=29300|LITTLE=35000|soc=1|smpl_gm=0|vdroop1=0|batoilo=0|batoilo2=0|batt_vs=29300|mdis_morepower=0|thb_hda=51|cp_on_chip_0=34000|cp_on_chip_1=36000|G3D=34000|cp_on_chip_2=36000|cp_on_chip_3=33000|cp_on_chip_4=34000|rf2_therm=31000|rf1_therm=32000|ISP=33000|TPU=34000|AUR=34000|rfpa_therm=30437|quiet_therm=31060|charging_therm=32707|,ok,39000,37000,0,37000,1,single,untouched,4096,4096,8,4096,9522,0,3140056,0,4,4,ok
1,17,nvhe,4,578000,357000,36000,39000,BIG=35000|MID=36000|usb_pwr_therm=29390|btmspkr_therm=29324|disp_therm=29346|north_therm=29613|soc_therm=32818|battery=29300|battery_cycle=5|dc-mains=33000|usbc-therm-adc=330|max77779fg=29300|LITTLE=35000|soc=1|smpl_gm=0|vdroop1=0|batoilo=0|batoilo2=0|batt_vs=29300|mdis_morepower=0|thb_hda=51|cp_on_chip_0=34000|cp_on_chip_1=36000|G3D=34000|cp_on_chip_2=36000|cp_on_chip_3=33000|cp_on_chip_4=34000|rf2_therm=31000|rf1_therm=32000|ISP=34000|TPU=34000|AUR=34000|rfpa_therm=30459|quiet_therm=31060|charging_therm=32707|,BIG=35000|MID=36000|usb_pwr_therm=29390|btmspkr_therm=29301|disp_therm=29346|north_therm=29613|soc_therm=32841|battery=29300|battery_cycle=5|dc-mains=33000|usbc-therm-adc=330|max77779fg=29300|LITTLE=35000|soc=1|smpl_gm=0|vdroop1=0|batoilo=0|batoilo2=0|batt_vs=29300|mdis_morepower=0|thb_hda=51|cp_on_chip_0=34000|cp_on_chip_1=36000|G3D=34000|cp_on_chip_2=36000|cp_on_chip_3=33000|cp_on_chip_4=34000|rf2_therm=31000|rf1_therm=32000|ISP=33000|TPU=34000|AUR=34000|rfpa_therm=30437|quiet_therm=31060|charging_therm=32707|,ok,39000,37000,0,37000,1,single,untouched,4096,4096,9,4096,26855,0,2865153,0,4,4,ok
1,17,nvhe,4,578000,357000,36000,39000,BIG=35000|MID=36000|usb_pwr_therm=29390|btmspkr_therm=29324|disp_therm=29346|north_therm=29613|soc_therm=32818|battery=29300|battery_cycle=5|dc-mains=33000|usbc-therm-adc=330|max77779fg=29300|LITTLE=35000|soc=1|smpl_gm=0|vdroop1=0|batoilo=0|batoilo2=0|batt_vs=29300|mdis_morepower=0|thb_hda=51|cp_on_chip_0=34000|cp_on_chip_1=36000|G3D=34000|cp_on_chip_2=36000|cp_on_chip_3=33000|cp_on_chip_4=34000|rf2_therm=31000|rf1_therm=32000|ISP=34000|TPU=34000|AUR=34000|rfpa_therm=30459|quiet_therm=31060|charging_therm=32707|,BIG=35000|MID=36000|usb_pwr_therm=29390|btmspkr_therm=29301|disp_therm=29346|north_therm=29613|soc_therm=32841|battery=29300|battery_cycle=5|dc-mains=33000|usbc-therm-adc=330|max77779fg=29300|LITTLE=35000|soc=1|smpl_gm=0|vdroop1=0|batoilo=0|batoilo2=0|batt_vs=29300|mdis_morepower=0|thb_hda=51|cp_on_chip_0=34000|cp_on_chip_1=36000|G3D=34000|cp_on_chip_2=36000|cp_on_chip_3=33000|cp_on_chip_4=34000|rf2_therm=31000|rf1_therm=32000|ISP=33000|TPU=34000|AUR=34000|rfpa_therm=30437|quiet_therm=31060|charging_therm=32707|,ok,39000,37000,0,37000,1,single,untouched,4096,4096,10,4096,10702,0,3014770,0,4,4,ok
1,17,nvhe,4,578000,357000,36000,39000,BIG=35000|MID=36000|usb_pwr_therm=29390|btmspkr_therm=29324|disp_therm=29346|north_therm=29613|soc_therm=32818|battery=29300|battery_cycle=5|dc-mains=33000|usbc-therm-adc=330|max77779fg=29300|LITTLE=35000|soc=1|smpl_gm=0|vdroop1=0|batoilo=0|batoilo2=0|batt_vs=29300|mdis_morepower=0|thb_hda=51|cp_on_chip_0=34000|cp_on_chip_1=36000|G3D=34000|cp_on_chip_2=36000|cp_on_chip_3=33000|cp_on_chip_4=34000|rf2_therm=31000|rf1_therm=32000|ISP=34000|TPU=34000|AUR=34000|rfpa_therm=30459|quiet_therm=31060|charging_therm=32707|,BIG=35000|MID=36000|usb_pwr_therm=29390|btmspkr_therm=29301|disp_therm=29346|north_therm=29613|soc_therm=32841|battery=29300|battery_cycle=5|dc-mains=33000|usbc-therm-adc=330|max77779fg=29300|LITTLE=35000|soc=1|smpl_gm=0|vdroop1=0|batoilo=0|batoilo2=0|batt_vs=29300|mdis_morepower=0|thb_hda=51|cp_on_chip_0=34000|cp_on_chip_1=36000|G3D=34000|cp_on_chip_2=36000|cp_on_chip_3=33000|cp_on_chip_4=34000|rf2_therm=31000|rf1_therm=32000|ISP=33000|TPU=34000|AUR=34000|rfpa_therm=30437|quiet_therm=31060|charging_therm=32707|,ok,39000,37000,0,37000,1,single,untouched,4096,4096,11,4096,7040,0,2876424,0,4,4,ok
1,17,nvhe,4,578000,357000,36000,39000,BIG=35000|MID=36000|usb_pwr_therm=29390|btmspkr_therm=29324|disp_therm=29346|north_therm=29613|soc_therm=32818|battery=29300|battery_cycle=5|dc-mains=33000|usbc-therm-adc=330|max77779fg=29300|LITTLE=35000|soc=1|smpl_gm=0|vdroop1=0|batoilo=0|batoilo2=0|batt_vs=29300|mdis_morepower=0|thb_hda=51|cp_on_chip_0=34000|cp_on_chip_1=36000|G3D=34000|cp_on_chip_2=36000|cp_on_chip_3=33000|cp_on_chip_4=34000|rf2_therm=31000|rf1_therm=32000|ISP=34000|TPU=34000|AUR=34000|rfpa_therm=30459|quiet_therm=31060|charging_therm=32707|,BIG=35000|MID=36000|usb_pwr_therm=29390|btmspkr_therm=29301|disp_therm=29346|north_therm=29613|soc_therm=32841|battery=29300|battery_cycle=5|dc-mains=33000|usbc-therm-adc=330|max77779fg=29300|LITTLE=35000|soc=1|smpl_gm=0|vdroop1=0|batoilo=0|batoilo2=0|batt_vs=29300|mdis_morepower=0|thb_hda=51|cp_on_chip_0=34000|cp_on_chip_1=36000|G3D=34000|cp_on_chip_2=36000|cp_on_chip_3=33000|cp_on_chip_4=34000|rf2_therm=31000|rf1_therm=32000|ISP=33000|TPU=34000|AUR=34000|rfpa_therm=30437|quiet_therm=31060|charging_therm=32707|,ok,39000,37000,0,37000,1,single,untouched,4096,4096,12,4096,5493,0,2782796,0,4,4,ok
1,17,nvhe,4,578000,357000,36000,39000,BIG=35000|MID=36000|usb_pwr_therm=29390|btmspkr_therm=29324|disp_therm=29346|north_therm=29613|soc_therm=32818|battery=29300|battery_cycle=5|dc-mains=33000|usbc-therm-adc=330|max77779fg=29300|LITTLE=35000|soc=1|smpl_gm=0|vdroop1=0|batoilo=0|batoilo2=0|batt_vs=29300|mdis_morepower=0|thb_hda=51|cp_on_chip_0=34000|cp_on_chip_1=36000|G3D=34000|cp_on_chip_2=36000|cp_on_chip_3=33000|cp_on_chip_4=34000|rf2_therm=31000|rf1_therm=32000|ISP=34000|TPU=34000|AUR=34000|rfpa_therm=30459|quiet_therm=31060|charging_therm=32707|,BIG=35000|MID=36000|usb_pwr_therm=29390|btmspkr_therm=29301|disp_therm=29346|north_therm=29613|soc_therm=32841|battery=29300|battery_cycle=5|dc-mains=33000|usbc-therm-adc=330|max77779fg=29300|LITTLE=35000|soc=1|smpl_gm=0|vdroop1=0|batoilo=0|batoilo2=0|batt_vs=29300|mdis_morepower=0|thb_hda=51|cp_on_chip_0=34000|cp_on_chip_1=36000|G3D=34000|cp_on_chip_2=36000|cp_on_chip_3=33000|cp_on_chip_4=34000|rf2_therm=31000|rf1_therm=32000|ISP=33000|TPU=34000|AUR=34000|rfpa_therm=30437|quiet_therm=31060|charging_therm=32707|,ok,39000,37000,0,37000,1,single,untouched,4096,4096,13,4096,6511,0,2809530,0,4,4,ok
1,17,nvhe,4,578000,357000,36000,39000,BIG=35000|MID=36000|usb_pwr_therm=29390|btmspkr_therm=29324|disp_therm=29346|north_therm=29613|soc_therm=32818|battery=29300|battery_cycle=5|dc-mains=33000|usbc-therm-adc=330|max77779fg=29300|LITTLE=35000|soc=1|smpl_gm=0|vdroop1=0|batoilo=0|batoilo2=0|batt_vs=29300|mdis_morepower=0|thb_hda=51|cp_on_chip_0=34000|cp_on_chip_1=36000|G3D=34000|cp_on_chip_2=36000|cp_on_chip_3=33000|cp_on_chip_4=34000|rf2_therm=31000|rf1_therm=32000|ISP=34000|TPU=34000|AUR=34000|rfpa_therm=30459|quiet_therm=31060|charging_therm=32707|,BIG=35000|MID=36000|usb_pwr_therm=29390|btmspkr_therm=29301|disp_therm=29346|north_therm=29613|soc_therm=32841|battery=29300|battery_cycle=5|dc-mains=33000|usbc-therm-adc=330|max77779fg=29300|LITTLE=35000|soc=1|smpl_gm=0|vdroop1=0|batoilo=0|batoilo2=0|batt_vs=29300|mdis_morepower=0|thb_hda=51|cp_on_chip_0=34000|cp_on_chip_1=36000|G3D=34000|cp_on_chip_2=36000|cp_on_chip_3=33000|cp_on_chip_4=34000|rf2_therm=31000|rf1_therm=32000|ISP=33000|TPU=34000|AUR=34000|rfpa_therm=30437|quiet_therm=31060|charging_therm=32707|,ok,39000,37000,0,37000,1,single,untouched,4096,4096,14,4096,4639,0,2629842,0,4,4,ok
1,17,nvhe,4,578000,357000,36000,39000,BIG=35000|MID=36000|usb_pwr_therm=29390|btmspkr_therm=29324|disp_therm=29346|north_therm=29613|soc_therm=32818|battery=29300|battery_cycle=5|dc-mains=33000|usbc-therm-adc=330|max77779fg=29300|LITTLE=35000|soc=1|smpl_gm=0|vdroop1=0|batoilo=0|batoilo2=0|batt_vs=29300|mdis_morepower=0|thb_hda=51|cp_on_chip_0=34000|cp_on_chip_1=36000|G3D=34000|cp_on_chip_2=36000|cp_on_chip_3=33000|cp_on_chip_4=34000|rf2_therm=31000|rf1_therm=32000|ISP=34000|TPU=34000|AUR=34000|rfpa_therm=30459|quiet_therm=31060|charging_therm=32707|,BIG=35000|MID=36000|usb_pwr_therm=29390|btmspkr_therm=29301|disp_therm=29346|north_therm=29613|soc_therm=32841|battery=29300|battery_cycle=5|dc-mains=33000|usbc-therm-adc=330|max77779fg=29300|LITTLE=35000|soc=1|smpl_gm=0|vdroop1=0|batoilo=0|batoilo2=0|batt_vs=29300|mdis_morepower=0|thb_hda=51|cp_on_chip_0=34000|cp_on_chip_1=36000|G3D=34000|cp_on_chip_2=36000|cp_on_chip_3=33000|cp_on_chip_4=34000|rf2_therm=31000|rf1_therm=32000|ISP=33000|TPU=34000|AUR=34000|rfpa_therm=30437|quiet_therm=31060|charging_therm=32707|,ok,39000,37000,0,37000,1,single,untouched,4096,4096,15,4096,4232,0,2569539,0,4,4,ok
1,17,nvhe,4,578000,357000,36000,39000,BIG=35000|MID=36000|usb_pwr_therm=29390|btmspkr_therm=29324|disp_therm=29346|north_therm=29613|soc_therm=32818|battery=29300|battery_cycle=5|dc-mains=33000|usbc-therm-adc=330|max77779fg=29300|LITTLE=35000|soc=1|smpl_gm=0|vdroop1=0|batoilo=0|batoilo2=0|batt_vs=29300|mdis_morepower=0|thb_hda=51|cp_on_chip_0=34000|cp_on_chip_1=36000|G3D=34000|cp_on_chip_2=36000|cp_on_chip_3=33000|cp_on_chip_4=34000|rf2_therm=31000|rf1_therm=32000|ISP=34000|TPU=34000|AUR=34000|rfpa_therm=30459|quiet_therm=31060|charging_therm=32707|,BIG=35000|MID=36000|usb_pwr_therm=29390|btmspkr_therm=29301|disp_therm=29346|north_therm=29613|soc_therm=32841|battery=29300|battery_cycle=5|dc-mains=33000|usbc-therm-adc=330|max77779fg=29300|LITTLE=35000|soc=1|smpl_gm=0|vdroop1=0|batoilo=0|batoilo2=0|batt_vs=29300|mdis_morepower=0|thb_hda=51|cp_on_chip_0=34000|cp_on_chip_1=36000|G3D=34000|cp_on_chip_2=36000|cp_on_chip_3=33000|cp_on_chip_4=34000|rf2_therm=31000|rf1_therm=32000|ISP=33000|TPU=34000|AUR=34000|rfpa_therm=30437|quiet_therm=31060|charging_therm=32707|,ok,39000,37000,0,37000,1,single,untouched,4096,4096,16,4096,3946,0,2374919,0,4,4,ok
1,17,nvhe,4,578000,357000,36000,39000,BIG=35000|MID=36000|usb_pwr_therm=29390|btmspkr_therm=29324|disp_therm=29346|north_therm=29613|soc_therm=32818|battery=29300|battery_cycle=5|dc-mains=33000|usbc-therm-adc=330|max77779fg=29300|LITTLE=35000|soc=1|smpl_gm=0|vdroop1=0|batoilo=0|batoilo2=0|batt_vs=29300|mdis_morepower=0|thb_hda=51|cp_on_chip_0=34000|cp_on_chip_1=36000|G3D=34000|cp_on_chip_2=36000|cp_on_chip_3=33000|cp_on_chip_4=34000|rf2_therm=31000|rf1_therm=32000|ISP=34000|TPU=34000|AUR=34000|rfpa_therm=30459|quiet_therm=31060|charging_therm=32707|,BIG=35000|MID=36000|usb_pwr_therm=29390|btmspkr_therm=29301|disp_therm=29346|north_therm=29613|soc_therm=32841|battery=29300|battery_cycle=5|dc-mains=33000|usbc-therm-adc=330|max77779fg=29300|LITTLE=35000|soc=1|smpl_gm=0|vdroop1=0|batoilo=0|batoilo2=0|batt_vs=29300|mdis_morepower=0|thb_hda=51|cp_on_chip_0=34000|cp_on_chip_1=36000|G3D=34000|cp_on_chip_2=36000|cp_on_chip_3=33000|cp_on_chip_4=34000|rf2_therm=31000|rf1_therm=32000|ISP=33000|TPU=34000|AUR=34000|rfpa_therm=30437|quiet_therm=31060|charging_therm=32707|,ok,39000,37000,0,37000,1,single,untouched,4096,4096,17,4096,4557,0,2385213,0,4,4,ok
1,17,nvhe,4,578000,357000,36000,39000,BIG=35000|MID=36000|usb_pwr_therm=29390|btmspkr_therm=29324|disp_therm=29346|north_therm=29613|soc_therm=32818|battery=29300|battery_cycle=5|dc-mains=33000|usbc-therm-adc=330|max77779fg=29300|LITTLE=35000|soc=1|smpl_gm=0|vdroop1=0|batoilo=0|batoilo2=0|batt_vs=29300|mdis_morepower=0|thb_hda=51|cp_on_chip_0=34000|cp_on_chip_1=36000|G3D=34000|cp_on_chip_2=36000|cp_on_chip_3=33000|cp_on_chip_4=34000|rf2_therm=31000|rf1_therm=32000|ISP=34000|TPU=34000|AUR=34000|rfpa_therm=30459|quiet_therm=31060|charging_therm=32707|,BIG=35000|MID=36000|usb_pwr_therm=29390|btmspkr_therm=29301|disp_therm=29346|north_therm=29613|soc_therm=32841|battery=29300|battery_cycle=5|dc-mains=33000|usbc-therm-adc=330|max77779fg=29300|LITTLE=35000|soc=1|smpl_gm=0|vdroop1=0|batoilo=0|batoilo2=0|batt_vs=29300|mdis_morepower=0|thb_hda=51|cp_on_chip_0=34000|cp_on_chip_1=36000|G3D=34000|cp_on_chip_2=36000|cp_on_chip_3=33000|cp_on_chip_4=34000|rf2_therm=31000|rf1_therm=32000|ISP=33000|TPU=34000|AUR=34000|rfpa_therm=30437|quiet_therm=31060|charging_therm=32707|,ok,39000,37000,0,37000,1,single,untouched,4096,4096,18,4096,3458,0,2411580,0,4,4,ok
1,17,nvhe,4,578000,357000,36000,39000,BIG=35000|MID=36000|usb_pwr_therm=29390|btmspkr_therm=29324|disp_therm=29346|north_therm=29613|soc_therm=32818|battery=29300|battery_cycle=5|dc-mains=33000|usbc-therm-adc=330|max77779fg=29300|LITTLE=35000|soc=1|smpl_gm=0|vdroop1=0|batoilo=0|batoilo2=0|batt_vs=29300|mdis_morepower=0|thb_hda=51|cp_on_chip_0=34000|cp_on_chip_1=36000|G3D=34000|cp_on_chip_2=36000|cp_on_chip_3=33000|cp_on_chip_4=34000|rf2_therm=31000|rf1_therm=32000|ISP=34000|TPU=34000|AUR=34000|rfpa_therm=30459|quiet_therm=31060|charging_therm=32707|,BIG=35000|MID=36000|usb_pwr_therm=29390|btmspkr_therm=29301|disp_therm=29346|north_therm=29613|soc_therm=32841|battery=29300|battery_cycle=5|dc-mains=33000|usbc-therm-adc=330|max77779fg=29300|LITTLE=35000|soc=1|smpl_gm=0|vdroop1=0|batoilo=0|batoilo2=0|batt_vs=29300|mdis_morepower=0|thb_hda=51|cp_on_chip_0=34000|cp_on_chip_1=36000|G3D=34000|cp_on_chip_2=36000|cp_on_chip_3=33000|cp_on_chip_4=34000|rf2_therm=31000|rf1_therm=32000|ISP=33000|TPU=34000|AUR=34000|rfpa_therm=30437|quiet_therm=31060|charging_therm=32707|,ok,39000,37000,0,37000,1,single,untouched,4096,4096,19,4096,4557,0,2048421,0,4,4,ok
1,17,nvhe,4,578000,357000,36000,39000,BIG=35000|MID=36000|usb_pwr_therm=29390|btmspkr_therm=29324|disp_therm=29346|north_therm=29613|soc_therm=32818|battery=29300|battery_cycle=5|dc-mains=33000|usbc-therm-adc=330|max77779fg=29300|LITTLE=35000|soc=1|smpl_gm=0|vdroop1=0|batoilo=0|batoilo2=0|batt_vs=29300|mdis_morepower=0|thb_hda=51|cp_on_chip_0=34000|cp_on_chip_1=36000|G3D=34000|cp_on_chip_2=36000|cp_on_chip_3=33000|cp_on_chip_4=34000|rf2_therm=31000|rf1_therm=32000|ISP=34000|TPU=34000|AUR=34000|rfpa_therm=30459|quiet_therm=31060|charging_therm=32707|,BIG=35000|MID=36000|usb_pwr_therm=29390|btmspkr_therm=29301|disp_therm=29346|north_therm=29613|soc_therm=32841|battery=29300|battery_cycle=5|dc-mains=33000|usbc-therm-adc=330|max77779fg=29300|LITTLE=35000|soc=1|smpl_gm=0|vdroop1=0|batoilo=0|batoilo2=0|batt_vs=29300|mdis_morepower=0|thb_hda=51|cp_on_chip_0=34000|cp_on_chip_1=36000|G3D=34000|cp_on_chip_2=36000|cp_on_chip_3=33000|cp_on_chip_4=34000|rf2_therm=31000|rf1_therm=32000|ISP=33000|TPU=34000|AUR=34000|rfpa_therm=30437|quiet_therm=31060|charging_therm=32707|,ok,39000,37000,0,37000,1,single,untouched,4096,4096,20,4096,32755,0,2056397,0,4,4,ok
1,17,nvhe,4,578000,357000,36000,39000,BIG=35000|MID=36000|usb_pwr_therm=29390|btmspkr_therm=29324|disp_therm=29346|north_therm=29613|soc_therm=32818|battery=29300|battery_cycle=5|dc-mains=33000|usbc-therm-adc=330|max77779fg=29300|LITTLE=35000|soc=1|smpl_gm=0|vdroop1=0|batoilo=0|batoilo2=0|batt_vs=29300|mdis_morepower=0|thb_hda=51|cp_on_chip_0=34000|cp_on_chip_1=36000|G3D=34000|cp_on_chip_2=36000|cp_on_chip_3=33000|cp_on_chip_4=34000|rf2_therm=31000|rf1_therm=32000|ISP=34000|TPU=34000|AUR=34000|rfpa_therm=30459|quiet_therm=31060|charging_therm=32707|,BIG=35000|MID=36000|usb_pwr_therm=29390|btmspkr_therm=29301|disp_therm=29346|north_therm=29613|soc_therm=32841|battery=29300|battery_cycle=5|dc-mains=33000|usbc-therm-adc=330|max77779fg=29300|LITTLE=35000|soc=1|smpl_gm=0|vdroop1=0|batoilo=0|batoilo2=0|batt_vs=29300|mdis_morepower=0|thb_hda=51|cp_on_chip_0=34000|cp_on_chip_1=36000|G3D=34000|cp_on_chip_2=36000|cp_on_chip_3=33000|cp_on_chip_4=34000|rf2_therm=31000|rf1_therm=32000|ISP=33000|TPU=34000|AUR=34000|rfpa_therm=30437|quiet_therm=31060|charging_therm=32707|,ok,39000,37000,0,37000,1,single,untouched,4096,4096,21,4096,28483,0,2050862,0,4,4,ok
1,17,nvhe,4,578000,357000,36000,39000,BIG=35000|MID=36000|usb_pwr_therm=29390|btmspkr_therm=29324|disp_therm=29346|north_therm=29613|soc_therm=32818|battery=29300|battery_cycle=5|dc-mains=33000|usbc-therm-adc=330|max77779fg=29300|LITTLE=35000|soc=1|smpl_gm=0|vdroop1=0|batoilo=0|batoilo2=0|batt_vs=29300|mdis_morepower=0|thb_hda=51|cp_on_chip_0=34000|cp_on_chip_1=36000|G3D=34000|cp_on_chip_2=36000|cp_on_chip_3=33000|cp_on_chip_4=34000|rf2_therm=31000|rf1_therm=32000|ISP=34000|TPU=34000|AUR=34000|rfpa_therm=30459|quiet_therm=31060|charging_therm=32707|,BIG=35000|MID=36000|usb_pwr_therm=29390|btmspkr_therm=29301|disp_therm=29346|north_therm=29613|soc_therm=32841|battery=29300|battery_cycle=5|dc-mains=33000|usbc-therm-adc=330|max77779fg=29300|LITTLE=35000|soc=1|smpl_gm=0|vdroop1=0|batoilo=0|batoilo2=0|batt_vs=29300|mdis_morepower=0|thb_hda=51|cp_on_chip_0=34000|cp_on_chip_1=36000|G3D=34000|cp_on_chip_2=36000|cp_on_chip_3=33000|cp_on_chip_4=34000|rf2_therm=31000|rf1_therm=32000|ISP=33000|TPU=34000|AUR=34000|rfpa_therm=30437|quiet_therm=31060|charging_therm=32707|,ok,39000,37000,0,37000,1,single,untouched,4096,4096,22,4096,28361,0,2026856,0,4,4,ok
1,17,nvhe,4,578000,357000,36000,39000,BIG=35000|MID=36000|usb_pwr_therm=29390|btmspkr_therm=29324|disp_therm=29346|north_therm=29613|soc_therm=32818|battery=29300|battery_cycle=5|dc-mains=33000|usbc-therm-adc=330|max77779fg=29300|LITTLE=35000|soc=1|smpl_gm=0|vdroop1=0|batoilo=0|batoilo2=0|batt_vs=29300|mdis_morepower=0|thb_hda=51|cp_on_chip_0=34000|cp_on_chip_1=36000|G3D=34000|cp_on_chip_2=36000|cp_on_chip_3=33000|cp_on_chip_4=34000|rf2_therm=31000|rf1_therm=32000|ISP=34000|TPU=34000|AUR=34000|rfpa_therm=30459|quiet_therm=31060|charging_therm=32707|,BIG=35000|MID=36000|usb_pwr_therm=29390|btmspkr_therm=29301|disp_therm=29346|north_therm=29613|soc_therm=32841|battery=29300|battery_cycle=5|dc-mains=33000|usbc-therm-adc=330|max77779fg=29300|LITTLE=35000|soc=1|smpl_gm=0|vdroop1=0|batoilo=0|batoilo2=0|batt_vs=29300|mdis_morepower=0|thb_hda=51|cp_on_chip_0=34000|cp_on_chip_1=36000|G3D=34000|cp_on_chip_2=36000|cp_on_chip_3=33000|cp_on_chip_4=34000|rf2_therm=31000|rf1_therm=32000|ISP=33000|TPU=34000|AUR=34000|rfpa_therm=30437|quiet_therm=31060|charging_therm=32707|,ok,39000,37000,0,37000,1,single,untouched,4096,4096,23,4096,31901,0,1889404,0,4,4,ok
1,17,nvhe,4,578000,357000,36000,39000,BIG=35000|MID=36000|usb_pwr_therm=29390|btmspkr_therm=29324|disp_therm=29346|north_therm=29613|soc_therm=32818|battery=29300|battery_cycle=5|dc-mains=33000|usbc-therm-adc=330|max77779fg=29300|LITTLE=35000|soc=1|smpl_gm=0|vdroop1=0|batoilo=0|batoilo2=0|batt_vs=29300|mdis_morepower=0|thb_hda=51|cp_on_chip_0=34000|cp_on_chip_1=36000|G3D=34000|cp_on_chip_2=36000|cp_on_chip_3=33000|cp_on_chip_4=34000|rf2_therm=31000|rf1_therm=32000|ISP=34000|TPU=34000|AUR=34000|rfpa_therm=30459|quiet_therm=31060|charging_therm=32707|,BIG=35000|MID=36000|usb_pwr_therm=29390|btmspkr_therm=29301|disp_therm=29346|north_therm=29613|soc_therm=32841|battery=29300|battery_cycle=5|dc-mains=33000|usbc-therm-adc=330|max77779fg=29300|LITTLE=35000|soc=1|smpl_gm=0|vdroop1=0|batoilo=0|batoilo2=0|batt_vs=29300|mdis_morepower=0|thb_hda=51|cp_on_chip_0=34000|cp_on_chip_1=36000|G3D=34000|cp_on_chip_2=36000|cp_on_chip_3=33000|cp_on_chip_4=34000|rf2_therm=31000|rf1_therm=32000|ISP=33000|TPU=34000|AUR=34000|rfpa_therm=30437|quiet_therm=31060|charging_therm=32707|,ok,39000,37000,0,37000,1,single,untouched,4096,4096,24,4096,30762,0,1900269,0,4,4,ok
1,17,nvhe,4,578000,357000,36000,39000,BIG=35000|MID=36000|usb_pwr_therm=29390|btmspkr_therm=29324|disp_therm=29346|north_therm=29613|soc_therm=32818|battery=29300|battery_cycle=5|dc-mains=33000|usbc-therm-adc=330|max77779fg=29300|LITTLE=35000|soc=1|smpl_gm=0|vdroop1=0|batoilo=0|batoilo2=0|batt_vs=29300|mdis_morepower=0|thb_hda=51|cp_on_chip_0=34000|cp_on_chip_1=36000|G3D=34000|cp_on_chip_2=36000|cp_on_chip_3=33000|cp_on_chip_4=34000|rf2_therm=31000|rf1_therm=32000|ISP=34000|TPU=34000|AUR=34000|rfpa_therm=30459|quiet_therm=31060|charging_therm=32707|,BIG=35000|MID=36000|usb_pwr_therm=29390|btmspkr_therm=29301|disp_therm=29346|north_therm=29613|soc_therm=32841|battery=29300|battery_cycle=5|dc-mains=33000|usbc-therm-adc=330|max77779fg=29300|LITTLE=35000|soc=1|smpl_gm=0|vdroop1=0|batoilo=0|batoilo2=0|batt_vs=29300|mdis_morepower=0|thb_hda=51|cp_on_chip_0=34000|cp_on_chip_1=36000|G3D=34000|cp_on_chip_2=36000|cp_on_chip_3=33000|cp_on_chip_4=34000|rf2_therm=31000|rf1_therm=32000|ISP=33000|TPU=34000|AUR=34000|rfpa_therm=30437|quiet_therm=31060|charging_therm=32707|,ok,39000,37000,0,37000,1,single,untouched,4096,4096,25,4096,28320,0,1889323,0,4,4,ok
1,17,nvhe,4,578000,357000,36000,39000,BIG=35000|MID=36000|usb_pwr_therm=29390|btmspkr_therm=29324|disp_therm=29346|north_therm=29613|soc_therm=32818|battery=29300|battery_cycle=5|dc-mains=33000|usbc-therm-adc=330|max77779fg=29300|LITTLE=35000|soc=1|smpl_gm=0|vdroop1=0|batoilo=0|batoilo2=0|batt_vs=29300|mdis_morepower=0|thb_hda=51|cp_on_chip_0=34000|cp_on_chip_1=36000|G3D=34000|cp_on_chip_2=36000|cp_on_chip_3=33000|cp_on_chip_4=34000|rf2_therm=31000|rf1_therm=32000|ISP=34000|TPU=34000|AUR=34000|rfpa_therm=30459|quiet_therm=31060|charging_therm=32707|,BIG=35000|MID=36000|usb_pwr_therm=29390|btmspkr_therm=29301|disp_therm=29346|north_therm=29613|soc_therm=32841|battery=29300|battery_cycle=5|dc-mains=33000|usbc-therm-adc=330|max77779fg=29300|LITTLE=35000|soc=1|smpl_gm=0|vdroop1=0|batoilo=0|batoilo2=0|batt_vs=29300|mdis_morepower=0|thb_hda=51|cp_on_chip_0=34000|cp_on_chip_1=36000|G3D=34000|cp_on_chip_2=36000|cp_on_chip_3=33000|cp_on_chip_4=34000|rf2_therm=31000|rf1_therm=32000|ISP=33000|TPU=34000|AUR=34000|rfpa_therm=30437|quiet_therm=31060|charging_therm=32707|,ok,39000,37000,0,37000,1,single,untouched,4096,4096,26,4096,30803,0,1909424,0,4,4,ok
1,17,nvhe,4,578000,357000,36000,39000,BIG=35000|MID=36000|usb_pwr_therm=29390|btmspkr_therm=29324|disp_therm=29346|north_therm=29613|soc_therm=32818|battery=29300|battery_cycle=5|dc-mains=33000|usbc-therm-adc=330|max77779fg=29300|LITTLE=35000|soc=1|smpl_gm=0|vdroop1=0|batoilo=0|batoilo2=0|batt_vs=29300|mdis_morepower=0|thb_hda=51|cp_on_chip_0=34000|cp_on_chip_1=36000|G3D=34000|cp_on_chip_2=36000|cp_on_chip_3=33000|cp_on_chip_4=34000|rf2_therm=31000|rf1_therm=32000|ISP=34000|TPU=34000|AUR=34000|rfpa_therm=30459|quiet_therm=31060|charging_therm=32707|,BIG=35000|MID=36000|usb_pwr_therm=29390|btmspkr_therm=29301|disp_therm=29346|north_therm=29613|soc_therm=32841|battery=29300|battery_cycle=5|dc-mains=33000|usbc-therm-adc=330|max77779fg=29300|LITTLE=35000|soc=1|smpl_gm=0|vdroop1=0|batoilo=0|batoilo2=0|batt_vs=29300|mdis_morepower=0|thb_hda=51|cp_on_chip_0=34000|cp_on_chip_1=36000|G3D=34000|cp_on_chip_2=36000|cp_on_chip_3=33000|cp_on_chip_4=34000|rf2_therm=31000|rf1_therm=32000|ISP=33000|TPU=34000|AUR=34000|rfpa_therm=30437|quiet_therm=31060|charging_therm=32707|,ok,39000,37000,0,37000,1,single,untouched,4096,4096,27,4096,2849,0,1726481,0,4,4,ok
1,17,nvhe,4,578000,357000,36000,39000,BIG=35000|MID=36000|usb_pwr_therm=29390|btmspkr_therm=29324|disp_therm=29346|north_therm=29613|soc_therm=32818|battery=29300|battery_cycle=5|dc-mains=33000|usbc-therm-adc=330|max77779fg=29300|LITTLE=35000|soc=1|smpl_gm=0|vdroop1=0|batoilo=0|batoilo2=0|batt_vs=29300|mdis_morepower=0|thb_hda=51|cp_on_chip_0=34000|cp_on_chip_1=36000|G3D=34000|cp_on_chip_2=36000|cp_on_chip_3=33000|cp_on_chip_4=34000|rf2_therm=31000|rf1_therm=32000|ISP=34000|TPU=34000|AUR=34000|rfpa_therm=30459|quiet_therm=31060|charging_therm=32707|,BIG=35000|MID=36000|usb_pwr_therm=29390|btmspkr_therm=29301|disp_therm=29346|north_therm=29613|soc_therm=32841|battery=29300|battery_cycle=5|dc-mains=33000|usbc-therm-adc=330|max77779fg=29300|LITTLE=35000|soc=1|smpl_gm=0|vdroop1=0|batoilo=0|batoilo2=0|batt_vs=29300|mdis_morepower=0|thb_hda=51|cp_on_chip_0=34000|cp_on_chip_1=36000|G3D=34000|cp_on_chip_2=36000|cp_on_chip_3=33000|cp_on_chip_4=34000|rf2_therm=31000|rf1_therm=32000|ISP=33000|TPU=34000|AUR=34000|rfpa_therm=30437|quiet_therm=31060|charging_therm=32707|,ok,39000,37000,0,37000,1,single,untouched,4096,4096,28,4096,28361,0,1763550,0,4,4,ok
1,17,nvhe,4,578000,357000,36000,39000,BIG=35000|MID=36000|usb_pwr_therm=29390|btmspkr_therm=29324|disp_therm=29346|north_therm=29613|soc_therm=32818|battery=29300|battery_cycle=5|dc-mains=33000|usbc-therm-adc=330|max77779fg=29300|LITTLE=35000|soc=1|smpl_gm=0|vdroop1=0|batoilo=0|batoilo2=0|batt_vs=29300|mdis_morepower=0|thb_hda=51|cp_on_chip_0=34000|cp_on_chip_1=36000|G3D=34000|cp_on_chip_2=36000|cp_on_chip_3=33000|cp_on_chip_4=34000|rf2_therm=31000|rf1_therm=32000|ISP=34000|TPU=34000|AUR=34000|rfpa_therm=30459|quiet_therm=31060|charging_therm=32707|,BIG=35000|MID=36000|usb_pwr_therm=29390|btmspkr_therm=29301|disp_therm=29346|north_therm=29613|soc_therm=32841|battery=29300|battery_cycle=5|dc-mains=33000|usbc-therm-adc=330|max77779fg=29300|LITTLE=35000|soc=1|smpl_gm=0|vdroop1=0|batoilo=0|batoilo2=0|batt_vs=29300|mdis_morepower=0|thb_hda=51|cp_on_chip_0=34000|cp_on_chip_1=36000|G3D=34000|cp_on_chip_2=36000|cp_on_chip_3=33000|cp_on_chip_4=34000|rf2_therm=31000|rf1_therm=32000|ISP=33000|TPU=34000|AUR=34000|rfpa_therm=30437|quiet_therm=31060|charging_therm=32707|,ok,39000,37000,0,37000,1,single,untouched,4096,4096,29,4096,2522,0,1727539,0,4,4,ok
1,18,nvhe,4,578000,357000,36000,36000,BIG=36000|MID=35000|usb_pwr_therm=29390|btmspkr_therm=29301|disp_therm=29324|north_therm=29613|soc_therm=32841|battery=29300|battery_cycle=5|dc-mains=33000|usbc-therm-adc=330|max77779fg=29300|LITTLE=35000|soc=1|smpl_gm=0|vdroop1=0|batoilo=0|batoilo2=0|batt_vs=29300|mdis_morepower=0|thb_hda=51|cp_on_chip_0=34000|cp_on_chip_1=36000|G3D=34000|cp_on_chip_2=36000|cp_on_chip_3=33000|cp_on_chip_4=34000|rf2_therm=31000|rf1_therm=32000|ISP=33000|TPU=34000|AUR=34000|rfpa_therm=30437|quiet_therm=31060|charging_therm=32707|,BIG=36000|MID=36000|usb_pwr_therm=29390|btmspkr_therm=29301|disp_therm=29324|north_therm=29613|soc_therm=32841|battery=29300|battery_cycle=5|dc-mains=33000|usbc-therm-adc=330|max77779fg=29300|LITTLE=35000|soc=1|smpl_gm=0|vdroop1=0|batoilo=0|batoilo2=0|batt_vs=29300|mdis_morepower=0|thb_hda=51|cp_on_chip_0=34000|cp_on_chip_1=36000|G3D=34000|cp_on_chip_2=36000|cp_on_chip_3=33000|cp_on_chip_4=34000|rf2_therm=31000|rf1_therm=32000|ISP=34000|TPU=34000|AUR=34000|rfpa_therm=30437|quiet_therm=31060|charging_therm=32707|,ok,39000,36000,0,36000,1,single,untouched,4096,1024,0,1024,26896,0,718750,0,4,4,ok
1,18,nvhe,4,578000,357000,36000,36000,BIG=36000|MID=35000|usb_pwr_therm=29390|btmspkr_therm=29301|disp_therm=29324|north_therm=29613|soc_therm=32841|battery=29300|battery_cycle=5|dc-mains=33000|usbc-therm-adc=330|max77779fg=29300|LITTLE=35000|soc=1|smpl_gm=0|vdroop1=0|batoilo=0|batoilo2=0|batt_vs=29300|mdis_morepower=0|thb_hda=51|cp_on_chip_0=34000|cp_on_chip_1=36000|G3D=34000|cp_on_chip_2=36000|cp_on_chip_3=33000|cp_on_chip_4=34000|rf2_therm=31000|rf1_therm=32000|ISP=33000|TPU=34000|AUR=34000|rfpa_therm=30437|quiet_therm=31060|charging_therm=32707|,BIG=36000|MID=36000|usb_pwr_therm=29390|btmspkr_therm=29301|disp_therm=29324|north_therm=29613|soc_therm=32841|battery=29300|battery_cycle=5|dc-mains=33000|usbc-therm-adc=330|max77779fg=29300|LITTLE=35000|soc=1|smpl_gm=0|vdroop1=0|batoilo=0|batoilo2=0|batt_vs=29300|mdis_morepower=0|thb_hda=51|cp_on_chip_0=34000|cp_on_chip_1=36000|G3D=34000|cp_on_chip_2=36000|cp_on_chip_3=33000|cp_on_chip_4=34000|rf2_therm=31000|rf1_therm=32000|ISP=34000|TPU=34000|AUR=34000|rfpa_therm=30437|quiet_therm=31060|charging_therm=32707|,ok,39000,36000,0,36000,1,single,untouched,4096,1024,1,1024,9196,0,732544,0,4,4,ok
1,18,nvhe,4,578000,357000,36000,36000,BIG=36000|MID=35000|usb_pwr_therm=29390|btmspkr_therm=29301|disp_therm=29324|north_therm=29613|soc_therm=32841|battery=29300|battery_cycle=5|dc-mains=33000|usbc-therm-adc=330|max77779fg=29300|LITTLE=35000|soc=1|smpl_gm=0|vdroop1=0|batoilo=0|batoilo2=0|batt_vs=29300|mdis_morepower=0|thb_hda=51|cp_on_chip_0=34000|cp_on_chip_1=36000|G3D=34000|cp_on_chip_2=36000|cp_on_chip_3=33000|cp_on_chip_4=34000|rf2_therm=31000|rf1_therm=32000|ISP=33000|TPU=34000|AUR=34000|rfpa_therm=30437|quiet_therm=31060|charging_therm=32707|,BIG=36000|MID=36000|usb_pwr_therm=29390|btmspkr_therm=29301|disp_therm=29324|north_therm=29613|soc_therm=32841|battery=29300|battery_cycle=5|dc-mains=33000|usbc-therm-adc=330|max77779fg=29300|LITTLE=35000|soc=1|smpl_gm=0|vdroop1=0|batoilo=0|batoilo2=0|batt_vs=29300|mdis_morepower=0|thb_hda=51|cp_on_chip_0=34000|cp_on_chip_1=36000|G3D=34000|cp_on_chip_2=36000|cp_on_chip_3=33000|cp_on_chip_4=34000|rf2_therm=31000|rf1_therm=32000|ISP=34000|TPU=34000|AUR=34000|rfpa_therm=30437|quiet_therm=31060|charging_therm=32707|,ok,39000,36000,0,36000,1,single,untouched,4096,1024,2,1024,5616,0,795125,0,4,4,ok
1,18,nvhe,4,578000,357000,36000,36000,BIG=36000|MID=35000|usb_pwr_therm=29390|btmspkr_therm=29301|disp_therm=29324|north_therm=29613|soc_therm=32841|battery=29300|battery_cycle=5|dc-mains=33000|usbc-therm-adc=330|max77779fg=29300|LITTLE=35000|soc=1|smpl_gm=0|vdroop1=0|batoilo=0|batoilo2=0|batt_vs=29300|mdis_morepower=0|thb_hda=51|cp_on_chip_0=34000|cp_on_chip_1=36000|G3D=34000|cp_on_chip_2=36000|cp_on_chip_3=33000|cp_on_chip_4=34000|rf2_therm=31000|rf1_therm=32000|ISP=33000|TPU=34000|AUR=34000|rfpa_therm=30437|quiet_therm=31060|charging_therm=32707|,BIG=36000|MID=36000|usb_pwr_therm=29390|btmspkr_therm=29301|disp_therm=29324|north_therm=29613|soc_therm=32841|battery=29300|battery_cycle=5|dc-mains=33000|usbc-therm-adc=330|max77779fg=29300|LITTLE=35000|soc=1|smpl_gm=0|vdroop1=0|batoilo=0|batoilo2=0|batt_vs=29300|mdis_morepower=0|thb_hda=51|cp_on_chip_0=34000|cp_on_chip_1=36000|G3D=34000|cp_on_chip_2=36000|cp_on_chip_3=33000|cp_on_chip_4=34000|rf2_therm=31000|rf1_therm=32000|ISP=34000|TPU=34000|AUR=34000|rfpa_therm=30437|quiet_therm=31060|charging_therm=32707|,ok,39000,36000,0,36000,1,single,untouched,4096,1024,3,1024,6674,0,732869,0,4,4,ok
1,18,nvhe,4,578000,357000,36000,36000,BIG=36000|MID=35000|usb_pwr_therm=29390|btmspkr_therm=29301|disp_therm=29324|north_therm=29613|soc_therm=32841|battery=29300|battery_cycle=5|dc-mains=33000|usbc-therm-adc=330|max77779fg=29300|LITTLE=35000|soc=1|smpl_gm=0|vdroop1=0|batoilo=0|batoilo2=0|batt_vs=29300|mdis_morepower=0|thb_hda=51|cp_on_chip_0=34000|cp_on_chip_1=36000|G3D=34000|cp_on_chip_2=36000|cp_on_chip_3=33000|cp_on_chip_4=34000|rf2_therm=31000|rf1_therm=32000|ISP=33000|TPU=34000|AUR=34000|rfpa_therm=30437|quiet_therm=31060|charging_therm=32707|,BIG=36000|MID=36000|usb_pwr_therm=29390|btmspkr_therm=29301|disp_therm=29324|north_therm=29613|soc_therm=32841|battery=29300|battery_cycle=5|dc-mains=33000|usbc-therm-adc=330|max77779fg=29300|LITTLE=35000|soc=1|smpl_gm=0|vdroop1=0|batoilo=0|batoilo2=0|batt_vs=29300|mdis_morepower=0|thb_hda=51|cp_on_chip_0=34000|cp_on_chip_1=36000|G3D=34000|cp_on_chip_2=36000|cp_on_chip_3=33000|cp_on_chip_4=34000|rf2_therm=31000|rf1_therm=32000|ISP=34000|TPU=34000|AUR=34000|rfpa_therm=30437|quiet_therm=31060|charging_therm=32707|,ok,39000,36000,0,36000,1,single,untouched,4096,1024,4,1024,21729,0,733032,0,4,4,ok
1,18,nvhe,4,578000,357000,36000,36000,BIG=36000|MID=35000|usb_pwr_therm=29390|btmspkr_therm=29301|disp_therm=29324|north_therm=29613|soc_therm=32841|battery=29300|battery_cycle=5|dc-mains=33000|usbc-therm-adc=330|max77779fg=29300|LITTLE=35000|soc=1|smpl_gm=0|vdroop1=0|batoilo=0|batoilo2=0|batt_vs=29300|mdis_morepower=0|thb_hda=51|cp_on_chip_0=34000|cp_on_chip_1=36000|G3D=34000|cp_on_chip_2=36000|cp_on_chip_3=33000|cp_on_chip_4=34000|rf2_therm=31000|rf1_therm=32000|ISP=33000|TPU=34000|AUR=34000|rfpa_therm=30437|quiet_therm=31060|charging_therm=32707|,BIG=36000|MID=36000|usb_pwr_therm=29390|btmspkr_therm=29301|disp_therm=29324|north_therm=29613|soc_therm=32841|battery=29300|battery_cycle=5|dc-mains=33000|usbc-therm-adc=330|max77779fg=29300|LITTLE=35000|soc=1|smpl_gm=0|vdroop1=0|batoilo=0|batoilo2=0|batt_vs=29300|mdis_morepower=0|thb_hda=51|cp_on_chip_0=34000|cp_on_chip_1=36000|G3D=34000|cp_on_chip_2=36000|cp_on_chip_3=33000|cp_on_chip_4=34000|rf2_therm=31000|rf1_therm=32000|ISP=34000|TPU=34000|AUR=34000|rfpa_therm=30437|quiet_therm=31060|charging_therm=32707|,ok,39000,36000,0,36000,1,single,untouched,4096,1024,5,1024,5533,0,732707,0,4,4,ok
1,18,nvhe,4,578000,357000,36000,36000,BIG=36000|MID=35000|usb_pwr_therm=29390|btmspkr_therm=29301|disp_therm=29324|north_therm=29613|soc_therm=32841|battery=29300|battery_cycle=5|dc-mains=33000|usbc-therm-adc=330|max77779fg=29300|LITTLE=35000|soc=1|smpl_gm=0|vdroop1=0|batoilo=0|batoilo2=0|batt_vs=29300|mdis_morepower=0|thb_hda=51|cp_on_chip_0=34000|cp_on_chip_1=36000|G3D=34000|cp_on_chip_2=36000|cp_on_chip_3=33000|cp_on_chip_4=34000|rf2_therm=31000|rf1_therm=32000|ISP=33000|TPU=34000|AUR=34000|rfpa_therm=30437|quiet_therm=31060|charging_therm=32707|,BIG=36000|MID=36000|usb_pwr_therm=29390|btmspkr_therm=29301|disp_therm=29324|north_therm=29613|soc_therm=32841|battery=29300|battery_cycle=5|dc-mains=33000|usbc-therm-adc=330|max77779fg=29300|LITTLE=35000|soc=1|smpl_gm=0|vdroop1=0|batoilo=0|batoilo2=0|batt_vs=29300|mdis_morepower=0|thb_hda=51|cp_on_chip_0=34000|cp_on_chip_1=36000|G3D=34000|cp_on_chip_2=36000|cp_on_chip_3=33000|cp_on_chip_4=34000|rf2_therm=31000|rf1_therm=32000|ISP=34000|TPU=34000|AUR=34000|rfpa_therm=30437|quiet_therm=31060|charging_therm=32707|,ok,39000,36000,0,36000,1,single,untouched,4096,1024,6,1024,8016,0,585612,0,4,4,ok
1,18,nvhe,4,578000,357000,36000,36000,BIG=36000|MID=35000|usb_pwr_therm=29390|btmspkr_therm=29301|disp_therm=29324|north_therm=29613|soc_therm=32841|battery=29300|battery_cycle=5|dc-mains=33000|usbc-therm-adc=330|max77779fg=29300|LITTLE=35000|soc=1|smpl_gm=0|vdroop1=0|batoilo=0|batoilo2=0|batt_vs=29300|mdis_morepower=0|thb_hda=51|cp_on_chip_0=34000|cp_on_chip_1=36000|G3D=34000|cp_on_chip_2=36000|cp_on_chip_3=33000|cp_on_chip_4=34000|rf2_therm=31000|rf1_therm=32000|ISP=33000|TPU=34000|AUR=34000|rfpa_therm=30437|quiet_therm=31060|charging_therm=32707|,BIG=36000|MID=36000|usb_pwr_therm=29390|btmspkr_therm=29301|disp_therm=29324|north_therm=29613|soc_therm=32841|battery=29300|battery_cycle=5|dc-mains=33000|usbc-therm-adc=330|max77779fg=29300|LITTLE=35000|soc=1|smpl_gm=0|vdroop1=0|batoilo=0|batoilo2=0|batt_vs=29300|mdis_morepower=0|thb_hda=51|cp_on_chip_0=34000|cp_on_chip_1=36000|G3D=34000|cp_on_chip_2=36000|cp_on_chip_3=33000|cp_on_chip_4=34000|rf2_therm=31000|rf1_therm=32000|ISP=34000|TPU=34000|AUR=34000|rfpa_therm=30437|quiet_therm=31060|charging_therm=32707|,ok,39000,36000,0,36000,1,single,untouched,4096,1024,7,1024,4680,0,541992,0,4,4,ok
1,18,nvhe,4,578000,357000,36000,36000,BIG=36000|MID=35000|usb_pwr_therm=29390|btmspkr_therm=29301|disp_therm=29324|north_therm=29613|soc_therm=32841|battery=29300|battery_cycle=5|dc-mains=33000|usbc-therm-adc=330|max77779fg=29300|LITTLE=35000|soc=1|smpl_gm=0|vdroop1=0|batoilo=0|batoilo2=0|batt_vs=29300|mdis_morepower=0|thb_hda=51|cp_on_chip_0=34000|cp_on_chip_1=36000|G3D=34000|cp_on_chip_2=36000|cp_on_chip_3=33000|cp_on_chip_4=34000|rf2_therm=31000|rf1_therm=32000|ISP=33000|TPU=34000|AUR=34000|rfpa_therm=30437|quiet_therm=31060|charging_therm=32707|,BIG=36000|MID=36000|usb_pwr_therm=29390|btmspkr_therm=29301|disp_therm=29324|north_therm=29613|soc_therm=32841|battery=29300|battery_cycle=5|dc-mains=33000|usbc-therm-adc=330|max77779fg=29300|LITTLE=35000|soc=1|smpl_gm=0|vdroop1=0|batoilo=0|batoilo2=0|batt_vs=29300|mdis_morepower=0|thb_hda=51|cp_on_chip_0=34000|cp_on_chip_1=36000|G3D=34000|cp_on_chip_2=36000|cp_on_chip_3=33000|cp_on_chip_4=34000|rf2_therm=31000|rf1_therm=32000|ISP=34000|TPU=34000|AUR=34000|rfpa_therm=30437|quiet_therm=31060|charging_therm=32707|,ok,39000,36000,0,36000,1,single,untouched,4096,1024,8,1024,7365,0,533081,0,4,4,ok
1,18,nvhe,4,578000,357000,36000,36000,BIG=36000|MID=35000|usb_pwr_therm=29390|btmspkr_therm=29301|disp_therm=29324|north_therm=29613|soc_therm=32841|battery=29300|battery_cycle=5|dc-mains=33000|usbc-therm-adc=330|max77779fg=29300|LITTLE=35000|soc=1|smpl_gm=0|vdroop1=0|batoilo=0|batoilo2=0|batt_vs=29300|mdis_morepower=0|thb_hda=51|cp_on_chip_0=34000|cp_on_chip_1=36000|G3D=34000|cp_on_chip_2=36000|cp_on_chip_3=33000|cp_on_chip_4=34000|rf2_therm=31000|rf1_therm=32000|ISP=33000|TPU=34000|AUR=34000|rfpa_therm=30437|quiet_therm=31060|charging_therm=32707|,BIG=36000|MID=36000|usb_pwr_therm=29390|btmspkr_therm=29301|disp_therm=29324|north_therm=29613|soc_therm=32841|battery=29300|battery_cycle=5|dc-mains=33000|usbc-therm-adc=330|max77779fg=29300|LITTLE=35000|soc=1|smpl_gm=0|vdroop1=0|batoilo=0|batoilo2=0|batt_vs=29300|mdis_morepower=0|thb_hda=51|cp_on_chip_0=34000|cp_on_chip_1=36000|G3D=34000|cp_on_chip_2=36000|cp_on_chip_3=33000|cp_on_chip_4=34000|rf2_therm=31000|rf1_therm=32000|ISP=34000|TPU=34000|AUR=34000|rfpa_therm=30437|quiet_therm=31060|charging_therm=32707|,ok,39000,36000,0,36000,1,single,untouched,4096,1024,9,1024,4150,0,533000,0,4,4,ok
1,18,nvhe,4,578000,357000,36000,36000,BIG=36000|MID=35000|usb_pwr_therm=29390|btmspkr_therm=29301|disp_therm=29324|north_therm=29613|soc_therm=32841|battery=29300|battery_cycle=5|dc-mains=33000|usbc-therm-adc=330|max77779fg=29300|LITTLE=35000|soc=1|smpl_gm=0|vdroop1=0|batoilo=0|batoilo2=0|batt_vs=29300|mdis_morepower=0|thb_hda=51|cp_on_chip_0=34000|cp_on_chip_1=36000|G3D=34000|cp_on_chip_2=36000|cp_on_chip_3=33000|cp_on_chip_4=34000|rf2_therm=31000|rf1_therm=32000|ISP=33000|TPU=34000|AUR=34000|rfpa_therm=30437|quiet_therm=31060|charging_therm=32707|,BIG=36000|MID=36000|usb_pwr_therm=29390|btmspkr_therm=29301|disp_therm=29324|north_therm=29613|soc_therm=32841|battery=29300|battery_cycle=5|dc-mains=33000|usbc-therm-adc=330|max77779fg=29300|LITTLE=35000|soc=1|smpl_gm=0|vdroop1=0|batoilo=0|batoilo2=0|batt_vs=29300|mdis_morepower=0|thb_hda=51|cp_on_chip_0=34000|cp_on_chip_1=36000|G3D=34000|cp_on_chip_2=36000|cp_on_chip_3=33000|cp_on_chip_4=34000|rf2_therm=31000|rf1_therm=32000|ISP=34000|TPU=34000|AUR=34000|rfpa_therm=30437|quiet_therm=31060|charging_therm=32707|,ok,39000,36000,0,36000,1,single,untouched,4096,1024,10,1024,4029,0,532593,0,4,4,ok
1,18,nvhe,4,578000,357000,36000,36000,BIG=36000|MID=35000|usb_pwr_therm=29390|btmspkr_therm=29301|disp_therm=29324|north_therm=29613|soc_therm=32841|battery=29300|battery_cycle=5|dc-mains=33000|usbc-therm-adc=330|max77779fg=29300|LITTLE=35000|soc=1|smpl_gm=0|vdroop1=0|batoilo=0|batoilo2=0|batt_vs=29300|mdis_morepower=0|thb_hda=51|cp_on_chip_0=34000|cp_on_chip_1=36000|G3D=34000|cp_on_chip_2=36000|cp_on_chip_3=33000|cp_on_chip_4=34000|rf2_therm=31000|rf1_therm=32000|ISP=33000|TPU=34000|AUR=34000|rfpa_therm=30437|quiet_therm=31060|charging_therm=32707|,BIG=36000|MID=36000|usb_pwr_therm=29390|btmspkr_therm=29301|disp_therm=29324|north_therm=29613|soc_therm=32841|battery=29300|battery_cycle=5|dc-mains=33000|usbc-therm-adc=330|max77779fg=29300|LITTLE=35000|soc=1|smpl_gm=0|vdroop1=0|batoilo=0|batoilo2=0|batt_vs=29300|mdis_morepower=0|thb_hda=51|cp_on_chip_0=34000|cp_on_chip_1=36000|G3D=34000|cp_on_chip_2=36000|cp_on_chip_3=33000|cp_on_chip_4=34000|rf2_therm=31000|rf1_therm=32000|ISP=34000|TPU=34000|AUR=34000|rfpa_therm=30437|quiet_therm=31060|charging_therm=32707|,ok,39000,36000,0,36000,1,single,untouched,4096,1024,11,1024,5005,0,532348,0,4,4,ok
1,18,nvhe,4,578000,357000,36000,36000,BIG=36000|MID=35000|usb_pwr_therm=29390|btmspkr_therm=29301|disp_therm=29324|north_therm=29613|soc_therm=32841|battery=29300|battery_cycle=5|dc-mains=33000|usbc-therm-adc=330|max77779fg=29300|LITTLE=35000|soc=1|smpl_gm=0|vdroop1=0|batoilo=0|batoilo2=0|batt_vs=29300|mdis_morepower=0|thb_hda=51|cp_on_chip_0=34000|cp_on_chip_1=36000|G3D=34000|cp_on_chip_2=36000|cp_on_chip_3=33000|cp_on_chip_4=34000|rf2_therm=31000|rf1_therm=32000|ISP=33000|TPU=34000|AUR=34000|rfpa_therm=30437|quiet_therm=31060|charging_therm=32707|,BIG=36000|MID=36000|usb_pwr_therm=29390|btmspkr_therm=29301|disp_therm=29324|north_therm=29613|soc_therm=32841|battery=29300|battery_cycle=5|dc-mains=33000|usbc-therm-adc=330|max77779fg=29300|LITTLE=35000|soc=1|smpl_gm=0|vdroop1=0|batoilo=0|batoilo2=0|batt_vs=29300|mdis_morepower=0|thb_hda=51|cp_on_chip_0=34000|cp_on_chip_1=36000|G3D=34000|cp_on_chip_2=36000|cp_on_chip_3=33000|cp_on_chip_4=34000|rf2_therm=31000|rf1_therm=32000|ISP=34000|TPU=34000|AUR=34000|rfpa_therm=30437|quiet_therm=31060|charging_therm=32707|,ok,39000,36000,0,36000,1,single,untouched,4096,1024,12,1024,3581,0,533040,0,4,4,ok
1,18,nvhe,4,578000,357000,36000,36000,BIG=36000|MID=35000|usb_pwr_therm=29390|btmspkr_therm=29301|disp_therm=29324|north_therm=29613|soc_therm=32841|battery=29300|battery_cycle=5|dc-mains=33000|usbc-therm-adc=330|max77779fg=29300|LITTLE=35000|soc=1|smpl_gm=0|vdroop1=0|batoilo=0|batoilo2=0|batt_vs=29300|mdis_morepower=0|thb_hda=51|cp_on_chip_0=34000|cp_on_chip_1=36000|G3D=34000|cp_on_chip_2=36000|cp_on_chip_3=33000|cp_on_chip_4=34000|rf2_therm=31000|rf1_therm=32000|ISP=33000|TPU=34000|AUR=34000|rfpa_therm=30437|quiet_therm=31060|charging_therm=32707|,BIG=36000|MID=36000|usb_pwr_therm=29390|btmspkr_therm=29301|disp_therm=29324|north_therm=29613|soc_therm=32841|battery=29300|battery_cycle=5|dc-mains=33000|usbc-therm-adc=330|max77779fg=29300|LITTLE=35000|soc=1|smpl_gm=0|vdroop1=0|batoilo=0|batoilo2=0|batt_vs=29300|mdis_morepower=0|thb_hda=51|cp_on_chip_0=34000|cp_on_chip_1=36000|G3D=34000|cp_on_chip_2=36000|cp_on_chip_3=33000|cp_on_chip_4=34000|rf2_therm=31000|rf1_therm=32000|ISP=34000|TPU=34000|AUR=34000|rfpa_therm=30437|quiet_therm=31060|charging_therm=32707|,ok,39000,36000,0,36000,1,single,untouched,4096,1024,13,1024,4882,0,532349,0,4,4,ok
1,18,nvhe,4,578000,357000,36000,36000,BIG=36000|MID=35000|usb_pwr_therm=29390|btmspkr_therm=29301|disp_therm=29324|north_therm=29613|soc_therm=32841|battery=29300|battery_cycle=5|dc-mains=33000|usbc-therm-adc=330|max77779fg=29300|LITTLE=35000|soc=1|smpl_gm=0|vdroop1=0|batoilo=0|batoilo2=0|batt_vs=29300|mdis_morepower=0|thb_hda=51|cp_on_chip_0=34000|cp_on_chip_1=36000|G3D=34000|cp_on_chip_2=36000|cp_on_chip_3=33000|cp_on_chip_4=34000|rf2_therm=31000|rf1_therm=32000|ISP=33000|TPU=34000|AUR=34000|rfpa_therm=30437|quiet_therm=31060|charging_therm=32707|,BIG=36000|MID=36000|usb_pwr_therm=29390|btmspkr_therm=29301|disp_therm=29324|north_therm=29613|soc_therm=32841|battery=29300|battery_cycle=5|dc-mains=33000|usbc-therm-adc=330|max77779fg=29300|LITTLE=35000|soc=1|smpl_gm=0|vdroop1=0|batoilo=0|batoilo2=0|batt_vs=29300|mdis_morepower=0|thb_hda=51|cp_on_chip_0=34000|cp_on_chip_1=36000|G3D=34000|cp_on_chip_2=36000|cp_on_chip_3=33000|cp_on_chip_4=34000|rf2_therm=31000|rf1_therm=32000|ISP=34000|TPU=34000|AUR=34000|rfpa_therm=30437|quiet_therm=31060|charging_therm=32707|,ok,39000,36000,0,36000,1,single,untouched,4096,1024,14,1024,3296,0,543090,0,4,4,ok
1,18,nvhe,4,578000,357000,36000,36000,BIG=36000|MID=35000|usb_pwr_therm=29390|btmspkr_therm=29301|disp_therm=29324|north_therm=29613|soc_therm=32841|battery=29300|battery_cycle=5|dc-mains=33000|usbc-therm-adc=330|max77779fg=29300|LITTLE=35000|soc=1|smpl_gm=0|vdroop1=0|batoilo=0|batoilo2=0|batt_vs=29300|mdis_morepower=0|thb_hda=51|cp_on_chip_0=34000|cp_on_chip_1=36000|G3D=34000|cp_on_chip_2=36000|cp_on_chip_3=33000|cp_on_chip_4=34000|rf2_therm=31000|rf1_therm=32000|ISP=33000|TPU=34000|AUR=34000|rfpa_therm=30437|quiet_therm=31060|charging_therm=32707|,BIG=36000|MID=36000|usb_pwr_therm=29390|btmspkr_therm=29301|disp_therm=29324|north_therm=29613|soc_therm=32841|battery=29300|battery_cycle=5|dc-mains=33000|usbc-therm-adc=330|max77779fg=29300|LITTLE=35000|soc=1|smpl_gm=0|vdroop1=0|batoilo=0|batoilo2=0|batt_vs=29300|mdis_morepower=0|thb_hda=51|cp_on_chip_0=34000|cp_on_chip_1=36000|G3D=34000|cp_on_chip_2=36000|cp_on_chip_3=33000|cp_on_chip_4=34000|rf2_therm=31000|rf1_therm=32000|ISP=34000|TPU=34000|AUR=34000|rfpa_therm=30437|quiet_therm=31060|charging_therm=32707|,ok,39000,36000,0,36000,1,single,untouched,4096,1024,15,1024,5005,0,533366,0,4,4,ok
1,18,nvhe,4,578000,357000,36000,36000,BIG=36000|MID=35000|usb_pwr_therm=29390|btmspkr_therm=29301|disp_therm=29324|north_therm=29613|soc_therm=32841|battery=29300|battery_cycle=5|dc-mains=33000|usbc-therm-adc=330|max77779fg=29300|LITTLE=35000|soc=1|smpl_gm=0|vdroop1=0|batoilo=0|batoilo2=0|batt_vs=29300|mdis_morepower=0|thb_hda=51|cp_on_chip_0=34000|cp_on_chip_1=36000|G3D=34000|cp_on_chip_2=36000|cp_on_chip_3=33000|cp_on_chip_4=34000|rf2_therm=31000|rf1_therm=32000|ISP=33000|TPU=34000|AUR=34000|rfpa_therm=30437|quiet_therm=31060|charging_therm=32707|,BIG=36000|MID=36000|usb_pwr_therm=29390|btmspkr_therm=29301|disp_therm=29324|north_therm=29613|soc_therm=32841|battery=29300|battery_cycle=5|dc-mains=33000|usbc-therm-adc=330|max77779fg=29300|LITTLE=35000|soc=1|smpl_gm=0|vdroop1=0|batoilo=0|batoilo2=0|batt_vs=29300|mdis_morepower=0|thb_hda=51|cp_on_chip_0=34000|cp_on_chip_1=36000|G3D=34000|cp_on_chip_2=36000|cp_on_chip_3=33000|cp_on_chip_4=34000|rf2_therm=31000|rf1_therm=32000|ISP=34000|TPU=34000|AUR=34000|rfpa_therm=30437|quiet_therm=31060|charging_therm=32707|,ok,39000,36000,0,36000,1,single,untouched,4096,1024,16,1024,4598,0,532593,0,4,4,ok
1,18,nvhe,4,578000,357000,36000,36000,BIG=36000|MID=35000|usb_pwr_therm=29390|btmspkr_therm=29301|disp_therm=29324|north_therm=29613|soc_therm=32841|battery=29300|battery_cycle=5|dc-mains=33000|usbc-therm-adc=330|max77779fg=29300|LITTLE=35000|soc=1|smpl_gm=0|vdroop1=0|batoilo=0|batoilo2=0|batt_vs=29300|mdis_morepower=0|thb_hda=51|cp_on_chip_0=34000|cp_on_chip_1=36000|G3D=34000|cp_on_chip_2=36000|cp_on_chip_3=33000|cp_on_chip_4=34000|rf2_therm=31000|rf1_therm=32000|ISP=33000|TPU=34000|AUR=34000|rfpa_therm=30437|quiet_therm=31060|charging_therm=32707|,BIG=36000|MID=36000|usb_pwr_therm=29390|btmspkr_therm=29301|disp_therm=29324|north_therm=29613|soc_therm=32841|battery=29300|battery_cycle=5|dc-mains=33000|usbc-therm-adc=330|max77779fg=29300|LITTLE=35000|soc=1|smpl_gm=0|vdroop1=0|batoilo=0|batoilo2=0|batt_vs=29300|mdis_morepower=0|thb_hda=51|cp_on_chip_0=34000|cp_on_chip_1=36000|G3D=34000|cp_on_chip_2=36000|cp_on_chip_3=33000|cp_on_chip_4=34000|rf2_therm=31000|rf1_therm=32000|ISP=34000|TPU=34000|AUR=34000|rfpa_therm=30437|quiet_therm=31060|charging_therm=32707|,ok,39000,36000,0,36000,1,single,untouched,4096,1024,17,1024,4516,0,533406,0,4,4,ok
1,18,nvhe,4,578000,357000,36000,36000,BIG=36000|MID=35000|usb_pwr_therm=29390|btmspkr_therm=29301|disp_therm=29324|north_therm=29613|soc_therm=32841|battery=29300|battery_cycle=5|dc-mains=33000|usbc-therm-adc=330|max77779fg=29300|LITTLE=35000|soc=1|smpl_gm=0|vdroop1=0|batoilo=0|batoilo2=0|batt_vs=29300|mdis_morepower=0|thb_hda=51|cp_on_chip_0=34000|cp_on_chip_1=36000|G3D=34000|cp_on_chip_2=36000|cp_on_chip_3=33000|cp_on_chip_4=34000|rf2_therm=31000|rf1_therm=32000|ISP=33000|TPU=34000|AUR=34000|rfpa_therm=30437|quiet_therm=31060|charging_therm=32707|,BIG=36000|MID=36000|usb_pwr_therm=29390|btmspkr_therm=29301|disp_therm=29324|north_therm=29613|soc_therm=32841|battery=29300|battery_cycle=5|dc-mains=33000|usbc-therm-adc=330|max77779fg=29300|LITTLE=35000|soc=1|smpl_gm=0|vdroop1=0|batoilo=0|batoilo2=0|batt_vs=29300|mdis_morepower=0|thb_hda=51|cp_on_chip_0=34000|cp_on_chip_1=36000|G3D=34000|cp_on_chip_2=36000|cp_on_chip_3=33000|cp_on_chip_4=34000|rf2_therm=31000|rf1_therm=32000|ISP=34000|TPU=34000|AUR=34000|rfpa_therm=30437|quiet_therm=31060|charging_therm=32707|,ok,39000,36000,0,36000,1,single,untouched,4096,1024,18,1024,4029,0,532918,0,4,4,ok
1,18,nvhe,4,578000,357000,36000,36000,BIG=36000|MID=35000|usb_pwr_therm=29390|btmspkr_therm=29301|disp_therm=29324|north_therm=29613|soc_therm=32841|battery=29300|battery_cycle=5|dc-mains=33000|usbc-therm-adc=330|max77779fg=29300|LITTLE=35000|soc=1|smpl_gm=0|vdroop1=0|batoilo=0|batoilo2=0|batt_vs=29300|mdis_morepower=0|thb_hda=51|cp_on_chip_0=34000|cp_on_chip_1=36000|G3D=34000|cp_on_chip_2=36000|cp_on_chip_3=33000|cp_on_chip_4=34000|rf2_therm=31000|rf1_therm=32000|ISP=33000|TPU=34000|AUR=34000|rfpa_therm=30437|quiet_therm=31060|charging_therm=32707|,BIG=36000|MID=36000|usb_pwr_therm=29390|btmspkr_therm=29301|disp_therm=29324|north_therm=29613|soc_therm=32841|battery=29300|battery_cycle=5|dc-mains=33000|usbc-therm-adc=330|max77779fg=29300|LITTLE=35000|soc=1|smpl_gm=0|vdroop1=0|batoilo=0|batoilo2=0|batt_vs=29300|mdis_morepower=0|thb_hda=51|cp_on_chip_0=34000|cp_on_chip_1=36000|G3D=34000|cp_on_chip_2=36000|cp_on_chip_3=33000|cp_on_chip_4=34000|rf2_therm=31000|rf1_therm=32000|ISP=34000|TPU=34000|AUR=34000|rfpa_therm=30437|quiet_therm=31060|charging_therm=32707|,ok,39000,36000,0,36000,1,single,untouched,4096,1024,19,1024,4231,0,532023,0,4,4,ok
1,18,nvhe,4,578000,357000,36000,36000,BIG=36000|MID=35000|usb_pwr_therm=29390|btmspkr_therm=29301|disp_therm=29324|north_therm=29613|soc_therm=32841|battery=29300|battery_cycle=5|dc-mains=33000|usbc-therm-adc=330|max77779fg=29300|LITTLE=35000|soc=1|smpl_gm=0|vdroop1=0|batoilo=0|batoilo2=0|batt_vs=29300|mdis_morepower=0|thb_hda=51|cp_on_chip_0=34000|cp_on_chip_1=36000|G3D=34000|cp_on_chip_2=36000|cp_on_chip_3=33000|cp_on_chip_4=34000|rf2_therm=31000|rf1_therm=32000|ISP=33000|TPU=34000|AUR=34000|rfpa_therm=30437|quiet_therm=31060|charging_therm=32707|,BIG=36000|MID=36000|usb_pwr_therm=29390|btmspkr_therm=29301|disp_therm=29324|north_therm=29613|soc_therm=32841|battery=29300|battery_cycle=5|dc-mains=33000|usbc-therm-adc=330|max77779fg=29300|LITTLE=35000|soc=1|smpl_gm=0|vdroop1=0|batoilo=0|batoilo2=0|batt_vs=29300|mdis_morepower=0|thb_hda=51|cp_on_chip_0=34000|cp_on_chip_1=36000|G3D=34000|cp_on_chip_2=36000|cp_on_chip_3=33000|cp_on_chip_4=34000|rf2_therm=31000|rf1_therm=32000|ISP=34000|TPU=34000|AUR=34000|rfpa_therm=30437|quiet_therm=31060|charging_therm=32707|,ok,39000,36000,0,36000,1,single,untouched,4096,1024,20,1024,3662,0,532755,0,4,4,ok
1,18,nvhe,4,578000,357000,36000,36000,BIG=36000|MID=35000|usb_pwr_therm=29390|btmspkr_therm=29301|disp_therm=29324|north_therm=29613|soc_therm=32841|battery=29300|battery_cycle=5|dc-mains=33000|usbc-therm-adc=330|max77779fg=29300|LITTLE=35000|soc=1|smpl_gm=0|vdroop1=0|batoilo=0|batoilo2=0|batt_vs=29300|mdis_morepower=0|thb_hda=51|cp_on_chip_0=34000|cp_on_chip_1=36000|G3D=34000|cp_on_chip_2=36000|cp_on_chip_3=33000|cp_on_chip_4=34000|rf2_therm=31000|rf1_therm=32000|ISP=33000|TPU=34000|AUR=34000|rfpa_therm=30437|quiet_therm=31060|charging_therm=32707|,BIG=36000|MID=36000|usb_pwr_therm=29390|btmspkr_therm=29301|disp_therm=29324|north_therm=29613|soc_therm=32841|battery=29300|battery_cycle=5|dc-mains=33000|usbc-therm-adc=330|max77779fg=29300|LITTLE=35000|soc=1|smpl_gm=0|vdroop1=0|batoilo=0|batoilo2=0|batt_vs=29300|mdis_morepower=0|thb_hda=51|cp_on_chip_0=34000|cp_on_chip_1=36000|G3D=34000|cp_on_chip_2=36000|cp_on_chip_3=33000|cp_on_chip_4=34000|rf2_therm=31000|rf1_therm=32000|ISP=34000|TPU=34000|AUR=34000|rfpa_therm=30437|quiet_therm=31060|charging_therm=32707|,ok,39000,36000,0,36000,1,single,untouched,4096,1024,21,1024,4557,0,570964,0,4,4,ok
1,18,nvhe,4,578000,357000,36000,36000,BIG=36000|MID=35000|usb_pwr_therm=29390|btmspkr_therm=29301|disp_therm=29324|north_therm=29613|soc_therm=32841|battery=29300|battery_cycle=5|dc-mains=33000|usbc-therm-adc=330|max77779fg=29300|LITTLE=35000|soc=1|smpl_gm=0|vdroop1=0|batoilo=0|batoilo2=0|batt_vs=29300|mdis_morepower=0|thb_hda=51|cp_on_chip_0=34000|cp_on_chip_1=36000|G3D=34000|cp_on_chip_2=36000|cp_on_chip_3=33000|cp_on_chip_4=34000|rf2_therm=31000|rf1_therm=32000|ISP=33000|TPU=34000|AUR=34000|rfpa_therm=30437|quiet_therm=31060|charging_therm=32707|,BIG=36000|MID=36000|usb_pwr_therm=29390|btmspkr_therm=29301|disp_therm=29324|north_therm=29613|soc_therm=32841|battery=29300|battery_cycle=5|dc-mains=33000|usbc-therm-adc=330|max77779fg=29300|LITTLE=35000|soc=1|smpl_gm=0|vdroop1=0|batoilo=0|batoilo2=0|batt_vs=29300|mdis_morepower=0|thb_hda=51|cp_on_chip_0=34000|cp_on_chip_1=36000|G3D=34000|cp_on_chip_2=36000|cp_on_chip_3=33000|cp_on_chip_4=34000|rf2_therm=31000|rf1_therm=32000|ISP=34000|TPU=34000|AUR=34000|rfpa_therm=30437|quiet_therm=31060|charging_therm=32707|,ok,39000,36000,0,36000,1,single,untouched,4096,1024,22,1024,4801,0,534342,0,4,4,ok
1,18,nvhe,4,578000,357000,36000,36000,BIG=36000|MID=35000|usb_pwr_therm=29390|btmspkr_therm=29301|disp_therm=29324|north_therm=29613|soc_therm=32841|battery=29300|battery_cycle=5|dc-mains=33000|usbc-therm-adc=330|max77779fg=29300|LITTLE=35000|soc=1|smpl_gm=0|vdroop1=0|batoilo=0|batoilo2=0|batt_vs=29300|mdis_morepower=0|thb_hda=51|cp_on_chip_0=34000|cp_on_chip_1=36000|G3D=34000|cp_on_chip_2=36000|cp_on_chip_3=33000|cp_on_chip_4=34000|rf2_therm=31000|rf1_therm=32000|ISP=33000|TPU=34000|AUR=34000|rfpa_therm=30437|quiet_therm=31060|charging_therm=32707|,BIG=36000|MID=36000|usb_pwr_therm=29390|btmspkr_therm=29301|disp_therm=29324|north_therm=29613|soc_therm=32841|battery=29300|battery_cycle=5|dc-mains=33000|usbc-therm-adc=330|max77779fg=29300|LITTLE=35000|soc=1|smpl_gm=0|vdroop1=0|batoilo=0|batoilo2=0|batt_vs=29300|mdis_morepower=0|thb_hda=51|cp_on_chip_0=34000|cp_on_chip_1=36000|G3D=34000|cp_on_chip_2=36000|cp_on_chip_3=33000|cp_on_chip_4=34000|rf2_therm=31000|rf1_therm=32000|ISP=34000|TPU=34000|AUR=34000|rfpa_therm=30437|quiet_therm=31060|charging_therm=32707|,ok,39000,36000,0,36000,1,single,untouched,4096,1024,23,1024,5208,0,532471,0,4,4,ok
1,18,nvhe,4,578000,357000,36000,36000,BIG=36000|MID=35000|usb_pwr_therm=29390|btmspkr_therm=29301|disp_therm=29324|north_therm=29613|soc_therm=32841|battery=29300|battery_cycle=5|dc-mains=33000|usbc-therm-adc=330|max77779fg=29300|LITTLE=35000|soc=1|smpl_gm=0|vdroop1=0|batoilo=0|batoilo2=0|batt_vs=29300|mdis_morepower=0|thb_hda=51|cp_on_chip_0=34000|cp_on_chip_1=36000|G3D=34000|cp_on_chip_2=36000|cp_on_chip_3=33000|cp_on_chip_4=34000|rf2_therm=31000|rf1_therm=32000|ISP=33000|TPU=34000|AUR=34000|rfpa_therm=30437|quiet_therm=31060|charging_therm=32707|,BIG=36000|MID=36000|usb_pwr_therm=29390|btmspkr_therm=29301|disp_therm=29324|north_therm=29613|soc_therm=32841|battery=29300|battery_cycle=5|dc-mains=33000|usbc-therm-adc=330|max77779fg=29300|LITTLE=35000|soc=1|smpl_gm=0|vdroop1=0|batoilo=0|batoilo2=0|batt_vs=29300|mdis_morepower=0|thb_hda=51|cp_on_chip_0=34000|cp_on_chip_1=36000|G3D=34000|cp_on_chip_2=36000|cp_on_chip_3=33000|cp_on_chip_4=34000|rf2_therm=31000|rf1_therm=32000|ISP=34000|TPU=34000|AUR=34000|rfpa_therm=30437|quiet_therm=31060|charging_therm=32707|,ok,39000,36000,0,36000,1,single,untouched,4096,1024,24,1024,4110,0,533040,0,4,4,ok
1,18,nvhe,4,578000,357000,36000,36000,BIG=36000|MID=35000|usb_pwr_therm=29390|btmspkr_therm=29301|disp_therm=29324|north_therm=29613|soc_therm=32841|battery=29300|battery_cycle=5|dc-mains=33000|usbc-therm-adc=330|max77779fg=29300|LITTLE=35000|soc=1|smpl_gm=0|vdroop1=0|batoilo=0|batoilo2=0|batt_vs=29300|mdis_morepower=0|thb_hda=51|cp_on_chip_0=34000|cp_on_chip_1=36000|G3D=34000|cp_on_chip_2=36000|cp_on_chip_3=33000|cp_on_chip_4=34000|rf2_therm=31000|rf1_therm=32000|ISP=33000|TPU=34000|AUR=34000|rfpa_therm=30437|quiet_therm=31060|charging_therm=32707|,BIG=36000|MID=36000|usb_pwr_therm=29390|btmspkr_therm=29301|disp_therm=29324|north_therm=29613|soc_therm=32841|battery=29300|battery_cycle=5|dc-mains=33000|usbc-therm-adc=330|max77779fg=29300|LITTLE=35000|soc=1|smpl_gm=0|vdroop1=0|batoilo=0|batoilo2=0|batt_vs=29300|mdis_morepower=0|thb_hda=51|cp_on_chip_0=34000|cp_on_chip_1=36000|G3D=34000|cp_on_chip_2=36000|cp_on_chip_3=33000|cp_on_chip_4=34000|rf2_therm=31000|rf1_therm=32000|ISP=34000|TPU=34000|AUR=34000|rfpa_therm=30437|quiet_therm=31060|charging_therm=32707|,ok,39000,36000,0,36000,1,single,untouched,4096,1024,25,1024,4883,0,532470,0,4,4,ok
1,18,nvhe,4,578000,357000,36000,36000,BIG=36000|MID=35000|usb_pwr_therm=29390|btmspkr_therm=29301|disp_therm=29324|north_therm=29613|soc_therm=32841|battery=29300|battery_cycle=5|dc-mains=33000|usbc-therm-adc=330|max77779fg=29300|LITTLE=35000|soc=1|smpl_gm=0|vdroop1=0|batoilo=0|batoilo2=0|batt_vs=29300|mdis_morepower=0|thb_hda=51|cp_on_chip_0=34000|cp_on_chip_1=36000|G3D=34000|cp_on_chip_2=36000|cp_on_chip_3=33000|cp_on_chip_4=34000|rf2_therm=31000|rf1_therm=32000|ISP=33000|TPU=34000|AUR=34000|rfpa_therm=30437|quiet_therm=31060|charging_therm=32707|,BIG=36000|MID=36000|usb_pwr_therm=29390|btmspkr_therm=29301|disp_therm=29324|north_therm=29613|soc_therm=32841|battery=29300|battery_cycle=5|dc-mains=33000|usbc-therm-adc=330|max77779fg=29300|LITTLE=35000|soc=1|smpl_gm=0|vdroop1=0|batoilo=0|batoilo2=0|batt_vs=29300|mdis_morepower=0|thb_hda=51|cp_on_chip_0=34000|cp_on_chip_1=36000|G3D=34000|cp_on_chip_2=36000|cp_on_chip_3=33000|cp_on_chip_4=34000|rf2_therm=31000|rf1_therm=32000|ISP=34000|TPU=34000|AUR=34000|rfpa_therm=30437|quiet_therm=31060|charging_therm=32707|,ok,39000,36000,0,36000,1,single,untouched,4096,1024,26,1024,3702,0,533244,0,4,4,ok
1,18,nvhe,4,578000,357000,36000,36000,BIG=36000|MID=35000|usb_pwr_therm=29390|btmspkr_therm=29301|disp_therm=29324|north_therm=29613|soc_therm=32841|battery=29300|battery_cycle=5|dc-mains=33000|usbc-therm-adc=330|max77779fg=29300|LITTLE=35000|soc=1|smpl_gm=0|vdroop1=0|batoilo=0|batoilo2=0|batt_vs=29300|mdis_morepower=0|thb_hda=51|cp_on_chip_0=34000|cp_on_chip_1=36000|G3D=34000|cp_on_chip_2=36000|cp_on_chip_3=33000|cp_on_chip_4=34000|rf2_therm=31000|rf1_therm=32000|ISP=33000|TPU=34000|AUR=34000|rfpa_therm=30437|quiet_therm=31060|charging_therm=32707|,BIG=36000|MID=36000|usb_pwr_therm=29390|btmspkr_therm=29301|disp_therm=29324|north_therm=29613|soc_therm=32841|battery=29300|battery_cycle=5|dc-mains=33000|usbc-therm-adc=330|max77779fg=29300|LITTLE=35000|soc=1|smpl_gm=0|vdroop1=0|batoilo=0|batoilo2=0|batt_vs=29300|mdis_morepower=0|thb_hda=51|cp_on_chip_0=34000|cp_on_chip_1=36000|G3D=34000|cp_on_chip_2=36000|cp_on_chip_3=33000|cp_on_chip_4=34000|rf2_therm=31000|rf1_therm=32000|ISP=34000|TPU=34000|AUR=34000|rfpa_therm=30437|quiet_therm=31060|charging_therm=32707|,ok,39000,36000,0,36000,1,single,untouched,4096,1024,27,1024,4801,0,533325,0,4,4,ok
1,18,nvhe,4,578000,357000,36000,36000,BIG=36000|MID=35000|usb_pwr_therm=29390|btmspkr_therm=29301|disp_therm=29324|north_therm=29613|soc_therm=32841|battery=29300|battery_cycle=5|dc-mains=33000|usbc-therm-adc=330|max77779fg=29300|LITTLE=35000|soc=1|smpl_gm=0|vdroop1=0|batoilo=0|batoilo2=0|batt_vs=29300|mdis_morepower=0|thb_hda=51|cp_on_chip_0=34000|cp_on_chip_1=36000|G3D=34000|cp_on_chip_2=36000|cp_on_chip_3=33000|cp_on_chip_4=34000|rf2_therm=31000|rf1_therm=32000|ISP=33000|TPU=34000|AUR=34000|rfpa_therm=30437|quiet_therm=31060|charging_therm=32707|,BIG=36000|MID=36000|usb_pwr_therm=29390|btmspkr_therm=29301|disp_therm=29324|north_therm=29613|soc_therm=32841|battery=29300|battery_cycle=5|dc-mains=33000|usbc-therm-adc=330|max77779fg=29300|LITTLE=35000|soc=1|smpl_gm=0|vdroop1=0|batoilo=0|batoilo2=0|batt_vs=29300|mdis_morepower=0|thb_hda=51|cp_on_chip_0=34000|cp_on_chip_1=36000|G3D=34000|cp_on_chip_2=36000|cp_on_chip_3=33000|cp_on_chip_4=34000|rf2_therm=31000|rf1_therm=32000|ISP=34000|TPU=34000|AUR=34000|rfpa_therm=30437|quiet_therm=31060|charging_therm=32707|,ok,39000,36000,0,36000,1,single,untouched,4096,1024,28,1024,4151,0,531616,0,4,4,ok
1,18,nvhe,4,578000,357000,36000,36000,BIG=36000|MID=35000|usb_pwr_therm=29390|btmspkr_therm=29301|disp_therm=29324|north_therm=29613|soc_therm=32841|battery=29300|battery_cycle=5|dc-mains=33000|usbc-therm-adc=330|max77779fg=29300|LITTLE=35000|soc=1|smpl_gm=0|vdroop1=0|batoilo=0|batoilo2=0|batt_vs=29300|mdis_morepower=0|thb_hda=51|cp_on_chip_0=34000|cp_on_chip_1=36000|G3D=34000|cp_on_chip_2=36000|cp_on_chip_3=33000|cp_on_chip_4=34000|rf2_therm=31000|rf1_therm=32000|ISP=33000|TPU=34000|AUR=34000|rfpa_therm=30437|quiet_therm=31060|charging_therm=32707|,BIG=36000|MID=36000|usb_pwr_therm=29390|btmspkr_therm=29301|disp_therm=29324|north_therm=29613|soc_therm=32841|battery=29300|battery_cycle=5|dc-mains=33000|usbc-therm-adc=330|max77779fg=29300|LITTLE=35000|soc=1|smpl_gm=0|vdroop1=0|batoilo=0|batoilo2=0|batt_vs=29300|mdis_morepower=0|thb_hda=51|cp_on_chip_0=34000|cp_on_chip_1=36000|G3D=34000|cp_on_chip_2=36000|cp_on_chip_3=33000|cp_on_chip_4=34000|rf2_therm=31000|rf1_therm=32000|ISP=34000|TPU=34000|AUR=34000|rfpa_therm=30437|quiet_therm=31060|charging_therm=32707|,ok,39000,36000,0,36000,1,single,untouched,4096,1024,29,1024,4923,0,491455,0,4,4,ok
1,19,nvhe,4,2130000,1795000,36000,36000,BIG=35000|MID=35000|usb_pwr_therm=29368|btmspkr_therm=29301|disp_therm=29301|north_therm=29613|soc_therm=32863|battery=29300|battery_cycle=5|dc-mains=33000|usbc-therm-adc=330|max77779fg=29300|LITTLE=35000|soc=1|smpl_gm=0|vdroop1=0|batoilo=0|batoilo2=0|batt_vs=29300|mdis_morepower=0|thb_hda=51|cp_on_chip_0=34000|cp_on_chip_1=36000|G3D=34000|cp_on_chip_2=36000|cp_on_chip_3=33000|cp_on_chip_4=34000|rf2_therm=31000|rf1_therm=32000|ISP=33000|TPU=34000|AUR=34000|rfpa_therm=30459|quiet_therm=31060|charging_therm=32729|,BIG=35000|MID=36000|usb_pwr_therm=29346|btmspkr_therm=29301|disp_therm=29279|north_therm=29613|soc_therm=32885|battery=29300|battery_cycle=5|dc-mains=33000|usbc-therm-adc=330|max77779fg=29300|LITTLE=35000|soc=1|smpl_gm=0|vdroop1=0|batoilo=0|batoilo2=0|batt_vs=29300|mdis_morepower=0|thb_hda=51|cp_on_chip_0=34000|cp_on_chip_1=36000|G3D=34000|cp_on_chip_2=36000|cp_on_chip_3=33000|cp_on_chip_4=34000|rf2_therm=31000|rf1_therm=32000|ISP=33000|TPU=34000|AUR=34000|rfpa_therm=30481|quiet_therm=31060|charging_therm=32729|,ok,39000,37000,0,37000,1,single,touched,4096,256,0,256,540609,256,484741,0,4,4,ok
1,19,nvhe,4,2130000,1795000,36000,36000,BIG=35000|MID=35000|usb_pwr_therm=29368|btmspkr_therm=29301|disp_therm=29301|north_therm=29613|soc_therm=32863|battery=29300|battery_cycle=5|dc-mains=33000|usbc-therm-adc=330|max77779fg=29300|LITTLE=35000|soc=1|smpl_gm=0|vdroop1=0|batoilo=0|batoilo2=0|batt_vs=29300|mdis_morepower=0|thb_hda=51|cp_on_chip_0=34000|cp_on_chip_1=36000|G3D=34000|cp_on_chip_2=36000|cp_on_chip_3=33000|cp_on_chip_4=34000|rf2_therm=31000|rf1_therm=32000|ISP=33000|TPU=34000|AUR=34000|rfpa_therm=30459|quiet_therm=31060|charging_therm=32729|,BIG=35000|MID=36000|usb_pwr_therm=29346|btmspkr_therm=29301|disp_therm=29279|north_therm=29613|soc_therm=32885|battery=29300|battery_cycle=5|dc-mains=33000|usbc-therm-adc=330|max77779fg=29300|LITTLE=35000|soc=1|smpl_gm=0|vdroop1=0|batoilo=0|batoilo2=0|batt_vs=29300|mdis_morepower=0|thb_hda=51|cp_on_chip_0=34000|cp_on_chip_1=36000|G3D=34000|cp_on_chip_2=36000|cp_on_chip_3=33000|cp_on_chip_4=34000|rf2_therm=31000|rf1_therm=32000|ISP=33000|TPU=34000|AUR=34000|rfpa_therm=30481|quiet_therm=31060|charging_therm=32729|,ok,39000,37000,0,37000,1,single,touched,4096,256,1,256,281820,256,255615,0,4,4,ok
1,19,nvhe,4,2130000,1795000,36000,36000,BIG=35000|MID=35000|usb_pwr_therm=29368|btmspkr_therm=29301|disp_therm=29301|north_therm=29613|soc_therm=32863|battery=29300|battery_cycle=5|dc-mains=33000|usbc-therm-adc=330|max77779fg=29300|LITTLE=35000|soc=1|smpl_gm=0|vdroop1=0|batoilo=0|batoilo2=0|batt_vs=29300|mdis_morepower=0|thb_hda=51|cp_on_chip_0=34000|cp_on_chip_1=36000|G3D=34000|cp_on_chip_2=36000|cp_on_chip_3=33000|cp_on_chip_4=34000|rf2_therm=31000|rf1_therm=32000|ISP=33000|TPU=34000|AUR=34000|rfpa_therm=30459|quiet_therm=31060|charging_therm=32729|,BIG=35000|MID=36000|usb_pwr_therm=29346|btmspkr_therm=29301|disp_therm=29279|north_therm=29613|soc_therm=32885|battery=29300|battery_cycle=5|dc-mains=33000|usbc-therm-adc=330|max77779fg=29300|LITTLE=35000|soc=1|smpl_gm=0|vdroop1=0|batoilo=0|batoilo2=0|batt_vs=29300|mdis_morepower=0|thb_hda=51|cp_on_chip_0=34000|cp_on_chip_1=36000|G3D=34000|cp_on_chip_2=36000|cp_on_chip_3=33000|cp_on_chip_4=34000|rf2_therm=31000|rf1_therm=32000|ISP=33000|TPU=34000|AUR=34000|rfpa_therm=30481|quiet_therm=31060|charging_therm=32729|,ok,39000,37000,0,37000,1,single,touched,4096,256,2,256,265625,256,254679,0,4,4,ok
1,19,nvhe,4,2130000,1795000,36000,36000,BIG=35000|MID=35000|usb_pwr_therm=29368|btmspkr_therm=29301|disp_therm=29301|north_therm=29613|soc_therm=32863|battery=29300|battery_cycle=5|dc-mains=33000|usbc-therm-adc=330|max77779fg=29300|LITTLE=35000|soc=1|smpl_gm=0|vdroop1=0|batoilo=0|batoilo2=0|batt_vs=29300|mdis_morepower=0|thb_hda=51|cp_on_chip_0=34000|cp_on_chip_1=36000|G3D=34000|cp_on_chip_2=36000|cp_on_chip_3=33000|cp_on_chip_4=34000|rf2_therm=31000|rf1_therm=32000|ISP=33000|TPU=34000|AUR=34000|rfpa_therm=30459|quiet_therm=31060|charging_therm=32729|,BIG=35000|MID=36000|usb_pwr_therm=29346|btmspkr_therm=29301|disp_therm=29279|north_therm=29613|soc_therm=32885|battery=29300|battery_cycle=5|dc-mains=33000|usbc-therm-adc=330|max77779fg=29300|LITTLE=35000|soc=1|smpl_gm=0|vdroop1=0|batoilo=0|batoilo2=0|batt_vs=29300|mdis_morepower=0|thb_hda=51|cp_on_chip_0=34000|cp_on_chip_1=36000|G3D=34000|cp_on_chip_2=36000|cp_on_chip_3=33000|cp_on_chip_4=34000|rf2_therm=31000|rf1_therm=32000|ISP=33000|TPU=34000|AUR=34000|rfpa_therm=30481|quiet_therm=31060|charging_therm=32729|,ok,39000,37000,0,37000,1,single,touched,4096,256,3,256,276896,256,262899,0,4,4,ok
1,19,nvhe,4,2130000,1795000,36000,36000,BIG=35000|MID=35000|usb_pwr_therm=29368|btmspkr_therm=29301|disp_therm=29301|north_therm=29613|soc_therm=32863|battery=29300|battery_cycle=5|dc-mains=33000|usbc-therm-adc=330|max77779fg=29300|LITTLE=35000|soc=1|smpl_gm=0|vdroop1=0|batoilo=0|batoilo2=0|batt_vs=29300|mdis_morepower=0|thb_hda=51|cp_on_chip_0=34000|cp_on_chip_1=36000|G3D=34000|cp_on_chip_2=36000|cp_on_chip_3=33000|cp_on_chip_4=34000|rf2_therm=31000|rf1_therm=32000|ISP=33000|TPU=34000|AUR=34000|rfpa_therm=30459|quiet_therm=31060|charging_therm=32729|,BIG=35000|MID=36000|usb_pwr_therm=29346|btmspkr_therm=29301|disp_therm=29279|north_therm=29613|soc_therm=32885|battery=29300|battery_cycle=5|dc-mains=33000|usbc-therm-adc=330|max77779fg=29300|LITTLE=35000|soc=1|smpl_gm=0|vdroop1=0|batoilo=0|batoilo2=0|batt_vs=29300|mdis_morepower=0|thb_hda=51|cp_on_chip_0=34000|cp_on_chip_1=36000|G3D=34000|cp_on_chip_2=36000|cp_on_chip_3=33000|cp_on_chip_4=34000|rf2_therm=31000|rf1_therm=32000|ISP=33000|TPU=34000|AUR=34000|rfpa_therm=30481|quiet_therm=31060|charging_therm=32729|,ok,39000,37000,0,37000,1,single,touched,4096,256,4,256,280436,256,262329,0,4,4,ok
1,19,nvhe,4,2130000,1795000,36000,36000,BIG=35000|MID=35000|usb_pwr_therm=29368|btmspkr_therm=29301|disp_therm=29301|north_therm=29613|soc_therm=32863|battery=29300|battery_cycle=5|dc-mains=33000|usbc-therm-adc=330|max77779fg=29300|LITTLE=35000|soc=1|smpl_gm=0|vdroop1=0|batoilo=0|batoilo2=0|batt_vs=29300|mdis_morepower=0|thb_hda=51|cp_on_chip_0=34000|cp_on_chip_1=36000|G3D=34000|cp_on_chip_2=36000|cp_on_chip_3=33000|cp_on_chip_4=34000|rf2_therm=31000|rf1_therm=32000|ISP=33000|TPU=34000|AUR=34000|rfpa_therm=30459|quiet_therm=31060|charging_therm=32729|,BIG=35000|MID=36000|usb_pwr_therm=29346|btmspkr_therm=29301|disp_therm=29279|north_therm=29613|soc_therm=32885|battery=29300|battery_cycle=5|dc-mains=33000|usbc-therm-adc=330|max77779fg=29300|LITTLE=35000|soc=1|smpl_gm=0|vdroop1=0|batoilo=0|batoilo2=0|batt_vs=29300|mdis_morepower=0|thb_hda=51|cp_on_chip_0=34000|cp_on_chip_1=36000|G3D=34000|cp_on_chip_2=36000|cp_on_chip_3=33000|cp_on_chip_4=34000|rf2_therm=31000|rf1_therm=32000|ISP=33000|TPU=34000|AUR=34000|rfpa_therm=30481|quiet_therm=31060|charging_therm=32729|,ok,39000,37000,0,37000,1,single,touched,4096,256,5,256,304891,256,262655,0,4,4,ok
1,19,nvhe,4,2130000,1795000,36000,36000,BIG=35000|MID=35000|usb_pwr_therm=29368|btmspkr_therm=29301|disp_therm=29301|north_therm=29613|soc_therm=32863|battery=29300|battery_cycle=5|dc-mains=33000|usbc-therm-adc=330|max77779fg=29300|LITTLE=35000|soc=1|smpl_gm=0|vdroop1=0|batoilo=0|batoilo2=0|batt_vs=29300|mdis_morepower=0|thb_hda=51|cp_on_chip_0=34000|cp_on_chip_1=36000|G3D=34000|cp_on_chip_2=36000|cp_on_chip_3=33000|cp_on_chip_4=34000|rf2_therm=31000|rf1_therm=32000|ISP=33000|TPU=34000|AUR=34000|rfpa_therm=30459|quiet_therm=31060|charging_therm=32729|,BIG=35000|MID=36000|usb_pwr_therm=29346|btmspkr_therm=29301|disp_therm=29279|north_therm=29613|soc_therm=32885|battery=29300|battery_cycle=5|dc-mains=33000|usbc-therm-adc=330|max77779fg=29300|LITTLE=35000|soc=1|smpl_gm=0|vdroop1=0|batoilo=0|batoilo2=0|batt_vs=29300|mdis_morepower=0|thb_hda=51|cp_on_chip_0=34000|cp_on_chip_1=36000|G3D=34000|cp_on_chip_2=36000|cp_on_chip_3=33000|cp_on_chip_4=34000|rf2_therm=31000|rf1_therm=32000|ISP=33000|TPU=34000|AUR=34000|rfpa_therm=30481|quiet_therm=31060|charging_therm=32729|,ok,39000,37000,0,37000,1,single,touched,4096,256,6,256,283000,256,262492,0,4,4,ok
1,19,nvhe,4,2130000,1795000,36000,36000,BIG=35000|MID=35000|usb_pwr_therm=29368|btmspkr_therm=29301|disp_therm=29301|north_therm=29613|soc_therm=32863|battery=29300|battery_cycle=5|dc-mains=33000|usbc-therm-adc=330|max77779fg=29300|LITTLE=35000|soc=1|smpl_gm=0|vdroop1=0|batoilo=0|batoilo2=0|batt_vs=29300|mdis_morepower=0|thb_hda=51|cp_on_chip_0=34000|cp_on_chip_1=36000|G3D=34000|cp_on_chip_2=36000|cp_on_chip_3=33000|cp_on_chip_4=34000|rf2_therm=31000|rf1_therm=32000|ISP=33000|TPU=34000|AUR=34000|rfpa_therm=30459|quiet_therm=31060|charging_therm=32729|,BIG=35000|MID=36000|usb_pwr_therm=29346|btmspkr_therm=29301|disp_therm=29279|north_therm=29613|soc_therm=32885|battery=29300|battery_cycle=5|dc-mains=33000|usbc-therm-adc=330|max77779fg=29300|LITTLE=35000|soc=1|smpl_gm=0|vdroop1=0|batoilo=0|batoilo2=0|batt_vs=29300|mdis_morepower=0|thb_hda=51|cp_on_chip_0=34000|cp_on_chip_1=36000|G3D=34000|cp_on_chip_2=36000|cp_on_chip_3=33000|cp_on_chip_4=34000|rf2_therm=31000|rf1_therm=32000|ISP=33000|TPU=34000|AUR=34000|rfpa_therm=30481|quiet_therm=31060|charging_therm=32729|,ok,39000,37000,0,37000,1,single,touched,4096,256,7,256,269043,256,262247,0,4,4,ok
1,19,nvhe,4,2130000,1795000,36000,36000,BIG=35000|MID=35000|usb_pwr_therm=29368|btmspkr_therm=29301|disp_therm=29301|north_therm=29613|soc_therm=32863|battery=29300|battery_cycle=5|dc-mains=33000|usbc-therm-adc=330|max77779fg=29300|LITTLE=35000|soc=1|smpl_gm=0|vdroop1=0|batoilo=0|batoilo2=0|batt_vs=29300|mdis_morepower=0|thb_hda=51|cp_on_chip_0=34000|cp_on_chip_1=36000|G3D=34000|cp_on_chip_2=36000|cp_on_chip_3=33000|cp_on_chip_4=34000|rf2_therm=31000|rf1_therm=32000|ISP=33000|TPU=34000|AUR=34000|rfpa_therm=30459|quiet_therm=31060|charging_therm=32729|,BIG=35000|MID=36000|usb_pwr_therm=29346|btmspkr_therm=29301|disp_therm=29279|north_therm=29613|soc_therm=32885|battery=29300|battery_cycle=5|dc-mains=33000|usbc-therm-adc=330|max77779fg=29300|LITTLE=35000|soc=1|smpl_gm=0|vdroop1=0|batoilo=0|batoilo2=0|batt_vs=29300|mdis_morepower=0|thb_hda=51|cp_on_chip_0=34000|cp_on_chip_1=36000|G3D=34000|cp_on_chip_2=36000|cp_on_chip_3=33000|cp_on_chip_4=34000|rf2_therm=31000|rf1_therm=32000|ISP=33000|TPU=34000|AUR=34000|rfpa_therm=30481|quiet_therm=31060|charging_therm=32729|,ok,39000,37000,0,37000,1,single,touched,4096,256,8,256,272176,256,262573,0,4,4,ok
1,19,nvhe,4,2130000,1795000,36000,36000,BIG=35000|MID=35000|usb_pwr_therm=29368|btmspkr_therm=29301|disp_therm=29301|north_therm=29613|soc_therm=32863|battery=29300|battery_cycle=5|dc-mains=33000|usbc-therm-adc=330|max77779fg=29300|LITTLE=35000|soc=1|smpl_gm=0|vdroop1=0|batoilo=0|batoilo2=0|batt_vs=29300|mdis_morepower=0|thb_hda=51|cp_on_chip_0=34000|cp_on_chip_1=36000|G3D=34000|cp_on_chip_2=36000|cp_on_chip_3=33000|cp_on_chip_4=34000|rf2_therm=31000|rf1_therm=32000|ISP=33000|TPU=34000|AUR=34000|rfpa_therm=30459|quiet_therm=31060|charging_therm=32729|,BIG=35000|MID=36000|usb_pwr_therm=29346|btmspkr_therm=29301|disp_therm=29279|north_therm=29613|soc_therm=32885|battery=29300|battery_cycle=5|dc-mains=33000|usbc-therm-adc=330|max77779fg=29300|LITTLE=35000|soc=1|smpl_gm=0|vdroop1=0|batoilo=0|batoilo2=0|batt_vs=29300|mdis_morepower=0|thb_hda=51|cp_on_chip_0=34000|cp_on_chip_1=36000|G3D=34000|cp_on_chip_2=36000|cp_on_chip_3=33000|cp_on_chip_4=34000|rf2_therm=31000|rf1_therm=32000|ISP=33000|TPU=34000|AUR=34000|rfpa_therm=30481|quiet_therm=31060|charging_therm=32729|,ok,39000,37000,0,37000,1,single,touched,4096,256,9,256,266357,256,262818,0,4,4,ok
1,19,nvhe,4,2130000,1795000,36000,36000,BIG=35000|MID=35000|usb_pwr_therm=29368|btmspkr_therm=29301|disp_therm=29301|north_therm=29613|soc_therm=32863|battery=29300|battery_cycle=5|dc-mains=33000|usbc-therm-adc=330|max77779fg=29300|LITTLE=35000|soc=1|smpl_gm=0|vdroop1=0|batoilo=0|batoilo2=0|batt_vs=29300|mdis_morepower=0|thb_hda=51|cp_on_chip_0=34000|cp_on_chip_1=36000|G3D=34000|cp_on_chip_2=36000|cp_on_chip_3=33000|cp_on_chip_4=34000|rf2_therm=31000|rf1_therm=32000|ISP=33000|TPU=34000|AUR=34000|rfpa_therm=30459|quiet_therm=31060|charging_therm=32729|,BIG=35000|MID=36000|usb_pwr_therm=29346|btmspkr_therm=29301|disp_therm=29279|north_therm=29613|soc_therm=32885|battery=29300|battery_cycle=5|dc-mains=33000|usbc-therm-adc=330|max77779fg=29300|LITTLE=35000|soc=1|smpl_gm=0|vdroop1=0|batoilo=0|batoilo2=0|batt_vs=29300|mdis_morepower=0|thb_hda=51|cp_on_chip_0=34000|cp_on_chip_1=36000|G3D=34000|cp_on_chip_2=36000|cp_on_chip_3=33000|cp_on_chip_4=34000|rf2_therm=31000|rf1_therm=32000|ISP=33000|TPU=34000|AUR=34000|rfpa_therm=30481|quiet_therm=31060|charging_therm=32729|,ok,39000,37000,0,37000,1,single,touched,4096,256,10,256,279093,256,262655,0,4,4,ok
1,19,nvhe,4,2130000,1795000,36000,36000,BIG=35000|MID=35000|usb_pwr_therm=29368|btmspkr_therm=29301|disp_therm=29301|north_therm=29613|soc_therm=32863|battery=29300|battery_cycle=5|dc-mains=33000|usbc-therm-adc=330|max77779fg=29300|LITTLE=35000|soc=1|smpl_gm=0|vdroop1=0|batoilo=0|batoilo2=0|batt_vs=29300|mdis_morepower=0|thb_hda=51|cp_on_chip_0=34000|cp_on_chip_1=36000|G3D=34000|cp_on_chip_2=36000|cp_on_chip_3=33000|cp_on_chip_4=34000|rf2_therm=31000|rf1_therm=32000|ISP=33000|TPU=34000|AUR=34000|rfpa_therm=30459|quiet_therm=31060|charging_therm=32729|,BIG=35000|MID=36000|usb_pwr_therm=29346|btmspkr_therm=29301|disp_therm=29279|north_therm=29613|soc_therm=32885|battery=29300|battery_cycle=5|dc-mains=33000|usbc-therm-adc=330|max77779fg=29300|LITTLE=35000|soc=1|smpl_gm=0|vdroop1=0|batoilo=0|batoilo2=0|batt_vs=29300|mdis_morepower=0|thb_hda=51|cp_on_chip_0=34000|cp_on_chip_1=36000|G3D=34000|cp_on_chip_2=36000|cp_on_chip_3=33000|cp_on_chip_4=34000|rf2_therm=31000|rf1_therm=32000|ISP=33000|TPU=34000|AUR=34000|rfpa_therm=30481|quiet_therm=31060|charging_therm=32729|,ok,39000,37000,0,37000,1,single,touched,4096,256,11,256,276896,256,262451,0,4,4,ok
1,19,nvhe,4,2130000,1795000,36000,36000,BIG=35000|MID=35000|usb_pwr_therm=29368|btmspkr_therm=29301|disp_therm=29301|north_therm=29613|soc_therm=32863|battery=29300|battery_cycle=5|dc-mains=33000|usbc-therm-adc=330|max77779fg=29300|LITTLE=35000|soc=1|smpl_gm=0|vdroop1=0|batoilo=0|batoilo2=0|batt_vs=29300|mdis_morepower=0|thb_hda=51|cp_on_chip_0=34000|cp_on_chip_1=36000|G3D=34000|cp_on_chip_2=36000|cp_on_chip_3=33000|cp_on_chip_4=34000|rf2_therm=31000|rf1_therm=32000|ISP=33000|TPU=34000|AUR=34000|rfpa_therm=30459|quiet_therm=31060|charging_therm=32729|,BIG=35000|MID=36000|usb_pwr_therm=29346|btmspkr_therm=29301|disp_therm=29279|north_therm=29613|soc_therm=32885|battery=29300|battery_cycle=5|dc-mains=33000|usbc-therm-adc=330|max77779fg=29300|LITTLE=35000|soc=1|smpl_gm=0|vdroop1=0|batoilo=0|batoilo2=0|batt_vs=29300|mdis_morepower=0|thb_hda=51|cp_on_chip_0=34000|cp_on_chip_1=36000|G3D=34000|cp_on_chip_2=36000|cp_on_chip_3=33000|cp_on_chip_4=34000|rf2_therm=31000|rf1_therm=32000|ISP=33000|TPU=34000|AUR=34000|rfpa_therm=30481|quiet_therm=31060|charging_therm=32729|,ok,39000,37000,0,37000,1,single,touched,4096,256,12,256,351277,256,263834,0,4,4,ok
1,19,nvhe,4,2130000,1795000,36000,36000,BIG=35000|MID=35000|usb_pwr_therm=29368|btmspkr_therm=29301|disp_therm=29301|north_therm=29613|soc_therm=32863|battery=29300|battery_cycle=5|dc-mains=33000|usbc-therm-adc=330|max77779fg=29300|LITTLE=35000|soc=1|smpl_gm=0|vdroop1=0|batoilo=0|batoilo2=0|batt_vs=29300|mdis_morepower=0|thb_hda=51|cp_on_chip_0=34000|cp_on_chip_1=36000|G3D=34000|cp_on_chip_2=36000|cp_on_chip_3=33000|cp_on_chip_4=34000|rf2_therm=31000|rf1_therm=32000|ISP=33000|TPU=34000|AUR=34000|rfpa_therm=30459|quiet_therm=31060|charging_therm=32729|,BIG=35000|MID=36000|usb_pwr_therm=29346|btmspkr_therm=29301|disp_therm=29279|north_therm=29613|soc_therm=32885|battery=29300|battery_cycle=5|dc-mains=33000|usbc-therm-adc=330|max77779fg=29300|LITTLE=35000|soc=1|smpl_gm=0|vdroop1=0|batoilo=0|batoilo2=0|batt_vs=29300|mdis_morepower=0|thb_hda=51|cp_on_chip_0=34000|cp_on_chip_1=36000|G3D=34000|cp_on_chip_2=36000|cp_on_chip_3=33000|cp_on_chip_4=34000|rf2_therm=31000|rf1_therm=32000|ISP=33000|TPU=34000|AUR=34000|rfpa_therm=30481|quiet_therm=31060|charging_therm=32729|,ok,39000,37000,0,37000,1,single,touched,4096,256,13,256,282674,256,325032,0,4,4,ok
1,19,nvhe,4,2130000,1795000,36000,36000,BIG=35000|MID=35000|usb_pwr_therm=29368|btmspkr_therm=29301|disp_therm=29301|north_therm=29613|soc_therm=32863|battery=29300|battery_cycle=5|dc-mains=33000|usbc-therm-adc=330|max77779fg=29300|LITTLE=35000|soc=1|smpl_gm=0|vdroop1=0|batoilo=0|batoilo2=0|batt_vs=29300|mdis_morepower=0|thb_hda=51|cp_on_chip_0=34000|cp_on_chip_1=36000|G3D=34000|cp_on_chip_2=36000|cp_on_chip_3=33000|cp_on_chip_4=34000|rf2_therm=31000|rf1_therm=32000|ISP=33000|TPU=34000|AUR=34000|rfpa_therm=30459|quiet_therm=31060|charging_therm=32729|,BIG=35000|MID=36000|usb_pwr_therm=29346|btmspkr_therm=29301|disp_therm=29279|north_therm=29613|soc_therm=32885|battery=29300|battery_cycle=5|dc-mains=33000|usbc-therm-adc=330|max77779fg=29300|LITTLE=35000|soc=1|smpl_gm=0|vdroop1=0|batoilo=0|batoilo2=0|batt_vs=29300|mdis_morepower=0|thb_hda=51|cp_on_chip_0=34000|cp_on_chip_1=36000|G3D=34000|cp_on_chip_2=36000|cp_on_chip_3=33000|cp_on_chip_4=34000|rf2_therm=31000|rf1_therm=32000|ISP=33000|TPU=34000|AUR=34000|rfpa_therm=30481|quiet_therm=31060|charging_therm=32729|,ok,39000,37000,0,37000,1,single,touched,4096,256,14,256,268799,256,374431,0,4,4,ok
1,19,nvhe,4,2130000,1795000,36000,36000,BIG=35000|MID=35000|usb_pwr_therm=29368|btmspkr_therm=29301|disp_therm=29301|north_therm=29613|soc_therm=32863|battery=29300|battery_cycle=5|dc-mains=33000|usbc-therm-adc=330|max77779fg=29300|LITTLE=35000|soc=1|smpl_gm=0|vdroop1=0|batoilo=0|batoilo2=0|batt_vs=29300|mdis_morepower=0|thb_hda=51|cp_on_chip_0=34000|cp_on_chip_1=36000|G3D=34000|cp_on_chip_2=36000|cp_on_chip_3=33000|cp_on_chip_4=34000|rf2_therm=31000|rf1_therm=32000|ISP=33000|TPU=34000|AUR=34000|rfpa_therm=30459|quiet_therm=31060|charging_therm=32729|,BIG=35000|MID=36000|usb_pwr_therm=29346|btmspkr_therm=29301|disp_therm=29279|north_therm=29613|soc_therm=32885|battery=29300|battery_cycle=5|dc-mains=33000|usbc-therm-adc=330|max77779fg=29300|LITTLE=35000|soc=1|smpl_gm=0|vdroop1=0|batoilo=0|batoilo2=0|batt_vs=29300|mdis_morepower=0|thb_hda=51|cp_on_chip_0=34000|cp_on_chip_1=36000|G3D=34000|cp_on_chip_2=36000|cp_on_chip_3=33000|cp_on_chip_4=34000|rf2_therm=31000|rf1_therm=32000|ISP=33000|TPU=34000|AUR=34000|rfpa_therm=30481|quiet_therm=31060|charging_therm=32729|,ok,39000,37000,0,37000,1,single,touched,4096,256,15,256,272827,256,276652,0,4,4,ok
1,19,nvhe,4,2130000,1795000,36000,36000,BIG=35000|MID=35000|usb_pwr_therm=29368|btmspkr_therm=29301|disp_therm=29301|north_therm=29613|soc_therm=32863|battery=29300|battery_cycle=5|dc-mains=33000|usbc-therm-adc=330|max77779fg=29300|LITTLE=35000|soc=1|smpl_gm=0|vdroop1=0|batoilo=0|batoilo2=0|batt_vs=29300|mdis_morepower=0|thb_hda=51|cp_on_chip_0=34000|cp_on_chip_1=36000|G3D=34000|cp_on_chip_2=36000|cp_on_chip_3=33000|cp_on_chip_4=34000|rf2_therm=31000|rf1_therm=32000|ISP=33000|TPU=34000|AUR=34000|rfpa_therm=30459|quiet_therm=31060|charging_therm=32729|,BIG=35000|MID=36000|usb_pwr_therm=29346|btmspkr_therm=29301|disp_therm=29279|north_therm=29613|soc_therm=32885|battery=29300|battery_cycle=5|dc-mains=33000|usbc-therm-adc=330|max77779fg=29300|LITTLE=35000|soc=1|smpl_gm=0|vdroop1=0|batoilo=0|batoilo2=0|batt_vs=29300|mdis_morepower=0|thb_hda=51|cp_on_chip_0=34000|cp_on_chip_1=36000|G3D=34000|cp_on_chip_2=36000|cp_on_chip_3=33000|cp_on_chip_4=34000|rf2_therm=31000|rf1_therm=32000|ISP=33000|TPU=34000|AUR=34000|rfpa_therm=30481|quiet_therm=31060|charging_therm=32729|,ok,39000,37000,0,37000,1,single,touched,4096,256,16,256,276001,256,263346,0,4,4,ok
1,19,nvhe,4,2130000,1795000,36000,36000,BIG=35000|MID=35000|usb_pwr_therm=29368|btmspkr_therm=29301|disp_therm=29301|north_therm=29613|soc_therm=32863|battery=29300|battery_cycle=5|dc-mains=33000|usbc-therm-adc=330|max77779fg=29300|LITTLE=35000|soc=1|smpl_gm=0|vdroop1=0|batoilo=0|batoilo2=0|batt_vs=29300|mdis_morepower=0|thb_hda=51|cp_on_chip_0=34000|cp_on_chip_1=36000|G3D=34000|cp_on_chip_2=36000|cp_on_chip_3=33000|cp_on_chip_4=34000|rf2_therm=31000|rf1_therm=32000|ISP=33000|TPU=34000|AUR=34000|rfpa_therm=30459|quiet_therm=31060|charging_therm=32729|,BIG=35000|MID=36000|usb_pwr_therm=29346|btmspkr_therm=29301|disp_therm=29279|north_therm=29613|soc_therm=32885|battery=29300|battery_cycle=5|dc-mains=33000|usbc-therm-adc=330|max77779fg=29300|LITTLE=35000|soc=1|smpl_gm=0|vdroop1=0|batoilo=0|batoilo2=0|batt_vs=29300|mdis_morepower=0|thb_hda=51|cp_on_chip_0=34000|cp_on_chip_1=36000|G3D=34000|cp_on_chip_2=36000|cp_on_chip_3=33000|cp_on_chip_4=34000|rf2_therm=31000|rf1_therm=32000|ISP=33000|TPU=34000|AUR=34000|rfpa_therm=30481|quiet_therm=31060|charging_therm=32729|,ok,39000,37000,0,37000,1,single,touched,4096,256,17,256,276692,256,262980,0,4,4,ok
1,19,nvhe,4,2130000,1795000,36000,36000,BIG=35000|MID=35000|usb_pwr_therm=29368|btmspkr_therm=29301|disp_therm=29301|north_therm=29613|soc_therm=32863|battery=29300|battery_cycle=5|dc-mains=33000|usbc-therm-adc=330|max77779fg=29300|LITTLE=35000|soc=1|smpl_gm=0|vdroop1=0|batoilo=0|batoilo2=0|batt_vs=29300|mdis_morepower=0|thb_hda=51|cp_on_chip_0=34000|cp_on_chip_1=36000|G3D=34000|cp_on_chip_2=36000|cp_on_chip_3=33000|cp_on_chip_4=34000|rf2_therm=31000|rf1_therm=32000|ISP=33000|TPU=34000|AUR=34000|rfpa_therm=30459|quiet_therm=31060|charging_therm=32729|,BIG=35000|MID=36000|usb_pwr_therm=29346|btmspkr_therm=29301|disp_therm=29279|north_therm=29613|soc_therm=32885|battery=29300|battery_cycle=5|dc-mains=33000|usbc-therm-adc=330|max77779fg=29300|LITTLE=35000|soc=1|smpl_gm=0|vdroop1=0|batoilo=0|batoilo2=0|batt_vs=29300|mdis_morepower=0|thb_hda=51|cp_on_chip_0=34000|cp_on_chip_1=36000|G3D=34000|cp_on_chip_2=36000|cp_on_chip_3=33000|cp_on_chip_4=34000|rf2_therm=31000|rf1_therm=32000|ISP=33000|TPU=34000|AUR=34000|rfpa_therm=30481|quiet_therm=31060|charging_therm=32729|,ok,39000,37000,0,37000,1,single,touched,4096,256,18,256,333415,256,494548,0,4,4,ok
1,19,nvhe,4,2130000,1795000,36000,36000,BIG=35000|MID=35000|usb_pwr_therm=29368|btmspkr_therm=29301|disp_therm=29301|north_therm=29613|soc_therm=32863|battery=29300|battery_cycle=5|dc-mains=33000|usbc-therm-adc=330|max77779fg=29300|LITTLE=35000|soc=1|smpl_gm=0|vdroop1=0|batoilo=0|batoilo2=0|batt_vs=29300|mdis_morepower=0|thb_hda=51|cp_on_chip_0=34000|cp_on_chip_1=36000|G3D=34000|cp_on_chip_2=36000|cp_on_chip_3=33000|cp_on_chip_4=34000|rf2_therm=31000|rf1_therm=32000|ISP=33000|TPU=34000|AUR=34000|rfpa_therm=30459|quiet_therm=31060|charging_therm=32729|,BIG=35000|MID=36000|usb_pwr_therm=29346|btmspkr_therm=29301|disp_therm=29279|north_therm=29613|soc_therm=32885|battery=29300|battery_cycle=5|dc-mains=33000|usbc-therm-adc=330|max77779fg=29300|LITTLE=35000|soc=1|smpl_gm=0|vdroop1=0|batoilo=0|batoilo2=0|batt_vs=29300|mdis_morepower=0|thb_hda=51|cp_on_chip_0=34000|cp_on_chip_1=36000|G3D=34000|cp_on_chip_2=36000|cp_on_chip_3=33000|cp_on_chip_4=34000|rf2_therm=31000|rf1_therm=32000|ISP=33000|TPU=34000|AUR=34000|rfpa_therm=30481|quiet_therm=31060|charging_therm=32729|,ok,39000,37000,0,37000,1,single,touched,4096,256,19,256,290080,256,257853,0,4,4,ok
1,19,nvhe,4,2130000,1795000,36000,36000,BIG=35000|MID=35000|usb_pwr_therm=29368|btmspkr_therm=29301|disp_therm=29301|north_therm=29613|soc_therm=32863|battery=29300|battery_cycle=5|dc-mains=33000|usbc-therm-adc=330|max77779fg=29300|LITTLE=35000|soc=1|smpl_gm=0|vdroop1=0|batoilo=0|batoilo2=0|batt_vs=29300|mdis_morepower=0|thb_hda=51|cp_on_chip_0=34000|cp_on_chip_1=36000|G3D=34000|cp_on_chip_2=36000|cp_on_chip_3=33000|cp_on_chip_4=34000|rf2_therm=31000|rf1_therm=32000|ISP=33000|TPU=34000|AUR=34000|rfpa_therm=30459|quiet_therm=31060|charging_therm=32729|,BIG=35000|MID=36000|usb_pwr_therm=29346|btmspkr_therm=29301|disp_therm=29279|north_therm=29613|soc_therm=32885|battery=29300|battery_cycle=5|dc-mains=33000|usbc-therm-adc=330|max77779fg=29300|LITTLE=35000|soc=1|smpl_gm=0|vdroop1=0|batoilo=0|batoilo2=0|batt_vs=29300|mdis_morepower=0|thb_hda=51|cp_on_chip_0=34000|cp_on_chip_1=36000|G3D=34000|cp_on_chip_2=36000|cp_on_chip_3=33000|cp_on_chip_4=34000|rf2_therm=31000|rf1_therm=32000|ISP=33000|TPU=34000|AUR=34000|rfpa_therm=30481|quiet_therm=31060|charging_therm=32729|,ok,39000,37000,0,37000,1,single,touched,4096,256,20,256,276408,256,256795,0,4,4,ok
1,19,nvhe,4,2130000,1795000,36000,36000,BIG=35000|MID=35000|usb_pwr_therm=29368|btmspkr_therm=29301|disp_therm=29301|north_therm=29613|soc_therm=32863|battery=29300|battery_cycle=5|dc-mains=33000|usbc-therm-adc=330|max77779fg=29300|LITTLE=35000|soc=1|smpl_gm=0|vdroop1=0|batoilo=0|batoilo2=0|batt_vs=29300|mdis_morepower=0|thb_hda=51|cp_on_chip_0=34000|cp_on_chip_1=36000|G3D=34000|cp_on_chip_2=36000|cp_on_chip_3=33000|cp_on_chip_4=34000|rf2_therm=31000|rf1_therm=32000|ISP=33000|TPU=34000|AUR=34000|rfpa_therm=30459|quiet_therm=31060|charging_therm=32729|,BIG=35000|MID=36000|usb_pwr_therm=29346|btmspkr_therm=29301|disp_therm=29279|north_therm=29613|soc_therm=32885|battery=29300|battery_cycle=5|dc-mains=33000|usbc-therm-adc=330|max77779fg=29300|LITTLE=35000|soc=1|smpl_gm=0|vdroop1=0|batoilo=0|batoilo2=0|batt_vs=29300|mdis_morepower=0|thb_hda=51|cp_on_chip_0=34000|cp_on_chip_1=36000|G3D=34000|cp_on_chip_2=36000|cp_on_chip_3=33000|cp_on_chip_4=34000|rf2_therm=31000|rf1_therm=32000|ISP=33000|TPU=34000|AUR=34000|rfpa_therm=30481|quiet_therm=31060|charging_therm=32729|,ok,39000,37000,0,37000,1,single,touched,4096,256,21,256,261922,256,256958,0,4,4,ok
1,19,nvhe,4,2130000,1795000,36000,36000,BIG=35000|MID=35000|usb_pwr_therm=29368|btmspkr_therm=29301|disp_therm=29301|north_therm=29613|soc_therm=32863|battery=29300|battery_cycle=5|dc-mains=33000|usbc-therm-adc=330|max77779fg=29300|LITTLE=35000|soc=1|smpl_gm=0|vdroop1=0|batoilo=0|batoilo2=0|batt_vs=29300|mdis_morepower=0|thb_hda=51|cp_on_chip_0=34000|cp_on_chip_1=36000|G3D=34000|cp_on_chip_2=36000|cp_on_chip_3=33000|cp_on_chip_4=34000|rf2_therm=31000|rf1_therm=32000|ISP=33000|TPU=34000|AUR=34000|rfpa_therm=30459|quiet_therm=31060|charging_therm=32729|,BIG=35000|MID=36000|usb_pwr_therm=29346|btmspkr_therm=29301|disp_therm=29279|north_therm=29613|soc_therm=32885|battery=29300|battery_cycle=5|dc-mains=33000|usbc-therm-adc=330|max77779fg=29300|LITTLE=35000|soc=1|smpl_gm=0|vdroop1=0|batoilo=0|batoilo2=0|batt_vs=29300|mdis_morepower=0|thb_hda=51|cp_on_chip_0=34000|cp_on_chip_1=36000|G3D=34000|cp_on_chip_2=36000|cp_on_chip_3=33000|cp_on_chip_4=34000|rf2_therm=31000|rf1_therm=32000|ISP=33000|TPU=34000|AUR=34000|rfpa_therm=30481|quiet_therm=31060|charging_therm=32729|,ok,39000,37000,0,37000,1,single,touched,4096,256,22,256,265259,256,257080,0,4,4,ok
1,19,nvhe,4,2130000,1795000,36000,36000,BIG=35000|MID=35000|usb_pwr_therm=29368|btmspkr_therm=29301|disp_therm=29301|north_therm=29613|soc_therm=32863|battery=29300|battery_cycle=5|dc-mains=33000|usbc-therm-adc=330|max77779fg=29300|LITTLE=35000|soc=1|smpl_gm=0|vdroop1=0|batoilo=0|batoilo2=0|batt_vs=29300|mdis_morepower=0|thb_hda=51|cp_on_chip_0=34000|cp_on_chip_1=36000|G3D=34000|cp_on_chip_2=36000|cp_on_chip_3=33000|cp_on_chip_4=34000|rf2_therm=31000|rf1_therm=32000|ISP=33000|TPU=34000|AUR=34000|rfpa_therm=30459|quiet_therm=31060|charging_therm=32729|,BIG=35000|MID=36000|usb_pwr_therm=29346|btmspkr_therm=29301|disp_therm=29279|north_therm=29613|soc_therm=32885|battery=29300|battery_cycle=5|dc-mains=33000|usbc-therm-adc=330|max77779fg=29300|LITTLE=35000|soc=1|smpl_gm=0|vdroop1=0|batoilo=0|batoilo2=0|batt_vs=29300|mdis_morepower=0|thb_hda=51|cp_on_chip_0=34000|cp_on_chip_1=36000|G3D=34000|cp_on_chip_2=36000|cp_on_chip_3=33000|cp_on_chip_4=34000|rf2_therm=31000|rf1_therm=32000|ISP=33000|TPU=34000|AUR=34000|rfpa_therm=30481|quiet_therm=31060|charging_therm=32729|,ok,39000,37000,0,37000,1,single,touched,4096,256,23,256,265950,256,256104,0,4,4,ok
1,19,nvhe,4,2130000,1795000,36000,36000,BIG=35000|MID=35000|usb_pwr_therm=29368|btmspkr_therm=29301|disp_therm=29301|north_therm=29613|soc_therm=32863|battery=29300|battery_cycle=5|dc-mains=33000|usbc-therm-adc=330|max77779fg=29300|LITTLE=35000|soc=1|smpl_gm=0|vdroop1=0|batoilo=0|batoilo2=0|batt_vs=29300|mdis_morepower=0|thb_hda=51|cp_on_chip_0=34000|cp_on_chip_1=36000|G3D=34000|cp_on_chip_2=36000|cp_on_chip_3=33000|cp_on_chip_4=34000|rf2_therm=31000|rf1_therm=32000|ISP=33000|TPU=34000|AUR=34000|rfpa_therm=30459|quiet_therm=31060|charging_therm=32729|,BIG=35000|MID=36000|usb_pwr_therm=29346|btmspkr_therm=29301|disp_therm=29279|north_therm=29613|soc_therm=32885|battery=29300|battery_cycle=5|dc-mains=33000|usbc-therm-adc=330|max77779fg=29300|LITTLE=35000|soc=1|smpl_gm=0|vdroop1=0|batoilo=0|batoilo2=0|batt_vs=29300|mdis_morepower=0|thb_hda=51|cp_on_chip_0=34000|cp_on_chip_1=36000|G3D=34000|cp_on_chip_2=36000|cp_on_chip_3=33000|cp_on_chip_4=34000|rf2_therm=31000|rf1_therm=32000|ISP=33000|TPU=34000|AUR=34000|rfpa_therm=30481|quiet_therm=31060|charging_therm=32729|,ok,39000,37000,0,37000,1,single,touched,4096,256,24,256,263550,256,256592,0,4,4,ok
1,19,nvhe,4,2130000,1795000,36000,36000,BIG=35000|MID=35000|usb_pwr_therm=29368|btmspkr_therm=29301|disp_therm=29301|north_therm=29613|soc_therm=32863|battery=29300|battery_cycle=5|dc-mains=33000|usbc-therm-adc=330|max77779fg=29300|LITTLE=35000|soc=1|smpl_gm=0|vdroop1=0|batoilo=0|batoilo2=0|batt_vs=29300|mdis_morepower=0|thb_hda=51|cp_on_chip_0=34000|cp_on_chip_1=36000|G3D=34000|cp_on_chip_2=36000|cp_on_chip_3=33000|cp_on_chip_4=34000|rf2_therm=31000|rf1_therm=32000|ISP=33000|TPU=34000|AUR=34000|rfpa_therm=30459|quiet_therm=31060|charging_therm=32729|,BIG=35000|MID=36000|usb_pwr_therm=29346|btmspkr_therm=29301|disp_therm=29279|north_therm=29613|soc_therm=32885|battery=29300|battery_cycle=5|dc-mains=33000|usbc-therm-adc=330|max77779fg=29300|LITTLE=35000|soc=1|smpl_gm=0|vdroop1=0|batoilo=0|batoilo2=0|batt_vs=29300|mdis_morepower=0|thb_hda=51|cp_on_chip_0=34000|cp_on_chip_1=36000|G3D=34000|cp_on_chip_2=36000|cp_on_chip_3=33000|cp_on_chip_4=34000|rf2_therm=31000|rf1_therm=32000|ISP=33000|TPU=34000|AUR=34000|rfpa_therm=30481|quiet_therm=31060|charging_therm=32729|,ok,39000,37000,0,37000,1,single,touched,4096,256,25,256,288330,256,273274,0,4,4,ok
1,19,nvhe,4,2130000,1795000,36000,36000,BIG=35000|MID=35000|usb_pwr_therm=29368|btmspkr_therm=29301|disp_therm=29301|north_therm=29613|soc_therm=32863|battery=29300|battery_cycle=5|dc-mains=33000|usbc-therm-adc=330|max77779fg=29300|LITTLE=35000|soc=1|smpl_gm=0|vdroop1=0|batoilo=0|batoilo2=0|batt_vs=29300|mdis_morepower=0|thb_hda=51|cp_on_chip_0=34000|cp_on_chip_1=36000|G3D=34000|cp_on_chip_2=36000|cp_on_chip_3=33000|cp_on_chip_4=34000|rf2_therm=31000|rf1_therm=32000|ISP=33000|TPU=34000|AUR=34000|rfpa_therm=30459|quiet_therm=31060|charging_therm=32729|,BIG=35000|MID=36000|usb_pwr_therm=29346|btmspkr_therm=29301|disp_therm=29279|north_therm=29613|soc_therm=32885|battery=29300|battery_cycle=5|dc-mains=33000|usbc-therm-adc=330|max77779fg=29300|LITTLE=35000|soc=1|smpl_gm=0|vdroop1=0|batoilo=0|batoilo2=0|batt_vs=29300|mdis_morepower=0|thb_hda=51|cp_on_chip_0=34000|cp_on_chip_1=36000|G3D=34000|cp_on_chip_2=36000|cp_on_chip_3=33000|cp_on_chip_4=34000|rf2_therm=31000|rf1_therm=32000|ISP=33000|TPU=34000|AUR=34000|rfpa_therm=30481|quiet_therm=31060|charging_therm=32729|,ok,39000,37000,0,37000,1,single,touched,4096,256,26,256,287435,256,272665,0,4,4,ok
1,19,nvhe,4,2130000,1795000,36000,36000,BIG=35000|MID=35000|usb_pwr_therm=29368|btmspkr_therm=29301|disp_therm=29301|north_therm=29613|soc_therm=32863|battery=29300|battery_cycle=5|dc-mains=33000|usbc-therm-adc=330|max77779fg=29300|LITTLE=35000|soc=1|smpl_gm=0|vdroop1=0|batoilo=0|batoilo2=0|batt_vs=29300|mdis_morepower=0|thb_hda=51|cp_on_chip_0=34000|cp_on_chip_1=36000|G3D=34000|cp_on_chip_2=36000|cp_on_chip_3=33000|cp_on_chip_4=34000|rf2_therm=31000|rf1_therm=32000|ISP=33000|TPU=34000|AUR=34000|rfpa_therm=30459|quiet_therm=31060|charging_therm=32729|,BIG=35000|MID=36000|usb_pwr_therm=29346|btmspkr_therm=29301|disp_therm=29279|north_therm=29613|soc_therm=32885|battery=29300|battery_cycle=5|dc-mains=33000|usbc-therm-adc=330|max77779fg=29300|LITTLE=35000|soc=1|smpl_gm=0|vdroop1=0|batoilo=0|batoilo2=0|batt_vs=29300|mdis_morepower=0|thb_hda=51|cp_on_chip_0=34000|cp_on_chip_1=36000|G3D=34000|cp_on_chip_2=36000|cp_on_chip_3=33000|cp_on_chip_4=34000|rf2_therm=31000|rf1_therm=32000|ISP=33000|TPU=34000|AUR=34000|rfpa_therm=30481|quiet_therm=31060|charging_therm=32729|,ok,39000,37000,0,37000,1,single,touched,4096,256,27,256,281006,256,273926,0,4,4,ok
1,19,nvhe,4,2130000,1795000,36000,36000,BIG=35000|MID=35000|usb_pwr_therm=29368|btmspkr_therm=29301|disp_therm=29301|north_therm=29613|soc_therm=32863|battery=29300|battery_cycle=5|dc-mains=33000|usbc-therm-adc=330|max77779fg=29300|LITTLE=35000|soc=1|smpl_gm=0|vdroop1=0|batoilo=0|batoilo2=0|batt_vs=29300|mdis_morepower=0|thb_hda=51|cp_on_chip_0=34000|cp_on_chip_1=36000|G3D=34000|cp_on_chip_2=36000|cp_on_chip_3=33000|cp_on_chip_4=34000|rf2_therm=31000|rf1_therm=32000|ISP=33000|TPU=34000|AUR=34000|rfpa_therm=30459|quiet_therm=31060|charging_therm=32729|,BIG=35000|MID=36000|usb_pwr_therm=29346|btmspkr_therm=29301|disp_therm=29279|north_therm=29613|soc_therm=32885|battery=29300|battery_cycle=5|dc-mains=33000|usbc-therm-adc=330|max77779fg=29300|LITTLE=35000|soc=1|smpl_gm=0|vdroop1=0|batoilo=0|batoilo2=0|batt_vs=29300|mdis_morepower=0|thb_hda=51|cp_on_chip_0=34000|cp_on_chip_1=36000|G3D=34000|cp_on_chip_2=36000|cp_on_chip_3=33000|cp_on_chip_4=34000|rf2_therm=31000|rf1_therm=32000|ISP=33000|TPU=34000|AUR=34000|rfpa_therm=30481|quiet_therm=31060|charging_therm=32729|,ok,39000,37000,0,37000,1,single,touched,4096,256,28,256,284017,256,272461,0,4,4,ok
1,19,nvhe,4,2130000,1795000,36000,36000,BIG=35000|MID=35000|usb_pwr_therm=29368|btmspkr_therm=29301|disp_therm=29301|north_therm=29613|soc_therm=32863|battery=29300|battery_cycle=5|dc-mains=33000|usbc-therm-adc=330|max77779fg=29300|LITTLE=35000|soc=1|smpl_gm=0|vdroop1=0|batoilo=0|batoilo2=0|batt_vs=29300|mdis_morepower=0|thb_hda=51|cp_on_chip_0=34000|cp_on_chip_1=36000|G3D=34000|cp_on_chip_2=36000|cp_on_chip_3=33000|cp_on_chip_4=34000|rf2_therm=31000|rf1_therm=32000|ISP=33000|TPU=34000|AUR=34000|rfpa_therm=30459|quiet_therm=31060|charging_therm=32729|,BIG=35000|MID=36000|usb_pwr_therm=29346|btmspkr_therm=29301|disp_therm=29279|north_therm=29613|soc_therm=32885|battery=29300|battery_cycle=5|dc-mains=33000|usbc-therm-adc=330|max77779fg=29300|LITTLE=35000|soc=1|smpl_gm=0|vdroop1=0|batoilo=0|batoilo2=0|batt_vs=29300|mdis_morepower=0|thb_hda=51|cp_on_chip_0=34000|cp_on_chip_1=36000|G3D=34000|cp_on_chip_2=36000|cp_on_chip_3=33000|cp_on_chip_4=34000|rf2_therm=31000|rf1_therm=32000|ISP=33000|TPU=34000|AUR=34000|rfpa_therm=30481|quiet_therm=31060|charging_therm=32729|,ok,39000,37000,0,37000,1,single,touched,4096,256,29,256,286337,256,272746,0,4,4,ok
1,20,nvhe,4,578000,1549000,36000,38000,BIG=35000|MID=36000|usb_pwr_therm=29346|btmspkr_therm=29301|disp_therm=29279|north_therm=29635|soc_therm=32885|battery=29300|battery_cycle=5|dc-mains=33000|usbc-therm-adc=330|max77779fg=29300|LITTLE=35000|soc=1|smpl_gm=0|vdroop1=0|batoilo=0|batoilo2=0|batt_vs=29300|mdis_morepower=0|thb_hda=51|cp_on_chip_0=34000|cp_on_chip_1=36000|G3D=34000|cp_on_chip_2=36000|cp_on_chip_3=33000|cp_on_chip_4=34000|rf2_therm=31000|rf1_therm=32000|ISP=33000|TPU=34000|AUR=34000|rfpa_therm=30481|quiet_therm=31060|charging_therm=32729|,BIG=35000|MID=36000|usb_pwr_therm=29346|btmspkr_therm=29301|disp_therm=29279|north_therm=29635|soc_therm=32885|battery=29300|battery_cycle=5|dc-mains=33000|usbc-therm-adc=330|max77779fg=29300|LITTLE=35000|soc=1|smpl_gm=0|vdroop1=0|batoilo=0|batoilo2=0|batt_vs=29300|mdis_morepower=0|thb_hda=51|cp_on_chip_0=34000|cp_on_chip_1=36000|G3D=34000|cp_on_chip_2=36000|cp_on_chip_3=33000|cp_on_chip_4=34000|rf2_therm=31000|rf1_therm=32000|ISP=33000|TPU=35000|AUR=34000|rfpa_therm=30481|quiet_therm=31060|charging_therm=32729|,ok,39000,36000,0,36000,1,single,untouched,4096,256,0,256,9196,0,133422,0,4,4,ok
1,20,nvhe,4,578000,1549000,36000,38000,BIG=35000|MID=36000|usb_pwr_therm=29346|btmspkr_therm=29301|disp_therm=29279|north_therm=29635|soc_therm=32885|battery=29300|battery_cycle=5|dc-mains=33000|usbc-therm-adc=330|max77779fg=29300|LITTLE=35000|soc=1|smpl_gm=0|vdroop1=0|batoilo=0|batoilo2=0|batt_vs=29300|mdis_morepower=0|thb_hda=51|cp_on_chip_0=34000|cp_on_chip_1=36000|G3D=34000|cp_on_chip_2=36000|cp_on_chip_3=33000|cp_on_chip_4=34000|rf2_therm=31000|rf1_therm=32000|ISP=33000|TPU=34000|AUR=34000|rfpa_therm=30481|quiet_therm=31060|charging_therm=32729|,BIG=35000|MID=36000|usb_pwr_therm=29346|btmspkr_therm=29301|disp_therm=29279|north_therm=29635|soc_therm=32885|battery=29300|battery_cycle=5|dc-mains=33000|usbc-therm-adc=330|max77779fg=29300|LITTLE=35000|soc=1|smpl_gm=0|vdroop1=0|batoilo=0|batoilo2=0|batt_vs=29300|mdis_morepower=0|thb_hda=51|cp_on_chip_0=34000|cp_on_chip_1=36000|G3D=34000|cp_on_chip_2=36000|cp_on_chip_3=33000|cp_on_chip_4=34000|rf2_therm=31000|rf1_therm=32000|ISP=33000|TPU=35000|AUR=34000|rfpa_therm=30481|quiet_therm=31060|charging_therm=32729|,ok,39000,36000,0,36000,1,single,untouched,4096,256,1,256,5819,0,128093,0,4,4,ok
1,20,nvhe,4,578000,1549000,36000,38000,BIG=35000|MID=36000|usb_pwr_therm=29346|btmspkr_therm=29301|disp_therm=29279|north_therm=29635|soc_therm=32885|battery=29300|battery_cycle=5|dc-mains=33000|usbc-therm-adc=330|max77779fg=29300|LITTLE=35000|soc=1|smpl_gm=0|vdroop1=0|batoilo=0|batoilo2=0|batt_vs=29300|mdis_morepower=0|thb_hda=51|cp_on_chip_0=34000|cp_on_chip_1=36000|G3D=34000|cp_on_chip_2=36000|cp_on_chip_3=33000|cp_on_chip_4=34000|rf2_therm=31000|rf1_therm=32000|ISP=33000|TPU=34000|AUR=34000|rfpa_therm=30481|quiet_therm=31060|charging_therm=32729|,BIG=35000|MID=36000|usb_pwr_therm=29346|btmspkr_therm=29301|disp_therm=29279|north_therm=29635|soc_therm=32885|battery=29300|battery_cycle=5|dc-mains=33000|usbc-therm-adc=330|max77779fg=29300|LITTLE=35000|soc=1|smpl_gm=0|vdroop1=0|batoilo=0|batoilo2=0|batt_vs=29300|mdis_morepower=0|thb_hda=51|cp_on_chip_0=34000|cp_on_chip_1=36000|G3D=34000|cp_on_chip_2=36000|cp_on_chip_3=33000|cp_on_chip_4=34000|rf2_therm=31000|rf1_therm=32000|ISP=33000|TPU=35000|AUR=34000|rfpa_therm=30481|quiet_therm=31060|charging_therm=32729|,ok,39000,36000,0,36000,1,single,untouched,4096,256,2,256,5615,0,127889,0,4,4,ok
1,20,nvhe,4,578000,1549000,36000,38000,BIG=35000|MID=36000|usb_pwr_therm=29346|btmspkr_therm=29301|disp_therm=29279|north_therm=29635|soc_therm=32885|battery=29300|battery_cycle=5|dc-mains=33000|usbc-therm-adc=330|max77779fg=29300|LITTLE=35000|soc=1|smpl_gm=0|vdroop1=0|batoilo=0|batoilo2=0|batt_vs=29300|mdis_morepower=0|thb_hda=51|cp_on_chip_0=34000|cp_on_chip_1=36000|G3D=34000|cp_on_chip_2=36000|cp_on_chip_3=33000|cp_on_chip_4=34000|rf2_therm=31000|rf1_therm=32000|ISP=33000|TPU=34000|AUR=34000|rfpa_therm=30481|quiet_therm=31060|charging_therm=32729|,BIG=35000|MID=36000|usb_pwr_therm=29346|btmspkr_therm=29301|disp_therm=29279|north_therm=29635|soc_therm=32885|battery=29300|battery_cycle=5|dc-mains=33000|usbc-therm-adc=330|max77779fg=29300|LITTLE=35000|soc=1|smpl_gm=0|vdroop1=0|batoilo=0|batoilo2=0|batt_vs=29300|mdis_morepower=0|thb_hda=51|cp_on_chip_0=34000|cp_on_chip_1=36000|G3D=34000|cp_on_chip_2=36000|cp_on_chip_3=33000|cp_on_chip_4=34000|rf2_therm=31000|rf1_therm=32000|ISP=33000|TPU=35000|AUR=34000|rfpa_therm=30481|quiet_therm=31060|charging_therm=32729|,ok,39000,36000,0,36000,1,single,untouched,4096,256,3,256,4435,0,127889,0,4,4,ok
1,20,nvhe,4,578000,1549000,36000,38000,BIG=35000|MID=36000|usb_pwr_therm=29346|btmspkr_therm=29301|disp_therm=29279|north_therm=29635|soc_therm=32885|battery=29300|battery_cycle=5|dc-mains=33000|usbc-therm-adc=330|max77779fg=29300|LITTLE=35000|soc=1|smpl_gm=0|vdroop1=0|batoilo=0|batoilo2=0|batt_vs=29300|mdis_morepower=0|thb_hda=51|cp_on_chip_0=34000|cp_on_chip_1=36000|G3D=34000|cp_on_chip_2=36000|cp_on_chip_3=33000|cp_on_chip_4=34000|rf2_therm=31000|rf1_therm=32000|ISP=33000|TPU=34000|AUR=34000|rfpa_therm=30481|quiet_therm=31060|charging_therm=32729|,BIG=35000|MID=36000|usb_pwr_therm=29346|btmspkr_therm=29301|disp_therm=29279|north_therm=29635|soc_therm=32885|battery=29300|battery_cycle=5|dc-mains=33000|usbc-therm-adc=330|max77779fg=29300|LITTLE=35000|soc=1|smpl_gm=0|vdroop1=0|batoilo=0|batoilo2=0|batt_vs=29300|mdis_morepower=0|thb_hda=51|cp_on_chip_0=34000|cp_on_chip_1=36000|G3D=34000|cp_on_chip_2=36000|cp_on_chip_3=33000|cp_on_chip_4=34000|rf2_therm=31000|rf1_therm=32000|ISP=33000|TPU=35000|AUR=34000|rfpa_therm=30481|quiet_therm=31060|charging_therm=32729|,ok,39000,36000,0,36000,1,single,untouched,4096,256,4,256,6104,0,134684,0,4,4,ok
1,20,nvhe,4,578000,1549000,36000,38000,BIG=35000|MID=36000|usb_pwr_therm=29346|btmspkr_therm=29301|disp_therm=29279|north_therm=29635|soc_therm=32885|battery=29300|battery_cycle=5|dc-mains=33000|usbc-therm-adc=330|max77779fg=29300|LITTLE=35000|soc=1|smpl_gm=0|vdroop1=0|batoilo=0|batoilo2=0|batt_vs=29300|mdis_morepower=0|thb_hda=51|cp_on_chip_0=34000|cp_on_chip_1=36000|G3D=34000|cp_on_chip_2=36000|cp_on_chip_3=33000|cp_on_chip_4=34000|rf2_therm=31000|rf1_therm=32000|ISP=33000|TPU=34000|AUR=34000|rfpa_therm=30481|quiet_therm=31060|charging_therm=32729|,BIG=35000|MID=36000|usb_pwr_therm=29346|btmspkr_therm=29301|disp_therm=29279|north_therm=29635|soc_therm=32885|battery=29300|battery_cycle=5|dc-mains=33000|usbc-therm-adc=330|max77779fg=29300|LITTLE=35000|soc=1|smpl_gm=0|vdroop1=0|batoilo=0|batoilo2=0|batt_vs=29300|mdis_morepower=0|thb_hda=51|cp_on_chip_0=34000|cp_on_chip_1=36000|G3D=34000|cp_on_chip_2=36000|cp_on_chip_3=33000|cp_on_chip_4=34000|rf2_therm=31000|rf1_therm=32000|ISP=33000|TPU=35000|AUR=34000|rfpa_therm=30481|quiet_therm=31060|charging_therm=32729|,ok,39000,36000,0,36000,1,single,untouched,4096,256,5,256,6429,0,134196,0,4,4,ok
1,20,nvhe,4,578000,1549000,36000,38000,BIG=35000|MID=36000|usb_pwr_therm=29346|btmspkr_therm=29301|disp_therm=29279|north_therm=29635|soc_therm=32885|battery=29300|battery_cycle=5|dc-mains=33000|usbc-therm-adc=330|max77779fg=29300|LITTLE=35000|soc=1|smpl_gm=0|vdroop1=0|batoilo=0|batoilo2=0|batt_vs=29300|mdis_morepower=0|thb_hda=51|cp_on_chip_0=34000|cp_on_chip_1=36000|G3D=34000|cp_on_chip_2=36000|cp_on_chip_3=33000|cp_on_chip_4=34000|rf2_therm=31000|rf1_therm=32000|ISP=33000|TPU=34000|AUR=34000|rfpa_therm=30481|quiet_therm=31060|charging_therm=32729|,BIG=35000|MID=36000|usb_pwr_therm=29346|btmspkr_therm=29301|disp_therm=29279|north_therm=29635|soc_therm=32885|battery=29300|battery_cycle=5|dc-mains=33000|usbc-therm-adc=330|max77779fg=29300|LITTLE=35000|soc=1|smpl_gm=0|vdroop1=0|batoilo=0|batoilo2=0|batt_vs=29300|mdis_morepower=0|thb_hda=51|cp_on_chip_0=34000|cp_on_chip_1=36000|G3D=34000|cp_on_chip_2=36000|cp_on_chip_3=33000|cp_on_chip_4=34000|rf2_therm=31000|rf1_therm=32000|ISP=33000|TPU=35000|AUR=34000|rfpa_therm=30481|quiet_therm=31060|charging_therm=32729|,ok,39000,36000,0,36000,1,single,untouched,4096,256,6,256,4394,0,134969,0,4,4,ok
1,20,nvhe,4,578000,1549000,36000,38000,BIG=35000|MID=36000|usb_pwr_therm=29346|btmspkr_therm=29301|disp_therm=29279|north_therm=29635|soc_therm=32885|battery=29300|battery_cycle=5|dc-mains=33000|usbc-therm-adc=330|max77779fg=29300|LITTLE=35000|soc=1|smpl_gm=0|vdroop1=0|batoilo=0|batoilo2=0|batt_vs=29300|mdis_morepower=0|thb_hda=51|cp_on_chip_0=34000|cp_on_chip_1=36000|G3D=34000|cp_on_chip_2=36000|cp_on_chip_3=33000|cp_on_chip_4=34000|rf2_therm=31000|rf1_therm=32000|ISP=33000|TPU=34000|AUR=34000|rfpa_therm=30481|quiet_therm=31060|charging_therm=32729|,BIG=35000|MID=36000|usb_pwr_therm=29346|btmspkr_therm=29301|disp_therm=29279|north_therm=29635|soc_therm=32885|battery=29300|battery_cycle=5|dc-mains=33000|usbc-therm-adc=330|max77779fg=29300|LITTLE=35000|soc=1|smpl_gm=0|vdroop1=0|batoilo=0|batoilo2=0|batt_vs=29300|mdis_morepower=0|thb_hda=51|cp_on_chip_0=34000|cp_on_chip_1=36000|G3D=34000|cp_on_chip_2=36000|cp_on_chip_3=33000|cp_on_chip_4=34000|rf2_therm=31000|rf1_therm=32000|ISP=33000|TPU=35000|AUR=34000|rfpa_therm=30481|quiet_therm=31060|charging_therm=32729|,ok,39000,36000,0,36000,1,single,untouched,4096,256,7,256,3906,0,128052,0,4,4,ok
1,20,nvhe,4,578000,1549000,36000,38000,BIG=35000|MID=36000|usb_pwr_therm=29346|btmspkr_therm=29301|disp_therm=29279|north_therm=29635|soc_therm=32885|battery=29300|battery_cycle=5|dc-mains=33000|usbc-therm-adc=330|max77779fg=29300|LITTLE=35000|soc=1|smpl_gm=0|vdroop1=0|batoilo=0|batoilo2=0|batt_vs=29300|mdis_morepower=0|thb_hda=51|cp_on_chip_0=34000|cp_on_chip_1=36000|G3D=34000|cp_on_chip_2=36000|cp_on_chip_3=33000|cp_on_chip_4=34000|rf2_therm=31000|rf1_therm=32000|ISP=33000|TPU=34000|AUR=34000|rfpa_therm=30481|quiet_therm=31060|charging_therm=32729|,BIG=35000|MID=36000|usb_pwr_therm=29346|btmspkr_therm=29301|disp_therm=29279|north_therm=29635|soc_therm=32885|battery=29300|battery_cycle=5|dc-mains=33000|usbc-therm-adc=330|max77779fg=29300|LITTLE=35000|soc=1|smpl_gm=0|vdroop1=0|batoilo=0|batoilo2=0|batt_vs=29300|mdis_morepower=0|thb_hda=51|cp_on_chip_0=34000|cp_on_chip_1=36000|G3D=34000|cp_on_chip_2=36000|cp_on_chip_3=33000|cp_on_chip_4=34000|rf2_therm=31000|rf1_therm=32000|ISP=33000|TPU=35000|AUR=34000|rfpa_therm=30481|quiet_therm=31060|charging_therm=32729|,ok,39000,36000,0,36000,1,single,untouched,4096,256,8,256,4394,0,134725,0,4,4,ok
1,20,nvhe,4,578000,1549000,36000,38000,BIG=35000|MID=36000|usb_pwr_therm=29346|btmspkr_therm=29301|disp_therm=29279|north_therm=29635|soc_therm=32885|battery=29300|battery_cycle=5|dc-mains=33000|usbc-therm-adc=330|max77779fg=29300|LITTLE=35000|soc=1|smpl_gm=0|vdroop1=0|batoilo=0|batoilo2=0|batt_vs=29300|mdis_morepower=0|thb_hda=51|cp_on_chip_0=34000|cp_on_chip_1=36000|G3D=34000|cp_on_chip_2=36000|cp_on_chip_3=33000|cp_on_chip_4=34000|rf2_therm=31000|rf1_therm=32000|ISP=33000|TPU=34000|AUR=34000|rfpa_therm=30481|quiet_therm=31060|charging_therm=32729|,BIG=35000|MID=36000|usb_pwr_therm=29346|btmspkr_therm=29301|disp_therm=29279|north_therm=29635|soc_therm=32885|battery=29300|battery_cycle=5|dc-mains=33000|usbc-therm-adc=330|max77779fg=29300|LITTLE=35000|soc=1|smpl_gm=0|vdroop1=0|batoilo=0|batoilo2=0|batt_vs=29300|mdis_morepower=0|thb_hda=51|cp_on_chip_0=34000|cp_on_chip_1=36000|G3D=34000|cp_on_chip_2=36000|cp_on_chip_3=33000|cp_on_chip_4=34000|rf2_therm=31000|rf1_therm=32000|ISP=33000|TPU=35000|AUR=34000|rfpa_therm=30481|quiet_therm=31060|charging_therm=32729|,ok,39000,36000,0,36000,1,single,untouched,4096,256,9,256,4476,0,134440,0,4,4,ok
1,20,nvhe,4,578000,1549000,36000,38000,BIG=35000|MID=36000|usb_pwr_therm=29346|btmspkr_therm=29301|disp_therm=29279|north_therm=29635|soc_therm=32885|battery=29300|battery_cycle=5|dc-mains=33000|usbc-therm-adc=330|max77779fg=29300|LITTLE=35000|soc=1|smpl_gm=0|vdroop1=0|batoilo=0|batoilo2=0|batt_vs=29300|mdis_morepower=0|thb_hda=51|cp_on_chip_0=34000|cp_on_chip_1=36000|G3D=34000|cp_on_chip_2=36000|cp_on_chip_3=33000|cp_on_chip_4=34000|rf2_therm=31000|rf1_therm=32000|ISP=33000|TPU=34000|AUR=34000|rfpa_therm=30481|quiet_therm=31060|charging_therm=32729|,BIG=35000|MID=36000|usb_pwr_therm=29346|btmspkr_therm=29301|disp_therm=29279|north_therm=29635|soc_therm=32885|battery=29300|battery_cycle=5|dc-mains=33000|usbc-therm-adc=330|max77779fg=29300|LITTLE=35000|soc=1|smpl_gm=0|vdroop1=0|batoilo=0|batoilo2=0|batt_vs=29300|mdis_morepower=0|thb_hda=51|cp_on_chip_0=34000|cp_on_chip_1=36000|G3D=34000|cp_on_chip_2=36000|cp_on_chip_3=33000|cp_on_chip_4=34000|rf2_therm=31000|rf1_therm=32000|ISP=33000|TPU=35000|AUR=34000|rfpa_therm=30481|quiet_therm=31060|charging_therm=32729|,ok,39000,36000,0,36000,1,single,untouched,4096,256,10,256,7731,0,135172,0,4,4,ok
1,20,nvhe,4,578000,1549000,36000,38000,BIG=35000|MID=36000|usb_pwr_therm=29346|btmspkr_therm=29301|disp_therm=29279|north_therm=29635|soc_therm=32885|battery=29300|battery_cycle=5|dc-mains=33000|usbc-therm-adc=330|max77779fg=29300|LITTLE=35000|soc=1|smpl_gm=0|vdroop1=0|batoilo=0|batoilo2=0|batt_vs=29300|mdis_morepower=0|thb_hda=51|cp_on_chip_0=34000|cp_on_chip_1=36000|G3D=34000|cp_on_chip_2=36000|cp_on_chip_3=33000|cp_on_chip_4=34000|rf2_therm=31000|rf1_therm=32000|ISP=33000|TPU=34000|AUR=34000|rfpa_therm=30481|quiet_therm=31060|charging_therm=32729|,BIG=35000|MID=36000|usb_pwr_therm=29346|btmspkr_therm=29301|disp_therm=29279|north_therm=29635|soc_therm=32885|battery=29300|battery_cycle=5|dc-mains=33000|usbc-therm-adc=330|max77779fg=29300|LITTLE=35000|soc=1|smpl_gm=0|vdroop1=0|batoilo=0|batoilo2=0|batt_vs=29300|mdis_morepower=0|thb_hda=51|cp_on_chip_0=34000|cp_on_chip_1=36000|G3D=34000|cp_on_chip_2=36000|cp_on_chip_3=33000|cp_on_chip_4=34000|rf2_therm=31000|rf1_therm=32000|ISP=33000|TPU=35000|AUR=34000|rfpa_therm=30481|quiet_therm=31060|charging_therm=32729|,ok,39000,36000,0,36000,1,single,untouched,4096,256,11,256,3947,0,134277,0,4,4,ok
1,20,nvhe,4,578000,1549000,36000,38000,BIG=35000|MID=36000|usb_pwr_therm=29346|btmspkr_therm=29301|disp_therm=29279|north_therm=29635|soc_therm=32885|battery=29300|battery_cycle=5|dc-mains=33000|usbc-therm-adc=330|max77779fg=29300|LITTLE=35000|soc=1|smpl_gm=0|vdroop1=0|batoilo=0|batoilo2=0|batt_vs=29300|mdis_morepower=0|thb_hda=51|cp_on_chip_0=34000|cp_on_chip_1=36000|G3D=34000|cp_on_chip_2=36000|cp_on_chip_3=33000|cp_on_chip_4=34000|rf2_therm=31000|rf1_therm=32000|ISP=33000|TPU=34000|AUR=34000|rfpa_therm=30481|quiet_therm=31060|charging_therm=32729|,BIG=35000|MID=36000|usb_pwr_therm=29346|btmspkr_therm=29301|disp_therm=29279|north_therm=29635|soc_therm=32885|battery=29300|battery_cycle=5|dc-mains=33000|usbc-therm-adc=330|max77779fg=29300|LITTLE=35000|soc=1|smpl_gm=0|vdroop1=0|batoilo=0|batoilo2=0|batt_vs=29300|mdis_morepower=0|thb_hda=51|cp_on_chip_0=34000|cp_on_chip_1=36000|G3D=34000|cp_on_chip_2=36000|cp_on_chip_3=33000|cp_on_chip_4=34000|rf2_therm=31000|rf1_therm=32000|ISP=33000|TPU=35000|AUR=34000|rfpa_therm=30481|quiet_therm=31060|charging_therm=32729|,ok,39000,36000,0,36000,1,single,untouched,4096,256,12,256,3540,0,134806,0,4,4,ok
1,20,nvhe,4,578000,1549000,36000,38000,BIG=35000|MID=36000|usb_pwr_therm=29346|btmspkr_therm=29301|disp_therm=29279|north_therm=29635|soc_therm=32885|battery=29300|battery_cycle=5|dc-mains=33000|usbc-therm-adc=330|max77779fg=29300|LITTLE=35000|soc=1|smpl_gm=0|vdroop1=0|batoilo=0|batoilo2=0|batt_vs=29300|mdis_morepower=0|thb_hda=51|cp_on_chip_0=34000|cp_on_chip_1=36000|G3D=34000|cp_on_chip_2=36000|cp_on_chip_3=33000|cp_on_chip_4=34000|rf2_therm=31000|rf1_therm=32000|ISP=33000|TPU=34000|AUR=34000|rfpa_therm=30481|quiet_therm=31060|charging_therm=32729|,BIG=35000|MID=36000|usb_pwr_therm=29346|btmspkr_therm=29301|disp_therm=29279|north_therm=29635|soc_therm=32885|battery=29300|battery_cycle=5|dc-mains=33000|usbc-therm-adc=330|max77779fg=29300|LITTLE=35000|soc=1|smpl_gm=0|vdroop1=0|batoilo=0|batoilo2=0|batt_vs=29300|mdis_morepower=0|thb_hda=51|cp_on_chip_0=34000|cp_on_chip_1=36000|G3D=34000|cp_on_chip_2=36000|cp_on_chip_3=33000|cp_on_chip_4=34000|rf2_therm=31000|rf1_therm=32000|ISP=33000|TPU=35000|AUR=34000|rfpa_therm=30481|quiet_therm=31060|charging_therm=32729|,ok,39000,36000,0,36000,1,single,untouched,4096,256,13,256,3906,0,134521,0,4,4,ok
1,20,nvhe,4,578000,1549000,36000,38000,BIG=35000|MID=36000|usb_pwr_therm=29346|btmspkr_therm=29301|disp_therm=29279|north_therm=29635|soc_therm=32885|battery=29300|battery_cycle=5|dc-mains=33000|usbc-therm-adc=330|max77779fg=29300|LITTLE=35000|soc=1|smpl_gm=0|vdroop1=0|batoilo=0|batoilo2=0|batt_vs=29300|mdis_morepower=0|thb_hda=51|cp_on_chip_0=34000|cp_on_chip_1=36000|G3D=34000|cp_on_chip_2=36000|cp_on_chip_3=33000|cp_on_chip_4=34000|rf2_therm=31000|rf1_therm=32000|ISP=33000|TPU=34000|AUR=34000|rfpa_therm=30481|quiet_therm=31060|charging_therm=32729|,BIG=35000|MID=36000|usb_pwr_therm=29346|btmspkr_therm=29301|disp_therm=29279|north_therm=29635|soc_therm=32885|battery=29300|battery_cycle=5|dc-mains=33000|usbc-therm-adc=330|max77779fg=29300|LITTLE=35000|soc=1|smpl_gm=0|vdroop1=0|batoilo=0|batoilo2=0|batt_vs=29300|mdis_morepower=0|thb_hda=51|cp_on_chip_0=34000|cp_on_chip_1=36000|G3D=34000|cp_on_chip_2=36000|cp_on_chip_3=33000|cp_on_chip_4=34000|rf2_therm=31000|rf1_therm=32000|ISP=33000|TPU=35000|AUR=34000|rfpa_therm=30481|quiet_therm=31060|charging_therm=32729|,ok,39000,36000,0,36000,1,single,untouched,4096,256,14,256,3540,0,175578,0,4,4,ok
1,20,nvhe,4,578000,1549000,36000,38000,BIG=35000|MID=36000|usb_pwr_therm=29346|btmspkr_therm=29301|disp_therm=29279|north_therm=29635|soc_therm=32885|battery=29300|battery_cycle=5|dc-mains=33000|usbc-therm-adc=330|max77779fg=29300|LITTLE=35000|soc=1|smpl_gm=0|vdroop1=0|batoilo=0|batoilo2=0|batt_vs=29300|mdis_morepower=0|thb_hda=51|cp_on_chip_0=34000|cp_on_chip_1=36000|G3D=34000|cp_on_chip_2=36000|cp_on_chip_3=33000|cp_on_chip_4=34000|rf2_therm=31000|rf1_therm=32000|ISP=33000|TPU=34000|AUR=34000|rfpa_therm=30481|quiet_therm=31060|charging_therm=32729|,BIG=35000|MID=36000|usb_pwr_therm=29346|btmspkr_therm=29301|disp_therm=29279|north_therm=29635|soc_therm=32885|battery=29300|battery_cycle=5|dc-mains=33000|usbc-therm-adc=330|max77779fg=29300|LITTLE=35000|soc=1|smpl_gm=0|vdroop1=0|batoilo=0|batoilo2=0|batt_vs=29300|mdis_morepower=0|thb_hda=51|cp_on_chip_0=34000|cp_on_chip_1=36000|G3D=34000|cp_on_chip_2=36000|cp_on_chip_3=33000|cp_on_chip_4=34000|rf2_therm=31000|rf1_therm=32000|ISP=33000|TPU=35000|AUR=34000|rfpa_therm=30481|quiet_therm=31060|charging_therm=32729|,ok,39000,36000,0,36000,1,single,untouched,4096,256,15,256,4843,0,134359,0,4,4,ok
1,20,nvhe,4,578000,1549000,36000,38000,BIG=35000|MID=36000|usb_pwr_therm=29346|btmspkr_therm=29301|disp_therm=29279|north_therm=29635|soc_therm=32885|battery=29300|battery_cycle=5|dc-mains=33000|usbc-therm-adc=330|max77779fg=29300|LITTLE=35000|soc=1|smpl_gm=0|vdroop1=0|batoilo=0|batoilo2=0|batt_vs=29300|mdis_morepower=0|thb_hda=51|cp_on_chip_0=34000|cp_on_chip_1=36000|G3D=34000|cp_on_chip_2=36000|cp_on_chip_3=33000|cp_on_chip_4=34000|rf2_therm=31000|rf1_therm=32000|ISP=33000|TPU=34000|AUR=34000|rfpa_therm=30481|quiet_therm=31060|charging_therm=32729|,BIG=35000|MID=36000|usb_pwr_therm=29346|btmspkr_therm=29301|disp_therm=29279|north_therm=29635|soc_therm=32885|battery=29300|battery_cycle=5|dc-mains=33000|usbc-therm-adc=330|max77779fg=29300|LITTLE=35000|soc=1|smpl_gm=0|vdroop1=0|batoilo=0|batoilo2=0|batt_vs=29300|mdis_morepower=0|thb_hda=51|cp_on_chip_0=34000|cp_on_chip_1=36000|G3D=34000|cp_on_chip_2=36000|cp_on_chip_3=33000|cp_on_chip_4=34000|rf2_therm=31000|rf1_therm=32000|ISP=33000|TPU=35000|AUR=34000|rfpa_therm=30481|quiet_therm=31060|charging_therm=32729|,ok,39000,36000,0,36000,1,single,untouched,4096,256,16,256,4598,0,134481,0,4,4,ok
1,20,nvhe,4,578000,1549000,36000,38000,BIG=35000|MID=36000|usb_pwr_therm=29346|btmspkr_therm=29301|disp_therm=29279|north_therm=29635|soc_therm=32885|battery=29300|battery_cycle=5|dc-mains=33000|usbc-therm-adc=330|max77779fg=29300|LITTLE=35000|soc=1|smpl_gm=0|vdroop1=0|batoilo=0|batoilo2=0|batt_vs=29300|mdis_morepower=0|thb_hda=51|cp_on_chip_0=34000|cp_on_chip_1=36000|G3D=34000|cp_on_chip_2=36000|cp_on_chip_3=33000|cp_on_chip_4=34000|rf2_therm=31000|rf1_therm=32000|ISP=33000|TPU=34000|AUR=34000|rfpa_therm=30481|quiet_therm=31060|charging_therm=32729|,BIG=35000|MID=36000|usb_pwr_therm=29346|btmspkr_therm=29301|disp_therm=29279|north_therm=29635|soc_therm=32885|battery=29300|battery_cycle=5|dc-mains=33000|usbc-therm-adc=330|max77779fg=29300|LITTLE=35000|soc=1|smpl_gm=0|vdroop1=0|batoilo=0|batoilo2=0|batt_vs=29300|mdis_morepower=0|thb_hda=51|cp_on_chip_0=34000|cp_on_chip_1=36000|G3D=34000|cp_on_chip_2=36000|cp_on_chip_3=33000|cp_on_chip_4=34000|rf2_therm=31000|rf1_therm=32000|ISP=33000|TPU=35000|AUR=34000|rfpa_therm=30481|quiet_therm=31060|charging_therm=32729|,ok,39000,36000,0,36000,1,single,untouched,4096,256,17,256,3825,0,134685,0,4,4,ok
1,20,nvhe,4,578000,1549000,36000,38000,BIG=35000|MID=36000|usb_pwr_therm=29346|btmspkr_therm=29301|disp_therm=29279|north_therm=29635|soc_therm=32885|battery=29300|battery_cycle=5|dc-mains=33000|usbc-therm-adc=330|max77779fg=29300|LITTLE=35000|soc=1|smpl_gm=0|vdroop1=0|batoilo=0|batoilo2=0|batt_vs=29300|mdis_morepower=0|thb_hda=51|cp_on_chip_0=34000|cp_on_chip_1=36000|G3D=34000|cp_on_chip_2=36000|cp_on_chip_3=33000|cp_on_chip_4=34000|rf2_therm=31000|rf1_therm=32000|ISP=33000|TPU=34000|AUR=34000|rfpa_therm=30481|quiet_therm=31060|charging_therm=32729|,BIG=35000|MID=36000|usb_pwr_therm=29346|btmspkr_therm=29301|disp_therm=29279|north_therm=29635|soc_therm=32885|battery=29300|battery_cycle=5|dc-mains=33000|usbc-therm-adc=330|max77779fg=29300|LITTLE=35000|soc=1|smpl_gm=0|vdroop1=0|batoilo=0|batoilo2=0|batt_vs=29300|mdis_morepower=0|thb_hda=51|cp_on_chip_0=34000|cp_on_chip_1=36000|G3D=34000|cp_on_chip_2=36000|cp_on_chip_3=33000|cp_on_chip_4=34000|rf2_therm=31000|rf1_therm=32000|ISP=33000|TPU=35000|AUR=34000|rfpa_therm=30481|quiet_therm=31060|charging_therm=32729|,ok,39000,36000,0,36000,1,single,untouched,4096,256,18,256,3500,0,134725,0,4,4,ok
1,20,nvhe,4,578000,1549000,36000,38000,BIG=35000|MID=36000|usb_pwr_therm=29346|btmspkr_therm=29301|disp_therm=29279|north_therm=29635|soc_therm=32885|battery=29300|battery_cycle=5|dc-mains=33000|usbc-therm-adc=330|max77779fg=29300|LITTLE=35000|soc=1|smpl_gm=0|vdroop1=0|batoilo=0|batoilo2=0|batt_vs=29300|mdis_morepower=0|thb_hda=51|cp_on_chip_0=34000|cp_on_chip_1=36000|G3D=34000|cp_on_chip_2=36000|cp_on_chip_3=33000|cp_on_chip_4=34000|rf2_therm=31000|rf1_therm=32000|ISP=33000|TPU=34000|AUR=34000|rfpa_therm=30481|quiet_therm=31060|charging_therm=32729|,BIG=35000|MID=36000|usb_pwr_therm=29346|btmspkr_therm=29301|disp_therm=29279|north_therm=29635|soc_therm=32885|battery=29300|battery_cycle=5|dc-mains=33000|usbc-therm-adc=330|max77779fg=29300|LITTLE=35000|soc=1|smpl_gm=0|vdroop1=0|batoilo=0|batoilo2=0|batt_vs=29300|mdis_morepower=0|thb_hda=51|cp_on_chip_0=34000|cp_on_chip_1=36000|G3D=34000|cp_on_chip_2=36000|cp_on_chip_3=33000|cp_on_chip_4=34000|rf2_therm=31000|rf1_therm=32000|ISP=33000|TPU=35000|AUR=34000|rfpa_therm=30481|quiet_therm=31060|charging_therm=32729|,ok,39000,36000,0,36000,1,single,untouched,4096,256,19,256,3336,0,134603,0,4,4,ok
1,20,nvhe,4,578000,1549000,36000,38000,BIG=35000|MID=36000|usb_pwr_therm=29346|btmspkr_therm=29301|disp_therm=29279|north_therm=29635|soc_therm=32885|battery=29300|battery_cycle=5|dc-mains=33000|usbc-therm-adc=330|max77779fg=29300|LITTLE=35000|soc=1|smpl_gm=0|vdroop1=0|batoilo=0|batoilo2=0|batt_vs=29300|mdis_morepower=0|thb_hda=51|cp_on_chip_0=34000|cp_on_chip_1=36000|G3D=34000|cp_on_chip_2=36000|cp_on_chip_3=33000|cp_on_chip_4=34000|rf2_therm=31000|rf1_therm=32000|ISP=33000|TPU=34000|AUR=34000|rfpa_therm=30481|quiet_therm=31060|charging_therm=32729|,BIG=35000|MID=36000|usb_pwr_therm=29346|btmspkr_therm=29301|disp_therm=29279|north_therm=29635|soc_therm=32885|battery=29300|battery_cycle=5|dc-mains=33000|usbc-therm-adc=330|max77779fg=29300|LITTLE=35000|soc=1|smpl_gm=0|vdroop1=0|batoilo=0|batoilo2=0|batt_vs=29300|mdis_morepower=0|thb_hda=51|cp_on_chip_0=34000|cp_on_chip_1=36000|G3D=34000|cp_on_chip_2=36000|cp_on_chip_3=33000|cp_on_chip_4=34000|rf2_therm=31000|rf1_therm=32000|ISP=33000|TPU=35000|AUR=34000|rfpa_therm=30481|quiet_therm=31060|charging_therm=32729|,ok,39000,36000,0,36000,1,single,untouched,4096,256,20,256,3174,0,134480,0,4,4,ok
1,20,nvhe,4,578000,1549000,36000,38000,BIG=35000|MID=36000|usb_pwr_therm=29346|btmspkr_therm=29301|disp_therm=29279|north_therm=29635|soc_therm=32885|battery=29300|battery_cycle=5|dc-mains=33000|usbc-therm-adc=330|max77779fg=29300|LITTLE=35000|soc=1|smpl_gm=0|vdroop1=0|batoilo=0|batoilo2=0|batt_vs=29300|mdis_morepower=0|thb_hda=51|cp_on_chip_0=34000|cp_on_chip_1=36000|G3D=34000|cp_on_chip_2=36000|cp_on_chip_3=33000|cp_on_chip_4=34000|rf2_therm=31000|rf1_therm=32000|ISP=33000|TPU=34000|AUR=34000|rfpa_therm=30481|quiet_therm=31060|charging_therm=32729|,BIG=35000|MID=36000|usb_pwr_therm=29346|btmspkr_therm=29301|disp_therm=29279|north_therm=29635|soc_therm=32885|battery=29300|battery_cycle=5|dc-mains=33000|usbc-therm-adc=330|max77779fg=29300|LITTLE=35000|soc=1|smpl_gm=0|vdroop1=0|batoilo=0|batoilo2=0|batt_vs=29300|mdis_morepower=0|thb_hda=51|cp_on_chip_0=34000|cp_on_chip_1=36000|G3D=34000|cp_on_chip_2=36000|cp_on_chip_3=33000|cp_on_chip_4=34000|rf2_therm=31000|rf1_therm=32000|ISP=33000|TPU=35000|AUR=34000|rfpa_therm=30481|quiet_therm=31060|charging_therm=32729|,ok,39000,36000,0,36000,1,single,untouched,4096,256,21,256,3337,0,134278,0,4,4,ok
1,20,nvhe,4,578000,1549000,36000,38000,BIG=35000|MID=36000|usb_pwr_therm=29346|btmspkr_therm=29301|disp_therm=29279|north_therm=29635|soc_therm=32885|battery=29300|battery_cycle=5|dc-mains=33000|usbc-therm-adc=330|max77779fg=29300|LITTLE=35000|soc=1|smpl_gm=0|vdroop1=0|batoilo=0|batoilo2=0|batt_vs=29300|mdis_morepower=0|thb_hda=51|cp_on_chip_0=34000|cp_on_chip_1=36000|G3D=34000|cp_on_chip_2=36000|cp_on_chip_3=33000|cp_on_chip_4=34000|rf2_therm=31000|rf1_therm=32000|ISP=33000|TPU=34000|AUR=34000|rfpa_therm=30481|quiet_therm=31060|charging_therm=32729|,BIG=35000|MID=36000|usb_pwr_therm=29346|btmspkr_therm=29301|disp_therm=29279|north_therm=29635|soc_therm=32885|battery=29300|battery_cycle=5|dc-mains=33000|usbc-therm-adc=330|max77779fg=29300|LITTLE=35000|soc=1|smpl_gm=0|vdroop1=0|batoilo=0|batoilo2=0|batt_vs=29300|mdis_morepower=0|thb_hda=51|cp_on_chip_0=34000|cp_on_chip_1=36000|G3D=34000|cp_on_chip_2=36000|cp_on_chip_3=33000|cp_on_chip_4=34000|rf2_therm=31000|rf1_therm=32000|ISP=33000|TPU=35000|AUR=34000|rfpa_therm=30481|quiet_therm=31060|charging_therm=32729|,ok,39000,36000,0,36000,1,single,untouched,4096,256,22,256,3377,0,134562,0,4,4,ok
1,20,nvhe,4,578000,1549000,36000,38000,BIG=35000|MID=36000|usb_pwr_therm=29346|btmspkr_therm=29301|disp_therm=29279|north_therm=29635|soc_therm=32885|battery=29300|battery_cycle=5|dc-mains=33000|usbc-therm-adc=330|max77779fg=29300|LITTLE=35000|soc=1|smpl_gm=0|vdroop1=0|batoilo=0|batoilo2=0|batt_vs=29300|mdis_morepower=0|thb_hda=51|cp_on_chip_0=34000|cp_on_chip_1=36000|G3D=34000|cp_on_chip_2=36000|cp_on_chip_3=33000|cp_on_chip_4=34000|rf2_therm=31000|rf1_therm=32000|ISP=33000|TPU=34000|AUR=34000|rfpa_therm=30481|quiet_therm=31060|charging_therm=32729|,BIG=35000|MID=36000|usb_pwr_therm=29346|btmspkr_therm=29301|disp_therm=29279|north_therm=29635|soc_therm=32885|battery=29300|battery_cycle=5|dc-mains=33000|usbc-therm-adc=330|max77779fg=29300|LITTLE=35000|soc=1|smpl_gm=0|vdroop1=0|batoilo=0|batoilo2=0|batt_vs=29300|mdis_morepower=0|thb_hda=51|cp_on_chip_0=34000|cp_on_chip_1=36000|G3D=34000|cp_on_chip_2=36000|cp_on_chip_3=33000|cp_on_chip_4=34000|rf2_therm=31000|rf1_therm=32000|ISP=33000|TPU=35000|AUR=34000|rfpa_therm=30481|quiet_therm=31060|charging_therm=32729|,ok,39000,36000,0,36000,1,single,untouched,4096,256,23,256,4110,0,134440,0,4,4,ok
1,20,nvhe,4,578000,1549000,36000,38000,BIG=35000|MID=36000|usb_pwr_therm=29346|btmspkr_therm=29301|disp_therm=29279|north_therm=29635|soc_therm=32885|battery=29300|battery_cycle=5|dc-mains=33000|usbc-therm-adc=330|max77779fg=29300|LITTLE=35000|soc=1|smpl_gm=0|vdroop1=0|batoilo=0|batoilo2=0|batt_vs=29300|mdis_morepower=0|thb_hda=51|cp_on_chip_0=34000|cp_on_chip_1=36000|G3D=34000|cp_on_chip_2=36000|cp_on_chip_3=33000|cp_on_chip_4=34000|rf2_therm=31000|rf1_therm=32000|ISP=33000|TPU=34000|AUR=34000|rfpa_therm=30481|quiet_therm=31060|charging_therm=32729|,BIG=35000|MID=36000|usb_pwr_therm=29346|btmspkr_therm=29301|disp_therm=29279|north_therm=29635|soc_therm=32885|battery=29300|battery_cycle=5|dc-mains=33000|usbc-therm-adc=330|max77779fg=29300|LITTLE=35000|soc=1|smpl_gm=0|vdroop1=0|batoilo=0|batoilo2=0|batt_vs=29300|mdis_morepower=0|thb_hda=51|cp_on_chip_0=34000|cp_on_chip_1=36000|G3D=34000|cp_on_chip_2=36000|cp_on_chip_3=33000|cp_on_chip_4=34000|rf2_therm=31000|rf1_therm=32000|ISP=33000|TPU=35000|AUR=34000|rfpa_therm=30481|quiet_therm=31060|charging_therm=32729|,ok,39000,36000,0,36000,1,single,untouched,4096,256,24,256,3621,0,128133,0,4,4,ok
1,20,nvhe,4,578000,1549000,36000,38000,BIG=35000|MID=36000|usb_pwr_therm=29346|btmspkr_therm=29301|disp_therm=29279|north_therm=29635|soc_therm=32885|battery=29300|battery_cycle=5|dc-mains=33000|usbc-therm-adc=330|max77779fg=29300|LITTLE=35000|soc=1|smpl_gm=0|vdroop1=0|batoilo=0|batoilo2=0|batt_vs=29300|mdis_morepower=0|thb_hda=51|cp_on_chip_0=34000|cp_on_chip_1=36000|G3D=34000|cp_on_chip_2=36000|cp_on_chip_3=33000|cp_on_chip_4=34000|rf2_therm=31000|rf1_therm=32000|ISP=33000|TPU=34000|AUR=34000|rfpa_therm=30481|quiet_therm=31060|charging_therm=32729|,BIG=35000|MID=36000|usb_pwr_therm=29346|btmspkr_therm=29301|disp_therm=29279|north_therm=29635|soc_therm=32885|battery=29300|battery_cycle=5|dc-mains=33000|usbc-therm-adc=330|max77779fg=29300|LITTLE=35000|soc=1|smpl_gm=0|vdroop1=0|batoilo=0|batoilo2=0|batt_vs=29300|mdis_morepower=0|thb_hda=51|cp_on_chip_0=34000|cp_on_chip_1=36000|G3D=34000|cp_on_chip_2=36000|cp_on_chip_3=33000|cp_on_chip_4=34000|rf2_therm=31000|rf1_therm=32000|ISP=33000|TPU=35000|AUR=34000|rfpa_therm=30481|quiet_therm=31060|charging_therm=32729|,ok,39000,36000,0,36000,1,single,untouched,4096,256,25,256,4964,0,134359,0,4,4,ok
1,20,nvhe,4,578000,1549000,36000,38000,BIG=35000|MID=36000|usb_pwr_therm=29346|btmspkr_therm=29301|disp_therm=29279|north_therm=29635|soc_therm=32885|battery=29300|battery_cycle=5|dc-mains=33000|usbc-therm-adc=330|max77779fg=29300|LITTLE=35000|soc=1|smpl_gm=0|vdroop1=0|batoilo=0|batoilo2=0|batt_vs=29300|mdis_morepower=0|thb_hda=51|cp_on_chip_0=34000|cp_on_chip_1=36000|G3D=34000|cp_on_chip_2=36000|cp_on_chip_3=33000|cp_on_chip_4=34000|rf2_therm=31000|rf1_therm=32000|ISP=33000|TPU=34000|AUR=34000|rfpa_therm=30481|quiet_therm=31060|charging_therm=32729|,BIG=35000|MID=36000|usb_pwr_therm=29346|btmspkr_therm=29301|disp_therm=29279|north_therm=29635|soc_therm=32885|battery=29300|battery_cycle=5|dc-mains=33000|usbc-therm-adc=330|max77779fg=29300|LITTLE=35000|soc=1|smpl_gm=0|vdroop1=0|batoilo=0|batoilo2=0|batt_vs=29300|mdis_morepower=0|thb_hda=51|cp_on_chip_0=34000|cp_on_chip_1=36000|G3D=34000|cp_on_chip_2=36000|cp_on_chip_3=33000|cp_on_chip_4=34000|rf2_therm=31000|rf1_therm=32000|ISP=33000|TPU=35000|AUR=34000|rfpa_therm=30481|quiet_therm=31060|charging_therm=32729|,ok,39000,36000,0,36000,1,single,untouched,4096,256,26,256,5045,0,134399,0,4,4,ok
1,20,nvhe,4,578000,1549000,36000,38000,BIG=35000|MID=36000|usb_pwr_therm=29346|btmspkr_therm=29301|disp_therm=29279|north_therm=29635|soc_therm=32885|battery=29300|battery_cycle=5|dc-mains=33000|usbc-therm-adc=330|max77779fg=29300|LITTLE=35000|soc=1|smpl_gm=0|vdroop1=0|batoilo=0|batoilo2=0|batt_vs=29300|mdis_morepower=0|thb_hda=51|cp_on_chip_0=34000|cp_on_chip_1=36000|G3D=34000|cp_on_chip_2=36000|cp_on_chip_3=33000|cp_on_chip_4=34000|rf2_therm=31000|rf1_therm=32000|ISP=33000|TPU=34000|AUR=34000|rfpa_therm=30481|quiet_therm=31060|charging_therm=32729|,BIG=35000|MID=36000|usb_pwr_therm=29346|btmspkr_therm=29301|disp_therm=29279|north_therm=29635|soc_therm=32885|battery=29300|battery_cycle=5|dc-mains=33000|usbc-therm-adc=330|max77779fg=29300|LITTLE=35000|soc=1|smpl_gm=0|vdroop1=0|batoilo=0|batoilo2=0|batt_vs=29300|mdis_morepower=0|thb_hda=51|cp_on_chip_0=34000|cp_on_chip_1=36000|G3D=34000|cp_on_chip_2=36000|cp_on_chip_3=33000|cp_on_chip_4=34000|rf2_therm=31000|rf1_therm=32000|ISP=33000|TPU=35000|AUR=34000|rfpa_therm=30481|quiet_therm=31060|charging_therm=32729|,ok,39000,36000,0,36000,1,single,untouched,4096,256,27,256,6225,0,134236,0,4,4,ok
1,20,nvhe,4,578000,1549000,36000,38000,BIG=35000|MID=36000|usb_pwr_therm=29346|btmspkr_therm=29301|disp_therm=29279|north_therm=29635|soc_therm=32885|battery=29300|battery_cycle=5|dc-mains=33000|usbc-therm-adc=330|max77779fg=29300|LITTLE=35000|soc=1|smpl_gm=0|vdroop1=0|batoilo=0|batoilo2=0|batt_vs=29300|mdis_morepower=0|thb_hda=51|cp_on_chip_0=34000|cp_on_chip_1=36000|G3D=34000|cp_on_chip_2=36000|cp_on_chip_3=33000|cp_on_chip_4=34000|rf2_therm=31000|rf1_therm=32000|ISP=33000|TPU=34000|AUR=34000|rfpa_therm=30481|quiet_therm=31060|charging_therm=32729|,BIG=35000|MID=36000|usb_pwr_therm=29346|btmspkr_therm=29301|disp_therm=29279|north_therm=29635|soc_therm=32885|battery=29300|battery_cycle=5|dc-mains=33000|usbc-therm-adc=330|max77779fg=29300|LITTLE=35000|soc=1|smpl_gm=0|vdroop1=0|batoilo=0|batoilo2=0|batt_vs=29300|mdis_morepower=0|thb_hda=51|cp_on_chip_0=34000|cp_on_chip_1=36000|G3D=34000|cp_on_chip_2=36000|cp_on_chip_3=33000|cp_on_chip_4=34000|rf2_therm=31000|rf1_therm=32000|ISP=33000|TPU=35000|AUR=34000|rfpa_therm=30481|quiet_therm=31060|charging_therm=32729|,ok,39000,36000,0,36000,1,single,untouched,4096,256,28,256,3499,0,134847,0,4,4,ok
1,20,nvhe,4,578000,1549000,36000,38000,BIG=35000|MID=36000|usb_pwr_therm=29346|btmspkr_therm=29301|disp_therm=29279|north_therm=29635|soc_therm=32885|battery=29300|battery_cycle=5|dc-mains=33000|usbc-therm-adc=330|max77779fg=29300|LITTLE=35000|soc=1|smpl_gm=0|vdroop1=0|batoilo=0|batoilo2=0|batt_vs=29300|mdis_morepower=0|thb_hda=51|cp_on_chip_0=34000|cp_on_chip_1=36000|G3D=34000|cp_on_chip_2=36000|cp_on_chip_3=33000|cp_on_chip_4=34000|rf2_therm=31000|rf1_therm=32000|ISP=33000|TPU=34000|AUR=34000|rfpa_therm=30481|quiet_therm=31060|charging_therm=32729|,BIG=35000|MID=36000|usb_pwr_therm=29346|btmspkr_therm=29301|disp_therm=29279|north_therm=29635|soc_therm=32885|battery=29300|battery_cycle=5|dc-mains=33000|usbc-therm-adc=330|max77779fg=29300|LITTLE=35000|soc=1|smpl_gm=0|vdroop1=0|batoilo=0|batoilo2=0|batt_vs=29300|mdis_morepower=0|thb_hda=51|cp_on_chip_0=34000|cp_on_chip_1=36000|G3D=34000|cp_on_chip_2=36000|cp_on_chip_3=33000|cp_on_chip_4=34000|rf2_therm=31000|rf1_therm=32000|ISP=33000|TPU=35000|AUR=34000|rfpa_therm=30481|quiet_therm=31060|charging_therm=32729|,ok,39000,36000,0,36000,1,single,untouched,4096,256,29,256,3418,0,134969,0,4,4,ok
1,21,nvhe,4,357000,578000,37000,37000,BIG=35000|MID=36000|usb_pwr_therm=29346|btmspkr_therm=29301|disp_therm=29257|north_therm=29635|soc_therm=32907|battery=29300|battery_cycle=5|dc-mains=33000|usbc-therm-adc=330|max77779fg=29300|LITTLE=35000|soc=1|smpl_gm=0|vdroop1=0|batoilo=0|batoilo2=0|batt_vs=29300|mdis_morepower=0|thb_hda=51|cp_on_chip_0=34000|cp_on_chip_1=36000|G3D=34000|cp_on_chip_2=36000|cp_on_chip_3=33000|cp_on_chip_4=34000|rf2_therm=31000|rf1_therm=32000|ISP=33000|TPU=34000|AUR=34000|rfpa_therm=30481|quiet_therm=31082|charging_therm=32752|,BIG=36000|MID=36000|usb_pwr_therm=29346|btmspkr_therm=29301|disp_therm=29257|north_therm=29635|soc_therm=32930|battery=29300|battery_cycle=5|dc-mains=33000|usbc-therm-adc=330|max77779fg=29300|LITTLE=35000|soc=1|smpl_gm=0|vdroop1=0|batoilo=0|batoilo2=0|batt_vs=29300|mdis_morepower=0|thb_hda=51|cp_on_chip_0=34000|cp_on_chip_1=36000|G3D=35000|cp_on_chip_2=36000|cp_on_chip_3=33000|cp_on_chip_4=34000|rf2_therm=31000|rf1_therm=32000|ISP=33000|TPU=34000|AUR=34000|rfpa_therm=30481|quiet_therm=31082|charging_therm=32752|,ok,39000,37000,0,37000,1,single,untouched,4096,8192,0,8192,31698,0,12040527,0,4,4,ok
1,21,nvhe,4,357000,578000,37000,37000,BIG=35000|MID=36000|usb_pwr_therm=29346|btmspkr_therm=29301|disp_therm=29257|north_therm=29635|soc_therm=32907|battery=29300|battery_cycle=5|dc-mains=33000|usbc-therm-adc=330|max77779fg=29300|LITTLE=35000|soc=1|smpl_gm=0|vdroop1=0|batoilo=0|batoilo2=0|batt_vs=29300|mdis_morepower=0|thb_hda=51|cp_on_chip_0=34000|cp_on_chip_1=36000|G3D=34000|cp_on_chip_2=36000|cp_on_chip_3=33000|cp_on_chip_4=34000|rf2_therm=31000|rf1_therm=32000|ISP=33000|TPU=34000|AUR=34000|rfpa_therm=30481|quiet_therm=31082|charging_therm=32752|,BIG=36000|MID=36000|usb_pwr_therm=29346|btmspkr_therm=29301|disp_therm=29257|north_therm=29635|soc_therm=32930|battery=29300|battery_cycle=5|dc-mains=33000|usbc-therm-adc=330|max77779fg=29300|LITTLE=35000|soc=1|smpl_gm=0|vdroop1=0|batoilo=0|batoilo2=0|batt_vs=29300|mdis_morepower=0|thb_hda=51|cp_on_chip_0=34000|cp_on_chip_1=36000|G3D=35000|cp_on_chip_2=36000|cp_on_chip_3=33000|cp_on_chip_4=34000|rf2_therm=31000|rf1_therm=32000|ISP=33000|TPU=34000|AUR=34000|rfpa_therm=30481|quiet_therm=31082|charging_therm=32752|,ok,39000,37000,0,37000,1,single,untouched,4096,8192,1,8192,15218,0,9431355,0,4,4,ok
1,21,nvhe,4,357000,578000,37000,37000,BIG=35000|MID=36000|usb_pwr_therm=29346|btmspkr_therm=29301|disp_therm=29257|north_therm=29635|soc_therm=32907|battery=29300|battery_cycle=5|dc-mains=33000|usbc-therm-adc=330|max77779fg=29300|LITTLE=35000|soc=1|smpl_gm=0|vdroop1=0|batoilo=0|batoilo2=0|batt_vs=29300|mdis_morepower=0|thb_hda=51|cp_on_chip_0=34000|cp_on_chip_1=36000|G3D=34000|cp_on_chip_2=36000|cp_on_chip_3=33000|cp_on_chip_4=34000|rf2_therm=31000|rf1_therm=32000|ISP=33000|TPU=34000|AUR=34000|rfpa_therm=30481|quiet_therm=31082|charging_therm=32752|,BIG=36000|MID=36000|usb_pwr_therm=29346|btmspkr_therm=29301|disp_therm=29257|north_therm=29635|soc_therm=32930|battery=29300|battery_cycle=5|dc-mains=33000|usbc-therm-adc=330|max77779fg=29300|LITTLE=35000|soc=1|smpl_gm=0|vdroop1=0|batoilo=0|batoilo2=0|batt_vs=29300|mdis_morepower=0|thb_hda=51|cp_on_chip_0=34000|cp_on_chip_1=36000|G3D=35000|cp_on_chip_2=36000|cp_on_chip_3=33000|cp_on_chip_4=34000|rf2_therm=31000|rf1_therm=32000|ISP=33000|TPU=34000|AUR=34000|rfpa_therm=30481|quiet_therm=31082|charging_therm=32752|,ok,39000,37000,0,37000,1,single,untouched,4096,8192,2,8192,13020,0,9065022,0,4,4,ok
1,21,nvhe,4,357000,578000,37000,37000,BIG=35000|MID=36000|usb_pwr_therm=29346|btmspkr_therm=29301|disp_therm=29257|north_therm=29635|soc_therm=32907|battery=29300|battery_cycle=5|dc-mains=33000|usbc-therm-adc=330|max77779fg=29300|LITTLE=35000|soc=1|smpl_gm=0|vdroop1=0|batoilo=0|batoilo2=0|batt_vs=29300|mdis_morepower=0|thb_hda=51|cp_on_chip_0=34000|cp_on_chip_1=36000|G3D=34000|cp_on_chip_2=36000|cp_on_chip_3=33000|cp_on_chip_4=34000|rf2_therm=31000|rf1_therm=32000|ISP=33000|TPU=34000|AUR=34000|rfpa_therm=30481|quiet_therm=31082|charging_therm=32752|,BIG=36000|MID=36000|usb_pwr_therm=29346|btmspkr_therm=29301|disp_therm=29257|north_therm=29635|soc_therm=32930|battery=29300|battery_cycle=5|dc-mains=33000|usbc-therm-adc=330|max77779fg=29300|LITTLE=35000|soc=1|smpl_gm=0|vdroop1=0|batoilo=0|batoilo2=0|batt_vs=29300|mdis_morepower=0|thb_hda=51|cp_on_chip_0=34000|cp_on_chip_1=36000|G3D=35000|cp_on_chip_2=36000|cp_on_chip_3=33000|cp_on_chip_4=34000|rf2_therm=31000|rf1_therm=32000|ISP=33000|TPU=34000|AUR=34000|rfpa_therm=30481|quiet_therm=31082|charging_therm=32752|,ok,39000,37000,0,37000,1,single,untouched,4096,8192,3,8192,29459,0,7176595,0,4,4,ok
1,21,nvhe,4,357000,578000,37000,37000,BIG=35000|MID=36000|usb_pwr_therm=29346|btmspkr_therm=29301|disp_therm=29257|north_therm=29635|soc_therm=32907|battery=29300|battery_cycle=5|dc-mains=33000|usbc-therm-adc=330|max77779fg=29300|LITTLE=35000|soc=1|smpl_gm=0|vdroop1=0|batoilo=0|batoilo2=0|batt_vs=29300|mdis_morepower=0|thb_hda=51|cp_on_chip_0=34000|cp_on_chip_1=36000|G3D=34000|cp_on_chip_2=36000|cp_on_chip_3=33000|cp_on_chip_4=34000|rf2_therm=31000|rf1_therm=32000|ISP=33000|TPU=34000|AUR=34000|rfpa_therm=30481|quiet_therm=31082|charging_therm=32752|,BIG=36000|MID=36000|usb_pwr_therm=29346|btmspkr_therm=29301|disp_therm=29257|north_therm=29635|soc_therm=32930|battery=29300|battery_cycle=5|dc-mains=33000|usbc-therm-adc=330|max77779fg=29300|LITTLE=35000|soc=1|smpl_gm=0|vdroop1=0|batoilo=0|batoilo2=0|batt_vs=29300|mdis_morepower=0|thb_hda=51|cp_on_chip_0=34000|cp_on_chip_1=36000|G3D=35000|cp_on_chip_2=36000|cp_on_chip_3=33000|cp_on_chip_4=34000|rf2_therm=31000|rf1_therm=32000|ISP=33000|TPU=34000|AUR=34000|rfpa_therm=30481|quiet_therm=31082|charging_therm=32752|,ok,39000,37000,0,37000,1,single,untouched,4096,8192,4,8192,31006,0,6388265,0,4,4,ok
1,21,nvhe,4,357000,578000,37000,37000,BIG=35000|MID=36000|usb_pwr_therm=29346|btmspkr_therm=29301|disp_therm=29257|north_therm=29635|soc_therm=32907|battery=29300|battery_cycle=5|dc-mains=33000|usbc-therm-adc=330|max77779fg=29300|LITTLE=35000|soc=1|smpl_gm=0|vdroop1=0|batoilo=0|batoilo2=0|batt_vs=29300|mdis_morepower=0|thb_hda=51|cp_on_chip_0=34000|cp_on_chip_1=36000|G3D=34000|cp_on_chip_2=36000|cp_on_chip_3=33000|cp_on_chip_4=34000|rf2_therm=31000|rf1_therm=32000|ISP=33000|TPU=34000|AUR=34000|rfpa_therm=30481|quiet_therm=31082|charging_therm=32752|,BIG=36000|MID=36000|usb_pwr_therm=29346|btmspkr_therm=29301|disp_therm=29257|north_therm=29635|soc_therm=32930|battery=29300|battery_cycle=5|dc-mains=33000|usbc-therm-adc=330|max77779fg=29300|LITTLE=35000|soc=1|smpl_gm=0|vdroop1=0|batoilo=0|batoilo2=0|batt_vs=29300|mdis_morepower=0|thb_hda=51|cp_on_chip_0=34000|cp_on_chip_1=36000|G3D=35000|cp_on_chip_2=36000|cp_on_chip_3=33000|cp_on_chip_4=34000|rf2_therm=31000|rf1_therm=32000|ISP=33000|TPU=34000|AUR=34000|rfpa_therm=30481|quiet_therm=31082|charging_therm=32752|,ok,39000,37000,0,37000,1,single,untouched,4096,8192,5,8192,7813,0,5887776,0,4,4,ok
1,21,nvhe,4,357000,578000,37000,37000,BIG=35000|MID=36000|usb_pwr_therm=29346|btmspkr_therm=29301|disp_therm=29257|north_therm=29635|soc_therm=32907|battery=29300|battery_cycle=5|dc-mains=33000|usbc-therm-adc=330|max77779fg=29300|LITTLE=35000|soc=1|smpl_gm=0|vdroop1=0|batoilo=0|batoilo2=0|batt_vs=29300|mdis_morepower=0|thb_hda=51|cp_on_chip_0=34000|cp_on_chip_1=36000|G3D=34000|cp_on_chip_2=36000|cp_on_chip_3=33000|cp_on_chip_4=34000|rf2_therm=31000|rf1_therm=32000|ISP=33000|TPU=34000|AUR=34000|rfpa_therm=30481|quiet_therm=31082|charging_therm=32752|,BIG=36000|MID=36000|usb_pwr_therm=29346|btmspkr_therm=29301|disp_therm=29257|north_therm=29635|soc_therm=32930|battery=29300|battery_cycle=5|dc-mains=33000|usbc-therm-adc=330|max77779fg=29300|LITTLE=35000|soc=1|smpl_gm=0|vdroop1=0|batoilo=0|batoilo2=0|batt_vs=29300|mdis_morepower=0|thb_hda=51|cp_on_chip_0=34000|cp_on_chip_1=36000|G3D=35000|cp_on_chip_2=36000|cp_on_chip_3=33000|cp_on_chip_4=34000|rf2_therm=31000|rf1_therm=32000|ISP=33000|TPU=34000|AUR=34000|rfpa_therm=30481|quiet_therm=31082|charging_therm=32752|,ok,39000,37000,0,37000,1,single,untouched,4096,8192,6,8192,35848,0,5594767,0,4,4,ok
1,21,nvhe,4,357000,578000,37000,37000,BIG=35000|MID=36000|usb_pwr_therm=29346|btmspkr_therm=29301|disp_therm=29257|north_therm=29635|soc_therm=32907|battery=29300|battery_cycle=5|dc-mains=33000|usbc-therm-adc=330|max77779fg=29300|LITTLE=35000|soc=1|smpl_gm=0|vdroop1=0|batoilo=0|batoilo2=0|batt_vs=29300|mdis_morepower=0|thb_hda=51|cp_on_chip_0=34000|cp_on_chip_1=36000|G3D=34000|cp_on_chip_2=36000|cp_on_chip_3=33000|cp_on_chip_4=34000|rf2_therm=31000|rf1_therm=32000|ISP=33000|TPU=34000|AUR=34000|rfpa_therm=30481|quiet_therm=31082|charging_therm=32752|,BIG=36000|MID=36000|usb_pwr_therm=29346|btmspkr_therm=29301|disp_therm=29257|north_therm=29635|soc_therm=32930|battery=29300|battery_cycle=5|dc-mains=33000|usbc-therm-adc=330|max77779fg=29300|LITTLE=35000|soc=1|smpl_gm=0|vdroop1=0|batoilo=0|batoilo2=0|batt_vs=29300|mdis_morepower=0|thb_hda=51|cp_on_chip_0=34000|cp_on_chip_1=36000|G3D=35000|cp_on_chip_2=36000|cp_on_chip_3=33000|cp_on_chip_4=34000|rf2_therm=31000|rf1_therm=32000|ISP=33000|TPU=34000|AUR=34000|rfpa_therm=30481|quiet_therm=31082|charging_therm=32752|,ok,39000,37000,0,37000,1,single,untouched,4096,8192,7,8192,5981,0,5182943,0,4,4,ok
1,21,nvhe,4,357000,578000,37000,37000,BIG=35000|MID=36000|usb_pwr_therm=29346|btmspkr_therm=29301|disp_therm=29257|north_therm=29635|soc_therm=32907|battery=29300|battery_cycle=5|dc-mains=33000|usbc-therm-adc=330|max77779fg=29300|LITTLE=35000|soc=1|smpl_gm=0|vdroop1=0|batoilo=0|batoilo2=0|batt_vs=29300|mdis_morepower=0|thb_hda=51|cp_on_chip_0=34000|cp_on_chip_1=36000|G3D=34000|cp_on_chip_2=36000|cp_on_chip_3=33000|cp_on_chip_4=34000|rf2_therm=31000|rf1_therm=32000|ISP=33000|TPU=34000|AUR=34000|rfpa_therm=30481|quiet_therm=31082|charging_therm=32752|,BIG=36000|MID=36000|usb_pwr_therm=29346|btmspkr_therm=29301|disp_therm=29257|north_therm=29635|soc_therm=32930|battery=29300|battery_cycle=5|dc-mains=33000|usbc-therm-adc=330|max77779fg=29300|LITTLE=35000|soc=1|smpl_gm=0|vdroop1=0|batoilo=0|batoilo2=0|batt_vs=29300|mdis_morepower=0|thb_hda=51|cp_on_chip_0=34000|cp_on_chip_1=36000|G3D=35000|cp_on_chip_2=36000|cp_on_chip_3=33000|cp_on_chip_4=34000|rf2_therm=31000|rf1_therm=32000|ISP=33000|TPU=34000|AUR=34000|rfpa_therm=30481|quiet_therm=31082|charging_therm=32752|,ok,39000,37000,0,37000,1,single,untouched,4096,8192,8,8192,36458,0,4566284,0,4,4,ok
1,21,nvhe,4,357000,578000,37000,37000,BIG=35000|MID=36000|usb_pwr_therm=29346|btmspkr_therm=29301|disp_therm=29257|north_therm=29635|soc_therm=32907|battery=29300|battery_cycle=5|dc-mains=33000|usbc-therm-adc=330|max77779fg=29300|LITTLE=35000|soc=1|smpl_gm=0|vdroop1=0|batoilo=0|batoilo2=0|batt_vs=29300|mdis_morepower=0|thb_hda=51|cp_on_chip_0=34000|cp_on_chip_1=36000|G3D=34000|cp_on_chip_2=36000|cp_on_chip_3=33000|cp_on_chip_4=34000|rf2_therm=31000|rf1_therm=32000|ISP=33000|TPU=34000|AUR=34000|rfpa_therm=30481|quiet_therm=31082|charging_therm=32752|,BIG=36000|MID=36000|usb_pwr_therm=29346|btmspkr_therm=29301|disp_therm=29257|north_therm=29635|soc_therm=32930|battery=29300|battery_cycle=5|dc-mains=33000|usbc-therm-adc=330|max77779fg=29300|LITTLE=35000|soc=1|smpl_gm=0|vdroop1=0|batoilo=0|batoilo2=0|batt_vs=29300|mdis_morepower=0|thb_hda=51|cp_on_chip_0=34000|cp_on_chip_1=36000|G3D=35000|cp_on_chip_2=36000|cp_on_chip_3=33000|cp_on_chip_4=34000|rf2_therm=31000|rf1_therm=32000|ISP=33000|TPU=34000|AUR=34000|rfpa_therm=30481|quiet_therm=31082|charging_therm=32752|,ok,39000,37000,0,37000,1,single,untouched,4096,8192,9,8192,12980,0,4104533,0,4,4,ok
1,21,nvhe,4,357000,578000,37000,37000,BIG=35000|MID=36000|usb_pwr_therm=29346|btmspkr_therm=29301|disp_therm=29257|north_therm=29635|soc_therm=32907|battery=29300|battery_cycle=5|dc-mains=33000|usbc-therm-adc=330|max77779fg=29300|LITTLE=35000|soc=1|smpl_gm=0|vdroop1=0|batoilo=0|batoilo2=0|batt_vs=29300|mdis_morepower=0|thb_hda=51|cp_on_chip_0=34000|cp_on_chip_1=36000|G3D=34000|cp_on_chip_2=36000|cp_on_chip_3=33000|cp_on_chip_4=34000|rf2_therm=31000|rf1_therm=32000|ISP=33000|TPU=34000|AUR=34000|rfpa_therm=30481|quiet_therm=31082|charging_therm=32752|,BIG=36000|MID=36000|usb_pwr_therm=29346|btmspkr_therm=29301|disp_therm=29257|north_therm=29635|soc_therm=32930|battery=29300|battery_cycle=5|dc-mains=33000|usbc-therm-adc=330|max77779fg=29300|LITTLE=35000|soc=1|smpl_gm=0|vdroop1=0|batoilo=0|batoilo2=0|batt_vs=29300|mdis_morepower=0|thb_hda=51|cp_on_chip_0=34000|cp_on_chip_1=36000|G3D=35000|cp_on_chip_2=36000|cp_on_chip_3=33000|cp_on_chip_4=34000|rf2_therm=31000|rf1_therm=32000|ISP=33000|TPU=34000|AUR=34000|rfpa_therm=30481|quiet_therm=31082|charging_therm=32752|,ok,39000,37000,0,37000,1,single,untouched,4096,8192,10,8192,36825,0,4107625,0,4,4,ok
1,21,nvhe,4,357000,578000,37000,37000,BIG=35000|MID=36000|usb_pwr_therm=29346|btmspkr_therm=29301|disp_therm=29257|north_therm=29635|soc_therm=32907|battery=29300|battery_cycle=5|dc-mains=33000|usbc-therm-adc=330|max77779fg=29300|LITTLE=35000|soc=1|smpl_gm=0|vdroop1=0|batoilo=0|batoilo2=0|batt_vs=29300|mdis_morepower=0|thb_hda=51|cp_on_chip_0=34000|cp_on_chip_1=36000|G3D=34000|cp_on_chip_2=36000|cp_on_chip_3=33000|cp_on_chip_4=34000|rf2_therm=31000|rf1_therm=32000|ISP=33000|TPU=34000|AUR=34000|rfpa_therm=30481|quiet_therm=31082|charging_therm=32752|,BIG=36000|MID=36000|usb_pwr_therm=29346|btmspkr_therm=29301|disp_therm=29257|north_therm=29635|soc_therm=32930|battery=29300|battery_cycle=5|dc-mains=33000|usbc-therm-adc=330|max77779fg=29300|LITTLE=35000|soc=1|smpl_gm=0|vdroop1=0|batoilo=0|batoilo2=0|batt_vs=29300|mdis_morepower=0|thb_hda=51|cp_on_chip_0=34000|cp_on_chip_1=36000|G3D=35000|cp_on_chip_2=36000|cp_on_chip_3=33000|cp_on_chip_4=34000|rf2_therm=31000|rf1_therm=32000|ISP=33000|TPU=34000|AUR=34000|rfpa_therm=30481|quiet_therm=31082|charging_therm=32752|,ok,39000,37000,0,37000,1,single,untouched,4096,8192,11,8192,34017,0,3969970,0,4,4,ok
1,21,nvhe,4,357000,578000,37000,37000,BIG=35000|MID=36000|usb_pwr_therm=29346|btmspkr_therm=29301|disp_therm=29257|north_therm=29635|soc_therm=32907|battery=29300|battery_cycle=5|dc-mains=33000|usbc-therm-adc=330|max77779fg=29300|LITTLE=35000|soc=1|smpl_gm=0|vdroop1=0|batoilo=0|batoilo2=0|batt_vs=29300|mdis_morepower=0|thb_hda=51|cp_on_chip_0=34000|cp_on_chip_1=36000|G3D=34000|cp_on_chip_2=36000|cp_on_chip_3=33000|cp_on_chip_4=34000|rf2_therm=31000|rf1_therm=32000|ISP=33000|TPU=34000|AUR=34000|rfpa_therm=30481|quiet_therm=31082|charging_therm=32752|,BIG=36000|MID=36000|usb_pwr_therm=29346|btmspkr_therm=29301|disp_therm=29257|north_therm=29635|soc_therm=32930|battery=29300|battery_cycle=5|dc-mains=33000|usbc-therm-adc=330|max77779fg=29300|LITTLE=35000|soc=1|smpl_gm=0|vdroop1=0|batoilo=0|batoilo2=0|batt_vs=29300|mdis_morepower=0|thb_hda=51|cp_on_chip_0=34000|cp_on_chip_1=36000|G3D=35000|cp_on_chip_2=36000|cp_on_chip_3=33000|cp_on_chip_4=34000|rf2_therm=31000|rf1_therm=32000|ISP=33000|TPU=34000|AUR=34000|rfpa_therm=30481|quiet_therm=31082|charging_therm=32752|,ok,39000,37000,0,37000,1,single,untouched,4096,8192,12,8192,28605,0,3785685,0,4,4,ok
1,21,nvhe,4,357000,578000,37000,37000,BIG=35000|MID=36000|usb_pwr_therm=29346|btmspkr_therm=29301|disp_therm=29257|north_therm=29635|soc_therm=32907|battery=29300|battery_cycle=5|dc-mains=33000|usbc-therm-adc=330|max77779fg=29300|LITTLE=35000|soc=1|smpl_gm=0|vdroop1=0|batoilo=0|batoilo2=0|batt_vs=29300|mdis_morepower=0|thb_hda=51|cp_on_chip_0=34000|cp_on_chip_1=36000|G3D=34000|cp_on_chip_2=36000|cp_on_chip_3=33000|cp_on_chip_4=34000|rf2_therm=31000|rf1_therm=32000|ISP=33000|TPU=34000|AUR=34000|rfpa_therm=30481|quiet_therm=31082|charging_therm=32752|,BIG=36000|MID=36000|usb_pwr_therm=29346|btmspkr_therm=29301|disp_therm=29257|north_therm=29635|soc_therm=32930|battery=29300|battery_cycle=5|dc-mains=33000|usbc-therm-adc=330|max77779fg=29300|LITTLE=35000|soc=1|smpl_gm=0|vdroop1=0|batoilo=0|batoilo2=0|batt_vs=29300|mdis_morepower=0|thb_hda=51|cp_on_chip_0=34000|cp_on_chip_1=36000|G3D=35000|cp_on_chip_2=36000|cp_on_chip_3=33000|cp_on_chip_4=34000|rf2_therm=31000|rf1_therm=32000|ISP=33000|TPU=34000|AUR=34000|rfpa_therm=30481|quiet_therm=31082|charging_therm=32752|,ok,39000,37000,0,37000,1,single,untouched,4096,8192,13,8192,34302,0,3800822,0,4,4,ok
1,21,nvhe,4,357000,578000,37000,37000,BIG=35000|MID=36000|usb_pwr_therm=29346|btmspkr_therm=29301|disp_therm=29257|north_therm=29635|soc_therm=32907|battery=29300|battery_cycle=5|dc-mains=33000|usbc-therm-adc=330|max77779fg=29300|LITTLE=35000|soc=1|smpl_gm=0|vdroop1=0|batoilo=0|batoilo2=0|batt_vs=29300|mdis_morepower=0|thb_hda=51|cp_on_chip_0=34000|cp_on_chip_1=36000|G3D=34000|cp_on_chip_2=36000|cp_on_chip_3=33000|cp_on_chip_4=34000|rf2_therm=31000|rf1_therm=32000|ISP=33000|TPU=34000|AUR=34000|rfpa_therm=30481|quiet_therm=31082|charging_therm=32752|,BIG=36000|MID=36000|usb_pwr_therm=29346|btmspkr_therm=29301|disp_therm=29257|north_therm=29635|soc_therm=32930|battery=29300|battery_cycle=5|dc-mains=33000|usbc-therm-adc=330|max77779fg=29300|LITTLE=35000|soc=1|smpl_gm=0|vdroop1=0|batoilo=0|batoilo2=0|batt_vs=29300|mdis_morepower=0|thb_hda=51|cp_on_chip_0=34000|cp_on_chip_1=36000|G3D=35000|cp_on_chip_2=36000|cp_on_chip_3=33000|cp_on_chip_4=34000|rf2_therm=31000|rf1_therm=32000|ISP=33000|TPU=34000|AUR=34000|rfpa_therm=30481|quiet_therm=31082|charging_therm=32752|,ok,39000,37000,0,37000,1,single,untouched,4096,8192,14,8192,6469,0,3674439,0,4,4,ok
1,21,nvhe,4,357000,578000,37000,37000,BIG=35000|MID=36000|usb_pwr_therm=29346|btmspkr_therm=29301|disp_therm=29257|north_therm=29635|soc_therm=32907|battery=29300|battery_cycle=5|dc-mains=33000|usbc-therm-adc=330|max77779fg=29300|LITTLE=35000|soc=1|smpl_gm=0|vdroop1=0|batoilo=0|batoilo2=0|batt_vs=29300|mdis_morepower=0|thb_hda=51|cp_on_chip_0=34000|cp_on_chip_1=36000|G3D=34000|cp_on_chip_2=36000|cp_on_chip_3=33000|cp_on_chip_4=34000|rf2_therm=31000|rf1_therm=32000|ISP=33000|TPU=34000|AUR=34000|rfpa_therm=30481|quiet_therm=31082|charging_therm=32752|,BIG=36000|MID=36000|usb_pwr_therm=29346|btmspkr_therm=29301|disp_therm=29257|north_therm=29635|soc_therm=32930|battery=29300|battery_cycle=5|dc-mains=33000|usbc-therm-adc=330|max77779fg=29300|LITTLE=35000|soc=1|smpl_gm=0|vdroop1=0|batoilo=0|batoilo2=0|batt_vs=29300|mdis_morepower=0|thb_hda=51|cp_on_chip_0=34000|cp_on_chip_1=36000|G3D=35000|cp_on_chip_2=36000|cp_on_chip_3=33000|cp_on_chip_4=34000|rf2_therm=31000|rf1_therm=32000|ISP=33000|TPU=34000|AUR=34000|rfpa_therm=30481|quiet_therm=31082|charging_therm=32752|,ok,39000,37000,0,37000,1,single,untouched,4096,8192,15,8192,27303,0,3450806,0,4,4,ok
1,21,nvhe,4,357000,578000,37000,37000,BIG=35000|MID=36000|usb_pwr_therm=29346|btmspkr_therm=29301|disp_therm=29257|north_therm=29635|soc_therm=32907|battery=29300|battery_cycle=5|dc-mains=33000|usbc-therm-adc=330|max77779fg=29300|LITTLE=35000|soc=1|smpl_gm=0|vdroop1=0|batoilo=0|batoilo2=0|batt_vs=29300|mdis_morepower=0|thb_hda=51|cp_on_chip_0=34000|cp_on_chip_1=36000|G3D=34000|cp_on_chip_2=36000|cp_on_chip_3=33000|cp_on_chip_4=34000|rf2_therm=31000|rf1_therm=32000|ISP=33000|TPU=34000|AUR=34000|rfpa_therm=30481|quiet_therm=31082|charging_therm=32752|,BIG=36000|MID=36000|usb_pwr_therm=29346|btmspkr_therm=29301|disp_therm=29257|north_therm=29635|soc_therm=32930|battery=29300|battery_cycle=5|dc-mains=33000|usbc-therm-adc=330|max77779fg=29300|LITTLE=35000|soc=1|smpl_gm=0|vdroop1=0|batoilo=0|batoilo2=0|batt_vs=29300|mdis_morepower=0|thb_hda=51|cp_on_chip_0=34000|cp_on_chip_1=36000|G3D=35000|cp_on_chip_2=36000|cp_on_chip_3=33000|cp_on_chip_4=34000|rf2_therm=31000|rf1_therm=32000|ISP=33000|TPU=34000|AUR=34000|rfpa_therm=30481|quiet_therm=31082|charging_therm=32752|,ok,39000,37000,0,37000,1,single,untouched,4096,8192,16,8192,23681,0,3305298,0,4,4,ok
1,21,nvhe,4,357000,578000,37000,37000,BIG=35000|MID=36000|usb_pwr_therm=29346|btmspkr_therm=29301|disp_therm=29257|north_therm=29635|soc_therm=32907|battery=29300|battery_cycle=5|dc-mains=33000|usbc-therm-adc=330|max77779fg=29300|LITTLE=35000|soc=1|smpl_gm=0|vdroop1=0|batoilo=0|batoilo2=0|batt_vs=29300|mdis_morepower=0|thb_hda=51|cp_on_chip_0=34000|cp_on_chip_1=36000|G3D=34000|cp_on_chip_2=36000|cp_on_chip_3=33000|cp_on_chip_4=34000|rf2_therm=31000|rf1_therm=32000|ISP=33000|TPU=34000|AUR=34000|rfpa_therm=30481|quiet_therm=31082|charging_therm=32752|,BIG=36000|MID=36000|usb_pwr_therm=29346|btmspkr_therm=29301|disp_therm=29257|north_therm=29635|soc_therm=32930|battery=29300|battery_cycle=5|dc-mains=33000|usbc-therm-adc=330|max77779fg=29300|LITTLE=35000|soc=1|smpl_gm=0|vdroop1=0|batoilo=0|batoilo2=0|batt_vs=29300|mdis_morepower=0|thb_hda=51|cp_on_chip_0=34000|cp_on_chip_1=36000|G3D=35000|cp_on_chip_2=36000|cp_on_chip_3=33000|cp_on_chip_4=34000|rf2_therm=31000|rf1_therm=32000|ISP=33000|TPU=34000|AUR=34000|rfpa_therm=30481|quiet_therm=31082|charging_therm=32752|,ok,39000,37000,0,37000,1,single,untouched,4096,8192,17,8192,2604,0,3103149,0,4,4,ok
1,21,nvhe,4,357000,578000,37000,37000,BIG=35000|MID=36000|usb_pwr_therm=29346|btmspkr_therm=29301|disp_therm=29257|north_therm=29635|soc_therm=32907|battery=29300|battery_cycle=5|dc-mains=33000|usbc-therm-adc=330|max77779fg=29300|LITTLE=35000|soc=1|smpl_gm=0|vdroop1=0|batoilo=0|batoilo2=0|batt_vs=29300|mdis_morepower=0|thb_hda=51|cp_on_chip_0=34000|cp_on_chip_1=36000|G3D=34000|cp_on_chip_2=36000|cp_on_chip_3=33000|cp_on_chip_4=34000|rf2_therm=31000|rf1_therm=32000|ISP=33000|TPU=34000|AUR=34000|rfpa_therm=30481|quiet_therm=31082|charging_therm=32752|,BIG=36000|MID=36000|usb_pwr_therm=29346|btmspkr_therm=29301|disp_therm=29257|north_therm=29635|soc_therm=32930|battery=29300|battery_cycle=5|dc-mains=33000|usbc-therm-adc=330|max77779fg=29300|LITTLE=35000|soc=1|smpl_gm=0|vdroop1=0|batoilo=0|batoilo2=0|batt_vs=29300|mdis_morepower=0|thb_hda=51|cp_on_chip_0=34000|cp_on_chip_1=36000|G3D=35000|cp_on_chip_2=36000|cp_on_chip_3=33000|cp_on_chip_4=34000|rf2_therm=31000|rf1_therm=32000|ISP=33000|TPU=34000|AUR=34000|rfpa_therm=30481|quiet_therm=31082|charging_therm=32752|,ok,39000,37000,0,37000,1,single,untouched,4096,8192,18,8192,24252,0,3109497,0,4,4,ok
1,21,nvhe,4,357000,578000,37000,37000,BIG=35000|MID=36000|usb_pwr_therm=29346|btmspkr_therm=29301|disp_therm=29257|north_therm=29635|soc_therm=32907|battery=29300|battery_cycle=5|dc-mains=33000|usbc-therm-adc=330|max77779fg=29300|LITTLE=35000|soc=1|smpl_gm=0|vdroop1=0|batoilo=0|batoilo2=0|batt_vs=29300|mdis_morepower=0|thb_hda=51|cp_on_chip_0=34000|cp_on_chip_1=36000|G3D=34000|cp_on_chip_2=36000|cp_on_chip_3=33000|cp_on_chip_4=34000|rf2_therm=31000|rf1_therm=32000|ISP=33000|TPU=34000|AUR=34000|rfpa_therm=30481|quiet_therm=31082|charging_therm=32752|,BIG=36000|MID=36000|usb_pwr_therm=29346|btmspkr_therm=29301|disp_therm=29257|north_therm=29635|soc_therm=32930|battery=29300|battery_cycle=5|dc-mains=33000|usbc-therm-adc=330|max77779fg=29300|LITTLE=35000|soc=1|smpl_gm=0|vdroop1=0|batoilo=0|batoilo2=0|batt_vs=29300|mdis_morepower=0|thb_hda=51|cp_on_chip_0=34000|cp_on_chip_1=36000|G3D=35000|cp_on_chip_2=36000|cp_on_chip_3=33000|cp_on_chip_4=34000|rf2_therm=31000|rf1_therm=32000|ISP=33000|TPU=34000|AUR=34000|rfpa_therm=30481|quiet_therm=31082|charging_therm=32752|,ok,39000,37000,0,37000,1,single,untouched,4096,8192,19,8192,21606,0,3135783,0,4,4,ok
1,21,nvhe,4,357000,578000,37000,37000,BIG=35000|MID=36000|usb_pwr_therm=29346|btmspkr_therm=29301|disp_therm=29257|north_therm=29635|soc_therm=32907|battery=29300|battery_cycle=5|dc-mains=33000|usbc-therm-adc=330|max77779fg=29300|LITTLE=35000|soc=1|smpl_gm=0|vdroop1=0|batoilo=0|batoilo2=0|batt_vs=29300|mdis_morepower=0|thb_hda=51|cp_on_chip_0=34000|cp_on_chip_1=36000|G3D=34000|cp_on_chip_2=36000|cp_on_chip_3=33000|cp_on_chip_4=34000|rf2_therm=31000|rf1_therm=32000|ISP=33000|TPU=34000|AUR=34000|rfpa_therm=30481|quiet_therm=31082|charging_therm=32752|,BIG=36000|MID=36000|usb_pwr_therm=29346|btmspkr_therm=29301|disp_therm=29257|north_therm=29635|soc_therm=32930|battery=29300|battery_cycle=5|dc-mains=33000|usbc-therm-adc=330|max77779fg=29300|LITTLE=35000|soc=1|smpl_gm=0|vdroop1=0|batoilo=0|batoilo2=0|batt_vs=29300|mdis_morepower=0|thb_hda=51|cp_on_chip_0=34000|cp_on_chip_1=36000|G3D=35000|cp_on_chip_2=36000|cp_on_chip_3=33000|cp_on_chip_4=34000|rf2_therm=31000|rf1_therm=32000|ISP=33000|TPU=34000|AUR=34000|rfpa_therm=30481|quiet_therm=31082|charging_therm=32752|,ok,39000,37000,0,37000,1,single,untouched,4096,8192,20,8192,2766,0,3081339,0,4,4,ok
1,21,nvhe,4,357000,578000,37000,37000,BIG=35000|MID=36000|usb_pwr_therm=29346|btmspkr_therm=29301|disp_therm=29257|north_therm=29635|soc_therm=32907|battery=29300|battery_cycle=5|dc-mains=33000|usbc-therm-adc=330|max77779fg=29300|LITTLE=35000|soc=1|smpl_gm=0|vdroop1=0|batoilo=0|batoilo2=0|batt_vs=29300|mdis_morepower=0|thb_hda=51|cp_on_chip_0=34000|cp_on_chip_1=36000|G3D=34000|cp_on_chip_2=36000|cp_on_chip_3=33000|cp_on_chip_4=34000|rf2_therm=31000|rf1_therm=32000|ISP=33000|TPU=34000|AUR=34000|rfpa_therm=30481|quiet_therm=31082|charging_therm=32752|,BIG=36000|MID=36000|usb_pwr_therm=29346|btmspkr_therm=29301|disp_therm=29257|north_therm=29635|soc_therm=32930|battery=29300|battery_cycle=5|dc-mains=33000|usbc-therm-adc=330|max77779fg=29300|LITTLE=35000|soc=1|smpl_gm=0|vdroop1=0|batoilo=0|batoilo2=0|batt_vs=29300|mdis_morepower=0|thb_hda=51|cp_on_chip_0=34000|cp_on_chip_1=36000|G3D=35000|cp_on_chip_2=36000|cp_on_chip_3=33000|cp_on_chip_4=34000|rf2_therm=31000|rf1_therm=32000|ISP=33000|TPU=34000|AUR=34000|rfpa_therm=30481|quiet_therm=31082|charging_therm=32752|,ok,39000,37000,0,37000,1,single,untouched,4096,8192,21,8192,2929,0,2824300,0,4,4,ok
1,21,nvhe,4,357000,578000,37000,37000,BIG=35000|MID=36000|usb_pwr_therm=29346|btmspkr_therm=29301|disp_therm=29257|north_therm=29635|soc_therm=32907|battery=29300|battery_cycle=5|dc-mains=33000|usbc-therm-adc=330|max77779fg=29300|LITTLE=35000|soc=1|smpl_gm=0|vdroop1=0|batoilo=0|batoilo2=0|batt_vs=29300|mdis_morepower=0|thb_hda=51|cp_on_chip_0=34000|cp_on_chip_1=36000|G3D=34000|cp_on_chip_2=36000|cp_on_chip_3=33000|cp_on_chip_4=34000|rf2_therm=31000|rf1_therm=32000|ISP=33000|TPU=34000|AUR=34000|rfpa_therm=30481|quiet_therm=31082|charging_therm=32752|,BIG=36000|MID=36000|usb_pwr_therm=29346|btmspkr_therm=29301|disp_therm=29257|north_therm=29635|soc_therm=32930|battery=29300|battery_cycle=5|dc-mains=33000|usbc-therm-adc=330|max77779fg=29300|LITTLE=35000|soc=1|smpl_gm=0|vdroop1=0|batoilo=0|batoilo2=0|batt_vs=29300|mdis_morepower=0|thb_hda=51|cp_on_chip_0=34000|cp_on_chip_1=36000|G3D=35000|cp_on_chip_2=36000|cp_on_chip_3=33000|cp_on_chip_4=34000|rf2_therm=31000|rf1_therm=32000|ISP=33000|TPU=34000|AUR=34000|rfpa_therm=30481|quiet_therm=31082|charging_therm=32752|,ok,39000,37000,0,37000,1,single,untouched,4096,8192,22,8192,2075,0,2858724,0,4,4,ok
1,21,nvhe,4,357000,578000,37000,37000,BIG=35000|MID=36000|usb_pwr_therm=29346|btmspkr_therm=29301|disp_therm=29257|north_therm=29635|soc_therm=32907|battery=29300|battery_cycle=5|dc-mains=33000|usbc-therm-adc=330|max77779fg=29300|LITTLE=35000|soc=1|smpl_gm=0|vdroop1=0|batoilo=0|batoilo2=0|batt_vs=29300|mdis_morepower=0|thb_hda=51|cp_on_chip_0=34000|cp_on_chip_1=36000|G3D=34000|cp_on_chip_2=36000|cp_on_chip_3=33000|cp_on_chip_4=34000|rf2_therm=31000|rf1_therm=32000|ISP=33000|TPU=34000|AUR=34000|rfpa_therm=30481|quiet_therm=31082|charging_therm=32752|,BIG=36000|MID=36000|usb_pwr_therm=29346|btmspkr_therm=29301|disp_therm=29257|north_therm=29635|soc_therm=32930|battery=29300|battery_cycle=5|dc-mains=33000|usbc-therm-adc=330|max77779fg=29300|LITTLE=35000|soc=1|smpl_gm=0|vdroop1=0|batoilo=0|batoilo2=0|batt_vs=29300|mdis_morepower=0|thb_hda=51|cp_on_chip_0=34000|cp_on_chip_1=36000|G3D=35000|cp_on_chip_2=36000|cp_on_chip_3=33000|cp_on_chip_4=34000|rf2_therm=31000|rf1_therm=32000|ISP=33000|TPU=34000|AUR=34000|rfpa_therm=30481|quiet_therm=31082|charging_therm=32752|,ok,39000,37000,0,37000,1,single,untouched,4096,8192,23,8192,3051,0,2853068,0,4,4,ok
1,21,nvhe,4,357000,578000,37000,37000,BIG=35000|MID=36000|usb_pwr_therm=29346|btmspkr_therm=29301|disp_therm=29257|north_therm=29635|soc_therm=32907|battery=29300|battery_cycle=5|dc-mains=33000|usbc-therm-adc=330|max77779fg=29300|LITTLE=35000|soc=1|smpl_gm=0|vdroop1=0|batoilo=0|batoilo2=0|batt_vs=29300|mdis_morepower=0|thb_hda=51|cp_on_chip_0=34000|cp_on_chip_1=36000|G3D=34000|cp_on_chip_2=36000|cp_on_chip_3=33000|cp_on_chip_4=34000|rf2_therm=31000|rf1_therm=32000|ISP=33000|TPU=34000|AUR=34000|rfpa_therm=30481|quiet_therm=31082|charging_therm=32752|,BIG=36000|MID=36000|usb_pwr_therm=29346|btmspkr_therm=29301|disp_therm=29257|north_therm=29635|soc_therm=32930|battery=29300|battery_cycle=5|dc-mains=33000|usbc-therm-adc=330|max77779fg=29300|LITTLE=35000|soc=1|smpl_gm=0|vdroop1=0|batoilo=0|batoilo2=0|batt_vs=29300|mdis_morepower=0|thb_hda=51|cp_on_chip_0=34000|cp_on_chip_1=36000|G3D=35000|cp_on_chip_2=36000|cp_on_chip_3=33000|cp_on_chip_4=34000|rf2_therm=31000|rf1_therm=32000|ISP=33000|TPU=34000|AUR=34000|rfpa_therm=30481|quiet_therm=31082|charging_therm=32752|,ok,39000,37000,0,37000,1,single,untouched,4096,8192,24,8192,30314,0,2856039,0,4,4,ok
1,21,nvhe,4,357000,578000,37000,37000,BIG=35000|MID=36000|usb_pwr_therm=29346|btmspkr_therm=29301|disp_therm=29257|north_therm=29635|soc_therm=32907|battery=29300|battery_cycle=5|dc-mains=33000|usbc-therm-adc=330|max77779fg=29300|LITTLE=35000|soc=1|smpl_gm=0|vdroop1=0|batoilo=0|batoilo2=0|batt_vs=29300|mdis_morepower=0|thb_hda=51|cp_on_chip_0=34000|cp_on_chip_1=36000|G3D=34000|cp_on_chip_2=36000|cp_on_chip_3=33000|cp_on_chip_4=34000|rf2_therm=31000|rf1_therm=32000|ISP=33000|TPU=34000|AUR=34000|rfpa_therm=30481|quiet_therm=31082|charging_therm=32752|,BIG=36000|MID=36000|usb_pwr_therm=29346|btmspkr_therm=29301|disp_therm=29257|north_therm=29635|soc_therm=32930|battery=29300|battery_cycle=5|dc-mains=33000|usbc-therm-adc=330|max77779fg=29300|LITTLE=35000|soc=1|smpl_gm=0|vdroop1=0|batoilo=0|batoilo2=0|batt_vs=29300|mdis_morepower=0|thb_hda=51|cp_on_chip_0=34000|cp_on_chip_1=36000|G3D=35000|cp_on_chip_2=36000|cp_on_chip_3=33000|cp_on_chip_4=34000|rf2_therm=31000|rf1_therm=32000|ISP=33000|TPU=34000|AUR=34000|rfpa_therm=30481|quiet_therm=31082|charging_therm=32752|,ok,39000,37000,0,37000,1,single,untouched,4096,8192,25,8192,29989,0,2825074,0,4,4,ok
1,21,nvhe,4,357000,578000,37000,37000,BIG=35000|MID=36000|usb_pwr_therm=29346|btmspkr_therm=29301|disp_therm=29257|north_therm=29635|soc_therm=32907|battery=29300|battery_cycle=5|dc-mains=33000|usbc-therm-adc=330|max77779fg=29300|LITTLE=35000|soc=1|smpl_gm=0|vdroop1=0|batoilo=0|batoilo2=0|batt_vs=29300|mdis_morepower=0|thb_hda=51|cp_on_chip_0=34000|cp_on_chip_1=36000|G3D=34000|cp_on_chip_2=36000|cp_on_chip_3=33000|cp_on_chip_4=34000|rf2_therm=31000|rf1_therm=32000|ISP=33000|TPU=34000|AUR=34000|rfpa_therm=30481|quiet_therm=31082|charging_therm=32752|,BIG=36000|MID=36000|usb_pwr_therm=29346|btmspkr_therm=29301|disp_therm=29257|north_therm=29635|soc_therm=32930|battery=29300|battery_cycle=5|dc-mains=33000|usbc-therm-adc=330|max77779fg=29300|LITTLE=35000|soc=1|smpl_gm=0|vdroop1=0|batoilo=0|batoilo2=0|batt_vs=29300|mdis_morepower=0|thb_hda=51|cp_on_chip_0=34000|cp_on_chip_1=36000|G3D=35000|cp_on_chip_2=36000|cp_on_chip_3=33000|cp_on_chip_4=34000|rf2_therm=31000|rf1_therm=32000|ISP=33000|TPU=34000|AUR=34000|rfpa_therm=30481|quiet_therm=31082|charging_therm=32752|,ok,39000,37000,0,37000,1,single,untouched,4096,8192,26,8192,2198,0,2856242,0,4,4,ok
1,21,nvhe,4,357000,578000,37000,37000,BIG=35000|MID=36000|usb_pwr_therm=29346|btmspkr_therm=29301|disp_therm=29257|north_therm=29635|soc_therm=32907|battery=29300|battery_cycle=5|dc-mains=33000|usbc-therm-adc=330|max77779fg=29300|LITTLE=35000|soc=1|smpl_gm=0|vdroop1=0|batoilo=0|batoilo2=0|batt_vs=29300|mdis_morepower=0|thb_hda=51|cp_on_chip_0=34000|cp_on_chip_1=36000|G3D=34000|cp_on_chip_2=36000|cp_on_chip_3=33000|cp_on_chip_4=34000|rf2_therm=31000|rf1_therm=32000|ISP=33000|TPU=34000|AUR=34000|rfpa_therm=30481|quiet_therm=31082|charging_therm=32752|,BIG=36000|MID=36000|usb_pwr_therm=29346|btmspkr_therm=29301|disp_therm=29257|north_therm=29635|soc_therm=32930|battery=29300|battery_cycle=5|dc-mains=33000|usbc-therm-adc=330|max77779fg=29300|LITTLE=35000|soc=1|smpl_gm=0|vdroop1=0|batoilo=0|batoilo2=0|batt_vs=29300|mdis_morepower=0|thb_hda=51|cp_on_chip_0=34000|cp_on_chip_1=36000|G3D=35000|cp_on_chip_2=36000|cp_on_chip_3=33000|cp_on_chip_4=34000|rf2_therm=31000|rf1_therm=32000|ISP=33000|TPU=34000|AUR=34000|rfpa_therm=30481|quiet_therm=31082|charging_therm=32752|,ok,39000,37000,0,37000,1,single,untouched,4096,8192,27,8192,28361,0,2859334,0,4,4,ok
1,21,nvhe,4,357000,578000,37000,37000,BIG=35000|MID=36000|usb_pwr_therm=29346|btmspkr_therm=29301|disp_therm=29257|north_therm=29635|soc_therm=32907|battery=29300|battery_cycle=5|dc-mains=33000|usbc-therm-adc=330|max77779fg=29300|LITTLE=35000|soc=1|smpl_gm=0|vdroop1=0|batoilo=0|batoilo2=0|batt_vs=29300|mdis_morepower=0|thb_hda=51|cp_on_chip_0=34000|cp_on_chip_1=36000|G3D=34000|cp_on_chip_2=36000|cp_on_chip_3=33000|cp_on_chip_4=34000|rf2_therm=31000|rf1_therm=32000|ISP=33000|TPU=34000|AUR=34000|rfpa_therm=30481|quiet_therm=31082|charging_therm=32752|,BIG=36000|MID=36000|usb_pwr_therm=29346|btmspkr_therm=29301|disp_therm=29257|north_therm=29635|soc_therm=32930|battery=29300|battery_cycle=5|dc-mains=33000|usbc-therm-adc=330|max77779fg=29300|LITTLE=35000|soc=1|smpl_gm=0|vdroop1=0|batoilo=0|batoilo2=0|batt_vs=29300|mdis_morepower=0|thb_hda=51|cp_on_chip_0=34000|cp_on_chip_1=36000|G3D=35000|cp_on_chip_2=36000|cp_on_chip_3=33000|cp_on_chip_4=34000|rf2_therm=31000|rf1_therm=32000|ISP=33000|TPU=34000|AUR=34000|rfpa_therm=30481|quiet_therm=31082|charging_therm=32752|,ok,39000,37000,0,37000,1,single,untouched,4096,8192,28,8192,27100,0,2854493,0,4,4,ok
1,21,nvhe,4,357000,578000,37000,37000,BIG=35000|MID=36000|usb_pwr_therm=29346|btmspkr_therm=29301|disp_therm=29257|north_therm=29635|soc_therm=32907|battery=29300|battery_cycle=5|dc-mains=33000|usbc-therm-adc=330|max77779fg=29300|LITTLE=35000|soc=1|smpl_gm=0|vdroop1=0|batoilo=0|batoilo2=0|batt_vs=29300|mdis_morepower=0|thb_hda=51|cp_on_chip_0=34000|cp_on_chip_1=36000|G3D=34000|cp_on_chip_2=36000|cp_on_chip_3=33000|cp_on_chip_4=34000|rf2_therm=31000|rf1_therm=32000|ISP=33000|TPU=34000|AUR=34000|rfpa_therm=30481|quiet_therm=31082|charging_therm=32752|,BIG=36000|MID=36000|usb_pwr_therm=29346|btmspkr_therm=29301|disp_therm=29257|north_therm=29635|soc_therm=32930|battery=29300|battery_cycle=5|dc-mains=33000|usbc-therm-adc=330|max77779fg=29300|LITTLE=35000|soc=1|smpl_gm=0|vdroop1=0|batoilo=0|batoilo2=0|batt_vs=29300|mdis_morepower=0|thb_hda=51|cp_on_chip_0=34000|cp_on_chip_1=36000|G3D=35000|cp_on_chip_2=36000|cp_on_chip_3=33000|cp_on_chip_4=34000|rf2_therm=31000|rf1_therm=32000|ISP=33000|TPU=34000|AUR=34000|rfpa_therm=30481|quiet_therm=31082|charging_therm=32752|,ok,39000,37000,0,37000,1,single,untouched,4096,8192,29,8192,2319,0,2825602,0,4,4,ok
1,22,nvhe,4,578000,1328000,36000,37000,BIG=35000|MID=35000|usb_pwr_therm=29346|btmspkr_therm=29279|disp_therm=29235|north_therm=29657|soc_therm=32930|battery=29300|battery_cycle=5|dc-mains=33000|usbc-therm-adc=330|max77779fg=29300|LITTLE=35000|soc=1|smpl_gm=0|vdroop1=0|batoilo=0|batoilo2=0|batt_vs=29300|mdis_morepower=0|thb_hda=51|cp_on_chip_0=34000|cp_on_chip_1=36000|G3D=34000|cp_on_chip_2=36000|cp_on_chip_3=33000|cp_on_chip_4=34000|rf2_therm=31000|rf1_therm=32000|ISP=34000|TPU=34000|AUR=34000|rfpa_therm=30459|quiet_therm=31082|charging_therm=32752|,BIG=36000|MID=36000|usb_pwr_therm=29346|btmspkr_therm=29279|disp_therm=29235|north_therm=29657|soc_therm=32930|battery=29400|battery_cycle=5|dc-mains=33000|usbc-therm-adc=330|max77779fg=29300|LITTLE=36000|soc=1|smpl_gm=0|vdroop1=0|batoilo=0|batoilo2=0|batt_vs=29300|mdis_morepower=0|thb_hda=51|cp_on_chip_0=34000|cp_on_chip_1=36000|G3D=35000|cp_on_chip_2=36000|cp_on_chip_3=33000|cp_on_chip_4=34000|rf2_therm=31000|rf1_therm=32000|ISP=34000|TPU=34000|AUR=34000|rfpa_therm=30459|quiet_therm=31082|charging_therm=32752|,ok,39000,37000,0,37000,1,single,touched,4096,4096,0,4096,7461670,4096,6841146,0,4,4,ok
1,22,nvhe,4,578000,1328000,36000,37000,BIG=35000|MID=35000|usb_pwr_therm=29346|btmspkr_therm=29279|disp_therm=29235|north_therm=29657|soc_therm=32930|battery=29300|battery_cycle=5|dc-mains=33000|usbc-therm-adc=330|max77779fg=29300|LITTLE=35000|soc=1|smpl_gm=0|vdroop1=0|batoilo=0|batoilo2=0|batt_vs=29300|mdis_morepower=0|thb_hda=51|cp_on_chip_0=34000|cp_on_chip_1=36000|G3D=34000|cp_on_chip_2=36000|cp_on_chip_3=33000|cp_on_chip_4=34000|rf2_therm=31000|rf1_therm=32000|ISP=34000|TPU=34000|AUR=34000|rfpa_therm=30459|quiet_therm=31082|charging_therm=32752|,BIG=36000|MID=36000|usb_pwr_therm=29346|btmspkr_therm=29279|disp_therm=29235|north_therm=29657|soc_therm=32930|battery=29400|battery_cycle=5|dc-mains=33000|usbc-therm-adc=330|max77779fg=29300|LITTLE=36000|soc=1|smpl_gm=0|vdroop1=0|batoilo=0|batoilo2=0|batt_vs=29300|mdis_morepower=0|thb_hda=51|cp_on_chip_0=34000|cp_on_chip_1=36000|G3D=35000|cp_on_chip_2=36000|cp_on_chip_3=33000|cp_on_chip_4=34000|rf2_therm=31000|rf1_therm=32000|ISP=34000|TPU=34000|AUR=34000|rfpa_therm=30459|quiet_therm=31082|charging_therm=32752|,ok,39000,37000,0,37000,1,single,touched,4096,4096,1,4096,5433349,4096,4929444,0,4,4,ok
1,22,nvhe,4,578000,1328000,36000,37000,BIG=35000|MID=35000|usb_pwr_therm=29346|btmspkr_therm=29279|disp_therm=29235|north_therm=29657|soc_therm=32930|battery=29300|battery_cycle=5|dc-mains=33000|usbc-therm-adc=330|max77779fg=29300|LITTLE=35000|soc=1|smpl_gm=0|vdroop1=0|batoilo=0|batoilo2=0|batt_vs=29300|mdis_morepower=0|thb_hda=51|cp_on_chip_0=34000|cp_on_chip_1=36000|G3D=34000|cp_on_chip_2=36000|cp_on_chip_3=33000|cp_on_chip_4=34000|rf2_therm=31000|rf1_therm=32000|ISP=34000|TPU=34000|AUR=34000|rfpa_therm=30459|quiet_therm=31082|charging_therm=32752|,BIG=36000|MID=36000|usb_pwr_therm=29346|btmspkr_therm=29279|disp_therm=29235|north_therm=29657|soc_therm=32930|battery=29400|battery_cycle=5|dc-mains=33000|usbc-therm-adc=330|max77779fg=29300|LITTLE=36000|soc=1|smpl_gm=0|vdroop1=0|batoilo=0|batoilo2=0|batt_vs=29300|mdis_morepower=0|thb_hda=51|cp_on_chip_0=34000|cp_on_chip_1=36000|G3D=35000|cp_on_chip_2=36000|cp_on_chip_3=33000|cp_on_chip_4=34000|rf2_therm=31000|rf1_therm=32000|ISP=34000|TPU=34000|AUR=34000|rfpa_therm=30459|quiet_therm=31082|charging_therm=32752|,ok,39000,37000,0,37000,1,single,touched,4096,4096,2,4096,4206299,4096,4130290,0,4,4,ok
1,22,nvhe,4,578000,1328000,36000,37000,BIG=35000|MID=35000|usb_pwr_therm=29346|btmspkr_therm=29279|disp_therm=29235|north_therm=29657|soc_therm=32930|battery=29300|battery_cycle=5|dc-mains=33000|usbc-therm-adc=330|max77779fg=29300|LITTLE=35000|soc=1|smpl_gm=0|vdroop1=0|batoilo=0|batoilo2=0|batt_vs=29300|mdis_morepower=0|thb_hda=51|cp_on_chip_0=34000|cp_on_chip_1=36000|G3D=34000|cp_on_chip_2=36000|cp_on_chip_3=33000|cp_on_chip_4=34000|rf2_therm=31000|rf1_therm=32000|ISP=34000|TPU=34000|AUR=34000|rfpa_therm=30459|quiet_therm=31082|charging_therm=32752|,BIG=36000|MID=36000|usb_pwr_therm=29346|btmspkr_therm=29279|disp_therm=29235|north_therm=29657|soc_therm=32930|battery=29400|battery_cycle=5|dc-mains=33000|usbc-therm-adc=330|max77779fg=29300|LITTLE=36000|soc=1|smpl_gm=0|vdroop1=0|batoilo=0|batoilo2=0|batt_vs=29300|mdis_morepower=0|thb_hda=51|cp_on_chip_0=34000|cp_on_chip_1=36000|G3D=35000|cp_on_chip_2=36000|cp_on_chip_3=33000|cp_on_chip_4=34000|rf2_therm=31000|rf1_therm=32000|ISP=34000|TPU=34000|AUR=34000|rfpa_therm=30459|quiet_therm=31082|charging_therm=32752|,ok,39000,37000,0,37000,1,single,touched,4096,4096,3,4096,4010051,4096,3715699,0,4,4,ok
1,22,nvhe,4,578000,1328000,36000,37000,BIG=35000|MID=35000|usb_pwr_therm=29346|btmspkr_therm=29279|disp_therm=29235|north_therm=29657|soc_therm=32930|battery=29300|battery_cycle=5|dc-mains=33000|usbc-therm-adc=330|max77779fg=29300|LITTLE=35000|soc=1|smpl_gm=0|vdroop1=0|batoilo=0|batoilo2=0|batt_vs=29300|mdis_morepower=0|thb_hda=51|cp_on_chip_0=34000|cp_on_chip_1=36000|G3D=34000|cp_on_chip_2=36000|cp_on_chip_3=33000|cp_on_chip_4=34000|rf2_therm=31000|rf1_therm=32000|ISP=34000|TPU=34000|AUR=34000|rfpa_therm=30459|quiet_therm=31082|charging_therm=32752|,BIG=36000|MID=36000|usb_pwr_therm=29346|btmspkr_therm=29279|disp_therm=29235|north_therm=29657|soc_therm=32930|battery=29400|battery_cycle=5|dc-mains=33000|usbc-therm-adc=330|max77779fg=29300|LITTLE=36000|soc=1|smpl_gm=0|vdroop1=0|batoilo=0|batoilo2=0|batt_vs=29300|mdis_morepower=0|thb_hda=51|cp_on_chip_0=34000|cp_on_chip_1=36000|G3D=35000|cp_on_chip_2=36000|cp_on_chip_3=33000|cp_on_chip_4=34000|rf2_therm=31000|rf1_therm=32000|ISP=34000|TPU=34000|AUR=34000|rfpa_therm=30459|quiet_therm=31082|charging_therm=32752|,ok,39000,37000,0,37000,1,single,touched,4096,4096,4,4096,3865072,4096,3593832,0,4,4,ok
1,22,nvhe,4,578000,1328000,36000,37000,BIG=35000|MID=35000|usb_pwr_therm=29346|btmspkr_therm=29279|disp_therm=29235|north_therm=29657|soc_therm=32930|battery=29300|battery_cycle=5|dc-mains=33000|usbc-therm-adc=330|max77779fg=29300|LITTLE=35000|soc=1|smpl_gm=0|vdroop1=0|batoilo=0|batoilo2=0|batt_vs=29300|mdis_morepower=0|thb_hda=51|cp_on_chip_0=34000|cp_on_chip_1=36000|G3D=34000|cp_on_chip_2=36000|cp_on_chip_3=33000|cp_on_chip_4=34000|rf2_therm=31000|rf1_therm=32000|ISP=34000|TPU=34000|AUR=34000|rfpa_therm=30459|quiet_therm=31082|charging_therm=32752|,BIG=36000|MID=36000|usb_pwr_therm=29346|btmspkr_therm=29279|disp_therm=29235|north_therm=29657|soc_therm=32930|battery=29400|battery_cycle=5|dc-mains=33000|usbc-therm-adc=330|max77779fg=29300|LITTLE=36000|soc=1|smpl_gm=0|vdroop1=0|batoilo=0|batoilo2=0|batt_vs=29300|mdis_morepower=0|thb_hda=51|cp_on_chip_0=34000|cp_on_chip_1=36000|G3D=35000|cp_on_chip_2=36000|cp_on_chip_3=33000|cp_on_chip_4=34000|rf2_therm=31000|rf1_therm=32000|ISP=34000|TPU=34000|AUR=34000|rfpa_therm=30459|quiet_therm=31082|charging_therm=32752|,ok,39000,37000,0,37000,1,single,touched,4096,4096,5,4096,3769491,4096,3602946,0,4,4,ok
1,22,nvhe,4,578000,1328000,36000,37000,BIG=35000|MID=35000|usb_pwr_therm=29346|btmspkr_therm=29279|disp_therm=29235|north_therm=29657|soc_therm=32930|battery=29300|battery_cycle=5|dc-mains=33000|usbc-therm-adc=330|max77779fg=29300|LITTLE=35000|soc=1|smpl_gm=0|vdroop1=0|batoilo=0|batoilo2=0|batt_vs=29300|mdis_morepower=0|thb_hda=51|cp_on_chip_0=34000|cp_on_chip_1=36000|G3D=34000|cp_on_chip_2=36000|cp_on_chip_3=33000|cp_on_chip_4=34000|rf2_therm=31000|rf1_therm=32000|ISP=34000|TPU=34000|AUR=34000|rfpa_therm=30459|quiet_therm=31082|charging_therm=32752|,BIG=36000|MID=36000|usb_pwr_therm=29346|btmspkr_therm=29279|disp_therm=29235|north_therm=29657|soc_therm=32930|battery=29400|battery_cycle=5|dc-mains=33000|usbc-therm-adc=330|max77779fg=29300|LITTLE=36000|soc=1|smpl_gm=0|vdroop1=0|batoilo=0|batoilo2=0|batt_vs=29300|mdis_morepower=0|thb_hda=51|cp_on_chip_0=34000|cp_on_chip_1=36000|G3D=35000|cp_on_chip_2=36000|cp_on_chip_3=33000|cp_on_chip_4=34000|rf2_therm=31000|rf1_therm=32000|ISP=34000|TPU=34000|AUR=34000|rfpa_therm=30459|quiet_therm=31082|charging_therm=32752|,ok,39000,37000,0,37000,1,single,touched,4096,4096,6,4096,3754802,4096,3719726,0,4,4,ok
1,22,nvhe,4,578000,1328000,36000,37000,BIG=35000|MID=35000|usb_pwr_therm=29346|btmspkr_therm=29279|disp_therm=29235|north_therm=29657|soc_therm=32930|battery=29300|battery_cycle=5|dc-mains=33000|usbc-therm-adc=330|max77779fg=29300|LITTLE=35000|soc=1|smpl_gm=0|vdroop1=0|batoilo=0|batoilo2=0|batt_vs=29300|mdis_morepower=0|thb_hda=51|cp_on_chip_0=34000|cp_on_chip_1=36000|G3D=34000|cp_on_chip_2=36000|cp_on_chip_3=33000|cp_on_chip_4=34000|rf2_therm=31000|rf1_therm=32000|ISP=34000|TPU=34000|AUR=34000|rfpa_therm=30459|quiet_therm=31082|charging_therm=32752|,BIG=36000|MID=36000|usb_pwr_therm=29346|btmspkr_therm=29279|disp_therm=29235|north_therm=29657|soc_therm=32930|battery=29400|battery_cycle=5|dc-mains=33000|usbc-therm-adc=330|max77779fg=29300|LITTLE=36000|soc=1|smpl_gm=0|vdroop1=0|batoilo=0|batoilo2=0|batt_vs=29300|mdis_morepower=0|thb_hda=51|cp_on_chip_0=34000|cp_on_chip_1=36000|G3D=35000|cp_on_chip_2=36000|cp_on_chip_3=33000|cp_on_chip_4=34000|rf2_therm=31000|rf1_therm=32000|ISP=34000|TPU=34000|AUR=34000|rfpa_therm=30459|quiet_therm=31082|charging_therm=32752|,ok,39000,37000,0,37000,1,single,touched,4096,4096,7,4096,3742269,4096,3669393,0,4,4,ok
1,22,nvhe,4,578000,1328000,36000,37000,BIG=35000|MID=35000|usb_pwr_therm=29346|btmspkr_therm=29279|disp_therm=29235|north_therm=29657|soc_therm=32930|battery=29300|battery_cycle=5|dc-mains=33000|usbc-therm-adc=330|max77779fg=29300|LITTLE=35000|soc=1|smpl_gm=0|vdroop1=0|batoilo=0|batoilo2=0|batt_vs=29300|mdis_morepower=0|thb_hda=51|cp_on_chip_0=34000|cp_on_chip_1=36000|G3D=34000|cp_on_chip_2=36000|cp_on_chip_3=33000|cp_on_chip_4=34000|rf2_therm=31000|rf1_therm=32000|ISP=34000|TPU=34000|AUR=34000|rfpa_therm=30459|quiet_therm=31082|charging_therm=32752|,BIG=36000|MID=36000|usb_pwr_therm=29346|btmspkr_therm=29279|disp_therm=29235|north_therm=29657|soc_therm=32930|battery=29400|battery_cycle=5|dc-mains=33000|usbc-therm-adc=330|max77779fg=29300|LITTLE=36000|soc=1|smpl_gm=0|vdroop1=0|batoilo=0|batoilo2=0|batt_vs=29300|mdis_morepower=0|thb_hda=51|cp_on_chip_0=34000|cp_on_chip_1=36000|G3D=35000|cp_on_chip_2=36000|cp_on_chip_3=33000|cp_on_chip_4=34000|rf2_therm=31000|rf1_therm=32000|ISP=34000|TPU=34000|AUR=34000|rfpa_therm=30459|quiet_therm=31082|charging_therm=32752|,ok,39000,37000,0,37000,1,single,touched,4096,4096,8,4096,3729289,4096,3511353,0,4,4,ok
1,22,nvhe,4,578000,1328000,36000,37000,BIG=35000|MID=35000|usb_pwr_therm=29346|btmspkr_therm=29279|disp_therm=29235|north_therm=29657|soc_therm=32930|battery=29300|battery_cycle=5|dc-mains=33000|usbc-therm-adc=330|max77779fg=29300|LITTLE=35000|soc=1|smpl_gm=0|vdroop1=0|batoilo=0|batoilo2=0|batt_vs=29300|mdis_morepower=0|thb_hda=51|cp_on_chip_0=34000|cp_on_chip_1=36000|G3D=34000|cp_on_chip_2=36000|cp_on_chip_3=33000|cp_on_chip_4=34000|rf2_therm=31000|rf1_therm=32000|ISP=34000|TPU=34000|AUR=34000|rfpa_therm=30459|quiet_therm=31082|charging_therm=32752|,BIG=36000|MID=36000|usb_pwr_therm=29346|btmspkr_therm=29279|disp_therm=29235|north_therm=29657|soc_therm=32930|battery=29400|battery_cycle=5|dc-mains=33000|usbc-therm-adc=330|max77779fg=29300|LITTLE=36000|soc=1|smpl_gm=0|vdroop1=0|batoilo=0|batoilo2=0|batt_vs=29300|mdis_morepower=0|thb_hda=51|cp_on_chip_0=34000|cp_on_chip_1=36000|G3D=35000|cp_on_chip_2=36000|cp_on_chip_3=33000|cp_on_chip_4=34000|rf2_therm=31000|rf1_therm=32000|ISP=34000|TPU=34000|AUR=34000|rfpa_therm=30459|quiet_therm=31082|charging_therm=32752|,ok,39000,37000,0,37000,1,single,touched,4096,4096,9,4096,3792846,4096,3387980,0,4,4,ok
1,22,nvhe,4,578000,1328000,36000,37000,BIG=35000|MID=35000|usb_pwr_therm=29346|btmspkr_therm=29279|disp_therm=29235|north_therm=29657|soc_therm=32930|battery=29300|battery_cycle=5|dc-mains=33000|usbc-therm-adc=330|max77779fg=29300|LITTLE=35000|soc=1|smpl_gm=0|vdroop1=0|batoilo=0|batoilo2=0|batt_vs=29300|mdis_morepower=0|thb_hda=51|cp_on_chip_0=34000|cp_on_chip_1=36000|G3D=34000|cp_on_chip_2=36000|cp_on_chip_3=33000|cp_on_chip_4=34000|rf2_therm=31000|rf1_therm=32000|ISP=34000|TPU=34000|AUR=34000|rfpa_therm=30459|quiet_therm=31082|charging_therm=32752|,BIG=36000|MID=36000|usb_pwr_therm=29346|btmspkr_therm=29279|disp_therm=29235|north_therm=29657|soc_therm=32930|battery=29400|battery_cycle=5|dc-mains=33000|usbc-therm-adc=330|max77779fg=29300|LITTLE=36000|soc=1|smpl_gm=0|vdroop1=0|batoilo=0|batoilo2=0|batt_vs=29300|mdis_morepower=0|thb_hda=51|cp_on_chip_0=34000|cp_on_chip_1=36000|G3D=35000|cp_on_chip_2=36000|cp_on_chip_3=33000|cp_on_chip_4=34000|rf2_therm=31000|rf1_therm=32000|ISP=34000|TPU=34000|AUR=34000|rfpa_therm=30459|quiet_therm=31082|charging_therm=32752|,ok,39000,37000,0,37000,1,single,touched,4096,4096,10,4096,3718709,4096,3396769,0,4,4,ok
1,22,nvhe,4,578000,1328000,36000,37000,BIG=35000|MID=35000|usb_pwr_therm=29346|btmspkr_therm=29279|disp_therm=29235|north_therm=29657|soc_therm=32930|battery=29300|battery_cycle=5|dc-mains=33000|usbc-therm-adc=330|max77779fg=29300|LITTLE=35000|soc=1|smpl_gm=0|vdroop1=0|batoilo=0|batoilo2=0|batt_vs=29300|mdis_morepower=0|thb_hda=51|cp_on_chip_0=34000|cp_on_chip_1=36000|G3D=34000|cp_on_chip_2=36000|cp_on_chip_3=33000|cp_on_chip_4=34000|rf2_therm=31000|rf1_therm=32000|ISP=34000|TPU=34000|AUR=34000|rfpa_therm=30459|quiet_therm=31082|charging_therm=32752|,BIG=36000|MID=36000|usb_pwr_therm=29346|btmspkr_therm=29279|disp_therm=29235|north_therm=29657|soc_therm=32930|battery=29400|battery_cycle=5|dc-mains=33000|usbc-therm-adc=330|max77779fg=29300|LITTLE=36000|soc=1|smpl_gm=0|vdroop1=0|batoilo=0|batoilo2=0|batt_vs=29300|mdis_morepower=0|thb_hda=51|cp_on_chip_0=34000|cp_on_chip_1=36000|G3D=35000|cp_on_chip_2=36000|cp_on_chip_3=33000|cp_on_chip_4=34000|rf2_therm=31000|rf1_therm=32000|ISP=34000|TPU=34000|AUR=34000|rfpa_therm=30459|quiet_therm=31082|charging_therm=32752|,ok,39000,37000,0,37000,1,single,touched,4096,4096,11,4096,3850870,4096,3558838,0,4,4,ok
1,22,nvhe,4,578000,1328000,36000,37000,BIG=35000|MID=35000|usb_pwr_therm=29346|btmspkr_therm=29279|disp_therm=29235|north_therm=29657|soc_therm=32930|battery=29300|battery_cycle=5|dc-mains=33000|usbc-therm-adc=330|max77779fg=29300|LITTLE=35000|soc=1|smpl_gm=0|vdroop1=0|batoilo=0|batoilo2=0|batt_vs=29300|mdis_morepower=0|thb_hda=51|cp_on_chip_0=34000|cp_on_chip_1=36000|G3D=34000|cp_on_chip_2=36000|cp_on_chip_3=33000|cp_on_chip_4=34000|rf2_therm=31000|rf1_therm=32000|ISP=34000|TPU=34000|AUR=34000|rfpa_therm=30459|quiet_therm=31082|charging_therm=32752|,BIG=36000|MID=36000|usb_pwr_therm=29346|btmspkr_therm=29279|disp_therm=29235|north_therm=29657|soc_therm=32930|battery=29400|battery_cycle=5|dc-mains=33000|usbc-therm-adc=330|max77779fg=29300|LITTLE=36000|soc=1|smpl_gm=0|vdroop1=0|batoilo=0|batoilo2=0|batt_vs=29300|mdis_morepower=0|thb_hda=51|cp_on_chip_0=34000|cp_on_chip_1=36000|G3D=35000|cp_on_chip_2=36000|cp_on_chip_3=33000|cp_on_chip_4=34000|rf2_therm=31000|rf1_therm=32000|ISP=34000|TPU=34000|AUR=34000|rfpa_therm=30459|quiet_therm=31082|charging_therm=32752|,ok,39000,37000,0,37000,1,single,touched,4096,4096,12,4096,3821981,4096,3399495,0,4,4,ok
1,22,nvhe,4,578000,1328000,36000,37000,BIG=35000|MID=35000|usb_pwr_therm=29346|btmspkr_therm=29279|disp_therm=29235|north_therm=29657|soc_therm=32930|battery=29300|battery_cycle=5|dc-mains=33000|usbc-therm-adc=330|max77779fg=29300|LITTLE=35000|soc=1|smpl_gm=0|vdroop1=0|batoilo=0|batoilo2=0|batt_vs=29300|mdis_morepower=0|thb_hda=51|cp_on_chip_0=34000|cp_on_chip_1=36000|G3D=34000|cp_on_chip_2=36000|cp_on_chip_3=33000|cp_on_chip_4=34000|rf2_therm=31000|rf1_therm=32000|ISP=34000|TPU=34000|AUR=34000|rfpa_therm=30459|quiet_therm=31082|charging_therm=32752|,BIG=36000|MID=36000|usb_pwr_therm=29346|btmspkr_therm=29279|disp_therm=29235|north_therm=29657|soc_therm=32930|battery=29400|battery_cycle=5|dc-mains=33000|usbc-therm-adc=330|max77779fg=29300|LITTLE=36000|soc=1|smpl_gm=0|vdroop1=0|batoilo=0|batoilo2=0|batt_vs=29300|mdis_morepower=0|thb_hda=51|cp_on_chip_0=34000|cp_on_chip_1=36000|G3D=35000|cp_on_chip_2=36000|cp_on_chip_3=33000|cp_on_chip_4=34000|rf2_therm=31000|rf1_therm=32000|ISP=34000|TPU=34000|AUR=34000|rfpa_therm=30459|quiet_therm=31082|charging_therm=32752|,ok,39000,37000,0,37000,1,single,touched,4096,4096,13,4096,3831665,4096,3895020,0,4,4,ok
1,22,nvhe,4,578000,1328000,36000,37000,BIG=35000|MID=35000|usb_pwr_therm=29346|btmspkr_therm=29279|disp_therm=29235|north_therm=29657|soc_therm=32930|battery=29300|battery_cycle=5|dc-mains=33000|usbc-therm-adc=330|max77779fg=29300|LITTLE=35000|soc=1|smpl_gm=0|vdroop1=0|batoilo=0|batoilo2=0|batt_vs=29300|mdis_morepower=0|thb_hda=51|cp_on_chip_0=34000|cp_on_chip_1=36000|G3D=34000|cp_on_chip_2=36000|cp_on_chip_3=33000|cp_on_chip_4=34000|rf2_therm=31000|rf1_therm=32000|ISP=34000|TPU=34000|AUR=34000|rfpa_therm=30459|quiet_therm=31082|charging_therm=32752|,BIG=36000|MID=36000|usb_pwr_therm=29346|btmspkr_therm=29279|disp_therm=29235|north_therm=29657|soc_therm=32930|battery=29400|battery_cycle=5|dc-mains=33000|usbc-therm-adc=330|max77779fg=29300|LITTLE=36000|soc=1|smpl_gm=0|vdroop1=0|batoilo=0|batoilo2=0|batt_vs=29300|mdis_morepower=0|thb_hda=51|cp_on_chip_0=34000|cp_on_chip_1=36000|G3D=35000|cp_on_chip_2=36000|cp_on_chip_3=33000|cp_on_chip_4=34000|rf2_therm=31000|rf1_therm=32000|ISP=34000|TPU=34000|AUR=34000|rfpa_therm=30459|quiet_therm=31082|charging_therm=32752|,ok,39000,37000,0,37000,1,single,touched,4096,4096,14,4096,3874512,4096,3470011,0,4,4,ok
1,22,nvhe,4,578000,1328000,36000,37000,BIG=35000|MID=35000|usb_pwr_therm=29346|btmspkr_therm=29279|disp_therm=29235|north_therm=29657|soc_therm=32930|battery=29300|battery_cycle=5|dc-mains=33000|usbc-therm-adc=330|max77779fg=29300|LITTLE=35000|soc=1|smpl_gm=0|vdroop1=0|batoilo=0|batoilo2=0|batt_vs=29300|mdis_morepower=0|thb_hda=51|cp_on_chip_0=34000|cp_on_chip_1=36000|G3D=34000|cp_on_chip_2=36000|cp_on_chip_3=33000|cp_on_chip_4=34000|rf2_therm=31000|rf1_therm=32000|ISP=34000|TPU=34000|AUR=34000|rfpa_therm=30459|quiet_therm=31082|charging_therm=32752|,BIG=36000|MID=36000|usb_pwr_therm=29346|btmspkr_therm=29279|disp_therm=29235|north_therm=29657|soc_therm=32930|battery=29400|battery_cycle=5|dc-mains=33000|usbc-therm-adc=330|max77779fg=29300|LITTLE=36000|soc=1|smpl_gm=0|vdroop1=0|batoilo=0|batoilo2=0|batt_vs=29300|mdis_morepower=0|thb_hda=51|cp_on_chip_0=34000|cp_on_chip_1=36000|G3D=35000|cp_on_chip_2=36000|cp_on_chip_3=33000|cp_on_chip_4=34000|rf2_therm=31000|rf1_therm=32000|ISP=34000|TPU=34000|AUR=34000|rfpa_therm=30459|quiet_therm=31082|charging_therm=32752|,ok,39000,37000,0,37000,1,single,touched,4096,4096,15,4096,3750163,4096,3370931,0,4,4,ok
1,22,nvhe,4,578000,1328000,36000,37000,BIG=35000|MID=35000|usb_pwr_therm=29346|btmspkr_therm=29279|disp_therm=29235|north_therm=29657|soc_therm=32930|battery=29300|battery_cycle=5|dc-mains=33000|usbc-therm-adc=330|max77779fg=29300|LITTLE=35000|soc=1|smpl_gm=0|vdroop1=0|batoilo=0|batoilo2=0|batt_vs=29300|mdis_morepower=0|thb_hda=51|cp_on_chip_0=34000|cp_on_chip_1=36000|G3D=34000|cp_on_chip_2=36000|cp_on_chip_3=33000|cp_on_chip_4=34000|rf2_therm=31000|rf1_therm=32000|ISP=34000|TPU=34000|AUR=34000|rfpa_therm=30459|quiet_therm=31082|charging_therm=32752|,BIG=36000|MID=36000|usb_pwr_therm=29346|btmspkr_therm=29279|disp_therm=29235|north_therm=29657|soc_therm=32930|battery=29400|battery_cycle=5|dc-mains=33000|usbc-therm-adc=330|max77779fg=29300|LITTLE=36000|soc=1|smpl_gm=0|vdroop1=0|batoilo=0|batoilo2=0|batt_vs=29300|mdis_morepower=0|thb_hda=51|cp_on_chip_0=34000|cp_on_chip_1=36000|G3D=35000|cp_on_chip_2=36000|cp_on_chip_3=33000|cp_on_chip_4=34000|rf2_therm=31000|rf1_therm=32000|ISP=34000|TPU=34000|AUR=34000|rfpa_therm=30459|quiet_therm=31082|charging_therm=32752|,ok,39000,37000,0,37000,1,single,touched,4096,4096,16,4096,3862630,4096,2991293,0,4,4,ok
1,22,nvhe,4,578000,1328000,36000,37000,BIG=35000|MID=35000|usb_pwr_therm=29346|btmspkr_therm=29279|disp_therm=29235|north_therm=29657|soc_therm=32930|battery=29300|battery_cycle=5|dc-mains=33000|usbc-therm-adc=330|max77779fg=29300|LITTLE=35000|soc=1|smpl_gm=0|vdroop1=0|batoilo=0|batoilo2=0|batt_vs=29300|mdis_morepower=0|thb_hda=51|cp_on_chip_0=34000|cp_on_chip_1=36000|G3D=34000|cp_on_chip_2=36000|cp_on_chip_3=33000|cp_on_chip_4=34000|rf2_therm=31000|rf1_therm=32000|ISP=34000|TPU=34000|AUR=34000|rfpa_therm=30459|quiet_therm=31082|charging_therm=32752|,BIG=36000|MID=36000|usb_pwr_therm=29346|btmspkr_therm=29279|disp_therm=29235|north_therm=29657|soc_therm=32930|battery=29400|battery_cycle=5|dc-mains=33000|usbc-therm-adc=330|max77779fg=29300|LITTLE=36000|soc=1|smpl_gm=0|vdroop1=0|batoilo=0|batoilo2=0|batt_vs=29300|mdis_morepower=0|thb_hda=51|cp_on_chip_0=34000|cp_on_chip_1=36000|G3D=35000|cp_on_chip_2=36000|cp_on_chip_3=33000|cp_on_chip_4=34000|rf2_therm=31000|rf1_therm=32000|ISP=34000|TPU=34000|AUR=34000|rfpa_therm=30459|quiet_therm=31082|charging_therm=32752|,ok,39000,37000,0,37000,1,single,touched,4096,4096,17,4096,3909058,4096,3010742,0,4,4,ok
1,22,nvhe,4,578000,1328000,36000,37000,BIG=35000|MID=35000|usb_pwr_therm=29346|btmspkr_therm=29279|disp_therm=29235|north_therm=29657|soc_therm=32930|battery=29300|battery_cycle=5|dc-mains=33000|usbc-therm-adc=330|max77779fg=29300|LITTLE=35000|soc=1|smpl_gm=0|vdroop1=0|batoilo=0|batoilo2=0|batt_vs=29300|mdis_morepower=0|thb_hda=51|cp_on_chip_0=34000|cp_on_chip_1=36000|G3D=34000|cp_on_chip_2=36000|cp_on_chip_3=33000|cp_on_chip_4=34000|rf2_therm=31000|rf1_therm=32000|ISP=34000|TPU=34000|AUR=34000|rfpa_therm=30459|quiet_therm=31082|charging_therm=32752|,BIG=36000|MID=36000|usb_pwr_therm=29346|btmspkr_therm=29279|disp_therm=29235|north_therm=29657|soc_therm=32930|battery=29400|battery_cycle=5|dc-mains=33000|usbc-therm-adc=330|max77779fg=29300|LITTLE=36000|soc=1|smpl_gm=0|vdroop1=0|batoilo=0|batoilo2=0|batt_vs=29300|mdis_morepower=0|thb_hda=51|cp_on_chip_0=34000|cp_on_chip_1=36000|G3D=35000|cp_on_chip_2=36000|cp_on_chip_3=33000|cp_on_chip_4=34000|rf2_therm=31000|rf1_therm=32000|ISP=34000|TPU=34000|AUR=34000|rfpa_therm=30459|quiet_therm=31082|charging_therm=32752|,ok,39000,37000,0,37000,1,single,touched,4096,4096,18,4096,3836182,4096,3191772,0,4,4,ok
1,22,nvhe,4,578000,1328000,36000,37000,BIG=35000|MID=35000|usb_pwr_therm=29346|btmspkr_therm=29279|disp_therm=29235|north_therm=29657|soc_therm=32930|battery=29300|battery_cycle=5|dc-mains=33000|usbc-therm-adc=330|max77779fg=29300|LITTLE=35000|soc=1|smpl_gm=0|vdroop1=0|batoilo=0|batoilo2=0|batt_vs=29300|mdis_morepower=0|thb_hda=51|cp_on_chip_0=34000|cp_on_chip_1=36000|G3D=34000|cp_on_chip_2=36000|cp_on_chip_3=33000|cp_on_chip_4=34000|rf2_therm=31000|rf1_therm=32000|ISP=34000|TPU=34000|AUR=34000|rfpa_therm=30459|quiet_therm=31082|charging_therm=32752|,BIG=36000|MID=36000|usb_pwr_therm=29346|btmspkr_therm=29279|disp_therm=29235|north_therm=29657|soc_therm=32930|battery=29400|battery_cycle=5|dc-mains=33000|usbc-therm-adc=330|max77779fg=29300|LITTLE=36000|soc=1|smpl_gm=0|vdroop1=0|batoilo=0|batoilo2=0|batt_vs=29300|mdis_morepower=0|thb_hda=51|cp_on_chip_0=34000|cp_on_chip_1=36000|G3D=35000|cp_on_chip_2=36000|cp_on_chip_3=33000|cp_on_chip_4=34000|rf2_therm=31000|rf1_therm=32000|ISP=34000|TPU=34000|AUR=34000|rfpa_therm=30459|quiet_therm=31082|charging_therm=32752|,ok,39000,37000,0,37000,1,single,touched,4096,4096,19,4096,3831624,4096,3011516,0,4,4,ok
1,22,nvhe,4,578000,1328000,36000,37000,BIG=35000|MID=35000|usb_pwr_therm=29346|btmspkr_therm=29279|disp_therm=29235|north_therm=29657|soc_therm=32930|battery=29300|battery_cycle=5|dc-mains=33000|usbc-therm-adc=330|max77779fg=29300|LITTLE=35000|soc=1|smpl_gm=0|vdroop1=0|batoilo=0|batoilo2=0|batt_vs=29300|mdis_morepower=0|thb_hda=51|cp_on_chip_0=34000|cp_on_chip_1=36000|G3D=34000|cp_on_chip_2=36000|cp_on_chip_3=33000|cp_on_chip_4=34000|rf2_therm=31000|rf1_therm=32000|ISP=34000|TPU=34000|AUR=34000|rfpa_therm=30459|quiet_therm=31082|charging_therm=32752|,BIG=36000|MID=36000|usb_pwr_therm=29346|btmspkr_therm=29279|disp_therm=29235|north_therm=29657|soc_therm=32930|battery=29400|battery_cycle=5|dc-mains=33000|usbc-therm-adc=330|max77779fg=29300|LITTLE=36000|soc=1|smpl_gm=0|vdroop1=0|batoilo=0|batoilo2=0|batt_vs=29300|mdis_morepower=0|thb_hda=51|cp_on_chip_0=34000|cp_on_chip_1=36000|G3D=35000|cp_on_chip_2=36000|cp_on_chip_3=33000|cp_on_chip_4=34000|rf2_therm=31000|rf1_therm=32000|ISP=34000|TPU=34000|AUR=34000|rfpa_therm=30459|quiet_therm=31082|charging_therm=32752|,ok,39000,37000,0,37000,1,single,touched,4096,4096,20,4096,3860840,4096,3534464,0,4,4,ok
1,22,nvhe,4,578000,1328000,36000,37000,BIG=35000|MID=35000|usb_pwr_therm=29346|btmspkr_therm=29279|disp_therm=29235|north_therm=29657|soc_therm=32930|battery=29300|battery_cycle=5|dc-mains=33000|usbc-therm-adc=330|max77779fg=29300|LITTLE=35000|soc=1|smpl_gm=0|vdroop1=0|batoilo=0|batoilo2=0|batt_vs=29300|mdis_morepower=0|thb_hda=51|cp_on_chip_0=34000|cp_on_chip_1=36000|G3D=34000|cp_on_chip_2=36000|cp_on_chip_3=33000|cp_on_chip_4=34000|rf2_therm=31000|rf1_therm=32000|ISP=34000|TPU=34000|AUR=34000|rfpa_therm=30459|quiet_therm=31082|charging_therm=32752|,BIG=36000|MID=36000|usb_pwr_therm=29346|btmspkr_therm=29279|disp_therm=29235|north_therm=29657|soc_therm=32930|battery=29400|battery_cycle=5|dc-mains=33000|usbc-therm-adc=330|max77779fg=29300|LITTLE=36000|soc=1|smpl_gm=0|vdroop1=0|batoilo=0|batoilo2=0|batt_vs=29300|mdis_morepower=0|thb_hda=51|cp_on_chip_0=34000|cp_on_chip_1=36000|G3D=35000|cp_on_chip_2=36000|cp_on_chip_3=33000|cp_on_chip_4=34000|rf2_therm=31000|rf1_therm=32000|ISP=34000|TPU=34000|AUR=34000|rfpa_therm=30459|quiet_therm=31082|charging_therm=32752|,ok,39000,37000,0,37000,1,single,touched,4096,4096,21,4096,3798462,4096,3170695,0,4,4,ok
1,22,nvhe,4,578000,1328000,36000,37000,BIG=35000|MID=35000|usb_pwr_therm=29346|btmspkr_therm=29279|disp_therm=29235|north_therm=29657|soc_therm=32930|battery=29300|battery_cycle=5|dc-mains=33000|usbc-therm-adc=330|max77779fg=29300|LITTLE=35000|soc=1|smpl_gm=0|vdroop1=0|batoilo=0|batoilo2=0|batt_vs=29300|mdis_morepower=0|thb_hda=51|cp_on_chip_0=34000|cp_on_chip_1=36000|G3D=34000|cp_on_chip_2=36000|cp_on_chip_3=33000|cp_on_chip_4=34000|rf2_therm=31000|rf1_therm=32000|ISP=34000|TPU=34000|AUR=34000|rfpa_therm=30459|quiet_therm=31082|charging_therm=32752|,BIG=36000|MID=36000|usb_pwr_therm=29346|btmspkr_therm=29279|disp_therm=29235|north_therm=29657|soc_therm=32930|battery=29400|battery_cycle=5|dc-mains=33000|usbc-therm-adc=330|max77779fg=29300|LITTLE=36000|soc=1|smpl_gm=0|vdroop1=0|batoilo=0|batoilo2=0|batt_vs=29300|mdis_morepower=0|thb_hda=51|cp_on_chip_0=34000|cp_on_chip_1=36000|G3D=35000|cp_on_chip_2=36000|cp_on_chip_3=33000|cp_on_chip_4=34000|rf2_therm=31000|rf1_therm=32000|ISP=34000|TPU=34000|AUR=34000|rfpa_therm=30459|quiet_therm=31082|charging_therm=32752|,ok,39000,37000,0,37000,1,single,touched,4096,4096,22,4096,3822225,4096,3011434,0,4,4,ok
1,22,nvhe,4,578000,1328000,36000,37000,BIG=35000|MID=35000|usb_pwr_therm=29346|btmspkr_therm=29279|disp_therm=29235|north_therm=29657|soc_therm=32930|battery=29300|battery_cycle=5|dc-mains=33000|usbc-therm-adc=330|max77779fg=29300|LITTLE=35000|soc=1|smpl_gm=0|vdroop1=0|batoilo=0|batoilo2=0|batt_vs=29300|mdis_morepower=0|thb_hda=51|cp_on_chip_0=34000|cp_on_chip_1=36000|G3D=34000|cp_on_chip_2=36000|cp_on_chip_3=33000|cp_on_chip_4=34000|rf2_therm=31000|rf1_therm=32000|ISP=34000|TPU=34000|AUR=34000|rfpa_therm=30459|quiet_therm=31082|charging_therm=32752|,BIG=36000|MID=36000|usb_pwr_therm=29346|btmspkr_therm=29279|disp_therm=29235|north_therm=29657|soc_therm=32930|battery=29400|battery_cycle=5|dc-mains=33000|usbc-therm-adc=330|max77779fg=29300|LITTLE=36000|soc=1|smpl_gm=0|vdroop1=0|batoilo=0|batoilo2=0|batt_vs=29300|mdis_morepower=0|thb_hda=51|cp_on_chip_0=34000|cp_on_chip_1=36000|G3D=35000|cp_on_chip_2=36000|cp_on_chip_3=33000|cp_on_chip_4=34000|rf2_therm=31000|rf1_therm=32000|ISP=34000|TPU=34000|AUR=34000|rfpa_therm=30459|quiet_therm=31082|charging_therm=32752|,ok,39000,37000,0,37000,1,single,touched,4096,4096,23,4096,3784220,4096,3235799,0,4,4,ok
1,22,nvhe,4,578000,1328000,36000,37000,BIG=35000|MID=35000|usb_pwr_therm=29346|btmspkr_therm=29279|disp_therm=29235|north_therm=29657|soc_therm=32930|battery=29300|battery_cycle=5|dc-mains=33000|usbc-therm-adc=330|max77779fg=29300|LITTLE=35000|soc=1|smpl_gm=0|vdroop1=0|batoilo=0|batoilo2=0|batt_vs=29300|mdis_morepower=0|thb_hda=51|cp_on_chip_0=34000|cp_on_chip_1=36000|G3D=34000|cp_on_chip_2=36000|cp_on_chip_3=33000|cp_on_chip_4=34000|rf2_therm=31000|rf1_therm=32000|ISP=34000|TPU=34000|AUR=34000|rfpa_therm=30459|quiet_therm=31082|charging_therm=32752|,BIG=36000|MID=36000|usb_pwr_therm=29346|btmspkr_therm=29279|disp_therm=29235|north_therm=29657|soc_therm=32930|battery=29400|battery_cycle=5|dc-mains=33000|usbc-therm-adc=330|max77779fg=29300|LITTLE=36000|soc=1|smpl_gm=0|vdroop1=0|batoilo=0|batoilo2=0|batt_vs=29300|mdis_morepower=0|thb_hda=51|cp_on_chip_0=34000|cp_on_chip_1=36000|G3D=35000|cp_on_chip_2=36000|cp_on_chip_3=33000|cp_on_chip_4=34000|rf2_therm=31000|rf1_therm=32000|ISP=34000|TPU=34000|AUR=34000|rfpa_therm=30459|quiet_therm=31082|charging_therm=32752|,ok,39000,37000,0,37000,1,single,touched,4096,4096,24,4096,3833374,4096,2978271,0,4,4,ok
1,22,nvhe,4,578000,1328000,36000,37000,BIG=35000|MID=35000|usb_pwr_therm=29346|btmspkr_therm=29279|disp_therm=29235|north_therm=29657|soc_therm=32930|battery=29300|battery_cycle=5|dc-mains=33000|usbc-therm-adc=330|max77779fg=29300|LITTLE=35000|soc=1|smpl_gm=0|vdroop1=0|batoilo=0|batoilo2=0|batt_vs=29300|mdis_morepower=0|thb_hda=51|cp_on_chip_0=34000|cp_on_chip_1=36000|G3D=34000|cp_on_chip_2=36000|cp_on_chip_3=33000|cp_on_chip_4=34000|rf2_therm=31000|rf1_therm=32000|ISP=34000|TPU=34000|AUR=34000|rfpa_therm=30459|quiet_therm=31082|charging_therm=32752|,BIG=36000|MID=36000|usb_pwr_therm=29346|btmspkr_therm=29279|disp_therm=29235|north_therm=29657|soc_therm=32930|battery=29400|battery_cycle=5|dc-mains=33000|usbc-therm-adc=330|max77779fg=29300|LITTLE=36000|soc=1|smpl_gm=0|vdroop1=0|batoilo=0|batoilo2=0|batt_vs=29300|mdis_morepower=0|thb_hda=51|cp_on_chip_0=34000|cp_on_chip_1=36000|G3D=35000|cp_on_chip_2=36000|cp_on_chip_3=33000|cp_on_chip_4=34000|rf2_therm=31000|rf1_therm=32000|ISP=34000|TPU=34000|AUR=34000|rfpa_therm=30459|quiet_therm=31082|charging_therm=32752|,ok,39000,37000,0,37000,1,single,touched,4096,4096,25,4096,3775390,4096,3235962,0,4,4,ok
1,22,nvhe,4,578000,1328000,36000,37000,BIG=35000|MID=35000|usb_pwr_therm=29346|btmspkr_therm=29279|disp_therm=29235|north_therm=29657|soc_therm=32930|battery=29300|battery_cycle=5|dc-mains=33000|usbc-therm-adc=330|max77779fg=29300|LITTLE=35000|soc=1|smpl_gm=0|vdroop1=0|batoilo=0|batoilo2=0|batt_vs=29300|mdis_morepower=0|thb_hda=51|cp_on_chip_0=34000|cp_on_chip_1=36000|G3D=34000|cp_on_chip_2=36000|cp_on_chip_3=33000|cp_on_chip_4=34000|rf2_therm=31000|rf1_therm=32000|ISP=34000|TPU=34000|AUR=34000|rfpa_therm=30459|quiet_therm=31082|charging_therm=32752|,BIG=36000|MID=36000|usb_pwr_therm=29346|btmspkr_therm=29279|disp_therm=29235|north_therm=29657|soc_therm=32930|battery=29400|battery_cycle=5|dc-mains=33000|usbc-therm-adc=330|max77779fg=29300|LITTLE=36000|soc=1|smpl_gm=0|vdroop1=0|batoilo=0|batoilo2=0|batt_vs=29300|mdis_morepower=0|thb_hda=51|cp_on_chip_0=34000|cp_on_chip_1=36000|G3D=35000|cp_on_chip_2=36000|cp_on_chip_3=33000|cp_on_chip_4=34000|rf2_therm=31000|rf1_therm=32000|ISP=34000|TPU=34000|AUR=34000|rfpa_therm=30459|quiet_therm=31082|charging_therm=32752|,ok,39000,37000,0,37000,1,single,touched,4096,4096,26,4096,3850586,4096,3212036,0,4,4,ok
1,22,nvhe,4,578000,1328000,36000,37000,BIG=35000|MID=35000|usb_pwr_therm=29346|btmspkr_therm=29279|disp_therm=29235|north_therm=29657|soc_therm=32930|battery=29300|battery_cycle=5|dc-mains=33000|usbc-therm-adc=330|max77779fg=29300|LITTLE=35000|soc=1|smpl_gm=0|vdroop1=0|batoilo=0|batoilo2=0|batt_vs=29300|mdis_morepower=0|thb_hda=51|cp_on_chip_0=34000|cp_on_chip_1=36000|G3D=34000|cp_on_chip_2=36000|cp_on_chip_3=33000|cp_on_chip_4=34000|rf2_therm=31000|rf1_therm=32000|ISP=34000|TPU=34000|AUR=34000|rfpa_therm=30459|quiet_therm=31082|charging_therm=32752|,BIG=36000|MID=36000|usb_pwr_therm=29346|btmspkr_therm=29279|disp_therm=29235|north_therm=29657|soc_therm=32930|battery=29400|battery_cycle=5|dc-mains=33000|usbc-therm-adc=330|max77779fg=29300|LITTLE=36000|soc=1|smpl_gm=0|vdroop1=0|batoilo=0|batoilo2=0|batt_vs=29300|mdis_morepower=0|thb_hda=51|cp_on_chip_0=34000|cp_on_chip_1=36000|G3D=35000|cp_on_chip_2=36000|cp_on_chip_3=33000|cp_on_chip_4=34000|rf2_therm=31000|rf1_therm=32000|ISP=34000|TPU=34000|AUR=34000|rfpa_therm=30459|quiet_therm=31082|charging_therm=32752|,ok,39000,37000,0,37000,1,single,touched,4096,4096,27,4096,3786255,4096,3000814,0,4,4,ok
1,22,nvhe,4,578000,1328000,36000,37000,BIG=35000|MID=35000|usb_pwr_therm=29346|btmspkr_therm=29279|disp_therm=29235|north_therm=29657|soc_therm=32930|battery=29300|battery_cycle=5|dc-mains=33000|usbc-therm-adc=330|max77779fg=29300|LITTLE=35000|soc=1|smpl_gm=0|vdroop1=0|batoilo=0|batoilo2=0|batt_vs=29300|mdis_morepower=0|thb_hda=51|cp_on_chip_0=34000|cp_on_chip_1=36000|G3D=34000|cp_on_chip_2=36000|cp_on_chip_3=33000|cp_on_chip_4=34000|rf2_therm=31000|rf1_therm=32000|ISP=34000|TPU=34000|AUR=34000|rfpa_therm=30459|quiet_therm=31082|charging_therm=32752|,BIG=36000|MID=36000|usb_pwr_therm=29346|btmspkr_therm=29279|disp_therm=29235|north_therm=29657|soc_therm=32930|battery=29400|battery_cycle=5|dc-mains=33000|usbc-therm-adc=330|max77779fg=29300|LITTLE=36000|soc=1|smpl_gm=0|vdroop1=0|batoilo=0|batoilo2=0|batt_vs=29300|mdis_morepower=0|thb_hda=51|cp_on_chip_0=34000|cp_on_chip_1=36000|G3D=35000|cp_on_chip_2=36000|cp_on_chip_3=33000|cp_on_chip_4=34000|rf2_therm=31000|rf1_therm=32000|ISP=34000|TPU=34000|AUR=34000|rfpa_therm=30459|quiet_therm=31082|charging_therm=32752|,ok,39000,37000,0,37000,1,single,touched,4096,4096,28,4096,3845011,4096,3006998,0,4,4,ok
1,22,nvhe,4,578000,1328000,36000,37000,BIG=35000|MID=35000|usb_pwr_therm=29346|btmspkr_therm=29279|disp_therm=29235|north_therm=29657|soc_therm=32930|battery=29300|battery_cycle=5|dc-mains=33000|usbc-therm-adc=330|max77779fg=29300|LITTLE=35000|soc=1|smpl_gm=0|vdroop1=0|batoilo=0|batoilo2=0|batt_vs=29300|mdis_morepower=0|thb_hda=51|cp_on_chip_0=34000|cp_on_chip_1=36000|G3D=34000|cp_on_chip_2=36000|cp_on_chip_3=33000|cp_on_chip_4=34000|rf2_therm=31000|rf1_therm=32000|ISP=34000|TPU=34000|AUR=34000|rfpa_therm=30459|quiet_therm=31082|charging_therm=32752|,BIG=36000|MID=36000|usb_pwr_therm=29346|btmspkr_therm=29279|disp_therm=29235|north_therm=29657|soc_therm=32930|battery=29400|battery_cycle=5|dc-mains=33000|usbc-therm-adc=330|max77779fg=29300|LITTLE=36000|soc=1|smpl_gm=0|vdroop1=0|batoilo=0|batoilo2=0|batt_vs=29300|mdis_morepower=0|thb_hda=51|cp_on_chip_0=34000|cp_on_chip_1=36000|G3D=35000|cp_on_chip_2=36000|cp_on_chip_3=33000|cp_on_chip_4=34000|rf2_therm=31000|rf1_therm=32000|ISP=34000|TPU=34000|AUR=34000|rfpa_therm=30459|quiet_therm=31082|charging_therm=32752|,ok,39000,37000,0,37000,1,single,touched,4096,4096,29,4096,3799927,4096,2992513,0,4,4,ok
1,23,nvhe,4,1795000,1945000,37000,39000,BIG=35000|MID=36000|usb_pwr_therm=29346|btmspkr_therm=29257|disp_therm=29235|north_therm=29657|soc_therm=32952|battery=29300|battery_cycle=5|dc-mains=33000|usbc-therm-adc=330|max77779fg=29300|LITTLE=36000|soc=1|smpl_gm=0|vdroop1=0|batoilo=0|batoilo2=0|batt_vs=29300|mdis_morepower=0|thb_hda=51|cp_on_chip_0=34000|cp_on_chip_1=36000|G3D=35000|cp_on_chip_2=36000|cp_on_chip_3=33000|cp_on_chip_4=34000|rf2_therm=31000|rf1_therm=32000|ISP=34000|TPU=35000|AUR=34000|rfpa_therm=30481|quiet_therm=31104|charging_therm=32774|,BIG=36000|MID=36000|usb_pwr_therm=29346|btmspkr_therm=29257|disp_therm=29235|north_therm=29657|soc_therm=32996|battery=29300|battery_cycle=5|dc-mains=33000|usbc-therm-adc=330|max77779fg=29300|LITTLE=35000|soc=1|smpl_gm=0|vdroop1=0|batoilo=0|batoilo2=0|batt_vs=29300|mdis_morepower=0|thb_hda=51|cp_on_chip_0=34000|cp_on_chip_1=36000|G3D=35000|cp_on_chip_2=36000|cp_on_chip_3=33000|cp_on_chip_4=34000|rf2_therm=31000|rf1_therm=32000|ISP=33000|TPU=34000|AUR=34000|rfpa_therm=30481|quiet_therm=31104|charging_therm=32796|,ok,39000,37000,0,37000,1,single,touched,4096,8192,0,8192,21636882,8192,15966959,0,4,4,ok
1,23,nvhe,4,1795000,1945000,37000,39000,BIG=35000|MID=36000|usb_pwr_therm=29346|btmspkr_therm=29257|disp_therm=29235|north_therm=29657|soc_therm=32952|battery=29300|battery_cycle=5|dc-mains=33000|usbc-therm-adc=330|max77779fg=29300|LITTLE=36000|soc=1|smpl_gm=0|vdroop1=0|batoilo=0|batoilo2=0|batt_vs=29300|mdis_morepower=0|thb_hda=51|cp_on_chip_0=34000|cp_on_chip_1=36000|G3D=35000|cp_on_chip_2=36000|cp_on_chip_3=33000|cp_on_chip_4=34000|rf2_therm=31000|rf1_therm=32000|ISP=34000|TPU=35000|AUR=34000|rfpa_therm=30481|quiet_therm=31104|charging_therm=32774|,BIG=36000|MID=36000|usb_pwr_therm=29346|btmspkr_therm=29257|disp_therm=29235|north_therm=29657|soc_therm=32996|battery=29300|battery_cycle=5|dc-mains=33000|usbc-therm-adc=330|max77779fg=29300|LITTLE=35000|soc=1|smpl_gm=0|vdroop1=0|batoilo=0|batoilo2=0|batt_vs=29300|mdis_morepower=0|thb_hda=51|cp_on_chip_0=34000|cp_on_chip_1=36000|G3D=35000|cp_on_chip_2=36000|cp_on_chip_3=33000|cp_on_chip_4=34000|rf2_therm=31000|rf1_therm=32000|ISP=33000|TPU=34000|AUR=34000|rfpa_therm=30481|quiet_therm=31104|charging_therm=32796|,ok,39000,37000,0,37000,1,single,touched,4096,8192,1,8192,13398438,8192,11823120,0,4,4,ok
1,23,nvhe,4,1795000,1945000,37000,39000,BIG=35000|MID=36000|usb_pwr_therm=29346|btmspkr_therm=29257|disp_therm=29235|north_therm=29657|soc_therm=32952|battery=29300|battery_cycle=5|dc-mains=33000|usbc-therm-adc=330|max77779fg=29300|LITTLE=36000|soc=1|smpl_gm=0|vdroop1=0|batoilo=0|batoilo2=0|batt_vs=29300|mdis_morepower=0|thb_hda=51|cp_on_chip_0=34000|cp_on_chip_1=36000|G3D=35000|cp_on_chip_2=36000|cp_on_chip_3=33000|cp_on_chip_4=34000|rf2_therm=31000|rf1_therm=32000|ISP=34000|TPU=35000|AUR=34000|rfpa_therm=30481|quiet_therm=31104|charging_therm=32774|,BIG=36000|MID=36000|usb_pwr_therm=29346|btmspkr_therm=29257|disp_therm=29235|north_therm=29657|soc_therm=32996|battery=29300|battery_cycle=5|dc-mains=33000|usbc-therm-adc=330|max77779fg=29300|LITTLE=35000|soc=1|smpl_gm=0|vdroop1=0|batoilo=0|batoilo2=0|batt_vs=29300|mdis_morepower=0|thb_hda=51|cp_on_chip_0=34000|cp_on_chip_1=36000|G3D=35000|cp_on_chip_2=36000|cp_on_chip_3=33000|cp_on_chip_4=34000|rf2_therm=31000|rf1_therm=32000|ISP=33000|TPU=34000|AUR=34000|rfpa_therm=30481|quiet_therm=31104|charging_therm=32796|,ok,39000,37000,0,37000,1,single,touched,4096,8192,2,8192,9366170,8192,8201782,0,4,4,ok
1,23,nvhe,4,1795000,1945000,37000,39000,BIG=35000|MID=36000|usb_pwr_therm=29346|btmspkr_therm=29257|disp_therm=29235|north_therm=29657|soc_therm=32952|battery=29300|battery_cycle=5|dc-mains=33000|usbc-therm-adc=330|max77779fg=29300|LITTLE=36000|soc=1|smpl_gm=0|vdroop1=0|batoilo=0|batoilo2=0|batt_vs=29300|mdis_morepower=0|thb_hda=51|cp_on_chip_0=34000|cp_on_chip_1=36000|G3D=35000|cp_on_chip_2=36000|cp_on_chip_3=33000|cp_on_chip_4=34000|rf2_therm=31000|rf1_therm=32000|ISP=34000|TPU=35000|AUR=34000|rfpa_therm=30481|quiet_therm=31104|charging_therm=32774|,BIG=36000|MID=36000|usb_pwr_therm=29346|btmspkr_therm=29257|disp_therm=29235|north_therm=29657|soc_therm=32996|battery=29300|battery_cycle=5|dc-mains=33000|usbc-therm-adc=330|max77779fg=29300|LITTLE=35000|soc=1|smpl_gm=0|vdroop1=0|batoilo=0|batoilo2=0|batt_vs=29300|mdis_morepower=0|thb_hda=51|cp_on_chip_0=34000|cp_on_chip_1=36000|G3D=35000|cp_on_chip_2=36000|cp_on_chip_3=33000|cp_on_chip_4=34000|rf2_therm=31000|rf1_therm=32000|ISP=33000|TPU=34000|AUR=34000|rfpa_therm=30481|quiet_therm=31104|charging_therm=32796|,ok,39000,37000,0,37000,1,single,touched,4096,8192,3,8192,8244833,8192,7220378,0,4,4,ok
1,23,nvhe,4,1795000,1945000,37000,39000,BIG=35000|MID=36000|usb_pwr_therm=29346|btmspkr_therm=29257|disp_therm=29235|north_therm=29657|soc_therm=32952|battery=29300|battery_cycle=5|dc-mains=33000|usbc-therm-adc=330|max77779fg=29300|LITTLE=36000|soc=1|smpl_gm=0|vdroop1=0|batoilo=0|batoilo2=0|batt_vs=29300|mdis_morepower=0|thb_hda=51|cp_on_chip_0=34000|cp_on_chip_1=36000|G3D=35000|cp_on_chip_2=36000|cp_on_chip_3=33000|cp_on_chip_4=34000|rf2_therm=31000|rf1_therm=32000|ISP=34000|TPU=35000|AUR=34000|rfpa_therm=30481|quiet_therm=31104|charging_therm=32774|,BIG=36000|MID=36000|usb_pwr_therm=29346|btmspkr_therm=29257|disp_therm=29235|north_therm=29657|soc_therm=32996|battery=29300|battery_cycle=5|dc-mains=33000|usbc-therm-adc=330|max77779fg=29300|LITTLE=35000|soc=1|smpl_gm=0|vdroop1=0|batoilo=0|batoilo2=0|batt_vs=29300|mdis_morepower=0|thb_hda=51|cp_on_chip_0=34000|cp_on_chip_1=36000|G3D=35000|cp_on_chip_2=36000|cp_on_chip_3=33000|cp_on_chip_4=34000|rf2_therm=31000|rf1_therm=32000|ISP=33000|TPU=34000|AUR=34000|rfpa_therm=30481|quiet_therm=31104|charging_therm=32796|,ok,39000,37000,0,37000,1,single,touched,4096,8192,4,8192,7834513,8192,6867880,0,4,4,ok
1,23,nvhe,4,1795000,1945000,37000,39000,BIG=35000|MID=36000|usb_pwr_therm=29346|btmspkr_therm=29257|disp_therm=29235|north_therm=29657|soc_therm=32952|battery=29300|battery_cycle=5|dc-mains=33000|usbc-therm-adc=330|max77779fg=29300|LITTLE=36000|soc=1|smpl_gm=0|vdroop1=0|batoilo=0|batoilo2=0|batt_vs=29300|mdis_morepower=0|thb_hda=51|cp_on_chip_0=34000|cp_on_chip_1=36000|G3D=35000|cp_on_chip_2=36000|cp_on_chip_3=33000|cp_on_chip_4=34000|rf2_therm=31000|rf1_therm=32000|ISP=34000|TPU=35000|AUR=34000|rfpa_therm=30481|quiet_therm=31104|charging_therm=32774|,BIG=36000|MID=36000|usb_pwr_therm=29346|btmspkr_therm=29257|disp_therm=29235|north_therm=29657|soc_therm=32996|battery=29300|battery_cycle=5|dc-mains=33000|usbc-therm-adc=330|max77779fg=29300|LITTLE=35000|soc=1|smpl_gm=0|vdroop1=0|batoilo=0|batoilo2=0|batt_vs=29300|mdis_morepower=0|thb_hda=51|cp_on_chip_0=34000|cp_on_chip_1=36000|G3D=35000|cp_on_chip_2=36000|cp_on_chip_3=33000|cp_on_chip_4=34000|rf2_therm=31000|rf1_therm=32000|ISP=33000|TPU=34000|AUR=34000|rfpa_therm=30481|quiet_therm=31104|charging_therm=32796|,ok,39000,37000,0,37000,1,single,touched,4096,8192,5,8192,7682658,8192,6891073,0,4,4,ok
1,23,nvhe,4,1795000,1945000,37000,39000,BIG=35000|MID=36000|usb_pwr_therm=29346|btmspkr_therm=29257|disp_therm=29235|north_therm=29657|soc_therm=32952|battery=29300|battery_cycle=5|dc-mains=33000|usbc-therm-adc=330|max77779fg=29300|LITTLE=36000|soc=1|smpl_gm=0|vdroop1=0|batoilo=0|batoilo2=0|batt_vs=29300|mdis_morepower=0|thb_hda=51|cp_on_chip_0=34000|cp_on_chip_1=36000|G3D=35000|cp_on_chip_2=36000|cp_on_chip_3=33000|cp_on_chip_4=34000|rf2_therm=31000|rf1_therm=32000|ISP=34000|TPU=35000|AUR=34000|rfpa_therm=30481|quiet_therm=31104|charging_therm=32774|,BIG=36000|MID=36000|usb_pwr_therm=29346|btmspkr_therm=29257|disp_therm=29235|north_therm=29657|soc_therm=32996|battery=29300|battery_cycle=5|dc-mains=33000|usbc-therm-adc=330|max77779fg=29300|LITTLE=35000|soc=1|smpl_gm=0|vdroop1=0|batoilo=0|batoilo2=0|batt_vs=29300|mdis_morepower=0|thb_hda=51|cp_on_chip_0=34000|cp_on_chip_1=36000|G3D=35000|cp_on_chip_2=36000|cp_on_chip_3=33000|cp_on_chip_4=34000|rf2_therm=31000|rf1_therm=32000|ISP=33000|TPU=34000|AUR=34000|rfpa_therm=30481|quiet_therm=31104|charging_therm=32796|,ok,39000,37000,0,37000,1,single,touched,4096,8192,6,8192,7390869,8192,6648193,0,4,4,ok
1,23,nvhe,4,1795000,1945000,37000,39000,BIG=35000|MID=36000|usb_pwr_therm=29346|btmspkr_therm=29257|disp_therm=29235|north_therm=29657|soc_therm=32952|battery=29300|battery_cycle=5|dc-mains=33000|usbc-therm-adc=330|max77779fg=29300|LITTLE=36000|soc=1|smpl_gm=0|vdroop1=0|batoilo=0|batoilo2=0|batt_vs=29300|mdis_morepower=0|thb_hda=51|cp_on_chip_0=34000|cp_on_chip_1=36000|G3D=35000|cp_on_chip_2=36000|cp_on_chip_3=33000|cp_on_chip_4=34000|rf2_therm=31000|rf1_therm=32000|ISP=34000|TPU=35000|AUR=34000|rfpa_therm=30481|quiet_therm=31104|charging_therm=32774|,BIG=36000|MID=36000|usb_pwr_therm=29346|btmspkr_therm=29257|disp_therm=29235|north_therm=29657|soc_therm=32996|battery=29300|battery_cycle=5|dc-mains=33000|usbc-therm-adc=330|max77779fg=29300|LITTLE=35000|soc=1|smpl_gm=0|vdroop1=0|batoilo=0|batoilo2=0|batt_vs=29300|mdis_morepower=0|thb_hda=51|cp_on_chip_0=34000|cp_on_chip_1=36000|G3D=35000|cp_on_chip_2=36000|cp_on_chip_3=33000|cp_on_chip_4=34000|rf2_therm=31000|rf1_therm=32000|ISP=33000|TPU=34000|AUR=34000|rfpa_therm=30481|quiet_therm=31104|charging_therm=32796|,ok,39000,37000,0,37000,1,single,touched,4096,8192,7,8192,7377360,8192,6741496,0,4,4,ok
1,23,nvhe,4,1795000,1945000,37000,39000,BIG=35000|MID=36000|usb_pwr_therm=29346|btmspkr_therm=29257|disp_therm=29235|north_therm=29657|soc_therm=32952|battery=29300|battery_cycle=5|dc-mains=33000|usbc-therm-adc=330|max77779fg=29300|LITTLE=36000|soc=1|smpl_gm=0|vdroop1=0|batoilo=0|batoilo2=0|batt_vs=29300|mdis_morepower=0|thb_hda=51|cp_on_chip_0=34000|cp_on_chip_1=36000|G3D=35000|cp_on_chip_2=36000|cp_on_chip_3=33000|cp_on_chip_4=34000|rf2_therm=31000|rf1_therm=32000|ISP=34000|TPU=35000|AUR=34000|rfpa_therm=30481|quiet_therm=31104|charging_therm=32774|,BIG=36000|MID=36000|usb_pwr_therm=29346|btmspkr_therm=29257|disp_therm=29235|north_therm=29657|soc_therm=32996|battery=29300|battery_cycle=5|dc-mains=33000|usbc-therm-adc=330|max77779fg=29300|LITTLE=35000|soc=1|smpl_gm=0|vdroop1=0|batoilo=0|batoilo2=0|batt_vs=29300|mdis_morepower=0|thb_hda=51|cp_on_chip_0=34000|cp_on_chip_1=36000|G3D=35000|cp_on_chip_2=36000|cp_on_chip_3=33000|cp_on_chip_4=34000|rf2_therm=31000|rf1_therm=32000|ISP=33000|TPU=34000|AUR=34000|rfpa_therm=30481|quiet_therm=31104|charging_therm=32796|,ok,39000,37000,0,37000,1,single,touched,4096,8192,8,8192,7326986,8192,6281942,0,4,4,ok
1,23,nvhe,4,1795000,1945000,37000,39000,BIG=35000|MID=36000|usb_pwr_therm=29346|btmspkr_therm=29257|disp_therm=29235|north_therm=29657|soc_therm=32952|battery=29300|battery_cycle=5|dc-mains=33000|usbc-therm-adc=330|max77779fg=29300|LITTLE=36000|soc=1|smpl_gm=0|vdroop1=0|batoilo=0|batoilo2=0|batt_vs=29300|mdis_morepower=0|thb_hda=51|cp_on_chip_0=34000|cp_on_chip_1=36000|G3D=35000|cp_on_chip_2=36000|cp_on_chip_3=33000|cp_on_chip_4=34000|rf2_therm=31000|rf1_therm=32000|ISP=34000|TPU=35000|AUR=34000|rfpa_therm=30481|quiet_therm=31104|charging_therm=32774|,BIG=36000|MID=36000|usb_pwr_therm=29346|btmspkr_therm=29257|disp_therm=29235|north_therm=29657|soc_therm=32996|battery=29300|battery_cycle=5|dc-mains=33000|usbc-therm-adc=330|max77779fg=29300|LITTLE=35000|soc=1|smpl_gm=0|vdroop1=0|batoilo=0|batoilo2=0|batt_vs=29300|mdis_morepower=0|thb_hda=51|cp_on_chip_0=34000|cp_on_chip_1=36000|G3D=35000|cp_on_chip_2=36000|cp_on_chip_3=33000|cp_on_chip_4=34000|rf2_therm=31000|rf1_therm=32000|ISP=33000|TPU=34000|AUR=34000|rfpa_therm=30481|quiet_therm=31104|charging_therm=32796|,ok,39000,37000,0,37000,1,single,touched,4096,8192,9,8192,7345215,8192,5975952,0,4,4,ok
1,23,nvhe,4,1795000,1945000,37000,39000,BIG=35000|MID=36000|usb_pwr_therm=29346|btmspkr_therm=29257|disp_therm=29235|north_therm=29657|soc_therm=32952|battery=29300|battery_cycle=5|dc-mains=33000|usbc-therm-adc=330|max77779fg=29300|LITTLE=36000|soc=1|smpl_gm=0|vdroop1=0|batoilo=0|batoilo2=0|batt_vs=29300|mdis_morepower=0|thb_hda=51|cp_on_chip_0=34000|cp_on_chip_1=36000|G3D=35000|cp_on_chip_2=36000|cp_on_chip_3=33000|cp_on_chip_4=34000|rf2_therm=31000|rf1_therm=32000|ISP=34000|TPU=35000|AUR=34000|rfpa_therm=30481|quiet_therm=31104|charging_therm=32774|,BIG=36000|MID=36000|usb_pwr_therm=29346|btmspkr_therm=29257|disp_therm=29235|north_therm=29657|soc_therm=32996|battery=29300|battery_cycle=5|dc-mains=33000|usbc-therm-adc=330|max77779fg=29300|LITTLE=35000|soc=1|smpl_gm=0|vdroop1=0|batoilo=0|batoilo2=0|batt_vs=29300|mdis_morepower=0|thb_hda=51|cp_on_chip_0=34000|cp_on_chip_1=36000|G3D=35000|cp_on_chip_2=36000|cp_on_chip_3=33000|cp_on_chip_4=34000|rf2_therm=31000|rf1_therm=32000|ISP=33000|TPU=34000|AUR=34000|rfpa_therm=30481|quiet_therm=31104|charging_therm=32796|,ok,39000,37000,0,37000,1,single,touched,4096,8192,10,8192,7310018,8192,6838053,0,4,4,ok
1,23,nvhe,4,1795000,1945000,37000,39000,BIG=35000|MID=36000|usb_pwr_therm=29346|btmspkr_therm=29257|disp_therm=29235|north_therm=29657|soc_therm=32952|battery=29300|battery_cycle=5|dc-mains=33000|usbc-therm-adc=330|max77779fg=29300|LITTLE=36000|soc=1|smpl_gm=0|vdroop1=0|batoilo=0|batoilo2=0|batt_vs=29300|mdis_morepower=0|thb_hda=51|cp_on_chip_0=34000|cp_on_chip_1=36000|G3D=35000|cp_on_chip_2=36000|cp_on_chip_3=33000|cp_on_chip_4=34000|rf2_therm=31000|rf1_therm=32000|ISP=34000|TPU=35000|AUR=34000|rfpa_therm=30481|quiet_therm=31104|charging_therm=32774|,BIG=36000|MID=36000|usb_pwr_therm=29346|btmspkr_therm=29257|disp_therm=29235|north_therm=29657|soc_therm=32996|battery=29300|battery_cycle=5|dc-mains=33000|usbc-therm-adc=330|max77779fg=29300|LITTLE=35000|soc=1|smpl_gm=0|vdroop1=0|batoilo=0|batoilo2=0|batt_vs=29300|mdis_morepower=0|thb_hda=51|cp_on_chip_0=34000|cp_on_chip_1=36000|G3D=35000|cp_on_chip_2=36000|cp_on_chip_3=33000|cp_on_chip_4=34000|rf2_therm=31000|rf1_therm=32000|ISP=33000|TPU=34000|AUR=34000|rfpa_therm=30481|quiet_therm=31104|charging_therm=32796|,ok,39000,37000,0,37000,1,single,touched,4096,8192,11,8192,7544555,8192,5891520,0,4,4,ok
1,23,nvhe,4,1795000,1945000,37000,39000,BIG=35000|MID=36000|usb_pwr_therm=29346|btmspkr_therm=29257|disp_therm=29235|north_therm=29657|soc_therm=32952|battery=29300|battery_cycle=5|dc-mains=33000|usbc-therm-adc=330|max77779fg=29300|LITTLE=36000|soc=1|smpl_gm=0|vdroop1=0|batoilo=0|batoilo2=0|batt_vs=29300|mdis_morepower=0|thb_hda=51|cp_on_chip_0=34000|cp_on_chip_1=36000|G3D=35000|cp_on_chip_2=36000|cp_on_chip_3=33000|cp_on_chip_4=34000|rf2_therm=31000|rf1_therm=32000|ISP=34000|TPU=35000|AUR=34000|rfpa_therm=30481|quiet_therm=31104|charging_therm=32774|,BIG=36000|MID=36000|usb_pwr_therm=29346|btmspkr_therm=29257|disp_therm=29235|north_therm=29657|soc_therm=32996|battery=29300|battery_cycle=5|dc-mains=33000|usbc-therm-adc=330|max77779fg=29300|LITTLE=35000|soc=1|smpl_gm=0|vdroop1=0|batoilo=0|batoilo2=0|batt_vs=29300|mdis_morepower=0|thb_hda=51|cp_on_chip_0=34000|cp_on_chip_1=36000|G3D=35000|cp_on_chip_2=36000|cp_on_chip_3=33000|cp_on_chip_4=34000|rf2_therm=31000|rf1_therm=32000|ISP=33000|TPU=34000|AUR=34000|rfpa_therm=30481|quiet_therm=31104|charging_therm=32796|,ok,39000,37000,0,37000,1,single,touched,4096,8192,12,8192,7586507,8192,6030884,0,4,4,ok
1,23,nvhe,4,1795000,1945000,37000,39000,BIG=35000|MID=36000|usb_pwr_therm=29346|btmspkr_therm=29257|disp_therm=29235|north_therm=29657|soc_therm=32952|battery=29300|battery_cycle=5|dc-mains=33000|usbc-therm-adc=330|max77779fg=29300|LITTLE=36000|soc=1|smpl_gm=0|vdroop1=0|batoilo=0|batoilo2=0|batt_vs=29300|mdis_morepower=0|thb_hda=51|cp_on_chip_0=34000|cp_on_chip_1=36000|G3D=35000|cp_on_chip_2=36000|cp_on_chip_3=33000|cp_on_chip_4=34000|rf2_therm=31000|rf1_therm=32000|ISP=34000|TPU=35000|AUR=34000|rfpa_therm=30481|quiet_therm=31104|charging_therm=32774|,BIG=36000|MID=36000|usb_pwr_therm=29346|btmspkr_therm=29257|disp_therm=29235|north_therm=29657|soc_therm=32996|battery=29300|battery_cycle=5|dc-mains=33000|usbc-therm-adc=330|max77779fg=29300|LITTLE=35000|soc=1|smpl_gm=0|vdroop1=0|batoilo=0|batoilo2=0|batt_vs=29300|mdis_morepower=0|thb_hda=51|cp_on_chip_0=34000|cp_on_chip_1=36000|G3D=35000|cp_on_chip_2=36000|cp_on_chip_3=33000|cp_on_chip_4=34000|rf2_therm=31000|rf1_therm=32000|ISP=33000|TPU=34000|AUR=34000|rfpa_therm=30481|quiet_therm=31104|charging_therm=32796|,ok,39000,37000,0,37000,1,single,touched,4096,8192,13,8192,7531901,8192,5843872,0,4,4,ok
1,23,nvhe,4,1795000,1945000,37000,39000,BIG=35000|MID=36000|usb_pwr_therm=29346|btmspkr_therm=29257|disp_therm=29235|north_therm=29657|soc_therm=32952|battery=29300|battery_cycle=5|dc-mains=33000|usbc-therm-adc=330|max77779fg=29300|LITTLE=36000|soc=1|smpl_gm=0|vdroop1=0|batoilo=0|batoilo2=0|batt_vs=29300|mdis_morepower=0|thb_hda=51|cp_on_chip_0=34000|cp_on_chip_1=36000|G3D=35000|cp_on_chip_2=36000|cp_on_chip_3=33000|cp_on_chip_4=34000|rf2_therm=31000|rf1_therm=32000|ISP=34000|TPU=35000|AUR=34000|rfpa_therm=30481|quiet_therm=31104|charging_therm=32774|,BIG=36000|MID=36000|usb_pwr_therm=29346|btmspkr_therm=29257|disp_therm=29235|north_therm=29657|soc_therm=32996|battery=29300|battery_cycle=5|dc-mains=33000|usbc-therm-adc=330|max77779fg=29300|LITTLE=35000|soc=1|smpl_gm=0|vdroop1=0|batoilo=0|batoilo2=0|batt_vs=29300|mdis_morepower=0|thb_hda=51|cp_on_chip_0=34000|cp_on_chip_1=36000|G3D=35000|cp_on_chip_2=36000|cp_on_chip_3=33000|cp_on_chip_4=34000|rf2_therm=31000|rf1_therm=32000|ISP=33000|TPU=34000|AUR=34000|rfpa_therm=30481|quiet_therm=31104|charging_therm=32796|,ok,39000,37000,0,37000,1,single,touched,4096,8192,14,8192,7451823,8192,6878418,0,4,4,ok
1,23,nvhe,4,1795000,1945000,37000,39000,BIG=35000|MID=36000|usb_pwr_therm=29346|btmspkr_therm=29257|disp_therm=29235|north_therm=29657|soc_therm=32952|battery=29300|battery_cycle=5|dc-mains=33000|usbc-therm-adc=330|max77779fg=29300|LITTLE=36000|soc=1|smpl_gm=0|vdroop1=0|batoilo=0|batoilo2=0|batt_vs=29300|mdis_morepower=0|thb_hda=51|cp_on_chip_0=34000|cp_on_chip_1=36000|G3D=35000|cp_on_chip_2=36000|cp_on_chip_3=33000|cp_on_chip_4=34000|rf2_therm=31000|rf1_therm=32000|ISP=34000|TPU=35000|AUR=34000|rfpa_therm=30481|quiet_therm=31104|charging_therm=32774|,BIG=36000|MID=36000|usb_pwr_therm=29346|btmspkr_therm=29257|disp_therm=29235|north_therm=29657|soc_therm=32996|battery=29300|battery_cycle=5|dc-mains=33000|usbc-therm-adc=330|max77779fg=29300|LITTLE=35000|soc=1|smpl_gm=0|vdroop1=0|batoilo=0|batoilo2=0|batt_vs=29300|mdis_morepower=0|thb_hda=51|cp_on_chip_0=34000|cp_on_chip_1=36000|G3D=35000|cp_on_chip_2=36000|cp_on_chip_3=33000|cp_on_chip_4=34000|rf2_therm=31000|rf1_therm=32000|ISP=33000|TPU=34000|AUR=34000|rfpa_therm=30481|quiet_therm=31104|charging_therm=32796|,ok,39000,37000,0,37000,1,single,touched,4096,8192,15,8192,7467570,8192,6060100,0,4,4,ok
1,23,nvhe,4,1795000,1945000,37000,39000,BIG=35000|MID=36000|usb_pwr_therm=29346|btmspkr_therm=29257|disp_therm=29235|north_therm=29657|soc_therm=32952|battery=29300|battery_cycle=5|dc-mains=33000|usbc-therm-adc=330|max77779fg=29300|LITTLE=36000|soc=1|smpl_gm=0|vdroop1=0|batoilo=0|batoilo2=0|batt_vs=29300|mdis_morepower=0|thb_hda=51|cp_on_chip_0=34000|cp_on_chip_1=36000|G3D=35000|cp_on_chip_2=36000|cp_on_chip_3=33000|cp_on_chip_4=34000|rf2_therm=31000|rf1_therm=32000|ISP=34000|TPU=35000|AUR=34000|rfpa_therm=30481|quiet_therm=31104|charging_therm=32774|,BIG=36000|MID=36000|usb_pwr_therm=29346|btmspkr_therm=29257|disp_therm=29235|north_therm=29657|soc_therm=32996|battery=29300|battery_cycle=5|dc-mains=33000|usbc-therm-adc=330|max77779fg=29300|LITTLE=35000|soc=1|smpl_gm=0|vdroop1=0|batoilo=0|batoilo2=0|batt_vs=29300|mdis_morepower=0|thb_hda=51|cp_on_chip_0=34000|cp_on_chip_1=36000|G3D=35000|cp_on_chip_2=36000|cp_on_chip_3=33000|cp_on_chip_4=34000|rf2_therm=31000|rf1_therm=32000|ISP=33000|TPU=34000|AUR=34000|rfpa_therm=30481|quiet_therm=31104|charging_therm=32796|,ok,39000,37000,0,37000,1,single,touched,4096,8192,16,8192,7501546,8192,6111369,0,4,4,ok
1,23,nvhe,4,1795000,1945000,37000,39000,BIG=35000|MID=36000|usb_pwr_therm=29346|btmspkr_therm=29257|disp_therm=29235|north_therm=29657|soc_therm=32952|battery=29300|battery_cycle=5|dc-mains=33000|usbc-therm-adc=330|max77779fg=29300|LITTLE=36000|soc=1|smpl_gm=0|vdroop1=0|batoilo=0|batoilo2=0|batt_vs=29300|mdis_morepower=0|thb_hda=51|cp_on_chip_0=34000|cp_on_chip_1=36000|G3D=35000|cp_on_chip_2=36000|cp_on_chip_3=33000|cp_on_chip_4=34000|rf2_therm=31000|rf1_therm=32000|ISP=34000|TPU=35000|AUR=34000|rfpa_therm=30481|quiet_therm=31104|charging_therm=32774|,BIG=36000|MID=36000|usb_pwr_therm=29346|btmspkr_therm=29257|disp_therm=29235|north_therm=29657|soc_therm=32996|battery=29300|battery_cycle=5|dc-mains=33000|usbc-therm-adc=330|max77779fg=29300|LITTLE=35000|soc=1|smpl_gm=0|vdroop1=0|batoilo=0|batoilo2=0|batt_vs=29300|mdis_morepower=0|thb_hda=51|cp_on_chip_0=34000|cp_on_chip_1=36000|G3D=35000|cp_on_chip_2=36000|cp_on_chip_3=33000|cp_on_chip_4=34000|rf2_therm=31000|rf1_therm=32000|ISP=33000|TPU=34000|AUR=34000|rfpa_therm=30481|quiet_therm=31104|charging_therm=32796|,ok,39000,37000,0,37000,1,single,touched,4096,8192,17,8192,7573202,8192,6042847,0,4,4,ok
1,23,nvhe,4,1795000,1945000,37000,39000,BIG=35000|MID=36000|usb_pwr_therm=29346|btmspkr_therm=29257|disp_therm=29235|north_therm=29657|soc_therm=32952|battery=29300|battery_cycle=5|dc-mains=33000|usbc-therm-adc=330|max77779fg=29300|LITTLE=36000|soc=1|smpl_gm=0|vdroop1=0|batoilo=0|batoilo2=0|batt_vs=29300|mdis_morepower=0|thb_hda=51|cp_on_chip_0=34000|cp_on_chip_1=36000|G3D=35000|cp_on_chip_2=36000|cp_on_chip_3=33000|cp_on_chip_4=34000|rf2_therm=31000|rf1_therm=32000|ISP=34000|TPU=35000|AUR=34000|rfpa_therm=30481|quiet_therm=31104|charging_therm=32774|,BIG=36000|MID=36000|usb_pwr_therm=29346|btmspkr_therm=29257|disp_therm=29235|north_therm=29657|soc_therm=32996|battery=29300|battery_cycle=5|dc-mains=33000|usbc-therm-adc=330|max77779fg=29300|LITTLE=35000|soc=1|smpl_gm=0|vdroop1=0|batoilo=0|batoilo2=0|batt_vs=29300|mdis_morepower=0|thb_hda=51|cp_on_chip_0=34000|cp_on_chip_1=36000|G3D=35000|cp_on_chip_2=36000|cp_on_chip_3=33000|cp_on_chip_4=34000|rf2_therm=31000|rf1_therm=32000|ISP=33000|TPU=34000|AUR=34000|rfpa_therm=30481|quiet_therm=31104|charging_therm=32796|,ok,39000,37000,0,37000,1,single,touched,4096,8192,18,8192,7434042,8192,6776164,0,4,4,ok
1,23,nvhe,4,1795000,1945000,37000,39000,BIG=35000|MID=36000|usb_pwr_therm=29346|btmspkr_therm=29257|disp_therm=29235|north_therm=29657|soc_therm=32952|battery=29300|battery_cycle=5|dc-mains=33000|usbc-therm-adc=330|max77779fg=29300|LITTLE=36000|soc=1|smpl_gm=0|vdroop1=0|batoilo=0|batoilo2=0|batt_vs=29300|mdis_morepower=0|thb_hda=51|cp_on_chip_0=34000|cp_on_chip_1=36000|G3D=35000|cp_on_chip_2=36000|cp_on_chip_3=33000|cp_on_chip_4=34000|rf2_therm=31000|rf1_therm=32000|ISP=34000|TPU=35000|AUR=34000|rfpa_therm=30481|quiet_therm=31104|charging_therm=32774|,BIG=36000|MID=36000|usb_pwr_therm=29346|btmspkr_therm=29257|disp_therm=29235|north_therm=29657|soc_therm=32996|battery=29300|battery_cycle=5|dc-mains=33000|usbc-therm-adc=330|max77779fg=29300|LITTLE=35000|soc=1|smpl_gm=0|vdroop1=0|batoilo=0|batoilo2=0|batt_vs=29300|mdis_morepower=0|thb_hda=51|cp_on_chip_0=34000|cp_on_chip_1=36000|G3D=35000|cp_on_chip_2=36000|cp_on_chip_3=33000|cp_on_chip_4=34000|rf2_therm=31000|rf1_therm=32000|ISP=33000|TPU=34000|AUR=34000|rfpa_therm=30481|quiet_therm=31104|charging_therm=32796|,ok,39000,37000,0,37000,1,single,touched,4096,8192,19,8192,7380086,8192,6186768,0,4,4,ok
1,23,nvhe,4,1795000,1945000,37000,39000,BIG=35000|MID=36000|usb_pwr_therm=29346|btmspkr_therm=29257|disp_therm=29235|north_therm=29657|soc_therm=32952|battery=29300|battery_cycle=5|dc-mains=33000|usbc-therm-adc=330|max77779fg=29300|LITTLE=36000|soc=1|smpl_gm=0|vdroop1=0|batoilo=0|batoilo2=0|batt_vs=29300|mdis_morepower=0|thb_hda=51|cp_on_chip_0=34000|cp_on_chip_1=36000|G3D=35000|cp_on_chip_2=36000|cp_on_chip_3=33000|cp_on_chip_4=34000|rf2_therm=31000|rf1_therm=32000|ISP=34000|TPU=35000|AUR=34000|rfpa_therm=30481|quiet_therm=31104|charging_therm=32774|,BIG=36000|MID=36000|usb_pwr_therm=29346|btmspkr_therm=29257|disp_therm=29235|north_therm=29657|soc_therm=32996|battery=29300|battery_cycle=5|dc-mains=33000|usbc-therm-adc=330|max77779fg=29300|LITTLE=35000|soc=1|smpl_gm=0|vdroop1=0|batoilo=0|batoilo2=0|batt_vs=29300|mdis_morepower=0|thb_hda=51|cp_on_chip_0=34000|cp_on_chip_1=36000|G3D=35000|cp_on_chip_2=36000|cp_on_chip_3=33000|cp_on_chip_4=34000|rf2_therm=31000|rf1_therm=32000|ISP=33000|TPU=34000|AUR=34000|rfpa_therm=30481|quiet_therm=31104|charging_therm=32796|,ok,39000,37000,0,37000,1,single,touched,4096,8192,20,8192,7494914,8192,5916789,0,4,4,ok
1,23,nvhe,4,1795000,1945000,37000,39000,BIG=35000|MID=36000|usb_pwr_therm=29346|btmspkr_therm=29257|disp_therm=29235|north_therm=29657|soc_therm=32952|battery=29300|battery_cycle=5|dc-mains=33000|usbc-therm-adc=330|max77779fg=29300|LITTLE=36000|soc=1|smpl_gm=0|vdroop1=0|batoilo=0|batoilo2=0|batt_vs=29300|mdis_morepower=0|thb_hda=51|cp_on_chip_0=34000|cp_on_chip_1=36000|G3D=35000|cp_on_chip_2=36000|cp_on_chip_3=33000|cp_on_chip_4=34000|rf2_therm=31000|rf1_therm=32000|ISP=34000|TPU=35000|AUR=34000|rfpa_therm=30481|quiet_therm=31104|charging_therm=32774|,BIG=36000|MID=36000|usb_pwr_therm=29346|btmspkr_therm=29257|disp_therm=29235|north_therm=29657|soc_therm=32996|battery=29300|battery_cycle=5|dc-mains=33000|usbc-therm-adc=330|max77779fg=29300|LITTLE=35000|soc=1|smpl_gm=0|vdroop1=0|batoilo=0|batoilo2=0|batt_vs=29300|mdis_morepower=0|thb_hda=51|cp_on_chip_0=34000|cp_on_chip_1=36000|G3D=35000|cp_on_chip_2=36000|cp_on_chip_3=33000|cp_on_chip_4=34000|rf2_therm=31000|rf1_therm=32000|ISP=33000|TPU=34000|AUR=34000|rfpa_therm=30481|quiet_therm=31104|charging_therm=32796|,ok,39000,37000,0,37000,1,single,touched,4096,8192,21,8192,7482340,8192,6139974,0,4,4,ok
1,23,nvhe,4,1795000,1945000,37000,39000,BIG=35000|MID=36000|usb_pwr_therm=29346|btmspkr_therm=29257|disp_therm=29235|north_therm=29657|soc_therm=32952|battery=29300|battery_cycle=5|dc-mains=33000|usbc-therm-adc=330|max77779fg=29300|LITTLE=36000|soc=1|smpl_gm=0|vdroop1=0|batoilo=0|batoilo2=0|batt_vs=29300|mdis_morepower=0|thb_hda=51|cp_on_chip_0=34000|cp_on_chip_1=36000|G3D=35000|cp_on_chip_2=36000|cp_on_chip_3=33000|cp_on_chip_4=34000|rf2_therm=31000|rf1_therm=32000|ISP=34000|TPU=35000|AUR=34000|rfpa_therm=30481|quiet_therm=31104|charging_therm=32774|,BIG=36000|MID=36000|usb_pwr_therm=29346|btmspkr_therm=29257|disp_therm=29235|north_therm=29657|soc_therm=32996|battery=29300|battery_cycle=5|dc-mains=33000|usbc-therm-adc=330|max77779fg=29300|LITTLE=35000|soc=1|smpl_gm=0|vdroop1=0|batoilo=0|batoilo2=0|batt_vs=29300|mdis_morepower=0|thb_hda=51|cp_on_chip_0=34000|cp_on_chip_1=36000|G3D=35000|cp_on_chip_2=36000|cp_on_chip_3=33000|cp_on_chip_4=34000|rf2_therm=31000|rf1_therm=32000|ISP=33000|TPU=34000|AUR=34000|rfpa_therm=30481|quiet_therm=31104|charging_therm=32796|,ok,39000,37000,0,37000,1,single,touched,4096,8192,22,8192,7501668,8192,6863362,0,4,4,ok
1,23,nvhe,4,1795000,1945000,37000,39000,BIG=35000|MID=36000|usb_pwr_therm=29346|btmspkr_therm=29257|disp_therm=29235|north_therm=29657|soc_therm=32952|battery=29300|battery_cycle=5|dc-mains=33000|usbc-therm-adc=330|max77779fg=29300|LITTLE=36000|soc=1|smpl_gm=0|vdroop1=0|batoilo=0|batoilo2=0|batt_vs=29300|mdis_morepower=0|thb_hda=51|cp_on_chip_0=34000|cp_on_chip_1=36000|G3D=35000|cp_on_chip_2=36000|cp_on_chip_3=33000|cp_on_chip_4=34000|rf2_therm=31000|rf1_therm=32000|ISP=34000|TPU=35000|AUR=34000|rfpa_therm=30481|quiet_therm=31104|charging_therm=32774|,BIG=36000|MID=36000|usb_pwr_therm=29346|btmspkr_therm=29257|disp_therm=29235|north_therm=29657|soc_therm=32996|battery=29300|battery_cycle=5|dc-mains=33000|usbc-therm-adc=330|max77779fg=29300|LITTLE=35000|soc=1|smpl_gm=0|vdroop1=0|batoilo=0|batoilo2=0|batt_vs=29300|mdis_morepower=0|thb_hda=51|cp_on_chip_0=34000|cp_on_chip_1=36000|G3D=35000|cp_on_chip_2=36000|cp_on_chip_3=33000|cp_on_chip_4=34000|rf2_therm=31000|rf1_therm=32000|ISP=33000|TPU=34000|AUR=34000|rfpa_therm=30481|quiet_therm=31104|charging_therm=32796|,ok,39000,37000,0,37000,1,single,touched,4096,8192,23,8192,7423177,8192,6130493,0,4,4,ok
1,23,nvhe,4,1795000,1945000,37000,39000,BIG=35000|MID=36000|usb_pwr_therm=29346|btmspkr_therm=29257|disp_therm=29235|north_therm=29657|soc_therm=32952|battery=29300|battery_cycle=5|dc-mains=33000|usbc-therm-adc=330|max77779fg=29300|LITTLE=36000|soc=1|smpl_gm=0|vdroop1=0|batoilo=0|batoilo2=0|batt_vs=29300|mdis_morepower=0|thb_hda=51|cp_on_chip_0=34000|cp_on_chip_1=36000|G3D=35000|cp_on_chip_2=36000|cp_on_chip_3=33000|cp_on_chip_4=34000|rf2_therm=31000|rf1_therm=32000|ISP=34000|TPU=35000|AUR=34000|rfpa_therm=30481|quiet_therm=31104|charging_therm=32774|,BIG=36000|MID=36000|usb_pwr_therm=29346|btmspkr_therm=29257|disp_therm=29235|north_therm=29657|soc_therm=32996|battery=29300|battery_cycle=5|dc-mains=33000|usbc-therm-adc=330|max77779fg=29300|LITTLE=35000|soc=1|smpl_gm=0|vdroop1=0|batoilo=0|batoilo2=0|batt_vs=29300|mdis_morepower=0|thb_hda=51|cp_on_chip_0=34000|cp_on_chip_1=36000|G3D=35000|cp_on_chip_2=36000|cp_on_chip_3=33000|cp_on_chip_4=34000|rf2_therm=31000|rf1_therm=32000|ISP=33000|TPU=34000|AUR=34000|rfpa_therm=30481|quiet_therm=31104|charging_therm=32796|,ok,39000,37000,0,37000,1,single,touched,4096,8192,24,8192,7433146,8192,5918050,0,4,4,ok
1,23,nvhe,4,1795000,1945000,37000,39000,BIG=35000|MID=36000|usb_pwr_therm=29346|btmspkr_therm=29257|disp_therm=29235|north_therm=29657|soc_therm=32952|battery=29300|battery_cycle=5|dc-mains=33000|usbc-therm-adc=330|max77779fg=29300|LITTLE=36000|soc=1|smpl_gm=0|vdroop1=0|batoilo=0|batoilo2=0|batt_vs=29300|mdis_morepower=0|thb_hda=51|cp_on_chip_0=34000|cp_on_chip_1=36000|G3D=35000|cp_on_chip_2=36000|cp_on_chip_3=33000|cp_on_chip_4=34000|rf2_therm=31000|rf1_therm=32000|ISP=34000|TPU=35000|AUR=34000|rfpa_therm=30481|quiet_therm=31104|charging_therm=32774|,BIG=36000|MID=36000|usb_pwr_therm=29346|btmspkr_therm=29257|disp_therm=29235|north_therm=29657|soc_therm=32996|battery=29300|battery_cycle=5|dc-mains=33000|usbc-therm-adc=330|max77779fg=29300|LITTLE=35000|soc=1|smpl_gm=0|vdroop1=0|batoilo=0|batoilo2=0|batt_vs=29300|mdis_morepower=0|thb_hda=51|cp_on_chip_0=34000|cp_on_chip_1=36000|G3D=35000|cp_on_chip_2=36000|cp_on_chip_3=33000|cp_on_chip_4=34000|rf2_therm=31000|rf1_therm=32000|ISP=33000|TPU=34000|AUR=34000|rfpa_therm=30481|quiet_therm=31104|charging_therm=32796|,ok,39000,37000,0,37000,1,single,touched,4096,8192,25,8192,7388632,8192,5884888,0,4,4,ok
1,23,nvhe,4,1795000,1945000,37000,39000,BIG=35000|MID=36000|usb_pwr_therm=29346|btmspkr_therm=29257|disp_therm=29235|north_therm=29657|soc_therm=32952|battery=29300|battery_cycle=5|dc-mains=33000|usbc-therm-adc=330|max77779fg=29300|LITTLE=36000|soc=1|smpl_gm=0|vdroop1=0|batoilo=0|batoilo2=0|batt_vs=29300|mdis_morepower=0|thb_hda=51|cp_on_chip_0=34000|cp_on_chip_1=36000|G3D=35000|cp_on_chip_2=36000|cp_on_chip_3=33000|cp_on_chip_4=34000|rf2_therm=31000|rf1_therm=32000|ISP=34000|TPU=35000|AUR=34000|rfpa_therm=30481|quiet_therm=31104|charging_therm=32774|,BIG=36000|MID=36000|usb_pwr_therm=29346|btmspkr_therm=29257|disp_therm=29235|north_therm=29657|soc_therm=32996|battery=29300|battery_cycle=5|dc-mains=33000|usbc-therm-adc=330|max77779fg=29300|LITTLE=35000|soc=1|smpl_gm=0|vdroop1=0|batoilo=0|batoilo2=0|batt_vs=29300|mdis_morepower=0|thb_hda=51|cp_on_chip_0=34000|cp_on_chip_1=36000|G3D=35000|cp_on_chip_2=36000|cp_on_chip_3=33000|cp_on_chip_4=34000|rf2_therm=31000|rf1_therm=32000|ISP=33000|TPU=34000|AUR=34000|rfpa_therm=30481|quiet_therm=31104|charging_therm=32796|,ok,39000,37000,0,37000,1,single,touched,4096,8192,26,8192,7571899,8192,7192180,0,4,4,ok
1,23,nvhe,4,1795000,1945000,37000,39000,BIG=35000|MID=36000|usb_pwr_therm=29346|btmspkr_therm=29257|disp_therm=29235|north_therm=29657|soc_therm=32952|battery=29300|battery_cycle=5|dc-mains=33000|usbc-therm-adc=330|max77779fg=29300|LITTLE=36000|soc=1|smpl_gm=0|vdroop1=0|batoilo=0|batoilo2=0|batt_vs=29300|mdis_morepower=0|thb_hda=51|cp_on_chip_0=34000|cp_on_chip_1=36000|G3D=35000|cp_on_chip_2=36000|cp_on_chip_3=33000|cp_on_chip_4=34000|rf2_therm=31000|rf1_therm=32000|ISP=34000|TPU=35000|AUR=34000|rfpa_therm=30481|quiet_therm=31104|charging_therm=32774|,BIG=36000|MID=36000|usb_pwr_therm=29346|btmspkr_therm=29257|disp_therm=29235|north_therm=29657|soc_therm=32996|battery=29300|battery_cycle=5|dc-mains=33000|usbc-therm-adc=330|max77779fg=29300|LITTLE=35000|soc=1|smpl_gm=0|vdroop1=0|batoilo=0|batoilo2=0|batt_vs=29300|mdis_morepower=0|thb_hda=51|cp_on_chip_0=34000|cp_on_chip_1=36000|G3D=35000|cp_on_chip_2=36000|cp_on_chip_3=33000|cp_on_chip_4=34000|rf2_therm=31000|rf1_therm=32000|ISP=33000|TPU=34000|AUR=34000|rfpa_therm=30481|quiet_therm=31104|charging_therm=32796|,ok,39000,37000,0,37000,1,single,touched,4096,8192,27,8192,7410034,8192,6172038,0,4,4,ok
1,23,nvhe,4,1795000,1945000,37000,39000,BIG=35000|MID=36000|usb_pwr_therm=29346|btmspkr_therm=29257|disp_therm=29235|north_therm=29657|soc_therm=32952|battery=29300|battery_cycle=5|dc-mains=33000|usbc-therm-adc=330|max77779fg=29300|LITTLE=36000|soc=1|smpl_gm=0|vdroop1=0|batoilo=0|batoilo2=0|batt_vs=29300|mdis_morepower=0|thb_hda=51|cp_on_chip_0=34000|cp_on_chip_1=36000|G3D=35000|cp_on_chip_2=36000|cp_on_chip_3=33000|cp_on_chip_4=34000|rf2_therm=31000|rf1_therm=32000|ISP=34000|TPU=35000|AUR=34000|rfpa_therm=30481|quiet_therm=31104|charging_therm=32774|,BIG=36000|MID=36000|usb_pwr_therm=29346|btmspkr_therm=29257|disp_therm=29235|north_therm=29657|soc_therm=32996|battery=29300|battery_cycle=5|dc-mains=33000|usbc-therm-adc=330|max77779fg=29300|LITTLE=35000|soc=1|smpl_gm=0|vdroop1=0|batoilo=0|batoilo2=0|batt_vs=29300|mdis_morepower=0|thb_hda=51|cp_on_chip_0=34000|cp_on_chip_1=36000|G3D=35000|cp_on_chip_2=36000|cp_on_chip_3=33000|cp_on_chip_4=34000|rf2_therm=31000|rf1_therm=32000|ISP=33000|TPU=34000|AUR=34000|rfpa_therm=30481|quiet_therm=31104|charging_therm=32796|,ok,39000,37000,0,37000,1,single,touched,4096,8192,28,8192,7415039,8192,6152303,0,4,4,ok
1,23,nvhe,4,1795000,1945000,37000,39000,BIG=35000|MID=36000|usb_pwr_therm=29346|btmspkr_therm=29257|disp_therm=29235|north_therm=29657|soc_therm=32952|battery=29300|battery_cycle=5|dc-mains=33000|usbc-therm-adc=330|max77779fg=29300|LITTLE=36000|soc=1|smpl_gm=0|vdroop1=0|batoilo=0|batoilo2=0|batt_vs=29300|mdis_morepower=0|thb_hda=51|cp_on_chip_0=34000|cp_on_chip_1=36000|G3D=35000|cp_on_chip_2=36000|cp_on_chip_3=33000|cp_on_chip_4=34000|rf2_therm=31000|rf1_therm=32000|ISP=34000|TPU=35000|AUR=34000|rfpa_therm=30481|quiet_therm=31104|charging_therm=32774|,BIG=36000|MID=36000|usb_pwr_therm=29346|btmspkr_therm=29257|disp_therm=29235|north_therm=29657|soc_therm=32996|battery=29300|battery_cycle=5|dc-mains=33000|usbc-therm-adc=330|max77779fg=29300|LITTLE=35000|soc=1|smpl_gm=0|vdroop1=0|batoilo=0|batoilo2=0|batt_vs=29300|mdis_morepower=0|thb_hda=51|cp_on_chip_0=34000|cp_on_chip_1=36000|G3D=35000|cp_on_chip_2=36000|cp_on_chip_3=33000|cp_on_chip_4=34000|rf2_therm=31000|rf1_therm=32000|ISP=33000|TPU=34000|AUR=34000|rfpa_therm=30481|quiet_therm=31104|charging_therm=32796|,ok,39000,37000,0,37000,1,single,touched,4096,8192,29,8192,7460083,8192,6691121,0,4,4,ok
1,24,nvhe,4,2130000,578000,36000,37000,BIG=35000|MID=36000|usb_pwr_therm=29346|btmspkr_therm=29257|disp_therm=29235|north_therm=29657|soc_therm=32996|battery=29400|battery_cycle=5|dc-mains=33000|usbc-therm-adc=330|max77779fg=29400|LITTLE=35000|soc=1|smpl_gm=0|vdroop1=0|batoilo=0|batoilo2=0|batt_vs=29400|mdis_morepower=0|thb_hda=51|cp_on_chip_0=34000|cp_on_chip_1=36000|G3D=34000|cp_on_chip_2=36000|cp_on_chip_3=33000|cp_on_chip_4=34000|rf2_therm=31000|rf1_therm=32000|ISP=33000|TPU=34000|AUR=34000|rfpa_therm=30481|quiet_therm=31104|charging_therm=32818|,BIG=35000|MID=36000|usb_pwr_therm=29346|btmspkr_therm=29257|disp_therm=29235|north_therm=29657|soc_therm=32996|battery=29400|battery_cycle=5|dc-mains=33000|usbc-therm-adc=330|max77779fg=29400|LITTLE=35000|soc=1|smpl_gm=0|vdroop1=0|batoilo=0|batoilo2=0|batt_vs=29400|mdis_morepower=0|thb_hda=51|cp_on_chip_0=34000|cp_on_chip_1=36000|G3D=34000|cp_on_chip_2=36000|cp_on_chip_3=33000|cp_on_chip_4=34000|rf2_therm=31000|rf1_therm=32000|ISP=34000|TPU=35000|AUR=34000|rfpa_therm=30481|quiet_therm=31104|charging_therm=32818|,ok,39000,37000,0,37000,1,batched,touched,4096,2048,0,1,3465332,2048,564942,0,4,4,ok
1,24,nvhe,4,2130000,578000,36000,37000,BIG=35000|MID=36000|usb_pwr_therm=29346|btmspkr_therm=29257|disp_therm=29235|north_therm=29657|soc_therm=32996|battery=29400|battery_cycle=5|dc-mains=33000|usbc-therm-adc=330|max77779fg=29400|LITTLE=35000|soc=1|smpl_gm=0|vdroop1=0|batoilo=0|batoilo2=0|batt_vs=29400|mdis_morepower=0|thb_hda=51|cp_on_chip_0=34000|cp_on_chip_1=36000|G3D=34000|cp_on_chip_2=36000|cp_on_chip_3=33000|cp_on_chip_4=34000|rf2_therm=31000|rf1_therm=32000|ISP=33000|TPU=34000|AUR=34000|rfpa_therm=30481|quiet_therm=31104|charging_therm=32818|,BIG=35000|MID=36000|usb_pwr_therm=29346|btmspkr_therm=29257|disp_therm=29235|north_therm=29657|soc_therm=32996|battery=29400|battery_cycle=5|dc-mains=33000|usbc-therm-adc=330|max77779fg=29400|LITTLE=35000|soc=1|smpl_gm=0|vdroop1=0|batoilo=0|batoilo2=0|batt_vs=29400|mdis_morepower=0|thb_hda=51|cp_on_chip_0=34000|cp_on_chip_1=36000|G3D=34000|cp_on_chip_2=36000|cp_on_chip_3=33000|cp_on_chip_4=34000|rf2_therm=31000|rf1_therm=32000|ISP=34000|TPU=35000|AUR=34000|rfpa_therm=30481|quiet_therm=31104|charging_therm=32818|,ok,39000,37000,0,37000,1,batched,touched,4096,2048,1,1,2419474,2048,449463,0,4,4,ok
1,24,nvhe,4,2130000,578000,36000,37000,BIG=35000|MID=36000|usb_pwr_therm=29346|btmspkr_therm=29257|disp_therm=29235|north_therm=29657|soc_therm=32996|battery=29400|battery_cycle=5|dc-mains=33000|usbc-therm-adc=330|max77779fg=29400|LITTLE=35000|soc=1|smpl_gm=0|vdroop1=0|batoilo=0|batoilo2=0|batt_vs=29400|mdis_morepower=0|thb_hda=51|cp_on_chip_0=34000|cp_on_chip_1=36000|G3D=34000|cp_on_chip_2=36000|cp_on_chip_3=33000|cp_on_chip_4=34000|rf2_therm=31000|rf1_therm=32000|ISP=33000|TPU=34000|AUR=34000|rfpa_therm=30481|quiet_therm=31104|charging_therm=32818|,BIG=35000|MID=36000|usb_pwr_therm=29346|btmspkr_therm=29257|disp_therm=29235|north_therm=29657|soc_therm=32996|battery=29400|battery_cycle=5|dc-mains=33000|usbc-therm-adc=330|max77779fg=29400|LITTLE=35000|soc=1|smpl_gm=0|vdroop1=0|batoilo=0|batoilo2=0|batt_vs=29400|mdis_morepower=0|thb_hda=51|cp_on_chip_0=34000|cp_on_chip_1=36000|G3D=34000|cp_on_chip_2=36000|cp_on_chip_3=33000|cp_on_chip_4=34000|rf2_therm=31000|rf1_therm=32000|ISP=34000|TPU=35000|AUR=34000|rfpa_therm=30481|quiet_therm=31104|charging_therm=32818|,ok,39000,37000,0,37000,1,batched,touched,4096,2048,2,1,2370402,2048,398397,0,4,4,ok
1,24,nvhe,4,2130000,578000,36000,37000,BIG=35000|MID=36000|usb_pwr_therm=29346|btmspkr_therm=29257|disp_therm=29235|north_therm=29657|soc_therm=32996|battery=29400|battery_cycle=5|dc-mains=33000|usbc-therm-adc=330|max77779fg=29400|LITTLE=35000|soc=1|smpl_gm=0|vdroop1=0|batoilo=0|batoilo2=0|batt_vs=29400|mdis_morepower=0|thb_hda=51|cp_on_chip_0=34000|cp_on_chip_1=36000|G3D=34000|cp_on_chip_2=36000|cp_on_chip_3=33000|cp_on_chip_4=34000|rf2_therm=31000|rf1_therm=32000|ISP=33000|TPU=34000|AUR=34000|rfpa_therm=30481|quiet_therm=31104|charging_therm=32818|,BIG=35000|MID=36000|usb_pwr_therm=29346|btmspkr_therm=29257|disp_therm=29235|north_therm=29657|soc_therm=32996|battery=29400|battery_cycle=5|dc-mains=33000|usbc-therm-adc=330|max77779fg=29400|LITTLE=35000|soc=1|smpl_gm=0|vdroop1=0|batoilo=0|batoilo2=0|batt_vs=29400|mdis_morepower=0|thb_hda=51|cp_on_chip_0=34000|cp_on_chip_1=36000|G3D=34000|cp_on_chip_2=36000|cp_on_chip_3=33000|cp_on_chip_4=34000|rf2_therm=31000|rf1_therm=32000|ISP=34000|TPU=35000|AUR=34000|rfpa_therm=30481|quiet_therm=31104|charging_therm=32818|,ok,39000,37000,0,37000,1,batched,touched,4096,2048,3,1,2474202,2048,350098,0,4,4,ok
1,24,nvhe,4,2130000,578000,36000,37000,BIG=35000|MID=36000|usb_pwr_therm=29346|btmspkr_therm=29257|disp_therm=29235|north_therm=29657|soc_therm=32996|battery=29400|battery_cycle=5|dc-mains=33000|usbc-therm-adc=330|max77779fg=29400|LITTLE=35000|soc=1|smpl_gm=0|vdroop1=0|batoilo=0|batoilo2=0|batt_vs=29400|mdis_morepower=0|thb_hda=51|cp_on_chip_0=34000|cp_on_chip_1=36000|G3D=34000|cp_on_chip_2=36000|cp_on_chip_3=33000|cp_on_chip_4=34000|rf2_therm=31000|rf1_therm=32000|ISP=33000|TPU=34000|AUR=34000|rfpa_therm=30481|quiet_therm=31104|charging_therm=32818|,BIG=35000|MID=36000|usb_pwr_therm=29346|btmspkr_therm=29257|disp_therm=29235|north_therm=29657|soc_therm=32996|battery=29400|battery_cycle=5|dc-mains=33000|usbc-therm-adc=330|max77779fg=29400|LITTLE=35000|soc=1|smpl_gm=0|vdroop1=0|batoilo=0|batoilo2=0|batt_vs=29400|mdis_morepower=0|thb_hda=51|cp_on_chip_0=34000|cp_on_chip_1=36000|G3D=34000|cp_on_chip_2=36000|cp_on_chip_3=33000|cp_on_chip_4=34000|rf2_therm=31000|rf1_therm=32000|ISP=34000|TPU=35000|AUR=34000|rfpa_therm=30481|quiet_therm=31104|charging_therm=32818|,ok,39000,37000,0,37000,1,batched,touched,4096,2048,4,1,3239217,2048,608195,0,4,4,ok
1,24,nvhe,4,2130000,578000,36000,37000,BIG=35000|MID=36000|usb_pwr_therm=29346|btmspkr_therm=29257|disp_therm=29235|north_therm=29657|soc_therm=32996|battery=29400|battery_cycle=5|dc-mains=33000|usbc-therm-adc=330|max77779fg=29400|LITTLE=35000|soc=1|smpl_gm=0|vdroop1=0|batoilo=0|batoilo2=0|batt_vs=29400|mdis_morepower=0|thb_hda=51|cp_on_chip_0=34000|cp_on_chip_1=36000|G3D=34000|cp_on_chip_2=36000|cp_on_chip_3=33000|cp_on_chip_4=34000|rf2_therm=31000|rf1_therm=32000|ISP=33000|TPU=34000|AUR=34000|rfpa_therm=30481|quiet_therm=31104|charging_therm=32818|,BIG=35000|MID=36000|usb_pwr_therm=29346|btmspkr_therm=29257|disp_therm=29235|north_therm=29657|soc_therm=32996|battery=29400|battery_cycle=5|dc-mains=33000|usbc-therm-adc=330|max77779fg=29400|LITTLE=35000|soc=1|smpl_gm=0|vdroop1=0|batoilo=0|batoilo2=0|batt_vs=29400|mdis_morepower=0|thb_hda=51|cp_on_chip_0=34000|cp_on_chip_1=36000|G3D=34000|cp_on_chip_2=36000|cp_on_chip_3=33000|cp_on_chip_4=34000|rf2_therm=31000|rf1_therm=32000|ISP=34000|TPU=35000|AUR=34000|rfpa_therm=30481|quiet_therm=31104|charging_therm=32818|,ok,39000,37000,0,37000,1,batched,touched,4096,2048,5,1,4099406,2048,707112,0,4,4,ok
1,24,nvhe,4,2130000,578000,36000,37000,BIG=35000|MID=36000|usb_pwr_therm=29346|btmspkr_therm=29257|disp_therm=29235|north_therm=29657|soc_therm=32996|battery=29400|battery_cycle=5|dc-mains=33000|usbc-therm-adc=330|max77779fg=29400|LITTLE=35000|soc=1|smpl_gm=0|vdroop1=0|batoilo=0|batoilo2=0|batt_vs=29400|mdis_morepower=0|thb_hda=51|cp_on_chip_0=34000|cp_on_chip_1=36000|G3D=34000|cp_on_chip_2=36000|cp_on_chip_3=33000|cp_on_chip_4=34000|rf2_therm=31000|rf1_therm=32000|ISP=33000|TPU=34000|AUR=34000|rfpa_therm=30481|quiet_therm=31104|charging_therm=32818|,BIG=35000|MID=36000|usb_pwr_therm=29346|btmspkr_therm=29257|disp_therm=29235|north_therm=29657|soc_therm=32996|battery=29400|battery_cycle=5|dc-mains=33000|usbc-therm-adc=330|max77779fg=29400|LITTLE=35000|soc=1|smpl_gm=0|vdroop1=0|batoilo=0|batoilo2=0|batt_vs=29400|mdis_morepower=0|thb_hda=51|cp_on_chip_0=34000|cp_on_chip_1=36000|G3D=34000|cp_on_chip_2=36000|cp_on_chip_3=33000|cp_on_chip_4=34000|rf2_therm=31000|rf1_therm=32000|ISP=34000|TPU=35000|AUR=34000|rfpa_therm=30481|quiet_therm=31104|charging_therm=32818|,ok,39000,37000,0,37000,1,batched,touched,4096,2048,6,1,4330769,2048,628621,0,4,4,ok
1,24,nvhe,4,2130000,578000,36000,37000,BIG=35000|MID=36000|usb_pwr_therm=29346|btmspkr_therm=29257|disp_therm=29235|north_therm=29657|soc_therm=32996|battery=29400|battery_cycle=5|dc-mains=33000|usbc-therm-adc=330|max77779fg=29400|LITTLE=35000|soc=1|smpl_gm=0|vdroop1=0|batoilo=0|batoilo2=0|batt_vs=29400|mdis_morepower=0|thb_hda=51|cp_on_chip_0=34000|cp_on_chip_1=36000|G3D=34000|cp_on_chip_2=36000|cp_on_chip_3=33000|cp_on_chip_4=34000|rf2_therm=31000|rf1_therm=32000|ISP=33000|TPU=34000|AUR=34000|rfpa_therm=30481|quiet_therm=31104|charging_therm=32818|,BIG=35000|MID=36000|usb_pwr_therm=29346|btmspkr_therm=29257|disp_therm=29235|north_therm=29657|soc_therm=32996|battery=29400|battery_cycle=5|dc-mains=33000|usbc-therm-adc=330|max77779fg=29400|LITTLE=35000|soc=1|smpl_gm=0|vdroop1=0|batoilo=0|batoilo2=0|batt_vs=29400|mdis_morepower=0|thb_hda=51|cp_on_chip_0=34000|cp_on_chip_1=36000|G3D=34000|cp_on_chip_2=36000|cp_on_chip_3=33000|cp_on_chip_4=34000|rf2_therm=31000|rf1_therm=32000|ISP=34000|TPU=35000|AUR=34000|rfpa_therm=30481|quiet_therm=31104|charging_therm=32818|,ok,39000,37000,0,37000,1,batched,touched,4096,2048,7,1,4014892,2048,608236,0,4,4,ok
1,24,nvhe,4,2130000,578000,36000,37000,BIG=35000|MID=36000|usb_pwr_therm=29346|btmspkr_therm=29257|disp_therm=29235|north_therm=29657|soc_therm=32996|battery=29400|battery_cycle=5|dc-mains=33000|usbc-therm-adc=330|max77779fg=29400|LITTLE=35000|soc=1|smpl_gm=0|vdroop1=0|batoilo=0|batoilo2=0|batt_vs=29400|mdis_morepower=0|thb_hda=51|cp_on_chip_0=34000|cp_on_chip_1=36000|G3D=34000|cp_on_chip_2=36000|cp_on_chip_3=33000|cp_on_chip_4=34000|rf2_therm=31000|rf1_therm=32000|ISP=33000|TPU=34000|AUR=34000|rfpa_therm=30481|quiet_therm=31104|charging_therm=32818|,BIG=35000|MID=36000|usb_pwr_therm=29346|btmspkr_therm=29257|disp_therm=29235|north_therm=29657|soc_therm=32996|battery=29400|battery_cycle=5|dc-mains=33000|usbc-therm-adc=330|max77779fg=29400|LITTLE=35000|soc=1|smpl_gm=0|vdroop1=0|batoilo=0|batoilo2=0|batt_vs=29400|mdis_morepower=0|thb_hda=51|cp_on_chip_0=34000|cp_on_chip_1=36000|G3D=34000|cp_on_chip_2=36000|cp_on_chip_3=33000|cp_on_chip_4=34000|rf2_therm=31000|rf1_therm=32000|ISP=34000|TPU=35000|AUR=34000|rfpa_therm=30481|quiet_therm=31104|charging_therm=32818|,ok,39000,37000,0,37000,1,batched,touched,4096,2048,8,1,3691569,2048,590983,0,4,4,ok
1,24,nvhe,4,2130000,578000,36000,37000,BIG=35000|MID=36000|usb_pwr_therm=29346|btmspkr_therm=29257|disp_therm=29235|north_therm=29657|soc_therm=32996|battery=29400|battery_cycle=5|dc-mains=33000|usbc-therm-adc=330|max77779fg=29400|LITTLE=35000|soc=1|smpl_gm=0|vdroop1=0|batoilo=0|batoilo2=0|batt_vs=29400|mdis_morepower=0|thb_hda=51|cp_on_chip_0=34000|cp_on_chip_1=36000|G3D=34000|cp_on_chip_2=36000|cp_on_chip_3=33000|cp_on_chip_4=34000|rf2_therm=31000|rf1_therm=32000|ISP=33000|TPU=34000|AUR=34000|rfpa_therm=30481|quiet_therm=31104|charging_therm=32818|,BIG=35000|MID=36000|usb_pwr_therm=29346|btmspkr_therm=29257|disp_therm=29235|north_therm=29657|soc_therm=32996|battery=29400|battery_cycle=5|dc-mains=33000|usbc-therm-adc=330|max77779fg=29400|LITTLE=35000|soc=1|smpl_gm=0|vdroop1=0|batoilo=0|batoilo2=0|batt_vs=29400|mdis_morepower=0|thb_hda=51|cp_on_chip_0=34000|cp_on_chip_1=36000|G3D=34000|cp_on_chip_2=36000|cp_on_chip_3=33000|cp_on_chip_4=34000|rf2_therm=31000|rf1_therm=32000|ISP=34000|TPU=35000|AUR=34000|rfpa_therm=30481|quiet_therm=31104|charging_therm=32818|,ok,39000,37000,0,37000,1,batched,touched,4096,2048,9,1,3425862,2048,528849,0,4,4,ok
1,24,nvhe,4,2130000,578000,36000,37000,BIG=35000|MID=36000|usb_pwr_therm=29346|btmspkr_therm=29257|disp_therm=29235|north_therm=29657|soc_therm=32996|battery=29400|battery_cycle=5|dc-mains=33000|usbc-therm-adc=330|max77779fg=29400|LITTLE=35000|soc=1|smpl_gm=0|vdroop1=0|batoilo=0|batoilo2=0|batt_vs=29400|mdis_morepower=0|thb_hda=51|cp_on_chip_0=34000|cp_on_chip_1=36000|G3D=34000|cp_on_chip_2=36000|cp_on_chip_3=33000|cp_on_chip_4=34000|rf2_therm=31000|rf1_therm=32000|ISP=33000|TPU=34000|AUR=34000|rfpa_therm=30481|quiet_therm=31104|charging_therm=32818|,BIG=35000|MID=36000|usb_pwr_therm=29346|btmspkr_therm=29257|disp_therm=29235|north_therm=29657|soc_therm=32996|battery=29400|battery_cycle=5|dc-mains=33000|usbc-therm-adc=330|max77779fg=29400|LITTLE=35000|soc=1|smpl_gm=0|vdroop1=0|batoilo=0|batoilo2=0|batt_vs=29400|mdis_morepower=0|thb_hda=51|cp_on_chip_0=34000|cp_on_chip_1=36000|G3D=34000|cp_on_chip_2=36000|cp_on_chip_3=33000|cp_on_chip_4=34000|rf2_therm=31000|rf1_therm=32000|ISP=34000|TPU=35000|AUR=34000|rfpa_therm=30481|quiet_therm=31104|charging_therm=32818|,ok,39000,37000,0,37000,1,batched,touched,4096,2048,10,1,3363322,2048,599650,0,4,4,ok
1,24,nvhe,4,2130000,578000,36000,37000,BIG=35000|MID=36000|usb_pwr_therm=29346|btmspkr_therm=29257|disp_therm=29235|north_therm=29657|soc_therm=32996|battery=29400|battery_cycle=5|dc-mains=33000|usbc-therm-adc=330|max77779fg=29400|LITTLE=35000|soc=1|smpl_gm=0|vdroop1=0|batoilo=0|batoilo2=0|batt_vs=29400|mdis_morepower=0|thb_hda=51|cp_on_chip_0=34000|cp_on_chip_1=36000|G3D=34000|cp_on_chip_2=36000|cp_on_chip_3=33000|cp_on_chip_4=34000|rf2_therm=31000|rf1_therm=32000|ISP=33000|TPU=34000|AUR=34000|rfpa_therm=30481|quiet_therm=31104|charging_therm=32818|,BIG=35000|MID=36000|usb_pwr_therm=29346|btmspkr_therm=29257|disp_therm=29235|north_therm=29657|soc_therm=32996|battery=29400|battery_cycle=5|dc-mains=33000|usbc-therm-adc=330|max77779fg=29400|LITTLE=35000|soc=1|smpl_gm=0|vdroop1=0|batoilo=0|batoilo2=0|batt_vs=29400|mdis_morepower=0|thb_hda=51|cp_on_chip_0=34000|cp_on_chip_1=36000|G3D=34000|cp_on_chip_2=36000|cp_on_chip_3=33000|cp_on_chip_4=34000|rf2_therm=31000|rf1_therm=32000|ISP=34000|TPU=35000|AUR=34000|rfpa_therm=30481|quiet_therm=31104|charging_therm=32818|,ok,39000,37000,0,37000,1,batched,touched,4096,2048,11,1,3330810,2048,474162,0,4,4,ok
1,24,nvhe,4,2130000,578000,36000,37000,BIG=35000|MID=36000|usb_pwr_therm=29346|btmspkr_therm=29257|disp_therm=29235|north_therm=29657|soc_therm=32996|battery=29400|battery_cycle=5|dc-mains=33000|usbc-therm-adc=330|max77779fg=29400|LITTLE=35000|soc=1|smpl_gm=0|vdroop1=0|batoilo=0|batoilo2=0|batt_vs=29400|mdis_morepower=0|thb_hda=51|cp_on_chip_0=34000|cp_on_chip_1=36000|G3D=34000|cp_on_chip_2=36000|cp_on_chip_3=33000|cp_on_chip_4=34000|rf2_therm=31000|rf1_therm=32000|ISP=33000|TPU=34000|AUR=34000|rfpa_therm=30481|quiet_therm=31104|charging_therm=32818|,BIG=35000|MID=36000|usb_pwr_therm=29346|btmspkr_therm=29257|disp_therm=29235|north_therm=29657|soc_therm=32996|battery=29400|battery_cycle=5|dc-mains=33000|usbc-therm-adc=330|max77779fg=29400|LITTLE=35000|soc=1|smpl_gm=0|vdroop1=0|batoilo=0|batoilo2=0|batt_vs=29400|mdis_morepower=0|thb_hda=51|cp_on_chip_0=34000|cp_on_chip_1=36000|G3D=34000|cp_on_chip_2=36000|cp_on_chip_3=33000|cp_on_chip_4=34000|rf2_therm=31000|rf1_therm=32000|ISP=34000|TPU=35000|AUR=34000|rfpa_therm=30481|quiet_therm=31104|charging_therm=32818|,ok,39000,37000,0,37000,1,batched,touched,4096,2048,12,1,3059570,2048,461996,0,4,4,ok
1,24,nvhe,4,2130000,578000,36000,37000,BIG=35000|MID=36000|usb_pwr_therm=29346|btmspkr_therm=29257|disp_therm=29235|north_therm=29657|soc_therm=32996|battery=29400|battery_cycle=5|dc-mains=33000|usbc-therm-adc=330|max77779fg=29400|LITTLE=35000|soc=1|smpl_gm=0|vdroop1=0|batoilo=0|batoilo2=0|batt_vs=29400|mdis_morepower=0|thb_hda=51|cp_on_chip_0=34000|cp_on_chip_1=36000|G3D=34000|cp_on_chip_2=36000|cp_on_chip_3=33000|cp_on_chip_4=34000|rf2_therm=31000|rf1_therm=32000|ISP=33000|TPU=34000|AUR=34000|rfpa_therm=30481|quiet_therm=31104|charging_therm=32818|,BIG=35000|MID=36000|usb_pwr_therm=29346|btmspkr_therm=29257|disp_therm=29235|north_therm=29657|soc_therm=32996|battery=29400|battery_cycle=5|dc-mains=33000|usbc-therm-adc=330|max77779fg=29400|LITTLE=35000|soc=1|smpl_gm=0|vdroop1=0|batoilo=0|batoilo2=0|batt_vs=29400|mdis_morepower=0|thb_hda=51|cp_on_chip_0=34000|cp_on_chip_1=36000|G3D=34000|cp_on_chip_2=36000|cp_on_chip_3=33000|cp_on_chip_4=34000|rf2_therm=31000|rf1_therm=32000|ISP=34000|TPU=35000|AUR=34000|rfpa_therm=30481|quiet_therm=31104|charging_therm=32818|,ok,39000,37000,0,37000,1,batched,touched,4096,2048,13,1,3013428,2048,460856,0,4,4,ok
1,24,nvhe,4,2130000,578000,36000,37000,BIG=35000|MID=36000|usb_pwr_therm=29346|btmspkr_therm=29257|disp_therm=29235|north_therm=29657|soc_therm=32996|battery=29400|battery_cycle=5|dc-mains=33000|usbc-therm-adc=330|max77779fg=29400|LITTLE=35000|soc=1|smpl_gm=0|vdroop1=0|batoilo=0|batoilo2=0|batt_vs=29400|mdis_morepower=0|thb_hda=51|cp_on_chip_0=34000|cp_on_chip_1=36000|G3D=34000|cp_on_chip_2=36000|cp_on_chip_3=33000|cp_on_chip_4=34000|rf2_therm=31000|rf1_therm=32000|ISP=33000|TPU=34000|AUR=34000|rfpa_therm=30481|quiet_therm=31104|charging_therm=32818|,BIG=35000|MID=36000|usb_pwr_therm=29346|btmspkr_therm=29257|disp_therm=29235|north_therm=29657|soc_therm=32996|battery=29400|battery_cycle=5|dc-mains=33000|usbc-therm-adc=330|max77779fg=29400|LITTLE=35000|soc=1|smpl_gm=0|vdroop1=0|batoilo=0|batoilo2=0|batt_vs=29400|mdis_morepower=0|thb_hda=51|cp_on_chip_0=34000|cp_on_chip_1=36000|G3D=34000|cp_on_chip_2=36000|cp_on_chip_3=33000|cp_on_chip_4=34000|rf2_therm=31000|rf1_therm=32000|ISP=34000|TPU=35000|AUR=34000|rfpa_therm=30481|quiet_therm=31104|charging_therm=32818|,ok,39000,37000,0,37000,1,batched,touched,4096,2048,14,1,3122599,2048,461710,0,4,4,ok
1,24,nvhe,4,2130000,578000,36000,37000,BIG=35000|MID=36000|usb_pwr_therm=29346|btmspkr_therm=29257|disp_therm=29235|north_therm=29657|soc_therm=32996|battery=29400|battery_cycle=5|dc-mains=33000|usbc-therm-adc=330|max77779fg=29400|LITTLE=35000|soc=1|smpl_gm=0|vdroop1=0|batoilo=0|batoilo2=0|batt_vs=29400|mdis_morepower=0|thb_hda=51|cp_on_chip_0=34000|cp_on_chip_1=36000|G3D=34000|cp_on_chip_2=36000|cp_on_chip_3=33000|cp_on_chip_4=34000|rf2_therm=31000|rf1_therm=32000|ISP=33000|TPU=34000|AUR=34000|rfpa_therm=30481|quiet_therm=31104|charging_therm=32818|,BIG=35000|MID=36000|usb_pwr_therm=29346|btmspkr_therm=29257|disp_therm=29235|north_therm=29657|soc_therm=32996|battery=29400|battery_cycle=5|dc-mains=33000|usbc-therm-adc=330|max77779fg=29400|LITTLE=35000|soc=1|smpl_gm=0|vdroop1=0|batoilo=0|batoilo2=0|batt_vs=29400|mdis_morepower=0|thb_hda=51|cp_on_chip_0=34000|cp_on_chip_1=36000|G3D=34000|cp_on_chip_2=36000|cp_on_chip_3=33000|cp_on_chip_4=34000|rf2_therm=31000|rf1_therm=32000|ISP=34000|TPU=35000|AUR=34000|rfpa_therm=30481|quiet_therm=31104|charging_therm=32818|,ok,39000,37000,0,37000,1,batched,touched,4096,2048,15,1,2854411,2048,462890,0,4,4,ok
1,24,nvhe,4,2130000,578000,36000,37000,BIG=35000|MID=36000|usb_pwr_therm=29346|btmspkr_therm=29257|disp_therm=29235|north_therm=29657|soc_therm=32996|battery=29400|battery_cycle=5|dc-mains=33000|usbc-therm-adc=330|max77779fg=29400|LITTLE=35000|soc=1|smpl_gm=0|vdroop1=0|batoilo=0|batoilo2=0|batt_vs=29400|mdis_morepower=0|thb_hda=51|cp_on_chip_0=34000|cp_on_chip_1=36000|G3D=34000|cp_on_chip_2=36000|cp_on_chip_3=33000|cp_on_chip_4=34000|rf2_therm=31000|rf1_therm=32000|ISP=33000|TPU=34000|AUR=34000|rfpa_therm=30481|quiet_therm=31104|charging_therm=32818|,BIG=35000|MID=36000|usb_pwr_therm=29346|btmspkr_therm=29257|disp_therm=29235|north_therm=29657|soc_therm=32996|battery=29400|battery_cycle=5|dc-mains=33000|usbc-therm-adc=330|max77779fg=29400|LITTLE=35000|soc=1|smpl_gm=0|vdroop1=0|batoilo=0|batoilo2=0|batt_vs=29400|mdis_morepower=0|thb_hda=51|cp_on_chip_0=34000|cp_on_chip_1=36000|G3D=34000|cp_on_chip_2=36000|cp_on_chip_3=33000|cp_on_chip_4=34000|rf2_therm=31000|rf1_therm=32000|ISP=34000|TPU=35000|AUR=34000|rfpa_therm=30481|quiet_therm=31104|charging_therm=32818|,ok,39000,37000,0,37000,1,batched,touched,4096,2048,16,1,2877319,2048,400553,0,4,4,ok
1,24,nvhe,4,2130000,578000,36000,37000,BIG=35000|MID=36000|usb_pwr_therm=29346|btmspkr_therm=29257|disp_therm=29235|north_therm=29657|soc_therm=32996|battery=29400|battery_cycle=5|dc-mains=33000|usbc-therm-adc=330|max77779fg=29400|LITTLE=35000|soc=1|smpl_gm=0|vdroop1=0|batoilo=0|batoilo2=0|batt_vs=29400|mdis_morepower=0|thb_hda=51|cp_on_chip_0=34000|cp_on_chip_1=36000|G3D=34000|cp_on_chip_2=36000|cp_on_chip_3=33000|cp_on_chip_4=34000|rf2_therm=31000|rf1_therm=32000|ISP=33000|TPU=34000|AUR=34000|rfpa_therm=30481|quiet_therm=31104|charging_therm=32818|,BIG=35000|MID=36000|usb_pwr_therm=29346|btmspkr_therm=29257|disp_therm=29235|north_therm=29657|soc_therm=32996|battery=29400|battery_cycle=5|dc-mains=33000|usbc-therm-adc=330|max77779fg=29400|LITTLE=35000|soc=1|smpl_gm=0|vdroop1=0|batoilo=0|batoilo2=0|batt_vs=29400|mdis_morepower=0|thb_hda=51|cp_on_chip_0=34000|cp_on_chip_1=36000|G3D=34000|cp_on_chip_2=36000|cp_on_chip_3=33000|cp_on_chip_4=34000|rf2_therm=31000|rf1_therm=32000|ISP=34000|TPU=35000|AUR=34000|rfpa_therm=30481|quiet_therm=31104|charging_therm=32818|,ok,39000,37000,0,37000,1,batched,touched,4096,2048,17,1,2831625,2048,371989,0,4,4,ok
1,24,nvhe,4,2130000,578000,36000,37000,BIG=35000|MID=36000|usb_pwr_therm=29346|btmspkr_therm=29257|disp_therm=29235|north_therm=29657|soc_therm=32996|battery=29400|battery_cycle=5|dc-mains=33000|usbc-therm-adc=330|max77779fg=29400|LITTLE=35000|soc=1|smpl_gm=0|vdroop1=0|batoilo=0|batoilo2=0|batt_vs=29400|mdis_morepower=0|thb_hda=51|cp_on_chip_0=34000|cp_on_chip_1=36000|G3D=34000|cp_on_chip_2=36000|cp_on_chip_3=33000|cp_on_chip_4=34000|rf2_therm=31000|rf1_therm=32000|ISP=33000|TPU=34000|AUR=34000|rfpa_therm=30481|quiet_therm=31104|charging_therm=32818|,BIG=35000|MID=36000|usb_pwr_therm=29346|btmspkr_therm=29257|disp_therm=29235|north_therm=29657|soc_therm=32996|battery=29400|battery_cycle=5|dc-mains=33000|usbc-therm-adc=330|max77779fg=29400|LITTLE=35000|soc=1|smpl_gm=0|vdroop1=0|batoilo=0|batoilo2=0|batt_vs=29400|mdis_morepower=0|thb_hda=51|cp_on_chip_0=34000|cp_on_chip_1=36000|G3D=34000|cp_on_chip_2=36000|cp_on_chip_3=33000|cp_on_chip_4=34000|rf2_therm=31000|rf1_therm=32000|ISP=34000|TPU=35000|AUR=34000|rfpa_therm=30481|quiet_therm=31104|charging_therm=32818|,ok,39000,37000,0,37000,1,batched,touched,4096,2048,18,1,2406820,2048,317709,0,4,4,ok
1,24,nvhe,4,2130000,578000,36000,37000,BIG=35000|MID=36000|usb_pwr_therm=29346|btmspkr_therm=29257|disp_therm=29235|north_therm=29657|soc_therm=32996|battery=29400|battery_cycle=5|dc-mains=33000|usbc-therm-adc=330|max77779fg=29400|LITTLE=35000|soc=1|smpl_gm=0|vdroop1=0|batoilo=0|batoilo2=0|batt_vs=29400|mdis_morepower=0|thb_hda=51|cp_on_chip_0=34000|cp_on_chip_1=36000|G3D=34000|cp_on_chip_2=36000|cp_on_chip_3=33000|cp_on_chip_4=34000|rf2_therm=31000|rf1_therm=32000|ISP=33000|TPU=34000|AUR=34000|rfpa_therm=30481|quiet_therm=31104|charging_therm=32818|,BIG=35000|MID=36000|usb_pwr_therm=29346|btmspkr_therm=29257|disp_therm=29235|north_therm=29657|soc_therm=32996|battery=29400|battery_cycle=5|dc-mains=33000|usbc-therm-adc=330|max77779fg=29400|LITTLE=35000|soc=1|smpl_gm=0|vdroop1=0|batoilo=0|batoilo2=0|batt_vs=29400|mdis_morepower=0|thb_hda=51|cp_on_chip_0=34000|cp_on_chip_1=36000|G3D=34000|cp_on_chip_2=36000|cp_on_chip_3=33000|cp_on_chip_4=34000|rf2_therm=31000|rf1_therm=32000|ISP=34000|TPU=35000|AUR=34000|rfpa_therm=30481|quiet_therm=31104|charging_therm=32818|,ok,39000,37000,0,37000,1,batched,touched,4096,2048,19,1,2240031,2048,420411,0,4,4,ok
1,24,nvhe,4,2130000,578000,36000,37000,BIG=35000|MID=36000|usb_pwr_therm=29346|btmspkr_therm=29257|disp_therm=29235|north_therm=29657|soc_therm=32996|battery=29400|battery_cycle=5|dc-mains=33000|usbc-therm-adc=330|max77779fg=29400|LITTLE=35000|soc=1|smpl_gm=0|vdroop1=0|batoilo=0|batoilo2=0|batt_vs=29400|mdis_morepower=0|thb_hda=51|cp_on_chip_0=34000|cp_on_chip_1=36000|G3D=34000|cp_on_chip_2=36000|cp_on_chip_3=33000|cp_on_chip_4=34000|rf2_therm=31000|rf1_therm=32000|ISP=33000|TPU=34000|AUR=34000|rfpa_therm=30481|quiet_therm=31104|charging_therm=32818|,BIG=35000|MID=36000|usb_pwr_therm=29346|btmspkr_therm=29257|disp_therm=29235|north_therm=29657|soc_therm=32996|battery=29400|battery_cycle=5|dc-mains=33000|usbc-therm-adc=330|max77779fg=29400|LITTLE=35000|soc=1|smpl_gm=0|vdroop1=0|batoilo=0|batoilo2=0|batt_vs=29400|mdis_morepower=0|thb_hda=51|cp_on_chip_0=34000|cp_on_chip_1=36000|G3D=34000|cp_on_chip_2=36000|cp_on_chip_3=33000|cp_on_chip_4=34000|rf2_therm=31000|rf1_therm=32000|ISP=34000|TPU=35000|AUR=34000|rfpa_therm=30481|quiet_therm=31104|charging_therm=32818|,ok,39000,37000,0,37000,1,batched,touched,4096,2048,20,1,2206381,2048,310262,0,4,4,ok
1,24,nvhe,4,2130000,578000,36000,37000,BIG=35000|MID=36000|usb_pwr_therm=29346|btmspkr_therm=29257|disp_therm=29235|north_therm=29657|soc_therm=32996|battery=29400|battery_cycle=5|dc-mains=33000|usbc-therm-adc=330|max77779fg=29400|LITTLE=35000|soc=1|smpl_gm=0|vdroop1=0|batoilo=0|batoilo2=0|batt_vs=29400|mdis_morepower=0|thb_hda=51|cp_on_chip_0=34000|cp_on_chip_1=36000|G3D=34000|cp_on_chip_2=36000|cp_on_chip_3=33000|cp_on_chip_4=34000|rf2_therm=31000|rf1_therm=32000|ISP=33000|TPU=34000|AUR=34000|rfpa_therm=30481|quiet_therm=31104|charging_therm=32818|,BIG=35000|MID=36000|usb_pwr_therm=29346|btmspkr_therm=29257|disp_therm=29235|north_therm=29657|soc_therm=32996|battery=29400|battery_cycle=5|dc-mains=33000|usbc-therm-adc=330|max77779fg=29400|LITTLE=35000|soc=1|smpl_gm=0|vdroop1=0|batoilo=0|batoilo2=0|batt_vs=29400|mdis_morepower=0|thb_hda=51|cp_on_chip_0=34000|cp_on_chip_1=36000|G3D=34000|cp_on_chip_2=36000|cp_on_chip_3=33000|cp_on_chip_4=34000|rf2_therm=31000|rf1_therm=32000|ISP=34000|TPU=35000|AUR=34000|rfpa_therm=30481|quiet_therm=31104|charging_therm=32818|,ok,39000,37000,0,37000,1,batched,touched,4096,2048,21,1,2248739,2048,296102,0,4,4,ok
1,24,nvhe,4,2130000,578000,36000,37000,BIG=35000|MID=36000|usb_pwr_therm=29346|btmspkr_therm=29257|disp_therm=29235|north_therm=29657|soc_therm=32996|battery=29400|battery_cycle=5|dc-mains=33000|usbc-therm-adc=330|max77779fg=29400|LITTLE=35000|soc=1|smpl_gm=0|vdroop1=0|batoilo=0|batoilo2=0|batt_vs=29400|mdis_morepower=0|thb_hda=51|cp_on_chip_0=34000|cp_on_chip_1=36000|G3D=34000|cp_on_chip_2=36000|cp_on_chip_3=33000|cp_on_chip_4=34000|rf2_therm=31000|rf1_therm=32000|ISP=33000|TPU=34000|AUR=34000|rfpa_therm=30481|quiet_therm=31104|charging_therm=32818|,BIG=35000|MID=36000|usb_pwr_therm=29346|btmspkr_therm=29257|disp_therm=29235|north_therm=29657|soc_therm=32996|battery=29400|battery_cycle=5|dc-mains=33000|usbc-therm-adc=330|max77779fg=29400|LITTLE=35000|soc=1|smpl_gm=0|vdroop1=0|batoilo=0|batoilo2=0|batt_vs=29400|mdis_morepower=0|thb_hda=51|cp_on_chip_0=34000|cp_on_chip_1=36000|G3D=34000|cp_on_chip_2=36000|cp_on_chip_3=33000|cp_on_chip_4=34000|rf2_therm=31000|rf1_therm=32000|ISP=34000|TPU=35000|AUR=34000|rfpa_therm=30481|quiet_therm=31104|charging_therm=32818|,ok,39000,37000,0,37000,1,batched,touched,4096,2048,22,1,2106731,2048,290364,0,4,4,ok
1,24,nvhe,4,2130000,578000,36000,37000,BIG=35000|MID=36000|usb_pwr_therm=29346|btmspkr_therm=29257|disp_therm=29235|north_therm=29657|soc_therm=32996|battery=29400|battery_cycle=5|dc-mains=33000|usbc-therm-adc=330|max77779fg=29400|LITTLE=35000|soc=1|smpl_gm=0|vdroop1=0|batoilo=0|batoilo2=0|batt_vs=29400|mdis_morepower=0|thb_hda=51|cp_on_chip_0=34000|cp_on_chip_1=36000|G3D=34000|cp_on_chip_2=36000|cp_on_chip_3=33000|cp_on_chip_4=34000|rf2_therm=31000|rf1_therm=32000|ISP=33000|TPU=34000|AUR=34000|rfpa_therm=30481|quiet_therm=31104|charging_therm=32818|,BIG=35000|MID=36000|usb_pwr_therm=29346|btmspkr_therm=29257|disp_therm=29235|north_therm=29657|soc_therm=32996|battery=29400|battery_cycle=5|dc-mains=33000|usbc-therm-adc=330|max77779fg=29400|LITTLE=35000|soc=1|smpl_gm=0|vdroop1=0|batoilo=0|batoilo2=0|batt_vs=29400|mdis_morepower=0|thb_hda=51|cp_on_chip_0=34000|cp_on_chip_1=36000|G3D=34000|cp_on_chip_2=36000|cp_on_chip_3=33000|cp_on_chip_4=34000|rf2_therm=31000|rf1_therm=32000|ISP=34000|TPU=35000|AUR=34000|rfpa_therm=30481|quiet_therm=31104|charging_therm=32818|,ok,39000,37000,0,37000,1,batched,touched,4096,2048,23,1,2152791,2048,323080,0,4,4,ok
1,24,nvhe,4,2130000,578000,36000,37000,BIG=35000|MID=36000|usb_pwr_therm=29346|btmspkr_therm=29257|disp_therm=29235|north_therm=29657|soc_therm=32996|battery=29400|battery_cycle=5|dc-mains=33000|usbc-therm-adc=330|max77779fg=29400|LITTLE=35000|soc=1|smpl_gm=0|vdroop1=0|batoilo=0|batoilo2=0|batt_vs=29400|mdis_morepower=0|thb_hda=51|cp_on_chip_0=34000|cp_on_chip_1=36000|G3D=34000|cp_on_chip_2=36000|cp_on_chip_3=33000|cp_on_chip_4=34000|rf2_therm=31000|rf1_therm=32000|ISP=33000|TPU=34000|AUR=34000|rfpa_therm=30481|quiet_therm=31104|charging_therm=32818|,BIG=35000|MID=36000|usb_pwr_therm=29346|btmspkr_therm=29257|disp_therm=29235|north_therm=29657|soc_therm=32996|battery=29400|battery_cycle=5|dc-mains=33000|usbc-therm-adc=330|max77779fg=29400|LITTLE=35000|soc=1|smpl_gm=0|vdroop1=0|batoilo=0|batoilo2=0|batt_vs=29400|mdis_morepower=0|thb_hda=51|cp_on_chip_0=34000|cp_on_chip_1=36000|G3D=34000|cp_on_chip_2=36000|cp_on_chip_3=33000|cp_on_chip_4=34000|rf2_therm=31000|rf1_therm=32000|ISP=34000|TPU=35000|AUR=34000|rfpa_therm=30481|quiet_therm=31104|charging_therm=32818|,ok,39000,37000,0,37000,1,batched,touched,4096,2048,24,1,2142415,2048,290202,0,4,4,ok
1,24,nvhe,4,2130000,578000,36000,37000,BIG=35000|MID=36000|usb_pwr_therm=29346|btmspkr_therm=29257|disp_therm=29235|north_therm=29657|soc_therm=32996|battery=29400|battery_cycle=5|dc-mains=33000|usbc-therm-adc=330|max77779fg=29400|LITTLE=35000|soc=1|smpl_gm=0|vdroop1=0|batoilo=0|batoilo2=0|batt_vs=29400|mdis_morepower=0|thb_hda=51|cp_on_chip_0=34000|cp_on_chip_1=36000|G3D=34000|cp_on_chip_2=36000|cp_on_chip_3=33000|cp_on_chip_4=34000|rf2_therm=31000|rf1_therm=32000|ISP=33000|TPU=34000|AUR=34000|rfpa_therm=30481|quiet_therm=31104|charging_therm=32818|,BIG=35000|MID=36000|usb_pwr_therm=29346|btmspkr_therm=29257|disp_therm=29235|north_therm=29657|soc_therm=32996|battery=29400|battery_cycle=5|dc-mains=33000|usbc-therm-adc=330|max77779fg=29400|LITTLE=35000|soc=1|smpl_gm=0|vdroop1=0|batoilo=0|batoilo2=0|batt_vs=29400|mdis_morepower=0|thb_hda=51|cp_on_chip_0=34000|cp_on_chip_1=36000|G3D=34000|cp_on_chip_2=36000|cp_on_chip_3=33000|cp_on_chip_4=34000|rf2_therm=31000|rf1_therm=32000|ISP=34000|TPU=35000|AUR=34000|rfpa_therm=30481|quiet_therm=31104|charging_therm=32818|,ok,39000,37000,0,37000,1,batched,touched,4096,2048,25,1,2046387,2048,273316,0,4,4,ok
1,24,nvhe,4,2130000,578000,36000,37000,BIG=35000|MID=36000|usb_pwr_therm=29346|btmspkr_therm=29257|disp_therm=29235|north_therm=29657|soc_therm=32996|battery=29400|battery_cycle=5|dc-mains=33000|usbc-therm-adc=330|max77779fg=29400|LITTLE=35000|soc=1|smpl_gm=0|vdroop1=0|batoilo=0|batoilo2=0|batt_vs=29400|mdis_morepower=0|thb_hda=51|cp_on_chip_0=34000|cp_on_chip_1=36000|G3D=34000|cp_on_chip_2=36000|cp_on_chip_3=33000|cp_on_chip_4=34000|rf2_therm=31000|rf1_therm=32000|ISP=33000|TPU=34000|AUR=34000|rfpa_therm=30481|quiet_therm=31104|charging_therm=32818|,BIG=35000|MID=36000|usb_pwr_therm=29346|btmspkr_therm=29257|disp_therm=29235|north_therm=29657|soc_therm=32996|battery=29400|battery_cycle=5|dc-mains=33000|usbc-therm-adc=330|max77779fg=29400|LITTLE=35000|soc=1|smpl_gm=0|vdroop1=0|batoilo=0|batoilo2=0|batt_vs=29400|mdis_morepower=0|thb_hda=51|cp_on_chip_0=34000|cp_on_chip_1=36000|G3D=34000|cp_on_chip_2=36000|cp_on_chip_3=33000|cp_on_chip_4=34000|rf2_therm=31000|rf1_therm=32000|ISP=34000|TPU=35000|AUR=34000|rfpa_therm=30481|quiet_therm=31104|charging_therm=32818|,ok,39000,37000,0,37000,1,batched,touched,4096,2048,26,1,2007161,2048,252441,0,4,4,ok
1,24,nvhe,4,2130000,578000,36000,37000,BIG=35000|MID=36000|usb_pwr_therm=29346|btmspkr_therm=29257|disp_therm=29235|north_therm=29657|soc_therm=32996|battery=29400|battery_cycle=5|dc-mains=33000|usbc-therm-adc=330|max77779fg=29400|LITTLE=35000|soc=1|smpl_gm=0|vdroop1=0|batoilo=0|batoilo2=0|batt_vs=29400|mdis_morepower=0|thb_hda=51|cp_on_chip_0=34000|cp_on_chip_1=36000|G3D=34000|cp_on_chip_2=36000|cp_on_chip_3=33000|cp_on_chip_4=34000|rf2_therm=31000|rf1_therm=32000|ISP=33000|TPU=34000|AUR=34000|rfpa_therm=30481|quiet_therm=31104|charging_therm=32818|,BIG=35000|MID=36000|usb_pwr_therm=29346|btmspkr_therm=29257|disp_therm=29235|north_therm=29657|soc_therm=32996|battery=29400|battery_cycle=5|dc-mains=33000|usbc-therm-adc=330|max77779fg=29400|LITTLE=35000|soc=1|smpl_gm=0|vdroop1=0|batoilo=0|batoilo2=0|batt_vs=29400|mdis_morepower=0|thb_hda=51|cp_on_chip_0=34000|cp_on_chip_1=36000|G3D=34000|cp_on_chip_2=36000|cp_on_chip_3=33000|cp_on_chip_4=34000|rf2_therm=31000|rf1_therm=32000|ISP=34000|TPU=35000|AUR=34000|rfpa_therm=30481|quiet_therm=31104|charging_therm=32818|,ok,39000,37000,0,37000,1,batched,touched,4096,2048,27,1,1895019,2048,252035,0,4,4,ok
1,24,nvhe,4,2130000,578000,36000,37000,BIG=35000|MID=36000|usb_pwr_therm=29346|btmspkr_therm=29257|disp_therm=29235|north_therm=29657|soc_therm=32996|battery=29400|battery_cycle=5|dc-mains=33000|usbc-therm-adc=330|max77779fg=29400|LITTLE=35000|soc=1|smpl_gm=0|vdroop1=0|batoilo=0|batoilo2=0|batt_vs=29400|mdis_morepower=0|thb_hda=51|cp_on_chip_0=34000|cp_on_chip_1=36000|G3D=34000|cp_on_chip_2=36000|cp_on_chip_3=33000|cp_on_chip_4=34000|rf2_therm=31000|rf1_therm=32000|ISP=33000|TPU=34000|AUR=34000|rfpa_therm=30481|quiet_therm=31104|charging_therm=32818|,BIG=35000|MID=36000|usb_pwr_therm=29346|btmspkr_therm=29257|disp_therm=29235|north_therm=29657|soc_therm=32996|battery=29400|battery_cycle=5|dc-mains=33000|usbc-therm-adc=330|max77779fg=29400|LITTLE=35000|soc=1|smpl_gm=0|vdroop1=0|batoilo=0|batoilo2=0|batt_vs=29400|mdis_morepower=0|thb_hda=51|cp_on_chip_0=34000|cp_on_chip_1=36000|G3D=34000|cp_on_chip_2=36000|cp_on_chip_3=33000|cp_on_chip_4=34000|rf2_therm=31000|rf1_therm=32000|ISP=34000|TPU=35000|AUR=34000|rfpa_therm=30481|quiet_therm=31104|charging_therm=32818|,ok,39000,37000,0,37000,1,batched,touched,4096,2048,28,1,1899455,2048,257935,0,4,4,ok
1,24,nvhe,4,2130000,578000,36000,37000,BIG=35000|MID=36000|usb_pwr_therm=29346|btmspkr_therm=29257|disp_therm=29235|north_therm=29657|soc_therm=32996|battery=29400|battery_cycle=5|dc-mains=33000|usbc-therm-adc=330|max77779fg=29400|LITTLE=35000|soc=1|smpl_gm=0|vdroop1=0|batoilo=0|batoilo2=0|batt_vs=29400|mdis_morepower=0|thb_hda=51|cp_on_chip_0=34000|cp_on_chip_1=36000|G3D=34000|cp_on_chip_2=36000|cp_on_chip_3=33000|cp_on_chip_4=34000|rf2_therm=31000|rf1_therm=32000|ISP=33000|TPU=34000|AUR=34000|rfpa_therm=30481|quiet_therm=31104|charging_therm=32818|,BIG=35000|MID=36000|usb_pwr_therm=29346|btmspkr_therm=29257|disp_therm=29235|north_therm=29657|soc_therm=32996|battery=29400|battery_cycle=5|dc-mains=33000|usbc-therm-adc=330|max77779fg=29400|LITTLE=35000|soc=1|smpl_gm=0|vdroop1=0|batoilo=0|batoilo2=0|batt_vs=29400|mdis_morepower=0|thb_hda=51|cp_on_chip_0=34000|cp_on_chip_1=36000|G3D=34000|cp_on_chip_2=36000|cp_on_chip_3=33000|cp_on_chip_4=34000|rf2_therm=31000|rf1_therm=32000|ISP=34000|TPU=35000|AUR=34000|rfpa_therm=30481|quiet_therm=31104|charging_therm=32818|,ok,39000,37000,0,37000,1,batched,touched,4096,2048,29,1,1896728,2048,250691,0,4,4,ok
